GoalID,Metric Class,Metric Source,Metric Name,Metric Value,Timestamp
fbd88b73726fd05d8e35aee4efe9f252,Localization Quality,AMCLPose,CovYawYaw,0.00147661,577.2
fbd88b73726fd05d8e35aee4efe9f252,Localization Quality,AMCLPose,CovYY,0.00068757,577.2
fbd88b73726fd05d8e35aee4efe9f252,Localization Quality,AMCLPose,CovXX,0.000656789,577.2
fbd88b73726fd05d8e35aee4efe9f252,Localization Quality,AMCLPose,MeanYaw,2.53719,577.2
fbd88b73726fd05d8e35aee4efe9f252,Localization Quality,AMCLPose,MeanY,3.92505,577.2
fbd88b73726fd05d8e35aee4efe9f252,Localization Quality,AMCLPose,MeanX,0.974644,577.2
fbd88b73726fd05d8e35aee4efe9f252,Localization Stability,TF,Jump Angular,-0.000521026,578.2
fbd88b73726fd05d8e35aee4efe9f252,Localization Stability,TF,Jump Linear,0.0133218,578.2
fbd88b73726fd05d8e35aee4efe9f252,Input Validity,Lidar,Lidar Rate,10,577.27
fbd88b73726fd05d8e35aee4efe9f252,Input Validity,Odometry,Odometry Rate,50,577.27
fbd88b73726fd05d8e35aee4efe9f252,Input Validity,TF,TF Rate,10,577.27
fbd88b73726fd05d8e35aee4efe9f252,Input Validity,Lidar,Lidar Rate,10,577.37
fbd88b73726fd05d8e35aee4efe9f252,Input Validity,Odometry,Odometry Rate,50,577.37
fbd88b73726fd05d8e35aee4efe9f252,Input Validity,TF,TF Rate,10,577.37
fbd88b73726fd05d8e35aee4efe9f252,Localization Quality,AMCLPose,CovYawYaw,0.00157718,577.3
fbd88b73726fd05d8e35aee4efe9f252,Localization Quality,AMCLPose,CovYY,0.000872788,577.3
fbd88b73726fd05d8e35aee4efe9f252,Localization Quality,AMCLPose,CovXX,0.00107912,577.3
fbd88b73726fd05d8e35aee4efe9f252,Localization Quality,AMCLPose,MeanYaw,2.65693,577.3
fbd88b73726fd05d8e35aee4efe9f252,Localization Quality,AMCLPose,MeanY,3.92505,577.3
fbd88b73726fd05d8e35aee4efe9f252,Localization Quality,AMCLPose,MeanX,0.974749,577.3
fbd88b73726fd05d8e35aee4efe9f252,Localization Stability,TF,Jump Angular,0.000504313,578.3
fbd88b73726fd05d8e35aee4efe9f252,Localization Stability,TF,Jump Linear,0.0132475,578.3
fbd88b73726fd05d8e35aee4efe9f252,Input Validity,Lidar,Lidar Rate,10,577.47
fbd88b73726fd05d8e35aee4efe9f252,Input Validity,Odometry,Odometry Rate,50,577.47
fbd88b73726fd05d8e35aee4efe9f252,Input Validity,TF,TF Rate,10,577.47
fbd88b73726fd05d8e35aee4efe9f252,Localization Quality,AMCLPose,CovYawYaw,0.00183477,577.4
fbd88b73726fd05d8e35aee4efe9f252,Localization Quality,AMCLPose,CovYY,0.00102325,577.4
fbd88b73726fd05d8e35aee4efe9f252,Localization Quality,AMCLPose,CovXX,0.00167493,577.4
fbd88b73726fd05d8e35aee4efe9f252,Localization Quality,AMCLPose,MeanYaw,2.79167,577.4
fbd88b73726fd05d8e35aee4efe9f252,Localization Quality,AMCLPose,MeanY,3.92541,577.4
fbd88b73726fd05d8e35aee4efe9f252,Localization Quality,AMCLPose,MeanX,0.973462,577.4
fbd88b73726fd05d8e35aee4efe9f252,Localization Stability,TF,Jump Angular,-0.00147189,578.4
fbd88b73726fd05d8e35aee4efe9f252,Localization Stability,TF,Jump Linear,0.0383656,578.4
fbd88b73726fd05d8e35aee4efe9f252,Input Validity,Lidar,Lidar Rate,10,577.57
fbd88b73726fd05d8e35aee4efe9f252,Input Validity,Odometry,Odometry Rate,50,577.57
fbd88b73726fd05d8e35aee4efe9f252,Input Validity,TF,TF Rate,10,577.57
fbd88b73726fd05d8e35aee4efe9f252,Localization Quality,AMCLPose,CovYawYaw,0.00199045,577.5
fbd88b73726fd05d8e35aee4efe9f252,Localization Quality,AMCLPose,CovYY,0.000927847,577.5
fbd88b73726fd05d8e35aee4efe9f252,Localization Quality,AMCLPose,CovXX,0.0022272,577.5
fbd88b73726fd05d8e35aee4efe9f252,Localization Quality,AMCLPose,MeanYaw,2.94679,577.5
fbd88b73726fd05d8e35aee4efe9f252,Localization Quality,AMCLPose,MeanY,3.92341,577.5
fbd88b73726fd05d8e35aee4efe9f252,Localization Quality,AMCLPose,MeanX,0.975339,577.5
fbd88b73726fd05d8e35aee4efe9f252,Localization Stability,TF,Jump Angular,0.00191875,578.5
fbd88b73726fd05d8e35aee4efe9f252,Localization Stability,TF,Jump Linear,0.0485009,578.5
fbd88b73726fd05d8e35aee4efe9f252,Input Validity,Lidar,Lidar Rate,10,577.67
fbd88b73726fd05d8e35aee4efe9f252,Input Validity,Odometry,Odometry Rate,50,577.67
fbd88b73726fd05d8e35aee4efe9f252,Input Validity,TF,TF Rate,10,577.67
fbd88b73726fd05d8e35aee4efe9f252,Localization Quality,AMCLPose,CovYawYaw,0.00233857,577.6
fbd88b73726fd05d8e35aee4efe9f252,Localization Quality,AMCLPose,CovYY,0.000828134,577.6
fbd88b73726fd05d8e35aee4efe9f252,Localization Quality,AMCLPose,CovXX,0.00293687,577.6
fbd88b73726fd05d8e35aee4efe9f252,Localization Quality,AMCLPose,MeanYaw,3.1202,577.6
fbd88b73726fd05d8e35aee4efe9f252,Localization Quality,AMCLPose,MeanY,3.92445,577.6
fbd88b73726fd05d8e35aee4efe9f252,Localization Quality,AMCLPose,MeanX,0.971201,577.6
fbd88b73726fd05d8e35aee4efe9f252,Localization Stability,TF,Jump Angular,0.00323272,578.6
fbd88b73726fd05d8e35aee4efe9f252,Localization Stability,TF,Jump Linear,0.0859407,578.6
fbd88b73726fd05d8e35aee4efe9f252,Localization Quality,AMCLPose,CovYawYaw,0.00265383,577.7
fbd88b73726fd05d8e35aee4efe9f252,Localization Quality,AMCLPose,CovYY,0.000756523,577.7
fbd88b73726fd05d8e35aee4efe9f252,Localization Quality,AMCLPose,CovXX,0.00428491,577.7
fbd88b73726fd05d8e35aee4efe9f252,Localization Quality,AMCLPose,MeanYaw,-2.97386,577.7
fbd88b73726fd05d8e35aee4efe9f252,Localization Quality,AMCLPose,MeanY,3.9225,577.7
fbd88b73726fd05d8e35aee4efe9f252,Localization Quality,AMCLPose,MeanX,0.97173,577.7
fbd88b73726fd05d8e35aee4efe9f252,Localization Stability,TF,Jump Angular,0.00197358,578.7
fbd88b73726fd05d8e35aee4efe9f252,Localization Stability,TF,Jump Linear,0.0499117,578.7
fbd88b73726fd05d8e35aee4efe9f252,Input Validity,Lidar,Lidar Rate,10,577.77
fbd88b73726fd05d8e35aee4efe9f252,Input Validity,Odometry,Odometry Rate,50,577.77
fbd88b73726fd05d8e35aee4efe9f252,Input Validity,TF,TF Rate,10,577.77
fbd88b73726fd05d8e35aee4efe9f252,Localization Quality,AMCLPose,CovYawYaw,0.0031827,577.8
fbd88b73726fd05d8e35aee4efe9f252,Localization Quality,AMCLPose,CovYY,0.000741895,577.8
fbd88b73726fd05d8e35aee4efe9f252,Localization Quality,AMCLPose,CovXX,0.0059441,577.8
fbd88b73726fd05d8e35aee4efe9f252,Localization Quality,AMCLPose,MeanYaw,-2.76989,577.8
fbd88b73726fd05d8e35aee4efe9f252,Localization Quality,AMCLPose,MeanY,3.92097,577.8
fbd88b73726fd05d8e35aee4efe9f252,Localization Quality,AMCLPose,MeanX,0.97191,577.8
fbd88b73726fd05d8e35aee4efe9f252,Localization Stability,TF,Jump Angular,-0.000170217,578.8
fbd88b73726fd05d8e35aee4efe9f252,Localization Stability,TF,Jump Linear,0.00599728,578.8
fbd88b73726fd05d8e35aee4efe9f252,Input Validity,Lidar,Lidar Rate,10,577.87
fbd88b73726fd05d8e35aee4efe9f252,Input Validity,Odometry,Odometry Rate,50,577.87
fbd88b73726fd05d8e35aee4efe9f252,Input Validity,TF,TF Rate,10,577.87
fbd88b73726fd05d8e35aee4efe9f252,Input Validity,Lidar,Lidar Rate,10,577.96
fbd88b73726fd05d8e35aee4efe9f252,Input Validity,Odometry,Odometry Rate,50,577.96
fbd88b73726fd05d8e35aee4efe9f252,Input Validity,TF,TF Rate,10,577.96
fbd88b73726fd05d8e35aee4efe9f252,Localization Quality,AMCLPose,CovYawYaw,0.00557299,577.9
fbd88b73726fd05d8e35aee4efe9f252,Localization Quality,AMCLPose,CovYY,0.00100806,577.9
fbd88b73726fd05d8e35aee4efe9f252,Localization Quality,AMCLPose,CovXX,0.00745082,577.9
fbd88b73726fd05d8e35aee4efe9f252,Localization Quality,AMCLPose,MeanYaw,-2.55022,577.9
fbd88b73726fd05d8e35aee4efe9f252,Localization Quality,AMCLPose,MeanY,3.92084,577.9
fbd88b73726fd05d8e35aee4efe9f252,Localization Quality,AMCLPose,MeanX,0.969952,577.9
fbd88b73726fd05d8e35aee4efe9f252,Localization Stability,TF,Jump Angular,0.00183167,578.9
fbd88b73726fd05d8e35aee4efe9f252,Localization Stability,TF,Jump Linear,0.047975,578.9
fbd88b73726fd05d8e35aee4efe9f252,Input Validity,Lidar,Lidar Rate,10,578.06
fbd88b73726fd05d8e35aee4efe9f252,Input Validity,Odometry,Odometry Rate,50,578.06
fbd88b73726fd05d8e35aee4efe9f252,Input Validity,TF,TF Rate,10,578.06
fbd88b73726fd05d8e35aee4efe9f252,Localization Quality,AMCLPose,CovYawYaw,0.00830638,578
fbd88b73726fd05d8e35aee4efe9f252,Localization Quality,AMCLPose,CovYY,0.00184402,578
fbd88b73726fd05d8e35aee4efe9f252,Localization Quality,AMCLPose,CovXX,0.00873928,578
fbd88b73726fd05d8e35aee4efe9f252,Localization Quality,AMCLPose,MeanYaw,-2.33047,578
fbd88b73726fd05d8e35aee4efe9f252,Localization Quality,AMCLPose,MeanY,3.92242,578
fbd88b73726fd05d8e35aee4efe9f252,Localization Quality,AMCLPose,MeanX,0.969973,578
fbd88b73726fd05d8e35aee4efe9f252,Localization Stability,TF,Jump Angular,-0.00024573,579
fbd88b73726fd05d8e35aee4efe9f252,Localization Stability,TF,Jump Linear,0.00487961,579
fbd88b73726fd05d8e35aee4efe9f252,Input Validity,Lidar,Lidar Rate,10,578.16
fbd88b73726fd05d8e35aee4efe9f252,Input Validity,Odometry,Odometry Rate,50,578.16
fbd88b73726fd05d8e35aee4efe9f252,Input Validity,TF,TF Rate,10,578.16
fbd88b73726fd05d8e35aee4efe9f252,Localization Quality,AMCLPose,CovYawYaw,0.0075408,578.1
fbd88b73726fd05d8e35aee4efe9f252,Localization Quality,AMCLPose,CovYY,0.00230706,578.1
fbd88b73726fd05d8e35aee4efe9f252,Localization Quality,AMCLPose,CovXX,0.00900983,578.1
fbd88b73726fd05d8e35aee4efe9f252,Localization Quality,AMCLPose,MeanYaw,-2.10941,578.1
fbd88b73726fd05d8e35aee4efe9f252,Localization Quality,AMCLPose,MeanY,3.92022,578.1
fbd88b73726fd05d8e35aee4efe9f252,Localization Quality,AMCLPose,MeanX,0.965458,578.1
fbd88b73726fd05d8e35aee4efe9f252,Localization Stability,TF,Jump Angular,0.0010513,579.1
fbd88b73726fd05d8e35aee4efe9f252,Localization Stability,TF,Jump Linear,0.0256896,579.1
fbd88b73726fd05d8e35aee4efe9f252,Input Validity,Lidar,Lidar Rate,10,578.26
fbd88b73726fd05d8e35aee4efe9f252,Input Validity,Odometry,Odometry Rate,50,578.26
fbd88b73726fd05d8e35aee4efe9f252,Input Validity,TF,TF Rate,10,578.26
fbd88b73726fd05d8e35aee4efe9f252,Localization Quality,AMCLPose,CovYawYaw,0.0063849,578.2
fbd88b73726fd05d8e35aee4efe9f252,Localization Quality,AMCLPose,CovYY,0.00316846,578.2
fbd88b73726fd05d8e35aee4efe9f252,Localization Quality,AMCLPose,CovXX,0.007496,578.2
fbd88b73726fd05d8e35aee4efe9f252,Localization Quality,AMCLPose,MeanYaw,-1.89226,578.2
fbd88b73726fd05d8e35aee4efe9f252,Localization Quality,AMCLPose,MeanY,3.9182,578.2
fbd88b73726fd05d8e35aee4efe9f252,Localization Quality,AMCLPose,MeanX,0.957896,578.2
fbd88b73726fd05d8e35aee4efe9f252,Localization Stability,TF,Jump Angular,-0.00284234,579.2
fbd88b73726fd05d8e35aee4efe9f252,Localization Stability,TF,Jump Linear,0.0772417,579.2
fbd88b73726fd05d8e35aee4efe9f252,Localization Quality,AMCLPose,CovYawYaw,0.00595232,578.3
fbd88b73726fd05d8e35aee4efe9f252,Localization Quality,AMCLPose,CovYY,0.0040525,578.3
fbd88b73726fd05d8e35aee4efe9f252,Localization Quality,AMCLPose,CovXX,0.00599219,578.3
fbd88b73726fd05d8e35aee4efe9f252,Localization Quality,AMCLPose,MeanYaw,-1.67156,578.3
fbd88b73726fd05d8e35aee4efe9f252,Localization Quality,AMCLPose,MeanY,3.91446,578.3
fbd88b73726fd05d8e35aee4efe9f252,Localization Quality,AMCLPose,MeanX,0.94913,578.3
fbd88b73726fd05d8e35aee4efe9f252,Localization Stability,TF,Jump Angular,0.00069182,579.3
fbd88b73726fd05d8e35aee4efe9f252,Localization Stability,TF,Jump Linear,0.0166339,579.3
fbd88b73726fd05d8e35aee4efe9f252,Input Validity,Lidar,Lidar Rate,10,578.36
fbd88b73726fd05d8e35aee4efe9f252,Input Validity,Odometry,Odometry Rate,50,578.36
fbd88b73726fd05d8e35aee4efe9f252,Input Validity,TF,TF Rate,10,578.36
fbd88b73726fd05d8e35aee4efe9f252,Input Validity,Lidar,Lidar Rate,10,578.46
fbd88b73726fd05d8e35aee4efe9f252,Input Validity,Odometry,Odometry Rate,50,578.46
fbd88b73726fd05d8e35aee4efe9f252,Input Validity,TF,TF Rate,10,578.46
fbd88b73726fd05d8e35aee4efe9f252,Localization Quality,AMCLPose,CovYawYaw,0.0053657,578.4
fbd88b73726fd05d8e35aee4efe9f252,Localization Quality,AMCLPose,CovYY,0.00497539,578.4
fbd88b73726fd05d8e35aee4efe9f252,Localization Quality,AMCLPose,CovXX,0.00519329,578.4
fbd88b73726fd05d8e35aee4efe9f252,Localization Quality,AMCLPose,MeanYaw,-1.46997,578.4
fbd88b73726fd05d8e35aee4efe9f252,Localization Quality,AMCLPose,MeanY,3.91124,578.4
fbd88b73726fd05d8e35aee4efe9f252,Localization Quality,AMCLPose,MeanX,0.946339,578.4
fbd88b73726fd05d8e35aee4efe9f252,Localization Stability,TF,Jump Angular,-0.000402828,579.4
fbd88b73726fd05d8e35aee4efe9f252,Localization Stability,TF,Jump Linear,0.0117248,579.4
fbd88b73726fd05d8e35aee4efe9f252,Input Validity,Lidar,Lidar Rate,10,578.56
fbd88b73726fd05d8e35aee4efe9f252,Input Validity,Odometry,Odometry Rate,50,578.56
fbd88b73726fd05d8e35aee4efe9f252,Input Validity,TF,TF Rate,10,578.56
fbd88b73726fd05d8e35aee4efe9f252,Localization Quality,AMCLPose,CovYawYaw,0.00458162,578.5
fbd88b73726fd05d8e35aee4efe9f252,Localization Quality,AMCLPose,CovYY,0.00490597,578.5
fbd88b73726fd05d8e35aee4efe9f252,Localization Quality,AMCLPose,CovXX,0.00445379,578.5
fbd88b73726fd05d8e35aee4efe9f252,Localization Quality,AMCLPose,MeanYaw,-1.3172,578.5
fbd88b73726fd05d8e35aee4efe9f252,Localization Quality,AMCLPose,MeanY,3.89855,578.5
fbd88b73726fd05d8e35aee4efe9f252,Localization Quality,AMCLPose,MeanX,0.943745,578.5
fbd88b73726fd05d8e35aee4efe9f252,Localization Stability,TF,Jump Angular,0.000268324,579.5
fbd88b73726fd05d8e35aee4efe9f252,Localization Stability,TF,Jump Linear,0.0055453,579.5
fbd88b73726fd05d8e35aee4efe9f252,Input Validity,Lidar,Lidar Rate,10,578.66
fbd88b73726fd05d8e35aee4efe9f252,Input Validity,Odometry,Odometry Rate,50,578.66
fbd88b73726fd05d8e35aee4efe9f252,Input Validity,TF,TF Rate,10,578.66
fbd88b73726fd05d8e35aee4efe9f252,Localization Quality,AMCLPose,CovYawYaw,0.00328033,578.6
fbd88b73726fd05d8e35aee4efe9f252,Localization Quality,AMCLPose,CovYY,0.0037906,578.6
fbd88b73726fd05d8e35aee4efe9f252,Localization Quality,AMCLPose,CovXX,0.00350483,578.6
fbd88b73726fd05d8e35aee4efe9f252,Localization Quality,AMCLPose,MeanYaw,-1.21576,578.6
fbd88b73726fd05d8e35aee4efe9f252,Localization Quality,AMCLPose,MeanY,3.87974,578.6
fbd88b73726fd05d8e35aee4efe9f252,Localization Quality,AMCLPose,MeanX,0.944727,578.6
fbd88b73726fd05d8e35aee4efe9f252,Localization Stability,TF,Jump Angular,-0.00105741,579.6
fbd88b73726fd05d8e35aee4efe9f252,Localization Stability,TF,Jump Linear,0.0312924,579.6
fbd88b73726fd05d8e35aee4efe9f252,Input Validity,Lidar,Lidar Rate,10,578.76
fbd88b73726fd05d8e35aee4efe9f252,Input Validity,Odometry,Odometry Rate,50,578.76
fbd88b73726fd05d8e35aee4efe9f252,Input Validity,TF,TF Rate,10,578.76
fbd88b73726fd05d8e35aee4efe9f252,Localization Quality,AMCLPose,CovYawYaw,0.00251584,578.7
fbd88b73726fd05d8e35aee4efe9f252,Localization Quality,AMCLPose,CovYY,0.00230012,578.7
fbd88b73726fd05d8e35aee4efe9f252,Localization Quality,AMCLPose,CovXX,0.00320598,578.7
fbd88b73726fd05d8e35aee4efe9f252,Localization Quality,AMCLPose,MeanYaw,-1.16109,578.7
fbd88b73726fd05d8e35aee4efe9f252,Localization Quality,AMCLPose,MeanY,3.85638,578.7
fbd88b73726fd05d8e35aee4efe9f252,Localization Quality,AMCLPose,MeanX,0.952398,578.7
fbd88b73726fd05d8e35aee4efe9f252,Localization Stability,TF,Jump Angular,0.00216647,579.7
fbd88b73726fd05d8e35aee4efe9f252,Localization Stability,TF,Jump Linear,0.0552078,579.7
fbd88b73726fd05d8e35aee4efe9f252,Localization Stability,TF,Jump Angular,0,579.8
fbd88b73726fd05d8e35aee4efe9f252,Localization Stability,TF,Jump Linear,0,579.8
fbd88b73726fd05d8e35aee4efe9f252,Input Validity,Lidar,Lidar Rate,10,578.86
fbd88b73726fd05d8e35aee4efe9f252,Input Validity,Odometry,Odometry Rate,50,578.86
fbd88b73726fd05d8e35aee4efe9f252,Input Validity,TF,TF Rate,10,578.86
fbd88b73726fd05d8e35aee4efe9f252,Localization Stability,TF,Jump Angular,0,579.9
fbd88b73726fd05d8e35aee4efe9f252,Localization Stability,TF,Jump Linear,0,579.9
fbd88b73726fd05d8e35aee4efe9f252,Input Validity,Lidar,Lidar Rate,10,578.96
fbd88b73726fd05d8e35aee4efe9f252,Input Validity,Odometry,Odometry Rate,50,578.96
fbd88b73726fd05d8e35aee4efe9f252,Input Validity,TF,TF Rate,10,578.96
fbd88b73726fd05d8e35aee4efe9f252,Input Validity,Lidar,Lidar Rate,10,579.06
fbd88b73726fd05d8e35aee4efe9f252,Input Validity,Odometry,Odometry Rate,50,579.06
fbd88b73726fd05d8e35aee4efe9f252,Input Validity,TF,TF Rate,10,579.06
fbd88b73726fd05d8e35aee4efe9f252,Localization Quality,AMCLPose,CovYawYaw,0.00312416,579
fbd88b73726fd05d8e35aee4efe9f252,Localization Quality,AMCLPose,CovYY,0.00226892,579
fbd88b73726fd05d8e35aee4efe9f252,Localization Quality,AMCLPose,CovXX,0.00317955,579
fbd88b73726fd05d8e35aee4efe9f252,Localization Quality,AMCLPose,MeanYaw,-1.10366,579
fbd88b73726fd05d8e35aee4efe9f252,Localization Quality,AMCLPose,MeanY,3.75674,579
fbd88b73726fd05d8e35aee4efe9f252,Localization Quality,AMCLPose,MeanX,0.997777,579
fbd88b73726fd05d8e35aee4efe9f252,Localization Stability,TF,Jump Angular,0.00206964,580
fbd88b73726fd05d8e35aee4efe9f252,Localization Stability,TF,Jump Linear,0.0556285,580
fbd88b73726fd05d8e35aee4efe9f252,Input Validity,Lidar,Lidar Rate,10,579.16
fbd88b73726fd05d8e35aee4efe9f252,Input Validity,Odometry,Odometry Rate,50,579.16
fbd88b73726fd05d8e35aee4efe9f252,Input Validity,TF,TF Rate,10,579.16
fbd88b73726fd05d8e35aee4efe9f252,Localization Stability,TF,Jump Angular,0,580.1
fbd88b73726fd05d8e35aee4efe9f252,Localization Stability,TF,Jump Linear,0,580.1
fbd88b73726fd05d8e35aee4efe9f252,Input Validity,Lidar,Lidar Rate,10,579.23
fbd88b73726fd05d8e35aee4efe9f252,Input Validity,Odometry,Odometry Rate,50,579.23
fbd88b73726fd05d8e35aee4efe9f252,Input Validity,TF,TF Rate,10,579.23
fbd88b73726fd05d8e35aee4efe9f252,Localization Stability,TF,Jump Angular,0,580.2
fbd88b73726fd05d8e35aee4efe9f252,Localization Stability,TF,Jump Linear,0,580.2
fbd88b73726fd05d8e35aee4efe9f252,Input Validity,Lidar,Lidar Rate,10,579.26
fbd88b73726fd05d8e35aee4efe9f252,Input Validity,Odometry,Odometry Rate,50,579.26
fbd88b73726fd05d8e35aee4efe9f252,Input Validity,TF,TF Rate,10,579.26
fbd88b73726fd05d8e35aee4efe9f252,Input Validity,Lidar,Lidar Rate,10,579.36
fbd88b73726fd05d8e35aee4efe9f252,Input Validity,Odometry,Odometry Rate,50,579.36
fbd88b73726fd05d8e35aee4efe9f252,Input Validity,TF,TF Rate,10,579.36
fbd88b73726fd05d8e35aee4efe9f252,Input Validity,Lidar,Lidar Rate,10,579.46
fbd88b73726fd05d8e35aee4efe9f252,Input Validity,Odometry,Odometry Rate,50,579.46
fbd88b73726fd05d8e35aee4efe9f252,Input Validity,TF,TF Rate,10,579.46
fbd88b73726fd05d8e35aee4efe9f252,Input Validity,Lidar,Lidar Rate,10,579.56
fbd88b73726fd05d8e35aee4efe9f252,Input Validity,Odometry,Odometry Rate,50,579.56
fbd88b73726fd05d8e35aee4efe9f252,Input Validity,TF,TF Rate,10,579.56
fbd88b73726fd05d8e35aee4efe9f252,Input Validity,Lidar,Lidar Rate,10,579.65
fbd88b73726fd05d8e35aee4efe9f252,Input Validity,Odometry,Odometry Rate,50,579.65
fbd88b73726fd05d8e35aee4efe9f252,Input Validity,TF,TF Rate,10,579.65
fbd88b73726fd05d8e35aee4efe9f252,Input Validity,Lidar,Lidar Rate,10,579.75
fbd88b73726fd05d8e35aee4efe9f252,Input Validity,Odometry,Odometry Rate,50,579.75
fbd88b73726fd05d8e35aee4efe9f252,Input Validity,TF,TF Rate,10,579.75
fbd88b73726fd05d8e35aee4efe9f252,Input Validity,Lidar,Lidar Rate,10,579.85
fbd88b73726fd05d8e35aee4efe9f252,Input Validity,Odometry,Odometry Rate,50,579.85
fbd88b73726fd05d8e35aee4efe9f252,Input Validity,TF,TF Rate,10,579.85
fbd88b73726fd05d8e35aee4efe9f252,Localization Quality,AMCLPose,CovYawYaw,7.42042,579.3
fbd88b73726fd05d8e35aee4efe9f252,Localization Quality,AMCLPose,CovYY,7.41018,579.3
fbd88b73726fd05d8e35aee4efe9f252,Localization Quality,AMCLPose,CovXX,25.5891,579.3
fbd88b73726fd05d8e35aee4efe9f252,Localization Quality,AMCLPose,MeanYaw,-1.99472,579.3
fbd88b73726fd05d8e35aee4efe9f252,Localization Quality,AMCLPose,MeanY,-0.628312,579.3
fbd88b73726fd05d8e35aee4efe9f252,Localization Quality,AMCLPose,MeanX,0.387342,579.3
fbd88b73726fd05d8e35aee4efe9f252,Localization Stability,TF,Jump Angular,-0.940482,580.3
fbd88b73726fd05d8e35aee4efe9f252,Localization Stability,TF,Jump Linear,27.8098,580.3
fbd88b73726fd05d8e35aee4efe9f252,Localization Stability,TF,Jump Angular,0,580.4
fbd88b73726fd05d8e35aee4efe9f252,Localization Stability,TF,Jump Linear,0,580.4
fbd88b73726fd05d8e35aee4efe9f252,Localization Stability,TF,Jump Angular,0,580.5
fbd88b73726fd05d8e35aee4efe9f252,Localization Stability,TF,Jump Linear,0,580.5
fbd88b73726fd05d8e35aee4efe9f252,Input Validity,Lidar,Lidar Rate,10,579.95
fbd88b73726fd05d8e35aee4efe9f252,Input Validity,Odometry,Odometry Rate,50,579.95
fbd88b73726fd05d8e35aee4efe9f252,Input Validity,TF,TF Rate,10,579.95
fbd88b73726fd05d8e35aee4efe9f252,Input Validity,Lidar,Lidar Rate,10,580.05
fbd88b73726fd05d8e35aee4efe9f252,Input Validity,Odometry,Odometry Rate,50,580.05
fbd88b73726fd05d8e35aee4efe9f252,Input Validity,TF,TF Rate,10,580.05
fbd88b73726fd05d8e35aee4efe9f252,Input Validity,Lidar,Lidar Rate,10,580.15
fbd88b73726fd05d8e35aee4efe9f252,Input Validity,Odometry,Odometry Rate,50,580.15
fbd88b73726fd05d8e35aee4efe9f252,Input Validity,TF,TF Rate,10,580.15
fbd88b73726fd05d8e35aee4efe9f252,Localization Quality,AMCLPose,CovYawYaw,5.8695,579.6
fbd88b73726fd05d8e35aee4efe9f252,Localization Quality,AMCLPose,CovYY,7.21755,579.6
fbd88b73726fd05d8e35aee4efe9f252,Localization Quality,AMCLPose,CovXX,25.0403,579.6
fbd88b73726fd05d8e35aee4efe9f252,Localization Quality,AMCLPose,MeanYaw,-2.06312,579.6
fbd88b73726fd05d8e35aee4efe9f252,Localization Quality,AMCLPose,MeanY,-0.670733,579.6
fbd88b73726fd05d8e35aee4efe9f252,Localization Quality,AMCLPose,MeanX,0.667605,579.6
fbd88b73726fd05d8e35aee4efe9f252,Localization Stability,TF,Jump Angular,-0.113428,580.6
fbd88b73726fd05d8e35aee4efe9f252,Localization Stability,TF,Jump Linear,2.63227,580.6
fbd88b73726fd05d8e35aee4efe9f252,Localization Stability,TF,Jump Angular,0,580.7
fbd88b73726fd05d8e35aee4efe9f252,Localization Stability,TF,Jump Linear,0,580.7
fbd88b73726fd05d8e35aee4efe9f252,Localization Stability,TF,Jump Angular,0,580.8
fbd88b73726fd05d8e35aee4efe9f252,Localization Stability,TF,Jump Linear,0,580.8
fbd88b73726fd05d8e35aee4efe9f252,Input Validity,Lidar,Lidar Rate,10,580.25
fbd88b73726fd05d8e35aee4efe9f252,Input Validity,Odometry,Odometry Rate,50,580.25
fbd88b73726fd05d8e35aee4efe9f252,Input Validity,TF,TF Rate,10,580.25
fbd88b73726fd05d8e35aee4efe9f252,Input Validity,Lidar,Lidar Rate,10,580.35
fbd88b73726fd05d8e35aee4efe9f252,Input Validity,Odometry,Odometry Rate,50,580.35
fbd88b73726fd05d8e35aee4efe9f252,Input Validity,TF,TF Rate,10,580.35
fbd88b73726fd05d8e35aee4efe9f252,Localization Quality,AMCLPose,CovYawYaw,4.6409,579.9
fbd88b73726fd05d8e35aee4efe9f252,Localization Quality,AMCLPose,CovYY,7.33451,579.9
fbd88b73726fd05d8e35aee4efe9f252,Localization Quality,AMCLPose,CovXX,24.7381,579.9
fbd88b73726fd05d8e35aee4efe9f252,Localization Quality,AMCLPose,MeanYaw,-2.05233,579.9
fbd88b73726fd05d8e35aee4efe9f252,Localization Quality,AMCLPose,MeanY,-0.782474,579.9
fbd88b73726fd05d8e35aee4efe9f252,Localization Quality,AMCLPose,MeanX,0.837081,579.9
fbd88b73726fd05d8e35aee4efe9f252,Localization Stability,TF,Jump Angular,-0.00225336,580.9
fbd88b73726fd05d8e35aee4efe9f252,Localization Stability,TF,Jump Linear,0.182548,580.9
fbd88b73726fd05d8e35aee4efe9f252,Localization Stability,TF,Jump Angular,0,581
fbd88b73726fd05d8e35aee4efe9f252,Localization Stability,TF,Jump Linear,0,581
fbd88b73726fd05d8e35aee4efe9f252,Localization Stability,TF,Jump Angular,0,581.1
fbd88b73726fd05d8e35aee4efe9f252,Localization Stability,TF,Jump Linear,0,581.1
fbd88b73726fd05d8e35aee4efe9f252,Input Validity,Lidar,Lidar Rate,10,580.45
fbd88b73726fd05d8e35aee4efe9f252,Input Validity,Odometry,Odometry Rate,50,580.45
fbd88b73726fd05d8e35aee4efe9f252,Input Validity,TF,TF Rate,10,580.45
fbd88b73726fd05d8e35aee4efe9f252,Input Validity,Lidar,Lidar Rate,10,580.55
fbd88b73726fd05d8e35aee4efe9f252,Input Validity,Odometry,Odometry Rate,50,580.55
fbd88b73726fd05d8e35aee4efe9f252,Input Validity,TF,TF Rate,10,580.55
fbd88b73726fd05d8e35aee4efe9f252,Input Validity,Lidar,Lidar Rate,10,580.65
fbd88b73726fd05d8e35aee4efe9f252,Input Validity,Odometry,Odometry Rate,50,580.65
fbd88b73726fd05d8e35aee4efe9f252,Input Validity,TF,TF Rate,10,580.65
fbd88b73726fd05d8e35aee4efe9f252,Input Validity,Lidar,Lidar Rate,10,580.75
fbd88b73726fd05d8e35aee4efe9f252,Input Validity,Odometry,Odometry Rate,50,580.75
fbd88b73726fd05d8e35aee4efe9f252,Input Validity,TF,TF Rate,10,580.75
fbd88b73726fd05d8e35aee4efe9f252,Localization Quality,AMCLPose,CovYawYaw,4.21654,580.2
fbd88b73726fd05d8e35aee4efe9f252,Localization Quality,AMCLPose,CovYY,7.45181,580.2
fbd88b73726fd05d8e35aee4efe9f252,Localization Quality,AMCLPose,CovXX,23.9221,580.2
fbd88b73726fd05d8e35aee4efe9f252,Localization Quality,AMCLPose,MeanYaw,-1.86168,580.2
fbd88b73726fd05d8e35aee4efe9f252,Localization Quality,AMCLPose,MeanY,-0.86636,580.2
fbd88b73726fd05d8e35aee4efe9f252,Localization Quality,AMCLPose,MeanX,1.412,580.2
fbd88b73726fd05d8e35aee4efe9f252,Localization Stability,TF,Jump Angular,0.189182,581.2
fbd88b73726fd05d8e35aee4efe9f252,Localization Stability,TF,Jump Linear,5.44948,581.2
fbd88b73726fd05d8e35aee4efe9f252,Localization Stability,TF,Jump Angular,0,581.3
fbd88b73726fd05d8e35aee4efe9f252,Localization Stability,TF,Jump Linear,0,581.3
fbd88b73726fd05d8e35aee4efe9f252,Localization Stability,TF,Jump Angular,0,581.4
fbd88b73726fd05d8e35aee4efe9f252,Localization Stability,TF,Jump Linear,0,581.4
fbd88b73726fd05d8e35aee4efe9f252,Input Validity,Lidar,Lidar Rate,10,580.85
fbd88b73726fd05d8e35aee4efe9f252,Input Validity,Odometry,Odometry Rate,50,580.85
fbd88b73726fd05d8e35aee4efe9f252,Input Validity,TF,TF Rate,10,580.85
fbd88b73726fd05d8e35aee4efe9f252,Input Validity,Lidar,Lidar Rate,10,580.95
fbd88b73726fd05d8e35aee4efe9f252,Input Validity,Odometry,Odometry Rate,50,580.95
fbd88b73726fd05d8e35aee4efe9f252,Input Validity,TF,TF Rate,10,580.95
fbd88b73726fd05d8e35aee4efe9f252,Input Validity,Lidar,Lidar Rate,10,581.05
fbd88b73726fd05d8e35aee4efe9f252,Input Validity,Odometry,Odometry Rate,50,581.05
fbd88b73726fd05d8e35aee4efe9f252,Input Validity,TF,TF Rate,10,581.05
fbd88b73726fd05d8e35aee4efe9f252,Input Validity,Lidar,Lidar Rate,10,581.15
fbd88b73726fd05d8e35aee4efe9f252,Input Validity,Odometry,Odometry Rate,50,581.15
fbd88b73726fd05d8e35aee4efe9f252,Input Validity,TF,TF Rate,10,581.15
fbd88b73726fd05d8e35aee4efe9f252,Input Validity,Lidar,Lidar Rate,10,581.25
fbd88b73726fd05d8e35aee4efe9f252,Input Validity,Odometry,Odometry Rate,50,581.25
fbd88b73726fd05d8e35aee4efe9f252,Input Validity,TF,TF Rate,10,581.25
fbd88b73726fd05d8e35aee4efe9f252,Localization Quality,AMCLPose,CovYawYaw,4.11236,580.5
fbd88b73726fd05d8e35aee4efe9f252,Localization Quality,AMCLPose,CovYY,7.42323,580.5
fbd88b73726fd05d8e35aee4efe9f252,Localization Quality,AMCLPose,CovXX,24.4271,580.5
fbd88b73726fd05d8e35aee4efe9f252,Localization Quality,AMCLPose,MeanYaw,-1.45643,580.5
fbd88b73726fd05d8e35aee4efe9f252,Localization Quality,AMCLPose,MeanY,-0.72825,580.5
fbd88b73726fd05d8e35aee4efe9f252,Localization Quality,AMCLPose,MeanX,1.537,580.5
fbd88b73726fd05d8e35aee4efe9f252,Localization Stability,TF,Jump Angular,0.405359,581.5
fbd88b73726fd05d8e35aee4efe9f252,Localization Stability,TF,Jump Linear,10.7017,581.5
fbd88b73726fd05d8e35aee4efe9f252,Input Validity,Lidar,Lidar Rate,10,581.34
fbd88b73726fd05d8e35aee4efe9f252,Input Validity,Odometry,Odometry Rate,50,581.34
fbd88b73726fd05d8e35aee4efe9f252,Input Validity,TF,TF Rate,10,581.34
fbd88b73726fd05d8e35aee4efe9f252,Input Validity,Lidar,Lidar Rate,10,581.44
fbd88b73726fd05d8e35aee4efe9f252,Input Validity,Odometry,Odometry Rate,50,581.44
fbd88b73726fd05d8e35aee4efe9f252,Input Validity,TF,TF Rate,10,581.44
fbd88b73726fd05d8e35aee4efe9f252,Input Validity,Lidar,Lidar Rate,10,581.54
fbd88b73726fd05d8e35aee4efe9f252,Input Validity,Odometry,Odometry Rate,50,581.54
fbd88b73726fd05d8e35aee4efe9f252,Input Validity,TF,TF Rate,10,581.54
fbd88b73726fd05d8e35aee4efe9f252,Input Validity,Lidar,Lidar Rate,10,581.64
fbd88b73726fd05d8e35aee4efe9f252,Input Validity,Odometry,Odometry Rate,50,581.64
fbd88b73726fd05d8e35aee4efe9f252,Input Validity,TF,TF Rate,10,581.64
fbd88b73726fd05d8e35aee4efe9f252,Input Validity,Lidar,Lidar Rate,10,581.74
fbd88b73726fd05d8e35aee4efe9f252,Input Validity,Odometry,Odometry Rate,50,581.74
fbd88b73726fd05d8e35aee4efe9f252,Input Validity,TF,TF Rate,10,581.74
fbd88b73726fd05d8e35aee4efe9f252,Localization Quality,AMCLPose,CovYawYaw,4.14533,580.8
fbd88b73726fd05d8e35aee4efe9f252,Localization Quality,AMCLPose,CovYY,7.34777,580.8
fbd88b73726fd05d8e35aee4efe9f252,Localization Quality,AMCLPose,CovXX,23.4573,580.8
fbd88b73726fd05d8e35aee4efe9f252,Localization Quality,AMCLPose,MeanYaw,-1.29551,580.8
fbd88b73726fd05d8e35aee4efe9f252,Localization Quality,AMCLPose,MeanY,-0.494605,580.8
fbd88b73726fd05d8e35aee4efe9f252,Localization Quality,AMCLPose,MeanX,1.82239,580.8
fbd88b73726fd05d8e35aee4efe9f252,Localization Stability,TF,Jump Angular,-0.0625816,581.8
fbd88b73726fd05d8e35aee4efe9f252,Localization Stability,TF,Jump Linear,1.23988,581.8
fbd88b73726fd05d8e35aee4efe9f252,Input Validity,Lidar,Lidar Rate,10,581.84
fbd88b73726fd05d8e35aee4efe9f252,Input Validity,Odometry,Odometry Rate,50,581.84
fbd88b73726fd05d8e35aee4efe9f252,Input Validity,TF,TF Rate,9,581.84
fbd88b73726fd05d8e35aee4efe9f252,Input Validity,Lidar,Lidar Rate,10,581.94
fbd88b73726fd05d8e35aee4efe9f252,Input Validity,Odometry,Odometry Rate,50,581.94
fbd88b73726fd05d8e35aee4efe9f252,Input Validity,TF,TF Rate,9,581.94
fbd88b73726fd05d8e35aee4efe9f252,Input Validity,Lidar,Lidar Rate,10,582.04
fbd88b73726fd05d8e35aee4efe9f252,Input Validity,Odometry,Odometry Rate,50,582.04
fbd88b73726fd05d8e35aee4efe9f252,Input Validity,TF,TF Rate,9,582.04
fbd88b73726fd05d8e35aee4efe9f252,Input Validity,Lidar,Lidar Rate,10,582.14
fbd88b73726fd05d8e35aee4efe9f252,Input Validity,Odometry,Odometry Rate,50,582.14
fbd88b73726fd05d8e35aee4efe9f252,Input Validity,TF,TF Rate,9,582.14
fbd88b73726fd05d8e35aee4efe9f252,Input Validity,Lidar,Lidar Rate,10,582.24
fbd88b73726fd05d8e35aee4efe9f252,Input Validity,Odometry,Odometry Rate,50,582.24
fbd88b73726fd05d8e35aee4efe9f252,Input Validity,TF,TF Rate,9,582.24
fbd88b73726fd05d8e35aee4efe9f252,Localization Quality,AMCLPose,CovYawYaw,3.52783,581.2
fbd88b73726fd05d8e35aee4efe9f252,Localization Quality,AMCLPose,CovYY,6.9874,581.2
fbd88b73726fd05d8e35aee4efe9f252,Localization Quality,AMCLPose,CovXX,22.4853,581.2
fbd88b73726fd05d8e35aee4efe9f252,Localization Quality,AMCLPose,MeanYaw,-1.40915,581.2
fbd88b73726fd05d8e35aee4efe9f252,Localization Quality,AMCLPose,MeanY,-0.828424,581.2
fbd88b73726fd05d8e35aee4efe9f252,Localization Quality,AMCLPose,MeanX,1.77993,581.2
fbd88b73726fd05d8e35aee4efe9f252,Localization Stability,TF,Jump Angular,-0.513645,582.2
fbd88b73726fd05d8e35aee4efe9f252,Localization Stability,TF,Jump Linear,13.3865,582.2
fbd88b73726fd05d8e35aee4efe9f252,Input Validity,Lidar,Lidar Rate,10,582.34
fbd88b73726fd05d8e35aee4efe9f252,Input Validity,Odometry,Odometry Rate,50,582.34
fbd88b73726fd05d8e35aee4efe9f252,Input Validity,TF,TF Rate,7.5,582.34
fbd88b73726fd05d8e35aee4efe9f252,Input Validity,Lidar,Lidar Rate,10,582.44
fbd88b73726fd05d8e35aee4efe9f252,Input Validity,Odometry,Odometry Rate,50,582.44
fbd88b73726fd05d8e35aee4efe9f252,Input Validity,TF,TF Rate,7.5,582.44
fbd88b73726fd05d8e35aee4efe9f252,Localization Quality,AMCLPose,CovYawYaw,2.70668,581.7
fbd88b73726fd05d8e35aee4efe9f252,Localization Quality,AMCLPose,CovYY,6.03251,581.7
fbd88b73726fd05d8e35aee4efe9f252,Localization Quality,AMCLPose,CovXX,23.0723,581.7
fbd88b73726fd05d8e35aee4efe9f252,Localization Quality,AMCLPose,MeanYaw,-0.847928,581.7
fbd88b73726fd05d8e35aee4efe9f252,Localization Quality,AMCLPose,MeanY,-0.852338,581.7
fbd88b73726fd05d8e35aee4efe9f252,Localization Quality,AMCLPose,MeanX,1.90162,581.7
fbd88b73726fd05d8e35aee4efe9f252,Localization Stability,TF,Jump Angular,0.0612245,582.7
fbd88b73726fd05d8e35aee4efe9f252,Localization Stability,TF,Jump Linear,1.67262,582.7
fbd88b73726fd05d8e35aee4efe9f252,Input Validity,Lidar,Lidar Rate,10,582.54
fbd88b73726fd05d8e35aee4efe9f252,Input Validity,Odometry,Odometry Rate,50,582.54
fbd88b73726fd05d8e35aee4efe9f252,Input Validity,TF,TF Rate,5.5,582.54
fbd88b73726fd05d8e35aee4efe9f252,Localization Quality,AMCLPose,CovYawYaw,2.70401,582
fbd88b73726fd05d8e35aee4efe9f252,Localization Quality,AMCLPose,CovYY,6.03763,582
fbd88b73726fd05d8e35aee4efe9f252,Localization Quality,AMCLPose,CovXX,22.9267,582
fbd88b73726fd05d8e35aee4efe9f252,Localization Quality,AMCLPose,MeanYaw,-0.517794,582
fbd88b73726fd05d8e35aee4efe9f252,Localization Quality,AMCLPose,MeanY,-0.896271,582
fbd88b73726fd05d8e35aee4efe9f252,Localization Quality,AMCLPose,MeanX,2.07556,582
fbd88b73726fd05d8e35aee4efe9f252,Localization Stability,TF,Jump Angular,0.0301341,583
fbd88b73726fd05d8e35aee4efe9f252,Localization Stability,TF,Jump Linear,0.905238,583
fbd88b73726fd05d8e35aee4efe9f252,Input Validity,Lidar,Lidar Rate,10,582.64
fbd88b73726fd05d8e35aee4efe9f252,Input Validity,Odometry,Odometry Rate,50,582.64
fbd88b73726fd05d8e35aee4efe9f252,Input Validity,TF,TF Rate,4.5,582.64
fbd88b73726fd05d8e35aee4efe9f252,Localization Quality,AMCLPose,CovYawYaw,2.76758,582.1
fbd88b73726fd05d8e35aee4efe9f252,Localization Quality,AMCLPose,CovYY,6.11745,582.1
fbd88b73726fd05d8e35aee4efe9f252,Localization Quality,AMCLPose,CovXX,22.9304,582.1
fbd88b73726fd05d8e35aee4efe9f252,Localization Quality,AMCLPose,MeanYaw,-0.448571,582.1
fbd88b73726fd05d8e35aee4efe9f252,Localization Quality,AMCLPose,MeanY,-0.846691,582.1
fbd88b73726fd05d8e35aee4efe9f252,Localization Quality,AMCLPose,MeanX,1.83402,582.1
fbd88b73726fd05d8e35aee4efe9f252,Localization Stability,TF,Jump Angular,-0.0277772,583.1
fbd88b73726fd05d8e35aee4efe9f252,Localization Stability,TF,Jump Linear,0.903949,583.1
fbd88b73726fd05d8e35aee4efe9f252,Input Validity,Lidar,Lidar Rate,10,582.74
fbd88b73726fd05d8e35aee4efe9f252,Input Validity,Odometry,Odometry Rate,50,582.74
fbd88b73726fd05d8e35aee4efe9f252,Input Validity,TF,TF Rate,4.5,582.74
fbd88b73726fd05d8e35aee4efe9f252,Localization Quality,AMCLPose,CovYawYaw,2.86319,582.2
fbd88b73726fd05d8e35aee4efe9f252,Localization Quality,AMCLPose,CovYY,6.26903,582.2
fbd88b73726fd05d8e35aee4efe9f252,Localization Quality,AMCLPose,CovXX,23.2665,582.2
fbd88b73726fd05d8e35aee4efe9f252,Localization Quality,AMCLPose,MeanYaw,-0.249004,582.2
fbd88b73726fd05d8e35aee4efe9f252,Localization Quality,AMCLPose,MeanY,-0.897521,582.2
fbd88b73726fd05d8e35aee4efe9f252,Localization Quality,AMCLPose,MeanX,2.00237,582.2
fbd88b73726fd05d8e35aee4efe9f252,Localization Stability,TF,Jump Angular,0.128062,583.2
fbd88b73726fd05d8e35aee4efe9f252,Localization Stability,TF,Jump Linear,3.40876,583.2
fbd88b73726fd05d8e35aee4efe9f252,Localization Stability,TF,Jump Angular,0,583.3
fbd88b73726fd05d8e35aee4efe9f252,Localization Stability,TF,Jump Linear,0,583.3
fbd88b73726fd05d8e35aee4efe9f252,Localization Stability,TF,Jump Angular,0,583.4
fbd88b73726fd05d8e35aee4efe9f252,Localization Stability,TF,Jump Linear,0,583.4
fbd88b73726fd05d8e35aee4efe9f252,Localization Stability,TF,Jump Angular,0,583.5
fbd88b73726fd05d8e35aee4efe9f252,Localization Stability,TF,Jump Linear,0,583.5
fbd88b73726fd05d8e35aee4efe9f252,Localization Stability,TF,Jump Angular,0,583.6
fbd88b73726fd05d8e35aee4efe9f252,Localization Stability,TF,Jump Linear,0,583.6
fbd88b73726fd05d8e35aee4efe9f252,Localization Stability,TF,Jump Angular,0,583.7
fbd88b73726fd05d8e35aee4efe9f252,Localization Stability,TF,Jump Linear,0,583.7
fbd88b73726fd05d8e35aee4efe9f252,Input Validity,Lidar,Lidar Rate,10,582.84
fbd88b73726fd05d8e35aee4efe9f252,Input Validity,Odometry,Odometry Rate,50,582.84
fbd88b73726fd05d8e35aee4efe9f252,Input Validity,TF,TF Rate,5.26316,582.84
fbd88b73726fd05d8e35aee4efe9f252,Localization Stability,TF,Jump Angular,0,583.8
fbd88b73726fd05d8e35aee4efe9f252,Localization Stability,TF,Jump Linear,0,583.8
fbd88b73726fd05d8e35aee4efe9f252,Input Validity,Lidar,Lidar Rate,10,582.94
fbd88b73726fd05d8e35aee4efe9f252,Input Validity,Odometry,Odometry Rate,50,582.94
fbd88b73726fd05d8e35aee4efe9f252,Input Validity,TF,TF Rate,5.5,582.94
fbd88b73726fd05d8e35aee4efe9f252,Localization Stability,TF,Jump Angular,0,583.9
fbd88b73726fd05d8e35aee4efe9f252,Localization Stability,TF,Jump Linear,0,583.9
fbd88b73726fd05d8e35aee4efe9f252,Input Validity,Lidar,Lidar Rate,10,583.03
fbd88b73726fd05d8e35aee4efe9f252,Input Validity,Odometry,Odometry Rate,50,583.03
fbd88b73726fd05d8e35aee4efe9f252,Input Validity,TF,TF Rate,6.47059,583.03
fbd88b73726fd05d8e35aee4efe9f252,Localization Stability,TF,Jump Angular,0,584
fbd88b73726fd05d8e35aee4efe9f252,Localization Stability,TF,Jump Linear,0,584
fbd88b73726fd05d8e35aee4efe9f252,Input Validity,Lidar,Lidar Rate,10,583.13
fbd88b73726fd05d8e35aee4efe9f252,Input Validity,Odometry,Odometry Rate,50,583.13
fbd88b73726fd05d8e35aee4efe9f252,Input Validity,TF,TF Rate,6.66667,583.13
fbd88b73726fd05d8e35aee4efe9f252,Localization Stability,TF,Jump Angular,0,584.1
fbd88b73726fd05d8e35aee4efe9f252,Localization Stability,TF,Jump Linear,0,584.1
fbd88b73726fd05d8e35aee4efe9f252,Input Validity,Lidar,Lidar Rate,10,583.23
fbd88b73726fd05d8e35aee4efe9f252,Input Validity,Odometry,Odometry Rate,50,583.23
fbd88b73726fd05d8e35aee4efe9f252,Input Validity,TF,TF Rate,6.84211,583.23
fbd88b73726fd05d8e35aee4efe9f252,Localization Stability,TF,Jump Angular,0,584.2
fbd88b73726fd05d8e35aee4efe9f252,Localization Stability,TF,Jump Linear,0,584.2
fbd88b73726fd05d8e35aee4efe9f252,Input Validity,Lidar,Lidar Rate,10,583.33
fbd88b73726fd05d8e35aee4efe9f252,Input Validity,Odometry,Odometry Rate,50,583.33
fbd88b73726fd05d8e35aee4efe9f252,Input Validity,TF,TF Rate,7,583.33
fbd88b73726fd05d8e35aee4efe9f252,Localization Stability,TF,Jump Angular,0,584.3
fbd88b73726fd05d8e35aee4efe9f252,Localization Stability,TF,Jump Linear,0,584.3
fbd88b73726fd05d8e35aee4efe9f252,Input Validity,Lidar,Lidar Rate,10,583.43
fbd88b73726fd05d8e35aee4efe9f252,Input Validity,Odometry,Odometry Rate,50,583.43
fbd88b73726fd05d8e35aee4efe9f252,Input Validity,TF,TF Rate,8.75,583.43
fbd88b73726fd05d8e35aee4efe9f252,Localization Stability,TF,Jump Angular,0,584.4
fbd88b73726fd05d8e35aee4efe9f252,Localization Stability,TF,Jump Linear,0,584.4
fbd88b73726fd05d8e35aee4efe9f252,Input Validity,Lidar,Lidar Rate,10,583.53
fbd88b73726fd05d8e35aee4efe9f252,Input Validity,Odometry,Odometry Rate,50,583.53
fbd88b73726fd05d8e35aee4efe9f252,Input Validity,TF,TF Rate,8.82353,583.53
fbd88b73726fd05d8e35aee4efe9f252,Localization Stability,TF,Jump Angular,0,584.5
fbd88b73726fd05d8e35aee4efe9f252,Localization Stability,TF,Jump Linear,0,584.5
fbd88b73726fd05d8e35aee4efe9f252,Input Validity,Lidar,Lidar Rate,10,583.63
fbd88b73726fd05d8e35aee4efe9f252,Input Validity,Odometry,Odometry Rate,50,583.63
fbd88b73726fd05d8e35aee4efe9f252,Input Validity,TF,TF Rate,8.88889,583.63
fbd88b73726fd05d8e35aee4efe9f252,Localization Stability,TF,Jump Angular,0,584.6
fbd88b73726fd05d8e35aee4efe9f252,Localization Stability,TF,Jump Linear,0,584.6
fbd88b73726fd05d8e35aee4efe9f252,Input Validity,Lidar,Lidar Rate,10,583.73
fbd88b73726fd05d8e35aee4efe9f252,Input Validity,Odometry,Odometry Rate,50,583.73
fbd88b73726fd05d8e35aee4efe9f252,Input Validity,TF,TF Rate,8.94737,583.73
fbd88b73726fd05d8e35aee4efe9f252,Localization Stability,TF,Jump Angular,0,584.7
fbd88b73726fd05d8e35aee4efe9f252,Localization Stability,TF,Jump Linear,0,584.7
fbd88b73726fd05d8e35aee4efe9f252,Input Validity,Lidar,Lidar Rate,10,583.83
fbd88b73726fd05d8e35aee4efe9f252,Input Validity,Odometry,Odometry Rate,50,583.83
fbd88b73726fd05d8e35aee4efe9f252,Input Validity,TF,TF Rate,9,583.83
fbd88b73726fd05d8e35aee4efe9f252,Localization Stability,TF,Jump Angular,0,584.8
fbd88b73726fd05d8e35aee4efe9f252,Localization Stability,TF,Jump Linear,0,584.8
fbd88b73726fd05d8e35aee4efe9f252,Input Validity,Lidar,Lidar Rate,10,583.93
fbd88b73726fd05d8e35aee4efe9f252,Input Validity,Odometry,Odometry Rate,50,583.93
fbd88b73726fd05d8e35aee4efe9f252,Input Validity,TF,TF Rate,10,583.93
fbd88b73726fd05d8e35aee4efe9f252,Localization Stability,TF,Jump Angular,0,584.9
fbd88b73726fd05d8e35aee4efe9f252,Localization Stability,TF,Jump Linear,0,584.9
fbd88b73726fd05d8e35aee4efe9f252,Input Validity,Lidar,Lidar Rate,10,584.03
fbd88b73726fd05d8e35aee4efe9f252,Input Validity,Odometry,Odometry Rate,50,584.03
fbd88b73726fd05d8e35aee4efe9f252,Input Validity,TF,TF Rate,10,584.03
fbd88b73726fd05d8e35aee4efe9f252,Localization Stability,TF,Jump Angular,0,585
fbd88b73726fd05d8e35aee4efe9f252,Localization Stability,TF,Jump Linear,0,585
fbd88b73726fd05d8e35aee4efe9f252,Input Validity,Lidar,Lidar Rate,10,584.12
fbd88b73726fd05d8e35aee4efe9f252,Input Validity,Odometry,Odometry Rate,50,584.12
fbd88b73726fd05d8e35aee4efe9f252,Input Validity,TF,TF Rate,10,584.12
fbd88b73726fd05d8e35aee4efe9f252,Localization Stability,TF,Jump Angular,0,585.1
fbd88b73726fd05d8e35aee4efe9f252,Localization Stability,TF,Jump Linear,0,585.1
fbd88b73726fd05d8e35aee4efe9f252,Input Validity,Lidar,Lidar Rate,10,584.22
fbd88b73726fd05d8e35aee4efe9f252,Input Validity,Odometry,Odometry Rate,50,584.22
fbd88b73726fd05d8e35aee4efe9f252,Input Validity,TF,TF Rate,10,584.22
fbd88b73726fd05d8e35aee4efe9f252,Localization Stability,TF,Jump Angular,0,585.2
fbd88b73726fd05d8e35aee4efe9f252,Localization Stability,TF,Jump Linear,0,585.2
fbd88b73726fd05d8e35aee4efe9f252,Input Validity,Lidar,Lidar Rate,10,584.31
fbd88b73726fd05d8e35aee4efe9f252,Input Validity,Odometry,Odometry Rate,50,584.31
fbd88b73726fd05d8e35aee4efe9f252,Input Validity,TF,TF Rate,10,584.31
fbd88b73726fd05d8e35aee4efe9f252,Localization Stability,TF,Jump Angular,0,585.3
fbd88b73726fd05d8e35aee4efe9f252,Localization Stability,TF,Jump Linear,0,585.3
fbd88b73726fd05d8e35aee4efe9f252,Input Validity,Lidar,Lidar Rate,10,584.41
fbd88b73726fd05d8e35aee4efe9f252,Input Validity,Odometry,Odometry Rate,50,584.41
fbd88b73726fd05d8e35aee4efe9f252,Input Validity,TF,TF Rate,10,584.41
fbd88b73726fd05d8e35aee4efe9f252,Localization Stability,TF,Jump Angular,0,585.4
fbd88b73726fd05d8e35aee4efe9f252,Localization Stability,TF,Jump Linear,0,585.4
fbd88b73726fd05d8e35aee4efe9f252,Input Validity,Lidar,Lidar Rate,10,584.51
fbd88b73726fd05d8e35aee4efe9f252,Input Validity,Odometry,Odometry Rate,50,584.51
fbd88b73726fd05d8e35aee4efe9f252,Input Validity,TF,TF Rate,10,584.51
fbd88b73726fd05d8e35aee4efe9f252,Localization Stability,TF,Jump Angular,0,585.5
fbd88b73726fd05d8e35aee4efe9f252,Localization Stability,TF,Jump Linear,0,585.5
fbd88b73726fd05d8e35aee4efe9f252,Input Validity,Lidar,Lidar Rate,10,584.61
fbd88b73726fd05d8e35aee4efe9f252,Input Validity,Odometry,Odometry Rate,50,584.61
fbd88b73726fd05d8e35aee4efe9f252,Input Validity,TF,TF Rate,10,584.61
fbd88b73726fd05d8e35aee4efe9f252,Localization Stability,TF,Jump Angular,0,585.6
fbd88b73726fd05d8e35aee4efe9f252,Localization Stability,TF,Jump Linear,0,585.6
fbd88b73726fd05d8e35aee4efe9f252,Input Validity,Lidar,Lidar Rate,10,584.71
fbd88b73726fd05d8e35aee4efe9f252,Input Validity,Odometry,Odometry Rate,50,584.71
fbd88b73726fd05d8e35aee4efe9f252,Input Validity,TF,TF Rate,10,584.71
fbd88b73726fd05d8e35aee4efe9f252,Localization Stability,TF,Jump Angular,0,585.7
fbd88b73726fd05d8e35aee4efe9f252,Localization Stability,TF,Jump Linear,0,585.7
fbd88b73726fd05d8e35aee4efe9f252,Input Validity,Lidar,Lidar Rate,10,584.81
fbd88b73726fd05d8e35aee4efe9f252,Input Validity,Odometry,Odometry Rate,50,584.81
fbd88b73726fd05d8e35aee4efe9f252,Input Validity,TF,TF Rate,10,584.81
fbd88b73726fd05d8e35aee4efe9f252,Localization Stability,TF,Jump Angular,0,585.8
fbd88b73726fd05d8e35aee4efe9f252,Localization Stability,TF,Jump Linear,0,585.8
fbd88b73726fd05d8e35aee4efe9f252,Input Validity,Lidar,Lidar Rate,10,584.91
fbd88b73726fd05d8e35aee4efe9f252,Input Validity,Odometry,Odometry Rate,50,584.91
fbd88b73726fd05d8e35aee4efe9f252,Input Validity,TF,TF Rate,10,584.91
fbd88b73726fd05d8e35aee4efe9f252,Localization Stability,TF,Jump Angular,0,585.9
fbd88b73726fd05d8e35aee4efe9f252,Localization Stability,TF,Jump Linear,0,585.9
fbd88b73726fd05d8e35aee4efe9f252,Input Validity,Lidar,Lidar Rate,10,585.01
fbd88b73726fd05d8e35aee4efe9f252,Input Validity,Odometry,Odometry Rate,50,585.01
fbd88b73726fd05d8e35aee4efe9f252,Input Validity,TF,TF Rate,10,585.01
fbd88b73726fd05d8e35aee4efe9f252,Localization Stability,TF,Jump Angular,0,586
fbd88b73726fd05d8e35aee4efe9f252,Localization Stability,TF,Jump Linear,0,586
fbd88b73726fd05d8e35aee4efe9f252,Input Validity,Lidar,Lidar Rate,10,585.11
fbd88b73726fd05d8e35aee4efe9f252,Input Validity,Odometry,Odometry Rate,50,585.11
fbd88b73726fd05d8e35aee4efe9f252,Input Validity,TF,TF Rate,10,585.11
fbd88b73726fd05d8e35aee4efe9f252,Localization Stability,TF,Jump Angular,0,586.1
fbd88b73726fd05d8e35aee4efe9f252,Localization Stability,TF,Jump Linear,0,586.1
fbd88b73726fd05d8e35aee4efe9f252,Input Validity,Lidar,Lidar Rate,10,585.21
fbd88b73726fd05d8e35aee4efe9f252,Input Validity,Odometry,Odometry Rate,50,585.21
fbd88b73726fd05d8e35aee4efe9f252,Input Validity,TF,TF Rate,10,585.21
fbd88b73726fd05d8e35aee4efe9f252,Localization Stability,TF,Jump Angular,0,586.2
fbd88b73726fd05d8e35aee4efe9f252,Localization Stability,TF,Jump Linear,0,586.2
fbd88b73726fd05d8e35aee4efe9f252,Input Validity,Lidar,Lidar Rate,10,585.31
fbd88b73726fd05d8e35aee4efe9f252,Input Validity,Odometry,Odometry Rate,50,585.31
fbd88b73726fd05d8e35aee4efe9f252,Input Validity,TF,TF Rate,10,585.31
fbd88b73726fd05d8e35aee4efe9f252,Localization Stability,TF,Jump Angular,0,586.3
fbd88b73726fd05d8e35aee4efe9f252,Localization Stability,TF,Jump Linear,0,586.3
fbd88b73726fd05d8e35aee4efe9f252,Input Validity,Lidar,Lidar Rate,10,585.41
fbd88b73726fd05d8e35aee4efe9f252,Input Validity,Odometry,Odometry Rate,50,585.41
fbd88b73726fd05d8e35aee4efe9f252,Input Validity,TF,TF Rate,10,585.41
fbd88b73726fd05d8e35aee4efe9f252,Localization Stability,TF,Jump Angular,0,586.4
fbd88b73726fd05d8e35aee4efe9f252,Localization Stability,TF,Jump Linear,0,586.4
fbd88b73726fd05d8e35aee4efe9f252,Input Validity,Lidar,Lidar Rate,10,585.51
fbd88b73726fd05d8e35aee4efe9f252,Input Validity,Odometry,Odometry Rate,50,585.51
fbd88b73726fd05d8e35aee4efe9f252,Input Validity,TF,TF Rate,10,585.51
fbd88b73726fd05d8e35aee4efe9f252,Localization Stability,TF,Jump Angular,0,586.5
fbd88b73726fd05d8e35aee4efe9f252,Localization Stability,TF,Jump Linear,0,586.5
fbd88b73726fd05d8e35aee4efe9f252,Input Validity,Lidar,Lidar Rate,10,585.61
fbd88b73726fd05d8e35aee4efe9f252,Input Validity,Odometry,Odometry Rate,50,585.61
fbd88b73726fd05d8e35aee4efe9f252,Input Validity,TF,TF Rate,10,585.61
fbd88b73726fd05d8e35aee4efe9f252,Localization Stability,TF,Jump Angular,0,586.6
fbd88b73726fd05d8e35aee4efe9f252,Localization Stability,TF,Jump Linear,0,586.6
fbd88b73726fd05d8e35aee4efe9f252,Input Validity,Lidar,Lidar Rate,10,585.71
fbd88b73726fd05d8e35aee4efe9f252,Input Validity,Odometry,Odometry Rate,50,585.71
fbd88b73726fd05d8e35aee4efe9f252,Input Validity,TF,TF Rate,10,585.71
fbd88b73726fd05d8e35aee4efe9f252,Localization Stability,TF,Jump Angular,0,586.7
fbd88b73726fd05d8e35aee4efe9f252,Localization Stability,TF,Jump Linear,0,586.7
fbd88b73726fd05d8e35aee4efe9f252,Input Validity,Lidar,Lidar Rate,10,585.8
fbd88b73726fd05d8e35aee4efe9f252,Input Validity,Odometry,Odometry Rate,50,585.8
fbd88b73726fd05d8e35aee4efe9f252,Input Validity,TF,TF Rate,10,585.8
fbd88b73726fd05d8e35aee4efe9f252,Localization Stability,TF,Jump Angular,0,586.8
fbd88b73726fd05d8e35aee4efe9f252,Localization Stability,TF,Jump Linear,0,586.8
fbd88b73726fd05d8e35aee4efe9f252,Input Validity,Lidar,Lidar Rate,10,585.9
fbd88b73726fd05d8e35aee4efe9f252,Input Validity,Odometry,Odometry Rate,50,585.9
fbd88b73726fd05d8e35aee4efe9f252,Input Validity,TF,TF Rate,10,585.9
fbd88b73726fd05d8e35aee4efe9f252,Localization Stability,TF,Jump Angular,0,586.9
fbd88b73726fd05d8e35aee4efe9f252,Localization Stability,TF,Jump Linear,0,586.9
fbd88b73726fd05d8e35aee4efe9f252,Input Validity,Lidar,Lidar Rate,10,586
fbd88b73726fd05d8e35aee4efe9f252,Input Validity,Odometry,Odometry Rate,50,586
fbd88b73726fd05d8e35aee4efe9f252,Input Validity,TF,TF Rate,10,586
fbd88b73726fd05d8e35aee4efe9f252,Localization Stability,TF,Jump Angular,0,587
fbd88b73726fd05d8e35aee4efe9f252,Localization Stability,TF,Jump Linear,0,587
fbd88b73726fd05d8e35aee4efe9f252,Input Validity,Lidar,Lidar Rate,10,586.1
fbd88b73726fd05d8e35aee4efe9f252,Input Validity,Odometry,Odometry Rate,50,586.1
fbd88b73726fd05d8e35aee4efe9f252,Input Validity,TF,TF Rate,10,586.1
fbd88b73726fd05d8e35aee4efe9f252,Localization Stability,TF,Jump Angular,0,587.1
fbd88b73726fd05d8e35aee4efe9f252,Localization Stability,TF,Jump Linear,0,587.1
fbd88b73726fd05d8e35aee4efe9f252,Input Validity,Lidar,Lidar Rate,10,586.2
fbd88b73726fd05d8e35aee4efe9f252,Input Validity,Odometry,Odometry Rate,50,586.2
fbd88b73726fd05d8e35aee4efe9f252,Input Validity,TF,TF Rate,10,586.2
fbd88b73726fd05d8e35aee4efe9f252,Localization Stability,TF,Jump Angular,0,587.2
fbd88b73726fd05d8e35aee4efe9f252,Localization Stability,TF,Jump Linear,0,587.2
fbd88b73726fd05d8e35aee4efe9f252,Input Validity,Lidar,Lidar Rate,10,586.3
fbd88b73726fd05d8e35aee4efe9f252,Input Validity,Odometry,Odometry Rate,50,586.3
fbd88b73726fd05d8e35aee4efe9f252,Input Validity,TF,TF Rate,10,586.3
fbd88b73726fd05d8e35aee4efe9f252,Localization Stability,TF,Jump Angular,0,587.3
fbd88b73726fd05d8e35aee4efe9f252,Localization Stability,TF,Jump Linear,0,587.3
fbd88b73726fd05d8e35aee4efe9f252,Input Validity,Lidar,Lidar Rate,10,586.4
fbd88b73726fd05d8e35aee4efe9f252,Input Validity,Odometry,Odometry Rate,50,586.4
fbd88b73726fd05d8e35aee4efe9f252,Input Validity,TF,TF Rate,10,586.4
fbd88b73726fd05d8e35aee4efe9f252,Localization Stability,TF,Jump Angular,0,587.4
fbd88b73726fd05d8e35aee4efe9f252,Localization Stability,TF,Jump Linear,0,587.4
fbd88b73726fd05d8e35aee4efe9f252,Input Validity,Lidar,Lidar Rate,10,586.5
fbd88b73726fd05d8e35aee4efe9f252,Input Validity,Odometry,Odometry Rate,50,586.5
fbd88b73726fd05d8e35aee4efe9f252,Input Validity,TF,TF Rate,10,586.5
fbd88b73726fd05d8e35aee4efe9f252,Localization Stability,TF,Jump Angular,0,587.5
fbd88b73726fd05d8e35aee4efe9f252,Localization Stability,TF,Jump Linear,0,587.5
fbd88b73726fd05d8e35aee4efe9f252,Input Validity,Lidar,Lidar Rate,10,586.6
fbd88b73726fd05d8e35aee4efe9f252,Input Validity,Odometry,Odometry Rate,50,586.6
fbd88b73726fd05d8e35aee4efe9f252,Input Validity,TF,TF Rate,10,586.6
fbd88b73726fd05d8e35aee4efe9f252,Localization Stability,TF,Jump Angular,0,587.6
fbd88b73726fd05d8e35aee4efe9f252,Localization Stability,TF,Jump Linear,0,587.6
fbd88b73726fd05d8e35aee4efe9f252,Input Validity,Lidar,Lidar Rate,10,586.7
fbd88b73726fd05d8e35aee4efe9f252,Input Validity,Odometry,Odometry Rate,50,586.7
fbd88b73726fd05d8e35aee4efe9f252,Input Validity,TF,TF Rate,10,586.7
fbd88b73726fd05d8e35aee4efe9f252,Localization Stability,TF,Jump Angular,0,587.7
fbd88b73726fd05d8e35aee4efe9f252,Localization Stability,TF,Jump Linear,0,587.7
fbd88b73726fd05d8e35aee4efe9f252,Input Validity,Lidar,Lidar Rate,10,586.8
fbd88b73726fd05d8e35aee4efe9f252,Input Validity,Odometry,Odometry Rate,50,586.8
fbd88b73726fd05d8e35aee4efe9f252,Input Validity,TF,TF Rate,10,586.8
fbd88b73726fd05d8e35aee4efe9f252,Localization Stability,TF,Jump Angular,0,587.8
fbd88b73726fd05d8e35aee4efe9f252,Localization Stability,TF,Jump Linear,0,587.8
fbd88b73726fd05d8e35aee4efe9f252,Input Validity,Lidar,Lidar Rate,10,586.9
fbd88b73726fd05d8e35aee4efe9f252,Input Validity,Odometry,Odometry Rate,50,586.9
fbd88b73726fd05d8e35aee4efe9f252,Input Validity,TF,TF Rate,10,586.9
fbd88b73726fd05d8e35aee4efe9f252,Localization Stability,TF,Jump Angular,0,587.9
fbd88b73726fd05d8e35aee4efe9f252,Localization Stability,TF,Jump Linear,0,587.9
fbd88b73726fd05d8e35aee4efe9f252,Input Validity,Lidar,Lidar Rate,10,587
fbd88b73726fd05d8e35aee4efe9f252,Input Validity,Odometry,Odometry Rate,50,587
fbd88b73726fd05d8e35aee4efe9f252,Input Validity,TF,TF Rate,10,587
fbd88b73726fd05d8e35aee4efe9f252,Localization Stability,TF,Jump Angular,0,588
fbd88b73726fd05d8e35aee4efe9f252,Localization Stability,TF,Jump Linear,0,588
fbd88b73726fd05d8e35aee4efe9f252,Input Validity,Lidar,Lidar Rate,10,587.1
fbd88b73726fd05d8e35aee4efe9f252,Input Validity,Odometry,Odometry Rate,50,587.1
fbd88b73726fd05d8e35aee4efe9f252,Input Validity,TF,TF Rate,10,587.1
fbd88b73726fd05d8e35aee4efe9f252,Localization Stability,TF,Jump Angular,0,588.1
fbd88b73726fd05d8e35aee4efe9f252,Localization Stability,TF,Jump Linear,0,588.1
fbd88b73726fd05d8e35aee4efe9f252,Input Validity,Lidar,Lidar Rate,10,587.2
fbd88b73726fd05d8e35aee4efe9f252,Input Validity,Odometry,Odometry Rate,50,587.2
fbd88b73726fd05d8e35aee4efe9f252,Input Validity,TF,TF Rate,10,587.2
fbd88b73726fd05d8e35aee4efe9f252,Localization Stability,TF,Jump Angular,0,588.2
fbd88b73726fd05d8e35aee4efe9f252,Localization Stability,TF,Jump Linear,0,588.2
fbd88b73726fd05d8e35aee4efe9f252,Input Validity,Lidar,Lidar Rate,10,587.3
fbd88b73726fd05d8e35aee4efe9f252,Input Validity,Odometry,Odometry Rate,50,587.3
fbd88b73726fd05d8e35aee4efe9f252,Input Validity,TF,TF Rate,10,587.3
fbd88b73726fd05d8e35aee4efe9f252,Localization Stability,TF,Jump Angular,0,588.3
fbd88b73726fd05d8e35aee4efe9f252,Localization Stability,TF,Jump Linear,0,588.3
fbd88b73726fd05d8e35aee4efe9f252,Input Validity,Lidar,Lidar Rate,10,587.4
fbd88b73726fd05d8e35aee4efe9f252,Input Validity,Odometry,Odometry Rate,50,587.4
fbd88b73726fd05d8e35aee4efe9f252,Input Validity,TF,TF Rate,10,587.4
fbd88b73726fd05d8e35aee4efe9f252,Localization Stability,TF,Jump Angular,0,588.4
fbd88b73726fd05d8e35aee4efe9f252,Localization Stability,TF,Jump Linear,0,588.4
fbd88b73726fd05d8e35aee4efe9f252,Input Validity,Lidar,Lidar Rate,10,587.5
fbd88b73726fd05d8e35aee4efe9f252,Input Validity,Odometry,Odometry Rate,50,587.5
fbd88b73726fd05d8e35aee4efe9f252,Input Validity,TF,TF Rate,10,587.5
fbd88b73726fd05d8e35aee4efe9f252,Localization Stability,TF,Jump Angular,0,588.5
fbd88b73726fd05d8e35aee4efe9f252,Localization Stability,TF,Jump Linear,0,588.5
fbd88b73726fd05d8e35aee4efe9f252,Input Validity,Lidar,Lidar Rate,10,587.6
fbd88b73726fd05d8e35aee4efe9f252,Input Validity,Odometry,Odometry Rate,50,587.6
fbd88b73726fd05d8e35aee4efe9f252,Input Validity,TF,TF Rate,10,587.6
fbd88b73726fd05d8e35aee4efe9f252,Localization Stability,TF,Jump Angular,0,588.6
fbd88b73726fd05d8e35aee4efe9f252,Localization Stability,TF,Jump Linear,0,588.6
fbd88b73726fd05d8e35aee4efe9f252,Input Validity,Lidar,Lidar Rate,10,587.69
fbd88b73726fd05d8e35aee4efe9f252,Input Validity,Odometry,Odometry Rate,50,587.69
fbd88b73726fd05d8e35aee4efe9f252,Input Validity,TF,TF Rate,10,587.69
fbd88b73726fd05d8e35aee4efe9f252,Localization Stability,TF,Jump Angular,0,588.7
fbd88b73726fd05d8e35aee4efe9f252,Localization Stability,TF,Jump Linear,0,588.7
fbd88b73726fd05d8e35aee4efe9f252,Input Validity,Lidar,Lidar Rate,10,587.79
fbd88b73726fd05d8e35aee4efe9f252,Input Validity,Odometry,Odometry Rate,50,587.79
fbd88b73726fd05d8e35aee4efe9f252,Input Validity,TF,TF Rate,10,587.79
fbd88b73726fd05d8e35aee4efe9f252,Localization Stability,TF,Jump Angular,0,588.8
fbd88b73726fd05d8e35aee4efe9f252,Localization Stability,TF,Jump Linear,0,588.8
fbd88b73726fd05d8e35aee4efe9f252,Input Validity,Lidar,Lidar Rate,10,587.89
fbd88b73726fd05d8e35aee4efe9f252,Input Validity,Odometry,Odometry Rate,50,587.89
fbd88b73726fd05d8e35aee4efe9f252,Input Validity,TF,TF Rate,10,587.89
fbd88b73726fd05d8e35aee4efe9f252,Localization Stability,TF,Jump Angular,0,588.9
fbd88b73726fd05d8e35aee4efe9f252,Localization Stability,TF,Jump Linear,0,588.9
fbd88b73726fd05d8e35aee4efe9f252,Input Validity,Lidar,Lidar Rate,10,587.99
fbd88b73726fd05d8e35aee4efe9f252,Input Validity,Odometry,Odometry Rate,50,587.99
fbd88b73726fd05d8e35aee4efe9f252,Input Validity,TF,TF Rate,10,587.99
fbd88b73726fd05d8e35aee4efe9f252,Localization Stability,TF,Jump Angular,0,589
fbd88b73726fd05d8e35aee4efe9f252,Localization Stability,TF,Jump Linear,0,589
fbd88b73726fd05d8e35aee4efe9f252,Input Validity,Lidar,Lidar Rate,10,588.09
fbd88b73726fd05d8e35aee4efe9f252,Input Validity,Odometry,Odometry Rate,50,588.09
fbd88b73726fd05d8e35aee4efe9f252,Input Validity,TF,TF Rate,10,588.09
fbd88b73726fd05d8e35aee4efe9f252,Localization Stability,TF,Jump Angular,0,589.1
fbd88b73726fd05d8e35aee4efe9f252,Localization Stability,TF,Jump Linear,0,589.1
fbd88b73726fd05d8e35aee4efe9f252,Input Validity,Lidar,Lidar Rate,10,588.19
fbd88b73726fd05d8e35aee4efe9f252,Input Validity,Odometry,Odometry Rate,50,588.19
fbd88b73726fd05d8e35aee4efe9f252,Input Validity,TF,TF Rate,10,588.19
fbd88b73726fd05d8e35aee4efe9f252,Input Validity,Lidar,Lidar Rate,10,588.29
fbd88b73726fd05d8e35aee4efe9f252,Input Validity,Odometry,Odometry Rate,50,588.29
fbd88b73726fd05d8e35aee4efe9f252,Input Validity,TF,TF Rate,10,588.29
fbd88b73726fd05d8e35aee4efe9f252,Input Validity,Lidar,Lidar Rate,10,588.39
fbd88b73726fd05d8e35aee4efe9f252,Input Validity,Odometry,Odometry Rate,50,588.39
fbd88b73726fd05d8e35aee4efe9f252,Input Validity,TF,TF Rate,10,588.39
fbd88b73726fd05d8e35aee4efe9f252,Input Validity,Lidar,Lidar Rate,10,588.49
fbd88b73726fd05d8e35aee4efe9f252,Input Validity,Odometry,Odometry Rate,50,588.49
fbd88b73726fd05d8e35aee4efe9f252,Input Validity,TF,TF Rate,10,588.49
fbd88b73726fd05d8e35aee4efe9f252,Localization Quality,AMCLPose,CovYawYaw,2.55193,588.2
fbd88b73726fd05d8e35aee4efe9f252,Localization Quality,AMCLPose,CovYY,5.4763,588.2
fbd88b73726fd05d8e35aee4efe9f252,Localization Quality,AMCLPose,CovXX,22.6911,588.2
fbd88b73726fd05d8e35aee4efe9f252,Localization Quality,AMCLPose,MeanYaw,-0.733132,588.2
fbd88b73726fd05d8e35aee4efe9f252,Localization Quality,AMCLPose,MeanY,-0.728223,588.2
fbd88b73726fd05d8e35aee4efe9f252,Localization Quality,AMCLPose,MeanX,5.15946,588.2
fbd88b73726fd05d8e35aee4efe9f252,Localization Stability,TF,Jump Angular,-0.528755,589.2
fbd88b73726fd05d8e35aee4efe9f252,Localization Stability,TF,Jump Linear,10.6474,589.2
fbd88b73726fd05d8e35aee4efe9f252,Localization Stability,TF,Jump Angular,0,589.3
fbd88b73726fd05d8e35aee4efe9f252,Localization Stability,TF,Jump Linear,0,589.3
fbd88b73726fd05d8e35aee4efe9f252,Localization Stability,TF,Jump Angular,0,589.4
fbd88b73726fd05d8e35aee4efe9f252,Localization Stability,TF,Jump Linear,0,589.4
fbd88b73726fd05d8e35aee4efe9f252,Localization Stability,TF,Jump Angular,0,589.5
fbd88b73726fd05d8e35aee4efe9f252,Localization Stability,TF,Jump Linear,0,589.5
fbd88b73726fd05d8e35aee4efe9f252,Input Validity,Lidar,Lidar Rate,10,588.59
fbd88b73726fd05d8e35aee4efe9f252,Input Validity,Odometry,Odometry Rate,50,588.59
fbd88b73726fd05d8e35aee4efe9f252,Input Validity,TF,TF Rate,10,588.59
fbd88b73726fd05d8e35aee4efe9f252,Localization Stability,TF,Jump Angular,0,589.6
fbd88b73726fd05d8e35aee4efe9f252,Localization Stability,TF,Jump Linear,0,589.6
fbd88b73726fd05d8e35aee4efe9f252,Input Validity,Lidar,Lidar Rate,10,588.69
fbd88b73726fd05d8e35aee4efe9f252,Input Validity,Odometry,Odometry Rate,50,588.69
fbd88b73726fd05d8e35aee4efe9f252,Input Validity,TF,TF Rate,10,588.69
fbd88b73726fd05d8e35aee4efe9f252,Localization Stability,TF,Jump Angular,0,589.7
fbd88b73726fd05d8e35aee4efe9f252,Localization Stability,TF,Jump Linear,0,589.7
fbd88b73726fd05d8e35aee4efe9f252,Input Validity,Lidar,Lidar Rate,10,588.79
fbd88b73726fd05d8e35aee4efe9f252,Input Validity,Odometry,Odometry Rate,50,588.79
fbd88b73726fd05d8e35aee4efe9f252,Input Validity,TF,TF Rate,10,588.79
fbd88b73726fd05d8e35aee4efe9f252,Localization Stability,TF,Jump Angular,0,589.8
fbd88b73726fd05d8e35aee4efe9f252,Localization Stability,TF,Jump Linear,0,589.8
fbd88b73726fd05d8e35aee4efe9f252,Input Validity,Lidar,Lidar Rate,10,588.89
fbd88b73726fd05d8e35aee4efe9f252,Input Validity,Odometry,Odometry Rate,50,588.89
fbd88b73726fd05d8e35aee4efe9f252,Input Validity,TF,TF Rate,10,588.89
fbd88b73726fd05d8e35aee4efe9f252,Input Validity,Lidar,Lidar Rate,10,588.99
fbd88b73726fd05d8e35aee4efe9f252,Input Validity,Odometry,Odometry Rate,50,588.99
fbd88b73726fd05d8e35aee4efe9f252,Input Validity,TF,TF Rate,10,588.99
fbd88b73726fd05d8e35aee4efe9f252,Input Validity,Lidar,Lidar Rate,10,589.09
fbd88b73726fd05d8e35aee4efe9f252,Input Validity,Odometry,Odometry Rate,50,589.09
fbd88b73726fd05d8e35aee4efe9f252,Input Validity,TF,TF Rate,10,589.09
fbd88b73726fd05d8e35aee4efe9f252,Input Validity,Lidar,Lidar Rate,10,589.19
fbd88b73726fd05d8e35aee4efe9f252,Input Validity,Odometry,Odometry Rate,50,589.19
fbd88b73726fd05d8e35aee4efe9f252,Input Validity,TF,TF Rate,10,589.19
fbd88b73726fd05d8e35aee4efe9f252,Localization Quality,AMCLPose,CovYawYaw,2.21761,588.9
fbd88b73726fd05d8e35aee4efe9f252,Localization Quality,AMCLPose,CovYY,4.96074,588.9
fbd88b73726fd05d8e35aee4efe9f252,Localization Quality,AMCLPose,CovXX,22.8905,588.9
fbd88b73726fd05d8e35aee4efe9f252,Localization Quality,AMCLPose,MeanYaw,-1.06318,588.9
fbd88b73726fd05d8e35aee4efe9f252,Localization Quality,AMCLPose,MeanY,-1.61068,588.9
fbd88b73726fd05d8e35aee4efe9f252,Localization Quality,AMCLPose,MeanX,6.24023,588.9
fbd88b73726fd05d8e35aee4efe9f252,Localization Stability,TF,Jump Angular,-0.330051,589.9
fbd88b73726fd05d8e35aee4efe9f252,Localization Stability,TF,Jump Linear,7.48814,589.9
fbd88b73726fd05d8e35aee4efe9f252,Localization Stability,TF,Jump Angular,0,590
fbd88b73726fd05d8e35aee4efe9f252,Localization Stability,TF,Jump Linear,0,590
fbd88b73726fd05d8e35aee4efe9f252,Localization Stability,TF,Jump Angular,0,590.1
fbd88b73726fd05d8e35aee4efe9f252,Localization Stability,TF,Jump Linear,0,590.1
fbd88b73726fd05d8e35aee4efe9f252,Localization Stability,TF,Jump Angular,0,590.2
fbd88b73726fd05d8e35aee4efe9f252,Localization Stability,TF,Jump Linear,0,590.2
fbd88b73726fd05d8e35aee4efe9f252,Input Validity,Lidar,Lidar Rate,10,589.29
fbd88b73726fd05d8e35aee4efe9f252,Input Validity,Odometry,Odometry Rate,50,589.29
fbd88b73726fd05d8e35aee4efe9f252,Input Validity,TF,TF Rate,10,589.29
fbd88b73726fd05d8e35aee4efe9f252,Localization Stability,TF,Jump Angular,0,590.3
fbd88b73726fd05d8e35aee4efe9f252,Localization Stability,TF,Jump Linear,0,590.3
fbd88b73726fd05d8e35aee4efe9f252,Input Validity,Lidar,Lidar Rate,10,589.38
fbd88b73726fd05d8e35aee4efe9f252,Input Validity,Odometry,Odometry Rate,50,589.38
fbd88b73726fd05d8e35aee4efe9f252,Input Validity,TF,TF Rate,10,589.38
fbd88b73726fd05d8e35aee4efe9f252,Localization Stability,TF,Jump Angular,0,590.4
fbd88b73726fd05d8e35aee4efe9f252,Localization Stability,TF,Jump Linear,0,590.4
fbd88b73726fd05d8e35aee4efe9f252,Input Validity,Lidar,Lidar Rate,10,589.48
fbd88b73726fd05d8e35aee4efe9f252,Input Validity,Odometry,Odometry Rate,50,589.48
fbd88b73726fd05d8e35aee4efe9f252,Input Validity,TF,TF Rate,10,589.48
fbd88b73726fd05d8e35aee4efe9f252,Localization Stability,TF,Jump Angular,0,590.5
fbd88b73726fd05d8e35aee4efe9f252,Localization Stability,TF,Jump Linear,0,590.5
fbd88b73726fd05d8e35aee4efe9f252,Input Validity,Lidar,Lidar Rate,10,589.58
fbd88b73726fd05d8e35aee4efe9f252,Input Validity,Odometry,Odometry Rate,50,589.58
fbd88b73726fd05d8e35aee4efe9f252,Input Validity,TF,TF Rate,10,589.58
fbd88b73726fd05d8e35aee4efe9f252,Input Validity,Lidar,Lidar Rate,10,589.68
fbd88b73726fd05d8e35aee4efe9f252,Input Validity,Odometry,Odometry Rate,50,589.68
fbd88b73726fd05d8e35aee4efe9f252,Input Validity,TF,TF Rate,10,589.68
fbd88b73726fd05d8e35aee4efe9f252,Input Validity,Lidar,Lidar Rate,10,589.78
fbd88b73726fd05d8e35aee4efe9f252,Input Validity,Odometry,Odometry Rate,50,589.78
fbd88b73726fd05d8e35aee4efe9f252,Input Validity,TF,TF Rate,10,589.78
fbd88b73726fd05d8e35aee4efe9f252,Input Validity,Lidar,Lidar Rate,10,589.88
fbd88b73726fd05d8e35aee4efe9f252,Input Validity,Odometry,Odometry Rate,50,589.88
fbd88b73726fd05d8e35aee4efe9f252,Input Validity,TF,TF Rate,10,589.88
fbd88b73726fd05d8e35aee4efe9f252,Localization Quality,AMCLPose,CovYawYaw,1.93207,589.6
fbd88b73726fd05d8e35aee4efe9f252,Localization Quality,AMCLPose,CovYY,4.63325,589.6
fbd88b73726fd05d8e35aee4efe9f252,Localization Quality,AMCLPose,CovXX,23.543,589.6
fbd88b73726fd05d8e35aee4efe9f252,Localization Quality,AMCLPose,MeanYaw,-1.18104,589.6
fbd88b73726fd05d8e35aee4efe9f252,Localization Quality,AMCLPose,MeanY,-1.55765,589.6
fbd88b73726fd05d8e35aee4efe9f252,Localization Quality,AMCLPose,MeanX,6.42158,589.6
fbd88b73726fd05d8e35aee4efe9f252,Localization Stability,TF,Jump Angular,-0.117861,590.6
fbd88b73726fd05d8e35aee4efe9f252,Localization Stability,TF,Jump Linear,2.83648,590.6
fbd88b73726fd05d8e35aee4efe9f252,Localization Stability,TF,Jump Angular,0,590.7
fbd88b73726fd05d8e35aee4efe9f252,Localization Stability,TF,Jump Linear,0,590.7
fbd88b73726fd05d8e35aee4efe9f252,Localization Stability,TF,Jump Angular,0,590.8
fbd88b73726fd05d8e35aee4efe9f252,Localization Stability,TF,Jump Linear,0,590.8
fbd88b73726fd05d8e35aee4efe9f252,Input Validity,Lidar,Lidar Rate,10,589.98
fbd88b73726fd05d8e35aee4efe9f252,Input Validity,Odometry,Odometry Rate,50,589.98
fbd88b73726fd05d8e35aee4efe9f252,Input Validity,TF,TF Rate,10,589.98
fbd88b73726fd05d8e35aee4efe9f252,Input Validity,Lidar,Lidar Rate,10,590.07
fbd88b73726fd05d8e35aee4efe9f252,Input Validity,Odometry,Odometry Rate,50,590.07
fbd88b73726fd05d8e35aee4efe9f252,Input Validity,TF,TF Rate,10,590.07
fbd88b73726fd05d8e35aee4efe9f252,Localization Quality,AMCLPose,CovYawYaw,1.95788,589.9
fbd88b73726fd05d8e35aee4efe9f252,Localization Quality,AMCLPose,CovYY,4.71261,589.9
fbd88b73726fd05d8e35aee4efe9f252,Localization Quality,AMCLPose,CovXX,23.3115,589.9
fbd88b73726fd05d8e35aee4efe9f252,Localization Quality,AMCLPose,MeanYaw,-1.08333,589.9
fbd88b73726fd05d8e35aee4efe9f252,Localization Quality,AMCLPose,MeanY,-1.40523,589.9
fbd88b73726fd05d8e35aee4efe9f252,Localization Quality,AMCLPose,MeanX,6.42637,589.9
fbd88b73726fd05d8e35aee4efe9f252,Localization Stability,TF,Jump Angular,0.200948,590.9
fbd88b73726fd05d8e35aee4efe9f252,Localization Stability,TF,Jump Linear,5.22193,590.9
fbd88b73726fd05d8e35aee4efe9f252,Input Validity,Lidar,Lidar Rate,10,590.17
fbd88b73726fd05d8e35aee4efe9f252,Input Validity,Odometry,Odometry Rate,50,590.17
fbd88b73726fd05d8e35aee4efe9f252,Input Validity,TF,TF Rate,10,590.17
fbd88b73726fd05d8e35aee4efe9f252,Localization Quality,AMCLPose,CovYawYaw,1.98835,590
fbd88b73726fd05d8e35aee4efe9f252,Localization Quality,AMCLPose,CovYY,4.7514,590
fbd88b73726fd05d8e35aee4efe9f252,Localization Quality,AMCLPose,CovXX,23.096,590
fbd88b73726fd05d8e35aee4efe9f252,Localization Quality,AMCLPose,MeanYaw,-1.29176,590
fbd88b73726fd05d8e35aee4efe9f252,Localization Quality,AMCLPose,MeanY,-1.60308,590
fbd88b73726fd05d8e35aee4efe9f252,Localization Quality,AMCLPose,MeanX,6.43488,590
fbd88b73726fd05d8e35aee4efe9f252,Localization Stability,TF,Jump Angular,-0.130822,591
fbd88b73726fd05d8e35aee4efe9f252,Localization Stability,TF,Jump Linear,3.38681,591
fbd88b73726fd05d8e35aee4efe9f252,Input Validity,Lidar,Lidar Rate,10,590.27
fbd88b73726fd05d8e35aee4efe9f252,Input Validity,Odometry,Odometry Rate,50,590.27
fbd88b73726fd05d8e35aee4efe9f252,Input Validity,TF,TF Rate,10,590.27
fbd88b73726fd05d8e35aee4efe9f252,Localization Quality,AMCLPose,CovYawYaw,2.00855,590.1
fbd88b73726fd05d8e35aee4efe9f252,Localization Quality,AMCLPose,CovYY,4.77385,590.1
fbd88b73726fd05d8e35aee4efe9f252,Localization Quality,AMCLPose,CovXX,23.18,590.1
fbd88b73726fd05d8e35aee4efe9f252,Localization Quality,AMCLPose,MeanYaw,-1.4266,590.1
fbd88b73726fd05d8e35aee4efe9f252,Localization Quality,AMCLPose,MeanY,-1.53348,590.1
fbd88b73726fd05d8e35aee4efe9f252,Localization Quality,AMCLPose,MeanX,6.42158,590.1
fbd88b73726fd05d8e35aee4efe9f252,Localization Stability,TF,Jump Angular,-0.0409895,591.1
fbd88b73726fd05d8e35aee4efe9f252,Localization Stability,TF,Jump Linear,1.09722,591.1
fbd88b73726fd05d8e35aee4efe9f252,Input Validity,Lidar,Lidar Rate,10,590.37
fbd88b73726fd05d8e35aee4efe9f252,Input Validity,Odometry,Odometry Rate,50,590.37
fbd88b73726fd05d8e35aee4efe9f252,Input Validity,TF,TF Rate,10,590.37
fbd88b73726fd05d8e35aee4efe9f252,Localization Quality,AMCLPose,CovYawYaw,2.00685,590.2
fbd88b73726fd05d8e35aee4efe9f252,Localization Quality,AMCLPose,CovYY,4.76723,590.2
fbd88b73726fd05d8e35aee4efe9f252,Localization Quality,AMCLPose,CovXX,23.4042,590.2
fbd88b73726fd05d8e35aee4efe9f252,Localization Quality,AMCLPose,MeanYaw,-1.5615,590.2
fbd88b73726fd05d8e35aee4efe9f252,Localization Quality,AMCLPose,MeanY,-1.56539,590.2
fbd88b73726fd05d8e35aee4efe9f252,Localization Quality,AMCLPose,MeanX,6.39711,590.2
fbd88b73726fd05d8e35aee4efe9f252,Localization Stability,TF,Jump Angular,-0.0251085,591.2
fbd88b73726fd05d8e35aee4efe9f252,Localization Stability,TF,Jump Linear,0.672667,591.2
fbd88b73726fd05d8e35aee4efe9f252,Input Validity,Lidar,Lidar Rate,10,590.47
fbd88b73726fd05d8e35aee4efe9f252,Input Validity,Odometry,Odometry Rate,50,590.47
fbd88b73726fd05d8e35aee4efe9f252,Input Validity,TF,TF Rate,10,590.47
fbd88b73726fd05d8e35aee4efe9f252,Input Validity,Lidar,Lidar Rate,10,590.57
fbd88b73726fd05d8e35aee4efe9f252,Input Validity,Odometry,Odometry Rate,50,590.57
fbd88b73726fd05d8e35aee4efe9f252,Input Validity,TF,TF Rate,10,590.57
fbd88b73726fd05d8e35aee4efe9f252,Localization Quality,AMCLPose,CovYawYaw,1.54505,590.3
fbd88b73726fd05d8e35aee4efe9f252,Localization Quality,AMCLPose,CovYY,4.24226,590.3
fbd88b73726fd05d8e35aee4efe9f252,Localization Quality,AMCLPose,CovXX,24.8553,590.3
fbd88b73726fd05d8e35aee4efe9f252,Localization Quality,AMCLPose,MeanYaw,-1.72765,590.3
fbd88b73726fd05d8e35aee4efe9f252,Localization Quality,AMCLPose,MeanY,-1.28475,590.3
fbd88b73726fd05d8e35aee4efe9f252,Localization Quality,AMCLPose,MeanX,6.5135,590.3
fbd88b73726fd05d8e35aee4efe9f252,Localization Stability,TF,Jump Angular,-0.0392415,591.3
fbd88b73726fd05d8e35aee4efe9f252,Localization Stability,TF,Jump Linear,1.02676,591.3
fbd88b73726fd05d8e35aee4efe9f252,Input Validity,Lidar,Lidar Rate,10,590.67
fbd88b73726fd05d8e35aee4efe9f252,Input Validity,Odometry,Odometry Rate,50,590.67
fbd88b73726fd05d8e35aee4efe9f252,Input Validity,TF,TF Rate,10,590.67
fbd88b73726fd05d8e35aee4efe9f252,Input Validity,Lidar,Lidar Rate,10,590.77
fbd88b73726fd05d8e35aee4efe9f252,Input Validity,Odometry,Odometry Rate,50,590.77
fbd88b73726fd05d8e35aee4efe9f252,Input Validity,TF,TF Rate,10,590.77
fbd88b73726fd05d8e35aee4efe9f252,Input Validity,Lidar,Lidar Rate,10,590.87
fbd88b73726fd05d8e35aee4efe9f252,Input Validity,Odometry,Odometry Rate,50,590.87
fbd88b73726fd05d8e35aee4efe9f252,Input Validity,TF,TF Rate,10,590.87
fbd88b73726fd05d8e35aee4efe9f252,Input Validity,Lidar,Lidar Rate,10,590.97
fbd88b73726fd05d8e35aee4efe9f252,Input Validity,Odometry,Odometry Rate,50,590.97
fbd88b73726fd05d8e35aee4efe9f252,Input Validity,TF,TF Rate,10,590.97
fbd88b73726fd05d8e35aee4efe9f252,Localization Quality,AMCLPose,CovYawYaw,1.23701,590.4
fbd88b73726fd05d8e35aee4efe9f252,Localization Quality,AMCLPose,CovYY,3.84764,590.4
fbd88b73726fd05d8e35aee4efe9f252,Localization Quality,AMCLPose,CovXX,23.5307,590.4
fbd88b73726fd05d8e35aee4efe9f252,Localization Quality,AMCLPose,MeanYaw,-2.05425,590.4
fbd88b73726fd05d8e35aee4efe9f252,Localization Quality,AMCLPose,MeanY,-1.50517,590.4
fbd88b73726fd05d8e35aee4efe9f252,Localization Quality,AMCLPose,MeanX,6.56932,590.4
fbd88b73726fd05d8e35aee4efe9f252,Localization Stability,TF,Jump Angular,-0.18261,591.4
fbd88b73726fd05d8e35aee4efe9f252,Localization Stability,TF,Jump Linear,4.62899,591.4
fbd88b73726fd05d8e35aee4efe9f252,Input Validity,Lidar,Lidar Rate,10,591.07
fbd88b73726fd05d8e35aee4efe9f252,Input Validity,Odometry,Odometry Rate,50,591.07
fbd88b73726fd05d8e35aee4efe9f252,Input Validity,TF,TF Rate,10,591.07
fbd88b73726fd05d8e35aee4efe9f252,Input Validity,Lidar,Lidar Rate,10,591.17
fbd88b73726fd05d8e35aee4efe9f252,Input Validity,Odometry,Odometry Rate,50,591.17
fbd88b73726fd05d8e35aee4efe9f252,Input Validity,TF,TF Rate,10,591.17
fbd88b73726fd05d8e35aee4efe9f252,Input Validity,Lidar,Lidar Rate,10,591.27
fbd88b73726fd05d8e35aee4efe9f252,Input Validity,Odometry,Odometry Rate,50,591.27
fbd88b73726fd05d8e35aee4efe9f252,Input Validity,TF,TF Rate,10,591.27
fbd88b73726fd05d8e35aee4efe9f252,Input Validity,Lidar,Lidar Rate,10,591.37
fbd88b73726fd05d8e35aee4efe9f252,Input Validity,Odometry,Odometry Rate,50,591.37
fbd88b73726fd05d8e35aee4efe9f252,Input Validity,TF,TF Rate,10,591.37
fbd88b73726fd05d8e35aee4efe9f252,Localization Quality,AMCLPose,CovYawYaw,1.03524,590.5
fbd88b73726fd05d8e35aee4efe9f252,Localization Quality,AMCLPose,CovYY,3.56584,590.5
fbd88b73726fd05d8e35aee4efe9f252,Localization Quality,AMCLPose,CovXX,20.8498,590.5
fbd88b73726fd05d8e35aee4efe9f252,Localization Quality,AMCLPose,MeanYaw,-2.8712,590.5
fbd88b73726fd05d8e35aee4efe9f252,Localization Quality,AMCLPose,MeanY,-2.8575,590.5
fbd88b73726fd05d8e35aee4efe9f252,Localization Quality,AMCLPose,MeanX,6.50982,590.5
fbd88b73726fd05d8e35aee4efe9f252,Localization Stability,TF,Jump Angular,-0.656005,591.5
fbd88b73726fd05d8e35aee4efe9f252,Localization Stability,TF,Jump Linear,15.9222,591.5
fbd88b73726fd05d8e35aee4efe9f252,Input Validity,Lidar,Lidar Rate,10,591.47
fbd88b73726fd05d8e35aee4efe9f252,Input Validity,Odometry,Odometry Rate,50,591.47
fbd88b73726fd05d8e35aee4efe9f252,Input Validity,TF,TF Rate,10,591.47
fbd88b73726fd05d8e35aee4efe9f252,Localization Quality,AMCLPose,CovYawYaw,0.954408,590.9
fbd88b73726fd05d8e35aee4efe9f252,Localization Quality,AMCLPose,CovYY,3.33796,590.9
fbd88b73726fd05d8e35aee4efe9f252,Localization Quality,AMCLPose,CovXX,19.8318,590.9
fbd88b73726fd05d8e35aee4efe9f252,Localization Quality,AMCLPose,MeanYaw,2.80231,590.9
fbd88b73726fd05d8e35aee4efe9f252,Localization Quality,AMCLPose,MeanY,-2.96901,590.9
fbd88b73726fd05d8e35aee4efe9f252,Localization Quality,AMCLPose,MeanX,6.52491,590.9
fbd88b73726fd05d8e35aee4efe9f252,Localization Stability,TF,Jump Angular,-0.00151931,591.9
fbd88b73726fd05d8e35aee4efe9f252,Localization Stability,TF,Jump Linear,0.0831859,591.9
fbd88b73726fd05d8e35aee4efe9f252,Localization Stability,TF,Jump Angular,0,592
fbd88b73726fd05d8e35aee4efe9f252,Localization Stability,TF,Jump Linear,0,592
fbd88b73726fd05d8e35aee4efe9f252,Localization Stability,TF,Jump Angular,0,592.1
fbd88b73726fd05d8e35aee4efe9f252,Localization Stability,TF,Jump Linear,0,592.1
fbd88b73726fd05d8e35aee4efe9f252,Localization Stability,TF,Jump Angular,0,592.2
fbd88b73726fd05d8e35aee4efe9f252,Localization Stability,TF,Jump Linear,0,592.2
fbd88b73726fd05d8e35aee4efe9f252,Input Validity,Lidar,Lidar Rate,10,591.57
fbd88b73726fd05d8e35aee4efe9f252,Input Validity,Odometry,Odometry Rate,50,591.57
fbd88b73726fd05d8e35aee4efe9f252,Input Validity,TF,TF Rate,8.5,591.57
fbd88b73726fd05d8e35aee4efe9f252,Localization Quality,AMCLPose,CovYawYaw,0.877436,591.3
fbd88b73726fd05d8e35aee4efe9f252,Localization Quality,AMCLPose,CovYY,3.00003,591.3
fbd88b73726fd05d8e35aee4efe9f252,Localization Quality,AMCLPose,CovXX,16.9596,591.3
fbd88b73726fd05d8e35aee4efe9f252,Localization Quality,AMCLPose,MeanYaw,2.78742,591.3
fbd88b73726fd05d8e35aee4efe9f252,Localization Quality,AMCLPose,MeanY,-2.93194,591.3
fbd88b73726fd05d8e35aee4efe9f252,Localization Quality,AMCLPose,MeanX,6.4291,591.3
fbd88b73726fd05d8e35aee4efe9f252,Localization Stability,TF,Jump Angular,-0.00720498,592.3
fbd88b73726fd05d8e35aee4efe9f252,Localization Stability,TF,Jump Linear,0.171502,592.3
fbd88b73726fd05d8e35aee4efe9f252,Localization Stability,TF,Jump Angular,0,592.4
fbd88b73726fd05d8e35aee4efe9f252,Localization Stability,TF,Jump Linear,0,592.4
fbd88b73726fd05d8e35aee4efe9f252,Input Validity,Lidar,Lidar Rate,10,591.67
fbd88b73726fd05d8e35aee4efe9f252,Input Validity,Odometry,Odometry Rate,50,591.67
fbd88b73726fd05d8e35aee4efe9f252,Input Validity,TF,TF Rate,8.5,591.67
fbd88b73726fd05d8e35aee4efe9f252,Localization Quality,AMCLPose,CovYawYaw,0.801908,591.5
fbd88b73726fd05d8e35aee4efe9f252,Localization Quality,AMCLPose,CovYY,2.59173,591.5
fbd88b73726fd05d8e35aee4efe9f252,Localization Quality,AMCLPose,CovXX,10.6332,591.5
fbd88b73726fd05d8e35aee4efe9f252,Localization Quality,AMCLPose,MeanYaw,2.8289,591.5
fbd88b73726fd05d8e35aee4efe9f252,Localization Quality,AMCLPose,MeanY,-2.83282,591.5
fbd88b73726fd05d8e35aee4efe9f252,Localization Quality,AMCLPose,MeanX,6.37233,591.5
fbd88b73726fd05d8e35aee4efe9f252,Localization Stability,TF,Jump Angular,-0.0352419,592.5
fbd88b73726fd05d8e35aee4efe9f252,Localization Stability,TF,Jump Linear,0.967309,592.5
fbd88b73726fd05d8e35aee4efe9f252,Localization Stability,TF,Jump Angular,0,592.6
fbd88b73726fd05d8e35aee4efe9f252,Localization Stability,TF,Jump Linear,0,592.6
fbd88b73726fd05d8e35aee4efe9f252,Localization Stability,TF,Jump Angular,0,592.7
fbd88b73726fd05d8e35aee4efe9f252,Localization Stability,TF,Jump Linear,0,592.7
fbd88b73726fd05d8e35aee4efe9f252,Input Validity,Lidar,Lidar Rate,10,591.76
fbd88b73726fd05d8e35aee4efe9f252,Input Validity,Odometry,Odometry Rate,50,591.76
fbd88b73726fd05d8e35aee4efe9f252,Input Validity,TF,TF Rate,8.5,591.76
fbd88b73726fd05d8e35aee4efe9f252,Input Validity,Lidar,Lidar Rate,10,591.86
fbd88b73726fd05d8e35aee4efe9f252,Input Validity,Odometry,Odometry Rate,50,591.86
fbd88b73726fd05d8e35aee4efe9f252,Input Validity,TF,TF Rate,8.5,591.86
fbd88b73726fd05d8e35aee4efe9f252,Localization Quality,AMCLPose,CovYawYaw,0.788687,591.8
fbd88b73726fd05d8e35aee4efe9f252,Localization Quality,AMCLPose,CovYY,2.32721,591.8
fbd88b73726fd05d8e35aee4efe9f252,Localization Quality,AMCLPose,CovXX,8.828,591.8
fbd88b73726fd05d8e35aee4efe9f252,Localization Quality,AMCLPose,MeanYaw,2.78021,591.8
fbd88b73726fd05d8e35aee4efe9f252,Localization Quality,AMCLPose,MeanY,-2.80876,591.8
fbd88b73726fd05d8e35aee4efe9f252,Localization Quality,AMCLPose,MeanX,6.2612,591.8
fbd88b73726fd05d8e35aee4efe9f252,Localization Stability,TF,Jump Angular,0.00438019,592.8
fbd88b73726fd05d8e35aee4efe9f252,Localization Stability,TF,Jump Linear,0.137461,592.8
fbd88b73726fd05d8e35aee4efe9f252,Input Validity,Lidar,Lidar Rate,10,591.96
fbd88b73726fd05d8e35aee4efe9f252,Input Validity,Odometry,Odometry Rate,50,591.96
fbd88b73726fd05d8e35aee4efe9f252,Input Validity,TF,TF Rate,8.5,591.96
fbd88b73726fd05d8e35aee4efe9f252,Localization Stability,TF,Jump Angular,0,592.9
fbd88b73726fd05d8e35aee4efe9f252,Localization Stability,TF,Jump Linear,0,592.9
fbd88b73726fd05d8e35aee4efe9f252,Input Validity,Lidar,Lidar Rate,10,592.06
fbd88b73726fd05d8e35aee4efe9f252,Input Validity,Odometry,Odometry Rate,50,592.06
fbd88b73726fd05d8e35aee4efe9f252,Input Validity,TF,TF Rate,8.5,592.06
fbd88b73726fd05d8e35aee4efe9f252,Localization Quality,AMCLPose,CovYawYaw,0.752709,592
fbd88b73726fd05d8e35aee4efe9f252,Localization Quality,AMCLPose,CovYY,2.08101,592
fbd88b73726fd05d8e35aee4efe9f252,Localization Quality,AMCLPose,CovXX,5.43205,592
fbd88b73726fd05d8e35aee4efe9f252,Localization Quality,AMCLPose,MeanYaw,2.8421,592
fbd88b73726fd05d8e35aee4efe9f252,Localization Quality,AMCLPose,MeanY,-2.78998,592
fbd88b73726fd05d8e35aee4efe9f252,Localization Quality,AMCLPose,MeanX,6.18371,592
fbd88b73726fd05d8e35aee4efe9f252,Localization Stability,TF,Jump Angular,-0.0138633,593
fbd88b73726fd05d8e35aee4efe9f252,Localization Stability,TF,Jump Linear,0.34416,593
fbd88b73726fd05d8e35aee4efe9f252,Input Validity,Lidar,Lidar Rate,10,592.16
fbd88b73726fd05d8e35aee4efe9f252,Input Validity,Odometry,Odometry Rate,50,592.16
fbd88b73726fd05d8e35aee4efe9f252,Input Validity,TF,TF Rate,8.5,592.16
fbd88b73726fd05d8e35aee4efe9f252,Localization Quality,AMCLPose,CovYawYaw,0.739283,592.1
fbd88b73726fd05d8e35aee4efe9f252,Localization Quality,AMCLPose,CovYY,1.94674,592.1
fbd88b73726fd05d8e35aee4efe9f252,Localization Quality,AMCLPose,CovXX,2.68245,592.1
fbd88b73726fd05d8e35aee4efe9f252,Localization Quality,AMCLPose,MeanYaw,-1.80049,592.1
fbd88b73726fd05d8e35aee4efe9f252,Localization Quality,AMCLPose,MeanY,-0.0882433,592.1
fbd88b73726fd05d8e35aee4efe9f252,Localization Quality,AMCLPose,MeanX,6.70043,592.1
fbd88b73726fd05d8e35aee4efe9f252,Localization Stability,TF,Jump Angular,1.58605,593.1
fbd88b73726fd05d8e35aee4efe9f252,Localization Stability,TF,Jump Linear,36.3257,593.1
fbd88b73726fd05d8e35aee4efe9f252,Input Validity,Lidar,Lidar Rate,10,592.26
fbd88b73726fd05d8e35aee4efe9f252,Input Validity,Odometry,Odometry Rate,50,592.26
fbd88b73726fd05d8e35aee4efe9f252,Input Validity,TF,TF Rate,8.5,592.26
fbd88b73726fd05d8e35aee4efe9f252,Localization Quality,AMCLPose,CovYawYaw,0.722385,592.2
fbd88b73726fd05d8e35aee4efe9f252,Localization Quality,AMCLPose,CovYY,1.83172,592.2
fbd88b73726fd05d8e35aee4efe9f252,Localization Quality,AMCLPose,CovXX,1.50987,592.2
fbd88b73726fd05d8e35aee4efe9f252,Localization Quality,AMCLPose,MeanYaw,-1.75762,592.2
fbd88b73726fd05d8e35aee4efe9f252,Localization Quality,AMCLPose,MeanY,-0.131545,592.2
fbd88b73726fd05d8e35aee4efe9f252,Localization Quality,AMCLPose,MeanX,6.68819,592.2
fbd88b73726fd05d8e35aee4efe9f252,Localization Stability,TF,Jump Angular,-0.010003,593.2
fbd88b73726fd05d8e35aee4efe9f252,Localization Stability,TF,Jump Linear,0.259468,593.2
fbd88b73726fd05d8e35aee4efe9f252,Input Validity,Lidar,Lidar Rate,10,592.36
fbd88b73726fd05d8e35aee4efe9f252,Input Validity,Odometry,Odometry Rate,50,592.36
fbd88b73726fd05d8e35aee4efe9f252,Input Validity,TF,TF Rate,8.5,592.36
fbd88b73726fd05d8e35aee4efe9f252,Localization Quality,AMCLPose,CovYawYaw,0.714856,592.3
fbd88b73726fd05d8e35aee4efe9f252,Localization Quality,AMCLPose,CovYY,1.74586,592.3
fbd88b73726fd05d8e35aee4efe9f252,Localization Quality,AMCLPose,CovXX,0.815003,592.3
fbd88b73726fd05d8e35aee4efe9f252,Localization Quality,AMCLPose,MeanYaw,-1.71359,592.3
fbd88b73726fd05d8e35aee4efe9f252,Localization Quality,AMCLPose,MeanY,-0.176739,592.3
fbd88b73726fd05d8e35aee4efe9f252,Localization Quality,AMCLPose,MeanX,6.68611,592.3
fbd88b73726fd05d8e35aee4efe9f252,Localization Stability,TF,Jump Angular,-0.00685603,593.3
fbd88b73726fd05d8e35aee4efe9f252,Localization Stability,TF,Jump Linear,0.171481,593.3
fbd88b73726fd05d8e35aee4efe9f252,Localization Stability,TF,Jump Angular,0,593.4
fbd88b73726fd05d8e35aee4efe9f252,Localization Stability,TF,Jump Linear,0,593.4
fbd88b73726fd05d8e35aee4efe9f252,Input Validity,Lidar,Lidar Rate,10,592.46
fbd88b73726fd05d8e35aee4efe9f252,Input Validity,Odometry,Odometry Rate,50,592.46
fbd88b73726fd05d8e35aee4efe9f252,Input Validity,TF,TF Rate,8.5,592.46
fbd88b73726fd05d8e35aee4efe9f252,Input Validity,Lidar,Lidar Rate,10,592.56
fbd88b73726fd05d8e35aee4efe9f252,Input Validity,Odometry,Odometry Rate,50,592.56
fbd88b73726fd05d8e35aee4efe9f252,Input Validity,TF,TF Rate,8.5,592.56
fbd88b73726fd05d8e35aee4efe9f252,Localization Quality,AMCLPose,CovYawYaw,0.700838,592.5
fbd88b73726fd05d8e35aee4efe9f252,Localization Quality,AMCLPose,CovYY,1.57943,592.5
fbd88b73726fd05d8e35aee4efe9f252,Localization Quality,AMCLPose,CovXX,0.469749,592.5
fbd88b73726fd05d8e35aee4efe9f252,Localization Quality,AMCLPose,MeanYaw,-1.62247,592.5
fbd88b73726fd05d8e35aee4efe9f252,Localization Quality,AMCLPose,MeanY,-0.263274,592.5
fbd88b73726fd05d8e35aee4efe9f252,Localization Quality,AMCLPose,MeanX,6.66978,592.5
fbd88b73726fd05d8e35aee4efe9f252,Localization Stability,TF,Jump Angular,-0.00594709,593.5
fbd88b73726fd05d8e35aee4efe9f252,Localization Stability,TF,Jump Linear,0.158101,593.5
fbd88b73726fd05d8e35aee4efe9f252,Input Validity,Lidar,Lidar Rate,10,592.66
fbd88b73726fd05d8e35aee4efe9f252,Input Validity,Odometry,Odometry Rate,50,592.66
fbd88b73726fd05d8e35aee4efe9f252,Input Validity,TF,TF Rate,8.5,592.66
fbd88b73726fd05d8e35aee4efe9f252,Localization Quality,AMCLPose,CovYawYaw,0.695811,592.6
fbd88b73726fd05d8e35aee4efe9f252,Localization Quality,AMCLPose,CovYY,1.51404,592.6
fbd88b73726fd05d8e35aee4efe9f252,Localization Quality,AMCLPose,CovXX,0.259091,592.6
fbd88b73726fd05d8e35aee4efe9f252,Localization Quality,AMCLPose,MeanYaw,-1.56954,592.6
fbd88b73726fd05d8e35aee4efe9f252,Localization Quality,AMCLPose,MeanY,-0.306423,592.6
fbd88b73726fd05d8e35aee4efe9f252,Localization Quality,AMCLPose,MeanX,6.66598,592.6
fbd88b73726fd05d8e35aee4efe9f252,Localization Stability,TF,Jump Angular,-0.00140768,593.6
fbd88b73726fd05d8e35aee4efe9f252,Localization Stability,TF,Jump Linear,0.037764,593.6
fbd88b73726fd05d8e35aee4efe9f252,Input Validity,Lidar,Lidar Rate,10,592.76
fbd88b73726fd05d8e35aee4efe9f252,Input Validity,Odometry,Odometry Rate,50,592.76
fbd88b73726fd05d8e35aee4efe9f252,Input Validity,TF,TF Rate,10,592.76
fbd88b73726fd05d8e35aee4efe9f252,Localization Quality,AMCLPose,CovYawYaw,0.698614,592.7
fbd88b73726fd05d8e35aee4efe9f252,Localization Quality,AMCLPose,CovYY,1.46088,592.7
fbd88b73726fd05d8e35aee4efe9f252,Localization Quality,AMCLPose,CovXX,0.20939,592.7
fbd88b73726fd05d8e35aee4efe9f252,Localization Quality,AMCLPose,MeanYaw,-1.521,592.7
fbd88b73726fd05d8e35aee4efe9f252,Localization Quality,AMCLPose,MeanY,-0.346371,592.7
fbd88b73726fd05d8e35aee4efe9f252,Localization Quality,AMCLPose,MeanX,6.66325,592.7
fbd88b73726fd05d8e35aee4efe9f252,Localization Stability,TF,Jump Angular,-0.00438718,593.7
fbd88b73726fd05d8e35aee4efe9f252,Localization Stability,TF,Jump Linear,0.113615,593.7
fbd88b73726fd05d8e35aee4efe9f252,Localization Stability,TF,Jump Angular,0,593.8
fbd88b73726fd05d8e35aee4efe9f252,Localization Stability,TF,Jump Linear,0,593.8
fbd88b73726fd05d8e35aee4efe9f252,Input Validity,Lidar,Lidar Rate,10,592.86
fbd88b73726fd05d8e35aee4efe9f252,Input Validity,Odometry,Odometry Rate,50,592.86
fbd88b73726fd05d8e35aee4efe9f252,Input Validity,TF,TF Rate,10,592.86
fbd88b73726fd05d8e35aee4efe9f252,Input Validity,Lidar,Lidar Rate,10,592.96
fbd88b73726fd05d8e35aee4efe9f252,Input Validity,Odometry,Odometry Rate,50,592.96
fbd88b73726fd05d8e35aee4efe9f252,Input Validity,TF,TF Rate,10,592.96
fbd88b73726fd05d8e35aee4efe9f252,Localization Quality,AMCLPose,CovYawYaw,0.701608,592.9
fbd88b73726fd05d8e35aee4efe9f252,Localization Quality,AMCLPose,CovYY,1.3668,592.9
fbd88b73726fd05d8e35aee4efe9f252,Localization Quality,AMCLPose,CovXX,0.248988,592.9
fbd88b73726fd05d8e35aee4efe9f252,Localization Quality,AMCLPose,MeanYaw,-1.43221,592.9
fbd88b73726fd05d8e35aee4efe9f252,Localization Quality,AMCLPose,MeanY,-0.438725,592.9
fbd88b73726fd05d8e35aee4efe9f252,Localization Quality,AMCLPose,MeanX,6.66755,592.9
fbd88b73726fd05d8e35aee4efe9f252,Localization Stability,TF,Jump Angular,-0.000676844,593.9
fbd88b73726fd05d8e35aee4efe9f252,Localization Stability,TF,Jump Linear,0.0223225,593.9
fbd88b73726fd05d8e35aee4efe9f252,Localization Stability,TF,Jump Angular,0,594
fbd88b73726fd05d8e35aee4efe9f252,Localization Stability,TF,Jump Linear,0,594
fbd88b73726fd05d8e35aee4efe9f252,Input Validity,Lidar,Lidar Rate,10,593.06
fbd88b73726fd05d8e35aee4efe9f252,Input Validity,Odometry,Odometry Rate,50,593.06
fbd88b73726fd05d8e35aee4efe9f252,Input Validity,TF,TF Rate,10,593.06
fbd88b73726fd05d8e35aee4efe9f252,Input Validity,Lidar,Lidar Rate,10,593.16
fbd88b73726fd05d8e35aee4efe9f252,Input Validity,Odometry,Odometry Rate,50,593.16
fbd88b73726fd05d8e35aee4efe9f252,Input Validity,TF,TF Rate,10,593.16
fbd88b73726fd05d8e35aee4efe9f252,Localization Quality,AMCLPose,CovYawYaw,0.704295,593.1
fbd88b73726fd05d8e35aee4efe9f252,Localization Quality,AMCLPose,CovYY,1.28626,593.1
fbd88b73726fd05d8e35aee4efe9f252,Localization Quality,AMCLPose,CovXX,0.293626,593.1
fbd88b73726fd05d8e35aee4efe9f252,Localization Quality,AMCLPose,MeanYaw,-1.36339,593.1
fbd88b73726fd05d8e35aee4efe9f252,Localization Quality,AMCLPose,MeanY,-0.525806,593.1
fbd88b73726fd05d8e35aee4efe9f252,Localization Quality,AMCLPose,MeanX,6.6797,593.1
fbd88b73726fd05d8e35aee4efe9f252,Localization Stability,TF,Jump Angular,0.00115724,594.1
fbd88b73726fd05d8e35aee4efe9f252,Localization Stability,TF,Jump Linear,0.0264362,594.1
fbd88b73726fd05d8e35aee4efe9f252,Localization Stability,TF,Jump Angular,0,594.2
fbd88b73726fd05d8e35aee4efe9f252,Localization Stability,TF,Jump Linear,0,594.2
fbd88b73726fd05d8e35aee4efe9f252,Input Validity,Lidar,Lidar Rate,10,593.26
fbd88b73726fd05d8e35aee4efe9f252,Input Validity,Odometry,Odometry Rate,50,593.26
fbd88b73726fd05d8e35aee4efe9f252,Input Validity,TF,TF Rate,10,593.26
fbd88b73726fd05d8e35aee4efe9f252,Localization Recovery,TTR,Kidnap Angle,2.07912,593.27
fbd88b73726fd05d8e35aee4efe9f252,Localization Recovery,TTR,Kidnap Distance,1.09659,593.27
fbd88b73726fd05d8e35aee4efe9f252,Localization Recovery,TTR,TTR Outcome,2,593.27
fbd88b73726fd05d8e35aee4efe9f252,Localization Recovery,TTR,TTR,-1,593.27
fbd88b73726fd05d8e35aee4efe9f252,Mission Outcome,Episode Event,Recoveries,0,593.27
fbd88b73726fd05d8e35aee4efe9f252,Mission Outcome,Episode Event,Collisions,0,593.27
fbd88b73726fd05d8e35aee4efe9f252,Mission Outcome,Episode Event,Navigation Time,16.17,593.27
fbd88b73726fd05d8e35aee4efe9f252,Mission Outcome,Episode Event,Goal Result,2,593.27
fbd88b73726fd05d8e35aee4efe9f252,Input Validity,AMCLPose,Pose Monotonicity,0,593.27
fbd88b73726fd05d8e35aee4efe9f252,Input Validity,Lidar,Lidar Frame Mistmatch,0,593.27
fbd88b73726fd05d8e35aee4efe9f252,Input Validity,Lidar,Lidar Monotonicity,0,593.27
fbd88b73726fd05d8e35aee4efe9f252,Input Validity,Odometry,Odometry Frame Mismatch,0,593.27
fbd88b73726fd05d8e35aee4efe9f252,Input Validity,Odometry,Odometry Monotonicity,0,593.27
fbd88b73726fd05d8e35aee4efe9f252,Input Validity,TF,TF Gap Count,5,593.27
fbd88b73726fd05d8e35aee4efe9f252,Input Validity,TF,TF Frame Drop,808,593.27
fbd88b73726fd05d8e35aee4efe9f252,Input Validity,TF,TF Monotonicity,0,593.27
Goal_ID,Reference Frame,Start Pose_X (m),Start Pose_Y (m),Start Pose_Yaw (deg),Goal Pose_X (m),Goal Pose_Y (m),Goal Pose_Yaw (deg),Goal Result Code,Goal Result,Success Count,Nav Time (sec),Nav Time Start (sec),Nav Time End (sec),Tracking RMS_V (m/s),Tracking RMS_W (rad/s),Saturation Frac_V,Saturation Frac_W,Slip Mean,Slip Std Deviation,Slip 95_Percentile,Control Energy,Control Samples,Path Length (m),Absolute Path Error RMS (m),Relative Pose Error (Drift),Min Clearance (m),Collision Count,Trajectory Samples,SPL
fbd88b73726fd05d8e35aee4efe9f252,map,0.975004,3.925,139.569,4.575,-3.375,-159.394,2,FAILED,0,16.17,577.1,593.27,0.139231,0.371409,0.394623,0.294883,0.0199282,0.158873,0.391061,527.431,1153,2.17692,24.0862,0.259836,0.748324,0,808,0
c398b1ab66ba344da06a1d3799abad0c,Localization Stability,TF,Jump Angular,0,601.5
c398b1ab66ba344da06a1d3799abad0c,Localization Stability,TF,Jump Linear,0,601.5
c398b1ab66ba344da06a1d3799abad0c,Input Validity,Lidar,Lidar Rate,10,600.61
c398b1ab66ba344da06a1d3799abad0c,Input Validity,Odometry,Odometry Rate,50,600.61
c398b1ab66ba344da06a1d3799abad0c,Input Validity,TF,TF Rate,10,600.61
c398b1ab66ba344da06a1d3799abad0c,Localization Stability,TF,Jump Angular,0,601.6
c398b1ab66ba344da06a1d3799abad0c,Localization Stability,TF,Jump Linear,0,601.6
c398b1ab66ba344da06a1d3799abad0c,Input Validity,Lidar,Lidar Rate,10,600.71
c398b1ab66ba344da06a1d3799abad0c,Input Validity,Odometry,Odometry Rate,50,600.71
c398b1ab66ba344da06a1d3799abad0c,Input Validity,TF,TF Rate,10,600.71
c398b1ab66ba344da06a1d3799abad0c,Localization Stability,TF,Jump Angular,0.00159243,601.7
c398b1ab66ba344da06a1d3799abad0c,Localization Stability,TF,Jump Linear,0.0398867,601.7
c398b1ab66ba344da06a1d3799abad0c,Input Validity,Lidar,Lidar Rate,10,600.81
c398b1ab66ba344da06a1d3799abad0c,Input Validity,Odometry,Odometry Rate,50,600.81
c398b1ab66ba344da06a1d3799abad0c,Input Validity,TF,TF Rate,10,600.81
c398b1ab66ba344da06a1d3799abad0c,Input Validity,Lidar,Lidar Rate,10,600.91
c398b1ab66ba344da06a1d3799abad0c,Input Validity,Odometry,Odometry Rate,50,600.91
c398b1ab66ba344da06a1d3799abad0c,Input Validity,TF,TF Rate,10,600.91
c398b1ab66ba344da06a1d3799abad0c,Input Validity,Lidar,Lidar Rate,10,601.01
c398b1ab66ba344da06a1d3799abad0c,Input Validity,Odometry,Odometry Rate,50,601.01
c398b1ab66ba344da06a1d3799abad0c,Input Validity,TF,TF Rate,10,601.01
c398b1ab66ba344da06a1d3799abad0c,Localization Quality,AMCLPose,CovYawYaw,0.000468607,600.8
c398b1ab66ba344da06a1d3799abad0c,Localization Quality,AMCLPose,CovYY,6.47325e-05,600.8
c398b1ab66ba344da06a1d3799abad0c,Localization Quality,AMCLPose,CovXX,0.000526406,600.8
c398b1ab66ba344da06a1d3799abad0c,Localization Quality,AMCLPose,MeanYaw,-2.92987,600.8
c398b1ab66ba344da06a1d3799abad0c,Localization Quality,AMCLPose,MeanY,-3.3763,600.8
c398b1ab66ba344da06a1d3799abad0c,Localization Quality,AMCLPose,MeanX,4.57138,600.8
c398b1ab66ba344da06a1d3799abad0c,Localization Stability,TF,Jump Angular,0.000908689,601.8
c398b1ab66ba344da06a1d3799abad0c,Localization Stability,TF,Jump Linear,0.0224451,601.8
c398b1ab66ba344da06a1d3799abad0c,Localization Quality,AMCLPose,CovYawYaw,0.000590224,600.9
c398b1ab66ba344da06a1d3799abad0c,Localization Quality,AMCLPose,CovYY,7.56725e-05,600.9
c398b1ab66ba344da06a1d3799abad0c,Localization Quality,AMCLPose,CovXX,0.000810508,600.9
c398b1ab66ba344da06a1d3799abad0c,Localization Quality,AMCLPose,MeanYaw,-3.01023,600.9
c398b1ab66ba344da06a1d3799abad0c,Localization Quality,AMCLPose,MeanY,-3.37718,600.9
c398b1ab66ba344da06a1d3799abad0c,Localization Quality,AMCLPose,MeanX,4.56838,600.9
c398b1ab66ba344da06a1d3799abad0c,Localization Stability,TF,Jump Angular,-6.36936e-05,601.9
c398b1ab66ba344da06a1d3799abad0c,Localization Stability,TF,Jump Linear,0.00389183,601.9
c398b1ab66ba344da06a1d3799abad0c,Input Validity,Lidar,Lidar Rate,10,601.11
c398b1ab66ba344da06a1d3799abad0c,Input Validity,Odometry,Odometry Rate,50,601.11
c398b1ab66ba344da06a1d3799abad0c,Input Validity,TF,TF Rate,10,601.11
c398b1ab66ba344da06a1d3799abad0c,Localization Quality,AMCLPose,CovYawYaw,0.000839303,601
c398b1ab66ba344da06a1d3799abad0c,Localization Quality,AMCLPose,CovYY,8.07137e-05,601
c398b1ab66ba344da06a1d3799abad0c,Localization Quality,AMCLPose,CovXX,0.0012345,601
c398b1ab66ba344da06a1d3799abad0c,Localization Quality,AMCLPose,MeanYaw,-3.10603,601
c398b1ab66ba344da06a1d3799abad0c,Localization Quality,AMCLPose,MeanY,-3.37785,601
c398b1ab66ba344da06a1d3799abad0c,Localization Quality,AMCLPose,MeanX,4.56529,601
c398b1ab66ba344da06a1d3799abad0c,Localization Stability,TF,Jump Angular,0.00146711,602
c398b1ab66ba344da06a1d3799abad0c,Localization Stability,TF,Jump Linear,0.035992,602
c398b1ab66ba344da06a1d3799abad0c,Localization Quality,AMCLPose,CovYawYaw,0.00111561,601.1
c398b1ab66ba344da06a1d3799abad0c,Localization Quality,AMCLPose,CovYY,7.86245e-05,601.1
c398b1ab66ba344da06a1d3799abad0c,Localization Quality,AMCLPose,CovXX,0.00170042,601.1
c398b1ab66ba344da06a1d3799abad0c,Localization Quality,AMCLPose,MeanYaw,3.06414,601.1
c398b1ab66ba344da06a1d3799abad0c,Localization Quality,AMCLPose,MeanY,-3.37899,601.1
c398b1ab66ba344da06a1d3799abad0c,Localization Quality,AMCLPose,MeanX,4.55947,601.1
c398b1ab66ba344da06a1d3799abad0c,Localization Stability,TF,Jump Angular,0.00123339,602.1
c398b1ab66ba344da06a1d3799abad0c,Localization Stability,TF,Jump Linear,0.0294186,602.1
c398b1ab66ba344da06a1d3799abad0c,Input Validity,Lidar,Lidar Rate,10,601.21
c398b1ab66ba344da06a1d3799abad0c,Input Validity,Odometry,Odometry Rate,50,601.21
c398b1ab66ba344da06a1d3799abad0c,Input Validity,TF,TF Rate,10,601.21
c398b1ab66ba344da06a1d3799abad0c,Localization Quality,AMCLPose,CovYawYaw,0.00138256,601.2
c398b1ab66ba344da06a1d3799abad0c,Localization Quality,AMCLPose,CovYY,8.04217e-05,601.2
c398b1ab66ba344da06a1d3799abad0c,Localization Quality,AMCLPose,CovXX,0.00263723,601.2
c398b1ab66ba344da06a1d3799abad0c,Localization Quality,AMCLPose,MeanYaw,2.93278,601.2
c398b1ab66ba344da06a1d3799abad0c,Localization Quality,AMCLPose,MeanY,-3.37984,601.2
c398b1ab66ba344da06a1d3799abad0c,Localization Quality,AMCLPose,MeanX,4.55392,601.2
c398b1ab66ba344da06a1d3799abad0c,Localization Stability,TF,Jump Angular,-0.000127254,602.2
c398b1ab66ba344da06a1d3799abad0c,Localization Stability,TF,Jump Linear,0.007503,602.2
c398b1ab66ba344da06a1d3799abad0c,Input Validity,Lidar,Lidar Rate,10,601.31
c398b1ab66ba344da06a1d3799abad0c,Input Validity,Odometry,Odometry Rate,50,601.31
c398b1ab66ba344da06a1d3799abad0c,Input Validity,TF,TF Rate,10,601.31
c398b1ab66ba344da06a1d3799abad0c,Localization Quality,AMCLPose,CovYawYaw,0.00164035,601.3
c398b1ab66ba344da06a1d3799abad0c,Localization Quality,AMCLPose,CovYY,0.000122358,601.3
c398b1ab66ba344da06a1d3799abad0c,Localization Quality,AMCLPose,CovXX,0.00356297,601.3
c398b1ab66ba344da06a1d3799abad0c,Localization Quality,AMCLPose,MeanYaw,2.7842,601.3
c398b1ab66ba344da06a1d3799abad0c,Localization Quality,AMCLPose,MeanY,-3.38038,601.3
c398b1ab66ba344da06a1d3799abad0c,Localization Quality,AMCLPose,MeanX,4.54868,601.3
c398b1ab66ba344da06a1d3799abad0c,Localization Stability,TF,Jump Angular,0.000383076,602.3
c398b1ab66ba344da06a1d3799abad0c,Localization Stability,TF,Jump Linear,0.00866961,602.3
c398b1ab66ba344da06a1d3799abad0c,Input Validity,Lidar,Lidar Rate,10,601.41
c398b1ab66ba344da06a1d3799abad0c,Input Validity,Odometry,Odometry Rate,50,601.41
c398b1ab66ba344da06a1d3799abad0c,Input Validity,TF,TF Rate,10,601.41
c398b1ab66ba344da06a1d3799abad0c,Localization Quality,AMCLPose,CovYawYaw,0.00198244,601.4
c398b1ab66ba344da06a1d3799abad0c,Localization Quality,AMCLPose,CovYY,0.000238367,601.4
c398b1ab66ba344da06a1d3799abad0c,Localization Quality,AMCLPose,CovXX,0.00385598,601.4
c398b1ab66ba344da06a1d3799abad0c,Localization Quality,AMCLPose,MeanYaw,2.64064,601.4
c398b1ab66ba344da06a1d3799abad0c,Localization Quality,AMCLPose,MeanY,-3.37881,601.4
c398b1ab66ba344da06a1d3799abad0c,Localization Quality,AMCLPose,MeanX,4.53231,601.4
c398b1ab66ba344da06a1d3799abad0c,Localization Stability,TF,Jump Angular,-0.00345475,602.4
c398b1ab66ba344da06a1d3799abad0c,Localization Stability,TF,Jump Linear,0.0957282,602.4
c398b1ab66ba344da06a1d3799abad0c,Input Validity,Lidar,Lidar Rate,10,601.51
c398b1ab66ba344da06a1d3799abad0c,Input Validity,Odometry,Odometry Rate,50,601.51
c398b1ab66ba344da06a1d3799abad0c,Input Validity,TF,TF Rate,10,601.51
c398b1ab66ba344da06a1d3799abad0c,Localization Quality,AMCLPose,CovYawYaw,0.00241253,601.5
c398b1ab66ba344da06a1d3799abad0c,Localization Quality,AMCLPose,CovYY,0.000337767,601.5
c398b1ab66ba344da06a1d3799abad0c,Localization Quality,AMCLPose,CovXX,0.004085,601.5
c398b1ab66ba344da06a1d3799abad0c,Localization Quality,AMCLPose,MeanYaw,2.55068,601.5
c398b1ab66ba344da06a1d3799abad0c,Localization Quality,AMCLPose,MeanY,-3.37393,601.5
c398b1ab66ba344da06a1d3799abad0c,Localization Quality,AMCLPose,MeanX,4.52307,601.5
c398b1ab66ba344da06a1d3799abad0c,Localization Stability,TF,Jump Angular,0.000642695,602.5
c398b1ab66ba344da06a1d3799abad0c,Localization Stability,TF,Jump Linear,0.0156645,602.5
c398b1ab66ba344da06a1d3799abad0c,Input Validity,Lidar,Lidar Rate,10,601.61
c398b1ab66ba344da06a1d3799abad0c,Input Validity,Odometry,Odometry Rate,50,601.61
c398b1ab66ba344da06a1d3799abad0c,Input Validity,TF,TF Rate,10,601.61
c398b1ab66ba344da06a1d3799abad0c,Input Validity,Lidar,Lidar Rate,10,601.71
c398b1ab66ba344da06a1d3799abad0c,Input Validity,Odometry,Odometry Rate,50,601.71
c398b1ab66ba344da06a1d3799abad0c,Input Validity,TF,TF Rate,10,601.71
c398b1ab66ba344da06a1d3799abad0c,Localization Quality,AMCLPose,CovYawYaw,0.00258352,601.6
c398b1ab66ba344da06a1d3799abad0c,Localization Quality,AMCLPose,CovYY,0.00037766,601.6
c398b1ab66ba344da06a1d3799abad0c,Localization Quality,AMCLPose,CovXX,0.0040812,601.6
c398b1ab66ba344da06a1d3799abad0c,Localization Quality,AMCLPose,MeanYaw,2.49356,601.6
c398b1ab66ba344da06a1d3799abad0c,Localization Quality,AMCLPose,MeanY,-3.36394,601.6
c398b1ab66ba344da06a1d3799abad0c,Localization Quality,AMCLPose,MeanX,4.50856,601.6
c398b1ab66ba344da06a1d3799abad0c,Localization Stability,TF,Jump Angular,0.00120536,602.6
c398b1ab66ba344da06a1d3799abad0c,Localization Stability,TF,Jump Linear,0.0294111,602.6
c398b1ab66ba344da06a1d3799abad0c,Localization Quality,AMCLPose,CovYawYaw,0.00272813,601.7
c398b1ab66ba344da06a1d3799abad0c,Localization Quality,AMCLPose,CovYY,0.000430221,601.7
c398b1ab66ba344da06a1d3799abad0c,Localization Quality,AMCLPose,CovXX,0.00400421,601.7
c398b1ab66ba344da06a1d3799abad0c,Localization Quality,AMCLPose,MeanYaw,2.44138,601.7
c398b1ab66ba344da06a1d3799abad0c,Localization Quality,AMCLPose,MeanY,-3.34964,601.7
c398b1ab66ba344da06a1d3799abad0c,Localization Quality,AMCLPose,MeanX,4.49072,601.7
c398b1ab66ba344da06a1d3799abad0c,Localization Stability,TF,Jump Angular,0.000876882,602.7
c398b1ab66ba344da06a1d3799abad0c,Localization Stability,TF,Jump Linear,0.0226324,602.7
c398b1ab66ba344da06a1d3799abad0c,Input Validity,Lidar,Lidar Rate,10,601.81
c398b1ab66ba344da06a1d3799abad0c,Input Validity,Odometry,Odometry Rate,50,601.81
c398b1ab66ba344da06a1d3799abad0c,Input Validity,TF,TF Rate,10,601.81
c398b1ab66ba344da06a1d3799abad0c,Localization Stability,TF,Jump Angular,0,602.8
c398b1ab66ba344da06a1d3799abad0c,Localization Stability,TF,Jump Linear,0,602.8
c398b1ab66ba344da06a1d3799abad0c,Input Validity,Lidar,Lidar Rate,10,601.91
c398b1ab66ba344da06a1d3799abad0c,Input Validity,Odometry,Odometry Rate,50,601.91
c398b1ab66ba344da06a1d3799abad0c,Input Validity,TF,TF Rate,10,601.91
c398b1ab66ba344da06a1d3799abad0c,Localization Quality,AMCLPose,CovYawYaw,0.00337761,601.9
c398b1ab66ba344da06a1d3799abad0c,Localization Quality,AMCLPose,CovYY,0.000696604,601.9
c398b1ab66ba344da06a1d3799abad0c,Localization Quality,AMCLPose,CovXX,0.0041756,601.9
c398b1ab66ba344da06a1d3799abad0c,Localization Quality,AMCLPose,MeanYaw,2.3491,601.9
c398b1ab66ba344da06a1d3799abad0c,Localization Quality,AMCLPose,MeanY,-3.30373,601.9
c398b1ab66ba344da06a1d3799abad0c,Localization Quality,AMCLPose,MeanX,4.44153,601.9
c398b1ab66ba344da06a1d3799abad0c,Localization Stability,TF,Jump Angular,0.000581393,602.9
c398b1ab66ba344da06a1d3799abad0c,Localization Stability,TF,Jump Linear,0.0152031,602.9
c398b1ab66ba344da06a1d3799abad0c,Input Validity,Lidar,Lidar Rate,10,602
c398b1ab66ba344da06a1d3799abad0c,Input Validity,Odometry,Odometry Rate,50,602
c398b1ab66ba344da06a1d3799abad0c,Input Validity,TF,TF Rate,10,602
c398b1ab66ba344da06a1d3799abad0c,Localization Stability,TF,Jump Angular,0,603
c398b1ab66ba344da06a1d3799abad0c,Localization Stability,TF,Jump Linear,0,603
c398b1ab66ba344da06a1d3799abad0c,Input Validity,Lidar,Lidar Rate,10,602.1
c398b1ab66ba344da06a1d3799abad0c,Input Validity,Odometry,Odometry Rate,50,602.1
c398b1ab66ba344da06a1d3799abad0c,Input Validity,TF,TF Rate,10,602.1
c398b1ab66ba344da06a1d3799abad0c,Localization Quality,AMCLPose,CovYawYaw,0.00425028,602.1
c398b1ab66ba344da06a1d3799abad0c,Localization Quality,AMCLPose,CovYY,0.00106068,602.1
c398b1ab66ba344da06a1d3799abad0c,Localization Quality,AMCLPose,CovXX,0.00449012,602.1
c398b1ab66ba344da06a1d3799abad0c,Localization Quality,AMCLPose,MeanYaw,2.27351,602.1
c398b1ab66ba344da06a1d3799abad0c,Localization Quality,AMCLPose,MeanY,-3.23929,602.1
c398b1ab66ba344da06a1d3799abad0c,Localization Quality,AMCLPose,MeanX,4.38319,602.1
c398b1ab66ba344da06a1d3799abad0c,Localization Stability,TF,Jump Angular,0.00130891,603.1
c398b1ab66ba344da06a1d3799abad0c,Localization Stability,TF,Jump Linear,0.0347396,603.1
c398b1ab66ba344da06a1d3799abad0c,Input Validity,Lidar,Lidar Rate,10,602.2
c398b1ab66ba344da06a1d3799abad0c,Input Validity,Odometry,Odometry Rate,50,602.2
c398b1ab66ba344da06a1d3799abad0c,Input Validity,TF,TF Rate,10,602.2
c398b1ab66ba344da06a1d3799abad0c,Localization Stability,TF,Jump Angular,0,603.2
c398b1ab66ba344da06a1d3799abad0c,Localization Stability,TF,Jump Linear,0,603.2
c398b1ab66ba344da06a1d3799abad0c,Input Validity,Lidar,Lidar Rate,10,602.3
c398b1ab66ba344da06a1d3799abad0c,Input Validity,Odometry,Odometry Rate,50,602.3
c398b1ab66ba344da06a1d3799abad0c,Input Validity,TF,TF Rate,10,602.3
c398b1ab66ba344da06a1d3799abad0c,Localization Quality,AMCLPose,CovYawYaw,0.00504996,602.3
c398b1ab66ba344da06a1d3799abad0c,Localization Quality,AMCLPose,CovYY,0.0014113,602.3
c398b1ab66ba344da06a1d3799abad0c,Localization Quality,AMCLPose,CovXX,0.00473184,602.3
c398b1ab66ba344da06a1d3799abad0c,Localization Quality,AMCLPose,MeanYaw,2.21057,602.3
c398b1ab66ba344da06a1d3799abad0c,Localization Quality,AMCLPose,MeanY,-3.16869,602.3
c398b1ab66ba344da06a1d3799abad0c,Localization Quality,AMCLPose,MeanX,4.3277,602.3
c398b1ab66ba344da06a1d3799abad0c,Localization Stability,TF,Jump Angular,-0.000130141,603.3
c398b1ab66ba344da06a1d3799abad0c,Localization Stability,TF,Jump Linear,0.00313909,603.3
c398b1ab66ba344da06a1d3799abad0c,Input Validity,Lidar,Lidar Rate,10,602.4
c398b1ab66ba344da06a1d3799abad0c,Input Validity,Odometry,Odometry Rate,50,602.4
c398b1ab66ba344da06a1d3799abad0c,Input Validity,TF,TF Rate,10,602.4
c398b1ab66ba344da06a1d3799abad0c,Localization Stability,TF,Jump Angular,0,603.4
c398b1ab66ba344da06a1d3799abad0c,Localization Stability,TF,Jump Linear,0,603.4
c398b1ab66ba344da06a1d3799abad0c,Input Validity,Lidar,Lidar Rate,10,602.5
c398b1ab66ba344da06a1d3799abad0c,Input Validity,Odometry,Odometry Rate,50,602.5
c398b1ab66ba344da06a1d3799abad0c,Input Validity,TF,TF Rate,10,602.5
c398b1ab66ba344da06a1d3799abad0c,Localization Stability,TF,Jump Angular,0,603.5
c398b1ab66ba344da06a1d3799abad0c,Localization Stability,TF,Jump Linear,0,603.5
c398b1ab66ba344da06a1d3799abad0c,Input Validity,Lidar,Lidar Rate,10,602.6
c398b1ab66ba344da06a1d3799abad0c,Input Validity,Odometry,Odometry Rate,50,602.6
c398b1ab66ba344da06a1d3799abad0c,Input Validity,TF,TF Rate,10,602.6
c398b1ab66ba344da06a1d3799abad0c,Localization Quality,AMCLPose,CovYawYaw,0.00712033,602.6
c398b1ab66ba344da06a1d3799abad0c,Localization Quality,AMCLPose,CovYY,0.00221212,602.6
c398b1ab66ba344da06a1d3799abad0c,Localization Quality,AMCLPose,CovXX,0.00541305,602.6
c398b1ab66ba344da06a1d3799abad0c,Localization Quality,AMCLPose,MeanYaw,2.14185,602.6
c398b1ab66ba344da06a1d3799abad0c,Localization Quality,AMCLPose,MeanY,-3.05877,602.6
c398b1ab66ba344da06a1d3799abad0c,Localization Quality,AMCLPose,MeanX,4.25447,602.6
c398b1ab66ba344da06a1d3799abad0c,Localization Stability,TF,Jump Angular,4.44341e-05,603.6
c398b1ab66ba344da06a1d3799abad0c,Localization Stability,TF,Jump Linear,0.00448813,603.6
c398b1ab66ba344da06a1d3799abad0c,Input Validity,Lidar,Lidar Rate,10,602.7
c398b1ab66ba344da06a1d3799abad0c,Input Validity,Odometry,Odometry Rate,50,602.7
c398b1ab66ba344da06a1d3799abad0c,Input Validity,TF,TF Rate,10,602.7
c398b1ab66ba344da06a1d3799abad0c,Localization Stability,TF,Jump Angular,0,603.7
c398b1ab66ba344da06a1d3799abad0c,Localization Stability,TF,Jump Linear,0,603.7
c398b1ab66ba344da06a1d3799abad0c,Input Validity,Lidar,Lidar Rate,10,602.8
c398b1ab66ba344da06a1d3799abad0c,Input Validity,Odometry,Odometry Rate,50,602.8
c398b1ab66ba344da06a1d3799abad0c,Input Validity,TF,TF Rate,10,602.8
c398b1ab66ba344da06a1d3799abad0c,Localization Stability,TF,Jump Angular,0,603.8
c398b1ab66ba344da06a1d3799abad0c,Localization Stability,TF,Jump Linear,0,603.8
c398b1ab66ba344da06a1d3799abad0c,Input Validity,Lidar,Lidar Rate,10,602.9
c398b1ab66ba344da06a1d3799abad0c,Input Validity,Odometry,Odometry Rate,50,602.9
c398b1ab66ba344da06a1d3799abad0c,Input Validity,TF,TF Rate,10,602.9
c398b1ab66ba344da06a1d3799abad0c,Localization Stability,TF,Jump Angular,0,603.9
c398b1ab66ba344da06a1d3799abad0c,Localization Stability,TF,Jump Linear,0,603.9
c398b1ab66ba344da06a1d3799abad0c,Input Validity,Lidar,Lidar Rate,10,603
c398b1ab66ba344da06a1d3799abad0c,Input Validity,Odometry,Odometry Rate,50,603
c398b1ab66ba344da06a1d3799abad0c,Input Validity,TF,TF Rate,10,603
c398b1ab66ba344da06a1d3799abad0c,Localization Quality,AMCLPose,CovYawYaw,0.00993761,603
c398b1ab66ba344da06a1d3799abad0c,Localization Quality,AMCLPose,CovYY,0.00359433,603
c398b1ab66ba344da06a1d3799abad0c,Localization Quality,AMCLPose,CovXX,0.0066947,603
c398b1ab66ba344da06a1d3799abad0c,Localization Quality,AMCLPose,MeanYaw,2.09497,603
c398b1ab66ba344da06a1d3799abad0c,Localization Quality,AMCLPose,MeanY,-2.90569,603
c398b1ab66ba344da06a1d3799abad0c,Localization Quality,AMCLPose,MeanX,4.16464,603
c398b1ab66ba344da06a1d3799abad0c,Localization Stability,TF,Jump Angular,0.0003548,604
c398b1ab66ba344da06a1d3799abad0c,Localization Stability,TF,Jump Linear,0.0117467,604
c398b1ab66ba344da06a1d3799abad0c,Input Validity,Lidar,Lidar Rate,10,603.1
c398b1ab66ba344da06a1d3799abad0c,Input Validity,Odometry,Odometry Rate,50,603.1
c398b1ab66ba344da06a1d3799abad0c,Input Validity,TF,TF Rate,10,603.1
c398b1ab66ba344da06a1d3799abad0c,Localization Stability,TF,Jump Angular,0,604.1
c398b1ab66ba344da06a1d3799abad0c,Localization Stability,TF,Jump Linear,0,604.1
c398b1ab66ba344da06a1d3799abad0c,Input Validity,Lidar,Lidar Rate,10,603.2
c398b1ab66ba344da06a1d3799abad0c,Input Validity,Odometry,Odometry Rate,50,603.2
c398b1ab66ba344da06a1d3799abad0c,Input Validity,TF,TF Rate,10,603.2
c398b1ab66ba344da06a1d3799abad0c,Localization Stability,TF,Jump Angular,0,604.2
c398b1ab66ba344da06a1d3799abad0c,Localization Stability,TF,Jump Linear,0,604.2
c398b1ab66ba344da06a1d3799abad0c,Input Validity,Lidar,Lidar Rate,10,603.3
c398b1ab66ba344da06a1d3799abad0c,Input Validity,Odometry,Odometry Rate,50,603.3
c398b1ab66ba344da06a1d3799abad0c,Input Validity,TF,TF Rate,10,603.3
c398b1ab66ba344da06a1d3799abad0c,Localization Quality,AMCLPose,CovYawYaw,0.0119504,603.3
c398b1ab66ba344da06a1d3799abad0c,Localization Quality,AMCLPose,CovYY,0.0048028,603.3
c398b1ab66ba344da06a1d3799abad0c,Localization Quality,AMCLPose,CovXX,0.00759261,603.3
c398b1ab66ba344da06a1d3799abad0c,Localization Quality,AMCLPose,MeanYaw,2.08818,603.3
c398b1ab66ba344da06a1d3799abad0c,Localization Quality,AMCLPose,MeanY,-2.79045,603.3
c398b1ab66ba344da06a1d3799abad0c,Localization Quality,AMCLPose,MeanX,4.10002,603.3
c398b1ab66ba344da06a1d3799abad0c,Localization Stability,TF,Jump Angular,0.00247997,604.3
c398b1ab66ba344da06a1d3799abad0c,Localization Stability,TF,Jump Linear,0.0653273,604.3
c398b1ab66ba344da06a1d3799abad0c,Input Validity,Lidar,Lidar Rate,10,603.4
c398b1ab66ba344da06a1d3799abad0c,Input Validity,Odometry,Odometry Rate,50,603.4
c398b1ab66ba344da06a1d3799abad0c,Input Validity,TF,TF Rate,10,603.4
c398b1ab66ba344da06a1d3799abad0c,Localization Stability,TF,Jump Angular,0,604.4
c398b1ab66ba344da06a1d3799abad0c,Localization Stability,TF,Jump Linear,0,604.4
c398b1ab66ba344da06a1d3799abad0c,Input Validity,Lidar,Lidar Rate,10,603.5
c398b1ab66ba344da06a1d3799abad0c,Input Validity,Odometry,Odometry Rate,50,603.5
c398b1ab66ba344da06a1d3799abad0c,Input Validity,TF,TF Rate,10,603.5
c398b1ab66ba344da06a1d3799abad0c,Localization Stability,TF,Jump Angular,0,604.5
c398b1ab66ba344da06a1d3799abad0c,Localization Stability,TF,Jump Linear,0,604.5
c398b1ab66ba344da06a1d3799abad0c,Input Validity,Lidar,Lidar Rate,10,603.6
c398b1ab66ba344da06a1d3799abad0c,Input Validity,Odometry,Odometry Rate,50,603.6
c398b1ab66ba344da06a1d3799abad0c,Input Validity,TF,TF Rate,10,603.6
c398b1ab66ba344da06a1d3799abad0c,Localization Quality,AMCLPose,CovYawYaw,0.0733658,603.6
c398b1ab66ba344da06a1d3799abad0c,Localization Quality,AMCLPose,CovYY,0.350471,603.6
c398b1ab66ba344da06a1d3799abad0c,Localization Quality,AMCLPose,CovXX,0.999376,603.6
c398b1ab66ba344da06a1d3799abad0c,Localization Quality,AMCLPose,MeanYaw,2.10959,603.6
c398b1ab66ba344da06a1d3799abad0c,Localization Quality,AMCLPose,MeanY,-2.67517,603.6
c398b1ab66ba344da06a1d3799abad0c,Localization Quality,AMCLPose,MeanX,4.03646,603.6
c398b1ab66ba344da06a1d3799abad0c,Localization Stability,TF,Jump Angular,-0.0025615,604.6
c398b1ab66ba344da06a1d3799abad0c,Localization Stability,TF,Jump Linear,0.0609234,604.6
c398b1ab66ba344da06a1d3799abad0c,Input Validity,Lidar,Lidar Rate,10,603.7
c398b1ab66ba344da06a1d3799abad0c,Input Validity,Odometry,Odometry Rate,50,603.7
c398b1ab66ba344da06a1d3799abad0c,Input Validity,TF,TF Rate,10,603.7
c398b1ab66ba344da06a1d3799abad0c,Localization Stability,TF,Jump Angular,0,604.7
c398b1ab66ba344da06a1d3799abad0c,Localization Stability,TF,Jump Linear,0,604.7
c398b1ab66ba344da06a1d3799abad0c,Input Validity,Lidar,Lidar Rate,10,603.79
c398b1ab66ba344da06a1d3799abad0c,Input Validity,Odometry,Odometry Rate,50,603.79
c398b1ab66ba344da06a1d3799abad0c,Input Validity,TF,TF Rate,10,603.79
c398b1ab66ba344da06a1d3799abad0c,Localization Stability,TF,Jump Angular,0,604.8
c398b1ab66ba344da06a1d3799abad0c,Localization Stability,TF,Jump Linear,0,604.8
c398b1ab66ba344da06a1d3799abad0c,Input Validity,Lidar,Lidar Rate,10,603.89
c398b1ab66ba344da06a1d3799abad0c,Input Validity,Odometry,Odometry Rate,50,603.89
c398b1ab66ba344da06a1d3799abad0c,Input Validity,TF,TF Rate,10,603.89
c398b1ab66ba344da06a1d3799abad0c,Input Validity,Lidar,Lidar Rate,10,603.99
c398b1ab66ba344da06a1d3799abad0c,Input Validity,Odometry,Odometry Rate,50,603.99
c398b1ab66ba344da06a1d3799abad0c,Input Validity,TF,TF Rate,10,603.99
c398b1ab66ba344da06a1d3799abad0c,Localization Quality,AMCLPose,CovYawYaw,0.0893645,603.9
c398b1ab66ba344da06a1d3799abad0c,Localization Quality,AMCLPose,CovYY,0.310975,603.9
c398b1ab66ba344da06a1d3799abad0c,Localization Quality,AMCLPose,CovXX,0.904569,603.9
c398b1ab66ba344da06a1d3799abad0c,Localization Quality,AMCLPose,MeanYaw,2.17879,603.9
c398b1ab66ba344da06a1d3799abad0c,Localization Quality,AMCLPose,MeanY,-2.56656,603.9
c398b1ab66ba344da06a1d3799abad0c,Localization Quality,AMCLPose,MeanX,3.96343,603.9
c398b1ab66ba344da06a1d3799abad0c,Localization Stability,TF,Jump Angular,0.0035737,604.9
c398b1ab66ba344da06a1d3799abad0c,Localization Stability,TF,Jump Linear,0.0939997,604.9
c398b1ab66ba344da06a1d3799abad0c,Localization Stability,TF,Jump Angular,0,605
c398b1ab66ba344da06a1d3799abad0c,Localization Stability,TF,Jump Linear,0,605
c398b1ab66ba344da06a1d3799abad0c,Input Validity,Lidar,Lidar Rate,10,604.09
c398b1ab66ba344da06a1d3799abad0c,Input Validity,Odometry,Odometry Rate,50,604.09
c398b1ab66ba344da06a1d3799abad0c,Input Validity,TF,TF Rate,10,604.09
c398b1ab66ba344da06a1d3799abad0c,Localization Stability,TF,Jump Angular,0,605.1
c398b1ab66ba344da06a1d3799abad0c,Localization Stability,TF,Jump Linear,0,605.1
c398b1ab66ba344da06a1d3799abad0c,Input Validity,Lidar,Lidar Rate,10,604.19
c398b1ab66ba344da06a1d3799abad0c,Input Validity,Odometry,Odometry Rate,50,604.19
c398b1ab66ba344da06a1d3799abad0c,Input Validity,TF,TF Rate,10,604.19
c398b1ab66ba344da06a1d3799abad0c,Localization Quality,AMCLPose,CovYawYaw,0.09274,604.2
c398b1ab66ba344da06a1d3799abad0c,Localization Quality,AMCLPose,CovYY,0.291593,604.2
c398b1ab66ba344da06a1d3799abad0c,Localization Quality,AMCLPose,CovXX,1.00097,604.2
c398b1ab66ba344da06a1d3799abad0c,Localization Quality,AMCLPose,MeanYaw,2.23335,604.2
c398b1ab66ba344da06a1d3799abad0c,Localization Quality,AMCLPose,MeanY,-2.46217,604.2
c398b1ab66ba344da06a1d3799abad0c,Localization Quality,AMCLPose,MeanX,3.88626,604.2
c398b1ab66ba344da06a1d3799abad0c,Localization Stability,TF,Jump Angular,-0.000149678,605.2
c398b1ab66ba344da06a1d3799abad0c,Localization Stability,TF,Jump Linear,0.00139842,605.2
c398b1ab66ba344da06a1d3799abad0c,Input Validity,Lidar,Lidar Rate,10,604.29
c398b1ab66ba344da06a1d3799abad0c,Input Validity,Odometry,Odometry Rate,50,604.29
c398b1ab66ba344da06a1d3799abad0c,Input Validity,TF,TF Rate,10,604.29
c398b1ab66ba344da06a1d3799abad0c,Localization Stability,TF,Jump Angular,0,605.3
c398b1ab66ba344da06a1d3799abad0c,Localization Stability,TF,Jump Linear,0,605.3
c398b1ab66ba344da06a1d3799abad0c,Input Validity,Lidar,Lidar Rate,10,604.39
c398b1ab66ba344da06a1d3799abad0c,Input Validity,Odometry,Odometry Rate,50,604.39
c398b1ab66ba344da06a1d3799abad0c,Input Validity,TF,TF Rate,10,604.39
c398b1ab66ba344da06a1d3799abad0c,Localization Stability,TF,Jump Angular,0,605.4
c398b1ab66ba344da06a1d3799abad0c,Localization Stability,TF,Jump Linear,0,605.4
c398b1ab66ba344da06a1d3799abad0c,Input Validity,Lidar,Lidar Rate,10,604.49
c398b1ab66ba344da06a1d3799abad0c,Input Validity,Odometry,Odometry Rate,50,604.49
c398b1ab66ba344da06a1d3799abad0c,Input Validity,TF,TF Rate,10,604.49
c398b1ab66ba344da06a1d3799abad0c,Localization Quality,AMCLPose,CovYawYaw,0.0963343,604.5
c398b1ab66ba344da06a1d3799abad0c,Localization Quality,AMCLPose,CovYY,0.196819,604.5
c398b1ab66ba344da06a1d3799abad0c,Localization Quality,AMCLPose,CovXX,1.28339,604.5
c398b1ab66ba344da06a1d3799abad0c,Localization Quality,AMCLPose,MeanYaw,2.27657,604.5
c398b1ab66ba344da06a1d3799abad0c,Localization Quality,AMCLPose,MeanY,-2.35749,604.5
c398b1ab66ba344da06a1d3799abad0c,Localization Quality,AMCLPose,MeanX,3.80081,604.5
c398b1ab66ba344da06a1d3799abad0c,Localization Stability,TF,Jump Angular,0.00180471,605.5
c398b1ab66ba344da06a1d3799abad0c,Localization Stability,TF,Jump Linear,0.0452705,605.5
c398b1ab66ba344da06a1d3799abad0c,Input Validity,Lidar,Lidar Rate,10,604.59
c398b1ab66ba344da06a1d3799abad0c,Input Validity,Odometry,Odometry Rate,50,604.59
c398b1ab66ba344da06a1d3799abad0c,Input Validity,TF,TF Rate,10,604.59
c398b1ab66ba344da06a1d3799abad0c,Localization Stability,TF,Jump Angular,0,605.6
c398b1ab66ba344da06a1d3799abad0c,Localization Stability,TF,Jump Linear,0,605.6
c398b1ab66ba344da06a1d3799abad0c,Input Validity,Lidar,Lidar Rate,10,604.69
c398b1ab66ba344da06a1d3799abad0c,Input Validity,Odometry,Odometry Rate,50,604.69
c398b1ab66ba344da06a1d3799abad0c,Input Validity,TF,TF Rate,10,604.69
c398b1ab66ba344da06a1d3799abad0c,Localization Stability,TF,Jump Angular,0,605.7
c398b1ab66ba344da06a1d3799abad0c,Localization Stability,TF,Jump Linear,0,605.7
c398b1ab66ba344da06a1d3799abad0c,Input Validity,Lidar,Lidar Rate,10,604.79
c398b1ab66ba344da06a1d3799abad0c,Input Validity,Odometry,Odometry Rate,50,604.79
c398b1ab66ba344da06a1d3799abad0c,Input Validity,TF,TF Rate,10,604.79
c398b1ab66ba344da06a1d3799abad0c,Localization Quality,AMCLPose,CovYawYaw,0.104159,604.8
c398b1ab66ba344da06a1d3799abad0c,Localization Quality,AMCLPose,CovYY,0.153759,604.8
c398b1ab66ba344da06a1d3799abad0c,Localization Quality,AMCLPose,CovXX,1.16334,604.8
c398b1ab66ba344da06a1d3799abad0c,Localization Quality,AMCLPose,MeanYaw,2.26558,604.8
c398b1ab66ba344da06a1d3799abad0c,Localization Quality,AMCLPose,MeanY,-2.25942,604.8
c398b1ab66ba344da06a1d3799abad0c,Localization Quality,AMCLPose,MeanX,3.71442,604.8
c398b1ab66ba344da06a1d3799abad0c,Localization Stability,TF,Jump Angular,0.00133877,605.8
c398b1ab66ba344da06a1d3799abad0c,Localization Stability,TF,Jump Linear,0.038206,605.8
c398b1ab66ba344da06a1d3799abad0c,Input Validity,Lidar,Lidar Rate,10,604.89
c398b1ab66ba344da06a1d3799abad0c,Input Validity,Odometry,Odometry Rate,50,604.89
c398b1ab66ba344da06a1d3799abad0c,Input Validity,TF,TF Rate,10,604.89
c398b1ab66ba344da06a1d3799abad0c,Localization Stability,TF,Jump Angular,0,605.9
c398b1ab66ba344da06a1d3799abad0c,Localization Stability,TF,Jump Linear,0,605.9
c398b1ab66ba344da06a1d3799abad0c,Input Validity,Lidar,Lidar Rate,10,604.99
c398b1ab66ba344da06a1d3799abad0c,Input Validity,Odometry,Odometry Rate,50,604.99
c398b1ab66ba344da06a1d3799abad0c,Input Validity,TF,TF Rate,10,604.99
c398b1ab66ba344da06a1d3799abad0c,Localization Stability,TF,Jump Angular,0,606
c398b1ab66ba344da06a1d3799abad0c,Localization Stability,TF,Jump Linear,0,606
c398b1ab66ba344da06a1d3799abad0c,Input Validity,Lidar,Lidar Rate,10,605.09
c398b1ab66ba344da06a1d3799abad0c,Input Validity,Odometry,Odometry Rate,50,605.09
c398b1ab66ba344da06a1d3799abad0c,Input Validity,TF,TF Rate,10,605.09
c398b1ab66ba344da06a1d3799abad0c,Localization Quality,AMCLPose,CovYawYaw,0.0967654,605.1
c398b1ab66ba344da06a1d3799abad0c,Localization Quality,AMCLPose,CovYY,0.115513,605.1
c398b1ab66ba344da06a1d3799abad0c,Localization Quality,AMCLPose,CovXX,1.31872,605.1
c398b1ab66ba344da06a1d3799abad0c,Localization Quality,AMCLPose,MeanYaw,2.23945,605.1
c398b1ab66ba344da06a1d3799abad0c,Localization Quality,AMCLPose,MeanY,-2.15572,605.1
c398b1ab66ba344da06a1d3799abad0c,Localization Quality,AMCLPose,MeanX,3.63163,605.1
c398b1ab66ba344da06a1d3799abad0c,Localization Stability,TF,Jump Angular,-0.00203673,606.1
c398b1ab66ba344da06a1d3799abad0c,Localization Stability,TF,Jump Linear,0.0489795,606.1
c398b1ab66ba344da06a1d3799abad0c,Input Validity,Lidar,Lidar Rate,10,605.19
c398b1ab66ba344da06a1d3799abad0c,Input Validity,Odometry,Odometry Rate,50,605.19
c398b1ab66ba344da06a1d3799abad0c,Input Validity,TF,TF Rate,10,605.19
c398b1ab66ba344da06a1d3799abad0c,Localization Stability,TF,Jump Angular,0,606.2
c398b1ab66ba344da06a1d3799abad0c,Localization Stability,TF,Jump Linear,0,606.2
c398b1ab66ba344da06a1d3799abad0c,Input Validity,Lidar,Lidar Rate,10,605.29
c398b1ab66ba344da06a1d3799abad0c,Input Validity,Odometry,Odometry Rate,50,605.29
c398b1ab66ba344da06a1d3799abad0c,Input Validity,TF,TF Rate,10,605.29
c398b1ab66ba344da06a1d3799abad0c,Localization Stability,TF,Jump Angular,0,606.3
c398b1ab66ba344da06a1d3799abad0c,Localization Stability,TF,Jump Linear,0,606.3
c398b1ab66ba344da06a1d3799abad0c,Input Validity,Lidar,Lidar Rate,10,605.38
c398b1ab66ba344da06a1d3799abad0c,Input Validity,Odometry,Odometry Rate,50,605.38
c398b1ab66ba344da06a1d3799abad0c,Input Validity,TF,TF Rate,10,605.38
c398b1ab66ba344da06a1d3799abad0c,Input Validity,Lidar,Lidar Rate,10,605.48
c398b1ab66ba344da06a1d3799abad0c,Input Validity,Odometry,Odometry Rate,50,605.48
c398b1ab66ba344da06a1d3799abad0c,Input Validity,TF,TF Rate,10,605.48
c398b1ab66ba344da06a1d3799abad0c,Localization Quality,AMCLPose,CovYawYaw,0.173616,605.4
c398b1ab66ba344da06a1d3799abad0c,Localization Quality,AMCLPose,CovYY,0.203832,605.4
c398b1ab66ba344da06a1d3799abad0c,Localization Quality,AMCLPose,CovXX,1.94345,605.4
c398b1ab66ba344da06a1d3799abad0c,Localization Quality,AMCLPose,MeanYaw,2.26791,605.4
c398b1ab66ba344da06a1d3799abad0c,Localization Quality,AMCLPose,MeanY,-2.08742,605.4
c398b1ab66ba344da06a1d3799abad0c,Localization Quality,AMCLPose,MeanX,3.52011,605.4
c398b1ab66ba344da06a1d3799abad0c,Localization Stability,TF,Jump Angular,0.0532286,606.4
c398b1ab66ba344da06a1d3799abad0c,Localization Stability,TF,Jump Linear,1.35105,606.4
c398b1ab66ba344da06a1d3799abad0c,Localization Stability,TF,Jump Angular,0,606.5
c398b1ab66ba344da06a1d3799abad0c,Localization Stability,TF,Jump Linear,0,606.5
c398b1ab66ba344da06a1d3799abad0c,Input Validity,Lidar,Lidar Rate,10,605.58
c398b1ab66ba344da06a1d3799abad0c,Input Validity,Odometry,Odometry Rate,50,605.58
c398b1ab66ba344da06a1d3799abad0c,Input Validity,TF,TF Rate,10,605.58
c398b1ab66ba344da06a1d3799abad0c,Localization Stability,TF,Jump Angular,0,606.6
c398b1ab66ba344da06a1d3799abad0c,Localization Stability,TF,Jump Linear,0,606.6
c398b1ab66ba344da06a1d3799abad0c,Input Validity,Lidar,Lidar Rate,10,605.68
c398b1ab66ba344da06a1d3799abad0c,Input Validity,Odometry,Odometry Rate,50,605.68
c398b1ab66ba344da06a1d3799abad0c,Input Validity,TF,TF Rate,10,605.68
c398b1ab66ba344da06a1d3799abad0c,Localization Stability,TF,Jump Angular,0,606.7
c398b1ab66ba344da06a1d3799abad0c,Localization Stability,TF,Jump Linear,0,606.7
c398b1ab66ba344da06a1d3799abad0c,Input Validity,Lidar,Lidar Rate,10,605.78
c398b1ab66ba344da06a1d3799abad0c,Input Validity,Odometry,Odometry Rate,50,605.78
c398b1ab66ba344da06a1d3799abad0c,Input Validity,TF,TF Rate,10,605.78
c398b1ab66ba344da06a1d3799abad0c,Input Validity,Lidar,Lidar Rate,10,605.88
c398b1ab66ba344da06a1d3799abad0c,Input Validity,Odometry,Odometry Rate,50,605.88
c398b1ab66ba344da06a1d3799abad0c,Input Validity,TF,TF Rate,10,605.88
c398b1ab66ba344da06a1d3799abad0c,Localization Quality,AMCLPose,CovYawYaw,0.350402,605.8
c398b1ab66ba344da06a1d3799abad0c,Localization Quality,AMCLPose,CovYY,0.4674,605.8
c398b1ab66ba344da06a1d3799abad0c,Localization Quality,AMCLPose,CovXX,3.53246,605.8
c398b1ab66ba344da06a1d3799abad0c,Localization Quality,AMCLPose,MeanYaw,2.14266,605.8
c398b1ab66ba344da06a1d3799abad0c,Localization Quality,AMCLPose,MeanY,-1.88016,605.8
c398b1ab66ba344da06a1d3799abad0c,Localization Quality,AMCLPose,MeanX,3.4726,605.8
c398b1ab66ba344da06a1d3799abad0c,Localization Stability,TF,Jump Angular,-0.0761792,606.8
c398b1ab66ba344da06a1d3799abad0c,Localization Stability,TF,Jump Linear,1.92967,606.8
c398b1ab66ba344da06a1d3799abad0c,Localization Stability,TF,Jump Angular,0,606.9
c398b1ab66ba344da06a1d3799abad0c,Localization Stability,TF,Jump Linear,0,606.9
c398b1ab66ba344da06a1d3799abad0c,Input Validity,Lidar,Lidar Rate,10,605.98
c398b1ab66ba344da06a1d3799abad0c,Input Validity,Odometry,Odometry Rate,50,605.98
c398b1ab66ba344da06a1d3799abad0c,Input Validity,TF,TF Rate,10,605.98
c398b1ab66ba344da06a1d3799abad0c,Localization Stability,TF,Jump Angular,0,607
c398b1ab66ba344da06a1d3799abad0c,Localization Stability,TF,Jump Linear,0,607
c398b1ab66ba344da06a1d3799abad0c,Input Validity,Lidar,Lidar Rate,10,606.08
c398b1ab66ba344da06a1d3799abad0c,Input Validity,Odometry,Odometry Rate,50,606.08
c398b1ab66ba344da06a1d3799abad0c,Input Validity,TF,TF Rate,10,606.08
c398b1ab66ba344da06a1d3799abad0c,Input Validity,Lidar,Lidar Rate,10,606.18
c398b1ab66ba344da06a1d3799abad0c,Input Validity,Odometry,Odometry Rate,50,606.18
c398b1ab66ba344da06a1d3799abad0c,Input Validity,TF,TF Rate,10,606.18
c398b1ab66ba344da06a1d3799abad0c,Localization Quality,AMCLPose,CovYawYaw,0.66469,606.1
c398b1ab66ba344da06a1d3799abad0c,Localization Quality,AMCLPose,CovYY,0.835018,606.1
c398b1ab66ba344da06a1d3799abad0c,Localization Quality,AMCLPose,CovXX,5.91325,606.1
c398b1ab66ba344da06a1d3799abad0c,Localization Quality,AMCLPose,MeanYaw,2.02773,606.1
c398b1ab66ba344da06a1d3799abad0c,Localization Quality,AMCLPose,MeanY,-1.69847,606.1
c398b1ab66ba344da06a1d3799abad0c,Localization Quality,AMCLPose,MeanX,3.45958,606.1
c398b1ab66ba344da06a1d3799abad0c,Localization Stability,TF,Jump Angular,-0.0633732,607.1
c398b1ab66ba344da06a1d3799abad0c,Localization Stability,TF,Jump Linear,1.6186,607.1
c398b1ab66ba344da06a1d3799abad0c,Localization Stability,TF,Jump Angular,0,607.2
c398b1ab66ba344da06a1d3799abad0c,Localization Stability,TF,Jump Linear,0,607.2
c398b1ab66ba344da06a1d3799abad0c,Input Validity,Lidar,Lidar Rate,10,606.28
c398b1ab66ba344da06a1d3799abad0c,Input Validity,Odometry,Odometry Rate,50,606.28
c398b1ab66ba344da06a1d3799abad0c,Input Validity,TF,TF Rate,10,606.28
c398b1ab66ba344da06a1d3799abad0c,Localization Stability,TF,Jump Angular,0,607.3
c398b1ab66ba344da06a1d3799abad0c,Localization Stability,TF,Jump Linear,0,607.3
c398b1ab66ba344da06a1d3799abad0c,Input Validity,Lidar,Lidar Rate,10,606.38
c398b1ab66ba344da06a1d3799abad0c,Input Validity,Odometry,Odometry Rate,50,606.38
c398b1ab66ba344da06a1d3799abad0c,Input Validity,TF,TF Rate,10,606.38
c398b1ab66ba344da06a1d3799abad0c,Localization Stability,TF,Jump Angular,0,607.4
c398b1ab66ba344da06a1d3799abad0c,Localization Stability,TF,Jump Linear,0,607.4
c398b1ab66ba344da06a1d3799abad0c,Input Validity,Lidar,Lidar Rate,10,606.48
c398b1ab66ba344da06a1d3799abad0c,Input Validity,Odometry,Odometry Rate,50,606.48
c398b1ab66ba344da06a1d3799abad0c,Input Validity,TF,TF Rate,10,606.48
c398b1ab66ba344da06a1d3799abad0c,Input Validity,Lidar,Lidar Rate,10,606.58
c398b1ab66ba344da06a1d3799abad0c,Input Validity,Odometry,Odometry Rate,50,606.58
c398b1ab66ba344da06a1d3799abad0c,Input Validity,TF,TF Rate,10,606.58
c398b1ab66ba344da06a1d3799abad0c,Localization Quality,AMCLPose,CovYawYaw,1.1204,606.5
c398b1ab66ba344da06a1d3799abad0c,Localization Quality,AMCLPose,CovYY,1.23731,606.5
c398b1ab66ba344da06a1d3799abad0c,Localization Quality,AMCLPose,CovXX,9.25625,606.5
c398b1ab66ba344da06a1d3799abad0c,Localization Quality,AMCLPose,MeanYaw,1.96618,606.5
c398b1ab66ba344da06a1d3799abad0c,Localization Quality,AMCLPose,MeanY,-1.53204,606.5
c398b1ab66ba344da06a1d3799abad0c,Localization Quality,AMCLPose,MeanX,3.41163,606.5
c398b1ab66ba344da06a1d3799abad0c,Localization Stability,TF,Jump Angular,-0.0173346,607.5
c398b1ab66ba344da06a1d3799abad0c,Localization Stability,TF,Jump Linear,0.436438,607.5
c398b1ab66ba344da06a1d3799abad0c,Localization Stability,TF,Jump Angular,0,607.6
c398b1ab66ba344da06a1d3799abad0c,Localization Stability,TF,Jump Linear,0,607.6
c398b1ab66ba344da06a1d3799abad0c,Input Validity,Lidar,Lidar Rate,10,606.68
c398b1ab66ba344da06a1d3799abad0c,Input Validity,Odometry,Odometry Rate,50,606.68
c398b1ab66ba344da06a1d3799abad0c,Input Validity,TF,TF Rate,10,606.68
c398b1ab66ba344da06a1d3799abad0c,Localization Stability,TF,Jump Angular,0,607.7
c398b1ab66ba344da06a1d3799abad0c,Localization Stability,TF,Jump Linear,0,607.7
c398b1ab66ba344da06a1d3799abad0c,Input Validity,Lidar,Lidar Rate,10,606.78
c398b1ab66ba344da06a1d3799abad0c,Input Validity,Odometry,Odometry Rate,50,606.78
c398b1ab66ba344da06a1d3799abad0c,Input Validity,TF,TF Rate,10,606.78
c398b1ab66ba344da06a1d3799abad0c,Input Validity,Lidar,Lidar Rate,10,606.88
c398b1ab66ba344da06a1d3799abad0c,Input Validity,Odometry,Odometry Rate,50,606.88
c398b1ab66ba344da06a1d3799abad0c,Input Validity,TF,TF Rate,10,606.88
c398b1ab66ba344da06a1d3799abad0c,Localization Quality,AMCLPose,CovYawYaw,2.35276,606.8
c398b1ab66ba344da06a1d3799abad0c,Localization Quality,AMCLPose,CovYY,1.74188,606.8
c398b1ab66ba344da06a1d3799abad0c,Localization Quality,AMCLPose,CovXX,15.2308,606.8
c398b1ab66ba344da06a1d3799abad0c,Localization Quality,AMCLPose,MeanYaw,1.89223,606.8
c398b1ab66ba344da06a1d3799abad0c,Localization Quality,AMCLPose,MeanY,-1.42167,606.8
c398b1ab66ba344da06a1d3799abad0c,Localization Quality,AMCLPose,MeanX,3.37527,606.8
c398b1ab66ba344da06a1d3799abad0c,Localization Stability,TF,Jump Angular,-0.00758243,607.8
c398b1ab66ba344da06a1d3799abad0c,Localization Stability,TF,Jump Linear,0.179642,607.8
c398b1ab66ba344da06a1d3799abad0c,Localization Stability,TF,Jump Angular,0,607.9
c398b1ab66ba344da06a1d3799abad0c,Localization Stability,TF,Jump Linear,0,607.9
c398b1ab66ba344da06a1d3799abad0c,Input Validity,Lidar,Lidar Rate,10,606.98
c398b1ab66ba344da06a1d3799abad0c,Input Validity,Odometry,Odometry Rate,50,606.98
c398b1ab66ba344da06a1d3799abad0c,Input Validity,TF,TF Rate,10,606.98
c398b1ab66ba344da06a1d3799abad0c,Localization Stability,TF,Jump Angular,0,608
c398b1ab66ba344da06a1d3799abad0c,Localization Stability,TF,Jump Linear,0,608
c398b1ab66ba344da06a1d3799abad0c,Input Validity,Lidar,Lidar Rate,10,607.07
c398b1ab66ba344da06a1d3799abad0c,Input Validity,Odometry,Odometry Rate,50,607.07
c398b1ab66ba344da06a1d3799abad0c,Input Validity,TF,TF Rate,10,607.07
c398b1ab66ba344da06a1d3799abad0c,Input Validity,Lidar,Lidar Rate,10,607.17
c398b1ab66ba344da06a1d3799abad0c,Input Validity,Odometry,Odometry Rate,50,607.17
c398b1ab66ba344da06a1d3799abad0c,Input Validity,TF,TF Rate,10,607.17
c398b1ab66ba344da06a1d3799abad0c,Localization Quality,AMCLPose,CovYawYaw,4.06357,607.1
c398b1ab66ba344da06a1d3799abad0c,Localization Quality,AMCLPose,CovYY,1.97505,607.1
c398b1ab66ba344da06a1d3799abad0c,Localization Quality,AMCLPose,CovXX,20.9058,607.1
c398b1ab66ba344da06a1d3799abad0c,Localization Quality,AMCLPose,MeanYaw,1.87601,607.1
c398b1ab66ba344da06a1d3799abad0c,Localization Quality,AMCLPose,MeanY,-1.32862,607.1
c398b1ab66ba344da06a1d3799abad0c,Localization Quality,AMCLPose,MeanX,3.30014,607.1
c398b1ab66ba344da06a1d3799abad0c,Localization Stability,TF,Jump Angular,0.0258566,608.1
c398b1ab66ba344da06a1d3799abad0c,Localization Stability,TF,Jump Linear,0.665337,608.1
c398b1ab66ba344da06a1d3799abad0c,Localization Stability,TF,Jump Angular,0,608.2
c398b1ab66ba344da06a1d3799abad0c,Localization Stability,TF,Jump Linear,0,608.2
c398b1ab66ba344da06a1d3799abad0c,Input Validity,Lidar,Lidar Rate,10,607.27
c398b1ab66ba344da06a1d3799abad0c,Input Validity,Odometry,Odometry Rate,50,607.27
c398b1ab66ba344da06a1d3799abad0c,Input Validity,TF,TF Rate,10,607.27
c398b1ab66ba344da06a1d3799abad0c,Localization Stability,TF,Jump Angular,0,608.3
c398b1ab66ba344da06a1d3799abad0c,Localization Stability,TF,Jump Linear,0,608.3
c398b1ab66ba344da06a1d3799abad0c,Input Validity,Lidar,Lidar Rate,10,607.37
c398b1ab66ba344da06a1d3799abad0c,Input Validity,Odometry,Odometry Rate,50,607.37
c398b1ab66ba344da06a1d3799abad0c,Input Validity,TF,TF Rate,10,607.37
c398b1ab66ba344da06a1d3799abad0c,Input Validity,Lidar,Lidar Rate,10,607.47
c398b1ab66ba344da06a1d3799abad0c,Input Validity,Odometry,Odometry Rate,50,607.47
c398b1ab66ba344da06a1d3799abad0c,Input Validity,TF,TF Rate,10,607.47
c398b1ab66ba344da06a1d3799abad0c,Localization Quality,AMCLPose,CovYawYaw,2.50759,607.4
c398b1ab66ba344da06a1d3799abad0c,Localization Quality,AMCLPose,CovYY,1.6392,607.4
c398b1ab66ba344da06a1d3799abad0c,Localization Quality,AMCLPose,CovXX,24.9125,607.4
c398b1ab66ba344da06a1d3799abad0c,Localization Quality,AMCLPose,MeanYaw,-1.13692,607.4
c398b1ab66ba344da06a1d3799abad0c,Localization Quality,AMCLPose,MeanY,-1.08876,607.4
c398b1ab66ba344da06a1d3799abad0c,Localization Quality,AMCLPose,MeanX,-4.97756,607.4
c398b1ab66ba344da06a1d3799abad0c,Localization Stability,TF,Jump Angular,-3.02972,608.4
c398b1ab66ba344da06a1d3799abad0c,Localization Stability,TF,Jump Linear,44.2634,608.4
c398b1ab66ba344da06a1d3799abad0c,Localization Stability,TF,Jump Angular,0,608.5
c398b1ab66ba344da06a1d3799abad0c,Localization Stability,TF,Jump Linear,0,608.5
c398b1ab66ba344da06a1d3799abad0c,Input Validity,Lidar,Lidar Rate,10,607.57
c398b1ab66ba344da06a1d3799abad0c,Input Validity,Odometry,Odometry Rate,50,607.57
c398b1ab66ba344da06a1d3799abad0c,Input Validity,TF,TF Rate,10,607.57
c398b1ab66ba344da06a1d3799abad0c,Localization Stability,TF,Jump Angular,0,608.6
c398b1ab66ba344da06a1d3799abad0c,Localization Stability,TF,Jump Linear,0,608.6
c398b1ab66ba344da06a1d3799abad0c,Input Validity,Lidar,Lidar Rate,10,607.67
c398b1ab66ba344da06a1d3799abad0c,Input Validity,Odometry,Odometry Rate,50,607.67
c398b1ab66ba344da06a1d3799abad0c,Input Validity,TF,TF Rate,10,607.67
c398b1ab66ba344da06a1d3799abad0c,Input Validity,Lidar,Lidar Rate,10,607.77
c398b1ab66ba344da06a1d3799abad0c,Input Validity,Odometry,Odometry Rate,50,607.77
c398b1ab66ba344da06a1d3799abad0c,Input Validity,TF,TF Rate,10,607.77
c398b1ab66ba344da06a1d3799abad0c,Localization Quality,AMCLPose,CovYawYaw,1.63427,607.7
c398b1ab66ba344da06a1d3799abad0c,Localization Quality,AMCLPose,CovYY,1.20281,607.7
c398b1ab66ba344da06a1d3799abad0c,Localization Quality,AMCLPose,CovXX,26.5438,607.7
c398b1ab66ba344da06a1d3799abad0c,Localization Quality,AMCLPose,MeanYaw,-1.11512,607.7
c398b1ab66ba344da06a1d3799abad0c,Localization Quality,AMCLPose,MeanY,-1.21325,607.7
c398b1ab66ba344da06a1d3799abad0c,Localization Quality,AMCLPose,MeanX,-4.9156,607.7
c398b1ab66ba344da06a1d3799abad0c,Localization Stability,TF,Jump Angular,0.0040328,608.7
c398b1ab66ba344da06a1d3799abad0c,Localization Stability,TF,Jump Linear,0.0926678,608.7
c398b1ab66ba344da06a1d3799abad0c,Localization Stability,TF,Jump Angular,0,608.8
c398b1ab66ba344da06a1d3799abad0c,Localization Stability,TF,Jump Linear,0,608.8
c398b1ab66ba344da06a1d3799abad0c,Input Validity,Lidar,Lidar Rate,10,607.87
c398b1ab66ba344da06a1d3799abad0c,Input Validity,Odometry,Odometry Rate,50,607.87
c398b1ab66ba344da06a1d3799abad0c,Input Validity,TF,TF Rate,10,607.87
c398b1ab66ba344da06a1d3799abad0c,Localization Stability,TF,Jump Angular,0,608.9
c398b1ab66ba344da06a1d3799abad0c,Localization Stability,TF,Jump Linear,0,608.9
c398b1ab66ba344da06a1d3799abad0c,Input Validity,Lidar,Lidar Rate,10,607.97
c398b1ab66ba344da06a1d3799abad0c,Input Validity,Odometry,Odometry Rate,50,607.97
c398b1ab66ba344da06a1d3799abad0c,Input Validity,TF,TF Rate,10,607.97
c398b1ab66ba344da06a1d3799abad0c,Input Validity,Lidar,Lidar Rate,10,608.07
c398b1ab66ba344da06a1d3799abad0c,Input Validity,Odometry,Odometry Rate,50,608.07
c398b1ab66ba344da06a1d3799abad0c,Input Validity,TF,TF Rate,10,608.07
c398b1ab66ba344da06a1d3799abad0c,Localization Quality,AMCLPose,CovYawYaw,1.15026,608
c398b1ab66ba344da06a1d3799abad0c,Localization Quality,AMCLPose,CovYY,0.767959,608
c398b1ab66ba344da06a1d3799abad0c,Localization Quality,AMCLPose,CovXX,26.0531,608
c398b1ab66ba344da06a1d3799abad0c,Localization Quality,AMCLPose,MeanYaw,-1.03355,608
c398b1ab66ba344da06a1d3799abad0c,Localization Quality,AMCLPose,MeanY,-1.32668,608
c398b1ab66ba344da06a1d3799abad0c,Localization Quality,AMCLPose,MeanX,-4.86202,608
c398b1ab66ba344da06a1d3799abad0c,Localization Stability,TF,Jump Angular,-0.00277036,609
c398b1ab66ba344da06a1d3799abad0c,Localization Stability,TF,Jump Linear,0.0684649,609
c398b1ab66ba344da06a1d3799abad0c,Localization Stability,TF,Jump Angular,0,609.1
c398b1ab66ba344da06a1d3799abad0c,Localization Stability,TF,Jump Linear,0,609.1
c398b1ab66ba344da06a1d3799abad0c,Input Validity,Lidar,Lidar Rate,10,608.17
c398b1ab66ba344da06a1d3799abad0c,Input Validity,Odometry,Odometry Rate,50,608.17
c398b1ab66ba344da06a1d3799abad0c,Input Validity,TF,TF Rate,10,608.17
c398b1ab66ba344da06a1d3799abad0c,Localization Stability,TF,Jump Angular,0,609.2
c398b1ab66ba344da06a1d3799abad0c,Localization Stability,TF,Jump Linear,0,609.2
c398b1ab66ba344da06a1d3799abad0c,Input Validity,Lidar,Lidar Rate,10,608.27
c398b1ab66ba344da06a1d3799abad0c,Input Validity,Odometry,Odometry Rate,50,608.27
c398b1ab66ba344da06a1d3799abad0c,Input Validity,TF,TF Rate,10,608.27
c398b1ab66ba344da06a1d3799abad0c,Input Validity,Lidar,Lidar Rate,10,608.37
c398b1ab66ba344da06a1d3799abad0c,Input Validity,Odometry,Odometry Rate,50,608.37
c398b1ab66ba344da06a1d3799abad0c,Input Validity,TF,TF Rate,10,608.37
c398b1ab66ba344da06a1d3799abad0c,Localization Quality,AMCLPose,CovYawYaw,0.886443,608.3
c398b1ab66ba344da06a1d3799abad0c,Localization Quality,AMCLPose,CovYY,0.545225,608.3
c398b1ab66ba344da06a1d3799abad0c,Localization Quality,AMCLPose,CovXX,23.3696,608.3
c398b1ab66ba344da06a1d3799abad0c,Localization Quality,AMCLPose,MeanYaw,-0.990051,608.3
c398b1ab66ba344da06a1d3799abad0c,Localization Quality,AMCLPose,MeanY,-1.43094,608.3
c398b1ab66ba344da06a1d3799abad0c,Localization Quality,AMCLPose,MeanX,-4.80837,608.3
c398b1ab66ba344da06a1d3799abad0c,Localization Stability,TF,Jump Angular,-0.0135312,609.3
c398b1ab66ba344da06a1d3799abad0c,Localization Stability,TF,Jump Linear,0.335325,609.3
c398b1ab66ba344da06a1d3799abad0c,Localization Stability,TF,Jump Angular,0,609.4
c398b1ab66ba344da06a1d3799abad0c,Localization Stability,TF,Jump Linear,0,609.4
c398b1ab66ba344da06a1d3799abad0c,Input Validity,Lidar,Lidar Rate,10,608.47
c398b1ab66ba344da06a1d3799abad0c,Input Validity,Odometry,Odometry Rate,50,608.47
c398b1ab66ba344da06a1d3799abad0c,Input Validity,TF,TF Rate,10,608.47
c398b1ab66ba344da06a1d3799abad0c,Localization Stability,TF,Jump Angular,0,609.5
c398b1ab66ba344da06a1d3799abad0c,Localization Stability,TF,Jump Linear,0,609.5
c398b1ab66ba344da06a1d3799abad0c,Input Validity,Lidar,Lidar Rate,10,608.57
c398b1ab66ba344da06a1d3799abad0c,Input Validity,Odometry,Odometry Rate,50,608.57
c398b1ab66ba344da06a1d3799abad0c,Input Validity,TF,TF Rate,10,608.57
c398b1ab66ba344da06a1d3799abad0c,Localization Stability,TF,Jump Angular,0,609.6
c398b1ab66ba344da06a1d3799abad0c,Localization Stability,TF,Jump Linear,0,609.6
c398b1ab66ba344da06a1d3799abad0c,Input Validity,Lidar,Lidar Rate,10,608.67
c398b1ab66ba344da06a1d3799abad0c,Input Validity,Odometry,Odometry Rate,50,608.67
c398b1ab66ba344da06a1d3799abad0c,Input Validity,TF,TF Rate,10,608.67
c398b1ab66ba344da06a1d3799abad0c,Input Validity,Lidar,Lidar Rate,10,608.77
c398b1ab66ba344da06a1d3799abad0c,Input Validity,Odometry,Odometry Rate,50,608.77
c398b1ab66ba344da06a1d3799abad0c,Input Validity,TF,TF Rate,10,608.77
c398b1ab66ba344da06a1d3799abad0c,Localization Quality,AMCLPose,CovYawYaw,0.749487,608.7
c398b1ab66ba344da06a1d3799abad0c,Localization Quality,AMCLPose,CovYY,0.425946,608.7
c398b1ab66ba344da06a1d3799abad0c,Localization Quality,AMCLPose,CovXX,22.5914,608.7
c398b1ab66ba344da06a1d3799abad0c,Localization Quality,AMCLPose,MeanYaw,-0.917293,608.7
c398b1ab66ba344da06a1d3799abad0c,Localization Quality,AMCLPose,MeanY,-1.53017,608.7
c398b1ab66ba344da06a1d3799abad0c,Localization Quality,AMCLPose,MeanX,-4.7329,608.7
c398b1ab66ba344da06a1d3799abad0c,Localization Stability,TF,Jump Angular,0.00216858,609.7
c398b1ab66ba344da06a1d3799abad0c,Localization Stability,TF,Jump Linear,0.0666071,609.7
c398b1ab66ba344da06a1d3799abad0c,Input Validity,Lidar,Lidar Rate,10,608.86
c398b1ab66ba344da06a1d3799abad0c,Input Validity,Odometry,Odometry Rate,50,608.86
c398b1ab66ba344da06a1d3799abad0c,Input Validity,TF,TF Rate,10,608.86
c398b1ab66ba344da06a1d3799abad0c,Localization Quality,AMCLPose,CovYawYaw,0.749064,608.8
c398b1ab66ba344da06a1d3799abad0c,Localization Quality,AMCLPose,CovYY,0.436746,608.8
c398b1ab66ba344da06a1d3799abad0c,Localization Quality,AMCLPose,CovXX,24.2658,608.8
c398b1ab66ba344da06a1d3799abad0c,Localization Quality,AMCLPose,MeanYaw,-0.837743,608.8
c398b1ab66ba344da06a1d3799abad0c,Localization Quality,AMCLPose,MeanY,-1.53584,608.8
c398b1ab66ba344da06a1d3799abad0c,Localization Quality,AMCLPose,MeanX,-4.72793,608.8
c398b1ab66ba344da06a1d3799abad0c,Localization Stability,TF,Jump Angular,-0.0024501,609.8
c398b1ab66ba344da06a1d3799abad0c,Localization Stability,TF,Jump Linear,0.0523546,609.8
c398b1ab66ba344da06a1d3799abad0c,Input Validity,Lidar,Lidar Rate,10,608.96
c398b1ab66ba344da06a1d3799abad0c,Input Validity,Odometry,Odometry Rate,50,608.96
c398b1ab66ba344da06a1d3799abad0c,Input Validity,TF,TF Rate,10,608.96
c398b1ab66ba344da06a1d3799abad0c,Localization Quality,AMCLPose,CovYawYaw,0.801185,608.9
c398b1ab66ba344da06a1d3799abad0c,Localization Quality,AMCLPose,CovYY,0.512582,608.9
c398b1ab66ba344da06a1d3799abad0c,Localization Quality,AMCLPose,CovXX,28.0536,608.9
c398b1ab66ba344da06a1d3799abad0c,Localization Quality,AMCLPose,MeanYaw,0.0240579,608.9
c398b1ab66ba344da06a1d3799abad0c,Localization Quality,AMCLPose,MeanY,-0.9844,608.9
c398b1ab66ba344da06a1d3799abad0c,Localization Quality,AMCLPose,MeanX,-0.121321,608.9
c398b1ab66ba344da06a1d3799abad0c,Localization Stability,TF,Jump Angular,0.761801,609.9
c398b1ab66ba344da06a1d3799abad0c,Localization Stability,TF,Jump Linear,15.2588,609.9
c398b1ab66ba344da06a1d3799abad0c,Input Validity,Lidar,Lidar Rate,10,609.06
c398b1ab66ba344da06a1d3799abad0c,Input Validity,Odometry,Odometry Rate,50,609.06
c398b1ab66ba344da06a1d3799abad0c,Input Validity,TF,TF Rate,10,609.06
c398b1ab66ba344da06a1d3799abad0c,Localization Quality,AMCLPose,CovYawYaw,0.843651,609
c398b1ab66ba344da06a1d3799abad0c,Localization Quality,AMCLPose,CovYY,0.536803,609
c398b1ab66ba344da06a1d3799abad0c,Localization Quality,AMCLPose,CovXX,30.8079,609
c398b1ab66ba344da06a1d3799abad0c,Localization Quality,AMCLPose,MeanYaw,1.27911,609
c398b1ab66ba344da06a1d3799abad0c,Localization Quality,AMCLPose,MeanY,-2.35758,609
c398b1ab66ba344da06a1d3799abad0c,Localization Quality,AMCLPose,MeanX,8.73944,609
c398b1ab66ba344da06a1d3799abad0c,Localization Stability,TF,Jump Angular,1.15505,610
c398b1ab66ba344da06a1d3799abad0c,Localization Stability,TF,Jump Linear,21.1603,610
c398b1ab66ba344da06a1d3799abad0c,Input Validity,Lidar,Lidar Rate,10,609.16
c398b1ab66ba344da06a1d3799abad0c,Input Validity,Odometry,Odometry Rate,50,609.16
c398b1ab66ba344da06a1d3799abad0c,Input Validity,TF,TF Rate,10,609.16
c398b1ab66ba344da06a1d3799abad0c,Localization Quality,AMCLPose,CovYawYaw,0.781344,609.1
c398b1ab66ba344da06a1d3799abad0c,Localization Quality,AMCLPose,CovYY,0.476137,609.1
c398b1ab66ba344da06a1d3799abad0c,Localization Quality,AMCLPose,CovXX,28.1857,609.1
c398b1ab66ba344da06a1d3799abad0c,Localization Quality,AMCLPose,MeanYaw,1.39449,609.1
c398b1ab66ba344da06a1d3799abad0c,Localization Quality,AMCLPose,MeanY,-2.34728,609.1
c398b1ab66ba344da06a1d3799abad0c,Localization Quality,AMCLPose,MeanX,8.74227,609.1
c398b1ab66ba344da06a1d3799abad0c,Localization Stability,TF,Jump Angular,0.0153892,610.1
c398b1ab66ba344da06a1d3799abad0c,Localization Stability,TF,Jump Linear,0.380002,610.1
c398b1ab66ba344da06a1d3799abad0c,Input Validity,Lidar,Lidar Rate,10,609.26
c398b1ab66ba344da06a1d3799abad0c,Input Validity,Odometry,Odometry Rate,50,609.26
c398b1ab66ba344da06a1d3799abad0c,Input Validity,TF,TF Rate,10,609.26
c398b1ab66ba344da06a1d3799abad0c,Localization Quality,AMCLPose,CovYawYaw,0.486968,609.2
c398b1ab66ba344da06a1d3799abad0c,Localization Quality,AMCLPose,CovYY,0.350122,609.2
c398b1ab66ba344da06a1d3799abad0c,Localization Quality,AMCLPose,CovXX,19.7883,609.2
c398b1ab66ba344da06a1d3799abad0c,Localization Quality,AMCLPose,MeanYaw,1.51998,609.2
c398b1ab66ba344da06a1d3799abad0c,Localization Quality,AMCLPose,MeanY,-2.33595,609.2
c398b1ab66ba344da06a1d3799abad0c,Localization Quality,AMCLPose,MeanX,8.73898,609.2
c398b1ab66ba344da06a1d3799abad0c,Localization Stability,TF,Jump Angular,0.025487,610.2
c398b1ab66ba344da06a1d3799abad0c,Localization Stability,TF,Jump Linear,0.638094,610.2
c398b1ab66ba344da06a1d3799abad0c,Input Validity,Lidar,Lidar Rate,10,609.36
c398b1ab66ba344da06a1d3799abad0c,Input Validity,Odometry,Odometry Rate,50,609.36
c398b1ab66ba344da06a1d3799abad0c,Input Validity,TF,TF Rate,10,609.36
c398b1ab66ba344da06a1d3799abad0c,Localization Quality,AMCLPose,CovYawYaw,0.257377,609.3
c398b1ab66ba344da06a1d3799abad0c,Localization Quality,AMCLPose,CovYY,0.201658,609.3
c398b1ab66ba344da06a1d3799abad0c,Localization Quality,AMCLPose,CovXX,10.8052,609.3
c398b1ab66ba344da06a1d3799abad0c,Localization Quality,AMCLPose,MeanYaw,1.63859,609.3
c398b1ab66ba344da06a1d3799abad0c,Localization Quality,AMCLPose,MeanY,-2.32726,609.3
c398b1ab66ba344da06a1d3799abad0c,Localization Quality,AMCLPose,MeanX,8.73683,609.3
c398b1ab66ba344da06a1d3799abad0c,Localization Stability,TF,Jump Angular,0.0186113,610.3
c398b1ab66ba344da06a1d3799abad0c,Localization Stability,TF,Jump Linear,0.465331,610.3
c398b1ab66ba344da06a1d3799abad0c,Localization Quality,AMCLPose,CovYawYaw,0.14666,609.4
c398b1ab66ba344da06a1d3799abad0c,Localization Quality,AMCLPose,CovYY,0.0898324,609.4
c398b1ab66ba344da06a1d3799abad0c,Localization Quality,AMCLPose,CovXX,6.392,609.4
c398b1ab66ba344da06a1d3799abad0c,Localization Quality,AMCLPose,MeanYaw,1.77294,609.4
c398b1ab66ba344da06a1d3799abad0c,Localization Quality,AMCLPose,MeanY,-2.30938,609.4
c398b1ab66ba344da06a1d3799abad0c,Localization Quality,AMCLPose,MeanX,8.7395,609.4
c398b1ab66ba344da06a1d3799abad0c,Localization Stability,TF,Jump Angular,0.0343472,610.4
c398b1ab66ba344da06a1d3799abad0c,Localization Stability,TF,Jump Linear,0.853953,610.4
c398b1ab66ba344da06a1d3799abad0c,Input Validity,Lidar,Lidar Rate,10,609.46
c398b1ab66ba344da06a1d3799abad0c,Input Validity,Odometry,Odometry Rate,50,609.46
c398b1ab66ba344da06a1d3799abad0c,Input Validity,TF,TF Rate,10,609.46
c398b1ab66ba344da06a1d3799abad0c,Input Validity,Lidar,Lidar Rate,10,609.56
c398b1ab66ba344da06a1d3799abad0c,Input Validity,Odometry,Odometry Rate,50,609.56
c398b1ab66ba344da06a1d3799abad0c,Input Validity,TF,TF Rate,10,609.56
c398b1ab66ba344da06a1d3799abad0c,Localization Quality,AMCLPose,CovYawYaw,0.0686539,609.5
c398b1ab66ba344da06a1d3799abad0c,Localization Quality,AMCLPose,CovYY,0.0341687,609.5
c398b1ab66ba344da06a1d3799abad0c,Localization Quality,AMCLPose,CovXX,2.67064,609.5
c398b1ab66ba344da06a1d3799abad0c,Localization Quality,AMCLPose,MeanYaw,1.9039,609.5
c398b1ab66ba344da06a1d3799abad0c,Localization Quality,AMCLPose,MeanY,-2.29796,609.5
c398b1ab66ba344da06a1d3799abad0c,Localization Quality,AMCLPose,MeanX,8.73408,609.5
c398b1ab66ba344da06a1d3799abad0c,Localization Stability,TF,Jump Angular,0.0309638,610.5
c398b1ab66ba344da06a1d3799abad0c,Localization Stability,TF,Jump Linear,0.777131,610.5
c398b1ab66ba344da06a1d3799abad0c,Input Validity,Lidar,Lidar Rate,10,609.66
c398b1ab66ba344da06a1d3799abad0c,Input Validity,Odometry,Odometry Rate,50,609.66
c398b1ab66ba344da06a1d3799abad0c,Input Validity,TF,TF Rate,10,609.66
c398b1ab66ba344da06a1d3799abad0c,Localization Quality,AMCLPose,CovYawYaw,0.0416689,609.6
c398b1ab66ba344da06a1d3799abad0c,Localization Quality,AMCLPose,CovYY,0.01954,609.6
c398b1ab66ba344da06a1d3799abad0c,Localization Quality,AMCLPose,CovXX,1.41957,609.6
c398b1ab66ba344da06a1d3799abad0c,Localization Quality,AMCLPose,MeanYaw,2.02425,609.6
c398b1ab66ba344da06a1d3799abad0c,Localization Quality,AMCLPose,MeanY,-2.29503,609.6
c398b1ab66ba344da06a1d3799abad0c,Localization Quality,AMCLPose,MeanX,8.72638,609.6
c398b1ab66ba344da06a1d3799abad0c,Localization Stability,TF,Jump Angular,0.0203453,610.6
c398b1ab66ba344da06a1d3799abad0c,Localization Stability,TF,Jump Linear,0.516283,610.6
c398b1ab66ba344da06a1d3799abad0c,Localization Quality,AMCLPose,CovYawYaw,0.039592,609.7
c398b1ab66ba344da06a1d3799abad0c,Localization Quality,AMCLPose,CovYY,0.0182992,609.7
c398b1ab66ba344da06a1d3799abad0c,Localization Quality,AMCLPose,CovXX,1.33737,609.7
c398b1ab66ba344da06a1d3799abad0c,Localization Quality,AMCLPose,MeanYaw,2.12519,609.7
c398b1ab66ba344da06a1d3799abad0c,Localization Quality,AMCLPose,MeanY,-2.29202,609.7
c398b1ab66ba344da06a1d3799abad0c,Localization Quality,AMCLPose,MeanX,8.72532,609.7
c398b1ab66ba344da06a1d3799abad0c,Localization Stability,TF,Jump Angular,0.000940026,610.7
c398b1ab66ba344da06a1d3799abad0c,Localization Stability,TF,Jump Linear,0.0215114,610.7
c398b1ab66ba344da06a1d3799abad0c,Input Validity,Lidar,Lidar Rate,10,609.76
c398b1ab66ba344da06a1d3799abad0c,Input Validity,Odometry,Odometry Rate,50,609.76
c398b1ab66ba344da06a1d3799abad0c,Input Validity,TF,TF Rate,10,609.76
c398b1ab66ba344da06a1d3799abad0c,Input Validity,Lidar,Lidar Rate,10,609.86
c398b1ab66ba344da06a1d3799abad0c,Input Validity,Odometry,Odometry Rate,50,609.86
c398b1ab66ba344da06a1d3799abad0c,Input Validity,TF,TF Rate,10,609.86
c398b1ab66ba344da06a1d3799abad0c,Localization Quality,AMCLPose,CovYawYaw,0.0434356,609.8
c398b1ab66ba344da06a1d3799abad0c,Localization Quality,AMCLPose,CovYY,0.0196728,609.8
c398b1ab66ba344da06a1d3799abad0c,Localization Quality,AMCLPose,CovXX,1.53611,609.8
c398b1ab66ba344da06a1d3799abad0c,Localization Quality,AMCLPose,MeanYaw,2.22179,609.8
c398b1ab66ba344da06a1d3799abad0c,Localization Quality,AMCLPose,MeanY,-2.29088,609.8
c398b1ab66ba344da06a1d3799abad0c,Localization Quality,AMCLPose,MeanX,8.72679,609.8
c398b1ab66ba344da06a1d3799abad0c,Localization Stability,TF,Jump Angular,-0.00339857,610.8
c398b1ab66ba344da06a1d3799abad0c,Localization Stability,TF,Jump Linear,0.0878086,610.8
c398b1ab66ba344da06a1d3799abad0c,Input Validity,Lidar,Lidar Rate,10,609.96
c398b1ab66ba344da06a1d3799abad0c,Input Validity,Odometry,Odometry Rate,50,609.96
c398b1ab66ba344da06a1d3799abad0c,Input Validity,TF,TF Rate,10,609.96
c398b1ab66ba344da06a1d3799abad0c,Localization Quality,AMCLPose,CovYawYaw,0.0438831,609.9
c398b1ab66ba344da06a1d3799abad0c,Localization Quality,AMCLPose,CovYY,0.0219012,609.9
c398b1ab66ba344da06a1d3799abad0c,Localization Quality,AMCLPose,CovXX,1.51383,609.9
c398b1ab66ba344da06a1d3799abad0c,Localization Quality,AMCLPose,MeanYaw,2.32583,609.9
c398b1ab66ba344da06a1d3799abad0c,Localization Quality,AMCLPose,MeanY,-2.28911,609.9
c398b1ab66ba344da06a1d3799abad0c,Localization Quality,AMCLPose,MeanX,8.72524,609.9
c398b1ab66ba344da06a1d3799abad0c,Localization Stability,TF,Jump Angular,0.00403502,610.9
c398b1ab66ba344da06a1d3799abad0c,Localization Stability,TF,Jump Linear,0.101289,610.9
c398b1ab66ba344da06a1d3799abad0c,Input Validity,Lidar,Lidar Rate,10,610.06
c398b1ab66ba344da06a1d3799abad0c,Input Validity,Odometry,Odometry Rate,50,610.06
c398b1ab66ba344da06a1d3799abad0c,Input Validity,TF,TF Rate,10,610.06
c398b1ab66ba344da06a1d3799abad0c,Localization Quality,AMCLPose,CovYawYaw,0.0355793,610
c398b1ab66ba344da06a1d3799abad0c,Localization Quality,AMCLPose,CovYY,0.0196457,610
c398b1ab66ba344da06a1d3799abad0c,Localization Quality,AMCLPose,CovXX,0.995428,610
c398b1ab66ba344da06a1d3799abad0c,Localization Quality,AMCLPose,MeanYaw,2.42224,610
c398b1ab66ba344da06a1d3799abad0c,Localization Quality,AMCLPose,MeanY,-2.29036,610
c398b1ab66ba344da06a1d3799abad0c,Localization Quality,AMCLPose,MeanX,8.72598,610
c398b1ab66ba344da06a1d3799abad0c,Localization Stability,TF,Jump Angular,-0.00359022,611
c398b1ab66ba344da06a1d3799abad0c,Localization Stability,TF,Jump Linear,0.0901883,611
c398b1ab66ba344da06a1d3799abad0c,Input Validity,Lidar,Lidar Rate,10,610.16
c398b1ab66ba344da06a1d3799abad0c,Input Validity,Odometry,Odometry Rate,50,610.16
c398b1ab66ba344da06a1d3799abad0c,Input Validity,TF,TF Rate,10,610.16
c398b1ab66ba344da06a1d3799abad0c,Localization Quality,AMCLPose,CovYawYaw,0.0319985,610.1
c398b1ab66ba344da06a1d3799abad0c,Localization Quality,AMCLPose,CovYY,0.0163325,610.1
c398b1ab66ba344da06a1d3799abad0c,Localization Quality,AMCLPose,CovXX,0.909623,610.1
c398b1ab66ba344da06a1d3799abad0c,Localization Quality,AMCLPose,MeanYaw,2.5232,610.1
c398b1ab66ba344da06a1d3799abad0c,Localization Quality,AMCLPose,MeanY,-2.29429,610.1
c398b1ab66ba344da06a1d3799abad0c,Localization Quality,AMCLPose,MeanX,8.72668,610.1
c398b1ab66ba344da06a1d3799abad0c,Localization Stability,TF,Jump Angular,0.000960868,611.1
c398b1ab66ba344da06a1d3799abad0c,Localization Stability,TF,Jump Linear,0.0278656,611.1
c398b1ab66ba344da06a1d3799abad0c,Localization Quality,AMCLPose,CovYawYaw,0.0332525,610.2
c398b1ab66ba344da06a1d3799abad0c,Localization Quality,AMCLPose,CovYY,0.015762,610.2
c398b1ab66ba344da06a1d3799abad0c,Localization Quality,AMCLPose,CovXX,1.00009,610.2
c398b1ab66ba344da06a1d3799abad0c,Localization Quality,AMCLPose,MeanYaw,2.62416,610.2
c398b1ab66ba344da06a1d3799abad0c,Localization Quality,AMCLPose,MeanY,-2.29318,610.2
c398b1ab66ba344da06a1d3799abad0c,Localization Quality,AMCLPose,MeanX,8.72432,610.2
c398b1ab66ba344da06a1d3799abad0c,Localization Stability,TF,Jump Angular,0.00246338,611.2
c398b1ab66ba344da06a1d3799abad0c,Localization Stability,TF,Jump Linear,0.0623609,611.2
c398b1ab66ba344da06a1d3799abad0c,Input Validity,Lidar,Lidar Rate,10,610.26
c398b1ab66ba344da06a1d3799abad0c,Input Validity,Odometry,Odometry Rate,50,610.26
c398b1ab66ba344da06a1d3799abad0c,Input Validity,TF,TF Rate,10,610.26
c398b1ab66ba344da06a1d3799abad0c,Input Validity,Lidar,Lidar Rate,10,610.36
c398b1ab66ba344da06a1d3799abad0c,Input Validity,Odometry,Odometry Rate,50,610.36
c398b1ab66ba344da06a1d3799abad0c,Input Validity,TF,TF Rate,10,610.36
c398b1ab66ba344da06a1d3799abad0c,Localization Quality,AMCLPose,CovYawYaw,0.0310943,610.3
c398b1ab66ba344da06a1d3799abad0c,Localization Quality,AMCLPose,CovYY,0.0171303,610.3
c398b1ab66ba344da06a1d3799abad0c,Localization Quality,AMCLPose,CovXX,0.909474,610.3
c398b1ab66ba344da06a1d3799abad0c,Localization Quality,AMCLPose,MeanYaw,2.70443,610.3
c398b1ab66ba344da06a1d3799abad0c,Localization Quality,AMCLPose,MeanY,-2.29372,610.3
c398b1ab66ba344da06a1d3799abad0c,Localization Quality,AMCLPose,MeanX,8.72265,610.3
c398b1ab66ba344da06a1d3799abad0c,Localization Stability,TF,Jump Angular,0.00289026,611.3
c398b1ab66ba344da06a1d3799abad0c,Localization Stability,TF,Jump Linear,0.0744267,611.3
c398b1ab66ba344da06a1d3799abad0c,Input Validity,Lidar,Lidar Rate,10,610.46
c398b1ab66ba344da06a1d3799abad0c,Input Validity,Odometry,Odometry Rate,50,610.46
c398b1ab66ba344da06a1d3799abad0c,Input Validity,TF,TF Rate,10,610.46
c398b1ab66ba344da06a1d3799abad0c,Localization Stability,TF,Jump Angular,0,611.4
c398b1ab66ba344da06a1d3799abad0c,Localization Stability,TF,Jump Linear,0,611.4
c398b1ab66ba344da06a1d3799abad0c,Input Validity,Lidar,Lidar Rate,10,610.56
c398b1ab66ba344da06a1d3799abad0c,Input Validity,Odometry,Odometry Rate,50,610.56
c398b1ab66ba344da06a1d3799abad0c,Input Validity,TF,TF Rate,10,610.56
c398b1ab66ba344da06a1d3799abad0c,Localization Quality,AMCLPose,CovYawYaw,0.0365783,610.5
c398b1ab66ba344da06a1d3799abad0c,Localization Quality,AMCLPose,CovYY,0.0181417,610.5
c398b1ab66ba344da06a1d3799abad0c,Localization Quality,AMCLPose,CovXX,1.20491,610.5
c398b1ab66ba344da06a1d3799abad0c,Localization Quality,AMCLPose,MeanYaw,2.75458,610.5
c398b1ab66ba344da06a1d3799abad0c,Localization Quality,AMCLPose,MeanY,-2.29262,610.5
c398b1ab66ba344da06a1d3799abad0c,Localization Quality,AMCLPose,MeanX,8.72328,610.5
c398b1ab66ba344da06a1d3799abad0c,Localization Stability,TF,Jump Angular,-0.00233193,611.5
c398b1ab66ba344da06a1d3799abad0c,Localization Stability,TF,Jump Linear,0.0604027,611.5
c398b1ab66ba344da06a1d3799abad0c,Input Validity,Lidar,Lidar Rate,10,610.65
c398b1ab66ba344da06a1d3799abad0c,Input Validity,Odometry,Odometry Rate,50,610.65
c398b1ab66ba344da06a1d3799abad0c,Input Validity,TF,TF Rate,10,610.65
c398b1ab66ba344da06a1d3799abad0c,Localization Stability,TF,Jump Angular,0,611.6
c398b1ab66ba344da06a1d3799abad0c,Localization Stability,TF,Jump Linear,0,611.6
c398b1ab66ba344da06a1d3799abad0c,Localization Stability,TF,Jump Angular,0,611.7
c398b1ab66ba344da06a1d3799abad0c,Localization Stability,TF,Jump Linear,0,611.7
c398b1ab66ba344da06a1d3799abad0c,Input Validity,Lidar,Lidar Rate,10,610.75
c398b1ab66ba344da06a1d3799abad0c,Input Validity,Odometry,Odometry Rate,50,610.75
c398b1ab66ba344da06a1d3799abad0c,Input Validity,TF,TF Rate,10,610.75
c398b1ab66ba344da06a1d3799abad0c,Input Validity,Lidar,Lidar Rate,10,610.85
c398b1ab66ba344da06a1d3799abad0c,Input Validity,Odometry,Odometry Rate,50,610.85
c398b1ab66ba344da06a1d3799abad0c,Input Validity,TF,TF Rate,10,610.85
c398b1ab66ba344da06a1d3799abad0c,Localization Stability,TF,Jump Angular,0,611.8
c398b1ab66ba344da06a1d3799abad0c,Localization Stability,TF,Jump Linear,0,611.8
c398b1ab66ba344da06a1d3799abad0c,Input Validity,Lidar,Lidar Rate,10,610.95
c398b1ab66ba344da06a1d3799abad0c,Input Validity,Odometry,Odometry Rate,50,610.95
c398b1ab66ba344da06a1d3799abad0c,Input Validity,TF,TF Rate,10,610.95
c398b1ab66ba344da06a1d3799abad0c,Localization Stability,TF,Jump Angular,0,611.9
c398b1ab66ba344da06a1d3799abad0c,Localization Stability,TF,Jump Linear,0,611.9
c398b1ab66ba344da06a1d3799abad0c,Input Validity,Lidar,Lidar Rate,10,611.05
c398b1ab66ba344da06a1d3799abad0c,Input Validity,Odometry,Odometry Rate,50,611.05
c398b1ab66ba344da06a1d3799abad0c,Input Validity,TF,TF Rate,10,611.05
c398b1ab66ba344da06a1d3799abad0c,Localization Stability,TF,Jump Angular,0,612
c398b1ab66ba344da06a1d3799abad0c,Localization Stability,TF,Jump Linear,0,612
c398b1ab66ba344da06a1d3799abad0c,Localization Stability,TF,Jump Angular,0,612.1
c398b1ab66ba344da06a1d3799abad0c,Localization Stability,TF,Jump Linear,0,612.1
c398b1ab66ba344da06a1d3799abad0c,Input Validity,Lidar,Lidar Rate,10,611.15
c398b1ab66ba344da06a1d3799abad0c,Input Validity,Odometry,Odometry Rate,50,611.15
c398b1ab66ba344da06a1d3799abad0c,Input Validity,TF,TF Rate,10,611.15
c398b1ab66ba344da06a1d3799abad0c,Localization Stability,TF,Jump Angular,0,612.2
c398b1ab66ba344da06a1d3799abad0c,Localization Stability,TF,Jump Linear,0,612.2
c398b1ab66ba344da06a1d3799abad0c,Input Validity,Lidar,Lidar Rate,10,611.25
c398b1ab66ba344da06a1d3799abad0c,Input Validity,Odometry,Odometry Rate,50,611.25
c398b1ab66ba344da06a1d3799abad0c,Input Validity,TF,TF Rate,10,611.25
c398b1ab66ba344da06a1d3799abad0c,Input Validity,Lidar,Lidar Rate,10,611.35
c398b1ab66ba344da06a1d3799abad0c,Input Validity,Odometry,Odometry Rate,50,611.35
c398b1ab66ba344da06a1d3799abad0c,Input Validity,TF,TF Rate,10,611.35
c398b1ab66ba344da06a1d3799abad0c,Localization Stability,TF,Jump Angular,0,612.3
c398b1ab66ba344da06a1d3799abad0c,Localization Stability,TF,Jump Linear,0,612.3
c398b1ab66ba344da06a1d3799abad0c,Input Validity,Lidar,Lidar Rate,10,611.45
c398b1ab66ba344da06a1d3799abad0c,Input Validity,Odometry,Odometry Rate,50,611.45
c398b1ab66ba344da06a1d3799abad0c,Input Validity,TF,TF Rate,10,611.45
c398b1ab66ba344da06a1d3799abad0c,Localization Stability,TF,Jump Angular,0,612.4
c398b1ab66ba344da06a1d3799abad0c,Localization Stability,TF,Jump Linear,0,612.4
c398b1ab66ba344da06a1d3799abad0c,Input Validity,Lidar,Lidar Rate,10,611.55
c398b1ab66ba344da06a1d3799abad0c,Input Validity,Odometry,Odometry Rate,50,611.55
c398b1ab66ba344da06a1d3799abad0c,Input Validity,TF,TF Rate,10,611.55
c398b1ab66ba344da06a1d3799abad0c,Localization Stability,TF,Jump Angular,0,612.5
c398b1ab66ba344da06a1d3799abad0c,Localization Stability,TF,Jump Linear,0,612.5
c398b1ab66ba344da06a1d3799abad0c,Input Validity,Lidar,Lidar Rate,10,611.65
c398b1ab66ba344da06a1d3799abad0c,Input Validity,Odometry,Odometry Rate,50,611.65
c398b1ab66ba344da06a1d3799abad0c,Input Validity,TF,TF Rate,10,611.65
c398b1ab66ba344da06a1d3799abad0c,Localization Stability,TF,Jump Angular,0,612.6
c398b1ab66ba344da06a1d3799abad0c,Localization Stability,TF,Jump Linear,0,612.6
c398b1ab66ba344da06a1d3799abad0c,Input Validity,Lidar,Lidar Rate,10,611.75
c398b1ab66ba344da06a1d3799abad0c,Input Validity,Odometry,Odometry Rate,50,611.75
c398b1ab66ba344da06a1d3799abad0c,Input Validity,TF,TF Rate,10,611.75
c398b1ab66ba344da06a1d3799abad0c,Localization Stability,TF,Jump Angular,0,612.7
c398b1ab66ba344da06a1d3799abad0c,Localization Stability,TF,Jump Linear,0,612.7
c398b1ab66ba344da06a1d3799abad0c,Input Validity,Lidar,Lidar Rate,10,611.85
c398b1ab66ba344da06a1d3799abad0c,Input Validity,Odometry,Odometry Rate,50,611.85
c398b1ab66ba344da06a1d3799abad0c,Input Validity,TF,TF Rate,10,611.85
c398b1ab66ba344da06a1d3799abad0c,Localization Stability,TF,Jump Angular,0,612.8
c398b1ab66ba344da06a1d3799abad0c,Localization Stability,TF,Jump Linear,0,612.8
c398b1ab66ba344da06a1d3799abad0c,Localization Stability,TF,Jump Angular,0,612.9
c398b1ab66ba344da06a1d3799abad0c,Localization Stability,TF,Jump Linear,0,612.9
c398b1ab66ba344da06a1d3799abad0c,Input Validity,Lidar,Lidar Rate,10,611.95
c398b1ab66ba344da06a1d3799abad0c,Input Validity,Odometry,Odometry Rate,50,611.95
c398b1ab66ba344da06a1d3799abad0c,Input Validity,TF,TF Rate,10,611.95
c398b1ab66ba344da06a1d3799abad0c,Input Validity,Lidar,Lidar Rate,10,612.05
c398b1ab66ba344da06a1d3799abad0c,Input Validity,Odometry,Odometry Rate,50,612.05
c398b1ab66ba344da06a1d3799abad0c,Input Validity,TF,TF Rate,10,612.05
c398b1ab66ba344da06a1d3799abad0c,Localization Stability,TF,Jump Angular,0,613
c398b1ab66ba344da06a1d3799abad0c,Localization Stability,TF,Jump Linear,0,613
c398b1ab66ba344da06a1d3799abad0c,Input Validity,Lidar,Lidar Rate,10,612.15
c398b1ab66ba344da06a1d3799abad0c,Input Validity,Odometry,Odometry Rate,50,612.15
c398b1ab66ba344da06a1d3799abad0c,Input Validity,TF,TF Rate,10,612.15
c398b1ab66ba344da06a1d3799abad0c,Localization Stability,TF,Jump Angular,0,613.1
c398b1ab66ba344da06a1d3799abad0c,Localization Stability,TF,Jump Linear,0,613.1
c398b1ab66ba344da06a1d3799abad0c,Localization Stability,TF,Jump Angular,0,613.2
c398b1ab66ba344da06a1d3799abad0c,Localization Stability,TF,Jump Linear,0,613.2
c398b1ab66ba344da06a1d3799abad0c,Input Validity,Lidar,Lidar Rate,10,612.24
c398b1ab66ba344da06a1d3799abad0c,Input Validity,Odometry,Odometry Rate,50,612.24
c398b1ab66ba344da06a1d3799abad0c,Input Validity,TF,TF Rate,10,612.24
c398b1ab66ba344da06a1d3799abad0c,Input Validity,Lidar,Lidar Rate,10,612.34
c398b1ab66ba344da06a1d3799abad0c,Input Validity,Odometry,Odometry Rate,50,612.34
c398b1ab66ba344da06a1d3799abad0c,Input Validity,TF,TF Rate,10,612.34
c398b1ab66ba344da06a1d3799abad0c,Localization Stability,TF,Jump Angular,0,613.3
c398b1ab66ba344da06a1d3799abad0c,Localization Stability,TF,Jump Linear,0,613.3
c398b1ab66ba344da06a1d3799abad0c,Input Validity,Lidar,Lidar Rate,10,612.44
c398b1ab66ba344da06a1d3799abad0c,Input Validity,Odometry,Odometry Rate,50,612.44
c398b1ab66ba344da06a1d3799abad0c,Input Validity,TF,TF Rate,10,612.44
c398b1ab66ba344da06a1d3799abad0c,Localization Stability,TF,Jump Angular,0,613.4
c398b1ab66ba344da06a1d3799abad0c,Localization Stability,TF,Jump Linear,0,613.4
c398b1ab66ba344da06a1d3799abad0c,Input Validity,Lidar,Lidar Rate,10,612.54
c398b1ab66ba344da06a1d3799abad0c,Input Validity,Odometry,Odometry Rate,50,612.54
c398b1ab66ba344da06a1d3799abad0c,Input Validity,TF,TF Rate,10,612.54
c398b1ab66ba344da06a1d3799abad0c,Localization Stability,TF,Jump Angular,0,613.5
c398b1ab66ba344da06a1d3799abad0c,Localization Stability,TF,Jump Linear,0,613.5
c398b1ab66ba344da06a1d3799abad0c,Input Validity,Lidar,Lidar Rate,10,612.64
c398b1ab66ba344da06a1d3799abad0c,Input Validity,Odometry,Odometry Rate,50,612.64
c398b1ab66ba344da06a1d3799abad0c,Input Validity,TF,TF Rate,10,612.64
c398b1ab66ba344da06a1d3799abad0c,Localization Stability,TF,Jump Angular,0,613.6
c398b1ab66ba344da06a1d3799abad0c,Localization Stability,TF,Jump Linear,0,613.6
c398b1ab66ba344da06a1d3799abad0c,Input Validity,Lidar,Lidar Rate,10,612.74
c398b1ab66ba344da06a1d3799abad0c,Input Validity,Odometry,Odometry Rate,50,612.74
c398b1ab66ba344da06a1d3799abad0c,Input Validity,TF,TF Rate,10,612.74
c398b1ab66ba344da06a1d3799abad0c,Localization Stability,TF,Jump Angular,0,613.7
c398b1ab66ba344da06a1d3799abad0c,Localization Stability,TF,Jump Linear,0,613.7
c398b1ab66ba344da06a1d3799abad0c,Input Validity,Lidar,Lidar Rate,10,612.84
c398b1ab66ba344da06a1d3799abad0c,Input Validity,Odometry,Odometry Rate,50,612.84
c398b1ab66ba344da06a1d3799abad0c,Input Validity,TF,TF Rate,10,612.84
c398b1ab66ba344da06a1d3799abad0c,Localization Stability,TF,Jump Angular,0,613.8
c398b1ab66ba344da06a1d3799abad0c,Localization Stability,TF,Jump Linear,0,613.8
c398b1ab66ba344da06a1d3799abad0c,Input Validity,Lidar,Lidar Rate,10,612.94
c398b1ab66ba344da06a1d3799abad0c,Input Validity,Odometry,Odometry Rate,50,612.94
c398b1ab66ba344da06a1d3799abad0c,Input Validity,TF,TF Rate,10,612.94
c398b1ab66ba344da06a1d3799abad0c,Localization Stability,TF,Jump Angular,0,613.9
c398b1ab66ba344da06a1d3799abad0c,Localization Stability,TF,Jump Linear,0,613.9
c398b1ab66ba344da06a1d3799abad0c,Input Validity,Lidar,Lidar Rate,10,613.04
c398b1ab66ba344da06a1d3799abad0c,Input Validity,Odometry,Odometry Rate,50,613.04
c398b1ab66ba344da06a1d3799abad0c,Input Validity,TF,TF Rate,10,613.04
c398b1ab66ba344da06a1d3799abad0c,Localization Stability,TF,Jump Angular,0,614
c398b1ab66ba344da06a1d3799abad0c,Localization Stability,TF,Jump Linear,0,614
c398b1ab66ba344da06a1d3799abad0c,Input Validity,Lidar,Lidar Rate,10,613.14
c398b1ab66ba344da06a1d3799abad0c,Input Validity,Odometry,Odometry Rate,50,613.14
c398b1ab66ba344da06a1d3799abad0c,Input Validity,TF,TF Rate,10,613.14
c398b1ab66ba344da06a1d3799abad0c,Localization Stability,TF,Jump Angular,0,614.1
c398b1ab66ba344da06a1d3799abad0c,Localization Stability,TF,Jump Linear,0,614.1
c398b1ab66ba344da06a1d3799abad0c,Input Validity,Lidar,Lidar Rate,10,613.24
c398b1ab66ba344da06a1d3799abad0c,Input Validity,Odometry,Odometry Rate,50,613.24
c398b1ab66ba344da06a1d3799abad0c,Input Validity,TF,TF Rate,10,613.24
c398b1ab66ba344da06a1d3799abad0c,Localization Stability,TF,Jump Angular,0,614.2
c398b1ab66ba344da06a1d3799abad0c,Localization Stability,TF,Jump Linear,0,614.2
c398b1ab66ba344da06a1d3799abad0c,Input Validity,Lidar,Lidar Rate,10,613.34
c398b1ab66ba344da06a1d3799abad0c,Input Validity,Odometry,Odometry Rate,50,613.34
c398b1ab66ba344da06a1d3799abad0c,Input Validity,TF,TF Rate,10,613.34
c398b1ab66ba344da06a1d3799abad0c,Localization Stability,TF,Jump Angular,0,614.3
c398b1ab66ba344da06a1d3799abad0c,Localization Stability,TF,Jump Linear,0,614.3
c398b1ab66ba344da06a1d3799abad0c,Input Validity,Lidar,Lidar Rate,10,613.44
c398b1ab66ba344da06a1d3799abad0c,Input Validity,Odometry,Odometry Rate,50,613.44
c398b1ab66ba344da06a1d3799abad0c,Input Validity,TF,TF Rate,10,613.44
c398b1ab66ba344da06a1d3799abad0c,Localization Stability,TF,Jump Angular,0,614.4
c398b1ab66ba344da06a1d3799abad0c,Localization Stability,TF,Jump Linear,0,614.4
c398b1ab66ba344da06a1d3799abad0c,Input Validity,Lidar,Lidar Rate,10,613.54
c398b1ab66ba344da06a1d3799abad0c,Input Validity,Odometry,Odometry Rate,50,613.54
c398b1ab66ba344da06a1d3799abad0c,Input Validity,TF,TF Rate,10,613.54
c398b1ab66ba344da06a1d3799abad0c,Localization Stability,TF,Jump Angular,0,614.5
c398b1ab66ba344da06a1d3799abad0c,Localization Stability,TF,Jump Linear,0,614.5
c398b1ab66ba344da06a1d3799abad0c,Input Validity,Lidar,Lidar Rate,10,613.64
c398b1ab66ba344da06a1d3799abad0c,Input Validity,Odometry,Odometry Rate,50,613.64
c398b1ab66ba344da06a1d3799abad0c,Input Validity,TF,TF Rate,10,613.64
c398b1ab66ba344da06a1d3799abad0c,Localization Stability,TF,Jump Angular,0,614.6
c398b1ab66ba344da06a1d3799abad0c,Localization Stability,TF,Jump Linear,0,614.6
c398b1ab66ba344da06a1d3799abad0c,Input Validity,Lidar,Lidar Rate,10,613.73
c398b1ab66ba344da06a1d3799abad0c,Input Validity,Odometry,Odometry Rate,50,613.73
c398b1ab66ba344da06a1d3799abad0c,Input Validity,TF,TF Rate,10,613.73
c398b1ab66ba344da06a1d3799abad0c,Localization Stability,TF,Jump Angular,0,614.7
c398b1ab66ba344da06a1d3799abad0c,Localization Stability,TF,Jump Linear,0,614.7
c398b1ab66ba344da06a1d3799abad0c,Input Validity,Lidar,Lidar Rate,10,613.83
c398b1ab66ba344da06a1d3799abad0c,Input Validity,Odometry,Odometry Rate,50,613.83
c398b1ab66ba344da06a1d3799abad0c,Input Validity,TF,TF Rate,10,613.83
c398b1ab66ba344da06a1d3799abad0c,Localization Stability,TF,Jump Angular,0,614.8
c398b1ab66ba344da06a1d3799abad0c,Localization Stability,TF,Jump Linear,0,614.8
c398b1ab66ba344da06a1d3799abad0c,Input Validity,Lidar,Lidar Rate,10,613.93
c398b1ab66ba344da06a1d3799abad0c,Input Validity,Odometry,Odometry Rate,50,613.93
c398b1ab66ba344da06a1d3799abad0c,Input Validity,TF,TF Rate,10,613.93
c398b1ab66ba344da06a1d3799abad0c,Localization Stability,TF,Jump Angular,0,614.9
c398b1ab66ba344da06a1d3799abad0c,Localization Stability,TF,Jump Linear,0,614.9
c398b1ab66ba344da06a1d3799abad0c,Input Validity,Lidar,Lidar Rate,10,614.03
c398b1ab66ba344da06a1d3799abad0c,Input Validity,Odometry,Odometry Rate,50,614.03
c398b1ab66ba344da06a1d3799abad0c,Input Validity,TF,TF Rate,10,614.03
c398b1ab66ba344da06a1d3799abad0c,Localization Stability,TF,Jump Angular,0,615
c398b1ab66ba344da06a1d3799abad0c,Localization Stability,TF,Jump Linear,0,615
c398b1ab66ba344da06a1d3799abad0c,Input Validity,Lidar,Lidar Rate,10,614.13
c398b1ab66ba344da06a1d3799abad0c,Input Validity,Odometry,Odometry Rate,50,614.13
c398b1ab66ba344da06a1d3799abad0c,Input Validity,TF,TF Rate,10,614.13
c398b1ab66ba344da06a1d3799abad0c,Localization Stability,TF,Jump Angular,0,615.1
c398b1ab66ba344da06a1d3799abad0c,Localization Stability,TF,Jump Linear,0,615.1
c398b1ab66ba344da06a1d3799abad0c,Input Validity,Lidar,Lidar Rate,10,614.23
c398b1ab66ba344da06a1d3799abad0c,Input Validity,Odometry,Odometry Rate,50,614.23
c398b1ab66ba344da06a1d3799abad0c,Input Validity,TF,TF Rate,10,614.23
c398b1ab66ba344da06a1d3799abad0c,Localization Stability,TF,Jump Angular,0,615.2
c398b1ab66ba344da06a1d3799abad0c,Localization Stability,TF,Jump Linear,0,615.2
c398b1ab66ba344da06a1d3799abad0c,Input Validity,Lidar,Lidar Rate,10,614.33
c398b1ab66ba344da06a1d3799abad0c,Input Validity,Odometry,Odometry Rate,50,614.33
c398b1ab66ba344da06a1d3799abad0c,Input Validity,TF,TF Rate,10,614.33
c398b1ab66ba344da06a1d3799abad0c,Localization Stability,TF,Jump Angular,0,615.3
c398b1ab66ba344da06a1d3799abad0c,Localization Stability,TF,Jump Linear,0,615.3
c398b1ab66ba344da06a1d3799abad0c,Input Validity,Lidar,Lidar Rate,10,614.43
c398b1ab66ba344da06a1d3799abad0c,Input Validity,Odometry,Odometry Rate,50,614.43
c398b1ab66ba344da06a1d3799abad0c,Input Validity,TF,TF Rate,10,614.43
c398b1ab66ba344da06a1d3799abad0c,Localization Stability,TF,Jump Angular,0,615.4
c398b1ab66ba344da06a1d3799abad0c,Localization Stability,TF,Jump Linear,0,615.4
c398b1ab66ba344da06a1d3799abad0c,Input Validity,Lidar,Lidar Rate,10,614.53
c398b1ab66ba344da06a1d3799abad0c,Input Validity,Odometry,Odometry Rate,50,614.53
c398b1ab66ba344da06a1d3799abad0c,Input Validity,TF,TF Rate,10,614.53
c398b1ab66ba344da06a1d3799abad0c,Localization Stability,TF,Jump Angular,0,615.5
c398b1ab66ba344da06a1d3799abad0c,Localization Stability,TF,Jump Linear,0,615.5
c398b1ab66ba344da06a1d3799abad0c,Input Validity,Lidar,Lidar Rate,10,614.63
c398b1ab66ba344da06a1d3799abad0c,Input Validity,Odometry,Odometry Rate,50,614.63
c398b1ab66ba344da06a1d3799abad0c,Input Validity,TF,TF Rate,10,614.63
c398b1ab66ba344da06a1d3799abad0c,Localization Stability,TF,Jump Angular,0,615.6
c398b1ab66ba344da06a1d3799abad0c,Localization Stability,TF,Jump Linear,0,615.6
c398b1ab66ba344da06a1d3799abad0c,Input Validity,Lidar,Lidar Rate,10,614.73
c398b1ab66ba344da06a1d3799abad0c,Input Validity,Odometry,Odometry Rate,50,614.73
c398b1ab66ba344da06a1d3799abad0c,Input Validity,TF,TF Rate,10,614.73
c398b1ab66ba344da06a1d3799abad0c,Localization Stability,TF,Jump Angular,0,615.7
c398b1ab66ba344da06a1d3799abad0c,Localization Stability,TF,Jump Linear,0,615.7
c398b1ab66ba344da06a1d3799abad0c,Input Validity,Lidar,Lidar Rate,10,614.83
c398b1ab66ba344da06a1d3799abad0c,Input Validity,Odometry,Odometry Rate,50,614.83
c398b1ab66ba344da06a1d3799abad0c,Input Validity,TF,TF Rate,10,614.83
c398b1ab66ba344da06a1d3799abad0c,Localization Stability,TF,Jump Angular,0,615.8
c398b1ab66ba344da06a1d3799abad0c,Localization Stability,TF,Jump Linear,0,615.8
c398b1ab66ba344da06a1d3799abad0c,Input Validity,Lidar,Lidar Rate,10,614.92
c398b1ab66ba344da06a1d3799abad0c,Input Validity,Odometry,Odometry Rate,50,614.92
c398b1ab66ba344da06a1d3799abad0c,Input Validity,TF,TF Rate,10,614.92
c398b1ab66ba344da06a1d3799abad0c,Localization Stability,TF,Jump Angular,0,615.9
c398b1ab66ba344da06a1d3799abad0c,Localization Stability,TF,Jump Linear,0,615.9
c398b1ab66ba344da06a1d3799abad0c,Input Validity,Lidar,Lidar Rate,10,615.03
c398b1ab66ba344da06a1d3799abad0c,Input Validity,Odometry,Odometry Rate,50,615.03
c398b1ab66ba344da06a1d3799abad0c,Input Validity,TF,TF Rate,10,615.03
c398b1ab66ba344da06a1d3799abad0c,Localization Stability,TF,Jump Angular,0,616
c398b1ab66ba344da06a1d3799abad0c,Localization Stability,TF,Jump Linear,0,616
c398b1ab66ba344da06a1d3799abad0c,Input Validity,Lidar,Lidar Rate,10,615.13
c398b1ab66ba344da06a1d3799abad0c,Input Validity,Odometry,Odometry Rate,50,615.13
c398b1ab66ba344da06a1d3799abad0c,Input Validity,TF,TF Rate,10,615.13
c398b1ab66ba344da06a1d3799abad0c,Localization Stability,TF,Jump Angular,0,616.1
c398b1ab66ba344da06a1d3799abad0c,Localization Stability,TF,Jump Linear,0,616.1
c398b1ab66ba344da06a1d3799abad0c,Input Validity,Lidar,Lidar Rate,10,615.23
c398b1ab66ba344da06a1d3799abad0c,Input Validity,Odometry,Odometry Rate,50,615.23
c398b1ab66ba344da06a1d3799abad0c,Input Validity,TF,TF Rate,10,615.23
c398b1ab66ba344da06a1d3799abad0c,Localization Stability,TF,Jump Angular,0,616.2
c398b1ab66ba344da06a1d3799abad0c,Localization Stability,TF,Jump Linear,0,616.2
c398b1ab66ba344da06a1d3799abad0c,Input Validity,Lidar,Lidar Rate,10,615.33
c398b1ab66ba344da06a1d3799abad0c,Input Validity,Odometry,Odometry Rate,50,615.33
c398b1ab66ba344da06a1d3799abad0c,Input Validity,TF,TF Rate,10,615.33
c398b1ab66ba344da06a1d3799abad0c,Localization Stability,TF,Jump Angular,0,616.3
c398b1ab66ba344da06a1d3799abad0c,Localization Stability,TF,Jump Linear,0,616.3
c398b1ab66ba344da06a1d3799abad0c,Input Validity,Lidar,Lidar Rate,10,615.43
c398b1ab66ba344da06a1d3799abad0c,Input Validity,Odometry,Odometry Rate,50,615.43
c398b1ab66ba344da06a1d3799abad0c,Input Validity,TF,TF Rate,10,615.43
c398b1ab66ba344da06a1d3799abad0c,Localization Stability,TF,Jump Angular,0,616.4
c398b1ab66ba344da06a1d3799abad0c,Localization Stability,TF,Jump Linear,0,616.4
c398b1ab66ba344da06a1d3799abad0c,Input Validity,Lidar,Lidar Rate,10,615.52
c398b1ab66ba344da06a1d3799abad0c,Input Validity,Odometry,Odometry Rate,50,615.52
c398b1ab66ba344da06a1d3799abad0c,Input Validity,TF,TF Rate,10,615.52
c398b1ab66ba344da06a1d3799abad0c,Localization Stability,TF,Jump Angular,0,616.5
c398b1ab66ba344da06a1d3799abad0c,Localization Stability,TF,Jump Linear,0,616.5
c398b1ab66ba344da06a1d3799abad0c,Input Validity,Lidar,Lidar Rate,10,615.62
c398b1ab66ba344da06a1d3799abad0c,Input Validity,Odometry,Odometry Rate,50,615.62
c398b1ab66ba344da06a1d3799abad0c,Input Validity,TF,TF Rate,10,615.62
c398b1ab66ba344da06a1d3799abad0c,Localization Stability,TF,Jump Angular,0,616.6
c398b1ab66ba344da06a1d3799abad0c,Localization Stability,TF,Jump Linear,0,616.6
c398b1ab66ba344da06a1d3799abad0c,Input Validity,Lidar,Lidar Rate,10,615.72
c398b1ab66ba344da06a1d3799abad0c,Input Validity,Odometry,Odometry Rate,50,615.72
c398b1ab66ba344da06a1d3799abad0c,Input Validity,TF,TF Rate,10,615.72
c398b1ab66ba344da06a1d3799abad0c,Localization Stability,TF,Jump Angular,0,616.7
c398b1ab66ba344da06a1d3799abad0c,Localization Stability,TF,Jump Linear,0,616.7
c398b1ab66ba344da06a1d3799abad0c,Input Validity,Lidar,Lidar Rate,10,615.82
c398b1ab66ba344da06a1d3799abad0c,Input Validity,Odometry,Odometry Rate,50,615.82
c398b1ab66ba344da06a1d3799abad0c,Input Validity,TF,TF Rate,10,615.82
c398b1ab66ba344da06a1d3799abad0c,Localization Stability,TF,Jump Angular,0,616.8
c398b1ab66ba344da06a1d3799abad0c,Localization Stability,TF,Jump Linear,0,616.8
c398b1ab66ba344da06a1d3799abad0c,Input Validity,Lidar,Lidar Rate,10,615.92
c398b1ab66ba344da06a1d3799abad0c,Input Validity,Odometry,Odometry Rate,50,615.92
c398b1ab66ba344da06a1d3799abad0c,Input Validity,TF,TF Rate,10,615.92
c398b1ab66ba344da06a1d3799abad0c,Localization Stability,TF,Jump Angular,0,616.9
c398b1ab66ba344da06a1d3799abad0c,Localization Stability,TF,Jump Linear,0,616.9
c398b1ab66ba344da06a1d3799abad0c,Input Validity,Lidar,Lidar Rate,10,616.02
c398b1ab66ba344da06a1d3799abad0c,Input Validity,Odometry,Odometry Rate,50,616.02
c398b1ab66ba344da06a1d3799abad0c,Input Validity,TF,TF Rate,10,616.02
c398b1ab66ba344da06a1d3799abad0c,Localization Stability,TF,Jump Angular,0,617
c398b1ab66ba344da06a1d3799abad0c,Localization Stability,TF,Jump Linear,0,617
c398b1ab66ba344da06a1d3799abad0c,Input Validity,Lidar,Lidar Rate,10,616.12
c398b1ab66ba344da06a1d3799abad0c,Input Validity,Odometry,Odometry Rate,50,616.12
c398b1ab66ba344da06a1d3799abad0c,Input Validity,TF,TF Rate,10,616.12
c398b1ab66ba344da06a1d3799abad0c,Localization Stability,TF,Jump Angular,0,617.1
c398b1ab66ba344da06a1d3799abad0c,Localization Stability,TF,Jump Linear,0,617.1
c398b1ab66ba344da06a1d3799abad0c,Input Validity,Lidar,Lidar Rate,10,616.22
c398b1ab66ba344da06a1d3799abad0c,Input Validity,Odometry,Odometry Rate,50,616.22
c398b1ab66ba344da06a1d3799abad0c,Input Validity,TF,TF Rate,10,616.22
c398b1ab66ba344da06a1d3799abad0c,Localization Stability,TF,Jump Angular,0,617.2
c398b1ab66ba344da06a1d3799abad0c,Localization Stability,TF,Jump Linear,0,617.2
c398b1ab66ba344da06a1d3799abad0c,Input Validity,Lidar,Lidar Rate,10,616.32
c398b1ab66ba344da06a1d3799abad0c,Input Validity,Odometry,Odometry Rate,50,616.32
c398b1ab66ba344da06a1d3799abad0c,Input Validity,TF,TF Rate,10,616.32
c398b1ab66ba344da06a1d3799abad0c,Localization Stability,TF,Jump Angular,0,617.3
c398b1ab66ba344da06a1d3799abad0c,Localization Stability,TF,Jump Linear,0,617.3
c398b1ab66ba344da06a1d3799abad0c,Input Validity,Lidar,Lidar Rate,10,616.42
c398b1ab66ba344da06a1d3799abad0c,Input Validity,Odometry,Odometry Rate,50,616.42
c398b1ab66ba344da06a1d3799abad0c,Input Validity,TF,TF Rate,10,616.42
c398b1ab66ba344da06a1d3799abad0c,Localization Stability,TF,Jump Angular,0,617.4
c398b1ab66ba344da06a1d3799abad0c,Localization Stability,TF,Jump Linear,0,617.4
c398b1ab66ba344da06a1d3799abad0c,Input Validity,Lidar,Lidar Rate,10,616.52
c398b1ab66ba344da06a1d3799abad0c,Input Validity,Odometry,Odometry Rate,50,616.52
c398b1ab66ba344da06a1d3799abad0c,Input Validity,TF,TF Rate,10,616.52
c398b1ab66ba344da06a1d3799abad0c,Localization Quality,AMCLPose,CovYawYaw,0.0425171,616.5
c398b1ab66ba344da06a1d3799abad0c,Localization Quality,AMCLPose,CovYY,0.0188325,616.5
c398b1ab66ba344da06a1d3799abad0c,Localization Quality,AMCLPose,CovXX,1.48722,616.5
c398b1ab66ba344da06a1d3799abad0c,Localization Quality,AMCLPose,MeanYaw,2.74749,616.5
c398b1ab66ba344da06a1d3799abad0c,Localization Quality,AMCLPose,MeanY,-2.34146,616.5
c398b1ab66ba344da06a1d3799abad0c,Localization Quality,AMCLPose,MeanX,8.84855,616.5
c398b1ab66ba344da06a1d3799abad0c,Localization Stability,TF,Jump Angular,-0.00709308,617.5
c398b1ab66ba344da06a1d3799abad0c,Localization Stability,TF,Jump Linear,0.182911,617.5
c398b1ab66ba344da06a1d3799abad0c,Input Validity,Lidar,Lidar Rate,10,616.62
c398b1ab66ba344da06a1d3799abad0c,Input Validity,Odometry,Odometry Rate,50,616.62
c398b1ab66ba344da06a1d3799abad0c,Input Validity,TF,TF Rate,10,616.62
c398b1ab66ba344da06a1d3799abad0c,Localization Stability,TF,Jump Angular,0,617.6
c398b1ab66ba344da06a1d3799abad0c,Localization Stability,TF,Jump Linear,0,617.6
c398b1ab66ba344da06a1d3799abad0c,Input Validity,Lidar,Lidar Rate,10,616.72
c398b1ab66ba344da06a1d3799abad0c,Input Validity,Odometry,Odometry Rate,50,616.72
c398b1ab66ba344da06a1d3799abad0c,Input Validity,TF,TF Rate,10,616.72
c398b1ab66ba344da06a1d3799abad0c,Localization Stability,TF,Jump Angular,0,617.7
c398b1ab66ba344da06a1d3799abad0c,Localization Stability,TF,Jump Linear,0,617.7
c398b1ab66ba344da06a1d3799abad0c,Input Validity,Lidar,Lidar Rate,10,616.82
c398b1ab66ba344da06a1d3799abad0c,Input Validity,Odometry,Odometry Rate,50,616.82
c398b1ab66ba344da06a1d3799abad0c,Input Validity,TF,TF Rate,10,616.82
c398b1ab66ba344da06a1d3799abad0c,Localization Stability,TF,Jump Angular,0,617.8
c398b1ab66ba344da06a1d3799abad0c,Localization Stability,TF,Jump Linear,0,617.8
c398b1ab66ba344da06a1d3799abad0c,Input Validity,Lidar,Lidar Rate,10,616.92
c398b1ab66ba344da06a1d3799abad0c,Input Validity,Odometry,Odometry Rate,50,616.92
c398b1ab66ba344da06a1d3799abad0c,Input Validity,TF,TF Rate,10,616.92
c398b1ab66ba344da06a1d3799abad0c,Localization Stability,TF,Jump Angular,0,617.9
c398b1ab66ba344da06a1d3799abad0c,Localization Stability,TF,Jump Linear,0,617.9
c398b1ab66ba344da06a1d3799abad0c,Input Validity,Lidar,Lidar Rate,10,617.02
c398b1ab66ba344da06a1d3799abad0c,Input Validity,Odometry,Odometry Rate,50,617.02
c398b1ab66ba344da06a1d3799abad0c,Input Validity,TF,TF Rate,10,617.02
c398b1ab66ba344da06a1d3799abad0c,Localization Stability,TF,Jump Angular,0,618
c398b1ab66ba344da06a1d3799abad0c,Localization Stability,TF,Jump Linear,0,618
c398b1ab66ba344da06a1d3799abad0c,Input Validity,Lidar,Lidar Rate,10,617.12
c398b1ab66ba344da06a1d3799abad0c,Input Validity,Odometry,Odometry Rate,50,617.12
c398b1ab66ba344da06a1d3799abad0c,Input Validity,TF,TF Rate,10,617.12
c398b1ab66ba344da06a1d3799abad0c,Localization Stability,TF,Jump Angular,0,618.1
c398b1ab66ba344da06a1d3799abad0c,Localization Stability,TF,Jump Linear,0,618.1
c398b1ab66ba344da06a1d3799abad0c,Input Validity,Lidar,Lidar Rate,10,617.22
c398b1ab66ba344da06a1d3799abad0c,Input Validity,Odometry,Odometry Rate,50,617.22
c398b1ab66ba344da06a1d3799abad0c,Input Validity,TF,TF Rate,10,617.22
c398b1ab66ba344da06a1d3799abad0c,Localization Stability,TF,Jump Angular,0,618.2
c398b1ab66ba344da06a1d3799abad0c,Localization Stability,TF,Jump Linear,0,618.2
c398b1ab66ba344da06a1d3799abad0c,Input Validity,Lidar,Lidar Rate,10,617.31
c398b1ab66ba344da06a1d3799abad0c,Input Validity,Odometry,Odometry Rate,50,617.31
c398b1ab66ba344da06a1d3799abad0c,Input Validity,TF,TF Rate,10,617.31
c398b1ab66ba344da06a1d3799abad0c,Localization Stability,TF,Jump Angular,0,618.3
c398b1ab66ba344da06a1d3799abad0c,Localization Stability,TF,Jump Linear,0,618.3
c398b1ab66ba344da06a1d3799abad0c,Input Validity,Lidar,Lidar Rate,10,617.41
c398b1ab66ba344da06a1d3799abad0c,Input Validity,Odometry,Odometry Rate,50,617.41
c398b1ab66ba344da06a1d3799abad0c,Input Validity,TF,TF Rate,10,617.41
c398b1ab66ba344da06a1d3799abad0c,Localization Quality,AMCLPose,CovYawYaw,0.0489859,617.4
c398b1ab66ba344da06a1d3799abad0c,Localization Quality,AMCLPose,CovYY,0.0205342,617.4
c398b1ab66ba344da06a1d3799abad0c,Localization Quality,AMCLPose,CovXX,1.77157,617.4
c398b1ab66ba344da06a1d3799abad0c,Localization Quality,AMCLPose,MeanYaw,2.75289,617.4
c398b1ab66ba344da06a1d3799abad0c,Localization Quality,AMCLPose,MeanY,-2.38872,617.4
c398b1ab66ba344da06a1d3799abad0c,Localization Quality,AMCLPose,MeanX,8.97181,617.4
c398b1ab66ba344da06a1d3799abad0c,Localization Stability,TF,Jump Angular,0.00540079,618.4
c398b1ab66ba344da06a1d3799abad0c,Localization Stability,TF,Jump Linear,0.134715,618.4
c398b1ab66ba344da06a1d3799abad0c,Input Validity,Lidar,Lidar Rate,10,617.51
c398b1ab66ba344da06a1d3799abad0c,Input Validity,Odometry,Odometry Rate,50,617.51
c398b1ab66ba344da06a1d3799abad0c,Input Validity,TF,TF Rate,10,617.51
c398b1ab66ba344da06a1d3799abad0c,Localization Stability,TF,Jump Angular,0,618.5
c398b1ab66ba344da06a1d3799abad0c,Localization Stability,TF,Jump Linear,0,618.5
c398b1ab66ba344da06a1d3799abad0c,Input Validity,Lidar,Lidar Rate,10,617.61
c398b1ab66ba344da06a1d3799abad0c,Input Validity,Odometry,Odometry Rate,50,617.61
c398b1ab66ba344da06a1d3799abad0c,Input Validity,TF,TF Rate,10,617.61
c398b1ab66ba344da06a1d3799abad0c,Localization Stability,TF,Jump Angular,0,618.6
c398b1ab66ba344da06a1d3799abad0c,Localization Stability,TF,Jump Linear,0,618.6
c398b1ab66ba344da06a1d3799abad0c,Input Validity,Lidar,Lidar Rate,10,617.71
c398b1ab66ba344da06a1d3799abad0c,Input Validity,Odometry,Odometry Rate,50,617.71
c398b1ab66ba344da06a1d3799abad0c,Input Validity,TF,TF Rate,10,617.71
c398b1ab66ba344da06a1d3799abad0c,Localization Recovery,TTR,Kidnap Angle,1.92993,617.75
c398b1ab66ba344da06a1d3799abad0c,Localization Recovery,TTR,Kidnap Distance,0.813958,617.75
c398b1ab66ba344da06a1d3799abad0c,Localization Recovery,TTR,TTR Outcome,0,617.75
c398b1ab66ba344da06a1d3799abad0c,Localization Recovery,TTR,TTR,-1,617.75
c398b1ab66ba344da06a1d3799abad0c,Mission Outcome,Episode Event,Recoveries,0,617.75
c398b1ab66ba344da06a1d3799abad0c,Mission Outcome,Episode Event,Collisions,0,617.75
c398b1ab66ba344da06a1d3799abad0c,Mission Outcome,Episode Event,Navigation Time,17.36,617.75
c398b1ab66ba344da06a1d3799abad0c,Mission Outcome,Episode Event,Goal Result,2,617.75
c398b1ab66ba344da06a1d3799abad0c,Input Validity,AMCLPose,Pose Monotonicity,0,617.75
c398b1ab66ba344da06a1d3799abad0c,Input Validity,Lidar,Lidar Frame Mistmatch,0,617.75
c398b1ab66ba344da06a1d3799abad0c,Input Validity,Lidar,Lidar Monotonicity,0,617.75
c398b1ab66ba344da06a1d3799abad0c,Input Validity,Odometry,Odometry Frame Mismatch,0,617.75
c398b1ab66ba344da06a1d3799abad0c,Input Validity,Odometry,Odometry Monotonicity,0,617.75
c398b1ab66ba344da06a1d3799abad0c,Input Validity,TF,TF Gap Count,0,617.75
c398b1ab66ba344da06a1d3799abad0c,Input Validity,TF,TF Frame Drop,867,617.75
c398b1ab66ba344da06a1d3799abad0c,Input Validity,TF,TF Monotonicity,0,617.75
c398b1ab66ba344da06a1d3799abad0c,map,4.57501,-3.37499,-159.353,1.575,1.375,152.13,2,FAILED,0,17.36,600.39,617.75,0.138657,0.183197,0.507546,0.154885,-0.00343661,0.114181,0.143737,285.272,1259,3.4185,31.8422,0.335885,0.12,2,867,0
489bf83a05af3e3298cecacd85d4d14a,Localization Stability,TF,Jump Angular,0,626.2
489bf83a05af3e3298cecacd85d4d14a,Localization Stability,TF,Jump Linear,0,626.2
489bf83a05af3e3298cecacd85d4d14a,Input Validity,Lidar,Lidar Rate,10,625.37
489bf83a05af3e3298cecacd85d4d14a,Input Validity,Odometry,Odometry Rate,50,625.37
489bf83a05af3e3298cecacd85d4d14a,Input Validity,TF,TF Rate,10,625.37
489bf83a05af3e3298cecacd85d4d14a,Localization Stability,TF,Jump Angular,-0.00103303,626.3
489bf83a05af3e3298cecacd85d4d14a,Localization Stability,TF,Jump Linear,0.0265461,626.3
489bf83a05af3e3298cecacd85d4d14a,Input Validity,Lidar,Lidar Rate,10,625.47
489bf83a05af3e3298cecacd85d4d14a,Input Validity,Odometry,Odometry Rate,50,625.47
489bf83a05af3e3298cecacd85d4d14a,Input Validity,TF,TF Rate,10,625.47
489bf83a05af3e3298cecacd85d4d14a,Input Validity,Lidar,Lidar Rate,10,625.57
489bf83a05af3e3298cecacd85d4d14a,Input Validity,Odometry,Odometry Rate,50,625.57
489bf83a05af3e3298cecacd85d4d14a,Input Validity,TF,TF Rate,10,625.57
489bf83a05af3e3298cecacd85d4d14a,Localization Quality,AMCLPose,CovYawYaw,0.000287557,625.4
489bf83a05af3e3298cecacd85d4d14a,Localization Quality,AMCLPose,CovYY,5.72068e-05,625.4
489bf83a05af3e3298cecacd85d4d14a,Localization Quality,AMCLPose,CovXX,0.000231554,625.4
489bf83a05af3e3298cecacd85d4d14a,Localization Quality,AMCLPose,MeanYaw,2.7646,625.4
489bf83a05af3e3298cecacd85d4d14a,Localization Quality,AMCLPose,MeanY,1.37494,625.4
489bf83a05af3e3298cecacd85d4d14a,Localization Quality,AMCLPose,MeanX,1.57514,625.4
489bf83a05af3e3298cecacd85d4d14a,Localization Stability,TF,Jump Angular,0.000427023,626.4
489bf83a05af3e3298cecacd85d4d14a,Localization Stability,TF,Jump Linear,0.0109678,626.4
489bf83a05af3e3298cecacd85d4d14a,Localization Quality,AMCLPose,CovYawYaw,0.000429101,625.5
489bf83a05af3e3298cecacd85d4d14a,Localization Quality,AMCLPose,CovYY,8.73124e-05,625.5
489bf83a05af3e3298cecacd85d4d14a,Localization Quality,AMCLPose,CovXX,0.000430456,625.5
489bf83a05af3e3298cecacd85d4d14a,Localization Quality,AMCLPose,MeanYaw,2.83465,625.5
489bf83a05af3e3298cecacd85d4d14a,Localization Quality,AMCLPose,MeanY,1.37515,625.5
489bf83a05af3e3298cecacd85d4d14a,Localization Quality,AMCLPose,MeanX,1.57449,625.5
489bf83a05af3e3298cecacd85d4d14a,Localization Stability,TF,Jump Angular,0.000268336,626.5
489bf83a05af3e3298cecacd85d4d14a,Localization Stability,TF,Jump Linear,0.00702868,626.5
489bf83a05af3e3298cecacd85d4d14a,Input Validity,Lidar,Lidar Rate,10,625.66
489bf83a05af3e3298cecacd85d4d14a,Input Validity,Odometry,Odometry Rate,50,625.66
489bf83a05af3e3298cecacd85d4d14a,Input Validity,TF,TF Rate,10,625.66
489bf83a05af3e3298cecacd85d4d14a,Localization Quality,AMCLPose,CovYawYaw,0.000602405,625.6
489bf83a05af3e3298cecacd85d4d14a,Localization Quality,AMCLPose,CovYY,0.000116754,625.6
489bf83a05af3e3298cecacd85d4d14a,Localization Quality,AMCLPose,CovXX,0.000737769,625.6
489bf83a05af3e3298cecacd85d4d14a,Localization Quality,AMCLPose,MeanYaw,2.9225,625.6
489bf83a05af3e3298cecacd85d4d14a,Localization Quality,AMCLPose,MeanY,1.37541,625.6
489bf83a05af3e3298cecacd85d4d14a,Localization Quality,AMCLPose,MeanX,1.57374,625.6
489bf83a05af3e3298cecacd85d4d14a,Localization Stability,TF,Jump Angular,0.00107703,626.6
489bf83a05af3e3298cecacd85d4d14a,Localization Stability,TF,Jump Linear,0.0277828,626.6
489bf83a05af3e3298cecacd85d4d14a,Input Validity,Lidar,Lidar Rate,10,625.76
489bf83a05af3e3298cecacd85d4d14a,Input Validity,Odometry,Odometry Rate,50,625.76
489bf83a05af3e3298cecacd85d4d14a,Input Validity,TF,TF Rate,10,625.76
489bf83a05af3e3298cecacd85d4d14a,Localization Quality,AMCLPose,CovYawYaw,0.000921956,625.7
489bf83a05af3e3298cecacd85d4d14a,Localization Quality,AMCLPose,CovYY,0.000140056,625.7
489bf83a05af3e3298cecacd85d4d14a,Localization Quality,AMCLPose,CovXX,0.00123904,625.7
489bf83a05af3e3298cecacd85d4d14a,Localization Quality,AMCLPose,MeanYaw,3.02656,625.7
489bf83a05af3e3298cecacd85d4d14a,Localization Quality,AMCLPose,MeanY,1.37526,625.7
489bf83a05af3e3298cecacd85d4d14a,Localization Quality,AMCLPose,MeanX,1.57398,625.7
489bf83a05af3e3298cecacd85d4d14a,Localization Stability,TF,Jump Angular,0.00031234,626.7
489bf83a05af3e3298cecacd85d4d14a,Localization Stability,TF,Jump Linear,0.00806364,626.7
489bf83a05af3e3298cecacd85d4d14a,Input Validity,Lidar,Lidar Rate,10,625.86
489bf83a05af3e3298cecacd85d4d14a,Input Validity,Odometry,Odometry Rate,50,625.86
489bf83a05af3e3298cecacd85d4d14a,Input Validity,TF,TF Rate,10,625.86
489bf83a05af3e3298cecacd85d4d14a,Localization Quality,AMCLPose,CovYawYaw,0.00124003,625.8
489bf83a05af3e3298cecacd85d4d14a,Localization Quality,AMCLPose,CovYY,0.000141921,625.8
489bf83a05af3e3298cecacd85d4d14a,Localization Quality,AMCLPose,CovXX,0.00180772,625.8
489bf83a05af3e3298cecacd85d4d14a,Localization Quality,AMCLPose,MeanYaw,-3.13357,625.8
489bf83a05af3e3298cecacd85d4d14a,Localization Quality,AMCLPose,MeanY,1.37526,625.8
489bf83a05af3e3298cecacd85d4d14a,Localization Quality,AMCLPose,MeanX,1.57504,625.8
489bf83a05af3e3298cecacd85d4d14a,Localization Stability,TF,Jump Angular,0.00233531,626.8
489bf83a05af3e3298cecacd85d4d14a,Localization Stability,TF,Jump Linear,0.0595378,626.8
489bf83a05af3e3298cecacd85d4d14a,Input Validity,Lidar,Lidar Rate,10,625.96
489bf83a05af3e3298cecacd85d4d14a,Input Validity,Odometry,Odometry Rate,50,625.96
489bf83a05af3e3298cecacd85d4d14a,Input Validity,TF,TF Rate,10,625.96
489bf83a05af3e3298cecacd85d4d14a,Localization Quality,AMCLPose,CovYawYaw,0.00132182,625.9
489bf83a05af3e3298cecacd85d4d14a,Localization Quality,AMCLPose,CovYY,0.000133984,625.9
489bf83a05af3e3298cecacd85d4d14a,Localization Quality,AMCLPose,CovXX,0.00233557,625.9
489bf83a05af3e3298cecacd85d4d14a,Localization Quality,AMCLPose,MeanYaw,-3.02153,625.9
489bf83a05af3e3298cecacd85d4d14a,Localization Quality,AMCLPose,MeanY,1.37516,625.9
489bf83a05af3e3298cecacd85d4d14a,Localization Quality,AMCLPose,MeanX,1.57282,625.9
489bf83a05af3e3298cecacd85d4d14a,Localization Stability,TF,Jump Angular,9.78746e-05,626.9
489bf83a05af3e3298cecacd85d4d14a,Localization Stability,TF,Jump Linear,0.00227831,626.9
489bf83a05af3e3298cecacd85d4d14a,Input Validity,Lidar,Lidar Rate,10,626.06
489bf83a05af3e3298cecacd85d4d14a,Input Validity,Odometry,Odometry Rate,50,626.06
489bf83a05af3e3298cecacd85d4d14a,Input Validity,TF,TF Rate,10,626.06
489bf83a05af3e3298cecacd85d4d14a,Localization Quality,AMCLPose,CovYawYaw,0.0011253,626
489bf83a05af3e3298cecacd85d4d14a,Localization Quality,AMCLPose,CovYY,0.000136854,626
489bf83a05af3e3298cecacd85d4d14a,Localization Quality,AMCLPose,CovXX,0.00246336,626
489bf83a05af3e3298cecacd85d4d14a,Localization Quality,AMCLPose,MeanYaw,-2.95193,626
489bf83a05af3e3298cecacd85d4d14a,Localization Quality,AMCLPose,MeanY,1.37377,626
489bf83a05af3e3298cecacd85d4d14a,Localization Quality,AMCLPose,MeanX,1.5647,626
489bf83a05af3e3298cecacd85d4d14a,Localization Stability,TF,Jump Angular,-4.89816e-06,627
489bf83a05af3e3298cecacd85d4d14a,Localization Stability,TF,Jump Linear,0.0012843,627
489bf83a05af3e3298cecacd85d4d14a,Input Validity,Lidar,Lidar Rate,10,626.16
489bf83a05af3e3298cecacd85d4d14a,Input Validity,Odometry,Odometry Rate,50,626.16
489bf83a05af3e3298cecacd85d4d14a,Input Validity,TF,TF Rate,10,626.16
489bf83a05af3e3298cecacd85d4d14a,Localization Quality,AMCLPose,CovYawYaw,0.000880649,626.1
489bf83a05af3e3298cecacd85d4d14a,Localization Quality,AMCLPose,CovYY,0.000136078,626.1
489bf83a05af3e3298cecacd85d4d14a,Localization Quality,AMCLPose,CovXX,0.00240236,626.1
489bf83a05af3e3298cecacd85d4d14a,Localization Quality,AMCLPose,MeanYaw,-2.88666,626.1
489bf83a05af3e3298cecacd85d4d14a,Localization Quality,AMCLPose,MeanY,1.36995,626.1
489bf83a05af3e3298cecacd85d4d14a,Localization Quality,AMCLPose,MeanX,1.54711,626.1
489bf83a05af3e3298cecacd85d4d14a,Localization Stability,TF,Jump Angular,0.00191417,627.1
489bf83a05af3e3298cecacd85d4d14a,Localization Stability,TF,Jump Linear,0.0499972,627.1
489bf83a05af3e3298cecacd85d4d14a,Input Validity,Lidar,Lidar Rate,10,626.26
489bf83a05af3e3298cecacd85d4d14a,Input Validity,Odometry,Odometry Rate,50,626.26
489bf83a05af3e3298cecacd85d4d14a,Input Validity,TF,TF Rate,10,626.26
489bf83a05af3e3298cecacd85d4d14a,Localization Quality,AMCLPose,CovYawYaw,0.000760002,626.2
489bf83a05af3e3298cecacd85d4d14a,Localization Quality,AMCLPose,CovYY,0.000134391,626.2
489bf83a05af3e3298cecacd85d4d14a,Localization Quality,AMCLPose,CovXX,0.00224382,626.2
489bf83a05af3e3298cecacd85d4d14a,Localization Quality,AMCLPose,MeanYaw,-2.82845,626.2
489bf83a05af3e3298cecacd85d4d14a,Localization Quality,AMCLPose,MeanY,1.36266,626.2
489bf83a05af3e3298cecacd85d4d14a,Localization Quality,AMCLPose,MeanX,1.52671,626.2
489bf83a05af3e3298cecacd85d4d14a,Localization Stability,TF,Jump Angular,-0.000701356,627.2
489bf83a05af3e3298cecacd85d4d14a,Localization Stability,TF,Jump Linear,0.0184547,627.2
489bf83a05af3e3298cecacd85d4d14a,Input Validity,Lidar,Lidar Rate,10,626.36
489bf83a05af3e3298cecacd85d4d14a,Input Validity,Odometry,Odometry Rate,50,626.36
489bf83a05af3e3298cecacd85d4d14a,Input Validity,TF,TF Rate,10,626.36
489bf83a05af3e3298cecacd85d4d14a,Localization Quality,AMCLPose,CovYawYaw,0.000658611,626.3
489bf83a05af3e3298cecacd85d4d14a,Localization Quality,AMCLPose,CovYY,0.000157733,626.3
489bf83a05af3e3298cecacd85d4d14a,Localization Quality,AMCLPose,CovXX,0.00221393,626.3
489bf83a05af3e3298cecacd85d4d14a,Localization Quality,AMCLPose,MeanYaw,-2.77312,626.3
489bf83a05af3e3298cecacd85d4d14a,Localization Quality,AMCLPose,MeanY,1.35212,626.3
489bf83a05af3e3298cecacd85d4d14a,Localization Quality,AMCLPose,MeanX,1.49798,626.3
489bf83a05af3e3298cecacd85d4d14a,Localization Stability,TF,Jump Angular,0.000690184,627.3
489bf83a05af3e3298cecacd85d4d14a,Localization Stability,TF,Jump Linear,0.0180137,627.3
489bf83a05af3e3298cecacd85d4d14a,Input Validity,Lidar,Lidar Rate,10,626.46
489bf83a05af3e3298cecacd85d4d14a,Input Validity,Odometry,Odometry Rate,50,626.46
489bf83a05af3e3298cecacd85d4d14a,Input Validity,TF,TF Rate,10,626.46
489bf83a05af3e3298cecacd85d4d14a,Localization Quality,AMCLPose,CovYawYaw,0.000724523,626.4
489bf83a05af3e3298cecacd85d4d14a,Localization Quality,AMCLPose,CovYY,0.000175447,626.4
489bf83a05af3e3298cecacd85d4d14a,Localization Quality,AMCLPose,CovXX,0.00203512,626.4
489bf83a05af3e3298cecacd85d4d14a,Localization Quality,AMCLPose,MeanYaw,-2.72283,626.4
489bf83a05af3e3298cecacd85d4d14a,Localization Quality,AMCLPose,MeanY,1.33742,626.4
489bf83a05af3e3298cecacd85d4d14a,Localization Quality,AMCLPose,MeanX,1.46463,626.4
489bf83a05af3e3298cecacd85d4d14a,Localization Stability,TF,Jump Angular,-0.000682197,627.4
489bf83a05af3e3298cecacd85d4d14a,Localization Stability,TF,Jump Linear,0.0177935,627.4
489bf83a05af3e3298cecacd85d4d14a,Input Validity,Lidar,Lidar Rate,10,626.56
489bf83a05af3e3298cecacd85d4d14a,Input Validity,Odometry,Odometry Rate,50,626.56
489bf83a05af3e3298cecacd85d4d14a,Input Validity,TF,TF Rate,10,626.56
489bf83a05af3e3298cecacd85d4d14a,Localization Stability,TF,Jump Angular,0,627.5
489bf83a05af3e3298cecacd85d4d14a,Localization Stability,TF,Jump Linear,0,627.5
489bf83a05af3e3298cecacd85d4d14a,Input Validity,Lidar,Lidar Rate,10,626.66
489bf83a05af3e3298cecacd85d4d14a,Input Validity,Odometry,Odometry Rate,50,626.66
489bf83a05af3e3298cecacd85d4d14a,Input Validity,TF,TF Rate,10,626.66
489bf83a05af3e3298cecacd85d4d14a,Localization Quality,AMCLPose,CovYawYaw,0.00135975,626.6
489bf83a05af3e3298cecacd85d4d14a,Localization Quality,AMCLPose,CovYY,0.000283446,626.6
489bf83a05af3e3298cecacd85d4d14a,Localization Quality,AMCLPose,CovXX,0.00225644,626.6
489bf83a05af3e3298cecacd85d4d14a,Localization Quality,AMCLPose,MeanYaw,-2.63322,626.6
489bf83a05af3e3298cecacd85d4d14a,Localization Quality,AMCLPose,MeanY,1.29779,626.6
489bf83a05af3e3298cecacd85d4d14a,Localization Quality,AMCLPose,MeanX,1.38777,626.6
489bf83a05af3e3298cecacd85d4d14a,Localization Stability,TF,Jump Angular,-0.00269881,627.6
489bf83a05af3e3298cecacd85d4d14a,Localization Stability,TF,Jump Linear,0.0703861,627.6
489bf83a05af3e3298cecacd85d4d14a,Input Validity,Lidar,Lidar Rate,10,626.76
489bf83a05af3e3298cecacd85d4d14a,Input Validity,Odometry,Odometry Rate,50,626.76
489bf83a05af3e3298cecacd85d4d14a,Input Validity,TF,TF Rate,10,626.76
489bf83a05af3e3298cecacd85d4d14a,Localization Stability,TF,Jump Angular,0,627.7
489bf83a05af3e3298cecacd85d4d14a,Localization Stability,TF,Jump Linear,0,627.7
489bf83a05af3e3298cecacd85d4d14a,Input Validity,Lidar,Lidar Rate,10,626.85
489bf83a05af3e3298cecacd85d4d14a,Input Validity,Odometry,Odometry Rate,50,626.85
489bf83a05af3e3298cecacd85d4d14a,Input Validity,TF,TF Rate,10,626.85
489bf83a05af3e3298cecacd85d4d14a,Localization Quality,AMCLPose,CovYawYaw,0.00154942,626.8
489bf83a05af3e3298cecacd85d4d14a,Localization Quality,AMCLPose,CovYY,0.000476823,626.8
489bf83a05af3e3298cecacd85d4d14a,Localization Quality,AMCLPose,CovXX,0.00254981,626.8
489bf83a05af3e3298cecacd85d4d14a,Localization Quality,AMCLPose,MeanYaw,-2.55481,626.8
489bf83a05af3e3298cecacd85d4d14a,Localization Quality,AMCLPose,MeanY,1.25099,626.8
489bf83a05af3e3298cecacd85d4d14a,Localization Quality,AMCLPose,MeanX,1.31219,626.8
489bf83a05af3e3298cecacd85d4d14a,Localization Stability,TF,Jump Angular,-0.00202826,627.8
489bf83a05af3e3298cecacd85d4d14a,Localization Stability,TF,Jump Linear,0.0524469,627.8
489bf83a05af3e3298cecacd85d4d14a,Input Validity,Lidar,Lidar Rate,10,626.95
489bf83a05af3e3298cecacd85d4d14a,Input Validity,Odometry,Odometry Rate,50,626.95
489bf83a05af3e3298cecacd85d4d14a,Input Validity,TF,TF Rate,10,626.95
489bf83a05af3e3298cecacd85d4d14a,Localization Stability,TF,Jump Angular,0,627.9
489bf83a05af3e3298cecacd85d4d14a,Localization Stability,TF,Jump Linear,0,627.9
489bf83a05af3e3298cecacd85d4d14a,Input Validity,Lidar,Lidar Rate,10,627.05
489bf83a05af3e3298cecacd85d4d14a,Input Validity,Odometry,Odometry Rate,50,627.05
489bf83a05af3e3298cecacd85d4d14a,Input Validity,TF,TF Rate,10,627.05
489bf83a05af3e3298cecacd85d4d14a,Localization Quality,AMCLPose,CovYawYaw,0.00229847,627
489bf83a05af3e3298cecacd85d4d14a,Localization Quality,AMCLPose,CovYY,0.0007022,627
489bf83a05af3e3298cecacd85d4d14a,Localization Quality,AMCLPose,CovXX,0.00272493,627
489bf83a05af3e3298cecacd85d4d14a,Localization Quality,AMCLPose,MeanYaw,-2.48149,627
489bf83a05af3e3298cecacd85d4d14a,Localization Quality,AMCLPose,MeanY,1.19823,627
489bf83a05af3e3298cecacd85d4d14a,Localization Quality,AMCLPose,MeanX,1.24014,627
489bf83a05af3e3298cecacd85d4d14a,Localization Stability,TF,Jump Angular,0.00528916,628
489bf83a05af3e3298cecacd85d4d14a,Localization Stability,TF,Jump Linear,0.13453,628
489bf83a05af3e3298cecacd85d4d14a,Input Validity,Lidar,Lidar Rate,10,627.15
489bf83a05af3e3298cecacd85d4d14a,Input Validity,Odometry,Odometry Rate,50,627.15
489bf83a05af3e3298cecacd85d4d14a,Input Validity,TF,TF Rate,10,627.15
489bf83a05af3e3298cecacd85d4d14a,Localization Stability,TF,Jump Angular,0,628.1
489bf83a05af3e3298cecacd85d4d14a,Localization Stability,TF,Jump Linear,0,628.1
489bf83a05af3e3298cecacd85d4d14a,Input Validity,Lidar,Lidar Rate,10,627.25
489bf83a05af3e3298cecacd85d4d14a,Input Validity,Odometry,Odometry Rate,50,627.25
489bf83a05af3e3298cecacd85d4d14a,Input Validity,TF,TF Rate,10,627.25
489bf83a05af3e3298cecacd85d4d14a,Localization Quality,AMCLPose,CovYawYaw,0.00305221,627.2
489bf83a05af3e3298cecacd85d4d14a,Localization Quality,AMCLPose,CovYY,0.000948679,627.2
489bf83a05af3e3298cecacd85d4d14a,Localization Quality,AMCLPose,CovXX,0.00298217,627.2
489bf83a05af3e3298cecacd85d4d14a,Localization Quality,AMCLPose,MeanYaw,-2.42562,627.2
489bf83a05af3e3298cecacd85d4d14a,Localization Quality,AMCLPose,MeanY,1.14065,627.2
489bf83a05af3e3298cecacd85d4d14a,Localization Quality,AMCLPose,MeanX,1.17415,627.2
489bf83a05af3e3298cecacd85d4d14a,Localization Stability,TF,Jump Angular,0.00337807,628.2
489bf83a05af3e3298cecacd85d4d14a,Localization Stability,TF,Jump Linear,0.0847176,628.2
489bf83a05af3e3298cecacd85d4d14a,Input Validity,Lidar,Lidar Rate,10,627.35
489bf83a05af3e3298cecacd85d4d14a,Input Validity,Odometry,Odometry Rate,50,627.35
489bf83a05af3e3298cecacd85d4d14a,Input Validity,TF,TF Rate,10,627.35
489bf83a05af3e3298cecacd85d4d14a,Localization Stability,TF,Jump Angular,0,628.3
489bf83a05af3e3298cecacd85d4d14a,Localization Stability,TF,Jump Linear,0,628.3
489bf83a05af3e3298cecacd85d4d14a,Input Validity,Lidar,Lidar Rate,10,627.45
489bf83a05af3e3298cecacd85d4d14a,Input Validity,Odometry,Odometry Rate,50,627.45
489bf83a05af3e3298cecacd85d4d14a,Input Validity,TF,TF Rate,10,627.45
489bf83a05af3e3298cecacd85d4d14a,Localization Stability,TF,Jump Angular,0,628.4
489bf83a05af3e3298cecacd85d4d14a,Localization Stability,TF,Jump Linear,0,628.4
489bf83a05af3e3298cecacd85d4d14a,Input Validity,Lidar,Lidar Rate,10,627.55
489bf83a05af3e3298cecacd85d4d14a,Input Validity,Odometry,Odometry Rate,50,627.55
489bf83a05af3e3298cecacd85d4d14a,Input Validity,TF,TF Rate,10,627.55
489bf83a05af3e3298cecacd85d4d14a,Localization Quality,AMCLPose,CovYawYaw,0.00507552,627.5
489bf83a05af3e3298cecacd85d4d14a,Localization Quality,AMCLPose,CovYY,0.00145914,627.5
489bf83a05af3e3298cecacd85d4d14a,Localization Quality,AMCLPose,CovXX,0.00363944,627.5
489bf83a05af3e3298cecacd85d4d14a,Localization Quality,AMCLPose,MeanYaw,-2.40015,627.5
489bf83a05af3e3298cecacd85d4d14a,Localization Quality,AMCLPose,MeanY,1.05163,627.5
489bf83a05af3e3298cecacd85d4d14a,Localization Quality,AMCLPose,MeanX,1.07643,627.5
489bf83a05af3e3298cecacd85d4d14a,Localization Stability,TF,Jump Angular,-0.00395791,628.5
489bf83a05af3e3298cecacd85d4d14a,Localization Stability,TF,Jump Linear,0.102768,628.5
489bf83a05af3e3298cecacd85d4d14a,Input Validity,Lidar,Lidar Rate,10,627.65
489bf83a05af3e3298cecacd85d4d14a,Input Validity,Odometry,Odometry Rate,50,627.65
489bf83a05af3e3298cecacd85d4d14a,Input Validity,TF,TF Rate,10,627.65
489bf83a05af3e3298cecacd85d4d14a,Localization Stability,TF,Jump Angular,0,628.6
489bf83a05af3e3298cecacd85d4d14a,Localization Stability,TF,Jump Linear,0,628.6
489bf83a05af3e3298cecacd85d4d14a,Input Validity,Lidar,Lidar Rate,10,627.75
489bf83a05af3e3298cecacd85d4d14a,Input Validity,Odometry,Odometry Rate,50,627.75
489bf83a05af3e3298cecacd85d4d14a,Input Validity,TF,TF Rate,10,627.75
489bf83a05af3e3298cecacd85d4d14a,Localization Stability,TF,Jump Angular,0,628.7
489bf83a05af3e3298cecacd85d4d14a,Localization Stability,TF,Jump Linear,0,628.7
489bf83a05af3e3298cecacd85d4d14a,Input Validity,Lidar,Lidar Rate,10,627.85
489bf83a05af3e3298cecacd85d4d14a,Input Validity,Odometry,Odometry Rate,50,627.85
489bf83a05af3e3298cecacd85d4d14a,Input Validity,TF,TF Rate,10,627.85
489bf83a05af3e3298cecacd85d4d14a,Localization Quality,AMCLPose,CovYawYaw,0.00720761,627.8
489bf83a05af3e3298cecacd85d4d14a,Localization Quality,AMCLPose,CovYY,0.00214498,627.8
489bf83a05af3e3298cecacd85d4d14a,Localization Quality,AMCLPose,CovXX,0.00446059,627.8
489bf83a05af3e3298cecacd85d4d14a,Localization Quality,AMCLPose,MeanYaw,-2.38597,627.8
489bf83a05af3e3298cecacd85d4d14a,Localization Quality,AMCLPose,MeanY,0.962277,627.8
489bf83a05af3e3298cecacd85d4d14a,Localization Quality,AMCLPose,MeanX,0.979739,627.8
489bf83a05af3e3298cecacd85d4d14a,Localization Stability,TF,Jump Angular,-0.00888225,628.8
489bf83a05af3e3298cecacd85d4d14a,Localization Stability,TF,Jump Linear,0.228575,628.8
489bf83a05af3e3298cecacd85d4d14a,Input Validity,Lidar,Lidar Rate,10,627.95
489bf83a05af3e3298cecacd85d4d14a,Input Validity,Odometry,Odometry Rate,50,627.95
489bf83a05af3e3298cecacd85d4d14a,Input Validity,TF,TF Rate,10,627.95
489bf83a05af3e3298cecacd85d4d14a,Localization Stability,TF,Jump Angular,0,628.9
489bf83a05af3e3298cecacd85d4d14a,Localization Stability,TF,Jump Linear,0,628.9
489bf83a05af3e3298cecacd85d4d14a,Input Validity,Lidar,Lidar Rate,10,628.05
489bf83a05af3e3298cecacd85d4d14a,Input Validity,Odometry,Odometry Rate,50,628.05
489bf83a05af3e3298cecacd85d4d14a,Input Validity,TF,TF Rate,10,628.05
489bf83a05af3e3298cecacd85d4d14a,Localization Stability,TF,Jump Angular,0,629
489bf83a05af3e3298cecacd85d4d14a,Localization Stability,TF,Jump Linear,0,629
489bf83a05af3e3298cecacd85d4d14a,Input Validity,Lidar,Lidar Rate,10,628.15
489bf83a05af3e3298cecacd85d4d14a,Input Validity,Odometry,Odometry Rate,50,628.15
489bf83a05af3e3298cecacd85d4d14a,Input Validity,TF,TF Rate,10,628.15
489bf83a05af3e3298cecacd85d4d14a,Localization Quality,AMCLPose,CovYawYaw,0.00873885,628.1
489bf83a05af3e3298cecacd85d4d14a,Localization Quality,AMCLPose,CovYY,0.00290339,628.1
489bf83a05af3e3298cecacd85d4d14a,Localization Quality,AMCLPose,CovXX,0.00545399,628.1
489bf83a05af3e3298cecacd85d4d14a,Localization Quality,AMCLPose,MeanYaw,-2.3747,628.1
489bf83a05af3e3298cecacd85d4d14a,Localization Quality,AMCLPose,MeanY,0.870066,628.1
489bf83a05af3e3298cecacd85d4d14a,Localization Quality,AMCLPose,MeanX,0.881362,628.1
489bf83a05af3e3298cecacd85d4d14a,Localization Stability,TF,Jump Angular,-0.00512981,629.1
489bf83a05af3e3298cecacd85d4d14a,Localization Stability,TF,Jump Linear,0.130428,629.1
489bf83a05af3e3298cecacd85d4d14a,Input Validity,Lidar,Lidar Rate,10,628.25
489bf83a05af3e3298cecacd85d4d14a,Input Validity,Odometry,Odometry Rate,50,628.25
489bf83a05af3e3298cecacd85d4d14a,Input Validity,TF,TF Rate,10,628.25
489bf83a05af3e3298cecacd85d4d14a,Localization Stability,TF,Jump Angular,0,629.2
489bf83a05af3e3298cecacd85d4d14a,Localization Stability,TF,Jump Linear,0,629.2
489bf83a05af3e3298cecacd85d4d14a,Input Validity,Lidar,Lidar Rate,10,628.35
489bf83a05af3e3298cecacd85d4d14a,Input Validity,Odometry,Odometry Rate,50,628.35
489bf83a05af3e3298cecacd85d4d14a,Input Validity,TF,TF Rate,10,628.35
489bf83a05af3e3298cecacd85d4d14a,Localization Stability,TF,Jump Angular,0,629.3
489bf83a05af3e3298cecacd85d4d14a,Localization Stability,TF,Jump Linear,0,629.3
489bf83a05af3e3298cecacd85d4d14a,Input Validity,Lidar,Lidar Rate,10,628.45
489bf83a05af3e3298cecacd85d4d14a,Input Validity,Odometry,Odometry Rate,50,628.45
489bf83a05af3e3298cecacd85d4d14a,Input Validity,TF,TF Rate,10,628.45
489bf83a05af3e3298cecacd85d4d14a,Localization Quality,AMCLPose,CovYawYaw,0.0113927,628.4
489bf83a05af3e3298cecacd85d4d14a,Localization Quality,AMCLPose,CovYY,0.00392765,628.4
489bf83a05af3e3298cecacd85d4d14a,Localization Quality,AMCLPose,CovXX,0.0063627,628.4
489bf83a05af3e3298cecacd85d4d14a,Localization Quality,AMCLPose,MeanYaw,-2.4176,628.4
489bf83a05af3e3298cecacd85d4d14a,Localization Quality,AMCLPose,MeanY,0.777522,628.4
489bf83a05af3e3298cecacd85d4d14a,Localization Quality,AMCLPose,MeanX,0.788735,628.4
489bf83a05af3e3298cecacd85d4d14a,Localization Stability,TF,Jump Angular,0.00677577,629.4
489bf83a05af3e3298cecacd85d4d14a,Localization Stability,TF,Jump Linear,0.168793,629.4
489bf83a05af3e3298cecacd85d4d14a,Input Validity,Lidar,Lidar Rate,10,628.54
489bf83a05af3e3298cecacd85d4d14a,Input Validity,Odometry,Odometry Rate,50,628.54
489bf83a05af3e3298cecacd85d4d14a,Input Validity,TF,TF Rate,10,628.54
489bf83a05af3e3298cecacd85d4d14a,Localization Stability,TF,Jump Angular,0,629.5
489bf83a05af3e3298cecacd85d4d14a,Localization Stability,TF,Jump Linear,0,629.5
489bf83a05af3e3298cecacd85d4d14a,Input Validity,Lidar,Lidar Rate,10,628.64
489bf83a05af3e3298cecacd85d4d14a,Input Validity,Odometry,Odometry Rate,50,628.64
489bf83a05af3e3298cecacd85d4d14a,Input Validity,TF,TF Rate,10,628.64
489bf83a05af3e3298cecacd85d4d14a,Localization Stability,TF,Jump Angular,0,629.6
489bf83a05af3e3298cecacd85d4d14a,Localization Stability,TF,Jump Linear,0,629.6
489bf83a05af3e3298cecacd85d4d14a,Input Validity,Lidar,Lidar Rate,10,628.74
489bf83a05af3e3298cecacd85d4d14a,Input Validity,Odometry,Odometry Rate,50,628.74
489bf83a05af3e3298cecacd85d4d14a,Input Validity,TF,TF Rate,10,628.74
489bf83a05af3e3298cecacd85d4d14a,Localization Quality,AMCLPose,CovYawYaw,0.0136054,628.7
489bf83a05af3e3298cecacd85d4d14a,Localization Quality,AMCLPose,CovYY,0.00547953,628.7
489bf83a05af3e3298cecacd85d4d14a,Localization Quality,AMCLPose,CovXX,0.00717152,628.7
489bf83a05af3e3298cecacd85d4d14a,Localization Quality,AMCLPose,MeanYaw,-2.46297,628.7
489bf83a05af3e3298cecacd85d4d14a,Localization Quality,AMCLPose,MeanY,0.690817,628.7
489bf83a05af3e3298cecacd85d4d14a,Localization Quality,AMCLPose,MeanX,0.693877,628.7
489bf83a05af3e3298cecacd85d4d14a,Localization Stability,TF,Jump Angular,0.00531739,629.7
489bf83a05af3e3298cecacd85d4d14a,Localization Stability,TF,Jump Linear,0.13014,629.7
489bf83a05af3e3298cecacd85d4d14a,Input Validity,Lidar,Lidar Rate,10,628.84
489bf83a05af3e3298cecacd85d4d14a,Input Validity,Odometry,Odometry Rate,50,628.84
489bf83a05af3e3298cecacd85d4d14a,Input Validity,TF,TF Rate,10,628.84
489bf83a05af3e3298cecacd85d4d14a,Localization Stability,TF,Jump Angular,0,629.8
489bf83a05af3e3298cecacd85d4d14a,Localization Stability,TF,Jump Linear,0,629.8
489bf83a05af3e3298cecacd85d4d14a,Localization Stability,TF,Jump Angular,0,629.9
489bf83a05af3e3298cecacd85d4d14a,Localization Stability,TF,Jump Linear,0,629.9
489bf83a05af3e3298cecacd85d4d14a,Input Validity,Lidar,Lidar Rate,10,628.94
489bf83a05af3e3298cecacd85d4d14a,Input Validity,Odometry,Odometry Rate,50,628.94
489bf83a05af3e3298cecacd85d4d14a,Input Validity,TF,TF Rate,10,628.94
489bf83a05af3e3298cecacd85d4d14a,Input Validity,Lidar,Lidar Rate,10,629.04
489bf83a05af3e3298cecacd85d4d14a,Input Validity,Odometry,Odometry Rate,50,629.04
489bf83a05af3e3298cecacd85d4d14a,Input Validity,TF,TF Rate,10,629.04
489bf83a05af3e3298cecacd85d4d14a,Localization Quality,AMCLPose,CovYawYaw,0.0157603,629
489bf83a05af3e3298cecacd85d4d14a,Localization Quality,AMCLPose,CovYY,0.00743322,629
489bf83a05af3e3298cecacd85d4d14a,Localization Quality,AMCLPose,CovXX,0.00844068,629
489bf83a05af3e3298cecacd85d4d14a,Localization Quality,AMCLPose,MeanYaw,-2.47879,629
489bf83a05af3e3298cecacd85d4d14a,Localization Quality,AMCLPose,MeanY,0.600662,629
489bf83a05af3e3298cecacd85d4d14a,Localization Quality,AMCLPose,MeanX,0.597977,629
489bf83a05af3e3298cecacd85d4d14a,Localization Stability,TF,Jump Angular,0.0135182,630
489bf83a05af3e3298cecacd85d4d14a,Localization Stability,TF,Jump Linear,0.341513,630
489bf83a05af3e3298cecacd85d4d14a,Input Validity,Lidar,Lidar Rate,10,629.14
489bf83a05af3e3298cecacd85d4d14a,Input Validity,Odometry,Odometry Rate,50,629.14
489bf83a05af3e3298cecacd85d4d14a,Input Validity,TF,TF Rate,10,629.14
489bf83a05af3e3298cecacd85d4d14a,Localization Stability,TF,Jump Angular,0,630.1
489bf83a05af3e3298cecacd85d4d14a,Localization Stability,TF,Jump Linear,0,630.1
489bf83a05af3e3298cecacd85d4d14a,Localization Stability,TF,Jump Angular,0,630.2
489bf83a05af3e3298cecacd85d4d14a,Localization Stability,TF,Jump Linear,0,630.2
489bf83a05af3e3298cecacd85d4d14a,Input Validity,Lidar,Lidar Rate,10,629.24
489bf83a05af3e3298cecacd85d4d14a,Input Validity,Odometry,Odometry Rate,50,629.24
489bf83a05af3e3298cecacd85d4d14a,Input Validity,TF,TF Rate,10,629.24
489bf83a05af3e3298cecacd85d4d14a,Input Validity,Lidar,Lidar Rate,10,629.34
489bf83a05af3e3298cecacd85d4d14a,Input Validity,Odometry,Odometry Rate,50,629.34
489bf83a05af3e3298cecacd85d4d14a,Input Validity,TF,TF Rate,10,629.34
489bf83a05af3e3298cecacd85d4d14a,Localization Quality,AMCLPose,CovYawYaw,0.017577,629.3
489bf83a05af3e3298cecacd85d4d14a,Localization Quality,AMCLPose,CovYY,0.0100526,629.3
489bf83a05af3e3298cecacd85d4d14a,Localization Quality,AMCLPose,CovXX,0.00987449,629.3
489bf83a05af3e3298cecacd85d4d14a,Localization Quality,AMCLPose,MeanYaw,-2.49655,629.3
489bf83a05af3e3298cecacd85d4d14a,Localization Quality,AMCLPose,MeanY,0.509045,629.3
489bf83a05af3e3298cecacd85d4d14a,Localization Quality,AMCLPose,MeanX,0.501892,629.3
489bf83a05af3e3298cecacd85d4d14a,Localization Stability,TF,Jump Angular,0.0171951,630.3
489bf83a05af3e3298cecacd85d4d14a,Localization Stability,TF,Jump Linear,0.435135,630.3
489bf83a05af3e3298cecacd85d4d14a,Input Validity,Lidar,Lidar Rate,10,629.44
489bf83a05af3e3298cecacd85d4d14a,Input Validity,Odometry,Odometry Rate,50,629.44
489bf83a05af3e3298cecacd85d4d14a,Input Validity,TF,TF Rate,10,629.44
489bf83a05af3e3298cecacd85d4d14a,Localization Stability,TF,Jump Angular,0,630.4
489bf83a05af3e3298cecacd85d4d14a,Localization Stability,TF,Jump Linear,0,630.4
489bf83a05af3e3298cecacd85d4d14a,Input Validity,Lidar,Lidar Rate,10,629.54
489bf83a05af3e3298cecacd85d4d14a,Input Validity,Odometry,Odometry Rate,50,629.54
489bf83a05af3e3298cecacd85d4d14a,Input Validity,TF,TF Rate,10,629.54
489bf83a05af3e3298cecacd85d4d14a,Localization Quality,AMCLPose,CovYawYaw,0.0191549,629.5
489bf83a05af3e3298cecacd85d4d14a,Localization Quality,AMCLPose,CovYY,0.0125528,629.5
489bf83a05af3e3298cecacd85d4d14a,Localization Quality,AMCLPose,CovXX,0.0108351,629.5
489bf83a05af3e3298cecacd85d4d14a,Localization Quality,AMCLPose,MeanYaw,-2.53462,629.5
489bf83a05af3e3298cecacd85d4d14a,Localization Quality,AMCLPose,MeanY,0.450289,629.5
489bf83a05af3e3298cecacd85d4d14a,Localization Quality,AMCLPose,MeanX,0.441845,629.5
489bf83a05af3e3298cecacd85d4d14a,Localization Stability,TF,Jump Angular,0.0150777,630.5
489bf83a05af3e3298cecacd85d4d14a,Localization Stability,TF,Jump Linear,0.377937,630.5
489bf83a05af3e3298cecacd85d4d14a,Input Validity,Lidar,Lidar Rate,10,629.64
489bf83a05af3e3298cecacd85d4d14a,Input Validity,Odometry,Odometry Rate,50,629.64
489bf83a05af3e3298cecacd85d4d14a,Input Validity,TF,TF Rate,10,629.64
489bf83a05af3e3298cecacd85d4d14a,Localization Stability,TF,Jump Angular,0,630.6
489bf83a05af3e3298cecacd85d4d14a,Localization Stability,TF,Jump Linear,0,630.6
489bf83a05af3e3298cecacd85d4d14a,Input Validity,Lidar,Lidar Rate,10,629.74
489bf83a05af3e3298cecacd85d4d14a,Input Validity,Odometry,Odometry Rate,50,629.74
489bf83a05af3e3298cecacd85d4d14a,Input Validity,TF,TF Rate,10,629.74
489bf83a05af3e3298cecacd85d4d14a,Localization Stability,TF,Jump Angular,0,630.7
489bf83a05af3e3298cecacd85d4d14a,Localization Stability,TF,Jump Linear,0,630.7
489bf83a05af3e3298cecacd85d4d14a,Input Validity,Lidar,Lidar Rate,10,629.84
489bf83a05af3e3298cecacd85d4d14a,Input Validity,Odometry,Odometry Rate,50,629.84
489bf83a05af3e3298cecacd85d4d14a,Input Validity,TF,TF Rate,10,629.84
489bf83a05af3e3298cecacd85d4d14a,Localization Quality,AMCLPose,CovYawYaw,0.020329,629.8
489bf83a05af3e3298cecacd85d4d14a,Localization Quality,AMCLPose,CovYY,0.0165706,629.8
489bf83a05af3e3298cecacd85d4d14a,Localization Quality,AMCLPose,CovXX,0.0118545,629.8
489bf83a05af3e3298cecacd85d4d14a,Localization Quality,AMCLPose,MeanYaw,-2.58575,629.8
489bf83a05af3e3298cecacd85d4d14a,Localization Quality,AMCLPose,MeanY,0.372471,629.8
489bf83a05af3e3298cecacd85d4d14a,Localization Quality,AMCLPose,MeanX,0.336992,629.8
489bf83a05af3e3298cecacd85d4d14a,Localization Stability,TF,Jump Angular,0.00428981,630.8
489bf83a05af3e3298cecacd85d4d14a,Localization Stability,TF,Jump Linear,0.107559,630.8
489bf83a05af3e3298cecacd85d4d14a,Localization Stability,TF,Jump Angular,0,630.9
489bf83a05af3e3298cecacd85d4d14a,Localization Stability,TF,Jump Linear,0,630.9
489bf83a05af3e3298cecacd85d4d14a,Input Validity,Lidar,Lidar Rate,10,629.94
489bf83a05af3e3298cecacd85d4d14a,Input Validity,Odometry,Odometry Rate,50,629.94
489bf83a05af3e3298cecacd85d4d14a,Input Validity,TF,TF Rate,10,629.94
489bf83a05af3e3298cecacd85d4d14a,Input Validity,Lidar,Lidar Rate,10,630.04
489bf83a05af3e3298cecacd85d4d14a,Input Validity,Odometry,Odometry Rate,50,630.04
489bf83a05af3e3298cecacd85d4d14a,Input Validity,TF,TF Rate,10,630.04
489bf83a05af3e3298cecacd85d4d14a,Localization Stability,TF,Jump Angular,0,631
489bf83a05af3e3298cecacd85d4d14a,Localization Stability,TF,Jump Linear,0,631
489bf83a05af3e3298cecacd85d4d14a,Input Validity,Lidar,Lidar Rate,10,630.13
489bf83a05af3e3298cecacd85d4d14a,Input Validity,Odometry,Odometry Rate,50,630.13
489bf83a05af3e3298cecacd85d4d14a,Input Validity,TF,TF Rate,10,630.13
489bf83a05af3e3298cecacd85d4d14a,Localization Quality,AMCLPose,CovYawYaw,0.0216751,630.1
489bf83a05af3e3298cecacd85d4d14a,Localization Quality,AMCLPose,CovYY,0.0198783,630.1
489bf83a05af3e3298cecacd85d4d14a,Localization Quality,AMCLPose,CovXX,0.0130962,630.1
489bf83a05af3e3298cecacd85d4d14a,Localization Quality,AMCLPose,MeanYaw,-2.61759,630.1
489bf83a05af3e3298cecacd85d4d14a,Localization Quality,AMCLPose,MeanY,0.298885,630.1
489bf83a05af3e3298cecacd85d4d14a,Localization Quality,AMCLPose,MeanX,0.226172,630.1
489bf83a05af3e3298cecacd85d4d14a,Localization Stability,TF,Jump Angular,0.00222833,631.1
489bf83a05af3e3298cecacd85d4d14a,Localization Stability,TF,Jump Linear,0.0574963,631.1
489bf83a05af3e3298cecacd85d4d14a,Input Validity,Lidar,Lidar Rate,10,630.23
489bf83a05af3e3298cecacd85d4d14a,Input Validity,Odometry,Odometry Rate,50,630.23
489bf83a05af3e3298cecacd85d4d14a,Input Validity,TF,TF Rate,10,630.23
489bf83a05af3e3298cecacd85d4d14a,Localization Stability,TF,Jump Angular,0,631.2
489bf83a05af3e3298cecacd85d4d14a,Localization Stability,TF,Jump Linear,0,631.2
489bf83a05af3e3298cecacd85d4d14a,Input Validity,Lidar,Lidar Rate,10,630.33
489bf83a05af3e3298cecacd85d4d14a,Input Validity,Odometry,Odometry Rate,50,630.33
489bf83a05af3e3298cecacd85d4d14a,Input Validity,TF,TF Rate,10,630.33
489bf83a05af3e3298cecacd85d4d14a,Localization Stability,TF,Jump Angular,0,631.3
489bf83a05af3e3298cecacd85d4d14a,Localization Stability,TF,Jump Linear,0,631.3
489bf83a05af3e3298cecacd85d4d14a,Input Validity,Lidar,Lidar Rate,10,630.43
489bf83a05af3e3298cecacd85d4d14a,Input Validity,Odometry,Odometry Rate,50,630.43
489bf83a05af3e3298cecacd85d4d14a,Input Validity,TF,TF Rate,10,630.43
489bf83a05af3e3298cecacd85d4d14a,Localization Quality,AMCLPose,CovYawYaw,0.0219421,630.4
489bf83a05af3e3298cecacd85d4d14a,Localization Quality,AMCLPose,CovYY,0.0227526,630.4
489bf83a05af3e3298cecacd85d4d14a,Localization Quality,AMCLPose,CovXX,0.0142343,630.4
489bf83a05af3e3298cecacd85d4d14a,Localization Quality,AMCLPose,MeanYaw,-2.67948,630.4
489bf83a05af3e3298cecacd85d4d14a,Localization Quality,AMCLPose,MeanY,0.232004,630.4
489bf83a05af3e3298cecacd85d4d14a,Localization Quality,AMCLPose,MeanX,0.112566,630.4
489bf83a05af3e3298cecacd85d4d14a,Localization Stability,TF,Jump Angular,0.0037149,631.4
489bf83a05af3e3298cecacd85d4d14a,Localization Stability,TF,Jump Linear,0.0923429,631.4
489bf83a05af3e3298cecacd85d4d14a,Localization Stability,TF,Jump Angular,0,631.5
489bf83a05af3e3298cecacd85d4d14a,Localization Stability,TF,Jump Linear,0,631.5
489bf83a05af3e3298cecacd85d4d14a,Input Validity,Lidar,Lidar Rate,10,630.53
489bf83a05af3e3298cecacd85d4d14a,Input Validity,Odometry,Odometry Rate,50,630.53
489bf83a05af3e3298cecacd85d4d14a,Input Validity,TF,TF Rate,10,630.53
489bf83a05af3e3298cecacd85d4d14a,Localization Stability,TF,Jump Angular,0,631.6
489bf83a05af3e3298cecacd85d4d14a,Localization Stability,TF,Jump Linear,0,631.6
489bf83a05af3e3298cecacd85d4d14a,Input Validity,Lidar,Lidar Rate,10,630.63
489bf83a05af3e3298cecacd85d4d14a,Input Validity,Odometry,Odometry Rate,50,630.63
489bf83a05af3e3298cecacd85d4d14a,Input Validity,TF,TF Rate,10,630.63
489bf83a05af3e3298cecacd85d4d14a,Input Validity,Lidar,Lidar Rate,10,630.73
489bf83a05af3e3298cecacd85d4d14a,Input Validity,Odometry,Odometry Rate,50,630.73
489bf83a05af3e3298cecacd85d4d14a,Input Validity,TF,TF Rate,10,630.73
489bf83a05af3e3298cecacd85d4d14a,Localization Quality,AMCLPose,CovYawYaw,0.0218783,630.7
489bf83a05af3e3298cecacd85d4d14a,Localization Quality,AMCLPose,CovYY,0.0254343,630.7
489bf83a05af3e3298cecacd85d4d14a,Localization Quality,AMCLPose,CovXX,0.0156511,630.7
489bf83a05af3e3298cecacd85d4d14a,Localization Quality,AMCLPose,MeanYaw,-2.76443,630.7
489bf83a05af3e3298cecacd85d4d14a,Localization Quality,AMCLPose,MeanY,0.184865,630.7
489bf83a05af3e3298cecacd85d4d14a,Localization Quality,AMCLPose,MeanX,-0.0156396,630.7
489bf83a05af3e3298cecacd85d4d14a,Localization Stability,TF,Jump Angular,-0.0166924,631.7
489bf83a05af3e3298cecacd85d4d14a,Localization Stability,TF,Jump Linear,0.418582,631.7
489bf83a05af3e3298cecacd85d4d14a,Input Validity,Lidar,Lidar Rate,10,630.83
489bf83a05af3e3298cecacd85d4d14a,Input Validity,Odometry,Odometry Rate,50,630.83
489bf83a05af3e3298cecacd85d4d14a,Input Validity,TF,TF Rate,10,630.83
489bf83a05af3e3298cecacd85d4d14a,Localization Stability,TF,Jump Angular,0,631.8
489bf83a05af3e3298cecacd85d4d14a,Localization Stability,TF,Jump Linear,0,631.8
489bf83a05af3e3298cecacd85d4d14a,Input Validity,Lidar,Lidar Rate,10,630.93
489bf83a05af3e3298cecacd85d4d14a,Input Validity,Odometry,Odometry Rate,50,630.93
489bf83a05af3e3298cecacd85d4d14a,Input Validity,TF,TF Rate,10,630.93
489bf83a05af3e3298cecacd85d4d14a,Localization Stability,TF,Jump Angular,0,631.9
489bf83a05af3e3298cecacd85d4d14a,Localization Stability,TF,Jump Linear,0,631.9
489bf83a05af3e3298cecacd85d4d14a,Input Validity,Lidar,Lidar Rate,10,631.03
489bf83a05af3e3298cecacd85d4d14a,Input Validity,Odometry,Odometry Rate,50,631.03
489bf83a05af3e3298cecacd85d4d14a,Input Validity,TF,TF Rate,10,631.03
489bf83a05af3e3298cecacd85d4d14a,Localization Quality,AMCLPose,CovYawYaw,0.021398,631
489bf83a05af3e3298cecacd85d4d14a,Localization Quality,AMCLPose,CovYY,0.0275875,631
489bf83a05af3e3298cecacd85d4d14a,Localization Quality,AMCLPose,CovXX,0.0170058,631
489bf83a05af3e3298cecacd85d4d14a,Localization Quality,AMCLPose,MeanYaw,-2.81052,631
489bf83a05af3e3298cecacd85d4d14a,Localization Quality,AMCLPose,MeanY,0.146945,631
489bf83a05af3e3298cecacd85d4d14a,Localization Quality,AMCLPose,MeanX,-0.14307,631
489bf83a05af3e3298cecacd85d4d14a,Localization Stability,TF,Jump Angular,-0.00982163,632
489bf83a05af3e3298cecacd85d4d14a,Localization Stability,TF,Jump Linear,0.250009,632
489bf83a05af3e3298cecacd85d4d14a,Input Validity,Lidar,Lidar Rate,10,631.13
489bf83a05af3e3298cecacd85d4d14a,Input Validity,Odometry,Odometry Rate,50,631.13
489bf83a05af3e3298cecacd85d4d14a,Input Validity,TF,TF Rate,10,631.13
489bf83a05af3e3298cecacd85d4d14a,Localization Stability,TF,Jump Angular,0,632.1
489bf83a05af3e3298cecacd85d4d14a,Localization Stability,TF,Jump Linear,0,632.1
489bf83a05af3e3298cecacd85d4d14a,Input Validity,Lidar,Lidar Rate,10,631.23
489bf83a05af3e3298cecacd85d4d14a,Input Validity,Odometry,Odometry Rate,50,631.23
489bf83a05af3e3298cecacd85d4d14a,Input Validity,TF,TF Rate,10,631.23
489bf83a05af3e3298cecacd85d4d14a,Localization Stability,TF,Jump Angular,0,632.2
489bf83a05af3e3298cecacd85d4d14a,Localization Stability,TF,Jump Linear,0,632.2
489bf83a05af3e3298cecacd85d4d14a,Input Validity,Lidar,Lidar Rate,10,631.33
489bf83a05af3e3298cecacd85d4d14a,Input Validity,Odometry,Odometry Rate,50,631.33
489bf83a05af3e3298cecacd85d4d14a,Input Validity,TF,TF Rate,10,631.33
489bf83a05af3e3298cecacd85d4d14a,Localization Quality,AMCLPose,CovYawYaw,0.0218899,631.3
489bf83a05af3e3298cecacd85d4d14a,Localization Quality,AMCLPose,CovYY,0.0298164,631.3
489bf83a05af3e3298cecacd85d4d14a,Localization Quality,AMCLPose,CovXX,0.0181988,631.3
489bf83a05af3e3298cecacd85d4d14a,Localization Quality,AMCLPose,MeanYaw,-2.8476,631.3
489bf83a05af3e3298cecacd85d4d14a,Localization Quality,AMCLPose,MeanY,0.121035,631.3
489bf83a05af3e3298cecacd85d4d14a,Localization Quality,AMCLPose,MeanX,-0.277335,631.3
489bf83a05af3e3298cecacd85d4d14a,Localization Stability,TF,Jump Angular,-0.0165643,632.3
489bf83a05af3e3298cecacd85d4d14a,Localization Stability,TF,Jump Linear,0.419096,632.3
489bf83a05af3e3298cecacd85d4d14a,Input Validity,Lidar,Lidar Rate,10,631.43
489bf83a05af3e3298cecacd85d4d14a,Input Validity,Odometry,Odometry Rate,50,631.43
489bf83a05af3e3298cecacd85d4d14a,Input Validity,TF,TF Rate,10,631.43
489bf83a05af3e3298cecacd85d4d14a,Localization Stability,TF,Jump Angular,0,632.4
489bf83a05af3e3298cecacd85d4d14a,Localization Stability,TF,Jump Linear,0,632.4
489bf83a05af3e3298cecacd85d4d14a,Input Validity,Lidar,Lidar Rate,10,631.53
489bf83a05af3e3298cecacd85d4d14a,Input Validity,Odometry,Odometry Rate,50,631.53
489bf83a05af3e3298cecacd85d4d14a,Input Validity,TF,TF Rate,10,631.53
489bf83a05af3e3298cecacd85d4d14a,Localization Quality,AMCLPose,CovYawYaw,0.0202064,631.5
489bf83a05af3e3298cecacd85d4d14a,Localization Quality,AMCLPose,CovYY,0.0298701,631.5
489bf83a05af3e3298cecacd85d4d14a,Localization Quality,AMCLPose,CovXX,0.0186229,631.5
489bf83a05af3e3298cecacd85d4d14a,Localization Quality,AMCLPose,MeanYaw,-2.92253,631.5
489bf83a05af3e3298cecacd85d4d14a,Localization Quality,AMCLPose,MeanY,0.10285,631.5
489bf83a05af3e3298cecacd85d4d14a,Localization Quality,AMCLPose,MeanX,-0.362493,631.5
489bf83a05af3e3298cecacd85d4d14a,Localization Stability,TF,Jump Angular,-0.00296549,632.5
489bf83a05af3e3298cecacd85d4d14a,Localization Stability,TF,Jump Linear,0.0777071,632.5
489bf83a05af3e3298cecacd85d4d14a,Input Validity,Lidar,Lidar Rate,10,631.63
489bf83a05af3e3298cecacd85d4d14a,Input Validity,Odometry,Odometry Rate,50,631.63
489bf83a05af3e3298cecacd85d4d14a,Input Validity,TF,TF Rate,10,631.63
489bf83a05af3e3298cecacd85d4d14a,Localization Stability,TF,Jump Angular,0,632.6
489bf83a05af3e3298cecacd85d4d14a,Localization Stability,TF,Jump Linear,0,632.6
489bf83a05af3e3298cecacd85d4d14a,Input Validity,Lidar,Lidar Rate,10,631.73
489bf83a05af3e3298cecacd85d4d14a,Input Validity,Odometry,Odometry Rate,50,631.73
489bf83a05af3e3298cecacd85d4d14a,Input Validity,TF,TF Rate,10,631.73
489bf83a05af3e3298cecacd85d4d14a,Localization Quality,AMCLPose,CovYawYaw,0.0197974,631.7
489bf83a05af3e3298cecacd85d4d14a,Localization Quality,AMCLPose,CovYY,0.0303032,631.7
489bf83a05af3e3298cecacd85d4d14a,Localization Quality,AMCLPose,CovXX,0.0186626,631.7
489bf83a05af3e3298cecacd85d4d14a,Localization Quality,AMCLPose,MeanYaw,-2.98606,631.7
489bf83a05af3e3298cecacd85d4d14a,Localization Quality,AMCLPose,MeanY,0.0935373,631.7
489bf83a05af3e3298cecacd85d4d14a,Localization Quality,AMCLPose,MeanX,-0.4483,631.7
489bf83a05af3e3298cecacd85d4d14a,Localization Stability,TF,Jump Angular,-0.0087615,632.7
489bf83a05af3e3298cecacd85d4d14a,Localization Stability,TF,Jump Linear,0.222134,632.7
489bf83a05af3e3298cecacd85d4d14a,Input Validity,Lidar,Lidar Rate,10,631.83
489bf83a05af3e3298cecacd85d4d14a,Input Validity,Odometry,Odometry Rate,50,631.83
489bf83a05af3e3298cecacd85d4d14a,Input Validity,TF,TF Rate,10,631.83
489bf83a05af3e3298cecacd85d4d14a,Localization Stability,TF,Jump Angular,0,632.8
489bf83a05af3e3298cecacd85d4d14a,Localization Stability,TF,Jump Linear,0,632.8
489bf83a05af3e3298cecacd85d4d14a,Input Validity,Lidar,Lidar Rate,10,631.92
489bf83a05af3e3298cecacd85d4d14a,Input Validity,Odometry,Odometry Rate,50,631.92
489bf83a05af3e3298cecacd85d4d14a,Input Validity,TF,TF Rate,10,631.92
489bf83a05af3e3298cecacd85d4d14a,Localization Stability,TF,Jump Angular,0,632.9
489bf83a05af3e3298cecacd85d4d14a,Localization Stability,TF,Jump Linear,0,632.9
489bf83a05af3e3298cecacd85d4d14a,Input Validity,Lidar,Lidar Rate,10,632.02
489bf83a05af3e3298cecacd85d4d14a,Input Validity,Odometry,Odometry Rate,50,632.02
489bf83a05af3e3298cecacd85d4d14a,Input Validity,TF,TF Rate,10,632.02
489bf83a05af3e3298cecacd85d4d14a,Localization Quality,AMCLPose,CovYawYaw,0.0194838,632
489bf83a05af3e3298cecacd85d4d14a,Localization Quality,AMCLPose,CovYY,0.0306478,632
489bf83a05af3e3298cecacd85d4d14a,Localization Quality,AMCLPose,CovXX,0.0185401,632
489bf83a05af3e3298cecacd85d4d14a,Localization Quality,AMCLPose,MeanYaw,-3.0389,632
489bf83a05af3e3298cecacd85d4d14a,Localization Quality,AMCLPose,MeanY,0.094702,632
489bf83a05af3e3298cecacd85d4d14a,Localization Quality,AMCLPose,MeanX,-0.584357,632
489bf83a05af3e3298cecacd85d4d14a,Localization Stability,TF,Jump Angular,-0.0186298,633
489bf83a05af3e3298cecacd85d4d14a,Localization Stability,TF,Jump Linear,0.468859,633
489bf83a05af3e3298cecacd85d4d14a,Input Validity,Lidar,Lidar Rate,10,632.12
489bf83a05af3e3298cecacd85d4d14a,Input Validity,Odometry,Odometry Rate,50,632.12
489bf83a05af3e3298cecacd85d4d14a,Input Validity,TF,TF Rate,10,632.12
489bf83a05af3e3298cecacd85d4d14a,Localization Stability,TF,Jump Angular,0,633.1
489bf83a05af3e3298cecacd85d4d14a,Localization Stability,TF,Jump Linear,0,633.1
489bf83a05af3e3298cecacd85d4d14a,Input Validity,Lidar,Lidar Rate,10,632.22
489bf83a05af3e3298cecacd85d4d14a,Input Validity,Odometry,Odometry Rate,50,632.22
489bf83a05af3e3298cecacd85d4d14a,Input Validity,TF,TF Rate,10,632.22
489bf83a05af3e3298cecacd85d4d14a,Localization Stability,TF,Jump Angular,0,633.2
489bf83a05af3e3298cecacd85d4d14a,Localization Stability,TF,Jump Linear,0,633.2
489bf83a05af3e3298cecacd85d4d14a,Input Validity,Lidar,Lidar Rate,10,632.32
489bf83a05af3e3298cecacd85d4d14a,Input Validity,Odometry,Odometry Rate,50,632.32
489bf83a05af3e3298cecacd85d4d14a,Input Validity,TF,TF Rate,10,632.32
489bf83a05af3e3298cecacd85d4d14a,Localization Quality,AMCLPose,CovYawYaw,0.0215599,632.3
489bf83a05af3e3298cecacd85d4d14a,Localization Quality,AMCLPose,CovYY,0.031193,632.3
489bf83a05af3e3298cecacd85d4d14a,Localization Quality,AMCLPose,CovXX,0.0191657,632.3
489bf83a05af3e3298cecacd85d4d14a,Localization Quality,AMCLPose,MeanYaw,-3.04745,632.3
489bf83a05af3e3298cecacd85d4d14a,Localization Quality,AMCLPose,MeanY,0.0991267,632.3
489bf83a05af3e3298cecacd85d4d14a,Localization Quality,AMCLPose,MeanX,-0.723444,632.3
489bf83a05af3e3298cecacd85d4d14a,Localization Stability,TF,Jump Angular,-0.0187386,633.3
489bf83a05af3e3298cecacd85d4d14a,Localization Stability,TF,Jump Linear,0.46742,633.3
489bf83a05af3e3298cecacd85d4d14a,Input Validity,Lidar,Lidar Rate,10,632.42
489bf83a05af3e3298cecacd85d4d14a,Input Validity,Odometry,Odometry Rate,50,632.42
489bf83a05af3e3298cecacd85d4d14a,Input Validity,TF,TF Rate,10,632.42
489bf83a05af3e3298cecacd85d4d14a,Localization Stability,TF,Jump Angular,0,633.4
489bf83a05af3e3298cecacd85d4d14a,Localization Stability,TF,Jump Linear,0,633.4
489bf83a05af3e3298cecacd85d4d14a,Input Validity,Lidar,Lidar Rate,10,632.52
489bf83a05af3e3298cecacd85d4d14a,Input Validity,Odometry,Odometry Rate,50,632.52
489bf83a05af3e3298cecacd85d4d14a,Input Validity,TF,TF Rate,10,632.52
489bf83a05af3e3298cecacd85d4d14a,Localization Stability,TF,Jump Angular,0,633.5
489bf83a05af3e3298cecacd85d4d14a,Localization Stability,TF,Jump Linear,0,633.5
489bf83a05af3e3298cecacd85d4d14a,Input Validity,Lidar,Lidar Rate,10,632.62
489bf83a05af3e3298cecacd85d4d14a,Input Validity,Odometry,Odometry Rate,50,632.62
489bf83a05af3e3298cecacd85d4d14a,Input Validity,TF,TF Rate,10,632.62
489bf83a05af3e3298cecacd85d4d14a,Localization Quality,AMCLPose,CovYawYaw,0.021858,632.6
489bf83a05af3e3298cecacd85d4d14a,Localization Quality,AMCLPose,CovYY,0.0294523,632.6
489bf83a05af3e3298cecacd85d4d14a,Localization Quality,AMCLPose,CovXX,0.0202041,632.6
489bf83a05af3e3298cecacd85d4d14a,Localization Quality,AMCLPose,MeanYaw,-3.08681,632.6
489bf83a05af3e3298cecacd85d4d14a,Localization Quality,AMCLPose,MeanY,0.109602,632.6
489bf83a05af3e3298cecacd85d4d14a,Localization Quality,AMCLPose,MeanX,-0.861605,632.6
489bf83a05af3e3298cecacd85d4d14a,Localization Stability,TF,Jump Angular,-0.0212396,633.6
489bf83a05af3e3298cecacd85d4d14a,Localization Stability,TF,Jump Linear,0.528649,633.6
489bf83a05af3e3298cecacd85d4d14a,Input Validity,Lidar,Lidar Rate,10,632.72
489bf83a05af3e3298cecacd85d4d14a,Input Validity,Odometry,Odometry Rate,50,632.72
489bf83a05af3e3298cecacd85d4d14a,Input Validity,TF,TF Rate,10,632.72
489bf83a05af3e3298cecacd85d4d14a,Localization Stability,TF,Jump Angular,0,633.7
489bf83a05af3e3298cecacd85d4d14a,Localization Stability,TF,Jump Linear,0,633.7
489bf83a05af3e3298cecacd85d4d14a,Input Validity,Lidar,Lidar Rate,10,632.82
489bf83a05af3e3298cecacd85d4d14a,Input Validity,Odometry,Odometry Rate,50,632.82
489bf83a05af3e3298cecacd85d4d14a,Input Validity,TF,TF Rate,10,632.82
489bf83a05af3e3298cecacd85d4d14a,Localization Stability,TF,Jump Angular,0,633.8
489bf83a05af3e3298cecacd85d4d14a,Localization Stability,TF,Jump Linear,0,633.8
489bf83a05af3e3298cecacd85d4d14a,Input Validity,Lidar,Lidar Rate,10,632.92
489bf83a05af3e3298cecacd85d4d14a,Input Validity,Odometry,Odometry Rate,50,632.92
489bf83a05af3e3298cecacd85d4d14a,Input Validity,TF,TF Rate,10,632.92
489bf83a05af3e3298cecacd85d4d14a,Localization Quality,AMCLPose,CovYawYaw,0.0218185,632.9
489bf83a05af3e3298cecacd85d4d14a,Localization Quality,AMCLPose,CovYY,0.0271886,632.9
489bf83a05af3e3298cecacd85d4d14a,Localization Quality,AMCLPose,CovXX,0.0206266,632.9
489bf83a05af3e3298cecacd85d4d14a,Localization Quality,AMCLPose,MeanYaw,-3.1025,632.9
489bf83a05af3e3298cecacd85d4d14a,Localization Quality,AMCLPose,MeanY,0.130293,632.9
489bf83a05af3e3298cecacd85d4d14a,Localization Quality,AMCLPose,MeanX,-0.994112,632.9
489bf83a05af3e3298cecacd85d4d14a,Localization Stability,TF,Jump Angular,-0.0271013,633.9
489bf83a05af3e3298cecacd85d4d14a,Localization Stability,TF,Jump Linear,0.675764,633.9
489bf83a05af3e3298cecacd85d4d14a,Input Validity,Lidar,Lidar Rate,10,633.02
489bf83a05af3e3298cecacd85d4d14a,Input Validity,Odometry,Odometry Rate,50,633.02
489bf83a05af3e3298cecacd85d4d14a,Input Validity,TF,TF Rate,10,633.02
489bf83a05af3e3298cecacd85d4d14a,Localization Stability,TF,Jump Angular,0,634
489bf83a05af3e3298cecacd85d4d14a,Localization Stability,TF,Jump Linear,0,634
489bf83a05af3e3298cecacd85d4d14a,Input Validity,Lidar,Lidar Rate,10,633.12
489bf83a05af3e3298cecacd85d4d14a,Input Validity,Odometry,Odometry Rate,50,633.12
489bf83a05af3e3298cecacd85d4d14a,Input Validity,TF,TF Rate,10,633.12
489bf83a05af3e3298cecacd85d4d14a,Localization Stability,TF,Jump Angular,0,634.1
489bf83a05af3e3298cecacd85d4d14a,Localization Stability,TF,Jump Linear,0,634.1
489bf83a05af3e3298cecacd85d4d14a,Input Validity,Lidar,Lidar Rate,10,633.22
489bf83a05af3e3298cecacd85d4d14a,Input Validity,Odometry,Odometry Rate,50,633.22
489bf83a05af3e3298cecacd85d4d14a,Input Validity,TF,TF Rate,10,633.22
489bf83a05af3e3298cecacd85d4d14a,Localization Quality,AMCLPose,CovYawYaw,0.0221894,633.2
489bf83a05af3e3298cecacd85d4d14a,Localization Quality,AMCLPose,CovYY,0.0256607,633.2
489bf83a05af3e3298cecacd85d4d14a,Localization Quality,AMCLPose,CovXX,0.0210486,633.2
489bf83a05af3e3298cecacd85d4d14a,Localization Quality,AMCLPose,MeanYaw,-3.08823,633.2
489bf83a05af3e3298cecacd85d4d14a,Localization Quality,AMCLPose,MeanY,0.153622,633.2
489bf83a05af3e3298cecacd85d4d14a,Localization Quality,AMCLPose,MeanX,-1.12777,633.2
489bf83a05af3e3298cecacd85d4d14a,Localization Stability,TF,Jump Angular,-0.0324957,634.2
489bf83a05af3e3298cecacd85d4d14a,Localization Stability,TF,Jump Linear,0.803102,634.2
489bf83a05af3e3298cecacd85d4d14a,Input Validity,Lidar,Lidar Rate,10,633.32
489bf83a05af3e3298cecacd85d4d14a,Input Validity,Odometry,Odometry Rate,50,633.32
489bf83a05af3e3298cecacd85d4d14a,Input Validity,TF,TF Rate,10,633.32
489bf83a05af3e3298cecacd85d4d14a,Localization Stability,TF,Jump Angular,0,634.3
489bf83a05af3e3298cecacd85d4d14a,Localization Stability,TF,Jump Linear,0,634.3
489bf83a05af3e3298cecacd85d4d14a,Input Validity,Lidar,Lidar Rate,10,633.42
489bf83a05af3e3298cecacd85d4d14a,Input Validity,Odometry,Odometry Rate,50,633.42
489bf83a05af3e3298cecacd85d4d14a,Input Validity,TF,TF Rate,10,633.42
489bf83a05af3e3298cecacd85d4d14a,Localization Stability,TF,Jump Angular,0,634.4
489bf83a05af3e3298cecacd85d4d14a,Localization Stability,TF,Jump Linear,0,634.4
489bf83a05af3e3298cecacd85d4d14a,Input Validity,Lidar,Lidar Rate,10,633.52
489bf83a05af3e3298cecacd85d4d14a,Input Validity,Odometry,Odometry Rate,50,633.52
489bf83a05af3e3298cecacd85d4d14a,Input Validity,TF,TF Rate,10,633.52
489bf83a05af3e3298cecacd85d4d14a,Localization Quality,AMCLPose,CovYawYaw,0.0222613,633.5
489bf83a05af3e3298cecacd85d4d14a,Localization Quality,AMCLPose,CovYY,0.0244548,633.5
489bf83a05af3e3298cecacd85d4d14a,Localization Quality,AMCLPose,CovXX,0.0229346,633.5
489bf83a05af3e3298cecacd85d4d14a,Localization Quality,AMCLPose,MeanYaw,-3.11773,633.5
489bf83a05af3e3298cecacd85d4d14a,Localization Quality,AMCLPose,MeanY,0.180272,633.5
489bf83a05af3e3298cecacd85d4d14a,Localization Quality,AMCLPose,MeanX,-1.25891,633.5
489bf83a05af3e3298cecacd85d4d14a,Localization Stability,TF,Jump Angular,-0.0368387,634.5
489bf83a05af3e3298cecacd85d4d14a,Localization Stability,TF,Jump Linear,0.907437,634.5
489bf83a05af3e3298cecacd85d4d14a,Input Validity,Lidar,Lidar Rate,10,633.61
489bf83a05af3e3298cecacd85d4d14a,Input Validity,Odometry,Odometry Rate,50,633.61
489bf83a05af3e3298cecacd85d4d14a,Input Validity,TF,TF Rate,10,633.61
489bf83a05af3e3298cecacd85d4d14a,Localization Stability,TF,Jump Angular,0,634.6
489bf83a05af3e3298cecacd85d4d14a,Localization Stability,TF,Jump Linear,0,634.6
489bf83a05af3e3298cecacd85d4d14a,Input Validity,Lidar,Lidar Rate,10,633.71
489bf83a05af3e3298cecacd85d4d14a,Input Validity,Odometry,Odometry Rate,50,633.71
489bf83a05af3e3298cecacd85d4d14a,Input Validity,TF,TF Rate,10,633.71
489bf83a05af3e3298cecacd85d4d14a,Localization Stability,TF,Jump Angular,0,634.7
489bf83a05af3e3298cecacd85d4d14a,Localization Stability,TF,Jump Linear,0,634.7
489bf83a05af3e3298cecacd85d4d14a,Input Validity,Lidar,Lidar Rate,10,633.81
489bf83a05af3e3298cecacd85d4d14a,Input Validity,Odometry,Odometry Rate,50,633.81
489bf83a05af3e3298cecacd85d4d14a,Input Validity,TF,TF Rate,10,633.81
489bf83a05af3e3298cecacd85d4d14a,Localization Quality,AMCLPose,CovYawYaw,0.0216313,633.8
489bf83a05af3e3298cecacd85d4d14a,Localization Quality,AMCLPose,CovYY,0.0265056,633.8
489bf83a05af3e3298cecacd85d4d14a,Localization Quality,AMCLPose,CovXX,0.0244433,633.8
489bf83a05af3e3298cecacd85d4d14a,Localization Quality,AMCLPose,MeanYaw,3.13701,633.8
489bf83a05af3e3298cecacd85d4d14a,Localization Quality,AMCLPose,MeanY,0.211178,633.8
489bf83a05af3e3298cecacd85d4d14a,Localization Quality,AMCLPose,MeanX,-1.38223,633.8
489bf83a05af3e3298cecacd85d4d14a,Localization Stability,TF,Jump Angular,-0.0378941,634.8
489bf83a05af3e3298cecacd85d4d14a,Localization Stability,TF,Jump Linear,0.932409,634.8
489bf83a05af3e3298cecacd85d4d14a,Input Validity,Lidar,Lidar Rate,10,633.91
489bf83a05af3e3298cecacd85d4d14a,Input Validity,Odometry,Odometry Rate,50,633.91
489bf83a05af3e3298cecacd85d4d14a,Input Validity,TF,TF Rate,10,633.91
489bf83a05af3e3298cecacd85d4d14a,Localization Stability,TF,Jump Angular,0,634.9
489bf83a05af3e3298cecacd85d4d14a,Localization Stability,TF,Jump Linear,0,634.9
489bf83a05af3e3298cecacd85d4d14a,Input Validity,Lidar,Lidar Rate,10,634.01
489bf83a05af3e3298cecacd85d4d14a,Input Validity,Odometry,Odometry Rate,50,634.01
489bf83a05af3e3298cecacd85d4d14a,Input Validity,TF,TF Rate,10,634.01
489bf83a05af3e3298cecacd85d4d14a,Localization Stability,TF,Jump Angular,0,635
489bf83a05af3e3298cecacd85d4d14a,Localization Stability,TF,Jump Linear,0,635
489bf83a05af3e3298cecacd85d4d14a,Input Validity,Lidar,Lidar Rate,10,634.11
489bf83a05af3e3298cecacd85d4d14a,Input Validity,Odometry,Odometry Rate,50,634.11
489bf83a05af3e3298cecacd85d4d14a,Input Validity,TF,TF Rate,10,634.11
489bf83a05af3e3298cecacd85d4d14a,Input Validity,Lidar,Lidar Rate,10,634.21
489bf83a05af3e3298cecacd85d4d14a,Input Validity,Odometry,Odometry Rate,50,634.21
489bf83a05af3e3298cecacd85d4d14a,Input Validity,TF,TF Rate,10,634.21
489bf83a05af3e3298cecacd85d4d14a,Localization Quality,AMCLPose,CovYawYaw,0.0191091,634.1
489bf83a05af3e3298cecacd85d4d14a,Localization Quality,AMCLPose,CovYY,0.024786,634.1
489bf83a05af3e3298cecacd85d4d14a,Localization Quality,AMCLPose,CovXX,0.0260386,634.1
489bf83a05af3e3298cecacd85d4d14a,Localization Quality,AMCLPose,MeanYaw,-3.13562,634.1
489bf83a05af3e3298cecacd85d4d14a,Localization Quality,AMCLPose,MeanY,0.25243,634.1
489bf83a05af3e3298cecacd85d4d14a,Localization Quality,AMCLPose,MeanX,-1.49865,634.1
489bf83a05af3e3298cecacd85d4d14a,Localization Stability,TF,Jump Angular,-0.0397132,635.1
489bf83a05af3e3298cecacd85d4d14a,Localization Stability,TF,Jump Linear,0.98261,635.1
489bf83a05af3e3298cecacd85d4d14a,Localization Stability,TF,Jump Angular,0,635.2
489bf83a05af3e3298cecacd85d4d14a,Localization Stability,TF,Jump Linear,0,635.2
489bf83a05af3e3298cecacd85d4d14a,Input Validity,Lidar,Lidar Rate,10,634.31
489bf83a05af3e3298cecacd85d4d14a,Input Validity,Odometry,Odometry Rate,50,634.31
489bf83a05af3e3298cecacd85d4d14a,Input Validity,TF,TF Rate,10,634.31
489bf83a05af3e3298cecacd85d4d14a,Localization Quality,AMCLPose,CovYawYaw,0.014768,634.3
489bf83a05af3e3298cecacd85d4d14a,Localization Quality,AMCLPose,CovYY,0.0192001,634.3
489bf83a05af3e3298cecacd85d4d14a,Localization Quality,AMCLPose,CovXX,0.0262893,634.3
489bf83a05af3e3298cecacd85d4d14a,Localization Quality,AMCLPose,MeanYaw,-3.12261,634.3
489bf83a05af3e3298cecacd85d4d14a,Localization Quality,AMCLPose,MeanY,0.297852,634.3
489bf83a05af3e3298cecacd85d4d14a,Localization Quality,AMCLPose,MeanX,-1.55251,634.3
489bf83a05af3e3298cecacd85d4d14a,Localization Stability,TF,Jump Angular,-0.0402049,635.3
489bf83a05af3e3298cecacd85d4d14a,Localization Stability,TF,Jump Linear,1.00698,635.3
489bf83a05af3e3298cecacd85d4d14a,Input Validity,Lidar,Lidar Rate,10,634.41
489bf83a05af3e3298cecacd85d4d14a,Input Validity,Odometry,Odometry Rate,50,634.41
489bf83a05af3e3298cecacd85d4d14a,Input Validity,TF,TF Rate,10,634.41
489bf83a05af3e3298cecacd85d4d14a,Localization Stability,TF,Jump Angular,0,635.4
489bf83a05af3e3298cecacd85d4d14a,Localization Stability,TF,Jump Linear,0,635.4
489bf83a05af3e3298cecacd85d4d14a,Input Validity,Lidar,Lidar Rate,10,634.51
489bf83a05af3e3298cecacd85d4d14a,Input Validity,Odometry,Odometry Rate,50,634.51
489bf83a05af3e3298cecacd85d4d14a,Input Validity,TF,TF Rate,10,634.51
489bf83a05af3e3298cecacd85d4d14a,Localization Stability,TF,Jump Angular,0,635.5
489bf83a05af3e3298cecacd85d4d14a,Localization Stability,TF,Jump Linear,0,635.5
489bf83a05af3e3298cecacd85d4d14a,Input Validity,Lidar,Lidar Rate,10,634.61
489bf83a05af3e3298cecacd85d4d14a,Input Validity,Odometry,Odometry Rate,50,634.61
489bf83a05af3e3298cecacd85d4d14a,Input Validity,TF,TF Rate,10,634.61
489bf83a05af3e3298cecacd85d4d14a,Input Validity,Lidar,Lidar Rate,10,634.71
489bf83a05af3e3298cecacd85d4d14a,Input Validity,Odometry,Odometry Rate,50,634.71
489bf83a05af3e3298cecacd85d4d14a,Input Validity,TF,TF Rate,10,634.71
489bf83a05af3e3298cecacd85d4d14a,Localization Quality,AMCLPose,CovYawYaw,0.0098615,634.6
489bf83a05af3e3298cecacd85d4d14a,Localization Quality,AMCLPose,CovYY,0.0138402,634.6
489bf83a05af3e3298cecacd85d4d14a,Localization Quality,AMCLPose,CovXX,0.027913,634.6
489bf83a05af3e3298cecacd85d4d14a,Localization Quality,AMCLPose,MeanYaw,-3.13363,634.6
489bf83a05af3e3298cecacd85d4d14a,Localization Quality,AMCLPose,MeanY,0.33779,634.6
489bf83a05af3e3298cecacd85d4d14a,Localization Quality,AMCLPose,MeanX,-1.64736,634.6
489bf83a05af3e3298cecacd85d4d14a,Localization Stability,TF,Jump Angular,-0.038759,635.6
489bf83a05af3e3298cecacd85d4d14a,Localization Stability,TF,Jump Linear,0.969831,635.6
489bf83a05af3e3298cecacd85d4d14a,Localization Stability,TF,Jump Angular,0,635.7
489bf83a05af3e3298cecacd85d4d14a,Localization Stability,TF,Jump Linear,0,635.7
489bf83a05af3e3298cecacd85d4d14a,Input Validity,Lidar,Lidar Rate,10,634.81
489bf83a05af3e3298cecacd85d4d14a,Input Validity,Odometry,Odometry Rate,50,634.81
489bf83a05af3e3298cecacd85d4d14a,Input Validity,TF,TF Rate,10,634.81
489bf83a05af3e3298cecacd85d4d14a,Localization Stability,TF,Jump Angular,0,635.8
489bf83a05af3e3298cecacd85d4d14a,Localization Stability,TF,Jump Linear,0,635.8
489bf83a05af3e3298cecacd85d4d14a,Input Validity,Lidar,Lidar Rate,10,634.91
489bf83a05af3e3298cecacd85d4d14a,Input Validity,Odometry,Odometry Rate,50,634.91
489bf83a05af3e3298cecacd85d4d14a,Input Validity,TF,TF Rate,10,634.91
489bf83a05af3e3298cecacd85d4d14a,Input Validity,Lidar,Lidar Rate,10,635.01
489bf83a05af3e3298cecacd85d4d14a,Input Validity,Odometry,Odometry Rate,50,635.01
489bf83a05af3e3298cecacd85d4d14a,Input Validity,TF,TF Rate,10,635.01
489bf83a05af3e3298cecacd85d4d14a,Localization Quality,AMCLPose,CovYawYaw,0.0071733,634.9
489bf83a05af3e3298cecacd85d4d14a,Localization Quality,AMCLPose,CovYY,0.0114435,634.9
489bf83a05af3e3298cecacd85d4d14a,Localization Quality,AMCLPose,CovXX,0.0276043,634.9
489bf83a05af3e3298cecacd85d4d14a,Localization Quality,AMCLPose,MeanYaw,-3.11275,634.9
489bf83a05af3e3298cecacd85d4d14a,Localization Quality,AMCLPose,MeanY,0.359953,634.9
489bf83a05af3e3298cecacd85d4d14a,Localization Quality,AMCLPose,MeanX,-1.74025,634.9
489bf83a05af3e3298cecacd85d4d14a,Localization Stability,TF,Jump Angular,-0.0201206,635.9
489bf83a05af3e3298cecacd85d4d14a,Localization Stability,TF,Jump Linear,0.519953,635.9
489bf83a05af3e3298cecacd85d4d14a,Localization Stability,TF,Jump Angular,0,636
489bf83a05af3e3298cecacd85d4d14a,Localization Stability,TF,Jump Linear,0,636
489bf83a05af3e3298cecacd85d4d14a,Input Validity,Lidar,Lidar Rate,10,635.11
489bf83a05af3e3298cecacd85d4d14a,Input Validity,Odometry,Odometry Rate,50,635.11
489bf83a05af3e3298cecacd85d4d14a,Input Validity,TF,TF Rate,10,635.11
489bf83a05af3e3298cecacd85d4d14a,Localization Stability,TF,Jump Angular,0,636.1
489bf83a05af3e3298cecacd85d4d14a,Localization Stability,TF,Jump Linear,0,636.1
489bf83a05af3e3298cecacd85d4d14a,Input Validity,Lidar,Lidar Rate,10,635.21
489bf83a05af3e3298cecacd85d4d14a,Input Validity,Odometry,Odometry Rate,50,635.21
489bf83a05af3e3298cecacd85d4d14a,Input Validity,TF,TF Rate,10,635.21
489bf83a05af3e3298cecacd85d4d14a,Localization Quality,AMCLPose,CovYawYaw,0.00501673,635.2
489bf83a05af3e3298cecacd85d4d14a,Localization Quality,AMCLPose,CovYY,0.00634315,635.2
489bf83a05af3e3298cecacd85d4d14a,Localization Quality,AMCLPose,CovXX,0.0255604,635.2
489bf83a05af3e3298cecacd85d4d14a,Localization Quality,AMCLPose,MeanYaw,-3.05803,635.2
489bf83a05af3e3298cecacd85d4d14a,Localization Quality,AMCLPose,MeanY,0.363856,635.2
489bf83a05af3e3298cecacd85d4d14a,Localization Quality,AMCLPose,MeanX,-1.83545,635.2
489bf83a05af3e3298cecacd85d4d14a,Input Validity,Lidar,Lidar Rate,10,635.3
489bf83a05af3e3298cecacd85d4d14a,Input Validity,Odometry,Odometry Rate,50,635.3
489bf83a05af3e3298cecacd85d4d14a,Input Validity,TF,TF Rate,10,635.3
489bf83a05af3e3298cecacd85d4d14a,Localization Stability,TF,Jump Angular,-0.00761539,636.2
489bf83a05af3e3298cecacd85d4d14a,Localization Stability,TF,Jump Linear,0.216799,636.2
489bf83a05af3e3298cecacd85d4d14a,Localization Stability,TF,Jump Angular,0,636.3
489bf83a05af3e3298cecacd85d4d14a,Localization Stability,TF,Jump Linear,0,636.3
489bf83a05af3e3298cecacd85d4d14a,Input Validity,Lidar,Lidar Rate,10,635.4
489bf83a05af3e3298cecacd85d4d14a,Input Validity,Odometry,Odometry Rate,50,635.4
489bf83a05af3e3298cecacd85d4d14a,Input Validity,TF,TF Rate,10,635.4
489bf83a05af3e3298cecacd85d4d14a,Input Validity,Lidar,Lidar Rate,10,635.5
489bf83a05af3e3298cecacd85d4d14a,Input Validity,Odometry,Odometry Rate,50,635.5
489bf83a05af3e3298cecacd85d4d14a,Input Validity,TF,TF Rate,10,635.5
489bf83a05af3e3298cecacd85d4d14a,Localization Quality,AMCLPose,CovYawYaw,0.00396468,635.4
489bf83a05af3e3298cecacd85d4d14a,Localization Quality,AMCLPose,CovYY,0.00508853,635.4
489bf83a05af3e3298cecacd85d4d14a,Localization Quality,AMCLPose,CovXX,0.0244165,635.4
489bf83a05af3e3298cecacd85d4d14a,Localization Quality,AMCLPose,MeanYaw,-2.9872,635.4
489bf83a05af3e3298cecacd85d4d14a,Localization Quality,AMCLPose,MeanY,0.359645,635.4
489bf83a05af3e3298cecacd85d4d14a,Localization Quality,AMCLPose,MeanX,-1.89034,635.4
489bf83a05af3e3298cecacd85d4d14a,Localization Stability,TF,Jump Angular,-0.00563619,636.4
489bf83a05af3e3298cecacd85d4d14a,Localization Stability,TF,Jump Linear,0.162907,636.4
489bf83a05af3e3298cecacd85d4d14a,Input Validity,Lidar,Lidar Rate,10,635.6
489bf83a05af3e3298cecacd85d4d14a,Input Validity,Odometry,Odometry Rate,50,635.6
489bf83a05af3e3298cecacd85d4d14a,Input Validity,TF,TF Rate,10,635.6
489bf83a05af3e3298cecacd85d4d14a,Localization Quality,AMCLPose,CovYawYaw,0.00288986,635.5
489bf83a05af3e3298cecacd85d4d14a,Localization Quality,AMCLPose,CovYY,0.0040008,635.5
489bf83a05af3e3298cecacd85d4d14a,Localization Quality,AMCLPose,CovXX,0.0193541,635.5
489bf83a05af3e3298cecacd85d4d14a,Localization Quality,AMCLPose,MeanYaw,-2.92804,635.5
489bf83a05af3e3298cecacd85d4d14a,Localization Quality,AMCLPose,MeanY,0.356999,635.5
489bf83a05af3e3298cecacd85d4d14a,Localization Quality,AMCLPose,MeanX,-1.89733,635.5
489bf83a05af3e3298cecacd85d4d14a,Localization Stability,TF,Jump Angular,-0.00297617,636.5
489bf83a05af3e3298cecacd85d4d14a,Localization Stability,TF,Jump Linear,0.104124,636.5
489bf83a05af3e3298cecacd85d4d14a,Input Validity,Lidar,Lidar Rate,10,635.7
489bf83a05af3e3298cecacd85d4d14a,Input Validity,Odometry,Odometry Rate,50,635.7
489bf83a05af3e3298cecacd85d4d14a,Input Validity,TF,TF Rate,10,635.7
489bf83a05af3e3298cecacd85d4d14a,Localization Quality,AMCLPose,CovYawYaw,0.0020164,635.6
489bf83a05af3e3298cecacd85d4d14a,Localization Quality,AMCLPose,CovYY,0.00283717,635.6
489bf83a05af3e3298cecacd85d4d14a,Localization Quality,AMCLPose,CovXX,0.0149616,635.6
489bf83a05af3e3298cecacd85d4d14a,Localization Quality,AMCLPose,MeanYaw,-2.86997,635.6
489bf83a05af3e3298cecacd85d4d14a,Localization Quality,AMCLPose,MeanY,0.348778,635.6
489bf83a05af3e3298cecacd85d4d14a,Localization Quality,AMCLPose,MeanX,-1.90713,635.6
489bf83a05af3e3298cecacd85d4d14a,Localization Stability,TF,Jump Angular,-0.000828149,636.6
489bf83a05af3e3298cecacd85d4d14a,Localization Stability,TF,Jump Linear,0.0514027,636.6
489bf83a05af3e3298cecacd85d4d14a,Localization Quality,AMCLPose,CovYawYaw,0.00150892,635.7
489bf83a05af3e3298cecacd85d4d14a,Localization Quality,AMCLPose,CovYY,0.00195624,635.7
489bf83a05af3e3298cecacd85d4d14a,Localization Quality,AMCLPose,CovXX,0.0110656,635.7
489bf83a05af3e3298cecacd85d4d14a,Localization Quality,AMCLPose,MeanYaw,-2.8121,635.7
489bf83a05af3e3298cecacd85d4d14a,Localization Quality,AMCLPose,MeanY,0.34018,635.7
489bf83a05af3e3298cecacd85d4d14a,Localization Quality,AMCLPose,MeanX,-1.92229,635.7
489bf83a05af3e3298cecacd85d4d14a,Localization Stability,TF,Jump Angular,-0.00297526,636.7
489bf83a05af3e3298cecacd85d4d14a,Localization Stability,TF,Jump Linear,0.0953408,636.7
489bf83a05af3e3298cecacd85d4d14a,Input Validity,Lidar,Lidar Rate,10,635.8
489bf83a05af3e3298cecacd85d4d14a,Input Validity,Odometry,Odometry Rate,50,635.8
489bf83a05af3e3298cecacd85d4d14a,Input Validity,TF,TF Rate,10,635.8
489bf83a05af3e3298cecacd85d4d14a,Localization Quality,AMCLPose,CovYawYaw,0.000883623,635.8
489bf83a05af3e3298cecacd85d4d14a,Localization Quality,AMCLPose,CovYY,0.00138607,635.8
489bf83a05af3e3298cecacd85d4d14a,Localization Quality,AMCLPose,CovXX,0.00729642,635.8
489bf83a05af3e3298cecacd85d4d14a,Localization Quality,AMCLPose,MeanYaw,-2.75637,635.8
489bf83a05af3e3298cecacd85d4d14a,Localization Quality,AMCLPose,MeanY,0.328564,635.8
489bf83a05af3e3298cecacd85d4d14a,Localization Quality,AMCLPose,MeanX,-1.93222,635.8
489bf83a05af3e3298cecacd85d4d14a,Localization Stability,TF,Jump Angular,-0.000832666,636.8
489bf83a05af3e3298cecacd85d4d14a,Localization Stability,TF,Jump Linear,0.0503881,636.8
489bf83a05af3e3298cecacd85d4d14a,Input Validity,Lidar,Lidar Rate,10,635.9
489bf83a05af3e3298cecacd85d4d14a,Input Validity,Odometry,Odometry Rate,50,635.9
489bf83a05af3e3298cecacd85d4d14a,Input Validity,TF,TF Rate,10,635.9
489bf83a05af3e3298cecacd85d4d14a,Localization Quality,AMCLPose,CovYawYaw,0.000633766,635.9
489bf83a05af3e3298cecacd85d4d14a,Localization Quality,AMCLPose,CovYY,0.00127228,635.9
489bf83a05af3e3298cecacd85d4d14a,Localization Quality,AMCLPose,CovXX,0.00558166,635.9
489bf83a05af3e3298cecacd85d4d14a,Localization Quality,AMCLPose,MeanYaw,-2.70394,635.9
489bf83a05af3e3298cecacd85d4d14a,Localization Quality,AMCLPose,MeanY,0.312883,635.9
489bf83a05af3e3298cecacd85d4d14a,Localization Quality,AMCLPose,MeanX,-1.95305,635.9
489bf83a05af3e3298cecacd85d4d14a,Localization Stability,TF,Jump Angular,0.000454966,636.9
489bf83a05af3e3298cecacd85d4d14a,Localization Stability,TF,Jump Linear,0.0123662,636.9
489bf83a05af3e3298cecacd85d4d14a,Input Validity,Lidar,Lidar Rate,10,636
489bf83a05af3e3298cecacd85d4d14a,Input Validity,Odometry,Odometry Rate,50,636
489bf83a05af3e3298cecacd85d4d14a,Input Validity,TF,TF Rate,10,636
489bf83a05af3e3298cecacd85d4d14a,Localization Stability,TF,Jump Angular,0,637
489bf83a05af3e3298cecacd85d4d14a,Localization Stability,TF,Jump Linear,0,637
489bf83a05af3e3298cecacd85d4d14a,Input Validity,Lidar,Lidar Rate,10,636.1
489bf83a05af3e3298cecacd85d4d14a,Input Validity,Odometry,Odometry Rate,50,636.1
489bf83a05af3e3298cecacd85d4d14a,Input Validity,TF,TF Rate,10,636.1
489bf83a05af3e3298cecacd85d4d14a,Localization Quality,AMCLPose,CovYawYaw,0.000858806,636.1
489bf83a05af3e3298cecacd85d4d14a,Localization Quality,AMCLPose,CovYY,0.00112228,636.1
489bf83a05af3e3298cecacd85d4d14a,Localization Quality,AMCLPose,CovXX,0.00435568,636.1
489bf83a05af3e3298cecacd85d4d14a,Localization Quality,AMCLPose,MeanYaw,-2.61022,636.1
489bf83a05af3e3298cecacd85d4d14a,Localization Quality,AMCLPose,MeanY,0.270982,636.1
489bf83a05af3e3298cecacd85d4d14a,Localization Quality,AMCLPose,MeanX,-2.02388,636.1
489bf83a05af3e3298cecacd85d4d14a,Localization Stability,TF,Jump Angular,-0.000759595,637.1
489bf83a05af3e3298cecacd85d4d14a,Localization Stability,TF,Jump Linear,0.0253194,637.1
489bf83a05af3e3298cecacd85d4d14a,Input Validity,Lidar,Lidar Rate,10,636.2
489bf83a05af3e3298cecacd85d4d14a,Input Validity,Odometry,Odometry Rate,50,636.2
489bf83a05af3e3298cecacd85d4d14a,Input Validity,TF,TF Rate,10,636.2
489bf83a05af3e3298cecacd85d4d14a,Localization Stability,TF,Jump Angular,0,637.2
489bf83a05af3e3298cecacd85d4d14a,Localization Stability,TF,Jump Linear,0,637.2
489bf83a05af3e3298cecacd85d4d14a,Input Validity,Lidar,Lidar Rate,10,636.3
489bf83a05af3e3298cecacd85d4d14a,Input Validity,Odometry,Odometry Rate,50,636.3
489bf83a05af3e3298cecacd85d4d14a,Input Validity,TF,TF Rate,10,636.3
489bf83a05af3e3298cecacd85d4d14a,Localization Quality,AMCLPose,CovYawYaw,0.00180852,636.3
489bf83a05af3e3298cecacd85d4d14a,Localization Quality,AMCLPose,CovYY,0.0013339,636.3
489bf83a05af3e3298cecacd85d4d14a,Localization Quality,AMCLPose,CovXX,0.00468294,636.3
489bf83a05af3e3298cecacd85d4d14a,Localization Quality,AMCLPose,MeanYaw,-2.53759,636.3
489bf83a05af3e3298cecacd85d4d14a,Localization Quality,AMCLPose,MeanY,0.223272,636.3
489bf83a05af3e3298cecacd85d4d14a,Localization Quality,AMCLPose,MeanX,-2.1005,636.3
489bf83a05af3e3298cecacd85d4d14a,Localization Stability,TF,Jump Angular,-0.000485907,637.3
489bf83a05af3e3298cecacd85d4d14a,Localization Stability,TF,Jump Linear,0.0111008,637.3
489bf83a05af3e3298cecacd85d4d14a,Input Validity,Lidar,Lidar Rate,10,636.4
489bf83a05af3e3298cecacd85d4d14a,Input Validity,Odometry,Odometry Rate,50,636.4
489bf83a05af3e3298cecacd85d4d14a,Input Validity,TF,TF Rate,10,636.4
489bf83a05af3e3298cecacd85d4d14a,Localization Stability,TF,Jump Angular,0,637.4
489bf83a05af3e3298cecacd85d4d14a,Localization Stability,TF,Jump Linear,0,637.4
489bf83a05af3e3298cecacd85d4d14a,Input Validity,Lidar,Lidar Rate,10,636.5
489bf83a05af3e3298cecacd85d4d14a,Input Validity,Odometry,Odometry Rate,50,636.5
489bf83a05af3e3298cecacd85d4d14a,Input Validity,TF,TF Rate,10,636.5
489bf83a05af3e3298cecacd85d4d14a,Input Validity,Lidar,Lidar Rate,10,636.6
489bf83a05af3e3298cecacd85d4d14a,Input Validity,Odometry,Odometry Rate,50,636.6
489bf83a05af3e3298cecacd85d4d14a,Input Validity,TF,TF Rate,10,636.6
489bf83a05af3e3298cecacd85d4d14a,Localization Quality,AMCLPose,CovYawYaw,0.00264507,636.5
489bf83a05af3e3298cecacd85d4d14a,Localization Quality,AMCLPose,CovYY,0.00159751,636.5
489bf83a05af3e3298cecacd85d4d14a,Localization Quality,AMCLPose,CovXX,0.00506714,636.5
489bf83a05af3e3298cecacd85d4d14a,Localization Quality,AMCLPose,MeanYaw,-2.4867,636.5
489bf83a05af3e3298cecacd85d4d14a,Localization Quality,AMCLPose,MeanY,0.171924,636.5
489bf83a05af3e3298cecacd85d4d14a,Localization Quality,AMCLPose,MeanX,-2.17099,636.5
489bf83a05af3e3298cecacd85d4d14a,Localization Stability,TF,Jump Angular,-0.00124422,637.5
489bf83a05af3e3298cecacd85d4d14a,Localization Stability,TF,Jump Linear,0.0316459,637.5
489bf83a05af3e3298cecacd85d4d14a,Localization Stability,TF,Jump Angular,0,637.6
489bf83a05af3e3298cecacd85d4d14a,Localization Stability,TF,Jump Linear,0,637.6
489bf83a05af3e3298cecacd85d4d14a,Input Validity,Lidar,Lidar Rate,10,636.7
489bf83a05af3e3298cecacd85d4d14a,Input Validity,Odometry,Odometry Rate,50,636.7
489bf83a05af3e3298cecacd85d4d14a,Input Validity,TF,TF Rate,10,636.7
489bf83a05af3e3298cecacd85d4d14a,Localization Stability,TF,Jump Angular,0,637.7
489bf83a05af3e3298cecacd85d4d14a,Localization Stability,TF,Jump Linear,0,637.7
489bf83a05af3e3298cecacd85d4d14a,Input Validity,Lidar,Lidar Rate,10,636.8
489bf83a05af3e3298cecacd85d4d14a,Input Validity,Odometry,Odometry Rate,50,636.8
489bf83a05af3e3298cecacd85d4d14a,Input Validity,TF,TF Rate,10,636.8
489bf83a05af3e3298cecacd85d4d14a,Localization Stability,TF,Jump Angular,0,637.8
489bf83a05af3e3298cecacd85d4d14a,Localization Stability,TF,Jump Linear,0,637.8
489bf83a05af3e3298cecacd85d4d14a,Input Validity,Lidar,Lidar Rate,10,636.89
489bf83a05af3e3298cecacd85d4d14a,Input Validity,Odometry,Odometry Rate,50,636.89
489bf83a05af3e3298cecacd85d4d14a,Input Validity,TF,TF Rate,10,636.89
489bf83a05af3e3298cecacd85d4d14a,Localization Quality,AMCLPose,CovYawYaw,0.00585885,636.9
489bf83a05af3e3298cecacd85d4d14a,Localization Quality,AMCLPose,CovYY,0.00245383,636.9
489bf83a05af3e3298cecacd85d4d14a,Localization Quality,AMCLPose,CovXX,0.00621635,636.9
489bf83a05af3e3298cecacd85d4d14a,Localization Quality,AMCLPose,MeanYaw,-2.44554,636.9
489bf83a05af3e3298cecacd85d4d14a,Localization Quality,AMCLPose,MeanY,0.0585692,636.9
489bf83a05af3e3298cecacd85d4d14a,Localization Quality,AMCLPose,MeanX,-2.31083,636.9
489bf83a05af3e3298cecacd85d4d14a,Localization Stability,TF,Jump Angular,0.00163562,637.9
489bf83a05af3e3298cecacd85d4d14a,Localization Stability,TF,Jump Linear,0.0380057,637.9
489bf83a05af3e3298cecacd85d4d14a,Input Validity,Lidar,Lidar Rate,10,636.99
489bf83a05af3e3298cecacd85d4d14a,Input Validity,Odometry,Odometry Rate,50,636.99
489bf83a05af3e3298cecacd85d4d14a,Input Validity,TF,TF Rate,10,636.99
489bf83a05af3e3298cecacd85d4d14a,Localization Stability,TF,Jump Angular,0,638
489bf83a05af3e3298cecacd85d4d14a,Localization Stability,TF,Jump Linear,0,638
489bf83a05af3e3298cecacd85d4d14a,Input Validity,Lidar,Lidar Rate,10,637.09
489bf83a05af3e3298cecacd85d4d14a,Input Validity,Odometry,Odometry Rate,50,637.09
489bf83a05af3e3298cecacd85d4d14a,Input Validity,TF,TF Rate,10,637.09
489bf83a05af3e3298cecacd85d4d14a,Localization Stability,TF,Jump Angular,0,638.1
489bf83a05af3e3298cecacd85d4d14a,Localization Stability,TF,Jump Linear,0,638.1
489bf83a05af3e3298cecacd85d4d14a,Input Validity,Lidar,Lidar Rate,10,637.19
489bf83a05af3e3298cecacd85d4d14a,Input Validity,Odometry,Odometry Rate,50,637.19
489bf83a05af3e3298cecacd85d4d14a,Input Validity,TF,TF Rate,10,637.19
489bf83a05af3e3298cecacd85d4d14a,Localization Stability,TF,Jump Angular,0,638.2
489bf83a05af3e3298cecacd85d4d14a,Localization Stability,TF,Jump Linear,0,638.2
489bf83a05af3e3298cecacd85d4d14a,Input Validity,Lidar,Lidar Rate,10,637.29
489bf83a05af3e3298cecacd85d4d14a,Input Validity,Odometry,Odometry Rate,50,637.29
489bf83a05af3e3298cecacd85d4d14a,Input Validity,TF,TF Rate,10,637.29
489bf83a05af3e3298cecacd85d4d14a,Localization Quality,AMCLPose,CovYawYaw,0.00905678,637.3
489bf83a05af3e3298cecacd85d4d14a,Localization Quality,AMCLPose,CovYY,0.00344334,637.3
489bf83a05af3e3298cecacd85d4d14a,Localization Quality,AMCLPose,CovXX,0.00712273,637.3
489bf83a05af3e3298cecacd85d4d14a,Localization Quality,AMCLPose,MeanYaw,-2.47078,637.3
489bf83a05af3e3298cecacd85d4d14a,Localization Quality,AMCLPose,MeanY,-0.0563216,637.3
489bf83a05af3e3298cecacd85d4d14a,Localization Quality,AMCLPose,MeanX,-2.44839,637.3
489bf83a05af3e3298cecacd85d4d14a,Localization Stability,TF,Jump Angular,0.0013124,638.3
489bf83a05af3e3298cecacd85d4d14a,Localization Stability,TF,Jump Linear,0.0296066,638.3
489bf83a05af3e3298cecacd85d4d14a,Input Validity,Lidar,Lidar Rate,10,637.39
489bf83a05af3e3298cecacd85d4d14a,Input Validity,Odometry,Odometry Rate,50,637.39
489bf83a05af3e3298cecacd85d4d14a,Input Validity,TF,TF Rate,10,637.39
489bf83a05af3e3298cecacd85d4d14a,Localization Stability,TF,Jump Angular,0,638.4
489bf83a05af3e3298cecacd85d4d14a,Localization Stability,TF,Jump Linear,0,638.4
489bf83a05af3e3298cecacd85d4d14a,Input Validity,Lidar,Lidar Rate,10,637.49
489bf83a05af3e3298cecacd85d4d14a,Input Validity,Odometry,Odometry Rate,50,637.49
489bf83a05af3e3298cecacd85d4d14a,Input Validity,TF,TF Rate,10,637.49
489bf83a05af3e3298cecacd85d4d14a,Localization Stability,TF,Jump Angular,0,638.5
489bf83a05af3e3298cecacd85d4d14a,Localization Stability,TF,Jump Linear,0,638.5
489bf83a05af3e3298cecacd85d4d14a,Input Validity,Lidar,Lidar Rate,10,637.59
489bf83a05af3e3298cecacd85d4d14a,Input Validity,Odometry,Odometry Rate,50,637.59
489bf83a05af3e3298cecacd85d4d14a,Input Validity,TF,TF Rate,10,637.59
489bf83a05af3e3298cecacd85d4d14a,Localization Quality,AMCLPose,CovYawYaw,0.0107465,637.6
489bf83a05af3e3298cecacd85d4d14a,Localization Quality,AMCLPose,CovYY,0.00416926,637.6
489bf83a05af3e3298cecacd85d4d14a,Localization Quality,AMCLPose,CovXX,0.00827167,637.6
489bf83a05af3e3298cecacd85d4d14a,Localization Quality,AMCLPose,MeanYaw,-2.52066,637.6
489bf83a05af3e3298cecacd85d4d14a,Localization Quality,AMCLPose,MeanY,-0.137737,637.6
489bf83a05af3e3298cecacd85d4d14a,Localization Quality,AMCLPose,MeanX,-2.55683,637.6
489bf83a05af3e3298cecacd85d4d14a,Localization Stability,TF,Jump Angular,0.000145941,638.6
489bf83a05af3e3298cecacd85d4d14a,Localization Stability,TF,Jump Linear,0.00406154,638.6
489bf83a05af3e3298cecacd85d4d14a,Input Validity,Lidar,Lidar Rate,10,637.69
489bf83a05af3e3298cecacd85d4d14a,Input Validity,Odometry,Odometry Rate,50,637.69
489bf83a05af3e3298cecacd85d4d14a,Input Validity,TF,TF Rate,10,637.69
489bf83a05af3e3298cecacd85d4d14a,Localization Stability,TF,Jump Angular,0,638.7
489bf83a05af3e3298cecacd85d4d14a,Localization Stability,TF,Jump Linear,0,638.7
489bf83a05af3e3298cecacd85d4d14a,Input Validity,Lidar,Lidar Rate,10,637.79
489bf83a05af3e3298cecacd85d4d14a,Input Validity,Odometry,Odometry Rate,50,637.79
489bf83a05af3e3298cecacd85d4d14a,Input Validity,TF,TF Rate,10,637.79
489bf83a05af3e3298cecacd85d4d14a,Localization Stability,TF,Jump Angular,0,638.8
489bf83a05af3e3298cecacd85d4d14a,Localization Stability,TF,Jump Linear,0,638.8
489bf83a05af3e3298cecacd85d4d14a,Input Validity,Lidar,Lidar Rate,10,637.89
489bf83a05af3e3298cecacd85d4d14a,Input Validity,Odometry,Odometry Rate,50,637.89
489bf83a05af3e3298cecacd85d4d14a,Input Validity,TF,TF Rate,10,637.89
489bf83a05af3e3298cecacd85d4d14a,Localization Quality,AMCLPose,CovYawYaw,0.00639838,637.9
489bf83a05af3e3298cecacd85d4d14a,Localization Quality,AMCLPose,CovYY,0.00468009,637.9
489bf83a05af3e3298cecacd85d4d14a,Localization Quality,AMCLPose,CovXX,0.0078687,637.9
489bf83a05af3e3298cecacd85d4d14a,Localization Quality,AMCLPose,MeanYaw,-2.59379,637.9
489bf83a05af3e3298cecacd85d4d14a,Localization Quality,AMCLPose,MeanY,-0.207813,637.9
489bf83a05af3e3298cecacd85d4d14a,Localization Quality,AMCLPose,MeanX,-2.65991,637.9
489bf83a05af3e3298cecacd85d4d14a,Localization Stability,TF,Jump Angular,-0.00720951,638.9
489bf83a05af3e3298cecacd85d4d14a,Localization Stability,TF,Jump Linear,0.17797,638.9
489bf83a05af3e3298cecacd85d4d14a,Input Validity,Lidar,Lidar Rate,10,637.99
489bf83a05af3e3298cecacd85d4d14a,Input Validity,Odometry,Odometry Rate,50,637.99
489bf83a05af3e3298cecacd85d4d14a,Input Validity,TF,TF Rate,10,637.99
489bf83a05af3e3298cecacd85d4d14a,Localization Stability,TF,Jump Angular,0,639
489bf83a05af3e3298cecacd85d4d14a,Localization Stability,TF,Jump Linear,0,639
489bf83a05af3e3298cecacd85d4d14a,Input Validity,Lidar,Lidar Rate,10,638.09
489bf83a05af3e3298cecacd85d4d14a,Input Validity,Odometry,Odometry Rate,50,638.09
489bf83a05af3e3298cecacd85d4d14a,Input Validity,TF,TF Rate,10,638.09
489bf83a05af3e3298cecacd85d4d14a,Localization Stability,TF,Jump Angular,0,639.1
489bf83a05af3e3298cecacd85d4d14a,Localization Stability,TF,Jump Linear,0,639.1
489bf83a05af3e3298cecacd85d4d14a,Input Validity,Lidar,Lidar Rate,10,638.19
489bf83a05af3e3298cecacd85d4d14a,Input Validity,Odometry,Odometry Rate,50,638.19
489bf83a05af3e3298cecacd85d4d14a,Input Validity,TF,TF Rate,10,638.19
489bf83a05af3e3298cecacd85d4d14a,Localization Quality,AMCLPose,CovYawYaw,0.0035232,638.2
489bf83a05af3e3298cecacd85d4d14a,Localization Quality,AMCLPose,CovYY,0.00469754,638.2
489bf83a05af3e3298cecacd85d4d14a,Localization Quality,AMCLPose,CovXX,0.00710813,638.2
489bf83a05af3e3298cecacd85d4d14a,Localization Quality,AMCLPose,MeanYaw,-2.66525,638.2
489bf83a05af3e3298cecacd85d4d14a,Localization Quality,AMCLPose,MeanY,-0.273721,638.2
489bf83a05af3e3298cecacd85d4d14a,Localization Quality,AMCLPose,MeanX,-2.77252,638.2
489bf83a05af3e3298cecacd85d4d14a,Localization Stability,TF,Jump Angular,0.00347467,639.2
489bf83a05af3e3298cecacd85d4d14a,Localization Stability,TF,Jump Linear,0.0764321,639.2
489bf83a05af3e3298cecacd85d4d14a,Input Validity,Lidar,Lidar Rate,10,638.29
489bf83a05af3e3298cecacd85d4d14a,Input Validity,Odometry,Odometry Rate,50,638.29
489bf83a05af3e3298cecacd85d4d14a,Input Validity,TF,TF Rate,10,638.29
489bf83a05af3e3298cecacd85d4d14a,Localization Stability,TF,Jump Angular,0,639.3
489bf83a05af3e3298cecacd85d4d14a,Localization Stability,TF,Jump Linear,0,639.3
489bf83a05af3e3298cecacd85d4d14a,Input Validity,Lidar,Lidar Rate,10,638.39
489bf83a05af3e3298cecacd85d4d14a,Input Validity,Odometry,Odometry Rate,50,638.39
489bf83a05af3e3298cecacd85d4d14a,Input Validity,TF,TF Rate,10,638.39
489bf83a05af3e3298cecacd85d4d14a,Localization Quality,AMCLPose,CovYawYaw,0.00196723,638.4
489bf83a05af3e3298cecacd85d4d14a,Localization Quality,AMCLPose,CovYY,0.00430678,638.4
489bf83a05af3e3298cecacd85d4d14a,Localization Quality,AMCLPose,CovXX,0.00570941,638.4
489bf83a05af3e3298cecacd85d4d14a,Localization Quality,AMCLPose,MeanYaw,-2.7107,638.4
489bf83a05af3e3298cecacd85d4d14a,Localization Quality,AMCLPose,MeanY,-0.31545,638.4
489bf83a05af3e3298cecacd85d4d14a,Localization Quality,AMCLPose,MeanX,-2.84604,638.4
489bf83a05af3e3298cecacd85d4d14a,Localization Stability,TF,Jump Angular,0.00676911,639.4
489bf83a05af3e3298cecacd85d4d14a,Localization Stability,TF,Jump Linear,0.152423,639.4
489bf83a05af3e3298cecacd85d4d14a,Input Validity,Lidar,Lidar Rate,10,638.49
489bf83a05af3e3298cecacd85d4d14a,Input Validity,Odometry,Odometry Rate,50,638.49
489bf83a05af3e3298cecacd85d4d14a,Input Validity,TF,TF Rate,10,638.49
489bf83a05af3e3298cecacd85d4d14a,Localization Stability,TF,Jump Angular,0,639.5
489bf83a05af3e3298cecacd85d4d14a,Localization Stability,TF,Jump Linear,0,639.5
489bf83a05af3e3298cecacd85d4d14a,Input Validity,Lidar,Lidar Rate,10,638.59
489bf83a05af3e3298cecacd85d4d14a,Input Validity,Odometry,Odometry Rate,50,638.59
489bf83a05af3e3298cecacd85d4d14a,Input Validity,TF,TF Rate,10,638.59
489bf83a05af3e3298cecacd85d4d14a,Input Validity,Lidar,Lidar Rate,10,638.69
489bf83a05af3e3298cecacd85d4d14a,Input Validity,Odometry,Odometry Rate,50,638.69
489bf83a05af3e3298cecacd85d4d14a,Input Validity,TF,TF Rate,10,638.69
489bf83a05af3e3298cecacd85d4d14a,Localization Quality,AMCLPose,CovYawYaw,0.00134516,638.6
489bf83a05af3e3298cecacd85d4d14a,Localization Quality,AMCLPose,CovYY,0.00406905,638.6
489bf83a05af3e3298cecacd85d4d14a,Localization Quality,AMCLPose,CovXX,0.0047143,638.6
489bf83a05af3e3298cecacd85d4d14a,Localization Quality,AMCLPose,MeanYaw,-2.76689,638.6
489bf83a05af3e3298cecacd85d4d14a,Localization Quality,AMCLPose,MeanY,-0.353017,638.6
489bf83a05af3e3298cecacd85d4d14a,Localization Quality,AMCLPose,MeanX,-2.91992,638.6
489bf83a05af3e3298cecacd85d4d14a,Localization Stability,TF,Jump Angular,0.00784964,639.6
489bf83a05af3e3298cecacd85d4d14a,Localization Stability,TF,Jump Linear,0.176185,639.6
489bf83a05af3e3298cecacd85d4d14a,Localization Stability,TF,Jump Angular,0,639.7
489bf83a05af3e3298cecacd85d4d14a,Localization Stability,TF,Jump Linear,0,639.7
489bf83a05af3e3298cecacd85d4d14a,Input Validity,Lidar,Lidar Rate,10,638.78
489bf83a05af3e3298cecacd85d4d14a,Input Validity,Odometry,Odometry Rate,50,638.78
489bf83a05af3e3298cecacd85d4d14a,Input Validity,TF,TF Rate,10,638.78
489bf83a05af3e3298cecacd85d4d14a,Input Validity,Lidar,Lidar Rate,10,638.88
489bf83a05af3e3298cecacd85d4d14a,Input Validity,Odometry,Odometry Rate,50,638.88
489bf83a05af3e3298cecacd85d4d14a,Input Validity,TF,TF Rate,10,638.88
489bf83a05af3e3298cecacd85d4d14a,Localization Quality,AMCLPose,CovYawYaw,0.00149846,638.8
489bf83a05af3e3298cecacd85d4d14a,Localization Quality,AMCLPose,CovYY,0.00346924,638.8
489bf83a05af3e3298cecacd85d4d14a,Localization Quality,AMCLPose,CovXX,0.00436026,638.8
489bf83a05af3e3298cecacd85d4d14a,Localization Quality,AMCLPose,MeanYaw,-2.82264,638.8
489bf83a05af3e3298cecacd85d4d14a,Localization Quality,AMCLPose,MeanY,-0.387307,638.8
489bf83a05af3e3298cecacd85d4d14a,Localization Quality,AMCLPose,MeanX,-3.00405,638.8
489bf83a05af3e3298cecacd85d4d14a,Localization Stability,TF,Jump Angular,0.00367085,639.8
489bf83a05af3e3298cecacd85d4d14a,Localization Stability,TF,Jump Linear,0.0868547,639.8
489bf83a05af3e3298cecacd85d4d14a,Localization Stability,TF,Jump Angular,0,639.9
489bf83a05af3e3298cecacd85d4d14a,Localization Stability,TF,Jump Linear,0,639.9
489bf83a05af3e3298cecacd85d4d14a,Input Validity,Lidar,Lidar Rate,10,638.98
489bf83a05af3e3298cecacd85d4d14a,Input Validity,Odometry,Odometry Rate,50,638.98
489bf83a05af3e3298cecacd85d4d14a,Input Validity,TF,TF Rate,10,638.98
489bf83a05af3e3298cecacd85d4d14a,Input Validity,Lidar,Lidar Rate,10,639.08
489bf83a05af3e3298cecacd85d4d14a,Input Validity,Odometry,Odometry Rate,50,639.08
489bf83a05af3e3298cecacd85d4d14a,Input Validity,TF,TF Rate,10,639.08
489bf83a05af3e3298cecacd85d4d14a,Localization Quality,AMCLPose,CovYawYaw,0.00169077,639
489bf83a05af3e3298cecacd85d4d14a,Localization Quality,AMCLPose,CovYY,0.00304375,639
489bf83a05af3e3298cecacd85d4d14a,Localization Quality,AMCLPose,CovXX,0.00450996,639
489bf83a05af3e3298cecacd85d4d14a,Localization Quality,AMCLPose,MeanYaw,-2.87265,639
489bf83a05af3e3298cecacd85d4d14a,Localization Quality,AMCLPose,MeanY,-0.416456,639
489bf83a05af3e3298cecacd85d4d14a,Localization Quality,AMCLPose,MeanX,-3.09038,639
489bf83a05af3e3298cecacd85d4d14a,Localization Stability,TF,Jump Angular,0.00226775,640
489bf83a05af3e3298cecacd85d4d14a,Localization Stability,TF,Jump Linear,0.0544869,640
489bf83a05af3e3298cecacd85d4d14a,Localization Stability,TF,Jump Angular,0,640.1
489bf83a05af3e3298cecacd85d4d14a,Localization Stability,TF,Jump Linear,0,640.1
489bf83a05af3e3298cecacd85d4d14a,Input Validity,Lidar,Lidar Rate,10,639.18
489bf83a05af3e3298cecacd85d4d14a,Input Validity,Odometry,Odometry Rate,50,639.18
489bf83a05af3e3298cecacd85d4d14a,Input Validity,TF,TF Rate,10,639.18
489bf83a05af3e3298cecacd85d4d14a,Localization Stability,TF,Jump Angular,0,640.2
489bf83a05af3e3298cecacd85d4d14a,Localization Stability,TF,Jump Linear,0,640.2
489bf83a05af3e3298cecacd85d4d14a,Input Validity,Lidar,Lidar Rate,10,639.28
489bf83a05af3e3298cecacd85d4d14a,Input Validity,Odometry,Odometry Rate,50,639.28
489bf83a05af3e3298cecacd85d4d14a,Input Validity,TF,TF Rate,10,639.28
489bf83a05af3e3298cecacd85d4d14a,Input Validity,Lidar,Lidar Rate,10,639.38
489bf83a05af3e3298cecacd85d4d14a,Input Validity,Odometry,Odometry Rate,50,639.38
489bf83a05af3e3298cecacd85d4d14a,Input Validity,TF,TF Rate,10,639.38
489bf83a05af3e3298cecacd85d4d14a,Localization Quality,AMCLPose,CovYawYaw,0.00246943,639.3
489bf83a05af3e3298cecacd85d4d14a,Localization Quality,AMCLPose,CovYY,0.00250817,639.3
489bf83a05af3e3298cecacd85d4d14a,Localization Quality,AMCLPose,CovXX,0.00462009,639.3
489bf83a05af3e3298cecacd85d4d14a,Localization Quality,AMCLPose,MeanYaw,-2.93565,639.3
489bf83a05af3e3298cecacd85d4d14a,Localization Quality,AMCLPose,MeanY,-0.451475,639.3
489bf83a05af3e3298cecacd85d4d14a,Localization Quality,AMCLPose,MeanX,-3.21983,639.3
489bf83a05af3e3298cecacd85d4d14a,Localization Stability,TF,Jump Angular,0.00385707,640.3
489bf83a05af3e3298cecacd85d4d14a,Localization Stability,TF,Jump Linear,0.0897022,640.3
489bf83a05af3e3298cecacd85d4d14a,Localization Stability,TF,Jump Angular,0,640.4
489bf83a05af3e3298cecacd85d4d14a,Localization Stability,TF,Jump Linear,0,640.4
489bf83a05af3e3298cecacd85d4d14a,Input Validity,Lidar,Lidar Rate,10,639.48
489bf83a05af3e3298cecacd85d4d14a,Input Validity,Odometry,Odometry Rate,50,639.48
489bf83a05af3e3298cecacd85d4d14a,Input Validity,TF,TF Rate,10,639.48
489bf83a05af3e3298cecacd85d4d14a,Localization Stability,TF,Jump Angular,0,640.5
489bf83a05af3e3298cecacd85d4d14a,Localization Stability,TF,Jump Linear,0,640.5
489bf83a05af3e3298cecacd85d4d14a,Input Validity,Lidar,Lidar Rate,10,639.58
489bf83a05af3e3298cecacd85d4d14a,Input Validity,Odometry,Odometry Rate,50,639.58
489bf83a05af3e3298cecacd85d4d14a,Input Validity,TF,TF Rate,10,639.58
489bf83a05af3e3298cecacd85d4d14a,Input Validity,Lidar,Lidar Rate,10,639.68
489bf83a05af3e3298cecacd85d4d14a,Input Validity,Odometry,Odometry Rate,50,639.68
489bf83a05af3e3298cecacd85d4d14a,Input Validity,TF,TF Rate,10,639.68
489bf83a05af3e3298cecacd85d4d14a,Localization Quality,AMCLPose,CovYawYaw,0.00286681,639.6
489bf83a05af3e3298cecacd85d4d14a,Localization Quality,AMCLPose,CovYY,0.00226383,639.6
489bf83a05af3e3298cecacd85d4d14a,Localization Quality,AMCLPose,CovXX,0.00481718,639.6
489bf83a05af3e3298cecacd85d4d14a,Localization Quality,AMCLPose,MeanYaw,-2.99501,639.6
489bf83a05af3e3298cecacd85d4d14a,Localization Quality,AMCLPose,MeanY,-0.475166,639.6
489bf83a05af3e3298cecacd85d4d14a,Localization Quality,AMCLPose,MeanX,-3.35039,639.6
489bf83a05af3e3298cecacd85d4d14a,Localization Stability,TF,Jump Angular,0.00148837,640.6
489bf83a05af3e3298cecacd85d4d14a,Localization Stability,TF,Jump Linear,0.0324605,640.6
489bf83a05af3e3298cecacd85d4d14a,Input Validity,Lidar,Lidar Rate,10,639.78
489bf83a05af3e3298cecacd85d4d14a,Input Validity,Odometry,Odometry Rate,50,639.78
489bf83a05af3e3298cecacd85d4d14a,Input Validity,TF,TF Rate,10,639.78
489bf83a05af3e3298cecacd85d4d14a,Localization Stability,TF,Jump Angular,0,640.7
489bf83a05af3e3298cecacd85d4d14a,Localization Stability,TF,Jump Linear,0,640.7
489bf83a05af3e3298cecacd85d4d14a,Localization Stability,TF,Jump Angular,0,640.8
489bf83a05af3e3298cecacd85d4d14a,Localization Stability,TF,Jump Linear,0,640.8
489bf83a05af3e3298cecacd85d4d14a,Input Validity,Lidar,Lidar Rate,10,639.88
489bf83a05af3e3298cecacd85d4d14a,Input Validity,Odometry,Odometry Rate,50,639.88
489bf83a05af3e3298cecacd85d4d14a,Input Validity,TF,TF Rate,10,639.88
489bf83a05af3e3298cecacd85d4d14a,Input Validity,Lidar,Lidar Rate,10,639.98
489bf83a05af3e3298cecacd85d4d14a,Input Validity,Odometry,Odometry Rate,50,639.98
489bf83a05af3e3298cecacd85d4d14a,Input Validity,TF,TF Rate,10,639.98
489bf83a05af3e3298cecacd85d4d14a,Localization Quality,AMCLPose,CovYawYaw,0.00318725,639.9
489bf83a05af3e3298cecacd85d4d14a,Localization Quality,AMCLPose,CovYY,0.00210707,639.9
489bf83a05af3e3298cecacd85d4d14a,Localization Quality,AMCLPose,CovXX,0.00527503,639.9
489bf83a05af3e3298cecacd85d4d14a,Localization Quality,AMCLPose,MeanYaw,-3.04971,639.9
489bf83a05af3e3298cecacd85d4d14a,Localization Quality,AMCLPose,MeanY,-0.492845,639.9
489bf83a05af3e3298cecacd85d4d14a,Localization Quality,AMCLPose,MeanX,-3.48216,639.9
489bf83a05af3e3298cecacd85d4d14a,Localization Stability,TF,Jump Angular,0.00257502,640.9
489bf83a05af3e3298cecacd85d4d14a,Localization Stability,TF,Jump Linear,0.058405,640.9
489bf83a05af3e3298cecacd85d4d14a,Localization Stability,TF,Jump Angular,0,641
489bf83a05af3e3298cecacd85d4d14a,Localization Stability,TF,Jump Linear,0,641
489bf83a05af3e3298cecacd85d4d14a,Input Validity,Lidar,Lidar Rate,10,640.08
489bf83a05af3e3298cecacd85d4d14a,Input Validity,Odometry,Odometry Rate,50,640.08
489bf83a05af3e3298cecacd85d4d14a,Input Validity,TF,TF Rate,10,640.08
489bf83a05af3e3298cecacd85d4d14a,Localization Stability,TF,Jump Angular,0,641.1
489bf83a05af3e3298cecacd85d4d14a,Localization Stability,TF,Jump Linear,0,641.1
489bf83a05af3e3298cecacd85d4d14a,Input Validity,Lidar,Lidar Rate,10,640.17
489bf83a05af3e3298cecacd85d4d14a,Input Validity,Odometry,Odometry Rate,50,640.17
489bf83a05af3e3298cecacd85d4d14a,Input Validity,TF,TF Rate,10,640.17
489bf83a05af3e3298cecacd85d4d14a,Input Validity,Lidar,Lidar Rate,10,640.27
489bf83a05af3e3298cecacd85d4d14a,Input Validity,Odometry,Odometry Rate,50,640.27
489bf83a05af3e3298cecacd85d4d14a,Input Validity,TF,TF Rate,10,640.27
489bf83a05af3e3298cecacd85d4d14a,Localization Quality,AMCLPose,CovYawYaw,0.00318855,640.2
489bf83a05af3e3298cecacd85d4d14a,Localization Quality,AMCLPose,CovYY,0.00186422,640.2
489bf83a05af3e3298cecacd85d4d14a,Localization Quality,AMCLPose,CovXX,0.00611286,640.2
489bf83a05af3e3298cecacd85d4d14a,Localization Quality,AMCLPose,MeanYaw,-3.09484,640.2
489bf83a05af3e3298cecacd85d4d14a,Localization Quality,AMCLPose,MeanY,-0.504241,640.2
489bf83a05af3e3298cecacd85d4d14a,Localization Quality,AMCLPose,MeanX,-3.61581,640.2
489bf83a05af3e3298cecacd85d4d14a,Localization Stability,TF,Jump Angular,0.00289623,641.2
489bf83a05af3e3298cecacd85d4d14a,Localization Stability,TF,Jump Linear,0.0669033,641.2
489bf83a05af3e3298cecacd85d4d14a,Localization Stability,TF,Jump Angular,0,641.3
489bf83a05af3e3298cecacd85d4d14a,Localization Stability,TF,Jump Linear,0,641.3
489bf83a05af3e3298cecacd85d4d14a,Input Validity,Lidar,Lidar Rate,10,640.37
489bf83a05af3e3298cecacd85d4d14a,Input Validity,Odometry,Odometry Rate,50,640.37
489bf83a05af3e3298cecacd85d4d14a,Input Validity,TF,TF Rate,10,640.37
489bf83a05af3e3298cecacd85d4d14a,Localization Stability,TF,Jump Angular,0,641.4
489bf83a05af3e3298cecacd85d4d14a,Localization Stability,TF,Jump Linear,0,641.4
489bf83a05af3e3298cecacd85d4d14a,Input Validity,Lidar,Lidar Rate,10,640.47
489bf83a05af3e3298cecacd85d4d14a,Input Validity,Odometry,Odometry Rate,50,640.47
489bf83a05af3e3298cecacd85d4d14a,Input Validity,TF,TF Rate,10,640.47
489bf83a05af3e3298cecacd85d4d14a,Input Validity,Lidar,Lidar Rate,10,640.57
489bf83a05af3e3298cecacd85d4d14a,Input Validity,Odometry,Odometry Rate,50,640.57
489bf83a05af3e3298cecacd85d4d14a,Input Validity,TF,TF Rate,10,640.57
489bf83a05af3e3298cecacd85d4d14a,Localization Quality,AMCLPose,CovYawYaw,0.00318099,640.5
489bf83a05af3e3298cecacd85d4d14a,Localization Quality,AMCLPose,CovYY,0.00176044,640.5
489bf83a05af3e3298cecacd85d4d14a,Localization Quality,AMCLPose,CovXX,0.00609832,640.5
489bf83a05af3e3298cecacd85d4d14a,Localization Quality,AMCLPose,MeanYaw,-3.12178,640.5
489bf83a05af3e3298cecacd85d4d14a,Localization Quality,AMCLPose,MeanY,-0.510544,640.5
489bf83a05af3e3298cecacd85d4d14a,Localization Quality,AMCLPose,MeanX,-3.74995,640.5
489bf83a05af3e3298cecacd85d4d14a,Localization Stability,TF,Jump Angular,0.00289992,641.5
489bf83a05af3e3298cecacd85d4d14a,Localization Stability,TF,Jump Linear,0.0670776,641.5
489bf83a05af3e3298cecacd85d4d14a,Localization Stability,TF,Jump Angular,0,641.6
489bf83a05af3e3298cecacd85d4d14a,Localization Stability,TF,Jump Linear,0,641.6
489bf83a05af3e3298cecacd85d4d14a,Input Validity,Lidar,Lidar Rate,10,640.67
489bf83a05af3e3298cecacd85d4d14a,Input Validity,Odometry,Odometry Rate,50,640.67
489bf83a05af3e3298cecacd85d4d14a,Input Validity,TF,TF Rate,10,640.67
489bf83a05af3e3298cecacd85d4d14a,Localization Stability,TF,Jump Angular,0,641.7
489bf83a05af3e3298cecacd85d4d14a,Localization Stability,TF,Jump Linear,0,641.7
489bf83a05af3e3298cecacd85d4d14a,Input Validity,Lidar,Lidar Rate,10,640.77
489bf83a05af3e3298cecacd85d4d14a,Input Validity,Odometry,Odometry Rate,50,640.77
489bf83a05af3e3298cecacd85d4d14a,Input Validity,TF,TF Rate,10,640.77
489bf83a05af3e3298cecacd85d4d14a,Input Validity,Lidar,Lidar Rate,10,640.87
489bf83a05af3e3298cecacd85d4d14a,Input Validity,Odometry,Odometry Rate,50,640.87
489bf83a05af3e3298cecacd85d4d14a,Input Validity,TF,TF Rate,10,640.87
489bf83a05af3e3298cecacd85d4d14a,Localization Quality,AMCLPose,CovYawYaw,0.00320785,640.8
489bf83a05af3e3298cecacd85d4d14a,Localization Quality,AMCLPose,CovYY,0.00175139,640.8
489bf83a05af3e3298cecacd85d4d14a,Localization Quality,AMCLPose,CovXX,0.00609547,640.8
489bf83a05af3e3298cecacd85d4d14a,Localization Quality,AMCLPose,MeanYaw,-3.11608,640.8
489bf83a05af3e3298cecacd85d4d14a,Localization Quality,AMCLPose,MeanY,-0.514986,640.8
489bf83a05af3e3298cecacd85d4d14a,Localization Quality,AMCLPose,MeanX,-3.88631,640.8
489bf83a05af3e3298cecacd85d4d14a,Localization Stability,TF,Jump Angular,0.000866679,641.8
489bf83a05af3e3298cecacd85d4d14a,Localization Stability,TF,Jump Linear,0.021706,641.8
489bf83a05af3e3298cecacd85d4d14a,Localization Stability,TF,Jump Angular,0,641.9
489bf83a05af3e3298cecacd85d4d14a,Localization Stability,TF,Jump Linear,0,641.9
489bf83a05af3e3298cecacd85d4d14a,Input Validity,Lidar,Lidar Rate,10,640.97
489bf83a05af3e3298cecacd85d4d14a,Input Validity,Odometry,Odometry Rate,50,640.97
489bf83a05af3e3298cecacd85d4d14a,Input Validity,TF,TF Rate,10,640.97
489bf83a05af3e3298cecacd85d4d14a,Localization Stability,TF,Jump Angular,0,642
489bf83a05af3e3298cecacd85d4d14a,Localization Stability,TF,Jump Linear,0,642
489bf83a05af3e3298cecacd85d4d14a,Input Validity,Lidar,Lidar Rate,10,641.07
489bf83a05af3e3298cecacd85d4d14a,Input Validity,Odometry,Odometry Rate,50,641.07
489bf83a05af3e3298cecacd85d4d14a,Input Validity,TF,TF Rate,10,641.07
489bf83a05af3e3298cecacd85d4d14a,Input Validity,Lidar,Lidar Rate,10,641.17
489bf83a05af3e3298cecacd85d4d14a,Input Validity,Odometry,Odometry Rate,50,641.17
489bf83a05af3e3298cecacd85d4d14a,Input Validity,TF,TF Rate,10,641.17
489bf83a05af3e3298cecacd85d4d14a,Localization Quality,AMCLPose,CovYawYaw,0.00310791,641.1
489bf83a05af3e3298cecacd85d4d14a,Localization Quality,AMCLPose,CovYY,0.00178188,641.1
489bf83a05af3e3298cecacd85d4d14a,Localization Quality,AMCLPose,CovXX,0.00644179,641.1
489bf83a05af3e3298cecacd85d4d14a,Localization Quality,AMCLPose,MeanYaw,-3.11496,641.1
489bf83a05af3e3298cecacd85d4d14a,Localization Quality,AMCLPose,MeanY,-0.518989,641.1
489bf83a05af3e3298cecacd85d4d14a,Localization Quality,AMCLPose,MeanX,-4.02099,641.1
489bf83a05af3e3298cecacd85d4d14a,Localization Stability,TF,Jump Angular,0.000107807,642.1
489bf83a05af3e3298cecacd85d4d14a,Localization Stability,TF,Jump Linear,0.00250503,642.1
489bf83a05af3e3298cecacd85d4d14a,Localization Stability,TF,Jump Angular,0,642.2
489bf83a05af3e3298cecacd85d4d14a,Localization Stability,TF,Jump Linear,0,642.2
489bf83a05af3e3298cecacd85d4d14a,Input Validity,Lidar,Lidar Rate,10,641.27
489bf83a05af3e3298cecacd85d4d14a,Input Validity,Odometry,Odometry Rate,50,641.27
489bf83a05af3e3298cecacd85d4d14a,Input Validity,TF,TF Rate,10,641.27
489bf83a05af3e3298cecacd85d4d14a,Localization Stability,TF,Jump Angular,0,642.3
489bf83a05af3e3298cecacd85d4d14a,Localization Stability,TF,Jump Linear,0,642.3
489bf83a05af3e3298cecacd85d4d14a,Input Validity,Lidar,Lidar Rate,10,641.37
489bf83a05af3e3298cecacd85d4d14a,Input Validity,Odometry,Odometry Rate,50,641.37
489bf83a05af3e3298cecacd85d4d14a,Input Validity,TF,TF Rate,10,641.37
489bf83a05af3e3298cecacd85d4d14a,Localization Quality,AMCLPose,CovYawYaw,0.00334728,641.4
489bf83a05af3e3298cecacd85d4d14a,Localization Quality,AMCLPose,CovYY,0.00168318,641.4
489bf83a05af3e3298cecacd85d4d14a,Localization Quality,AMCLPose,CovXX,0.00674124,641.4
489bf83a05af3e3298cecacd85d4d14a,Localization Quality,AMCLPose,MeanYaw,-3.11632,641.4
489bf83a05af3e3298cecacd85d4d14a,Localization Quality,AMCLPose,MeanY,-0.522587,641.4
489bf83a05af3e3298cecacd85d4d14a,Localization Quality,AMCLPose,MeanX,-4.15783,641.4
489bf83a05af3e3298cecacd85d4d14a,Input Validity,Lidar,Lidar Rate,10,641.47
489bf83a05af3e3298cecacd85d4d14a,Input Validity,Odometry,Odometry Rate,50,641.47
489bf83a05af3e3298cecacd85d4d14a,Input Validity,TF,TF Rate,10,641.47
489bf83a05af3e3298cecacd85d4d14a,Localization Stability,TF,Jump Angular,0.00106633,642.4
489bf83a05af3e3298cecacd85d4d14a,Localization Stability,TF,Jump Linear,0.0258751,642.4
489bf83a05af3e3298cecacd85d4d14a,Localization Stability,TF,Jump Angular,0,642.5
489bf83a05af3e3298cecacd85d4d14a,Localization Stability,TF,Jump Linear,0,642.5
489bf83a05af3e3298cecacd85d4d14a,Input Validity,Lidar,Lidar Rate,10,641.57
489bf83a05af3e3298cecacd85d4d14a,Input Validity,Odometry,Odometry Rate,50,641.57
489bf83a05af3e3298cecacd85d4d14a,Input Validity,TF,TF Rate,10,641.57
489bf83a05af3e3298cecacd85d4d14a,Localization Stability,TF,Jump Angular,0,642.6
489bf83a05af3e3298cecacd85d4d14a,Localization Stability,TF,Jump Linear,0,642.6
489bf83a05af3e3298cecacd85d4d14a,Input Validity,Lidar,Lidar Rate,10,641.67
489bf83a05af3e3298cecacd85d4d14a,Input Validity,Odometry,Odometry Rate,50,641.67
489bf83a05af3e3298cecacd85d4d14a,Input Validity,TF,TF Rate,10,641.67
489bf83a05af3e3298cecacd85d4d14a,Input Validity,Lidar,Lidar Rate,10,641.77
489bf83a05af3e3298cecacd85d4d14a,Input Validity,Odometry,Odometry Rate,50,641.77
489bf83a05af3e3298cecacd85d4d14a,Input Validity,TF,TF Rate,10,641.77
489bf83a05af3e3298cecacd85d4d14a,Localization Quality,AMCLPose,CovYawYaw,0.00350264,641.7
489bf83a05af3e3298cecacd85d4d14a,Localization Quality,AMCLPose,CovYY,0.00164441,641.7
489bf83a05af3e3298cecacd85d4d14a,Localization Quality,AMCLPose,CovXX,0.00695186,641.7
489bf83a05af3e3298cecacd85d4d14a,Localization Quality,AMCLPose,MeanYaw,-3.12215,641.7
489bf83a05af3e3298cecacd85d4d14a,Localization Quality,AMCLPose,MeanY,-0.524762,641.7
489bf83a05af3e3298cecacd85d4d14a,Localization Quality,AMCLPose,MeanX,-4.29333,641.7
489bf83a05af3e3298cecacd85d4d14a,Localization Stability,TF,Jump Angular,-0.000850782,642.7
489bf83a05af3e3298cecacd85d4d14a,Localization Stability,TF,Jump Linear,0.0192889,642.7
489bf83a05af3e3298cecacd85d4d14a,Localization Stability,TF,Jump Angular,0,642.8
489bf83a05af3e3298cecacd85d4d14a,Localization Stability,TF,Jump Linear,0,642.8
489bf83a05af3e3298cecacd85d4d14a,Input Validity,Lidar,Lidar Rate,10,641.87
489bf83a05af3e3298cecacd85d4d14a,Input Validity,Odometry,Odometry Rate,50,641.87
489bf83a05af3e3298cecacd85d4d14a,Input Validity,TF,TF Rate,10,641.87
489bf83a05af3e3298cecacd85d4d14a,Input Validity,Lidar,Lidar Rate,10,641.97
489bf83a05af3e3298cecacd85d4d14a,Input Validity,Odometry,Odometry Rate,50,641.97
489bf83a05af3e3298cecacd85d4d14a,Input Validity,TF,TF Rate,10,641.97
489bf83a05af3e3298cecacd85d4d14a,Localization Stability,TF,Jump Angular,0,642.9
489bf83a05af3e3298cecacd85d4d14a,Localization Stability,TF,Jump Linear,0,642.9
489bf83a05af3e3298cecacd85d4d14a,Localization Quality,AMCLPose,CovYawYaw,0.00372228,642
489bf83a05af3e3298cecacd85d4d14a,Localization Quality,AMCLPose,CovYY,0.00165838,642
489bf83a05af3e3298cecacd85d4d14a,Localization Quality,AMCLPose,CovXX,0.00677342,642
489bf83a05af3e3298cecacd85d4d14a,Localization Quality,AMCLPose,MeanYaw,-3.12862,642
489bf83a05af3e3298cecacd85d4d14a,Localization Quality,AMCLPose,MeanY,-0.525524,642
489bf83a05af3e3298cecacd85d4d14a,Localization Quality,AMCLPose,MeanX,-4.42729,642
489bf83a05af3e3298cecacd85d4d14a,Localization Stability,TF,Jump Angular,-0.000688421,643
489bf83a05af3e3298cecacd85d4d14a,Localization Stability,TF,Jump Linear,0.0171687,643
489bf83a05af3e3298cecacd85d4d14a,Input Validity,Lidar,Lidar Rate,10,642.06
489bf83a05af3e3298cecacd85d4d14a,Input Validity,Odometry,Odometry Rate,50,642.06
489bf83a05af3e3298cecacd85d4d14a,Input Validity,TF,TF Rate,10,642.06
489bf83a05af3e3298cecacd85d4d14a,Localization Stability,TF,Jump Angular,0,643.1
489bf83a05af3e3298cecacd85d4d14a,Localization Stability,TF,Jump Linear,0,643.1
489bf83a05af3e3298cecacd85d4d14a,Input Validity,Lidar,Lidar Rate,10,642.16
489bf83a05af3e3298cecacd85d4d14a,Input Validity,Odometry,Odometry Rate,50,642.16
489bf83a05af3e3298cecacd85d4d14a,Input Validity,TF,TF Rate,10,642.16
489bf83a05af3e3298cecacd85d4d14a,Localization Stability,TF,Jump Angular,0,643.2
489bf83a05af3e3298cecacd85d4d14a,Localization Stability,TF,Jump Linear,0,643.2
489bf83a05af3e3298cecacd85d4d14a,Input Validity,Lidar,Lidar Rate,10,642.26
489bf83a05af3e3298cecacd85d4d14a,Input Validity,Odometry,Odometry Rate,50,642.26
489bf83a05af3e3298cecacd85d4d14a,Input Validity,TF,TF Rate,10,642.26
489bf83a05af3e3298cecacd85d4d14a,Input Validity,Lidar,Lidar Rate,10,642.36
489bf83a05af3e3298cecacd85d4d14a,Input Validity,Odometry,Odometry Rate,50,642.36
489bf83a05af3e3298cecacd85d4d14a,Input Validity,TF,TF Rate,10,642.36
489bf83a05af3e3298cecacd85d4d14a,Localization Quality,AMCLPose,CovYawYaw,0.00363322,642.3
489bf83a05af3e3298cecacd85d4d14a,Localization Quality,AMCLPose,CovYY,0.00167302,642.3
489bf83a05af3e3298cecacd85d4d14a,Localization Quality,AMCLPose,CovXX,0.00661265,642.3
489bf83a05af3e3298cecacd85d4d14a,Localization Quality,AMCLPose,MeanYaw,-3.13466,642.3
489bf83a05af3e3298cecacd85d4d14a,Localization Quality,AMCLPose,MeanY,-0.526281,642.3
489bf83a05af3e3298cecacd85d4d14a,Localization Quality,AMCLPose,MeanX,-4.56285,642.3
489bf83a05af3e3298cecacd85d4d14a,Localization Stability,TF,Jump Angular,-0.000883283,643.3
489bf83a05af3e3298cecacd85d4d14a,Localization Stability,TF,Jump Linear,0.0196986,643.3
489bf83a05af3e3298cecacd85d4d14a,Localization Stability,TF,Jump Angular,0,643.4
489bf83a05af3e3298cecacd85d4d14a,Localization Stability,TF,Jump Linear,0,643.4
489bf83a05af3e3298cecacd85d4d14a,Input Validity,Lidar,Lidar Rate,10,642.46
489bf83a05af3e3298cecacd85d4d14a,Input Validity,Odometry,Odometry Rate,50,642.46
489bf83a05af3e3298cecacd85d4d14a,Input Validity,TF,TF Rate,10,642.46
489bf83a05af3e3298cecacd85d4d14a,Localization Stability,TF,Jump Angular,0,643.5
489bf83a05af3e3298cecacd85d4d14a,Localization Stability,TF,Jump Linear,0,643.5
489bf83a05af3e3298cecacd85d4d14a,Input Validity,Lidar,Lidar Rate,10,642.56
489bf83a05af3e3298cecacd85d4d14a,Input Validity,Odometry,Odometry Rate,50,642.56
489bf83a05af3e3298cecacd85d4d14a,Input Validity,TF,TF Rate,10,642.56
489bf83a05af3e3298cecacd85d4d14a,Input Validity,Lidar,Lidar Rate,10,642.66
489bf83a05af3e3298cecacd85d4d14a,Input Validity,Odometry,Odometry Rate,50,642.66
489bf83a05af3e3298cecacd85d4d14a,Input Validity,TF,TF Rate,10,642.66
489bf83a05af3e3298cecacd85d4d14a,Localization Quality,AMCLPose,CovYawYaw,0.00390967,642.6
489bf83a05af3e3298cecacd85d4d14a,Localization Quality,AMCLPose,CovYY,0.00155379,642.6
489bf83a05af3e3298cecacd85d4d14a,Localization Quality,AMCLPose,CovXX,0.00663731,642.6
489bf83a05af3e3298cecacd85d4d14a,Localization Quality,AMCLPose,MeanYaw,-3.13839,642.6
489bf83a05af3e3298cecacd85d4d14a,Localization Quality,AMCLPose,MeanY,-0.52717,642.6
489bf83a05af3e3298cecacd85d4d14a,Localization Quality,AMCLPose,MeanX,-4.69861,642.6
489bf83a05af3e3298cecacd85d4d14a,Localization Stability,TF,Jump Angular,0.000807245,643.6
489bf83a05af3e3298cecacd85d4d14a,Localization Stability,TF,Jump Linear,0.0188798,643.6
489bf83a05af3e3298cecacd85d4d14a,Input Validity,Lidar,Lidar Rate,10,642.76
489bf83a05af3e3298cecacd85d4d14a,Input Validity,Odometry,Odometry Rate,50,642.76
489bf83a05af3e3298cecacd85d4d14a,Input Validity,TF,TF Rate,10,642.76
489bf83a05af3e3298cecacd85d4d14a,Localization Stability,TF,Jump Angular,0,643.7
489bf83a05af3e3298cecacd85d4d14a,Localization Stability,TF,Jump Linear,0,643.7
489bf83a05af3e3298cecacd85d4d14a,Localization Stability,TF,Jump Angular,0,643.8
489bf83a05af3e3298cecacd85d4d14a,Localization Stability,TF,Jump Linear,0,643.8
489bf83a05af3e3298cecacd85d4d14a,Input Validity,Lidar,Lidar Rate,10,642.86
489bf83a05af3e3298cecacd85d4d14a,Input Validity,Odometry,Odometry Rate,50,642.86
489bf83a05af3e3298cecacd85d4d14a,Input Validity,TF,TF Rate,10,642.86
489bf83a05af3e3298cecacd85d4d14a,Input Validity,Lidar,Lidar Rate,10,642.96
489bf83a05af3e3298cecacd85d4d14a,Input Validity,Odometry,Odometry Rate,50,642.96
489bf83a05af3e3298cecacd85d4d14a,Input Validity,TF,TF Rate,10,642.96
489bf83a05af3e3298cecacd85d4d14a,Localization Quality,AMCLPose,CovYawYaw,0.00427222,642.9
489bf83a05af3e3298cecacd85d4d14a,Localization Quality,AMCLPose,CovYY,0.00162094,642.9
489bf83a05af3e3298cecacd85d4d14a,Localization Quality,AMCLPose,CovXX,0.00688353,642.9
489bf83a05af3e3298cecacd85d4d14a,Localization Quality,AMCLPose,MeanYaw,-3.13966,642.9
489bf83a05af3e3298cecacd85d4d14a,Localization Quality,AMCLPose,MeanY,-0.527581,642.9
489bf83a05af3e3298cecacd85d4d14a,Localization Quality,AMCLPose,MeanX,-4.83674,642.9
489bf83a05af3e3298cecacd85d4d14a,Localization Stability,TF,Jump Angular,0.00179338,643.9
489bf83a05af3e3298cecacd85d4d14a,Localization Stability,TF,Jump Linear,0.0432891,643.9
489bf83a05af3e3298cecacd85d4d14a,Localization Stability,TF,Jump Angular,0,644
489bf83a05af3e3298cecacd85d4d14a,Localization Stability,TF,Jump Linear,0,644
489bf83a05af3e3298cecacd85d4d14a,Input Validity,Lidar,Lidar Rate,10,643.06
489bf83a05af3e3298cecacd85d4d14a,Input Validity,Odometry,Odometry Rate,50,643.06
489bf83a05af3e3298cecacd85d4d14a,Input Validity,TF,TF Rate,10,643.06
489bf83a05af3e3298cecacd85d4d14a,Localization Stability,TF,Jump Angular,0,644.1
489bf83a05af3e3298cecacd85d4d14a,Localization Stability,TF,Jump Linear,0,644.1
489bf83a05af3e3298cecacd85d4d14a,Input Validity,Lidar,Lidar Rate,10,643.16
489bf83a05af3e3298cecacd85d4d14a,Input Validity,Odometry,Odometry Rate,50,643.16
489bf83a05af3e3298cecacd85d4d14a,Input Validity,TF,TF Rate,10,643.16
489bf83a05af3e3298cecacd85d4d14a,Input Validity,Lidar,Lidar Rate,10,643.26
489bf83a05af3e3298cecacd85d4d14a,Input Validity,Odometry,Odometry Rate,50,643.26
489bf83a05af3e3298cecacd85d4d14a,Input Validity,TF,TF Rate,10,643.26
489bf83a05af3e3298cecacd85d4d14a,Localization Quality,AMCLPose,CovYawYaw,0.00374671,643.2
489bf83a05af3e3298cecacd85d4d14a,Localization Quality,AMCLPose,CovYY,0.0015676,643.2
489bf83a05af3e3298cecacd85d4d14a,Localization Quality,AMCLPose,CovXX,0.00672605,643.2
489bf83a05af3e3298cecacd85d4d14a,Localization Quality,AMCLPose,MeanYaw,-3.13828,643.2
489bf83a05af3e3298cecacd85d4d14a,Localization Quality,AMCLPose,MeanY,-0.527534,643.2
489bf83a05af3e3298cecacd85d4d14a,Localization Quality,AMCLPose,MeanX,-4.95685,643.2
489bf83a05af3e3298cecacd85d4d14a,Localization Stability,TF,Jump Angular,0.00291881,644.2
489bf83a05af3e3298cecacd85d4d14a,Localization Stability,TF,Jump Linear,0.0667628,644.2
489bf83a05af3e3298cecacd85d4d14a,Input Validity,Lidar,Lidar Rate,10,643.36
489bf83a05af3e3298cecacd85d4d14a,Input Validity,Odometry,Odometry Rate,50,643.36
489bf83a05af3e3298cecacd85d4d14a,Input Validity,TF,TF Rate,10,643.36
489bf83a05af3e3298cecacd85d4d14a,Localization Stability,TF,Jump Angular,0,644.3
489bf83a05af3e3298cecacd85d4d14a,Localization Stability,TF,Jump Linear,0,644.3
489bf83a05af3e3298cecacd85d4d14a,Localization Stability,TF,Jump Angular,0,644.4
489bf83a05af3e3298cecacd85d4d14a,Localization Stability,TF,Jump Linear,0,644.4
489bf83a05af3e3298cecacd85d4d14a,Input Validity,Lidar,Lidar Rate,10,643.45
489bf83a05af3e3298cecacd85d4d14a,Input Validity,Odometry,Odometry Rate,50,643.45
489bf83a05af3e3298cecacd85d4d14a,Input Validity,TF,TF Rate,10,643.45
489bf83a05af3e3298cecacd85d4d14a,Localization Stability,TF,Jump Angular,0,644.5
489bf83a05af3e3298cecacd85d4d14a,Localization Stability,TF,Jump Linear,0,644.5
489bf83a05af3e3298cecacd85d4d14a,Input Validity,Lidar,Lidar Rate,10,643.56
489bf83a05af3e3298cecacd85d4d14a,Input Validity,Odometry,Odometry Rate,50,643.56
489bf83a05af3e3298cecacd85d4d14a,Input Validity,TF,TF Rate,10,643.56
489bf83a05af3e3298cecacd85d4d14a,Input Validity,Lidar,Lidar Rate,10,643.66
489bf83a05af3e3298cecacd85d4d14a,Input Validity,Odometry,Odometry Rate,50,643.66
489bf83a05af3e3298cecacd85d4d14a,Input Validity,TF,TF Rate,10,643.66
489bf83a05af3e3298cecacd85d4d14a,Localization Quality,AMCLPose,CovYawYaw,0.00381464,643.6
489bf83a05af3e3298cecacd85d4d14a,Localization Quality,AMCLPose,CovYY,0.0015884,643.6
489bf83a05af3e3298cecacd85d4d14a,Localization Quality,AMCLPose,CovXX,0.00618258,643.6
489bf83a05af3e3298cecacd85d4d14a,Localization Quality,AMCLPose,MeanYaw,-3.13839,643.6
489bf83a05af3e3298cecacd85d4d14a,Localization Quality,AMCLPose,MeanY,-0.526602,643.6
489bf83a05af3e3298cecacd85d4d14a,Localization Quality,AMCLPose,MeanX,-5.08608,643.6
489bf83a05af3e3298cecacd85d4d14a,Localization Stability,TF,Jump Angular,0.000389261,644.6
489bf83a05af3e3298cecacd85d4d14a,Localization Stability,TF,Jump Linear,0.00858278,644.6
489bf83a05af3e3298cecacd85d4d14a,Input Validity,Lidar,Lidar Rate,10,643.75
489bf83a05af3e3298cecacd85d4d14a,Input Validity,Odometry,Odometry Rate,50,643.75
489bf83a05af3e3298cecacd85d4d14a,Input Validity,TF,TF Rate,10,643.75
489bf83a05af3e3298cecacd85d4d14a,Localization Stability,TF,Jump Angular,0,644.7
489bf83a05af3e3298cecacd85d4d14a,Localization Stability,TF,Jump Linear,0,644.7
489bf83a05af3e3298cecacd85d4d14a,Localization Stability,TF,Jump Angular,0,644.8
489bf83a05af3e3298cecacd85d4d14a,Localization Stability,TF,Jump Linear,0,644.8
489bf83a05af3e3298cecacd85d4d14a,Input Validity,Lidar,Lidar Rate,10,643.85
489bf83a05af3e3298cecacd85d4d14a,Input Validity,Odometry,Odometry Rate,50,643.85
489bf83a05af3e3298cecacd85d4d14a,Input Validity,TF,TF Rate,10,643.85
489bf83a05af3e3298cecacd85d4d14a,Localization Stability,TF,Jump Angular,0,644.9
489bf83a05af3e3298cecacd85d4d14a,Localization Stability,TF,Jump Linear,0,644.9
489bf83a05af3e3298cecacd85d4d14a,Input Validity,Lidar,Lidar Rate,10,643.95
489bf83a05af3e3298cecacd85d4d14a,Input Validity,Odometry,Odometry Rate,50,643.95
489bf83a05af3e3298cecacd85d4d14a,Input Validity,TF,TF Rate,10,643.95
489bf83a05af3e3298cecacd85d4d14a,Input Validity,Lidar,Lidar Rate,10,644.05
489bf83a05af3e3298cecacd85d4d14a,Input Validity,Odometry,Odometry Rate,50,644.05
489bf83a05af3e3298cecacd85d4d14a,Input Validity,TF,TF Rate,10,644.05
489bf83a05af3e3298cecacd85d4d14a,Localization Quality,AMCLPose,CovYawYaw,0.00333678,644
489bf83a05af3e3298cecacd85d4d14a,Localization Quality,AMCLPose,CovYY,0.00151625,644
489bf83a05af3e3298cecacd85d4d14a,Localization Quality,AMCLPose,CovXX,0.00560197,644
489bf83a05af3e3298cecacd85d4d14a,Localization Quality,AMCLPose,MeanYaw,-3.14072,644
489bf83a05af3e3298cecacd85d4d14a,Localization Quality,AMCLPose,MeanY,-0.527457,644
489bf83a05af3e3298cecacd85d4d14a,Localization Quality,AMCLPose,MeanX,-5.1904,644
489bf83a05af3e3298cecacd85d4d14a,Localization Stability,TF,Jump Angular,-0.000950198,645
489bf83a05af3e3298cecacd85d4d14a,Localization Stability,TF,Jump Linear,0.0185045,645
489bf83a05af3e3298cecacd85d4d14a,Input Validity,Lidar,Lidar Rate,10,644.15
489bf83a05af3e3298cecacd85d4d14a,Input Validity,Odometry,Odometry Rate,50,644.15
489bf83a05af3e3298cecacd85d4d14a,Input Validity,TF,TF Rate,10,644.15
489bf83a05af3e3298cecacd85d4d14a,Localization Stability,TF,Jump Angular,0,645.1
489bf83a05af3e3298cecacd85d4d14a,Localization Stability,TF,Jump Linear,0,645.1
489bf83a05af3e3298cecacd85d4d14a,Input Validity,Lidar,Lidar Rate,10,644.25
489bf83a05af3e3298cecacd85d4d14a,Input Validity,Odometry,Odometry Rate,50,644.25
489bf83a05af3e3298cecacd85d4d14a,Input Validity,TF,TF Rate,10,644.25
489bf83a05af3e3298cecacd85d4d14a,Localization Stability,TF,Jump Angular,0,645.2
489bf83a05af3e3298cecacd85d4d14a,Localization Stability,TF,Jump Linear,0,645.2
489bf83a05af3e3298cecacd85d4d14a,Localization Stability,TF,Jump Angular,0,645.3
489bf83a05af3e3298cecacd85d4d14a,Localization Stability,TF,Jump Linear,0,645.3
489bf83a05af3e3298cecacd85d4d14a,Input Validity,Lidar,Lidar Rate,10,644.35
489bf83a05af3e3298cecacd85d4d14a,Input Validity,Odometry,Odometry Rate,50,644.35
489bf83a05af3e3298cecacd85d4d14a,Input Validity,TF,TF Rate,10,644.35
489bf83a05af3e3298cecacd85d4d14a,Localization Stability,TF,Jump Angular,0,645.4
489bf83a05af3e3298cecacd85d4d14a,Localization Stability,TF,Jump Linear,0,645.4
489bf83a05af3e3298cecacd85d4d14a,Input Validity,Lidar,Lidar Rate,10,644.45
489bf83a05af3e3298cecacd85d4d14a,Input Validity,Odometry,Odometry Rate,50,644.45
489bf83a05af3e3298cecacd85d4d14a,Input Validity,TF,TF Rate,10,644.45
489bf83a05af3e3298cecacd85d4d14a,Localization Stability,TF,Jump Angular,0,645.5
489bf83a05af3e3298cecacd85d4d14a,Localization Stability,TF,Jump Linear,0,645.5
489bf83a05af3e3298cecacd85d4d14a,Input Validity,Lidar,Lidar Rate,10,644.55
489bf83a05af3e3298cecacd85d4d14a,Input Validity,Odometry,Odometry Rate,50,644.55
489bf83a05af3e3298cecacd85d4d14a,Input Validity,TF,TF Rate,10,644.55
489bf83a05af3e3298cecacd85d4d14a,Input Validity,Lidar,Lidar Rate,10,644.65
489bf83a05af3e3298cecacd85d4d14a,Input Validity,Odometry,Odometry Rate,50,644.65
489bf83a05af3e3298cecacd85d4d14a,Input Validity,TF,TF Rate,10,644.65
489bf83a05af3e3298cecacd85d4d14a,Localization Quality,AMCLPose,CovYawYaw,0.00337859,644.6
489bf83a05af3e3298cecacd85d4d14a,Localization Quality,AMCLPose,CovYY,0.00153442,644.6
489bf83a05af3e3298cecacd85d4d14a,Localization Quality,AMCLPose,CovXX,0.00555193,644.6
489bf83a05af3e3298cecacd85d4d14a,Localization Quality,AMCLPose,MeanYaw,3.1348,644.6
489bf83a05af3e3298cecacd85d4d14a,Localization Quality,AMCLPose,MeanY,-0.525941,644.6
489bf83a05af3e3298cecacd85d4d14a,Localization Quality,AMCLPose,MeanX,-5.30313,644.6
489bf83a05af3e3298cecacd85d4d14a,Localization Stability,TF,Jump Angular,-0.00264186,645.6
489bf83a05af3e3298cecacd85d4d14a,Localization Stability,TF,Jump Linear,0.0597099,645.6
489bf83a05af3e3298cecacd85d4d14a,Localization Stability,TF,Jump Angular,0,645.7
489bf83a05af3e3298cecacd85d4d14a,Localization Stability,TF,Jump Linear,0,645.7
489bf83a05af3e3298cecacd85d4d14a,Input Validity,Lidar,Lidar Rate,10,644.75
489bf83a05af3e3298cecacd85d4d14a,Input Validity,Odometry,Odometry Rate,50,644.75
489bf83a05af3e3298cecacd85d4d14a,Input Validity,TF,TF Rate,10,644.75
489bf83a05af3e3298cecacd85d4d14a,Input Validity,Lidar,Lidar Rate,10,644.85
489bf83a05af3e3298cecacd85d4d14a,Input Validity,Odometry,Odometry Rate,50,644.85
489bf83a05af3e3298cecacd85d4d14a,Input Validity,TF,TF Rate,10,644.85
489bf83a05af3e3298cecacd85d4d14a,Localization Stability,TF,Jump Angular,0,645.8
489bf83a05af3e3298cecacd85d4d14a,Localization Stability,TF,Jump Linear,0,645.8
489bf83a05af3e3298cecacd85d4d14a,Input Validity,Lidar,Lidar Rate,10,644.95
489bf83a05af3e3298cecacd85d4d14a,Input Validity,Odometry,Odometry Rate,50,644.95
489bf83a05af3e3298cecacd85d4d14a,Input Validity,TF,TF Rate,10,644.95
489bf83a05af3e3298cecacd85d4d14a,Localization Stability,TF,Jump Angular,0,645.9
489bf83a05af3e3298cecacd85d4d14a,Localization Stability,TF,Jump Linear,0,645.9
489bf83a05af3e3298cecacd85d4d14a,Localization Stability,TF,Jump Angular,0,646
489bf83a05af3e3298cecacd85d4d14a,Localization Stability,TF,Jump Linear,0,646
489bf83a05af3e3298cecacd85d4d14a,Input Validity,Lidar,Lidar Rate,10,645.05
489bf83a05af3e3298cecacd85d4d14a,Input Validity,Odometry,Odometry Rate,50,645.05
489bf83a05af3e3298cecacd85d4d14a,Input Validity,TF,TF Rate,10,645.05
489bf83a05af3e3298cecacd85d4d14a,Localization Stability,TF,Jump Angular,0,646.1
489bf83a05af3e3298cecacd85d4d14a,Localization Stability,TF,Jump Linear,0,646.1
489bf83a05af3e3298cecacd85d4d14a,Input Validity,Lidar,Lidar Rate,10,645.15
489bf83a05af3e3298cecacd85d4d14a,Input Validity,Odometry,Odometry Rate,50,645.15
489bf83a05af3e3298cecacd85d4d14a,Input Validity,TF,TF Rate,10,645.15
489bf83a05af3e3298cecacd85d4d14a,Localization Stability,TF,Jump Angular,0,646.2
489bf83a05af3e3298cecacd85d4d14a,Localization Stability,TF,Jump Linear,0,646.2
489bf83a05af3e3298cecacd85d4d14a,Input Validity,Lidar,Lidar Rate,10,645.25
489bf83a05af3e3298cecacd85d4d14a,Input Validity,Odometry,Odometry Rate,50,645.25
489bf83a05af3e3298cecacd85d4d14a,Input Validity,TF,TF Rate,10,645.25
489bf83a05af3e3298cecacd85d4d14a,Localization Stability,TF,Jump Angular,0,646.3
489bf83a05af3e3298cecacd85d4d14a,Localization Stability,TF,Jump Linear,0,646.3
489bf83a05af3e3298cecacd85d4d14a,Input Validity,Lidar,Lidar Rate,10,645.35
489bf83a05af3e3298cecacd85d4d14a,Input Validity,Odometry,Odometry Rate,50,645.35
489bf83a05af3e3298cecacd85d4d14a,Input Validity,TF,TF Rate,10,645.35
489bf83a05af3e3298cecacd85d4d14a,Input Validity,Lidar,Lidar Rate,10,645.44
489bf83a05af3e3298cecacd85d4d14a,Input Validity,Odometry,Odometry Rate,50,645.44
489bf83a05af3e3298cecacd85d4d14a,Input Validity,TF,TF Rate,10,645.44
489bf83a05af3e3298cecacd85d4d14a,Localization Quality,AMCLPose,CovYawYaw,0.00314797,645.4
489bf83a05af3e3298cecacd85d4d14a,Localization Quality,AMCLPose,CovYY,0.00144478,645.4
489bf83a05af3e3298cecacd85d4d14a,Localization Quality,AMCLPose,CovXX,0.00570738,645.4
489bf83a05af3e3298cecacd85d4d14a,Localization Quality,AMCLPose,MeanYaw,3.1328,645.4
489bf83a05af3e3298cecacd85d4d14a,Localization Quality,AMCLPose,MeanY,-0.525003,645.4
489bf83a05af3e3298cecacd85d4d14a,Localization Quality,AMCLPose,MeanX,-5.40277,645.4
489bf83a05af3e3298cecacd85d4d14a,Localization Stability,TF,Jump Angular,0.0010414,646.4
489bf83a05af3e3298cecacd85d4d14a,Localization Stability,TF,Jump Linear,0.0221302,646.4
489bf83a05af3e3298cecacd85d4d14a,Localization Stability,TF,Jump Angular,0,646.5
489bf83a05af3e3298cecacd85d4d14a,Localization Stability,TF,Jump Linear,0,646.5
489bf83a05af3e3298cecacd85d4d14a,Input Validity,Lidar,Lidar Rate,10,645.54
489bf83a05af3e3298cecacd85d4d14a,Input Validity,Odometry,Odometry Rate,50,645.54
489bf83a05af3e3298cecacd85d4d14a,Input Validity,TF,TF Rate,10,645.54
489bf83a05af3e3298cecacd85d4d14a,Localization Stability,TF,Jump Angular,0,646.6
489bf83a05af3e3298cecacd85d4d14a,Localization Stability,TF,Jump Linear,0,646.6
489bf83a05af3e3298cecacd85d4d14a,Input Validity,Lidar,Lidar Rate,10,645.64
489bf83a05af3e3298cecacd85d4d14a,Input Validity,Odometry,Odometry Rate,50,645.64
489bf83a05af3e3298cecacd85d4d14a,Input Validity,TF,TF Rate,10,645.64
489bf83a05af3e3298cecacd85d4d14a,Input Validity,Lidar,Lidar Rate,10,645.74
489bf83a05af3e3298cecacd85d4d14a,Input Validity,Odometry,Odometry Rate,50,645.74
489bf83a05af3e3298cecacd85d4d14a,Input Validity,TF,TF Rate,10,645.74
489bf83a05af3e3298cecacd85d4d14a,Localization Stability,TF,Jump Angular,0,646.7
489bf83a05af3e3298cecacd85d4d14a,Localization Stability,TF,Jump Linear,0,646.7
489bf83a05af3e3298cecacd85d4d14a,Localization Stability,TF,Jump Angular,0,646.8
489bf83a05af3e3298cecacd85d4d14a,Localization Stability,TF,Jump Linear,0,646.8
489bf83a05af3e3298cecacd85d4d14a,Input Validity,Lidar,Lidar Rate,10,645.84
489bf83a05af3e3298cecacd85d4d14a,Input Validity,Odometry,Odometry Rate,50,645.84
489bf83a05af3e3298cecacd85d4d14a,Input Validity,TF,TF Rate,10,645.84
489bf83a05af3e3298cecacd85d4d14a,Localization Stability,TF,Jump Angular,0,646.9
489bf83a05af3e3298cecacd85d4d14a,Localization Stability,TF,Jump Linear,0,646.9
489bf83a05af3e3298cecacd85d4d14a,Input Validity,Lidar,Lidar Rate,10,645.94
489bf83a05af3e3298cecacd85d4d14a,Input Validity,Odometry,Odometry Rate,50,645.94
489bf83a05af3e3298cecacd85d4d14a,Input Validity,TF,TF Rate,10,645.94
489bf83a05af3e3298cecacd85d4d14a,Localization Stability,TF,Jump Angular,0,647
489bf83a05af3e3298cecacd85d4d14a,Localization Stability,TF,Jump Linear,0,647
489bf83a05af3e3298cecacd85d4d14a,Input Validity,Lidar,Lidar Rate,10,646.04
489bf83a05af3e3298cecacd85d4d14a,Input Validity,Odometry,Odometry Rate,50,646.04
489bf83a05af3e3298cecacd85d4d14a,Input Validity,TF,TF Rate,10,646.04
489bf83a05af3e3298cecacd85d4d14a,Input Validity,Lidar,Lidar Rate,10,646.14
489bf83a05af3e3298cecacd85d4d14a,Input Validity,Odometry,Odometry Rate,50,646.14
489bf83a05af3e3298cecacd85d4d14a,Input Validity,TF,TF Rate,10,646.14
489bf83a05af3e3298cecacd85d4d14a,Localization Stability,TF,Jump Angular,0,647.1
489bf83a05af3e3298cecacd85d4d14a,Localization Stability,TF,Jump Linear,0,647.1
489bf83a05af3e3298cecacd85d4d14a,Localization Stability,TF,Jump Angular,0,647.2
489bf83a05af3e3298cecacd85d4d14a,Localization Stability,TF,Jump Linear,0,647.2
489bf83a05af3e3298cecacd85d4d14a,Input Validity,Lidar,Lidar Rate,10,646.24
489bf83a05af3e3298cecacd85d4d14a,Input Validity,Odometry,Odometry Rate,50,646.24
489bf83a05af3e3298cecacd85d4d14a,Input Validity,TF,TF Rate,10,646.24
489bf83a05af3e3298cecacd85d4d14a,Localization Stability,TF,Jump Angular,0,647.3
489bf83a05af3e3298cecacd85d4d14a,Localization Stability,TF,Jump Linear,0,647.3
489bf83a05af3e3298cecacd85d4d14a,Input Validity,Lidar,Lidar Rate,10,646.34
489bf83a05af3e3298cecacd85d4d14a,Input Validity,Odometry,Odometry Rate,50,646.34
489bf83a05af3e3298cecacd85d4d14a,Input Validity,TF,TF Rate,10,646.34
489bf83a05af3e3298cecacd85d4d14a,Input Validity,Lidar,Lidar Rate,10,646.44
489bf83a05af3e3298cecacd85d4d14a,Input Validity,Odometry,Odometry Rate,50,646.44
489bf83a05af3e3298cecacd85d4d14a,Input Validity,TF,TF Rate,10,646.44
489bf83a05af3e3298cecacd85d4d14a,Localization Stability,TF,Jump Angular,0,647.4
489bf83a05af3e3298cecacd85d4d14a,Localization Stability,TF,Jump Linear,0,647.4
489bf83a05af3e3298cecacd85d4d14a,Localization Stability,TF,Jump Angular,0,647.5
489bf83a05af3e3298cecacd85d4d14a,Localization Stability,TF,Jump Linear,0,647.5
489bf83a05af3e3298cecacd85d4d14a,Input Validity,Lidar,Lidar Rate,10,646.54
489bf83a05af3e3298cecacd85d4d14a,Input Validity,Odometry,Odometry Rate,50,646.54
489bf83a05af3e3298cecacd85d4d14a,Input Validity,TF,TF Rate,10,646.54
489bf83a05af3e3298cecacd85d4d14a,Input Validity,Lidar,Lidar Rate,10,646.64
489bf83a05af3e3298cecacd85d4d14a,Input Validity,Odometry,Odometry Rate,50,646.64
489bf83a05af3e3298cecacd85d4d14a,Input Validity,TF,TF Rate,10,646.64
489bf83a05af3e3298cecacd85d4d14a,Localization Stability,TF,Jump Angular,0,647.6
489bf83a05af3e3298cecacd85d4d14a,Localization Stability,TF,Jump Linear,0,647.6
489bf83a05af3e3298cecacd85d4d14a,Input Validity,Lidar,Lidar Rate,10,646.74
489bf83a05af3e3298cecacd85d4d14a,Input Validity,Odometry,Odometry Rate,50,646.74
489bf83a05af3e3298cecacd85d4d14a,Input Validity,TF,TF Rate,10,646.74
489bf83a05af3e3298cecacd85d4d14a,Localization Stability,TF,Jump Angular,0,647.7
489bf83a05af3e3298cecacd85d4d14a,Localization Stability,TF,Jump Linear,0,647.7
489bf83a05af3e3298cecacd85d4d14a,Input Validity,Lidar,Lidar Rate,10,646.84
489bf83a05af3e3298cecacd85d4d14a,Input Validity,Odometry,Odometry Rate,50,646.84
489bf83a05af3e3298cecacd85d4d14a,Input Validity,TF,TF Rate,10,646.84
489bf83a05af3e3298cecacd85d4d14a,Localization Quality,AMCLPose,CovYawYaw,0.00346866,646.8
489bf83a05af3e3298cecacd85d4d14a,Localization Quality,AMCLPose,CovYY,0.0013363,646.8
489bf83a05af3e3298cecacd85d4d14a,Localization Quality,AMCLPose,CovXX,0.00589537,646.8
489bf83a05af3e3298cecacd85d4d14a,Localization Quality,AMCLPose,MeanYaw,-3.06686,646.8
489bf83a05af3e3298cecacd85d4d14a,Localization Quality,AMCLPose,MeanY,-0.523473,646.8
489bf83a05af3e3298cecacd85d4d14a,Localization Quality,AMCLPose,MeanX,-5.50453,646.8
489bf83a05af3e3298cecacd85d4d14a,Localization Stability,TF,Jump Angular,0.000360193,647.8
489bf83a05af3e3298cecacd85d4d14a,Localization Stability,TF,Jump Linear,0.00972596,647.8
489bf83a05af3e3298cecacd85d4d14a,Input Validity,Lidar,Lidar Rate,10,646.94
489bf83a05af3e3298cecacd85d4d14a,Input Validity,Odometry,Odometry Rate,50,646.94
489bf83a05af3e3298cecacd85d4d14a,Input Validity,TF,TF Rate,10,646.94
489bf83a05af3e3298cecacd85d4d14a,Localization Quality,AMCLPose,CovYawYaw,0.00286486,646.9
489bf83a05af3e3298cecacd85d4d14a,Localization Quality,AMCLPose,CovYY,0.00123019,646.9
489bf83a05af3e3298cecacd85d4d14a,Localization Quality,AMCLPose,CovXX,0.00558155,646.9
489bf83a05af3e3298cecacd85d4d14a,Localization Quality,AMCLPose,MeanYaw,-3.00788,646.9
489bf83a05af3e3298cecacd85d4d14a,Localization Quality,AMCLPose,MeanY,-0.522522,646.9
489bf83a05af3e3298cecacd85d4d14a,Localization Quality,AMCLPose,MeanX,-5.50551,646.9
489bf83a05af3e3298cecacd85d4d14a,Localization Stability,TF,Jump Angular,0.000161207,647.9
489bf83a05af3e3298cecacd85d4d14a,Localization Stability,TF,Jump Linear,0.00417168,647.9
489bf83a05af3e3298cecacd85d4d14a,Input Validity,Lidar,Lidar Rate,10,647.03
489bf83a05af3e3298cecacd85d4d14a,Input Validity,Odometry,Odometry Rate,50,647.03
489bf83a05af3e3298cecacd85d4d14a,Input Validity,TF,TF Rate,10,647.03
489bf83a05af3e3298cecacd85d4d14a,Localization Quality,AMCLPose,CovYawYaw,0.0024884,647
489bf83a05af3e3298cecacd85d4d14a,Localization Quality,AMCLPose,CovYY,0.00114052,647
489bf83a05af3e3298cecacd85d4d14a,Localization Quality,AMCLPose,CovXX,0.00559562,647
489bf83a05af3e3298cecacd85d4d14a,Localization Quality,AMCLPose,MeanYaw,-2.93273,647
489bf83a05af3e3298cecacd85d4d14a,Localization Quality,AMCLPose,MeanY,-0.52181,647
489bf83a05af3e3298cecacd85d4d14a,Localization Quality,AMCLPose,MeanX,-5.50375,647
489bf83a05af3e3298cecacd85d4d14a,Localization Stability,TF,Jump Angular,-0.000628826,648
489bf83a05af3e3298cecacd85d4d14a,Localization Stability,TF,Jump Linear,0.0157378,648
489bf83a05af3e3298cecacd85d4d14a,Input Validity,Lidar,Lidar Rate,10,647.13
489bf83a05af3e3298cecacd85d4d14a,Input Validity,Odometry,Odometry Rate,50,647.13
489bf83a05af3e3298cecacd85d4d14a,Input Validity,TF,TF Rate,10,647.13
489bf83a05af3e3298cecacd85d4d14a,Localization Quality,AMCLPose,CovYawYaw,0.00230273,647.1
489bf83a05af3e3298cecacd85d4d14a,Localization Quality,AMCLPose,CovYY,0.00101566,647.1
489bf83a05af3e3298cecacd85d4d14a,Localization Quality,AMCLPose,CovXX,0.00538728,647.1
489bf83a05af3e3298cecacd85d4d14a,Localization Quality,AMCLPose,MeanYaw,-2.83808,647.1
489bf83a05af3e3298cecacd85d4d14a,Localization Quality,AMCLPose,MeanY,-0.521964,647.1
489bf83a05af3e3298cecacd85d4d14a,Localization Quality,AMCLPose,MeanX,-5.50189,647.1
489bf83a05af3e3298cecacd85d4d14a,Localization Stability,TF,Jump Angular,0.0018841,648.1
489bf83a05af3e3298cecacd85d4d14a,Localization Stability,TF,Jump Linear,0.0399459,648.1
489bf83a05af3e3298cecacd85d4d14a,Input Validity,Lidar,Lidar Rate,10,647.23
489bf83a05af3e3298cecacd85d4d14a,Input Validity,Odometry,Odometry Rate,50,647.23
489bf83a05af3e3298cecacd85d4d14a,Input Validity,TF,TF Rate,10,647.23
489bf83a05af3e3298cecacd85d4d14a,Localization Quality,AMCLPose,CovYawYaw,0.00193719,647.2
489bf83a05af3e3298cecacd85d4d14a,Localization Quality,AMCLPose,CovYY,0.000980974,647.2
489bf83a05af3e3298cecacd85d4d14a,Localization Quality,AMCLPose,CovXX,0.00458816,647.2
489bf83a05af3e3298cecacd85d4d14a,Localization Quality,AMCLPose,MeanYaw,-2.73126,647.2
489bf83a05af3e3298cecacd85d4d14a,Localization Quality,AMCLPose,MeanY,-0.519694,647.2
489bf83a05af3e3298cecacd85d4d14a,Localization Quality,AMCLPose,MeanX,-5.49388,647.2
489bf83a05af3e3298cecacd85d4d14a,Localization Stability,TF,Jump Angular,-0.00292631,648.2
489bf83a05af3e3298cecacd85d4d14a,Localization Stability,TF,Jump Linear,0.072599,648.2
489bf83a05af3e3298cecacd85d4d14a,Input Validity,Lidar,Lidar Rate,10,647.33
489bf83a05af3e3298cecacd85d4d14a,Input Validity,Odometry,Odometry Rate,50,647.33
489bf83a05af3e3298cecacd85d4d14a,Input Validity,TF,TF Rate,10,647.33
489bf83a05af3e3298cecacd85d4d14a,Localization Quality,AMCLPose,CovYawYaw,0.00174983,647.3
489bf83a05af3e3298cecacd85d4d14a,Localization Quality,AMCLPose,CovYY,0.00104221,647.3
489bf83a05af3e3298cecacd85d4d14a,Localization Quality,AMCLPose,CovXX,0.00405688,647.3
489bf83a05af3e3298cecacd85d4d14a,Localization Quality,AMCLPose,MeanYaw,-2.60768,647.3
489bf83a05af3e3298cecacd85d4d14a,Localization Quality,AMCLPose,MeanY,-0.519665,647.3
489bf83a05af3e3298cecacd85d4d14a,Localization Quality,AMCLPose,MeanX,-5.49261,647.3
489bf83a05af3e3298cecacd85d4d14a,Localization Stability,TF,Jump Angular,-0.00315229,648.3
489bf83a05af3e3298cecacd85d4d14a,Localization Stability,TF,Jump Linear,0.070551,648.3
489bf83a05af3e3298cecacd85d4d14a,Input Validity,Lidar,Lidar Rate,10,647.43
489bf83a05af3e3298cecacd85d4d14a,Input Validity,Odometry,Odometry Rate,50,647.43
489bf83a05af3e3298cecacd85d4d14a,Input Validity,TF,TF Rate,10,647.43
489bf83a05af3e3298cecacd85d4d14a,Localization Quality,AMCLPose,CovYawYaw,0.00288933,647.4
489bf83a05af3e3298cecacd85d4d14a,Localization Quality,AMCLPose,CovYY,0.00128079,647.4
489bf83a05af3e3298cecacd85d4d14a,Localization Quality,AMCLPose,CovXX,0.00511734,647.4
489bf83a05af3e3298cecacd85d4d14a,Localization Quality,AMCLPose,MeanYaw,-2.46394,647.4
489bf83a05af3e3298cecacd85d4d14a,Localization Quality,AMCLPose,MeanY,-0.519035,647.4
489bf83a05af3e3298cecacd85d4d14a,Localization Quality,AMCLPose,MeanX,-5.49321,647.4
489bf83a05af3e3298cecacd85d4d14a,Localization Stability,TF,Jump Angular,2.57969e-05,648.4
489bf83a05af3e3298cecacd85d4d14a,Localization Stability,TF,Jump Linear,0.00115556,648.4
489bf83a05af3e3298cecacd85d4d14a,Input Validity,Lidar,Lidar Rate,10,647.53
489bf83a05af3e3298cecacd85d4d14a,Input Validity,Odometry,Odometry Rate,50,647.53
489bf83a05af3e3298cecacd85d4d14a,Input Validity,TF,TF Rate,10,647.53
489bf83a05af3e3298cecacd85d4d14a,Localization Quality,AMCLPose,CovYawYaw,0.00405269,647.5
489bf83a05af3e3298cecacd85d4d14a,Localization Quality,AMCLPose,CovYY,0.00174347,647.5
489bf83a05af3e3298cecacd85d4d14a,Localization Quality,AMCLPose,CovXX,0.00591936,647.5
489bf83a05af3e3298cecacd85d4d14a,Localization Quality,AMCLPose,MeanYaw,-2.30285,647.5
489bf83a05af3e3298cecacd85d4d14a,Localization Quality,AMCLPose,MeanY,-0.519367,647.5
489bf83a05af3e3298cecacd85d4d14a,Localization Quality,AMCLPose,MeanX,-5.49255,647.5
489bf83a05af3e3298cecacd85d4d14a,Localization Stability,TF,Jump Angular,0.000397131,648.5
489bf83a05af3e3298cecacd85d4d14a,Localization Stability,TF,Jump Linear,0.00833867,648.5
489bf83a05af3e3298cecacd85d4d14a,Input Validity,Lidar,Lidar Rate,10,647.63
489bf83a05af3e3298cecacd85d4d14a,Input Validity,Odometry,Odometry Rate,50,647.63
489bf83a05af3e3298cecacd85d4d14a,Input Validity,TF,TF Rate,10,647.63
489bf83a05af3e3298cecacd85d4d14a,Localization Quality,AMCLPose,CovYawYaw,0.00409954,647.6
489bf83a05af3e3298cecacd85d4d14a,Localization Quality,AMCLPose,CovYY,0.0022925,647.6
489bf83a05af3e3298cecacd85d4d14a,Localization Quality,AMCLPose,CovXX,0.00567568,647.6
489bf83a05af3e3298cecacd85d4d14a,Localization Quality,AMCLPose,MeanYaw,-2.12298,647.6
489bf83a05af3e3298cecacd85d4d14a,Localization Quality,AMCLPose,MeanY,-0.518906,647.6
489bf83a05af3e3298cecacd85d4d14a,Localization Quality,AMCLPose,MeanX,-5.49013,647.6
489bf83a05af3e3298cecacd85d4d14a,Localization Stability,TF,Jump Angular,0.00219811,648.6
489bf83a05af3e3298cecacd85d4d14a,Localization Stability,TF,Jump Linear,0.0460678,648.6
489bf83a05af3e3298cecacd85d4d14a,Input Validity,Lidar,Lidar Rate,10,647.73
489bf83a05af3e3298cecacd85d4d14a,Input Validity,Odometry,Odometry Rate,50,647.73
489bf83a05af3e3298cecacd85d4d14a,Input Validity,TF,TF Rate,10,647.73
489bf83a05af3e3298cecacd85d4d14a,Localization Quality,AMCLPose,CovYawYaw,0.00420481,647.7
489bf83a05af3e3298cecacd85d4d14a,Localization Quality,AMCLPose,CovYY,0.00282084,647.7
489bf83a05af3e3298cecacd85d4d14a,Localization Quality,AMCLPose,CovXX,0.00509706,647.7
489bf83a05af3e3298cecacd85d4d14a,Localization Quality,AMCLPose,MeanYaw,-1.92965,647.7
489bf83a05af3e3298cecacd85d4d14a,Localization Quality,AMCLPose,MeanY,-0.524077,647.7
489bf83a05af3e3298cecacd85d4d14a,Localization Quality,AMCLPose,MeanX,-5.49628,647.7
489bf83a05af3e3298cecacd85d4d14a,Localization Stability,TF,Jump Angular,-0.0013219,648.7
489bf83a05af3e3298cecacd85d4d14a,Localization Stability,TF,Jump Linear,0.0213131,648.7
489bf83a05af3e3298cecacd85d4d14a,Input Validity,Lidar,Lidar Rate,10,647.83
489bf83a05af3e3298cecacd85d4d14a,Input Validity,Odometry,Odometry Rate,50,647.83
489bf83a05af3e3298cecacd85d4d14a,Input Validity,TF,TF Rate,10,647.83
489bf83a05af3e3298cecacd85d4d14a,Localization Quality,AMCLPose,CovYawYaw,0.00428524,647.8
489bf83a05af3e3298cecacd85d4d14a,Localization Quality,AMCLPose,CovYY,0.00377844,647.8
489bf83a05af3e3298cecacd85d4d14a,Localization Quality,AMCLPose,CovXX,0.00458905,647.8
489bf83a05af3e3298cecacd85d4d14a,Localization Quality,AMCLPose,MeanYaw,-1.71764,647.8
489bf83a05af3e3298cecacd85d4d14a,Localization Quality,AMCLPose,MeanY,-0.529254,647.8
489bf83a05af3e3298cecacd85d4d14a,Localization Quality,AMCLPose,MeanX,-5.49966,647.8
489bf83a05af3e3298cecacd85d4d14a,Localization Stability,TF,Jump Angular,0.000377278,648.8
489bf83a05af3e3298cecacd85d4d14a,Localization Stability,TF,Jump Linear,0.0140478,648.8
489bf83a05af3e3298cecacd85d4d14a,Localization Recovery,TTR,Kidnap Angle,0.742936,647.87
489bf83a05af3e3298cecacd85d4d14a,Localization Recovery,TTR,Kidnap Distance,0.894444,647.87
489bf83a05af3e3298cecacd85d4d14a,Localization Recovery,TTR,TTR Outcome,1,647.87
489bf83a05af3e3298cecacd85d4d14a,Localization Recovery,TTR,TTR,10.77,647.87
489bf83a05af3e3298cecacd85d4d14a,Mission Outcome,Episode Event,Recoveries,0,647.87
489bf83a05af3e3298cecacd85d4d14a,Mission Outcome,Episode Event,Collisions,0,647.87
489bf83a05af3e3298cecacd85d4d14a,Mission Outcome,Episode Event,Navigation Time,22.82,647.87
489bf83a05af3e3298cecacd85d4d14a,Mission Outcome,Episode Event,Goal Result,1,647.87
489bf83a05af3e3298cecacd85d4d14a,Input Validity,AMCLPose,Pose Monotonicity,0,647.87
489bf83a05af3e3298cecacd85d4d14a,Input Validity,Lidar,Lidar Frame Mistmatch,0,647.87
489bf83a05af3e3298cecacd85d4d14a,Input Validity,Lidar,Lidar Monotonicity,0,647.87
489bf83a05af3e3298cecacd85d4d14a,Input Validity,Odometry,Odometry Frame Mismatch,0,647.87
489bf83a05af3e3298cecacd85d4d14a,Input Validity,Odometry,Odometry Monotonicity,0,647.87
489bf83a05af3e3298cecacd85d4d14a,Input Validity,TF,TF Gap Count,0,647.87
489bf83a05af3e3298cecacd85d4d14a,Input Validity,TF,TF Frame Drop,1140,647.87
489bf83a05af3e3298cecacd85d4d14a,Input Validity,TF,TF Monotonicity,0,647.87
489bf83a05af3e3298cecacd85d4d14a,map,1.57498,1.37501,152.106,-5.575,-0.525,-92.6071,1,SUCCEEDED,1,22.82,625.05,647.87,0.0468806,0.118244,0.791194,0.0414124,0.00240335,0.0598687,0.0365097,536.109,2294,8.09371,22.7386,0.801951,0.715128,0,1140,0.914058
e2ecd6fe26f48965846f37ba5fec8c23,Localization Stability,TF,Jump Angular,0,654
e2ecd6fe26f48965846f37ba5fec8c23,Localization Stability,TF,Jump Linear,0,654
e2ecd6fe26f48965846f37ba5fec8c23,Input Validity,Lidar,Lidar Rate,10,653.1
e2ecd6fe26f48965846f37ba5fec8c23,Input Validity,Odometry,Odometry Rate,50,653.1
e2ecd6fe26f48965846f37ba5fec8c23,Input Validity,TF,TF Rate,10,653.1
e2ecd6fe26f48965846f37ba5fec8c23,Localization Stability,TF,Jump Angular,0.00189138,654.1
e2ecd6fe26f48965846f37ba5fec8c23,Localization Stability,TF,Jump Linear,0.0411015,654.1
e2ecd6fe26f48965846f37ba5fec8c23,Input Validity,Lidar,Lidar Rate,10,653.2
e2ecd6fe26f48965846f37ba5fec8c23,Input Validity,Odometry,Odometry Rate,50,653.2
e2ecd6fe26f48965846f37ba5fec8c23,Input Validity,TF,TF Rate,10,653.2
e2ecd6fe26f48965846f37ba5fec8c23,Localization Stability,TF,Jump Angular,0,654.2
e2ecd6fe26f48965846f37ba5fec8c23,Localization Stability,TF,Jump Linear,0,654.2
e2ecd6fe26f48965846f37ba5fec8c23,Input Validity,Lidar,Lidar Rate,10,653.3
e2ecd6fe26f48965846f37ba5fec8c23,Input Validity,Odometry,Odometry Rate,50,653.3
e2ecd6fe26f48965846f37ba5fec8c23,Input Validity,TF,TF Rate,10,653.3
e2ecd6fe26f48965846f37ba5fec8c23,Localization Quality,AMCLPose,CovYawYaw,0.00189181,653.3
e2ecd6fe26f48965846f37ba5fec8c23,Localization Quality,AMCLPose,CovYY,0.00221564,653.3
e2ecd6fe26f48965846f37ba5fec8c23,Localization Quality,AMCLPose,CovXX,0.00329934,653.3
e2ecd6fe26f48965846f37ba5fec8c23,Localization Quality,AMCLPose,MeanYaw,-1.00078,653.3
e2ecd6fe26f48965846f37ba5fec8c23,Localization Quality,AMCLPose,MeanY,-0.536445,653.3
e2ecd6fe26f48965846f37ba5fec8c23,Localization Quality,AMCLPose,MeanX,-5.49642,653.3
e2ecd6fe26f48965846f37ba5fec8c23,Localization Stability,TF,Jump Angular,0.000442987,654.3
e2ecd6fe26f48965846f37ba5fec8c23,Localization Stability,TF,Jump Linear,0.00901396,654.3
e2ecd6fe26f48965846f37ba5fec8c23,Input Validity,Lidar,Lidar Rate,10,653.4
e2ecd6fe26f48965846f37ba5fec8c23,Input Validity,Odometry,Odometry Rate,50,653.4
e2ecd6fe26f48965846f37ba5fec8c23,Input Validity,TF,TF Rate,10,653.4
e2ecd6fe26f48965846f37ba5fec8c23,Localization Quality,AMCLPose,CovYawYaw,0.00235225,653.4
e2ecd6fe26f48965846f37ba5fec8c23,Localization Quality,AMCLPose,CovYY,0.00250661,653.4
e2ecd6fe26f48965846f37ba5fec8c23,Localization Quality,AMCLPose,CovXX,0.00349859,653.4
e2ecd6fe26f48965846f37ba5fec8c23,Localization Quality,AMCLPose,MeanYaw,-0.920737,653.4
e2ecd6fe26f48965846f37ba5fec8c23,Localization Quality,AMCLPose,MeanY,-0.537743,653.4
e2ecd6fe26f48965846f37ba5fec8c23,Localization Quality,AMCLPose,MeanX,-5.4976,653.4
e2ecd6fe26f48965846f37ba5fec8c23,Localization Stability,TF,Jump Angular,0.000403004,654.4
e2ecd6fe26f48965846f37ba5fec8c23,Localization Stability,TF,Jump Linear,0.010547,654.4
e2ecd6fe26f48965846f37ba5fec8c23,Input Validity,Lidar,Lidar Rate,10,653.5
e2ecd6fe26f48965846f37ba5fec8c23,Input Validity,Odometry,Odometry Rate,50,653.5
e2ecd6fe26f48965846f37ba5fec8c23,Input Validity,TF,TF Rate,10,653.5
e2ecd6fe26f48965846f37ba5fec8c23,Localization Quality,AMCLPose,CovYawYaw,0.00292451,653.5
e2ecd6fe26f48965846f37ba5fec8c23,Localization Quality,AMCLPose,CovYY,0.00274976,653.5
e2ecd6fe26f48965846f37ba5fec8c23,Localization Quality,AMCLPose,CovXX,0.00369149,653.5
e2ecd6fe26f48965846f37ba5fec8c23,Localization Quality,AMCLPose,MeanYaw,-0.82359,653.5
e2ecd6fe26f48965846f37ba5fec8c23,Localization Quality,AMCLPose,MeanY,-0.538347,653.5
e2ecd6fe26f48965846f37ba5fec8c23,Localization Quality,AMCLPose,MeanX,-5.49679,653.5
e2ecd6fe26f48965846f37ba5fec8c23,Localization Stability,TF,Jump Angular,0.000561138,654.5
e2ecd6fe26f48965846f37ba5fec8c23,Localization Stability,TF,Jump Linear,0.0119679,654.5
e2ecd6fe26f48965846f37ba5fec8c23,Input Validity,Lidar,Lidar Rate,10,653.6
e2ecd6fe26f48965846f37ba5fec8c23,Input Validity,Odometry,Odometry Rate,50,653.6
e2ecd6fe26f48965846f37ba5fec8c23,Input Validity,TF,TF Rate,10,653.6
e2ecd6fe26f48965846f37ba5fec8c23,Localization Quality,AMCLPose,CovYawYaw,0.0034761,653.6
e2ecd6fe26f48965846f37ba5fec8c23,Localization Quality,AMCLPose,CovYY,0.0031517,653.6
e2ecd6fe26f48965846f37ba5fec8c23,Localization Quality,AMCLPose,CovXX,0.00398045,653.6
e2ecd6fe26f48965846f37ba5fec8c23,Localization Quality,AMCLPose,MeanYaw,-0.710693,653.6
e2ecd6fe26f48965846f37ba5fec8c23,Localization Quality,AMCLPose,MeanY,-0.540446,653.6
e2ecd6fe26f48965846f37ba5fec8c23,Localization Quality,AMCLPose,MeanX,-5.49719,653.6
e2ecd6fe26f48965846f37ba5fec8c23,Localization Stability,TF,Jump Angular,-0.000672493,654.6
e2ecd6fe26f48965846f37ba5fec8c23,Localization Stability,TF,Jump Linear,0.0135626,654.6
e2ecd6fe26f48965846f37ba5fec8c23,Input Validity,Lidar,Lidar Rate,10,653.69
e2ecd6fe26f48965846f37ba5fec8c23,Input Validity,Odometry,Odometry Rate,50,653.69
e2ecd6fe26f48965846f37ba5fec8c23,Input Validity,TF,TF Rate,10,653.69
e2ecd6fe26f48965846f37ba5fec8c23,Localization Quality,AMCLPose,CovYawYaw,0.00403078,653.7
e2ecd6fe26f48965846f37ba5fec8c23,Localization Quality,AMCLPose,CovYY,0.00326199,653.7
e2ecd6fe26f48965846f37ba5fec8c23,Localization Quality,AMCLPose,CovXX,0.00421921,653.7
e2ecd6fe26f48965846f37ba5fec8c23,Localization Quality,AMCLPose,MeanYaw,-0.620987,653.7
e2ecd6fe26f48965846f37ba5fec8c23,Localization Quality,AMCLPose,MeanY,-0.540643,653.7
e2ecd6fe26f48965846f37ba5fec8c23,Localization Quality,AMCLPose,MeanX,-5.49515,653.7
e2ecd6fe26f48965846f37ba5fec8c23,Localization Stability,TF,Jump Angular,-0.0021787,654.7
e2ecd6fe26f48965846f37ba5fec8c23,Localization Stability,TF,Jump Linear,0.0481447,654.7
e2ecd6fe26f48965846f37ba5fec8c23,Input Validity,Lidar,Lidar Rate,10,653.79
e2ecd6fe26f48965846f37ba5fec8c23,Input Validity,Odometry,Odometry Rate,50,653.79
e2ecd6fe26f48965846f37ba5fec8c23,Input Validity,TF,TF Rate,10,653.79
e2ecd6fe26f48965846f37ba5fec8c23,Localization Quality,AMCLPose,CovYawYaw,0.0027258,653.8
e2ecd6fe26f48965846f37ba5fec8c23,Localization Quality,AMCLPose,CovYY,0.00280328,653.8
e2ecd6fe26f48965846f37ba5fec8c23,Localization Quality,AMCLPose,CovXX,0.00360903,653.8
e2ecd6fe26f48965846f37ba5fec8c23,Localization Quality,AMCLPose,MeanYaw,-0.557399,653.8
e2ecd6fe26f48965846f37ba5fec8c23,Localization Quality,AMCLPose,MeanY,-0.545648,653.8
e2ecd6fe26f48965846f37ba5fec8c23,Localization Quality,AMCLPose,MeanX,-5.4886,653.8
e2ecd6fe26f48965846f37ba5fec8c23,Localization Stability,TF,Jump Angular,-0.000707889,654.8
e2ecd6fe26f48965846f37ba5fec8c23,Localization Stability,TF,Jump Linear,0.0140242,654.8
e2ecd6fe26f48965846f37ba5fec8c23,Input Validity,Lidar,Lidar Rate,10,653.89
e2ecd6fe26f48965846f37ba5fec8c23,Input Validity,Odometry,Odometry Rate,50,653.89
e2ecd6fe26f48965846f37ba5fec8c23,Input Validity,TF,TF Rate,10,653.89
e2ecd6fe26f48965846f37ba5fec8c23,Localization Quality,AMCLPose,CovYawYaw,0.00202456,653.9
e2ecd6fe26f48965846f37ba5fec8c23,Localization Quality,AMCLPose,CovYY,0.00253148,653.9
e2ecd6fe26f48965846f37ba5fec8c23,Localization Quality,AMCLPose,CovXX,0.00312737,653.9
e2ecd6fe26f48965846f37ba5fec8c23,Localization Quality,AMCLPose,MeanYaw,-0.496034,653.9
e2ecd6fe26f48965846f37ba5fec8c23,Localization Quality,AMCLPose,MeanY,-0.555622,653.9
e2ecd6fe26f48965846f37ba5fec8c23,Localization Quality,AMCLPose,MeanX,-5.47374,653.9
e2ecd6fe26f48965846f37ba5fec8c23,Localization Stability,TF,Jump Angular,0.000252087,654.9
e2ecd6fe26f48965846f37ba5fec8c23,Localization Stability,TF,Jump Linear,0.00659662,654.9
e2ecd6fe26f48965846f37ba5fec8c23,Input Validity,Lidar,Lidar Rate,10,653.99
e2ecd6fe26f48965846f37ba5fec8c23,Input Validity,Odometry,Odometry Rate,50,653.99
e2ecd6fe26f48965846f37ba5fec8c23,Input Validity,TF,TF Rate,10,653.99
e2ecd6fe26f48965846f37ba5fec8c23,Localization Quality,AMCLPose,CovYawYaw,0.00149762,654
e2ecd6fe26f48965846f37ba5fec8c23,Localization Quality,AMCLPose,CovYY,0.00232158,654
e2ecd6fe26f48965846f37ba5fec8c23,Localization Quality,AMCLPose,CovXX,0.00260571,654
e2ecd6fe26f48965846f37ba5fec8c23,Localization Quality,AMCLPose,MeanYaw,-0.444082,654
e2ecd6fe26f48965846f37ba5fec8c23,Localization Quality,AMCLPose,MeanY,-0.566313,654
e2ecd6fe26f48965846f37ba5fec8c23,Localization Quality,AMCLPose,MeanX,-5.45381,654
e2ecd6fe26f48965846f37ba5fec8c23,Localization Stability,TF,Jump Angular,-0.0017824,655
e2ecd6fe26f48965846f37ba5fec8c23,Localization Stability,TF,Jump Linear,0.0376095,655
e2ecd6fe26f48965846f37ba5fec8c23,Input Validity,Lidar,Lidar Rate,10,654.09
e2ecd6fe26f48965846f37ba5fec8c23,Input Validity,Odometry,Odometry Rate,50,654.09
e2ecd6fe26f48965846f37ba5fec8c23,Input Validity,TF,TF Rate,10,654.09
e2ecd6fe26f48965846f37ba5fec8c23,Localization Stability,TF,Jump Angular,0,655.1
e2ecd6fe26f48965846f37ba5fec8c23,Localization Stability,TF,Jump Linear,0,655.1
e2ecd6fe26f48965846f37ba5fec8c23,Input Validity,Lidar,Lidar Rate,10,654.19
e2ecd6fe26f48965846f37ba5fec8c23,Input Validity,Odometry,Odometry Rate,50,654.19
e2ecd6fe26f48965846f37ba5fec8c23,Input Validity,TF,TF Rate,10,654.19
e2ecd6fe26f48965846f37ba5fec8c23,Input Validity,Lidar,Lidar Rate,10,654.29
e2ecd6fe26f48965846f37ba5fec8c23,Input Validity,Odometry,Odometry Rate,50,654.29
e2ecd6fe26f48965846f37ba5fec8c23,Input Validity,TF,TF Rate,10,654.29
e2ecd6fe26f48965846f37ba5fec8c23,Localization Quality,AMCLPose,CovYawYaw,0.00187913,654.2
e2ecd6fe26f48965846f37ba5fec8c23,Localization Quality,AMCLPose,CovYY,0.00218905,654.2
e2ecd6fe26f48965846f37ba5fec8c23,Localization Quality,AMCLPose,CovXX,0.0027573,654.2
e2ecd6fe26f48965846f37ba5fec8c23,Localization Quality,AMCLPose,MeanYaw,-0.355433,654.2
e2ecd6fe26f48965846f37ba5fec8c23,Localization Quality,AMCLPose,MeanY,-0.593613,654.2
e2ecd6fe26f48965846f37ba5fec8c23,Localization Quality,AMCLPose,MeanX,-5.38935,654.2
e2ecd6fe26f48965846f37ba5fec8c23,Localization Stability,TF,Jump Angular,-0.00100103,655.2
e2ecd6fe26f48965846f37ba5fec8c23,Localization Stability,TF,Jump Linear,0.0214379,655.2
e2ecd6fe26f48965846f37ba5fec8c23,Localization Stability,TF,Jump Angular,0,655.3
e2ecd6fe26f48965846f37ba5fec8c23,Localization Stability,TF,Jump Linear,0,655.3
e2ecd6fe26f48965846f37ba5fec8c23,Input Validity,Lidar,Lidar Rate,10,654.39
e2ecd6fe26f48965846f37ba5fec8c23,Input Validity,Odometry,Odometry Rate,50,654.39
e2ecd6fe26f48965846f37ba5fec8c23,Input Validity,TF,TF Rate,10,654.39
e2ecd6fe26f48965846f37ba5fec8c23,Input Validity,Lidar,Lidar Rate,10,654.49
e2ecd6fe26f48965846f37ba5fec8c23,Input Validity,Odometry,Odometry Rate,50,654.49
e2ecd6fe26f48965846f37ba5fec8c23,Input Validity,TF,TF Rate,10,654.49
e2ecd6fe26f48965846f37ba5fec8c23,Localization Quality,AMCLPose,CovYawYaw,0.00213102,654.4
e2ecd6fe26f48965846f37ba5fec8c23,Localization Quality,AMCLPose,CovYY,0.00220964,654.4
e2ecd6fe26f48965846f37ba5fec8c23,Localization Quality,AMCLPose,CovXX,0.00297087,654.4
e2ecd6fe26f48965846f37ba5fec8c23,Localization Quality,AMCLPose,MeanYaw,-0.2789,654.4
e2ecd6fe26f48965846f37ba5fec8c23,Localization Quality,AMCLPose,MeanY,-0.621115,654.4
e2ecd6fe26f48965846f37ba5fec8c23,Localization Quality,AMCLPose,MeanX,-5.30546,654.4
e2ecd6fe26f48965846f37ba5fec8c23,Localization Stability,TF,Jump Angular,-0.00200966,655.4
e2ecd6fe26f48965846f37ba5fec8c23,Localization Stability,TF,Jump Linear,0.043672,655.4
e2ecd6fe26f48965846f37ba5fec8c23,Localization Stability,TF,Jump Angular,0,655.5
e2ecd6fe26f48965846f37ba5fec8c23,Localization Stability,TF,Jump Linear,0,655.5
e2ecd6fe26f48965846f37ba5fec8c23,Input Validity,Lidar,Lidar Rate,10,654.59
e2ecd6fe26f48965846f37ba5fec8c23,Input Validity,Odometry,Odometry Rate,50,654.59
e2ecd6fe26f48965846f37ba5fec8c23,Input Validity,TF,TF Rate,10,654.59
e2ecd6fe26f48965846f37ba5fec8c23,Input Validity,Lidar,Lidar Rate,10,654.69
e2ecd6fe26f48965846f37ba5fec8c23,Input Validity,Odometry,Odometry Rate,50,654.69
e2ecd6fe26f48965846f37ba5fec8c23,Input Validity,TF,TF Rate,10,654.69
e2ecd6fe26f48965846f37ba5fec8c23,Localization Quality,AMCLPose,CovYawYaw,0.0025364,654.6
e2ecd6fe26f48965846f37ba5fec8c23,Localization Quality,AMCLPose,CovYY,0.00215489,654.6
e2ecd6fe26f48965846f37ba5fec8c23,Localization Quality,AMCLPose,CovXX,0.0033332,654.6
e2ecd6fe26f48965846f37ba5fec8c23,Localization Quality,AMCLPose,MeanYaw,-0.21153,654.6
e2ecd6fe26f48965846f37ba5fec8c23,Localization Quality,AMCLPose,MeanY,-0.642845,654.6
e2ecd6fe26f48965846f37ba5fec8c23,Localization Quality,AMCLPose,MeanX,-5.21912,654.6
e2ecd6fe26f48965846f37ba5fec8c23,Localization Stability,TF,Jump Angular,-0.00159518,655.6
e2ecd6fe26f48965846f37ba5fec8c23,Localization Stability,TF,Jump Linear,0.0346225,655.6
e2ecd6fe26f48965846f37ba5fec8c23,Localization Stability,TF,Jump Angular,0,655.7
e2ecd6fe26f48965846f37ba5fec8c23,Localization Stability,TF,Jump Linear,0,655.7
e2ecd6fe26f48965846f37ba5fec8c23,Input Validity,Lidar,Lidar Rate,10,654.79
e2ecd6fe26f48965846f37ba5fec8c23,Input Validity,Odometry,Odometry Rate,50,654.79
e2ecd6fe26f48965846f37ba5fec8c23,Input Validity,TF,TF Rate,10,654.79
e2ecd6fe26f48965846f37ba5fec8c23,Localization Quality,AMCLPose,CovYawYaw,0.00267396,654.8
e2ecd6fe26f48965846f37ba5fec8c23,Localization Quality,AMCLPose,CovYY,0.00215246,654.8
e2ecd6fe26f48965846f37ba5fec8c23,Localization Quality,AMCLPose,CovXX,0.00364074,654.8
e2ecd6fe26f48965846f37ba5fec8c23,Localization Quality,AMCLPose,MeanYaw,-0.152267,654.8
e2ecd6fe26f48965846f37ba5fec8c23,Localization Quality,AMCLPose,MeanY,-0.658181,654.8
e2ecd6fe26f48965846f37ba5fec8c23,Localization Quality,AMCLPose,MeanX,-5.13413,654.8
e2ecd6fe26f48965846f37ba5fec8c23,Localization Stability,TF,Jump Angular,-0.000291143,655.8
e2ecd6fe26f48965846f37ba5fec8c23,Localization Stability,TF,Jump Linear,0.00452197,655.8
e2ecd6fe26f48965846f37ba5fec8c23,Input Validity,Lidar,Lidar Rate,10,654.89
e2ecd6fe26f48965846f37ba5fec8c23,Input Validity,Odometry,Odometry Rate,50,654.89
e2ecd6fe26f48965846f37ba5fec8c23,Input Validity,TF,TF Rate,10,654.89
e2ecd6fe26f48965846f37ba5fec8c23,Localization Stability,TF,Jump Angular,0,655.9
e2ecd6fe26f48965846f37ba5fec8c23,Localization Stability,TF,Jump Linear,0,655.9
e2ecd6fe26f48965846f37ba5fec8c23,Input Validity,Lidar,Lidar Rate,10,654.99
e2ecd6fe26f48965846f37ba5fec8c23,Input Validity,Odometry,Odometry Rate,50,654.99
e2ecd6fe26f48965846f37ba5fec8c23,Input Validity,TF,TF Rate,10,654.99
e2ecd6fe26f48965846f37ba5fec8c23,Localization Stability,TF,Jump Angular,0,656
e2ecd6fe26f48965846f37ba5fec8c23,Localization Stability,TF,Jump Linear,0,656
e2ecd6fe26f48965846f37ba5fec8c23,Input Validity,Lidar,Lidar Rate,10,655.09
e2ecd6fe26f48965846f37ba5fec8c23,Input Validity,Odometry,Odometry Rate,50,655.09
e2ecd6fe26f48965846f37ba5fec8c23,Input Validity,TF,TF Rate,10,655.09
e2ecd6fe26f48965846f37ba5fec8c23,Input Validity,Lidar,Lidar Rate,10,655.19
e2ecd6fe26f48965846f37ba5fec8c23,Input Validity,Odometry,Odometry Rate,50,655.19
e2ecd6fe26f48965846f37ba5fec8c23,Input Validity,TF,TF Rate,10,655.19
e2ecd6fe26f48965846f37ba5fec8c23,Localization Quality,AMCLPose,CovYawYaw,0.00354848,655.1
e2ecd6fe26f48965846f37ba5fec8c23,Localization Quality,AMCLPose,CovYY,0.00221705,655.1
e2ecd6fe26f48965846f37ba5fec8c23,Localization Quality,AMCLPose,CovXX,0.0042358,655.1
e2ecd6fe26f48965846f37ba5fec8c23,Localization Quality,AMCLPose,MeanYaw,-0.0931601,655.1
e2ecd6fe26f48965846f37ba5fec8c23,Localization Quality,AMCLPose,MeanY,-0.673234,655.1
e2ecd6fe26f48965846f37ba5fec8c23,Localization Quality,AMCLPose,MeanX,-5.0005,655.1
e2ecd6fe26f48965846f37ba5fec8c23,Localization Stability,TF,Jump Angular,-0.00137778,656.1
e2ecd6fe26f48965846f37ba5fec8c23,Localization Stability,TF,Jump Linear,0.0308039,656.1
e2ecd6fe26f48965846f37ba5fec8c23,Localization Stability,TF,Jump Angular,0,656.2
e2ecd6fe26f48965846f37ba5fec8c23,Localization Stability,TF,Jump Linear,0,656.2
e2ecd6fe26f48965846f37ba5fec8c23,Input Validity,Lidar,Lidar Rate,10,655.29
e2ecd6fe26f48965846f37ba5fec8c23,Input Validity,Odometry,Odometry Rate,50,655.29
e2ecd6fe26f48965846f37ba5fec8c23,Input Validity,TF,TF Rate,10,655.29
e2ecd6fe26f48965846f37ba5fec8c23,Localization Stability,TF,Jump Angular,0,656.3
e2ecd6fe26f48965846f37ba5fec8c23,Localization Stability,TF,Jump Linear,0,656.3
e2ecd6fe26f48965846f37ba5fec8c23,Input Validity,Lidar,Lidar Rate,10,655.38
e2ecd6fe26f48965846f37ba5fec8c23,Input Validity,Odometry,Odometry Rate,50,655.38
e2ecd6fe26f48965846f37ba5fec8c23,Input Validity,TF,TF Rate,10,655.38
e2ecd6fe26f48965846f37ba5fec8c23,Input Validity,Lidar,Lidar Rate,10,655.48
e2ecd6fe26f48965846f37ba5fec8c23,Input Validity,Odometry,Odometry Rate,50,655.48
e2ecd6fe26f48965846f37ba5fec8c23,Input Validity,TF,TF Rate,10,655.48
e2ecd6fe26f48965846f37ba5fec8c23,Localization Quality,AMCLPose,CovYawYaw,0.00418858,655.4
e2ecd6fe26f48965846f37ba5fec8c23,Localization Quality,AMCLPose,CovYY,0.00228663,655.4
e2ecd6fe26f48965846f37ba5fec8c23,Localization Quality,AMCLPose,CovXX,0.00466234,655.4
e2ecd6fe26f48965846f37ba5fec8c23,Localization Quality,AMCLPose,MeanYaw,-0.0646979,655.4
e2ecd6fe26f48965846f37ba5fec8c23,Localization Quality,AMCLPose,MeanY,-0.681058,655.4
e2ecd6fe26f48965846f37ba5fec8c23,Localization Quality,AMCLPose,MeanX,-4.86718,655.4
e2ecd6fe26f48965846f37ba5fec8c23,Localization Stability,TF,Jump Angular,0.00189781,656.4
e2ecd6fe26f48965846f37ba5fec8c23,Localization Stability,TF,Jump Linear,0.0424241,656.4
e2ecd6fe26f48965846f37ba5fec8c23,Localization Stability,TF,Jump Angular,0,656.5
e2ecd6fe26f48965846f37ba5fec8c23,Localization Stability,TF,Jump Linear,0,656.5
e2ecd6fe26f48965846f37ba5fec8c23,Input Validity,Lidar,Lidar Rate,10,655.58
e2ecd6fe26f48965846f37ba5fec8c23,Input Validity,Odometry,Odometry Rate,50,655.58
e2ecd6fe26f48965846f37ba5fec8c23,Input Validity,TF,TF Rate,10,655.58
e2ecd6fe26f48965846f37ba5fec8c23,Localization Stability,TF,Jump Angular,0,656.6
e2ecd6fe26f48965846f37ba5fec8c23,Localization Stability,TF,Jump Linear,0,656.6
e2ecd6fe26f48965846f37ba5fec8c23,Input Validity,Lidar,Lidar Rate,10,655.68
e2ecd6fe26f48965846f37ba5fec8c23,Input Validity,Odometry,Odometry Rate,50,655.68
e2ecd6fe26f48965846f37ba5fec8c23,Input Validity,TF,TF Rate,10,655.68
e2ecd6fe26f48965846f37ba5fec8c23,Input Validity,Lidar,Lidar Rate,10,655.78
e2ecd6fe26f48965846f37ba5fec8c23,Input Validity,Odometry,Odometry Rate,50,655.78
e2ecd6fe26f48965846f37ba5fec8c23,Input Validity,TF,TF Rate,10,655.78
e2ecd6fe26f48965846f37ba5fec8c23,Localization Quality,AMCLPose,CovYawYaw,0.00451642,655.7
e2ecd6fe26f48965846f37ba5fec8c23,Localization Quality,AMCLPose,CovYY,0.00255212,655.7
e2ecd6fe26f48965846f37ba5fec8c23,Localization Quality,AMCLPose,CovXX,0.00527023,655.7
e2ecd6fe26f48965846f37ba5fec8c23,Localization Quality,AMCLPose,MeanYaw,-0.0428203,655.7
e2ecd6fe26f48965846f37ba5fec8c23,Localization Quality,AMCLPose,MeanY,-0.688326,655.7
e2ecd6fe26f48965846f37ba5fec8c23,Localization Quality,AMCLPose,MeanX,-4.73134,655.7
e2ecd6fe26f48965846f37ba5fec8c23,Localization Stability,TF,Jump Angular,0.000784506,656.7
e2ecd6fe26f48965846f37ba5fec8c23,Localization Stability,TF,Jump Linear,0.0168006,656.7
e2ecd6fe26f48965846f37ba5fec8c23,Localization Stability,TF,Jump Angular,0,656.8
e2ecd6fe26f48965846f37ba5fec8c23,Localization Stability,TF,Jump Linear,0,656.8
e2ecd6fe26f48965846f37ba5fec8c23,Input Validity,Lidar,Lidar Rate,10,655.88
e2ecd6fe26f48965846f37ba5fec8c23,Input Validity,Odometry,Odometry Rate,50,655.88
e2ecd6fe26f48965846f37ba5fec8c23,Input Validity,TF,TF Rate,10,655.88
e2ecd6fe26f48965846f37ba5fec8c23,Localization Stability,TF,Jump Angular,0,656.9
e2ecd6fe26f48965846f37ba5fec8c23,Localization Stability,TF,Jump Linear,0,656.9
e2ecd6fe26f48965846f37ba5fec8c23,Input Validity,Lidar,Lidar Rate,10,655.98
e2ecd6fe26f48965846f37ba5fec8c23,Input Validity,Odometry,Odometry Rate,50,655.98
e2ecd6fe26f48965846f37ba5fec8c23,Input Validity,TF,TF Rate,10,655.98
e2ecd6fe26f48965846f37ba5fec8c23,Input Validity,Lidar,Lidar Rate,10,656.08
e2ecd6fe26f48965846f37ba5fec8c23,Input Validity,Odometry,Odometry Rate,50,656.08
e2ecd6fe26f48965846f37ba5fec8c23,Input Validity,TF,TF Rate,10,656.08
e2ecd6fe26f48965846f37ba5fec8c23,Localization Quality,AMCLPose,CovYawYaw,0.00449651,656
e2ecd6fe26f48965846f37ba5fec8c23,Localization Quality,AMCLPose,CovYY,0.00269193,656
e2ecd6fe26f48965846f37ba5fec8c23,Localization Quality,AMCLPose,CovXX,0.00573424,656
e2ecd6fe26f48965846f37ba5fec8c23,Localization Quality,AMCLPose,MeanYaw,-0.0334937,656
e2ecd6fe26f48965846f37ba5fec8c23,Localization Quality,AMCLPose,MeanY,-0.692154,656
e2ecd6fe26f48965846f37ba5fec8c23,Localization Quality,AMCLPose,MeanX,-4.5938,656
e2ecd6fe26f48965846f37ba5fec8c23,Localization Stability,TF,Jump Angular,-0.00139381,657
e2ecd6fe26f48965846f37ba5fec8c23,Localization Stability,TF,Jump Linear,0.0343079,657
e2ecd6fe26f48965846f37ba5fec8c23,Localization Stability,TF,Jump Angular,0,657.1
e2ecd6fe26f48965846f37ba5fec8c23,Localization Stability,TF,Jump Linear,0,657.1
e2ecd6fe26f48965846f37ba5fec8c23,Input Validity,Lidar,Lidar Rate,10,656.18
e2ecd6fe26f48965846f37ba5fec8c23,Input Validity,Odometry,Odometry Rate,50,656.18
e2ecd6fe26f48965846f37ba5fec8c23,Input Validity,TF,TF Rate,10,656.18
e2ecd6fe26f48965846f37ba5fec8c23,Input Validity,Lidar,Lidar Rate,10,656.28
e2ecd6fe26f48965846f37ba5fec8c23,Input Validity,Odometry,Odometry Rate,50,656.28
e2ecd6fe26f48965846f37ba5fec8c23,Input Validity,TF,TF Rate,10,656.28
e2ecd6fe26f48965846f37ba5fec8c23,Input Validity,Lidar,Lidar Rate,10,656.38
e2ecd6fe26f48965846f37ba5fec8c23,Input Validity,Odometry,Odometry Rate,50,656.38
e2ecd6fe26f48965846f37ba5fec8c23,Input Validity,TF,TF Rate,10,656.38
e2ecd6fe26f48965846f37ba5fec8c23,Input Validity,Lidar,Lidar Rate,10,656.48
e2ecd6fe26f48965846f37ba5fec8c23,Input Validity,Odometry,Odometry Rate,50,656.48
e2ecd6fe26f48965846f37ba5fec8c23,Input Validity,TF,TF Rate,10,656.48
e2ecd6fe26f48965846f37ba5fec8c23,Input Validity,Lidar,Lidar Rate,10,656.58
e2ecd6fe26f48965846f37ba5fec8c23,Input Validity,Odometry,Odometry Rate,50,656.58
e2ecd6fe26f48965846f37ba5fec8c23,Input Validity,TF,TF Rate,10,656.58
e2ecd6fe26f48965846f37ba5fec8c23,Input Validity,Lidar,Lidar Rate,10,656.68
e2ecd6fe26f48965846f37ba5fec8c23,Input Validity,Odometry,Odometry Rate,50,656.68
e2ecd6fe26f48965846f37ba5fec8c23,Input Validity,TF,TF Rate,10,656.68
e2ecd6fe26f48965846f37ba5fec8c23,Localization Quality,AMCLPose,CovYawYaw,7.96906,656.2
e2ecd6fe26f48965846f37ba5fec8c23,Localization Quality,AMCLPose,CovYY,8.04367,656.2
e2ecd6fe26f48965846f37ba5fec8c23,Localization Quality,AMCLPose,CovXX,26.831,656.2
e2ecd6fe26f48965846f37ba5fec8c23,Localization Quality,AMCLPose,MeanYaw,-2.8569,656.2
e2ecd6fe26f48965846f37ba5fec8c23,Localization Quality,AMCLPose,MeanY,-0.643815,656.2
e2ecd6fe26f48965846f37ba5fec8c23,Localization Quality,AMCLPose,MeanX,0.32832,656.2
e2ecd6fe26f48965846f37ba5fec8c23,Localization Stability,TF,Jump Angular,-2.80903,657.2
e2ecd6fe26f48965846f37ba5fec8c23,Localization Stability,TF,Jump Linear,47.8558,657.2
e2ecd6fe26f48965846f37ba5fec8c23,Localization Stability,TF,Jump Angular,0,657.3
e2ecd6fe26f48965846f37ba5fec8c23,Localization Stability,TF,Jump Linear,0,657.3
e2ecd6fe26f48965846f37ba5fec8c23,Localization Stability,TF,Jump Angular,0,657.4
e2ecd6fe26f48965846f37ba5fec8c23,Localization Stability,TF,Jump Linear,0,657.4
e2ecd6fe26f48965846f37ba5fec8c23,Input Validity,Lidar,Lidar Rate,10,656.78
e2ecd6fe26f48965846f37ba5fec8c23,Input Validity,Odometry,Odometry Rate,50,656.78
e2ecd6fe26f48965846f37ba5fec8c23,Input Validity,TF,TF Rate,10,656.78
e2ecd6fe26f48965846f37ba5fec8c23,Input Validity,Lidar,Lidar Rate,10,656.88
e2ecd6fe26f48965846f37ba5fec8c23,Input Validity,Odometry,Odometry Rate,50,656.88
e2ecd6fe26f48965846f37ba5fec8c23,Input Validity,TF,TF Rate,10,656.88
e2ecd6fe26f48965846f37ba5fec8c23,Input Validity,Lidar,Lidar Rate,10,656.97
e2ecd6fe26f48965846f37ba5fec8c23,Input Validity,Odometry,Odometry Rate,50,656.97
e2ecd6fe26f48965846f37ba5fec8c23,Input Validity,TF,TF Rate,10,656.97
e2ecd6fe26f48965846f37ba5fec8c23,Input Validity,Lidar,Lidar Rate,10,657.07
e2ecd6fe26f48965846f37ba5fec8c23,Input Validity,Odometry,Odometry Rate,50,657.07
e2ecd6fe26f48965846f37ba5fec8c23,Input Validity,TF,TF Rate,10,657.07
e2ecd6fe26f48965846f37ba5fec8c23,Input Validity,Lidar,Lidar Rate,10,657.17
e2ecd6fe26f48965846f37ba5fec8c23,Input Validity,Odometry,Odometry Rate,50,657.17
e2ecd6fe26f48965846f37ba5fec8c23,Input Validity,TF,TF Rate,10,657.17
e2ecd6fe26f48965846f37ba5fec8c23,Localization Quality,AMCLPose,CovYawYaw,7.09597,656.5
e2ecd6fe26f48965846f37ba5fec8c23,Localization Quality,AMCLPose,CovYY,8.06275,656.5
e2ecd6fe26f48965846f37ba5fec8c23,Localization Quality,AMCLPose,CovXX,28.4459,656.5
e2ecd6fe26f48965846f37ba5fec8c23,Localization Quality,AMCLPose,MeanYaw,2.96611,656.5
e2ecd6fe26f48965846f37ba5fec8c23,Localization Quality,AMCLPose,MeanY,-0.601379,656.5
e2ecd6fe26f48965846f37ba5fec8c23,Localization Quality,AMCLPose,MeanX,0.395554,656.5
e2ecd6fe26f48965846f37ba5fec8c23,Localization Stability,TF,Jump Angular,-0.418083,657.5
e2ecd6fe26f48965846f37ba5fec8c23,Localization Stability,TF,Jump Linear,9.22857,657.5
e2ecd6fe26f48965846f37ba5fec8c23,Input Validity,Lidar,Lidar Rate,10,657.27
e2ecd6fe26f48965846f37ba5fec8c23,Input Validity,Odometry,Odometry Rate,50,657.27
e2ecd6fe26f48965846f37ba5fec8c23,Input Validity,TF,TF Rate,10,657.27
e2ecd6fe26f48965846f37ba5fec8c23,Input Validity,Lidar,Lidar Rate,10,657.37
e2ecd6fe26f48965846f37ba5fec8c23,Input Validity,Odometry,Odometry Rate,50,657.37
e2ecd6fe26f48965846f37ba5fec8c23,Input Validity,TF,TF Rate,10,657.37
e2ecd6fe26f48965846f37ba5fec8c23,Input Validity,Lidar,Lidar Rate,10,657.47
e2ecd6fe26f48965846f37ba5fec8c23,Input Validity,Odometry,Odometry Rate,50,657.47
e2ecd6fe26f48965846f37ba5fec8c23,Input Validity,TF,TF Rate,10,657.47
e2ecd6fe26f48965846f37ba5fec8c23,Input Validity,Lidar,Lidar Rate,10,657.57
e2ecd6fe26f48965846f37ba5fec8c23,Input Validity,Odometry,Odometry Rate,50,657.57
e2ecd6fe26f48965846f37ba5fec8c23,Input Validity,TF,TF Rate,10,657.57
e2ecd6fe26f48965846f37ba5fec8c23,Input Validity,Lidar,Lidar Rate,10,657.67
e2ecd6fe26f48965846f37ba5fec8c23,Input Validity,Odometry,Odometry Rate,50,657.67
e2ecd6fe26f48965846f37ba5fec8c23,Input Validity,TF,TF Rate,10,657.67
e2ecd6fe26f48965846f37ba5fec8c23,Localization Quality,AMCLPose,CovYawYaw,7.88527,656.8
e2ecd6fe26f48965846f37ba5fec8c23,Localization Quality,AMCLPose,CovYY,8.05488,656.8
e2ecd6fe26f48965846f37ba5fec8c23,Localization Quality,AMCLPose,CovXX,29.7842,656.8
e2ecd6fe26f48965846f37ba5fec8c23,Localization Quality,AMCLPose,MeanYaw,-2.95689,656.8
e2ecd6fe26f48965846f37ba5fec8c23,Localization Quality,AMCLPose,MeanY,-0.652537,656.8
e2ecd6fe26f48965846f37ba5fec8c23,Localization Quality,AMCLPose,MeanX,0.363368,656.8
e2ecd6fe26f48965846f37ba5fec8c23,Localization Stability,TF,Jump Angular,0.422736,657.8
e2ecd6fe26f48965846f37ba5fec8c23,Localization Stability,TF,Jump Linear,9.6022,657.8
e2ecd6fe26f48965846f37ba5fec8c23,Input Validity,Lidar,Lidar Rate,10,657.77
e2ecd6fe26f48965846f37ba5fec8c23,Input Validity,Odometry,Odometry Rate,50,657.77
e2ecd6fe26f48965846f37ba5fec8c23,Input Validity,TF,TF Rate,9,657.77
e2ecd6fe26f48965846f37ba5fec8c23,Input Validity,Lidar,Lidar Rate,10,657.87
e2ecd6fe26f48965846f37ba5fec8c23,Input Validity,Odometry,Odometry Rate,50,657.87
e2ecd6fe26f48965846f37ba5fec8c23,Input Validity,TF,TF Rate,9,657.87
e2ecd6fe26f48965846f37ba5fec8c23,Input Validity,Lidar,Lidar Rate,10,657.97
e2ecd6fe26f48965846f37ba5fec8c23,Input Validity,Odometry,Odometry Rate,50,657.97
e2ecd6fe26f48965846f37ba5fec8c23,Input Validity,TF,TF Rate,9,657.97
e2ecd6fe26f48965846f37ba5fec8c23,Input Validity,Lidar,Lidar Rate,10,658.07
e2ecd6fe26f48965846f37ba5fec8c23,Input Validity,Odometry,Odometry Rate,50,658.07
e2ecd6fe26f48965846f37ba5fec8c23,Input Validity,TF,TF Rate,9,658.07
e2ecd6fe26f48965846f37ba5fec8c23,Localization Quality,AMCLPose,CovYawYaw,7.25588,657.2
e2ecd6fe26f48965846f37ba5fec8c23,Localization Quality,AMCLPose,CovYY,7.97787,657.2
e2ecd6fe26f48965846f37ba5fec8c23,Localization Quality,AMCLPose,CovXX,31.2793,657.2
e2ecd6fe26f48965846f37ba5fec8c23,Localization Quality,AMCLPose,MeanYaw,-0.198419,657.2
e2ecd6fe26f48965846f37ba5fec8c23,Localization Quality,AMCLPose,MeanY,-0.727405,657.2
e2ecd6fe26f48965846f37ba5fec8c23,Localization Quality,AMCLPose,MeanX,0.372008,657.2
e2ecd6fe26f48965846f37ba5fec8c23,Localization Stability,TF,Jump Angular,2.83421,658.2
e2ecd6fe26f48965846f37ba5fec8c23,Localization Stability,TF,Jump Linear,45.155,658.2
e2ecd6fe26f48965846f37ba5fec8c23,Input Validity,Lidar,Lidar Rate,10,658.17
e2ecd6fe26f48965846f37ba5fec8c23,Input Validity,Odometry,Odometry Rate,50,658.17
e2ecd6fe26f48965846f37ba5fec8c23,Input Validity,TF,TF Rate,7.5,658.17
e2ecd6fe26f48965846f37ba5fec8c23,Input Validity,Lidar,Lidar Rate,10,658.27
e2ecd6fe26f48965846f37ba5fec8c23,Input Validity,Odometry,Odometry Rate,50,658.27
e2ecd6fe26f48965846f37ba5fec8c23,Input Validity,TF,TF Rate,7.5,658.27
e2ecd6fe26f48965846f37ba5fec8c23,Input Validity,Lidar,Lidar Rate,10,658.37
e2ecd6fe26f48965846f37ba5fec8c23,Input Validity,Odometry,Odometry Rate,50,658.37
e2ecd6fe26f48965846f37ba5fec8c23,Input Validity,TF,TF Rate,7.5,658.37
e2ecd6fe26f48965846f37ba5fec8c23,Input Validity,Lidar,Lidar Rate,10,658.47
e2ecd6fe26f48965846f37ba5fec8c23,Input Validity,Odometry,Odometry Rate,50,658.47
e2ecd6fe26f48965846f37ba5fec8c23,Input Validity,TF,TF Rate,7.5,658.47
e2ecd6fe26f48965846f37ba5fec8c23,Localization Quality,AMCLPose,CovYawYaw,5.38063,657.6
e2ecd6fe26f48965846f37ba5fec8c23,Localization Quality,AMCLPose,CovYY,7.49546,657.6
e2ecd6fe26f48965846f37ba5fec8c23,Localization Quality,AMCLPose,CovXX,33.4463,657.6
e2ecd6fe26f48965846f37ba5fec8c23,Localization Quality,AMCLPose,MeanYaw,-0.35028,657.6
e2ecd6fe26f48965846f37ba5fec8c23,Localization Quality,AMCLPose,MeanY,-0.360483,657.6
e2ecd6fe26f48965846f37ba5fec8c23,Localization Quality,AMCLPose,MeanX,7.10112,657.6
e2ecd6fe26f48965846f37ba5fec8c23,Localization Stability,TF,Jump Angular,-0.306861,658.6
e2ecd6fe26f48965846f37ba5fec8c23,Localization Stability,TF,Jump Linear,13.4489,658.6
e2ecd6fe26f48965846f37ba5fec8c23,Input Validity,Lidar,Lidar Rate,10,658.56
e2ecd6fe26f48965846f37ba5fec8c23,Input Validity,Odometry,Odometry Rate,50,658.56
e2ecd6fe26f48965846f37ba5fec8c23,Input Validity,TF,TF Rate,6,658.56
e2ecd6fe26f48965846f37ba5fec8c23,Localization Quality,AMCLPose,CovYawYaw,5.27102,658
e2ecd6fe26f48965846f37ba5fec8c23,Localization Quality,AMCLPose,CovYY,7.60372,658
e2ecd6fe26f48965846f37ba5fec8c23,Localization Quality,AMCLPose,CovXX,33.3688,658
e2ecd6fe26f48965846f37ba5fec8c23,Localization Quality,AMCLPose,MeanYaw,-0.586896,658
e2ecd6fe26f48965846f37ba5fec8c23,Localization Quality,AMCLPose,MeanY,-1.79637,658
e2ecd6fe26f48965846f37ba5fec8c23,Localization Quality,AMCLPose,MeanX,4.72803,658
e2ecd6fe26f48965846f37ba5fec8c23,Localization Stability,TF,Jump Angular,-0.636616,659
e2ecd6fe26f48965846f37ba5fec8c23,Localization Stability,TF,Jump Linear,12.1969,659
e2ecd6fe26f48965846f37ba5fec8c23,Input Validity,Lidar,Lidar Rate,10,658.67
e2ecd6fe26f48965846f37ba5fec8c23,Input Validity,Odometry,Odometry Rate,50,658.67
e2ecd6fe26f48965846f37ba5fec8c23,Input Validity,TF,TF Rate,4.5,658.67
e2ecd6fe26f48965846f37ba5fec8c23,Input Validity,Lidar,Lidar Rate,10,658.76
e2ecd6fe26f48965846f37ba5fec8c23,Input Validity,Odometry,Odometry Rate,50,658.76
e2ecd6fe26f48965846f37ba5fec8c23,Input Validity,TF,TF Rate,4.5,658.76
e2ecd6fe26f48965846f37ba5fec8c23,Localization Quality,AMCLPose,CovYawYaw,5.12587,658.1
e2ecd6fe26f48965846f37ba5fec8c23,Localization Quality,AMCLPose,CovYY,7.63989,658.1
e2ecd6fe26f48965846f37ba5fec8c23,Localization Quality,AMCLPose,CovXX,33.2593,658.1
e2ecd6fe26f48965846f37ba5fec8c23,Localization Quality,AMCLPose,MeanYaw,-0.0709035,658.1
e2ecd6fe26f48965846f37ba5fec8c23,Localization Quality,AMCLPose,MeanY,-0.797538,658.1
e2ecd6fe26f48965846f37ba5fec8c23,Localization Quality,AMCLPose,MeanX,7.71679,658.1
e2ecd6fe26f48965846f37ba5fec8c23,Localization Stability,TF,Jump Angular,0.415992,659.1
e2ecd6fe26f48965846f37ba5fec8c23,Localization Stability,TF,Jump Linear,6.87567,659.1
e2ecd6fe26f48965846f37ba5fec8c23,Localization Quality,AMCLPose,CovYawYaw,5.33714,658.2
e2ecd6fe26f48965846f37ba5fec8c23,Localization Quality,AMCLPose,CovYY,7.60943,658.2
e2ecd6fe26f48965846f37ba5fec8c23,Localization Quality,AMCLPose,CovXX,32.673,658.2
e2ecd6fe26f48965846f37ba5fec8c23,Localization Quality,AMCLPose,MeanYaw,-0.089082,658.2
e2ecd6fe26f48965846f37ba5fec8c23,Localization Quality,AMCLPose,MeanY,-0.757122,658.2
e2ecd6fe26f48965846f37ba5fec8c23,Localization Quality,AMCLPose,MeanX,7.6832,658.2
e2ecd6fe26f48965846f37ba5fec8c23,Input Validity,Lidar,Lidar Rate,10,658.86
e2ecd6fe26f48965846f37ba5fec8c23,Input Validity,Odometry,Odometry Rate,50,658.86
e2ecd6fe26f48965846f37ba5fec8c23,Input Validity,TF,TF Rate,4.5,658.86
e2ecd6fe26f48965846f37ba5fec8c23,Localization Stability,TF,Jump Angular,-0.118179,659.2
e2ecd6fe26f48965846f37ba5fec8c23,Localization Stability,TF,Jump Linear,2.68291,659.2
e2ecd6fe26f48965846f37ba5fec8c23,Input Validity,Lidar,Lidar Rate,10,658.96
e2ecd6fe26f48965846f37ba5fec8c23,Input Validity,Odometry,Odometry Rate,50,658.96
e2ecd6fe26f48965846f37ba5fec8c23,Input Validity,TF,TF Rate,4.5,658.96
e2ecd6fe26f48965846f37ba5fec8c23,Localization Quality,AMCLPose,CovYawYaw,5.38836,658.3
e2ecd6fe26f48965846f37ba5fec8c23,Localization Quality,AMCLPose,CovYY,7.675,658.3
e2ecd6fe26f48965846f37ba5fec8c23,Localization Quality,AMCLPose,CovXX,32.6549,658.3
e2ecd6fe26f48965846f37ba5fec8c23,Localization Quality,AMCLPose,MeanYaw,0.0569449,658.3
e2ecd6fe26f48965846f37ba5fec8c23,Localization Quality,AMCLPose,MeanY,-0.938045,658.3
e2ecd6fe26f48965846f37ba5fec8c23,Localization Quality,AMCLPose,MeanX,7.69287,658.3
e2ecd6fe26f48965846f37ba5fec8c23,Localization Stability,TF,Jump Angular,0.0460269,659.3
e2ecd6fe26f48965846f37ba5fec8c23,Localization Stability,TF,Jump Linear,1.05511,659.3
e2ecd6fe26f48965846f37ba5fec8c23,Input Validity,Lidar,Lidar Rate,10,659.06
e2ecd6fe26f48965846f37ba5fec8c23,Input Validity,Odometry,Odometry Rate,50,659.06
e2ecd6fe26f48965846f37ba5fec8c23,Input Validity,TF,TF Rate,4.5,659.06
e2ecd6fe26f48965846f37ba5fec8c23,Input Validity,Lidar,Lidar Rate,10,659.16
e2ecd6fe26f48965846f37ba5fec8c23,Input Validity,Odometry,Odometry Rate,50,659.16
e2ecd6fe26f48965846f37ba5fec8c23,Input Validity,TF,TF Rate,4.5,659.16
e2ecd6fe26f48965846f37ba5fec8c23,Localization Quality,AMCLPose,CovYawYaw,4.54564,658.4
e2ecd6fe26f48965846f37ba5fec8c23,Localization Quality,AMCLPose,CovYY,6.88033,658.4
e2ecd6fe26f48965846f37ba5fec8c23,Localization Quality,AMCLPose,CovXX,30.9295,658.4
e2ecd6fe26f48965846f37ba5fec8c23,Localization Quality,AMCLPose,MeanYaw,-1.99689,658.4
e2ecd6fe26f48965846f37ba5fec8c23,Localization Quality,AMCLPose,MeanY,-0.528226,658.4
e2ecd6fe26f48965846f37ba5fec8c23,Localization Quality,AMCLPose,MeanX,-6.22808,658.4
e2ecd6fe26f48965846f37ba5fec8c23,Localization Stability,TF,Jump Angular,-2.15384,659.4
e2ecd6fe26f48965846f37ba5fec8c23,Localization Stability,TF,Jump Linear,36.0473,659.4
e2ecd6fe26f48965846f37ba5fec8c23,Input Validity,Lidar,Lidar Rate,10,659.26
e2ecd6fe26f48965846f37ba5fec8c23,Input Validity,Odometry,Odometry Rate,50,659.26
e2ecd6fe26f48965846f37ba5fec8c23,Input Validity,TF,TF Rate,4.5,659.26
e2ecd6fe26f48965846f37ba5fec8c23,Input Validity,Lidar,Lidar Rate,10,659.36
e2ecd6fe26f48965846f37ba5fec8c23,Input Validity,Odometry,Odometry Rate,50,659.36
e2ecd6fe26f48965846f37ba5fec8c23,Input Validity,TF,TF Rate,4.5,659.36
e2ecd6fe26f48965846f37ba5fec8c23,Input Validity,Lidar,Lidar Rate,10,659.46
e2ecd6fe26f48965846f37ba5fec8c23,Input Validity,Odometry,Odometry Rate,50,659.46
e2ecd6fe26f48965846f37ba5fec8c23,Input Validity,TF,TF Rate,4.5,659.46
e2ecd6fe26f48965846f37ba5fec8c23,Input Validity,Lidar,Lidar Rate,10,659.56
e2ecd6fe26f48965846f37ba5fec8c23,Input Validity,Odometry,Odometry Rate,50,659.56
e2ecd6fe26f48965846f37ba5fec8c23,Input Validity,TF,TF Rate,4.5,659.56
e2ecd6fe26f48965846f37ba5fec8c23,Localization Quality,AMCLPose,CovYawYaw,3.00498,658.6
e2ecd6fe26f48965846f37ba5fec8c23,Localization Quality,AMCLPose,CovYY,5.29922,658.6
e2ecd6fe26f48965846f37ba5fec8c23,Localization Quality,AMCLPose,CovXX,27.9304,658.6
e2ecd6fe26f48965846f37ba5fec8c23,Localization Quality,AMCLPose,MeanYaw,-1.85483,658.6
e2ecd6fe26f48965846f37ba5fec8c23,Localization Quality,AMCLPose,MeanY,-0.482811,658.6
e2ecd6fe26f48965846f37ba5fec8c23,Localization Quality,AMCLPose,MeanX,-5.98524,658.6
e2ecd6fe26f48965846f37ba5fec8c23,Localization Stability,TF,Jump Angular,-0.0579317,659.6
e2ecd6fe26f48965846f37ba5fec8c23,Localization Stability,TF,Jump Linear,1.16292,659.6
e2ecd6fe26f48965846f37ba5fec8c23,Input Validity,Lidar,Lidar Rate,10,659.66
e2ecd6fe26f48965846f37ba5fec8c23,Input Validity,Odometry,Odometry Rate,50,659.66
e2ecd6fe26f48965846f37ba5fec8c23,Input Validity,TF,TF Rate,4.44444,659.66
e2ecd6fe26f48965846f37ba5fec8c23,Input Validity,Lidar,Lidar Rate,10,659.76
e2ecd6fe26f48965846f37ba5fec8c23,Input Validity,Odometry,Odometry Rate,50,659.76
e2ecd6fe26f48965846f37ba5fec8c23,Input Validity,TF,TF Rate,4.44444,659.76
e2ecd6fe26f48965846f37ba5fec8c23,Input Validity,Lidar,Lidar Rate,10,659.86
e2ecd6fe26f48965846f37ba5fec8c23,Input Validity,Odometry,Odometry Rate,50,659.86
e2ecd6fe26f48965846f37ba5fec8c23,Input Validity,TF,TF Rate,4.44444,659.86
e2ecd6fe26f48965846f37ba5fec8c23,Input Validity,Lidar,Lidar Rate,10,659.96
e2ecd6fe26f48965846f37ba5fec8c23,Input Validity,Odometry,Odometry Rate,50,659.96
e2ecd6fe26f48965846f37ba5fec8c23,Input Validity,TF,TF Rate,4.44444,659.96
e2ecd6fe26f48965846f37ba5fec8c23,Localization Quality,AMCLPose,CovYawYaw,1.64784,659.1
e2ecd6fe26f48965846f37ba5fec8c23,Localization Quality,AMCLPose,CovYY,3.3121,659.1
e2ecd6fe26f48965846f37ba5fec8c23,Localization Quality,AMCLPose,CovXX,21.6151,659.1
e2ecd6fe26f48965846f37ba5fec8c23,Localization Quality,AMCLPose,MeanYaw,-1.43015,659.1
e2ecd6fe26f48965846f37ba5fec8c23,Localization Quality,AMCLPose,MeanY,-0.447685,659.1
e2ecd6fe26f48965846f37ba5fec8c23,Localization Quality,AMCLPose,MeanX,-5.65434,659.1
e2ecd6fe26f48965846f37ba5fec8c23,Localization Stability,TF,Jump Angular,-0.0333884,660.1
e2ecd6fe26f48965846f37ba5fec8c23,Localization Stability,TF,Jump Linear,0.580207,660.1
e2ecd6fe26f48965846f37ba5fec8c23,Localization Stability,TF,Jump Angular,0,660.5
e2ecd6fe26f48965846f37ba5fec8c23,Localization Stability,TF,Jump Linear,0,660.5
e2ecd6fe26f48965846f37ba5fec8c23,Localization Stability,TF,Jump Angular,0,660.6
e2ecd6fe26f48965846f37ba5fec8c23,Localization Stability,TF,Jump Linear,0,660.6
e2ecd6fe26f48965846f37ba5fec8c23,Localization Stability,TF,Jump Angular,0,660.7
e2ecd6fe26f48965846f37ba5fec8c23,Localization Stability,TF,Jump Linear,0,660.7
e2ecd6fe26f48965846f37ba5fec8c23,Localization Stability,TF,Jump Angular,0,660.8
e2ecd6fe26f48965846f37ba5fec8c23,Localization Stability,TF,Jump Linear,0,660.8
e2ecd6fe26f48965846f37ba5fec8c23,Localization Stability,TF,Jump Angular,0,660.9
e2ecd6fe26f48965846f37ba5fec8c23,Localization Stability,TF,Jump Linear,0,660.9
e2ecd6fe26f48965846f37ba5fec8c23,Input Validity,Lidar,Lidar Rate,10,660.06
e2ecd6fe26f48965846f37ba5fec8c23,Input Validity,Odometry,Odometry Rate,50,660.06
e2ecd6fe26f48965846f37ba5fec8c23,Input Validity,TF,TF Rate,5.78947,660.06
e2ecd6fe26f48965846f37ba5fec8c23,Localization Stability,TF,Jump Angular,0,661
e2ecd6fe26f48965846f37ba5fec8c23,Localization Stability,TF,Jump Linear,0,661
e2ecd6fe26f48965846f37ba5fec8c23,Localization Stability,TF,Jump Angular,0,661.1
e2ecd6fe26f48965846f37ba5fec8c23,Localization Stability,TF,Jump Linear,0,661.1
e2ecd6fe26f48965846f37ba5fec8c23,Input Validity,Lidar,Lidar Rate,10,660.16
e2ecd6fe26f48965846f37ba5fec8c23,Input Validity,Odometry,Odometry Rate,50,660.16
e2ecd6fe26f48965846f37ba5fec8c23,Input Validity,TF,TF Rate,6,660.16
e2ecd6fe26f48965846f37ba5fec8c23,Localization Stability,TF,Jump Angular,0,661.2
e2ecd6fe26f48965846f37ba5fec8c23,Localization Stability,TF,Jump Linear,0,661.2
e2ecd6fe26f48965846f37ba5fec8c23,Input Validity,Lidar,Lidar Rate,10,660.25
e2ecd6fe26f48965846f37ba5fec8c23,Input Validity,Odometry,Odometry Rate,50,660.25
e2ecd6fe26f48965846f37ba5fec8c23,Input Validity,TF,TF Rate,6,660.25
e2ecd6fe26f48965846f37ba5fec8c23,Localization Stability,TF,Jump Angular,0,661.3
e2ecd6fe26f48965846f37ba5fec8c23,Localization Stability,TF,Jump Linear,0,661.3
e2ecd6fe26f48965846f37ba5fec8c23,Input Validity,Lidar,Lidar Rate,10,660.35
e2ecd6fe26f48965846f37ba5fec8c23,Input Validity,Odometry,Odometry Rate,50,660.35
e2ecd6fe26f48965846f37ba5fec8c23,Input Validity,TF,TF Rate,6,660.35
e2ecd6fe26f48965846f37ba5fec8c23,Localization Stability,TF,Jump Angular,0,661.4
e2ecd6fe26f48965846f37ba5fec8c23,Localization Stability,TF,Jump Linear,0,661.4
e2ecd6fe26f48965846f37ba5fec8c23,Input Validity,Lidar,Lidar Rate,10,660.45
e2ecd6fe26f48965846f37ba5fec8c23,Input Validity,Odometry,Odometry Rate,50,660.45
e2ecd6fe26f48965846f37ba5fec8c23,Input Validity,TF,TF Rate,6,660.45
e2ecd6fe26f48965846f37ba5fec8c23,Localization Stability,TF,Jump Angular,0,661.5
e2ecd6fe26f48965846f37ba5fec8c23,Localization Stability,TF,Jump Linear,0,661.5
e2ecd6fe26f48965846f37ba5fec8c23,Input Validity,Lidar,Lidar Rate,10,660.55
e2ecd6fe26f48965846f37ba5fec8c23,Input Validity,Odometry,Odometry Rate,50,660.55
e2ecd6fe26f48965846f37ba5fec8c23,Input Validity,TF,TF Rate,6.31579,660.55
e2ecd6fe26f48965846f37ba5fec8c23,Localization Stability,TF,Jump Angular,0,661.6
e2ecd6fe26f48965846f37ba5fec8c23,Localization Stability,TF,Jump Linear,0,661.6
e2ecd6fe26f48965846f37ba5fec8c23,Input Validity,Lidar,Lidar Rate,10,660.65
e2ecd6fe26f48965846f37ba5fec8c23,Input Validity,Odometry,Odometry Rate,50,660.65
e2ecd6fe26f48965846f37ba5fec8c23,Input Validity,TF,TF Rate,6.5,660.65
e2ecd6fe26f48965846f37ba5fec8c23,Localization Stability,TF,Jump Angular,0,661.7
e2ecd6fe26f48965846f37ba5fec8c23,Localization Stability,TF,Jump Linear,0,661.7
e2ecd6fe26f48965846f37ba5fec8c23,Input Validity,Lidar,Lidar Rate,10,660.75
e2ecd6fe26f48965846f37ba5fec8c23,Input Validity,Odometry,Odometry Rate,50,660.75
e2ecd6fe26f48965846f37ba5fec8c23,Input Validity,TF,TF Rate,8.125,660.75
e2ecd6fe26f48965846f37ba5fec8c23,Input Validity,Lidar,Lidar Rate,10,660.85
e2ecd6fe26f48965846f37ba5fec8c23,Input Validity,Odometry,Odometry Rate,50,660.85
e2ecd6fe26f48965846f37ba5fec8c23,Input Validity,TF,TF Rate,8.125,660.85
e2ecd6fe26f48965846f37ba5fec8c23,Localization Stability,TF,Jump Angular,0,661.8
e2ecd6fe26f48965846f37ba5fec8c23,Localization Stability,TF,Jump Linear,0,661.8
e2ecd6fe26f48965846f37ba5fec8c23,Input Validity,Lidar,Lidar Rate,10,660.95
e2ecd6fe26f48965846f37ba5fec8c23,Input Validity,Odometry,Odometry Rate,50,660.95
e2ecd6fe26f48965846f37ba5fec8c23,Input Validity,TF,TF Rate,8.23529,660.95
e2ecd6fe26f48965846f37ba5fec8c23,Localization Stability,TF,Jump Angular,0,661.9
e2ecd6fe26f48965846f37ba5fec8c23,Localization Stability,TF,Jump Linear,0,661.9
e2ecd6fe26f48965846f37ba5fec8c23,Input Validity,Lidar,Lidar Rate,10,661.05
e2ecd6fe26f48965846f37ba5fec8c23,Input Validity,Odometry,Odometry Rate,50,661.05
e2ecd6fe26f48965846f37ba5fec8c23,Input Validity,TF,TF Rate,8.33333,661.05
e2ecd6fe26f48965846f37ba5fec8c23,Localization Stability,TF,Jump Angular,0,662
e2ecd6fe26f48965846f37ba5fec8c23,Localization Stability,TF,Jump Linear,0,662
e2ecd6fe26f48965846f37ba5fec8c23,Input Validity,Lidar,Lidar Rate,10,661.15
e2ecd6fe26f48965846f37ba5fec8c23,Input Validity,Odometry,Odometry Rate,50,661.15
e2ecd6fe26f48965846f37ba5fec8c23,Input Validity,TF,TF Rate,8.42105,661.15
e2ecd6fe26f48965846f37ba5fec8c23,Localization Stability,TF,Jump Angular,0,662.1
e2ecd6fe26f48965846f37ba5fec8c23,Localization Stability,TF,Jump Linear,0,662.1
e2ecd6fe26f48965846f37ba5fec8c23,Input Validity,Lidar,Lidar Rate,10,661.25
e2ecd6fe26f48965846f37ba5fec8c23,Input Validity,Odometry,Odometry Rate,50,661.25
e2ecd6fe26f48965846f37ba5fec8c23,Input Validity,TF,TF Rate,8.5,661.25
e2ecd6fe26f48965846f37ba5fec8c23,Localization Stability,TF,Jump Angular,0,662.2
e2ecd6fe26f48965846f37ba5fec8c23,Localization Stability,TF,Jump Linear,0,662.2
e2ecd6fe26f48965846f37ba5fec8c23,Input Validity,Lidar,Lidar Rate,10,661.35
e2ecd6fe26f48965846f37ba5fec8c23,Input Validity,Odometry,Odometry Rate,50,661.35
e2ecd6fe26f48965846f37ba5fec8c23,Input Validity,TF,TF Rate,10,661.35
e2ecd6fe26f48965846f37ba5fec8c23,Localization Stability,TF,Jump Angular,0,662.3
e2ecd6fe26f48965846f37ba5fec8c23,Localization Stability,TF,Jump Linear,0,662.3
e2ecd6fe26f48965846f37ba5fec8c23,Input Validity,Lidar,Lidar Rate,10,661.45
e2ecd6fe26f48965846f37ba5fec8c23,Input Validity,Odometry,Odometry Rate,50,661.45
e2ecd6fe26f48965846f37ba5fec8c23,Input Validity,TF,TF Rate,10,661.45
e2ecd6fe26f48965846f37ba5fec8c23,Localization Stability,TF,Jump Angular,0,662.4
e2ecd6fe26f48965846f37ba5fec8c23,Localization Stability,TF,Jump Linear,0,662.4
e2ecd6fe26f48965846f37ba5fec8c23,Input Validity,Lidar,Lidar Rate,10,661.55
e2ecd6fe26f48965846f37ba5fec8c23,Input Validity,Odometry,Odometry Rate,50,661.55
e2ecd6fe26f48965846f37ba5fec8c23,Input Validity,TF,TF Rate,10,661.55
e2ecd6fe26f48965846f37ba5fec8c23,Localization Stability,TF,Jump Angular,0,662.5
e2ecd6fe26f48965846f37ba5fec8c23,Localization Stability,TF,Jump Linear,0,662.5
e2ecd6fe26f48965846f37ba5fec8c23,Input Validity,Lidar,Lidar Rate,10,661.65
e2ecd6fe26f48965846f37ba5fec8c23,Input Validity,Odometry,Odometry Rate,50,661.65
e2ecd6fe26f48965846f37ba5fec8c23,Input Validity,TF,TF Rate,10,661.65
e2ecd6fe26f48965846f37ba5fec8c23,Localization Stability,TF,Jump Angular,0,662.6
e2ecd6fe26f48965846f37ba5fec8c23,Localization Stability,TF,Jump Linear,0,662.6
e2ecd6fe26f48965846f37ba5fec8c23,Input Validity,Lidar,Lidar Rate,10,661.75
e2ecd6fe26f48965846f37ba5fec8c23,Input Validity,Odometry,Odometry Rate,50,661.75
e2ecd6fe26f48965846f37ba5fec8c23,Input Validity,TF,TF Rate,10,661.75
e2ecd6fe26f48965846f37ba5fec8c23,Localization Stability,TF,Jump Angular,0,662.7
e2ecd6fe26f48965846f37ba5fec8c23,Localization Stability,TF,Jump Linear,0,662.7
e2ecd6fe26f48965846f37ba5fec8c23,Localization Stability,TF,Jump Angular,0,662.8
e2ecd6fe26f48965846f37ba5fec8c23,Localization Stability,TF,Jump Linear,0,662.8
e2ecd6fe26f48965846f37ba5fec8c23,Input Validity,Lidar,Lidar Rate,10,661.85
e2ecd6fe26f48965846f37ba5fec8c23,Input Validity,Odometry,Odometry Rate,50,661.85
e2ecd6fe26f48965846f37ba5fec8c23,Input Validity,TF,TF Rate,10,661.85
e2ecd6fe26f48965846f37ba5fec8c23,Input Validity,Lidar,Lidar Rate,10,661.94
e2ecd6fe26f48965846f37ba5fec8c23,Input Validity,Odometry,Odometry Rate,50,661.94
e2ecd6fe26f48965846f37ba5fec8c23,Input Validity,TF,TF Rate,10,661.94
e2ecd6fe26f48965846f37ba5fec8c23,Localization Stability,TF,Jump Angular,0,662.9
e2ecd6fe26f48965846f37ba5fec8c23,Localization Stability,TF,Jump Linear,0,662.9
e2ecd6fe26f48965846f37ba5fec8c23,Input Validity,Lidar,Lidar Rate,10,662.04
e2ecd6fe26f48965846f37ba5fec8c23,Input Validity,Odometry,Odometry Rate,50,662.04
e2ecd6fe26f48965846f37ba5fec8c23,Input Validity,TF,TF Rate,10,662.04
e2ecd6fe26f48965846f37ba5fec8c23,Localization Stability,TF,Jump Angular,0,663
e2ecd6fe26f48965846f37ba5fec8c23,Localization Stability,TF,Jump Linear,0,663
e2ecd6fe26f48965846f37ba5fec8c23,Input Validity,Lidar,Lidar Rate,10,662.14
e2ecd6fe26f48965846f37ba5fec8c23,Input Validity,Odometry,Odometry Rate,50,662.14
e2ecd6fe26f48965846f37ba5fec8c23,Input Validity,TF,TF Rate,10,662.14
e2ecd6fe26f48965846f37ba5fec8c23,Localization Stability,TF,Jump Angular,0,663.1
e2ecd6fe26f48965846f37ba5fec8c23,Localization Stability,TF,Jump Linear,0,663.1
e2ecd6fe26f48965846f37ba5fec8c23,Input Validity,Lidar,Lidar Rate,10,662.24
e2ecd6fe26f48965846f37ba5fec8c23,Input Validity,Odometry,Odometry Rate,50,662.24
e2ecd6fe26f48965846f37ba5fec8c23,Input Validity,TF,TF Rate,10,662.24
e2ecd6fe26f48965846f37ba5fec8c23,Localization Stability,TF,Jump Angular,0,663.2
e2ecd6fe26f48965846f37ba5fec8c23,Localization Stability,TF,Jump Linear,0,663.2
e2ecd6fe26f48965846f37ba5fec8c23,Input Validity,Lidar,Lidar Rate,10,662.34
e2ecd6fe26f48965846f37ba5fec8c23,Input Validity,Odometry,Odometry Rate,50,662.34
e2ecd6fe26f48965846f37ba5fec8c23,Input Validity,TF,TF Rate,10,662.34
e2ecd6fe26f48965846f37ba5fec8c23,Localization Stability,TF,Jump Angular,0,663.3
e2ecd6fe26f48965846f37ba5fec8c23,Localization Stability,TF,Jump Linear,0,663.3
e2ecd6fe26f48965846f37ba5fec8c23,Input Validity,Lidar,Lidar Rate,10,662.44
e2ecd6fe26f48965846f37ba5fec8c23,Input Validity,Odometry,Odometry Rate,50,662.44
e2ecd6fe26f48965846f37ba5fec8c23,Input Validity,TF,TF Rate,10,662.44
e2ecd6fe26f48965846f37ba5fec8c23,Localization Stability,TF,Jump Angular,0,663.4
e2ecd6fe26f48965846f37ba5fec8c23,Localization Stability,TF,Jump Linear,0,663.4
e2ecd6fe26f48965846f37ba5fec8c23,Localization Stability,TF,Jump Angular,0,663.5
e2ecd6fe26f48965846f37ba5fec8c23,Localization Stability,TF,Jump Linear,0,663.5
e2ecd6fe26f48965846f37ba5fec8c23,Input Validity,Lidar,Lidar Rate,10,662.54
e2ecd6fe26f48965846f37ba5fec8c23,Input Validity,Odometry,Odometry Rate,50,662.54
e2ecd6fe26f48965846f37ba5fec8c23,Input Validity,TF,TF Rate,10,662.54
e2ecd6fe26f48965846f37ba5fec8c23,Input Validity,Lidar,Lidar Rate,10,662.64
e2ecd6fe26f48965846f37ba5fec8c23,Input Validity,Odometry,Odometry Rate,50,662.64
e2ecd6fe26f48965846f37ba5fec8c23,Input Validity,TF,TF Rate,10,662.64
e2ecd6fe26f48965846f37ba5fec8c23,Localization Stability,TF,Jump Angular,0,663.6
e2ecd6fe26f48965846f37ba5fec8c23,Localization Stability,TF,Jump Linear,0,663.6
e2ecd6fe26f48965846f37ba5fec8c23,Input Validity,Lidar,Lidar Rate,10,662.74
e2ecd6fe26f48965846f37ba5fec8c23,Input Validity,Odometry,Odometry Rate,50,662.74
e2ecd6fe26f48965846f37ba5fec8c23,Input Validity,TF,TF Rate,10,662.74
e2ecd6fe26f48965846f37ba5fec8c23,Localization Stability,TF,Jump Angular,0,663.7
e2ecd6fe26f48965846f37ba5fec8c23,Localization Stability,TF,Jump Linear,0,663.7
e2ecd6fe26f48965846f37ba5fec8c23,Localization Stability,TF,Jump Angular,0,663.8
e2ecd6fe26f48965846f37ba5fec8c23,Localization Stability,TF,Jump Linear,0,663.8
e2ecd6fe26f48965846f37ba5fec8c23,Input Validity,Lidar,Lidar Rate,10,662.84
e2ecd6fe26f48965846f37ba5fec8c23,Input Validity,Odometry,Odometry Rate,50,662.84
e2ecd6fe26f48965846f37ba5fec8c23,Input Validity,TF,TF Rate,10,662.84
e2ecd6fe26f48965846f37ba5fec8c23,Input Validity,Lidar,Lidar Rate,10,662.94
e2ecd6fe26f48965846f37ba5fec8c23,Input Validity,Odometry,Odometry Rate,50,662.94
e2ecd6fe26f48965846f37ba5fec8c23,Input Validity,TF,TF Rate,10,662.94
e2ecd6fe26f48965846f37ba5fec8c23,Localization Stability,TF,Jump Angular,0,663.9
e2ecd6fe26f48965846f37ba5fec8c23,Localization Stability,TF,Jump Linear,0,663.9
e2ecd6fe26f48965846f37ba5fec8c23,Localization Stability,TF,Jump Angular,0,664
e2ecd6fe26f48965846f37ba5fec8c23,Localization Stability,TF,Jump Linear,0,664
e2ecd6fe26f48965846f37ba5fec8c23,Input Validity,Lidar,Lidar Rate,10,663.04
e2ecd6fe26f48965846f37ba5fec8c23,Input Validity,Odometry,Odometry Rate,50,663.04
e2ecd6fe26f48965846f37ba5fec8c23,Input Validity,TF,TF Rate,10,663.04
e2ecd6fe26f48965846f37ba5fec8c23,Input Validity,Lidar,Lidar Rate,10,663.14
e2ecd6fe26f48965846f37ba5fec8c23,Input Validity,Odometry,Odometry Rate,50,663.14
e2ecd6fe26f48965846f37ba5fec8c23,Input Validity,TF,TF Rate,10,663.14
e2ecd6fe26f48965846f37ba5fec8c23,Localization Stability,TF,Jump Angular,0,664.1
e2ecd6fe26f48965846f37ba5fec8c23,Localization Stability,TF,Jump Linear,0,664.1
e2ecd6fe26f48965846f37ba5fec8c23,Input Validity,Lidar,Lidar Rate,10,663.24
e2ecd6fe26f48965846f37ba5fec8c23,Input Validity,Odometry,Odometry Rate,50,663.24
e2ecd6fe26f48965846f37ba5fec8c23,Input Validity,TF,TF Rate,10,663.24
e2ecd6fe26f48965846f37ba5fec8c23,Localization Stability,TF,Jump Angular,0,664.2
e2ecd6fe26f48965846f37ba5fec8c23,Localization Stability,TF,Jump Linear,0,664.2
e2ecd6fe26f48965846f37ba5fec8c23,Input Validity,Lidar,Lidar Rate,10,663.34
e2ecd6fe26f48965846f37ba5fec8c23,Input Validity,Odometry,Odometry Rate,50,663.34
e2ecd6fe26f48965846f37ba5fec8c23,Input Validity,TF,TF Rate,10,663.34
e2ecd6fe26f48965846f37ba5fec8c23,Localization Stability,TF,Jump Angular,0,664.3
e2ecd6fe26f48965846f37ba5fec8c23,Localization Stability,TF,Jump Linear,0,664.3
e2ecd6fe26f48965846f37ba5fec8c23,Input Validity,Lidar,Lidar Rate,10,663.44
e2ecd6fe26f48965846f37ba5fec8c23,Input Validity,Odometry,Odometry Rate,50,663.44
e2ecd6fe26f48965846f37ba5fec8c23,Input Validity,TF,TF Rate,10,663.44
e2ecd6fe26f48965846f37ba5fec8c23,Localization Stability,TF,Jump Angular,0,664.4
e2ecd6fe26f48965846f37ba5fec8c23,Localization Stability,TF,Jump Linear,0,664.4
e2ecd6fe26f48965846f37ba5fec8c23,Input Validity,Lidar,Lidar Rate,10,663.53
e2ecd6fe26f48965846f37ba5fec8c23,Input Validity,Odometry,Odometry Rate,50,663.53
e2ecd6fe26f48965846f37ba5fec8c23,Input Validity,TF,TF Rate,10,663.53
e2ecd6fe26f48965846f37ba5fec8c23,Localization Stability,TF,Jump Angular,0,664.5
e2ecd6fe26f48965846f37ba5fec8c23,Localization Stability,TF,Jump Linear,0,664.5
e2ecd6fe26f48965846f37ba5fec8c23,Input Validity,Lidar,Lidar Rate,10,663.63
e2ecd6fe26f48965846f37ba5fec8c23,Input Validity,Odometry,Odometry Rate,50,663.63
e2ecd6fe26f48965846f37ba5fec8c23,Input Validity,TF,TF Rate,10,663.63
e2ecd6fe26f48965846f37ba5fec8c23,Localization Stability,TF,Jump Angular,0,664.6
e2ecd6fe26f48965846f37ba5fec8c23,Localization Stability,TF,Jump Linear,0,664.6
e2ecd6fe26f48965846f37ba5fec8c23,Input Validity,Lidar,Lidar Rate,10,663.73
e2ecd6fe26f48965846f37ba5fec8c23,Input Validity,Odometry,Odometry Rate,50,663.73
e2ecd6fe26f48965846f37ba5fec8c23,Input Validity,TF,TF Rate,10,663.73
e2ecd6fe26f48965846f37ba5fec8c23,Localization Stability,TF,Jump Angular,0,664.7
e2ecd6fe26f48965846f37ba5fec8c23,Localization Stability,TF,Jump Linear,0,664.7
e2ecd6fe26f48965846f37ba5fec8c23,Input Validity,Lidar,Lidar Rate,10,663.83
e2ecd6fe26f48965846f37ba5fec8c23,Input Validity,Odometry,Odometry Rate,50,663.83
e2ecd6fe26f48965846f37ba5fec8c23,Input Validity,TF,TF Rate,10,663.83
e2ecd6fe26f48965846f37ba5fec8c23,Localization Stability,TF,Jump Angular,0,664.8
e2ecd6fe26f48965846f37ba5fec8c23,Localization Stability,TF,Jump Linear,0,664.8
e2ecd6fe26f48965846f37ba5fec8c23,Input Validity,Lidar,Lidar Rate,10,663.93
e2ecd6fe26f48965846f37ba5fec8c23,Input Validity,Odometry,Odometry Rate,50,663.93
e2ecd6fe26f48965846f37ba5fec8c23,Input Validity,TF,TF Rate,10,663.93
e2ecd6fe26f48965846f37ba5fec8c23,Localization Stability,TF,Jump Angular,0,664.9
e2ecd6fe26f48965846f37ba5fec8c23,Localization Stability,TF,Jump Linear,0,664.9
e2ecd6fe26f48965846f37ba5fec8c23,Localization Stability,TF,Jump Angular,0,665
e2ecd6fe26f48965846f37ba5fec8c23,Localization Stability,TF,Jump Linear,0,665
e2ecd6fe26f48965846f37ba5fec8c23,Input Validity,Lidar,Lidar Rate,10,664.03
e2ecd6fe26f48965846f37ba5fec8c23,Input Validity,Odometry,Odometry Rate,50,664.03
e2ecd6fe26f48965846f37ba5fec8c23,Input Validity,TF,TF Rate,10,664.03
e2ecd6fe26f48965846f37ba5fec8c23,Input Validity,Lidar,Lidar Rate,10,664.13
e2ecd6fe26f48965846f37ba5fec8c23,Input Validity,Odometry,Odometry Rate,50,664.13
e2ecd6fe26f48965846f37ba5fec8c23,Input Validity,TF,TF Rate,10,664.13
e2ecd6fe26f48965846f37ba5fec8c23,Localization Stability,TF,Jump Angular,0,665.1
e2ecd6fe26f48965846f37ba5fec8c23,Localization Stability,TF,Jump Linear,0,665.1
e2ecd6fe26f48965846f37ba5fec8c23,Input Validity,Lidar,Lidar Rate,10,664.23
e2ecd6fe26f48965846f37ba5fec8c23,Input Validity,Odometry,Odometry Rate,50,664.23
e2ecd6fe26f48965846f37ba5fec8c23,Input Validity,TF,TF Rate,10,664.23
e2ecd6fe26f48965846f37ba5fec8c23,Localization Stability,TF,Jump Angular,0,665.2
e2ecd6fe26f48965846f37ba5fec8c23,Localization Stability,TF,Jump Linear,0,665.2
e2ecd6fe26f48965846f37ba5fec8c23,Input Validity,Lidar,Lidar Rate,10,664.33
e2ecd6fe26f48965846f37ba5fec8c23,Input Validity,Odometry,Odometry Rate,50,664.33
e2ecd6fe26f48965846f37ba5fec8c23,Input Validity,TF,TF Rate,10,664.33
e2ecd6fe26f48965846f37ba5fec8c23,Localization Stability,TF,Jump Angular,0,665.3
e2ecd6fe26f48965846f37ba5fec8c23,Localization Stability,TF,Jump Linear,0,665.3
e2ecd6fe26f48965846f37ba5fec8c23,Input Validity,Lidar,Lidar Rate,10,664.43
e2ecd6fe26f48965846f37ba5fec8c23,Input Validity,Odometry,Odometry Rate,50,664.43
e2ecd6fe26f48965846f37ba5fec8c23,Input Validity,TF,TF Rate,10,664.43
e2ecd6fe26f48965846f37ba5fec8c23,Localization Stability,TF,Jump Angular,0,665.4
e2ecd6fe26f48965846f37ba5fec8c23,Localization Stability,TF,Jump Linear,0,665.4
e2ecd6fe26f48965846f37ba5fec8c23,Input Validity,Lidar,Lidar Rate,10,664.53
e2ecd6fe26f48965846f37ba5fec8c23,Input Validity,Odometry,Odometry Rate,50,664.53
e2ecd6fe26f48965846f37ba5fec8c23,Input Validity,TF,TF Rate,10,664.53
e2ecd6fe26f48965846f37ba5fec8c23,Localization Stability,TF,Jump Angular,0,665.5
e2ecd6fe26f48965846f37ba5fec8c23,Localization Stability,TF,Jump Linear,0,665.5
e2ecd6fe26f48965846f37ba5fec8c23,Input Validity,Lidar,Lidar Rate,10,664.63
e2ecd6fe26f48965846f37ba5fec8c23,Input Validity,Odometry,Odometry Rate,50,664.63
e2ecd6fe26f48965846f37ba5fec8c23,Input Validity,TF,TF Rate,10,664.63
e2ecd6fe26f48965846f37ba5fec8c23,Localization Stability,TF,Jump Angular,0,665.6
e2ecd6fe26f48965846f37ba5fec8c23,Localization Stability,TF,Jump Linear,0,665.6
e2ecd6fe26f48965846f37ba5fec8c23,Input Validity,Lidar,Lidar Rate,10,664.73
e2ecd6fe26f48965846f37ba5fec8c23,Input Validity,Odometry,Odometry Rate,50,664.73
e2ecd6fe26f48965846f37ba5fec8c23,Input Validity,TF,TF Rate,10,664.73
e2ecd6fe26f48965846f37ba5fec8c23,Localization Stability,TF,Jump Angular,0,665.7
e2ecd6fe26f48965846f37ba5fec8c23,Localization Stability,TF,Jump Linear,0,665.7
e2ecd6fe26f48965846f37ba5fec8c23,Input Validity,Lidar,Lidar Rate,10,664.83
e2ecd6fe26f48965846f37ba5fec8c23,Input Validity,Odometry,Odometry Rate,50,664.83
e2ecd6fe26f48965846f37ba5fec8c23,Input Validity,TF,TF Rate,10,664.83
e2ecd6fe26f48965846f37ba5fec8c23,Localization Stability,TF,Jump Angular,0,665.8
e2ecd6fe26f48965846f37ba5fec8c23,Localization Stability,TF,Jump Linear,0,665.8
e2ecd6fe26f48965846f37ba5fec8c23,Input Validity,Lidar,Lidar Rate,10,664.93
e2ecd6fe26f48965846f37ba5fec8c23,Input Validity,Odometry,Odometry Rate,50,664.93
e2ecd6fe26f48965846f37ba5fec8c23,Input Validity,TF,TF Rate,10,664.93
e2ecd6fe26f48965846f37ba5fec8c23,Localization Stability,TF,Jump Angular,0,665.9
e2ecd6fe26f48965846f37ba5fec8c23,Localization Stability,TF,Jump Linear,0,665.9
e2ecd6fe26f48965846f37ba5fec8c23,Input Validity,Lidar,Lidar Rate,10,665.03
e2ecd6fe26f48965846f37ba5fec8c23,Input Validity,Odometry,Odometry Rate,50,665.03
e2ecd6fe26f48965846f37ba5fec8c23,Input Validity,TF,TF Rate,10,665.03
e2ecd6fe26f48965846f37ba5fec8c23,Localization Stability,TF,Jump Angular,0,666
e2ecd6fe26f48965846f37ba5fec8c23,Localization Stability,TF,Jump Linear,0,666
e2ecd6fe26f48965846f37ba5fec8c23,Input Validity,Lidar,Lidar Rate,10,665.12
e2ecd6fe26f48965846f37ba5fec8c23,Input Validity,Odometry,Odometry Rate,50,665.12
e2ecd6fe26f48965846f37ba5fec8c23,Input Validity,TF,TF Rate,10,665.12
e2ecd6fe26f48965846f37ba5fec8c23,Input Validity,Lidar,Lidar Rate,10,665.22
e2ecd6fe26f48965846f37ba5fec8c23,Input Validity,Odometry,Odometry Rate,50,665.22
e2ecd6fe26f48965846f37ba5fec8c23,Input Validity,TF,TF Rate,10,665.22
e2ecd6fe26f48965846f37ba5fec8c23,Input Validity,Lidar,Lidar Rate,10,665.32
e2ecd6fe26f48965846f37ba5fec8c23,Input Validity,Odometry,Odometry Rate,50,665.32
e2ecd6fe26f48965846f37ba5fec8c23,Input Validity,TF,TF Rate,10,665.32
e2ecd6fe26f48965846f37ba5fec8c23,Input Validity,Lidar,Lidar Rate,10,665.42
e2ecd6fe26f48965846f37ba5fec8c23,Input Validity,Odometry,Odometry Rate,50,665.42
e2ecd6fe26f48965846f37ba5fec8c23,Input Validity,TF,TF Rate,10,665.42
e2ecd6fe26f48965846f37ba5fec8c23,Input Validity,Lidar,Lidar Rate,10,665.52
e2ecd6fe26f48965846f37ba5fec8c23,Input Validity,Odometry,Odometry Rate,50,665.52
e2ecd6fe26f48965846f37ba5fec8c23,Input Validity,TF,TF Rate,10,665.52
e2ecd6fe26f48965846f37ba5fec8c23,Localization Quality,AMCLPose,CovYawYaw,0.855548,665.1
e2ecd6fe26f48965846f37ba5fec8c23,Localization Quality,AMCLPose,CovYY,1.65344,665.1
e2ecd6fe26f48965846f37ba5fec8c23,Localization Quality,AMCLPose,CovXX,12.9158,665.1
e2ecd6fe26f48965846f37ba5fec8c23,Localization Quality,AMCLPose,MeanYaw,-1.41174,665.1
e2ecd6fe26f48965846f37ba5fec8c23,Localization Quality,AMCLPose,MeanY,-0.344795,665.1
e2ecd6fe26f48965846f37ba5fec8c23,Localization Quality,AMCLPose,MeanX,-5.70586,665.1
e2ecd6fe26f48965846f37ba5fec8c23,Localization Stability,TF,Jump Angular,-0.0118925,666.1
e2ecd6fe26f48965846f37ba5fec8c23,Localization Stability,TF,Jump Linear,0.300433,666.1
e2ecd6fe26f48965846f37ba5fec8c23,Localization Stability,TF,Jump Angular,0,666.2
e2ecd6fe26f48965846f37ba5fec8c23,Localization Stability,TF,Jump Linear,0,666.2
e2ecd6fe26f48965846f37ba5fec8c23,Localization Stability,TF,Jump Angular,0,666.3
e2ecd6fe26f48965846f37ba5fec8c23,Localization Stability,TF,Jump Linear,0,666.3
e2ecd6fe26f48965846f37ba5fec8c23,Localization Stability,TF,Jump Angular,0,666.4
e2ecd6fe26f48965846f37ba5fec8c23,Localization Stability,TF,Jump Linear,0,666.4
e2ecd6fe26f48965846f37ba5fec8c23,Localization Stability,TF,Jump Angular,0,666.5
e2ecd6fe26f48965846f37ba5fec8c23,Localization Stability,TF,Jump Linear,0,666.5
e2ecd6fe26f48965846f37ba5fec8c23,Input Validity,Lidar,Lidar Rate,10,665.62
e2ecd6fe26f48965846f37ba5fec8c23,Input Validity,Odometry,Odometry Rate,50,665.62
e2ecd6fe26f48965846f37ba5fec8c23,Input Validity,TF,TF Rate,10,665.62
e2ecd6fe26f48965846f37ba5fec8c23,Localization Stability,TF,Jump Angular,0,666.6
e2ecd6fe26f48965846f37ba5fec8c23,Localization Stability,TF,Jump Linear,0,666.6
e2ecd6fe26f48965846f37ba5fec8c23,Input Validity,Lidar,Lidar Rate,10,665.72
e2ecd6fe26f48965846f37ba5fec8c23,Input Validity,Odometry,Odometry Rate,50,665.72
e2ecd6fe26f48965846f37ba5fec8c23,Input Validity,TF,TF Rate,10,665.72
e2ecd6fe26f48965846f37ba5fec8c23,Localization Stability,TF,Jump Angular,0,666.7
e2ecd6fe26f48965846f37ba5fec8c23,Localization Stability,TF,Jump Linear,0,666.7
e2ecd6fe26f48965846f37ba5fec8c23,Input Validity,Lidar,Lidar Rate,10,665.82
e2ecd6fe26f48965846f37ba5fec8c23,Input Validity,Odometry,Odometry Rate,50,665.82
e2ecd6fe26f48965846f37ba5fec8c23,Input Validity,TF,TF Rate,10,665.82
e2ecd6fe26f48965846f37ba5fec8c23,Input Validity,Lidar,Lidar Rate,10,665.92
e2ecd6fe26f48965846f37ba5fec8c23,Input Validity,Odometry,Odometry Rate,50,665.92
e2ecd6fe26f48965846f37ba5fec8c23,Input Validity,TF,TF Rate,10,665.92
e2ecd6fe26f48965846f37ba5fec8c23,Input Validity,Lidar,Lidar Rate,10,666.02
e2ecd6fe26f48965846f37ba5fec8c23,Input Validity,Odometry,Odometry Rate,50,666.02
e2ecd6fe26f48965846f37ba5fec8c23,Input Validity,TF,TF Rate,10,666.02
e2ecd6fe26f48965846f37ba5fec8c23,Localization Quality,AMCLPose,CovYawYaw,0.395481,665.8
e2ecd6fe26f48965846f37ba5fec8c23,Localization Quality,AMCLPose,CovYY,0.762278,665.8
e2ecd6fe26f48965846f37ba5fec8c23,Localization Quality,AMCLPose,CovXX,6.81053,665.8
e2ecd6fe26f48965846f37ba5fec8c23,Localization Quality,AMCLPose,MeanYaw,-1.41123,665.8
e2ecd6fe26f48965846f37ba5fec8c23,Localization Quality,AMCLPose,MeanY,-0.240486,665.8
e2ecd6fe26f48965846f37ba5fec8c23,Localization Quality,AMCLPose,MeanX,-5.67698,665.8
e2ecd6fe26f48965846f37ba5fec8c23,Localization Stability,TF,Jump Angular,0.000508435,666.8
e2ecd6fe26f48965846f37ba5fec8c23,Localization Stability,TF,Jump Linear,0.0541252,666.8
e2ecd6fe26f48965846f37ba5fec8c23,Localization Stability,TF,Jump Angular,0,666.9
e2ecd6fe26f48965846f37ba5fec8c23,Localization Stability,TF,Jump Linear,0,666.9
e2ecd6fe26f48965846f37ba5fec8c23,Localization Stability,TF,Jump Angular,0,667
e2ecd6fe26f48965846f37ba5fec8c23,Localization Stability,TF,Jump Linear,0,667
e2ecd6fe26f48965846f37ba5fec8c23,Input Validity,Lidar,Lidar Rate,10,666.12
e2ecd6fe26f48965846f37ba5fec8c23,Input Validity,Odometry,Odometry Rate,50,666.12
e2ecd6fe26f48965846f37ba5fec8c23,Input Validity,TF,TF Rate,10,666.12
e2ecd6fe26f48965846f37ba5fec8c23,Localization Stability,TF,Jump Angular,0,667.1
e2ecd6fe26f48965846f37ba5fec8c23,Localization Stability,TF,Jump Linear,0,667.1
e2ecd6fe26f48965846f37ba5fec8c23,Input Validity,Lidar,Lidar Rate,10,666.22
e2ecd6fe26f48965846f37ba5fec8c23,Input Validity,Odometry,Odometry Rate,50,666.22
e2ecd6fe26f48965846f37ba5fec8c23,Input Validity,TF,TF Rate,10,666.22
e2ecd6fe26f48965846f37ba5fec8c23,Localization Stability,TF,Jump Angular,0,667.2
e2ecd6fe26f48965846f37ba5fec8c23,Localization Stability,TF,Jump Linear,0,667.2
e2ecd6fe26f48965846f37ba5fec8c23,Input Validity,Lidar,Lidar Rate,10,666.32
e2ecd6fe26f48965846f37ba5fec8c23,Input Validity,Odometry,Odometry Rate,50,666.32
e2ecd6fe26f48965846f37ba5fec8c23,Input Validity,TF,TF Rate,10,666.32
e2ecd6fe26f48965846f37ba5fec8c23,Localization Stability,TF,Jump Angular,0,667.3
e2ecd6fe26f48965846f37ba5fec8c23,Localization Stability,TF,Jump Linear,0,667.3
e2ecd6fe26f48965846f37ba5fec8c23,Input Validity,Lidar,Lidar Rate,10,666.42
e2ecd6fe26f48965846f37ba5fec8c23,Input Validity,Odometry,Odometry Rate,50,666.42
e2ecd6fe26f48965846f37ba5fec8c23,Input Validity,TF,TF Rate,10,666.42
e2ecd6fe26f48965846f37ba5fec8c23,Localization Stability,TF,Jump Angular,0,667.4
e2ecd6fe26f48965846f37ba5fec8c23,Localization Stability,TF,Jump Linear,0,667.4
e2ecd6fe26f48965846f37ba5fec8c23,Input Validity,Lidar,Lidar Rate,10,666.52
e2ecd6fe26f48965846f37ba5fec8c23,Input Validity,Odometry,Odometry Rate,50,666.52
e2ecd6fe26f48965846f37ba5fec8c23,Input Validity,TF,TF Rate,10,666.52
e2ecd6fe26f48965846f37ba5fec8c23,Localization Quality,AMCLPose,CovYawYaw,0.179015,666.5
e2ecd6fe26f48965846f37ba5fec8c23,Localization Quality,AMCLPose,CovYY,0.357517,666.5
e2ecd6fe26f48965846f37ba5fec8c23,Localization Quality,AMCLPose,CovXX,3.25558,666.5
e2ecd6fe26f48965846f37ba5fec8c23,Localization Quality,AMCLPose,MeanYaw,-1.41712,666.5
e2ecd6fe26f48965846f37ba5fec8c23,Localization Quality,AMCLPose,MeanY,-0.142881,666.5
e2ecd6fe26f48965846f37ba5fec8c23,Localization Quality,AMCLPose,MeanX,-5.69335,666.5
e2ecd6fe26f48965846f37ba5fec8c23,Localization Stability,TF,Jump Angular,-0.00588326,667.5
e2ecd6fe26f48965846f37ba5fec8c23,Localization Stability,TF,Jump Linear,0.140475,667.5
e2ecd6fe26f48965846f37ba5fec8c23,Input Validity,Lidar,Lidar Rate,10,666.62
e2ecd6fe26f48965846f37ba5fec8c23,Input Validity,Odometry,Odometry Rate,50,666.62
e2ecd6fe26f48965846f37ba5fec8c23,Input Validity,TF,TF Rate,10,666.62
e2ecd6fe26f48965846f37ba5fec8c23,Localization Stability,TF,Jump Angular,0,667.6
e2ecd6fe26f48965846f37ba5fec8c23,Localization Stability,TF,Jump Linear,0,667.6
e2ecd6fe26f48965846f37ba5fec8c23,Input Validity,Lidar,Lidar Rate,10,666.71
e2ecd6fe26f48965846f37ba5fec8c23,Input Validity,Odometry,Odometry Rate,50,666.71
e2ecd6fe26f48965846f37ba5fec8c23,Input Validity,TF,TF Rate,10,666.71
e2ecd6fe26f48965846f37ba5fec8c23,Localization Stability,TF,Jump Angular,0,667.7
e2ecd6fe26f48965846f37ba5fec8c23,Localization Stability,TF,Jump Linear,0,667.7
e2ecd6fe26f48965846f37ba5fec8c23,Input Validity,Lidar,Lidar Rate,10,666.81
e2ecd6fe26f48965846f37ba5fec8c23,Input Validity,Odometry,Odometry Rate,50,666.81
e2ecd6fe26f48965846f37ba5fec8c23,Input Validity,TF,TF Rate,10,666.81
e2ecd6fe26f48965846f37ba5fec8c23,Localization Quality,AMCLPose,CovYawYaw,0.0656996,666.8
e2ecd6fe26f48965846f37ba5fec8c23,Localization Quality,AMCLPose,CovYY,0.173839,666.8
e2ecd6fe26f48965846f37ba5fec8c23,Localization Quality,AMCLPose,CovXX,1.24257,666.8
e2ecd6fe26f48965846f37ba5fec8c23,Localization Quality,AMCLPose,MeanYaw,-1.32119,666.8
e2ecd6fe26f48965846f37ba5fec8c23,Localization Quality,AMCLPose,MeanY,-0.149022,666.8
e2ecd6fe26f48965846f37ba5fec8c23,Localization Quality,AMCLPose,MeanX,-5.68594,666.8
e2ecd6fe26f48965846f37ba5fec8c23,Localization Stability,TF,Jump Angular,-0.00301027,667.8
e2ecd6fe26f48965846f37ba5fec8c23,Localization Stability,TF,Jump Linear,0.0769919,667.8
e2ecd6fe26f48965846f37ba5fec8c23,Input Validity,Lidar,Lidar Rate,10,666.91
e2ecd6fe26f48965846f37ba5fec8c23,Input Validity,Odometry,Odometry Rate,50,666.91
e2ecd6fe26f48965846f37ba5fec8c23,Input Validity,TF,TF Rate,10,666.91
e2ecd6fe26f48965846f37ba5fec8c23,Localization Quality,AMCLPose,CovYawYaw,0.0379474,666.9
e2ecd6fe26f48965846f37ba5fec8c23,Localization Quality,AMCLPose,CovYY,0.0808946,666.9
e2ecd6fe26f48965846f37ba5fec8c23,Localization Quality,AMCLPose,CovXX,0.485154,666.9
e2ecd6fe26f48965846f37ba5fec8c23,Localization Quality,AMCLPose,MeanYaw,-1.25253,666.9
e2ecd6fe26f48965846f37ba5fec8c23,Localization Quality,AMCLPose,MeanY,-0.15005,666.9
e2ecd6fe26f48965846f37ba5fec8c23,Localization Quality,AMCLPose,MeanX,-5.68801,666.9
e2ecd6fe26f48965846f37ba5fec8c23,Localization Stability,TF,Jump Angular,0.00196607,667.9
e2ecd6fe26f48965846f37ba5fec8c23,Localization Stability,TF,Jump Linear,0.0435801,667.9
e2ecd6fe26f48965846f37ba5fec8c23,Input Validity,Lidar,Lidar Rate,10,667.01
e2ecd6fe26f48965846f37ba5fec8c23,Input Validity,Odometry,Odometry Rate,50,667.01
e2ecd6fe26f48965846f37ba5fec8c23,Input Validity,TF,TF Rate,10,667.01
e2ecd6fe26f48965846f37ba5fec8c23,Localization Quality,AMCLPose,CovYawYaw,0.044007,667
e2ecd6fe26f48965846f37ba5fec8c23,Localization Quality,AMCLPose,CovYY,0.0681171,667
e2ecd6fe26f48965846f37ba5fec8c23,Localization Quality,AMCLPose,CovXX,0.478795,667
e2ecd6fe26f48965846f37ba5fec8c23,Localization Quality,AMCLPose,MeanYaw,-1.16944,667
e2ecd6fe26f48965846f37ba5fec8c23,Localization Quality,AMCLPose,MeanY,-0.149472,667
e2ecd6fe26f48965846f37ba5fec8c23,Localization Quality,AMCLPose,MeanX,-5.68954,667
e2ecd6fe26f48965846f37ba5fec8c23,Localization Stability,TF,Jump Angular,-0.000606574,668
e2ecd6fe26f48965846f37ba5fec8c23,Localization Stability,TF,Jump Linear,0.0147744,668
e2ecd6fe26f48965846f37ba5fec8c23,Input Validity,Lidar,Lidar Rate,10,667.11
e2ecd6fe26f48965846f37ba5fec8c23,Input Validity,Odometry,Odometry Rate,50,667.11
e2ecd6fe26f48965846f37ba5fec8c23,Input Validity,TF,TF Rate,10,667.11
e2ecd6fe26f48965846f37ba5fec8c23,Input Validity,Lidar,Lidar Rate,10,667.21
e2ecd6fe26f48965846f37ba5fec8c23,Input Validity,Odometry,Odometry Rate,50,667.21
e2ecd6fe26f48965846f37ba5fec8c23,Input Validity,TF,TF Rate,10,667.21
e2ecd6fe26f48965846f37ba5fec8c23,Localization Quality,AMCLPose,CovYawYaw,0.0354548,667.1
e2ecd6fe26f48965846f37ba5fec8c23,Localization Quality,AMCLPose,CovYY,0.0824174,667.1
e2ecd6fe26f48965846f37ba5fec8c23,Localization Quality,AMCLPose,CovXX,0.570991,667.1
e2ecd6fe26f48965846f37ba5fec8c23,Localization Quality,AMCLPose,MeanYaw,-1.06879,667.1
e2ecd6fe26f48965846f37ba5fec8c23,Localization Quality,AMCLPose,MeanY,-0.15057,667.1
e2ecd6fe26f48965846f37ba5fec8c23,Localization Quality,AMCLPose,MeanX,-5.68772,667.1
e2ecd6fe26f48965846f37ba5fec8c23,Localization Stability,TF,Jump Angular,-1.2693e-05,668.1
e2ecd6fe26f48965846f37ba5fec8c23,Localization Stability,TF,Jump Linear,0.00208955,668.1
e2ecd6fe26f48965846f37ba5fec8c23,Localization Quality,AMCLPose,CovYawYaw,0.0344295,667.2
e2ecd6fe26f48965846f37ba5fec8c23,Localization Quality,AMCLPose,CovYY,0.0582637,667.2
e2ecd6fe26f48965846f37ba5fec8c23,Localization Quality,AMCLPose,CovXX,0.762457,667.2
e2ecd6fe26f48965846f37ba5fec8c23,Localization Quality,AMCLPose,MeanYaw,-0.94989,667.2
e2ecd6fe26f48965846f37ba5fec8c23,Localization Quality,AMCLPose,MeanY,-0.149871,667.2
e2ecd6fe26f48965846f37ba5fec8c23,Localization Quality,AMCLPose,MeanX,-5.68706,667.2
e2ecd6fe26f48965846f37ba5fec8c23,Localization Stability,TF,Jump Angular,0.00125006,668.2
e2ecd6fe26f48965846f37ba5fec8c23,Localization Stability,TF,Jump Linear,0.0300328,668.2
e2ecd6fe26f48965846f37ba5fec8c23,Input Validity,Lidar,Lidar Rate,10,667.31
e2ecd6fe26f48965846f37ba5fec8c23,Input Validity,Odometry,Odometry Rate,50,667.31
e2ecd6fe26f48965846f37ba5fec8c23,Input Validity,TF,TF Rate,10,667.31
e2ecd6fe26f48965846f37ba5fec8c23,Localization Quality,AMCLPose,CovYawYaw,0.0479048,667.3
e2ecd6fe26f48965846f37ba5fec8c23,Localization Quality,AMCLPose,CovYY,0.0826841,667.3
e2ecd6fe26f48965846f37ba5fec8c23,Localization Quality,AMCLPose,CovXX,0.710388,667.3
e2ecd6fe26f48965846f37ba5fec8c23,Localization Quality,AMCLPose,MeanYaw,-0.817258,667.3
e2ecd6fe26f48965846f37ba5fec8c23,Localization Quality,AMCLPose,MeanY,-0.152017,667.3
e2ecd6fe26f48965846f37ba5fec8c23,Localization Quality,AMCLPose,MeanX,-5.68975,667.3
e2ecd6fe26f48965846f37ba5fec8c23,Localization Stability,TF,Jump Angular,-0.00199766,668.3
e2ecd6fe26f48965846f37ba5fec8c23,Localization Stability,TF,Jump Linear,0.0498499,668.3
e2ecd6fe26f48965846f37ba5fec8c23,Input Validity,Lidar,Lidar Rate,10,667.41
e2ecd6fe26f48965846f37ba5fec8c23,Input Validity,Odometry,Odometry Rate,50,667.41
e2ecd6fe26f48965846f37ba5fec8c23,Input Validity,TF,TF Rate,10,667.41
e2ecd6fe26f48965846f37ba5fec8c23,Localization Quality,AMCLPose,CovYawYaw,0.0459564,667.4
e2ecd6fe26f48965846f37ba5fec8c23,Localization Quality,AMCLPose,CovYY,0.0756965,667.4
e2ecd6fe26f48965846f37ba5fec8c23,Localization Quality,AMCLPose,CovXX,0.431612,667.4
e2ecd6fe26f48965846f37ba5fec8c23,Localization Quality,AMCLPose,MeanYaw,-0.682627,667.4
e2ecd6fe26f48965846f37ba5fec8c23,Localization Quality,AMCLPose,MeanY,-0.154032,667.4
e2ecd6fe26f48965846f37ba5fec8c23,Localization Quality,AMCLPose,MeanX,-5.68976,667.4
e2ecd6fe26f48965846f37ba5fec8c23,Localization Stability,TF,Jump Angular,-0.00492243,668.4
e2ecd6fe26f48965846f37ba5fec8c23,Localization Stability,TF,Jump Linear,0.116001,668.4
e2ecd6fe26f48965846f37ba5fec8c23,Input Validity,Lidar,Lidar Rate,10,667.51
e2ecd6fe26f48965846f37ba5fec8c23,Input Validity,Odometry,Odometry Rate,50,667.51
e2ecd6fe26f48965846f37ba5fec8c23,Input Validity,TF,TF Rate,10,667.51
e2ecd6fe26f48965846f37ba5fec8c23,Localization Quality,AMCLPose,CovYawYaw,0.0438363,667.5
e2ecd6fe26f48965846f37ba5fec8c23,Localization Quality,AMCLPose,CovYY,0.102198,667.5
e2ecd6fe26f48965846f37ba5fec8c23,Localization Quality,AMCLPose,CovXX,0.501208,667.5
e2ecd6fe26f48965846f37ba5fec8c23,Localization Quality,AMCLPose,MeanYaw,-0.588272,667.5
e2ecd6fe26f48965846f37ba5fec8c23,Localization Quality,AMCLPose,MeanY,-0.157693,667.5
e2ecd6fe26f48965846f37ba5fec8c23,Localization Quality,AMCLPose,MeanX,-5.68454,667.5
e2ecd6fe26f48965846f37ba5fec8c23,Localization Stability,TF,Jump Angular,-0.000379273,668.5
e2ecd6fe26f48965846f37ba5fec8c23,Localization Stability,TF,Jump Linear,0.00890313,668.5
e2ecd6fe26f48965846f37ba5fec8c23,Input Validity,Lidar,Lidar Rate,10,667.61
e2ecd6fe26f48965846f37ba5fec8c23,Input Validity,Odometry,Odometry Rate,50,667.61
e2ecd6fe26f48965846f37ba5fec8c23,Input Validity,TF,TF Rate,10,667.61
e2ecd6fe26f48965846f37ba5fec8c23,Localization Quality,AMCLPose,CovYawYaw,0.0272125,667.6
e2ecd6fe26f48965846f37ba5fec8c23,Localization Quality,AMCLPose,CovYY,0.0611458,667.6
e2ecd6fe26f48965846f37ba5fec8c23,Localization Quality,AMCLPose,CovXX,0.292791,667.6
e2ecd6fe26f48965846f37ba5fec8c23,Localization Quality,AMCLPose,MeanYaw,-0.526901,667.6
e2ecd6fe26f48965846f37ba5fec8c23,Localization Quality,AMCLPose,MeanY,-0.165903,667.6
e2ecd6fe26f48965846f37ba5fec8c23,Localization Quality,AMCLPose,MeanX,-5.67107,667.6
e2ecd6fe26f48965846f37ba5fec8c23,Localization Stability,TF,Jump Angular,-0.00167543,668.6
e2ecd6fe26f48965846f37ba5fec8c23,Localization Stability,TF,Jump Linear,0.0385939,668.6
e2ecd6fe26f48965846f37ba5fec8c23,Input Validity,Lidar,Lidar Rate,10,667.71
e2ecd6fe26f48965846f37ba5fec8c23,Input Validity,Odometry,Odometry Rate,50,667.71
e2ecd6fe26f48965846f37ba5fec8c23,Input Validity,TF,TF Rate,10,667.71
e2ecd6fe26f48965846f37ba5fec8c23,Localization Quality,AMCLPose,CovYawYaw,0.0140769,667.7
e2ecd6fe26f48965846f37ba5fec8c23,Localization Quality,AMCLPose,CovYY,0.0208221,667.7
e2ecd6fe26f48965846f37ba5fec8c23,Localization Quality,AMCLPose,CovXX,0.0893678,667.7
e2ecd6fe26f48965846f37ba5fec8c23,Localization Quality,AMCLPose,MeanYaw,-0.471527,667.7
e2ecd6fe26f48965846f37ba5fec8c23,Localization Quality,AMCLPose,MeanY,-0.179601,667.7
e2ecd6fe26f48965846f37ba5fec8c23,Localization Quality,AMCLPose,MeanX,-5.64813,667.7
e2ecd6fe26f48965846f37ba5fec8c23,Localization Stability,TF,Jump Angular,-0.00245136,668.7
e2ecd6fe26f48965846f37ba5fec8c23,Localization Stability,TF,Jump Linear,0.0569604,668.7
e2ecd6fe26f48965846f37ba5fec8c23,Input Validity,Lidar,Lidar Rate,10,667.81
e2ecd6fe26f48965846f37ba5fec8c23,Input Validity,Odometry,Odometry Rate,50,667.81
e2ecd6fe26f48965846f37ba5fec8c23,Input Validity,TF,TF Rate,10,667.81
e2ecd6fe26f48965846f37ba5fec8c23,Localization Quality,AMCLPose,CovYawYaw,0.00713991,667.8
e2ecd6fe26f48965846f37ba5fec8c23,Localization Quality,AMCLPose,CovYY,0.0127236,667.8
e2ecd6fe26f48965846f37ba5fec8c23,Localization Quality,AMCLPose,CovXX,0.0482728,667.8
e2ecd6fe26f48965846f37ba5fec8c23,Localization Quality,AMCLPose,MeanYaw,-0.415979,667.8
e2ecd6fe26f48965846f37ba5fec8c23,Localization Quality,AMCLPose,MeanY,-0.192524,667.8
e2ecd6fe26f48965846f37ba5fec8c23,Localization Quality,AMCLPose,MeanX,-5.62284,667.8
e2ecd6fe26f48965846f37ba5fec8c23,Localization Stability,TF,Jump Angular,0.00165376,668.8
e2ecd6fe26f48965846f37ba5fec8c23,Localization Stability,TF,Jump Linear,0.0375673,668.8
e2ecd6fe26f48965846f37ba5fec8c23,Input Validity,Lidar,Lidar Rate,10,667.91
e2ecd6fe26f48965846f37ba5fec8c23,Input Validity,Odometry,Odometry Rate,50,667.91
e2ecd6fe26f48965846f37ba5fec8c23,Input Validity,TF,TF Rate,10,667.91
e2ecd6fe26f48965846f37ba5fec8c23,Localization Quality,AMCLPose,CovYawYaw,0.00191823,667.9
e2ecd6fe26f48965846f37ba5fec8c23,Localization Quality,AMCLPose,CovYY,0.0021801,667.9
e2ecd6fe26f48965846f37ba5fec8c23,Localization Quality,AMCLPose,CovXX,0.00261305,667.9
e2ecd6fe26f48965846f37ba5fec8c23,Localization Quality,AMCLPose,MeanYaw,-0.363773,667.9
e2ecd6fe26f48965846f37ba5fec8c23,Localization Quality,AMCLPose,MeanY,-0.203874,667.9
e2ecd6fe26f48965846f37ba5fec8c23,Localization Quality,AMCLPose,MeanX,-5.58626,667.9
e2ecd6fe26f48965846f37ba5fec8c23,Localization Stability,TF,Jump Angular,0.000656897,668.9
e2ecd6fe26f48965846f37ba5fec8c23,Localization Stability,TF,Jump Linear,0.0193964,668.9
e2ecd6fe26f48965846f37ba5fec8c23,Input Validity,Lidar,Lidar Rate,10,668.01
e2ecd6fe26f48965846f37ba5fec8c23,Input Validity,Odometry,Odometry Rate,50,668.01
e2ecd6fe26f48965846f37ba5fec8c23,Input Validity,TF,TF Rate,10,668.01
e2ecd6fe26f48965846f37ba5fec8c23,Localization Stability,TF,Jump Angular,0,669
e2ecd6fe26f48965846f37ba5fec8c23,Localization Stability,TF,Jump Linear,0,669
e2ecd6fe26f48965846f37ba5fec8c23,Input Validity,Lidar,Lidar Rate,10,668.11
e2ecd6fe26f48965846f37ba5fec8c23,Input Validity,Odometry,Odometry Rate,50,668.11
e2ecd6fe26f48965846f37ba5fec8c23,Input Validity,TF,TF Rate,10,668.11
e2ecd6fe26f48965846f37ba5fec8c23,Localization Quality,AMCLPose,CovYawYaw,0.0023326,668.1
e2ecd6fe26f48965846f37ba5fec8c23,Localization Quality,AMCLPose,CovYY,0.00210075,668.1
e2ecd6fe26f48965846f37ba5fec8c23,Localization Quality,AMCLPose,CovXX,0.00282798,668.1
e2ecd6fe26f48965846f37ba5fec8c23,Localization Quality,AMCLPose,MeanYaw,-0.270406,668.1
e2ecd6fe26f48965846f37ba5fec8c23,Localization Quality,AMCLPose,MeanY,-0.22803,668.1
e2ecd6fe26f48965846f37ba5fec8c23,Localization Quality,AMCLPose,MeanX,-5.50215,668.1
e2ecd6fe26f48965846f37ba5fec8c23,Localization Stability,TF,Jump Angular,-0.000235966,669.1
e2ecd6fe26f48965846f37ba5fec8c23,Localization Stability,TF,Jump Linear,0.00279422,669.1
e2ecd6fe26f48965846f37ba5fec8c23,Input Validity,Lidar,Lidar Rate,10,668.21
e2ecd6fe26f48965846f37ba5fec8c23,Input Validity,Odometry,Odometry Rate,50,668.21
e2ecd6fe26f48965846f37ba5fec8c23,Input Validity,TF,TF Rate,10,668.21
e2ecd6fe26f48965846f37ba5fec8c23,Localization Stability,TF,Jump Angular,0,669.2
e2ecd6fe26f48965846f37ba5fec8c23,Localization Stability,TF,Jump Linear,0,669.2
e2ecd6fe26f48965846f37ba5fec8c23,Input Validity,Lidar,Lidar Rate,10,668.3
e2ecd6fe26f48965846f37ba5fec8c23,Input Validity,Odometry,Odometry Rate,50,668.3
e2ecd6fe26f48965846f37ba5fec8c23,Input Validity,TF,TF Rate,10,668.3
e2ecd6fe26f48965846f37ba5fec8c23,Input Validity,Lidar,Lidar Rate,10,668.4
e2ecd6fe26f48965846f37ba5fec8c23,Input Validity,Odometry,Odometry Rate,50,668.4
e2ecd6fe26f48965846f37ba5fec8c23,Input Validity,TF,TF Rate,10,668.4
e2ecd6fe26f48965846f37ba5fec8c23,Localization Quality,AMCLPose,CovYawYaw,0.00260669,668.3
e2ecd6fe26f48965846f37ba5fec8c23,Localization Quality,AMCLPose,CovYY,0.00200871,668.3
e2ecd6fe26f48965846f37ba5fec8c23,Localization Quality,AMCLPose,CovXX,0.00333148,668.3
e2ecd6fe26f48965846f37ba5fec8c23,Localization Quality,AMCLPose,MeanYaw,-0.184645,668.3
e2ecd6fe26f48965846f37ba5fec8c23,Localization Quality,AMCLPose,MeanY,-0.243821,668.3
e2ecd6fe26f48965846f37ba5fec8c23,Localization Quality,AMCLPose,MeanX,-5.41463,668.3
e2ecd6fe26f48965846f37ba5fec8c23,Localization Stability,TF,Jump Angular,0.00464746,669.3
e2ecd6fe26f48965846f37ba5fec8c23,Localization Stability,TF,Jump Linear,0.11024,669.3
e2ecd6fe26f48965846f37ba5fec8c23,Localization Stability,TF,Jump Angular,0,669.4
e2ecd6fe26f48965846f37ba5fec8c23,Localization Stability,TF,Jump Linear,0,669.4
e2ecd6fe26f48965846f37ba5fec8c23,Input Validity,Lidar,Lidar Rate,10,668.5
e2ecd6fe26f48965846f37ba5fec8c23,Input Validity,Odometry,Odometry Rate,50,668.5
e2ecd6fe26f48965846f37ba5fec8c23,Input Validity,TF,TF Rate,10,668.5
e2ecd6fe26f48965846f37ba5fec8c23,Localization Quality,AMCLPose,CovYawYaw,0.00287261,668.5
e2ecd6fe26f48965846f37ba5fec8c23,Localization Quality,AMCLPose,CovYY,0.00199372,668.5
e2ecd6fe26f48965846f37ba5fec8c23,Localization Quality,AMCLPose,CovXX,0.00357254,668.5
e2ecd6fe26f48965846f37ba5fec8c23,Localization Quality,AMCLPose,MeanYaw,-0.114561,668.5
e2ecd6fe26f48965846f37ba5fec8c23,Localization Quality,AMCLPose,MeanY,-0.256522,668.5
e2ecd6fe26f48965846f37ba5fec8c23,Localization Quality,AMCLPose,MeanX,-5.32425,668.5
e2ecd6fe26f48965846f37ba5fec8c23,Localization Stability,TF,Jump Angular,-0.00100678,669.5
e2ecd6fe26f48965846f37ba5fec8c23,Localization Stability,TF,Jump Linear,0.0216974,669.5
e2ecd6fe26f48965846f37ba5fec8c23,Input Validity,Lidar,Lidar Rate,10,668.6
e2ecd6fe26f48965846f37ba5fec8c23,Input Validity,Odometry,Odometry Rate,50,668.6
e2ecd6fe26f48965846f37ba5fec8c23,Input Validity,TF,TF Rate,10,668.6
e2ecd6fe26f48965846f37ba5fec8c23,Localization Stability,TF,Jump Angular,0,669.6
e2ecd6fe26f48965846f37ba5fec8c23,Localization Stability,TF,Jump Linear,0,669.6
e2ecd6fe26f48965846f37ba5fec8c23,Input Validity,Lidar,Lidar Rate,10,668.7
e2ecd6fe26f48965846f37ba5fec8c23,Input Validity,Odometry,Odometry Rate,50,668.7
e2ecd6fe26f48965846f37ba5fec8c23,Input Validity,TF,TF Rate,10,668.7
e2ecd6fe26f48965846f37ba5fec8c23,Localization Stability,TF,Jump Angular,0,669.7
e2ecd6fe26f48965846f37ba5fec8c23,Localization Stability,TF,Jump Linear,0,669.7
e2ecd6fe26f48965846f37ba5fec8c23,Input Validity,Lidar,Lidar Rate,10,668.8
e2ecd6fe26f48965846f37ba5fec8c23,Input Validity,Odometry,Odometry Rate,50,668.8
e2ecd6fe26f48965846f37ba5fec8c23,Input Validity,TF,TF Rate,10,668.8
e2ecd6fe26f48965846f37ba5fec8c23,Localization Quality,AMCLPose,CovYawYaw,0.00382273,668.8
e2ecd6fe26f48965846f37ba5fec8c23,Localization Quality,AMCLPose,CovYY,0.00196978,668.8
e2ecd6fe26f48965846f37ba5fec8c23,Localization Quality,AMCLPose,CovXX,0.00418898,668.8
e2ecd6fe26f48965846f37ba5fec8c23,Localization Quality,AMCLPose,MeanYaw,-0.0636645,668.8
e2ecd6fe26f48965846f37ba5fec8c23,Localization Quality,AMCLPose,MeanY,-0.266082,668.8
e2ecd6fe26f48965846f37ba5fec8c23,Localization Quality,AMCLPose,MeanX,-5.18813,668.8
e2ecd6fe26f48965846f37ba5fec8c23,Localization Stability,TF,Jump Angular,-6.30324e-05,669.8
e2ecd6fe26f48965846f37ba5fec8c23,Localization Stability,TF,Jump Linear,0.000672606,669.8
e2ecd6fe26f48965846f37ba5fec8c23,Input Validity,Lidar,Lidar Rate,10,668.9
e2ecd6fe26f48965846f37ba5fec8c23,Input Validity,Odometry,Odometry Rate,50,668.9
e2ecd6fe26f48965846f37ba5fec8c23,Input Validity,TF,TF Rate,10,668.9
e2ecd6fe26f48965846f37ba5fec8c23,Localization Stability,TF,Jump Angular,0,669.9
e2ecd6fe26f48965846f37ba5fec8c23,Localization Stability,TF,Jump Linear,0,669.9
e2ecd6fe26f48965846f37ba5fec8c23,Input Validity,Lidar,Lidar Rate,10,669
e2ecd6fe26f48965846f37ba5fec8c23,Input Validity,Odometry,Odometry Rate,50,669
e2ecd6fe26f48965846f37ba5fec8c23,Input Validity,TF,TF Rate,10,669
e2ecd6fe26f48965846f37ba5fec8c23,Localization Stability,TF,Jump Angular,0,670
e2ecd6fe26f48965846f37ba5fec8c23,Localization Stability,TF,Jump Linear,0,670
e2ecd6fe26f48965846f37ba5fec8c23,Input Validity,Lidar,Lidar Rate,10,669.1
e2ecd6fe26f48965846f37ba5fec8c23,Input Validity,Odometry,Odometry Rate,50,669.1
e2ecd6fe26f48965846f37ba5fec8c23,Input Validity,TF,TF Rate,10,669.1
e2ecd6fe26f48965846f37ba5fec8c23,Input Validity,Lidar,Lidar Rate,10,669.2
e2ecd6fe26f48965846f37ba5fec8c23,Input Validity,Odometry,Odometry Rate,50,669.2
e2ecd6fe26f48965846f37ba5fec8c23,Input Validity,TF,TF Rate,10,669.2
e2ecd6fe26f48965846f37ba5fec8c23,Localization Quality,AMCLPose,CovYawYaw,0.00430809,669.1
e2ecd6fe26f48965846f37ba5fec8c23,Localization Quality,AMCLPose,CovYY,0.00217412,669.1
e2ecd6fe26f48965846f37ba5fec8c23,Localization Quality,AMCLPose,CovXX,0.00485687,669.1
e2ecd6fe26f48965846f37ba5fec8c23,Localization Quality,AMCLPose,MeanYaw,-0.0436942,669.1
e2ecd6fe26f48965846f37ba5fec8c23,Localization Quality,AMCLPose,MeanY,-0.274869,669.1
e2ecd6fe26f48965846f37ba5fec8c23,Localization Quality,AMCLPose,MeanX,-5.05163,669.1
e2ecd6fe26f48965846f37ba5fec8c23,Localization Stability,TF,Jump Angular,-0.00207605,670.1
e2ecd6fe26f48965846f37ba5fec8c23,Localization Stability,TF,Jump Linear,0.0473314,670.1
e2ecd6fe26f48965846f37ba5fec8c23,Localization Stability,TF,Jump Angular,0,670.2
e2ecd6fe26f48965846f37ba5fec8c23,Localization Stability,TF,Jump Linear,0,670.2
e2ecd6fe26f48965846f37ba5fec8c23,Input Validity,Lidar,Lidar Rate,10,669.3
e2ecd6fe26f48965846f37ba5fec8c23,Input Validity,Odometry,Odometry Rate,50,669.3
e2ecd6fe26f48965846f37ba5fec8c23,Input Validity,TF,TF Rate,10,669.3
e2ecd6fe26f48965846f37ba5fec8c23,Localization Stability,TF,Jump Angular,0,670.3
e2ecd6fe26f48965846f37ba5fec8c23,Localization Stability,TF,Jump Linear,0,670.3
e2ecd6fe26f48965846f37ba5fec8c23,Input Validity,Lidar,Lidar Rate,10,669.4
e2ecd6fe26f48965846f37ba5fec8c23,Input Validity,Odometry,Odometry Rate,50,669.4
e2ecd6fe26f48965846f37ba5fec8c23,Input Validity,TF,TF Rate,10,669.4
e2ecd6fe26f48965846f37ba5fec8c23,Localization Quality,AMCLPose,CovYawYaw,0.00445955,669.4
e2ecd6fe26f48965846f37ba5fec8c23,Localization Quality,AMCLPose,CovYY,0.00242644,669.4
e2ecd6fe26f48965846f37ba5fec8c23,Localization Quality,AMCLPose,CovXX,0.00495786,669.4
e2ecd6fe26f48965846f37ba5fec8c23,Localization Quality,AMCLPose,MeanYaw,-0.0275939,669.4
e2ecd6fe26f48965846f37ba5fec8c23,Localization Quality,AMCLPose,MeanY,-0.276792,669.4
e2ecd6fe26f48965846f37ba5fec8c23,Localization Quality,AMCLPose,MeanX,-4.91457,669.4
e2ecd6fe26f48965846f37ba5fec8c23,Localization Stability,TF,Jump Angular,0.000425254,670.4
e2ecd6fe26f48965846f37ba5fec8c23,Localization Stability,TF,Jump Linear,0.0131439,670.4
e2ecd6fe26f48965846f37ba5fec8c23,Input Validity,Lidar,Lidar Rate,10,669.5
e2ecd6fe26f48965846f37ba5fec8c23,Input Validity,Odometry,Odometry Rate,50,669.5
e2ecd6fe26f48965846f37ba5fec8c23,Input Validity,TF,TF Rate,10,669.5
e2ecd6fe26f48965846f37ba5fec8c23,Localization Stability,TF,Jump Angular,0,670.5
e2ecd6fe26f48965846f37ba5fec8c23,Localization Stability,TF,Jump Linear,0,670.5
e2ecd6fe26f48965846f37ba5fec8c23,Input Validity,Lidar,Lidar Rate,10,669.6
e2ecd6fe26f48965846f37ba5fec8c23,Input Validity,Odometry,Odometry Rate,50,669.6
e2ecd6fe26f48965846f37ba5fec8c23,Input Validity,TF,TF Rate,10,669.6
e2ecd6fe26f48965846f37ba5fec8c23,Localization Stability,TF,Jump Angular,0,670.6
e2ecd6fe26f48965846f37ba5fec8c23,Localization Stability,TF,Jump Linear,0,670.6
e2ecd6fe26f48965846f37ba5fec8c23,Input Validity,Lidar,Lidar Rate,10,669.7
e2ecd6fe26f48965846f37ba5fec8c23,Input Validity,Odometry,Odometry Rate,50,669.7
e2ecd6fe26f48965846f37ba5fec8c23,Input Validity,TF,TF Rate,10,669.7
e2ecd6fe26f48965846f37ba5fec8c23,Localization Quality,AMCLPose,CovYawYaw,0.00456436,669.7
e2ecd6fe26f48965846f37ba5fec8c23,Localization Quality,AMCLPose,CovYY,0.00269294,669.7
e2ecd6fe26f48965846f37ba5fec8c23,Localization Quality,AMCLPose,CovXX,0.00511048,669.7
e2ecd6fe26f48965846f37ba5fec8c23,Localization Quality,AMCLPose,MeanYaw,-0.0198047,669.7
e2ecd6fe26f48965846f37ba5fec8c23,Localization Quality,AMCLPose,MeanY,-0.278271,669.7
e2ecd6fe26f48965846f37ba5fec8c23,Localization Quality,AMCLPose,MeanX,-4.77572,669.7
e2ecd6fe26f48965846f37ba5fec8c23,Localization Stability,TF,Jump Angular,-0.00294404,670.7
e2ecd6fe26f48965846f37ba5fec8c23,Localization Stability,TF,Jump Linear,0.062542,670.7
e2ecd6fe26f48965846f37ba5fec8c23,Input Validity,Lidar,Lidar Rate,10,669.8
e2ecd6fe26f48965846f37ba5fec8c23,Input Validity,Odometry,Odometry Rate,50,669.8
e2ecd6fe26f48965846f37ba5fec8c23,Input Validity,TF,TF Rate,10,669.8
e2ecd6fe26f48965846f37ba5fec8c23,Localization Stability,TF,Jump Angular,0,670.8
e2ecd6fe26f48965846f37ba5fec8c23,Localization Stability,TF,Jump Linear,0,670.8
e2ecd6fe26f48965846f37ba5fec8c23,Input Validity,Lidar,Lidar Rate,10,669.9
e2ecd6fe26f48965846f37ba5fec8c23,Input Validity,Odometry,Odometry Rate,50,669.9
e2ecd6fe26f48965846f37ba5fec8c23,Input Validity,TF,TF Rate,10,669.9
e2ecd6fe26f48965846f37ba5fec8c23,Localization Stability,TF,Jump Angular,0,670.9
e2ecd6fe26f48965846f37ba5fec8c23,Localization Stability,TF,Jump Linear,0,670.9
e2ecd6fe26f48965846f37ba5fec8c23,Input Validity,Lidar,Lidar Rate,10,670
e2ecd6fe26f48965846f37ba5fec8c23,Input Validity,Odometry,Odometry Rate,50,670
e2ecd6fe26f48965846f37ba5fec8c23,Input Validity,TF,TF Rate,10,670
e2ecd6fe26f48965846f37ba5fec8c23,Input Validity,Lidar,Lidar Rate,10,670.09
e2ecd6fe26f48965846f37ba5fec8c23,Input Validity,Odometry,Odometry Rate,50,670.09
e2ecd6fe26f48965846f37ba5fec8c23,Input Validity,TF,TF Rate,10,670.09
e2ecd6fe26f48965846f37ba5fec8c23,Localization Quality,AMCLPose,CovYawYaw,0.00458977,670
e2ecd6fe26f48965846f37ba5fec8c23,Localization Quality,AMCLPose,CovYY,0.0028448,670
e2ecd6fe26f48965846f37ba5fec8c23,Localization Quality,AMCLPose,CovXX,0.00556015,670
e2ecd6fe26f48965846f37ba5fec8c23,Localization Quality,AMCLPose,MeanYaw,-0.00910179,670
e2ecd6fe26f48965846f37ba5fec8c23,Localization Quality,AMCLPose,MeanY,-0.278226,670
e2ecd6fe26f48965846f37ba5fec8c23,Localization Quality,AMCLPose,MeanX,-4.64047,670
e2ecd6fe26f48965846f37ba5fec8c23,Localization Stability,TF,Jump Angular,0.00370322,671
e2ecd6fe26f48965846f37ba5fec8c23,Localization Stability,TF,Jump Linear,0.084779,671
e2ecd6fe26f48965846f37ba5fec8c23,Localization Stability,TF,Jump Angular,0,671.1
e2ecd6fe26f48965846f37ba5fec8c23,Localization Stability,TF,Jump Linear,0,671.1
e2ecd6fe26f48965846f37ba5fec8c23,Input Validity,Lidar,Lidar Rate,10,670.19
e2ecd6fe26f48965846f37ba5fec8c23,Input Validity,Odometry,Odometry Rate,50,670.19
e2ecd6fe26f48965846f37ba5fec8c23,Input Validity,TF,TF Rate,10,670.19
e2ecd6fe26f48965846f37ba5fec8c23,Localization Stability,TF,Jump Angular,0,671.2
e2ecd6fe26f48965846f37ba5fec8c23,Localization Stability,TF,Jump Linear,0,671.2
e2ecd6fe26f48965846f37ba5fec8c23,Input Validity,Lidar,Lidar Rate,10,670.29
e2ecd6fe26f48965846f37ba5fec8c23,Input Validity,Odometry,Odometry Rate,50,670.29
e2ecd6fe26f48965846f37ba5fec8c23,Input Validity,TF,TF Rate,10,670.29
e2ecd6fe26f48965846f37ba5fec8c23,Localization Quality,AMCLPose,CovYawYaw,0.00443526,670.3
e2ecd6fe26f48965846f37ba5fec8c23,Localization Quality,AMCLPose,CovYY,0.00293699,670.3
e2ecd6fe26f48965846f37ba5fec8c23,Localization Quality,AMCLPose,CovXX,0.00555347,670.3
e2ecd6fe26f48965846f37ba5fec8c23,Localization Quality,AMCLPose,MeanYaw,-0.00440325,670.3
e2ecd6fe26f48965846f37ba5fec8c23,Localization Quality,AMCLPose,MeanY,-0.277176,670.3
e2ecd6fe26f48965846f37ba5fec8c23,Localization Quality,AMCLPose,MeanX,-4.50288,670.3
e2ecd6fe26f48965846f37ba5fec8c23,Localization Stability,TF,Jump Angular,-0.00208341,671.3
e2ecd6fe26f48965846f37ba5fec8c23,Localization Stability,TF,Jump Linear,0.043368,671.3
e2ecd6fe26f48965846f37ba5fec8c23,Input Validity,Lidar,Lidar Rate,10,670.39
e2ecd6fe26f48965846f37ba5fec8c23,Input Validity,Odometry,Odometry Rate,50,670.39
e2ecd6fe26f48965846f37ba5fec8c23,Input Validity,TF,TF Rate,10,670.39
e2ecd6fe26f48965846f37ba5fec8c23,Localization Stability,TF,Jump Angular,0,671.4
e2ecd6fe26f48965846f37ba5fec8c23,Localization Stability,TF,Jump Linear,0,671.4
e2ecd6fe26f48965846f37ba5fec8c23,Input Validity,Lidar,Lidar Rate,10,670.49
e2ecd6fe26f48965846f37ba5fec8c23,Input Validity,Odometry,Odometry Rate,50,670.49
e2ecd6fe26f48965846f37ba5fec8c23,Input Validity,TF,TF Rate,10,670.49
e2ecd6fe26f48965846f37ba5fec8c23,Localization Stability,TF,Jump Angular,0,671.5
e2ecd6fe26f48965846f37ba5fec8c23,Localization Stability,TF,Jump Linear,0,671.5
e2ecd6fe26f48965846f37ba5fec8c23,Input Validity,Lidar,Lidar Rate,10,670.59
e2ecd6fe26f48965846f37ba5fec8c23,Input Validity,Odometry,Odometry Rate,50,670.59
e2ecd6fe26f48965846f37ba5fec8c23,Input Validity,TF,TF Rate,10,670.59
e2ecd6fe26f48965846f37ba5fec8c23,Input Validity,Lidar,Lidar Rate,10,670.69
e2ecd6fe26f48965846f37ba5fec8c23,Input Validity,Odometry,Odometry Rate,50,670.69
e2ecd6fe26f48965846f37ba5fec8c23,Input Validity,TF,TF Rate,10,670.69
e2ecd6fe26f48965846f37ba5fec8c23,Localization Quality,AMCLPose,CovYawYaw,0.00430678,670.6
e2ecd6fe26f48965846f37ba5fec8c23,Localization Quality,AMCLPose,CovYY,0.00299776,670.6
e2ecd6fe26f48965846f37ba5fec8c23,Localization Quality,AMCLPose,CovXX,0.00549683,670.6
e2ecd6fe26f48965846f37ba5fec8c23,Localization Quality,AMCLPose,MeanYaw,0.00291588,670.6
e2ecd6fe26f48965846f37ba5fec8c23,Localization Quality,AMCLPose,MeanY,-0.275974,670.6
e2ecd6fe26f48965846f37ba5fec8c23,Localization Quality,AMCLPose,MeanX,-4.36949,670.6
e2ecd6fe26f48965846f37ba5fec8c23,Localization Stability,TF,Jump Angular,0.00149627,671.6
e2ecd6fe26f48965846f37ba5fec8c23,Localization Stability,TF,Jump Linear,0.0331751,671.6
e2ecd6fe26f48965846f37ba5fec8c23,Localization Stability,TF,Jump Angular,0,671.7
e2ecd6fe26f48965846f37ba5fec8c23,Localization Stability,TF,Jump Linear,0,671.7
e2ecd6fe26f48965846f37ba5fec8c23,Input Validity,Lidar,Lidar Rate,10,670.79
e2ecd6fe26f48965846f37ba5fec8c23,Input Validity,Odometry,Odometry Rate,50,670.79
e2ecd6fe26f48965846f37ba5fec8c23,Input Validity,TF,TF Rate,10,670.79
e2ecd6fe26f48965846f37ba5fec8c23,Localization Stability,TF,Jump Angular,0,671.8
e2ecd6fe26f48965846f37ba5fec8c23,Localization Stability,TF,Jump Linear,0,671.8
e2ecd6fe26f48965846f37ba5fec8c23,Input Validity,Lidar,Lidar Rate,10,670.89
e2ecd6fe26f48965846f37ba5fec8c23,Input Validity,Odometry,Odometry Rate,50,670.89
e2ecd6fe26f48965846f37ba5fec8c23,Input Validity,TF,TF Rate,10,670.89
e2ecd6fe26f48965846f37ba5fec8c23,Localization Quality,AMCLPose,CovYawYaw,0.0044745,670.9
e2ecd6fe26f48965846f37ba5fec8c23,Localization Quality,AMCLPose,CovYY,0.00314273,670.9
e2ecd6fe26f48965846f37ba5fec8c23,Localization Quality,AMCLPose,CovXX,0.00550525,670.9
e2ecd6fe26f48965846f37ba5fec8c23,Localization Quality,AMCLPose,MeanYaw,0.00562332,670.9
e2ecd6fe26f48965846f37ba5fec8c23,Localization Quality,AMCLPose,MeanY,-0.273814,670.9
e2ecd6fe26f48965846f37ba5fec8c23,Localization Quality,AMCLPose,MeanX,-4.22987,670.9
e2ecd6fe26f48965846f37ba5fec8c23,Localization Stability,TF,Jump Angular,-8.4679e-05,671.9
e2ecd6fe26f48965846f37ba5fec8c23,Localization Stability,TF,Jump Linear,0.00331992,671.9
e2ecd6fe26f48965846f37ba5fec8c23,Input Validity,Lidar,Lidar Rate,10,670.99
e2ecd6fe26f48965846f37ba5fec8c23,Input Validity,Odometry,Odometry Rate,50,670.99
e2ecd6fe26f48965846f37ba5fec8c23,Input Validity,TF,TF Rate,10,670.99
e2ecd6fe26f48965846f37ba5fec8c23,Localization Stability,TF,Jump Angular,0,672
e2ecd6fe26f48965846f37ba5fec8c23,Localization Stability,TF,Jump Linear,0,672
e2ecd6fe26f48965846f37ba5fec8c23,Input Validity,Lidar,Lidar Rate,10,671.09
e2ecd6fe26f48965846f37ba5fec8c23,Input Validity,Odometry,Odometry Rate,50,671.09
e2ecd6fe26f48965846f37ba5fec8c23,Input Validity,TF,TF Rate,10,671.09
e2ecd6fe26f48965846f37ba5fec8c23,Localization Stability,TF,Jump Angular,0,672.1
e2ecd6fe26f48965846f37ba5fec8c23,Localization Stability,TF,Jump Linear,0,672.1
e2ecd6fe26f48965846f37ba5fec8c23,Input Validity,Lidar,Lidar Rate,10,671.19
e2ecd6fe26f48965846f37ba5fec8c23,Input Validity,Odometry,Odometry Rate,50,671.19
e2ecd6fe26f48965846f37ba5fec8c23,Input Validity,TF,TF Rate,10,671.19
e2ecd6fe26f48965846f37ba5fec8c23,Input Validity,Lidar,Lidar Rate,10,671.29
e2ecd6fe26f48965846f37ba5fec8c23,Input Validity,Odometry,Odometry Rate,50,671.29
e2ecd6fe26f48965846f37ba5fec8c23,Input Validity,TF,TF Rate,10,671.29
e2ecd6fe26f48965846f37ba5fec8c23,Localization Quality,AMCLPose,CovYawYaw,0.00490609,671.2
e2ecd6fe26f48965846f37ba5fec8c23,Localization Quality,AMCLPose,CovYY,0.00340963,671.2
e2ecd6fe26f48965846f37ba5fec8c23,Localization Quality,AMCLPose,CovXX,0.00585688,671.2
e2ecd6fe26f48965846f37ba5fec8c23,Localization Quality,AMCLPose,MeanYaw,0.00701222,671.2
e2ecd6fe26f48965846f37ba5fec8c23,Localization Quality,AMCLPose,MeanY,-0.272157,671.2
e2ecd6fe26f48965846f37ba5fec8c23,Localization Quality,AMCLPose,MeanX,-4.09277,671.2
e2ecd6fe26f48965846f37ba5fec8c23,Localization Stability,TF,Jump Angular,0.00133925,672.2
e2ecd6fe26f48965846f37ba5fec8c23,Localization Stability,TF,Jump Linear,0.0315873,672.2
e2ecd6fe26f48965846f37ba5fec8c23,Localization Stability,TF,Jump Angular,0,672.3
e2ecd6fe26f48965846f37ba5fec8c23,Localization Stability,TF,Jump Linear,0,672.3
e2ecd6fe26f48965846f37ba5fec8c23,Input Validity,Lidar,Lidar Rate,10,671.39
e2ecd6fe26f48965846f37ba5fec8c23,Input Validity,Odometry,Odometry Rate,50,671.39
e2ecd6fe26f48965846f37ba5fec8c23,Input Validity,TF,TF Rate,10,671.39
e2ecd6fe26f48965846f37ba5fec8c23,Localization Stability,TF,Jump Angular,0,672.4
e2ecd6fe26f48965846f37ba5fec8c23,Localization Stability,TF,Jump Linear,0,672.4
e2ecd6fe26f48965846f37ba5fec8c23,Input Validity,Lidar,Lidar Rate,10,671.49
e2ecd6fe26f48965846f37ba5fec8c23,Input Validity,Odometry,Odometry Rate,50,671.49
e2ecd6fe26f48965846f37ba5fec8c23,Input Validity,TF,TF Rate,10,671.49
e2ecd6fe26f48965846f37ba5fec8c23,Input Validity,Lidar,Lidar Rate,10,671.59
e2ecd6fe26f48965846f37ba5fec8c23,Input Validity,Odometry,Odometry Rate,50,671.59
e2ecd6fe26f48965846f37ba5fec8c23,Input Validity,TF,TF Rate,10,671.59
e2ecd6fe26f48965846f37ba5fec8c23,Localization Quality,AMCLPose,CovYawYaw,0.00468542,671.5
e2ecd6fe26f48965846f37ba5fec8c23,Localization Quality,AMCLPose,CovYY,0.00354344,671.5
e2ecd6fe26f48965846f37ba5fec8c23,Localization Quality,AMCLPose,CovXX,0.00645355,671.5
e2ecd6fe26f48965846f37ba5fec8c23,Localization Quality,AMCLPose,MeanYaw,0.00687091,671.5
e2ecd6fe26f48965846f37ba5fec8c23,Localization Quality,AMCLPose,MeanY,-0.268382,671.5
e2ecd6fe26f48965846f37ba5fec8c23,Localization Quality,AMCLPose,MeanX,-3.95622,671.5
e2ecd6fe26f48965846f37ba5fec8c23,Localization Stability,TF,Jump Angular,3.3105e-05,672.5
e2ecd6fe26f48965846f37ba5fec8c23,Localization Stability,TF,Jump Linear,0.00395506,672.5
e2ecd6fe26f48965846f37ba5fec8c23,Localization Stability,TF,Jump Angular,0,672.6
e2ecd6fe26f48965846f37ba5fec8c23,Localization Stability,TF,Jump Linear,0,672.6
e2ecd6fe26f48965846f37ba5fec8c23,Input Validity,Lidar,Lidar Rate,10,671.69
e2ecd6fe26f48965846f37ba5fec8c23,Input Validity,Odometry,Odometry Rate,50,671.69
e2ecd6fe26f48965846f37ba5fec8c23,Input Validity,TF,TF Rate,10,671.69
e2ecd6fe26f48965846f37ba5fec8c23,Localization Stability,TF,Jump Angular,0,672.7
e2ecd6fe26f48965846f37ba5fec8c23,Localization Stability,TF,Jump Linear,0,672.7
e2ecd6fe26f48965846f37ba5fec8c23,Input Validity,Lidar,Lidar Rate,10,671.79
e2ecd6fe26f48965846f37ba5fec8c23,Input Validity,Odometry,Odometry Rate,50,671.79
e2ecd6fe26f48965846f37ba5fec8c23,Input Validity,TF,TF Rate,10,671.79
e2ecd6fe26f48965846f37ba5fec8c23,Input Validity,Lidar,Lidar Rate,10,671.88
e2ecd6fe26f48965846f37ba5fec8c23,Input Validity,Odometry,Odometry Rate,50,671.88
e2ecd6fe26f48965846f37ba5fec8c23,Input Validity,TF,TF Rate,10,671.88
e2ecd6fe26f48965846f37ba5fec8c23,Localization Quality,AMCLPose,CovYawYaw,0.00464325,671.8
e2ecd6fe26f48965846f37ba5fec8c23,Localization Quality,AMCLPose,CovYY,0.00339196,671.8
e2ecd6fe26f48965846f37ba5fec8c23,Localization Quality,AMCLPose,CovXX,0.00678802,671.8
e2ecd6fe26f48965846f37ba5fec8c23,Localization Quality,AMCLPose,MeanYaw,0.00622796,671.8
e2ecd6fe26f48965846f37ba5fec8c23,Localization Quality,AMCLPose,MeanY,-0.267677,671.8
e2ecd6fe26f48965846f37ba5fec8c23,Localization Quality,AMCLPose,MeanX,-3.82112,671.8
e2ecd6fe26f48965846f37ba5fec8c23,Localization Stability,TF,Jump Angular,0.00060801,672.8
e2ecd6fe26f48965846f37ba5fec8c23,Localization Stability,TF,Jump Linear,0.0132136,672.8
e2ecd6fe26f48965846f37ba5fec8c23,Localization Stability,TF,Jump Angular,0,672.9
e2ecd6fe26f48965846f37ba5fec8c23,Localization Stability,TF,Jump Linear,0,672.9
e2ecd6fe26f48965846f37ba5fec8c23,Input Validity,Lidar,Lidar Rate,10,671.98
e2ecd6fe26f48965846f37ba5fec8c23,Input Validity,Odometry,Odometry Rate,50,671.98
e2ecd6fe26f48965846f37ba5fec8c23,Input Validity,TF,TF Rate,10,671.98
e2ecd6fe26f48965846f37ba5fec8c23,Localization Stability,TF,Jump Angular,0,673
e2ecd6fe26f48965846f37ba5fec8c23,Localization Stability,TF,Jump Linear,0,673
e2ecd6fe26f48965846f37ba5fec8c23,Input Validity,Lidar,Lidar Rate,10,672.08
e2ecd6fe26f48965846f37ba5fec8c23,Input Validity,Odometry,Odometry Rate,50,672.08
e2ecd6fe26f48965846f37ba5fec8c23,Input Validity,TF,TF Rate,10,672.08
e2ecd6fe26f48965846f37ba5fec8c23,Localization Quality,AMCLPose,CovYawYaw,0.00408597,672.1
e2ecd6fe26f48965846f37ba5fec8c23,Localization Quality,AMCLPose,CovYY,0.00313631,672.1
e2ecd6fe26f48965846f37ba5fec8c23,Localization Quality,AMCLPose,CovXX,0.00680852,672.1
e2ecd6fe26f48965846f37ba5fec8c23,Localization Quality,AMCLPose,MeanYaw,0.00574723,672.1
e2ecd6fe26f48965846f37ba5fec8c23,Localization Quality,AMCLPose,MeanY,-0.263997,672.1
e2ecd6fe26f48965846f37ba5fec8c23,Localization Quality,AMCLPose,MeanX,-3.6849,672.1
e2ecd6fe26f48965846f37ba5fec8c23,Localization Stability,TF,Jump Angular,0.00187275,673.1
e2ecd6fe26f48965846f37ba5fec8c23,Localization Stability,TF,Jump Linear,0.0437044,673.1
e2ecd6fe26f48965846f37ba5fec8c23,Input Validity,Lidar,Lidar Rate,10,672.18
e2ecd6fe26f48965846f37ba5fec8c23,Input Validity,Odometry,Odometry Rate,50,672.18
e2ecd6fe26f48965846f37ba5fec8c23,Input Validity,TF,TF Rate,10,672.18
e2ecd6fe26f48965846f37ba5fec8c23,Localization Stability,TF,Jump Angular,0,673.2
e2ecd6fe26f48965846f37ba5fec8c23,Localization Stability,TF,Jump Linear,0,673.2
e2ecd6fe26f48965846f37ba5fec8c23,Input Validity,Lidar,Lidar Rate,10,672.28
e2ecd6fe26f48965846f37ba5fec8c23,Input Validity,Odometry,Odometry Rate,50,672.28
e2ecd6fe26f48965846f37ba5fec8c23,Input Validity,TF,TF Rate,10,672.28
e2ecd6fe26f48965846f37ba5fec8c23,Localization Stability,TF,Jump Angular,0,673.3
e2ecd6fe26f48965846f37ba5fec8c23,Localization Stability,TF,Jump Linear,0,673.3
e2ecd6fe26f48965846f37ba5fec8c23,Input Validity,Lidar,Lidar Rate,10,672.38
e2ecd6fe26f48965846f37ba5fec8c23,Input Validity,Odometry,Odometry Rate,50,672.38
e2ecd6fe26f48965846f37ba5fec8c23,Input Validity,TF,TF Rate,10,672.38
e2ecd6fe26f48965846f37ba5fec8c23,Input Validity,Lidar,Lidar Rate,10,672.48
e2ecd6fe26f48965846f37ba5fec8c23,Input Validity,Odometry,Odometry Rate,50,672.48
e2ecd6fe26f48965846f37ba5fec8c23,Input Validity,TF,TF Rate,10,672.48
e2ecd6fe26f48965846f37ba5fec8c23,Localization Quality,AMCLPose,CovYawYaw,0.00400112,672.4
e2ecd6fe26f48965846f37ba5fec8c23,Localization Quality,AMCLPose,CovYY,0.00314038,672.4
e2ecd6fe26f48965846f37ba5fec8c23,Localization Quality,AMCLPose,CovXX,0.00675166,672.4
e2ecd6fe26f48965846f37ba5fec8c23,Localization Quality,AMCLPose,MeanYaw,0.0070875,672.4
e2ecd6fe26f48965846f37ba5fec8c23,Localization Quality,AMCLPose,MeanY,-0.26146,672.4
e2ecd6fe26f48965846f37ba5fec8c23,Localization Quality,AMCLPose,MeanX,-3.54815,672.4
e2ecd6fe26f48965846f37ba5fec8c23,Localization Stability,TF,Jump Angular,0.00355295,673.4
e2ecd6fe26f48965846f37ba5fec8c23,Localization Stability,TF,Jump Linear,0.07949,673.4
e2ecd6fe26f48965846f37ba5fec8c23,Localization Stability,TF,Jump Angular,0,673.5
e2ecd6fe26f48965846f37ba5fec8c23,Localization Stability,TF,Jump Linear,0,673.5
e2ecd6fe26f48965846f37ba5fec8c23,Input Validity,Lidar,Lidar Rate,10,672.58
e2ecd6fe26f48965846f37ba5fec8c23,Input Validity,Odometry,Odometry Rate,50,672.58
e2ecd6fe26f48965846f37ba5fec8c23,Input Validity,TF,TF Rate,10,672.58
e2ecd6fe26f48965846f37ba5fec8c23,Localization Stability,TF,Jump Angular,0,673.6
e2ecd6fe26f48965846f37ba5fec8c23,Localization Stability,TF,Jump Linear,0,673.6
e2ecd6fe26f48965846f37ba5fec8c23,Input Validity,Lidar,Lidar Rate,10,672.68
e2ecd6fe26f48965846f37ba5fec8c23,Input Validity,Odometry,Odometry Rate,50,672.68
e2ecd6fe26f48965846f37ba5fec8c23,Input Validity,TF,TF Rate,10,672.68
e2ecd6fe26f48965846f37ba5fec8c23,Input Validity,Lidar,Lidar Rate,10,672.78
e2ecd6fe26f48965846f37ba5fec8c23,Input Validity,Odometry,Odometry Rate,50,672.78
e2ecd6fe26f48965846f37ba5fec8c23,Input Validity,TF,TF Rate,10,672.78
e2ecd6fe26f48965846f37ba5fec8c23,Localization Quality,AMCLPose,CovYawYaw,0.00416555,672.7
e2ecd6fe26f48965846f37ba5fec8c23,Localization Quality,AMCLPose,CovYY,0.00305517,672.7
e2ecd6fe26f48965846f37ba5fec8c23,Localization Quality,AMCLPose,CovXX,0.00665287,672.7
e2ecd6fe26f48965846f37ba5fec8c23,Localization Quality,AMCLPose,MeanYaw,0.00651964,672.7
e2ecd6fe26f48965846f37ba5fec8c23,Localization Quality,AMCLPose,MeanY,-0.259991,672.7
e2ecd6fe26f48965846f37ba5fec8c23,Localization Quality,AMCLPose,MeanX,-3.41179,672.7
e2ecd6fe26f48965846f37ba5fec8c23,Localization Stability,TF,Jump Angular,0.00103181,673.7
e2ecd6fe26f48965846f37ba5fec8c23,Localization Stability,TF,Jump Linear,0.0236413,673.7
e2ecd6fe26f48965846f37ba5fec8c23,Localization Stability,TF,Jump Angular,0,673.8
e2ecd6fe26f48965846f37ba5fec8c23,Localization Stability,TF,Jump Linear,0,673.8
e2ecd6fe26f48965846f37ba5fec8c23,Input Validity,Lidar,Lidar Rate,10,672.88
e2ecd6fe26f48965846f37ba5fec8c23,Input Validity,Odometry,Odometry Rate,50,672.88
e2ecd6fe26f48965846f37ba5fec8c23,Input Validity,TF,TF Rate,10,672.88
e2ecd6fe26f48965846f37ba5fec8c23,Localization Stability,TF,Jump Angular,0,673.9
e2ecd6fe26f48965846f37ba5fec8c23,Localization Stability,TF,Jump Linear,0,673.9
e2ecd6fe26f48965846f37ba5fec8c23,Input Validity,Lidar,Lidar Rate,10,672.98
e2ecd6fe26f48965846f37ba5fec8c23,Input Validity,Odometry,Odometry Rate,50,672.98
e2ecd6fe26f48965846f37ba5fec8c23,Input Validity,TF,TF Rate,10,672.98
e2ecd6fe26f48965846f37ba5fec8c23,Localization Quality,AMCLPose,CovYawYaw,0.00407789,673
e2ecd6fe26f48965846f37ba5fec8c23,Localization Quality,AMCLPose,CovYY,0.00312731,673
e2ecd6fe26f48965846f37ba5fec8c23,Localization Quality,AMCLPose,CovXX,0.00638975,673
e2ecd6fe26f48965846f37ba5fec8c23,Localization Quality,AMCLPose,MeanYaw,0.00348543,673
e2ecd6fe26f48965846f37ba5fec8c23,Localization Quality,AMCLPose,MeanY,-0.258144,673
e2ecd6fe26f48965846f37ba5fec8c23,Localization Quality,AMCLPose,MeanX,-3.27632,673
e2ecd6fe26f48965846f37ba5fec8c23,Localization Stability,TF,Jump Angular,1.00408e-05,674
e2ecd6fe26f48965846f37ba5fec8c23,Localization Stability,TF,Jump Linear,0.00147131,674
e2ecd6fe26f48965846f37ba5fec8c23,Input Validity,Lidar,Lidar Rate,10,673.08
e2ecd6fe26f48965846f37ba5fec8c23,Input Validity,Odometry,Odometry Rate,50,673.08
e2ecd6fe26f48965846f37ba5fec8c23,Input Validity,TF,TF Rate,10,673.08
e2ecd6fe26f48965846f37ba5fec8c23,Localization Stability,TF,Jump Angular,0,674.1
e2ecd6fe26f48965846f37ba5fec8c23,Localization Stability,TF,Jump Linear,0,674.1
e2ecd6fe26f48965846f37ba5fec8c23,Input Validity,Lidar,Lidar Rate,10,673.18
e2ecd6fe26f48965846f37ba5fec8c23,Input Validity,Odometry,Odometry Rate,50,673.18
e2ecd6fe26f48965846f37ba5fec8c23,Input Validity,TF,TF Rate,10,673.18
e2ecd6fe26f48965846f37ba5fec8c23,Localization Stability,TF,Jump Angular,0,674.2
e2ecd6fe26f48965846f37ba5fec8c23,Localization Stability,TF,Jump Linear,0,674.2
e2ecd6fe26f48965846f37ba5fec8c23,Input Validity,Lidar,Lidar Rate,10,673.28
e2ecd6fe26f48965846f37ba5fec8c23,Input Validity,Odometry,Odometry Rate,50,673.28
e2ecd6fe26f48965846f37ba5fec8c23,Input Validity,TF,TF Rate,10,673.28
e2ecd6fe26f48965846f37ba5fec8c23,Input Validity,Lidar,Lidar Rate,10,673.38
e2ecd6fe26f48965846f37ba5fec8c23,Input Validity,Odometry,Odometry Rate,50,673.38
e2ecd6fe26f48965846f37ba5fec8c23,Input Validity,TF,TF Rate,10,673.38
e2ecd6fe26f48965846f37ba5fec8c23,Localization Quality,AMCLPose,CovYawYaw,0.00380349,673.3
e2ecd6fe26f48965846f37ba5fec8c23,Localization Quality,AMCLPose,CovYY,0.00289177,673.3
e2ecd6fe26f48965846f37ba5fec8c23,Localization Quality,AMCLPose,CovXX,0.00610366,673.3
e2ecd6fe26f48965846f37ba5fec8c23,Localization Quality,AMCLPose,MeanYaw,-7.77712e-05,673.3
e2ecd6fe26f48965846f37ba5fec8c23,Localization Quality,AMCLPose,MeanY,-0.255728,673.3
e2ecd6fe26f48965846f37ba5fec8c23,Localization Quality,AMCLPose,MeanX,-3.13618,673.3
e2ecd6fe26f48965846f37ba5fec8c23,Localization Stability,TF,Jump Angular,-0.000287286,674.3
e2ecd6fe26f48965846f37ba5fec8c23,Localization Stability,TF,Jump Linear,0.00222672,674.3
e2ecd6fe26f48965846f37ba5fec8c23,Localization Stability,TF,Jump Angular,0,674.4
e2ecd6fe26f48965846f37ba5fec8c23,Localization Stability,TF,Jump Linear,0,674.4
e2ecd6fe26f48965846f37ba5fec8c23,Input Validity,Lidar,Lidar Rate,10,673.48
e2ecd6fe26f48965846f37ba5fec8c23,Input Validity,Odometry,Odometry Rate,50,673.48
e2ecd6fe26f48965846f37ba5fec8c23,Input Validity,TF,TF Rate,10,673.48
e2ecd6fe26f48965846f37ba5fec8c23,Localization Stability,TF,Jump Angular,0,674.5
e2ecd6fe26f48965846f37ba5fec8c23,Localization Stability,TF,Jump Linear,0,674.5
e2ecd6fe26f48965846f37ba5fec8c23,Input Validity,Lidar,Lidar Rate,10,673.57
e2ecd6fe26f48965846f37ba5fec8c23,Input Validity,Odometry,Odometry Rate,50,673.57
e2ecd6fe26f48965846f37ba5fec8c23,Input Validity,TF,TF Rate,10,673.57
e2ecd6fe26f48965846f37ba5fec8c23,Input Validity,Lidar,Lidar Rate,10,673.67
e2ecd6fe26f48965846f37ba5fec8c23,Input Validity,Odometry,Odometry Rate,50,673.67
e2ecd6fe26f48965846f37ba5fec8c23,Input Validity,TF,TF Rate,10,673.67
e2ecd6fe26f48965846f37ba5fec8c23,Localization Quality,AMCLPose,CovYawYaw,0.00351905,673.6
e2ecd6fe26f48965846f37ba5fec8c23,Localization Quality,AMCLPose,CovYY,0.00272611,673.6
e2ecd6fe26f48965846f37ba5fec8c23,Localization Quality,AMCLPose,CovXX,0.00613542,673.6
e2ecd6fe26f48965846f37ba5fec8c23,Localization Quality,AMCLPose,MeanYaw,-0.00371439,673.6
e2ecd6fe26f48965846f37ba5fec8c23,Localization Quality,AMCLPose,MeanY,-0.254682,673.6
e2ecd6fe26f48965846f37ba5fec8c23,Localization Quality,AMCLPose,MeanX,-2.99828,673.6
e2ecd6fe26f48965846f37ba5fec8c23,Localization Stability,TF,Jump Angular,-0.000233765,674.6
e2ecd6fe26f48965846f37ba5fec8c23,Localization Stability,TF,Jump Linear,0.00225741,674.6
e2ecd6fe26f48965846f37ba5fec8c23,Localization Stability,TF,Jump Angular,0,674.7
e2ecd6fe26f48965846f37ba5fec8c23,Localization Stability,TF,Jump Linear,0,674.7
e2ecd6fe26f48965846f37ba5fec8c23,Input Validity,Lidar,Lidar Rate,10,673.77
e2ecd6fe26f48965846f37ba5fec8c23,Input Validity,Odometry,Odometry Rate,50,673.77
e2ecd6fe26f48965846f37ba5fec8c23,Input Validity,TF,TF Rate,10,673.77
e2ecd6fe26f48965846f37ba5fec8c23,Localization Stability,TF,Jump Angular,0,674.8
e2ecd6fe26f48965846f37ba5fec8c23,Localization Stability,TF,Jump Linear,0,674.8
e2ecd6fe26f48965846f37ba5fec8c23,Input Validity,Lidar,Lidar Rate,10,673.87
e2ecd6fe26f48965846f37ba5fec8c23,Input Validity,Odometry,Odometry Rate,50,673.87
e2ecd6fe26f48965846f37ba5fec8c23,Input Validity,TF,TF Rate,10,673.87
e2ecd6fe26f48965846f37ba5fec8c23,Localization Quality,AMCLPose,CovYawYaw,0.00304111,673.9
e2ecd6fe26f48965846f37ba5fec8c23,Localization Quality,AMCLPose,CovYY,0.00248764,673.9
e2ecd6fe26f48965846f37ba5fec8c23,Localization Quality,AMCLPose,CovXX,0.00640945,673.9
e2ecd6fe26f48965846f37ba5fec8c23,Localization Quality,AMCLPose,MeanYaw,-0.00753993,673.9
e2ecd6fe26f48965846f37ba5fec8c23,Localization Quality,AMCLPose,MeanY,-0.253105,673.9
e2ecd6fe26f48965846f37ba5fec8c23,Localization Quality,AMCLPose,MeanX,-2.86653,673.9
e2ecd6fe26f48965846f37ba5fec8c23,Localization Stability,TF,Jump Angular,0.000339654,674.9
e2ecd6fe26f48965846f37ba5fec8c23,Localization Stability,TF,Jump Linear,0.00754224,674.9
e2ecd6fe26f48965846f37ba5fec8c23,Input Validity,Lidar,Lidar Rate,10,673.97
e2ecd6fe26f48965846f37ba5fec8c23,Input Validity,Odometry,Odometry Rate,50,673.97
e2ecd6fe26f48965846f37ba5fec8c23,Input Validity,TF,TF Rate,10,673.97
e2ecd6fe26f48965846f37ba5fec8c23,Localization Stability,TF,Jump Angular,0,675
e2ecd6fe26f48965846f37ba5fec8c23,Localization Stability,TF,Jump Linear,0,675
e2ecd6fe26f48965846f37ba5fec8c23,Input Validity,Lidar,Lidar Rate,10,674.07
e2ecd6fe26f48965846f37ba5fec8c23,Input Validity,Odometry,Odometry Rate,50,674.07
e2ecd6fe26f48965846f37ba5fec8c23,Input Validity,TF,TF Rate,10,674.07
e2ecd6fe26f48965846f37ba5fec8c23,Localization Stability,TF,Jump Angular,0,675.1
e2ecd6fe26f48965846f37ba5fec8c23,Localization Stability,TF,Jump Linear,0,675.1
e2ecd6fe26f48965846f37ba5fec8c23,Input Validity,Lidar,Lidar Rate,10,674.17
e2ecd6fe26f48965846f37ba5fec8c23,Input Validity,Odometry,Odometry Rate,50,674.17
e2ecd6fe26f48965846f37ba5fec8c23,Input Validity,TF,TF Rate,10,674.17
e2ecd6fe26f48965846f37ba5fec8c23,Input Validity,Lidar,Lidar Rate,10,674.27
e2ecd6fe26f48965846f37ba5fec8c23,Input Validity,Odometry,Odometry Rate,50,674.27
e2ecd6fe26f48965846f37ba5fec8c23,Input Validity,TF,TF Rate,10,674.27
e2ecd6fe26f48965846f37ba5fec8c23,Localization Quality,AMCLPose,CovYawYaw,0.00292073,674.2
e2ecd6fe26f48965846f37ba5fec8c23,Localization Quality,AMCLPose,CovYY,0.00228283,674.2
e2ecd6fe26f48965846f37ba5fec8c23,Localization Quality,AMCLPose,CovXX,0.00625551,674.2
e2ecd6fe26f48965846f37ba5fec8c23,Localization Quality,AMCLPose,MeanYaw,-0.0132572,674.2
e2ecd6fe26f48965846f37ba5fec8c23,Localization Quality,AMCLPose,MeanY,-0.252837,674.2
e2ecd6fe26f48965846f37ba5fec8c23,Localization Quality,AMCLPose,MeanX,-2.73,674.2
e2ecd6fe26f48965846f37ba5fec8c23,Localization Stability,TF,Jump Angular,-0.00227167,675.2
e2ecd6fe26f48965846f37ba5fec8c23,Localization Stability,TF,Jump Linear,0.0457157,675.2
e2ecd6fe26f48965846f37ba5fec8c23,Localization Stability,TF,Jump Angular,0,675.3
e2ecd6fe26f48965846f37ba5fec8c23,Localization Stability,TF,Jump Linear,0,675.3
e2ecd6fe26f48965846f37ba5fec8c23,Input Validity,Lidar,Lidar Rate,10,674.37
e2ecd6fe26f48965846f37ba5fec8c23,Input Validity,Odometry,Odometry Rate,50,674.37
e2ecd6fe26f48965846f37ba5fec8c23,Input Validity,TF,TF Rate,10,674.37
e2ecd6fe26f48965846f37ba5fec8c23,Localization Stability,TF,Jump Angular,0,675.4
e2ecd6fe26f48965846f37ba5fec8c23,Localization Stability,TF,Jump Linear,0,675.4
e2ecd6fe26f48965846f37ba5fec8c23,Input Validity,Lidar,Lidar Rate,10,674.47
e2ecd6fe26f48965846f37ba5fec8c23,Input Validity,Odometry,Odometry Rate,50,674.47
e2ecd6fe26f48965846f37ba5fec8c23,Input Validity,TF,TF Rate,10,674.47
e2ecd6fe26f48965846f37ba5fec8c23,Input Validity,Lidar,Lidar Rate,10,674.57
e2ecd6fe26f48965846f37ba5fec8c23,Input Validity,Odometry,Odometry Rate,50,674.57
e2ecd6fe26f48965846f37ba5fec8c23,Input Validity,TF,TF Rate,10,674.57
e2ecd6fe26f48965846f37ba5fec8c23,Localization Quality,AMCLPose,CovYawYaw,0.00274102,674.5
e2ecd6fe26f48965846f37ba5fec8c23,Localization Quality,AMCLPose,CovYY,0.00208129,674.5
e2ecd6fe26f48965846f37ba5fec8c23,Localization Quality,AMCLPose,CovXX,0.00590421,674.5
e2ecd6fe26f48965846f37ba5fec8c23,Localization Quality,AMCLPose,MeanYaw,-0.0172408,674.5
e2ecd6fe26f48965846f37ba5fec8c23,Localization Quality,AMCLPose,MeanY,-0.253488,674.5
e2ecd6fe26f48965846f37ba5fec8c23,Localization Quality,AMCLPose,MeanX,-2.59504,674.5
e2ecd6fe26f48965846f37ba5fec8c23,Localization Stability,TF,Jump Angular,-0.00186808,675.5
e2ecd6fe26f48965846f37ba5fec8c23,Localization Stability,TF,Jump Linear,0.0383579,675.5
e2ecd6fe26f48965846f37ba5fec8c23,Localization Stability,TF,Jump Angular,0,675.6
e2ecd6fe26f48965846f37ba5fec8c23,Localization Stability,TF,Jump Linear,0,675.6
e2ecd6fe26f48965846f37ba5fec8c23,Input Validity,Lidar,Lidar Rate,10,674.67
e2ecd6fe26f48965846f37ba5fec8c23,Input Validity,Odometry,Odometry Rate,50,674.67
e2ecd6fe26f48965846f37ba5fec8c23,Input Validity,TF,TF Rate,10,674.67
e2ecd6fe26f48965846f37ba5fec8c23,Localization Stability,TF,Jump Angular,0,675.7
e2ecd6fe26f48965846f37ba5fec8c23,Localization Stability,TF,Jump Linear,0,675.7
e2ecd6fe26f48965846f37ba5fec8c23,Input Validity,Lidar,Lidar Rate,10,674.77
e2ecd6fe26f48965846f37ba5fec8c23,Input Validity,Odometry,Odometry Rate,50,674.77
e2ecd6fe26f48965846f37ba5fec8c23,Input Validity,TF,TF Rate,10,674.77
e2ecd6fe26f48965846f37ba5fec8c23,Input Validity,Lidar,Lidar Rate,10,674.87
e2ecd6fe26f48965846f37ba5fec8c23,Input Validity,Odometry,Odometry Rate,50,674.87
e2ecd6fe26f48965846f37ba5fec8c23,Input Validity,TF,TF Rate,10,674.87
e2ecd6fe26f48965846f37ba5fec8c23,Localization Quality,AMCLPose,CovYawYaw,0.00271419,674.8
e2ecd6fe26f48965846f37ba5fec8c23,Localization Quality,AMCLPose,CovYY,0.00197941,674.8
e2ecd6fe26f48965846f37ba5fec8c23,Localization Quality,AMCLPose,CovXX,0.00566126,674.8
e2ecd6fe26f48965846f37ba5fec8c23,Localization Quality,AMCLPose,MeanYaw,-0.0172075,674.8
e2ecd6fe26f48965846f37ba5fec8c23,Localization Quality,AMCLPose,MeanY,-0.257422,674.8
e2ecd6fe26f48965846f37ba5fec8c23,Localization Quality,AMCLPose,MeanX,-2.45637,674.8
e2ecd6fe26f48965846f37ba5fec8c23,Localization Stability,TF,Jump Angular,0.000755341,675.8
e2ecd6fe26f48965846f37ba5fec8c23,Localization Stability,TF,Jump Linear,0.0178206,675.8
e2ecd6fe26f48965846f37ba5fec8c23,Localization Stability,TF,Jump Angular,0,675.9
e2ecd6fe26f48965846f37ba5fec8c23,Localization Stability,TF,Jump Linear,0,675.9
e2ecd6fe26f48965846f37ba5fec8c23,Input Validity,Lidar,Lidar Rate,10,674.97
e2ecd6fe26f48965846f37ba5fec8c23,Input Validity,Odometry,Odometry Rate,50,674.97
e2ecd6fe26f48965846f37ba5fec8c23,Input Validity,TF,TF Rate,10,674.97
e2ecd6fe26f48965846f37ba5fec8c23,Localization Stability,TF,Jump Angular,0,676
e2ecd6fe26f48965846f37ba5fec8c23,Localization Stability,TF,Jump Linear,0,676
e2ecd6fe26f48965846f37ba5fec8c23,Input Validity,Lidar,Lidar Rate,10,675.07
e2ecd6fe26f48965846f37ba5fec8c23,Input Validity,Odometry,Odometry Rate,50,675.07
e2ecd6fe26f48965846f37ba5fec8c23,Input Validity,TF,TF Rate,10,675.07
e2ecd6fe26f48965846f37ba5fec8c23,Input Validity,Lidar,Lidar Rate,10,675.17
e2ecd6fe26f48965846f37ba5fec8c23,Input Validity,Odometry,Odometry Rate,50,675.17
e2ecd6fe26f48965846f37ba5fec8c23,Input Validity,TF,TF Rate,10,675.17
e2ecd6fe26f48965846f37ba5fec8c23,Localization Quality,AMCLPose,CovYawYaw,0.00250533,675.1
e2ecd6fe26f48965846f37ba5fec8c23,Localization Quality,AMCLPose,CovYY,0.00179825,675.1
e2ecd6fe26f48965846f37ba5fec8c23,Localization Quality,AMCLPose,CovXX,0.00544691,675.1
e2ecd6fe26f48965846f37ba5fec8c23,Localization Quality,AMCLPose,MeanYaw,-0.0202085,675.1
e2ecd6fe26f48965846f37ba5fec8c23,Localization Quality,AMCLPose,MeanY,-0.260387,675.1
e2ecd6fe26f48965846f37ba5fec8c23,Localization Quality,AMCLPose,MeanX,-2.32235,675.1
e2ecd6fe26f48965846f37ba5fec8c23,Localization Stability,TF,Jump Angular,-0.00135317,676.1
e2ecd6fe26f48965846f37ba5fec8c23,Localization Stability,TF,Jump Linear,0.0292106,676.1
e2ecd6fe26f48965846f37ba5fec8c23,Localization Stability,TF,Jump Angular,0,676.2
e2ecd6fe26f48965846f37ba5fec8c23,Localization Stability,TF,Jump Linear,0,676.2
e2ecd6fe26f48965846f37ba5fec8c23,Input Validity,Lidar,Lidar Rate,10,675.26
e2ecd6fe26f48965846f37ba5fec8c23,Input Validity,Odometry,Odometry Rate,50,675.26
e2ecd6fe26f48965846f37ba5fec8c23,Input Validity,TF,TF Rate,10,675.26
e2ecd6fe26f48965846f37ba5fec8c23,Localization Stability,TF,Jump Angular,0,676.3
e2ecd6fe26f48965846f37ba5fec8c23,Localization Stability,TF,Jump Linear,0,676.3
e2ecd6fe26f48965846f37ba5fec8c23,Input Validity,Lidar,Lidar Rate,10,675.36
e2ecd6fe26f48965846f37ba5fec8c23,Input Validity,Odometry,Odometry Rate,50,675.36
e2ecd6fe26f48965846f37ba5fec8c23,Input Validity,TF,TF Rate,10,675.36
e2ecd6fe26f48965846f37ba5fec8c23,Input Validity,Lidar,Lidar Rate,10,675.46
e2ecd6fe26f48965846f37ba5fec8c23,Input Validity,Odometry,Odometry Rate,50,675.46
e2ecd6fe26f48965846f37ba5fec8c23,Input Validity,TF,TF Rate,10,675.46
e2ecd6fe26f48965846f37ba5fec8c23,Localization Quality,AMCLPose,CovYawYaw,0.00235666,675.4
e2ecd6fe26f48965846f37ba5fec8c23,Localization Quality,AMCLPose,CovYY,0.00162391,675.4
e2ecd6fe26f48965846f37ba5fec8c23,Localization Quality,AMCLPose,CovXX,0.00525102,675.4
e2ecd6fe26f48965846f37ba5fec8c23,Localization Quality,AMCLPose,MeanYaw,-0.0184294,675.4
e2ecd6fe26f48965846f37ba5fec8c23,Localization Quality,AMCLPose,MeanY,-0.264315,675.4
e2ecd6fe26f48965846f37ba5fec8c23,Localization Quality,AMCLPose,MeanX,-2.18896,675.4
e2ecd6fe26f48965846f37ba5fec8c23,Localization Stability,TF,Jump Angular,0.00181178,676.4
e2ecd6fe26f48965846f37ba5fec8c23,Localization Stability,TF,Jump Linear,0.0355565,676.4
e2ecd6fe26f48965846f37ba5fec8c23,Localization Stability,TF,Jump Angular,0,676.5
e2ecd6fe26f48965846f37ba5fec8c23,Localization Stability,TF,Jump Linear,0,676.5
e2ecd6fe26f48965846f37ba5fec8c23,Input Validity,Lidar,Lidar Rate,10,675.56
e2ecd6fe26f48965846f37ba5fec8c23,Input Validity,Odometry,Odometry Rate,50,675.56
e2ecd6fe26f48965846f37ba5fec8c23,Input Validity,TF,TF Rate,10,675.56
e2ecd6fe26f48965846f37ba5fec8c23,Localization Stability,TF,Jump Angular,0,676.6
e2ecd6fe26f48965846f37ba5fec8c23,Localization Stability,TF,Jump Linear,0,676.6
e2ecd6fe26f48965846f37ba5fec8c23,Input Validity,Lidar,Lidar Rate,10,675.66
e2ecd6fe26f48965846f37ba5fec8c23,Input Validity,Odometry,Odometry Rate,50,675.66
e2ecd6fe26f48965846f37ba5fec8c23,Input Validity,TF,TF Rate,10,675.66
e2ecd6fe26f48965846f37ba5fec8c23,Input Validity,Lidar,Lidar Rate,10,675.76
e2ecd6fe26f48965846f37ba5fec8c23,Input Validity,Odometry,Odometry Rate,50,675.76
e2ecd6fe26f48965846f37ba5fec8c23,Input Validity,TF,TF Rate,10,675.76
e2ecd6fe26f48965846f37ba5fec8c23,Localization Quality,AMCLPose,CovYawYaw,0.00219884,675.7
e2ecd6fe26f48965846f37ba5fec8c23,Localization Quality,AMCLPose,CovYY,0.00148256,675.7
e2ecd6fe26f48965846f37ba5fec8c23,Localization Quality,AMCLPose,CovXX,0.00552197,675.7
e2ecd6fe26f48965846f37ba5fec8c23,Localization Quality,AMCLPose,MeanYaw,-0.0153251,675.7
e2ecd6fe26f48965846f37ba5fec8c23,Localization Quality,AMCLPose,MeanY,-0.26575,675.7
e2ecd6fe26f48965846f37ba5fec8c23,Localization Quality,AMCLPose,MeanX,-2.05525,675.7
e2ecd6fe26f48965846f37ba5fec8c23,Localization Stability,TF,Jump Angular,0.000824359,676.7
e2ecd6fe26f48965846f37ba5fec8c23,Localization Stability,TF,Jump Linear,0.0167434,676.7
e2ecd6fe26f48965846f37ba5fec8c23,Localization Stability,TF,Jump Angular,0,676.8
e2ecd6fe26f48965846f37ba5fec8c23,Localization Stability,TF,Jump Linear,0,676.8
e2ecd6fe26f48965846f37ba5fec8c23,Input Validity,Lidar,Lidar Rate,10,675.86
e2ecd6fe26f48965846f37ba5fec8c23,Input Validity,Odometry,Odometry Rate,50,675.86
e2ecd6fe26f48965846f37ba5fec8c23,Input Validity,TF,TF Rate,10,675.86
e2ecd6fe26f48965846f37ba5fec8c23,Input Validity,Lidar,Lidar Rate,10,675.96
e2ecd6fe26f48965846f37ba5fec8c23,Input Validity,Odometry,Odometry Rate,50,675.96
e2ecd6fe26f48965846f37ba5fec8c23,Input Validity,TF,TF Rate,10,675.96
e2ecd6fe26f48965846f37ba5fec8c23,Localization Stability,TF,Jump Angular,0,676.9
e2ecd6fe26f48965846f37ba5fec8c23,Localization Stability,TF,Jump Linear,0,676.9
e2ecd6fe26f48965846f37ba5fec8c23,Input Validity,Lidar,Lidar Rate,10,676.06
e2ecd6fe26f48965846f37ba5fec8c23,Input Validity,Odometry,Odometry Rate,50,676.06
e2ecd6fe26f48965846f37ba5fec8c23,Input Validity,TF,TF Rate,10,676.06
e2ecd6fe26f48965846f37ba5fec8c23,Localization Quality,AMCLPose,CovYawYaw,0.00218143,676
e2ecd6fe26f48965846f37ba5fec8c23,Localization Quality,AMCLPose,CovYY,0.00141393,676
e2ecd6fe26f48965846f37ba5fec8c23,Localization Quality,AMCLPose,CovXX,0.00584846,676
e2ecd6fe26f48965846f37ba5fec8c23,Localization Quality,AMCLPose,MeanYaw,-0.0114174,676
e2ecd6fe26f48965846f37ba5fec8c23,Localization Quality,AMCLPose,MeanY,-0.267835,676
e2ecd6fe26f48965846f37ba5fec8c23,Localization Quality,AMCLPose,MeanX,-1.91982,676
e2ecd6fe26f48965846f37ba5fec8c23,Localization Stability,TF,Jump Angular,0.00168915,677
e2ecd6fe26f48965846f37ba5fec8c23,Localization Stability,TF,Jump Linear,0.034887,677
e2ecd6fe26f48965846f37ba5fec8c23,Localization Stability,TF,Jump Angular,0,677.1
e2ecd6fe26f48965846f37ba5fec8c23,Localization Stability,TF,Jump Linear,0,677.1
e2ecd6fe26f48965846f37ba5fec8c23,Input Validity,Lidar,Lidar Rate,10,676.16
e2ecd6fe26f48965846f37ba5fec8c23,Input Validity,Odometry,Odometry Rate,50,676.16
e2ecd6fe26f48965846f37ba5fec8c23,Input Validity,TF,TF Rate,10,676.16
e2ecd6fe26f48965846f37ba5fec8c23,Input Validity,Lidar,Lidar Rate,10,676.26
e2ecd6fe26f48965846f37ba5fec8c23,Input Validity,Odometry,Odometry Rate,50,676.26
e2ecd6fe26f48965846f37ba5fec8c23,Input Validity,TF,TF Rate,10,676.26
e2ecd6fe26f48965846f37ba5fec8c23,Localization Stability,TF,Jump Angular,0,677.2
e2ecd6fe26f48965846f37ba5fec8c23,Localization Stability,TF,Jump Linear,0,677.2
e2ecd6fe26f48965846f37ba5fec8c23,Input Validity,Lidar,Lidar Rate,10,676.36
e2ecd6fe26f48965846f37ba5fec8c23,Input Validity,Odometry,Odometry Rate,50,676.36
e2ecd6fe26f48965846f37ba5fec8c23,Input Validity,TF,TF Rate,10,676.36
e2ecd6fe26f48965846f37ba5fec8c23,Localization Quality,AMCLPose,CovYawYaw,0.00223033,676.3
e2ecd6fe26f48965846f37ba5fec8c23,Localization Quality,AMCLPose,CovYY,0.00130296,676.3
e2ecd6fe26f48965846f37ba5fec8c23,Localization Quality,AMCLPose,CovXX,0.00541623,676.3
e2ecd6fe26f48965846f37ba5fec8c23,Localization Quality,AMCLPose,MeanYaw,-0.0100619,676.3
e2ecd6fe26f48965846f37ba5fec8c23,Localization Quality,AMCLPose,MeanY,-0.270415,676.3
e2ecd6fe26f48965846f37ba5fec8c23,Localization Quality,AMCLPose,MeanX,-1.78898,676.3
e2ecd6fe26f48965846f37ba5fec8c23,Localization Stability,TF,Jump Angular,-0.00248685,677.3
e2ecd6fe26f48965846f37ba5fec8c23,Localization Stability,TF,Jump Linear,0.0548076,677.3
e2ecd6fe26f48965846f37ba5fec8c23,Localization Stability,TF,Jump Angular,0,677.4
e2ecd6fe26f48965846f37ba5fec8c23,Localization Stability,TF,Jump Linear,0,677.4
e2ecd6fe26f48965846f37ba5fec8c23,Input Validity,Lidar,Lidar Rate,10,676.46
e2ecd6fe26f48965846f37ba5fec8c23,Input Validity,Odometry,Odometry Rate,50,676.46
e2ecd6fe26f48965846f37ba5fec8c23,Input Validity,TF,TF Rate,10,676.46
e2ecd6fe26f48965846f37ba5fec8c23,Localization Stability,TF,Jump Angular,0,677.5
e2ecd6fe26f48965846f37ba5fec8c23,Localization Stability,TF,Jump Linear,0,677.5
e2ecd6fe26f48965846f37ba5fec8c23,Input Validity,Lidar,Lidar Rate,10,676.56
e2ecd6fe26f48965846f37ba5fec8c23,Input Validity,Odometry,Odometry Rate,50,676.56
e2ecd6fe26f48965846f37ba5fec8c23,Input Validity,TF,TF Rate,10,676.56
e2ecd6fe26f48965846f37ba5fec8c23,Input Validity,Lidar,Lidar Rate,10,676.66
e2ecd6fe26f48965846f37ba5fec8c23,Input Validity,Odometry,Odometry Rate,50,676.66
e2ecd6fe26f48965846f37ba5fec8c23,Input Validity,TF,TF Rate,10,676.66
e2ecd6fe26f48965846f37ba5fec8c23,Localization Quality,AMCLPose,CovYawYaw,0.00234934,676.6
e2ecd6fe26f48965846f37ba5fec8c23,Localization Quality,AMCLPose,CovYY,0.00129385,676.6
e2ecd6fe26f48965846f37ba5fec8c23,Localization Quality,AMCLPose,CovXX,0.00581207,676.6
e2ecd6fe26f48965846f37ba5fec8c23,Localization Quality,AMCLPose,MeanYaw,-0.00352883,676.6
e2ecd6fe26f48965846f37ba5fec8c23,Localization Quality,AMCLPose,MeanY,-0.27076,676.6
e2ecd6fe26f48965846f37ba5fec8c23,Localization Quality,AMCLPose,MeanX,-1.65559,676.6
e2ecd6fe26f48965846f37ba5fec8c23,Localization Stability,TF,Jump Angular,0.000187225,677.6
e2ecd6fe26f48965846f37ba5fec8c23,Localization Stability,TF,Jump Linear,0.00335765,677.6
e2ecd6fe26f48965846f37ba5fec8c23,Localization Stability,TF,Jump Angular,0,677.7
e2ecd6fe26f48965846f37ba5fec8c23,Localization Stability,TF,Jump Linear,0,677.7
e2ecd6fe26f48965846f37ba5fec8c23,Input Validity,Lidar,Lidar Rate,10,676.76
e2ecd6fe26f48965846f37ba5fec8c23,Input Validity,Odometry,Odometry Rate,50,676.76
e2ecd6fe26f48965846f37ba5fec8c23,Input Validity,TF,TF Rate,10,676.76
e2ecd6fe26f48965846f37ba5fec8c23,Localization Stability,TF,Jump Angular,0,677.8
e2ecd6fe26f48965846f37ba5fec8c23,Localization Stability,TF,Jump Linear,0,677.8
e2ecd6fe26f48965846f37ba5fec8c23,Input Validity,Lidar,Lidar Rate,10,676.86
e2ecd6fe26f48965846f37ba5fec8c23,Input Validity,Odometry,Odometry Rate,50,676.86
e2ecd6fe26f48965846f37ba5fec8c23,Input Validity,TF,TF Rate,10,676.86
e2ecd6fe26f48965846f37ba5fec8c23,Input Validity,Lidar,Lidar Rate,10,676.95
e2ecd6fe26f48965846f37ba5fec8c23,Input Validity,Odometry,Odometry Rate,50,676.95
e2ecd6fe26f48965846f37ba5fec8c23,Input Validity,TF,TF Rate,10,676.95
e2ecd6fe26f48965846f37ba5fec8c23,Localization Quality,AMCLPose,CovYawYaw,0.00253298,676.9
e2ecd6fe26f48965846f37ba5fec8c23,Localization Quality,AMCLPose,CovYY,0.00131343,676.9
e2ecd6fe26f48965846f37ba5fec8c23,Localization Quality,AMCLPose,CovXX,0.00549141,676.9
e2ecd6fe26f48965846f37ba5fec8c23,Localization Quality,AMCLPose,MeanYaw,0.00471298,676.9
e2ecd6fe26f48965846f37ba5fec8c23,Localization Quality,AMCLPose,MeanY,-0.27222,676.9
e2ecd6fe26f48965846f37ba5fec8c23,Localization Quality,AMCLPose,MeanX,-1.52024,676.9
e2ecd6fe26f48965846f37ba5fec8c23,Localization Stability,TF,Jump Angular,-0.00108886,677.9
e2ecd6fe26f48965846f37ba5fec8c23,Localization Stability,TF,Jump Linear,0.0228702,677.9
e2ecd6fe26f48965846f37ba5fec8c23,Localization Stability,TF,Jump Angular,0,678
e2ecd6fe26f48965846f37ba5fec8c23,Localization Stability,TF,Jump Linear,0,678
e2ecd6fe26f48965846f37ba5fec8c23,Input Validity,Lidar,Lidar Rate,10,677.05
e2ecd6fe26f48965846f37ba5fec8c23,Input Validity,Odometry,Odometry Rate,50,677.05
e2ecd6fe26f48965846f37ba5fec8c23,Input Validity,TF,TF Rate,10,677.05
e2ecd6fe26f48965846f37ba5fec8c23,Input Validity,Lidar,Lidar Rate,10,677.15
e2ecd6fe26f48965846f37ba5fec8c23,Input Validity,Odometry,Odometry Rate,50,677.15
e2ecd6fe26f48965846f37ba5fec8c23,Input Validity,TF,TF Rate,10,677.15
e2ecd6fe26f48965846f37ba5fec8c23,Localization Stability,TF,Jump Angular,0,678.1
e2ecd6fe26f48965846f37ba5fec8c23,Localization Stability,TF,Jump Linear,0,678.1
e2ecd6fe26f48965846f37ba5fec8c23,Input Validity,Lidar,Lidar Rate,10,677.25
e2ecd6fe26f48965846f37ba5fec8c23,Input Validity,Odometry,Odometry Rate,50,677.25
e2ecd6fe26f48965846f37ba5fec8c23,Input Validity,TF,TF Rate,10,677.25
e2ecd6fe26f48965846f37ba5fec8c23,Localization Quality,AMCLPose,CovYawYaw,0.00265239,677.2
e2ecd6fe26f48965846f37ba5fec8c23,Localization Quality,AMCLPose,CovYY,0.00127071,677.2
e2ecd6fe26f48965846f37ba5fec8c23,Localization Quality,AMCLPose,CovXX,0.00531465,677.2
e2ecd6fe26f48965846f37ba5fec8c23,Localization Quality,AMCLPose,MeanYaw,0.0164192,677.2
e2ecd6fe26f48965846f37ba5fec8c23,Localization Quality,AMCLPose,MeanY,-0.2716,677.2
e2ecd6fe26f48965846f37ba5fec8c23,Localization Quality,AMCLPose,MeanX,-1.38325,677.2
e2ecd6fe26f48965846f37ba5fec8c23,Localization Stability,TF,Jump Angular,0.000315406,678.2
e2ecd6fe26f48965846f37ba5fec8c23,Localization Stability,TF,Jump Linear,0.00762221,678.2
e2ecd6fe26f48965846f37ba5fec8c23,Localization Stability,TF,Jump Angular,0,678.3
e2ecd6fe26f48965846f37ba5fec8c23,Localization Stability,TF,Jump Linear,0,678.3
e2ecd6fe26f48965846f37ba5fec8c23,Input Validity,Lidar,Lidar Rate,10,677.35
e2ecd6fe26f48965846f37ba5fec8c23,Input Validity,Odometry,Odometry Rate,50,677.35
e2ecd6fe26f48965846f37ba5fec8c23,Input Validity,TF,TF Rate,10,677.35
e2ecd6fe26f48965846f37ba5fec8c23,Input Validity,Lidar,Lidar Rate,10,677.45
e2ecd6fe26f48965846f37ba5fec8c23,Input Validity,Odometry,Odometry Rate,50,677.45
e2ecd6fe26f48965846f37ba5fec8c23,Input Validity,TF,TF Rate,10,677.45
e2ecd6fe26f48965846f37ba5fec8c23,Localization Stability,TF,Jump Angular,0,678.4
e2ecd6fe26f48965846f37ba5fec8c23,Localization Stability,TF,Jump Linear,0,678.4
e2ecd6fe26f48965846f37ba5fec8c23,Input Validity,Lidar,Lidar Rate,10,677.55
e2ecd6fe26f48965846f37ba5fec8c23,Input Validity,Odometry,Odometry Rate,50,677.55
e2ecd6fe26f48965846f37ba5fec8c23,Input Validity,TF,TF Rate,10,677.55
e2ecd6fe26f48965846f37ba5fec8c23,Localization Quality,AMCLPose,CovYawYaw,0.00287702,677.5
e2ecd6fe26f48965846f37ba5fec8c23,Localization Quality,AMCLPose,CovYY,0.0012842,677.5
e2ecd6fe26f48965846f37ba5fec8c23,Localization Quality,AMCLPose,CovXX,0.00530072,677.5
e2ecd6fe26f48965846f37ba5fec8c23,Localization Quality,AMCLPose,MeanYaw,0.0279404,677.5
e2ecd6fe26f48965846f37ba5fec8c23,Localization Quality,AMCLPose,MeanY,-0.268889,677.5
e2ecd6fe26f48965846f37ba5fec8c23,Localization Quality,AMCLPose,MeanX,-1.24868,677.5
e2ecd6fe26f48965846f37ba5fec8c23,Localization Stability,TF,Jump Angular,-0.002171,678.5
e2ecd6fe26f48965846f37ba5fec8c23,Localization Stability,TF,Jump Linear,0.0441671,678.5
e2ecd6fe26f48965846f37ba5fec8c23,Input Validity,Lidar,Lidar Rate,10,677.65
e2ecd6fe26f48965846f37ba5fec8c23,Input Validity,Odometry,Odometry Rate,50,677.65
e2ecd6fe26f48965846f37ba5fec8c23,Input Validity,TF,TF Rate,10,677.65
e2ecd6fe26f48965846f37ba5fec8c23,Localization Stability,TF,Jump Angular,0,678.6
e2ecd6fe26f48965846f37ba5fec8c23,Localization Stability,TF,Jump Linear,0,678.6
e2ecd6fe26f48965846f37ba5fec8c23,Localization Stability,TF,Jump Angular,0,678.7
e2ecd6fe26f48965846f37ba5fec8c23,Localization Stability,TF,Jump Linear,0,678.7
e2ecd6fe26f48965846f37ba5fec8c23,Input Validity,Lidar,Lidar Rate,10,677.75
e2ecd6fe26f48965846f37ba5fec8c23,Input Validity,Odometry,Odometry Rate,50,677.75
e2ecd6fe26f48965846f37ba5fec8c23,Input Validity,TF,TF Rate,10,677.75
e2ecd6fe26f48965846f37ba5fec8c23,Input Validity,Lidar,Lidar Rate,10,677.85
e2ecd6fe26f48965846f37ba5fec8c23,Input Validity,Odometry,Odometry Rate,50,677.85
e2ecd6fe26f48965846f37ba5fec8c23,Input Validity,TF,TF Rate,10,677.85
e2ecd6fe26f48965846f37ba5fec8c23,Localization Quality,AMCLPose,CovYawYaw,0.00295705,677.8
e2ecd6fe26f48965846f37ba5fec8c23,Localization Quality,AMCLPose,CovYY,0.00120847,677.8
e2ecd6fe26f48965846f37ba5fec8c23,Localization Quality,AMCLPose,CovXX,0.00535392,677.8
e2ecd6fe26f48965846f37ba5fec8c23,Localization Quality,AMCLPose,MeanYaw,0.0431616,677.8
e2ecd6fe26f48965846f37ba5fec8c23,Localization Quality,AMCLPose,MeanY,-0.263512,677.8
e2ecd6fe26f48965846f37ba5fec8c23,Localization Quality,AMCLPose,MeanX,-1.11304,677.8
e2ecd6fe26f48965846f37ba5fec8c23,Localization Stability,TF,Jump Angular,0.00091287,678.8
e2ecd6fe26f48965846f37ba5fec8c23,Localization Stability,TF,Jump Linear,0.0192247,678.8
e2ecd6fe26f48965846f37ba5fec8c23,Input Validity,Lidar,Lidar Rate,10,677.95
e2ecd6fe26f48965846f37ba5fec8c23,Input Validity,Odometry,Odometry Rate,50,677.95
e2ecd6fe26f48965846f37ba5fec8c23,Input Validity,TF,TF Rate,10,677.95
e2ecd6fe26f48965846f37ba5fec8c23,Localization Stability,TF,Jump Angular,0,678.9
e2ecd6fe26f48965846f37ba5fec8c23,Localization Stability,TF,Jump Linear,0,678.9
e2ecd6fe26f48965846f37ba5fec8c23,Input Validity,Lidar,Lidar Rate,10,678.05
e2ecd6fe26f48965846f37ba5fec8c23,Input Validity,Odometry,Odometry Rate,50,678.05
e2ecd6fe26f48965846f37ba5fec8c23,Input Validity,TF,TF Rate,10,678.05
e2ecd6fe26f48965846f37ba5fec8c23,Localization Stability,TF,Jump Angular,0,679
e2ecd6fe26f48965846f37ba5fec8c23,Localization Stability,TF,Jump Linear,0,679
e2ecd6fe26f48965846f37ba5fec8c23,Input Validity,Lidar,Lidar Rate,10,678.15
e2ecd6fe26f48965846f37ba5fec8c23,Input Validity,Odometry,Odometry Rate,50,678.15
e2ecd6fe26f48965846f37ba5fec8c23,Input Validity,TF,TF Rate,10,678.15
e2ecd6fe26f48965846f37ba5fec8c23,Localization Quality,AMCLPose,CovYawYaw,0.00292814,678.1
e2ecd6fe26f48965846f37ba5fec8c23,Localization Quality,AMCLPose,CovYY,0.00114347,678.1
e2ecd6fe26f48965846f37ba5fec8c23,Localization Quality,AMCLPose,CovXX,0.00554762,678.1
e2ecd6fe26f48965846f37ba5fec8c23,Localization Quality,AMCLPose,MeanYaw,0.0583884,678.1
e2ecd6fe26f48965846f37ba5fec8c23,Localization Quality,AMCLPose,MeanY,-0.258131,678.1
e2ecd6fe26f48965846f37ba5fec8c23,Localization Quality,AMCLPose,MeanX,-0.97735,678.1
e2ecd6fe26f48965846f37ba5fec8c23,Localization Stability,TF,Jump Angular,0.00140317,679.1
e2ecd6fe26f48965846f37ba5fec8c23,Localization Stability,TF,Jump Linear,0.0277964,679.1
e2ecd6fe26f48965846f37ba5fec8c23,Input Validity,Lidar,Lidar Rate,10,678.25
e2ecd6fe26f48965846f37ba5fec8c23,Input Validity,Odometry,Odometry Rate,50,678.25
e2ecd6fe26f48965846f37ba5fec8c23,Input Validity,TF,TF Rate,10,678.25
e2ecd6fe26f48965846f37ba5fec8c23,Localization Stability,TF,Jump Angular,0,679.2
e2ecd6fe26f48965846f37ba5fec8c23,Localization Stability,TF,Jump Linear,0,679.2
e2ecd6fe26f48965846f37ba5fec8c23,Input Validity,Lidar,Lidar Rate,10,678.35
e2ecd6fe26f48965846f37ba5fec8c23,Input Validity,Odometry,Odometry Rate,50,678.35
e2ecd6fe26f48965846f37ba5fec8c23,Input Validity,TF,TF Rate,10,678.35
e2ecd6fe26f48965846f37ba5fec8c23,Localization Stability,TF,Jump Angular,0,679.3
e2ecd6fe26f48965846f37ba5fec8c23,Localization Stability,TF,Jump Linear,0,679.3
e2ecd6fe26f48965846f37ba5fec8c23,Input Validity,Lidar,Lidar Rate,10,678.44
e2ecd6fe26f48965846f37ba5fec8c23,Input Validity,Odometry,Odometry Rate,50,678.44
e2ecd6fe26f48965846f37ba5fec8c23,Input Validity,TF,TF Rate,10,678.44
e2ecd6fe26f48965846f37ba5fec8c23,Localization Quality,AMCLPose,CovYawYaw,0.00267312,678.4
e2ecd6fe26f48965846f37ba5fec8c23,Localization Quality,AMCLPose,CovYY,0.00108783,678.4
e2ecd6fe26f48965846f37ba5fec8c23,Localization Quality,AMCLPose,CovXX,0.00573324,678.4
e2ecd6fe26f48965846f37ba5fec8c23,Localization Quality,AMCLPose,MeanYaw,0.0721678,678.4
e2ecd6fe26f48965846f37ba5fec8c23,Localization Quality,AMCLPose,MeanY,-0.247986,678.4
e2ecd6fe26f48965846f37ba5fec8c23,Localization Quality,AMCLPose,MeanX,-0.843347,678.4
e2ecd6fe26f48965846f37ba5fec8c23,Localization Stability,TF,Jump Angular,0.00353539,679.4
e2ecd6fe26f48965846f37ba5fec8c23,Localization Stability,TF,Jump Linear,0.0705841,679.4
e2ecd6fe26f48965846f37ba5fec8c23,Localization Stability,TF,Jump Angular,0,679.5
e2ecd6fe26f48965846f37ba5fec8c23,Localization Stability,TF,Jump Linear,0,679.5
e2ecd6fe26f48965846f37ba5fec8c23,Input Validity,Lidar,Lidar Rate,10,678.54
e2ecd6fe26f48965846f37ba5fec8c23,Input Validity,Odometry,Odometry Rate,50,678.54
e2ecd6fe26f48965846f37ba5fec8c23,Input Validity,TF,TF Rate,10,678.54
e2ecd6fe26f48965846f37ba5fec8c23,Input Validity,Lidar,Lidar Rate,10,678.64
e2ecd6fe26f48965846f37ba5fec8c23,Input Validity,Odometry,Odometry Rate,50,678.64
e2ecd6fe26f48965846f37ba5fec8c23,Input Validity,TF,TF Rate,10,678.64
e2ecd6fe26f48965846f37ba5fec8c23,Localization Stability,TF,Jump Angular,0,679.6
e2ecd6fe26f48965846f37ba5fec8c23,Localization Stability,TF,Jump Linear,0,679.6
e2ecd6fe26f48965846f37ba5fec8c23,Input Validity,Lidar,Lidar Rate,10,678.74
e2ecd6fe26f48965846f37ba5fec8c23,Input Validity,Odometry,Odometry Rate,50,678.74
e2ecd6fe26f48965846f37ba5fec8c23,Input Validity,TF,TF Rate,10,678.74
e2ecd6fe26f48965846f37ba5fec8c23,Localization Quality,AMCLPose,CovYawYaw,0.00294218,678.7
e2ecd6fe26f48965846f37ba5fec8c23,Localization Quality,AMCLPose,CovYY,0.00105499,678.7
e2ecd6fe26f48965846f37ba5fec8c23,Localization Quality,AMCLPose,CovXX,0.00586185,678.7
e2ecd6fe26f48965846f37ba5fec8c23,Localization Quality,AMCLPose,MeanYaw,0.0794216,678.7
e2ecd6fe26f48965846f37ba5fec8c23,Localization Quality,AMCLPose,MeanY,-0.238736,678.7
e2ecd6fe26f48965846f37ba5fec8c23,Localization Quality,AMCLPose,MeanX,-0.706126,678.7
e2ecd6fe26f48965846f37ba5fec8c23,Localization Stability,TF,Jump Angular,0.00143575,679.7
e2ecd6fe26f48965846f37ba5fec8c23,Localization Stability,TF,Jump Linear,0.0299265,679.7
e2ecd6fe26f48965846f37ba5fec8c23,Input Validity,Lidar,Lidar Rate,10,678.84
e2ecd6fe26f48965846f37ba5fec8c23,Input Validity,Odometry,Odometry Rate,50,678.84
e2ecd6fe26f48965846f37ba5fec8c23,Input Validity,TF,TF Rate,10,678.84
e2ecd6fe26f48965846f37ba5fec8c23,Localization Stability,TF,Jump Angular,0,679.8
e2ecd6fe26f48965846f37ba5fec8c23,Localization Stability,TF,Jump Linear,0,679.8
e2ecd6fe26f48965846f37ba5fec8c23,Localization Stability,TF,Jump Angular,0,679.9
e2ecd6fe26f48965846f37ba5fec8c23,Localization Stability,TF,Jump Linear,0,679.9
e2ecd6fe26f48965846f37ba5fec8c23,Input Validity,Lidar,Lidar Rate,10,678.94
e2ecd6fe26f48965846f37ba5fec8c23,Input Validity,Odometry,Odometry Rate,50,678.94
e2ecd6fe26f48965846f37ba5fec8c23,Input Validity,TF,TF Rate,10,678.94
e2ecd6fe26f48965846f37ba5fec8c23,Input Validity,Lidar,Lidar Rate,10,679.04
e2ecd6fe26f48965846f37ba5fec8c23,Input Validity,Odometry,Odometry Rate,50,679.04
e2ecd6fe26f48965846f37ba5fec8c23,Input Validity,TF,TF Rate,10,679.04
e2ecd6fe26f48965846f37ba5fec8c23,Localization Quality,AMCLPose,CovYawYaw,0.00312078,679
e2ecd6fe26f48965846f37ba5fec8c23,Localization Quality,AMCLPose,CovYY,0.00106751,679
e2ecd6fe26f48965846f37ba5fec8c23,Localization Quality,AMCLPose,CovXX,0.00608288,679
e2ecd6fe26f48965846f37ba5fec8c23,Localization Quality,AMCLPose,MeanYaw,0.0826121,679
e2ecd6fe26f48965846f37ba5fec8c23,Localization Quality,AMCLPose,MeanY,-0.228086,679
e2ecd6fe26f48965846f37ba5fec8c23,Localization Quality,AMCLPose,MeanX,-0.572109,679
e2ecd6fe26f48965846f37ba5fec8c23,Localization Stability,TF,Jump Angular,0.00248661,680
e2ecd6fe26f48965846f37ba5fec8c23,Localization Stability,TF,Jump Linear,0.0484404,680
e2ecd6fe26f48965846f37ba5fec8c23,Input Validity,Lidar,Lidar Rate,10,679.14
e2ecd6fe26f48965846f37ba5fec8c23,Input Validity,Odometry,Odometry Rate,50,679.14
e2ecd6fe26f48965846f37ba5fec8c23,Input Validity,TF,TF Rate,10,679.14
e2ecd6fe26f48965846f37ba5fec8c23,Localization Stability,TF,Jump Angular,0,680.1
e2ecd6fe26f48965846f37ba5fec8c23,Localization Stability,TF,Jump Linear,0,680.1
e2ecd6fe26f48965846f37ba5fec8c23,Input Validity,Lidar,Lidar Rate,10,679.24
e2ecd6fe26f48965846f37ba5fec8c23,Input Validity,Odometry,Odometry Rate,50,679.24
e2ecd6fe26f48965846f37ba5fec8c23,Input Validity,TF,TF Rate,10,679.24
e2ecd6fe26f48965846f37ba5fec8c23,Localization Stability,TF,Jump Angular,0,680.2
e2ecd6fe26f48965846f37ba5fec8c23,Localization Stability,TF,Jump Linear,0,680.2
e2ecd6fe26f48965846f37ba5fec8c23,Input Validity,Lidar,Lidar Rate,10,679.34
e2ecd6fe26f48965846f37ba5fec8c23,Input Validity,Odometry,Odometry Rate,50,679.34
e2ecd6fe26f48965846f37ba5fec8c23,Input Validity,TF,TF Rate,10,679.34
e2ecd6fe26f48965846f37ba5fec8c23,Localization Quality,AMCLPose,CovYawYaw,0.00316398,679.3
e2ecd6fe26f48965846f37ba5fec8c23,Localization Quality,AMCLPose,CovYY,0.00108197,679.3
e2ecd6fe26f48965846f37ba5fec8c23,Localization Quality,AMCLPose,CovXX,0.00629364,679.3
e2ecd6fe26f48965846f37ba5fec8c23,Localization Quality,AMCLPose,MeanYaw,0.0812254,679.3
e2ecd6fe26f48965846f37ba5fec8c23,Localization Quality,AMCLPose,MeanY,-0.216335,679.3
e2ecd6fe26f48965846f37ba5fec8c23,Localization Quality,AMCLPose,MeanX,-0.438317,679.3
e2ecd6fe26f48965846f37ba5fec8c23,Localization Stability,TF,Jump Angular,0.00175145,680.3
e2ecd6fe26f48965846f37ba5fec8c23,Localization Stability,TF,Jump Linear,0.0342735,680.3
e2ecd6fe26f48965846f37ba5fec8c23,Input Validity,Lidar,Lidar Rate,10,679.44
e2ecd6fe26f48965846f37ba5fec8c23,Input Validity,Odometry,Odometry Rate,50,679.44
e2ecd6fe26f48965846f37ba5fec8c23,Input Validity,TF,TF Rate,10,679.44
e2ecd6fe26f48965846f37ba5fec8c23,Localization Stability,TF,Jump Angular,0,680.4
e2ecd6fe26f48965846f37ba5fec8c23,Localization Stability,TF,Jump Linear,0,680.4
e2ecd6fe26f48965846f37ba5fec8c23,Input Validity,Lidar,Lidar Rate,10,679.54
e2ecd6fe26f48965846f37ba5fec8c23,Input Validity,Odometry,Odometry Rate,50,679.54
e2ecd6fe26f48965846f37ba5fec8c23,Input Validity,TF,TF Rate,10,679.54
e2ecd6fe26f48965846f37ba5fec8c23,Localization Stability,TF,Jump Angular,0,680.5
e2ecd6fe26f48965846f37ba5fec8c23,Localization Stability,TF,Jump Linear,0,680.5
e2ecd6fe26f48965846f37ba5fec8c23,Input Validity,Lidar,Lidar Rate,10,679.64
e2ecd6fe26f48965846f37ba5fec8c23,Input Validity,Odometry,Odometry Rate,50,679.64
e2ecd6fe26f48965846f37ba5fec8c23,Input Validity,TF,TF Rate,10,679.64
e2ecd6fe26f48965846f37ba5fec8c23,Localization Quality,AMCLPose,CovYawYaw,0.00343622,679.6
e2ecd6fe26f48965846f37ba5fec8c23,Localization Quality,AMCLPose,CovYY,0.0010865,679.6
e2ecd6fe26f48965846f37ba5fec8c23,Localization Quality,AMCLPose,CovXX,0.00660043,679.6
e2ecd6fe26f48965846f37ba5fec8c23,Localization Quality,AMCLPose,MeanYaw,0.0747635,679.6
e2ecd6fe26f48965846f37ba5fec8c23,Localization Quality,AMCLPose,MeanY,-0.206013,679.6
e2ecd6fe26f48965846f37ba5fec8c23,Localization Quality,AMCLPose,MeanX,-0.306184,679.6
e2ecd6fe26f48965846f37ba5fec8c23,Localization Stability,TF,Jump Angular,3.54015e-05,680.6
e2ecd6fe26f48965846f37ba5fec8c23,Localization Stability,TF,Jump Linear,0.00192096,680.6
e2ecd6fe26f48965846f37ba5fec8c23,Input Validity,Lidar,Lidar Rate,10,679.74
e2ecd6fe26f48965846f37ba5fec8c23,Input Validity,Odometry,Odometry Rate,50,679.74
e2ecd6fe26f48965846f37ba5fec8c23,Input Validity,TF,TF Rate,10,679.74
e2ecd6fe26f48965846f37ba5fec8c23,Localization Stability,TF,Jump Angular,0,680.7
e2ecd6fe26f48965846f37ba5fec8c23,Localization Stability,TF,Jump Linear,0,680.7
e2ecd6fe26f48965846f37ba5fec8c23,Input Validity,Lidar,Lidar Rate,10,679.84
e2ecd6fe26f48965846f37ba5fec8c23,Input Validity,Odometry,Odometry Rate,50,679.84
e2ecd6fe26f48965846f37ba5fec8c23,Input Validity,TF,TF Rate,10,679.84
e2ecd6fe26f48965846f37ba5fec8c23,Localization Stability,TF,Jump Angular,0,680.8
e2ecd6fe26f48965846f37ba5fec8c23,Localization Stability,TF,Jump Linear,0,680.8
e2ecd6fe26f48965846f37ba5fec8c23,Input Validity,Lidar,Lidar Rate,10,679.94
e2ecd6fe26f48965846f37ba5fec8c23,Input Validity,Odometry,Odometry Rate,50,679.94
e2ecd6fe26f48965846f37ba5fec8c23,Input Validity,TF,TF Rate,10,679.94
e2ecd6fe26f48965846f37ba5fec8c23,Localization Quality,AMCLPose,CovYawYaw,0.0033455,679.9
e2ecd6fe26f48965846f37ba5fec8c23,Localization Quality,AMCLPose,CovYY,0.00104329,679.9
e2ecd6fe26f48965846f37ba5fec8c23,Localization Quality,AMCLPose,CovXX,0.0069877,679.9
e2ecd6fe26f48965846f37ba5fec8c23,Localization Quality,AMCLPose,MeanYaw,0.0613712,679.9
e2ecd6fe26f48965846f37ba5fec8c23,Localization Quality,AMCLPose,MeanY,-0.1971,679.9
e2ecd6fe26f48965846f37ba5fec8c23,Localization Quality,AMCLPose,MeanX,-0.174141,679.9
e2ecd6fe26f48965846f37ba5fec8c23,Localization Stability,TF,Jump Angular,-0.000665762,680.9
e2ecd6fe26f48965846f37ba5fec8c23,Localization Stability,TF,Jump Linear,0.0154532,680.9
e2ecd6fe26f48965846f37ba5fec8c23,Input Validity,Lidar,Lidar Rate,10,680.04
e2ecd6fe26f48965846f37ba5fec8c23,Input Validity,Odometry,Odometry Rate,50,680.04
e2ecd6fe26f48965846f37ba5fec8c23,Input Validity,TF,TF Rate,10,680.04
e2ecd6fe26f48965846f37ba5fec8c23,Localization Stability,TF,Jump Angular,0,681
e2ecd6fe26f48965846f37ba5fec8c23,Localization Stability,TF,Jump Linear,0,681
e2ecd6fe26f48965846f37ba5fec8c23,Input Validity,Lidar,Lidar Rate,10,680.14
e2ecd6fe26f48965846f37ba5fec8c23,Input Validity,Odometry,Odometry Rate,50,680.14
e2ecd6fe26f48965846f37ba5fec8c23,Input Validity,TF,TF Rate,10,680.14
e2ecd6fe26f48965846f37ba5fec8c23,Localization Stability,TF,Jump Angular,0,681.1
e2ecd6fe26f48965846f37ba5fec8c23,Localization Stability,TF,Jump Linear,0,681.1
e2ecd6fe26f48965846f37ba5fec8c23,Input Validity,Lidar,Lidar Rate,10,680.23
e2ecd6fe26f48965846f37ba5fec8c23,Input Validity,Odometry,Odometry Rate,50,680.23
e2ecd6fe26f48965846f37ba5fec8c23,Input Validity,TF,TF Rate,10,680.23
e2ecd6fe26f48965846f37ba5fec8c23,Localization Quality,AMCLPose,CovYawYaw,0.00326918,680.2
e2ecd6fe26f48965846f37ba5fec8c23,Localization Quality,AMCLPose,CovYY,0.00102474,680.2
e2ecd6fe26f48965846f37ba5fec8c23,Localization Quality,AMCLPose,CovXX,0.00698152,680.2
e2ecd6fe26f48965846f37ba5fec8c23,Localization Quality,AMCLPose,MeanYaw,0.0374271,680.2
e2ecd6fe26f48965846f37ba5fec8c23,Localization Quality,AMCLPose,MeanY,-0.190687,680.2
e2ecd6fe26f48965846f37ba5fec8c23,Localization Quality,AMCLPose,MeanX,-0.0394865,680.2
e2ecd6fe26f48965846f37ba5fec8c23,Localization Stability,TF,Jump Angular,0.00450178,681.2
e2ecd6fe26f48965846f37ba5fec8c23,Localization Stability,TF,Jump Linear,0.0872139,681.2
e2ecd6fe26f48965846f37ba5fec8c23,Input Validity,Lidar,Lidar Rate,10,680.33
e2ecd6fe26f48965846f37ba5fec8c23,Input Validity,Odometry,Odometry Rate,50,680.33
e2ecd6fe26f48965846f37ba5fec8c23,Input Validity,TF,TF Rate,10,680.33
e2ecd6fe26f48965846f37ba5fec8c23,Localization Stability,TF,Jump Angular,0,681.3
e2ecd6fe26f48965846f37ba5fec8c23,Localization Stability,TF,Jump Linear,0,681.3
e2ecd6fe26f48965846f37ba5fec8c23,Input Validity,Lidar,Lidar Rate,10,680.43
e2ecd6fe26f48965846f37ba5fec8c23,Input Validity,Odometry,Odometry Rate,50,680.43
e2ecd6fe26f48965846f37ba5fec8c23,Input Validity,TF,TF Rate,10,680.43
e2ecd6fe26f48965846f37ba5fec8c23,Localization Stability,TF,Jump Angular,0,681.4
e2ecd6fe26f48965846f37ba5fec8c23,Localization Stability,TF,Jump Linear,0,681.4
e2ecd6fe26f48965846f37ba5fec8c23,Input Validity,Lidar,Lidar Rate,10,680.53
e2ecd6fe26f48965846f37ba5fec8c23,Input Validity,Odometry,Odometry Rate,50,680.53
e2ecd6fe26f48965846f37ba5fec8c23,Input Validity,TF,TF Rate,10,680.53
e2ecd6fe26f48965846f37ba5fec8c23,Localization Quality,AMCLPose,CovYawYaw,0.00329185,680.5
e2ecd6fe26f48965846f37ba5fec8c23,Localization Quality,AMCLPose,CovYY,0.00104387,680.5
e2ecd6fe26f48965846f37ba5fec8c23,Localization Quality,AMCLPose,CovXX,0.00684494,680.5
e2ecd6fe26f48965846f37ba5fec8c23,Localization Quality,AMCLPose,MeanYaw,0.0168618,680.5
e2ecd6fe26f48965846f37ba5fec8c23,Localization Quality,AMCLPose,MeanY,-0.187033,680.5
e2ecd6fe26f48965846f37ba5fec8c23,Localization Quality,AMCLPose,MeanX,0.0899254,680.5
e2ecd6fe26f48965846f37ba5fec8c23,Localization Stability,TF,Jump Angular,0.000990958,681.5
e2ecd6fe26f48965846f37ba5fec8c23,Localization Stability,TF,Jump Linear,0.0152273,681.5
e2ecd6fe26f48965846f37ba5fec8c23,Input Validity,Lidar,Lidar Rate,10,680.63
e2ecd6fe26f48965846f37ba5fec8c23,Input Validity,Odometry,Odometry Rate,50,680.63
e2ecd6fe26f48965846f37ba5fec8c23,Input Validity,TF,TF Rate,10,680.63
e2ecd6fe26f48965846f37ba5fec8c23,Localization Stability,TF,Jump Angular,0,681.6
e2ecd6fe26f48965846f37ba5fec8c23,Localization Stability,TF,Jump Linear,0,681.6
e2ecd6fe26f48965846f37ba5fec8c23,Input Validity,Lidar,Lidar Rate,10,680.73
e2ecd6fe26f48965846f37ba5fec8c23,Input Validity,Odometry,Odometry Rate,50,680.73
e2ecd6fe26f48965846f37ba5fec8c23,Input Validity,TF,TF Rate,10,680.73
e2ecd6fe26f48965846f37ba5fec8c23,Localization Stability,TF,Jump Angular,0,681.7
e2ecd6fe26f48965846f37ba5fec8c23,Localization Stability,TF,Jump Linear,0,681.7
e2ecd6fe26f48965846f37ba5fec8c23,Input Validity,Lidar,Lidar Rate,10,680.83
e2ecd6fe26f48965846f37ba5fec8c23,Input Validity,Odometry,Odometry Rate,50,680.83
e2ecd6fe26f48965846f37ba5fec8c23,Input Validity,TF,TF Rate,10,680.83
e2ecd6fe26f48965846f37ba5fec8c23,Localization Quality,AMCLPose,CovYawYaw,0.00346432,680.8
e2ecd6fe26f48965846f37ba5fec8c23,Localization Quality,AMCLPose,CovYY,0.000999344,680.8
e2ecd6fe26f48965846f37ba5fec8c23,Localization Quality,AMCLPose,CovXX,0.00648906,680.8
e2ecd6fe26f48965846f37ba5fec8c23,Localization Quality,AMCLPose,MeanYaw,-0.000363909,680.8
e2ecd6fe26f48965846f37ba5fec8c23,Localization Quality,AMCLPose,MeanY,-0.186204,680.8
e2ecd6fe26f48965846f37ba5fec8c23,Localization Quality,AMCLPose,MeanX,0.22739,680.8
e2ecd6fe26f48965846f37ba5fec8c23,Localization Stability,TF,Jump Angular,-0.00510545,681.8
e2ecd6fe26f48965846f37ba5fec8c23,Localization Stability,TF,Jump Linear,0.0965261,681.8
e2ecd6fe26f48965846f37ba5fec8c23,Input Validity,Lidar,Lidar Rate,10,680.93
e2ecd6fe26f48965846f37ba5fec8c23,Input Validity,Odometry,Odometry Rate,50,680.93
e2ecd6fe26f48965846f37ba5fec8c23,Input Validity,TF,TF Rate,10,680.93
e2ecd6fe26f48965846f37ba5fec8c23,Localization Stability,TF,Jump Angular,0,681.9
e2ecd6fe26f48965846f37ba5fec8c23,Localization Stability,TF,Jump Linear,0,681.9
e2ecd6fe26f48965846f37ba5fec8c23,Localization Stability,TF,Jump Angular,0,682
e2ecd6fe26f48965846f37ba5fec8c23,Localization Stability,TF,Jump Linear,0,682
e2ecd6fe26f48965846f37ba5fec8c23,Input Validity,Lidar,Lidar Rate,10,681.03
e2ecd6fe26f48965846f37ba5fec8c23,Input Validity,Odometry,Odometry Rate,50,681.03
e2ecd6fe26f48965846f37ba5fec8c23,Input Validity,TF,TF Rate,10,681.03
e2ecd6fe26f48965846f37ba5fec8c23,Input Validity,Lidar,Lidar Rate,10,681.13
e2ecd6fe26f48965846f37ba5fec8c23,Input Validity,Odometry,Odometry Rate,50,681.13
e2ecd6fe26f48965846f37ba5fec8c23,Input Validity,TF,TF Rate,10,681.13
e2ecd6fe26f48965846f37ba5fec8c23,Localization Quality,AMCLPose,CovYawYaw,0.00327185,681.1
e2ecd6fe26f48965846f37ba5fec8c23,Localization Quality,AMCLPose,CovYY,0.00100487,681.1
e2ecd6fe26f48965846f37ba5fec8c23,Localization Quality,AMCLPose,CovXX,0.00628547,681.1
e2ecd6fe26f48965846f37ba5fec8c23,Localization Quality,AMCLPose,MeanYaw,0.00267857,681.1
e2ecd6fe26f48965846f37ba5fec8c23,Localization Quality,AMCLPose,MeanY,-0.18591,681.1
e2ecd6fe26f48965846f37ba5fec8c23,Localization Quality,AMCLPose,MeanX,0.361002,681.1
e2ecd6fe26f48965846f37ba5fec8c23,Localization Stability,TF,Jump Angular,8.5264e-05,682.1
e2ecd6fe26f48965846f37ba5fec8c23,Localization Stability,TF,Jump Linear,0.00123837,682.1
e2ecd6fe26f48965846f37ba5fec8c23,Input Validity,Lidar,Lidar Rate,10,681.23
e2ecd6fe26f48965846f37ba5fec8c23,Input Validity,Odometry,Odometry Rate,50,681.23
e2ecd6fe26f48965846f37ba5fec8c23,Input Validity,TF,TF Rate,10,681.23
e2ecd6fe26f48965846f37ba5fec8c23,Localization Stability,TF,Jump Angular,0,682.2
e2ecd6fe26f48965846f37ba5fec8c23,Localization Stability,TF,Jump Linear,0,682.2
e2ecd6fe26f48965846f37ba5fec8c23,Input Validity,Lidar,Lidar Rate,10,681.33
e2ecd6fe26f48965846f37ba5fec8c23,Input Validity,Odometry,Odometry Rate,50,681.33
e2ecd6fe26f48965846f37ba5fec8c23,Input Validity,TF,TF Rate,10,681.33
e2ecd6fe26f48965846f37ba5fec8c23,Localization Stability,TF,Jump Angular,0,682.3
e2ecd6fe26f48965846f37ba5fec8c23,Localization Stability,TF,Jump Linear,0,682.3
e2ecd6fe26f48965846f37ba5fec8c23,Input Validity,Lidar,Lidar Rate,10,681.43
e2ecd6fe26f48965846f37ba5fec8c23,Input Validity,Odometry,Odometry Rate,50,681.43
e2ecd6fe26f48965846f37ba5fec8c23,Input Validity,TF,TF Rate,10,681.43
e2ecd6fe26f48965846f37ba5fec8c23,Localization Quality,AMCLPose,CovYawYaw,0.00323152,681.4
e2ecd6fe26f48965846f37ba5fec8c23,Localization Quality,AMCLPose,CovYY,0.000988072,681.4
e2ecd6fe26f48965846f37ba5fec8c23,Localization Quality,AMCLPose,CovXX,0.00623951,681.4
e2ecd6fe26f48965846f37ba5fec8c23,Localization Quality,AMCLPose,MeanYaw,0.0052291,681.4
e2ecd6fe26f48965846f37ba5fec8c23,Localization Quality,AMCLPose,MeanY,-0.183993,681.4
e2ecd6fe26f48965846f37ba5fec8c23,Localization Quality,AMCLPose,MeanX,0.496806,681.4
e2ecd6fe26f48965846f37ba5fec8c23,Localization Stability,TF,Jump Angular,9.55879e-05,682.4
e2ecd6fe26f48965846f37ba5fec8c23,Localization Stability,TF,Jump Linear,0.00332392,682.4
e2ecd6fe26f48965846f37ba5fec8c23,Input Validity,Lidar,Lidar Rate,10,681.53
e2ecd6fe26f48965846f37ba5fec8c23,Input Validity,Odometry,Odometry Rate,50,681.53
e2ecd6fe26f48965846f37ba5fec8c23,Input Validity,TF,TF Rate,10,681.53
e2ecd6fe26f48965846f37ba5fec8c23,Localization Stability,TF,Jump Angular,0,682.5
e2ecd6fe26f48965846f37ba5fec8c23,Localization Stability,TF,Jump Linear,0,682.5
e2ecd6fe26f48965846f37ba5fec8c23,Input Validity,Lidar,Lidar Rate,10,681.63
e2ecd6fe26f48965846f37ba5fec8c23,Input Validity,Odometry,Odometry Rate,50,681.63
e2ecd6fe26f48965846f37ba5fec8c23,Input Validity,TF,TF Rate,10,681.63
e2ecd6fe26f48965846f37ba5fec8c23,Localization Stability,TF,Jump Angular,0,682.6
e2ecd6fe26f48965846f37ba5fec8c23,Localization Stability,TF,Jump Linear,0,682.6
e2ecd6fe26f48965846f37ba5fec8c23,Input Validity,Lidar,Lidar Rate,10,681.73
e2ecd6fe26f48965846f37ba5fec8c23,Input Validity,Odometry,Odometry Rate,50,681.73
e2ecd6fe26f48965846f37ba5fec8c23,Input Validity,TF,TF Rate,10,681.73
e2ecd6fe26f48965846f37ba5fec8c23,Localization Quality,AMCLPose,CovYawYaw,0.00323789,681.7
e2ecd6fe26f48965846f37ba5fec8c23,Localization Quality,AMCLPose,CovYY,0.00101873,681.7
e2ecd6fe26f48965846f37ba5fec8c23,Localization Quality,AMCLPose,CovXX,0.00695138,681.7
e2ecd6fe26f48965846f37ba5fec8c23,Localization Quality,AMCLPose,MeanYaw,0.00533533,681.7
e2ecd6fe26f48965846f37ba5fec8c23,Localization Quality,AMCLPose,MeanY,-0.184016,681.7
e2ecd6fe26f48965846f37ba5fec8c23,Localization Quality,AMCLPose,MeanX,0.634971,681.7
e2ecd6fe26f48965846f37ba5fec8c23,Localization Stability,TF,Jump Angular,-0.000763045,682.7
e2ecd6fe26f48965846f37ba5fec8c23,Localization Stability,TF,Jump Linear,0.0126412,682.7
e2ecd6fe26f48965846f37ba5fec8c23,Input Validity,Lidar,Lidar Rate,10,681.83
e2ecd6fe26f48965846f37ba5fec8c23,Input Validity,Odometry,Odometry Rate,50,681.83
e2ecd6fe26f48965846f37ba5fec8c23,Input Validity,TF,TF Rate,10,681.83
e2ecd6fe26f48965846f37ba5fec8c23,Localization Stability,TF,Jump Angular,0,682.8
e2ecd6fe26f48965846f37ba5fec8c23,Localization Stability,TF,Jump Linear,0,682.8
e2ecd6fe26f48965846f37ba5fec8c23,Input Validity,Lidar,Lidar Rate,10,681.92
e2ecd6fe26f48965846f37ba5fec8c23,Input Validity,Odometry,Odometry Rate,50,681.92
e2ecd6fe26f48965846f37ba5fec8c23,Input Validity,TF,TF Rate,10,681.92
e2ecd6fe26f48965846f37ba5fec8c23,Localization Stability,TF,Jump Angular,0,682.9
e2ecd6fe26f48965846f37ba5fec8c23,Localization Stability,TF,Jump Linear,0,682.9
e2ecd6fe26f48965846f37ba5fec8c23,Input Validity,Lidar,Lidar Rate,10,682.02
e2ecd6fe26f48965846f37ba5fec8c23,Input Validity,Odometry,Odometry Rate,50,682.02
e2ecd6fe26f48965846f37ba5fec8c23,Input Validity,TF,TF Rate,10,682.02
e2ecd6fe26f48965846f37ba5fec8c23,Localization Quality,AMCLPose,CovYawYaw,0.00333203,682
e2ecd6fe26f48965846f37ba5fec8c23,Localization Quality,AMCLPose,CovYY,0.00112894,682
e2ecd6fe26f48965846f37ba5fec8c23,Localization Quality,AMCLPose,CovXX,0.00674234,682
e2ecd6fe26f48965846f37ba5fec8c23,Localization Quality,AMCLPose,MeanYaw,0.00613958,682
e2ecd6fe26f48965846f37ba5fec8c23,Localization Quality,AMCLPose,MeanY,-0.182997,682
e2ecd6fe26f48965846f37ba5fec8c23,Localization Quality,AMCLPose,MeanX,0.771193,682
e2ecd6fe26f48965846f37ba5fec8c23,Localization Stability,TF,Jump Angular,-0.00126667,683
e2ecd6fe26f48965846f37ba5fec8c23,Localization Stability,TF,Jump Linear,0.0228761,683
e2ecd6fe26f48965846f37ba5fec8c23,Localization Stability,TF,Jump Angular,0,683.1
e2ecd6fe26f48965846f37ba5fec8c23,Localization Stability,TF,Jump Linear,0,683.1
e2ecd6fe26f48965846f37ba5fec8c23,Input Validity,Lidar,Lidar Rate,10,682.12
e2ecd6fe26f48965846f37ba5fec8c23,Input Validity,Odometry,Odometry Rate,50,682.12
e2ecd6fe26f48965846f37ba5fec8c23,Input Validity,TF,TF Rate,10,682.12
e2ecd6fe26f48965846f37ba5fec8c23,Input Validity,Lidar,Lidar Rate,10,682.22
e2ecd6fe26f48965846f37ba5fec8c23,Input Validity,Odometry,Odometry Rate,50,682.22
e2ecd6fe26f48965846f37ba5fec8c23,Input Validity,TF,TF Rate,10,682.22
e2ecd6fe26f48965846f37ba5fec8c23,Localization Stability,TF,Jump Angular,0,683.2
e2ecd6fe26f48965846f37ba5fec8c23,Localization Stability,TF,Jump Linear,0,683.2
e2ecd6fe26f48965846f37ba5fec8c23,Input Validity,Lidar,Lidar Rate,10,682.32
e2ecd6fe26f48965846f37ba5fec8c23,Input Validity,Odometry,Odometry Rate,50,682.32
e2ecd6fe26f48965846f37ba5fec8c23,Input Validity,TF,TF Rate,10,682.32
e2ecd6fe26f48965846f37ba5fec8c23,Localization Quality,AMCLPose,CovYawYaw,0.00345112,682.3
e2ecd6fe26f48965846f37ba5fec8c23,Localization Quality,AMCLPose,CovYY,0.00113972,682.3
e2ecd6fe26f48965846f37ba5fec8c23,Localization Quality,AMCLPose,CovXX,0.00682197,682.3
e2ecd6fe26f48965846f37ba5fec8c23,Localization Quality,AMCLPose,MeanYaw,0.00513837,682.3
e2ecd6fe26f48965846f37ba5fec8c23,Localization Quality,AMCLPose,MeanY,-0.182976,682.3
e2ecd6fe26f48965846f37ba5fec8c23,Localization Quality,AMCLPose,MeanX,0.911215,682.3
e2ecd6fe26f48965846f37ba5fec8c23,Localization Stability,TF,Jump Angular,-0.00204347,683.3
e2ecd6fe26f48965846f37ba5fec8c23,Localization Stability,TF,Jump Linear,0.0350722,683.3
e2ecd6fe26f48965846f37ba5fec8c23,Input Validity,Lidar,Lidar Rate,10,682.42
e2ecd6fe26f48965846f37ba5fec8c23,Input Validity,Odometry,Odometry Rate,50,682.42
e2ecd6fe26f48965846f37ba5fec8c23,Input Validity,TF,TF Rate,10,682.42
e2ecd6fe26f48965846f37ba5fec8c23,Localization Stability,TF,Jump Angular,0,683.4
e2ecd6fe26f48965846f37ba5fec8c23,Localization Stability,TF,Jump Linear,0,683.4
e2ecd6fe26f48965846f37ba5fec8c23,Input Validity,Lidar,Lidar Rate,10,682.52
e2ecd6fe26f48965846f37ba5fec8c23,Input Validity,Odometry,Odometry Rate,50,682.52
e2ecd6fe26f48965846f37ba5fec8c23,Input Validity,TF,TF Rate,10,682.52
e2ecd6fe26f48965846f37ba5fec8c23,Localization Stability,TF,Jump Angular,0,683.5
e2ecd6fe26f48965846f37ba5fec8c23,Localization Stability,TF,Jump Linear,0,683.5
e2ecd6fe26f48965846f37ba5fec8c23,Input Validity,Lidar,Lidar Rate,10,682.62
e2ecd6fe26f48965846f37ba5fec8c23,Input Validity,Odometry,Odometry Rate,50,682.62
e2ecd6fe26f48965846f37ba5fec8c23,Input Validity,TF,TF Rate,10,682.62
e2ecd6fe26f48965846f37ba5fec8c23,Localization Quality,AMCLPose,CovYawYaw,0.00334105,682.6
e2ecd6fe26f48965846f37ba5fec8c23,Localization Quality,AMCLPose,CovYY,0.00117546,682.6
e2ecd6fe26f48965846f37ba5fec8c23,Localization Quality,AMCLPose,CovXX,0.00680664,682.6
e2ecd6fe26f48965846f37ba5fec8c23,Localization Quality,AMCLPose,MeanYaw,0.00827164,682.6
e2ecd6fe26f48965846f37ba5fec8c23,Localization Quality,AMCLPose,MeanY,-0.182296,682.6
e2ecd6fe26f48965846f37ba5fec8c23,Localization Quality,AMCLPose,MeanX,1.04581,682.6
e2ecd6fe26f48965846f37ba5fec8c23,Localization Stability,TF,Jump Angular,0.00228042,683.6
e2ecd6fe26f48965846f37ba5fec8c23,Localization Stability,TF,Jump Linear,0.0424129,683.6
e2ecd6fe26f48965846f37ba5fec8c23,Input Validity,Lidar,Lidar Rate,10,682.72
e2ecd6fe26f48965846f37ba5fec8c23,Input Validity,Odometry,Odometry Rate,50,682.72
e2ecd6fe26f48965846f37ba5fec8c23,Input Validity,TF,TF Rate,10,682.72
e2ecd6fe26f48965846f37ba5fec8c23,Localization Stability,TF,Jump Angular,0,683.7
e2ecd6fe26f48965846f37ba5fec8c23,Localization Stability,TF,Jump Linear,0,683.7
e2ecd6fe26f48965846f37ba5fec8c23,Input Validity,Lidar,Lidar Rate,10,682.82
e2ecd6fe26f48965846f37ba5fec8c23,Input Validity,Odometry,Odometry Rate,50,682.82
e2ecd6fe26f48965846f37ba5fec8c23,Input Validity,TF,TF Rate,10,682.82
e2ecd6fe26f48965846f37ba5fec8c23,Localization Stability,TF,Jump Angular,0,683.8
e2ecd6fe26f48965846f37ba5fec8c23,Localization Stability,TF,Jump Linear,0,683.8
e2ecd6fe26f48965846f37ba5fec8c23,Input Validity,Lidar,Lidar Rate,10,682.92
e2ecd6fe26f48965846f37ba5fec8c23,Input Validity,Odometry,Odometry Rate,50,682.92
e2ecd6fe26f48965846f37ba5fec8c23,Input Validity,TF,TF Rate,10,682.92
e2ecd6fe26f48965846f37ba5fec8c23,Localization Quality,AMCLPose,CovYawYaw,0.00328151,682.9
e2ecd6fe26f48965846f37ba5fec8c23,Localization Quality,AMCLPose,CovYY,0.00124054,682.9
e2ecd6fe26f48965846f37ba5fec8c23,Localization Quality,AMCLPose,CovXX,0.00651588,682.9
e2ecd6fe26f48965846f37ba5fec8c23,Localization Quality,AMCLPose,MeanYaw,0.0124307,682.9
e2ecd6fe26f48965846f37ba5fec8c23,Localization Quality,AMCLPose,MeanY,-0.182001,682.9
e2ecd6fe26f48965846f37ba5fec8c23,Localization Quality,AMCLPose,MeanX,1.17776,682.9
e2ecd6fe26f48965846f37ba5fec8c23,Localization Stability,TF,Jump Angular,0.000766406,683.9
e2ecd6fe26f48965846f37ba5fec8c23,Localization Stability,TF,Jump Linear,0.0112763,683.9
e2ecd6fe26f48965846f37ba5fec8c23,Input Validity,Lidar,Lidar Rate,10,683.02
e2ecd6fe26f48965846f37ba5fec8c23,Input Validity,Odometry,Odometry Rate,50,683.02
e2ecd6fe26f48965846f37ba5fec8c23,Input Validity,TF,TF Rate,10,683.02
e2ecd6fe26f48965846f37ba5fec8c23,Localization Stability,TF,Jump Angular,0,684
e2ecd6fe26f48965846f37ba5fec8c23,Localization Stability,TF,Jump Linear,0,684
e2ecd6fe26f48965846f37ba5fec8c23,Input Validity,Lidar,Lidar Rate,10,683.12
e2ecd6fe26f48965846f37ba5fec8c23,Input Validity,Odometry,Odometry Rate,50,683.12
e2ecd6fe26f48965846f37ba5fec8c23,Input Validity,TF,TF Rate,10,683.12
e2ecd6fe26f48965846f37ba5fec8c23,Localization Stability,TF,Jump Angular,0,684.1
e2ecd6fe26f48965846f37ba5fec8c23,Localization Stability,TF,Jump Linear,0,684.1
e2ecd6fe26f48965846f37ba5fec8c23,Input Validity,Lidar,Lidar Rate,10,683.22
e2ecd6fe26f48965846f37ba5fec8c23,Input Validity,Odometry,Odometry Rate,50,683.22
e2ecd6fe26f48965846f37ba5fec8c23,Input Validity,TF,TF Rate,10,683.22
e2ecd6fe26f48965846f37ba5fec8c23,Localization Quality,AMCLPose,CovYawYaw,0.00349926,683.2
e2ecd6fe26f48965846f37ba5fec8c23,Localization Quality,AMCLPose,CovYY,0.00138932,683.2
e2ecd6fe26f48965846f37ba5fec8c23,Localization Quality,AMCLPose,CovXX,0.00630884,683.2
e2ecd6fe26f48965846f37ba5fec8c23,Localization Quality,AMCLPose,MeanYaw,0.0174301,683.2
e2ecd6fe26f48965846f37ba5fec8c23,Localization Quality,AMCLPose,MeanY,-0.18104,683.2
e2ecd6fe26f48965846f37ba5fec8c23,Localization Quality,AMCLPose,MeanX,1.31891,683.2
e2ecd6fe26f48965846f37ba5fec8c23,Localization Stability,TF,Jump Angular,-0.00342451,684.2
e2ecd6fe26f48965846f37ba5fec8c23,Localization Stability,TF,Jump Linear,0.0594688,684.2
e2ecd6fe26f48965846f37ba5fec8c23,Input Validity,Lidar,Lidar Rate,10,683.32
e2ecd6fe26f48965846f37ba5fec8c23,Input Validity,Odometry,Odometry Rate,50,683.32
e2ecd6fe26f48965846f37ba5fec8c23,Input Validity,TF,TF Rate,10,683.32
e2ecd6fe26f48965846f37ba5fec8c23,Localization Stability,TF,Jump Angular,0,684.3
e2ecd6fe26f48965846f37ba5fec8c23,Localization Stability,TF,Jump Linear,0,684.3
e2ecd6fe26f48965846f37ba5fec8c23,Input Validity,Lidar,Lidar Rate,10,683.42
e2ecd6fe26f48965846f37ba5fec8c23,Input Validity,Odometry,Odometry Rate,50,683.42
e2ecd6fe26f48965846f37ba5fec8c23,Input Validity,TF,TF Rate,10,683.42
e2ecd6fe26f48965846f37ba5fec8c23,Localization Stability,TF,Jump Angular,0,684.4
e2ecd6fe26f48965846f37ba5fec8c23,Localization Stability,TF,Jump Linear,0,684.4
e2ecd6fe26f48965846f37ba5fec8c23,Input Validity,Lidar,Lidar Rate,10,683.52
e2ecd6fe26f48965846f37ba5fec8c23,Input Validity,Odometry,Odometry Rate,50,683.52
e2ecd6fe26f48965846f37ba5fec8c23,Input Validity,TF,TF Rate,10,683.52
e2ecd6fe26f48965846f37ba5fec8c23,Localization Quality,AMCLPose,CovYawYaw,0.00346014,683.5
e2ecd6fe26f48965846f37ba5fec8c23,Localization Quality,AMCLPose,CovYY,0.00146504,683.5
e2ecd6fe26f48965846f37ba5fec8c23,Localization Quality,AMCLPose,CovXX,0.00665174,683.5
e2ecd6fe26f48965846f37ba5fec8c23,Localization Quality,AMCLPose,MeanYaw,0.0327714,683.5
e2ecd6fe26f48965846f37ba5fec8c23,Localization Quality,AMCLPose,MeanY,-0.176908,683.5
e2ecd6fe26f48965846f37ba5fec8c23,Localization Quality,AMCLPose,MeanX,1.45491,683.5
e2ecd6fe26f48965846f37ba5fec8c23,Localization Stability,TF,Jump Angular,0.0010623,684.5
e2ecd6fe26f48965846f37ba5fec8c23,Localization Stability,TF,Jump Linear,0.0210435,684.5
e2ecd6fe26f48965846f37ba5fec8c23,Input Validity,Lidar,Lidar Rate,10,683.61
e2ecd6fe26f48965846f37ba5fec8c23,Input Validity,Odometry,Odometry Rate,50,683.61
e2ecd6fe26f48965846f37ba5fec8c23,Input Validity,TF,TF Rate,10,683.61
e2ecd6fe26f48965846f37ba5fec8c23,Localization Stability,TF,Jump Angular,0,684.6
e2ecd6fe26f48965846f37ba5fec8c23,Localization Stability,TF,Jump Linear,0,684.6
e2ecd6fe26f48965846f37ba5fec8c23,Input Validity,Lidar,Lidar Rate,10,683.71
e2ecd6fe26f48965846f37ba5fec8c23,Input Validity,Odometry,Odometry Rate,50,683.71
e2ecd6fe26f48965846f37ba5fec8c23,Input Validity,TF,TF Rate,10,683.71
e2ecd6fe26f48965846f37ba5fec8c23,Localization Stability,TF,Jump Angular,0,684.7
e2ecd6fe26f48965846f37ba5fec8c23,Localization Stability,TF,Jump Linear,0,684.7
e2ecd6fe26f48965846f37ba5fec8c23,Input Validity,Lidar,Lidar Rate,10,683.81
e2ecd6fe26f48965846f37ba5fec8c23,Input Validity,Odometry,Odometry Rate,50,683.81
e2ecd6fe26f48965846f37ba5fec8c23,Input Validity,TF,TF Rate,10,683.81
e2ecd6fe26f48965846f37ba5fec8c23,Localization Quality,AMCLPose,CovYawYaw,0.00331221,683.8
e2ecd6fe26f48965846f37ba5fec8c23,Localization Quality,AMCLPose,CovYY,0.0014596,683.8
e2ecd6fe26f48965846f37ba5fec8c23,Localization Quality,AMCLPose,CovXX,0.00646993,683.8
e2ecd6fe26f48965846f37ba5fec8c23,Localization Quality,AMCLPose,MeanYaw,0.0506568,683.8
e2ecd6fe26f48965846f37ba5fec8c23,Localization Quality,AMCLPose,MeanY,-0.169659,683.8
e2ecd6fe26f48965846f37ba5fec8c23,Localization Quality,AMCLPose,MeanX,1.58837,683.8
e2ecd6fe26f48965846f37ba5fec8c23,Localization Stability,TF,Jump Angular,0.00385202,684.8
e2ecd6fe26f48965846f37ba5fec8c23,Localization Stability,TF,Jump Linear,0.0709802,684.8
e2ecd6fe26f48965846f37ba5fec8c23,Input Validity,Lidar,Lidar Rate,10,683.91
e2ecd6fe26f48965846f37ba5fec8c23,Input Validity,Odometry,Odometry Rate,50,683.91
e2ecd6fe26f48965846f37ba5fec8c23,Input Validity,TF,TF Rate,10,683.91
e2ecd6fe26f48965846f37ba5fec8c23,Localization Stability,TF,Jump Angular,0,684.9
e2ecd6fe26f48965846f37ba5fec8c23,Localization Stability,TF,Jump Linear,0,684.9
e2ecd6fe26f48965846f37ba5fec8c23,Input Validity,Lidar,Lidar Rate,10,684.01
e2ecd6fe26f48965846f37ba5fec8c23,Input Validity,Odometry,Odometry Rate,50,684.01
e2ecd6fe26f48965846f37ba5fec8c23,Input Validity,TF,TF Rate,10,684.01
e2ecd6fe26f48965846f37ba5fec8c23,Localization Stability,TF,Jump Angular,0,685
e2ecd6fe26f48965846f37ba5fec8c23,Localization Stability,TF,Jump Linear,0,685
e2ecd6fe26f48965846f37ba5fec8c23,Input Validity,Lidar,Lidar Rate,10,684.11
e2ecd6fe26f48965846f37ba5fec8c23,Input Validity,Odometry,Odometry Rate,50,684.11
e2ecd6fe26f48965846f37ba5fec8c23,Input Validity,TF,TF Rate,10,684.11
e2ecd6fe26f48965846f37ba5fec8c23,Localization Quality,AMCLPose,CovYawYaw,0.00358838,684.1
e2ecd6fe26f48965846f37ba5fec8c23,Localization Quality,AMCLPose,CovYY,0.00153179,684.1
e2ecd6fe26f48965846f37ba5fec8c23,Localization Quality,AMCLPose,CovXX,0.00631627,684.1
e2ecd6fe26f48965846f37ba5fec8c23,Localization Quality,AMCLPose,MeanYaw,0.0548348,684.1
e2ecd6fe26f48965846f37ba5fec8c23,Localization Quality,AMCLPose,MeanY,-0.162079,684.1
e2ecd6fe26f48965846f37ba5fec8c23,Localization Quality,AMCLPose,MeanX,1.72275,684.1
e2ecd6fe26f48965846f37ba5fec8c23,Localization Stability,TF,Jump Angular,-0.00224538,685.1
e2ecd6fe26f48965846f37ba5fec8c23,Localization Stability,TF,Jump Linear,0.041558,685.1
e2ecd6fe26f48965846f37ba5fec8c23,Input Validity,Lidar,Lidar Rate,10,684.21
e2ecd6fe26f48965846f37ba5fec8c23,Input Validity,Odometry,Odometry Rate,50,684.21
e2ecd6fe26f48965846f37ba5fec8c23,Input Validity,TF,TF Rate,10,684.21
e2ecd6fe26f48965846f37ba5fec8c23,Localization Stability,TF,Jump Angular,0,685.2
e2ecd6fe26f48965846f37ba5fec8c23,Localization Stability,TF,Jump Linear,0,685.2
e2ecd6fe26f48965846f37ba5fec8c23,Input Validity,Lidar,Lidar Rate,10,684.31
e2ecd6fe26f48965846f37ba5fec8c23,Input Validity,Odometry,Odometry Rate,50,684.31
e2ecd6fe26f48965846f37ba5fec8c23,Input Validity,TF,TF Rate,10,684.31
e2ecd6fe26f48965846f37ba5fec8c23,Localization Stability,TF,Jump Angular,0,685.3
e2ecd6fe26f48965846f37ba5fec8c23,Localization Stability,TF,Jump Linear,0,685.3
e2ecd6fe26f48965846f37ba5fec8c23,Input Validity,Lidar,Lidar Rate,10,684.41
e2ecd6fe26f48965846f37ba5fec8c23,Input Validity,Odometry,Odometry Rate,50,684.41
e2ecd6fe26f48965846f37ba5fec8c23,Input Validity,TF,TF Rate,10,684.41
e2ecd6fe26f48965846f37ba5fec8c23,Localization Quality,AMCLPose,CovYawYaw,0.00366084,684.4
e2ecd6fe26f48965846f37ba5fec8c23,Localization Quality,AMCLPose,CovYY,0.00162902,684.4
e2ecd6fe26f48965846f37ba5fec8c23,Localization Quality,AMCLPose,CovXX,0.00644814,684.4
e2ecd6fe26f48965846f37ba5fec8c23,Localization Quality,AMCLPose,MeanYaw,0.0462489,684.4
e2ecd6fe26f48965846f37ba5fec8c23,Localization Quality,AMCLPose,MeanY,-0.155266,684.4
e2ecd6fe26f48965846f37ba5fec8c23,Localization Quality,AMCLPose,MeanX,1.85622,684.4
e2ecd6fe26f48965846f37ba5fec8c23,Localization Stability,TF,Jump Angular,-0.00121112,685.4
e2ecd6fe26f48965846f37ba5fec8c23,Localization Stability,TF,Jump Linear,0.0234836,685.4
e2ecd6fe26f48965846f37ba5fec8c23,Input Validity,Lidar,Lidar Rate,10,684.51
e2ecd6fe26f48965846f37ba5fec8c23,Input Validity,Odometry,Odometry Rate,50,684.51
e2ecd6fe26f48965846f37ba5fec8c23,Input Validity,TF,TF Rate,10,684.51
e2ecd6fe26f48965846f37ba5fec8c23,Localization Stability,TF,Jump Angular,0,685.5
e2ecd6fe26f48965846f37ba5fec8c23,Localization Stability,TF,Jump Linear,0,685.5
e2ecd6fe26f48965846f37ba5fec8c23,Input Validity,Lidar,Lidar Rate,10,684.61
e2ecd6fe26f48965846f37ba5fec8c23,Input Validity,Odometry,Odometry Rate,50,684.61
e2ecd6fe26f48965846f37ba5fec8c23,Input Validity,TF,TF Rate,10,684.61
e2ecd6fe26f48965846f37ba5fec8c23,Localization Stability,TF,Jump Angular,0,685.6
e2ecd6fe26f48965846f37ba5fec8c23,Localization Stability,TF,Jump Linear,0,685.6
e2ecd6fe26f48965846f37ba5fec8c23,Input Validity,Lidar,Lidar Rate,10,684.71
e2ecd6fe26f48965846f37ba5fec8c23,Input Validity,Odometry,Odometry Rate,50,684.71
e2ecd6fe26f48965846f37ba5fec8c23,Input Validity,TF,TF Rate,10,684.71
e2ecd6fe26f48965846f37ba5fec8c23,Localization Quality,AMCLPose,CovYawYaw,0.0037098,684.7
e2ecd6fe26f48965846f37ba5fec8c23,Localization Quality,AMCLPose,CovYY,0.00164533,684.7
e2ecd6fe26f48965846f37ba5fec8c23,Localization Quality,AMCLPose,CovXX,0.00624368,684.7
e2ecd6fe26f48965846f37ba5fec8c23,Localization Quality,AMCLPose,MeanYaw,0.0122586,684.7
e2ecd6fe26f48965846f37ba5fec8c23,Localization Quality,AMCLPose,MeanY,-0.153939,684.7
e2ecd6fe26f48965846f37ba5fec8c23,Localization Quality,AMCLPose,MeanX,1.99185,684.7
e2ecd6fe26f48965846f37ba5fec8c23,Localization Stability,TF,Jump Angular,-0.00547688,685.7
e2ecd6fe26f48965846f37ba5fec8c23,Localization Stability,TF,Jump Linear,0.101208,685.7
e2ecd6fe26f48965846f37ba5fec8c23,Input Validity,Lidar,Lidar Rate,10,684.81
e2ecd6fe26f48965846f37ba5fec8c23,Input Validity,Odometry,Odometry Rate,50,684.81
e2ecd6fe26f48965846f37ba5fec8c23,Input Validity,TF,TF Rate,10,684.81
e2ecd6fe26f48965846f37ba5fec8c23,Localization Stability,TF,Jump Angular,0,685.8
e2ecd6fe26f48965846f37ba5fec8c23,Localization Stability,TF,Jump Linear,0,685.8
e2ecd6fe26f48965846f37ba5fec8c23,Input Validity,Lidar,Lidar Rate,10,684.91
e2ecd6fe26f48965846f37ba5fec8c23,Input Validity,Odometry,Odometry Rate,50,684.91
e2ecd6fe26f48965846f37ba5fec8c23,Input Validity,TF,TF Rate,10,684.91
e2ecd6fe26f48965846f37ba5fec8c23,Localization Stability,TF,Jump Angular,0,685.9
e2ecd6fe26f48965846f37ba5fec8c23,Localization Stability,TF,Jump Linear,0,685.9
e2ecd6fe26f48965846f37ba5fec8c23,Input Validity,Lidar,Lidar Rate,10,685.01
e2ecd6fe26f48965846f37ba5fec8c23,Input Validity,Odometry,Odometry Rate,50,685.01
e2ecd6fe26f48965846f37ba5fec8c23,Input Validity,TF,TF Rate,10,685.01
e2ecd6fe26f48965846f37ba5fec8c23,Input Validity,Lidar,Lidar Rate,10,685.11
e2ecd6fe26f48965846f37ba5fec8c23,Input Validity,Odometry,Odometry Rate,50,685.11
e2ecd6fe26f48965846f37ba5fec8c23,Input Validity,TF,TF Rate,10,685.11
e2ecd6fe26f48965846f37ba5fec8c23,Localization Quality,AMCLPose,CovYawYaw,0.00371805,685
e2ecd6fe26f48965846f37ba5fec8c23,Localization Quality,AMCLPose,CovYY,0.00171102,685
e2ecd6fe26f48965846f37ba5fec8c23,Localization Quality,AMCLPose,CovXX,0.00627385,685
e2ecd6fe26f48965846f37ba5fec8c23,Localization Quality,AMCLPose,MeanYaw,-0.0400678,685
e2ecd6fe26f48965846f37ba5fec8c23,Localization Quality,AMCLPose,MeanY,-0.155354,685
e2ecd6fe26f48965846f37ba5fec8c23,Localization Quality,AMCLPose,MeanX,2.12595,685
e2ecd6fe26f48965846f37ba5fec8c23,Localization Stability,TF,Jump Angular,0.00287451,686
e2ecd6fe26f48965846f37ba5fec8c23,Localization Stability,TF,Jump Linear,0.0517171,686
e2ecd6fe26f48965846f37ba5fec8c23,Localization Stability,TF,Jump Angular,0,686.1
e2ecd6fe26f48965846f37ba5fec8c23,Localization Stability,TF,Jump Linear,0,686.1
e2ecd6fe26f48965846f37ba5fec8c23,Input Validity,Lidar,Lidar Rate,10,685.2
e2ecd6fe26f48965846f37ba5fec8c23,Input Validity,Odometry,Odometry Rate,50,685.2
e2ecd6fe26f48965846f37ba5fec8c23,Input Validity,TF,TF Rate,10,685.2
e2ecd6fe26f48965846f37ba5fec8c23,Localization Quality,AMCLPose,CovYawYaw,0.00302433,685.2
e2ecd6fe26f48965846f37ba5fec8c23,Localization Quality,AMCLPose,CovYY,0.00169943,685.2
e2ecd6fe26f48965846f37ba5fec8c23,Localization Quality,AMCLPose,CovXX,0.00574297,685.2
e2ecd6fe26f48965846f37ba5fec8c23,Localization Quality,AMCLPose,MeanYaw,-0.0933096,685.2
e2ecd6fe26f48965846f37ba5fec8c23,Localization Quality,AMCLPose,MeanY,-0.159178,685.2
e2ecd6fe26f48965846f37ba5fec8c23,Localization Quality,AMCLPose,MeanX,2.21873,685.2
e2ecd6fe26f48965846f37ba5fec8c23,Localization Stability,TF,Jump Angular,0.000847308,686.2
e2ecd6fe26f48965846f37ba5fec8c23,Localization Stability,TF,Jump Linear,0.0190312,686.2
e2ecd6fe26f48965846f37ba5fec8c23,Input Validity,Lidar,Lidar Rate,10,685.3
e2ecd6fe26f48965846f37ba5fec8c23,Input Validity,Odometry,Odometry Rate,50,685.3
e2ecd6fe26f48965846f37ba5fec8c23,Input Validity,TF,TF Rate,10,685.3
e2ecd6fe26f48965846f37ba5fec8c23,Localization Stability,TF,Jump Angular,0,686.3
e2ecd6fe26f48965846f37ba5fec8c23,Localization Stability,TF,Jump Linear,0,686.3
e2ecd6fe26f48965846f37ba5fec8c23,Input Validity,Lidar,Lidar Rate,10,685.4
e2ecd6fe26f48965846f37ba5fec8c23,Input Validity,Odometry,Odometry Rate,50,685.4
e2ecd6fe26f48965846f37ba5fec8c23,Input Validity,TF,TF Rate,10,685.4
e2ecd6fe26f48965846f37ba5fec8c23,Localization Quality,AMCLPose,CovYawYaw,0.0025831,685.4
e2ecd6fe26f48965846f37ba5fec8c23,Localization Quality,AMCLPose,CovYY,0.00166897,685.4
e2ecd6fe26f48965846f37ba5fec8c23,Localization Quality,AMCLPose,CovXX,0.00565368,685.4
e2ecd6fe26f48965846f37ba5fec8c23,Localization Quality,AMCLPose,MeanYaw,-0.159401,685.4
e2ecd6fe26f48965846f37ba5fec8c23,Localization Quality,AMCLPose,MeanY,-0.171321,685.4
e2ecd6fe26f48965846f37ba5fec8c23,Localization Quality,AMCLPose,MeanX,2.30774,685.4
e2ecd6fe26f48965846f37ba5fec8c23,Localization Stability,TF,Jump Angular,-0.000388027,686.4
e2ecd6fe26f48965846f37ba5fec8c23,Localization Stability,TF,Jump Linear,0.00774183,686.4
e2ecd6fe26f48965846f37ba5fec8c23,Input Validity,Lidar,Lidar Rate,10,685.5
e2ecd6fe26f48965846f37ba5fec8c23,Input Validity,Odometry,Odometry Rate,50,685.5
e2ecd6fe26f48965846f37ba5fec8c23,Input Validity,TF,TF Rate,10,685.5
e2ecd6fe26f48965846f37ba5fec8c23,Localization Stability,TF,Jump Angular,0,686.5
e2ecd6fe26f48965846f37ba5fec8c23,Localization Stability,TF,Jump Linear,0,686.5
e2ecd6fe26f48965846f37ba5fec8c23,Input Validity,Lidar,Lidar Rate,10,685.6
e2ecd6fe26f48965846f37ba5fec8c23,Input Validity,Odometry,Odometry Rate,50,685.6
e2ecd6fe26f48965846f37ba5fec8c23,Input Validity,TF,TF Rate,10,685.6
e2ecd6fe26f48965846f37ba5fec8c23,Input Validity,Lidar,Lidar Rate,10,685.7
e2ecd6fe26f48965846f37ba5fec8c23,Input Validity,Odometry,Odometry Rate,50,685.7
e2ecd6fe26f48965846f37ba5fec8c23,Input Validity,TF,TF Rate,10,685.7
e2ecd6fe26f48965846f37ba5fec8c23,Localization Quality,AMCLPose,CovYawYaw,0.00229765,685.6
e2ecd6fe26f48965846f37ba5fec8c23,Localization Quality,AMCLPose,CovYY,0.00148531,685.6
e2ecd6fe26f48965846f37ba5fec8c23,Localization Quality,AMCLPose,CovXX,0.0051095,685.6
e2ecd6fe26f48965846f37ba5fec8c23,Localization Quality,AMCLPose,MeanYaw,-0.233771,685.6
e2ecd6fe26f48965846f37ba5fec8c23,Localization Quality,AMCLPose,MeanY,-0.189989,685.6
e2ecd6fe26f48965846f37ba5fec8c23,Localization Quality,AMCLPose,MeanX,2.39196,685.6
e2ecd6fe26f48965846f37ba5fec8c23,Localization Stability,TF,Jump Angular,0.000842995,686.6
e2ecd6fe26f48965846f37ba5fec8c23,Localization Stability,TF,Jump Linear,0.0112188,686.6
e2ecd6fe26f48965846f37ba5fec8c23,Localization Stability,TF,Jump Angular,0,686.7
e2ecd6fe26f48965846f37ba5fec8c23,Localization Stability,TF,Jump Linear,0,686.7
e2ecd6fe26f48965846f37ba5fec8c23,Input Validity,Lidar,Lidar Rate,10,685.8
e2ecd6fe26f48965846f37ba5fec8c23,Input Validity,Odometry,Odometry Rate,50,685.8
e2ecd6fe26f48965846f37ba5fec8c23,Input Validity,TF,TF Rate,10,685.8
e2ecd6fe26f48965846f37ba5fec8c23,Localization Quality,AMCLPose,CovYawYaw,0.00201221,685.8
e2ecd6fe26f48965846f37ba5fec8c23,Localization Quality,AMCLPose,CovYY,0.00135807,685.8
e2ecd6fe26f48965846f37ba5fec8c23,Localization Quality,AMCLPose,CovXX,0.00509423,685.8
e2ecd6fe26f48965846f37ba5fec8c23,Localization Quality,AMCLPose,MeanYaw,-0.315318,685.8
e2ecd6fe26f48965846f37ba5fec8c23,Localization Quality,AMCLPose,MeanY,-0.213776,685.8
e2ecd6fe26f48965846f37ba5fec8c23,Localization Quality,AMCLPose,MeanX,2.47335,685.8
e2ecd6fe26f48965846f37ba5fec8c23,Localization Stability,TF,Jump Angular,-0.000316198,686.8
e2ecd6fe26f48965846f37ba5fec8c23,Localization Stability,TF,Jump Linear,0.0103652,686.8
e2ecd6fe26f48965846f37ba5fec8c23,Input Validity,Lidar,Lidar Rate,10,685.9
e2ecd6fe26f48965846f37ba5fec8c23,Input Validity,Odometry,Odometry Rate,50,685.9
e2ecd6fe26f48965846f37ba5fec8c23,Input Validity,TF,TF Rate,10,685.9
e2ecd6fe26f48965846f37ba5fec8c23,Localization Stability,TF,Jump Angular,0,686.9
e2ecd6fe26f48965846f37ba5fec8c23,Localization Stability,TF,Jump Linear,0,686.9
e2ecd6fe26f48965846f37ba5fec8c23,Input Validity,Lidar,Lidar Rate,10,686
e2ecd6fe26f48965846f37ba5fec8c23,Input Validity,Odometry,Odometry Rate,50,686
e2ecd6fe26f48965846f37ba5fec8c23,Input Validity,TF,TF Rate,10,686
e2ecd6fe26f48965846f37ba5fec8c23,Localization Quality,AMCLPose,CovYawYaw,0.0018769,686
e2ecd6fe26f48965846f37ba5fec8c23,Localization Quality,AMCLPose,CovYY,0.00149692,686
e2ecd6fe26f48965846f37ba5fec8c23,Localization Quality,AMCLPose,CovXX,0.00463319,686
e2ecd6fe26f48965846f37ba5fec8c23,Localization Quality,AMCLPose,MeanYaw,-0.398727,686
e2ecd6fe26f48965846f37ba5fec8c23,Localization Quality,AMCLPose,MeanY,-0.245471,686
e2ecd6fe26f48965846f37ba5fec8c23,Localization Quality,AMCLPose,MeanX,2.55257,686
e2ecd6fe26f48965846f37ba5fec8c23,Localization Stability,TF,Jump Angular,0.00163971,687
e2ecd6fe26f48965846f37ba5fec8c23,Localization Stability,TF,Jump Linear,0.0249758,687
e2ecd6fe26f48965846f37ba5fec8c23,Input Validity,Lidar,Lidar Rate,10,686.1
e2ecd6fe26f48965846f37ba5fec8c23,Input Validity,Odometry,Odometry Rate,50,686.1
e2ecd6fe26f48965846f37ba5fec8c23,Input Validity,TF,TF Rate,10,686.1
e2ecd6fe26f48965846f37ba5fec8c23,Localization Quality,AMCLPose,CovYawYaw,0.00121642,686.1
e2ecd6fe26f48965846f37ba5fec8c23,Localization Quality,AMCLPose,CovYY,0.00146463,686.1
e2ecd6fe26f48965846f37ba5fec8c23,Localization Quality,AMCLPose,CovXX,0.00410226,686.1
e2ecd6fe26f48965846f37ba5fec8c23,Localization Quality,AMCLPose,MeanYaw,-0.451305,686.1
e2ecd6fe26f48965846f37ba5fec8c23,Localization Quality,AMCLPose,MeanY,-0.267522,686.1
e2ecd6fe26f48965846f37ba5fec8c23,Localization Quality,AMCLPose,MeanX,2.59241,686.1
e2ecd6fe26f48965846f37ba5fec8c23,Localization Stability,TF,Jump Angular,-0.00151248,687.1
e2ecd6fe26f48965846f37ba5fec8c23,Localization Stability,TF,Jump Linear,0.0298961,687.1
e2ecd6fe26f48965846f37ba5fec8c23,Input Validity,Lidar,Lidar Rate,10,686.2
e2ecd6fe26f48965846f37ba5fec8c23,Input Validity,Odometry,Odometry Rate,50,686.2
e2ecd6fe26f48965846f37ba5fec8c23,Input Validity,TF,TF Rate,10,686.2
e2ecd6fe26f48965846f37ba5fec8c23,Localization Quality,AMCLPose,CovYawYaw,0.000880662,686.2
e2ecd6fe26f48965846f37ba5fec8c23,Localization Quality,AMCLPose,CovYY,0.00154754,686.2
e2ecd6fe26f48965846f37ba5fec8c23,Localization Quality,AMCLPose,CovXX,0.00365047,686.2
e2ecd6fe26f48965846f37ba5fec8c23,Localization Quality,AMCLPose,MeanYaw,-0.501622,686.2
e2ecd6fe26f48965846f37ba5fec8c23,Localization Quality,AMCLPose,MeanY,-0.287676,686.2
e2ecd6fe26f48965846f37ba5fec8c23,Localization Quality,AMCLPose,MeanX,2.63401,686.2
e2ecd6fe26f48965846f37ba5fec8c23,Localization Stability,TF,Jump Angular,0.000977588,687.2
e2ecd6fe26f48965846f37ba5fec8c23,Localization Stability,TF,Jump Linear,0.0190697,687.2
e2ecd6fe26f48965846f37ba5fec8c23,Input Validity,Lidar,Lidar Rate,10,686.3
e2ecd6fe26f48965846f37ba5fec8c23,Input Validity,Odometry,Odometry Rate,50,686.3
e2ecd6fe26f48965846f37ba5fec8c23,Input Validity,TF,TF Rate,10,686.3
e2ecd6fe26f48965846f37ba5fec8c23,Localization Quality,AMCLPose,CovYawYaw,0.000735337,686.3
e2ecd6fe26f48965846f37ba5fec8c23,Localization Quality,AMCLPose,CovYY,0.0015272,686.3
e2ecd6fe26f48965846f37ba5fec8c23,Localization Quality,AMCLPose,CovXX,0.00325144,686.3
e2ecd6fe26f48965846f37ba5fec8c23,Localization Quality,AMCLPose,MeanYaw,-0.553135,686.3
e2ecd6fe26f48965846f37ba5fec8c23,Localization Quality,AMCLPose,MeanY,-0.310804,686.3
e2ecd6fe26f48965846f37ba5fec8c23,Localization Quality,AMCLPose,MeanX,2.67542,686.3
e2ecd6fe26f48965846f37ba5fec8c23,Localization Stability,TF,Jump Angular,-0.000214992,687.3
e2ecd6fe26f48965846f37ba5fec8c23,Localization Stability,TF,Jump Linear,0.00254927,687.3
e2ecd6fe26f48965846f37ba5fec8c23,Input Validity,Lidar,Lidar Rate,10,686.4
e2ecd6fe26f48965846f37ba5fec8c23,Input Validity,Odometry,Odometry Rate,50,686.4
e2ecd6fe26f48965846f37ba5fec8c23,Input Validity,TF,TF Rate,10,686.4
e2ecd6fe26f48965846f37ba5fec8c23,Localization Quality,AMCLPose,CovYawYaw,0.00096175,686.4
e2ecd6fe26f48965846f37ba5fec8c23,Localization Quality,AMCLPose,CovYY,0.00162446,686.4
e2ecd6fe26f48965846f37ba5fec8c23,Localization Quality,AMCLPose,CovXX,0.00316097,686.4
e2ecd6fe26f48965846f37ba5fec8c23,Localization Quality,AMCLPose,MeanYaw,-0.60579,686.4
e2ecd6fe26f48965846f37ba5fec8c23,Localization Quality,AMCLPose,MeanY,-0.337229,686.4
e2ecd6fe26f48965846f37ba5fec8c23,Localization Quality,AMCLPose,MeanX,2.71167,686.4
e2ecd6fe26f48965846f37ba5fec8c23,Localization Stability,TF,Jump Angular,-0.00218712,687.4
e2ecd6fe26f48965846f37ba5fec8c23,Localization Stability,TF,Jump Linear,0.0409405,687.4
e2ecd6fe26f48965846f37ba5fec8c23,Input Validity,Lidar,Lidar Rate,10,686.5
e2ecd6fe26f48965846f37ba5fec8c23,Input Validity,Odometry,Odometry Rate,50,686.5
e2ecd6fe26f48965846f37ba5fec8c23,Input Validity,TF,TF Rate,10,686.5
e2ecd6fe26f48965846f37ba5fec8c23,Localization Stability,TF,Jump Angular,0,687.5
e2ecd6fe26f48965846f37ba5fec8c23,Localization Stability,TF,Jump Linear,0,687.5
e2ecd6fe26f48965846f37ba5fec8c23,Input Validity,Lidar,Lidar Rate,10,686.6
e2ecd6fe26f48965846f37ba5fec8c23,Input Validity,Odometry,Odometry Rate,50,686.6
e2ecd6fe26f48965846f37ba5fec8c23,Input Validity,TF,TF Rate,10,686.6
e2ecd6fe26f48965846f37ba5fec8c23,Localization Quality,AMCLPose,CovYawYaw,0.00198446,686.6
e2ecd6fe26f48965846f37ba5fec8c23,Localization Quality,AMCLPose,CovYY,0.00174626,686.6
e2ecd6fe26f48965846f37ba5fec8c23,Localization Quality,AMCLPose,CovXX,0.00348007,686.6
e2ecd6fe26f48965846f37ba5fec8c23,Localization Quality,AMCLPose,MeanYaw,-0.702183,686.6
e2ecd6fe26f48965846f37ba5fec8c23,Localization Quality,AMCLPose,MeanY,-0.39275,686.6
e2ecd6fe26f48965846f37ba5fec8c23,Localization Quality,AMCLPose,MeanX,2.78179,686.6
e2ecd6fe26f48965846f37ba5fec8c23,Localization Stability,TF,Jump Angular,-0.000197656,687.6
e2ecd6fe26f48965846f37ba5fec8c23,Localization Stability,TF,Jump Linear,0.00495453,687.6
e2ecd6fe26f48965846f37ba5fec8c23,Input Validity,Lidar,Lidar Rate,10,686.7
e2ecd6fe26f48965846f37ba5fec8c23,Input Validity,Odometry,Odometry Rate,50,686.7
e2ecd6fe26f48965846f37ba5fec8c23,Input Validity,TF,TF Rate,10,686.7
e2ecd6fe26f48965846f37ba5fec8c23,Localization Stability,TF,Jump Angular,0,687.7
e2ecd6fe26f48965846f37ba5fec8c23,Localization Stability,TF,Jump Linear,0,687.7
e2ecd6fe26f48965846f37ba5fec8c23,Input Validity,Lidar,Lidar Rate,10,686.8
e2ecd6fe26f48965846f37ba5fec8c23,Input Validity,Odometry,Odometry Rate,50,686.8
e2ecd6fe26f48965846f37ba5fec8c23,Input Validity,TF,TF Rate,10,686.8
e2ecd6fe26f48965846f37ba5fec8c23,Localization Quality,AMCLPose,CovYawYaw,0.00285481,686.8
e2ecd6fe26f48965846f37ba5fec8c23,Localization Quality,AMCLPose,CovYY,0.00223864,686.8
e2ecd6fe26f48965846f37ba5fec8c23,Localization Quality,AMCLPose,CovXX,0.00416778,686.8
e2ecd6fe26f48965846f37ba5fec8c23,Localization Quality,AMCLPose,MeanYaw,-0.789912,686.8
e2ecd6fe26f48965846f37ba5fec8c23,Localization Quality,AMCLPose,MeanY,-0.452887,686.8
e2ecd6fe26f48965846f37ba5fec8c23,Localization Quality,AMCLPose,MeanX,2.84618,686.8
e2ecd6fe26f48965846f37ba5fec8c23,Localization Stability,TF,Jump Angular,-6.04995e-05,687.8
e2ecd6fe26f48965846f37ba5fec8c23,Localization Stability,TF,Jump Linear,0.00258674,687.8
e2ecd6fe26f48965846f37ba5fec8c23,Input Validity,Lidar,Lidar Rate,10,686.9
e2ecd6fe26f48965846f37ba5fec8c23,Input Validity,Odometry,Odometry Rate,50,686.9
e2ecd6fe26f48965846f37ba5fec8c23,Input Validity,TF,TF Rate,10,686.9
e2ecd6fe26f48965846f37ba5fec8c23,Localization Stability,TF,Jump Angular,0,687.9
e2ecd6fe26f48965846f37ba5fec8c23,Localization Stability,TF,Jump Linear,0,687.9
e2ecd6fe26f48965846f37ba5fec8c23,Input Validity,Lidar,Lidar Rate,10,686.99
e2ecd6fe26f48965846f37ba5fec8c23,Input Validity,Odometry,Odometry Rate,50,686.99
e2ecd6fe26f48965846f37ba5fec8c23,Input Validity,TF,TF Rate,10,686.99
e2ecd6fe26f48965846f37ba5fec8c23,Input Validity,Lidar,Lidar Rate,10,687.09
e2ecd6fe26f48965846f37ba5fec8c23,Input Validity,Odometry,Odometry Rate,50,687.09
e2ecd6fe26f48965846f37ba5fec8c23,Input Validity,TF,TF Rate,10,687.09
e2ecd6fe26f48965846f37ba5fec8c23,Localization Quality,AMCLPose,CovYawYaw,0.00382896,687
e2ecd6fe26f48965846f37ba5fec8c23,Localization Quality,AMCLPose,CovYY,0.00264752,687
e2ecd6fe26f48965846f37ba5fec8c23,Localization Quality,AMCLPose,CovXX,0.00471526,687
e2ecd6fe26f48965846f37ba5fec8c23,Localization Quality,AMCLPose,MeanYaw,-0.867545,687
e2ecd6fe26f48965846f37ba5fec8c23,Localization Quality,AMCLPose,MeanY,-0.517768,687
e2ecd6fe26f48965846f37ba5fec8c23,Localization Quality,AMCLPose,MeanX,2.90777,687
e2ecd6fe26f48965846f37ba5fec8c23,Localization Stability,TF,Jump Angular,0.00198687,688
e2ecd6fe26f48965846f37ba5fec8c23,Localization Stability,TF,Jump Linear,0.0362164,688
e2ecd6fe26f48965846f37ba5fec8c23,Localization Stability,TF,Jump Angular,0,688.1
e2ecd6fe26f48965846f37ba5fec8c23,Localization Stability,TF,Jump Linear,0,688.1
e2ecd6fe26f48965846f37ba5fec8c23,Input Validity,Lidar,Lidar Rate,10,687.19
e2ecd6fe26f48965846f37ba5fec8c23,Input Validity,Odometry,Odometry Rate,50,687.19
e2ecd6fe26f48965846f37ba5fec8c23,Input Validity,TF,TF Rate,10,687.19
e2ecd6fe26f48965846f37ba5fec8c23,Localization Quality,AMCLPose,CovYawYaw,0.0049309,687.2
e2ecd6fe26f48965846f37ba5fec8c23,Localization Quality,AMCLPose,CovYY,0.00312609,687.2
e2ecd6fe26f48965846f37ba5fec8c23,Localization Quality,AMCLPose,CovXX,0.00496047,687.2
e2ecd6fe26f48965846f37ba5fec8c23,Localization Quality,AMCLPose,MeanYaw,-0.95706,687.2
e2ecd6fe26f48965846f37ba5fec8c23,Localization Quality,AMCLPose,MeanY,-0.588966,687.2
e2ecd6fe26f48965846f37ba5fec8c23,Localization Quality,AMCLPose,MeanX,2.96287,687.2
e2ecd6fe26f48965846f37ba5fec8c23,Localization Stability,TF,Jump Angular,0.000840594,688.2
e2ecd6fe26f48965846f37ba5fec8c23,Localization Stability,TF,Jump Linear,0.0147548,688.2
e2ecd6fe26f48965846f37ba5fec8c23,Input Validity,Lidar,Lidar Rate,10,687.29
e2ecd6fe26f48965846f37ba5fec8c23,Input Validity,Odometry,Odometry Rate,50,687.29
e2ecd6fe26f48965846f37ba5fec8c23,Input Validity,TF,TF Rate,10,687.29
e2ecd6fe26f48965846f37ba5fec8c23,Localization Stability,TF,Jump Angular,0,688.3
e2ecd6fe26f48965846f37ba5fec8c23,Localization Stability,TF,Jump Linear,0,688.3
e2ecd6fe26f48965846f37ba5fec8c23,Input Validity,Lidar,Lidar Rate,10,687.39
e2ecd6fe26f48965846f37ba5fec8c23,Input Validity,Odometry,Odometry Rate,50,687.39
e2ecd6fe26f48965846f37ba5fec8c23,Input Validity,TF,TF Rate,10,687.39
e2ecd6fe26f48965846f37ba5fec8c23,Localization Quality,AMCLPose,CovYawYaw,0.00323465,687.4
e2ecd6fe26f48965846f37ba5fec8c23,Localization Quality,AMCLPose,CovYY,0.00316334,687.4
e2ecd6fe26f48965846f37ba5fec8c23,Localization Quality,AMCLPose,CovXX,0.00497656,687.4
e2ecd6fe26f48965846f37ba5fec8c23,Localization Quality,AMCLPose,MeanYaw,-1.03236,687.4
e2ecd6fe26f48965846f37ba5fec8c23,Localization Quality,AMCLPose,MeanY,-0.664289,687.4
e2ecd6fe26f48965846f37ba5fec8c23,Localization Quality,AMCLPose,MeanX,3.00767,687.4
e2ecd6fe26f48965846f37ba5fec8c23,Localization Stability,TF,Jump Angular,0.00480341,688.4
e2ecd6fe26f48965846f37ba5fec8c23,Localization Stability,TF,Jump Linear,0.0798341,688.4
e2ecd6fe26f48965846f37ba5fec8c23,Input Validity,Lidar,Lidar Rate,10,687.49
e2ecd6fe26f48965846f37ba5fec8c23,Input Validity,Odometry,Odometry Rate,50,687.49
e2ecd6fe26f48965846f37ba5fec8c23,Input Validity,TF,TF Rate,10,687.49
e2ecd6fe26f48965846f37ba5fec8c23,Localization Stability,TF,Jump Angular,0,688.5
e2ecd6fe26f48965846f37ba5fec8c23,Localization Stability,TF,Jump Linear,0,688.5
e2ecd6fe26f48965846f37ba5fec8c23,Input Validity,Lidar,Lidar Rate,10,687.59
e2ecd6fe26f48965846f37ba5fec8c23,Input Validity,Odometry,Odometry Rate,50,687.59
e2ecd6fe26f48965846f37ba5fec8c23,Input Validity,TF,TF Rate,10,687.59
e2ecd6fe26f48965846f37ba5fec8c23,Localization Quality,AMCLPose,CovYawYaw,0.00210989,687.6
e2ecd6fe26f48965846f37ba5fec8c23,Localization Quality,AMCLPose,CovYY,0.00274152,687.6
e2ecd6fe26f48965846f37ba5fec8c23,Localization Quality,AMCLPose,CovXX,0.00500624,687.6
e2ecd6fe26f48965846f37ba5fec8c23,Localization Quality,AMCLPose,MeanYaw,-1.09956,687.6
e2ecd6fe26f48965846f37ba5fec8c23,Localization Quality,AMCLPose,MeanY,-0.742203,687.6
e2ecd6fe26f48965846f37ba5fec8c23,Localization Quality,AMCLPose,MeanX,3.04864,687.6
e2ecd6fe26f48965846f37ba5fec8c23,Localization Stability,TF,Jump Angular,0.00111737,688.6
e2ecd6fe26f48965846f37ba5fec8c23,Localization Stability,TF,Jump Linear,0.0177123,688.6
e2ecd6fe26f48965846f37ba5fec8c23,Input Validity,Lidar,Lidar Rate,10,687.69
e2ecd6fe26f48965846f37ba5fec8c23,Input Validity,Odometry,Odometry Rate,50,687.69
e2ecd6fe26f48965846f37ba5fec8c23,Input Validity,TF,TF Rate,10,687.69
e2ecd6fe26f48965846f37ba5fec8c23,Localization Stability,TF,Jump Angular,0,688.7
e2ecd6fe26f48965846f37ba5fec8c23,Localization Stability,TF,Jump Linear,0,688.7
e2ecd6fe26f48965846f37ba5fec8c23,Input Validity,Lidar,Lidar Rate,10,687.79
e2ecd6fe26f48965846f37ba5fec8c23,Input Validity,Odometry,Odometry Rate,50,687.79
e2ecd6fe26f48965846f37ba5fec8c23,Input Validity,TF,TF Rate,10,687.79
e2ecd6fe26f48965846f37ba5fec8c23,Localization Quality,AMCLPose,CovYawYaw,0.00184851,687.8
e2ecd6fe26f48965846f37ba5fec8c23,Localization Quality,AMCLPose,CovYY,0.00284426,687.8
e2ecd6fe26f48965846f37ba5fec8c23,Localization Quality,AMCLPose,CovXX,0.00504291,687.8
e2ecd6fe26f48965846f37ba5fec8c23,Localization Quality,AMCLPose,MeanYaw,-1.15635,687.8
e2ecd6fe26f48965846f37ba5fec8c23,Localization Quality,AMCLPose,MeanY,-0.81933,687.8
e2ecd6fe26f48965846f37ba5fec8c23,Localization Quality,AMCLPose,MeanX,3.08616,687.8
e2ecd6fe26f48965846f37ba5fec8c23,Localization Stability,TF,Jump Angular,0.000856035,688.8
e2ecd6fe26f48965846f37ba5fec8c23,Localization Stability,TF,Jump Linear,0.0165186,688.8
e2ecd6fe26f48965846f37ba5fec8c23,Input Validity,Lidar,Lidar Rate,10,687.89
e2ecd6fe26f48965846f37ba5fec8c23,Input Validity,Odometry,Odometry Rate,50,687.89
e2ecd6fe26f48965846f37ba5fec8c23,Input Validity,TF,TF Rate,10,687.89
e2ecd6fe26f48965846f37ba5fec8c23,Localization Stability,TF,Jump Angular,0,688.9
e2ecd6fe26f48965846f37ba5fec8c23,Localization Stability,TF,Jump Linear,0,688.9
e2ecd6fe26f48965846f37ba5fec8c23,Input Validity,Lidar,Lidar Rate,10,687.99
e2ecd6fe26f48965846f37ba5fec8c23,Input Validity,Odometry,Odometry Rate,50,687.99
e2ecd6fe26f48965846f37ba5fec8c23,Input Validity,TF,TF Rate,10,687.99
e2ecd6fe26f48965846f37ba5fec8c23,Localization Stability,TF,Jump Angular,0,689
e2ecd6fe26f48965846f37ba5fec8c23,Localization Stability,TF,Jump Linear,0,689
e2ecd6fe26f48965846f37ba5fec8c23,Input Validity,Lidar,Lidar Rate,10,688.09
e2ecd6fe26f48965846f37ba5fec8c23,Input Validity,Odometry,Odometry Rate,50,688.09
e2ecd6fe26f48965846f37ba5fec8c23,Input Validity,TF,TF Rate,10,688.09
e2ecd6fe26f48965846f37ba5fec8c23,Input Validity,Lidar,Lidar Rate,10,688.19
e2ecd6fe26f48965846f37ba5fec8c23,Input Validity,Odometry,Odometry Rate,50,688.19
e2ecd6fe26f48965846f37ba5fec8c23,Input Validity,TF,TF Rate,10,688.19
e2ecd6fe26f48965846f37ba5fec8c23,Localization Quality,AMCLPose,CovYawYaw,0.00234016,688.1
e2ecd6fe26f48965846f37ba5fec8c23,Localization Quality,AMCLPose,CovYY,0.00334358,688.1
e2ecd6fe26f48965846f37ba5fec8c23,Localization Quality,AMCLPose,CovXX,0.00436826,688.1
e2ecd6fe26f48965846f37ba5fec8c23,Localization Quality,AMCLPose,MeanYaw,-1.23086,688.1
e2ecd6fe26f48965846f37ba5fec8c23,Localization Quality,AMCLPose,MeanY,-0.944067,688.1
e2ecd6fe26f48965846f37ba5fec8c23,Localization Quality,AMCLPose,MeanX,3.13699,688.1
e2ecd6fe26f48965846f37ba5fec8c23,Localization Stability,TF,Jump Angular,-0.00315987,689.1
e2ecd6fe26f48965846f37ba5fec8c23,Localization Stability,TF,Jump Linear,0.0523743,689.1
e2ecd6fe26f48965846f37ba5fec8c23,Localization Stability,TF,Jump Angular,0,689.2
e2ecd6fe26f48965846f37ba5fec8c23,Localization Stability,TF,Jump Linear,0,689.2
e2ecd6fe26f48965846f37ba5fec8c23,Input Validity,Lidar,Lidar Rate,10,688.29
e2ecd6fe26f48965846f37ba5fec8c23,Input Validity,Odometry,Odometry Rate,50,688.29
e2ecd6fe26f48965846f37ba5fec8c23,Input Validity,TF,TF Rate,10,688.29
e2ecd6fe26f48965846f37ba5fec8c23,Localization Stability,TF,Jump Angular,0,689.3
e2ecd6fe26f48965846f37ba5fec8c23,Localization Stability,TF,Jump Linear,0,689.3
e2ecd6fe26f48965846f37ba5fec8c23,Input Validity,Lidar,Lidar Rate,10,688.39
e2ecd6fe26f48965846f37ba5fec8c23,Input Validity,Odometry,Odometry Rate,50,688.39
e2ecd6fe26f48965846f37ba5fec8c23,Input Validity,TF,TF Rate,10,688.39
e2ecd6fe26f48965846f37ba5fec8c23,Input Validity,Lidar,Lidar Rate,10,688.49
e2ecd6fe26f48965846f37ba5fec8c23,Input Validity,Odometry,Odometry Rate,50,688.49
e2ecd6fe26f48965846f37ba5fec8c23,Input Validity,TF,TF Rate,10,688.49
e2ecd6fe26f48965846f37ba5fec8c23,Localization Quality,AMCLPose,CovYawYaw,0.0027402,688.4
e2ecd6fe26f48965846f37ba5fec8c23,Localization Quality,AMCLPose,CovYY,0.00416783,688.4
e2ecd6fe26f48965846f37ba5fec8c23,Localization Quality,AMCLPose,CovXX,0.0039278,688.4
e2ecd6fe26f48965846f37ba5fec8c23,Localization Quality,AMCLPose,MeanYaw,-1.29432,688.4
e2ecd6fe26f48965846f37ba5fec8c23,Localization Quality,AMCLPose,MeanY,-1.0726,688.4
e2ecd6fe26f48965846f37ba5fec8c23,Localization Quality,AMCLPose,MeanX,3.17652,688.4
e2ecd6fe26f48965846f37ba5fec8c23,Localization Stability,TF,Jump Angular,-0.00324139,689.4
e2ecd6fe26f48965846f37ba5fec8c23,Localization Stability,TF,Jump Linear,0.0559112,689.4
e2ecd6fe26f48965846f37ba5fec8c23,Localization Stability,TF,Jump Angular,0,689.5
e2ecd6fe26f48965846f37ba5fec8c23,Localization Stability,TF,Jump Linear,0,689.5
e2ecd6fe26f48965846f37ba5fec8c23,Input Validity,Lidar,Lidar Rate,10,688.59
e2ecd6fe26f48965846f37ba5fec8c23,Input Validity,Odometry,Odometry Rate,50,688.59
e2ecd6fe26f48965846f37ba5fec8c23,Input Validity,TF,TF Rate,10,688.59
e2ecd6fe26f48965846f37ba5fec8c23,Localization Stability,TF,Jump Angular,0,689.6
e2ecd6fe26f48965846f37ba5fec8c23,Localization Stability,TF,Jump Linear,0,689.6
e2ecd6fe26f48965846f37ba5fec8c23,Input Validity,Lidar,Lidar Rate,10,688.69
e2ecd6fe26f48965846f37ba5fec8c23,Input Validity,Odometry,Odometry Rate,50,688.69
e2ecd6fe26f48965846f37ba5fec8c23,Input Validity,TF,TF Rate,10,688.69
e2ecd6fe26f48965846f37ba5fec8c23,Input Validity,Lidar,Lidar Rate,10,688.78
e2ecd6fe26f48965846f37ba5fec8c23,Input Validity,Odometry,Odometry Rate,50,688.78
e2ecd6fe26f48965846f37ba5fec8c23,Input Validity,TF,TF Rate,10,688.78
e2ecd6fe26f48965846f37ba5fec8c23,Localization Quality,AMCLPose,CovYawYaw,0.0030799,688.7
e2ecd6fe26f48965846f37ba5fec8c23,Localization Quality,AMCLPose,CovYY,0.00486728,688.7
e2ecd6fe26f48965846f37ba5fec8c23,Localization Quality,AMCLPose,CovXX,0.00340951,688.7
e2ecd6fe26f48965846f37ba5fec8c23,Localization Quality,AMCLPose,MeanYaw,-1.35121,688.7
e2ecd6fe26f48965846f37ba5fec8c23,Localization Quality,AMCLPose,MeanY,-1.20403,688.7
e2ecd6fe26f48965846f37ba5fec8c23,Localization Quality,AMCLPose,MeanX,3.20743,688.7
e2ecd6fe26f48965846f37ba5fec8c23,Localization Stability,TF,Jump Angular,-0.00434489,689.7
e2ecd6fe26f48965846f37ba5fec8c23,Localization Stability,TF,Jump Linear,0.0750627,689.7
e2ecd6fe26f48965846f37ba5fec8c23,Localization Stability,TF,Jump Angular,0,689.8
e2ecd6fe26f48965846f37ba5fec8c23,Localization Stability,TF,Jump Linear,0,689.8
e2ecd6fe26f48965846f37ba5fec8c23,Input Validity,Lidar,Lidar Rate,10,688.88
e2ecd6fe26f48965846f37ba5fec8c23,Input Validity,Odometry,Odometry Rate,50,688.88
e2ecd6fe26f48965846f37ba5fec8c23,Input Validity,TF,TF Rate,10,688.88
e2ecd6fe26f48965846f37ba5fec8c23,Localization Stability,TF,Jump Angular,0,689.9
e2ecd6fe26f48965846f37ba5fec8c23,Localization Stability,TF,Jump Linear,0,689.9
e2ecd6fe26f48965846f37ba5fec8c23,Input Validity,Lidar,Lidar Rate,10,688.98
e2ecd6fe26f48965846f37ba5fec8c23,Input Validity,Odometry,Odometry Rate,50,688.98
e2ecd6fe26f48965846f37ba5fec8c23,Input Validity,TF,TF Rate,10,688.98
e2ecd6fe26f48965846f37ba5fec8c23,Input Validity,Lidar,Lidar Rate,10,689.08
e2ecd6fe26f48965846f37ba5fec8c23,Input Validity,Odometry,Odometry Rate,50,689.08
e2ecd6fe26f48965846f37ba5fec8c23,Input Validity,TF,TF Rate,10,689.08
e2ecd6fe26f48965846f37ba5fec8c23,Localization Quality,AMCLPose,CovYawYaw,0.0030601,689
e2ecd6fe26f48965846f37ba5fec8c23,Localization Quality,AMCLPose,CovYY,0.00524212,689
e2ecd6fe26f48965846f37ba5fec8c23,Localization Quality,AMCLPose,CovXX,0.00309784,689
e2ecd6fe26f48965846f37ba5fec8c23,Localization Quality,AMCLPose,MeanYaw,-1.39431,689
e2ecd6fe26f48965846f37ba5fec8c23,Localization Quality,AMCLPose,MeanY,-1.33809,689
e2ecd6fe26f48965846f37ba5fec8c23,Localization Quality,AMCLPose,MeanX,3.23505,689
e2ecd6fe26f48965846f37ba5fec8c23,Localization Stability,TF,Jump Angular,0.000280306,690
e2ecd6fe26f48965846f37ba5fec8c23,Localization Stability,TF,Jump Linear,0.0052468,690
e2ecd6fe26f48965846f37ba5fec8c23,Localization Stability,TF,Jump Angular,0,690.1
e2ecd6fe26f48965846f37ba5fec8c23,Localization Stability,TF,Jump Linear,0,690.1
e2ecd6fe26f48965846f37ba5fec8c23,Input Validity,Lidar,Lidar Rate,10,689.18
e2ecd6fe26f48965846f37ba5fec8c23,Input Validity,Odometry,Odometry Rate,50,689.18
e2ecd6fe26f48965846f37ba5fec8c23,Input Validity,TF,TF Rate,10,689.18
e2ecd6fe26f48965846f37ba5fec8c23,Localization Stability,TF,Jump Angular,0,690.2
e2ecd6fe26f48965846f37ba5fec8c23,Localization Stability,TF,Jump Linear,0,690.2
e2ecd6fe26f48965846f37ba5fec8c23,Input Validity,Lidar,Lidar Rate,10,689.28
e2ecd6fe26f48965846f37ba5fec8c23,Input Validity,Odometry,Odometry Rate,50,689.28
e2ecd6fe26f48965846f37ba5fec8c23,Input Validity,TF,TF Rate,10,689.28
e2ecd6fe26f48965846f37ba5fec8c23,Input Validity,Lidar,Lidar Rate,10,689.38
e2ecd6fe26f48965846f37ba5fec8c23,Input Validity,Odometry,Odometry Rate,50,689.38
e2ecd6fe26f48965846f37ba5fec8c23,Input Validity,TF,TF Rate,10,689.38
e2ecd6fe26f48965846f37ba5fec8c23,Localization Quality,AMCLPose,CovYawYaw,0.00318927,689.3
e2ecd6fe26f48965846f37ba5fec8c23,Localization Quality,AMCLPose,CovYY,0.00562707,689.3
e2ecd6fe26f48965846f37ba5fec8c23,Localization Quality,AMCLPose,CovXX,0.0028647,689.3
e2ecd6fe26f48965846f37ba5fec8c23,Localization Quality,AMCLPose,MeanYaw,-1.42265,689.3
e2ecd6fe26f48965846f37ba5fec8c23,Localization Quality,AMCLPose,MeanY,-1.47448,689.3
e2ecd6fe26f48965846f37ba5fec8c23,Localization Quality,AMCLPose,MeanX,3.25732,689.3
e2ecd6fe26f48965846f37ba5fec8c23,Localization Stability,TF,Jump Angular,0.000161959,690.3
e2ecd6fe26f48965846f37ba5fec8c23,Localization Stability,TF,Jump Linear,0.00346697,690.3
e2ecd6fe26f48965846f37ba5fec8c23,Localization Stability,TF,Jump Angular,0,690.4
e2ecd6fe26f48965846f37ba5fec8c23,Localization Stability,TF,Jump Linear,0,690.4
e2ecd6fe26f48965846f37ba5fec8c23,Input Validity,Lidar,Lidar Rate,10,689.48
e2ecd6fe26f48965846f37ba5fec8c23,Input Validity,Odometry,Odometry Rate,50,689.48
e2ecd6fe26f48965846f37ba5fec8c23,Input Validity,TF,TF Rate,10,689.48
e2ecd6fe26f48965846f37ba5fec8c23,Localization Stability,TF,Jump Angular,0,690.5
e2ecd6fe26f48965846f37ba5fec8c23,Localization Stability,TF,Jump Linear,0,690.5
e2ecd6fe26f48965846f37ba5fec8c23,Input Validity,Lidar,Lidar Rate,10,689.58
e2ecd6fe26f48965846f37ba5fec8c23,Input Validity,Odometry,Odometry Rate,50,689.58
e2ecd6fe26f48965846f37ba5fec8c23,Input Validity,TF,TF Rate,10,689.58
e2ecd6fe26f48965846f37ba5fec8c23,Input Validity,Lidar,Lidar Rate,10,689.68
e2ecd6fe26f48965846f37ba5fec8c23,Input Validity,Odometry,Odometry Rate,50,689.68
e2ecd6fe26f48965846f37ba5fec8c23,Input Validity,TF,TF Rate,10,689.68
e2ecd6fe26f48965846f37ba5fec8c23,Localization Quality,AMCLPose,CovYawYaw,0.00321805,689.6
e2ecd6fe26f48965846f37ba5fec8c23,Localization Quality,AMCLPose,CovYY,0.00566847,689.6
e2ecd6fe26f48965846f37ba5fec8c23,Localization Quality,AMCLPose,CovXX,0.0025943,689.6
e2ecd6fe26f48965846f37ba5fec8c23,Localization Quality,AMCLPose,MeanYaw,-1.42582,689.6
e2ecd6fe26f48965846f37ba5fec8c23,Localization Quality,AMCLPose,MeanY,-1.60695,689.6
e2ecd6fe26f48965846f37ba5fec8c23,Localization Quality,AMCLPose,MeanX,3.27603,689.6
e2ecd6fe26f48965846f37ba5fec8c23,Localization Stability,TF,Jump Angular,-0.00251571,690.6
e2ecd6fe26f48965846f37ba5fec8c23,Localization Stability,TF,Jump Linear,0.0411824,690.6
e2ecd6fe26f48965846f37ba5fec8c23,Localization Stability,TF,Jump Angular,0,690.7
e2ecd6fe26f48965846f37ba5fec8c23,Localization Stability,TF,Jump Linear,0,690.7
e2ecd6fe26f48965846f37ba5fec8c23,Input Validity,Lidar,Lidar Rate,10,689.78
e2ecd6fe26f48965846f37ba5fec8c23,Input Validity,Odometry,Odometry Rate,50,689.78
e2ecd6fe26f48965846f37ba5fec8c23,Input Validity,TF,TF Rate,10,689.78
e2ecd6fe26f48965846f37ba5fec8c23,Localization Stability,TF,Jump Angular,0,690.8
e2ecd6fe26f48965846f37ba5fec8c23,Localization Stability,TF,Jump Linear,0,690.8
e2ecd6fe26f48965846f37ba5fec8c23,Input Validity,Lidar,Lidar Rate,10,689.88
e2ecd6fe26f48965846f37ba5fec8c23,Input Validity,Odometry,Odometry Rate,50,689.88
e2ecd6fe26f48965846f37ba5fec8c23,Input Validity,TF,TF Rate,10,689.88
e2ecd6fe26f48965846f37ba5fec8c23,Input Validity,Lidar,Lidar Rate,10,689.98
e2ecd6fe26f48965846f37ba5fec8c23,Input Validity,Odometry,Odometry Rate,50,689.98
e2ecd6fe26f48965846f37ba5fec8c23,Input Validity,TF,TF Rate,10,689.98
e2ecd6fe26f48965846f37ba5fec8c23,Localization Quality,AMCLPose,CovYawYaw,0.00338398,689.9
e2ecd6fe26f48965846f37ba5fec8c23,Localization Quality,AMCLPose,CovYY,0.00601232,689.9
e2ecd6fe26f48965846f37ba5fec8c23,Localization Quality,AMCLPose,CovXX,0.00254283,689.9
e2ecd6fe26f48965846f37ba5fec8c23,Localization Quality,AMCLPose,MeanYaw,-1.36919,689.9
e2ecd6fe26f48965846f37ba5fec8c23,Localization Quality,AMCLPose,MeanY,-1.74016,689.9
e2ecd6fe26f48965846f37ba5fec8c23,Localization Quality,AMCLPose,MeanX,3.29945,689.9
e2ecd6fe26f48965846f37ba5fec8c23,Localization Stability,TF,Jump Angular,0.000115957,690.9
e2ecd6fe26f48965846f37ba5fec8c23,Localization Stability,TF,Jump Linear,0.0026673,690.9
e2ecd6fe26f48965846f37ba5fec8c23,Localization Stability,TF,Jump Angular,0,691
e2ecd6fe26f48965846f37ba5fec8c23,Localization Stability,TF,Jump Linear,0,691
e2ecd6fe26f48965846f37ba5fec8c23,Input Validity,Lidar,Lidar Rate,10,690.08
e2ecd6fe26f48965846f37ba5fec8c23,Input Validity,Odometry,Odometry Rate,50,690.08
e2ecd6fe26f48965846f37ba5fec8c23,Input Validity,TF,TF Rate,10,690.08
e2ecd6fe26f48965846f37ba5fec8c23,Input Validity,Lidar,Lidar Rate,10,690.18
e2ecd6fe26f48965846f37ba5fec8c23,Input Validity,Odometry,Odometry Rate,50,690.18
e2ecd6fe26f48965846f37ba5fec8c23,Input Validity,TF,TF Rate,10,690.18
e2ecd6fe26f48965846f37ba5fec8c23,Localization Quality,AMCLPose,CovYawYaw,0.00256241,690.1
e2ecd6fe26f48965846f37ba5fec8c23,Localization Quality,AMCLPose,CovYY,0.00591226,690.1
e2ecd6fe26f48965846f37ba5fec8c23,Localization Quality,AMCLPose,CovXX,0.00233752,690.1
e2ecd6fe26f48965846f37ba5fec8c23,Localization Quality,AMCLPose,MeanYaw,-1.31238,690.1
e2ecd6fe26f48965846f37ba5fec8c23,Localization Quality,AMCLPose,MeanY,-1.82451,690.1
e2ecd6fe26f48965846f37ba5fec8c23,Localization Quality,AMCLPose,MeanX,3.31931,690.1
e2ecd6fe26f48965846f37ba5fec8c23,Localization Stability,TF,Jump Angular,0.00209694,691.1
e2ecd6fe26f48965846f37ba5fec8c23,Localization Stability,TF,Jump Linear,0.034883,691.1
e2ecd6fe26f48965846f37ba5fec8c23,Localization Stability,TF,Jump Angular,0,691.2
e2ecd6fe26f48965846f37ba5fec8c23,Localization Stability,TF,Jump Linear,0,691.2
e2ecd6fe26f48965846f37ba5fec8c23,Input Validity,Lidar,Lidar Rate,10,690.28
e2ecd6fe26f48965846f37ba5fec8c23,Input Validity,Odometry,Odometry Rate,50,690.28
e2ecd6fe26f48965846f37ba5fec8c23,Input Validity,TF,TF Rate,10,690.28
e2ecd6fe26f48965846f37ba5fec8c23,Localization Stability,TF,Jump Angular,0,691.3
e2ecd6fe26f48965846f37ba5fec8c23,Localization Stability,TF,Jump Linear,0,691.3
e2ecd6fe26f48965846f37ba5fec8c23,Input Validity,Lidar,Lidar Rate,10,690.38
e2ecd6fe26f48965846f37ba5fec8c23,Input Validity,Odometry,Odometry Rate,50,690.38
e2ecd6fe26f48965846f37ba5fec8c23,Input Validity,TF,TF Rate,10,690.38
e2ecd6fe26f48965846f37ba5fec8c23,Input Validity,Lidar,Lidar Rate,10,690.47
e2ecd6fe26f48965846f37ba5fec8c23,Input Validity,Odometry,Odometry Rate,50,690.47
e2ecd6fe26f48965846f37ba5fec8c23,Input Validity,TF,TF Rate,10,690.47
e2ecd6fe26f48965846f37ba5fec8c23,Localization Quality,AMCLPose,CovYawYaw,0.0024424,690.4
e2ecd6fe26f48965846f37ba5fec8c23,Localization Quality,AMCLPose,CovYY,0.00582607,690.4
e2ecd6fe26f48965846f37ba5fec8c23,Localization Quality,AMCLPose,CovXX,0.00224829,690.4
e2ecd6fe26f48965846f37ba5fec8c23,Localization Quality,AMCLPose,MeanYaw,-1.24513,690.4
e2ecd6fe26f48965846f37ba5fec8c23,Localization Quality,AMCLPose,MeanY,-1.92712,690.4
e2ecd6fe26f48965846f37ba5fec8c23,Localization Quality,AMCLPose,MeanX,3.34953,690.4
e2ecd6fe26f48965846f37ba5fec8c23,Localization Stability,TF,Jump Angular,2.863e-05,691.4
e2ecd6fe26f48965846f37ba5fec8c23,Localization Stability,TF,Jump Linear,0.000917519,691.4
e2ecd6fe26f48965846f37ba5fec8c23,Localization Stability,TF,Jump Angular,0,691.5
e2ecd6fe26f48965846f37ba5fec8c23,Localization Stability,TF,Jump Linear,0,691.5
e2ecd6fe26f48965846f37ba5fec8c23,Input Validity,Lidar,Lidar Rate,10,690.57
e2ecd6fe26f48965846f37ba5fec8c23,Input Validity,Odometry,Odometry Rate,50,690.57
e2ecd6fe26f48965846f37ba5fec8c23,Input Validity,TF,TF Rate,10,690.57
e2ecd6fe26f48965846f37ba5fec8c23,Localization Stability,TF,Jump Angular,0,691.6
e2ecd6fe26f48965846f37ba5fec8c23,Localization Stability,TF,Jump Linear,0,691.6
e2ecd6fe26f48965846f37ba5fec8c23,Input Validity,Lidar,Lidar Rate,10,690.67
e2ecd6fe26f48965846f37ba5fec8c23,Input Validity,Odometry,Odometry Rate,50,690.67
e2ecd6fe26f48965846f37ba5fec8c23,Input Validity,TF,TF Rate,10,690.67
e2ecd6fe26f48965846f37ba5fec8c23,Input Validity,Lidar,Lidar Rate,10,690.77
e2ecd6fe26f48965846f37ba5fec8c23,Input Validity,Odometry,Odometry Rate,50,690.77
e2ecd6fe26f48965846f37ba5fec8c23,Input Validity,TF,TF Rate,10,690.77
e2ecd6fe26f48965846f37ba5fec8c23,Localization Quality,AMCLPose,CovYawYaw,0.00186853,690.7
e2ecd6fe26f48965846f37ba5fec8c23,Localization Quality,AMCLPose,CovYY,0.00515593,690.7
e2ecd6fe26f48965846f37ba5fec8c23,Localization Quality,AMCLPose,CovXX,0.00219227,690.7
e2ecd6fe26f48965846f37ba5fec8c23,Localization Quality,AMCLPose,MeanYaw,-1.18336,690.7
e2ecd6fe26f48965846f37ba5fec8c23,Localization Quality,AMCLPose,MeanY,-2.00999,690.7
e2ecd6fe26f48965846f37ba5fec8c23,Localization Quality,AMCLPose,MeanX,3.38305,690.7
e2ecd6fe26f48965846f37ba5fec8c23,Localization Stability,TF,Jump Angular,0.00424219,691.7
e2ecd6fe26f48965846f37ba5fec8c23,Localization Stability,TF,Jump Linear,0.0703428,691.7
e2ecd6fe26f48965846f37ba5fec8c23,Localization Stability,TF,Jump Angular,0,691.8
e2ecd6fe26f48965846f37ba5fec8c23,Localization Stability,TF,Jump Linear,0,691.8
e2ecd6fe26f48965846f37ba5fec8c23,Input Validity,Lidar,Lidar Rate,10,690.87
e2ecd6fe26f48965846f37ba5fec8c23,Input Validity,Odometry,Odometry Rate,50,690.87
e2ecd6fe26f48965846f37ba5fec8c23,Input Validity,TF,TF Rate,10,690.87
e2ecd6fe26f48965846f37ba5fec8c23,Input Validity,Lidar,Lidar Rate,10,690.97
e2ecd6fe26f48965846f37ba5fec8c23,Input Validity,Odometry,Odometry Rate,50,690.97
e2ecd6fe26f48965846f37ba5fec8c23,Input Validity,TF,TF Rate,10,690.97
e2ecd6fe26f48965846f37ba5fec8c23,Localization Stability,TF,Jump Angular,0,691.9
e2ecd6fe26f48965846f37ba5fec8c23,Localization Stability,TF,Jump Linear,0,691.9
e2ecd6fe26f48965846f37ba5fec8c23,Localization Stability,TF,Jump Angular,0,692
e2ecd6fe26f48965846f37ba5fec8c23,Localization Stability,TF,Jump Linear,0,692
e2ecd6fe26f48965846f37ba5fec8c23,Input Validity,Lidar,Lidar Rate,10,691.07
e2ecd6fe26f48965846f37ba5fec8c23,Input Validity,Odometry,Odometry Rate,50,691.07
e2ecd6fe26f48965846f37ba5fec8c23,Input Validity,TF,TF Rate,10,691.07
e2ecd6fe26f48965846f37ba5fec8c23,Input Validity,Lidar,Lidar Rate,10,691.17
e2ecd6fe26f48965846f37ba5fec8c23,Input Validity,Odometry,Odometry Rate,50,691.17
e2ecd6fe26f48965846f37ba5fec8c23,Input Validity,TF,TF Rate,10,691.17
e2ecd6fe26f48965846f37ba5fec8c23,Localization Quality,AMCLPose,CovYawYaw,0.00182253,691.1
e2ecd6fe26f48965846f37ba5fec8c23,Localization Quality,AMCLPose,CovYY,0.00477122,691.1
e2ecd6fe26f48965846f37ba5fec8c23,Localization Quality,AMCLPose,CovXX,0.00214362,691.1
e2ecd6fe26f48965846f37ba5fec8c23,Localization Quality,AMCLPose,MeanYaw,-1.11811,691.1
e2ecd6fe26f48965846f37ba5fec8c23,Localization Quality,AMCLPose,MeanY,-2.10009,691.1
e2ecd6fe26f48965846f37ba5fec8c23,Localization Quality,AMCLPose,MeanX,3.42433,691.1
e2ecd6fe26f48965846f37ba5fec8c23,Localization Stability,TF,Jump Angular,0.00171141,692.1
e2ecd6fe26f48965846f37ba5fec8c23,Localization Stability,TF,Jump Linear,0.0280361,692.1
e2ecd6fe26f48965846f37ba5fec8c23,Localization Stability,TF,Jump Angular,0,692.2
e2ecd6fe26f48965846f37ba5fec8c23,Localization Stability,TF,Jump Linear,0,692.2
e2ecd6fe26f48965846f37ba5fec8c23,Input Validity,Lidar,Lidar Rate,10,691.27
e2ecd6fe26f48965846f37ba5fec8c23,Input Validity,Odometry,Odometry Rate,50,691.27
e2ecd6fe26f48965846f37ba5fec8c23,Input Validity,TF,TF Rate,10,691.27
e2ecd6fe26f48965846f37ba5fec8c23,Input Validity,Lidar,Lidar Rate,10,691.37
e2ecd6fe26f48965846f37ba5fec8c23,Input Validity,Odometry,Odometry Rate,50,691.37
e2ecd6fe26f48965846f37ba5fec8c23,Input Validity,TF,TF Rate,10,691.37
e2ecd6fe26f48965846f37ba5fec8c23,Localization Stability,TF,Jump Angular,0,692.3
e2ecd6fe26f48965846f37ba5fec8c23,Localization Stability,TF,Jump Linear,0,692.3
e2ecd6fe26f48965846f37ba5fec8c23,Localization Stability,TF,Jump Angular,0,692.4
e2ecd6fe26f48965846f37ba5fec8c23,Localization Stability,TF,Jump Linear,0,692.4
e2ecd6fe26f48965846f37ba5fec8c23,Input Validity,Lidar,Lidar Rate,10,691.47
e2ecd6fe26f48965846f37ba5fec8c23,Input Validity,Odometry,Odometry Rate,50,691.47
e2ecd6fe26f48965846f37ba5fec8c23,Input Validity,TF,TF Rate,10,691.47
e2ecd6fe26f48965846f37ba5fec8c23,Localization Stability,TF,Jump Angular,0,692.5
e2ecd6fe26f48965846f37ba5fec8c23,Localization Stability,TF,Jump Linear,0,692.5
e2ecd6fe26f48965846f37ba5fec8c23,Input Validity,Lidar,Lidar Rate,10,691.57
e2ecd6fe26f48965846f37ba5fec8c23,Input Validity,Odometry,Odometry Rate,50,691.57
e2ecd6fe26f48965846f37ba5fec8c23,Input Validity,TF,TF Rate,10,691.57
e2ecd6fe26f48965846f37ba5fec8c23,Input Validity,Lidar,Lidar Rate,10,691.67
e2ecd6fe26f48965846f37ba5fec8c23,Input Validity,Odometry,Odometry Rate,50,691.67
e2ecd6fe26f48965846f37ba5fec8c23,Input Validity,TF,TF Rate,10,691.67
e2ecd6fe26f48965846f37ba5fec8c23,Localization Quality,AMCLPose,CovYawYaw,0.0018005,691.6
e2ecd6fe26f48965846f37ba5fec8c23,Localization Quality,AMCLPose,CovYY,0.00447652,691.6
e2ecd6fe26f48965846f37ba5fec8c23,Localization Quality,AMCLPose,CovXX,0.0021767,691.6
e2ecd6fe26f48965846f37ba5fec8c23,Localization Quality,AMCLPose,MeanYaw,-1.05652,691.6
e2ecd6fe26f48965846f37ba5fec8c23,Localization Quality,AMCLPose,MeanY,-2.18596,691.6
e2ecd6fe26f48965846f37ba5fec8c23,Localization Quality,AMCLPose,MeanX,3.47081,691.6
e2ecd6fe26f48965846f37ba5fec8c23,Localization Stability,TF,Jump Angular,0.00321798,692.6
e2ecd6fe26f48965846f37ba5fec8c23,Localization Stability,TF,Jump Linear,0.0519705,692.6
e2ecd6fe26f48965846f37ba5fec8c23,Localization Stability,TF,Jump Angular,0,692.7
e2ecd6fe26f48965846f37ba5fec8c23,Localization Stability,TF,Jump Linear,0,692.7
e2ecd6fe26f48965846f37ba5fec8c23,Input Validity,Lidar,Lidar Rate,10,691.77
e2ecd6fe26f48965846f37ba5fec8c23,Input Validity,Odometry,Odometry Rate,50,691.77
e2ecd6fe26f48965846f37ba5fec8c23,Input Validity,TF,TF Rate,10,691.77
e2ecd6fe26f48965846f37ba5fec8c23,Input Validity,Lidar,Lidar Rate,10,691.86
e2ecd6fe26f48965846f37ba5fec8c23,Input Validity,Odometry,Odometry Rate,50,691.86
e2ecd6fe26f48965846f37ba5fec8c23,Input Validity,TF,TF Rate,10,691.86
e2ecd6fe26f48965846f37ba5fec8c23,Localization Stability,TF,Jump Angular,0,692.8
e2ecd6fe26f48965846f37ba5fec8c23,Localization Stability,TF,Jump Linear,0,692.8
e2ecd6fe26f48965846f37ba5fec8c23,Input Validity,Lidar,Lidar Rate,10,691.96
e2ecd6fe26f48965846f37ba5fec8c23,Input Validity,Odometry,Odometry Rate,50,691.96
e2ecd6fe26f48965846f37ba5fec8c23,Input Validity,TF,TF Rate,10,691.96
e2ecd6fe26f48965846f37ba5fec8c23,Localization Stability,TF,Jump Angular,0,692.9
e2ecd6fe26f48965846f37ba5fec8c23,Localization Stability,TF,Jump Linear,0,692.9
e2ecd6fe26f48965846f37ba5fec8c23,Input Validity,Lidar,Lidar Rate,10,692.04
e2ecd6fe26f48965846f37ba5fec8c23,Input Validity,Odometry,Odometry Rate,50,692.04
e2ecd6fe26f48965846f37ba5fec8c23,Input Validity,TF,TF Rate,10,692.04
e2ecd6fe26f48965846f37ba5fec8c23,Localization Stability,TF,Jump Angular,0,693
e2ecd6fe26f48965846f37ba5fec8c23,Localization Stability,TF,Jump Linear,0,693
e2ecd6fe26f48965846f37ba5fec8c23,Input Validity,Lidar,Lidar Rate,10,692.14
e2ecd6fe26f48965846f37ba5fec8c23,Input Validity,Odometry,Odometry Rate,50,692.14
e2ecd6fe26f48965846f37ba5fec8c23,Input Validity,TF,TF Rate,10,692.14
e2ecd6fe26f48965846f37ba5fec8c23,Localization Stability,TF,Jump Angular,0,693.1
e2ecd6fe26f48965846f37ba5fec8c23,Localization Stability,TF,Jump Linear,0,693.1
e2ecd6fe26f48965846f37ba5fec8c23,Input Validity,Lidar,Lidar Rate,10,692.24
e2ecd6fe26f48965846f37ba5fec8c23,Input Validity,Odometry,Odometry Rate,50,692.24
e2ecd6fe26f48965846f37ba5fec8c23,Input Validity,TF,TF Rate,10,692.24
e2ecd6fe26f48965846f37ba5fec8c23,Localization Stability,TF,Jump Angular,0,693.2
e2ecd6fe26f48965846f37ba5fec8c23,Localization Stability,TF,Jump Linear,0,693.2
e2ecd6fe26f48965846f37ba5fec8c23,Input Validity,Lidar,Lidar Rate,10,692.34
e2ecd6fe26f48965846f37ba5fec8c23,Input Validity,Odometry,Odometry Rate,50,692.34
e2ecd6fe26f48965846f37ba5fec8c23,Input Validity,TF,TF Rate,10,692.34
e2ecd6fe26f48965846f37ba5fec8c23,Localization Stability,TF,Jump Angular,0,693.3
e2ecd6fe26f48965846f37ba5fec8c23,Localization Stability,TF,Jump Linear,0,693.3
e2ecd6fe26f48965846f37ba5fec8c23,Input Validity,Lidar,Lidar Rate,10,692.44
e2ecd6fe26f48965846f37ba5fec8c23,Input Validity,Odometry,Odometry Rate,50,692.44
e2ecd6fe26f48965846f37ba5fec8c23,Input Validity,TF,TF Rate,10,692.44
e2ecd6fe26f48965846f37ba5fec8c23,Localization Quality,AMCLPose,CovYawYaw,0.00199234,692.4
e2ecd6fe26f48965846f37ba5fec8c23,Localization Quality,AMCLPose,CovYY,0.00458938,692.4
e2ecd6fe26f48965846f37ba5fec8c23,Localization Quality,AMCLPose,CovXX,0.00217797,692.4
e2ecd6fe26f48965846f37ba5fec8c23,Localization Quality,AMCLPose,MeanYaw,-1.00769,692.4
e2ecd6fe26f48965846f37ba5fec8c23,Localization Quality,AMCLPose,MeanY,-2.27743,692.4
e2ecd6fe26f48965846f37ba5fec8c23,Localization Quality,AMCLPose,MeanX,3.52571,692.4
e2ecd6fe26f48965846f37ba5fec8c23,Localization Stability,TF,Jump Angular,-0.00217273,693.4
e2ecd6fe26f48965846f37ba5fec8c23,Localization Stability,TF,Jump Linear,0.0340888,693.4
e2ecd6fe26f48965846f37ba5fec8c23,Input Validity,Lidar,Lidar Rate,10,692.54
e2ecd6fe26f48965846f37ba5fec8c23,Input Validity,Odometry,Odometry Rate,50,692.54
e2ecd6fe26f48965846f37ba5fec8c23,Input Validity,TF,TF Rate,10,692.54
e2ecd6fe26f48965846f37ba5fec8c23,Localization Stability,TF,Jump Angular,0,693.5
e2ecd6fe26f48965846f37ba5fec8c23,Localization Stability,TF,Jump Linear,0,693.5
e2ecd6fe26f48965846f37ba5fec8c23,Input Validity,Lidar,Lidar Rate,10,692.64
e2ecd6fe26f48965846f37ba5fec8c23,Input Validity,Odometry,Odometry Rate,50,692.64
e2ecd6fe26f48965846f37ba5fec8c23,Input Validity,TF,TF Rate,10,692.64
e2ecd6fe26f48965846f37ba5fec8c23,Localization Stability,TF,Jump Angular,0,693.6
e2ecd6fe26f48965846f37ba5fec8c23,Localization Stability,TF,Jump Linear,0,693.6
e2ecd6fe26f48965846f37ba5fec8c23,Input Validity,Lidar,Lidar Rate,10,692.74
e2ecd6fe26f48965846f37ba5fec8c23,Input Validity,Odometry,Odometry Rate,50,692.74
e2ecd6fe26f48965846f37ba5fec8c23,Input Validity,TF,TF Rate,10,692.74
e2ecd6fe26f48965846f37ba5fec8c23,Localization Stability,TF,Jump Angular,0,693.7
e2ecd6fe26f48965846f37ba5fec8c23,Localization Stability,TF,Jump Linear,0,693.7
e2ecd6fe26f48965846f37ba5fec8c23,Input Validity,Lidar,Lidar Rate,10,692.84
e2ecd6fe26f48965846f37ba5fec8c23,Input Validity,Odometry,Odometry Rate,50,692.84
e2ecd6fe26f48965846f37ba5fec8c23,Input Validity,TF,TF Rate,10,692.84
e2ecd6fe26f48965846f37ba5fec8c23,Localization Stability,TF,Jump Angular,0,693.8
e2ecd6fe26f48965846f37ba5fec8c23,Localization Stability,TF,Jump Linear,0,693.8
e2ecd6fe26f48965846f37ba5fec8c23,Input Validity,Lidar,Lidar Rate,10,692.94
e2ecd6fe26f48965846f37ba5fec8c23,Input Validity,Odometry,Odometry Rate,50,692.94
e2ecd6fe26f48965846f37ba5fec8c23,Input Validity,TF,TF Rate,10,692.94
e2ecd6fe26f48965846f37ba5fec8c23,Localization Stability,TF,Jump Angular,0,693.9
e2ecd6fe26f48965846f37ba5fec8c23,Localization Stability,TF,Jump Linear,0,693.9
e2ecd6fe26f48965846f37ba5fec8c23,Input Validity,Lidar,Lidar Rate,10,693.04
e2ecd6fe26f48965846f37ba5fec8c23,Input Validity,Odometry,Odometry Rate,50,693.04
e2ecd6fe26f48965846f37ba5fec8c23,Input Validity,TF,TF Rate,10,693.04
e2ecd6fe26f48965846f37ba5fec8c23,Localization Stability,TF,Jump Angular,0,694
e2ecd6fe26f48965846f37ba5fec8c23,Localization Stability,TF,Jump Linear,0,694
e2ecd6fe26f48965846f37ba5fec8c23,Input Validity,Lidar,Lidar Rate,10,693.13
e2ecd6fe26f48965846f37ba5fec8c23,Input Validity,Odometry,Odometry Rate,50,693.13
e2ecd6fe26f48965846f37ba5fec8c23,Input Validity,TF,TF Rate,10,693.13
e2ecd6fe26f48965846f37ba5fec8c23,Localization Stability,TF,Jump Angular,0,694.1
e2ecd6fe26f48965846f37ba5fec8c23,Localization Stability,TF,Jump Linear,0,694.1
e2ecd6fe26f48965846f37ba5fec8c23,Input Validity,Lidar,Lidar Rate,10,693.23
e2ecd6fe26f48965846f37ba5fec8c23,Input Validity,Odometry,Odometry Rate,50,693.23
e2ecd6fe26f48965846f37ba5fec8c23,Input Validity,TF,TF Rate,10,693.23
e2ecd6fe26f48965846f37ba5fec8c23,Localization Stability,TF,Jump Angular,0,694.2
e2ecd6fe26f48965846f37ba5fec8c23,Localization Stability,TF,Jump Linear,0,694.2
e2ecd6fe26f48965846f37ba5fec8c23,Input Validity,Lidar,Lidar Rate,10,693.31
e2ecd6fe26f48965846f37ba5fec8c23,Input Validity,Odometry,Odometry Rate,50,693.31
e2ecd6fe26f48965846f37ba5fec8c23,Input Validity,TF,TF Rate,10,693.31
e2ecd6fe26f48965846f37ba5fec8c23,Localization Stability,TF,Jump Angular,0,694.3
e2ecd6fe26f48965846f37ba5fec8c23,Localization Stability,TF,Jump Linear,0,694.3
e2ecd6fe26f48965846f37ba5fec8c23,Input Validity,Lidar,Lidar Rate,10,693.41
e2ecd6fe26f48965846f37ba5fec8c23,Input Validity,Odometry,Odometry Rate,50,693.41
e2ecd6fe26f48965846f37ba5fec8c23,Input Validity,TF,TF Rate,10,693.41
e2ecd6fe26f48965846f37ba5fec8c23,Localization Stability,TF,Jump Angular,0,694.4
e2ecd6fe26f48965846f37ba5fec8c23,Localization Stability,TF,Jump Linear,0,694.4
e2ecd6fe26f48965846f37ba5fec8c23,Input Validity,Lidar,Lidar Rate,10,693.51
e2ecd6fe26f48965846f37ba5fec8c23,Input Validity,Odometry,Odometry Rate,50,693.51
e2ecd6fe26f48965846f37ba5fec8c23,Input Validity,TF,TF Rate,10,693.51
e2ecd6fe26f48965846f37ba5fec8c23,Localization Stability,TF,Jump Angular,0,694.5
e2ecd6fe26f48965846f37ba5fec8c23,Localization Stability,TF,Jump Linear,0,694.5
e2ecd6fe26f48965846f37ba5fec8c23,Input Validity,Lidar,Lidar Rate,10,693.61
e2ecd6fe26f48965846f37ba5fec8c23,Input Validity,Odometry,Odometry Rate,50,693.61
e2ecd6fe26f48965846f37ba5fec8c23,Input Validity,TF,TF Rate,10,693.61
e2ecd6fe26f48965846f37ba5fec8c23,Localization Stability,TF,Jump Angular,0,694.6
e2ecd6fe26f48965846f37ba5fec8c23,Localization Stability,TF,Jump Linear,0,694.6
e2ecd6fe26f48965846f37ba5fec8c23,Input Validity,Lidar,Lidar Rate,10,693.71
e2ecd6fe26f48965846f37ba5fec8c23,Input Validity,Odometry,Odometry Rate,50,693.71
e2ecd6fe26f48965846f37ba5fec8c23,Input Validity,TF,TF Rate,10,693.71
e2ecd6fe26f48965846f37ba5fec8c23,Localization Stability,TF,Jump Angular,0,694.7
e2ecd6fe26f48965846f37ba5fec8c23,Localization Stability,TF,Jump Linear,0,694.7
e2ecd6fe26f48965846f37ba5fec8c23,Input Validity,Lidar,Lidar Rate,10,693.81
e2ecd6fe26f48965846f37ba5fec8c23,Input Validity,Odometry,Odometry Rate,50,693.81
e2ecd6fe26f48965846f37ba5fec8c23,Input Validity,TF,TF Rate,10,693.81
e2ecd6fe26f48965846f37ba5fec8c23,Localization Stability,TF,Jump Angular,0,694.8
e2ecd6fe26f48965846f37ba5fec8c23,Localization Stability,TF,Jump Linear,0,694.8
e2ecd6fe26f48965846f37ba5fec8c23,Input Validity,Lidar,Lidar Rate,10,693.9
e2ecd6fe26f48965846f37ba5fec8c23,Input Validity,Odometry,Odometry Rate,50,693.9
e2ecd6fe26f48965846f37ba5fec8c23,Input Validity,TF,TF Rate,10,693.9
e2ecd6fe26f48965846f37ba5fec8c23,Input Validity,Lidar,Lidar Rate,10,694
e2ecd6fe26f48965846f37ba5fec8c23,Input Validity,Odometry,Odometry Rate,50,694
e2ecd6fe26f48965846f37ba5fec8c23,Input Validity,TF,TF Rate,10,694
e2ecd6fe26f48965846f37ba5fec8c23,Localization Quality,AMCLPose,CovYawYaw,0.00214866,693.9
e2ecd6fe26f48965846f37ba5fec8c23,Localization Quality,AMCLPose,CovYY,0.00416269,693.9
e2ecd6fe26f48965846f37ba5fec8c23,Localization Quality,AMCLPose,CovXX,0.00233001,693.9
e2ecd6fe26f48965846f37ba5fec8c23,Localization Quality,AMCLPose,MeanYaw,-1.06961,693.9
e2ecd6fe26f48965846f37ba5fec8c23,Localization Quality,AMCLPose,MeanY,-2.36261,693.9
e2ecd6fe26f48965846f37ba5fec8c23,Localization Quality,AMCLPose,MeanX,3.58218,693.9
e2ecd6fe26f48965846f37ba5fec8c23,Localization Stability,TF,Jump Angular,0.00113842,694.9
e2ecd6fe26f48965846f37ba5fec8c23,Localization Stability,TF,Jump Linear,0.0183603,694.9
e2ecd6fe26f48965846f37ba5fec8c23,Input Validity,Lidar,Lidar Rate,10,694.1
e2ecd6fe26f48965846f37ba5fec8c23,Input Validity,Odometry,Odometry Rate,50,694.1
e2ecd6fe26f48965846f37ba5fec8c23,Input Validity,TF,TF Rate,10,694.1
e2ecd6fe26f48965846f37ba5fec8c23,Localization Quality,AMCLPose,CovYawYaw,0.00143195,694
e2ecd6fe26f48965846f37ba5fec8c23,Localization Quality,AMCLPose,CovYY,0.00359474,694
e2ecd6fe26f48965846f37ba5fec8c23,Localization Quality,AMCLPose,CovXX,0.00215769,694
e2ecd6fe26f48965846f37ba5fec8c23,Localization Quality,AMCLPose,MeanYaw,-1.1358,694
e2ecd6fe26f48965846f37ba5fec8c23,Localization Quality,AMCLPose,MeanY,-2.36252,694
e2ecd6fe26f48965846f37ba5fec8c23,Localization Quality,AMCLPose,MeanX,3.58242,694
e2ecd6fe26f48965846f37ba5fec8c23,Localization Stability,TF,Jump Angular,-0.000950703,695
e2ecd6fe26f48965846f37ba5fec8c23,Localization Stability,TF,Jump Linear,0.0145246,695
e2ecd6fe26f48965846f37ba5fec8c23,Input Validity,Lidar,Lidar Rate,10,694.2
e2ecd6fe26f48965846f37ba5fec8c23,Input Validity,Odometry,Odometry Rate,50,694.2
e2ecd6fe26f48965846f37ba5fec8c23,Input Validity,TF,TF Rate,10,694.2
e2ecd6fe26f48965846f37ba5fec8c23,Localization Quality,AMCLPose,CovYawYaw,0.00114701,694.1
e2ecd6fe26f48965846f37ba5fec8c23,Localization Quality,AMCLPose,CovYY,0.00335453,694.1
e2ecd6fe26f48965846f37ba5fec8c23,Localization Quality,AMCLPose,CovXX,0.00191791,694.1
e2ecd6fe26f48965846f37ba5fec8c23,Localization Quality,AMCLPose,MeanYaw,-1.2217,694.1
e2ecd6fe26f48965846f37ba5fec8c23,Localization Quality,AMCLPose,MeanY,-2.36472,694.1
e2ecd6fe26f48965846f37ba5fec8c23,Localization Quality,AMCLPose,MeanX,3.58102,694.1
e2ecd6fe26f48965846f37ba5fec8c23,Localization Stability,TF,Jump Angular,-0.00367302,695.1
e2ecd6fe26f48965846f37ba5fec8c23,Localization Stability,TF,Jump Linear,0.0594214,695.1
e2ecd6fe26f48965846f37ba5fec8c23,Localization Quality,AMCLPose,CovYawYaw,0.00109739,694.2
e2ecd6fe26f48965846f37ba5fec8c23,Localization Quality,AMCLPose,CovYY,0.00338276,694.2
e2ecd6fe26f48965846f37ba5fec8c23,Localization Quality,AMCLPose,CovXX,0.00161361,694.2
e2ecd6fe26f48965846f37ba5fec8c23,Localization Quality,AMCLPose,MeanYaw,-1.32341,694.2
e2ecd6fe26f48965846f37ba5fec8c23,Localization Quality,AMCLPose,MeanY,-2.36585,694.2
e2ecd6fe26f48965846f37ba5fec8c23,Localization Quality,AMCLPose,MeanX,3.58087,694.2
e2ecd6fe26f48965846f37ba5fec8c23,Localization Stability,TF,Jump Angular,-0.00249618,695.2
e2ecd6fe26f48965846f37ba5fec8c23,Localization Stability,TF,Jump Linear,0.0395119,695.2
e2ecd6fe26f48965846f37ba5fec8c23,Input Validity,Lidar,Lidar Rate,10,694.3
e2ecd6fe26f48965846f37ba5fec8c23,Input Validity,Odometry,Odometry Rate,50,694.3
e2ecd6fe26f48965846f37ba5fec8c23,Input Validity,TF,TF Rate,10,694.3
e2ecd6fe26f48965846f37ba5fec8c23,Localization Quality,AMCLPose,CovYawYaw,0.00131775,694.3
e2ecd6fe26f48965846f37ba5fec8c23,Localization Quality,AMCLPose,CovYY,0.00362976,694.3
e2ecd6fe26f48965846f37ba5fec8c23,Localization Quality,AMCLPose,CovXX,0.00146802,694.3
e2ecd6fe26f48965846f37ba5fec8c23,Localization Quality,AMCLPose,MeanYaw,-1.43712,694.3
e2ecd6fe26f48965846f37ba5fec8c23,Localization Quality,AMCLPose,MeanY,-2.36547,694.3
e2ecd6fe26f48965846f37ba5fec8c23,Localization Quality,AMCLPose,MeanX,3.58098,694.3
e2ecd6fe26f48965846f37ba5fec8c23,Localization Stability,TF,Jump Angular,0.00247324,695.3
e2ecd6fe26f48965846f37ba5fec8c23,Localization Stability,TF,Jump Linear,0.0387268,695.3
e2ecd6fe26f48965846f37ba5fec8c23,Input Validity,Lidar,Lidar Rate,10,694.4
e2ecd6fe26f48965846f37ba5fec8c23,Input Validity,Odometry,Odometry Rate,50,694.4
e2ecd6fe26f48965846f37ba5fec8c23,Input Validity,TF,TF Rate,10,694.4
e2ecd6fe26f48965846f37ba5fec8c23,Localization Quality,AMCLPose,CovYawYaw,0.00146561,694.4
e2ecd6fe26f48965846f37ba5fec8c23,Localization Quality,AMCLPose,CovYY,0.0039178,694.4
e2ecd6fe26f48965846f37ba5fec8c23,Localization Quality,AMCLPose,CovXX,0.00138605,694.4
e2ecd6fe26f48965846f37ba5fec8c23,Localization Quality,AMCLPose,MeanYaw,-1.57114,694.4
e2ecd6fe26f48965846f37ba5fec8c23,Localization Quality,AMCLPose,MeanY,-2.36061,694.4
e2ecd6fe26f48965846f37ba5fec8c23,Localization Quality,AMCLPose,MeanX,3.57972,694.4
e2ecd6fe26f48965846f37ba5fec8c23,Localization Stability,TF,Jump Angular,-0.000854968,695.4
e2ecd6fe26f48965846f37ba5fec8c23,Localization Stability,TF,Jump Linear,0.0127588,695.4
e2ecd6fe26f48965846f37ba5fec8c23,Input Validity,Lidar,Lidar Rate,10,694.5
e2ecd6fe26f48965846f37ba5fec8c23,Input Validity,Odometry,Odometry Rate,50,694.5
e2ecd6fe26f48965846f37ba5fec8c23,Input Validity,TF,TF Rate,10,694.5
e2ecd6fe26f48965846f37ba5fec8c23,Localization Quality,AMCLPose,CovYawYaw,0.00167116,694.5
e2ecd6fe26f48965846f37ba5fec8c23,Localization Quality,AMCLPose,CovYY,0.00467182,694.5
e2ecd6fe26f48965846f37ba5fec8c23,Localization Quality,AMCLPose,CovXX,0.00124682,694.5
e2ecd6fe26f48965846f37ba5fec8c23,Localization Quality,AMCLPose,MeanYaw,-1.72073,694.5
e2ecd6fe26f48965846f37ba5fec8c23,Localization Quality,AMCLPose,MeanY,-2.36317,694.5
e2ecd6fe26f48965846f37ba5fec8c23,Localization Quality,AMCLPose,MeanX,3.57949,694.5
e2ecd6fe26f48965846f37ba5fec8c23,Localization Stability,TF,Jump Angular,0.000558101,695.5
e2ecd6fe26f48965846f37ba5fec8c23,Localization Stability,TF,Jump Linear,0.00742896,695.5
e2ecd6fe26f48965846f37ba5fec8c23,Input Validity,Lidar,Lidar Rate,10,694.6
e2ecd6fe26f48965846f37ba5fec8c23,Input Validity,Odometry,Odometry Rate,50,694.6
e2ecd6fe26f48965846f37ba5fec8c23,Input Validity,TF,TF Rate,10,694.6
e2ecd6fe26f48965846f37ba5fec8c23,Input Validity,Lidar,Lidar Rate,10,694.7
e2ecd6fe26f48965846f37ba5fec8c23,Input Validity,Odometry,Odometry Rate,50,694.7
e2ecd6fe26f48965846f37ba5fec8c23,Input Validity,TF,TF Rate,10,694.7
e2ecd6fe26f48965846f37ba5fec8c23,Localization Quality,AMCLPose,CovYawYaw,0.00202776,694.6
e2ecd6fe26f48965846f37ba5fec8c23,Localization Quality,AMCLPose,CovYY,0.00509997,694.6
e2ecd6fe26f48965846f37ba5fec8c23,Localization Quality,AMCLPose,CovXX,0.00119142,694.6
e2ecd6fe26f48965846f37ba5fec8c23,Localization Quality,AMCLPose,MeanYaw,-1.88853,694.6
e2ecd6fe26f48965846f37ba5fec8c23,Localization Quality,AMCLPose,MeanY,-2.36784,694.6
e2ecd6fe26f48965846f37ba5fec8c23,Localization Quality,AMCLPose,MeanX,3.57881,694.6
e2ecd6fe26f48965846f37ba5fec8c23,Localization Stability,TF,Jump Angular,-0.000663791,695.6
e2ecd6fe26f48965846f37ba5fec8c23,Localization Stability,TF,Jump Linear,0.0138195,695.6
e2ecd6fe26f48965846f37ba5fec8c23,Localization Quality,AMCLPose,CovYawYaw,0.0019513,694.7
e2ecd6fe26f48965846f37ba5fec8c23,Localization Quality,AMCLPose,CovYY,0.00533823,694.7
e2ecd6fe26f48965846f37ba5fec8c23,Localization Quality,AMCLPose,CovXX,0.00133137,694.7
e2ecd6fe26f48965846f37ba5fec8c23,Localization Quality,AMCLPose,MeanYaw,-2.07192,694.7
e2ecd6fe26f48965846f37ba5fec8c23,Localization Quality,AMCLPose,MeanY,-2.36424,694.7
e2ecd6fe26f48965846f37ba5fec8c23,Localization Quality,AMCLPose,MeanX,3.5804,694.7
e2ecd6fe26f48965846f37ba5fec8c23,Localization Stability,TF,Jump Angular,0.000723245,695.7
e2ecd6fe26f48965846f37ba5fec8c23,Localization Stability,TF,Jump Linear,0.0146477,695.7
e2ecd6fe26f48965846f37ba5fec8c23,Input Validity,Lidar,Lidar Rate,10,694.8
e2ecd6fe26f48965846f37ba5fec8c23,Input Validity,Odometry,Odometry Rate,50,694.8
e2ecd6fe26f48965846f37ba5fec8c23,Input Validity,TF,TF Rate,10,694.8
e2ecd6fe26f48965846f37ba5fec8c23,Localization Quality,AMCLPose,CovYawYaw,0.00410179,694.8
e2ecd6fe26f48965846f37ba5fec8c23,Localization Quality,AMCLPose,CovYY,0.00684929,694.8
e2ecd6fe26f48965846f37ba5fec8c23,Localization Quality,AMCLPose,CovXX,0.00171136,694.8
e2ecd6fe26f48965846f37ba5fec8c23,Localization Quality,AMCLPose,MeanYaw,-2.27108,694.8
e2ecd6fe26f48965846f37ba5fec8c23,Localization Quality,AMCLPose,MeanY,-2.3622,694.8
e2ecd6fe26f48965846f37ba5fec8c23,Localization Quality,AMCLPose,MeanX,3.58183,694.8
e2ecd6fe26f48965846f37ba5fec8c23,Localization Stability,TF,Jump Angular,0.00153853,695.8
e2ecd6fe26f48965846f37ba5fec8c23,Localization Stability,TF,Jump Linear,0.0262082,695.8
e2ecd6fe26f48965846f37ba5fec8c23,Input Validity,Lidar,Lidar Rate,10,694.9
e2ecd6fe26f48965846f37ba5fec8c23,Input Validity,Odometry,Odometry Rate,50,694.9
e2ecd6fe26f48965846f37ba5fec8c23,Input Validity,TF,TF Rate,10,694.9
e2ecd6fe26f48965846f37ba5fec8c23,Localization Quality,AMCLPose,CovYawYaw,0.00699992,694.9
e2ecd6fe26f48965846f37ba5fec8c23,Localization Quality,AMCLPose,CovYY,0.00818343,694.9
e2ecd6fe26f48965846f37ba5fec8c23,Localization Quality,AMCLPose,CovXX,0.00270586,694.9
e2ecd6fe26f48965846f37ba5fec8c23,Localization Quality,AMCLPose,MeanYaw,-2.48959,694.9
e2ecd6fe26f48965846f37ba5fec8c23,Localization Quality,AMCLPose,MeanY,-2.3571,694.9
e2ecd6fe26f48965846f37ba5fec8c23,Localization Quality,AMCLPose,MeanX,3.58061,694.9
e2ecd6fe26f48965846f37ba5fec8c23,Localization Stability,TF,Jump Angular,-0.00227678,695.9
e2ecd6fe26f48965846f37ba5fec8c23,Localization Stability,TF,Jump Linear,0.0341145,695.9
e2ecd6fe26f48965846f37ba5fec8c23,Input Validity,Lidar,Lidar Rate,10,695
e2ecd6fe26f48965846f37ba5fec8c23,Input Validity,Odometry,Odometry Rate,50,695
e2ecd6fe26f48965846f37ba5fec8c23,Input Validity,TF,TF Rate,10,695
e2ecd6fe26f48965846f37ba5fec8c23,Localization Quality,AMCLPose,CovYawYaw,0.00518015,695
e2ecd6fe26f48965846f37ba5fec8c23,Localization Quality,AMCLPose,CovYY,0.00835086,695
e2ecd6fe26f48965846f37ba5fec8c23,Localization Quality,AMCLPose,CovXX,0.00367851,695
e2ecd6fe26f48965846f37ba5fec8c23,Localization Quality,AMCLPose,MeanYaw,-2.71154,695
e2ecd6fe26f48965846f37ba5fec8c23,Localization Quality,AMCLPose,MeanY,-2.35214,695
e2ecd6fe26f48965846f37ba5fec8c23,Localization Quality,AMCLPose,MeanX,3.58462,695
e2ecd6fe26f48965846f37ba5fec8c23,Localization Stability,TF,Jump Angular,-0.00194341,696
e2ecd6fe26f48965846f37ba5fec8c23,Localization Stability,TF,Jump Linear,0.0242783,696
e2ecd6fe26f48965846f37ba5fec8c23,Input Validity,Lidar,Lidar Rate,10,695.1
e2ecd6fe26f48965846f37ba5fec8c23,Input Validity,Odometry,Odometry Rate,50,695.1
e2ecd6fe26f48965846f37ba5fec8c23,Input Validity,TF,TF Rate,10,695.1
e2ecd6fe26f48965846f37ba5fec8c23,Localization Quality,AMCLPose,CovYawYaw,0.00452961,695.1
e2ecd6fe26f48965846f37ba5fec8c23,Localization Quality,AMCLPose,CovYY,0.0070429,695.1
e2ecd6fe26f48965846f37ba5fec8c23,Localization Quality,AMCLPose,CovXX,0.00497085,695.1
e2ecd6fe26f48965846f37ba5fec8c23,Localization Quality,AMCLPose,MeanYaw,-2.92629,695.1
e2ecd6fe26f48965846f37ba5fec8c23,Localization Quality,AMCLPose,MeanY,-2.35596,695.1
e2ecd6fe26f48965846f37ba5fec8c23,Localization Quality,AMCLPose,MeanX,3.58458,695.1
e2ecd6fe26f48965846f37ba5fec8c23,Localization Stability,TF,Jump Angular,0.00524726,696.1
e2ecd6fe26f48965846f37ba5fec8c23,Localization Stability,TF,Jump Linear,0.0795642,696.1
e2ecd6fe26f48965846f37ba5fec8c23,Input Validity,Lidar,Lidar Rate,10,695.19
e2ecd6fe26f48965846f37ba5fec8c23,Input Validity,Odometry,Odometry Rate,50,695.19
e2ecd6fe26f48965846f37ba5fec8c23,Input Validity,TF,TF Rate,10,695.19
e2ecd6fe26f48965846f37ba5fec8c23,Localization Recovery,TTR,Kidnap Angle,1.66066,695.26
e2ecd6fe26f48965846f37ba5fec8c23,Localization Recovery,TTR,Kidnap Distance,0.202811,695.26
e2ecd6fe26f48965846f37ba5fec8c23,Localization Recovery,TTR,TTR Outcome,1,695.26
e2ecd6fe26f48965846f37ba5fec8c23,Localization Recovery,TTR,TTR,9.04,695.26
e2ecd6fe26f48965846f37ba5fec8c23,Mission Outcome,Episode Event,Recoveries,0,695.26
e2ecd6fe26f48965846f37ba5fec8c23,Mission Outcome,Episode Event,Collisions,0,695.26
e2ecd6fe26f48965846f37ba5fec8c23,Mission Outcome,Episode Event,Navigation Time,42.38,695.26
e2ecd6fe26f48965846f37ba5fec8c23,Mission Outcome,Episode Event,Goal Result,1,695.26
e2ecd6fe26f48965846f37ba5fec8c23,Input Validity,AMCLPose,Pose Monotonicity,0,695.26
e2ecd6fe26f48965846f37ba5fec8c23,Input Validity,Lidar,Lidar Frame Mistmatch,0,695.26
e2ecd6fe26f48965846f37ba5fec8c23,Input Validity,Lidar,Lidar Monotonicity,0,695.26
e2ecd6fe26f48965846f37ba5fec8c23,Input Validity,Odometry,Odometry Frame Mismatch,0,695.26
e2ecd6fe26f48965846f37ba5fec8c23,Input Validity,Odometry,Odometry Monotonicity,0,695.26
e2ecd6fe26f48965846f37ba5fec8c23,Input Validity,TF,TF Gap Count,7,695.26
e2ecd6fe26f48965846f37ba5fec8c23,Input Validity,TF,TF Frame Drop,2119,695.26
e2ecd6fe26f48965846f37ba5fec8c23,Input Validity,TF,TF Monotonicity,0,695.26
e2ecd6fe26f48965846f37ba5fec8c23,map,-5.498,-0.536254,-66.2254,3.625,-2.425,172.049,1,SUCCEEDED,2,42.38,652.88,695.26,0.0657713,0.1185,0.720518,0.0832893,0.00154155,0.0830986,0.037803,927.546,3782,12.4812,19.8837,0.199515,0.481142,0,2119,0.746438
8edb244f43d8dd55e1beadbf26663792,Localization Stability,TF,Jump Angular,0,701.4
8edb244f43d8dd55e1beadbf26663792,Localization Stability,TF,Jump Linear,0,701.4
8edb244f43d8dd55e1beadbf26663792,Input Validity,Lidar,Lidar Rate,10,700.46
8edb244f43d8dd55e1beadbf26663792,Input Validity,Odometry,Odometry Rate,50,700.46
8edb244f43d8dd55e1beadbf26663792,Input Validity,TF,TF Rate,10,700.46
8edb244f43d8dd55e1beadbf26663792,Input Validity,Lidar,Lidar Rate,10,700.56
8edb244f43d8dd55e1beadbf26663792,Input Validity,Odometry,Odometry Rate,50,700.56
8edb244f43d8dd55e1beadbf26663792,Input Validity,TF,TF Rate,10,700.56
8edb244f43d8dd55e1beadbf26663792,Localization Stability,TF,Jump Angular,0,701.5
8edb244f43d8dd55e1beadbf26663792,Localization Stability,TF,Jump Linear,0,701.5
8edb244f43d8dd55e1beadbf26663792,Input Validity,Lidar,Lidar Rate,10,700.66
8edb244f43d8dd55e1beadbf26663792,Input Validity,Odometry,Odometry Rate,50,700.66
8edb244f43d8dd55e1beadbf26663792,Input Validity,TF,TF Rate,10,700.66
8edb244f43d8dd55e1beadbf26663792,Localization Stability,TF,Jump Angular,-0.0014597,701.6
8edb244f43d8dd55e1beadbf26663792,Localization Stability,TF,Jump Linear,0.0218837,701.6
8edb244f43d8dd55e1beadbf26663792,Input Validity,Lidar,Lidar Rate,10,700.76
8edb244f43d8dd55e1beadbf26663792,Input Validity,Odometry,Odometry Rate,50,700.76
8edb244f43d8dd55e1beadbf26663792,Input Validity,TF,TF Rate,10,700.76
8edb244f43d8dd55e1beadbf26663792,Localization Quality,AMCLPose,CovYawYaw,0.00186669,700.7
8edb244f43d8dd55e1beadbf26663792,Localization Quality,AMCLPose,CovYY,0.00378591,700.7
8edb244f43d8dd55e1beadbf26663792,Localization Quality,AMCLPose,CovXX,0.00512154,700.7
8edb244f43d8dd55e1beadbf26663792,Localization Quality,AMCLPose,MeanYaw,2.47626,700.7
8edb244f43d8dd55e1beadbf26663792,Localization Quality,AMCLPose,MeanY,-2.36133,700.7
8edb244f43d8dd55e1beadbf26663792,Localization Quality,AMCLPose,MeanX,3.57755,700.7
8edb244f43d8dd55e1beadbf26663792,Localization Stability,TF,Jump Angular,0.00079312,701.7
8edb244f43d8dd55e1beadbf26663792,Localization Stability,TF,Jump Linear,0.00924306,701.7
8edb244f43d8dd55e1beadbf26663792,Input Validity,Lidar,Lidar Rate,10,700.85
8edb244f43d8dd55e1beadbf26663792,Input Validity,Odometry,Odometry Rate,50,700.85
8edb244f43d8dd55e1beadbf26663792,Input Validity,TF,TF Rate,10,700.85
8edb244f43d8dd55e1beadbf26663792,Localization Quality,AMCLPose,CovYawYaw,0.00217049,700.8
8edb244f43d8dd55e1beadbf26663792,Localization Quality,AMCLPose,CovYY,0.00379434,700.8
8edb244f43d8dd55e1beadbf26663792,Localization Quality,AMCLPose,CovXX,0.00516393,700.8
8edb244f43d8dd55e1beadbf26663792,Localization Quality,AMCLPose,MeanYaw,2.40573,700.8
8edb244f43d8dd55e1beadbf26663792,Localization Quality,AMCLPose,MeanY,-2.36001,700.8
8edb244f43d8dd55e1beadbf26663792,Localization Quality,AMCLPose,MeanX,3.57679,700.8
8edb244f43d8dd55e1beadbf26663792,Localization Stability,TF,Jump Angular,-0.000168078,701.8
8edb244f43d8dd55e1beadbf26663792,Localization Stability,TF,Jump Linear,0.00298584,701.8
8edb244f43d8dd55e1beadbf26663792,Input Validity,Lidar,Lidar Rate,10,700.96
8edb244f43d8dd55e1beadbf26663792,Input Validity,Odometry,Odometry Rate,50,700.96
8edb244f43d8dd55e1beadbf26663792,Input Validity,TF,TF Rate,10,700.96
8edb244f43d8dd55e1beadbf26663792,Localization Quality,AMCLPose,CovYawYaw,0.00251478,700.9
8edb244f43d8dd55e1beadbf26663792,Localization Quality,AMCLPose,CovYY,0.00361547,700.9
8edb244f43d8dd55e1beadbf26663792,Localization Quality,AMCLPose,CovXX,0.00564916,700.9
8edb244f43d8dd55e1beadbf26663792,Localization Quality,AMCLPose,MeanYaw,2.32871,700.9
8edb244f43d8dd55e1beadbf26663792,Localization Quality,AMCLPose,MeanY,-2.36054,700.9
8edb244f43d8dd55e1beadbf26663792,Localization Quality,AMCLPose,MeanX,3.57517,700.9
8edb244f43d8dd55e1beadbf26663792,Localization Stability,TF,Jump Angular,0.00287011,701.9
8edb244f43d8dd55e1beadbf26663792,Localization Stability,TF,Jump Linear,0.0430789,701.9
8edb244f43d8dd55e1beadbf26663792,Input Validity,Lidar,Lidar Rate,10,701.05
8edb244f43d8dd55e1beadbf26663792,Input Validity,Odometry,Odometry Rate,50,701.05
8edb244f43d8dd55e1beadbf26663792,Input Validity,TF,TF Rate,10,701.05
8edb244f43d8dd55e1beadbf26663792,Localization Quality,AMCLPose,CovYawYaw,0.11566,701
8edb244f43d8dd55e1beadbf26663792,Localization Quality,AMCLPose,CovYY,0.609654,701
8edb244f43d8dd55e1beadbf26663792,Localization Quality,AMCLPose,CovXX,2.05983,701
8edb244f43d8dd55e1beadbf26663792,Localization Quality,AMCLPose,MeanYaw,2.26369,701
8edb244f43d8dd55e1beadbf26663792,Localization Quality,AMCLPose,MeanY,-2.35355,701
8edb244f43d8dd55e1beadbf26663792,Localization Quality,AMCLPose,MeanX,3.57086,701
8edb244f43d8dd55e1beadbf26663792,Localization Stability,TF,Jump Angular,-0.000727114,702
8edb244f43d8dd55e1beadbf26663792,Localization Stability,TF,Jump Linear,0.0103302,702
8edb244f43d8dd55e1beadbf26663792,Input Validity,Lidar,Lidar Rate,10,701.15
8edb244f43d8dd55e1beadbf26663792,Input Validity,Odometry,Odometry Rate,50,701.15
8edb244f43d8dd55e1beadbf26663792,Input Validity,TF,TF Rate,10,701.15
8edb244f43d8dd55e1beadbf26663792,Localization Quality,AMCLPose,CovYawYaw,0.111381,701.1
8edb244f43d8dd55e1beadbf26663792,Localization Quality,AMCLPose,CovYY,0.495309,701.1
8edb244f43d8dd55e1beadbf26663792,Localization Quality,AMCLPose,CovXX,1.98756,701.1
8edb244f43d8dd55e1beadbf26663792,Localization Quality,AMCLPose,MeanYaw,2.19707,701.1
8edb244f43d8dd55e1beadbf26663792,Localization Quality,AMCLPose,MeanY,-2.34437,701.1
8edb244f43d8dd55e1beadbf26663792,Localization Quality,AMCLPose,MeanX,3.56406,701.1
8edb244f43d8dd55e1beadbf26663792,Localization Stability,TF,Jump Angular,-0.00234066,702.1
8edb244f43d8dd55e1beadbf26663792,Localization Stability,TF,Jump Linear,0.0359975,702.1
8edb244f43d8dd55e1beadbf26663792,Input Validity,Lidar,Lidar Rate,10,701.25
8edb244f43d8dd55e1beadbf26663792,Input Validity,Odometry,Odometry Rate,50,701.25
8edb244f43d8dd55e1beadbf26663792,Input Validity,TF,TF Rate,10,701.25
8edb244f43d8dd55e1beadbf26663792,Localization Quality,AMCLPose,CovYawYaw,0.0206168,701.2
8edb244f43d8dd55e1beadbf26663792,Localization Quality,AMCLPose,CovYY,0.0560236,701.2
8edb244f43d8dd55e1beadbf26663792,Localization Quality,AMCLPose,CovXX,0.221765,701.2
8edb244f43d8dd55e1beadbf26663792,Localization Quality,AMCLPose,MeanYaw,2.13443,701.2
8edb244f43d8dd55e1beadbf26663792,Localization Quality,AMCLPose,MeanY,-2.33507,701.2
8edb244f43d8dd55e1beadbf26663792,Localization Quality,AMCLPose,MeanX,3.54795,701.2
8edb244f43d8dd55e1beadbf26663792,Localization Stability,TF,Jump Angular,0.00012611,702.2
8edb244f43d8dd55e1beadbf26663792,Localization Stability,TF,Jump Linear,0.00739674,702.2
8edb244f43d8dd55e1beadbf26663792,Input Validity,Lidar,Lidar Rate,10,701.35
8edb244f43d8dd55e1beadbf26663792,Input Validity,Odometry,Odometry Rate,50,701.35
8edb244f43d8dd55e1beadbf26663792,Input Validity,TF,TF Rate,10,701.35
8edb244f43d8dd55e1beadbf26663792,Localization Quality,AMCLPose,CovYawYaw,0.007477,701.3
8edb244f43d8dd55e1beadbf26663792,Localization Quality,AMCLPose,CovYY,0.013111,701.3
8edb244f43d8dd55e1beadbf26663792,Localization Quality,AMCLPose,CovXX,0.0970294,701.3
8edb244f43d8dd55e1beadbf26663792,Localization Quality,AMCLPose,MeanYaw,2.07754,701.3
8edb244f43d8dd55e1beadbf26663792,Localization Quality,AMCLPose,MeanY,-2.31516,701.3
8edb244f43d8dd55e1beadbf26663792,Localization Quality,AMCLPose,MeanX,3.53405,701.3
8edb244f43d8dd55e1beadbf26663792,Localization Stability,TF,Jump Angular,0.00106956,702.3
8edb244f43d8dd55e1beadbf26663792,Localization Stability,TF,Jump Linear,0.0151762,702.3
8edb244f43d8dd55e1beadbf26663792,Input Validity,Lidar,Lidar Rate,10,701.45
8edb244f43d8dd55e1beadbf26663792,Input Validity,Odometry,Odometry Rate,50,701.45
8edb244f43d8dd55e1beadbf26663792,Input Validity,TF,TF Rate,10,701.45
8edb244f43d8dd55e1beadbf26663792,Localization Quality,AMCLPose,CovYawYaw,0.00415448,701.4
8edb244f43d8dd55e1beadbf26663792,Localization Quality,AMCLPose,CovYY,0.00861506,701.4
8edb244f43d8dd55e1beadbf26663792,Localization Quality,AMCLPose,CovXX,0.071373,701.4
8edb244f43d8dd55e1beadbf26663792,Localization Quality,AMCLPose,MeanYaw,2.02882,701.4
8edb244f43d8dd55e1beadbf26663792,Localization Quality,AMCLPose,MeanY,-2.2877,701.4
8edb244f43d8dd55e1beadbf26663792,Localization Quality,AMCLPose,MeanX,3.51804,701.4
8edb244f43d8dd55e1beadbf26663792,Localization Stability,TF,Jump Angular,0.00438312,702.4
8edb244f43d8dd55e1beadbf26663792,Localization Stability,TF,Jump Linear,0.0668536,702.4
8edb244f43d8dd55e1beadbf26663792,Input Validity,Lidar,Lidar Rate,10,701.55
8edb244f43d8dd55e1beadbf26663792,Input Validity,Odometry,Odometry Rate,50,701.55
8edb244f43d8dd55e1beadbf26663792,Input Validity,TF,TF Rate,10,701.55
8edb244f43d8dd55e1beadbf26663792,Localization Stability,TF,Jump Angular,0,702.5
8edb244f43d8dd55e1beadbf26663792,Localization Stability,TF,Jump Linear,0,702.5
8edb244f43d8dd55e1beadbf26663792,Input Validity,Lidar,Lidar Rate,10,701.65
8edb244f43d8dd55e1beadbf26663792,Input Validity,Odometry,Odometry Rate,50,701.65
8edb244f43d8dd55e1beadbf26663792,Input Validity,TF,TF Rate,10,701.65
8edb244f43d8dd55e1beadbf26663792,Localization Quality,AMCLPose,CovYawYaw,0.00187097,701.6
8edb244f43d8dd55e1beadbf26663792,Localization Quality,AMCLPose,CovYY,0.0023817,701.6
8edb244f43d8dd55e1beadbf26663792,Localization Quality,AMCLPose,CovXX,0.0041944,701.6
8edb244f43d8dd55e1beadbf26663792,Localization Quality,AMCLPose,MeanYaw,1.9374,701.6
8edb244f43d8dd55e1beadbf26663792,Localization Quality,AMCLPose,MeanY,-2.20835,701.6
8edb244f43d8dd55e1beadbf26663792,Localization Quality,AMCLPose,MeanX,3.48403,701.6
8edb244f43d8dd55e1beadbf26663792,Localization Stability,TF,Jump Angular,0.00218416,702.6
8edb244f43d8dd55e1beadbf26663792,Localization Stability,TF,Jump Linear,0.0346415,702.6
8edb244f43d8dd55e1beadbf26663792,Input Validity,Lidar,Lidar Rate,10,701.75
8edb244f43d8dd55e1beadbf26663792,Input Validity,Odometry,Odometry Rate,50,701.75
8edb244f43d8dd55e1beadbf26663792,Input Validity,TF,TF Rate,10,701.75
8edb244f43d8dd55e1beadbf26663792,Localization Stability,TF,Jump Angular,0,702.7
8edb244f43d8dd55e1beadbf26663792,Localization Stability,TF,Jump Linear,0,702.7
8edb244f43d8dd55e1beadbf26663792,Input Validity,Lidar,Lidar Rate,10,701.85
8edb244f43d8dd55e1beadbf26663792,Input Validity,Odometry,Odometry Rate,50,701.85
8edb244f43d8dd55e1beadbf26663792,Input Validity,TF,TF Rate,10,701.85
8edb244f43d8dd55e1beadbf26663792,Localization Quality,AMCLPose,CovYawYaw,0.00202822,701.8
8edb244f43d8dd55e1beadbf26663792,Localization Quality,AMCLPose,CovYY,0.00284219,701.8
8edb244f43d8dd55e1beadbf26663792,Localization Quality,AMCLPose,CovXX,0.00357699,701.8
8edb244f43d8dd55e1beadbf26663792,Localization Quality,AMCLPose,MeanYaw,1.858,701.8
8edb244f43d8dd55e1beadbf26663792,Localization Quality,AMCLPose,MeanY,-2.12368,701.8
8edb244f43d8dd55e1beadbf26663792,Localization Quality,AMCLPose,MeanX,3.45451,701.8
8edb244f43d8dd55e1beadbf26663792,Localization Stability,TF,Jump Angular,0.00163887,702.8
8edb244f43d8dd55e1beadbf26663792,Localization Stability,TF,Jump Linear,0.0249422,702.8
8edb244f43d8dd55e1beadbf26663792,Localization Stability,TF,Jump Angular,0,702.9
8edb244f43d8dd55e1beadbf26663792,Localization Stability,TF,Jump Linear,0,702.9
8edb244f43d8dd55e1beadbf26663792,Input Validity,Lidar,Lidar Rate,10,701.95
8edb244f43d8dd55e1beadbf26663792,Input Validity,Odometry,Odometry Rate,50,701.95
8edb244f43d8dd55e1beadbf26663792,Input Validity,TF,TF Rate,10,701.95
8edb244f43d8dd55e1beadbf26663792,Input Validity,Lidar,Lidar Rate,10,702.05
8edb244f43d8dd55e1beadbf26663792,Input Validity,Odometry,Odometry Rate,50,702.05
8edb244f43d8dd55e1beadbf26663792,Input Validity,TF,TF Rate,10,702.05
8edb244f43d8dd55e1beadbf26663792,Localization Quality,AMCLPose,CovYawYaw,0.00307357,702
8edb244f43d8dd55e1beadbf26663792,Localization Quality,AMCLPose,CovYY,0.00335256,702
8edb244f43d8dd55e1beadbf26663792,Localization Quality,AMCLPose,CovXX,0.00426426,702
8edb244f43d8dd55e1beadbf26663792,Localization Quality,AMCLPose,MeanYaw,1.78156,702
8edb244f43d8dd55e1beadbf26663792,Localization Quality,AMCLPose,MeanY,-2.03165,702
8edb244f43d8dd55e1beadbf26663792,Localization Quality,AMCLPose,MeanX,3.43665,702
8edb244f43d8dd55e1beadbf26663792,Localization Stability,TF,Jump Angular,-0.00832197,703
8edb244f43d8dd55e1beadbf26663792,Localization Stability,TF,Jump Linear,0.125863,703
8edb244f43d8dd55e1beadbf26663792,Input Validity,Lidar,Lidar Rate,10,702.15
8edb244f43d8dd55e1beadbf26663792,Input Validity,Odometry,Odometry Rate,50,702.15
8edb244f43d8dd55e1beadbf26663792,Input Validity,TF,TF Rate,10,702.15
8edb244f43d8dd55e1beadbf26663792,Input Validity,Lidar,Lidar Rate,10,702.25
8edb244f43d8dd55e1beadbf26663792,Input Validity,Odometry,Odometry Rate,50,702.25
8edb244f43d8dd55e1beadbf26663792,Input Validity,TF,TF Rate,10,702.25
8edb244f43d8dd55e1beadbf26663792,Input Validity,Lidar,Lidar Rate,10,702.35
8edb244f43d8dd55e1beadbf26663792,Input Validity,Odometry,Odometry Rate,50,702.35
8edb244f43d8dd55e1beadbf26663792,Input Validity,TF,TF Rate,10,702.35
8edb244f43d8dd55e1beadbf26663792,Input Validity,Lidar,Lidar Rate,10,702.45
8edb244f43d8dd55e1beadbf26663792,Input Validity,Odometry,Odometry Rate,50,702.45
8edb244f43d8dd55e1beadbf26663792,Input Validity,TF,TF Rate,10,702.45
8edb244f43d8dd55e1beadbf26663792,Input Validity,Lidar,Lidar Rate,10,702.55
8edb244f43d8dd55e1beadbf26663792,Input Validity,Odometry,Odometry Rate,50,702.55
8edb244f43d8dd55e1beadbf26663792,Input Validity,TF,TF Rate,10,702.55
8edb244f43d8dd55e1beadbf26663792,Input Validity,Lidar,Lidar Rate,10,702.65
8edb244f43d8dd55e1beadbf26663792,Input Validity,Odometry,Odometry Rate,50,702.65
8edb244f43d8dd55e1beadbf26663792,Input Validity,TF,TF Rate,10,702.65
8edb244f43d8dd55e1beadbf26663792,Input Validity,Lidar,Lidar Rate,10,702.75
8edb244f43d8dd55e1beadbf26663792,Input Validity,Odometry,Odometry Rate,50,702.75
8edb244f43d8dd55e1beadbf26663792,Input Validity,TF,TF Rate,10,702.75
8edb244f43d8dd55e1beadbf26663792,Localization Quality,AMCLPose,CovYawYaw,8.66758,702.1
8edb244f43d8dd55e1beadbf26663792,Localization Quality,AMCLPose,CovYY,7.14413,702.1
8edb244f43d8dd55e1beadbf26663792,Localization Quality,AMCLPose,CovXX,24.5633,702.1
8edb244f43d8dd55e1beadbf26663792,Localization Quality,AMCLPose,MeanYaw,-2.89729,702.1
8edb244f43d8dd55e1beadbf26663792,Localization Quality,AMCLPose,MeanY,-0.650194,702.1
8edb244f43d8dd55e1beadbf26663792,Localization Quality,AMCLPose,MeanX,0.379454,702.1
8edb244f43d8dd55e1beadbf26663792,Localization Stability,TF,Jump Angular,1.63238,703.1
8edb244f43d8dd55e1beadbf26663792,Localization Stability,TF,Jump Linear,24.1189,703.1
8edb244f43d8dd55e1beadbf26663792,Localization Stability,TF,Jump Angular,0,703.3
8edb244f43d8dd55e1beadbf26663792,Localization Stability,TF,Jump Linear,0,703.3
8edb244f43d8dd55e1beadbf26663792,Input Validity,Lidar,Lidar Rate,10,702.84
8edb244f43d8dd55e1beadbf26663792,Input Validity,Odometry,Odometry Rate,50,702.84
8edb244f43d8dd55e1beadbf26663792,Input Validity,TF,TF Rate,9.5,702.84
8edb244f43d8dd55e1beadbf26663792,Input Validity,Lidar,Lidar Rate,10,702.94
8edb244f43d8dd55e1beadbf26663792,Input Validity,Odometry,Odometry Rate,50,702.94
8edb244f43d8dd55e1beadbf26663792,Input Validity,TF,TF Rate,9.5,702.94
8edb244f43d8dd55e1beadbf26663792,Input Validity,Lidar,Lidar Rate,10,703.04
8edb244f43d8dd55e1beadbf26663792,Input Validity,Odometry,Odometry Rate,50,703.04
8edb244f43d8dd55e1beadbf26663792,Input Validity,TF,TF Rate,9.5,703.04
8edb244f43d8dd55e1beadbf26663792,Input Validity,Lidar,Lidar Rate,10,703.14
8edb244f43d8dd55e1beadbf26663792,Input Validity,Odometry,Odometry Rate,50,703.14
8edb244f43d8dd55e1beadbf26663792,Input Validity,TF,TF Rate,9.5,703.14
8edb244f43d8dd55e1beadbf26663792,Input Validity,Lidar,Lidar Rate,10,703.24
8edb244f43d8dd55e1beadbf26663792,Input Validity,Odometry,Odometry Rate,50,703.24
8edb244f43d8dd55e1beadbf26663792,Input Validity,TF,TF Rate,9.5,703.24
8edb244f43d8dd55e1beadbf26663792,Localization Quality,AMCLPose,CovYawYaw,9.38453,702.4
8edb244f43d8dd55e1beadbf26663792,Localization Quality,AMCLPose,CovYY,6.31075,702.4
8edb244f43d8dd55e1beadbf26663792,Localization Quality,AMCLPose,CovXX,23.2591,702.4
8edb244f43d8dd55e1beadbf26663792,Localization Quality,AMCLPose,MeanYaw,-2.05613,702.4
8edb244f43d8dd55e1beadbf26663792,Localization Quality,AMCLPose,MeanY,-0.700662,702.4
8edb244f43d8dd55e1beadbf26663792,Localization Quality,AMCLPose,MeanX,0.45025,702.4
8edb244f43d8dd55e1beadbf26663792,Localization Stability,TF,Jump Angular,0.900519,703.4
8edb244f43d8dd55e1beadbf26663792,Localization Stability,TF,Jump Linear,13.7972,703.4
8edb244f43d8dd55e1beadbf26663792,Input Validity,Lidar,Lidar Rate,10,703.34
8edb244f43d8dd55e1beadbf26663792,Input Validity,Odometry,Odometry Rate,50,703.34
8edb244f43d8dd55e1beadbf26663792,Input Validity,TF,TF Rate,9.5,703.34
8edb244f43d8dd55e1beadbf26663792,Input Validity,Lidar,Lidar Rate,10,703.44
8edb244f43d8dd55e1beadbf26663792,Input Validity,Odometry,Odometry Rate,50,703.44
8edb244f43d8dd55e1beadbf26663792,Input Validity,TF,TF Rate,9.5,703.44
8edb244f43d8dd55e1beadbf26663792,Input Validity,Lidar,Lidar Rate,10,703.54
8edb244f43d8dd55e1beadbf26663792,Input Validity,Odometry,Odometry Rate,50,703.54
8edb244f43d8dd55e1beadbf26663792,Input Validity,TF,TF Rate,9.5,703.54
8edb244f43d8dd55e1beadbf26663792,Input Validity,Lidar,Lidar Rate,10,703.64
8edb244f43d8dd55e1beadbf26663792,Input Validity,Odometry,Odometry Rate,50,703.64
8edb244f43d8dd55e1beadbf26663792,Input Validity,TF,TF Rate,9.5,703.64
8edb244f43d8dd55e1beadbf26663792,Input Validity,Lidar,Lidar Rate,10,703.74
8edb244f43d8dd55e1beadbf26663792,Input Validity,Odometry,Odometry Rate,50,703.74
8edb244f43d8dd55e1beadbf26663792,Input Validity,TF,TF Rate,9.5,703.74
8edb244f43d8dd55e1beadbf26663792,Input Validity,Lidar,Lidar Rate,10,703.84
8edb244f43d8dd55e1beadbf26663792,Input Validity,Odometry,Odometry Rate,50,703.84
8edb244f43d8dd55e1beadbf26663792,Input Validity,TF,TF Rate,9.5,703.84
8edb244f43d8dd55e1beadbf26663792,Localization Quality,AMCLPose,CovYawYaw,11.3799,702.8
8edb244f43d8dd55e1beadbf26663792,Localization Quality,AMCLPose,CovYY,5.78303,702.8
8edb244f43d8dd55e1beadbf26663792,Localization Quality,AMCLPose,CovXX,22.6403,702.8
8edb244f43d8dd55e1beadbf26663792,Localization Quality,AMCLPose,MeanYaw,1.72413,702.8
8edb244f43d8dd55e1beadbf26663792,Localization Quality,AMCLPose,MeanY,-0.74816,702.8
8edb244f43d8dd55e1beadbf26663792,Localization Quality,AMCLPose,MeanX,0.684216,702.8
8edb244f43d8dd55e1beadbf26663792,Localization Stability,TF,Jump Angular,-2.44851,703.8
8edb244f43d8dd55e1beadbf26663792,Localization Stability,TF,Jump Linear,30.5119,703.8
8edb244f43d8dd55e1beadbf26663792,Input Validity,Lidar,Lidar Rate,10,703.94
8edb244f43d8dd55e1beadbf26663792,Input Validity,Odometry,Odometry Rate,50,703.94
8edb244f43d8dd55e1beadbf26663792,Input Validity,TF,TF Rate,8,703.94
8edb244f43d8dd55e1beadbf26663792,Input Validity,Lidar,Lidar Rate,10,704.04
8edb244f43d8dd55e1beadbf26663792,Input Validity,Odometry,Odometry Rate,50,704.04
8edb244f43d8dd55e1beadbf26663792,Input Validity,TF,TF Rate,8,704.04
8edb244f43d8dd55e1beadbf26663792,Input Validity,Lidar,Lidar Rate,10,704.14
8edb244f43d8dd55e1beadbf26663792,Input Validity,Odometry,Odometry Rate,50,704.14
8edb244f43d8dd55e1beadbf26663792,Input Validity,TF,TF Rate,8,704.14
8edb244f43d8dd55e1beadbf26663792,Input Validity,Lidar,Lidar Rate,10,704.24
8edb244f43d8dd55e1beadbf26663792,Input Validity,Odometry,Odometry Rate,50,704.24
8edb244f43d8dd55e1beadbf26663792,Input Validity,TF,TF Rate,8,704.24
8edb244f43d8dd55e1beadbf26663792,Input Validity,Lidar,Lidar Rate,10,704.34
8edb244f43d8dd55e1beadbf26663792,Input Validity,Odometry,Odometry Rate,50,704.34
8edb244f43d8dd55e1beadbf26663792,Input Validity,TF,TF Rate,8,704.34
8edb244f43d8dd55e1beadbf26663792,Input Validity,Lidar,Lidar Rate,10,704.44
8edb244f43d8dd55e1beadbf26663792,Input Validity,Odometry,Odometry Rate,50,704.44
8edb244f43d8dd55e1beadbf26663792,Input Validity,TF,TF Rate,8,704.44
8edb244f43d8dd55e1beadbf26663792,Localization Quality,AMCLPose,CovYawYaw,7.31245,703.4
8edb244f43d8dd55e1beadbf26663792,Localization Quality,AMCLPose,CovYY,5.34271,703.4
8edb244f43d8dd55e1beadbf26663792,Localization Quality,AMCLPose,CovXX,22.2411,703.4
8edb244f43d8dd55e1beadbf26663792,Localization Quality,AMCLPose,MeanYaw,-0.299425,703.4
8edb244f43d8dd55e1beadbf26663792,Localization Quality,AMCLPose,MeanY,-0.837455,703.4
8edb244f43d8dd55e1beadbf26663792,Localization Quality,AMCLPose,MeanX,0.996861,703.4
8edb244f43d8dd55e1beadbf26663792,Localization Stability,TF,Jump Angular,-2.05132,704.4
8edb244f43d8dd55e1beadbf26663792,Localization Stability,TF,Jump Linear,27.656,704.4
8edb244f43d8dd55e1beadbf26663792,Input Validity,Lidar,Lidar Rate,10,704.53
8edb244f43d8dd55e1beadbf26663792,Input Validity,Odometry,Odometry Rate,50,704.53
8edb244f43d8dd55e1beadbf26663792,Input Validity,TF,TF Rate,5.5,704.53
8edb244f43d8dd55e1beadbf26663792,Input Validity,Lidar,Lidar Rate,10,704.63
8edb244f43d8dd55e1beadbf26663792,Input Validity,Odometry,Odometry Rate,50,704.63
8edb244f43d8dd55e1beadbf26663792,Input Validity,TF,TF Rate,5.5,704.63
8edb244f43d8dd55e1beadbf26663792,Input Validity,Lidar,Lidar Rate,10,704.73
8edb244f43d8dd55e1beadbf26663792,Input Validity,Odometry,Odometry Rate,50,704.73
8edb244f43d8dd55e1beadbf26663792,Input Validity,TF,TF Rate,5.5,704.73
8edb244f43d8dd55e1beadbf26663792,Input Validity,Lidar,Lidar Rate,10,704.83
8edb244f43d8dd55e1beadbf26663792,Input Validity,Odometry,Odometry Rate,50,704.83
8edb244f43d8dd55e1beadbf26663792,Input Validity,TF,TF Rate,5.5,704.83
8edb244f43d8dd55e1beadbf26663792,Input Validity,Lidar,Lidar Rate,10,704.93
8edb244f43d8dd55e1beadbf26663792,Input Validity,Odometry,Odometry Rate,50,704.93
8edb244f43d8dd55e1beadbf26663792,Input Validity,TF,TF Rate,5.5,704.93
8edb244f43d8dd55e1beadbf26663792,Input Validity,Lidar,Lidar Rate,10,705.03
8edb244f43d8dd55e1beadbf26663792,Input Validity,Odometry,Odometry Rate,50,705.03
8edb244f43d8dd55e1beadbf26663792,Input Validity,TF,TF Rate,5.5,705.03
8edb244f43d8dd55e1beadbf26663792,Input Validity,Lidar,Lidar Rate,10,705.13
8edb244f43d8dd55e1beadbf26663792,Input Validity,Odometry,Odometry Rate,50,705.13
8edb244f43d8dd55e1beadbf26663792,Input Validity,TF,TF Rate,5.5,705.13
8edb244f43d8dd55e1beadbf26663792,Localization Quality,AMCLPose,CovYawYaw,5.70855,704
8edb244f43d8dd55e1beadbf26663792,Localization Quality,AMCLPose,CovYY,4.68287,704
8edb244f43d8dd55e1beadbf26663792,Localization Quality,AMCLPose,CovXX,20.7956,704
8edb244f43d8dd55e1beadbf26663792,Localization Quality,AMCLPose,MeanYaw,0.615552,704
8edb244f43d8dd55e1beadbf26663792,Localization Quality,AMCLPose,MeanY,-0.890417,704
8edb244f43d8dd55e1beadbf26663792,Localization Quality,AMCLPose,MeanX,1.34792,704
8edb244f43d8dd55e1beadbf26663792,Localization Stability,TF,Jump Angular,0.325477,705
8edb244f43d8dd55e1beadbf26663792,Localization Stability,TF,Jump Linear,5.47945,705
8edb244f43d8dd55e1beadbf26663792,Input Validity,Lidar,Lidar Rate,10,705.23
8edb244f43d8dd55e1beadbf26663792,Input Validity,Odometry,Odometry Rate,50,705.23
8edb244f43d8dd55e1beadbf26663792,Input Validity,TF,TF Rate,3,705.23
8edb244f43d8dd55e1beadbf26663792,Input Validity,Lidar,Lidar Rate,10,705.33
8edb244f43d8dd55e1beadbf26663792,Input Validity,Odometry,Odometry Rate,50,705.33
8edb244f43d8dd55e1beadbf26663792,Input Validity,TF,TF Rate,3,705.33
8edb244f43d8dd55e1beadbf26663792,Localization Quality,AMCLPose,CovYawYaw,5.72579,704.6
8edb244f43d8dd55e1beadbf26663792,Localization Quality,AMCLPose,CovYY,4.37737,704.6
8edb244f43d8dd55e1beadbf26663792,Localization Quality,AMCLPose,CovXX,20.5028,704.6
8edb244f43d8dd55e1beadbf26663792,Localization Quality,AMCLPose,MeanYaw,1.60778,704.6
8edb244f43d8dd55e1beadbf26663792,Localization Quality,AMCLPose,MeanY,-0.933796,704.6
8edb244f43d8dd55e1beadbf26663792,Localization Quality,AMCLPose,MeanX,1.73081,704.6
8edb244f43d8dd55e1beadbf26663792,Localization Stability,TF,Jump Angular,0.392228,705.6
8edb244f43d8dd55e1beadbf26663792,Localization Stability,TF,Jump Linear,6.68672,705.6
8edb244f43d8dd55e1beadbf26663792,Input Validity,Lidar,Lidar Rate,10,705.43
8edb244f43d8dd55e1beadbf26663792,Input Validity,Odometry,Odometry Rate,50,705.43
8edb244f43d8dd55e1beadbf26663792,Input Validity,TF,TF Rate,1.66667,705.43
8edb244f43d8dd55e1beadbf26663792,Localization Quality,AMCLPose,CovYawYaw,5.72465,704.9
8edb244f43d8dd55e1beadbf26663792,Localization Quality,AMCLPose,CovYY,4.28814,704.9
8edb244f43d8dd55e1beadbf26663792,Localization Quality,AMCLPose,CovXX,20.6404,704.9
8edb244f43d8dd55e1beadbf26663792,Localization Quality,AMCLPose,MeanYaw,1.94043,704.9
8edb244f43d8dd55e1beadbf26663792,Localization Quality,AMCLPose,MeanY,-0.995601,704.9
8edb244f43d8dd55e1beadbf26663792,Localization Quality,AMCLPose,MeanX,1.76736,704.9
8edb244f43d8dd55e1beadbf26663792,Localization Stability,TF,Jump Angular,0.0376506,705.9
8edb244f43d8dd55e1beadbf26663792,Localization Stability,TF,Jump Linear,0.687792,705.9
8edb244f43d8dd55e1beadbf26663792,Input Validity,Lidar,Lidar Rate,10,705.53
8edb244f43d8dd55e1beadbf26663792,Input Validity,Odometry,Odometry Rate,50,705.53
8edb244f43d8dd55e1beadbf26663792,Input Validity,TF,TF Rate,2,705.53
8edb244f43d8dd55e1beadbf26663792,Localization Quality,AMCLPose,CovYawYaw,5.83972,705
8edb244f43d8dd55e1beadbf26663792,Localization Quality,AMCLPose,CovYY,4.58824,705
8edb244f43d8dd55e1beadbf26663792,Localization Quality,AMCLPose,CovXX,21.2061,705
8edb244f43d8dd55e1beadbf26663792,Localization Quality,AMCLPose,MeanYaw,1.7828,705
8edb244f43d8dd55e1beadbf26663792,Localization Quality,AMCLPose,MeanY,-0.970483,705
8edb244f43d8dd55e1beadbf26663792,Localization Quality,AMCLPose,MeanX,1.73347,705
8edb244f43d8dd55e1beadbf26663792,Localization Stability,TF,Jump Angular,-0.230603,706
8edb244f43d8dd55e1beadbf26663792,Localization Stability,TF,Jump Linear,3.82825,706
8edb244f43d8dd55e1beadbf26663792,Localization Stability,TF,Jump Angular,0,706.1
8edb244f43d8dd55e1beadbf26663792,Localization Stability,TF,Jump Linear,0,706.1
8edb244f43d8dd55e1beadbf26663792,Localization Stability,TF,Jump Angular,0,706.2
8edb244f43d8dd55e1beadbf26663792,Localization Stability,TF,Jump Linear,0,706.2
8edb244f43d8dd55e1beadbf26663792,Localization Stability,TF,Jump Angular,0,706.3
8edb244f43d8dd55e1beadbf26663792,Localization Stability,TF,Jump Linear,0,706.3
8edb244f43d8dd55e1beadbf26663792,Localization Stability,TF,Jump Angular,0,706.4
8edb244f43d8dd55e1beadbf26663792,Localization Stability,TF,Jump Linear,0,706.4
8edb244f43d8dd55e1beadbf26663792,Localization Stability,TF,Jump Angular,0,706.5
8edb244f43d8dd55e1beadbf26663792,Localization Stability,TF,Jump Linear,0,706.5
8edb244f43d8dd55e1beadbf26663792,Input Validity,Lidar,Lidar Rate,10,705.63
8edb244f43d8dd55e1beadbf26663792,Input Validity,Odometry,Odometry Rate,50,705.63
8edb244f43d8dd55e1beadbf26663792,Input Validity,TF,TF Rate,5.33333,705.63
8edb244f43d8dd55e1beadbf26663792,Localization Stability,TF,Jump Angular,0,706.6
8edb244f43d8dd55e1beadbf26663792,Localization Stability,TF,Jump Linear,0,706.6
8edb244f43d8dd55e1beadbf26663792,Input Validity,Lidar,Lidar Rate,10,705.73
8edb244f43d8dd55e1beadbf26663792,Input Validity,Odometry,Odometry Rate,50,705.73
8edb244f43d8dd55e1beadbf26663792,Input Validity,TF,TF Rate,5.625,705.73
8edb244f43d8dd55e1beadbf26663792,Localization Stability,TF,Jump Angular,0,706.7
8edb244f43d8dd55e1beadbf26663792,Localization Stability,TF,Jump Linear,0,706.7
8edb244f43d8dd55e1beadbf26663792,Input Validity,Lidar,Lidar Rate,10,705.83
8edb244f43d8dd55e1beadbf26663792,Input Validity,Odometry,Odometry Rate,50,705.83
8edb244f43d8dd55e1beadbf26663792,Input Validity,TF,TF Rate,5.88235,705.83
8edb244f43d8dd55e1beadbf26663792,Localization Stability,TF,Jump Angular,0,706.8
8edb244f43d8dd55e1beadbf26663792,Localization Stability,TF,Jump Linear,0,706.8
8edb244f43d8dd55e1beadbf26663792,Input Validity,Lidar,Lidar Rate,10,705.93
8edb244f43d8dd55e1beadbf26663792,Input Validity,Odometry,Odometry Rate,50,705.93
8edb244f43d8dd55e1beadbf26663792,Input Validity,TF,TF Rate,6.11111,705.93
8edb244f43d8dd55e1beadbf26663792,Localization Stability,TF,Jump Angular,0,706.9
8edb244f43d8dd55e1beadbf26663792,Localization Stability,TF,Jump Linear,0,706.9
8edb244f43d8dd55e1beadbf26663792,Input Validity,Lidar,Lidar Rate,10,706.02
8edb244f43d8dd55e1beadbf26663792,Input Validity,Odometry,Odometry Rate,50,706.02
8edb244f43d8dd55e1beadbf26663792,Input Validity,TF,TF Rate,6.31579,706.02
8edb244f43d8dd55e1beadbf26663792,Localization Stability,TF,Jump Angular,0,707
8edb244f43d8dd55e1beadbf26663792,Localization Stability,TF,Jump Linear,0,707
8edb244f43d8dd55e1beadbf26663792,Input Validity,Lidar,Lidar Rate,10,706.12
8edb244f43d8dd55e1beadbf26663792,Input Validity,Odometry,Odometry Rate,50,706.12
8edb244f43d8dd55e1beadbf26663792,Input Validity,TF,TF Rate,6.5,706.12
8edb244f43d8dd55e1beadbf26663792,Localization Stability,TF,Jump Angular,0,707.1
8edb244f43d8dd55e1beadbf26663792,Localization Stability,TF,Jump Linear,0,707.1
8edb244f43d8dd55e1beadbf26663792,Input Validity,Lidar,Lidar Rate,10,706.22
8edb244f43d8dd55e1beadbf26663792,Input Validity,Odometry,Odometry Rate,50,706.22
8edb244f43d8dd55e1beadbf26663792,Input Validity,TF,TF Rate,8.66667,706.22
8edb244f43d8dd55e1beadbf26663792,Localization Stability,TF,Jump Angular,0,707.2
8edb244f43d8dd55e1beadbf26663792,Localization Stability,TF,Jump Linear,0,707.2
8edb244f43d8dd55e1beadbf26663792,Input Validity,Lidar,Lidar Rate,10,706.32
8edb244f43d8dd55e1beadbf26663792,Input Validity,Odometry,Odometry Rate,50,706.32
8edb244f43d8dd55e1beadbf26663792,Input Validity,TF,TF Rate,8.75,706.32
8edb244f43d8dd55e1beadbf26663792,Localization Stability,TF,Jump Angular,0,707.3
8edb244f43d8dd55e1beadbf26663792,Localization Stability,TF,Jump Linear,0,707.3
8edb244f43d8dd55e1beadbf26663792,Input Validity,Lidar,Lidar Rate,10,706.42
8edb244f43d8dd55e1beadbf26663792,Input Validity,Odometry,Odometry Rate,50,706.42
8edb244f43d8dd55e1beadbf26663792,Input Validity,TF,TF Rate,8.82353,706.42
8edb244f43d8dd55e1beadbf26663792,Localization Stability,TF,Jump Angular,0,707.4
8edb244f43d8dd55e1beadbf26663792,Localization Stability,TF,Jump Linear,0,707.4
8edb244f43d8dd55e1beadbf26663792,Input Validity,Lidar,Lidar Rate,10,706.52
8edb244f43d8dd55e1beadbf26663792,Input Validity,Odometry,Odometry Rate,50,706.52
8edb244f43d8dd55e1beadbf26663792,Input Validity,TF,TF Rate,8.88889,706.52
8edb244f43d8dd55e1beadbf26663792,Localization Stability,TF,Jump Angular,0,707.5
8edb244f43d8dd55e1beadbf26663792,Localization Stability,TF,Jump Linear,0,707.5
8edb244f43d8dd55e1beadbf26663792,Input Validity,Lidar,Lidar Rate,10,706.62
8edb244f43d8dd55e1beadbf26663792,Input Validity,Odometry,Odometry Rate,50,706.62
8edb244f43d8dd55e1beadbf26663792,Input Validity,TF,TF Rate,8.94737,706.62
8edb244f43d8dd55e1beadbf26663792,Localization Stability,TF,Jump Angular,0,707.6
8edb244f43d8dd55e1beadbf26663792,Localization Stability,TF,Jump Linear,0,707.6
8edb244f43d8dd55e1beadbf26663792,Input Validity,Lidar,Lidar Rate,10,706.72
8edb244f43d8dd55e1beadbf26663792,Input Validity,Odometry,Odometry Rate,50,706.72
8edb244f43d8dd55e1beadbf26663792,Input Validity,TF,TF Rate,9,706.72
8edb244f43d8dd55e1beadbf26663792,Localization Stability,TF,Jump Angular,0,707.7
8edb244f43d8dd55e1beadbf26663792,Localization Stability,TF,Jump Linear,0,707.7
8edb244f43d8dd55e1beadbf26663792,Input Validity,Lidar,Lidar Rate,10,706.82
8edb244f43d8dd55e1beadbf26663792,Input Validity,Odometry,Odometry Rate,50,706.82
8edb244f43d8dd55e1beadbf26663792,Input Validity,TF,TF Rate,10,706.82
8edb244f43d8dd55e1beadbf26663792,Localization Stability,TF,Jump Angular,0,707.8
8edb244f43d8dd55e1beadbf26663792,Localization Stability,TF,Jump Linear,0,707.8
8edb244f43d8dd55e1beadbf26663792,Input Validity,Lidar,Lidar Rate,10,706.92
8edb244f43d8dd55e1beadbf26663792,Input Validity,Odometry,Odometry Rate,50,706.92
8edb244f43d8dd55e1beadbf26663792,Input Validity,TF,TF Rate,10,706.92
8edb244f43d8dd55e1beadbf26663792,Localization Stability,TF,Jump Angular,0,707.9
8edb244f43d8dd55e1beadbf26663792,Localization Stability,TF,Jump Linear,0,707.9
8edb244f43d8dd55e1beadbf26663792,Input Validity,Lidar,Lidar Rate,10,707.02
8edb244f43d8dd55e1beadbf26663792,Input Validity,Odometry,Odometry Rate,50,707.02
8edb244f43d8dd55e1beadbf26663792,Input Validity,TF,TF Rate,10,707.02
8edb244f43d8dd55e1beadbf26663792,Localization Stability,TF,Jump Angular,0,708
8edb244f43d8dd55e1beadbf26663792,Localization Stability,TF,Jump Linear,0,708
8edb244f43d8dd55e1beadbf26663792,Input Validity,Lidar,Lidar Rate,10,707.12
8edb244f43d8dd55e1beadbf26663792,Input Validity,Odometry,Odometry Rate,50,707.12
8edb244f43d8dd55e1beadbf26663792,Input Validity,TF,TF Rate,10,707.12
8edb244f43d8dd55e1beadbf26663792,Localization Stability,TF,Jump Angular,0,708.1
8edb244f43d8dd55e1beadbf26663792,Localization Stability,TF,Jump Linear,0,708.1
8edb244f43d8dd55e1beadbf26663792,Input Validity,Lidar,Lidar Rate,10,707.22
8edb244f43d8dd55e1beadbf26663792,Input Validity,Odometry,Odometry Rate,50,707.22
8edb244f43d8dd55e1beadbf26663792,Input Validity,TF,TF Rate,10,707.22
8edb244f43d8dd55e1beadbf26663792,Localization Stability,TF,Jump Angular,0,708.2
8edb244f43d8dd55e1beadbf26663792,Localization Stability,TF,Jump Linear,0,708.2
8edb244f43d8dd55e1beadbf26663792,Input Validity,Lidar,Lidar Rate,10,707.32
8edb244f43d8dd55e1beadbf26663792,Input Validity,Odometry,Odometry Rate,50,707.32
8edb244f43d8dd55e1beadbf26663792,Input Validity,TF,TF Rate,10,707.32
8edb244f43d8dd55e1beadbf26663792,Localization Stability,TF,Jump Angular,0,708.3
8edb244f43d8dd55e1beadbf26663792,Localization Stability,TF,Jump Linear,0,708.3
8edb244f43d8dd55e1beadbf26663792,Input Validity,Lidar,Lidar Rate,10,707.42
8edb244f43d8dd55e1beadbf26663792,Input Validity,Odometry,Odometry Rate,50,707.42
8edb244f43d8dd55e1beadbf26663792,Input Validity,TF,TF Rate,10,707.42
8edb244f43d8dd55e1beadbf26663792,Localization Stability,TF,Jump Angular,0,708.4
8edb244f43d8dd55e1beadbf26663792,Localization Stability,TF,Jump Linear,0,708.4
8edb244f43d8dd55e1beadbf26663792,Input Validity,Lidar,Lidar Rate,10,707.52
8edb244f43d8dd55e1beadbf26663792,Input Validity,Odometry,Odometry Rate,50,707.52
8edb244f43d8dd55e1beadbf26663792,Input Validity,TF,TF Rate,10,707.52
8edb244f43d8dd55e1beadbf26663792,Localization Stability,TF,Jump Angular,0,708.5
8edb244f43d8dd55e1beadbf26663792,Localization Stability,TF,Jump Linear,0,708.5
8edb244f43d8dd55e1beadbf26663792,Input Validity,Lidar,Lidar Rate,10,707.62
8edb244f43d8dd55e1beadbf26663792,Input Validity,Odometry,Odometry Rate,50,707.62
8edb244f43d8dd55e1beadbf26663792,Input Validity,TF,TF Rate,10,707.62
8edb244f43d8dd55e1beadbf26663792,Localization Stability,TF,Jump Angular,0,708.6
8edb244f43d8dd55e1beadbf26663792,Localization Stability,TF,Jump Linear,0,708.6
8edb244f43d8dd55e1beadbf26663792,Input Validity,Lidar,Lidar Rate,10,707.72
8edb244f43d8dd55e1beadbf26663792,Input Validity,Odometry,Odometry Rate,50,707.72
8edb244f43d8dd55e1beadbf26663792,Input Validity,TF,TF Rate,10,707.72
8edb244f43d8dd55e1beadbf26663792,Localization Stability,TF,Jump Angular,0,708.7
8edb244f43d8dd55e1beadbf26663792,Localization Stability,TF,Jump Linear,0,708.7
8edb244f43d8dd55e1beadbf26663792,Input Validity,Lidar,Lidar Rate,10,707.81
8edb244f43d8dd55e1beadbf26663792,Input Validity,Odometry,Odometry Rate,50,707.81
8edb244f43d8dd55e1beadbf26663792,Input Validity,TF,TF Rate,10,707.81
8edb244f43d8dd55e1beadbf26663792,Localization Stability,TF,Jump Angular,0,708.8
8edb244f43d8dd55e1beadbf26663792,Localization Stability,TF,Jump Linear,0,708.8
8edb244f43d8dd55e1beadbf26663792,Input Validity,Lidar,Lidar Rate,10,707.91
8edb244f43d8dd55e1beadbf26663792,Input Validity,Odometry,Odometry Rate,50,707.91
8edb244f43d8dd55e1beadbf26663792,Input Validity,TF,TF Rate,10,707.91
8edb244f43d8dd55e1beadbf26663792,Localization Stability,TF,Jump Angular,0,708.9
8edb244f43d8dd55e1beadbf26663792,Localization Stability,TF,Jump Linear,0,708.9
8edb244f43d8dd55e1beadbf26663792,Input Validity,Lidar,Lidar Rate,10,708.01
8edb244f43d8dd55e1beadbf26663792,Input Validity,Odometry,Odometry Rate,50,708.01
8edb244f43d8dd55e1beadbf26663792,Input Validity,TF,TF Rate,10,708.01
8edb244f43d8dd55e1beadbf26663792,Localization Stability,TF,Jump Angular,0,709
8edb244f43d8dd55e1beadbf26663792,Localization Stability,TF,Jump Linear,0,709
8edb244f43d8dd55e1beadbf26663792,Input Validity,Lidar,Lidar Rate,10,708.11
8edb244f43d8dd55e1beadbf26663792,Input Validity,Odometry,Odometry Rate,50,708.11
8edb244f43d8dd55e1beadbf26663792,Input Validity,TF,TF Rate,10,708.11
8edb244f43d8dd55e1beadbf26663792,Localization Stability,TF,Jump Angular,0,709.1
8edb244f43d8dd55e1beadbf26663792,Localization Stability,TF,Jump Linear,0,709.1
8edb244f43d8dd55e1beadbf26663792,Input Validity,Lidar,Lidar Rate,10,708.21
8edb244f43d8dd55e1beadbf26663792,Input Validity,Odometry,Odometry Rate,50,708.21
8edb244f43d8dd55e1beadbf26663792,Input Validity,TF,TF Rate,10,708.21
8edb244f43d8dd55e1beadbf26663792,Localization Stability,TF,Jump Angular,0,709.2
8edb244f43d8dd55e1beadbf26663792,Localization Stability,TF,Jump Linear,0,709.2
8edb244f43d8dd55e1beadbf26663792,Input Validity,Lidar,Lidar Rate,10,708.31
8edb244f43d8dd55e1beadbf26663792,Input Validity,Odometry,Odometry Rate,50,708.31
8edb244f43d8dd55e1beadbf26663792,Input Validity,TF,TF Rate,10,708.31
8edb244f43d8dd55e1beadbf26663792,Localization Stability,TF,Jump Angular,0,709.3
8edb244f43d8dd55e1beadbf26663792,Localization Stability,TF,Jump Linear,0,709.3
8edb244f43d8dd55e1beadbf26663792,Input Validity,Lidar,Lidar Rate,10,708.41
8edb244f43d8dd55e1beadbf26663792,Input Validity,Odometry,Odometry Rate,50,708.41
8edb244f43d8dd55e1beadbf26663792,Input Validity,TF,TF Rate,10,708.41
8edb244f43d8dd55e1beadbf26663792,Localization Stability,TF,Jump Angular,0,709.4
8edb244f43d8dd55e1beadbf26663792,Localization Stability,TF,Jump Linear,0,709.4
8edb244f43d8dd55e1beadbf26663792,Input Validity,Lidar,Lidar Rate,10,708.51
8edb244f43d8dd55e1beadbf26663792,Input Validity,Odometry,Odometry Rate,50,708.51
8edb244f43d8dd55e1beadbf26663792,Input Validity,TF,TF Rate,10,708.51
8edb244f43d8dd55e1beadbf26663792,Localization Stability,TF,Jump Angular,0,709.5
8edb244f43d8dd55e1beadbf26663792,Localization Stability,TF,Jump Linear,0,709.5
8edb244f43d8dd55e1beadbf26663792,Input Validity,Lidar,Lidar Rate,10,708.61
8edb244f43d8dd55e1beadbf26663792,Input Validity,Odometry,Odometry Rate,50,708.61
8edb244f43d8dd55e1beadbf26663792,Input Validity,TF,TF Rate,10,708.61
8edb244f43d8dd55e1beadbf26663792,Localization Stability,TF,Jump Angular,0,709.6
8edb244f43d8dd55e1beadbf26663792,Localization Stability,TF,Jump Linear,0,709.6
8edb244f43d8dd55e1beadbf26663792,Input Validity,Lidar,Lidar Rate,10,708.71
8edb244f43d8dd55e1beadbf26663792,Input Validity,Odometry,Odometry Rate,50,708.71
8edb244f43d8dd55e1beadbf26663792,Input Validity,TF,TF Rate,10,708.71
8edb244f43d8dd55e1beadbf26663792,Localization Stability,TF,Jump Angular,0,709.7
8edb244f43d8dd55e1beadbf26663792,Localization Stability,TF,Jump Linear,0,709.7
8edb244f43d8dd55e1beadbf26663792,Input Validity,Lidar,Lidar Rate,10,708.81
8edb244f43d8dd55e1beadbf26663792,Input Validity,Odometry,Odometry Rate,50,708.81
8edb244f43d8dd55e1beadbf26663792,Input Validity,TF,TF Rate,10,708.81
8edb244f43d8dd55e1beadbf26663792,Localization Stability,TF,Jump Angular,0,709.8
8edb244f43d8dd55e1beadbf26663792,Localization Stability,TF,Jump Linear,0,709.8
8edb244f43d8dd55e1beadbf26663792,Input Validity,Lidar,Lidar Rate,10,708.91
8edb244f43d8dd55e1beadbf26663792,Input Validity,Odometry,Odometry Rate,50,708.91
8edb244f43d8dd55e1beadbf26663792,Input Validity,TF,TF Rate,10,708.91
8edb244f43d8dd55e1beadbf26663792,Localization Stability,TF,Jump Angular,0,709.9
8edb244f43d8dd55e1beadbf26663792,Localization Stability,TF,Jump Linear,0,709.9
8edb244f43d8dd55e1beadbf26663792,Input Validity,Lidar,Lidar Rate,10,709.01
8edb244f43d8dd55e1beadbf26663792,Input Validity,Odometry,Odometry Rate,50,709.01
8edb244f43d8dd55e1beadbf26663792,Input Validity,TF,TF Rate,10,709.01
8edb244f43d8dd55e1beadbf26663792,Localization Stability,TF,Jump Angular,0,710
8edb244f43d8dd55e1beadbf26663792,Localization Stability,TF,Jump Linear,0,710
8edb244f43d8dd55e1beadbf26663792,Input Validity,Lidar,Lidar Rate,10,709.11
8edb244f43d8dd55e1beadbf26663792,Input Validity,Odometry,Odometry Rate,50,709.11
8edb244f43d8dd55e1beadbf26663792,Input Validity,TF,TF Rate,10,709.11
8edb244f43d8dd55e1beadbf26663792,Localization Stability,TF,Jump Angular,0,710.1
8edb244f43d8dd55e1beadbf26663792,Localization Stability,TF,Jump Linear,0,710.1
8edb244f43d8dd55e1beadbf26663792,Input Validity,Lidar,Lidar Rate,10,709.21
8edb244f43d8dd55e1beadbf26663792,Input Validity,Odometry,Odometry Rate,50,709.21
8edb244f43d8dd55e1beadbf26663792,Input Validity,TF,TF Rate,10,709.21
8edb244f43d8dd55e1beadbf26663792,Localization Stability,TF,Jump Angular,0,710.2
8edb244f43d8dd55e1beadbf26663792,Localization Stability,TF,Jump Linear,0,710.2
8edb244f43d8dd55e1beadbf26663792,Input Validity,Lidar,Lidar Rate,10,709.31
8edb244f43d8dd55e1beadbf26663792,Input Validity,Odometry,Odometry Rate,50,709.31
8edb244f43d8dd55e1beadbf26663792,Input Validity,TF,TF Rate,10,709.31
8edb244f43d8dd55e1beadbf26663792,Localization Stability,TF,Jump Angular,0,710.3
8edb244f43d8dd55e1beadbf26663792,Localization Stability,TF,Jump Linear,0,710.3
8edb244f43d8dd55e1beadbf26663792,Input Validity,Lidar,Lidar Rate,10,709.41
8edb244f43d8dd55e1beadbf26663792,Input Validity,Odometry,Odometry Rate,50,709.41
8edb244f43d8dd55e1beadbf26663792,Input Validity,TF,TF Rate,10,709.41
8edb244f43d8dd55e1beadbf26663792,Localization Stability,TF,Jump Angular,0,710.4
8edb244f43d8dd55e1beadbf26663792,Localization Stability,TF,Jump Linear,0,710.4
8edb244f43d8dd55e1beadbf26663792,Input Validity,Lidar,Lidar Rate,10,709.5
8edb244f43d8dd55e1beadbf26663792,Input Validity,Odometry,Odometry Rate,50,709.5
8edb244f43d8dd55e1beadbf26663792,Input Validity,TF,TF Rate,10,709.5
8edb244f43d8dd55e1beadbf26663792,Localization Stability,TF,Jump Angular,0,710.5
8edb244f43d8dd55e1beadbf26663792,Localization Stability,TF,Jump Linear,0,710.5
8edb244f43d8dd55e1beadbf26663792,Input Validity,Lidar,Lidar Rate,10,709.6
8edb244f43d8dd55e1beadbf26663792,Input Validity,Odometry,Odometry Rate,50,709.6
8edb244f43d8dd55e1beadbf26663792,Input Validity,TF,TF Rate,10,709.6
8edb244f43d8dd55e1beadbf26663792,Localization Stability,TF,Jump Angular,0,710.6
8edb244f43d8dd55e1beadbf26663792,Localization Stability,TF,Jump Linear,0,710.6
8edb244f43d8dd55e1beadbf26663792,Input Validity,Lidar,Lidar Rate,10,709.7
8edb244f43d8dd55e1beadbf26663792,Input Validity,Odometry,Odometry Rate,50,709.7
8edb244f43d8dd55e1beadbf26663792,Input Validity,TF,TF Rate,10,709.7
8edb244f43d8dd55e1beadbf26663792,Localization Stability,TF,Jump Angular,0,710.7
8edb244f43d8dd55e1beadbf26663792,Localization Stability,TF,Jump Linear,0,710.7
8edb244f43d8dd55e1beadbf26663792,Input Validity,Lidar,Lidar Rate,10,709.8
8edb244f43d8dd55e1beadbf26663792,Input Validity,Odometry,Odometry Rate,50,709.8
8edb244f43d8dd55e1beadbf26663792,Input Validity,TF,TF Rate,10,709.8
8edb244f43d8dd55e1beadbf26663792,Localization Stability,TF,Jump Angular,0,710.8
8edb244f43d8dd55e1beadbf26663792,Localization Stability,TF,Jump Linear,0,710.8
8edb244f43d8dd55e1beadbf26663792,Input Validity,Lidar,Lidar Rate,10,709.9
8edb244f43d8dd55e1beadbf26663792,Input Validity,Odometry,Odometry Rate,50,709.9
8edb244f43d8dd55e1beadbf26663792,Input Validity,TF,TF Rate,10,709.9
8edb244f43d8dd55e1beadbf26663792,Localization Stability,TF,Jump Angular,0,710.9
8edb244f43d8dd55e1beadbf26663792,Localization Stability,TF,Jump Linear,0,710.9
8edb244f43d8dd55e1beadbf26663792,Input Validity,Lidar,Lidar Rate,10,710
8edb244f43d8dd55e1beadbf26663792,Input Validity,Odometry,Odometry Rate,50,710
8edb244f43d8dd55e1beadbf26663792,Input Validity,TF,TF Rate,10,710
8edb244f43d8dd55e1beadbf26663792,Localization Stability,TF,Jump Angular,0,711
8edb244f43d8dd55e1beadbf26663792,Localization Stability,TF,Jump Linear,0,711
8edb244f43d8dd55e1beadbf26663792,Input Validity,Lidar,Lidar Rate,10,710.1
8edb244f43d8dd55e1beadbf26663792,Input Validity,Odometry,Odometry Rate,50,710.1
8edb244f43d8dd55e1beadbf26663792,Input Validity,TF,TF Rate,10,710.1
8edb244f43d8dd55e1beadbf26663792,Localization Stability,TF,Jump Angular,0,711.1
8edb244f43d8dd55e1beadbf26663792,Localization Stability,TF,Jump Linear,0,711.1
8edb244f43d8dd55e1beadbf26663792,Input Validity,Lidar,Lidar Rate,10,710.2
8edb244f43d8dd55e1beadbf26663792,Input Validity,Odometry,Odometry Rate,50,710.2
8edb244f43d8dd55e1beadbf26663792,Input Validity,TF,TF Rate,10,710.2
8edb244f43d8dd55e1beadbf26663792,Localization Stability,TF,Jump Angular,0,711.2
8edb244f43d8dd55e1beadbf26663792,Localization Stability,TF,Jump Linear,0,711.2
8edb244f43d8dd55e1beadbf26663792,Input Validity,Lidar,Lidar Rate,10,710.3
8edb244f43d8dd55e1beadbf26663792,Input Validity,Odometry,Odometry Rate,50,710.3
8edb244f43d8dd55e1beadbf26663792,Input Validity,TF,TF Rate,10,710.3
8edb244f43d8dd55e1beadbf26663792,Localization Stability,TF,Jump Angular,0,711.3
8edb244f43d8dd55e1beadbf26663792,Localization Stability,TF,Jump Linear,0,711.3
8edb244f43d8dd55e1beadbf26663792,Input Validity,Lidar,Lidar Rate,10,710.4
8edb244f43d8dd55e1beadbf26663792,Input Validity,Odometry,Odometry Rate,50,710.4
8edb244f43d8dd55e1beadbf26663792,Input Validity,TF,TF Rate,10,710.4
8edb244f43d8dd55e1beadbf26663792,Localization Stability,TF,Jump Angular,0,711.4
8edb244f43d8dd55e1beadbf26663792,Localization Stability,TF,Jump Linear,0,711.4
8edb244f43d8dd55e1beadbf26663792,Input Validity,Lidar,Lidar Rate,10,710.5
8edb244f43d8dd55e1beadbf26663792,Input Validity,Odometry,Odometry Rate,50,710.5
8edb244f43d8dd55e1beadbf26663792,Input Validity,TF,TF Rate,10,710.5
8edb244f43d8dd55e1beadbf26663792,Localization Stability,TF,Jump Angular,0,711.5
8edb244f43d8dd55e1beadbf26663792,Localization Stability,TF,Jump Linear,0,711.5
8edb244f43d8dd55e1beadbf26663792,Input Validity,Lidar,Lidar Rate,10,710.6
8edb244f43d8dd55e1beadbf26663792,Input Validity,Odometry,Odometry Rate,50,710.6
8edb244f43d8dd55e1beadbf26663792,Input Validity,TF,TF Rate,10,710.6
8edb244f43d8dd55e1beadbf26663792,Localization Stability,TF,Jump Angular,0,711.6
8edb244f43d8dd55e1beadbf26663792,Localization Stability,TF,Jump Linear,0,711.6
8edb244f43d8dd55e1beadbf26663792,Input Validity,Lidar,Lidar Rate,10,710.7
8edb244f43d8dd55e1beadbf26663792,Input Validity,Odometry,Odometry Rate,50,710.7
8edb244f43d8dd55e1beadbf26663792,Input Validity,TF,TF Rate,10,710.7
8edb244f43d8dd55e1beadbf26663792,Localization Stability,TF,Jump Angular,0,711.7
8edb244f43d8dd55e1beadbf26663792,Localization Stability,TF,Jump Linear,0,711.7
8edb244f43d8dd55e1beadbf26663792,Input Validity,Lidar,Lidar Rate,10,710.8
8edb244f43d8dd55e1beadbf26663792,Input Validity,Odometry,Odometry Rate,50,710.8
8edb244f43d8dd55e1beadbf26663792,Input Validity,TF,TF Rate,10,710.8
8edb244f43d8dd55e1beadbf26663792,Localization Stability,TF,Jump Angular,0,711.8
8edb244f43d8dd55e1beadbf26663792,Localization Stability,TF,Jump Linear,0,711.8
8edb244f43d8dd55e1beadbf26663792,Input Validity,Lidar,Lidar Rate,10,710.9
8edb244f43d8dd55e1beadbf26663792,Input Validity,Odometry,Odometry Rate,50,710.9
8edb244f43d8dd55e1beadbf26663792,Input Validity,TF,TF Rate,10,710.9
8edb244f43d8dd55e1beadbf26663792,Localization Stability,TF,Jump Angular,0,711.9
8edb244f43d8dd55e1beadbf26663792,Localization Stability,TF,Jump Linear,0,711.9
8edb244f43d8dd55e1beadbf26663792,Input Validity,Lidar,Lidar Rate,10,711
8edb244f43d8dd55e1beadbf26663792,Input Validity,Odometry,Odometry Rate,50,711
8edb244f43d8dd55e1beadbf26663792,Input Validity,TF,TF Rate,10,711
8edb244f43d8dd55e1beadbf26663792,Input Validity,Lidar,Lidar Rate,10,711.09
8edb244f43d8dd55e1beadbf26663792,Input Validity,Odometry,Odometry Rate,50,711.09
8edb244f43d8dd55e1beadbf26663792,Input Validity,TF,TF Rate,10,711.09
8edb244f43d8dd55e1beadbf26663792,Localization Quality,AMCLPose,CovYawYaw,5.7446,711
8edb244f43d8dd55e1beadbf26663792,Localization Quality,AMCLPose,CovYY,4.78151,711
8edb244f43d8dd55e1beadbf26663792,Localization Quality,AMCLPose,CovXX,21.1969,711
8edb244f43d8dd55e1beadbf26663792,Localization Quality,AMCLPose,MeanYaw,1.81377,711
8edb244f43d8dd55e1beadbf26663792,Localization Quality,AMCLPose,MeanY,-1.01841,711
8edb244f43d8dd55e1beadbf26663792,Localization Quality,AMCLPose,MeanX,2.05049,711
8edb244f43d8dd55e1beadbf26663792,Localization Stability,TF,Jump Angular,-0.00942307,712
8edb244f43d8dd55e1beadbf26663792,Localization Stability,TF,Jump Linear,0.265946,712
8edb244f43d8dd55e1beadbf26663792,Localization Stability,TF,Jump Angular,0,712.1
8edb244f43d8dd55e1beadbf26663792,Localization Stability,TF,Jump Linear,0,712.1
8edb244f43d8dd55e1beadbf26663792,Input Validity,Lidar,Lidar Rate,10,711.19
8edb244f43d8dd55e1beadbf26663792,Input Validity,Odometry,Odometry Rate,50,711.19
8edb244f43d8dd55e1beadbf26663792,Input Validity,TF,TF Rate,10,711.19
8edb244f43d8dd55e1beadbf26663792,Localization Stability,TF,Jump Angular,0,712.2
8edb244f43d8dd55e1beadbf26663792,Localization Stability,TF,Jump Linear,0,712.2
8edb244f43d8dd55e1beadbf26663792,Input Validity,Lidar,Lidar Rate,10,711.29
8edb244f43d8dd55e1beadbf26663792,Input Validity,Odometry,Odometry Rate,50,711.29
8edb244f43d8dd55e1beadbf26663792,Input Validity,TF,TF Rate,10,711.29
8edb244f43d8dd55e1beadbf26663792,Localization Stability,TF,Jump Angular,0,712.3
8edb244f43d8dd55e1beadbf26663792,Localization Stability,TF,Jump Linear,0,712.3
8edb244f43d8dd55e1beadbf26663792,Input Validity,Lidar,Lidar Rate,10,711.39
8edb244f43d8dd55e1beadbf26663792,Input Validity,Odometry,Odometry Rate,50,711.39
8edb244f43d8dd55e1beadbf26663792,Input Validity,TF,TF Rate,10,711.39
8edb244f43d8dd55e1beadbf26663792,Localization Stability,TF,Jump Angular,0,712.4
8edb244f43d8dd55e1beadbf26663792,Localization Stability,TF,Jump Linear,0,712.4
8edb244f43d8dd55e1beadbf26663792,Input Validity,Lidar,Lidar Rate,10,711.49
8edb244f43d8dd55e1beadbf26663792,Input Validity,Odometry,Odometry Rate,50,711.49
8edb244f43d8dd55e1beadbf26663792,Input Validity,TF,TF Rate,10,711.49
8edb244f43d8dd55e1beadbf26663792,Localization Stability,TF,Jump Angular,0,712.5
8edb244f43d8dd55e1beadbf26663792,Localization Stability,TF,Jump Linear,0,712.5
8edb244f43d8dd55e1beadbf26663792,Input Validity,Lidar,Lidar Rate,10,711.59
8edb244f43d8dd55e1beadbf26663792,Input Validity,Odometry,Odometry Rate,50,711.59
8edb244f43d8dd55e1beadbf26663792,Input Validity,TF,TF Rate,10,711.59
8edb244f43d8dd55e1beadbf26663792,Localization Stability,TF,Jump Angular,0,712.6
8edb244f43d8dd55e1beadbf26663792,Localization Stability,TF,Jump Linear,0,712.6
8edb244f43d8dd55e1beadbf26663792,Input Validity,Lidar,Lidar Rate,10,711.69
8edb244f43d8dd55e1beadbf26663792,Input Validity,Odometry,Odometry Rate,50,711.69
8edb244f43d8dd55e1beadbf26663792,Input Validity,TF,TF Rate,10,711.69
8edb244f43d8dd55e1beadbf26663792,Input Validity,Lidar,Lidar Rate,10,711.79
8edb244f43d8dd55e1beadbf26663792,Input Validity,Odometry,Odometry Rate,50,711.79
8edb244f43d8dd55e1beadbf26663792,Input Validity,TF,TF Rate,10,711.79
8edb244f43d8dd55e1beadbf26663792,Localization Quality,AMCLPose,CovYawYaw,6.20899,711.7
8edb244f43d8dd55e1beadbf26663792,Localization Quality,AMCLPose,CovYY,4.96153,711.7
8edb244f43d8dd55e1beadbf26663792,Localization Quality,AMCLPose,CovXX,21.3284,711.7
8edb244f43d8dd55e1beadbf26663792,Localization Quality,AMCLPose,MeanYaw,2.09165,711.7
8edb244f43d8dd55e1beadbf26663792,Localization Quality,AMCLPose,MeanY,-1.11974,711.7
8edb244f43d8dd55e1beadbf26663792,Localization Quality,AMCLPose,MeanX,2.34092,711.7
8edb244f43d8dd55e1beadbf26663792,Localization Stability,TF,Jump Angular,0.277878,712.7
8edb244f43d8dd55e1beadbf26663792,Localization Stability,TF,Jump Linear,4.72453,712.7
8edb244f43d8dd55e1beadbf26663792,Localization Stability,TF,Jump Angular,0,712.8
8edb244f43d8dd55e1beadbf26663792,Localization Stability,TF,Jump Linear,0,712.8
8edb244f43d8dd55e1beadbf26663792,Input Validity,Lidar,Lidar Rate,10,711.89
8edb244f43d8dd55e1beadbf26663792,Input Validity,Odometry,Odometry Rate,50,711.89
8edb244f43d8dd55e1beadbf26663792,Input Validity,TF,TF Rate,10,711.89
8edb244f43d8dd55e1beadbf26663792,Localization Stability,TF,Jump Angular,0,712.9
8edb244f43d8dd55e1beadbf26663792,Localization Stability,TF,Jump Linear,0,712.9
8edb244f43d8dd55e1beadbf26663792,Input Validity,Lidar,Lidar Rate,10,711.99
8edb244f43d8dd55e1beadbf26663792,Input Validity,Odometry,Odometry Rate,50,711.99
8edb244f43d8dd55e1beadbf26663792,Input Validity,TF,TF Rate,10,711.99
8edb244f43d8dd55e1beadbf26663792,Localization Stability,TF,Jump Angular,0,713
8edb244f43d8dd55e1beadbf26663792,Localization Stability,TF,Jump Linear,0,713
8edb244f43d8dd55e1beadbf26663792,Input Validity,Lidar,Lidar Rate,10,712.09
8edb244f43d8dd55e1beadbf26663792,Input Validity,Odometry,Odometry Rate,50,712.09
8edb244f43d8dd55e1beadbf26663792,Input Validity,TF,TF Rate,10,712.09
8edb244f43d8dd55e1beadbf26663792,Localization Stability,TF,Jump Angular,0,713.1
8edb244f43d8dd55e1beadbf26663792,Localization Stability,TF,Jump Linear,0,713.1
8edb244f43d8dd55e1beadbf26663792,Input Validity,Lidar,Lidar Rate,10,712.19
8edb244f43d8dd55e1beadbf26663792,Input Validity,Odometry,Odometry Rate,50,712.19
8edb244f43d8dd55e1beadbf26663792,Input Validity,TF,TF Rate,10,712.19
8edb244f43d8dd55e1beadbf26663792,Localization Stability,TF,Jump Angular,0,713.2
8edb244f43d8dd55e1beadbf26663792,Localization Stability,TF,Jump Linear,0,713.2
8edb244f43d8dd55e1beadbf26663792,Input Validity,Lidar,Lidar Rate,10,712.29
8edb244f43d8dd55e1beadbf26663792,Input Validity,Odometry,Odometry Rate,50,712.29
8edb244f43d8dd55e1beadbf26663792,Input Validity,TF,TF Rate,10,712.29
8edb244f43d8dd55e1beadbf26663792,Localization Stability,TF,Jump Angular,0,713.3
8edb244f43d8dd55e1beadbf26663792,Localization Stability,TF,Jump Linear,0,713.3
8edb244f43d8dd55e1beadbf26663792,Input Validity,Lidar,Lidar Rate,10,712.39
8edb244f43d8dd55e1beadbf26663792,Input Validity,Odometry,Odometry Rate,50,712.39
8edb244f43d8dd55e1beadbf26663792,Input Validity,TF,TF Rate,10,712.39
8edb244f43d8dd55e1beadbf26663792,Input Validity,Lidar,Lidar Rate,10,712.49
8edb244f43d8dd55e1beadbf26663792,Input Validity,Odometry,Odometry Rate,50,712.49
8edb244f43d8dd55e1beadbf26663792,Input Validity,TF,TF Rate,10,712.49
8edb244f43d8dd55e1beadbf26663792,Localization Quality,AMCLPose,CovYawYaw,6.02774,712.4
8edb244f43d8dd55e1beadbf26663792,Localization Quality,AMCLPose,CovYY,5.13573,712.4
8edb244f43d8dd55e1beadbf26663792,Localization Quality,AMCLPose,CovXX,21.5207,712.4
8edb244f43d8dd55e1beadbf26663792,Localization Quality,AMCLPose,MeanYaw,2.60785,712.4
8edb244f43d8dd55e1beadbf26663792,Localization Quality,AMCLPose,MeanY,-1.03824,712.4
8edb244f43d8dd55e1beadbf26663792,Localization Quality,AMCLPose,MeanX,3.03707,712.4
8edb244f43d8dd55e1beadbf26663792,Localization Stability,TF,Jump Angular,0.516196,713.4
8edb244f43d8dd55e1beadbf26663792,Localization Stability,TF,Jump Linear,8.87264,713.4
8edb244f43d8dd55e1beadbf26663792,Localization Stability,TF,Jump Angular,0,713.5
8edb244f43d8dd55e1beadbf26663792,Localization Stability,TF,Jump Linear,0,713.5
8edb244f43d8dd55e1beadbf26663792,Input Validity,Lidar,Lidar Rate,10,712.59
8edb244f43d8dd55e1beadbf26663792,Input Validity,Odometry,Odometry Rate,50,712.59
8edb244f43d8dd55e1beadbf26663792,Input Validity,TF,TF Rate,10,712.59
8edb244f43d8dd55e1beadbf26663792,Input Validity,Lidar,Lidar Rate,10,712.69
8edb244f43d8dd55e1beadbf26663792,Input Validity,Odometry,Odometry Rate,50,712.69
8edb244f43d8dd55e1beadbf26663792,Input Validity,TF,TF Rate,10,712.69
8edb244f43d8dd55e1beadbf26663792,Localization Stability,TF,Jump Angular,0,713.6
8edb244f43d8dd55e1beadbf26663792,Localization Stability,TF,Jump Linear,0,713.6
8edb244f43d8dd55e1beadbf26663792,Input Validity,Lidar,Lidar Rate,10,712.78
8edb244f43d8dd55e1beadbf26663792,Input Validity,Odometry,Odometry Rate,50,712.78
8edb244f43d8dd55e1beadbf26663792,Input Validity,TF,TF Rate,10,712.78
8edb244f43d8dd55e1beadbf26663792,Input Validity,Lidar,Lidar Rate,10,712.88
8edb244f43d8dd55e1beadbf26663792,Input Validity,Odometry,Odometry Rate,50,712.88
8edb244f43d8dd55e1beadbf26663792,Input Validity,TF,TF Rate,10,712.88
8edb244f43d8dd55e1beadbf26663792,Input Validity,Lidar,Lidar Rate,10,712.98
8edb244f43d8dd55e1beadbf26663792,Input Validity,Odometry,Odometry Rate,50,712.98
8edb244f43d8dd55e1beadbf26663792,Input Validity,TF,TF Rate,10,712.98
8edb244f43d8dd55e1beadbf26663792,Localization Quality,AMCLPose,CovYawYaw,4.28548,712.7
8edb244f43d8dd55e1beadbf26663792,Localization Quality,AMCLPose,CovYY,4.47655,712.7
8edb244f43d8dd55e1beadbf26663792,Localization Quality,AMCLPose,CovXX,21.8882,712.7
8edb244f43d8dd55e1beadbf26663792,Localization Quality,AMCLPose,MeanYaw,2.32705,712.7
8edb244f43d8dd55e1beadbf26663792,Localization Quality,AMCLPose,MeanY,-1.36661,712.7
8edb244f43d8dd55e1beadbf26663792,Localization Quality,AMCLPose,MeanX,5.59138,712.7
8edb244f43d8dd55e1beadbf26663792,Localization Stability,TF,Jump Angular,-0.354821,713.7
8edb244f43d8dd55e1beadbf26663792,Localization Stability,TF,Jump Linear,3.28387,713.7
8edb244f43d8dd55e1beadbf26663792,Localization Stability,TF,Jump Angular,0,713.8
8edb244f43d8dd55e1beadbf26663792,Localization Stability,TF,Jump Linear,0,713.8
8edb244f43d8dd55e1beadbf26663792,Input Validity,Lidar,Lidar Rate,10,713.08
8edb244f43d8dd55e1beadbf26663792,Input Validity,Odometry,Odometry Rate,50,713.08
8edb244f43d8dd55e1beadbf26663792,Input Validity,TF,TF Rate,10,713.08
8edb244f43d8dd55e1beadbf26663792,Input Validity,Lidar,Lidar Rate,10,713.18
8edb244f43d8dd55e1beadbf26663792,Input Validity,Odometry,Odometry Rate,50,713.18
8edb244f43d8dd55e1beadbf26663792,Input Validity,TF,TF Rate,10,713.18
8edb244f43d8dd55e1beadbf26663792,Localization Quality,AMCLPose,CovYawYaw,3.61994,712.9
8edb244f43d8dd55e1beadbf26663792,Localization Quality,AMCLPose,CovYY,4.24922,712.9
8edb244f43d8dd55e1beadbf26663792,Localization Quality,AMCLPose,CovXX,21.8166,712.9
8edb244f43d8dd55e1beadbf26663792,Localization Quality,AMCLPose,MeanYaw,2.37132,712.9
8edb244f43d8dd55e1beadbf26663792,Localization Quality,AMCLPose,MeanY,-1.39605,712.9
8edb244f43d8dd55e1beadbf26663792,Localization Quality,AMCLPose,MeanX,5.82854,712.9
8edb244f43d8dd55e1beadbf26663792,Localization Stability,TF,Jump Angular,-0.0288222,713.9
8edb244f43d8dd55e1beadbf26663792,Localization Stability,TF,Jump Linear,0.235318,713.9
8edb244f43d8dd55e1beadbf26663792,Localization Stability,TF,Jump Angular,0,714
8edb244f43d8dd55e1beadbf26663792,Localization Stability,TF,Jump Linear,0,714
8edb244f43d8dd55e1beadbf26663792,Input Validity,Lidar,Lidar Rate,10,713.28
8edb244f43d8dd55e1beadbf26663792,Input Validity,Odometry,Odometry Rate,50,713.28
8edb244f43d8dd55e1beadbf26663792,Input Validity,TF,TF Rate,10,713.28
8edb244f43d8dd55e1beadbf26663792,Input Validity,Lidar,Lidar Rate,10,713.38
8edb244f43d8dd55e1beadbf26663792,Input Validity,Odometry,Odometry Rate,50,713.38
8edb244f43d8dd55e1beadbf26663792,Input Validity,TF,TF Rate,10,713.38
8edb244f43d8dd55e1beadbf26663792,Localization Quality,AMCLPose,CovYawYaw,3.10939,713.1
8edb244f43d8dd55e1beadbf26663792,Localization Quality,AMCLPose,CovYY,4.01102,713.1
8edb244f43d8dd55e1beadbf26663792,Localization Quality,AMCLPose,CovXX,21.5558,713.1
8edb244f43d8dd55e1beadbf26663792,Localization Quality,AMCLPose,MeanYaw,1.97856,713.1
8edb244f43d8dd55e1beadbf26663792,Localization Quality,AMCLPose,MeanY,-2.01359,713.1
8edb244f43d8dd55e1beadbf26663792,Localization Quality,AMCLPose,MeanX,6.096,713.1
8edb244f43d8dd55e1beadbf26663792,Localization Stability,TF,Jump Angular,-0.444618,714.1
8edb244f43d8dd55e1beadbf26663792,Localization Stability,TF,Jump Linear,6.54195,714.1
8edb244f43d8dd55e1beadbf26663792,Localization Stability,TF,Jump Angular,0,714.2
8edb244f43d8dd55e1beadbf26663792,Localization Stability,TF,Jump Linear,0,714.2
8edb244f43d8dd55e1beadbf26663792,Localization Stability,TF,Jump Angular,0,714.3
8edb244f43d8dd55e1beadbf26663792,Localization Stability,TF,Jump Linear,0,714.3
8edb244f43d8dd55e1beadbf26663792,Input Validity,Lidar,Lidar Rate,10,713.48
8edb244f43d8dd55e1beadbf26663792,Input Validity,Odometry,Odometry Rate,50,713.48
8edb244f43d8dd55e1beadbf26663792,Input Validity,TF,TF Rate,10,713.48
8edb244f43d8dd55e1beadbf26663792,Input Validity,Lidar,Lidar Rate,10,713.58
8edb244f43d8dd55e1beadbf26663792,Input Validity,Odometry,Odometry Rate,50,713.58
8edb244f43d8dd55e1beadbf26663792,Input Validity,TF,TF Rate,10,713.58
8edb244f43d8dd55e1beadbf26663792,Localization Quality,AMCLPose,CovYawYaw,2.63918,713.4
8edb244f43d8dd55e1beadbf26663792,Localization Quality,AMCLPose,CovYY,3.66783,713.4
8edb244f43d8dd55e1beadbf26663792,Localization Quality,AMCLPose,CovXX,20.3482,713.4
8edb244f43d8dd55e1beadbf26663792,Localization Quality,AMCLPose,MeanYaw,2.80804,713.4
8edb244f43d8dd55e1beadbf26663792,Localization Quality,AMCLPose,MeanY,-0.576649,713.4
8edb244f43d8dd55e1beadbf26663792,Localization Quality,AMCLPose,MeanX,6.47864,713.4
8edb244f43d8dd55e1beadbf26663792,Localization Stability,TF,Jump Angular,0.789514,714.4
8edb244f43d8dd55e1beadbf26663792,Localization Stability,TF,Jump Linear,12.3288,714.4
8edb244f43d8dd55e1beadbf26663792,Localization Stability,TF,Jump Angular,0,714.5
8edb244f43d8dd55e1beadbf26663792,Localization Stability,TF,Jump Linear,0,714.5
8edb244f43d8dd55e1beadbf26663792,Input Validity,Lidar,Lidar Rate,10,713.68
8edb244f43d8dd55e1beadbf26663792,Input Validity,Odometry,Odometry Rate,50,713.68
8edb244f43d8dd55e1beadbf26663792,Input Validity,TF,TF Rate,10,713.68
8edb244f43d8dd55e1beadbf26663792,Input Validity,Lidar,Lidar Rate,10,713.78
8edb244f43d8dd55e1beadbf26663792,Input Validity,Odometry,Odometry Rate,50,713.78
8edb244f43d8dd55e1beadbf26663792,Input Validity,TF,TF Rate,10,713.78
8edb244f43d8dd55e1beadbf26663792,Input Validity,Lidar,Lidar Rate,10,713.88
8edb244f43d8dd55e1beadbf26663792,Input Validity,Odometry,Odometry Rate,50,713.88
8edb244f43d8dd55e1beadbf26663792,Input Validity,TF,TF Rate,10,713.88
8edb244f43d8dd55e1beadbf26663792,Localization Recovery,TTR,Kidnap Angle,2.77649,713.94
8edb244f43d8dd55e1beadbf26663792,Localization Recovery,TTR,Kidnap Distance,0.748696,713.94
8edb244f43d8dd55e1beadbf26663792,Localization Recovery,TTR,TTR Outcome,2,713.94
8edb244f43d8dd55e1beadbf26663792,Localization Recovery,TTR,TTR,-1,713.94
8edb244f43d8dd55e1beadbf26663792,Mission Outcome,Episode Event,Recoveries,0,713.94
8edb244f43d8dd55e1beadbf26663792,Mission Outcome,Episode Event,Collisions,0,713.94
8edb244f43d8dd55e1beadbf26663792,Mission Outcome,Episode Event,Navigation Time,13.6,713.94
8edb244f43d8dd55e1beadbf26663792,Mission Outcome,Episode Event,Goal Result,2,713.94
8edb244f43d8dd55e1beadbf26663792,Input Validity,AMCLPose,Pose Monotonicity,0,713.94
8edb244f43d8dd55e1beadbf26663792,Input Validity,Lidar,Lidar Frame Mistmatch,0,713.94
8edb244f43d8dd55e1beadbf26663792,Input Validity,Lidar,Lidar Monotonicity,0,713.94
8edb244f43d8dd55e1beadbf26663792,Input Validity,Odometry,Odometry Frame Mismatch,0,713.94
8edb244f43d8dd55e1beadbf26663792,Input Validity,Odometry,Odometry Monotonicity,0,713.94
8edb244f43d8dd55e1beadbf26663792,Input Validity,TF,TF Gap Count,6,713.94
8edb244f43d8dd55e1beadbf26663792,Input Validity,TF,TF Frame Drop,680,713.94
8edb244f43d8dd55e1beadbf26663792,Input Validity,TF,TF Monotonicity,0,713.94
8edb244f43d8dd55e1beadbf26663792,map,3.57917,-2.35961,148.589,1.875,4.375,37.0389,2,FAILED,2,13.6,700.34,713.94,0.177621,0.15446,0.367764,0.181612,0.0212857,0.179845,0.503268,165.142,881,1.67799,20.5709,0.407967,1.30827,0,679,0
