GoalID,Metric Class,Metric Source,Metric Name,Metric Value,Timestamp
6b6cfaabb62c855b61010be411c5e5f4,Localization Stability,TF,Jump Angular,0,650.8
6b6cfaabb62c855b61010be411c5e5f4,Localization Stability,TF,Jump Linear,0,650.8
6b6cfaabb62c855b61010be411c5e5f4,Input Validity,Lidar,Lidar Rate,10,649.89
6b6cfaabb62c855b61010be411c5e5f4,Input Validity,Odometry,Odometry Rate,50,649.89
6b6cfaabb62c855b61010be411c5e5f4,Input Validity,TF,TF Rate,10,649.89
6b6cfaabb62c855b61010be411c5e5f4,Localization Stability,TF,Jump Angular,0,650.9
6b6cfaabb62c855b61010be411c5e5f4,Localization Stability,TF,Jump Linear,0,650.9
6b6cfaabb62c855b61010be411c5e5f4,Input Validity,Lidar,Lidar Rate,10,649.99
6b6cfaabb62c855b61010be411c5e5f4,Input Validity,Odometry,Odometry Rate,50,649.99
6b6cfaabb62c855b61010be411c5e5f4,Input Validity,TF,TF Rate,10,649.99
6b6cfaabb62c855b61010be411c5e5f4,Localization Stability,TF,Jump Angular,-0.0224073,651
6b6cfaabb62c855b61010be411c5e5f4,Localization Stability,TF,Jump Linear,0.157224,651
6b6cfaabb62c855b61010be411c5e5f4,Input Validity,Lidar,Lidar Rate,10,650.09
6b6cfaabb62c855b61010be411c5e5f4,Input Validity,Odometry,Odometry Rate,50,650.09
6b6cfaabb62c855b61010be411c5e5f4,Input Validity,TF,TF Rate,10,650.09
6b6cfaabb62c855b61010be411c5e5f4,Localization Quality,AMCLPose,CovYawYaw,0.0634425,650.1
6b6cfaabb62c855b61010be411c5e5f4,Localization Quality,AMCLPose,CovYY,0.163145,650.1
6b6cfaabb62c855b61010be411c5e5f4,Localization Quality,AMCLPose,CovXX,0.116995,650.1
6b6cfaabb62c855b61010be411c5e5f4,Localization Quality,AMCLPose,MeanYaw,0.286215,650.1
6b6cfaabb62c855b61010be411c5e5f4,Localization Quality,AMCLPose,MeanY,4.07239,650.1
6b6cfaabb62c855b61010be411c5e5f4,Localization Quality,AMCLPose,MeanX,1.82645,650.1
6b6cfaabb62c855b61010be411c5e5f4,Localization Stability,TF,Jump Angular,-0.00412623,651.1
6b6cfaabb62c855b61010be411c5e5f4,Localization Stability,TF,Jump Linear,0.0918175,651.1
6b6cfaabb62c855b61010be411c5e5f4,Input Validity,Lidar,Lidar Rate,10,650.19
6b6cfaabb62c855b61010be411c5e5f4,Input Validity,Odometry,Odometry Rate,50,650.19
6b6cfaabb62c855b61010be411c5e5f4,Input Validity,TF,TF Rate,10,650.19
6b6cfaabb62c855b61010be411c5e5f4,Localization Quality,AMCLPose,CovYawYaw,0.0344536,650.2
6b6cfaabb62c855b61010be411c5e5f4,Localization Quality,AMCLPose,CovYY,0.0963631,650.2
6b6cfaabb62c855b61010be411c5e5f4,Localization Quality,AMCLPose,CovXX,0.0849765,650.2
6b6cfaabb62c855b61010be411c5e5f4,Localization Quality,AMCLPose,MeanYaw,0.204629,650.2
6b6cfaabb62c855b61010be411c5e5f4,Localization Quality,AMCLPose,MeanY,4.18493,650.2
6b6cfaabb62c855b61010be411c5e5f4,Localization Quality,AMCLPose,MeanX,1.813,650.2
6b6cfaabb62c855b61010be411c5e5f4,Localization Stability,TF,Jump Angular,0.00210691,651.2
6b6cfaabb62c855b61010be411c5e5f4,Localization Stability,TF,Jump Linear,0.108078,651.2
6b6cfaabb62c855b61010be411c5e5f4,Input Validity,Lidar,Lidar Rate,10,650.29
6b6cfaabb62c855b61010be411c5e5f4,Input Validity,Odometry,Odometry Rate,50,650.29
6b6cfaabb62c855b61010be411c5e5f4,Input Validity,TF,TF Rate,10,650.29
6b6cfaabb62c855b61010be411c5e5f4,Localization Quality,AMCLPose,CovYawYaw,0.0163027,650.3
6b6cfaabb62c855b61010be411c5e5f4,Localization Quality,AMCLPose,CovYY,0.0424121,650.3
6b6cfaabb62c855b61010be411c5e5f4,Localization Quality,AMCLPose,CovXX,0.0573052,650.3
6b6cfaabb62c855b61010be411c5e5f4,Localization Quality,AMCLPose,MeanYaw,0.12106,650.3
6b6cfaabb62c855b61010be411c5e5f4,Localization Quality,AMCLPose,MeanY,4.26542,650.3
6b6cfaabb62c855b61010be411c5e5f4,Localization Quality,AMCLPose,MeanX,1.80352,650.3
6b6cfaabb62c855b61010be411c5e5f4,Localization Stability,TF,Jump Angular,0.0170983,651.3
6b6cfaabb62c855b61010be411c5e5f4,Localization Stability,TF,Jump Linear,0.0812084,651.3
6b6cfaabb62c855b61010be411c5e5f4,Input Validity,Lidar,Lidar Rate,10,650.39
6b6cfaabb62c855b61010be411c5e5f4,Input Validity,Odometry,Odometry Rate,50,650.39
6b6cfaabb62c855b61010be411c5e5f4,Input Validity,TF,TF Rate,10,650.39
6b6cfaabb62c855b61010be411c5e5f4,Localization Quality,AMCLPose,CovYawYaw,0.00674033,650.4
6b6cfaabb62c855b61010be411c5e5f4,Localization Quality,AMCLPose,CovYY,0.0205291,650.4
6b6cfaabb62c855b61010be411c5e5f4,Localization Quality,AMCLPose,CovXX,0.0363255,650.4
6b6cfaabb62c855b61010be411c5e5f4,Localization Quality,AMCLPose,MeanYaw,0.0160795,650.4
6b6cfaabb62c855b61010be411c5e5f4,Localization Quality,AMCLPose,MeanY,4.29786,650.4
6b6cfaabb62c855b61010be411c5e5f4,Localization Quality,AMCLPose,MeanX,1.80028,650.4
6b6cfaabb62c855b61010be411c5e5f4,Localization Stability,TF,Jump Angular,0.0126674,651.4
6b6cfaabb62c855b61010be411c5e5f4,Localization Stability,TF,Jump Linear,0.0549281,651.4
6b6cfaabb62c855b61010be411c5e5f4,Input Validity,Lidar,Lidar Rate,10,650.49
6b6cfaabb62c855b61010be411c5e5f4,Input Validity,Odometry,Odometry Rate,50,650.49
6b6cfaabb62c855b61010be411c5e5f4,Input Validity,TF,TF Rate,10,650.49
6b6cfaabb62c855b61010be411c5e5f4,Localization Quality,AMCLPose,CovYawYaw,0.00402451,650.5
6b6cfaabb62c855b61010be411c5e5f4,Localization Quality,AMCLPose,CovYY,0.00924211,650.5
6b6cfaabb62c855b61010be411c5e5f4,Localization Quality,AMCLPose,CovXX,0.0305335,650.5
6b6cfaabb62c855b61010be411c5e5f4,Localization Quality,AMCLPose,MeanYaw,-0.113108,650.5
6b6cfaabb62c855b61010be411c5e5f4,Localization Quality,AMCLPose,MeanY,4.31415,650.5
6b6cfaabb62c855b61010be411c5e5f4,Localization Quality,AMCLPose,MeanX,1.80259,650.5
6b6cfaabb62c855b61010be411c5e5f4,Localization Stability,TF,Jump Angular,0.0054419,651.5
6b6cfaabb62c855b61010be411c5e5f4,Localization Stability,TF,Jump Linear,0.027755,651.5
6b6cfaabb62c855b61010be411c5e5f4,Input Validity,Lidar,Lidar Rate,10,650.59
6b6cfaabb62c855b61010be411c5e5f4,Input Validity,Odometry,Odometry Rate,50,650.59
6b6cfaabb62c855b61010be411c5e5f4,Input Validity,TF,TF Rate,10,650.59
6b6cfaabb62c855b61010be411c5e5f4,Localization Quality,AMCLPose,CovYawYaw,0.00341188,650.6
6b6cfaabb62c855b61010be411c5e5f4,Localization Quality,AMCLPose,CovYY,0.00478906,650.6
6b6cfaabb62c855b61010be411c5e5f4,Localization Quality,AMCLPose,CovXX,0.0267807,650.6
6b6cfaabb62c855b61010be411c5e5f4,Localization Quality,AMCLPose,MeanYaw,-0.262624,650.6
6b6cfaabb62c855b61010be411c5e5f4,Localization Quality,AMCLPose,MeanY,4.32209,650.6
6b6cfaabb62c855b61010be411c5e5f4,Localization Quality,AMCLPose,MeanX,1.80695,650.6
6b6cfaabb62c855b61010be411c5e5f4,Localization Stability,TF,Jump Angular,0.00209495,651.6
6b6cfaabb62c855b61010be411c5e5f4,Localization Stability,TF,Jump Linear,0.0144725,651.6
6b6cfaabb62c855b61010be411c5e5f4,Input Validity,Lidar,Lidar Rate,10,650.69
6b6cfaabb62c855b61010be411c5e5f4,Input Validity,Odometry,Odometry Rate,50,650.69
6b6cfaabb62c855b61010be411c5e5f4,Input Validity,TF,TF Rate,10,650.69
6b6cfaabb62c855b61010be411c5e5f4,Localization Quality,AMCLPose,CovYawYaw,0.00295581,650.7
6b6cfaabb62c855b61010be411c5e5f4,Localization Quality,AMCLPose,CovYY,0.0027193,650.7
6b6cfaabb62c855b61010be411c5e5f4,Localization Quality,AMCLPose,CovXX,0.0221668,650.7
6b6cfaabb62c855b61010be411c5e5f4,Localization Quality,AMCLPose,MeanYaw,-0.42931,650.7
6b6cfaabb62c855b61010be411c5e5f4,Localization Quality,AMCLPose,MeanY,4.32377,650.7
6b6cfaabb62c855b61010be411c5e5f4,Localization Quality,AMCLPose,MeanX,1.81375,650.7
6b6cfaabb62c855b61010be411c5e5f4,Localization Stability,TF,Jump Angular,0.00190482,651.7
6b6cfaabb62c855b61010be411c5e5f4,Localization Stability,TF,Jump Linear,0.0156824,651.7
6b6cfaabb62c855b61010be411c5e5f4,Input Validity,Lidar,Lidar Rate,10,650.79
6b6cfaabb62c855b61010be411c5e5f4,Input Validity,Odometry,Odometry Rate,50,650.79
6b6cfaabb62c855b61010be411c5e5f4,Input Validity,TF,TF Rate,10,650.79
6b6cfaabb62c855b61010be411c5e5f4,Localization Quality,AMCLPose,CovYawYaw,0.0048335,650.8
6b6cfaabb62c855b61010be411c5e5f4,Localization Quality,AMCLPose,CovYY,0.00265314,650.8
6b6cfaabb62c855b61010be411c5e5f4,Localization Quality,AMCLPose,CovXX,0.0241362,650.8
6b6cfaabb62c855b61010be411c5e5f4,Localization Quality,AMCLPose,MeanYaw,-0.614921,650.8
6b6cfaabb62c855b61010be411c5e5f4,Localization Quality,AMCLPose,MeanY,4.32301,650.8
6b6cfaabb62c855b61010be411c5e5f4,Localization Quality,AMCLPose,MeanX,1.81258,650.8
6b6cfaabb62c855b61010be411c5e5f4,Localization Stability,TF,Jump Angular,-3.82012e-05,651.8
6b6cfaabb62c855b61010be411c5e5f4,Localization Stability,TF,Jump Linear,0.00151493,651.8
6b6cfaabb62c855b61010be411c5e5f4,Input Validity,Lidar,Lidar Rate,10,650.89
6b6cfaabb62c855b61010be411c5e5f4,Input Validity,Odometry,Odometry Rate,50,650.89
6b6cfaabb62c855b61010be411c5e5f4,Input Validity,TF,TF Rate,10,650.89
6b6cfaabb62c855b61010be411c5e5f4,Localization Quality,AMCLPose,CovYawYaw,0.00675404,650.9
6b6cfaabb62c855b61010be411c5e5f4,Localization Quality,AMCLPose,CovYY,0.00329933,650.9
6b6cfaabb62c855b61010be411c5e5f4,Localization Quality,AMCLPose,CovXX,0.0218874,650.9
6b6cfaabb62c855b61010be411c5e5f4,Localization Quality,AMCLPose,MeanYaw,-0.816758,650.9
6b6cfaabb62c855b61010be411c5e5f4,Localization Quality,AMCLPose,MeanY,4.32441,650.9
6b6cfaabb62c855b61010be411c5e5f4,Localization Quality,AMCLPose,MeanX,1.81206,650.9
6b6cfaabb62c855b61010be411c5e5f4,Localization Stability,TF,Jump Angular,0.000717805,651.9
6b6cfaabb62c855b61010be411c5e5f4,Localization Stability,TF,Jump Linear,0.00278215,651.9
6b6cfaabb62c855b61010be411c5e5f4,Input Validity,Lidar,Lidar Rate,10,650.99
6b6cfaabb62c855b61010be411c5e5f4,Input Validity,Odometry,Odometry Rate,50,650.99
6b6cfaabb62c855b61010be411c5e5f4,Input Validity,TF,TF Rate,10,650.99
6b6cfaabb62c855b61010be411c5e5f4,Localization Quality,AMCLPose,CovYawYaw,0.00680984,651
6b6cfaabb62c855b61010be411c5e5f4,Localization Quality,AMCLPose,CovYY,0.00309086,651
6b6cfaabb62c855b61010be411c5e5f4,Localization Quality,AMCLPose,CovXX,0.0226515,651
6b6cfaabb62c855b61010be411c5e5f4,Localization Quality,AMCLPose,MeanYaw,-1.03256,651
6b6cfaabb62c855b61010be411c5e5f4,Localization Quality,AMCLPose,MeanY,4.33183,651
6b6cfaabb62c855b61010be411c5e5f4,Localization Quality,AMCLPose,MeanX,1.80857,651
6b6cfaabb62c855b61010be411c5e5f4,Localization Stability,TF,Jump Angular,0.0020856,652
6b6cfaabb62c855b61010be411c5e5f4,Localization Stability,TF,Jump Linear,0.00694838,652
6b6cfaabb62c855b61010be411c5e5f4,Input Validity,Lidar,Lidar Rate,10,651.09
6b6cfaabb62c855b61010be411c5e5f4,Input Validity,Odometry,Odometry Rate,50,651.09
6b6cfaabb62c855b61010be411c5e5f4,Input Validity,TF,TF Rate,10,651.09
6b6cfaabb62c855b61010be411c5e5f4,Localization Quality,AMCLPose,CovYawYaw,0.00589034,651.1
6b6cfaabb62c855b61010be411c5e5f4,Localization Quality,AMCLPose,CovYY,0.00315459,651.1
6b6cfaabb62c855b61010be411c5e5f4,Localization Quality,AMCLPose,CovXX,0.0183073,651.1
6b6cfaabb62c855b61010be411c5e5f4,Localization Quality,AMCLPose,MeanYaw,-1.22437,651.1
6b6cfaabb62c855b61010be411c5e5f4,Localization Quality,AMCLPose,MeanY,4.32869,651.1
6b6cfaabb62c855b61010be411c5e5f4,Localization Quality,AMCLPose,MeanX,1.81734,651.1
6b6cfaabb62c855b61010be411c5e5f4,Localization Stability,TF,Jump Angular,0.000682152,652.1
6b6cfaabb62c855b61010be411c5e5f4,Localization Stability,TF,Jump Linear,0.0104146,652.1
6b6cfaabb62c855b61010be411c5e5f4,Input Validity,Lidar,Lidar Rate,10,651.19
6b6cfaabb62c855b61010be411c5e5f4,Input Validity,Odometry,Odometry Rate,50,651.19
6b6cfaabb62c855b61010be411c5e5f4,Input Validity,TF,TF Rate,10,651.19
6b6cfaabb62c855b61010be411c5e5f4,Localization Quality,AMCLPose,CovYawYaw,0.00451056,651.2
6b6cfaabb62c855b61010be411c5e5f4,Localization Quality,AMCLPose,CovYY,0.0026238,651.2
6b6cfaabb62c855b61010be411c5e5f4,Localization Quality,AMCLPose,CovXX,0.0141332,651.2
6b6cfaabb62c855b61010be411c5e5f4,Localization Quality,AMCLPose,MeanYaw,-1.36725,651.2
6b6cfaabb62c855b61010be411c5e5f4,Localization Quality,AMCLPose,MeanY,4.31866,651.2
6b6cfaabb62c855b61010be411c5e5f4,Localization Quality,AMCLPose,MeanX,1.82916,651.2
6b6cfaabb62c855b61010be411c5e5f4,Localization Stability,TF,Jump Angular,-0.000381201,652.2
6b6cfaabb62c855b61010be411c5e5f4,Localization Stability,TF,Jump Linear,0.00734723,652.2
6b6cfaabb62c855b61010be411c5e5f4,Input Validity,Lidar,Lidar Rate,10,651.29
6b6cfaabb62c855b61010be411c5e5f4,Input Validity,Odometry,Odometry Rate,50,651.29
6b6cfaabb62c855b61010be411c5e5f4,Input Validity,TF,TF Rate,10,651.29
6b6cfaabb62c855b61010be411c5e5f4,Localization Quality,AMCLPose,CovYawYaw,0.00329143,651.3
6b6cfaabb62c855b61010be411c5e5f4,Localization Quality,AMCLPose,CovYY,0.00217608,651.3
6b6cfaabb62c855b61010be411c5e5f4,Localization Quality,AMCLPose,CovXX,0.011985,651.3
6b6cfaabb62c855b61010be411c5e5f4,Localization Quality,AMCLPose,MeanYaw,-1.45738,651.3
6b6cfaabb62c855b61010be411c5e5f4,Localization Quality,AMCLPose,MeanY,4.30245,651.3
6b6cfaabb62c855b61010be411c5e5f4,Localization Quality,AMCLPose,MeanX,1.83228,651.3
6b6cfaabb62c855b61010be411c5e5f4,Localization Stability,TF,Jump Angular,0.00237045,652.3
6b6cfaabb62c855b61010be411c5e5f4,Localization Stability,TF,Jump Linear,0.0117254,652.3
6b6cfaabb62c855b61010be411c5e5f4,Input Validity,Lidar,Lidar Rate,10,651.39
6b6cfaabb62c855b61010be411c5e5f4,Input Validity,Odometry,Odometry Rate,50,651.39
6b6cfaabb62c855b61010be411c5e5f4,Input Validity,TF,TF Rate,10,651.39
6b6cfaabb62c855b61010be411c5e5f4,Localization Stability,TF,Jump Angular,0,652.4
6b6cfaabb62c855b61010be411c5e5f4,Localization Stability,TF,Jump Linear,0,652.4
6b6cfaabb62c855b61010be411c5e5f4,Input Validity,Lidar,Lidar Rate,10,651.49
6b6cfaabb62c855b61010be411c5e5f4,Input Validity,Odometry,Odometry Rate,50,651.49
6b6cfaabb62c855b61010be411c5e5f4,Input Validity,TF,TF Rate,10,651.49
6b6cfaabb62c855b61010be411c5e5f4,Localization Quality,AMCLPose,CovYawYaw,0.00249641,651.5
6b6cfaabb62c855b61010be411c5e5f4,Localization Quality,AMCLPose,CovYY,0.00193735,651.5
6b6cfaabb62c855b61010be411c5e5f4,Localization Quality,AMCLPose,CovXX,0.0081759,651.5
6b6cfaabb62c855b61010be411c5e5f4,Localization Quality,AMCLPose,MeanYaw,-1.51088,651.5
6b6cfaabb62c855b61010be411c5e5f4,Localization Quality,AMCLPose,MeanY,4.24382,651.5
6b6cfaabb62c855b61010be411c5e5f4,Localization Quality,AMCLPose,MeanX,1.84512,651.5
6b6cfaabb62c855b61010be411c5e5f4,Localization Stability,TF,Jump Angular,0.00132746,652.5
6b6cfaabb62c855b61010be411c5e5f4,Localization Stability,TF,Jump Linear,0.0153515,652.5
6b6cfaabb62c855b61010be411c5e5f4,Input Validity,Lidar,Lidar Rate,10,651.59
6b6cfaabb62c855b61010be411c5e5f4,Input Validity,Odometry,Odometry Rate,50,651.59
6b6cfaabb62c855b61010be411c5e5f4,Input Validity,TF,TF Rate,10,651.59
6b6cfaabb62c855b61010be411c5e5f4,Localization Stability,TF,Jump Angular,0,652.6
6b6cfaabb62c855b61010be411c5e5f4,Localization Stability,TF,Jump Linear,0,652.6
6b6cfaabb62c855b61010be411c5e5f4,Input Validity,Lidar,Lidar Rate,10,651.69
6b6cfaabb62c855b61010be411c5e5f4,Input Validity,Odometry,Odometry Rate,50,651.69
6b6cfaabb62c855b61010be411c5e5f4,Input Validity,TF,TF Rate,10,651.69
6b6cfaabb62c855b61010be411c5e5f4,Localization Stability,TF,Jump Angular,0,652.7
6b6cfaabb62c855b61010be411c5e5f4,Localization Stability,TF,Jump Linear,0,652.7
6b6cfaabb62c855b61010be411c5e5f4,Input Validity,Lidar,Lidar Rate,10,651.79
6b6cfaabb62c855b61010be411c5e5f4,Input Validity,Odometry,Odometry Rate,50,651.79
6b6cfaabb62c855b61010be411c5e5f4,Input Validity,TF,TF Rate,10,651.79
6b6cfaabb62c855b61010be411c5e5f4,Localization Quality,AMCLPose,CovYawYaw,0.00274733,651.8
6b6cfaabb62c855b61010be411c5e5f4,Localization Quality,AMCLPose,CovYY,0.00220661,651.8
6b6cfaabb62c855b61010be411c5e5f4,Localization Quality,AMCLPose,CovXX,0.00600799,651.8
6b6cfaabb62c855b61010be411c5e5f4,Localization Quality,AMCLPose,MeanYaw,-1.55101,651.8
6b6cfaabb62c855b61010be411c5e5f4,Localization Quality,AMCLPose,MeanY,4.11427,651.8
6b6cfaabb62c855b61010be411c5e5f4,Localization Quality,AMCLPose,MeanX,1.8553,651.8
6b6cfaabb62c855b61010be411c5e5f4,Localization Stability,TF,Jump Angular,-0.00127238,652.8
6b6cfaabb62c855b61010be411c5e5f4,Localization Stability,TF,Jump Linear,0.00130383,652.8
6b6cfaabb62c855b61010be411c5e5f4,Input Validity,Lidar,Lidar Rate,10,651.88
6b6cfaabb62c855b61010be411c5e5f4,Input Validity,Odometry,Odometry Rate,50,651.88
6b6cfaabb62c855b61010be411c5e5f4,Input Validity,TF,TF Rate,10,651.88
6b6cfaabb62c855b61010be411c5e5f4,Localization Stability,TF,Jump Angular,0,652.9
6b6cfaabb62c855b61010be411c5e5f4,Localization Stability,TF,Jump Linear,0,652.9
6b6cfaabb62c855b61010be411c5e5f4,Input Validity,Lidar,Lidar Rate,10,651.98
6b6cfaabb62c855b61010be411c5e5f4,Input Validity,Odometry,Odometry Rate,50,651.98
6b6cfaabb62c855b61010be411c5e5f4,Input Validity,TF,TF Rate,10,651.98
6b6cfaabb62c855b61010be411c5e5f4,Localization Stability,TF,Jump Angular,0,653
6b6cfaabb62c855b61010be411c5e5f4,Localization Stability,TF,Jump Linear,0,653
6b6cfaabb62c855b61010be411c5e5f4,Input Validity,Lidar,Lidar Rate,10,652.08
6b6cfaabb62c855b61010be411c5e5f4,Input Validity,Odometry,Odometry Rate,50,652.08
6b6cfaabb62c855b61010be411c5e5f4,Input Validity,TF,TF Rate,10,652.08
6b6cfaabb62c855b61010be411c5e5f4,Localization Quality,AMCLPose,CovYawYaw,0.00308648,652.1
6b6cfaabb62c855b61010be411c5e5f4,Localization Quality,AMCLPose,CovYY,0.00259464,652.1
6b6cfaabb62c855b61010be411c5e5f4,Localization Quality,AMCLPose,CovXX,0.00424905,652.1
6b6cfaabb62c855b61010be411c5e5f4,Localization Quality,AMCLPose,MeanYaw,-1.58637,652.1
6b6cfaabb62c855b61010be411c5e5f4,Localization Quality,AMCLPose,MeanY,3.97747,652.1
6b6cfaabb62c855b61010be411c5e5f4,Localization Quality,AMCLPose,MeanX,1.85915,652.1
6b6cfaabb62c855b61010be411c5e5f4,Localization Stability,TF,Jump Angular,0.00222221,653.1
6b6cfaabb62c855b61010be411c5e5f4,Localization Stability,TF,Jump Linear,0.0146065,653.1
6b6cfaabb62c855b61010be411c5e5f4,Input Validity,Lidar,Lidar Rate,10,652.18
6b6cfaabb62c855b61010be411c5e5f4,Input Validity,Odometry,Odometry Rate,50,652.18
6b6cfaabb62c855b61010be411c5e5f4,Input Validity,TF,TF Rate,10,652.18
6b6cfaabb62c855b61010be411c5e5f4,Localization Stability,TF,Jump Angular,0,653.2
6b6cfaabb62c855b61010be411c5e5f4,Localization Stability,TF,Jump Linear,0,653.2
6b6cfaabb62c855b61010be411c5e5f4,Input Validity,Lidar,Lidar Rate,10,652.28
6b6cfaabb62c855b61010be411c5e5f4,Input Validity,Odometry,Odometry Rate,50,652.28
6b6cfaabb62c855b61010be411c5e5f4,Input Validity,TF,TF Rate,10,652.28
6b6cfaabb62c855b61010be411c5e5f4,Localization Stability,TF,Jump Angular,0,653.3
6b6cfaabb62c855b61010be411c5e5f4,Localization Stability,TF,Jump Linear,0,653.3
6b6cfaabb62c855b61010be411c5e5f4,Input Validity,Lidar,Lidar Rate,10,652.38
6b6cfaabb62c855b61010be411c5e5f4,Input Validity,Odometry,Odometry Rate,50,652.38
6b6cfaabb62c855b61010be411c5e5f4,Input Validity,TF,TF Rate,10,652.38
6b6cfaabb62c855b61010be411c5e5f4,Localization Quality,AMCLPose,CovYawYaw,0.0034155,652.4
6b6cfaabb62c855b61010be411c5e5f4,Localization Quality,AMCLPose,CovYY,0.00292044,652.4
6b6cfaabb62c855b61010be411c5e5f4,Localization Quality,AMCLPose,CovXX,0.00351485,652.4
6b6cfaabb62c855b61010be411c5e5f4,Localization Quality,AMCLPose,MeanYaw,-1.62062,652.4
6b6cfaabb62c855b61010be411c5e5f4,Localization Quality,AMCLPose,MeanY,3.84009,652.4
6b6cfaabb62c855b61010be411c5e5f4,Localization Quality,AMCLPose,MeanX,1.85507,652.4
6b6cfaabb62c855b61010be411c5e5f4,Localization Stability,TF,Jump Angular,-0.000115973,653.4
6b6cfaabb62c855b61010be411c5e5f4,Localization Stability,TF,Jump Linear,0.0022392,653.4
6b6cfaabb62c855b61010be411c5e5f4,Input Validity,Lidar,Lidar Rate,10,652.48
6b6cfaabb62c855b61010be411c5e5f4,Input Validity,Odometry,Odometry Rate,50,652.48
6b6cfaabb62c855b61010be411c5e5f4,Input Validity,TF,TF Rate,10,652.48
6b6cfaabb62c855b61010be411c5e5f4,Localization Stability,TF,Jump Angular,0,653.5
6b6cfaabb62c855b61010be411c5e5f4,Localization Stability,TF,Jump Linear,0,653.5
6b6cfaabb62c855b61010be411c5e5f4,Input Validity,Lidar,Lidar Rate,10,652.58
6b6cfaabb62c855b61010be411c5e5f4,Input Validity,Odometry,Odometry Rate,50,652.58
6b6cfaabb62c855b61010be411c5e5f4,Input Validity,TF,TF Rate,10,652.58
6b6cfaabb62c855b61010be411c5e5f4,Localization Stability,TF,Jump Angular,0,653.6
6b6cfaabb62c855b61010be411c5e5f4,Localization Stability,TF,Jump Linear,0,653.6
6b6cfaabb62c855b61010be411c5e5f4,Input Validity,Lidar,Lidar Rate,10,652.68
6b6cfaabb62c855b61010be411c5e5f4,Input Validity,Odometry,Odometry Rate,50,652.68
6b6cfaabb62c855b61010be411c5e5f4,Input Validity,TF,TF Rate,10,652.68
6b6cfaabb62c855b61010be411c5e5f4,Localization Quality,AMCLPose,CovYawYaw,0.00361516,652.7
6b6cfaabb62c855b61010be411c5e5f4,Localization Quality,AMCLPose,CovYY,0.00322954,652.7
6b6cfaabb62c855b61010be411c5e5f4,Localization Quality,AMCLPose,CovXX,0.00320315,652.7
6b6cfaabb62c855b61010be411c5e5f4,Localization Quality,AMCLPose,MeanYaw,-1.64495,652.7
6b6cfaabb62c855b61010be411c5e5f4,Localization Quality,AMCLPose,MeanY,3.70267,652.7
6b6cfaabb62c855b61010be411c5e5f4,Localization Quality,AMCLPose,MeanX,1.84915,652.7
6b6cfaabb62c855b61010be411c5e5f4,Localization Stability,TF,Jump Angular,0.00303619,653.7
6b6cfaabb62c855b61010be411c5e5f4,Localization Stability,TF,Jump Linear,0.017121,653.7
6b6cfaabb62c855b61010be411c5e5f4,Input Validity,Lidar,Lidar Rate,10,652.78
6b6cfaabb62c855b61010be411c5e5f4,Input Validity,Odometry,Odometry Rate,50,652.78
6b6cfaabb62c855b61010be411c5e5f4,Input Validity,TF,TF Rate,10,652.78
6b6cfaabb62c855b61010be411c5e5f4,Localization Stability,TF,Jump Angular,0,653.8
6b6cfaabb62c855b61010be411c5e5f4,Localization Stability,TF,Jump Linear,0,653.8
6b6cfaabb62c855b61010be411c5e5f4,Input Validity,Lidar,Lidar Rate,10,652.88
6b6cfaabb62c855b61010be411c5e5f4,Input Validity,Odometry,Odometry Rate,50,652.88
6b6cfaabb62c855b61010be411c5e5f4,Input Validity,TF,TF Rate,10,652.88
6b6cfaabb62c855b61010be411c5e5f4,Localization Stability,TF,Jump Angular,0,653.9
6b6cfaabb62c855b61010be411c5e5f4,Localization Stability,TF,Jump Linear,0,653.9
6b6cfaabb62c855b61010be411c5e5f4,Input Validity,Lidar,Lidar Rate,10,652.98
6b6cfaabb62c855b61010be411c5e5f4,Input Validity,Odometry,Odometry Rate,50,652.98
6b6cfaabb62c855b61010be411c5e5f4,Input Validity,TF,TF Rate,10,652.98
6b6cfaabb62c855b61010be411c5e5f4,Localization Quality,AMCLPose,CovYawYaw,0.00408984,653
6b6cfaabb62c855b61010be411c5e5f4,Localization Quality,AMCLPose,CovYY,0.00342009,653
6b6cfaabb62c855b61010be411c5e5f4,Localization Quality,AMCLPose,CovXX,0.00271723,653
6b6cfaabb62c855b61010be411c5e5f4,Localization Quality,AMCLPose,MeanYaw,-1.68484,653
6b6cfaabb62c855b61010be411c5e5f4,Localization Quality,AMCLPose,MeanY,3.5662,653
6b6cfaabb62c855b61010be411c5e5f4,Localization Quality,AMCLPose,MeanX,1.8382,653
6b6cfaabb62c855b61010be411c5e5f4,Localization Stability,TF,Jump Angular,0.00435169,654
6b6cfaabb62c855b61010be411c5e5f4,Localization Stability,TF,Jump Linear,0.0211085,654
6b6cfaabb62c855b61010be411c5e5f4,Input Validity,Lidar,Lidar Rate,10,653.08
6b6cfaabb62c855b61010be411c5e5f4,Input Validity,Odometry,Odometry Rate,50,653.08
6b6cfaabb62c855b61010be411c5e5f4,Input Validity,TF,TF Rate,10,653.08
6b6cfaabb62c855b61010be411c5e5f4,Localization Stability,TF,Jump Angular,0,654.1
6b6cfaabb62c855b61010be411c5e5f4,Localization Stability,TF,Jump Linear,0,654.1
6b6cfaabb62c855b61010be411c5e5f4,Input Validity,Lidar,Lidar Rate,10,653.18
6b6cfaabb62c855b61010be411c5e5f4,Input Validity,Odometry,Odometry Rate,50,653.18
6b6cfaabb62c855b61010be411c5e5f4,Input Validity,TF,TF Rate,10,653.18
6b6cfaabb62c855b61010be411c5e5f4,Localization Stability,TF,Jump Angular,0,654.2
6b6cfaabb62c855b61010be411c5e5f4,Localization Stability,TF,Jump Linear,0,654.2
6b6cfaabb62c855b61010be411c5e5f4,Input Validity,Lidar,Lidar Rate,10,653.28
6b6cfaabb62c855b61010be411c5e5f4,Input Validity,Odometry,Odometry Rate,50,653.28
6b6cfaabb62c855b61010be411c5e5f4,Input Validity,TF,TF Rate,10,653.28
6b6cfaabb62c855b61010be411c5e5f4,Localization Quality,AMCLPose,CovYawYaw,0.00422439,653.3
6b6cfaabb62c855b61010be411c5e5f4,Localization Quality,AMCLPose,CovYY,0.00343663,653.3
6b6cfaabb62c855b61010be411c5e5f4,Localization Quality,AMCLPose,CovXX,0.0023444,653.3
6b6cfaabb62c855b61010be411c5e5f4,Localization Quality,AMCLPose,MeanYaw,-1.72285,653.3
6b6cfaabb62c855b61010be411c5e5f4,Localization Quality,AMCLPose,MeanY,3.4363,653.3
6b6cfaabb62c855b61010be411c5e5f4,Localization Quality,AMCLPose,MeanX,1.82153,653.3
6b6cfaabb62c855b61010be411c5e5f4,Localization Stability,TF,Jump Angular,0.000618162,654.3
6b6cfaabb62c855b61010be411c5e5f4,Localization Stability,TF,Jump Linear,0.00465757,654.3
6b6cfaabb62c855b61010be411c5e5f4,Input Validity,Lidar,Lidar Rate,10,653.38
6b6cfaabb62c855b61010be411c5e5f4,Input Validity,Odometry,Odometry Rate,50,653.38
6b6cfaabb62c855b61010be411c5e5f4,Input Validity,TF,TF Rate,10,653.38
6b6cfaabb62c855b61010be411c5e5f4,Localization Stability,TF,Jump Angular,0,654.4
6b6cfaabb62c855b61010be411c5e5f4,Localization Stability,TF,Jump Linear,0,654.4
6b6cfaabb62c855b61010be411c5e5f4,Input Validity,Lidar,Lidar Rate,10,653.48
6b6cfaabb62c855b61010be411c5e5f4,Input Validity,Odometry,Odometry Rate,50,653.48
6b6cfaabb62c855b61010be411c5e5f4,Input Validity,TF,TF Rate,10,653.48
6b6cfaabb62c855b61010be411c5e5f4,Localization Stability,TF,Jump Angular,0,654.5
6b6cfaabb62c855b61010be411c5e5f4,Localization Stability,TF,Jump Linear,0,654.5
6b6cfaabb62c855b61010be411c5e5f4,Input Validity,Lidar,Lidar Rate,10,653.58
6b6cfaabb62c855b61010be411c5e5f4,Input Validity,Odometry,Odometry Rate,50,653.58
6b6cfaabb62c855b61010be411c5e5f4,Input Validity,TF,TF Rate,10,653.58
6b6cfaabb62c855b61010be411c5e5f4,Localization Quality,AMCLPose,CovYawYaw,0.00421255,653.6
6b6cfaabb62c855b61010be411c5e5f4,Localization Quality,AMCLPose,CovYY,0.00369048,653.6
6b6cfaabb62c855b61010be411c5e5f4,Localization Quality,AMCLPose,CovXX,0.00226783,653.6
6b6cfaabb62c855b61010be411c5e5f4,Localization Quality,AMCLPose,MeanYaw,-1.73782,653.6
6b6cfaabb62c855b61010be411c5e5f4,Localization Quality,AMCLPose,MeanY,3.30441,653.6
6b6cfaabb62c855b61010be411c5e5f4,Localization Quality,AMCLPose,MeanX,1.80103,653.6
6b6cfaabb62c855b61010be411c5e5f4,Localization Stability,TF,Jump Angular,0.00479165,654.6
6b6cfaabb62c855b61010be411c5e5f4,Localization Stability,TF,Jump Linear,0.0201881,654.6
6b6cfaabb62c855b61010be411c5e5f4,Input Validity,Lidar,Lidar Rate,10,653.68
6b6cfaabb62c855b61010be411c5e5f4,Input Validity,Odometry,Odometry Rate,50,653.68
6b6cfaabb62c855b61010be411c5e5f4,Input Validity,TF,TF Rate,10,653.68
6b6cfaabb62c855b61010be411c5e5f4,Localization Stability,TF,Jump Angular,0,654.7
6b6cfaabb62c855b61010be411c5e5f4,Localization Stability,TF,Jump Linear,0,654.7
6b6cfaabb62c855b61010be411c5e5f4,Input Validity,Lidar,Lidar Rate,10,653.78
6b6cfaabb62c855b61010be411c5e5f4,Input Validity,Odometry,Odometry Rate,50,653.78
6b6cfaabb62c855b61010be411c5e5f4,Input Validity,TF,TF Rate,10,653.78
6b6cfaabb62c855b61010be411c5e5f4,Localization Stability,TF,Jump Angular,0,654.8
6b6cfaabb62c855b61010be411c5e5f4,Localization Stability,TF,Jump Linear,0,654.8
6b6cfaabb62c855b61010be411c5e5f4,Input Validity,Lidar,Lidar Rate,10,653.88
6b6cfaabb62c855b61010be411c5e5f4,Input Validity,Odometry,Odometry Rate,50,653.88
6b6cfaabb62c855b61010be411c5e5f4,Input Validity,TF,TF Rate,10,653.88
6b6cfaabb62c855b61010be411c5e5f4,Localization Quality,AMCLPose,CovYawYaw,0.00398383,653.9
6b6cfaabb62c855b61010be411c5e5f4,Localization Quality,AMCLPose,CovYY,0.00369458,653.9
6b6cfaabb62c855b61010be411c5e5f4,Localization Quality,AMCLPose,CovXX,0.00229135,653.9
6b6cfaabb62c855b61010be411c5e5f4,Localization Quality,AMCLPose,MeanYaw,-1.73318,653.9
6b6cfaabb62c855b61010be411c5e5f4,Localization Quality,AMCLPose,MeanY,3.17078,653.9
6b6cfaabb62c855b61010be411c5e5f4,Localization Quality,AMCLPose,MeanX,1.78024,653.9
6b6cfaabb62c855b61010be411c5e5f4,Localization Stability,TF,Jump Angular,0.0037079,654.9
6b6cfaabb62c855b61010be411c5e5f4,Localization Stability,TF,Jump Linear,0.0166597,654.9
6b6cfaabb62c855b61010be411c5e5f4,Input Validity,Lidar,Lidar Rate,10,653.98
6b6cfaabb62c855b61010be411c5e5f4,Input Validity,Odometry,Odometry Rate,50,653.98
6b6cfaabb62c855b61010be411c5e5f4,Input Validity,TF,TF Rate,10,653.98
6b6cfaabb62c855b61010be411c5e5f4,Localization Stability,TF,Jump Angular,0,655
6b6cfaabb62c855b61010be411c5e5f4,Localization Stability,TF,Jump Linear,0,655
6b6cfaabb62c855b61010be411c5e5f4,Input Validity,Lidar,Lidar Rate,10,654.08
6b6cfaabb62c855b61010be411c5e5f4,Input Validity,Odometry,Odometry Rate,50,654.08
6b6cfaabb62c855b61010be411c5e5f4,Input Validity,TF,TF Rate,10,654.08
6b6cfaabb62c855b61010be411c5e5f4,Localization Stability,TF,Jump Angular,0,655.1
6b6cfaabb62c855b61010be411c5e5f4,Localization Stability,TF,Jump Linear,0,655.1
6b6cfaabb62c855b61010be411c5e5f4,Input Validity,Lidar,Lidar Rate,10,654.18
6b6cfaabb62c855b61010be411c5e5f4,Input Validity,Odometry,Odometry Rate,50,654.18
6b6cfaabb62c855b61010be411c5e5f4,Input Validity,TF,TF Rate,10,654.18
6b6cfaabb62c855b61010be411c5e5f4,Localization Quality,AMCLPose,CovYawYaw,0.00376826,654.2
6b6cfaabb62c855b61010be411c5e5f4,Localization Quality,AMCLPose,CovYY,0.00380249,654.2
6b6cfaabb62c855b61010be411c5e5f4,Localization Quality,AMCLPose,CovXX,0.00233072,654.2
6b6cfaabb62c855b61010be411c5e5f4,Localization Quality,AMCLPose,MeanYaw,-1.69469,654.2
6b6cfaabb62c855b61010be411c5e5f4,Localization Quality,AMCLPose,MeanY,3.03857,654.2
6b6cfaabb62c855b61010be411c5e5f4,Localization Quality,AMCLPose,MeanX,1.76208,654.2
6b6cfaabb62c855b61010be411c5e5f4,Localization Stability,TF,Jump Angular,0.000987252,655.2
6b6cfaabb62c855b61010be411c5e5f4,Localization Stability,TF,Jump Linear,0.00441424,655.2
6b6cfaabb62c855b61010be411c5e5f4,Input Validity,Lidar,Lidar Rate,10,654.28
6b6cfaabb62c855b61010be411c5e5f4,Input Validity,Odometry,Odometry Rate,50,654.28
6b6cfaabb62c855b61010be411c5e5f4,Input Validity,TF,TF Rate,10,654.28
6b6cfaabb62c855b61010be411c5e5f4,Localization Stability,TF,Jump Angular,0,655.3
6b6cfaabb62c855b61010be411c5e5f4,Localization Stability,TF,Jump Linear,0,655.3
6b6cfaabb62c855b61010be411c5e5f4,Input Validity,Lidar,Lidar Rate,10,654.38
6b6cfaabb62c855b61010be411c5e5f4,Input Validity,Odometry,Odometry Rate,50,654.38
6b6cfaabb62c855b61010be411c5e5f4,Input Validity,TF,TF Rate,10,654.38
6b6cfaabb62c855b61010be411c5e5f4,Localization Stability,TF,Jump Angular,0,655.4
6b6cfaabb62c855b61010be411c5e5f4,Localization Stability,TF,Jump Linear,0,655.4
6b6cfaabb62c855b61010be411c5e5f4,Input Validity,Lidar,Lidar Rate,10,654.47
6b6cfaabb62c855b61010be411c5e5f4,Input Validity,Odometry,Odometry Rate,50,654.47
6b6cfaabb62c855b61010be411c5e5f4,Input Validity,TF,TF Rate,10,654.47
6b6cfaabb62c855b61010be411c5e5f4,Localization Quality,AMCLPose,CovYawYaw,0.00372264,654.5
6b6cfaabb62c855b61010be411c5e5f4,Localization Quality,AMCLPose,CovYY,0.00397204,654.5
6b6cfaabb62c855b61010be411c5e5f4,Localization Quality,AMCLPose,CovXX,0.00236232,654.5
6b6cfaabb62c855b61010be411c5e5f4,Localization Quality,AMCLPose,MeanYaw,-1.65994,654.5
6b6cfaabb62c855b61010be411c5e5f4,Localization Quality,AMCLPose,MeanY,2.90138,654.5
6b6cfaabb62c855b61010be411c5e5f4,Localization Quality,AMCLPose,MeanX,1.7503,654.5
6b6cfaabb62c855b61010be411c5e5f4,Localization Stability,TF,Jump Angular,0.000145434,655.5
6b6cfaabb62c855b61010be411c5e5f4,Localization Stability,TF,Jump Linear,0.00442347,655.5
6b6cfaabb62c855b61010be411c5e5f4,Input Validity,Lidar,Lidar Rate,10,654.57
6b6cfaabb62c855b61010be411c5e5f4,Input Validity,Odometry,Odometry Rate,50,654.57
6b6cfaabb62c855b61010be411c5e5f4,Input Validity,TF,TF Rate,10,654.57
6b6cfaabb62c855b61010be411c5e5f4,Localization Stability,TF,Jump Angular,0,655.6
6b6cfaabb62c855b61010be411c5e5f4,Localization Stability,TF,Jump Linear,0,655.6
6b6cfaabb62c855b61010be411c5e5f4,Input Validity,Lidar,Lidar Rate,10,654.67
6b6cfaabb62c855b61010be411c5e5f4,Input Validity,Odometry,Odometry Rate,50,654.67
6b6cfaabb62c855b61010be411c5e5f4,Input Validity,TF,TF Rate,10,654.67
6b6cfaabb62c855b61010be411c5e5f4,Localization Stability,TF,Jump Angular,0,655.7
6b6cfaabb62c855b61010be411c5e5f4,Localization Stability,TF,Jump Linear,0,655.7
6b6cfaabb62c855b61010be411c5e5f4,Input Validity,Lidar,Lidar Rate,10,654.77
6b6cfaabb62c855b61010be411c5e5f4,Input Validity,Odometry,Odometry Rate,50,654.77
6b6cfaabb62c855b61010be411c5e5f4,Input Validity,TF,TF Rate,10,654.77
6b6cfaabb62c855b61010be411c5e5f4,Localization Quality,AMCLPose,CovYawYaw,0.00354787,654.8
6b6cfaabb62c855b61010be411c5e5f4,Localization Quality,AMCLPose,CovYY,0.00374665,654.8
6b6cfaabb62c855b61010be411c5e5f4,Localization Quality,AMCLPose,CovXX,0.00233804,654.8
6b6cfaabb62c855b61010be411c5e5f4,Localization Quality,AMCLPose,MeanYaw,-1.62628,654.8
6b6cfaabb62c855b61010be411c5e5f4,Localization Quality,AMCLPose,MeanY,2.76648,654.8
6b6cfaabb62c855b61010be411c5e5f4,Localization Quality,AMCLPose,MeanX,1.74212,654.8
6b6cfaabb62c855b61010be411c5e5f4,Localization Stability,TF,Jump Angular,-0.000920285,655.8
6b6cfaabb62c855b61010be411c5e5f4,Localization Stability,TF,Jump Linear,0.00188135,655.8
6b6cfaabb62c855b61010be411c5e5f4,Input Validity,Lidar,Lidar Rate,10,654.87
6b6cfaabb62c855b61010be411c5e5f4,Input Validity,Odometry,Odometry Rate,50,654.87
6b6cfaabb62c855b61010be411c5e5f4,Input Validity,TF,TF Rate,10,654.87
6b6cfaabb62c855b61010be411c5e5f4,Localization Stability,TF,Jump Angular,0,655.9
6b6cfaabb62c855b61010be411c5e5f4,Localization Stability,TF,Jump Linear,0,655.9
6b6cfaabb62c855b61010be411c5e5f4,Input Validity,Lidar,Lidar Rate,10,654.97
6b6cfaabb62c855b61010be411c5e5f4,Input Validity,Odometry,Odometry Rate,50,654.97
6b6cfaabb62c855b61010be411c5e5f4,Input Validity,TF,TF Rate,10,654.97
6b6cfaabb62c855b61010be411c5e5f4,Localization Stability,TF,Jump Angular,0,656
6b6cfaabb62c855b61010be411c5e5f4,Localization Stability,TF,Jump Linear,0,656
6b6cfaabb62c855b61010be411c5e5f4,Input Validity,Lidar,Lidar Rate,10,655.07
6b6cfaabb62c855b61010be411c5e5f4,Input Validity,Odometry,Odometry Rate,50,655.07
6b6cfaabb62c855b61010be411c5e5f4,Input Validity,TF,TF Rate,10,655.07
6b6cfaabb62c855b61010be411c5e5f4,Localization Quality,AMCLPose,CovYawYaw,0.00339293,655.1
6b6cfaabb62c855b61010be411c5e5f4,Localization Quality,AMCLPose,CovYY,0.00391053,655.1
6b6cfaabb62c855b61010be411c5e5f4,Localization Quality,AMCLPose,CovXX,0.00222771,655.1
6b6cfaabb62c855b61010be411c5e5f4,Localization Quality,AMCLPose,MeanYaw,-1.58479,655.1
6b6cfaabb62c855b61010be411c5e5f4,Localization Quality,AMCLPose,MeanY,2.63196,655.1
6b6cfaabb62c855b61010be411c5e5f4,Localization Quality,AMCLPose,MeanX,1.73819,655.1
6b6cfaabb62c855b61010be411c5e5f4,Localization Stability,TF,Jump Angular,0.000726721,656.1
6b6cfaabb62c855b61010be411c5e5f4,Localization Stability,TF,Jump Linear,0.00317641,656.1
6b6cfaabb62c855b61010be411c5e5f4,Input Validity,Lidar,Lidar Rate,10,655.17
6b6cfaabb62c855b61010be411c5e5f4,Input Validity,Odometry,Odometry Rate,50,655.17
6b6cfaabb62c855b61010be411c5e5f4,Input Validity,TF,TF Rate,10,655.17
6b6cfaabb62c855b61010be411c5e5f4,Localization Stability,TF,Jump Angular,0,656.2
6b6cfaabb62c855b61010be411c5e5f4,Localization Stability,TF,Jump Linear,0,656.2
6b6cfaabb62c855b61010be411c5e5f4,Input Validity,Lidar,Lidar Rate,10,655.27
6b6cfaabb62c855b61010be411c5e5f4,Input Validity,Odometry,Odometry Rate,50,655.27
6b6cfaabb62c855b61010be411c5e5f4,Input Validity,TF,TF Rate,10,655.27
6b6cfaabb62c855b61010be411c5e5f4,Localization Stability,TF,Jump Angular,0,656.3
6b6cfaabb62c855b61010be411c5e5f4,Localization Stability,TF,Jump Linear,0,656.3
6b6cfaabb62c855b61010be411c5e5f4,Input Validity,Lidar,Lidar Rate,10,655.37
6b6cfaabb62c855b61010be411c5e5f4,Input Validity,Odometry,Odometry Rate,50,655.37
6b6cfaabb62c855b61010be411c5e5f4,Input Validity,TF,TF Rate,10,655.37
6b6cfaabb62c855b61010be411c5e5f4,Localization Quality,AMCLPose,CovYawYaw,0.00359409,655.4
6b6cfaabb62c855b61010be411c5e5f4,Localization Quality,AMCLPose,CovYY,0.00399635,655.4
6b6cfaabb62c855b61010be411c5e5f4,Localization Quality,AMCLPose,CovXX,0.00223842,655.4
6b6cfaabb62c855b61010be411c5e5f4,Localization Quality,AMCLPose,MeanYaw,-1.53119,655.4
6b6cfaabb62c855b61010be411c5e5f4,Localization Quality,AMCLPose,MeanY,2.49645,655.4
6b6cfaabb62c855b61010be411c5e5f4,Localization Quality,AMCLPose,MeanX,1.74017,655.4
6b6cfaabb62c855b61010be411c5e5f4,Localization Stability,TF,Jump Angular,0.000387394,656.4
6b6cfaabb62c855b61010be411c5e5f4,Localization Stability,TF,Jump Linear,0.00194782,656.4
6b6cfaabb62c855b61010be411c5e5f4,Input Validity,Lidar,Lidar Rate,10,655.47
6b6cfaabb62c855b61010be411c5e5f4,Input Validity,Odometry,Odometry Rate,50,655.47
6b6cfaabb62c855b61010be411c5e5f4,Input Validity,TF,TF Rate,10,655.47
6b6cfaabb62c855b61010be411c5e5f4,Localization Stability,TF,Jump Angular,0,656.5
6b6cfaabb62c855b61010be411c5e5f4,Localization Stability,TF,Jump Linear,0,656.5
6b6cfaabb62c855b61010be411c5e5f4,Input Validity,Lidar,Lidar Rate,10,655.57
6b6cfaabb62c855b61010be411c5e5f4,Input Validity,Odometry,Odometry Rate,50,655.57
6b6cfaabb62c855b61010be411c5e5f4,Input Validity,TF,TF Rate,10,655.57
6b6cfaabb62c855b61010be411c5e5f4,Localization Stability,TF,Jump Angular,0,656.6
6b6cfaabb62c855b61010be411c5e5f4,Localization Stability,TF,Jump Linear,0,656.6
6b6cfaabb62c855b61010be411c5e5f4,Input Validity,Lidar,Lidar Rate,10,655.67
6b6cfaabb62c855b61010be411c5e5f4,Input Validity,Odometry,Odometry Rate,50,655.67
6b6cfaabb62c855b61010be411c5e5f4,Input Validity,TF,TF Rate,10,655.67
6b6cfaabb62c855b61010be411c5e5f4,Localization Quality,AMCLPose,CovYawYaw,0.00387432,655.7
6b6cfaabb62c855b61010be411c5e5f4,Localization Quality,AMCLPose,CovYY,0.00395698,655.7
6b6cfaabb62c855b61010be411c5e5f4,Localization Quality,AMCLPose,CovXX,0.00230648,655.7
6b6cfaabb62c855b61010be411c5e5f4,Localization Quality,AMCLPose,MeanYaw,-1.46358,655.7
6b6cfaabb62c855b61010be411c5e5f4,Localization Quality,AMCLPose,MeanY,2.36053,655.7
6b6cfaabb62c855b61010be411c5e5f4,Localization Quality,AMCLPose,MeanX,1.75042,655.7
6b6cfaabb62c855b61010be411c5e5f4,Localization Stability,TF,Jump Angular,0.000195973,656.7
6b6cfaabb62c855b61010be411c5e5f4,Localization Stability,TF,Jump Linear,0.00194841,656.7
6b6cfaabb62c855b61010be411c5e5f4,Input Validity,Lidar,Lidar Rate,10,655.77
6b6cfaabb62c855b61010be411c5e5f4,Input Validity,Odometry,Odometry Rate,50,655.77
6b6cfaabb62c855b61010be411c5e5f4,Input Validity,TF,TF Rate,10,655.77
6b6cfaabb62c855b61010be411c5e5f4,Localization Stability,TF,Jump Angular,0,656.8
6b6cfaabb62c855b61010be411c5e5f4,Localization Stability,TF,Jump Linear,0,656.8
6b6cfaabb62c855b61010be411c5e5f4,Input Validity,Lidar,Lidar Rate,10,655.87
6b6cfaabb62c855b61010be411c5e5f4,Input Validity,Odometry,Odometry Rate,50,655.87
6b6cfaabb62c855b61010be411c5e5f4,Input Validity,TF,TF Rate,10,655.87
6b6cfaabb62c855b61010be411c5e5f4,Localization Quality,AMCLPose,CovYawYaw,0.00298262,655.9
6b6cfaabb62c855b61010be411c5e5f4,Localization Quality,AMCLPose,CovYY,0.00350489,655.9
6b6cfaabb62c855b61010be411c5e5f4,Localization Quality,AMCLPose,CovXX,0.00208285,655.9
6b6cfaabb62c855b61010be411c5e5f4,Localization Quality,AMCLPose,MeanYaw,-1.41196,655.9
6b6cfaabb62c855b61010be411c5e5f4,Localization Quality,AMCLPose,MeanY,2.27271,655.9
6b6cfaabb62c855b61010be411c5e5f4,Localization Quality,AMCLPose,MeanX,1.76378,655.9
6b6cfaabb62c855b61010be411c5e5f4,Localization Stability,TF,Jump Angular,0.000244445,656.9
6b6cfaabb62c855b61010be411c5e5f4,Localization Stability,TF,Jump Linear,0.00230746,656.9
6b6cfaabb62c855b61010be411c5e5f4,Input Validity,Lidar,Lidar Rate,10,655.97
6b6cfaabb62c855b61010be411c5e5f4,Input Validity,Odometry,Odometry Rate,50,655.97
6b6cfaabb62c855b61010be411c5e5f4,Input Validity,TF,TF Rate,10,655.97
6b6cfaabb62c855b61010be411c5e5f4,Localization Stability,TF,Jump Angular,0,657
6b6cfaabb62c855b61010be411c5e5f4,Localization Stability,TF,Jump Linear,0,657
6b6cfaabb62c855b61010be411c5e5f4,Input Validity,Lidar,Lidar Rate,10,656.07
6b6cfaabb62c855b61010be411c5e5f4,Input Validity,Odometry,Odometry Rate,50,656.07
6b6cfaabb62c855b61010be411c5e5f4,Input Validity,TF,TF Rate,10,656.07
6b6cfaabb62c855b61010be411c5e5f4,Localization Quality,AMCLPose,CovYawYaw,0.002111,656.1
6b6cfaabb62c855b61010be411c5e5f4,Localization Quality,AMCLPose,CovYY,0.00325681,656.1
6b6cfaabb62c855b61010be411c5e5f4,Localization Quality,AMCLPose,CovXX,0.0018743,656.1
6b6cfaabb62c855b61010be411c5e5f4,Localization Quality,AMCLPose,MeanYaw,-1.35531,656.1
6b6cfaabb62c855b61010be411c5e5f4,Localization Quality,AMCLPose,MeanY,2.18395,656.1
6b6cfaabb62c855b61010be411c5e5f4,Localization Quality,AMCLPose,MeanX,1.7841,656.1
6b6cfaabb62c855b61010be411c5e5f4,Localization Stability,TF,Jump Angular,0.00209943,657.1
6b6cfaabb62c855b61010be411c5e5f4,Localization Stability,TF,Jump Linear,0.00982219,657.1
6b6cfaabb62c855b61010be411c5e5f4,Input Validity,Lidar,Lidar Rate,10,656.17
6b6cfaabb62c855b61010be411c5e5f4,Input Validity,Odometry,Odometry Rate,50,656.17
6b6cfaabb62c855b61010be411c5e5f4,Input Validity,TF,TF Rate,10,656.17
6b6cfaabb62c855b61010be411c5e5f4,Localization Stability,TF,Jump Angular,0,657.2
6b6cfaabb62c855b61010be411c5e5f4,Localization Stability,TF,Jump Linear,0,657.2
6b6cfaabb62c855b61010be411c5e5f4,Input Validity,Lidar,Lidar Rate,10,656.27
6b6cfaabb62c855b61010be411c5e5f4,Input Validity,Odometry,Odometry Rate,50,656.27
6b6cfaabb62c855b61010be411c5e5f4,Input Validity,TF,TF Rate,10,656.27
6b6cfaabb62c855b61010be411c5e5f4,Localization Quality,AMCLPose,CovYawYaw,0.00187858,656.3
6b6cfaabb62c855b61010be411c5e5f4,Localization Quality,AMCLPose,CovYY,0.00306594,656.3
6b6cfaabb62c855b61010be411c5e5f4,Localization Quality,AMCLPose,CovXX,0.001771,656.3
6b6cfaabb62c855b61010be411c5e5f4,Localization Quality,AMCLPose,MeanYaw,-1.29915,656.3
6b6cfaabb62c855b61010be411c5e5f4,Localization Quality,AMCLPose,MeanY,2.0957,656.3
6b6cfaabb62c855b61010be411c5e5f4,Localization Quality,AMCLPose,MeanX,1.80646,656.3
6b6cfaabb62c855b61010be411c5e5f4,Localization Stability,TF,Jump Angular,0.000215582,657.3
6b6cfaabb62c855b61010be411c5e5f4,Localization Stability,TF,Jump Linear,0.00177052,657.3
6b6cfaabb62c855b61010be411c5e5f4,Input Validity,Lidar,Lidar Rate,10,656.37
6b6cfaabb62c855b61010be411c5e5f4,Input Validity,Odometry,Odometry Rate,50,656.37
6b6cfaabb62c855b61010be411c5e5f4,Input Validity,TF,TF Rate,10,656.37
6b6cfaabb62c855b61010be411c5e5f4,Localization Stability,TF,Jump Angular,0,657.4
6b6cfaabb62c855b61010be411c5e5f4,Localization Stability,TF,Jump Linear,0,657.4
6b6cfaabb62c855b61010be411c5e5f4,Input Validity,Lidar,Lidar Rate,10,656.47
6b6cfaabb62c855b61010be411c5e5f4,Input Validity,Odometry,Odometry Rate,50,656.47
6b6cfaabb62c855b61010be411c5e5f4,Input Validity,TF,TF Rate,10,656.47
6b6cfaabb62c855b61010be411c5e5f4,Localization Quality,AMCLPose,CovYawYaw,0.00206326,656.5
6b6cfaabb62c855b61010be411c5e5f4,Localization Quality,AMCLPose,CovYY,0.00293327,656.5
6b6cfaabb62c855b61010be411c5e5f4,Localization Quality,AMCLPose,CovXX,0.00183611,656.5
6b6cfaabb62c855b61010be411c5e5f4,Localization Quality,AMCLPose,MeanYaw,-1.24143,656.5
6b6cfaabb62c855b61010be411c5e5f4,Localization Quality,AMCLPose,MeanY,2.00898,656.5
6b6cfaabb62c855b61010be411c5e5f4,Localization Quality,AMCLPose,MeanX,1.83385,656.5
6b6cfaabb62c855b61010be411c5e5f4,Localization Stability,TF,Jump Angular,0.00149517,657.5
6b6cfaabb62c855b61010be411c5e5f4,Localization Stability,TF,Jump Linear,0.00552937,657.5
6b6cfaabb62c855b61010be411c5e5f4,Input Validity,Lidar,Lidar Rate,10,656.57
6b6cfaabb62c855b61010be411c5e5f4,Input Validity,Odometry,Odometry Rate,50,656.57
6b6cfaabb62c855b61010be411c5e5f4,Input Validity,TF,TF Rate,10,656.57
6b6cfaabb62c855b61010be411c5e5f4,Localization Stability,TF,Jump Angular,0,657.6
6b6cfaabb62c855b61010be411c5e5f4,Localization Stability,TF,Jump Linear,0,657.6
6b6cfaabb62c855b61010be411c5e5f4,Input Validity,Lidar,Lidar Rate,10,656.67
6b6cfaabb62c855b61010be411c5e5f4,Input Validity,Odometry,Odometry Rate,50,656.67
6b6cfaabb62c855b61010be411c5e5f4,Input Validity,TF,TF Rate,10,656.67
6b6cfaabb62c855b61010be411c5e5f4,Localization Quality,AMCLPose,CovYawYaw,0.00192894,656.7
6b6cfaabb62c855b61010be411c5e5f4,Localization Quality,AMCLPose,CovYY,0.00287136,656.7
6b6cfaabb62c855b61010be411c5e5f4,Localization Quality,AMCLPose,CovXX,0.00171076,656.7
6b6cfaabb62c855b61010be411c5e5f4,Localization Quality,AMCLPose,MeanYaw,-1.18677,656.7
6b6cfaabb62c855b61010be411c5e5f4,Localization Quality,AMCLPose,MeanY,1.92422,656.7
6b6cfaabb62c855b61010be411c5e5f4,Localization Quality,AMCLPose,MeanX,1.86506,656.7
6b6cfaabb62c855b61010be411c5e5f4,Localization Stability,TF,Jump Angular,-0.000583771,657.7
6b6cfaabb62c855b61010be411c5e5f4,Localization Stability,TF,Jump Linear,0.00168348,657.7
6b6cfaabb62c855b61010be411c5e5f4,Input Validity,Lidar,Lidar Rate,10,656.77
6b6cfaabb62c855b61010be411c5e5f4,Input Validity,Odometry,Odometry Rate,50,656.77
6b6cfaabb62c855b61010be411c5e5f4,Input Validity,TF,TF Rate,10,656.77
6b6cfaabb62c855b61010be411c5e5f4,Localization Stability,TF,Jump Angular,0,657.8
6b6cfaabb62c855b61010be411c5e5f4,Localization Stability,TF,Jump Linear,0,657.8
6b6cfaabb62c855b61010be411c5e5f4,Input Validity,Lidar,Lidar Rate,10,656.87
6b6cfaabb62c855b61010be411c5e5f4,Input Validity,Odometry,Odometry Rate,50,656.87
6b6cfaabb62c855b61010be411c5e5f4,Input Validity,TF,TF Rate,10,656.87
6b6cfaabb62c855b61010be411c5e5f4,Localization Quality,AMCLPose,CovYawYaw,0.00164553,656.9
6b6cfaabb62c855b61010be411c5e5f4,Localization Quality,AMCLPose,CovYY,0.00226462,656.9
6b6cfaabb62c855b61010be411c5e5f4,Localization Quality,AMCLPose,CovXX,0.00178991,656.9
6b6cfaabb62c855b61010be411c5e5f4,Localization Quality,AMCLPose,MeanYaw,-1.13322,656.9
6b6cfaabb62c855b61010be411c5e5f4,Localization Quality,AMCLPose,MeanY,1.84484,656.9
6b6cfaabb62c855b61010be411c5e5f4,Localization Quality,AMCLPose,MeanX,1.89912,656.9
6b6cfaabb62c855b61010be411c5e5f4,Localization Stability,TF,Jump Angular,0.000228238,657.9
6b6cfaabb62c855b61010be411c5e5f4,Localization Stability,TF,Jump Linear,0.00302582,657.9
6b6cfaabb62c855b61010be411c5e5f4,Input Validity,Lidar,Lidar Rate,10,656.96
6b6cfaabb62c855b61010be411c5e5f4,Input Validity,Odometry,Odometry Rate,50,656.96
6b6cfaabb62c855b61010be411c5e5f4,Input Validity,TF,TF Rate,10,656.96
6b6cfaabb62c855b61010be411c5e5f4,Localization Stability,TF,Jump Angular,0,658
6b6cfaabb62c855b61010be411c5e5f4,Localization Stability,TF,Jump Linear,0,658
6b6cfaabb62c855b61010be411c5e5f4,Input Validity,Lidar,Lidar Rate,10,657.06
6b6cfaabb62c855b61010be411c5e5f4,Input Validity,Odometry,Odometry Rate,50,657.06
6b6cfaabb62c855b61010be411c5e5f4,Input Validity,TF,TF Rate,10,657.06
6b6cfaabb62c855b61010be411c5e5f4,Localization Stability,TF,Jump Angular,0,658.1
6b6cfaabb62c855b61010be411c5e5f4,Localization Stability,TF,Jump Linear,0,658.1
6b6cfaabb62c855b61010be411c5e5f4,Input Validity,Lidar,Lidar Rate,10,657.16
6b6cfaabb62c855b61010be411c5e5f4,Input Validity,Odometry,Odometry Rate,50,657.16
6b6cfaabb62c855b61010be411c5e5f4,Input Validity,TF,TF Rate,10,657.16
6b6cfaabb62c855b61010be411c5e5f4,Localization Quality,AMCLPose,CovYawYaw,0.00236136,657.2
6b6cfaabb62c855b61010be411c5e5f4,Localization Quality,AMCLPose,CovYY,0.00235491,657.2
6b6cfaabb62c855b61010be411c5e5f4,Localization Quality,AMCLPose,CovXX,0.00201222,657.2
6b6cfaabb62c855b61010be411c5e5f4,Localization Quality,AMCLPose,MeanYaw,-1.05862,657.2
6b6cfaabb62c855b61010be411c5e5f4,Localization Quality,AMCLPose,MeanY,1.72773,657.2
6b6cfaabb62c855b61010be411c5e5f4,Localization Quality,AMCLPose,MeanX,1.96022,657.2
6b6cfaabb62c855b61010be411c5e5f4,Localization Stability,TF,Jump Angular,0.0013411,658.2
6b6cfaabb62c855b61010be411c5e5f4,Localization Stability,TF,Jump Linear,0.0021373,658.2
6b6cfaabb62c855b61010be411c5e5f4,Input Validity,Lidar,Lidar Rate,10,657.26
6b6cfaabb62c855b61010be411c5e5f4,Input Validity,Odometry,Odometry Rate,50,657.26
6b6cfaabb62c855b61010be411c5e5f4,Input Validity,TF,TF Rate,10,657.26
6b6cfaabb62c855b61010be411c5e5f4,Localization Stability,TF,Jump Angular,0,658.3
6b6cfaabb62c855b61010be411c5e5f4,Localization Stability,TF,Jump Linear,0,658.3
6b6cfaabb62c855b61010be411c5e5f4,Input Validity,Lidar,Lidar Rate,10,657.36
6b6cfaabb62c855b61010be411c5e5f4,Input Validity,Odometry,Odometry Rate,50,657.36
6b6cfaabb62c855b61010be411c5e5f4,Input Validity,TF,TF Rate,10,657.36
6b6cfaabb62c855b61010be411c5e5f4,Localization Stability,TF,Jump Angular,0,658.4
6b6cfaabb62c855b61010be411c5e5f4,Localization Stability,TF,Jump Linear,0,658.4
6b6cfaabb62c855b61010be411c5e5f4,Input Validity,Lidar,Lidar Rate,10,657.46
6b6cfaabb62c855b61010be411c5e5f4,Input Validity,Odometry,Odometry Rate,50,657.46
6b6cfaabb62c855b61010be411c5e5f4,Input Validity,TF,TF Rate,10,657.46
6b6cfaabb62c855b61010be411c5e5f4,Localization Quality,AMCLPose,CovYawYaw,0.00269354,657.5
6b6cfaabb62c855b61010be411c5e5f4,Localization Quality,AMCLPose,CovYY,0.00252991,657.5
6b6cfaabb62c855b61010be411c5e5f4,Localization Quality,AMCLPose,CovXX,0.00220907,657.5
6b6cfaabb62c855b61010be411c5e5f4,Localization Quality,AMCLPose,MeanYaw,-0.993387,657.5
6b6cfaabb62c855b61010be411c5e5f4,Localization Quality,AMCLPose,MeanY,1.61319,657.5
6b6cfaabb62c855b61010be411c5e5f4,Localization Quality,AMCLPose,MeanX,2.03199,657.5
6b6cfaabb62c855b61010be411c5e5f4,Localization Stability,TF,Jump Angular,0.000726962,658.5
6b6cfaabb62c855b61010be411c5e5f4,Localization Stability,TF,Jump Linear,0.00323864,658.5
6b6cfaabb62c855b61010be411c5e5f4,Input Validity,Lidar,Lidar Rate,10,657.56
6b6cfaabb62c855b61010be411c5e5f4,Input Validity,Odometry,Odometry Rate,50,657.56
6b6cfaabb62c855b61010be411c5e5f4,Input Validity,TF,TF Rate,10,657.56
6b6cfaabb62c855b61010be411c5e5f4,Localization Stability,TF,Jump Angular,0,658.6
6b6cfaabb62c855b61010be411c5e5f4,Localization Stability,TF,Jump Linear,0,658.6
6b6cfaabb62c855b61010be411c5e5f4,Input Validity,Lidar,Lidar Rate,10,657.66
6b6cfaabb62c855b61010be411c5e5f4,Input Validity,Odometry,Odometry Rate,50,657.66
6b6cfaabb62c855b61010be411c5e5f4,Input Validity,TF,TF Rate,10,657.66
6b6cfaabb62c855b61010be411c5e5f4,Localization Stability,TF,Jump Angular,0,658.7
6b6cfaabb62c855b61010be411c5e5f4,Localization Stability,TF,Jump Linear,0,658.7
6b6cfaabb62c855b61010be411c5e5f4,Input Validity,Lidar,Lidar Rate,10,657.76
6b6cfaabb62c855b61010be411c5e5f4,Input Validity,Odometry,Odometry Rate,50,657.76
6b6cfaabb62c855b61010be411c5e5f4,Input Validity,TF,TF Rate,10,657.76
6b6cfaabb62c855b61010be411c5e5f4,Localization Quality,AMCLPose,CovYawYaw,0.00440386,657.8
6b6cfaabb62c855b61010be411c5e5f4,Localization Quality,AMCLPose,CovYY,0.00321174,657.8
6b6cfaabb62c855b61010be411c5e5f4,Localization Quality,AMCLPose,CovXX,0.00283099,657.8
6b6cfaabb62c855b61010be411c5e5f4,Localization Quality,AMCLPose,MeanYaw,-0.935723,657.8
6b6cfaabb62c855b61010be411c5e5f4,Localization Quality,AMCLPose,MeanY,1.50372,657.8
6b6cfaabb62c855b61010be411c5e5f4,Localization Quality,AMCLPose,MeanX,2.10974,657.8
6b6cfaabb62c855b61010be411c5e5f4,Localization Stability,TF,Jump Angular,0.00186732,658.8
6b6cfaabb62c855b61010be411c5e5f4,Localization Stability,TF,Jump Linear,0.00491939,658.8
6b6cfaabb62c855b61010be411c5e5f4,Input Validity,Lidar,Lidar Rate,10,657.86
6b6cfaabb62c855b61010be411c5e5f4,Input Validity,Odometry,Odometry Rate,50,657.86
6b6cfaabb62c855b61010be411c5e5f4,Input Validity,TF,TF Rate,10,657.86
6b6cfaabb62c855b61010be411c5e5f4,Localization Stability,TF,Jump Angular,0,658.9
6b6cfaabb62c855b61010be411c5e5f4,Localization Stability,TF,Jump Linear,0,658.9
6b6cfaabb62c855b61010be411c5e5f4,Input Validity,Lidar,Lidar Rate,10,657.96
6b6cfaabb62c855b61010be411c5e5f4,Input Validity,Odometry,Odometry Rate,50,657.96
6b6cfaabb62c855b61010be411c5e5f4,Input Validity,TF,TF Rate,10,657.96
6b6cfaabb62c855b61010be411c5e5f4,Localization Stability,TF,Jump Angular,0,659
6b6cfaabb62c855b61010be411c5e5f4,Localization Stability,TF,Jump Linear,0,659
6b6cfaabb62c855b61010be411c5e5f4,Input Validity,Lidar,Lidar Rate,10,658.06
6b6cfaabb62c855b61010be411c5e5f4,Input Validity,Odometry,Odometry Rate,50,658.06
6b6cfaabb62c855b61010be411c5e5f4,Input Validity,TF,TF Rate,10,658.06
6b6cfaabb62c855b61010be411c5e5f4,Localization Stability,TF,Jump Angular,0,659.1
6b6cfaabb62c855b61010be411c5e5f4,Localization Stability,TF,Jump Linear,0,659.1
6b6cfaabb62c855b61010be411c5e5f4,Input Validity,Lidar,Lidar Rate,10,658.16
6b6cfaabb62c855b61010be411c5e5f4,Input Validity,Odometry,Odometry Rate,50,658.16
6b6cfaabb62c855b61010be411c5e5f4,Input Validity,TF,TF Rate,10,658.16
6b6cfaabb62c855b61010be411c5e5f4,Localization Quality,AMCLPose,CovYawYaw,0.00713792,658.2
6b6cfaabb62c855b61010be411c5e5f4,Localization Quality,AMCLPose,CovYY,0.00477724,658.2
6b6cfaabb62c855b61010be411c5e5f4,Localization Quality,AMCLPose,CovXX,0.00379045,658.2
6b6cfaabb62c855b61010be411c5e5f4,Localization Quality,AMCLPose,MeanYaw,-0.875901,658.2
6b6cfaabb62c855b61010be411c5e5f4,Localization Quality,AMCLPose,MeanY,1.35963,658.2
6b6cfaabb62c855b61010be411c5e5f4,Localization Quality,AMCLPose,MeanX,2.22014,658.2
6b6cfaabb62c855b61010be411c5e5f4,Localization Stability,TF,Jump Angular,-0.00114441,659.2
6b6cfaabb62c855b61010be411c5e5f4,Localization Stability,TF,Jump Linear,0.0028553,659.2
6b6cfaabb62c855b61010be411c5e5f4,Input Validity,Lidar,Lidar Rate,10,658.26
6b6cfaabb62c855b61010be411c5e5f4,Input Validity,Odometry,Odometry Rate,50,658.26
6b6cfaabb62c855b61010be411c5e5f4,Input Validity,TF,TF Rate,10,658.26
6b6cfaabb62c855b61010be411c5e5f4,Localization Stability,TF,Jump Angular,0,659.3
6b6cfaabb62c855b61010be411c5e5f4,Localization Stability,TF,Jump Linear,0,659.3
6b6cfaabb62c855b61010be411c5e5f4,Input Validity,Lidar,Lidar Rate,10,658.36
6b6cfaabb62c855b61010be411c5e5f4,Input Validity,Odometry,Odometry Rate,50,658.36
6b6cfaabb62c855b61010be411c5e5f4,Input Validity,TF,TF Rate,10,658.36
6b6cfaabb62c855b61010be411c5e5f4,Localization Stability,TF,Jump Angular,0,659.4
6b6cfaabb62c855b61010be411c5e5f4,Localization Stability,TF,Jump Linear,0,659.4
6b6cfaabb62c855b61010be411c5e5f4,Input Validity,Lidar,Lidar Rate,10,658.46
6b6cfaabb62c855b61010be411c5e5f4,Input Validity,Odometry,Odometry Rate,50,658.46
6b6cfaabb62c855b61010be411c5e5f4,Input Validity,TF,TF Rate,10,658.46
6b6cfaabb62c855b61010be411c5e5f4,Localization Stability,TF,Jump Angular,0,659.5
6b6cfaabb62c855b61010be411c5e5f4,Localization Stability,TF,Jump Linear,0,659.5
6b6cfaabb62c855b61010be411c5e5f4,Input Validity,Lidar,Lidar Rate,10,658.56
6b6cfaabb62c855b61010be411c5e5f4,Input Validity,Odometry,Odometry Rate,50,658.56
6b6cfaabb62c855b61010be411c5e5f4,Input Validity,TF,TF Rate,10,658.56
6b6cfaabb62c855b61010be411c5e5f4,Localization Quality,AMCLPose,CovYawYaw,0.0103998,658.6
6b6cfaabb62c855b61010be411c5e5f4,Localization Quality,AMCLPose,CovYY,0.00658213,658.6
6b6cfaabb62c855b61010be411c5e5f4,Localization Quality,AMCLPose,CovXX,0.00527759,658.6
6b6cfaabb62c855b61010be411c5e5f4,Localization Quality,AMCLPose,MeanYaw,-0.829281,658.6
6b6cfaabb62c855b61010be411c5e5f4,Localization Quality,AMCLPose,MeanY,1.22401,658.6
6b6cfaabb62c855b61010be411c5e5f4,Localization Quality,AMCLPose,MeanX,2.34216,658.6
6b6cfaabb62c855b61010be411c5e5f4,Localization Stability,TF,Jump Angular,0.00220282,659.6
6b6cfaabb62c855b61010be411c5e5f4,Localization Stability,TF,Jump Linear,0.00871625,659.6
6b6cfaabb62c855b61010be411c5e5f4,Input Validity,Lidar,Lidar Rate,10,658.66
6b6cfaabb62c855b61010be411c5e5f4,Input Validity,Odometry,Odometry Rate,50,658.66
6b6cfaabb62c855b61010be411c5e5f4,Input Validity,TF,TF Rate,10,658.66
6b6cfaabb62c855b61010be411c5e5f4,Localization Stability,TF,Jump Angular,0,659.7
6b6cfaabb62c855b61010be411c5e5f4,Localization Stability,TF,Jump Linear,0,659.7
6b6cfaabb62c855b61010be411c5e5f4,Input Validity,Lidar,Lidar Rate,10,658.76
6b6cfaabb62c855b61010be411c5e5f4,Input Validity,Odometry,Odometry Rate,50,658.76
6b6cfaabb62c855b61010be411c5e5f4,Input Validity,TF,TF Rate,10,658.76
6b6cfaabb62c855b61010be411c5e5f4,Localization Stability,TF,Jump Angular,0,659.8
6b6cfaabb62c855b61010be411c5e5f4,Localization Stability,TF,Jump Linear,0,659.8
6b6cfaabb62c855b61010be411c5e5f4,Input Validity,Lidar,Lidar Rate,10,658.86
6b6cfaabb62c855b61010be411c5e5f4,Input Validity,Odometry,Odometry Rate,50,658.86
6b6cfaabb62c855b61010be411c5e5f4,Input Validity,TF,TF Rate,10,658.86
6b6cfaabb62c855b61010be411c5e5f4,Localization Quality,AMCLPose,CovYawYaw,0.0125953,658.9
6b6cfaabb62c855b61010be411c5e5f4,Localization Quality,AMCLPose,CovYY,0.00768517,658.9
6b6cfaabb62c855b61010be411c5e5f4,Localization Quality,AMCLPose,CovXX,0.00660017,658.9
6b6cfaabb62c855b61010be411c5e5f4,Localization Quality,AMCLPose,MeanYaw,-0.801467,658.9
6b6cfaabb62c855b61010be411c5e5f4,Localization Quality,AMCLPose,MeanY,1.12603,658.9
6b6cfaabb62c855b61010be411c5e5f4,Localization Quality,AMCLPose,MeanX,2.43587,658.9
6b6cfaabb62c855b61010be411c5e5f4,Localization Stability,TF,Jump Angular,0.00404124,659.9
6b6cfaabb62c855b61010be411c5e5f4,Localization Stability,TF,Jump Linear,0.0117841,659.9
6b6cfaabb62c855b61010be411c5e5f4,Input Validity,Lidar,Lidar Rate,10,658.96
6b6cfaabb62c855b61010be411c5e5f4,Input Validity,Odometry,Odometry Rate,50,658.96
6b6cfaabb62c855b61010be411c5e5f4,Input Validity,TF,TF Rate,10,658.96
6b6cfaabb62c855b61010be411c5e5f4,Localization Stability,TF,Jump Angular,0,660
6b6cfaabb62c855b61010be411c5e5f4,Localization Stability,TF,Jump Linear,0,660
6b6cfaabb62c855b61010be411c5e5f4,Input Validity,Lidar,Lidar Rate,10,659.06
6b6cfaabb62c855b61010be411c5e5f4,Input Validity,Odometry,Odometry Rate,50,659.06
6b6cfaabb62c855b61010be411c5e5f4,Input Validity,TF,TF Rate,10,659.06
6b6cfaabb62c855b61010be411c5e5f4,Localization Stability,TF,Jump Angular,0,660.1
6b6cfaabb62c855b61010be411c5e5f4,Localization Stability,TF,Jump Linear,0,660.1
6b6cfaabb62c855b61010be411c5e5f4,Input Validity,Lidar,Lidar Rate,10,659.15
6b6cfaabb62c855b61010be411c5e5f4,Input Validity,Odometry,Odometry Rate,50,659.15
6b6cfaabb62c855b61010be411c5e5f4,Input Validity,TF,TF Rate,10,659.15
6b6cfaabb62c855b61010be411c5e5f4,Localization Quality,AMCLPose,CovYawYaw,0.0147138,659.2
6b6cfaabb62c855b61010be411c5e5f4,Localization Quality,AMCLPose,CovYY,0.00908136,659.2
6b6cfaabb62c855b61010be411c5e5f4,Localization Quality,AMCLPose,CovXX,0.00829423,659.2
6b6cfaabb62c855b61010be411c5e5f4,Localization Quality,AMCLPose,MeanYaw,-0.79161,659.2
6b6cfaabb62c855b61010be411c5e5f4,Localization Quality,AMCLPose,MeanY,1.03153,659.2
6b6cfaabb62c855b61010be411c5e5f4,Localization Quality,AMCLPose,MeanX,2.53103,659.2
6b6cfaabb62c855b61010be411c5e5f4,Localization Stability,TF,Jump Angular,0.0035259,660.2
6b6cfaabb62c855b61010be411c5e5f4,Localization Stability,TF,Jump Linear,0.00881095,660.2
6b6cfaabb62c855b61010be411c5e5f4,Input Validity,Lidar,Lidar Rate,10,659.25
6b6cfaabb62c855b61010be411c5e5f4,Input Validity,Odometry,Odometry Rate,50,659.25
6b6cfaabb62c855b61010be411c5e5f4,Input Validity,TF,TF Rate,10,659.25
6b6cfaabb62c855b61010be411c5e5f4,Localization Stability,TF,Jump Angular,0,660.3
6b6cfaabb62c855b61010be411c5e5f4,Localization Stability,TF,Jump Linear,0,660.3
6b6cfaabb62c855b61010be411c5e5f4,Input Validity,Lidar,Lidar Rate,10,659.35
6b6cfaabb62c855b61010be411c5e5f4,Input Validity,Odometry,Odometry Rate,50,659.35
6b6cfaabb62c855b61010be411c5e5f4,Input Validity,TF,TF Rate,10,659.35
6b6cfaabb62c855b61010be411c5e5f4,Localization Stability,TF,Jump Angular,0,660.4
6b6cfaabb62c855b61010be411c5e5f4,Localization Stability,TF,Jump Linear,0,660.4
6b6cfaabb62c855b61010be411c5e5f4,Input Validity,Lidar,Lidar Rate,10,659.45
6b6cfaabb62c855b61010be411c5e5f4,Input Validity,Odometry,Odometry Rate,50,659.45
6b6cfaabb62c855b61010be411c5e5f4,Input Validity,TF,TF Rate,10,659.45
6b6cfaabb62c855b61010be411c5e5f4,Localization Quality,AMCLPose,CovYawYaw,0.0166965,659.5
6b6cfaabb62c855b61010be411c5e5f4,Localization Quality,AMCLPose,CovYY,0.01044,659.5
6b6cfaabb62c855b61010be411c5e5f4,Localization Quality,AMCLPose,CovXX,0.0101721,659.5
6b6cfaabb62c855b61010be411c5e5f4,Localization Quality,AMCLPose,MeanYaw,-0.789248,659.5
6b6cfaabb62c855b61010be411c5e5f4,Localization Quality,AMCLPose,MeanY,0.936758,659.5
6b6cfaabb62c855b61010be411c5e5f4,Localization Quality,AMCLPose,MeanX,2.62568,659.5
6b6cfaabb62c855b61010be411c5e5f4,Localization Stability,TF,Jump Angular,-0.00189415,660.5
6b6cfaabb62c855b61010be411c5e5f4,Localization Stability,TF,Jump Linear,0.00662578,660.5
6b6cfaabb62c855b61010be411c5e5f4,Input Validity,Lidar,Lidar Rate,10,659.55
6b6cfaabb62c855b61010be411c5e5f4,Input Validity,Odometry,Odometry Rate,50,659.55
6b6cfaabb62c855b61010be411c5e5f4,Input Validity,TF,TF Rate,10,659.55
6b6cfaabb62c855b61010be411c5e5f4,Localization Stability,TF,Jump Angular,0,660.6
6b6cfaabb62c855b61010be411c5e5f4,Localization Stability,TF,Jump Linear,0,660.6
6b6cfaabb62c855b61010be411c5e5f4,Input Validity,Lidar,Lidar Rate,10,659.65
6b6cfaabb62c855b61010be411c5e5f4,Input Validity,Odometry,Odometry Rate,50,659.65
6b6cfaabb62c855b61010be411c5e5f4,Input Validity,TF,TF Rate,10,659.65
6b6cfaabb62c855b61010be411c5e5f4,Localization Stability,TF,Jump Angular,0,660.7
6b6cfaabb62c855b61010be411c5e5f4,Localization Stability,TF,Jump Linear,0,660.7
6b6cfaabb62c855b61010be411c5e5f4,Input Validity,Lidar,Lidar Rate,10,659.75
6b6cfaabb62c855b61010be411c5e5f4,Input Validity,Odometry,Odometry Rate,50,659.75
6b6cfaabb62c855b61010be411c5e5f4,Input Validity,TF,TF Rate,10,659.75
6b6cfaabb62c855b61010be411c5e5f4,Localization Quality,AMCLPose,CovYawYaw,0.0197874,659.8
6b6cfaabb62c855b61010be411c5e5f4,Localization Quality,AMCLPose,CovYY,0.0121513,659.8
6b6cfaabb62c855b61010be411c5e5f4,Localization Quality,AMCLPose,CovXX,0.0126828,659.8
6b6cfaabb62c855b61010be411c5e5f4,Localization Quality,AMCLPose,MeanYaw,-0.787356,659.8
6b6cfaabb62c855b61010be411c5e5f4,Localization Quality,AMCLPose,MeanY,0.843265,659.8
6b6cfaabb62c855b61010be411c5e5f4,Localization Quality,AMCLPose,MeanX,2.72094,659.8
6b6cfaabb62c855b61010be411c5e5f4,Localization Stability,TF,Jump Angular,-0.000309786,660.8
6b6cfaabb62c855b61010be411c5e5f4,Localization Stability,TF,Jump Linear,0.00305694,660.8
6b6cfaabb62c855b61010be411c5e5f4,Input Validity,Lidar,Lidar Rate,10,659.85
6b6cfaabb62c855b61010be411c5e5f4,Input Validity,Odometry,Odometry Rate,50,659.85
6b6cfaabb62c855b61010be411c5e5f4,Input Validity,TF,TF Rate,10,659.85
6b6cfaabb62c855b61010be411c5e5f4,Localization Stability,TF,Jump Angular,0,660.9
6b6cfaabb62c855b61010be411c5e5f4,Localization Stability,TF,Jump Linear,0,660.9
6b6cfaabb62c855b61010be411c5e5f4,Input Validity,Lidar,Lidar Rate,10,659.95
6b6cfaabb62c855b61010be411c5e5f4,Input Validity,Odometry,Odometry Rate,50,659.95
6b6cfaabb62c855b61010be411c5e5f4,Input Validity,TF,TF Rate,10,659.95
6b6cfaabb62c855b61010be411c5e5f4,Localization Stability,TF,Jump Angular,0,661
6b6cfaabb62c855b61010be411c5e5f4,Localization Stability,TF,Jump Linear,0,661
6b6cfaabb62c855b61010be411c5e5f4,Input Validity,Lidar,Lidar Rate,10,660.05
6b6cfaabb62c855b61010be411c5e5f4,Input Validity,Odometry,Odometry Rate,50,660.05
6b6cfaabb62c855b61010be411c5e5f4,Input Validity,TF,TF Rate,10,660.05
6b6cfaabb62c855b61010be411c5e5f4,Localization Quality,AMCLPose,CovYawYaw,0.0217092,660.1
6b6cfaabb62c855b61010be411c5e5f4,Localization Quality,AMCLPose,CovYY,0.0140197,660.1
6b6cfaabb62c855b61010be411c5e5f4,Localization Quality,AMCLPose,CovXX,0.0154801,660.1
6b6cfaabb62c855b61010be411c5e5f4,Localization Quality,AMCLPose,MeanYaw,-0.786214,660.1
6b6cfaabb62c855b61010be411c5e5f4,Localization Quality,AMCLPose,MeanY,0.748106,660.1
6b6cfaabb62c855b61010be411c5e5f4,Localization Quality,AMCLPose,MeanX,2.81777,660.1
6b6cfaabb62c855b61010be411c5e5f4,Localization Stability,TF,Jump Angular,0.00145727,661.1
6b6cfaabb62c855b61010be411c5e5f4,Localization Stability,TF,Jump Linear,0.00475761,661.1
6b6cfaabb62c855b61010be411c5e5f4,Input Validity,Lidar,Lidar Rate,10,660.15
6b6cfaabb62c855b61010be411c5e5f4,Input Validity,Odometry,Odometry Rate,50,660.15
6b6cfaabb62c855b61010be411c5e5f4,Input Validity,TF,TF Rate,10,660.15
6b6cfaabb62c855b61010be411c5e5f4,Localization Stability,TF,Jump Angular,0,661.2
6b6cfaabb62c855b61010be411c5e5f4,Localization Stability,TF,Jump Linear,0,661.2
6b6cfaabb62c855b61010be411c5e5f4,Input Validity,Lidar,Lidar Rate,10,660.25
6b6cfaabb62c855b61010be411c5e5f4,Input Validity,Odometry,Odometry Rate,50,660.25
6b6cfaabb62c855b61010be411c5e5f4,Input Validity,TF,TF Rate,10,660.25
6b6cfaabb62c855b61010be411c5e5f4,Localization Stability,TF,Jump Angular,0,661.3
6b6cfaabb62c855b61010be411c5e5f4,Localization Stability,TF,Jump Linear,0,661.3
6b6cfaabb62c855b61010be411c5e5f4,Input Validity,Lidar,Lidar Rate,10,660.35
6b6cfaabb62c855b61010be411c5e5f4,Input Validity,Odometry,Odometry Rate,50,660.35
6b6cfaabb62c855b61010be411c5e5f4,Input Validity,TF,TF Rate,10,660.35
6b6cfaabb62c855b61010be411c5e5f4,Localization Quality,AMCLPose,CovYawYaw,0.0228812,660.4
6b6cfaabb62c855b61010be411c5e5f4,Localization Quality,AMCLPose,CovYY,0.0163608,660.4
6b6cfaabb62c855b61010be411c5e5f4,Localization Quality,AMCLPose,CovXX,0.0184507,660.4
6b6cfaabb62c855b61010be411c5e5f4,Localization Quality,AMCLPose,MeanYaw,-0.789566,660.4
6b6cfaabb62c855b61010be411c5e5f4,Localization Quality,AMCLPose,MeanY,0.652636,660.4
6b6cfaabb62c855b61010be411c5e5f4,Localization Quality,AMCLPose,MeanX,2.9113,660.4
6b6cfaabb62c855b61010be411c5e5f4,Localization Stability,TF,Jump Angular,-0.000921193,661.4
6b6cfaabb62c855b61010be411c5e5f4,Localization Stability,TF,Jump Linear,0.00388061,661.4
6b6cfaabb62c855b61010be411c5e5f4,Input Validity,Lidar,Lidar Rate,10,660.45
6b6cfaabb62c855b61010be411c5e5f4,Input Validity,Odometry,Odometry Rate,50,660.45
6b6cfaabb62c855b61010be411c5e5f4,Input Validity,TF,TF Rate,10,660.45
6b6cfaabb62c855b61010be411c5e5f4,Localization Stability,TF,Jump Angular,0,661.5
6b6cfaabb62c855b61010be411c5e5f4,Localization Stability,TF,Jump Linear,0,661.5
6b6cfaabb62c855b61010be411c5e5f4,Input Validity,Lidar,Lidar Rate,10,660.55
6b6cfaabb62c855b61010be411c5e5f4,Input Validity,Odometry,Odometry Rate,50,660.55
6b6cfaabb62c855b61010be411c5e5f4,Input Validity,TF,TF Rate,10,660.55
6b6cfaabb62c855b61010be411c5e5f4,Localization Stability,TF,Jump Angular,0,661.6
6b6cfaabb62c855b61010be411c5e5f4,Localization Stability,TF,Jump Linear,0,661.6
6b6cfaabb62c855b61010be411c5e5f4,Input Validity,Lidar,Lidar Rate,10,660.65
6b6cfaabb62c855b61010be411c5e5f4,Input Validity,Odometry,Odometry Rate,50,660.65
6b6cfaabb62c855b61010be411c5e5f4,Input Validity,TF,TF Rate,10,660.65
6b6cfaabb62c855b61010be411c5e5f4,Localization Quality,AMCLPose,CovYawYaw,0.0248396,660.7
6b6cfaabb62c855b61010be411c5e5f4,Localization Quality,AMCLPose,CovYY,0.0191488,660.7
6b6cfaabb62c855b61010be411c5e5f4,Localization Quality,AMCLPose,CovXX,0.0215683,660.7
6b6cfaabb62c855b61010be411c5e5f4,Localization Quality,AMCLPose,MeanYaw,-0.794434,660.7
6b6cfaabb62c855b61010be411c5e5f4,Localization Quality,AMCLPose,MeanY,0.558436,660.7
6b6cfaabb62c855b61010be411c5e5f4,Localization Quality,AMCLPose,MeanX,3.00315,660.7
6b6cfaabb62c855b61010be411c5e5f4,Localization Stability,TF,Jump Angular,-0.00313943,661.7
6b6cfaabb62c855b61010be411c5e5f4,Localization Stability,TF,Jump Linear,0.0125753,661.7
6b6cfaabb62c855b61010be411c5e5f4,Input Validity,Lidar,Lidar Rate,10,660.75
6b6cfaabb62c855b61010be411c5e5f4,Input Validity,Odometry,Odometry Rate,50,660.75
6b6cfaabb62c855b61010be411c5e5f4,Input Validity,TF,TF Rate,10,660.75
6b6cfaabb62c855b61010be411c5e5f4,Localization Stability,TF,Jump Angular,0,661.8
6b6cfaabb62c855b61010be411c5e5f4,Localization Stability,TF,Jump Linear,0,661.8
6b6cfaabb62c855b61010be411c5e5f4,Input Validity,Lidar,Lidar Rate,10,660.85
6b6cfaabb62c855b61010be411c5e5f4,Input Validity,Odometry,Odometry Rate,50,660.85
6b6cfaabb62c855b61010be411c5e5f4,Input Validity,TF,TF Rate,10,660.85
6b6cfaabb62c855b61010be411c5e5f4,Localization Stability,TF,Jump Angular,0,661.9
6b6cfaabb62c855b61010be411c5e5f4,Localization Stability,TF,Jump Linear,0,661.9
6b6cfaabb62c855b61010be411c5e5f4,Input Validity,Lidar,Lidar Rate,10,660.95
6b6cfaabb62c855b61010be411c5e5f4,Input Validity,Odometry,Odometry Rate,50,660.95
6b6cfaabb62c855b61010be411c5e5f4,Input Validity,TF,TF Rate,10,660.95
6b6cfaabb62c855b61010be411c5e5f4,Localization Quality,AMCLPose,CovYawYaw,0.026039,661
6b6cfaabb62c855b61010be411c5e5f4,Localization Quality,AMCLPose,CovYY,0.0233185,661
6b6cfaabb62c855b61010be411c5e5f4,Localization Quality,AMCLPose,CovXX,0.0257745,661
6b6cfaabb62c855b61010be411c5e5f4,Localization Quality,AMCLPose,MeanYaw,-0.792848,661
6b6cfaabb62c855b61010be411c5e5f4,Localization Quality,AMCLPose,MeanY,0.466626,661
6b6cfaabb62c855b61010be411c5e5f4,Localization Quality,AMCLPose,MeanX,3.09636,661
6b6cfaabb62c855b61010be411c5e5f4,Localization Stability,TF,Jump Angular,0.00260598,662
6b6cfaabb62c855b61010be411c5e5f4,Localization Stability,TF,Jump Linear,0.00352899,662
6b6cfaabb62c855b61010be411c5e5f4,Input Validity,Lidar,Lidar Rate,10,661.05
6b6cfaabb62c855b61010be411c5e5f4,Input Validity,Odometry,Odometry Rate,50,661.05
6b6cfaabb62c855b61010be411c5e5f4,Input Validity,TF,TF Rate,10,661.05
6b6cfaabb62c855b61010be411c5e5f4,Localization Stability,TF,Jump Angular,0,662.1
6b6cfaabb62c855b61010be411c5e5f4,Localization Stability,TF,Jump Linear,0,662.1
6b6cfaabb62c855b61010be411c5e5f4,Input Validity,Lidar,Lidar Rate,10,661.15
6b6cfaabb62c855b61010be411c5e5f4,Input Validity,Odometry,Odometry Rate,50,661.15
6b6cfaabb62c855b61010be411c5e5f4,Input Validity,TF,TF Rate,10,661.15
6b6cfaabb62c855b61010be411c5e5f4,Localization Stability,TF,Jump Angular,0,662.2
6b6cfaabb62c855b61010be411c5e5f4,Localization Stability,TF,Jump Linear,0,662.2
6b6cfaabb62c855b61010be411c5e5f4,Input Validity,Lidar,Lidar Rate,10,661.25
6b6cfaabb62c855b61010be411c5e5f4,Input Validity,Odometry,Odometry Rate,50,661.25
6b6cfaabb62c855b61010be411c5e5f4,Input Validity,TF,TF Rate,10,661.25
6b6cfaabb62c855b61010be411c5e5f4,Localization Quality,AMCLPose,CovYawYaw,0.0276083,661.3
6b6cfaabb62c855b61010be411c5e5f4,Localization Quality,AMCLPose,CovYY,0.0272646,661.3
6b6cfaabb62c855b61010be411c5e5f4,Localization Quality,AMCLPose,CovXX,0.0295691,661.3
6b6cfaabb62c855b61010be411c5e5f4,Localization Quality,AMCLPose,MeanYaw,-0.7938,661.3
6b6cfaabb62c855b61010be411c5e5f4,Localization Quality,AMCLPose,MeanY,0.37282,661.3
6b6cfaabb62c855b61010be411c5e5f4,Localization Quality,AMCLPose,MeanX,3.18873,661.3
6b6cfaabb62c855b61010be411c5e5f4,Localization Stability,TF,Jump Angular,0.000416563,662.3
6b6cfaabb62c855b61010be411c5e5f4,Localization Stability,TF,Jump Linear,0.00230591,662.3
6b6cfaabb62c855b61010be411c5e5f4,Input Validity,Lidar,Lidar Rate,10,661.35
6b6cfaabb62c855b61010be411c5e5f4,Input Validity,Odometry,Odometry Rate,50,661.35
6b6cfaabb62c855b61010be411c5e5f4,Input Validity,TF,TF Rate,10,661.35
6b6cfaabb62c855b61010be411c5e5f4,Localization Stability,TF,Jump Angular,0,662.4
6b6cfaabb62c855b61010be411c5e5f4,Localization Stability,TF,Jump Linear,0,662.4
6b6cfaabb62c855b61010be411c5e5f4,Input Validity,Lidar,Lidar Rate,10,661.45
6b6cfaabb62c855b61010be411c5e5f4,Input Validity,Odometry,Odometry Rate,50,661.45
6b6cfaabb62c855b61010be411c5e5f4,Input Validity,TF,TF Rate,10,661.45
6b6cfaabb62c855b61010be411c5e5f4,Localization Stability,TF,Jump Angular,0,662.5
6b6cfaabb62c855b61010be411c5e5f4,Localization Stability,TF,Jump Linear,0,662.5
6b6cfaabb62c855b61010be411c5e5f4,Input Validity,Lidar,Lidar Rate,10,661.54
6b6cfaabb62c855b61010be411c5e5f4,Input Validity,Odometry,Odometry Rate,50,661.54
6b6cfaabb62c855b61010be411c5e5f4,Input Validity,TF,TF Rate,10,661.54
6b6cfaabb62c855b61010be411c5e5f4,Localization Quality,AMCLPose,CovYawYaw,0.0294316,661.6
6b6cfaabb62c855b61010be411c5e5f4,Localization Quality,AMCLPose,CovYY,0.0323949,661.6
6b6cfaabb62c855b61010be411c5e5f4,Localization Quality,AMCLPose,CovXX,0.0337496,661.6
6b6cfaabb62c855b61010be411c5e5f4,Localization Quality,AMCLPose,MeanYaw,-0.795056,661.6
6b6cfaabb62c855b61010be411c5e5f4,Localization Quality,AMCLPose,MeanY,0.273921,661.6
6b6cfaabb62c855b61010be411c5e5f4,Localization Quality,AMCLPose,MeanX,3.28789,661.6
6b6cfaabb62c855b61010be411c5e5f4,Localization Stability,TF,Jump Angular,-0.000960378,662.6
6b6cfaabb62c855b61010be411c5e5f4,Localization Stability,TF,Jump Linear,0.00398951,662.6
6b6cfaabb62c855b61010be411c5e5f4,Input Validity,Lidar,Lidar Rate,10,661.64
6b6cfaabb62c855b61010be411c5e5f4,Input Validity,Odometry,Odometry Rate,50,661.64
6b6cfaabb62c855b61010be411c5e5f4,Input Validity,TF,TF Rate,10,661.64
6b6cfaabb62c855b61010be411c5e5f4,Localization Stability,TF,Jump Angular,0,662.7
6b6cfaabb62c855b61010be411c5e5f4,Localization Stability,TF,Jump Linear,0,662.7
6b6cfaabb62c855b61010be411c5e5f4,Input Validity,Lidar,Lidar Rate,10,661.74
6b6cfaabb62c855b61010be411c5e5f4,Input Validity,Odometry,Odometry Rate,50,661.74
6b6cfaabb62c855b61010be411c5e5f4,Input Validity,TF,TF Rate,10,661.74
6b6cfaabb62c855b61010be411c5e5f4,Localization Stability,TF,Jump Angular,0,662.8
6b6cfaabb62c855b61010be411c5e5f4,Localization Stability,TF,Jump Linear,0,662.8
6b6cfaabb62c855b61010be411c5e5f4,Input Validity,Lidar,Lidar Rate,10,661.84
6b6cfaabb62c855b61010be411c5e5f4,Input Validity,Odometry,Odometry Rate,50,661.84
6b6cfaabb62c855b61010be411c5e5f4,Input Validity,TF,TF Rate,10,661.84
6b6cfaabb62c855b61010be411c5e5f4,Localization Quality,AMCLPose,CovYawYaw,0.0313647,661.9
6b6cfaabb62c855b61010be411c5e5f4,Localization Quality,AMCLPose,CovYY,0.0363176,661.9
6b6cfaabb62c855b61010be411c5e5f4,Localization Quality,AMCLPose,CovXX,0.0383224,661.9
6b6cfaabb62c855b61010be411c5e5f4,Localization Quality,AMCLPose,MeanYaw,-0.787635,661.9
6b6cfaabb62c855b61010be411c5e5f4,Localization Quality,AMCLPose,MeanY,0.177013,661.9
6b6cfaabb62c855b61010be411c5e5f4,Localization Quality,AMCLPose,MeanX,3.39127,661.9
6b6cfaabb62c855b61010be411c5e5f4,Localization Stability,TF,Jump Angular,0.00562603,662.9
6b6cfaabb62c855b61010be411c5e5f4,Localization Stability,TF,Jump Linear,0.022705,662.9
6b6cfaabb62c855b61010be411c5e5f4,Input Validity,Lidar,Lidar Rate,10,661.94
6b6cfaabb62c855b61010be411c5e5f4,Input Validity,Odometry,Odometry Rate,50,661.94
6b6cfaabb62c855b61010be411c5e5f4,Input Validity,TF,TF Rate,10,661.94
6b6cfaabb62c855b61010be411c5e5f4,Localization Stability,TF,Jump Angular,0,663
6b6cfaabb62c855b61010be411c5e5f4,Localization Stability,TF,Jump Linear,0,663
6b6cfaabb62c855b61010be411c5e5f4,Input Validity,Lidar,Lidar Rate,10,662.04
6b6cfaabb62c855b61010be411c5e5f4,Input Validity,Odometry,Odometry Rate,50,662.04
6b6cfaabb62c855b61010be411c5e5f4,Input Validity,TF,TF Rate,10,662.04
6b6cfaabb62c855b61010be411c5e5f4,Localization Stability,TF,Jump Angular,0,663.1
6b6cfaabb62c855b61010be411c5e5f4,Localization Stability,TF,Jump Linear,0,663.1
6b6cfaabb62c855b61010be411c5e5f4,Input Validity,Lidar,Lidar Rate,10,662.14
6b6cfaabb62c855b61010be411c5e5f4,Input Validity,Odometry,Odometry Rate,50,662.14
6b6cfaabb62c855b61010be411c5e5f4,Input Validity,TF,TF Rate,10,662.14
6b6cfaabb62c855b61010be411c5e5f4,Localization Quality,AMCLPose,CovYawYaw,0.0319264,662.2
6b6cfaabb62c855b61010be411c5e5f4,Localization Quality,AMCLPose,CovYY,0.0383964,662.2
6b6cfaabb62c855b61010be411c5e5f4,Localization Quality,AMCLPose,CovXX,0.044144,662.2
6b6cfaabb62c855b61010be411c5e5f4,Localization Quality,AMCLPose,MeanYaw,-0.784231,662.2
6b6cfaabb62c855b61010be411c5e5f4,Localization Quality,AMCLPose,MeanY,0.0839747,662.2
6b6cfaabb62c855b61010be411c5e5f4,Localization Quality,AMCLPose,MeanX,3.48465,662.2
6b6cfaabb62c855b61010be411c5e5f4,Localization Stability,TF,Jump Angular,0.0026762,663.2
6b6cfaabb62c855b61010be411c5e5f4,Localization Stability,TF,Jump Linear,0.00669125,663.2
6b6cfaabb62c855b61010be411c5e5f4,Input Validity,Lidar,Lidar Rate,10,662.24
6b6cfaabb62c855b61010be411c5e5f4,Input Validity,Odometry,Odometry Rate,50,662.24
6b6cfaabb62c855b61010be411c5e5f4,Input Validity,TF,TF Rate,10,662.24
6b6cfaabb62c855b61010be411c5e5f4,Localization Stability,TF,Jump Angular,0,663.3
6b6cfaabb62c855b61010be411c5e5f4,Localization Stability,TF,Jump Linear,0,663.3
6b6cfaabb62c855b61010be411c5e5f4,Input Validity,Lidar,Lidar Rate,10,662.34
6b6cfaabb62c855b61010be411c5e5f4,Input Validity,Odometry,Odometry Rate,50,662.34
6b6cfaabb62c855b61010be411c5e5f4,Input Validity,TF,TF Rate,10,662.34
6b6cfaabb62c855b61010be411c5e5f4,Localization Stability,TF,Jump Angular,0,663.4
6b6cfaabb62c855b61010be411c5e5f4,Localization Stability,TF,Jump Linear,0,663.4
6b6cfaabb62c855b61010be411c5e5f4,Input Validity,Lidar,Lidar Rate,10,662.44
6b6cfaabb62c855b61010be411c5e5f4,Input Validity,Odometry,Odometry Rate,50,662.44
6b6cfaabb62c855b61010be411c5e5f4,Input Validity,TF,TF Rate,10,662.44
6b6cfaabb62c855b61010be411c5e5f4,Localization Quality,AMCLPose,CovYawYaw,0.0353666,662.5
6b6cfaabb62c855b61010be411c5e5f4,Localization Quality,AMCLPose,CovYY,0.0453584,662.5
6b6cfaabb62c855b61010be411c5e5f4,Localization Quality,AMCLPose,CovXX,0.0504608,662.5
6b6cfaabb62c855b61010be411c5e5f4,Localization Quality,AMCLPose,MeanYaw,-0.781653,662.5
6b6cfaabb62c855b61010be411c5e5f4,Localization Quality,AMCLPose,MeanY,-0.00769509,662.5
6b6cfaabb62c855b61010be411c5e5f4,Localization Quality,AMCLPose,MeanX,3.58167,662.5
6b6cfaabb62c855b61010be411c5e5f4,Localization Stability,TF,Jump Angular,0.00244441,663.5
6b6cfaabb62c855b61010be411c5e5f4,Localization Stability,TF,Jump Linear,0.00548921,663.5
6b6cfaabb62c855b61010be411c5e5f4,Input Validity,Lidar,Lidar Rate,10,662.54
6b6cfaabb62c855b61010be411c5e5f4,Input Validity,Odometry,Odometry Rate,50,662.54
6b6cfaabb62c855b61010be411c5e5f4,Input Validity,TF,TF Rate,10,662.54
6b6cfaabb62c855b61010be411c5e5f4,Localization Stability,TF,Jump Angular,0,663.6
6b6cfaabb62c855b61010be411c5e5f4,Localization Stability,TF,Jump Linear,0,663.6
6b6cfaabb62c855b61010be411c5e5f4,Input Validity,Lidar,Lidar Rate,10,662.64
6b6cfaabb62c855b61010be411c5e5f4,Input Validity,Odometry,Odometry Rate,50,662.64
6b6cfaabb62c855b61010be411c5e5f4,Input Validity,TF,TF Rate,10,662.64
6b6cfaabb62c855b61010be411c5e5f4,Localization Stability,TF,Jump Angular,0,663.7
6b6cfaabb62c855b61010be411c5e5f4,Localization Stability,TF,Jump Linear,0,663.7
6b6cfaabb62c855b61010be411c5e5f4,Input Validity,Lidar,Lidar Rate,10,662.74
6b6cfaabb62c855b61010be411c5e5f4,Input Validity,Odometry,Odometry Rate,50,662.74
6b6cfaabb62c855b61010be411c5e5f4,Input Validity,TF,TF Rate,10,662.74
6b6cfaabb62c855b61010be411c5e5f4,Localization Quality,AMCLPose,CovYawYaw,0.034771,662.8
6b6cfaabb62c855b61010be411c5e5f4,Localization Quality,AMCLPose,CovYY,0.0504081,662.8
6b6cfaabb62c855b61010be411c5e5f4,Localization Quality,AMCLPose,CovXX,0.0570033,662.8
6b6cfaabb62c855b61010be411c5e5f4,Localization Quality,AMCLPose,MeanYaw,-0.783855,662.8
6b6cfaabb62c855b61010be411c5e5f4,Localization Quality,AMCLPose,MeanY,-0.105143,662.8
6b6cfaabb62c855b61010be411c5e5f4,Localization Quality,AMCLPose,MeanX,3.67209,662.8
6b6cfaabb62c855b61010be411c5e5f4,Localization Stability,TF,Jump Angular,-0.00250574,663.8
6b6cfaabb62c855b61010be411c5e5f4,Localization Stability,TF,Jump Linear,0.00906585,663.8
6b6cfaabb62c855b61010be411c5e5f4,Input Validity,Lidar,Lidar Rate,10,662.84
6b6cfaabb62c855b61010be411c5e5f4,Input Validity,Odometry,Odometry Rate,50,662.84
6b6cfaabb62c855b61010be411c5e5f4,Input Validity,TF,TF Rate,10,662.84
6b6cfaabb62c855b61010be411c5e5f4,Localization Stability,TF,Jump Angular,0,663.9
6b6cfaabb62c855b61010be411c5e5f4,Localization Stability,TF,Jump Linear,0,663.9
6b6cfaabb62c855b61010be411c5e5f4,Input Validity,Lidar,Lidar Rate,10,662.94
6b6cfaabb62c855b61010be411c5e5f4,Input Validity,Odometry,Odometry Rate,50,662.94
6b6cfaabb62c855b61010be411c5e5f4,Input Validity,TF,TF Rate,10,662.94
6b6cfaabb62c855b61010be411c5e5f4,Localization Stability,TF,Jump Angular,0,664
6b6cfaabb62c855b61010be411c5e5f4,Localization Stability,TF,Jump Linear,0,664
6b6cfaabb62c855b61010be411c5e5f4,Input Validity,Lidar,Lidar Rate,10,663.04
6b6cfaabb62c855b61010be411c5e5f4,Input Validity,Odometry,Odometry Rate,50,663.04
6b6cfaabb62c855b61010be411c5e5f4,Input Validity,TF,TF Rate,10,663.04
6b6cfaabb62c855b61010be411c5e5f4,Localization Quality,AMCLPose,CovYawYaw,0.0344426,663.1
6b6cfaabb62c855b61010be411c5e5f4,Localization Quality,AMCLPose,CovYY,0.0557231,663.1
6b6cfaabb62c855b61010be411c5e5f4,Localization Quality,AMCLPose,CovXX,0.064109,663.1
6b6cfaabb62c855b61010be411c5e5f4,Localization Quality,AMCLPose,MeanYaw,-0.783163,663.1
6b6cfaabb62c855b61010be411c5e5f4,Localization Quality,AMCLPose,MeanY,-0.19311,663.1
6b6cfaabb62c855b61010be411c5e5f4,Localization Quality,AMCLPose,MeanX,3.77295,663.1
6b6cfaabb62c855b61010be411c5e5f4,Localization Stability,TF,Jump Angular,0.00367768,664.1
6b6cfaabb62c855b61010be411c5e5f4,Localization Stability,TF,Jump Linear,0.00864869,664.1
6b6cfaabb62c855b61010be411c5e5f4,Input Validity,Lidar,Lidar Rate,10,663.14
6b6cfaabb62c855b61010be411c5e5f4,Input Validity,Odometry,Odometry Rate,50,663.14
6b6cfaabb62c855b61010be411c5e5f4,Input Validity,TF,TF Rate,10,663.14
6b6cfaabb62c855b61010be411c5e5f4,Localization Stability,TF,Jump Angular,0,664.2
6b6cfaabb62c855b61010be411c5e5f4,Localization Stability,TF,Jump Linear,0,664.2
6b6cfaabb62c855b61010be411c5e5f4,Input Validity,Lidar,Lidar Rate,10,663.24
6b6cfaabb62c855b61010be411c5e5f4,Input Validity,Odometry,Odometry Rate,50,663.24
6b6cfaabb62c855b61010be411c5e5f4,Input Validity,TF,TF Rate,10,663.24
6b6cfaabb62c855b61010be411c5e5f4,Localization Stability,TF,Jump Angular,0,664.3
6b6cfaabb62c855b61010be411c5e5f4,Localization Stability,TF,Jump Linear,0,664.3
6b6cfaabb62c855b61010be411c5e5f4,Input Validity,Lidar,Lidar Rate,10,663.34
6b6cfaabb62c855b61010be411c5e5f4,Input Validity,Odometry,Odometry Rate,50,663.34
6b6cfaabb62c855b61010be411c5e5f4,Input Validity,TF,TF Rate,10,663.34
6b6cfaabb62c855b61010be411c5e5f4,Localization Quality,AMCLPose,CovYawYaw,0.0335731,663.4
6b6cfaabb62c855b61010be411c5e5f4,Localization Quality,AMCLPose,CovYY,0.0618067,663.4
6b6cfaabb62c855b61010be411c5e5f4,Localization Quality,AMCLPose,CovXX,0.0700245,663.4
6b6cfaabb62c855b61010be411c5e5f4,Localization Quality,AMCLPose,MeanYaw,-0.784681,663.4
6b6cfaabb62c855b61010be411c5e5f4,Localization Quality,AMCLPose,MeanY,-0.283624,663.4
6b6cfaabb62c855b61010be411c5e5f4,Localization Quality,AMCLPose,MeanX,3.8753,663.4
6b6cfaabb62c855b61010be411c5e5f4,Localization Stability,TF,Jump Angular,0.00273204,664.4
6b6cfaabb62c855b61010be411c5e5f4,Localization Stability,TF,Jump Linear,0.00898204,664.4
6b6cfaabb62c855b61010be411c5e5f4,Input Validity,Lidar,Lidar Rate,10,663.44
6b6cfaabb62c855b61010be411c5e5f4,Input Validity,Odometry,Odometry Rate,50,663.44
6b6cfaabb62c855b61010be411c5e5f4,Input Validity,TF,TF Rate,10,663.44
6b6cfaabb62c855b61010be411c5e5f4,Localization Stability,TF,Jump Angular,0,664.5
6b6cfaabb62c855b61010be411c5e5f4,Localization Stability,TF,Jump Linear,0,664.5
6b6cfaabb62c855b61010be411c5e5f4,Input Validity,Lidar,Lidar Rate,10,663.54
6b6cfaabb62c855b61010be411c5e5f4,Input Validity,Odometry,Odometry Rate,50,663.54
6b6cfaabb62c855b61010be411c5e5f4,Input Validity,TF,TF Rate,10,663.54
6b6cfaabb62c855b61010be411c5e5f4,Localization Stability,TF,Jump Angular,0,664.6
6b6cfaabb62c855b61010be411c5e5f4,Localization Stability,TF,Jump Linear,0,664.6
6b6cfaabb62c855b61010be411c5e5f4,Input Validity,Lidar,Lidar Rate,10,663.64
6b6cfaabb62c855b61010be411c5e5f4,Input Validity,Odometry,Odometry Rate,50,663.64
6b6cfaabb62c855b61010be411c5e5f4,Input Validity,TF,TF Rate,10,663.64
6b6cfaabb62c855b61010be411c5e5f4,Localization Quality,AMCLPose,CovYawYaw,0.0349407,663.7
6b6cfaabb62c855b61010be411c5e5f4,Localization Quality,AMCLPose,CovYY,0.0686995,663.7
6b6cfaabb62c855b61010be411c5e5f4,Localization Quality,AMCLPose,CovXX,0.075505,663.7
6b6cfaabb62c855b61010be411c5e5f4,Localization Quality,AMCLPose,MeanYaw,-0.794189,663.7
6b6cfaabb62c855b61010be411c5e5f4,Localization Quality,AMCLPose,MeanY,-0.382999,663.7
6b6cfaabb62c855b61010be411c5e5f4,Localization Quality,AMCLPose,MeanX,3.96411,663.7
6b6cfaabb62c855b61010be411c5e5f4,Localization Stability,TF,Jump Angular,-0.00464798,664.7
6b6cfaabb62c855b61010be411c5e5f4,Localization Stability,TF,Jump Linear,0.0158201,664.7
6b6cfaabb62c855b61010be411c5e5f4,Input Validity,Lidar,Lidar Rate,10,663.74
6b6cfaabb62c855b61010be411c5e5f4,Input Validity,Odometry,Odometry Rate,50,663.74
6b6cfaabb62c855b61010be411c5e5f4,Input Validity,TF,TF Rate,10,663.74
6b6cfaabb62c855b61010be411c5e5f4,Localization Stability,TF,Jump Angular,0,664.8
6b6cfaabb62c855b61010be411c5e5f4,Localization Stability,TF,Jump Linear,0,664.8
6b6cfaabb62c855b61010be411c5e5f4,Input Validity,Lidar,Lidar Rate,10,663.84
6b6cfaabb62c855b61010be411c5e5f4,Input Validity,Odometry,Odometry Rate,50,663.84
6b6cfaabb62c855b61010be411c5e5f4,Input Validity,TF,TF Rate,10,663.84
6b6cfaabb62c855b61010be411c5e5f4,Localization Stability,TF,Jump Angular,0,664.9
6b6cfaabb62c855b61010be411c5e5f4,Localization Stability,TF,Jump Linear,0,664.9
6b6cfaabb62c855b61010be411c5e5f4,Input Validity,Lidar,Lidar Rate,10,663.94
6b6cfaabb62c855b61010be411c5e5f4,Input Validity,Odometry,Odometry Rate,50,663.94
6b6cfaabb62c855b61010be411c5e5f4,Input Validity,TF,TF Rate,10,663.94
6b6cfaabb62c855b61010be411c5e5f4,Localization Quality,AMCLPose,CovYawYaw,0.0361794,664
6b6cfaabb62c855b61010be411c5e5f4,Localization Quality,AMCLPose,CovYY,0.0750146,664
6b6cfaabb62c855b61010be411c5e5f4,Localization Quality,AMCLPose,CovXX,0.081182,664
6b6cfaabb62c855b61010be411c5e5f4,Localization Quality,AMCLPose,MeanYaw,-0.797539,664
6b6cfaabb62c855b61010be411c5e5f4,Localization Quality,AMCLPose,MeanY,-0.48442,664
6b6cfaabb62c855b61010be411c5e5f4,Localization Quality,AMCLPose,MeanX,4.05638,664
6b6cfaabb62c855b61010be411c5e5f4,Localization Stability,TF,Jump Angular,-0.00198332,665
6b6cfaabb62c855b61010be411c5e5f4,Localization Stability,TF,Jump Linear,0.00355144,665
6b6cfaabb62c855b61010be411c5e5f4,Input Validity,Lidar,Lidar Rate,10,664.04
6b6cfaabb62c855b61010be411c5e5f4,Input Validity,Odometry,Odometry Rate,50,664.04
6b6cfaabb62c855b61010be411c5e5f4,Input Validity,TF,TF Rate,10,664.04
6b6cfaabb62c855b61010be411c5e5f4,Localization Stability,TF,Jump Angular,0,665.1
6b6cfaabb62c855b61010be411c5e5f4,Localization Stability,TF,Jump Linear,0,665.1
6b6cfaabb62c855b61010be411c5e5f4,Input Validity,Lidar,Lidar Rate,10,664.13
6b6cfaabb62c855b61010be411c5e5f4,Input Validity,Odometry,Odometry Rate,50,664.13
6b6cfaabb62c855b61010be411c5e5f4,Input Validity,TF,TF Rate,10,664.13
6b6cfaabb62c855b61010be411c5e5f4,Localization Stability,TF,Jump Angular,0,665.2
6b6cfaabb62c855b61010be411c5e5f4,Localization Stability,TF,Jump Linear,0,665.2
6b6cfaabb62c855b61010be411c5e5f4,Input Validity,Lidar,Lidar Rate,10,664.23
6b6cfaabb62c855b61010be411c5e5f4,Input Validity,Odometry,Odometry Rate,50,664.23
6b6cfaabb62c855b61010be411c5e5f4,Input Validity,TF,TF Rate,10,664.23
6b6cfaabb62c855b61010be411c5e5f4,Localization Quality,AMCLPose,CovYawYaw,0.0372452,664.3
6b6cfaabb62c855b61010be411c5e5f4,Localization Quality,AMCLPose,CovYY,0.0829627,664.3
6b6cfaabb62c855b61010be411c5e5f4,Localization Quality,AMCLPose,CovXX,0.08734,664.3
6b6cfaabb62c855b61010be411c5e5f4,Localization Quality,AMCLPose,MeanYaw,-0.785584,664.3
6b6cfaabb62c855b61010be411c5e5f4,Localization Quality,AMCLPose,MeanY,-0.571025,664.3
6b6cfaabb62c855b61010be411c5e5f4,Localization Quality,AMCLPose,MeanX,4.15152,664.3
6b6cfaabb62c855b61010be411c5e5f4,Localization Stability,TF,Jump Angular,0.00557733,665.3
6b6cfaabb62c855b61010be411c5e5f4,Localization Stability,TF,Jump Linear,0.0131691,665.3
6b6cfaabb62c855b61010be411c5e5f4,Input Validity,Lidar,Lidar Rate,10,664.33
6b6cfaabb62c855b61010be411c5e5f4,Input Validity,Odometry,Odometry Rate,50,664.33
6b6cfaabb62c855b61010be411c5e5f4,Input Validity,TF,TF Rate,10,664.33
6b6cfaabb62c855b61010be411c5e5f4,Localization Stability,TF,Jump Angular,0,665.4
6b6cfaabb62c855b61010be411c5e5f4,Localization Stability,TF,Jump Linear,0,665.4
6b6cfaabb62c855b61010be411c5e5f4,Input Validity,Lidar,Lidar Rate,10,664.43
6b6cfaabb62c855b61010be411c5e5f4,Input Validity,Odometry,Odometry Rate,50,664.43
6b6cfaabb62c855b61010be411c5e5f4,Input Validity,TF,TF Rate,10,664.43
6b6cfaabb62c855b61010be411c5e5f4,Localization Stability,TF,Jump Angular,0,665.5
6b6cfaabb62c855b61010be411c5e5f4,Localization Stability,TF,Jump Linear,0,665.5
6b6cfaabb62c855b61010be411c5e5f4,Input Validity,Lidar,Lidar Rate,10,664.53
6b6cfaabb62c855b61010be411c5e5f4,Input Validity,Odometry,Odometry Rate,50,664.53
6b6cfaabb62c855b61010be411c5e5f4,Input Validity,TF,TF Rate,10,664.53
6b6cfaabb62c855b61010be411c5e5f4,Localization Quality,AMCLPose,CovYawYaw,0.0406617,664.6
6b6cfaabb62c855b61010be411c5e5f4,Localization Quality,AMCLPose,CovYY,0.0927518,664.6
6b6cfaabb62c855b61010be411c5e5f4,Localization Quality,AMCLPose,CovXX,0.0989568,664.6
6b6cfaabb62c855b61010be411c5e5f4,Localization Quality,AMCLPose,MeanYaw,-0.787863,664.6
6b6cfaabb62c855b61010be411c5e5f4,Localization Quality,AMCLPose,MeanY,-0.66529,664.6
6b6cfaabb62c855b61010be411c5e5f4,Localization Quality,AMCLPose,MeanX,4.23551,664.6
6b6cfaabb62c855b61010be411c5e5f4,Localization Stability,TF,Jump Angular,-0.00583466,665.6
6b6cfaabb62c855b61010be411c5e5f4,Localization Stability,TF,Jump Linear,0.0273625,665.6
6b6cfaabb62c855b61010be411c5e5f4,Input Validity,Lidar,Lidar Rate,10,664.63
6b6cfaabb62c855b61010be411c5e5f4,Input Validity,Odometry,Odometry Rate,50,664.63
6b6cfaabb62c855b61010be411c5e5f4,Input Validity,TF,TF Rate,10,664.63
6b6cfaabb62c855b61010be411c5e5f4,Localization Stability,TF,Jump Angular,0,665.7
6b6cfaabb62c855b61010be411c5e5f4,Localization Stability,TF,Jump Linear,0,665.7
6b6cfaabb62c855b61010be411c5e5f4,Input Validity,Lidar,Lidar Rate,10,664.73
6b6cfaabb62c855b61010be411c5e5f4,Input Validity,Odometry,Odometry Rate,50,664.73
6b6cfaabb62c855b61010be411c5e5f4,Input Validity,TF,TF Rate,10,664.73
6b6cfaabb62c855b61010be411c5e5f4,Localization Stability,TF,Jump Angular,0,665.8
6b6cfaabb62c855b61010be411c5e5f4,Localization Stability,TF,Jump Linear,0,665.8
6b6cfaabb62c855b61010be411c5e5f4,Input Validity,Lidar,Lidar Rate,10,664.83
6b6cfaabb62c855b61010be411c5e5f4,Input Validity,Odometry,Odometry Rate,50,664.83
6b6cfaabb62c855b61010be411c5e5f4,Input Validity,TF,TF Rate,10,664.83
6b6cfaabb62c855b61010be411c5e5f4,Localization Quality,AMCLPose,CovYawYaw,0.0422447,664.9
6b6cfaabb62c855b61010be411c5e5f4,Localization Quality,AMCLPose,CovYY,0.102432,664.9
6b6cfaabb62c855b61010be411c5e5f4,Localization Quality,AMCLPose,CovXX,0.109286,664.9
6b6cfaabb62c855b61010be411c5e5f4,Localization Quality,AMCLPose,MeanYaw,-0.776169,664.9
6b6cfaabb62c855b61010be411c5e5f4,Localization Quality,AMCLPose,MeanY,-0.750584,664.9
6b6cfaabb62c855b61010be411c5e5f4,Localization Quality,AMCLPose,MeanX,4.33551,664.9
6b6cfaabb62c855b61010be411c5e5f4,Localization Stability,TF,Jump Angular,0.00699122,665.9
6b6cfaabb62c855b61010be411c5e5f4,Localization Stability,TF,Jump Linear,0.0199526,665.9
6b6cfaabb62c855b61010be411c5e5f4,Input Validity,Lidar,Lidar Rate,10,664.93
6b6cfaabb62c855b61010be411c5e5f4,Input Validity,Odometry,Odometry Rate,50,664.93
6b6cfaabb62c855b61010be411c5e5f4,Input Validity,TF,TF Rate,10,664.93
6b6cfaabb62c855b61010be411c5e5f4,Localization Stability,TF,Jump Angular,0,666
6b6cfaabb62c855b61010be411c5e5f4,Localization Stability,TF,Jump Linear,0,666
6b6cfaabb62c855b61010be411c5e5f4,Input Validity,Lidar,Lidar Rate,10,665.03
6b6cfaabb62c855b61010be411c5e5f4,Input Validity,Odometry,Odometry Rate,50,665.03
6b6cfaabb62c855b61010be411c5e5f4,Input Validity,TF,TF Rate,10,665.03
6b6cfaabb62c855b61010be411c5e5f4,Localization Stability,TF,Jump Angular,0,666.1
6b6cfaabb62c855b61010be411c5e5f4,Localization Stability,TF,Jump Linear,0,666.1
6b6cfaabb62c855b61010be411c5e5f4,Input Validity,Lidar,Lidar Rate,10,665.13
6b6cfaabb62c855b61010be411c5e5f4,Input Validity,Odometry,Odometry Rate,50,665.13
6b6cfaabb62c855b61010be411c5e5f4,Input Validity,TF,TF Rate,10,665.13
6b6cfaabb62c855b61010be411c5e5f4,Localization Quality,AMCLPose,CovYawYaw,0.0441505,665.2
6b6cfaabb62c855b61010be411c5e5f4,Localization Quality,AMCLPose,CovYY,0.114677,665.2
6b6cfaabb62c855b61010be411c5e5f4,Localization Quality,AMCLPose,CovXX,0.123498,665.2
6b6cfaabb62c855b61010be411c5e5f4,Localization Quality,AMCLPose,MeanYaw,-0.77757,665.2
6b6cfaabb62c855b61010be411c5e5f4,Localization Quality,AMCLPose,MeanY,-0.844361,665.2
6b6cfaabb62c855b61010be411c5e5f4,Localization Quality,AMCLPose,MeanX,4.42633,665.2
6b6cfaabb62c855b61010be411c5e5f4,Localization Stability,TF,Jump Angular,-0.00326253,666.2
6b6cfaabb62c855b61010be411c5e5f4,Localization Stability,TF,Jump Linear,0.0154946,666.2
6b6cfaabb62c855b61010be411c5e5f4,Input Validity,Lidar,Lidar Rate,10,665.23
6b6cfaabb62c855b61010be411c5e5f4,Input Validity,Odometry,Odometry Rate,50,665.23
6b6cfaabb62c855b61010be411c5e5f4,Input Validity,TF,TF Rate,10,665.23
6b6cfaabb62c855b61010be411c5e5f4,Localization Stability,TF,Jump Angular,0,666.3
6b6cfaabb62c855b61010be411c5e5f4,Localization Stability,TF,Jump Linear,0,666.3
6b6cfaabb62c855b61010be411c5e5f4,Input Validity,Lidar,Lidar Rate,10,665.33
6b6cfaabb62c855b61010be411c5e5f4,Input Validity,Odometry,Odometry Rate,50,665.33
6b6cfaabb62c855b61010be411c5e5f4,Input Validity,TF,TF Rate,10,665.33
6b6cfaabb62c855b61010be411c5e5f4,Localization Stability,TF,Jump Angular,0,666.4
6b6cfaabb62c855b61010be411c5e5f4,Localization Stability,TF,Jump Linear,0,666.4
6b6cfaabb62c855b61010be411c5e5f4,Input Validity,Lidar,Lidar Rate,10,665.43
6b6cfaabb62c855b61010be411c5e5f4,Input Validity,Odometry,Odometry Rate,50,665.43
6b6cfaabb62c855b61010be411c5e5f4,Input Validity,TF,TF Rate,10,665.43
6b6cfaabb62c855b61010be411c5e5f4,Localization Quality,AMCLPose,CovYawYaw,0.0456413,665.5
6b6cfaabb62c855b61010be411c5e5f4,Localization Quality,AMCLPose,CovYY,0.122633,665.5
6b6cfaabb62c855b61010be411c5e5f4,Localization Quality,AMCLPose,CovXX,0.132573,665.5
6b6cfaabb62c855b61010be411c5e5f4,Localization Quality,AMCLPose,MeanYaw,-0.78044,665.5
6b6cfaabb62c855b61010be411c5e5f4,Localization Quality,AMCLPose,MeanY,-0.926352,665.5
6b6cfaabb62c855b61010be411c5e5f4,Localization Quality,AMCLPose,MeanX,4.53376,665.5
6b6cfaabb62c855b61010be411c5e5f4,Localization Stability,TF,Jump Angular,0.00466408,666.5
6b6cfaabb62c855b61010be411c5e5f4,Localization Stability,TF,Jump Linear,0.0118556,666.5
6b6cfaabb62c855b61010be411c5e5f4,Input Validity,Lidar,Lidar Rate,10,665.53
6b6cfaabb62c855b61010be411c5e5f4,Input Validity,Odometry,Odometry Rate,50,665.53
6b6cfaabb62c855b61010be411c5e5f4,Input Validity,TF,TF Rate,10,665.53
6b6cfaabb62c855b61010be411c5e5f4,Localization Stability,TF,Jump Angular,0,666.6
6b6cfaabb62c855b61010be411c5e5f4,Localization Stability,TF,Jump Linear,0,666.6
6b6cfaabb62c855b61010be411c5e5f4,Input Validity,Lidar,Lidar Rate,10,665.63
6b6cfaabb62c855b61010be411c5e5f4,Input Validity,Odometry,Odometry Rate,50,665.63
6b6cfaabb62c855b61010be411c5e5f4,Input Validity,TF,TF Rate,10,665.63
6b6cfaabb62c855b61010be411c5e5f4,Localization Stability,TF,Jump Angular,0,666.7
6b6cfaabb62c855b61010be411c5e5f4,Localization Stability,TF,Jump Linear,0,666.7
6b6cfaabb62c855b61010be411c5e5f4,Input Validity,Lidar,Lidar Rate,10,665.73
6b6cfaabb62c855b61010be411c5e5f4,Input Validity,Odometry,Odometry Rate,50,665.73
6b6cfaabb62c855b61010be411c5e5f4,Input Validity,TF,TF Rate,10,665.73
6b6cfaabb62c855b61010be411c5e5f4,Localization Quality,AMCLPose,CovYawYaw,0.0456624,665.8
6b6cfaabb62c855b61010be411c5e5f4,Localization Quality,AMCLPose,CovYY,0.126766,665.8
6b6cfaabb62c855b61010be411c5e5f4,Localization Quality,AMCLPose,CovXX,0.14218,665.8
6b6cfaabb62c855b61010be411c5e5f4,Localization Quality,AMCLPose,MeanYaw,-0.77644,665.8
6b6cfaabb62c855b61010be411c5e5f4,Localization Quality,AMCLPose,MeanY,-1.01901,665.8
6b6cfaabb62c855b61010be411c5e5f4,Localization Quality,AMCLPose,MeanX,4.63607,665.8
6b6cfaabb62c855b61010be411c5e5f4,Localization Stability,TF,Jump Angular,0.00377052,666.8
6b6cfaabb62c855b61010be411c5e5f4,Localization Stability,TF,Jump Linear,0.0154398,666.8
6b6cfaabb62c855b61010be411c5e5f4,Input Validity,Lidar,Lidar Rate,10,665.83
6b6cfaabb62c855b61010be411c5e5f4,Input Validity,Odometry,Odometry Rate,50,665.83
6b6cfaabb62c855b61010be411c5e5f4,Input Validity,TF,TF Rate,10,665.83
6b6cfaabb62c855b61010be411c5e5f4,Localization Stability,TF,Jump Angular,0,666.9
6b6cfaabb62c855b61010be411c5e5f4,Localization Stability,TF,Jump Linear,0,666.9
6b6cfaabb62c855b61010be411c5e5f4,Input Validity,Lidar,Lidar Rate,10,665.93
6b6cfaabb62c855b61010be411c5e5f4,Input Validity,Odometry,Odometry Rate,50,665.93
6b6cfaabb62c855b61010be411c5e5f4,Input Validity,TF,TF Rate,10,665.93
6b6cfaabb62c855b61010be411c5e5f4,Localization Stability,TF,Jump Angular,0,667
6b6cfaabb62c855b61010be411c5e5f4,Localization Stability,TF,Jump Linear,0,667
6b6cfaabb62c855b61010be411c5e5f4,Input Validity,Lidar,Lidar Rate,10,666.03
6b6cfaabb62c855b61010be411c5e5f4,Input Validity,Odometry,Odometry Rate,50,666.03
6b6cfaabb62c855b61010be411c5e5f4,Input Validity,TF,TF Rate,10,666.03
6b6cfaabb62c855b61010be411c5e5f4,Localization Quality,AMCLPose,CovYawYaw,0.0492305,666.1
6b6cfaabb62c855b61010be411c5e5f4,Localization Quality,AMCLPose,CovYY,0.135675,666.1
6b6cfaabb62c855b61010be411c5e5f4,Localization Quality,AMCLPose,CovXX,0.151822,666.1
6b6cfaabb62c855b61010be411c5e5f4,Localization Quality,AMCLPose,MeanYaw,-0.779517,666.1
6b6cfaabb62c855b61010be411c5e5f4,Localization Quality,AMCLPose,MeanY,-1.11178,666.1
6b6cfaabb62c855b61010be411c5e5f4,Localization Quality,AMCLPose,MeanX,4.72703,666.1
6b6cfaabb62c855b61010be411c5e5f4,Localization Stability,TF,Jump Angular,-0.00417549,667.1
6b6cfaabb62c855b61010be411c5e5f4,Localization Stability,TF,Jump Linear,0.0214656,667.1
6b6cfaabb62c855b61010be411c5e5f4,Input Validity,Lidar,Lidar Rate,10,666.13
6b6cfaabb62c855b61010be411c5e5f4,Input Validity,Odometry,Odometry Rate,50,666.13
6b6cfaabb62c855b61010be411c5e5f4,Input Validity,TF,TF Rate,10,666.13
6b6cfaabb62c855b61010be411c5e5f4,Localization Stability,TF,Jump Angular,0,667.2
6b6cfaabb62c855b61010be411c5e5f4,Localization Stability,TF,Jump Linear,0,667.2
6b6cfaabb62c855b61010be411c5e5f4,Input Validity,Lidar,Lidar Rate,10,666.23
6b6cfaabb62c855b61010be411c5e5f4,Input Validity,Odometry,Odometry Rate,50,666.23
6b6cfaabb62c855b61010be411c5e5f4,Input Validity,TF,TF Rate,10,666.23
6b6cfaabb62c855b61010be411c5e5f4,Localization Stability,TF,Jump Angular,0,667.3
6b6cfaabb62c855b61010be411c5e5f4,Localization Stability,TF,Jump Linear,0,667.3
6b6cfaabb62c855b61010be411c5e5f4,Input Validity,Lidar,Lidar Rate,10,666.33
6b6cfaabb62c855b61010be411c5e5f4,Input Validity,Odometry,Odometry Rate,50,666.33
6b6cfaabb62c855b61010be411c5e5f4,Input Validity,TF,TF Rate,10,666.33
6b6cfaabb62c855b61010be411c5e5f4,Localization Stability,TF,Jump Angular,0,667.4
6b6cfaabb62c855b61010be411c5e5f4,Localization Stability,TF,Jump Linear,0,667.4
6b6cfaabb62c855b61010be411c5e5f4,Input Validity,Lidar,Lidar Rate,10,666.43
6b6cfaabb62c855b61010be411c5e5f4,Input Validity,Odometry,Odometry Rate,50,666.43
6b6cfaabb62c855b61010be411c5e5f4,Input Validity,TF,TF Rate,10,666.43
6b6cfaabb62c855b61010be411c5e5f4,Localization Quality,AMCLPose,CovYawYaw,0.0522649,666.5
6b6cfaabb62c855b61010be411c5e5f4,Localization Quality,AMCLPose,CovYY,0.150648,666.5
6b6cfaabb62c855b61010be411c5e5f4,Localization Quality,AMCLPose,CovXX,0.170708,666.5
6b6cfaabb62c855b61010be411c5e5f4,Localization Quality,AMCLPose,MeanYaw,-0.769161,666.5
6b6cfaabb62c855b61010be411c5e5f4,Localization Quality,AMCLPose,MeanY,-1.2102,666.5
6b6cfaabb62c855b61010be411c5e5f4,Localization Quality,AMCLPose,MeanX,4.84663,666.5
6b6cfaabb62c855b61010be411c5e5f4,Localization Stability,TF,Jump Angular,0.00619769,667.5
6b6cfaabb62c855b61010be411c5e5f4,Localization Stability,TF,Jump Linear,0.0151869,667.5
6b6cfaabb62c855b61010be411c5e5f4,Input Validity,Lidar,Lidar Rate,10,666.52
6b6cfaabb62c855b61010be411c5e5f4,Input Validity,Odometry,Odometry Rate,50,666.52
6b6cfaabb62c855b61010be411c5e5f4,Input Validity,TF,TF Rate,10,666.52
6b6cfaabb62c855b61010be411c5e5f4,Localization Stability,TF,Jump Angular,0,667.6
6b6cfaabb62c855b61010be411c5e5f4,Localization Stability,TF,Jump Linear,0,667.6
6b6cfaabb62c855b61010be411c5e5f4,Input Validity,Lidar,Lidar Rate,10,666.62
6b6cfaabb62c855b61010be411c5e5f4,Input Validity,Odometry,Odometry Rate,50,666.62
6b6cfaabb62c855b61010be411c5e5f4,Input Validity,TF,TF Rate,10,666.62
6b6cfaabb62c855b61010be411c5e5f4,Localization Stability,TF,Jump Angular,0,667.7
6b6cfaabb62c855b61010be411c5e5f4,Localization Stability,TF,Jump Linear,0,667.7
6b6cfaabb62c855b61010be411c5e5f4,Input Validity,Lidar,Lidar Rate,10,666.72
6b6cfaabb62c855b61010be411c5e5f4,Input Validity,Odometry,Odometry Rate,50,666.72
6b6cfaabb62c855b61010be411c5e5f4,Input Validity,TF,TF Rate,10,666.72
6b6cfaabb62c855b61010be411c5e5f4,Localization Stability,TF,Jump Angular,0,667.8
6b6cfaabb62c855b61010be411c5e5f4,Localization Stability,TF,Jump Linear,0,667.8
6b6cfaabb62c855b61010be411c5e5f4,Input Validity,Lidar,Lidar Rate,10,666.82
6b6cfaabb62c855b61010be411c5e5f4,Input Validity,Odometry,Odometry Rate,50,666.82
6b6cfaabb62c855b61010be411c5e5f4,Input Validity,TF,TF Rate,10,666.82
6b6cfaabb62c855b61010be411c5e5f4,Localization Stability,TF,Jump Angular,0,667.9
6b6cfaabb62c855b61010be411c5e5f4,Localization Stability,TF,Jump Linear,0,667.9
6b6cfaabb62c855b61010be411c5e5f4,Input Validity,Lidar,Lidar Rate,10,666.92
6b6cfaabb62c855b61010be411c5e5f4,Input Validity,Odometry,Odometry Rate,50,666.92
6b6cfaabb62c855b61010be411c5e5f4,Input Validity,TF,TF Rate,10,666.92
6b6cfaabb62c855b61010be411c5e5f4,Input Validity,Lidar,Lidar Rate,10,667.02
6b6cfaabb62c855b61010be411c5e5f4,Input Validity,Odometry,Odometry Rate,50,667.02
6b6cfaabb62c855b61010be411c5e5f4,Input Validity,TF,TF Rate,10,667.02
6b6cfaabb62c855b61010be411c5e5f4,Localization Quality,AMCLPose,CovYawYaw,0.0559461,667
6b6cfaabb62c855b61010be411c5e5f4,Localization Quality,AMCLPose,CovYY,0.164165,667
6b6cfaabb62c855b61010be411c5e5f4,Localization Quality,AMCLPose,CovXX,0.186727,667
6b6cfaabb62c855b61010be411c5e5f4,Localization Quality,AMCLPose,MeanYaw,-0.78647,667
6b6cfaabb62c855b61010be411c5e5f4,Localization Quality,AMCLPose,MeanY,-1.323,667
6b6cfaabb62c855b61010be411c5e5f4,Localization Quality,AMCLPose,MeanX,4.95274,667
6b6cfaabb62c855b61010be411c5e5f4,Localization Stability,TF,Jump Angular,-0.0017507,668
6b6cfaabb62c855b61010be411c5e5f4,Localization Stability,TF,Jump Linear,0.0057256,668
6b6cfaabb62c855b61010be411c5e5f4,Localization Stability,TF,Jump Angular,0,668.1
6b6cfaabb62c855b61010be411c5e5f4,Localization Stability,TF,Jump Linear,0,668.1
6b6cfaabb62c855b61010be411c5e5f4,Input Validity,Lidar,Lidar Rate,10,667.12
6b6cfaabb62c855b61010be411c5e5f4,Input Validity,Odometry,Odometry Rate,50,667.12
6b6cfaabb62c855b61010be411c5e5f4,Input Validity,TF,TF Rate,10,667.12
6b6cfaabb62c855b61010be411c5e5f4,Localization Stability,TF,Jump Angular,0,668.2
6b6cfaabb62c855b61010be411c5e5f4,Localization Stability,TF,Jump Linear,0,668.2
6b6cfaabb62c855b61010be411c5e5f4,Input Validity,Lidar,Lidar Rate,10,667.22
6b6cfaabb62c855b61010be411c5e5f4,Input Validity,Odometry,Odometry Rate,50,667.22
6b6cfaabb62c855b61010be411c5e5f4,Input Validity,TF,TF Rate,10,667.22
6b6cfaabb62c855b61010be411c5e5f4,Localization Stability,TF,Jump Angular,0,668.3
6b6cfaabb62c855b61010be411c5e5f4,Localization Stability,TF,Jump Linear,0,668.3
6b6cfaabb62c855b61010be411c5e5f4,Input Validity,Lidar,Lidar Rate,10,667.32
6b6cfaabb62c855b61010be411c5e5f4,Input Validity,Odometry,Odometry Rate,50,667.32
6b6cfaabb62c855b61010be411c5e5f4,Input Validity,TF,TF Rate,10,667.32
6b6cfaabb62c855b61010be411c5e5f4,Input Validity,Lidar,Lidar Rate,10,667.42
6b6cfaabb62c855b61010be411c5e5f4,Input Validity,Odometry,Odometry Rate,50,667.42
6b6cfaabb62c855b61010be411c5e5f4,Input Validity,TF,TF Rate,10,667.42
6b6cfaabb62c855b61010be411c5e5f4,Localization Stability,TF,Jump Angular,0,668.4
6b6cfaabb62c855b61010be411c5e5f4,Localization Stability,TF,Jump Linear,0,668.4
6b6cfaabb62c855b61010be411c5e5f4,Localization Stability,TF,Jump Angular,0,668.5
6b6cfaabb62c855b61010be411c5e5f4,Localization Stability,TF,Jump Linear,0,668.5
6b6cfaabb62c855b61010be411c5e5f4,Input Validity,Lidar,Lidar Rate,10,667.52
6b6cfaabb62c855b61010be411c5e5f4,Input Validity,Odometry,Odometry Rate,50,667.52
6b6cfaabb62c855b61010be411c5e5f4,Input Validity,TF,TF Rate,10,667.52
6b6cfaabb62c855b61010be411c5e5f4,Input Validity,Lidar,Lidar Rate,10,667.62
6b6cfaabb62c855b61010be411c5e5f4,Input Validity,Odometry,Odometry Rate,50,667.62
6b6cfaabb62c855b61010be411c5e5f4,Input Validity,TF,TF Rate,10,667.62
6b6cfaabb62c855b61010be411c5e5f4,Localization Quality,AMCLPose,CovYawYaw,0.0563194,667.6
6b6cfaabb62c855b61010be411c5e5f4,Localization Quality,AMCLPose,CovYY,0.178514,667.6
6b6cfaabb62c855b61010be411c5e5f4,Localization Quality,AMCLPose,CovXX,0.201972,667.6
6b6cfaabb62c855b61010be411c5e5f4,Localization Quality,AMCLPose,MeanYaw,-0.789661,667.6
6b6cfaabb62c855b61010be411c5e5f4,Localization Quality,AMCLPose,MeanY,-1.39491,667.6
6b6cfaabb62c855b61010be411c5e5f4,Localization Quality,AMCLPose,MeanX,5.0716,667.6
6b6cfaabb62c855b61010be411c5e5f4,Localization Stability,TF,Jump Angular,0.0157853,668.6
6b6cfaabb62c855b61010be411c5e5f4,Localization Stability,TF,Jump Linear,0.0536388,668.6
6b6cfaabb62c855b61010be411c5e5f4,Localization Stability,TF,Jump Angular,0,668.7
6b6cfaabb62c855b61010be411c5e5f4,Localization Stability,TF,Jump Linear,0,668.7
6b6cfaabb62c855b61010be411c5e5f4,Input Validity,Lidar,Lidar Rate,10,667.72
6b6cfaabb62c855b61010be411c5e5f4,Input Validity,Odometry,Odometry Rate,50,667.72
6b6cfaabb62c855b61010be411c5e5f4,Input Validity,TF,TF Rate,10,667.72
6b6cfaabb62c855b61010be411c5e5f4,Localization Stability,TF,Jump Angular,0,668.8
6b6cfaabb62c855b61010be411c5e5f4,Localization Stability,TF,Jump Linear,0,668.8
6b6cfaabb62c855b61010be411c5e5f4,Input Validity,Lidar,Lidar Rate,10,667.82
6b6cfaabb62c855b61010be411c5e5f4,Input Validity,Odometry,Odometry Rate,50,667.82
6b6cfaabb62c855b61010be411c5e5f4,Input Validity,TF,TF Rate,10,667.82
6b6cfaabb62c855b61010be411c5e5f4,Localization Stability,TF,Jump Angular,0,668.9
6b6cfaabb62c855b61010be411c5e5f4,Localization Stability,TF,Jump Linear,0,668.9
6b6cfaabb62c855b61010be411c5e5f4,Input Validity,Lidar,Lidar Rate,10,667.92
6b6cfaabb62c855b61010be411c5e5f4,Input Validity,Odometry,Odometry Rate,50,667.92
6b6cfaabb62c855b61010be411c5e5f4,Input Validity,TF,TF Rate,10,667.92
6b6cfaabb62c855b61010be411c5e5f4,Input Validity,Lidar,Lidar Rate,10,668.02
6b6cfaabb62c855b61010be411c5e5f4,Input Validity,Odometry,Odometry Rate,50,668.02
6b6cfaabb62c855b61010be411c5e5f4,Input Validity,TF,TF Rate,10,668.02
6b6cfaabb62c855b61010be411c5e5f4,Localization Stability,TF,Jump Angular,0,669
6b6cfaabb62c855b61010be411c5e5f4,Localization Stability,TF,Jump Linear,0,669
6b6cfaabb62c855b61010be411c5e5f4,Input Validity,Lidar,Lidar Rate,10,668.12
6b6cfaabb62c855b61010be411c5e5f4,Input Validity,Odometry,Odometry Rate,50,668.12
6b6cfaabb62c855b61010be411c5e5f4,Input Validity,TF,TF Rate,10,668.12
6b6cfaabb62c855b61010be411c5e5f4,Localization Stability,TF,Jump Angular,0,669.1
6b6cfaabb62c855b61010be411c5e5f4,Localization Stability,TF,Jump Linear,0,669.1
6b6cfaabb62c855b61010be411c5e5f4,Localization Stability,TF,Jump Angular,0,669.2
6b6cfaabb62c855b61010be411c5e5f4,Localization Stability,TF,Jump Linear,0,669.2
6b6cfaabb62c855b61010be411c5e5f4,Input Validity,Lidar,Lidar Rate,10,668.22
6b6cfaabb62c855b61010be411c5e5f4,Input Validity,Odometry,Odometry Rate,50,668.22
6b6cfaabb62c855b61010be411c5e5f4,Input Validity,TF,TF Rate,10,668.22
6b6cfaabb62c855b61010be411c5e5f4,Localization Stability,TF,Jump Angular,0,669.3
6b6cfaabb62c855b61010be411c5e5f4,Localization Stability,TF,Jump Linear,0,669.3
6b6cfaabb62c855b61010be411c5e5f4,Input Validity,Lidar,Lidar Rate,10,668.32
6b6cfaabb62c855b61010be411c5e5f4,Input Validity,Odometry,Odometry Rate,50,668.32
6b6cfaabb62c855b61010be411c5e5f4,Input Validity,TF,TF Rate,10,668.32
6b6cfaabb62c855b61010be411c5e5f4,Localization Stability,TF,Jump Angular,0,669.4
6b6cfaabb62c855b61010be411c5e5f4,Localization Stability,TF,Jump Linear,0,669.4
6b6cfaabb62c855b61010be411c5e5f4,Input Validity,Lidar,Lidar Rate,10,668.42
6b6cfaabb62c855b61010be411c5e5f4,Input Validity,Odometry,Odometry Rate,50,668.42
6b6cfaabb62c855b61010be411c5e5f4,Input Validity,TF,TF Rate,10,668.42
6b6cfaabb62c855b61010be411c5e5f4,Input Validity,Lidar,Lidar Rate,10,668.52
6b6cfaabb62c855b61010be411c5e5f4,Input Validity,Odometry,Odometry Rate,50,668.52
6b6cfaabb62c855b61010be411c5e5f4,Input Validity,TF,TF Rate,10,668.52
6b6cfaabb62c855b61010be411c5e5f4,Localization Quality,AMCLPose,CovYawYaw,0.0571128,668.5
6b6cfaabb62c855b61010be411c5e5f4,Localization Quality,AMCLPose,CovYY,0.192842,668.5
6b6cfaabb62c855b61010be411c5e5f4,Localization Quality,AMCLPose,CovXX,0.218881,668.5
6b6cfaabb62c855b61010be411c5e5f4,Localization Quality,AMCLPose,MeanYaw,-0.829215,668.5
6b6cfaabb62c855b61010be411c5e5f4,Localization Quality,AMCLPose,MeanY,-1.49378,668.5
6b6cfaabb62c855b61010be411c5e5f4,Localization Quality,AMCLPose,MeanX,5.15943,668.5
6b6cfaabb62c855b61010be411c5e5f4,Localization Stability,TF,Jump Angular,-0.00491089,669.5
6b6cfaabb62c855b61010be411c5e5f4,Localization Stability,TF,Jump Linear,0.0260346,669.5
6b6cfaabb62c855b61010be411c5e5f4,Localization Stability,TF,Jump Angular,0,669.6
6b6cfaabb62c855b61010be411c5e5f4,Localization Stability,TF,Jump Linear,0,669.6
6b6cfaabb62c855b61010be411c5e5f4,Input Validity,Lidar,Lidar Rate,10,668.62
6b6cfaabb62c855b61010be411c5e5f4,Input Validity,Odometry,Odometry Rate,50,668.62
6b6cfaabb62c855b61010be411c5e5f4,Input Validity,TF,TF Rate,10,668.62
6b6cfaabb62c855b61010be411c5e5f4,Input Validity,Lidar,Lidar Rate,10,668.72
6b6cfaabb62c855b61010be411c5e5f4,Input Validity,Odometry,Odometry Rate,50,668.72
6b6cfaabb62c855b61010be411c5e5f4,Input Validity,TF,TF Rate,10,668.72
6b6cfaabb62c855b61010be411c5e5f4,Localization Stability,TF,Jump Angular,0,669.7
6b6cfaabb62c855b61010be411c5e5f4,Localization Stability,TF,Jump Linear,0,669.7
6b6cfaabb62c855b61010be411c5e5f4,Input Validity,Lidar,Lidar Rate,10,668.81
6b6cfaabb62c855b61010be411c5e5f4,Input Validity,Odometry,Odometry Rate,50,668.81
6b6cfaabb62c855b61010be411c5e5f4,Input Validity,TF,TF Rate,10,668.81
6b6cfaabb62c855b61010be411c5e5f4,Localization Stability,TF,Jump Angular,0,669.8
6b6cfaabb62c855b61010be411c5e5f4,Localization Stability,TF,Jump Linear,0,669.8
6b6cfaabb62c855b61010be411c5e5f4,Input Validity,Lidar,Lidar Rate,10,668.91
6b6cfaabb62c855b61010be411c5e5f4,Input Validity,Odometry,Odometry Rate,50,668.91
6b6cfaabb62c855b61010be411c5e5f4,Input Validity,TF,TF Rate,10,668.91
6b6cfaabb62c855b61010be411c5e5f4,Localization Quality,AMCLPose,CovYawYaw,0.0581615,668.9
6b6cfaabb62c855b61010be411c5e5f4,Localization Quality,AMCLPose,CovYY,0.193167,668.9
6b6cfaabb62c855b61010be411c5e5f4,Localization Quality,AMCLPose,CovXX,0.219341,668.9
6b6cfaabb62c855b61010be411c5e5f4,Localization Quality,AMCLPose,MeanYaw,-0.888915,668.9
6b6cfaabb62c855b61010be411c5e5f4,Localization Quality,AMCLPose,MeanY,-1.52599,668.9
6b6cfaabb62c855b61010be411c5e5f4,Localization Quality,AMCLPose,MeanX,5.17202,668.9
6b6cfaabb62c855b61010be411c5e5f4,Localization Stability,TF,Jump Angular,-0.00429891,669.9
6b6cfaabb62c855b61010be411c5e5f4,Localization Stability,TF,Jump Linear,0.01863,669.9
6b6cfaabb62c855b61010be411c5e5f4,Input Validity,Lidar,Lidar Rate,10,669.01
6b6cfaabb62c855b61010be411c5e5f4,Input Validity,Odometry,Odometry Rate,50,669.01
6b6cfaabb62c855b61010be411c5e5f4,Input Validity,TF,TF Rate,10,669.01
6b6cfaabb62c855b61010be411c5e5f4,Localization Stability,TF,Jump Angular,0,670
6b6cfaabb62c855b61010be411c5e5f4,Localization Stability,TF,Jump Linear,0,670
6b6cfaabb62c855b61010be411c5e5f4,Input Validity,Lidar,Lidar Rate,10,669.11
6b6cfaabb62c855b61010be411c5e5f4,Input Validity,Odometry,Odometry Rate,50,669.11
6b6cfaabb62c855b61010be411c5e5f4,Input Validity,TF,TF Rate,10,669.11
6b6cfaabb62c855b61010be411c5e5f4,Localization Stability,TF,Jump Angular,0,670.1
6b6cfaabb62c855b61010be411c5e5f4,Localization Stability,TF,Jump Linear,0,670.1
6b6cfaabb62c855b61010be411c5e5f4,Input Validity,Lidar,Lidar Rate,10,669.21
6b6cfaabb62c855b61010be411c5e5f4,Input Validity,Odometry,Odometry Rate,50,669.21
6b6cfaabb62c855b61010be411c5e5f4,Input Validity,TF,TF Rate,10,669.21
6b6cfaabb62c855b61010be411c5e5f4,Localization Quality,AMCLPose,CovYawYaw,0.0567109,669.2
6b6cfaabb62c855b61010be411c5e5f4,Localization Quality,AMCLPose,CovYY,0.190791,669.2
6b6cfaabb62c855b61010be411c5e5f4,Localization Quality,AMCLPose,CovXX,0.213348,669.2
6b6cfaabb62c855b61010be411c5e5f4,Localization Quality,AMCLPose,MeanYaw,-0.936774,669.2
6b6cfaabb62c855b61010be411c5e5f4,Localization Quality,AMCLPose,MeanY,-1.54595,669.2
6b6cfaabb62c855b61010be411c5e5f4,Localization Quality,AMCLPose,MeanX,5.18301,669.2
6b6cfaabb62c855b61010be411c5e5f4,Localization Stability,TF,Jump Angular,0.00346365,670.2
6b6cfaabb62c855b61010be411c5e5f4,Localization Stability,TF,Jump Linear,0.0203374,670.2
6b6cfaabb62c855b61010be411c5e5f4,Input Validity,Lidar,Lidar Rate,10,669.31
6b6cfaabb62c855b61010be411c5e5f4,Input Validity,Odometry,Odometry Rate,50,669.31
6b6cfaabb62c855b61010be411c5e5f4,Input Validity,TF,TF Rate,10,669.31
6b6cfaabb62c855b61010be411c5e5f4,Localization Stability,TF,Jump Angular,0,670.3
6b6cfaabb62c855b61010be411c5e5f4,Localization Stability,TF,Jump Linear,0,670.3
6b6cfaabb62c855b61010be411c5e5f4,Input Validity,Lidar,Lidar Rate,10,669.41
6b6cfaabb62c855b61010be411c5e5f4,Input Validity,Odometry,Odometry Rate,50,669.41
6b6cfaabb62c855b61010be411c5e5f4,Input Validity,TF,TF Rate,10,669.41
6b6cfaabb62c855b61010be411c5e5f4,Localization Stability,TF,Jump Angular,0,670.4
6b6cfaabb62c855b61010be411c5e5f4,Localization Stability,TF,Jump Linear,0,670.4
6b6cfaabb62c855b61010be411c5e5f4,Input Validity,Lidar,Lidar Rate,10,669.51
6b6cfaabb62c855b61010be411c5e5f4,Input Validity,Odometry,Odometry Rate,50,669.51
6b6cfaabb62c855b61010be411c5e5f4,Input Validity,TF,TF Rate,10,669.51
6b6cfaabb62c855b61010be411c5e5f4,Localization Quality,AMCLPose,CovYawYaw,0.0382647,669.5
6b6cfaabb62c855b61010be411c5e5f4,Localization Quality,AMCLPose,CovYY,0.145291,669.5
6b6cfaabb62c855b61010be411c5e5f4,Localization Quality,AMCLPose,CovXX,0.177287,669.5
6b6cfaabb62c855b61010be411c5e5f4,Localization Quality,AMCLPose,MeanYaw,-0.990228,669.5
6b6cfaabb62c855b61010be411c5e5f4,Localization Quality,AMCLPose,MeanY,-1.57402,669.5
6b6cfaabb62c855b61010be411c5e5f4,Localization Quality,AMCLPose,MeanX,5.20319,669.5
6b6cfaabb62c855b61010be411c5e5f4,Localization Stability,TF,Jump Angular,-0.00334674,670.5
6b6cfaabb62c855b61010be411c5e5f4,Localization Stability,TF,Jump Linear,0.0137501,670.5
6b6cfaabb62c855b61010be411c5e5f4,Input Validity,Lidar,Lidar Rate,10,669.61
6b6cfaabb62c855b61010be411c5e5f4,Input Validity,Odometry,Odometry Rate,50,669.61
6b6cfaabb62c855b61010be411c5e5f4,Input Validity,TF,TF Rate,10,669.61
6b6cfaabb62c855b61010be411c5e5f4,Localization Stability,TF,Jump Angular,0,670.6
6b6cfaabb62c855b61010be411c5e5f4,Localization Stability,TF,Jump Linear,0,670.6
6b6cfaabb62c855b61010be411c5e5f4,Input Validity,Lidar,Lidar Rate,10,669.71
6b6cfaabb62c855b61010be411c5e5f4,Input Validity,Odometry,Odometry Rate,50,669.71
6b6cfaabb62c855b61010be411c5e5f4,Input Validity,TF,TF Rate,10,669.71
6b6cfaabb62c855b61010be411c5e5f4,Localization Stability,TF,Jump Angular,0,670.7
6b6cfaabb62c855b61010be411c5e5f4,Localization Stability,TF,Jump Linear,0,670.7
6b6cfaabb62c855b61010be411c5e5f4,Input Validity,Lidar,Lidar Rate,10,669.81
6b6cfaabb62c855b61010be411c5e5f4,Input Validity,Odometry,Odometry Rate,50,669.81
6b6cfaabb62c855b61010be411c5e5f4,Input Validity,TF,TF Rate,10,669.81
6b6cfaabb62c855b61010be411c5e5f4,Localization Stability,TF,Jump Angular,0,670.8
6b6cfaabb62c855b61010be411c5e5f4,Localization Stability,TF,Jump Linear,0,670.8
6b6cfaabb62c855b61010be411c5e5f4,Input Validity,Lidar,Lidar Rate,10,669.91
6b6cfaabb62c855b61010be411c5e5f4,Input Validity,Odometry,Odometry Rate,50,669.91
6b6cfaabb62c855b61010be411c5e5f4,Input Validity,TF,TF Rate,10,669.91
6b6cfaabb62c855b61010be411c5e5f4,Localization Stability,TF,Jump Angular,0,670.9
6b6cfaabb62c855b61010be411c5e5f4,Localization Stability,TF,Jump Linear,0,670.9
6b6cfaabb62c855b61010be411c5e5f4,Input Validity,Lidar,Lidar Rate,10,670.01
6b6cfaabb62c855b61010be411c5e5f4,Input Validity,Odometry,Odometry Rate,50,670.01
6b6cfaabb62c855b61010be411c5e5f4,Input Validity,TF,TF Rate,10,670.01
6b6cfaabb62c855b61010be411c5e5f4,Localization Stability,TF,Jump Angular,0,671
6b6cfaabb62c855b61010be411c5e5f4,Localization Stability,TF,Jump Linear,0,671
6b6cfaabb62c855b61010be411c5e5f4,Input Validity,Lidar,Lidar Rate,10,670.11
6b6cfaabb62c855b61010be411c5e5f4,Input Validity,Odometry,Odometry Rate,50,670.11
6b6cfaabb62c855b61010be411c5e5f4,Input Validity,TF,TF Rate,10,670.11
6b6cfaabb62c855b61010be411c5e5f4,Localization Stability,TF,Jump Angular,0,671.1
6b6cfaabb62c855b61010be411c5e5f4,Localization Stability,TF,Jump Linear,0,671.1
6b6cfaabb62c855b61010be411c5e5f4,Input Validity,Lidar,Lidar Rate,10,670.21
6b6cfaabb62c855b61010be411c5e5f4,Input Validity,Odometry,Odometry Rate,50,670.21
6b6cfaabb62c855b61010be411c5e5f4,Input Validity,TF,TF Rate,10,670.21
6b6cfaabb62c855b61010be411c5e5f4,Localization Stability,TF,Jump Angular,0,671.2
6b6cfaabb62c855b61010be411c5e5f4,Localization Stability,TF,Jump Linear,0,671.2
6b6cfaabb62c855b61010be411c5e5f4,Input Validity,Lidar,Lidar Rate,10,670.31
6b6cfaabb62c855b61010be411c5e5f4,Input Validity,Odometry,Odometry Rate,50,670.31
6b6cfaabb62c855b61010be411c5e5f4,Input Validity,TF,TF Rate,10,670.31
6b6cfaabb62c855b61010be411c5e5f4,Localization Stability,TF,Jump Angular,0,671.3
6b6cfaabb62c855b61010be411c5e5f4,Localization Stability,TF,Jump Linear,0,671.3
6b6cfaabb62c855b61010be411c5e5f4,Input Validity,Lidar,Lidar Rate,10,670.41
6b6cfaabb62c855b61010be411c5e5f4,Input Validity,Odometry,Odometry Rate,50,670.41
6b6cfaabb62c855b61010be411c5e5f4,Input Validity,TF,TF Rate,10,670.41
6b6cfaabb62c855b61010be411c5e5f4,Localization Quality,AMCLPose,CovYawYaw,0.0402376,670.4
6b6cfaabb62c855b61010be411c5e5f4,Localization Quality,AMCLPose,CovYY,0.152957,670.4
6b6cfaabb62c855b61010be411c5e5f4,Localization Quality,AMCLPose,CovXX,0.181106,670.4
6b6cfaabb62c855b61010be411c5e5f4,Localization Quality,AMCLPose,MeanYaw,-0.926467,670.4
6b6cfaabb62c855b61010be411c5e5f4,Localization Quality,AMCLPose,MeanY,-1.62865,670.4
6b6cfaabb62c855b61010be411c5e5f4,Localization Quality,AMCLPose,MeanX,5.23023,670.4
6b6cfaabb62c855b61010be411c5e5f4,Localization Stability,TF,Jump Angular,0.00284858,671.4
6b6cfaabb62c855b61010be411c5e5f4,Localization Stability,TF,Jump Linear,0.0195033,671.4
6b6cfaabb62c855b61010be411c5e5f4,Input Validity,Lidar,Lidar Rate,10,670.51
6b6cfaabb62c855b61010be411c5e5f4,Input Validity,Odometry,Odometry Rate,50,670.51
6b6cfaabb62c855b61010be411c5e5f4,Input Validity,TF,TF Rate,10,670.51
6b6cfaabb62c855b61010be411c5e5f4,Localization Quality,AMCLPose,CovYawYaw,0.0991115,670.5
6b6cfaabb62c855b61010be411c5e5f4,Localization Quality,AMCLPose,CovYY,0.410151,670.5
6b6cfaabb62c855b61010be411c5e5f4,Localization Quality,AMCLPose,CovXX,1.48964,670.5
6b6cfaabb62c855b61010be411c5e5f4,Localization Quality,AMCLPose,MeanYaw,-0.871363,670.5
6b6cfaabb62c855b61010be411c5e5f4,Localization Quality,AMCLPose,MeanY,-1.6379,670.5
6b6cfaabb62c855b61010be411c5e5f4,Localization Quality,AMCLPose,MeanX,5.21949,670.5
6b6cfaabb62c855b61010be411c5e5f4,Localization Stability,TF,Jump Angular,-0.00420336,671.5
6b6cfaabb62c855b61010be411c5e5f4,Localization Stability,TF,Jump Linear,0.0137672,671.5
6b6cfaabb62c855b61010be411c5e5f4,Input Validity,Lidar,Lidar Rate,10,670.61
6b6cfaabb62c855b61010be411c5e5f4,Input Validity,Odometry,Odometry Rate,50,670.61
6b6cfaabb62c855b61010be411c5e5f4,Input Validity,TF,TF Rate,10,670.61
6b6cfaabb62c855b61010be411c5e5f4,Localization Quality,AMCLPose,CovYawYaw,0.0962322,670.6
6b6cfaabb62c855b61010be411c5e5f4,Localization Quality,AMCLPose,CovYY,0.433406,670.6
6b6cfaabb62c855b61010be411c5e5f4,Localization Quality,AMCLPose,CovXX,1.77611,670.6
6b6cfaabb62c855b61010be411c5e5f4,Localization Quality,AMCLPose,MeanYaw,-0.788307,670.6
6b6cfaabb62c855b61010be411c5e5f4,Localization Quality,AMCLPose,MeanY,-1.63104,670.6
6b6cfaabb62c855b61010be411c5e5f4,Localization Quality,AMCLPose,MeanX,5.23006,670.6
6b6cfaabb62c855b61010be411c5e5f4,Localization Stability,TF,Jump Angular,0.00665251,671.6
6b6cfaabb62c855b61010be411c5e5f4,Localization Stability,TF,Jump Linear,0.0278728,671.6
6b6cfaabb62c855b61010be411c5e5f4,Input Validity,Lidar,Lidar Rate,10,670.71
6b6cfaabb62c855b61010be411c5e5f4,Input Validity,Odometry,Odometry Rate,50,670.71
6b6cfaabb62c855b61010be411c5e5f4,Input Validity,TF,TF Rate,10,670.71
6b6cfaabb62c855b61010be411c5e5f4,Localization Quality,AMCLPose,CovYawYaw,0.0925631,670.7
6b6cfaabb62c855b61010be411c5e5f4,Localization Quality,AMCLPose,CovYY,0.434933,670.7
6b6cfaabb62c855b61010be411c5e5f4,Localization Quality,AMCLPose,CovXX,2.04165,670.7
6b6cfaabb62c855b61010be411c5e5f4,Localization Quality,AMCLPose,MeanYaw,-0.687617,670.7
6b6cfaabb62c855b61010be411c5e5f4,Localization Quality,AMCLPose,MeanY,-1.62594,670.7
6b6cfaabb62c855b61010be411c5e5f4,Localization Quality,AMCLPose,MeanX,5.24161,670.7
6b6cfaabb62c855b61010be411c5e5f4,Localization Stability,TF,Jump Angular,0.00745394,671.7
6b6cfaabb62c855b61010be411c5e5f4,Localization Stability,TF,Jump Linear,0.03386,671.7
6b6cfaabb62c855b61010be411c5e5f4,Input Validity,Lidar,Lidar Rate,10,670.81
6b6cfaabb62c855b61010be411c5e5f4,Input Validity,Odometry,Odometry Rate,50,670.81
6b6cfaabb62c855b61010be411c5e5f4,Input Validity,TF,TF Rate,10,670.81
6b6cfaabb62c855b61010be411c5e5f4,Localization Quality,AMCLPose,CovYawYaw,0.0899082,670.8
6b6cfaabb62c855b61010be411c5e5f4,Localization Quality,AMCLPose,CovYY,0.397077,670.8
6b6cfaabb62c855b61010be411c5e5f4,Localization Quality,AMCLPose,CovXX,2.07497,670.8
6b6cfaabb62c855b61010be411c5e5f4,Localization Quality,AMCLPose,MeanYaw,-0.581808,670.8
6b6cfaabb62c855b61010be411c5e5f4,Localization Quality,AMCLPose,MeanY,-1.63611,670.8
6b6cfaabb62c855b61010be411c5e5f4,Localization Quality,AMCLPose,MeanX,5.24244,670.8
6b6cfaabb62c855b61010be411c5e5f4,Localization Stability,TF,Jump Angular,-0.00306122,671.8
6b6cfaabb62c855b61010be411c5e5f4,Localization Stability,TF,Jump Linear,0.0073399,671.8
6b6cfaabb62c855b61010be411c5e5f4,Input Validity,Lidar,Lidar Rate,10,670.91
6b6cfaabb62c855b61010be411c5e5f4,Input Validity,Odometry,Odometry Rate,50,670.91
6b6cfaabb62c855b61010be411c5e5f4,Input Validity,TF,TF Rate,10,670.91
6b6cfaabb62c855b61010be411c5e5f4,Localization Quality,AMCLPose,CovYawYaw,0.040448,670.9
6b6cfaabb62c855b61010be411c5e5f4,Localization Quality,AMCLPose,CovYY,0.202081,670.9
6b6cfaabb62c855b61010be411c5e5f4,Localization Quality,AMCLPose,CovXX,0.548948,670.9
6b6cfaabb62c855b61010be411c5e5f4,Localization Quality,AMCLPose,MeanYaw,-0.47914,670.9
6b6cfaabb62c855b61010be411c5e5f4,Localization Quality,AMCLPose,MeanY,-1.68616,670.9
6b6cfaabb62c855b61010be411c5e5f4,Localization Quality,AMCLPose,MeanX,5.19573,670.9
6b6cfaabb62c855b61010be411c5e5f4,Localization Stability,TF,Jump Angular,-0.023445,671.9
6b6cfaabb62c855b61010be411c5e5f4,Localization Stability,TF,Jump Linear,0.0738691,671.9
6b6cfaabb62c855b61010be411c5e5f4,Input Validity,Lidar,Lidar Rate,10,671.01
6b6cfaabb62c855b61010be411c5e5f4,Input Validity,Odometry,Odometry Rate,50,671.01
6b6cfaabb62c855b61010be411c5e5f4,Input Validity,TF,TF Rate,10,671.01
6b6cfaabb62c855b61010be411c5e5f4,Localization Quality,AMCLPose,CovYawYaw,0.0183115,671
6b6cfaabb62c855b61010be411c5e5f4,Localization Quality,AMCLPose,CovYY,0.0919574,671
6b6cfaabb62c855b61010be411c5e5f4,Localization Quality,AMCLPose,CovXX,0.17626,671
6b6cfaabb62c855b61010be411c5e5f4,Localization Quality,AMCLPose,MeanYaw,-0.349899,671
6b6cfaabb62c855b61010be411c5e5f4,Localization Quality,AMCLPose,MeanY,-1.72884,671
6b6cfaabb62c855b61010be411c5e5f4,Localization Quality,AMCLPose,MeanX,5.1665,671
6b6cfaabb62c855b61010be411c5e5f4,Localization Stability,TF,Jump Angular,-0.0139687,672
6b6cfaabb62c855b61010be411c5e5f4,Localization Stability,TF,Jump Linear,0.0313352,672
6b6cfaabb62c855b61010be411c5e5f4,Input Validity,Lidar,Lidar Rate,10,671.1
6b6cfaabb62c855b61010be411c5e5f4,Input Validity,Odometry,Odometry Rate,50,671.1
6b6cfaabb62c855b61010be411c5e5f4,Input Validity,TF,TF Rate,10,671.1
6b6cfaabb62c855b61010be411c5e5f4,Localization Quality,AMCLPose,CovYawYaw,0.00917389,671.1
6b6cfaabb62c855b61010be411c5e5f4,Localization Quality,AMCLPose,CovYY,0.03916,671.1
6b6cfaabb62c855b61010be411c5e5f4,Localization Quality,AMCLPose,CovXX,0.0712338,671.1
6b6cfaabb62c855b61010be411c5e5f4,Localization Quality,AMCLPose,MeanYaw,-0.194143,671.1
6b6cfaabb62c855b61010be411c5e5f4,Localization Quality,AMCLPose,MeanY,-1.7514,671.1
6b6cfaabb62c855b61010be411c5e5f4,Localization Quality,AMCLPose,MeanX,5.1533,671.1
6b6cfaabb62c855b61010be411c5e5f4,Localization Stability,TF,Jump Angular,-0.00441834,672.1
6b6cfaabb62c855b61010be411c5e5f4,Localization Stability,TF,Jump Linear,0.00696696,672.1
6b6cfaabb62c855b61010be411c5e5f4,Input Validity,Lidar,Lidar Rate,10,671.2
6b6cfaabb62c855b61010be411c5e5f4,Input Validity,Odometry,Odometry Rate,50,671.2
6b6cfaabb62c855b61010be411c5e5f4,Input Validity,TF,TF Rate,10,671.2
6b6cfaabb62c855b61010be411c5e5f4,Localization Quality,AMCLPose,CovYawYaw,0.00689209,671.2
6b6cfaabb62c855b61010be411c5e5f4,Localization Quality,AMCLPose,CovYY,0.022625,671.2
6b6cfaabb62c855b61010be411c5e5f4,Localization Quality,AMCLPose,CovXX,0.0550766,671.2
6b6cfaabb62c855b61010be411c5e5f4,Localization Quality,AMCLPose,MeanYaw,-0.0219211,671.2
6b6cfaabb62c855b61010be411c5e5f4,Localization Quality,AMCLPose,MeanY,-1.76714,671.2
6b6cfaabb62c855b61010be411c5e5f4,Localization Quality,AMCLPose,MeanX,5.14214,671.2
6b6cfaabb62c855b61010be411c5e5f4,Localization Stability,TF,Jump Angular,-0.00492358,672.2
6b6cfaabb62c855b61010be411c5e5f4,Localization Stability,TF,Jump Linear,0.0104859,672.2
6b6cfaabb62c855b61010be411c5e5f4,Input Validity,Lidar,Lidar Rate,10,671.3
6b6cfaabb62c855b61010be411c5e5f4,Input Validity,Odometry,Odometry Rate,50,671.3
6b6cfaabb62c855b61010be411c5e5f4,Input Validity,TF,TF Rate,10,671.3
6b6cfaabb62c855b61010be411c5e5f4,Localization Quality,AMCLPose,CovYawYaw,0.00404055,671.3
6b6cfaabb62c855b61010be411c5e5f4,Localization Quality,AMCLPose,CovYY,0.0113884,671.3
6b6cfaabb62c855b61010be411c5e5f4,Localization Quality,AMCLPose,CovXX,0.0323753,671.3
6b6cfaabb62c855b61010be411c5e5f4,Localization Quality,AMCLPose,MeanYaw,0.1738,671.3
6b6cfaabb62c855b61010be411c5e5f4,Localization Quality,AMCLPose,MeanY,-1.77544,671.3
6b6cfaabb62c855b61010be411c5e5f4,Localization Quality,AMCLPose,MeanX,5.13585,671.3
6b6cfaabb62c855b61010be411c5e5f4,Localization Stability,TF,Jump Angular,0.00159354,672.3
6b6cfaabb62c855b61010be411c5e5f4,Localization Stability,TF,Jump Linear,0.0186133,672.3
6b6cfaabb62c855b61010be411c5e5f4,Input Validity,Lidar,Lidar Rate,10,671.4
6b6cfaabb62c855b61010be411c5e5f4,Input Validity,Odometry,Odometry Rate,50,671.4
6b6cfaabb62c855b61010be411c5e5f4,Input Validity,TF,TF Rate,10,671.4
6b6cfaabb62c855b61010be411c5e5f4,Localization Responsiveness,TTC,TTC Outcome,1,671.44
6b6cfaabb62c855b61010be411c5e5f4,Localization Responsiveness,TTC,TTC,2.73,671.44
6b6cfaabb62c855b61010be411c5e5f4,Mission Outcome,Episode Event,Recoveries,0,671.44
6b6cfaabb62c855b61010be411c5e5f4,Mission Outcome,Episode Event,Collisions,0,671.44
6b6cfaabb62c855b61010be411c5e5f4,Mission Outcome,Episode Event,Navigation Time,21.77,671.44
6b6cfaabb62c855b61010be411c5e5f4,Mission Outcome,Episode Event,Goal Result,1,671.44
6b6cfaabb62c855b61010be411c5e5f4,Input Validity,AMCLPose,Pose Monotonicity,0,671.44
6b6cfaabb62c855b61010be411c5e5f4,Input Validity,Lidar,Lidar Frame Mistmatch,0,671.44
6b6cfaabb62c855b61010be411c5e5f4,Input Validity,Lidar,Lidar Monotonicity,0,671.44
6b6cfaabb62c855b61010be411c5e5f4,Input Validity,Odometry,Odometry Frame Mismatch,0,671.44
6b6cfaabb62c855b61010be411c5e5f4,Input Validity,Odometry,Odometry Monotonicity,0,671.44
6b6cfaabb62c855b61010be411c5e5f4,Input Validity,TF,TF Gap Count,0,671.44
6b6cfaabb62c855b61010be411c5e5f4,Input Validity,TF,TF Frame Drop,1088,671.44
6b6cfaabb62c855b61010be411c5e5f4,Input Validity,TF,TF Monotonicity,0,671.44
Goal_ID,Reference Frame,Start Pose_X (m),Start Pose_Y (m),Start Pose_Yaw (deg),Goal Pose_X (m),Goal Pose_Y (m),Goal Pose_Yaw (deg),Goal Result Code,Goal Result,Success Count,Nav Time (sec),Nav Time Start (sec),Nav Time End (sec),Tracking RMS_V (m/s),Tracking RMS_W (rad/s),Saturation Frac_V,Saturation Frac_W,Slip Mean,Slip Std Deviation,Slip 95_Percentile,Control Energy,Control Samples,Path Length (m),Absolute Path Error RMS (m),Relative Pose Error (Drift),Min Clearance (m),Collision Count,Trajectory Samples,SPL
6b6cfaabb62c855b61010be411c5e5f4,map,1.8854,4.00071,27.4091,5.275,-1.675,24.819,1,SUCCEEDED,1,21.77,649.67,671.44,0.0508139,0.191415,0.744048,0.0686813,0.00244045,0.062639,0.0354607,581.298,2184,7.25258,0.702912,0.0423695,0.469259,0,1088,0.911514
03d71b2cbf346e23ee9158e59e2b8915,Localization Stability,TF,Jump Angular,0,679.1
03d71b2cbf346e23ee9158e59e2b8915,Localization Stability,TF,Jump Linear,0,679.1
03d71b2cbf346e23ee9158e59e2b8915,Input Validity,Lidar,Lidar Rate,10,678.18
03d71b2cbf346e23ee9158e59e2b8915,Input Validity,Odometry,Odometry Rate,50,678.18
03d71b2cbf346e23ee9158e59e2b8915,Input Validity,TF,TF Rate,10,678.18
03d71b2cbf346e23ee9158e59e2b8915,Localization Stability,TF,Jump Angular,-0.0194564,679.2
03d71b2cbf346e23ee9158e59e2b8915,Localization Stability,TF,Jump Linear,0.108868,679.2
03d71b2cbf346e23ee9158e59e2b8915,Input Validity,Lidar,Lidar Rate,10,678.28
03d71b2cbf346e23ee9158e59e2b8915,Input Validity,Odometry,Odometry Rate,50,678.28
03d71b2cbf346e23ee9158e59e2b8915,Input Validity,TF,TF Rate,10,678.28
03d71b2cbf346e23ee9158e59e2b8915,Localization Quality,AMCLPose,CovYawYaw,0.245467,678.3
03d71b2cbf346e23ee9158e59e2b8915,Localization Quality,AMCLPose,CovYY,0.256866,678.3
03d71b2cbf346e23ee9158e59e2b8915,Localization Quality,AMCLPose,CovXX,0.262343,678.3
03d71b2cbf346e23ee9158e59e2b8915,Localization Quality,AMCLPose,MeanYaw,0.962626,678.3
03d71b2cbf346e23ee9158e59e2b8915,Localization Quality,AMCLPose,MeanY,-2.08361,678.3
03d71b2cbf346e23ee9158e59e2b8915,Localization Quality,AMCLPose,MeanX,5.41998,678.3
03d71b2cbf346e23ee9158e59e2b8915,Localization Stability,TF,Jump Angular,0.00505937,679.3
03d71b2cbf346e23ee9158e59e2b8915,Localization Stability,TF,Jump Linear,0.0156178,679.3
03d71b2cbf346e23ee9158e59e2b8915,Input Validity,Lidar,Lidar Rate,10,678.38
03d71b2cbf346e23ee9158e59e2b8915,Input Validity,Odometry,Odometry Rate,50,678.38
03d71b2cbf346e23ee9158e59e2b8915,Input Validity,TF,TF Rate,10,678.38
03d71b2cbf346e23ee9158e59e2b8915,Localization Quality,AMCLPose,CovYawYaw,0.229864,678.4
03d71b2cbf346e23ee9158e59e2b8915,Localization Quality,AMCLPose,CovYY,0.196932,678.4
03d71b2cbf346e23ee9158e59e2b8915,Localization Quality,AMCLPose,CovXX,0.243106,678.4
03d71b2cbf346e23ee9158e59e2b8915,Localization Quality,AMCLPose,MeanYaw,1.03111,678.4
03d71b2cbf346e23ee9158e59e2b8915,Localization Quality,AMCLPose,MeanY,-1.99016,678.4
03d71b2cbf346e23ee9158e59e2b8915,Localization Quality,AMCLPose,MeanX,5.43321,678.4
03d71b2cbf346e23ee9158e59e2b8915,Localization Stability,TF,Jump Angular,0.000216867,679.4
03d71b2cbf346e23ee9158e59e2b8915,Localization Stability,TF,Jump Linear,0.0932266,679.4
03d71b2cbf346e23ee9158e59e2b8915,Input Validity,Lidar,Lidar Rate,10,678.48
03d71b2cbf346e23ee9158e59e2b8915,Input Validity,Odometry,Odometry Rate,50,678.48
03d71b2cbf346e23ee9158e59e2b8915,Input Validity,TF,TF Rate,10,678.48
03d71b2cbf346e23ee9158e59e2b8915,Localization Quality,AMCLPose,CovYawYaw,0.188855,678.5
03d71b2cbf346e23ee9158e59e2b8915,Localization Quality,AMCLPose,CovYY,0.157479,678.5
03d71b2cbf346e23ee9158e59e2b8915,Localization Quality,AMCLPose,CovXX,0.253651,678.5
03d71b2cbf346e23ee9158e59e2b8915,Localization Quality,AMCLPose,MeanYaw,1.1191,678.5
03d71b2cbf346e23ee9158e59e2b8915,Localization Quality,AMCLPose,MeanY,-1.92138,678.5
03d71b2cbf346e23ee9158e59e2b8915,Localization Quality,AMCLPose,MeanX,5.43672,678.5
03d71b2cbf346e23ee9158e59e2b8915,Localization Stability,TF,Jump Angular,0.00416271,679.5
03d71b2cbf346e23ee9158e59e2b8915,Localization Stability,TF,Jump Linear,0.0474304,679.5
03d71b2cbf346e23ee9158e59e2b8915,Input Validity,Lidar,Lidar Rate,10,678.58
03d71b2cbf346e23ee9158e59e2b8915,Input Validity,Odometry,Odometry Rate,50,678.58
03d71b2cbf346e23ee9158e59e2b8915,Input Validity,TF,TF Rate,10,678.58
03d71b2cbf346e23ee9158e59e2b8915,Localization Quality,AMCLPose,CovYawYaw,0.150007,678.6
03d71b2cbf346e23ee9158e59e2b8915,Localization Quality,AMCLPose,CovYY,0.1292,678.6
03d71b2cbf346e23ee9158e59e2b8915,Localization Quality,AMCLPose,CovXX,0.217745,678.6
03d71b2cbf346e23ee9158e59e2b8915,Localization Quality,AMCLPose,MeanYaw,1.23863,678.6
03d71b2cbf346e23ee9158e59e2b8915,Localization Quality,AMCLPose,MeanY,-1.87292,678.6
03d71b2cbf346e23ee9158e59e2b8915,Localization Quality,AMCLPose,MeanX,5.43721,678.6
03d71b2cbf346e23ee9158e59e2b8915,Localization Stability,TF,Jump Angular,0.0190272,679.6
03d71b2cbf346e23ee9158e59e2b8915,Localization Stability,TF,Jump Linear,0.0563008,679.6
03d71b2cbf346e23ee9158e59e2b8915,Input Validity,Lidar,Lidar Rate,10,678.68
03d71b2cbf346e23ee9158e59e2b8915,Input Validity,Odometry,Odometry Rate,50,678.68
03d71b2cbf346e23ee9158e59e2b8915,Input Validity,TF,TF Rate,10,678.68
03d71b2cbf346e23ee9158e59e2b8915,Localization Quality,AMCLPose,CovYawYaw,0.120475,678.7
03d71b2cbf346e23ee9158e59e2b8915,Localization Quality,AMCLPose,CovYY,0.105079,678.7
03d71b2cbf346e23ee9158e59e2b8915,Localization Quality,AMCLPose,CovXX,0.179002,678.7
03d71b2cbf346e23ee9158e59e2b8915,Localization Quality,AMCLPose,MeanYaw,1.3673,678.7
03d71b2cbf346e23ee9158e59e2b8915,Localization Quality,AMCLPose,MeanY,-1.84701,678.7
03d71b2cbf346e23ee9158e59e2b8915,Localization Quality,AMCLPose,MeanX,5.41825,678.7
03d71b2cbf346e23ee9158e59e2b8915,Localization Stability,TF,Jump Angular,0.0109883,679.7
03d71b2cbf346e23ee9158e59e2b8915,Localization Stability,TF,Jump Linear,0.0457237,679.7
03d71b2cbf346e23ee9158e59e2b8915,Input Validity,Lidar,Lidar Rate,10,678.78
03d71b2cbf346e23ee9158e59e2b8915,Input Validity,Odometry,Odometry Rate,50,678.78
03d71b2cbf346e23ee9158e59e2b8915,Input Validity,TF,TF Rate,10,678.78
03d71b2cbf346e23ee9158e59e2b8915,Localization Quality,AMCLPose,CovYawYaw,0.0851591,678.8
03d71b2cbf346e23ee9158e59e2b8915,Localization Quality,AMCLPose,CovYY,0.0751649,678.8
03d71b2cbf346e23ee9158e59e2b8915,Localization Quality,AMCLPose,CovXX,0.142215,678.8
03d71b2cbf346e23ee9158e59e2b8915,Localization Quality,AMCLPose,MeanYaw,1.4865,678.8
03d71b2cbf346e23ee9158e59e2b8915,Localization Quality,AMCLPose,MeanY,-1.83476,678.8
03d71b2cbf346e23ee9158e59e2b8915,Localization Quality,AMCLPose,MeanX,5.36209,678.8
03d71b2cbf346e23ee9158e59e2b8915,Localization Stability,TF,Jump Angular,-0.0154347,679.8
03d71b2cbf346e23ee9158e59e2b8915,Localization Stability,TF,Jump Linear,0.0988384,679.8
03d71b2cbf346e23ee9158e59e2b8915,Input Validity,Lidar,Lidar Rate,10,678.87
03d71b2cbf346e23ee9158e59e2b8915,Input Validity,Odometry,Odometry Rate,50,678.87
03d71b2cbf346e23ee9158e59e2b8915,Input Validity,TF,TF Rate,10,678.87
03d71b2cbf346e23ee9158e59e2b8915,Localization Quality,AMCLPose,CovYawYaw,0.0377814,678.9
03d71b2cbf346e23ee9158e59e2b8915,Localization Quality,AMCLPose,CovYY,0.0431201,678.9
03d71b2cbf346e23ee9158e59e2b8915,Localization Quality,AMCLPose,CovXX,0.10961,678.9
03d71b2cbf346e23ee9158e59e2b8915,Localization Quality,AMCLPose,MeanYaw,1.63064,678.9
03d71b2cbf346e23ee9158e59e2b8915,Localization Quality,AMCLPose,MeanY,-1.8139,678.9
03d71b2cbf346e23ee9158e59e2b8915,Localization Quality,AMCLPose,MeanX,5.30617,678.9
03d71b2cbf346e23ee9158e59e2b8915,Localization Stability,TF,Jump Angular,-0.00745623,679.9
03d71b2cbf346e23ee9158e59e2b8915,Localization Stability,TF,Jump Linear,0.0748014,679.9
03d71b2cbf346e23ee9158e59e2b8915,Input Validity,Lidar,Lidar Rate,10,678.97
03d71b2cbf346e23ee9158e59e2b8915,Input Validity,Odometry,Odometry Rate,50,678.97
03d71b2cbf346e23ee9158e59e2b8915,Input Validity,TF,TF Rate,10,678.97
03d71b2cbf346e23ee9158e59e2b8915,Localization Quality,AMCLPose,CovYawYaw,0.0214967,679
03d71b2cbf346e23ee9158e59e2b8915,Localization Quality,AMCLPose,CovYY,0.0281576,679
03d71b2cbf346e23ee9158e59e2b8915,Localization Quality,AMCLPose,CovXX,0.0737812,679
03d71b2cbf346e23ee9158e59e2b8915,Localization Quality,AMCLPose,MeanYaw,1.79325,679
03d71b2cbf346e23ee9158e59e2b8915,Localization Quality,AMCLPose,MeanY,-1.80775,679
03d71b2cbf346e23ee9158e59e2b8915,Localization Quality,AMCLPose,MeanX,5.2431,679
03d71b2cbf346e23ee9158e59e2b8915,Localization Stability,TF,Jump Angular,-0.00596258,680
03d71b2cbf346e23ee9158e59e2b8915,Localization Stability,TF,Jump Linear,0.0658392,680
03d71b2cbf346e23ee9158e59e2b8915,Input Validity,Lidar,Lidar Rate,10,679.07
03d71b2cbf346e23ee9158e59e2b8915,Input Validity,Odometry,Odometry Rate,50,679.07
03d71b2cbf346e23ee9158e59e2b8915,Input Validity,TF,TF Rate,10,679.07
03d71b2cbf346e23ee9158e59e2b8915,Localization Quality,AMCLPose,CovYawYaw,0.0131432,679.1
03d71b2cbf346e23ee9158e59e2b8915,Localization Quality,AMCLPose,CovYY,0.0190165,679.1
03d71b2cbf346e23ee9158e59e2b8915,Localization Quality,AMCLPose,CovXX,0.0613124,679.1
03d71b2cbf346e23ee9158e59e2b8915,Localization Quality,AMCLPose,MeanYaw,1.973,679.1
03d71b2cbf346e23ee9158e59e2b8915,Localization Quality,AMCLPose,MeanY,-1.80631,679.1
03d71b2cbf346e23ee9158e59e2b8915,Localization Quality,AMCLPose,MeanX,5.22218,679.1
03d71b2cbf346e23ee9158e59e2b8915,Localization Stability,TF,Jump Angular,-0.00581074,680.1
03d71b2cbf346e23ee9158e59e2b8915,Localization Stability,TF,Jump Linear,0.0337307,680.1
03d71b2cbf346e23ee9158e59e2b8915,Input Validity,Lidar,Lidar Rate,10,679.17
03d71b2cbf346e23ee9158e59e2b8915,Input Validity,Odometry,Odometry Rate,50,679.17
03d71b2cbf346e23ee9158e59e2b8915,Input Validity,TF,TF Rate,10,679.17
03d71b2cbf346e23ee9158e59e2b8915,Localization Quality,AMCLPose,CovYawYaw,0.0142801,679.2
03d71b2cbf346e23ee9158e59e2b8915,Localization Quality,AMCLPose,CovYY,0.0199394,679.2
03d71b2cbf346e23ee9158e59e2b8915,Localization Quality,AMCLPose,CovXX,0.0610177,679.2
03d71b2cbf346e23ee9158e59e2b8915,Localization Quality,AMCLPose,MeanYaw,2.17609,679.2
03d71b2cbf346e23ee9158e59e2b8915,Localization Quality,AMCLPose,MeanY,-1.80793,679.2
03d71b2cbf346e23ee9158e59e2b8915,Localization Quality,AMCLPose,MeanX,5.22198,679.2
03d71b2cbf346e23ee9158e59e2b8915,Localization Stability,TF,Jump Angular,0.000546019,680.2
03d71b2cbf346e23ee9158e59e2b8915,Localization Stability,TF,Jump Linear,0.00453669,680.2
03d71b2cbf346e23ee9158e59e2b8915,Input Validity,Lidar,Lidar Rate,10,679.27
03d71b2cbf346e23ee9158e59e2b8915,Input Validity,Odometry,Odometry Rate,50,679.27
03d71b2cbf346e23ee9158e59e2b8915,Input Validity,TF,TF Rate,10,679.27
03d71b2cbf346e23ee9158e59e2b8915,Localization Quality,AMCLPose,CovYawYaw,0.0145787,679.3
03d71b2cbf346e23ee9158e59e2b8915,Localization Quality,AMCLPose,CovYY,0.021232,679.3
03d71b2cbf346e23ee9158e59e2b8915,Localization Quality,AMCLPose,CovXX,0.0593589,679.3
03d71b2cbf346e23ee9158e59e2b8915,Localization Quality,AMCLPose,MeanYaw,2.39269,679.3
03d71b2cbf346e23ee9158e59e2b8915,Localization Quality,AMCLPose,MeanY,-1.81143,679.3
03d71b2cbf346e23ee9158e59e2b8915,Localization Quality,AMCLPose,MeanX,5.21796,679.3
03d71b2cbf346e23ee9158e59e2b8915,Localization Stability,TF,Jump Angular,-0.000603544,680.3
03d71b2cbf346e23ee9158e59e2b8915,Localization Stability,TF,Jump Linear,0.0031488,680.3
03d71b2cbf346e23ee9158e59e2b8915,Input Validity,Lidar,Lidar Rate,10,679.37
03d71b2cbf346e23ee9158e59e2b8915,Input Validity,Odometry,Odometry Rate,50,679.37
03d71b2cbf346e23ee9158e59e2b8915,Input Validity,TF,TF Rate,10,679.37
03d71b2cbf346e23ee9158e59e2b8915,Localization Quality,AMCLPose,CovYawYaw,0.0113068,679.4
03d71b2cbf346e23ee9158e59e2b8915,Localization Quality,AMCLPose,CovYY,0.0175855,679.4
03d71b2cbf346e23ee9158e59e2b8915,Localization Quality,AMCLPose,CovXX,0.0466083,679.4
03d71b2cbf346e23ee9158e59e2b8915,Localization Quality,AMCLPose,MeanYaw,2.61103,679.4
03d71b2cbf346e23ee9158e59e2b8915,Localization Quality,AMCLPose,MeanY,-1.80804,679.4
03d71b2cbf346e23ee9158e59e2b8915,Localization Quality,AMCLPose,MeanX,5.20744,679.4
03d71b2cbf346e23ee9158e59e2b8915,Localization Stability,TF,Jump Angular,-0.00166306,680.4
03d71b2cbf346e23ee9158e59e2b8915,Localization Stability,TF,Jump Linear,0.0144078,680.4
03d71b2cbf346e23ee9158e59e2b8915,Input Validity,Lidar,Lidar Rate,10,679.47
03d71b2cbf346e23ee9158e59e2b8915,Input Validity,Odometry,Odometry Rate,50,679.47
03d71b2cbf346e23ee9158e59e2b8915,Input Validity,TF,TF Rate,10,679.47
03d71b2cbf346e23ee9158e59e2b8915,Localization Quality,AMCLPose,CovYawYaw,0.00795659,679.5
03d71b2cbf346e23ee9158e59e2b8915,Localization Quality,AMCLPose,CovYY,0.0121317,679.5
03d71b2cbf346e23ee9158e59e2b8915,Localization Quality,AMCLPose,CovXX,0.0384206,679.5
03d71b2cbf346e23ee9158e59e2b8915,Localization Quality,AMCLPose,MeanYaw,2.83153,679.5
03d71b2cbf346e23ee9158e59e2b8915,Localization Quality,AMCLPose,MeanY,-1.79981,679.5
03d71b2cbf346e23ee9158e59e2b8915,Localization Quality,AMCLPose,MeanX,5.18872,679.5
03d71b2cbf346e23ee9158e59e2b8915,Localization Stability,TF,Jump Angular,0.000503066,680.5
03d71b2cbf346e23ee9158e59e2b8915,Localization Stability,TF,Jump Linear,0.0202661,680.5
03d71b2cbf346e23ee9158e59e2b8915,Input Validity,Lidar,Lidar Rate,10,679.57
03d71b2cbf346e23ee9158e59e2b8915,Input Validity,Odometry,Odometry Rate,50,679.57
03d71b2cbf346e23ee9158e59e2b8915,Input Validity,TF,TF Rate,10,679.57
03d71b2cbf346e23ee9158e59e2b8915,Localization Quality,AMCLPose,CovYawYaw,0.00557562,679.6
03d71b2cbf346e23ee9158e59e2b8915,Localization Quality,AMCLPose,CovYY,0.00912637,679.6
03d71b2cbf346e23ee9158e59e2b8915,Localization Quality,AMCLPose,CovXX,0.0306396,679.6
03d71b2cbf346e23ee9158e59e2b8915,Localization Quality,AMCLPose,MeanYaw,3.04785,679.6
03d71b2cbf346e23ee9158e59e2b8915,Localization Quality,AMCLPose,MeanY,-1.79748,679.6
03d71b2cbf346e23ee9158e59e2b8915,Localization Quality,AMCLPose,MeanX,5.16932,679.6
03d71b2cbf346e23ee9158e59e2b8915,Localization Stability,TF,Jump Angular,-0.00367557,680.6
03d71b2cbf346e23ee9158e59e2b8915,Localization Stability,TF,Jump Linear,0.0253706,680.6
03d71b2cbf346e23ee9158e59e2b8915,Input Validity,Lidar,Lidar Rate,10,679.67
03d71b2cbf346e23ee9158e59e2b8915,Input Validity,Odometry,Odometry Rate,50,679.67
03d71b2cbf346e23ee9158e59e2b8915,Input Validity,TF,TF Rate,10,679.67
03d71b2cbf346e23ee9158e59e2b8915,Localization Quality,AMCLPose,CovYawYaw,0.00555672,679.7
03d71b2cbf346e23ee9158e59e2b8915,Localization Quality,AMCLPose,CovYY,0.00696516,679.7
03d71b2cbf346e23ee9158e59e2b8915,Localization Quality,AMCLPose,CovXX,0.0262255,679.7
03d71b2cbf346e23ee9158e59e2b8915,Localization Quality,AMCLPose,MeanYaw,-3.01424,679.7
03d71b2cbf346e23ee9158e59e2b8915,Localization Quality,AMCLPose,MeanY,-1.79196,679.7
03d71b2cbf346e23ee9158e59e2b8915,Localization Quality,AMCLPose,MeanX,5.15987,679.7
03d71b2cbf346e23ee9158e59e2b8915,Localization Stability,TF,Jump Angular,0.0010965,680.7
03d71b2cbf346e23ee9158e59e2b8915,Localization Stability,TF,Jump Linear,0.0111026,680.7
03d71b2cbf346e23ee9158e59e2b8915,Input Validity,Lidar,Lidar Rate,10,679.77
03d71b2cbf346e23ee9158e59e2b8915,Input Validity,Odometry,Odometry Rate,50,679.77
03d71b2cbf346e23ee9158e59e2b8915,Input Validity,TF,TF Rate,10,679.77
03d71b2cbf346e23ee9158e59e2b8915,Localization Quality,AMCLPose,CovYawYaw,0.0053089,679.8
03d71b2cbf346e23ee9158e59e2b8915,Localization Quality,AMCLPose,CovYY,0.00589782,679.8
03d71b2cbf346e23ee9158e59e2b8915,Localization Quality,AMCLPose,CovXX,0.0228973,679.8
03d71b2cbf346e23ee9158e59e2b8915,Localization Quality,AMCLPose,MeanYaw,-2.79392,679.8
03d71b2cbf346e23ee9158e59e2b8915,Localization Quality,AMCLPose,MeanY,-1.78946,679.8
03d71b2cbf346e23ee9158e59e2b8915,Localization Quality,AMCLPose,MeanX,5.15072,679.8
03d71b2cbf346e23ee9158e59e2b8915,Localization Stability,TF,Jump Angular,0.000318092,680.8
03d71b2cbf346e23ee9158e59e2b8915,Localization Stability,TF,Jump Linear,0.00966419,680.8
03d71b2cbf346e23ee9158e59e2b8915,Input Validity,Lidar,Lidar Rate,10,679.87
03d71b2cbf346e23ee9158e59e2b8915,Input Validity,Odometry,Odometry Rate,50,679.87
03d71b2cbf346e23ee9158e59e2b8915,Input Validity,TF,TF Rate,10,679.87
03d71b2cbf346e23ee9158e59e2b8915,Localization Quality,AMCLPose,CovYawYaw,0.00406621,679.9
03d71b2cbf346e23ee9158e59e2b8915,Localization Quality,AMCLPose,CovYY,0.00589912,679.9
03d71b2cbf346e23ee9158e59e2b8915,Localization Quality,AMCLPose,CovXX,0.019905,679.9
03d71b2cbf346e23ee9158e59e2b8915,Localization Quality,AMCLPose,MeanYaw,-2.59328,679.9
03d71b2cbf346e23ee9158e59e2b8915,Localization Quality,AMCLPose,MeanY,-1.78921,679.9
03d71b2cbf346e23ee9158e59e2b8915,Localization Quality,AMCLPose,MeanX,5.14653,679.9
03d71b2cbf346e23ee9158e59e2b8915,Localization Stability,TF,Jump Angular,-0.00536661,680.9
03d71b2cbf346e23ee9158e59e2b8915,Localization Stability,TF,Jump Linear,0.0292901,680.9
03d71b2cbf346e23ee9158e59e2b8915,Input Validity,Lidar,Lidar Rate,10,679.97
03d71b2cbf346e23ee9158e59e2b8915,Input Validity,Odometry,Odometry Rate,50,679.97
03d71b2cbf346e23ee9158e59e2b8915,Input Validity,TF,TF Rate,10,679.97
03d71b2cbf346e23ee9158e59e2b8915,Localization Quality,AMCLPose,CovYawYaw,0.00476456,680
03d71b2cbf346e23ee9158e59e2b8915,Localization Quality,AMCLPose,CovYY,0.00635269,680
03d71b2cbf346e23ee9158e59e2b8915,Localization Quality,AMCLPose,CovXX,0.0209222,680
03d71b2cbf346e23ee9158e59e2b8915,Localization Quality,AMCLPose,MeanYaw,-2.43438,680
03d71b2cbf346e23ee9158e59e2b8915,Localization Quality,AMCLPose,MeanY,-1.79285,680
03d71b2cbf346e23ee9158e59e2b8915,Localization Quality,AMCLPose,MeanX,5.1426,680
03d71b2cbf346e23ee9158e59e2b8915,Localization Stability,TF,Jump Angular,0.00140485,681
03d71b2cbf346e23ee9158e59e2b8915,Localization Stability,TF,Jump Linear,0.00568291,681
03d71b2cbf346e23ee9158e59e2b8915,Input Validity,Lidar,Lidar Rate,10,680.07
03d71b2cbf346e23ee9158e59e2b8915,Input Validity,Odometry,Odometry Rate,50,680.07
03d71b2cbf346e23ee9158e59e2b8915,Input Validity,TF,TF Rate,10,680.07
03d71b2cbf346e23ee9158e59e2b8915,Localization Quality,AMCLPose,CovYawYaw,0.00493685,680.1
03d71b2cbf346e23ee9158e59e2b8915,Localization Quality,AMCLPose,CovYY,0.00665611,680.1
03d71b2cbf346e23ee9158e59e2b8915,Localization Quality,AMCLPose,CovXX,0.021326,680.1
03d71b2cbf346e23ee9158e59e2b8915,Localization Quality,AMCLPose,MeanYaw,-2.32415,680.1
03d71b2cbf346e23ee9158e59e2b8915,Localization Quality,AMCLPose,MeanY,-1.79968,680.1
03d71b2cbf346e23ee9158e59e2b8915,Localization Quality,AMCLPose,MeanX,5.13074,680.1
03d71b2cbf346e23ee9158e59e2b8915,Localization Stability,TF,Jump Angular,-0.000273024,681.1
03d71b2cbf346e23ee9158e59e2b8915,Localization Stability,TF,Jump Linear,0.00523033,681.1
03d71b2cbf346e23ee9158e59e2b8915,Input Validity,Lidar,Lidar Rate,10,680.17
03d71b2cbf346e23ee9158e59e2b8915,Input Validity,Odometry,Odometry Rate,50,680.17
03d71b2cbf346e23ee9158e59e2b8915,Input Validity,TF,TF Rate,10,680.17
03d71b2cbf346e23ee9158e59e2b8915,Localization Quality,AMCLPose,CovYawYaw,0.00511933,680.2
03d71b2cbf346e23ee9158e59e2b8915,Localization Quality,AMCLPose,CovYY,0.00672519,680.2
03d71b2cbf346e23ee9158e59e2b8915,Localization Quality,AMCLPose,CovXX,0.0192126,680.2
03d71b2cbf346e23ee9158e59e2b8915,Localization Quality,AMCLPose,MeanYaw,-2.22669,680.2
03d71b2cbf346e23ee9158e59e2b8915,Localization Quality,AMCLPose,MeanY,-1.80669,680.2
03d71b2cbf346e23ee9158e59e2b8915,Localization Quality,AMCLPose,MeanX,5.12018,680.2
03d71b2cbf346e23ee9158e59e2b8915,Localization Stability,TF,Jump Angular,-0.00210463,681.2
03d71b2cbf346e23ee9158e59e2b8915,Localization Stability,TF,Jump Linear,0.0130727,681.2
03d71b2cbf346e23ee9158e59e2b8915,Input Validity,Lidar,Lidar Rate,10,680.27
03d71b2cbf346e23ee9158e59e2b8915,Input Validity,Odometry,Odometry Rate,50,680.27
03d71b2cbf346e23ee9158e59e2b8915,Input Validity,TF,TF Rate,10,680.27
03d71b2cbf346e23ee9158e59e2b8915,Localization Quality,AMCLPose,CovYawYaw,0.00340514,680.3
03d71b2cbf346e23ee9158e59e2b8915,Localization Quality,AMCLPose,CovYY,0.00590896,680.3
03d71b2cbf346e23ee9158e59e2b8915,Localization Quality,AMCLPose,CovXX,0.0168041,680.3
03d71b2cbf346e23ee9158e59e2b8915,Localization Quality,AMCLPose,MeanYaw,-2.14946,680.3
03d71b2cbf346e23ee9158e59e2b8915,Localization Quality,AMCLPose,MeanY,-1.80812,680.3
03d71b2cbf346e23ee9158e59e2b8915,Localization Quality,AMCLPose,MeanX,5.11496,680.3
03d71b2cbf346e23ee9158e59e2b8915,Localization Stability,TF,Jump Angular,-0.00337296,681.3
03d71b2cbf346e23ee9158e59e2b8915,Localization Stability,TF,Jump Linear,0.020267,681.3
03d71b2cbf346e23ee9158e59e2b8915,Input Validity,Lidar,Lidar Rate,10,680.37
03d71b2cbf346e23ee9158e59e2b8915,Input Validity,Odometry,Odometry Rate,50,680.37
03d71b2cbf346e23ee9158e59e2b8915,Input Validity,TF,TF Rate,10,680.37
03d71b2cbf346e23ee9158e59e2b8915,Localization Quality,AMCLPose,CovYawYaw,0.00224236,680.4
03d71b2cbf346e23ee9158e59e2b8915,Localization Quality,AMCLPose,CovYY,0.00506899,680.4
03d71b2cbf346e23ee9158e59e2b8915,Localization Quality,AMCLPose,CovXX,0.0122682,680.4
03d71b2cbf346e23ee9158e59e2b8915,Localization Quality,AMCLPose,MeanYaw,-2.08783,680.4
03d71b2cbf346e23ee9158e59e2b8915,Localization Quality,AMCLPose,MeanY,-1.81085,680.4
03d71b2cbf346e23ee9158e59e2b8915,Localization Quality,AMCLPose,MeanX,5.11094,680.4
03d71b2cbf346e23ee9158e59e2b8915,Localization Stability,TF,Jump Angular,-0.00139599,681.4
03d71b2cbf346e23ee9158e59e2b8915,Localization Stability,TF,Jump Linear,0.00485782,681.4
03d71b2cbf346e23ee9158e59e2b8915,Input Validity,Lidar,Lidar Rate,10,680.47
03d71b2cbf346e23ee9158e59e2b8915,Input Validity,Odometry,Odometry Rate,50,680.47
03d71b2cbf346e23ee9158e59e2b8915,Input Validity,TF,TF Rate,10,680.47
03d71b2cbf346e23ee9158e59e2b8915,Localization Stability,TF,Jump Angular,0,681.5
03d71b2cbf346e23ee9158e59e2b8915,Localization Stability,TF,Jump Linear,0,681.5
03d71b2cbf346e23ee9158e59e2b8915,Input Validity,Lidar,Lidar Rate,10,680.57
03d71b2cbf346e23ee9158e59e2b8915,Input Validity,Odometry,Odometry Rate,50,680.57
03d71b2cbf346e23ee9158e59e2b8915,Input Validity,TF,TF Rate,10,680.57
03d71b2cbf346e23ee9158e59e2b8915,Localization Quality,AMCLPose,CovYawYaw,0.00175734,680.6
03d71b2cbf346e23ee9158e59e2b8915,Localization Quality,AMCLPose,CovYY,0.00414823,680.6
03d71b2cbf346e23ee9158e59e2b8915,Localization Quality,AMCLPose,CovXX,0.0101064,680.6
03d71b2cbf346e23ee9158e59e2b8915,Localization Quality,AMCLPose,MeanYaw,-2.01038,680.6
03d71b2cbf346e23ee9158e59e2b8915,Localization Quality,AMCLPose,MeanY,-1.80944,680.6
03d71b2cbf346e23ee9158e59e2b8915,Localization Quality,AMCLPose,MeanX,5.11486,680.6
03d71b2cbf346e23ee9158e59e2b8915,Localization Stability,TF,Jump Angular,0.00190432,681.6
03d71b2cbf346e23ee9158e59e2b8915,Localization Stability,TF,Jump Linear,0.00833882,681.6
03d71b2cbf346e23ee9158e59e2b8915,Input Validity,Lidar,Lidar Rate,10,680.67
03d71b2cbf346e23ee9158e59e2b8915,Input Validity,Odometry,Odometry Rate,50,680.67
03d71b2cbf346e23ee9158e59e2b8915,Input Validity,TF,TF Rate,10,680.67
03d71b2cbf346e23ee9158e59e2b8915,Localization Stability,TF,Jump Angular,0,681.7
03d71b2cbf346e23ee9158e59e2b8915,Localization Stability,TF,Jump Linear,0,681.7
03d71b2cbf346e23ee9158e59e2b8915,Input Validity,Lidar,Lidar Rate,10,680.77
03d71b2cbf346e23ee9158e59e2b8915,Input Validity,Odometry,Odometry Rate,50,680.77
03d71b2cbf346e23ee9158e59e2b8915,Input Validity,TF,TF Rate,10,680.77
03d71b2cbf346e23ee9158e59e2b8915,Localization Stability,TF,Jump Angular,0,681.8
03d71b2cbf346e23ee9158e59e2b8915,Localization Stability,TF,Jump Linear,0,681.8
03d71b2cbf346e23ee9158e59e2b8915,Input Validity,Lidar,Lidar Rate,10,680.87
03d71b2cbf346e23ee9158e59e2b8915,Input Validity,Odometry,Odometry Rate,50,680.87
03d71b2cbf346e23ee9158e59e2b8915,Input Validity,TF,TF Rate,10,680.87
03d71b2cbf346e23ee9158e59e2b8915,Localization Stability,TF,Jump Angular,0,681.9
03d71b2cbf346e23ee9158e59e2b8915,Localization Stability,TF,Jump Linear,0,681.9
03d71b2cbf346e23ee9158e59e2b8915,Input Validity,Lidar,Lidar Rate,10,680.97
03d71b2cbf346e23ee9158e59e2b8915,Input Validity,Odometry,Odometry Rate,50,680.97
03d71b2cbf346e23ee9158e59e2b8915,Input Validity,TF,TF Rate,10,680.97
03d71b2cbf346e23ee9158e59e2b8915,Localization Stability,TF,Jump Angular,0,682
03d71b2cbf346e23ee9158e59e2b8915,Localization Stability,TF,Jump Linear,0,682
03d71b2cbf346e23ee9158e59e2b8915,Input Validity,Lidar,Lidar Rate,10,681.07
03d71b2cbf346e23ee9158e59e2b8915,Input Validity,Odometry,Odometry Rate,50,681.07
03d71b2cbf346e23ee9158e59e2b8915,Input Validity,TF,TF Rate,10,681.07
03d71b2cbf346e23ee9158e59e2b8915,Localization Quality,AMCLPose,CovYawYaw,0.00171156,681.1
03d71b2cbf346e23ee9158e59e2b8915,Localization Quality,AMCLPose,CovYY,0.0042725,681.1
03d71b2cbf346e23ee9158e59e2b8915,Localization Quality,AMCLPose,CovXX,0.00855027,681.1
03d71b2cbf346e23ee9158e59e2b8915,Localization Quality,AMCLPose,MeanYaw,-2.11004,681.1
03d71b2cbf346e23ee9158e59e2b8915,Localization Quality,AMCLPose,MeanY,-1.80974,681.1
03d71b2cbf346e23ee9158e59e2b8915,Localization Quality,AMCLPose,MeanX,5.11833,681.1
03d71b2cbf346e23ee9158e59e2b8915,Localization Stability,TF,Jump Angular,0.0012231,682.1
03d71b2cbf346e23ee9158e59e2b8915,Localization Stability,TF,Jump Linear,0.00671376,682.1
03d71b2cbf346e23ee9158e59e2b8915,Input Validity,Lidar,Lidar Rate,10,681.17
03d71b2cbf346e23ee9158e59e2b8915,Input Validity,Odometry,Odometry Rate,50,681.17
03d71b2cbf346e23ee9158e59e2b8915,Input Validity,TF,TF Rate,10,681.17
03d71b2cbf346e23ee9158e59e2b8915,Localization Quality,AMCLPose,CovYawYaw,0.00193492,681.2
03d71b2cbf346e23ee9158e59e2b8915,Localization Quality,AMCLPose,CovYY,0.00460314,681.2
03d71b2cbf346e23ee9158e59e2b8915,Localization Quality,AMCLPose,CovXX,0.00910392,681.2
03d71b2cbf346e23ee9158e59e2b8915,Localization Quality,AMCLPose,MeanYaw,-2.18031,681.2
03d71b2cbf346e23ee9158e59e2b8915,Localization Quality,AMCLPose,MeanY,-1.81121,681.2
03d71b2cbf346e23ee9158e59e2b8915,Localization Quality,AMCLPose,MeanX,5.12127,681.2
03d71b2cbf346e23ee9158e59e2b8915,Localization Stability,TF,Jump Angular,-1.36723e-05,682.2
03d71b2cbf346e23ee9158e59e2b8915,Localization Stability,TF,Jump Linear,0.00327239,682.2
03d71b2cbf346e23ee9158e59e2b8915,Input Validity,Lidar,Lidar Rate,10,681.27
03d71b2cbf346e23ee9158e59e2b8915,Input Validity,Odometry,Odometry Rate,50,681.27
03d71b2cbf346e23ee9158e59e2b8915,Input Validity,TF,TF Rate,10,681.27
03d71b2cbf346e23ee9158e59e2b8915,Localization Quality,AMCLPose,CovYawYaw,0.00228865,681.3
03d71b2cbf346e23ee9158e59e2b8915,Localization Quality,AMCLPose,CovYY,0.00487473,681.3
03d71b2cbf346e23ee9158e59e2b8915,Localization Quality,AMCLPose,CovXX,0.00881739,681.3
03d71b2cbf346e23ee9158e59e2b8915,Localization Quality,AMCLPose,MeanYaw,-2.26823,681.3
03d71b2cbf346e23ee9158e59e2b8915,Localization Quality,AMCLPose,MeanY,-1.81077,681.3
03d71b2cbf346e23ee9158e59e2b8915,Localization Quality,AMCLPose,MeanX,5.11718,681.3
03d71b2cbf346e23ee9158e59e2b8915,Localization Stability,TF,Jump Angular,-0.000895854,682.3
03d71b2cbf346e23ee9158e59e2b8915,Localization Stability,TF,Jump Linear,0.00567545,682.3
03d71b2cbf346e23ee9158e59e2b8915,Input Validity,Lidar,Lidar Rate,10,681.36
03d71b2cbf346e23ee9158e59e2b8915,Input Validity,Odometry,Odometry Rate,50,681.36
03d71b2cbf346e23ee9158e59e2b8915,Input Validity,TF,TF Rate,10,681.36
03d71b2cbf346e23ee9158e59e2b8915,Localization Quality,AMCLPose,CovYawYaw,0.00283038,681.4
03d71b2cbf346e23ee9158e59e2b8915,Localization Quality,AMCLPose,CovYY,0.00511788,681.4
03d71b2cbf346e23ee9158e59e2b8915,Localization Quality,AMCLPose,CovXX,0.0097939,681.4
03d71b2cbf346e23ee9158e59e2b8915,Localization Quality,AMCLPose,MeanYaw,-2.37346,681.4
03d71b2cbf346e23ee9158e59e2b8915,Localization Quality,AMCLPose,MeanY,-1.81312,681.4
03d71b2cbf346e23ee9158e59e2b8915,Localization Quality,AMCLPose,MeanX,5.11576,681.4
03d71b2cbf346e23ee9158e59e2b8915,Localization Stability,TF,Jump Angular,-0.00126323,682.4
03d71b2cbf346e23ee9158e59e2b8915,Localization Stability,TF,Jump Linear,0.00412964,682.4
03d71b2cbf346e23ee9158e59e2b8915,Input Validity,Lidar,Lidar Rate,10,681.46
03d71b2cbf346e23ee9158e59e2b8915,Input Validity,Odometry,Odometry Rate,50,681.46
03d71b2cbf346e23ee9158e59e2b8915,Input Validity,TF,TF Rate,10,681.46
03d71b2cbf346e23ee9158e59e2b8915,Localization Quality,AMCLPose,CovYawYaw,0.00346537,681.5
03d71b2cbf346e23ee9158e59e2b8915,Localization Quality,AMCLPose,CovYY,0.00531445,681.5
03d71b2cbf346e23ee9158e59e2b8915,Localization Quality,AMCLPose,CovXX,0.00936557,681.5
03d71b2cbf346e23ee9158e59e2b8915,Localization Quality,AMCLPose,MeanYaw,-2.49241,681.5
03d71b2cbf346e23ee9158e59e2b8915,Localization Quality,AMCLPose,MeanY,-1.81398,681.5
03d71b2cbf346e23ee9158e59e2b8915,Localization Quality,AMCLPose,MeanX,5.11698,681.5
03d71b2cbf346e23ee9158e59e2b8915,Localization Stability,TF,Jump Angular,0.00202547,682.5
03d71b2cbf346e23ee9158e59e2b8915,Localization Stability,TF,Jump Linear,0.0113565,682.5
03d71b2cbf346e23ee9158e59e2b8915,Input Validity,Lidar,Lidar Rate,10,681.56
03d71b2cbf346e23ee9158e59e2b8915,Input Validity,Odometry,Odometry Rate,50,681.56
03d71b2cbf346e23ee9158e59e2b8915,Input Validity,TF,TF Rate,10,681.56
03d71b2cbf346e23ee9158e59e2b8915,Localization Quality,AMCLPose,CovYawYaw,0.0031299,681.6
03d71b2cbf346e23ee9158e59e2b8915,Localization Quality,AMCLPose,CovYY,0.00545887,681.6
03d71b2cbf346e23ee9158e59e2b8915,Localization Quality,AMCLPose,CovXX,0.00731566,681.6
03d71b2cbf346e23ee9158e59e2b8915,Localization Quality,AMCLPose,MeanYaw,-2.62904,681.6
03d71b2cbf346e23ee9158e59e2b8915,Localization Quality,AMCLPose,MeanY,-1.81241,681.6
03d71b2cbf346e23ee9158e59e2b8915,Localization Quality,AMCLPose,MeanX,5.11821,681.6
03d71b2cbf346e23ee9158e59e2b8915,Localization Stability,TF,Jump Angular,0.00131481,682.6
03d71b2cbf346e23ee9158e59e2b8915,Localization Stability,TF,Jump Linear,0.00519098,682.6
03d71b2cbf346e23ee9158e59e2b8915,Input Validity,Lidar,Lidar Rate,10,681.66
03d71b2cbf346e23ee9158e59e2b8915,Input Validity,Odometry,Odometry Rate,50,681.66
03d71b2cbf346e23ee9158e59e2b8915,Input Validity,TF,TF Rate,10,681.66
03d71b2cbf346e23ee9158e59e2b8915,Localization Quality,AMCLPose,CovYawYaw,0.00263492,681.7
03d71b2cbf346e23ee9158e59e2b8915,Localization Quality,AMCLPose,CovYY,0.00478627,681.7
03d71b2cbf346e23ee9158e59e2b8915,Localization Quality,AMCLPose,CovXX,0.00711767,681.7
03d71b2cbf346e23ee9158e59e2b8915,Localization Quality,AMCLPose,MeanYaw,-2.78341,681.7
03d71b2cbf346e23ee9158e59e2b8915,Localization Quality,AMCLPose,MeanY,-1.81225,681.7
03d71b2cbf346e23ee9158e59e2b8915,Localization Quality,AMCLPose,MeanX,5.11333,681.7
03d71b2cbf346e23ee9158e59e2b8915,Localization Stability,TF,Jump Angular,0.000562443,682.7
03d71b2cbf346e23ee9158e59e2b8915,Localization Stability,TF,Jump Linear,0.00636863,682.7
03d71b2cbf346e23ee9158e59e2b8915,Input Validity,Lidar,Lidar Rate,10,681.76
03d71b2cbf346e23ee9158e59e2b8915,Input Validity,Odometry,Odometry Rate,50,681.76
03d71b2cbf346e23ee9158e59e2b8915,Input Validity,TF,TF Rate,10,681.76
03d71b2cbf346e23ee9158e59e2b8915,Localization Quality,AMCLPose,CovYawYaw,0.0027641,681.8
03d71b2cbf346e23ee9158e59e2b8915,Localization Quality,AMCLPose,CovYY,0.00418289,681.8
03d71b2cbf346e23ee9158e59e2b8915,Localization Quality,AMCLPose,CovXX,0.00731862,681.8
03d71b2cbf346e23ee9158e59e2b8915,Localization Quality,AMCLPose,MeanYaw,-2.95394,681.8
03d71b2cbf346e23ee9158e59e2b8915,Localization Quality,AMCLPose,MeanY,-1.81313,681.8
03d71b2cbf346e23ee9158e59e2b8915,Localization Quality,AMCLPose,MeanX,5.11257,681.8
03d71b2cbf346e23ee9158e59e2b8915,Localization Stability,TF,Jump Angular,0.00139061,682.8
03d71b2cbf346e23ee9158e59e2b8915,Localization Stability,TF,Jump Linear,0.00848806,682.8
03d71b2cbf346e23ee9158e59e2b8915,Input Validity,Lidar,Lidar Rate,10,681.86
03d71b2cbf346e23ee9158e59e2b8915,Input Validity,Odometry,Odometry Rate,50,681.86
03d71b2cbf346e23ee9158e59e2b8915,Input Validity,TF,TF Rate,10,681.86
03d71b2cbf346e23ee9158e59e2b8915,Input Validity,Lidar,Lidar Rate,10,681.96
03d71b2cbf346e23ee9158e59e2b8915,Input Validity,Odometry,Odometry Rate,50,681.96
03d71b2cbf346e23ee9158e59e2b8915,Input Validity,TF,TF Rate,10,681.96
03d71b2cbf346e23ee9158e59e2b8915,Localization Quality,AMCLPose,CovYawYaw,0.00306541,681.9
03d71b2cbf346e23ee9158e59e2b8915,Localization Quality,AMCLPose,CovYY,0.00366751,681.9
03d71b2cbf346e23ee9158e59e2b8915,Localization Quality,AMCLPose,CovXX,0.00758716,681.9
03d71b2cbf346e23ee9158e59e2b8915,Localization Quality,AMCLPose,MeanYaw,3.14092,681.9
03d71b2cbf346e23ee9158e59e2b8915,Localization Quality,AMCLPose,MeanY,-1.81394,681.9
03d71b2cbf346e23ee9158e59e2b8915,Localization Quality,AMCLPose,MeanX,5.11109,681.9
03d71b2cbf346e23ee9158e59e2b8915,Localization Stability,TF,Jump Angular,0.000562246,682.9
03d71b2cbf346e23ee9158e59e2b8915,Localization Stability,TF,Jump Linear,0.00436296,682.9
03d71b2cbf346e23ee9158e59e2b8915,Localization Quality,AMCLPose,CovYawYaw,0.00296156,682
03d71b2cbf346e23ee9158e59e2b8915,Localization Quality,AMCLPose,CovYY,0.00325134,682
03d71b2cbf346e23ee9158e59e2b8915,Localization Quality,AMCLPose,CovXX,0.00891269,682
03d71b2cbf346e23ee9158e59e2b8915,Localization Quality,AMCLPose,MeanYaw,2.96101,682
03d71b2cbf346e23ee9158e59e2b8915,Localization Quality,AMCLPose,MeanY,-1.81578,682
03d71b2cbf346e23ee9158e59e2b8915,Localization Quality,AMCLPose,MeanX,5.10484,682
03d71b2cbf346e23ee9158e59e2b8915,Localization Stability,TF,Jump Angular,0.000194738,683
03d71b2cbf346e23ee9158e59e2b8915,Localization Stability,TF,Jump Linear,0.0051488,683
03d71b2cbf346e23ee9158e59e2b8915,Input Validity,Lidar,Lidar Rate,10,682.06
03d71b2cbf346e23ee9158e59e2b8915,Input Validity,Odometry,Odometry Rate,50,682.06
03d71b2cbf346e23ee9158e59e2b8915,Input Validity,TF,TF Rate,10,682.06
03d71b2cbf346e23ee9158e59e2b8915,Localization Quality,AMCLPose,CovYawYaw,0.00254047,682.1
03d71b2cbf346e23ee9158e59e2b8915,Localization Quality,AMCLPose,CovYY,0.00301697,682.1
03d71b2cbf346e23ee9158e59e2b8915,Localization Quality,AMCLPose,CovXX,0.00813542,682.1
03d71b2cbf346e23ee9158e59e2b8915,Localization Quality,AMCLPose,MeanYaw,2.83302,682.1
03d71b2cbf346e23ee9158e59e2b8915,Localization Quality,AMCLPose,MeanY,-1.81354,682.1
03d71b2cbf346e23ee9158e59e2b8915,Localization Quality,AMCLPose,MeanX,5.09386,682.1
03d71b2cbf346e23ee9158e59e2b8915,Localization Stability,TF,Jump Angular,0.00261447,683.1
03d71b2cbf346e23ee9158e59e2b8915,Localization Stability,TF,Jump Linear,0.014711,683.1
03d71b2cbf346e23ee9158e59e2b8915,Input Validity,Lidar,Lidar Rate,10,682.16
03d71b2cbf346e23ee9158e59e2b8915,Input Validity,Odometry,Odometry Rate,50,682.16
03d71b2cbf346e23ee9158e59e2b8915,Input Validity,TF,TF Rate,10,682.16
03d71b2cbf346e23ee9158e59e2b8915,Localization Quality,AMCLPose,CovYawYaw,0.00194898,682.2
03d71b2cbf346e23ee9158e59e2b8915,Localization Quality,AMCLPose,CovYY,0.00288087,682.2
03d71b2cbf346e23ee9158e59e2b8915,Localization Quality,AMCLPose,CovXX,0.00621327,682.2
03d71b2cbf346e23ee9158e59e2b8915,Localization Quality,AMCLPose,MeanYaw,2.74776,682.2
03d71b2cbf346e23ee9158e59e2b8915,Localization Quality,AMCLPose,MeanY,-1.80751,682.2
03d71b2cbf346e23ee9158e59e2b8915,Localization Quality,AMCLPose,MeanX,5.06845,682.2
03d71b2cbf346e23ee9158e59e2b8915,Localization Stability,TF,Jump Angular,-0.00466199,683.2
03d71b2cbf346e23ee9158e59e2b8915,Localization Stability,TF,Jump Linear,0.0241318,683.2
03d71b2cbf346e23ee9158e59e2b8915,Input Validity,Lidar,Lidar Rate,10,682.26
03d71b2cbf346e23ee9158e59e2b8915,Input Validity,Odometry,Odometry Rate,50,682.26
03d71b2cbf346e23ee9158e59e2b8915,Input Validity,TF,TF Rate,10,682.26
03d71b2cbf346e23ee9158e59e2b8915,Localization Stability,TF,Jump Angular,0,683.3
03d71b2cbf346e23ee9158e59e2b8915,Localization Stability,TF,Jump Linear,0,683.3
03d71b2cbf346e23ee9158e59e2b8915,Input Validity,Lidar,Lidar Rate,10,682.36
03d71b2cbf346e23ee9158e59e2b8915,Input Validity,Odometry,Odometry Rate,50,682.36
03d71b2cbf346e23ee9158e59e2b8915,Input Validity,TF,TF Rate,10,682.36
03d71b2cbf346e23ee9158e59e2b8915,Localization Quality,AMCLPose,CovYawYaw,0.00164185,682.4
03d71b2cbf346e23ee9158e59e2b8915,Localization Quality,AMCLPose,CovYY,0.00285563,682.4
03d71b2cbf346e23ee9158e59e2b8915,Localization Quality,AMCLPose,CovXX,0.00453515,682.4
03d71b2cbf346e23ee9158e59e2b8915,Localization Quality,AMCLPose,MeanYaw,2.66198,682.4
03d71b2cbf346e23ee9158e59e2b8915,Localization Quality,AMCLPose,MeanY,-1.78211,682.4
03d71b2cbf346e23ee9158e59e2b8915,Localization Quality,AMCLPose,MeanX,5.01063,682.4
03d71b2cbf346e23ee9158e59e2b8915,Localization Stability,TF,Jump Angular,-0.00159697,683.4
03d71b2cbf346e23ee9158e59e2b8915,Localization Stability,TF,Jump Linear,0.0123494,683.4
03d71b2cbf346e23ee9158e59e2b8915,Input Validity,Lidar,Lidar Rate,10,682.46
03d71b2cbf346e23ee9158e59e2b8915,Input Validity,Odometry,Odometry Rate,50,682.46
03d71b2cbf346e23ee9158e59e2b8915,Input Validity,TF,TF Rate,10,682.46
03d71b2cbf346e23ee9158e59e2b8915,Localization Stability,TF,Jump Angular,0,683.5
03d71b2cbf346e23ee9158e59e2b8915,Localization Stability,TF,Jump Linear,0,683.5
03d71b2cbf346e23ee9158e59e2b8915,Input Validity,Lidar,Lidar Rate,10,682.56
03d71b2cbf346e23ee9158e59e2b8915,Input Validity,Odometry,Odometry Rate,50,682.56
03d71b2cbf346e23ee9158e59e2b8915,Input Validity,TF,TF Rate,10,682.56
03d71b2cbf346e23ee9158e59e2b8915,Localization Quality,AMCLPose,CovYawYaw,0.00171474,682.6
03d71b2cbf346e23ee9158e59e2b8915,Localization Quality,AMCLPose,CovYY,0.00291566,682.6
03d71b2cbf346e23ee9158e59e2b8915,Localization Quality,AMCLPose,CovXX,0.00378294,682.6
03d71b2cbf346e23ee9158e59e2b8915,Localization Quality,AMCLPose,MeanYaw,2.58829,682.6
03d71b2cbf346e23ee9158e59e2b8915,Localization Quality,AMCLPose,MeanY,-1.74069,682.6
03d71b2cbf346e23ee9158e59e2b8915,Localization Quality,AMCLPose,MeanX,4.93503,682.6
03d71b2cbf346e23ee9158e59e2b8915,Localization Stability,TF,Jump Angular,-0.00168284,683.6
03d71b2cbf346e23ee9158e59e2b8915,Localization Stability,TF,Jump Linear,0.00981876,683.6
03d71b2cbf346e23ee9158e59e2b8915,Input Validity,Lidar,Lidar Rate,10,682.66
03d71b2cbf346e23ee9158e59e2b8915,Input Validity,Odometry,Odometry Rate,50,682.66
03d71b2cbf346e23ee9158e59e2b8915,Input Validity,TF,TF Rate,10,682.66
03d71b2cbf346e23ee9158e59e2b8915,Localization Stability,TF,Jump Angular,0,683.7
03d71b2cbf346e23ee9158e59e2b8915,Localization Stability,TF,Jump Linear,0,683.7
03d71b2cbf346e23ee9158e59e2b8915,Input Validity,Lidar,Lidar Rate,10,682.76
03d71b2cbf346e23ee9158e59e2b8915,Input Validity,Odometry,Odometry Rate,50,682.76
03d71b2cbf346e23ee9158e59e2b8915,Input Validity,TF,TF Rate,10,682.76
03d71b2cbf346e23ee9158e59e2b8915,Localization Quality,AMCLPose,CovYawYaw,0.00270516,682.8
03d71b2cbf346e23ee9158e59e2b8915,Localization Quality,AMCLPose,CovYY,0.0030992,682.8
03d71b2cbf346e23ee9158e59e2b8915,Localization Quality,AMCLPose,CovXX,0.00411812,682.8
03d71b2cbf346e23ee9158e59e2b8915,Localization Quality,AMCLPose,MeanYaw,2.52576,682.8
03d71b2cbf346e23ee9158e59e2b8915,Localization Quality,AMCLPose,MeanY,-1.68989,682.8
03d71b2cbf346e23ee9158e59e2b8915,Localization Quality,AMCLPose,MeanX,4.85901,682.8
03d71b2cbf346e23ee9158e59e2b8915,Localization Stability,TF,Jump Angular,0.00075805,683.8
03d71b2cbf346e23ee9158e59e2b8915,Localization Stability,TF,Jump Linear,0.00338239,683.8
03d71b2cbf346e23ee9158e59e2b8915,Input Validity,Lidar,Lidar Rate,10,682.86
03d71b2cbf346e23ee9158e59e2b8915,Input Validity,Odometry,Odometry Rate,50,682.86
03d71b2cbf346e23ee9158e59e2b8915,Input Validity,TF,TF Rate,10,682.86
03d71b2cbf346e23ee9158e59e2b8915,Localization Stability,TF,Jump Angular,0,683.9
03d71b2cbf346e23ee9158e59e2b8915,Localization Stability,TF,Jump Linear,0,683.9
03d71b2cbf346e23ee9158e59e2b8915,Input Validity,Lidar,Lidar Rate,10,682.96
03d71b2cbf346e23ee9158e59e2b8915,Input Validity,Odometry,Odometry Rate,50,682.96
03d71b2cbf346e23ee9158e59e2b8915,Input Validity,TF,TF Rate,10,682.96
03d71b2cbf346e23ee9158e59e2b8915,Localization Quality,AMCLPose,CovYawYaw,0.00361958,683
03d71b2cbf346e23ee9158e59e2b8915,Localization Quality,AMCLPose,CovYY,0.00343539,683
03d71b2cbf346e23ee9158e59e2b8915,Localization Quality,AMCLPose,CovXX,0.00457962,683
03d71b2cbf346e23ee9158e59e2b8915,Localization Quality,AMCLPose,MeanYaw,2.46899,683
03d71b2cbf346e23ee9158e59e2b8915,Localization Quality,AMCLPose,MeanY,-1.63542,683
03d71b2cbf346e23ee9158e59e2b8915,Localization Quality,AMCLPose,MeanX,4.78557,683
03d71b2cbf346e23ee9158e59e2b8915,Localization Stability,TF,Jump Angular,-0.000945395,684
03d71b2cbf346e23ee9158e59e2b8915,Localization Stability,TF,Jump Linear,0.00495639,684
03d71b2cbf346e23ee9158e59e2b8915,Input Validity,Lidar,Lidar Rate,10,683.06
03d71b2cbf346e23ee9158e59e2b8915,Input Validity,Odometry,Odometry Rate,50,683.06
03d71b2cbf346e23ee9158e59e2b8915,Input Validity,TF,TF Rate,10,683.06
03d71b2cbf346e23ee9158e59e2b8915,Localization Stability,TF,Jump Angular,0,684.1
03d71b2cbf346e23ee9158e59e2b8915,Localization Stability,TF,Jump Linear,0,684.1
03d71b2cbf346e23ee9158e59e2b8915,Input Validity,Lidar,Lidar Rate,10,683.16
03d71b2cbf346e23ee9158e59e2b8915,Input Validity,Odometry,Odometry Rate,50,683.16
03d71b2cbf346e23ee9158e59e2b8915,Input Validity,TF,TF Rate,10,683.16
03d71b2cbf346e23ee9158e59e2b8915,Localization Stability,TF,Jump Angular,0,684.2
03d71b2cbf346e23ee9158e59e2b8915,Localization Stability,TF,Jump Linear,0,684.2
03d71b2cbf346e23ee9158e59e2b8915,Input Validity,Lidar,Lidar Rate,10,683.26
03d71b2cbf346e23ee9158e59e2b8915,Input Validity,Odometry,Odometry Rate,50,683.26
03d71b2cbf346e23ee9158e59e2b8915,Input Validity,TF,TF Rate,10,683.26
03d71b2cbf346e23ee9158e59e2b8915,Localization Quality,AMCLPose,CovYawYaw,0.00532886,683.3
03d71b2cbf346e23ee9158e59e2b8915,Localization Quality,AMCLPose,CovYY,0.00380877,683.3
03d71b2cbf346e23ee9158e59e2b8915,Localization Quality,AMCLPose,CovXX,0.00542222,683.3
03d71b2cbf346e23ee9158e59e2b8915,Localization Quality,AMCLPose,MeanYaw,2.41475,683.3
03d71b2cbf346e23ee9158e59e2b8915,Localization Quality,AMCLPose,MeanY,-1.54971,683.3
03d71b2cbf346e23ee9158e59e2b8915,Localization Quality,AMCLPose,MeanX,4.68184,683.3
03d71b2cbf346e23ee9158e59e2b8915,Localization Stability,TF,Jump Angular,-0.000170591,684.3
03d71b2cbf346e23ee9158e59e2b8915,Localization Stability,TF,Jump Linear,0.00131282,684.3
03d71b2cbf346e23ee9158e59e2b8915,Input Validity,Lidar,Lidar Rate,10,683.36
03d71b2cbf346e23ee9158e59e2b8915,Input Validity,Odometry,Odometry Rate,50,683.36
03d71b2cbf346e23ee9158e59e2b8915,Input Validity,TF,TF Rate,10,683.36
03d71b2cbf346e23ee9158e59e2b8915,Localization Stability,TF,Jump Angular,0,684.4
03d71b2cbf346e23ee9158e59e2b8915,Localization Stability,TF,Jump Linear,0,684.4
03d71b2cbf346e23ee9158e59e2b8915,Input Validity,Lidar,Lidar Rate,10,683.46
03d71b2cbf346e23ee9158e59e2b8915,Input Validity,Odometry,Odometry Rate,50,683.46
03d71b2cbf346e23ee9158e59e2b8915,Input Validity,TF,TF Rate,10,683.46
03d71b2cbf346e23ee9158e59e2b8915,Localization Stability,TF,Jump Angular,0,684.5
03d71b2cbf346e23ee9158e59e2b8915,Localization Stability,TF,Jump Linear,0,684.5
03d71b2cbf346e23ee9158e59e2b8915,Input Validity,Lidar,Lidar Rate,10,683.56
03d71b2cbf346e23ee9158e59e2b8915,Input Validity,Odometry,Odometry Rate,50,683.56
03d71b2cbf346e23ee9158e59e2b8915,Input Validity,TF,TF Rate,10,683.56
03d71b2cbf346e23ee9158e59e2b8915,Localization Quality,AMCLPose,CovYawYaw,0.00733477,683.6
03d71b2cbf346e23ee9158e59e2b8915,Localization Quality,AMCLPose,CovYY,0.00443848,683.6
03d71b2cbf346e23ee9158e59e2b8915,Localization Quality,AMCLPose,CovXX,0.00643954,683.6
03d71b2cbf346e23ee9158e59e2b8915,Localization Quality,AMCLPose,MeanYaw,2.39547,683.6
03d71b2cbf346e23ee9158e59e2b8915,Localization Quality,AMCLPose,MeanY,-1.46005,683.6
03d71b2cbf346e23ee9158e59e2b8915,Localization Quality,AMCLPose,MeanX,4.57987,683.6
03d71b2cbf346e23ee9158e59e2b8915,Localization Stability,TF,Jump Angular,0.00212573,684.6
03d71b2cbf346e23ee9158e59e2b8915,Localization Stability,TF,Jump Linear,0.0118738,684.6
03d71b2cbf346e23ee9158e59e2b8915,Input Validity,Lidar,Lidar Rate,10,683.66
03d71b2cbf346e23ee9158e59e2b8915,Input Validity,Odometry,Odometry Rate,50,683.66
03d71b2cbf346e23ee9158e59e2b8915,Input Validity,TF,TF Rate,10,683.66
03d71b2cbf346e23ee9158e59e2b8915,Localization Stability,TF,Jump Angular,0,684.7
03d71b2cbf346e23ee9158e59e2b8915,Localization Stability,TF,Jump Linear,0,684.7
03d71b2cbf346e23ee9158e59e2b8915,Input Validity,Lidar,Lidar Rate,10,683.75
03d71b2cbf346e23ee9158e59e2b8915,Input Validity,Odometry,Odometry Rate,50,683.75
03d71b2cbf346e23ee9158e59e2b8915,Input Validity,TF,TF Rate,10,683.75
03d71b2cbf346e23ee9158e59e2b8915,Localization Stability,TF,Jump Angular,0,684.8
03d71b2cbf346e23ee9158e59e2b8915,Localization Stability,TF,Jump Linear,0,684.8
03d71b2cbf346e23ee9158e59e2b8915,Input Validity,Lidar,Lidar Rate,10,683.85
03d71b2cbf346e23ee9158e59e2b8915,Input Validity,Odometry,Odometry Rate,50,683.85
03d71b2cbf346e23ee9158e59e2b8915,Input Validity,TF,TF Rate,10,683.85
03d71b2cbf346e23ee9158e59e2b8915,Localization Quality,AMCLPose,CovYawYaw,0.00918657,683.9
03d71b2cbf346e23ee9158e59e2b8915,Localization Quality,AMCLPose,CovYY,0.00553115,683.9
03d71b2cbf346e23ee9158e59e2b8915,Localization Quality,AMCLPose,CovXX,0.00736561,683.9
03d71b2cbf346e23ee9158e59e2b8915,Localization Quality,AMCLPose,MeanYaw,2.37708,683.9
03d71b2cbf346e23ee9158e59e2b8915,Localization Quality,AMCLPose,MeanY,-1.36728,683.9
03d71b2cbf346e23ee9158e59e2b8915,Localization Quality,AMCLPose,MeanX,4.48099,683.9
03d71b2cbf346e23ee9158e59e2b8915,Localization Stability,TF,Jump Angular,-0.00119641,684.9
03d71b2cbf346e23ee9158e59e2b8915,Localization Stability,TF,Jump Linear,0.0056881,684.9
03d71b2cbf346e23ee9158e59e2b8915,Input Validity,Lidar,Lidar Rate,10,683.95
03d71b2cbf346e23ee9158e59e2b8915,Input Validity,Odometry,Odometry Rate,50,683.95
03d71b2cbf346e23ee9158e59e2b8915,Input Validity,TF,TF Rate,10,683.95
03d71b2cbf346e23ee9158e59e2b8915,Localization Stability,TF,Jump Angular,0,685
03d71b2cbf346e23ee9158e59e2b8915,Localization Stability,TF,Jump Linear,0,685
03d71b2cbf346e23ee9158e59e2b8915,Input Validity,Lidar,Lidar Rate,10,684.05
03d71b2cbf346e23ee9158e59e2b8915,Input Validity,Odometry,Odometry Rate,50,684.05
03d71b2cbf346e23ee9158e59e2b8915,Input Validity,TF,TF Rate,10,684.05
03d71b2cbf346e23ee9158e59e2b8915,Localization Stability,TF,Jump Angular,0,685.1
03d71b2cbf346e23ee9158e59e2b8915,Localization Stability,TF,Jump Linear,0,685.1
03d71b2cbf346e23ee9158e59e2b8915,Input Validity,Lidar,Lidar Rate,10,684.15
03d71b2cbf346e23ee9158e59e2b8915,Input Validity,Odometry,Odometry Rate,50,684.15
03d71b2cbf346e23ee9158e59e2b8915,Input Validity,TF,TF Rate,10,684.15
03d71b2cbf346e23ee9158e59e2b8915,Localization Quality,AMCLPose,CovYawYaw,0.0110736,684.2
03d71b2cbf346e23ee9158e59e2b8915,Localization Quality,AMCLPose,CovYY,0.00655122,684.2
03d71b2cbf346e23ee9158e59e2b8915,Localization Quality,AMCLPose,CovXX,0.00841987,684.2
03d71b2cbf346e23ee9158e59e2b8915,Localization Quality,AMCLPose,MeanYaw,2.37058,684.2
03d71b2cbf346e23ee9158e59e2b8915,Localization Quality,AMCLPose,MeanY,-1.27779,684.2
03d71b2cbf346e23ee9158e59e2b8915,Localization Quality,AMCLPose,MeanX,4.38617,684.2
03d71b2cbf346e23ee9158e59e2b8915,Localization Stability,TF,Jump Angular,0.00389524,685.2
03d71b2cbf346e23ee9158e59e2b8915,Localization Stability,TF,Jump Linear,0.0218307,685.2
03d71b2cbf346e23ee9158e59e2b8915,Input Validity,Lidar,Lidar Rate,10,684.25
03d71b2cbf346e23ee9158e59e2b8915,Input Validity,Odometry,Odometry Rate,50,684.25
03d71b2cbf346e23ee9158e59e2b8915,Input Validity,TF,TF Rate,10,684.25
03d71b2cbf346e23ee9158e59e2b8915,Localization Stability,TF,Jump Angular,0,685.3
03d71b2cbf346e23ee9158e59e2b8915,Localization Stability,TF,Jump Linear,0,685.3
03d71b2cbf346e23ee9158e59e2b8915,Input Validity,Lidar,Lidar Rate,10,684.35
03d71b2cbf346e23ee9158e59e2b8915,Input Validity,Odometry,Odometry Rate,50,684.35
03d71b2cbf346e23ee9158e59e2b8915,Input Validity,TF,TF Rate,10,684.35
03d71b2cbf346e23ee9158e59e2b8915,Localization Stability,TF,Jump Angular,0,685.4
03d71b2cbf346e23ee9158e59e2b8915,Localization Stability,TF,Jump Linear,0,685.4
03d71b2cbf346e23ee9158e59e2b8915,Input Validity,Lidar,Lidar Rate,10,684.45
03d71b2cbf346e23ee9158e59e2b8915,Input Validity,Odometry,Odometry Rate,50,684.45
03d71b2cbf346e23ee9158e59e2b8915,Input Validity,TF,TF Rate,10,684.45
03d71b2cbf346e23ee9158e59e2b8915,Localization Quality,AMCLPose,CovYawYaw,0.0122789,684.5
03d71b2cbf346e23ee9158e59e2b8915,Localization Quality,AMCLPose,CovYY,0.00793372,684.5
03d71b2cbf346e23ee9158e59e2b8915,Localization Quality,AMCLPose,CovXX,0.00909228,684.5
03d71b2cbf346e23ee9158e59e2b8915,Localization Quality,AMCLPose,MeanYaw,2.37125,684.5
03d71b2cbf346e23ee9158e59e2b8915,Localization Quality,AMCLPose,MeanY,-1.18586,684.5
03d71b2cbf346e23ee9158e59e2b8915,Localization Quality,AMCLPose,MeanX,4.29235,684.5
03d71b2cbf346e23ee9158e59e2b8915,Localization Stability,TF,Jump Angular,-0.000608159,685.5
03d71b2cbf346e23ee9158e59e2b8915,Localization Stability,TF,Jump Linear,0.00368296,685.5
03d71b2cbf346e23ee9158e59e2b8915,Input Validity,Lidar,Lidar Rate,10,684.55
03d71b2cbf346e23ee9158e59e2b8915,Input Validity,Odometry,Odometry Rate,50,684.55
03d71b2cbf346e23ee9158e59e2b8915,Input Validity,TF,TF Rate,10,684.55
03d71b2cbf346e23ee9158e59e2b8915,Localization Stability,TF,Jump Angular,0,685.6
03d71b2cbf346e23ee9158e59e2b8915,Localization Stability,TF,Jump Linear,0,685.6
03d71b2cbf346e23ee9158e59e2b8915,Input Validity,Lidar,Lidar Rate,10,684.65
03d71b2cbf346e23ee9158e59e2b8915,Input Validity,Odometry,Odometry Rate,50,684.65
03d71b2cbf346e23ee9158e59e2b8915,Input Validity,TF,TF Rate,10,684.65
03d71b2cbf346e23ee9158e59e2b8915,Localization Stability,TF,Jump Angular,0,685.7
03d71b2cbf346e23ee9158e59e2b8915,Localization Stability,TF,Jump Linear,0,685.7
03d71b2cbf346e23ee9158e59e2b8915,Input Validity,Lidar,Lidar Rate,10,684.75
03d71b2cbf346e23ee9158e59e2b8915,Input Validity,Odometry,Odometry Rate,50,684.75
03d71b2cbf346e23ee9158e59e2b8915,Input Validity,TF,TF Rate,10,684.75
03d71b2cbf346e23ee9158e59e2b8915,Localization Quality,AMCLPose,CovYawYaw,0.0137948,684.8
03d71b2cbf346e23ee9158e59e2b8915,Localization Quality,AMCLPose,CovYY,0.00879437,684.8
03d71b2cbf346e23ee9158e59e2b8915,Localization Quality,AMCLPose,CovXX,0.0106865,684.8
03d71b2cbf346e23ee9158e59e2b8915,Localization Quality,AMCLPose,MeanYaw,2.36871,684.8
03d71b2cbf346e23ee9158e59e2b8915,Localization Quality,AMCLPose,MeanY,-1.09118,684.8
03d71b2cbf346e23ee9158e59e2b8915,Localization Quality,AMCLPose,MeanX,4.19561,684.8
03d71b2cbf346e23ee9158e59e2b8915,Localization Stability,TF,Jump Angular,-0.00173711,685.8
03d71b2cbf346e23ee9158e59e2b8915,Localization Stability,TF,Jump Linear,0.00812464,685.8
03d71b2cbf346e23ee9158e59e2b8915,Input Validity,Lidar,Lidar Rate,10,684.85
03d71b2cbf346e23ee9158e59e2b8915,Input Validity,Odometry,Odometry Rate,50,684.85
03d71b2cbf346e23ee9158e59e2b8915,Input Validity,TF,TF Rate,10,684.85
03d71b2cbf346e23ee9158e59e2b8915,Localization Stability,TF,Jump Angular,0,685.9
03d71b2cbf346e23ee9158e59e2b8915,Localization Stability,TF,Jump Linear,0,685.9
03d71b2cbf346e23ee9158e59e2b8915,Input Validity,Lidar,Lidar Rate,10,684.95
03d71b2cbf346e23ee9158e59e2b8915,Input Validity,Odometry,Odometry Rate,50,684.95
03d71b2cbf346e23ee9158e59e2b8915,Input Validity,TF,TF Rate,10,684.95
03d71b2cbf346e23ee9158e59e2b8915,Localization Stability,TF,Jump Angular,0,686
03d71b2cbf346e23ee9158e59e2b8915,Localization Stability,TF,Jump Linear,0,686
03d71b2cbf346e23ee9158e59e2b8915,Input Validity,Lidar,Lidar Rate,10,685.05
03d71b2cbf346e23ee9158e59e2b8915,Input Validity,Odometry,Odometry Rate,50,685.05
03d71b2cbf346e23ee9158e59e2b8915,Input Validity,TF,TF Rate,10,685.05
03d71b2cbf346e23ee9158e59e2b8915,Localization Quality,AMCLPose,CovYawYaw,0.0156972,685.1
03d71b2cbf346e23ee9158e59e2b8915,Localization Quality,AMCLPose,CovYY,0.0104413,685.1
03d71b2cbf346e23ee9158e59e2b8915,Localization Quality,AMCLPose,CovXX,0.0127356,685.1
03d71b2cbf346e23ee9158e59e2b8915,Localization Quality,AMCLPose,MeanYaw,2.36874,685.1
03d71b2cbf346e23ee9158e59e2b8915,Localization Quality,AMCLPose,MeanY,-0.996972,685.1
03d71b2cbf346e23ee9158e59e2b8915,Localization Quality,AMCLPose,MeanX,4.09889,685.1
03d71b2cbf346e23ee9158e59e2b8915,Localization Stability,TF,Jump Angular,0.000399019,686.1
03d71b2cbf346e23ee9158e59e2b8915,Localization Stability,TF,Jump Linear,0.0017753,686.1
03d71b2cbf346e23ee9158e59e2b8915,Input Validity,Lidar,Lidar Rate,10,685.15
03d71b2cbf346e23ee9158e59e2b8915,Input Validity,Odometry,Odometry Rate,50,685.15
03d71b2cbf346e23ee9158e59e2b8915,Input Validity,TF,TF Rate,10,685.15
03d71b2cbf346e23ee9158e59e2b8915,Localization Stability,TF,Jump Angular,0,686.2
03d71b2cbf346e23ee9158e59e2b8915,Localization Stability,TF,Jump Linear,0,686.2
03d71b2cbf346e23ee9158e59e2b8915,Input Validity,Lidar,Lidar Rate,10,685.25
03d71b2cbf346e23ee9158e59e2b8915,Input Validity,Odometry,Odometry Rate,50,685.25
03d71b2cbf346e23ee9158e59e2b8915,Input Validity,TF,TF Rate,10,685.25
03d71b2cbf346e23ee9158e59e2b8915,Localization Stability,TF,Jump Angular,0,686.3
03d71b2cbf346e23ee9158e59e2b8915,Localization Stability,TF,Jump Linear,0,686.3
03d71b2cbf346e23ee9158e59e2b8915,Input Validity,Lidar,Lidar Rate,10,685.35
03d71b2cbf346e23ee9158e59e2b8915,Input Validity,Odometry,Odometry Rate,50,685.35
03d71b2cbf346e23ee9158e59e2b8915,Input Validity,TF,TF Rate,10,685.35
03d71b2cbf346e23ee9158e59e2b8915,Localization Quality,AMCLPose,CovYawYaw,0.0183555,685.4
03d71b2cbf346e23ee9158e59e2b8915,Localization Quality,AMCLPose,CovYY,0.012706,685.4
03d71b2cbf346e23ee9158e59e2b8915,Localization Quality,AMCLPose,CovXX,0.0150563,685.4
03d71b2cbf346e23ee9158e59e2b8915,Localization Quality,AMCLPose,MeanYaw,2.41592,685.4
03d71b2cbf346e23ee9158e59e2b8915,Localization Quality,AMCLPose,MeanY,-0.903335,685.4
03d71b2cbf346e23ee9158e59e2b8915,Localization Quality,AMCLPose,MeanX,4.00319,685.4
03d71b2cbf346e23ee9158e59e2b8915,Localization Stability,TF,Jump Angular,-0.00348242,686.4
03d71b2cbf346e23ee9158e59e2b8915,Localization Stability,TF,Jump Linear,0.0154559,686.4
03d71b2cbf346e23ee9158e59e2b8915,Input Validity,Lidar,Lidar Rate,10,685.45
03d71b2cbf346e23ee9158e59e2b8915,Input Validity,Odometry,Odometry Rate,50,685.45
03d71b2cbf346e23ee9158e59e2b8915,Input Validity,TF,TF Rate,10,685.45
03d71b2cbf346e23ee9158e59e2b8915,Localization Stability,TF,Jump Angular,0,686.5
03d71b2cbf346e23ee9158e59e2b8915,Localization Stability,TF,Jump Linear,0,686.5
03d71b2cbf346e23ee9158e59e2b8915,Input Validity,Lidar,Lidar Rate,10,685.55
03d71b2cbf346e23ee9158e59e2b8915,Input Validity,Odometry,Odometry Rate,50,685.55
03d71b2cbf346e23ee9158e59e2b8915,Input Validity,TF,TF Rate,10,685.55
03d71b2cbf346e23ee9158e59e2b8915,Localization Quality,AMCLPose,CovYawYaw,0.0190575,685.6
03d71b2cbf346e23ee9158e59e2b8915,Localization Quality,AMCLPose,CovYY,0.0143709,685.6
03d71b2cbf346e23ee9158e59e2b8915,Localization Quality,AMCLPose,CovXX,0.0160815,685.6
03d71b2cbf346e23ee9158e59e2b8915,Localization Quality,AMCLPose,MeanYaw,2.46416,685.6
03d71b2cbf346e23ee9158e59e2b8915,Localization Quality,AMCLPose,MeanY,-0.846323,685.6
03d71b2cbf346e23ee9158e59e2b8915,Localization Quality,AMCLPose,MeanX,3.93777,685.6
03d71b2cbf346e23ee9158e59e2b8915,Localization Stability,TF,Jump Angular,-0.00227077,686.6
03d71b2cbf346e23ee9158e59e2b8915,Localization Stability,TF,Jump Linear,0.00937788,686.6
03d71b2cbf346e23ee9158e59e2b8915,Input Validity,Lidar,Lidar Rate,10,685.65
03d71b2cbf346e23ee9158e59e2b8915,Input Validity,Odometry,Odometry Rate,50,685.65
03d71b2cbf346e23ee9158e59e2b8915,Input Validity,TF,TF Rate,10,685.65
03d71b2cbf346e23ee9158e59e2b8915,Localization Stability,TF,Jump Angular,0,686.7
03d71b2cbf346e23ee9158e59e2b8915,Localization Stability,TF,Jump Linear,0,686.7
03d71b2cbf346e23ee9158e59e2b8915,Input Validity,Lidar,Lidar Rate,10,685.75
03d71b2cbf346e23ee9158e59e2b8915,Input Validity,Odometry,Odometry Rate,50,685.75
03d71b2cbf346e23ee9158e59e2b8915,Input Validity,TF,TF Rate,10,685.75
03d71b2cbf346e23ee9158e59e2b8915,Localization Stability,TF,Jump Angular,0,686.8
03d71b2cbf346e23ee9158e59e2b8915,Localization Stability,TF,Jump Linear,0,686.8
03d71b2cbf346e23ee9158e59e2b8915,Input Validity,Lidar,Lidar Rate,10,685.85
03d71b2cbf346e23ee9158e59e2b8915,Input Validity,Odometry,Odometry Rate,50,685.85
03d71b2cbf346e23ee9158e59e2b8915,Input Validity,TF,TF Rate,10,685.85
03d71b2cbf346e23ee9158e59e2b8915,Localization Quality,AMCLPose,CovYawYaw,0.0195522,685.9
03d71b2cbf346e23ee9158e59e2b8915,Localization Quality,AMCLPose,CovYY,0.0163649,685.9
03d71b2cbf346e23ee9158e59e2b8915,Localization Quality,AMCLPose,CovXX,0.0178866,685.9
03d71b2cbf346e23ee9158e59e2b8915,Localization Quality,AMCLPose,MeanYaw,2.51881,685.9
03d71b2cbf346e23ee9158e59e2b8915,Localization Quality,AMCLPose,MeanY,-0.763548,685.9
03d71b2cbf346e23ee9158e59e2b8915,Localization Quality,AMCLPose,MeanX,3.82992,685.9
03d71b2cbf346e23ee9158e59e2b8915,Localization Stability,TF,Jump Angular,0.0011925,686.9
03d71b2cbf346e23ee9158e59e2b8915,Localization Stability,TF,Jump Linear,0.00348287,686.9
03d71b2cbf346e23ee9158e59e2b8915,Input Validity,Lidar,Lidar Rate,10,685.95
03d71b2cbf346e23ee9158e59e2b8915,Input Validity,Odometry,Odometry Rate,50,685.95
03d71b2cbf346e23ee9158e59e2b8915,Input Validity,TF,TF Rate,10,685.95
03d71b2cbf346e23ee9158e59e2b8915,Localization Stability,TF,Jump Angular,0,687
03d71b2cbf346e23ee9158e59e2b8915,Localization Stability,TF,Jump Linear,0,687
03d71b2cbf346e23ee9158e59e2b8915,Input Validity,Lidar,Lidar Rate,10,686.05
03d71b2cbf346e23ee9158e59e2b8915,Input Validity,Odometry,Odometry Rate,50,686.05
03d71b2cbf346e23ee9158e59e2b8915,Input Validity,TF,TF Rate,10,686.05
03d71b2cbf346e23ee9158e59e2b8915,Localization Stability,TF,Jump Angular,0,687.1
03d71b2cbf346e23ee9158e59e2b8915,Localization Stability,TF,Jump Linear,0,687.1
03d71b2cbf346e23ee9158e59e2b8915,Input Validity,Lidar,Lidar Rate,10,686.15
03d71b2cbf346e23ee9158e59e2b8915,Input Validity,Odometry,Odometry Rate,50,686.15
03d71b2cbf346e23ee9158e59e2b8915,Input Validity,TF,TF Rate,10,686.15
03d71b2cbf346e23ee9158e59e2b8915,Localization Quality,AMCLPose,CovYawYaw,0.0215939,686.2
03d71b2cbf346e23ee9158e59e2b8915,Localization Quality,AMCLPose,CovYY,0.0199732,686.2
03d71b2cbf346e23ee9158e59e2b8915,Localization Quality,AMCLPose,CovXX,0.0210885,686.2
03d71b2cbf346e23ee9158e59e2b8915,Localization Quality,AMCLPose,MeanYaw,2.54772,686.2
03d71b2cbf346e23ee9158e59e2b8915,Localization Quality,AMCLPose,MeanY,-0.684083,686.2
03d71b2cbf346e23ee9158e59e2b8915,Localization Quality,AMCLPose,MeanX,3.72021,686.2
03d71b2cbf346e23ee9158e59e2b8915,Localization Stability,TF,Jump Angular,-0.00245991,687.2
03d71b2cbf346e23ee9158e59e2b8915,Localization Stability,TF,Jump Linear,0.0120404,687.2
03d71b2cbf346e23ee9158e59e2b8915,Input Validity,Lidar,Lidar Rate,10,686.24
03d71b2cbf346e23ee9158e59e2b8915,Input Validity,Odometry,Odometry Rate,50,686.24
03d71b2cbf346e23ee9158e59e2b8915,Input Validity,TF,TF Rate,10,686.24
03d71b2cbf346e23ee9158e59e2b8915,Localization Stability,TF,Jump Angular,0,687.3
03d71b2cbf346e23ee9158e59e2b8915,Localization Stability,TF,Jump Linear,0,687.3
03d71b2cbf346e23ee9158e59e2b8915,Input Validity,Lidar,Lidar Rate,10,686.34
03d71b2cbf346e23ee9158e59e2b8915,Input Validity,Odometry,Odometry Rate,50,686.34
03d71b2cbf346e23ee9158e59e2b8915,Input Validity,TF,TF Rate,10,686.34
03d71b2cbf346e23ee9158e59e2b8915,Localization Stability,TF,Jump Angular,0,687.4
03d71b2cbf346e23ee9158e59e2b8915,Localization Stability,TF,Jump Linear,0,687.4
03d71b2cbf346e23ee9158e59e2b8915,Input Validity,Lidar,Lidar Rate,10,686.44
03d71b2cbf346e23ee9158e59e2b8915,Input Validity,Odometry,Odometry Rate,50,686.44
03d71b2cbf346e23ee9158e59e2b8915,Input Validity,TF,TF Rate,10,686.44
03d71b2cbf346e23ee9158e59e2b8915,Localization Quality,AMCLPose,CovYawYaw,0.0175331,686.5
03d71b2cbf346e23ee9158e59e2b8915,Localization Quality,AMCLPose,CovYY,0.0219697,686.5
03d71b2cbf346e23ee9158e59e2b8915,Localization Quality,AMCLPose,CovXX,0.0181285,686.5
03d71b2cbf346e23ee9158e59e2b8915,Localization Quality,AMCLPose,MeanYaw,2.5931,686.5
03d71b2cbf346e23ee9158e59e2b8915,Localization Quality,AMCLPose,MeanY,-0.60525,686.5
03d71b2cbf346e23ee9158e59e2b8915,Localization Quality,AMCLPose,MeanX,3.61637,686.5
03d71b2cbf346e23ee9158e59e2b8915,Localization Stability,TF,Jump Angular,-0.00845847,687.5
03d71b2cbf346e23ee9158e59e2b8915,Localization Stability,TF,Jump Linear,0.0394006,687.5
03d71b2cbf346e23ee9158e59e2b8915,Input Validity,Lidar,Lidar Rate,10,686.54
03d71b2cbf346e23ee9158e59e2b8915,Input Validity,Odometry,Odometry Rate,50,686.54
03d71b2cbf346e23ee9158e59e2b8915,Input Validity,TF,TF Rate,10,686.54
03d71b2cbf346e23ee9158e59e2b8915,Localization Stability,TF,Jump Angular,0,687.6
03d71b2cbf346e23ee9158e59e2b8915,Localization Stability,TF,Jump Linear,0,687.6
03d71b2cbf346e23ee9158e59e2b8915,Input Validity,Lidar,Lidar Rate,10,686.64
03d71b2cbf346e23ee9158e59e2b8915,Input Validity,Odometry,Odometry Rate,50,686.64
03d71b2cbf346e23ee9158e59e2b8915,Input Validity,TF,TF Rate,10,686.64
03d71b2cbf346e23ee9158e59e2b8915,Localization Stability,TF,Jump Angular,0,687.7
03d71b2cbf346e23ee9158e59e2b8915,Localization Stability,TF,Jump Linear,0,687.7
03d71b2cbf346e23ee9158e59e2b8915,Input Validity,Lidar,Lidar Rate,10,686.74
03d71b2cbf346e23ee9158e59e2b8915,Input Validity,Odometry,Odometry Rate,50,686.74
03d71b2cbf346e23ee9158e59e2b8915,Input Validity,TF,TF Rate,10,686.74
03d71b2cbf346e23ee9158e59e2b8915,Localization Quality,AMCLPose,CovYawYaw,0.0135989,686.8
03d71b2cbf346e23ee9158e59e2b8915,Localization Quality,AMCLPose,CovYY,0.0219055,686.8
03d71b2cbf346e23ee9158e59e2b8915,Localization Quality,AMCLPose,CovXX,0.0142357,686.8
03d71b2cbf346e23ee9158e59e2b8915,Localization Quality,AMCLPose,MeanYaw,2.62125,686.8
03d71b2cbf346e23ee9158e59e2b8915,Localization Quality,AMCLPose,MeanY,-0.530839,686.8
03d71b2cbf346e23ee9158e59e2b8915,Localization Quality,AMCLPose,MeanX,3.50824,686.8
03d71b2cbf346e23ee9158e59e2b8915,Localization Stability,TF,Jump Angular,-0.00767257,687.8
03d71b2cbf346e23ee9158e59e2b8915,Localization Stability,TF,Jump Linear,0.0348749,687.8
03d71b2cbf346e23ee9158e59e2b8915,Input Validity,Lidar,Lidar Rate,10,686.84
03d71b2cbf346e23ee9158e59e2b8915,Input Validity,Odometry,Odometry Rate,50,686.84
03d71b2cbf346e23ee9158e59e2b8915,Input Validity,TF,TF Rate,10,686.84
03d71b2cbf346e23ee9158e59e2b8915,Localization Stability,TF,Jump Angular,0,687.9
03d71b2cbf346e23ee9158e59e2b8915,Localization Stability,TF,Jump Linear,0,687.9
03d71b2cbf346e23ee9158e59e2b8915,Input Validity,Lidar,Lidar Rate,10,686.94
03d71b2cbf346e23ee9158e59e2b8915,Input Validity,Odometry,Odometry Rate,50,686.94
03d71b2cbf346e23ee9158e59e2b8915,Input Validity,TF,TF Rate,10,686.94
03d71b2cbf346e23ee9158e59e2b8915,Localization Stability,TF,Jump Angular,0,688
03d71b2cbf346e23ee9158e59e2b8915,Localization Stability,TF,Jump Linear,0,688
03d71b2cbf346e23ee9158e59e2b8915,Input Validity,Lidar,Lidar Rate,10,687.04
03d71b2cbf346e23ee9158e59e2b8915,Input Validity,Odometry,Odometry Rate,50,687.04
03d71b2cbf346e23ee9158e59e2b8915,Input Validity,TF,TF Rate,10,687.04
03d71b2cbf346e23ee9158e59e2b8915,Localization Quality,AMCLPose,CovYawYaw,0.00965256,687.1
03d71b2cbf346e23ee9158e59e2b8915,Localization Quality,AMCLPose,CovYY,0.0200615,687.1
03d71b2cbf346e23ee9158e59e2b8915,Localization Quality,AMCLPose,CovXX,0.0117291,687.1
03d71b2cbf346e23ee9158e59e2b8915,Localization Quality,AMCLPose,MeanYaw,2.64496,687.1
03d71b2cbf346e23ee9158e59e2b8915,Localization Quality,AMCLPose,MeanY,-0.45637,687.1
03d71b2cbf346e23ee9158e59e2b8915,Localization Quality,AMCLPose,MeanX,3.39586,687.1
03d71b2cbf346e23ee9158e59e2b8915,Localization Stability,TF,Jump Angular,0.000484965,688.1
03d71b2cbf346e23ee9158e59e2b8915,Localization Stability,TF,Jump Linear,0.00897208,688.1
03d71b2cbf346e23ee9158e59e2b8915,Input Validity,Lidar,Lidar Rate,10,687.14
03d71b2cbf346e23ee9158e59e2b8915,Input Validity,Odometry,Odometry Rate,50,687.14
03d71b2cbf346e23ee9158e59e2b8915,Input Validity,TF,TF Rate,10,687.14
03d71b2cbf346e23ee9158e59e2b8915,Localization Stability,TF,Jump Angular,0,688.2
03d71b2cbf346e23ee9158e59e2b8915,Localization Stability,TF,Jump Linear,0,688.2
03d71b2cbf346e23ee9158e59e2b8915,Input Validity,Lidar,Lidar Rate,10,687.24
03d71b2cbf346e23ee9158e59e2b8915,Input Validity,Odometry,Odometry Rate,50,687.24
03d71b2cbf346e23ee9158e59e2b8915,Input Validity,TF,TF Rate,10,687.24
03d71b2cbf346e23ee9158e59e2b8915,Localization Stability,TF,Jump Angular,0,688.3
03d71b2cbf346e23ee9158e59e2b8915,Localization Stability,TF,Jump Linear,0,688.3
03d71b2cbf346e23ee9158e59e2b8915,Input Validity,Lidar,Lidar Rate,10,687.34
03d71b2cbf346e23ee9158e59e2b8915,Input Validity,Odometry,Odometry Rate,50,687.34
03d71b2cbf346e23ee9158e59e2b8915,Input Validity,TF,TF Rate,10,687.34
03d71b2cbf346e23ee9158e59e2b8915,Localization Quality,AMCLPose,CovYawYaw,0.00799785,687.4
03d71b2cbf346e23ee9158e59e2b8915,Localization Quality,AMCLPose,CovYY,0.0200237,687.4
03d71b2cbf346e23ee9158e59e2b8915,Localization Quality,AMCLPose,CovXX,0.0102867,687.4
03d71b2cbf346e23ee9158e59e2b8915,Localization Quality,AMCLPose,MeanYaw,2.66271,687.4
03d71b2cbf346e23ee9158e59e2b8915,Localization Quality,AMCLPose,MeanY,-0.393918,687.4
03d71b2cbf346e23ee9158e59e2b8915,Localization Quality,AMCLPose,MeanX,3.27617,687.4
03d71b2cbf346e23ee9158e59e2b8915,Localization Stability,TF,Jump Angular,0.00302265,688.4
03d71b2cbf346e23ee9158e59e2b8915,Localization Stability,TF,Jump Linear,0.010729,688.4
03d71b2cbf346e23ee9158e59e2b8915,Input Validity,Lidar,Lidar Rate,10,687.44
03d71b2cbf346e23ee9158e59e2b8915,Input Validity,Odometry,Odometry Rate,50,687.44
03d71b2cbf346e23ee9158e59e2b8915,Input Validity,TF,TF Rate,10,687.44
03d71b2cbf346e23ee9158e59e2b8915,Localization Stability,TF,Jump Angular,0,688.5
03d71b2cbf346e23ee9158e59e2b8915,Localization Stability,TF,Jump Linear,0,688.5
03d71b2cbf346e23ee9158e59e2b8915,Input Validity,Lidar,Lidar Rate,10,687.54
03d71b2cbf346e23ee9158e59e2b8915,Input Validity,Odometry,Odometry Rate,50,687.54
03d71b2cbf346e23ee9158e59e2b8915,Input Validity,TF,TF Rate,10,687.54
03d71b2cbf346e23ee9158e59e2b8915,Localization Stability,TF,Jump Angular,0,688.6
03d71b2cbf346e23ee9158e59e2b8915,Localization Stability,TF,Jump Linear,0,688.6
03d71b2cbf346e23ee9158e59e2b8915,Input Validity,Lidar,Lidar Rate,10,687.64
03d71b2cbf346e23ee9158e59e2b8915,Input Validity,Odometry,Odometry Rate,50,687.64
03d71b2cbf346e23ee9158e59e2b8915,Input Validity,TF,TF Rate,10,687.64
03d71b2cbf346e23ee9158e59e2b8915,Localization Quality,AMCLPose,CovYawYaw,0.00620252,687.7
03d71b2cbf346e23ee9158e59e2b8915,Localization Quality,AMCLPose,CovYY,0.0200733,687.7
03d71b2cbf346e23ee9158e59e2b8915,Localization Quality,AMCLPose,CovXX,0.00813284,687.7
03d71b2cbf346e23ee9158e59e2b8915,Localization Quality,AMCLPose,MeanYaw,2.68903,687.7
03d71b2cbf346e23ee9158e59e2b8915,Localization Quality,AMCLPose,MeanY,-0.330993,687.7
03d71b2cbf346e23ee9158e59e2b8915,Localization Quality,AMCLPose,MeanX,3.15252,687.7
03d71b2cbf346e23ee9158e59e2b8915,Localization Stability,TF,Jump Angular,0.0014503,688.7
03d71b2cbf346e23ee9158e59e2b8915,Localization Stability,TF,Jump Linear,0.00428624,688.7
03d71b2cbf346e23ee9158e59e2b8915,Input Validity,Lidar,Lidar Rate,10,687.74
03d71b2cbf346e23ee9158e59e2b8915,Input Validity,Odometry,Odometry Rate,50,687.74
03d71b2cbf346e23ee9158e59e2b8915,Input Validity,TF,TF Rate,10,687.74
03d71b2cbf346e23ee9158e59e2b8915,Localization Stability,TF,Jump Angular,0,688.8
03d71b2cbf346e23ee9158e59e2b8915,Localization Stability,TF,Jump Linear,0,688.8
03d71b2cbf346e23ee9158e59e2b8915,Input Validity,Lidar,Lidar Rate,10,687.84
03d71b2cbf346e23ee9158e59e2b8915,Input Validity,Odometry,Odometry Rate,50,687.84
03d71b2cbf346e23ee9158e59e2b8915,Input Validity,TF,TF Rate,10,687.84
03d71b2cbf346e23ee9158e59e2b8915,Localization Stability,TF,Jump Angular,0,688.9
03d71b2cbf346e23ee9158e59e2b8915,Localization Stability,TF,Jump Linear,0,688.9
03d71b2cbf346e23ee9158e59e2b8915,Input Validity,Lidar,Lidar Rate,10,687.94
03d71b2cbf346e23ee9158e59e2b8915,Input Validity,Odometry,Odometry Rate,50,687.94
03d71b2cbf346e23ee9158e59e2b8915,Input Validity,TF,TF Rate,10,687.94
03d71b2cbf346e23ee9158e59e2b8915,Localization Quality,AMCLPose,CovYawYaw,0.00516177,688
03d71b2cbf346e23ee9158e59e2b8915,Localization Quality,AMCLPose,CovYY,0.0188276,688
03d71b2cbf346e23ee9158e59e2b8915,Localization Quality,AMCLPose,CovXX,0.00706607,688
03d71b2cbf346e23ee9158e59e2b8915,Localization Quality,AMCLPose,MeanYaw,2.73489,688
03d71b2cbf346e23ee9158e59e2b8915,Localization Quality,AMCLPose,MeanY,-0.272741,688
03d71b2cbf346e23ee9158e59e2b8915,Localization Quality,AMCLPose,MeanX,3.03209,688
03d71b2cbf346e23ee9158e59e2b8915,Localization Stability,TF,Jump Angular,0.00120546,689
03d71b2cbf346e23ee9158e59e2b8915,Localization Stability,TF,Jump Linear,0.0027556,689
03d71b2cbf346e23ee9158e59e2b8915,Input Validity,Lidar,Lidar Rate,10,688.04
03d71b2cbf346e23ee9158e59e2b8915,Input Validity,Odometry,Odometry Rate,50,688.04
03d71b2cbf346e23ee9158e59e2b8915,Input Validity,TF,TF Rate,10,688.04
03d71b2cbf346e23ee9158e59e2b8915,Localization Stability,TF,Jump Angular,0,689.1
03d71b2cbf346e23ee9158e59e2b8915,Localization Stability,TF,Jump Linear,0,689.1
03d71b2cbf346e23ee9158e59e2b8915,Input Validity,Lidar,Lidar Rate,10,688.14
03d71b2cbf346e23ee9158e59e2b8915,Input Validity,Odometry,Odometry Rate,50,688.14
03d71b2cbf346e23ee9158e59e2b8915,Input Validity,TF,TF Rate,10,688.14
03d71b2cbf346e23ee9158e59e2b8915,Localization Stability,TF,Jump Angular,0,689.2
03d71b2cbf346e23ee9158e59e2b8915,Localization Stability,TF,Jump Linear,0,689.2
03d71b2cbf346e23ee9158e59e2b8915,Input Validity,Lidar,Lidar Rate,10,688.24
03d71b2cbf346e23ee9158e59e2b8915,Input Validity,Odometry,Odometry Rate,50,688.24
03d71b2cbf346e23ee9158e59e2b8915,Input Validity,TF,TF Rate,10,688.24
03d71b2cbf346e23ee9158e59e2b8915,Input Validity,Lidar,Lidar Rate,10,688.34
03d71b2cbf346e23ee9158e59e2b8915,Input Validity,Odometry,Odometry Rate,50,688.34
03d71b2cbf346e23ee9158e59e2b8915,Input Validity,TF,TF Rate,10,688.34
03d71b2cbf346e23ee9158e59e2b8915,Localization Quality,AMCLPose,CovYawYaw,0.00460599,688.3
03d71b2cbf346e23ee9158e59e2b8915,Localization Quality,AMCLPose,CovYY,0.0149546,688.3
03d71b2cbf346e23ee9158e59e2b8915,Localization Quality,AMCLPose,CovXX,0.00704383,688.3
03d71b2cbf346e23ee9158e59e2b8915,Localization Quality,AMCLPose,MeanYaw,2.80106,688.3
03d71b2cbf346e23ee9158e59e2b8915,Localization Quality,AMCLPose,MeanY,-0.235925,688.3
03d71b2cbf346e23ee9158e59e2b8915,Localization Quality,AMCLPose,MeanX,2.89807,688.3
03d71b2cbf346e23ee9158e59e2b8915,Localization Stability,TF,Jump Angular,0.00928576,689.3
03d71b2cbf346e23ee9158e59e2b8915,Localization Stability,TF,Jump Linear,0.0409096,689.3
03d71b2cbf346e23ee9158e59e2b8915,Localization Stability,TF,Jump Angular,0,689.4
03d71b2cbf346e23ee9158e59e2b8915,Localization Stability,TF,Jump Linear,0,689.4
03d71b2cbf346e23ee9158e59e2b8915,Input Validity,Lidar,Lidar Rate,10,688.44
03d71b2cbf346e23ee9158e59e2b8915,Input Validity,Odometry,Odometry Rate,50,688.44
03d71b2cbf346e23ee9158e59e2b8915,Input Validity,TF,TF Rate,10,688.44
03d71b2cbf346e23ee9158e59e2b8915,Localization Stability,TF,Jump Angular,0,689.5
03d71b2cbf346e23ee9158e59e2b8915,Localization Stability,TF,Jump Linear,0,689.5
03d71b2cbf346e23ee9158e59e2b8915,Input Validity,Lidar,Lidar Rate,10,688.54
03d71b2cbf346e23ee9158e59e2b8915,Input Validity,Odometry,Odometry Rate,50,688.54
03d71b2cbf346e23ee9158e59e2b8915,Input Validity,TF,TF Rate,10,688.54
03d71b2cbf346e23ee9158e59e2b8915,Input Validity,Lidar,Lidar Rate,10,688.64
03d71b2cbf346e23ee9158e59e2b8915,Input Validity,Odometry,Odometry Rate,50,688.64
03d71b2cbf346e23ee9158e59e2b8915,Input Validity,TF,TF Rate,10,688.64
03d71b2cbf346e23ee9158e59e2b8915,Localization Quality,AMCLPose,CovYawYaw,0.00387151,688.6
03d71b2cbf346e23ee9158e59e2b8915,Localization Quality,AMCLPose,CovYY,0.0111118,688.6
03d71b2cbf346e23ee9158e59e2b8915,Localization Quality,AMCLPose,CovXX,0.00653576,688.6
03d71b2cbf346e23ee9158e59e2b8915,Localization Quality,AMCLPose,MeanYaw,2.86032,688.6
03d71b2cbf346e23ee9158e59e2b8915,Localization Quality,AMCLPose,MeanY,-0.204897,688.6
03d71b2cbf346e23ee9158e59e2b8915,Localization Quality,AMCLPose,MeanX,2.76713,688.6
03d71b2cbf346e23ee9158e59e2b8915,Localization Stability,TF,Jump Angular,0.00348781,689.6
03d71b2cbf346e23ee9158e59e2b8915,Localization Stability,TF,Jump Linear,0.0202228,689.6
03d71b2cbf346e23ee9158e59e2b8915,Localization Stability,TF,Jump Angular,0,689.7
03d71b2cbf346e23ee9158e59e2b8915,Localization Stability,TF,Jump Linear,0,689.7
03d71b2cbf346e23ee9158e59e2b8915,Input Validity,Lidar,Lidar Rate,10,688.74
03d71b2cbf346e23ee9158e59e2b8915,Input Validity,Odometry,Odometry Rate,50,688.74
03d71b2cbf346e23ee9158e59e2b8915,Input Validity,TF,TF Rate,10,688.74
03d71b2cbf346e23ee9158e59e2b8915,Localization Stability,TF,Jump Angular,0,689.8
03d71b2cbf346e23ee9158e59e2b8915,Localization Stability,TF,Jump Linear,0,689.8
03d71b2cbf346e23ee9158e59e2b8915,Input Validity,Lidar,Lidar Rate,10,688.83
03d71b2cbf346e23ee9158e59e2b8915,Input Validity,Odometry,Odometry Rate,50,688.83
03d71b2cbf346e23ee9158e59e2b8915,Input Validity,TF,TF Rate,10,688.83
03d71b2cbf346e23ee9158e59e2b8915,Input Validity,Lidar,Lidar Rate,10,688.93
03d71b2cbf346e23ee9158e59e2b8915,Input Validity,Odometry,Odometry Rate,50,688.93
03d71b2cbf346e23ee9158e59e2b8915,Input Validity,TF,TF Rate,10,688.93
03d71b2cbf346e23ee9158e59e2b8915,Localization Quality,AMCLPose,CovYawYaw,0.00398478,688.9
03d71b2cbf346e23ee9158e59e2b8915,Localization Quality,AMCLPose,CovYY,0.00801999,688.9
03d71b2cbf346e23ee9158e59e2b8915,Localization Quality,AMCLPose,CovXX,0.00617524,688.9
03d71b2cbf346e23ee9158e59e2b8915,Localization Quality,AMCLPose,MeanYaw,2.92104,688.9
03d71b2cbf346e23ee9158e59e2b8915,Localization Quality,AMCLPose,MeanY,-0.185194,688.9
03d71b2cbf346e23ee9158e59e2b8915,Localization Quality,AMCLPose,MeanX,2.63539,688.9
03d71b2cbf346e23ee9158e59e2b8915,Localization Stability,TF,Jump Angular,0.00686083,689.9
03d71b2cbf346e23ee9158e59e2b8915,Localization Stability,TF,Jump Linear,0.032262,689.9
03d71b2cbf346e23ee9158e59e2b8915,Localization Stability,TF,Jump Angular,0,690
03d71b2cbf346e23ee9158e59e2b8915,Localization Stability,TF,Jump Linear,0,690
03d71b2cbf346e23ee9158e59e2b8915,Input Validity,Lidar,Lidar Rate,10,689.03
03d71b2cbf346e23ee9158e59e2b8915,Input Validity,Odometry,Odometry Rate,50,689.03
03d71b2cbf346e23ee9158e59e2b8915,Input Validity,TF,TF Rate,10,689.03
03d71b2cbf346e23ee9158e59e2b8915,Localization Stability,TF,Jump Angular,0,690.1
03d71b2cbf346e23ee9158e59e2b8915,Localization Stability,TF,Jump Linear,0,690.1
03d71b2cbf346e23ee9158e59e2b8915,Input Validity,Lidar,Lidar Rate,10,689.13
03d71b2cbf346e23ee9158e59e2b8915,Input Validity,Odometry,Odometry Rate,50,689.13
03d71b2cbf346e23ee9158e59e2b8915,Input Validity,TF,TF Rate,10,689.13
03d71b2cbf346e23ee9158e59e2b8915,Input Validity,Lidar,Lidar Rate,10,689.23
03d71b2cbf346e23ee9158e59e2b8915,Input Validity,Odometry,Odometry Rate,50,689.23
03d71b2cbf346e23ee9158e59e2b8915,Input Validity,TF,TF Rate,10,689.23
03d71b2cbf346e23ee9158e59e2b8915,Localization Quality,AMCLPose,CovYawYaw,0.00358862,689.2
03d71b2cbf346e23ee9158e59e2b8915,Localization Quality,AMCLPose,CovYY,0.0061033,689.2
03d71b2cbf346e23ee9158e59e2b8915,Localization Quality,AMCLPose,CovXX,0.00623429,689.2
03d71b2cbf346e23ee9158e59e2b8915,Localization Quality,AMCLPose,MeanYaw,2.97379,689.2
03d71b2cbf346e23ee9158e59e2b8915,Localization Quality,AMCLPose,MeanY,-0.167992,689.2
03d71b2cbf346e23ee9158e59e2b8915,Localization Quality,AMCLPose,MeanX,2.502,689.2
03d71b2cbf346e23ee9158e59e2b8915,Localization Stability,TF,Jump Angular,0.00154039,690.2
03d71b2cbf346e23ee9158e59e2b8915,Localization Stability,TF,Jump Linear,0.0127807,690.2
03d71b2cbf346e23ee9158e59e2b8915,Localization Stability,TF,Jump Angular,0,690.3
03d71b2cbf346e23ee9158e59e2b8915,Localization Stability,TF,Jump Linear,0,690.3
03d71b2cbf346e23ee9158e59e2b8915,Input Validity,Lidar,Lidar Rate,10,689.33
03d71b2cbf346e23ee9158e59e2b8915,Input Validity,Odometry,Odometry Rate,50,689.33
03d71b2cbf346e23ee9158e59e2b8915,Input Validity,TF,TF Rate,10,689.33
03d71b2cbf346e23ee9158e59e2b8915,Localization Stability,TF,Jump Angular,0,690.4
03d71b2cbf346e23ee9158e59e2b8915,Localization Stability,TF,Jump Linear,0,690.4
03d71b2cbf346e23ee9158e59e2b8915,Input Validity,Lidar,Lidar Rate,10,689.43
03d71b2cbf346e23ee9158e59e2b8915,Input Validity,Odometry,Odometry Rate,50,689.43
03d71b2cbf346e23ee9158e59e2b8915,Input Validity,TF,TF Rate,10,689.43
03d71b2cbf346e23ee9158e59e2b8915,Input Validity,Lidar,Lidar Rate,10,689.53
03d71b2cbf346e23ee9158e59e2b8915,Input Validity,Odometry,Odometry Rate,50,689.53
03d71b2cbf346e23ee9158e59e2b8915,Input Validity,TF,TF Rate,10,689.53
03d71b2cbf346e23ee9158e59e2b8915,Localization Quality,AMCLPose,CovYawYaw,0.00335593,689.5
03d71b2cbf346e23ee9158e59e2b8915,Localization Quality,AMCLPose,CovYY,0.00476351,689.5
03d71b2cbf346e23ee9158e59e2b8915,Localization Quality,AMCLPose,CovXX,0.00646597,689.5
03d71b2cbf346e23ee9158e59e2b8915,Localization Quality,AMCLPose,MeanYaw,3.00649,689.5
03d71b2cbf346e23ee9158e59e2b8915,Localization Quality,AMCLPose,MeanY,-0.150224,689.5
03d71b2cbf346e23ee9158e59e2b8915,Localization Quality,AMCLPose,MeanX,2.36901,689.5
03d71b2cbf346e23ee9158e59e2b8915,Localization Stability,TF,Jump Angular,0.000729177,690.5
03d71b2cbf346e23ee9158e59e2b8915,Localization Stability,TF,Jump Linear,0.00409645,690.5
03d71b2cbf346e23ee9158e59e2b8915,Localization Stability,TF,Jump Angular,0,690.6
03d71b2cbf346e23ee9158e59e2b8915,Localization Stability,TF,Jump Linear,0,690.6
03d71b2cbf346e23ee9158e59e2b8915,Input Validity,Lidar,Lidar Rate,10,689.63
03d71b2cbf346e23ee9158e59e2b8915,Input Validity,Odometry,Odometry Rate,50,689.63
03d71b2cbf346e23ee9158e59e2b8915,Input Validity,TF,TF Rate,10,689.63
03d71b2cbf346e23ee9158e59e2b8915,Localization Stability,TF,Jump Angular,0,690.7
03d71b2cbf346e23ee9158e59e2b8915,Localization Stability,TF,Jump Linear,0,690.7
03d71b2cbf346e23ee9158e59e2b8915,Input Validity,Lidar,Lidar Rate,10,689.73
03d71b2cbf346e23ee9158e59e2b8915,Input Validity,Odometry,Odometry Rate,50,689.73
03d71b2cbf346e23ee9158e59e2b8915,Input Validity,TF,TF Rate,10,689.73
03d71b2cbf346e23ee9158e59e2b8915,Input Validity,Lidar,Lidar Rate,10,689.83
03d71b2cbf346e23ee9158e59e2b8915,Input Validity,Odometry,Odometry Rate,50,689.83
03d71b2cbf346e23ee9158e59e2b8915,Input Validity,TF,TF Rate,10,689.83
03d71b2cbf346e23ee9158e59e2b8915,Localization Quality,AMCLPose,CovYawYaw,0.00322233,689.8
03d71b2cbf346e23ee9158e59e2b8915,Localization Quality,AMCLPose,CovYY,0.0036782,689.8
03d71b2cbf346e23ee9158e59e2b8915,Localization Quality,AMCLPose,CovXX,0.00648565,689.8
03d71b2cbf346e23ee9158e59e2b8915,Localization Quality,AMCLPose,MeanYaw,3.03684,689.8
03d71b2cbf346e23ee9158e59e2b8915,Localization Quality,AMCLPose,MeanY,-0.133574,689.8
03d71b2cbf346e23ee9158e59e2b8915,Localization Quality,AMCLPose,MeanX,2.23325,689.8
03d71b2cbf346e23ee9158e59e2b8915,Localization Stability,TF,Jump Angular,0.000288649,690.8
03d71b2cbf346e23ee9158e59e2b8915,Localization Stability,TF,Jump Linear,0.00171549,690.8
03d71b2cbf346e23ee9158e59e2b8915,Localization Stability,TF,Jump Angular,0,690.9
03d71b2cbf346e23ee9158e59e2b8915,Localization Stability,TF,Jump Linear,0,690.9
03d71b2cbf346e23ee9158e59e2b8915,Input Validity,Lidar,Lidar Rate,10,689.93
03d71b2cbf346e23ee9158e59e2b8915,Input Validity,Odometry,Odometry Rate,50,689.93
03d71b2cbf346e23ee9158e59e2b8915,Input Validity,TF,TF Rate,10,689.93
03d71b2cbf346e23ee9158e59e2b8915,Localization Stability,TF,Jump Angular,0,691
03d71b2cbf346e23ee9158e59e2b8915,Localization Stability,TF,Jump Linear,0,691
03d71b2cbf346e23ee9158e59e2b8915,Input Validity,Lidar,Lidar Rate,10,690.03
03d71b2cbf346e23ee9158e59e2b8915,Input Validity,Odometry,Odometry Rate,50,690.03
03d71b2cbf346e23ee9158e59e2b8915,Input Validity,TF,TF Rate,10,690.03
03d71b2cbf346e23ee9158e59e2b8915,Input Validity,Lidar,Lidar Rate,10,690.13
03d71b2cbf346e23ee9158e59e2b8915,Input Validity,Odometry,Odometry Rate,50,690.13
03d71b2cbf346e23ee9158e59e2b8915,Input Validity,TF,TF Rate,10,690.13
03d71b2cbf346e23ee9158e59e2b8915,Localization Quality,AMCLPose,CovYawYaw,0.00303775,690.1
03d71b2cbf346e23ee9158e59e2b8915,Localization Quality,AMCLPose,CovYY,0.00346702,690.1
03d71b2cbf346e23ee9158e59e2b8915,Localization Quality,AMCLPose,CovXX,0.00624307,690.1
03d71b2cbf346e23ee9158e59e2b8915,Localization Quality,AMCLPose,MeanYaw,3.07357,690.1
03d71b2cbf346e23ee9158e59e2b8915,Localization Quality,AMCLPose,MeanY,-0.124843,690.1
03d71b2cbf346e23ee9158e59e2b8915,Localization Quality,AMCLPose,MeanX,2.09534,690.1
03d71b2cbf346e23ee9158e59e2b8915,Localization Stability,TF,Jump Angular,0.00368853,691.1
03d71b2cbf346e23ee9158e59e2b8915,Localization Stability,TF,Jump Linear,0.011231,691.1
03d71b2cbf346e23ee9158e59e2b8915,Localization Stability,TF,Jump Angular,0,691.2
03d71b2cbf346e23ee9158e59e2b8915,Localization Stability,TF,Jump Linear,0,691.2
03d71b2cbf346e23ee9158e59e2b8915,Input Validity,Lidar,Lidar Rate,10,690.23
03d71b2cbf346e23ee9158e59e2b8915,Input Validity,Odometry,Odometry Rate,50,690.23
03d71b2cbf346e23ee9158e59e2b8915,Input Validity,TF,TF Rate,10,690.23
03d71b2cbf346e23ee9158e59e2b8915,Localization Stability,TF,Jump Angular,0,691.3
03d71b2cbf346e23ee9158e59e2b8915,Localization Stability,TF,Jump Linear,0,691.3
03d71b2cbf346e23ee9158e59e2b8915,Input Validity,Lidar,Lidar Rate,10,690.33
03d71b2cbf346e23ee9158e59e2b8915,Input Validity,Odometry,Odometry Rate,50,690.33
03d71b2cbf346e23ee9158e59e2b8915,Input Validity,TF,TF Rate,10,690.33
03d71b2cbf346e23ee9158e59e2b8915,Input Validity,Lidar,Lidar Rate,10,690.43
03d71b2cbf346e23ee9158e59e2b8915,Input Validity,Odometry,Odometry Rate,50,690.43
03d71b2cbf346e23ee9158e59e2b8915,Input Validity,TF,TF Rate,10,690.43
03d71b2cbf346e23ee9158e59e2b8915,Localization Quality,AMCLPose,CovYawYaw,0.00330537,690.4
03d71b2cbf346e23ee9158e59e2b8915,Localization Quality,AMCLPose,CovYY,0.00312749,690.4
03d71b2cbf346e23ee9158e59e2b8915,Localization Quality,AMCLPose,CovXX,0.00627302,690.4
03d71b2cbf346e23ee9158e59e2b8915,Localization Quality,AMCLPose,MeanYaw,3.10757,690.4
03d71b2cbf346e23ee9158e59e2b8915,Localization Quality,AMCLPose,MeanY,-0.119805,690.4
03d71b2cbf346e23ee9158e59e2b8915,Localization Quality,AMCLPose,MeanX,1.96151,690.4
03d71b2cbf346e23ee9158e59e2b8915,Localization Stability,TF,Jump Angular,-7.06675e-05,691.4
03d71b2cbf346e23ee9158e59e2b8915,Localization Stability,TF,Jump Linear,0.00196571,691.4
03d71b2cbf346e23ee9158e59e2b8915,Localization Stability,TF,Jump Angular,0,691.5
03d71b2cbf346e23ee9158e59e2b8915,Localization Stability,TF,Jump Linear,0,691.5
03d71b2cbf346e23ee9158e59e2b8915,Input Validity,Lidar,Lidar Rate,10,690.53
03d71b2cbf346e23ee9158e59e2b8915,Input Validity,Odometry,Odometry Rate,50,690.53
03d71b2cbf346e23ee9158e59e2b8915,Input Validity,TF,TF Rate,10,690.53
03d71b2cbf346e23ee9158e59e2b8915,Localization Stability,TF,Jump Angular,0,691.6
03d71b2cbf346e23ee9158e59e2b8915,Localization Stability,TF,Jump Linear,0,691.6
03d71b2cbf346e23ee9158e59e2b8915,Input Validity,Lidar,Lidar Rate,10,690.63
03d71b2cbf346e23ee9158e59e2b8915,Input Validity,Odometry,Odometry Rate,50,690.63
03d71b2cbf346e23ee9158e59e2b8915,Input Validity,TF,TF Rate,10,690.63
03d71b2cbf346e23ee9158e59e2b8915,Input Validity,Lidar,Lidar Rate,10,690.73
03d71b2cbf346e23ee9158e59e2b8915,Input Validity,Odometry,Odometry Rate,50,690.73
03d71b2cbf346e23ee9158e59e2b8915,Input Validity,TF,TF Rate,10,690.73
03d71b2cbf346e23ee9158e59e2b8915,Localization Quality,AMCLPose,CovYawYaw,0.00345648,690.7
03d71b2cbf346e23ee9158e59e2b8915,Localization Quality,AMCLPose,CovYY,0.00269667,690.7
03d71b2cbf346e23ee9158e59e2b8915,Localization Quality,AMCLPose,CovXX,0.00651994,690.7
03d71b2cbf346e23ee9158e59e2b8915,Localization Quality,AMCLPose,MeanYaw,3.14026,690.7
03d71b2cbf346e23ee9158e59e2b8915,Localization Quality,AMCLPose,MeanY,-0.117991,690.7
03d71b2cbf346e23ee9158e59e2b8915,Localization Quality,AMCLPose,MeanX,1.82721,690.7
03d71b2cbf346e23ee9158e59e2b8915,Localization Stability,TF,Jump Angular,0.00107639,691.7
03d71b2cbf346e23ee9158e59e2b8915,Localization Stability,TF,Jump Linear,0.00266242,691.7
03d71b2cbf346e23ee9158e59e2b8915,Localization Stability,TF,Jump Angular,0,691.8
03d71b2cbf346e23ee9158e59e2b8915,Localization Stability,TF,Jump Linear,0,691.8
03d71b2cbf346e23ee9158e59e2b8915,Input Validity,Lidar,Lidar Rate,10,690.83
03d71b2cbf346e23ee9158e59e2b8915,Input Validity,Odometry,Odometry Rate,50,690.83
03d71b2cbf346e23ee9158e59e2b8915,Input Validity,TF,TF Rate,10,690.83
03d71b2cbf346e23ee9158e59e2b8915,Localization Stability,TF,Jump Angular,0,691.9
03d71b2cbf346e23ee9158e59e2b8915,Localization Stability,TF,Jump Linear,0,691.9
03d71b2cbf346e23ee9158e59e2b8915,Input Validity,Lidar,Lidar Rate,10,690.93
03d71b2cbf346e23ee9158e59e2b8915,Input Validity,Odometry,Odometry Rate,50,690.93
03d71b2cbf346e23ee9158e59e2b8915,Input Validity,TF,TF Rate,10,690.93
03d71b2cbf346e23ee9158e59e2b8915,Input Validity,Lidar,Lidar Rate,10,691.03
03d71b2cbf346e23ee9158e59e2b8915,Input Validity,Odometry,Odometry Rate,50,691.03
03d71b2cbf346e23ee9158e59e2b8915,Input Validity,TF,TF Rate,10,691.03
03d71b2cbf346e23ee9158e59e2b8915,Localization Quality,AMCLPose,CovYawYaw,0.00322541,691
03d71b2cbf346e23ee9158e59e2b8915,Localization Quality,AMCLPose,CovYY,0.00233866,691
03d71b2cbf346e23ee9158e59e2b8915,Localization Quality,AMCLPose,CovXX,0.0069318,691
03d71b2cbf346e23ee9158e59e2b8915,Localization Quality,AMCLPose,MeanYaw,-3.1173,691
03d71b2cbf346e23ee9158e59e2b8915,Localization Quality,AMCLPose,MeanY,-0.119689,691
03d71b2cbf346e23ee9158e59e2b8915,Localization Quality,AMCLPose,MeanX,1.68812,691
03d71b2cbf346e23ee9158e59e2b8915,Localization Stability,TF,Jump Angular,0.00113036,692
03d71b2cbf346e23ee9158e59e2b8915,Localization Stability,TF,Jump Linear,0.00441045,692
03d71b2cbf346e23ee9158e59e2b8915,Localization Stability,TF,Jump Angular,0,692.1
03d71b2cbf346e23ee9158e59e2b8915,Localization Stability,TF,Jump Linear,0,692.1
03d71b2cbf346e23ee9158e59e2b8915,Input Validity,Lidar,Lidar Rate,10,691.13
03d71b2cbf346e23ee9158e59e2b8915,Input Validity,Odometry,Odometry Rate,50,691.13
03d71b2cbf346e23ee9158e59e2b8915,Input Validity,TF,TF Rate,10,691.13
03d71b2cbf346e23ee9158e59e2b8915,Localization Stability,TF,Jump Angular,0,692.2
03d71b2cbf346e23ee9158e59e2b8915,Localization Stability,TF,Jump Linear,0,692.2
03d71b2cbf346e23ee9158e59e2b8915,Input Validity,Lidar,Lidar Rate,10,691.22
03d71b2cbf346e23ee9158e59e2b8915,Input Validity,Odometry,Odometry Rate,50,691.22
03d71b2cbf346e23ee9158e59e2b8915,Input Validity,TF,TF Rate,10,691.22
03d71b2cbf346e23ee9158e59e2b8915,Input Validity,Lidar,Lidar Rate,10,691.32
03d71b2cbf346e23ee9158e59e2b8915,Input Validity,Odometry,Odometry Rate,50,691.32
03d71b2cbf346e23ee9158e59e2b8915,Input Validity,TF,TF Rate,10,691.32
03d71b2cbf346e23ee9158e59e2b8915,Localization Quality,AMCLPose,CovYawYaw,0.00333325,691.3
03d71b2cbf346e23ee9158e59e2b8915,Localization Quality,AMCLPose,CovYY,0.00215236,691.3
03d71b2cbf346e23ee9158e59e2b8915,Localization Quality,AMCLPose,CovXX,0.00666328,691.3
03d71b2cbf346e23ee9158e59e2b8915,Localization Quality,AMCLPose,MeanYaw,-3.10252,691.3
03d71b2cbf346e23ee9158e59e2b8915,Localization Quality,AMCLPose,MeanY,-0.123531,691.3
03d71b2cbf346e23ee9158e59e2b8915,Localization Quality,AMCLPose,MeanX,1.55403,691.3
03d71b2cbf346e23ee9158e59e2b8915,Localization Stability,TF,Jump Angular,-0.000197209,692.3
03d71b2cbf346e23ee9158e59e2b8915,Localization Stability,TF,Jump Linear,0.00118539,692.3
03d71b2cbf346e23ee9158e59e2b8915,Localization Stability,TF,Jump Angular,0,692.4
03d71b2cbf346e23ee9158e59e2b8915,Localization Stability,TF,Jump Linear,0,692.4
03d71b2cbf346e23ee9158e59e2b8915,Input Validity,Lidar,Lidar Rate,10,691.42
03d71b2cbf346e23ee9158e59e2b8915,Input Validity,Odometry,Odometry Rate,50,691.42
03d71b2cbf346e23ee9158e59e2b8915,Input Validity,TF,TF Rate,10,691.42
03d71b2cbf346e23ee9158e59e2b8915,Localization Stability,TF,Jump Angular,0,692.5
03d71b2cbf346e23ee9158e59e2b8915,Localization Stability,TF,Jump Linear,0,692.5
03d71b2cbf346e23ee9158e59e2b8915,Input Validity,Lidar,Lidar Rate,10,691.52
03d71b2cbf346e23ee9158e59e2b8915,Input Validity,Odometry,Odometry Rate,50,691.52
03d71b2cbf346e23ee9158e59e2b8915,Input Validity,TF,TF Rate,10,691.52
03d71b2cbf346e23ee9158e59e2b8915,Input Validity,Lidar,Lidar Rate,10,691.62
03d71b2cbf346e23ee9158e59e2b8915,Input Validity,Odometry,Odometry Rate,50,691.62
03d71b2cbf346e23ee9158e59e2b8915,Input Validity,TF,TF Rate,10,691.62
03d71b2cbf346e23ee9158e59e2b8915,Localization Quality,AMCLPose,CovYawYaw,0.00341719,691.6
03d71b2cbf346e23ee9158e59e2b8915,Localization Quality,AMCLPose,CovYY,0.00176903,691.6
03d71b2cbf346e23ee9158e59e2b8915,Localization Quality,AMCLPose,CovXX,0.00669003,691.6
03d71b2cbf346e23ee9158e59e2b8915,Localization Quality,AMCLPose,MeanYaw,-3.09594,691.6
03d71b2cbf346e23ee9158e59e2b8915,Localization Quality,AMCLPose,MeanY,-0.129294,691.6
03d71b2cbf346e23ee9158e59e2b8915,Localization Quality,AMCLPose,MeanX,1.41737,691.6
03d71b2cbf346e23ee9158e59e2b8915,Localization Stability,TF,Jump Angular,-0.00110587,692.6
03d71b2cbf346e23ee9158e59e2b8915,Localization Stability,TF,Jump Linear,0.00257723,692.6
03d71b2cbf346e23ee9158e59e2b8915,Localization Stability,TF,Jump Angular,0,692.7
03d71b2cbf346e23ee9158e59e2b8915,Localization Stability,TF,Jump Linear,0,692.7
03d71b2cbf346e23ee9158e59e2b8915,Input Validity,Lidar,Lidar Rate,10,691.72
03d71b2cbf346e23ee9158e59e2b8915,Input Validity,Odometry,Odometry Rate,50,691.72
03d71b2cbf346e23ee9158e59e2b8915,Input Validity,TF,TF Rate,10,691.72
03d71b2cbf346e23ee9158e59e2b8915,Localization Stability,TF,Jump Angular,0,692.8
03d71b2cbf346e23ee9158e59e2b8915,Localization Stability,TF,Jump Linear,0,692.8
03d71b2cbf346e23ee9158e59e2b8915,Input Validity,Lidar,Lidar Rate,10,691.82
03d71b2cbf346e23ee9158e59e2b8915,Input Validity,Odometry,Odometry Rate,50,691.82
03d71b2cbf346e23ee9158e59e2b8915,Input Validity,TF,TF Rate,10,691.82
03d71b2cbf346e23ee9158e59e2b8915,Input Validity,Lidar,Lidar Rate,10,691.92
03d71b2cbf346e23ee9158e59e2b8915,Input Validity,Odometry,Odometry Rate,50,691.92
03d71b2cbf346e23ee9158e59e2b8915,Input Validity,TF,TF Rate,10,691.92
03d71b2cbf346e23ee9158e59e2b8915,Localization Quality,AMCLPose,CovYawYaw,0.00328809,691.9
03d71b2cbf346e23ee9158e59e2b8915,Localization Quality,AMCLPose,CovYY,0.00156655,691.9
03d71b2cbf346e23ee9158e59e2b8915,Localization Quality,AMCLPose,CovXX,0.00673596,691.9
03d71b2cbf346e23ee9158e59e2b8915,Localization Quality,AMCLPose,MeanYaw,-3.09368,691.9
03d71b2cbf346e23ee9158e59e2b8915,Localization Quality,AMCLPose,MeanY,-0.135486,691.9
03d71b2cbf346e23ee9158e59e2b8915,Localization Quality,AMCLPose,MeanX,1.28116,691.9
03d71b2cbf346e23ee9158e59e2b8915,Localization Stability,TF,Jump Angular,-0.000280433,692.9
03d71b2cbf346e23ee9158e59e2b8915,Localization Stability,TF,Jump Linear,0.00150212,692.9
03d71b2cbf346e23ee9158e59e2b8915,Localization Stability,TF,Jump Angular,0,693
03d71b2cbf346e23ee9158e59e2b8915,Localization Stability,TF,Jump Linear,0,693
03d71b2cbf346e23ee9158e59e2b8915,Input Validity,Lidar,Lidar Rate,10,692.02
03d71b2cbf346e23ee9158e59e2b8915,Input Validity,Odometry,Odometry Rate,50,692.02
03d71b2cbf346e23ee9158e59e2b8915,Input Validity,TF,TF Rate,10,692.02
03d71b2cbf346e23ee9158e59e2b8915,Localization Stability,TF,Jump Angular,0,693.1
03d71b2cbf346e23ee9158e59e2b8915,Localization Stability,TF,Jump Linear,0,693.1
03d71b2cbf346e23ee9158e59e2b8915,Input Validity,Lidar,Lidar Rate,10,692.12
03d71b2cbf346e23ee9158e59e2b8915,Input Validity,Odometry,Odometry Rate,50,692.12
03d71b2cbf346e23ee9158e59e2b8915,Input Validity,TF,TF Rate,10,692.12
03d71b2cbf346e23ee9158e59e2b8915,Input Validity,Lidar,Lidar Rate,10,692.22
03d71b2cbf346e23ee9158e59e2b8915,Input Validity,Odometry,Odometry Rate,50,692.22
03d71b2cbf346e23ee9158e59e2b8915,Input Validity,TF,TF Rate,10,692.22
03d71b2cbf346e23ee9158e59e2b8915,Localization Quality,AMCLPose,CovYawYaw,0.00357597,692.2
03d71b2cbf346e23ee9158e59e2b8915,Localization Quality,AMCLPose,CovYY,0.00154485,692.2
03d71b2cbf346e23ee9158e59e2b8915,Localization Quality,AMCLPose,CovXX,0.00654136,692.2
03d71b2cbf346e23ee9158e59e2b8915,Localization Quality,AMCLPose,MeanYaw,-3.09333,692.2
03d71b2cbf346e23ee9158e59e2b8915,Localization Quality,AMCLPose,MeanY,-0.141898,692.2
03d71b2cbf346e23ee9158e59e2b8915,Localization Quality,AMCLPose,MeanX,1.14789,692.2
03d71b2cbf346e23ee9158e59e2b8915,Localization Stability,TF,Jump Angular,0.00159536,693.2
03d71b2cbf346e23ee9158e59e2b8915,Localization Stability,TF,Jump Linear,0.00256956,693.2
03d71b2cbf346e23ee9158e59e2b8915,Localization Stability,TF,Jump Angular,0,693.3
03d71b2cbf346e23ee9158e59e2b8915,Localization Stability,TF,Jump Linear,0,693.3
03d71b2cbf346e23ee9158e59e2b8915,Input Validity,Lidar,Lidar Rate,10,692.32
03d71b2cbf346e23ee9158e59e2b8915,Input Validity,Odometry,Odometry Rate,50,692.32
03d71b2cbf346e23ee9158e59e2b8915,Input Validity,TF,TF Rate,10,692.32
03d71b2cbf346e23ee9158e59e2b8915,Localization Stability,TF,Jump Angular,0,693.4
03d71b2cbf346e23ee9158e59e2b8915,Localization Stability,TF,Jump Linear,0,693.4
03d71b2cbf346e23ee9158e59e2b8915,Input Validity,Lidar,Lidar Rate,10,692.42
03d71b2cbf346e23ee9158e59e2b8915,Input Validity,Odometry,Odometry Rate,50,692.42
03d71b2cbf346e23ee9158e59e2b8915,Input Validity,TF,TF Rate,10,692.42
03d71b2cbf346e23ee9158e59e2b8915,Input Validity,Lidar,Lidar Rate,10,692.52
03d71b2cbf346e23ee9158e59e2b8915,Input Validity,Odometry,Odometry Rate,50,692.52
03d71b2cbf346e23ee9158e59e2b8915,Input Validity,TF,TF Rate,10,692.52
03d71b2cbf346e23ee9158e59e2b8915,Localization Quality,AMCLPose,CovYawYaw,0.00347091,692.5
03d71b2cbf346e23ee9158e59e2b8915,Localization Quality,AMCLPose,CovYY,0.0014297,692.5
03d71b2cbf346e23ee9158e59e2b8915,Localization Quality,AMCLPose,CovXX,0.00661144,692.5
03d71b2cbf346e23ee9158e59e2b8915,Localization Quality,AMCLPose,MeanYaw,-3.09604,692.5
03d71b2cbf346e23ee9158e59e2b8915,Localization Quality,AMCLPose,MeanY,-0.148355,692.5
03d71b2cbf346e23ee9158e59e2b8915,Localization Quality,AMCLPose,MeanX,1.01217,692.5
03d71b2cbf346e23ee9158e59e2b8915,Localization Stability,TF,Jump Angular,0.000513023,693.5
03d71b2cbf346e23ee9158e59e2b8915,Localization Stability,TF,Jump Linear,0.00103833,693.5
03d71b2cbf346e23ee9158e59e2b8915,Localization Stability,TF,Jump Angular,0,693.6
03d71b2cbf346e23ee9158e59e2b8915,Localization Stability,TF,Jump Linear,0,693.6
03d71b2cbf346e23ee9158e59e2b8915,Input Validity,Lidar,Lidar Rate,10,692.62
03d71b2cbf346e23ee9158e59e2b8915,Input Validity,Odometry,Odometry Rate,50,692.62
03d71b2cbf346e23ee9158e59e2b8915,Input Validity,TF,TF Rate,10,692.62
03d71b2cbf346e23ee9158e59e2b8915,Localization Stability,TF,Jump Angular,0,693.7
03d71b2cbf346e23ee9158e59e2b8915,Localization Stability,TF,Jump Linear,0,693.7
03d71b2cbf346e23ee9158e59e2b8915,Input Validity,Lidar,Lidar Rate,10,692.72
03d71b2cbf346e23ee9158e59e2b8915,Input Validity,Odometry,Odometry Rate,50,692.72
03d71b2cbf346e23ee9158e59e2b8915,Input Validity,TF,TF Rate,10,692.72
03d71b2cbf346e23ee9158e59e2b8915,Input Validity,Lidar,Lidar Rate,10,692.82
03d71b2cbf346e23ee9158e59e2b8915,Input Validity,Odometry,Odometry Rate,50,692.82
03d71b2cbf346e23ee9158e59e2b8915,Input Validity,TF,TF Rate,10,692.82
03d71b2cbf346e23ee9158e59e2b8915,Localization Quality,AMCLPose,CovYawYaw,0.00365042,692.8
03d71b2cbf346e23ee9158e59e2b8915,Localization Quality,AMCLPose,CovYY,0.00152711,692.8
03d71b2cbf346e23ee9158e59e2b8915,Localization Quality,AMCLPose,CovXX,0.00636195,692.8
03d71b2cbf346e23ee9158e59e2b8915,Localization Quality,AMCLPose,MeanYaw,-3.10015,692.8
03d71b2cbf346e23ee9158e59e2b8915,Localization Quality,AMCLPose,MeanY,-0.156444,692.8
03d71b2cbf346e23ee9158e59e2b8915,Localization Quality,AMCLPose,MeanX,0.87666,692.8
03d71b2cbf346e23ee9158e59e2b8915,Localization Stability,TF,Jump Angular,-0.000136096,693.8
03d71b2cbf346e23ee9158e59e2b8915,Localization Stability,TF,Jump Linear,0.00218828,693.8
03d71b2cbf346e23ee9158e59e2b8915,Localization Stability,TF,Jump Angular,0,693.9
03d71b2cbf346e23ee9158e59e2b8915,Localization Stability,TF,Jump Linear,0,693.9
03d71b2cbf346e23ee9158e59e2b8915,Input Validity,Lidar,Lidar Rate,10,692.92
03d71b2cbf346e23ee9158e59e2b8915,Input Validity,Odometry,Odometry Rate,50,692.92
03d71b2cbf346e23ee9158e59e2b8915,Input Validity,TF,TF Rate,10,692.92
03d71b2cbf346e23ee9158e59e2b8915,Localization Stability,TF,Jump Angular,0,694
03d71b2cbf346e23ee9158e59e2b8915,Localization Stability,TF,Jump Linear,0,694
03d71b2cbf346e23ee9158e59e2b8915,Input Validity,Lidar,Lidar Rate,10,693.02
03d71b2cbf346e23ee9158e59e2b8915,Input Validity,Odometry,Odometry Rate,50,693.02
03d71b2cbf346e23ee9158e59e2b8915,Input Validity,TF,TF Rate,10,693.02
03d71b2cbf346e23ee9158e59e2b8915,Input Validity,Lidar,Lidar Rate,10,693.12
03d71b2cbf346e23ee9158e59e2b8915,Input Validity,Odometry,Odometry Rate,50,693.12
03d71b2cbf346e23ee9158e59e2b8915,Input Validity,TF,TF Rate,10,693.12
03d71b2cbf346e23ee9158e59e2b8915,Localization Quality,AMCLPose,CovYawYaw,0.00347041,693.1
03d71b2cbf346e23ee9158e59e2b8915,Localization Quality,AMCLPose,CovYY,0.0014904,693.1
03d71b2cbf346e23ee9158e59e2b8915,Localization Quality,AMCLPose,CovXX,0.00661164,693.1
03d71b2cbf346e23ee9158e59e2b8915,Localization Quality,AMCLPose,MeanYaw,-3.10434,693.1
03d71b2cbf346e23ee9158e59e2b8915,Localization Quality,AMCLPose,MeanY,-0.161525,693.1
03d71b2cbf346e23ee9158e59e2b8915,Localization Quality,AMCLPose,MeanX,0.741581,693.1
03d71b2cbf346e23ee9158e59e2b8915,Localization Stability,TF,Jump Angular,4.97211e-05,694.1
03d71b2cbf346e23ee9158e59e2b8915,Localization Stability,TF,Jump Linear,0.000259122,694.1
03d71b2cbf346e23ee9158e59e2b8915,Localization Stability,TF,Jump Angular,0,694.2
03d71b2cbf346e23ee9158e59e2b8915,Localization Stability,TF,Jump Linear,0,694.2
03d71b2cbf346e23ee9158e59e2b8915,Input Validity,Lidar,Lidar Rate,10,693.22
03d71b2cbf346e23ee9158e59e2b8915,Input Validity,Odometry,Odometry Rate,50,693.22
03d71b2cbf346e23ee9158e59e2b8915,Input Validity,TF,TF Rate,10,693.22
03d71b2cbf346e23ee9158e59e2b8915,Localization Stability,TF,Jump Angular,0,694.3
03d71b2cbf346e23ee9158e59e2b8915,Localization Stability,TF,Jump Linear,0,694.3
03d71b2cbf346e23ee9158e59e2b8915,Input Validity,Lidar,Lidar Rate,10,693.32
03d71b2cbf346e23ee9158e59e2b8915,Input Validity,Odometry,Odometry Rate,50,693.32
03d71b2cbf346e23ee9158e59e2b8915,Input Validity,TF,TF Rate,10,693.32
03d71b2cbf346e23ee9158e59e2b8915,Input Validity,Lidar,Lidar Rate,10,693.42
03d71b2cbf346e23ee9158e59e2b8915,Input Validity,Odometry,Odometry Rate,50,693.42
03d71b2cbf346e23ee9158e59e2b8915,Input Validity,TF,TF Rate,10,693.42
03d71b2cbf346e23ee9158e59e2b8915,Localization Quality,AMCLPose,CovYawYaw,0.00344464,693.4
03d71b2cbf346e23ee9158e59e2b8915,Localization Quality,AMCLPose,CovYY,0.00149395,693.4
03d71b2cbf346e23ee9158e59e2b8915,Localization Quality,AMCLPose,CovXX,0.00650084,693.4
03d71b2cbf346e23ee9158e59e2b8915,Localization Quality,AMCLPose,MeanYaw,-3.10885,693.4
03d71b2cbf346e23ee9158e59e2b8915,Localization Quality,AMCLPose,MeanY,-0.167331,693.4
03d71b2cbf346e23ee9158e59e2b8915,Localization Quality,AMCLPose,MeanX,0.606342,693.4
03d71b2cbf346e23ee9158e59e2b8915,Localization Stability,TF,Jump Angular,-0.000169723,694.4
03d71b2cbf346e23ee9158e59e2b8915,Localization Stability,TF,Jump Linear,0.00102719,694.4
03d71b2cbf346e23ee9158e59e2b8915,Localization Stability,TF,Jump Angular,0,694.5
03d71b2cbf346e23ee9158e59e2b8915,Localization Stability,TF,Jump Linear,0,694.5
03d71b2cbf346e23ee9158e59e2b8915,Input Validity,Lidar,Lidar Rate,10,693.52
03d71b2cbf346e23ee9158e59e2b8915,Input Validity,Odometry,Odometry Rate,50,693.52
03d71b2cbf346e23ee9158e59e2b8915,Input Validity,TF,TF Rate,10,693.52
03d71b2cbf346e23ee9158e59e2b8915,Input Validity,Lidar,Lidar Rate,10,693.62
03d71b2cbf346e23ee9158e59e2b8915,Input Validity,Odometry,Odometry Rate,50,693.62
03d71b2cbf346e23ee9158e59e2b8915,Input Validity,TF,TF Rate,10,693.62
03d71b2cbf346e23ee9158e59e2b8915,Localization Stability,TF,Jump Angular,0,694.6
03d71b2cbf346e23ee9158e59e2b8915,Localization Stability,TF,Jump Linear,0,694.6
03d71b2cbf346e23ee9158e59e2b8915,Input Validity,Lidar,Lidar Rate,10,693.72
03d71b2cbf346e23ee9158e59e2b8915,Input Validity,Odometry,Odometry Rate,50,693.72
03d71b2cbf346e23ee9158e59e2b8915,Input Validity,TF,TF Rate,10,693.72
03d71b2cbf346e23ee9158e59e2b8915,Localization Quality,AMCLPose,CovYawYaw,0.00363879,693.7
03d71b2cbf346e23ee9158e59e2b8915,Localization Quality,AMCLPose,CovYY,0.00146511,693.7
03d71b2cbf346e23ee9158e59e2b8915,Localization Quality,AMCLPose,CovXX,0.00660416,693.7
03d71b2cbf346e23ee9158e59e2b8915,Localization Quality,AMCLPose,MeanYaw,-3.11063,693.7
03d71b2cbf346e23ee9158e59e2b8915,Localization Quality,AMCLPose,MeanY,-0.172302,693.7
03d71b2cbf346e23ee9158e59e2b8915,Localization Quality,AMCLPose,MeanX,0.471591,693.7
03d71b2cbf346e23ee9158e59e2b8915,Localization Stability,TF,Jump Angular,0.000730019,694.7
03d71b2cbf346e23ee9158e59e2b8915,Localization Stability,TF,Jump Linear,0.00113214,694.7
03d71b2cbf346e23ee9158e59e2b8915,Localization Stability,TF,Jump Angular,0,694.8
03d71b2cbf346e23ee9158e59e2b8915,Localization Stability,TF,Jump Linear,0,694.8
03d71b2cbf346e23ee9158e59e2b8915,Input Validity,Lidar,Lidar Rate,10,693.81
03d71b2cbf346e23ee9158e59e2b8915,Input Validity,Odometry,Odometry Rate,50,693.81
03d71b2cbf346e23ee9158e59e2b8915,Input Validity,TF,TF Rate,10,693.81
03d71b2cbf346e23ee9158e59e2b8915,Localization Stability,TF,Jump Angular,0,694.9
03d71b2cbf346e23ee9158e59e2b8915,Localization Stability,TF,Jump Linear,0,694.9
03d71b2cbf346e23ee9158e59e2b8915,Input Validity,Lidar,Lidar Rate,10,693.91
03d71b2cbf346e23ee9158e59e2b8915,Input Validity,Odometry,Odometry Rate,50,693.91
03d71b2cbf346e23ee9158e59e2b8915,Input Validity,TF,TF Rate,10,693.91
03d71b2cbf346e23ee9158e59e2b8915,Input Validity,Lidar,Lidar Rate,10,694.01
03d71b2cbf346e23ee9158e59e2b8915,Input Validity,Odometry,Odometry Rate,50,694.01
03d71b2cbf346e23ee9158e59e2b8915,Input Validity,TF,TF Rate,10,694.01
03d71b2cbf346e23ee9158e59e2b8915,Localization Quality,AMCLPose,CovYawYaw,0.00342918,694
03d71b2cbf346e23ee9158e59e2b8915,Localization Quality,AMCLPose,CovYY,0.00143803,694
03d71b2cbf346e23ee9158e59e2b8915,Localization Quality,AMCLPose,CovXX,0.00678587,694
03d71b2cbf346e23ee9158e59e2b8915,Localization Quality,AMCLPose,MeanYaw,-3.11106,694
03d71b2cbf346e23ee9158e59e2b8915,Localization Quality,AMCLPose,MeanY,-0.174486,694
03d71b2cbf346e23ee9158e59e2b8915,Localization Quality,AMCLPose,MeanX,0.338692,694
03d71b2cbf346e23ee9158e59e2b8915,Localization Stability,TF,Jump Angular,-0.00155293,695
03d71b2cbf346e23ee9158e59e2b8915,Localization Stability,TF,Jump Linear,0.00315187,695
03d71b2cbf346e23ee9158e59e2b8915,Localization Stability,TF,Jump Angular,0,695.1
03d71b2cbf346e23ee9158e59e2b8915,Localization Stability,TF,Jump Linear,0,695.1
03d71b2cbf346e23ee9158e59e2b8915,Input Validity,Lidar,Lidar Rate,10,694.11
03d71b2cbf346e23ee9158e59e2b8915,Input Validity,Odometry,Odometry Rate,50,694.11
03d71b2cbf346e23ee9158e59e2b8915,Input Validity,TF,TF Rate,10,694.11
03d71b2cbf346e23ee9158e59e2b8915,Input Validity,Lidar,Lidar Rate,10,694.21
03d71b2cbf346e23ee9158e59e2b8915,Input Validity,Odometry,Odometry Rate,50,694.21
03d71b2cbf346e23ee9158e59e2b8915,Input Validity,TF,TF Rate,10,694.21
03d71b2cbf346e23ee9158e59e2b8915,Localization Stability,TF,Jump Angular,0,695.2
03d71b2cbf346e23ee9158e59e2b8915,Localization Stability,TF,Jump Linear,0,695.2
03d71b2cbf346e23ee9158e59e2b8915,Input Validity,Lidar,Lidar Rate,10,694.31
03d71b2cbf346e23ee9158e59e2b8915,Input Validity,Odometry,Odometry Rate,50,694.31
03d71b2cbf346e23ee9158e59e2b8915,Input Validity,TF,TF Rate,10,694.31
03d71b2cbf346e23ee9158e59e2b8915,Localization Quality,AMCLPose,CovYawYaw,0.00344556,694.3
03d71b2cbf346e23ee9158e59e2b8915,Localization Quality,AMCLPose,CovYY,0.00139966,694.3
03d71b2cbf346e23ee9158e59e2b8915,Localization Quality,AMCLPose,CovXX,0.00715048,694.3
03d71b2cbf346e23ee9158e59e2b8915,Localization Quality,AMCLPose,MeanYaw,-3.10575,694.3
03d71b2cbf346e23ee9158e59e2b8915,Localization Quality,AMCLPose,MeanY,-0.178717,694.3
03d71b2cbf346e23ee9158e59e2b8915,Localization Quality,AMCLPose,MeanX,0.204357,694.3
03d71b2cbf346e23ee9158e59e2b8915,Localization Stability,TF,Jump Angular,-8.97164e-05,695.3
03d71b2cbf346e23ee9158e59e2b8915,Localization Stability,TF,Jump Linear,0.00062537,695.3
03d71b2cbf346e23ee9158e59e2b8915,Input Validity,Lidar,Lidar Rate,10,694.41
03d71b2cbf346e23ee9158e59e2b8915,Input Validity,Odometry,Odometry Rate,50,694.41
03d71b2cbf346e23ee9158e59e2b8915,Input Validity,TF,TF Rate,10,694.41
03d71b2cbf346e23ee9158e59e2b8915,Localization Stability,TF,Jump Angular,0,695.4
03d71b2cbf346e23ee9158e59e2b8915,Localization Stability,TF,Jump Linear,0,695.4
03d71b2cbf346e23ee9158e59e2b8915,Input Validity,Lidar,Lidar Rate,10,694.51
03d71b2cbf346e23ee9158e59e2b8915,Input Validity,Odometry,Odometry Rate,50,694.51
03d71b2cbf346e23ee9158e59e2b8915,Input Validity,TF,TF Rate,10,694.51
03d71b2cbf346e23ee9158e59e2b8915,Localization Stability,TF,Jump Angular,0,695.5
03d71b2cbf346e23ee9158e59e2b8915,Localization Stability,TF,Jump Linear,0,695.5
03d71b2cbf346e23ee9158e59e2b8915,Input Validity,Lidar,Lidar Rate,10,694.61
03d71b2cbf346e23ee9158e59e2b8915,Input Validity,Odometry,Odometry Rate,50,694.61
03d71b2cbf346e23ee9158e59e2b8915,Input Validity,TF,TF Rate,10,694.61
03d71b2cbf346e23ee9158e59e2b8915,Localization Quality,AMCLPose,CovYawYaw,0.00351987,694.6
03d71b2cbf346e23ee9158e59e2b8915,Localization Quality,AMCLPose,CovYY,0.00137972,694.6
03d71b2cbf346e23ee9158e59e2b8915,Localization Quality,AMCLPose,CovXX,0.0074168,694.6
03d71b2cbf346e23ee9158e59e2b8915,Localization Quality,AMCLPose,MeanYaw,-3.09775,694.6
03d71b2cbf346e23ee9158e59e2b8915,Localization Quality,AMCLPose,MeanY,-0.18514,694.6
03d71b2cbf346e23ee9158e59e2b8915,Localization Quality,AMCLPose,MeanX,0.0705099,694.6
03d71b2cbf346e23ee9158e59e2b8915,Localization Stability,TF,Jump Angular,-0.00054677,695.6
03d71b2cbf346e23ee9158e59e2b8915,Localization Stability,TF,Jump Linear,0.00140982,695.6
03d71b2cbf346e23ee9158e59e2b8915,Input Validity,Lidar,Lidar Rate,10,694.71
03d71b2cbf346e23ee9158e59e2b8915,Input Validity,Odometry,Odometry Rate,50,694.71
03d71b2cbf346e23ee9158e59e2b8915,Input Validity,TF,TF Rate,10,694.71
03d71b2cbf346e23ee9158e59e2b8915,Localization Stability,TF,Jump Angular,0,695.7
03d71b2cbf346e23ee9158e59e2b8915,Localization Stability,TF,Jump Linear,0,695.7
03d71b2cbf346e23ee9158e59e2b8915,Localization Stability,TF,Jump Angular,0,695.8
03d71b2cbf346e23ee9158e59e2b8915,Localization Stability,TF,Jump Linear,0,695.8
03d71b2cbf346e23ee9158e59e2b8915,Input Validity,Lidar,Lidar Rate,10,694.81
03d71b2cbf346e23ee9158e59e2b8915,Input Validity,Odometry,Odometry Rate,50,694.81
03d71b2cbf346e23ee9158e59e2b8915,Input Validity,TF,TF Rate,10,694.81
03d71b2cbf346e23ee9158e59e2b8915,Input Validity,Lidar,Lidar Rate,10,694.91
03d71b2cbf346e23ee9158e59e2b8915,Input Validity,Odometry,Odometry Rate,50,694.91
03d71b2cbf346e23ee9158e59e2b8915,Input Validity,TF,TF Rate,10,694.91
03d71b2cbf346e23ee9158e59e2b8915,Localization Quality,AMCLPose,CovYawYaw,0.00349949,694.9
03d71b2cbf346e23ee9158e59e2b8915,Localization Quality,AMCLPose,CovYY,0.00144701,694.9
03d71b2cbf346e23ee9158e59e2b8915,Localization Quality,AMCLPose,CovXX,0.0071543,694.9
03d71b2cbf346e23ee9158e59e2b8915,Localization Quality,AMCLPose,MeanYaw,-3.08556,694.9
03d71b2cbf346e23ee9158e59e2b8915,Localization Quality,AMCLPose,MeanY,-0.190951,694.9
03d71b2cbf346e23ee9158e59e2b8915,Localization Quality,AMCLPose,MeanX,-0.0646712,694.9
03d71b2cbf346e23ee9158e59e2b8915,Localization Stability,TF,Jump Angular,-0.000540392,695.9
03d71b2cbf346e23ee9158e59e2b8915,Localization Stability,TF,Jump Linear,0.000953147,695.9
03d71b2cbf346e23ee9158e59e2b8915,Input Validity,Lidar,Lidar Rate,10,695.01
03d71b2cbf346e23ee9158e59e2b8915,Input Validity,Odometry,Odometry Rate,50,695.01
03d71b2cbf346e23ee9158e59e2b8915,Input Validity,TF,TF Rate,10,695.01
03d71b2cbf346e23ee9158e59e2b8915,Localization Stability,TF,Jump Angular,0,696
03d71b2cbf346e23ee9158e59e2b8915,Localization Stability,TF,Jump Linear,0,696
03d71b2cbf346e23ee9158e59e2b8915,Input Validity,Lidar,Lidar Rate,10,695.11
03d71b2cbf346e23ee9158e59e2b8915,Input Validity,Odometry,Odometry Rate,50,695.11
03d71b2cbf346e23ee9158e59e2b8915,Input Validity,TF,TF Rate,10,695.11
03d71b2cbf346e23ee9158e59e2b8915,Localization Stability,TF,Jump Angular,0,696.1
03d71b2cbf346e23ee9158e59e2b8915,Localization Stability,TF,Jump Linear,0,696.1
03d71b2cbf346e23ee9158e59e2b8915,Input Validity,Lidar,Lidar Rate,10,695.21
03d71b2cbf346e23ee9158e59e2b8915,Input Validity,Odometry,Odometry Rate,50,695.21
03d71b2cbf346e23ee9158e59e2b8915,Input Validity,TF,TF Rate,10,695.21
03d71b2cbf346e23ee9158e59e2b8915,Localization Quality,AMCLPose,CovYawYaw,0.00336829,695.2
03d71b2cbf346e23ee9158e59e2b8915,Localization Quality,AMCLPose,CovYY,0.00142199,695.2
03d71b2cbf346e23ee9158e59e2b8915,Localization Quality,AMCLPose,CovXX,0.00704253,695.2
03d71b2cbf346e23ee9158e59e2b8915,Localization Quality,AMCLPose,MeanYaw,-3.06493,695.2
03d71b2cbf346e23ee9158e59e2b8915,Localization Quality,AMCLPose,MeanY,-0.200277,695.2
03d71b2cbf346e23ee9158e59e2b8915,Localization Quality,AMCLPose,MeanX,-0.201248,695.2
03d71b2cbf346e23ee9158e59e2b8915,Localization Stability,TF,Jump Angular,-0.00108591,696.2
03d71b2cbf346e23ee9158e59e2b8915,Localization Stability,TF,Jump Linear,0.00207758,696.2
03d71b2cbf346e23ee9158e59e2b8915,Input Validity,Lidar,Lidar Rate,10,695.31
03d71b2cbf346e23ee9158e59e2b8915,Input Validity,Odometry,Odometry Rate,50,695.31
03d71b2cbf346e23ee9158e59e2b8915,Input Validity,TF,TF Rate,10,695.31
03d71b2cbf346e23ee9158e59e2b8915,Localization Stability,TF,Jump Angular,0,696.3
03d71b2cbf346e23ee9158e59e2b8915,Localization Stability,TF,Jump Linear,0,696.3
03d71b2cbf346e23ee9158e59e2b8915,Input Validity,Lidar,Lidar Rate,10,695.41
03d71b2cbf346e23ee9158e59e2b8915,Input Validity,Odometry,Odometry Rate,50,695.41
03d71b2cbf346e23ee9158e59e2b8915,Input Validity,TF,TF Rate,10,695.41
03d71b2cbf346e23ee9158e59e2b8915,Localization Stability,TF,Jump Angular,0,696.4
03d71b2cbf346e23ee9158e59e2b8915,Localization Stability,TF,Jump Linear,0,696.4
03d71b2cbf346e23ee9158e59e2b8915,Input Validity,Lidar,Lidar Rate,10,695.51
03d71b2cbf346e23ee9158e59e2b8915,Input Validity,Odometry,Odometry Rate,50,695.51
03d71b2cbf346e23ee9158e59e2b8915,Input Validity,TF,TF Rate,10,695.51
03d71b2cbf346e23ee9158e59e2b8915,Localization Quality,AMCLPose,CovYawYaw,0.00363038,695.5
03d71b2cbf346e23ee9158e59e2b8915,Localization Quality,AMCLPose,CovYY,0.00143965,695.5
03d71b2cbf346e23ee9158e59e2b8915,Localization Quality,AMCLPose,CovXX,0.00730707,695.5
03d71b2cbf346e23ee9158e59e2b8915,Localization Quality,AMCLPose,MeanYaw,-3.0286,695.5
03d71b2cbf346e23ee9158e59e2b8915,Localization Quality,AMCLPose,MeanY,-0.213303,695.5
03d71b2cbf346e23ee9158e59e2b8915,Localization Quality,AMCLPose,MeanX,-0.334812,695.5
03d71b2cbf346e23ee9158e59e2b8915,Localization Stability,TF,Jump Angular,0.00234266,696.5
03d71b2cbf346e23ee9158e59e2b8915,Localization Stability,TF,Jump Linear,0.00106227,696.5
03d71b2cbf346e23ee9158e59e2b8915,Input Validity,Lidar,Lidar Rate,10,695.61
03d71b2cbf346e23ee9158e59e2b8915,Input Validity,Odometry,Odometry Rate,50,695.61
03d71b2cbf346e23ee9158e59e2b8915,Input Validity,TF,TF Rate,10,695.61
03d71b2cbf346e23ee9158e59e2b8915,Localization Stability,TF,Jump Angular,0,696.6
03d71b2cbf346e23ee9158e59e2b8915,Localization Stability,TF,Jump Linear,0,696.6
03d71b2cbf346e23ee9158e59e2b8915,Input Validity,Lidar,Lidar Rate,10,695.71
03d71b2cbf346e23ee9158e59e2b8915,Input Validity,Odometry,Odometry Rate,50,695.71
03d71b2cbf346e23ee9158e59e2b8915,Input Validity,TF,TF Rate,10,695.71
03d71b2cbf346e23ee9158e59e2b8915,Localization Stability,TF,Jump Angular,0,696.7
03d71b2cbf346e23ee9158e59e2b8915,Localization Stability,TF,Jump Linear,0,696.7
03d71b2cbf346e23ee9158e59e2b8915,Input Validity,Lidar,Lidar Rate,10,695.81
03d71b2cbf346e23ee9158e59e2b8915,Input Validity,Odometry,Odometry Rate,50,695.81
03d71b2cbf346e23ee9158e59e2b8915,Input Validity,TF,TF Rate,10,695.81
03d71b2cbf346e23ee9158e59e2b8915,Localization Quality,AMCLPose,CovYawYaw,0.00372355,695.8
03d71b2cbf346e23ee9158e59e2b8915,Localization Quality,AMCLPose,CovYY,0.00140516,695.8
03d71b2cbf346e23ee9158e59e2b8915,Localization Quality,AMCLPose,CovXX,0.00760993,695.8
03d71b2cbf346e23ee9158e59e2b8915,Localization Quality,AMCLPose,MeanYaw,-2.98011,695.8
03d71b2cbf346e23ee9158e59e2b8915,Localization Quality,AMCLPose,MeanY,-0.232442,695.8
03d71b2cbf346e23ee9158e59e2b8915,Localization Quality,AMCLPose,MeanX,-0.4707,695.8
03d71b2cbf346e23ee9158e59e2b8915,Localization Stability,TF,Jump Angular,0.00049214,696.8
03d71b2cbf346e23ee9158e59e2b8915,Localization Stability,TF,Jump Linear,0.00220659,696.8
03d71b2cbf346e23ee9158e59e2b8915,Input Validity,Lidar,Lidar Rate,10,695.91
03d71b2cbf346e23ee9158e59e2b8915,Input Validity,Odometry,Odometry Rate,50,695.91
03d71b2cbf346e23ee9158e59e2b8915,Input Validity,TF,TF Rate,10,695.91
03d71b2cbf346e23ee9158e59e2b8915,Localization Stability,TF,Jump Angular,0,696.9
03d71b2cbf346e23ee9158e59e2b8915,Localization Stability,TF,Jump Linear,0,696.9
03d71b2cbf346e23ee9158e59e2b8915,Input Validity,Lidar,Lidar Rate,10,696.01
03d71b2cbf346e23ee9158e59e2b8915,Input Validity,Odometry,Odometry Rate,50,696.01
03d71b2cbf346e23ee9158e59e2b8915,Input Validity,TF,TF Rate,10,696.01
03d71b2cbf346e23ee9158e59e2b8915,Localization Stability,TF,Jump Angular,0,697
03d71b2cbf346e23ee9158e59e2b8915,Localization Stability,TF,Jump Linear,0,697
03d71b2cbf346e23ee9158e59e2b8915,Input Validity,Lidar,Lidar Rate,10,696.11
03d71b2cbf346e23ee9158e59e2b8915,Input Validity,Odometry,Odometry Rate,50,696.11
03d71b2cbf346e23ee9158e59e2b8915,Input Validity,TF,TF Rate,10,696.11
03d71b2cbf346e23ee9158e59e2b8915,Localization Quality,AMCLPose,CovYawYaw,0.00383943,696.1
03d71b2cbf346e23ee9158e59e2b8915,Localization Quality,AMCLPose,CovYY,0.00146374,696.1
03d71b2cbf346e23ee9158e59e2b8915,Localization Quality,AMCLPose,CovXX,0.00775805,696.1
03d71b2cbf346e23ee9158e59e2b8915,Localization Quality,AMCLPose,MeanYaw,-2.91759,696.1
03d71b2cbf346e23ee9158e59e2b8915,Localization Quality,AMCLPose,MeanY,-0.259012,696.1
03d71b2cbf346e23ee9158e59e2b8915,Localization Quality,AMCLPose,MeanX,-0.602217,696.1
03d71b2cbf346e23ee9158e59e2b8915,Localization Stability,TF,Jump Angular,0.000989412,697.1
03d71b2cbf346e23ee9158e59e2b8915,Localization Stability,TF,Jump Linear,0.0010846,697.1
03d71b2cbf346e23ee9158e59e2b8915,Input Validity,Lidar,Lidar Rate,10,696.21
03d71b2cbf346e23ee9158e59e2b8915,Input Validity,Odometry,Odometry Rate,50,696.21
03d71b2cbf346e23ee9158e59e2b8915,Input Validity,TF,TF Rate,10,696.21
03d71b2cbf346e23ee9158e59e2b8915,Localization Stability,TF,Jump Angular,0,697.2
03d71b2cbf346e23ee9158e59e2b8915,Localization Stability,TF,Jump Linear,0,697.2
03d71b2cbf346e23ee9158e59e2b8915,Input Validity,Lidar,Lidar Rate,10,696.31
03d71b2cbf346e23ee9158e59e2b8915,Input Validity,Odometry,Odometry Rate,50,696.31
03d71b2cbf346e23ee9158e59e2b8915,Input Validity,TF,TF Rate,10,696.31
03d71b2cbf346e23ee9158e59e2b8915,Localization Stability,TF,Jump Angular,0,697.3
03d71b2cbf346e23ee9158e59e2b8915,Localization Stability,TF,Jump Linear,0,697.3
03d71b2cbf346e23ee9158e59e2b8915,Input Validity,Lidar,Lidar Rate,10,696.4
03d71b2cbf346e23ee9158e59e2b8915,Input Validity,Odometry,Odometry Rate,50,696.4
03d71b2cbf346e23ee9158e59e2b8915,Input Validity,TF,TF Rate,10,696.4
03d71b2cbf346e23ee9158e59e2b8915,Localization Quality,AMCLPose,CovYawYaw,0.00368077,696.4
03d71b2cbf346e23ee9158e59e2b8915,Localization Quality,AMCLPose,CovYY,0.00155761,696.4
03d71b2cbf346e23ee9158e59e2b8915,Localization Quality,AMCLPose,CovXX,0.00808177,696.4
03d71b2cbf346e23ee9158e59e2b8915,Localization Quality,AMCLPose,MeanYaw,-2.84617,696.4
03d71b2cbf346e23ee9158e59e2b8915,Localization Quality,AMCLPose,MeanY,-0.293563,696.4
03d71b2cbf346e23ee9158e59e2b8915,Localization Quality,AMCLPose,MeanX,-0.73394,696.4
03d71b2cbf346e23ee9158e59e2b8915,Localization Stability,TF,Jump Angular,0.000369438,697.4
03d71b2cbf346e23ee9158e59e2b8915,Localization Stability,TF,Jump Linear,0.0012851,697.4
03d71b2cbf346e23ee9158e59e2b8915,Input Validity,Lidar,Lidar Rate,10,696.5
03d71b2cbf346e23ee9158e59e2b8915,Input Validity,Odometry,Odometry Rate,50,696.5
03d71b2cbf346e23ee9158e59e2b8915,Input Validity,TF,TF Rate,10,696.5
03d71b2cbf346e23ee9158e59e2b8915,Localization Stability,TF,Jump Angular,0,697.5
03d71b2cbf346e23ee9158e59e2b8915,Localization Stability,TF,Jump Linear,0,697.5
03d71b2cbf346e23ee9158e59e2b8915,Input Validity,Lidar,Lidar Rate,10,696.6
03d71b2cbf346e23ee9158e59e2b8915,Input Validity,Odometry,Odometry Rate,50,696.6
03d71b2cbf346e23ee9158e59e2b8915,Input Validity,TF,TF Rate,10,696.6
03d71b2cbf346e23ee9158e59e2b8915,Localization Stability,TF,Jump Angular,0,697.6
03d71b2cbf346e23ee9158e59e2b8915,Localization Stability,TF,Jump Linear,0,697.6
03d71b2cbf346e23ee9158e59e2b8915,Input Validity,Lidar,Lidar Rate,10,696.7
03d71b2cbf346e23ee9158e59e2b8915,Input Validity,Odometry,Odometry Rate,50,696.7
03d71b2cbf346e23ee9158e59e2b8915,Input Validity,TF,TF Rate,10,696.7
03d71b2cbf346e23ee9158e59e2b8915,Localization Quality,AMCLPose,CovYawYaw,0.00388484,696.7
03d71b2cbf346e23ee9158e59e2b8915,Localization Quality,AMCLPose,CovYY,0.00173048,696.7
03d71b2cbf346e23ee9158e59e2b8915,Localization Quality,AMCLPose,CovXX,0.0084576,696.7
03d71b2cbf346e23ee9158e59e2b8915,Localization Quality,AMCLPose,MeanYaw,-2.77451,696.7
03d71b2cbf346e23ee9158e59e2b8915,Localization Quality,AMCLPose,MeanY,-0.338975,696.7
03d71b2cbf346e23ee9158e59e2b8915,Localization Quality,AMCLPose,MeanX,-0.863708,696.7
03d71b2cbf346e23ee9158e59e2b8915,Localization Stability,TF,Jump Angular,-0.00177527,697.7
03d71b2cbf346e23ee9158e59e2b8915,Localization Stability,TF,Jump Linear,0.00359681,697.7
03d71b2cbf346e23ee9158e59e2b8915,Input Validity,Lidar,Lidar Rate,10,696.8
03d71b2cbf346e23ee9158e59e2b8915,Input Validity,Odometry,Odometry Rate,50,696.8
03d71b2cbf346e23ee9158e59e2b8915,Input Validity,TF,TF Rate,10,696.8
03d71b2cbf346e23ee9158e59e2b8915,Localization Stability,TF,Jump Angular,0,697.8
03d71b2cbf346e23ee9158e59e2b8915,Localization Stability,TF,Jump Linear,0,697.8
03d71b2cbf346e23ee9158e59e2b8915,Input Validity,Lidar,Lidar Rate,10,696.9
03d71b2cbf346e23ee9158e59e2b8915,Input Validity,Odometry,Odometry Rate,50,696.9
03d71b2cbf346e23ee9158e59e2b8915,Input Validity,TF,TF Rate,10,696.9
03d71b2cbf346e23ee9158e59e2b8915,Localization Stability,TF,Jump Angular,0,697.9
03d71b2cbf346e23ee9158e59e2b8915,Localization Stability,TF,Jump Linear,0,697.9
03d71b2cbf346e23ee9158e59e2b8915,Input Validity,Lidar,Lidar Rate,10,697
03d71b2cbf346e23ee9158e59e2b8915,Input Validity,Odometry,Odometry Rate,50,697
03d71b2cbf346e23ee9158e59e2b8915,Input Validity,TF,TF Rate,10,697
03d71b2cbf346e23ee9158e59e2b8915,Localization Quality,AMCLPose,CovYawYaw,0.00279939,697
03d71b2cbf346e23ee9158e59e2b8915,Localization Quality,AMCLPose,CovYY,0.00189805,697
03d71b2cbf346e23ee9158e59e2b8915,Localization Quality,AMCLPose,CovXX,0.00769014,697
03d71b2cbf346e23ee9158e59e2b8915,Localization Quality,AMCLPose,MeanYaw,-2.70753,697
03d71b2cbf346e23ee9158e59e2b8915,Localization Quality,AMCLPose,MeanY,-0.388946,697
03d71b2cbf346e23ee9158e59e2b8915,Localization Quality,AMCLPose,MeanX,-0.977425,697
03d71b2cbf346e23ee9158e59e2b8915,Localization Stability,TF,Jump Angular,-0.0052644,698
03d71b2cbf346e23ee9158e59e2b8915,Localization Stability,TF,Jump Linear,0.0111315,698
03d71b2cbf346e23ee9158e59e2b8915,Input Validity,Lidar,Lidar Rate,10,697.1
03d71b2cbf346e23ee9158e59e2b8915,Input Validity,Odometry,Odometry Rate,50,697.1
03d71b2cbf346e23ee9158e59e2b8915,Input Validity,TF,TF Rate,10,697.1
03d71b2cbf346e23ee9158e59e2b8915,Localization Stability,TF,Jump Angular,0,698.1
03d71b2cbf346e23ee9158e59e2b8915,Localization Stability,TF,Jump Linear,0,698.1
03d71b2cbf346e23ee9158e59e2b8915,Input Validity,Lidar,Lidar Rate,10,697.2
03d71b2cbf346e23ee9158e59e2b8915,Input Validity,Odometry,Odometry Rate,50,697.2
03d71b2cbf346e23ee9158e59e2b8915,Input Validity,TF,TF Rate,10,697.2
03d71b2cbf346e23ee9158e59e2b8915,Localization Stability,TF,Jump Angular,0,698.2
03d71b2cbf346e23ee9158e59e2b8915,Localization Stability,TF,Jump Linear,0,698.2
03d71b2cbf346e23ee9158e59e2b8915,Input Validity,Lidar,Lidar Rate,10,697.3
03d71b2cbf346e23ee9158e59e2b8915,Input Validity,Odometry,Odometry Rate,50,697.3
03d71b2cbf346e23ee9158e59e2b8915,Input Validity,TF,TF Rate,10,697.3
03d71b2cbf346e23ee9158e59e2b8915,Localization Quality,AMCLPose,CovYawYaw,0.00241166,697.3
03d71b2cbf346e23ee9158e59e2b8915,Localization Quality,AMCLPose,CovYY,0.00226399,697.3
03d71b2cbf346e23ee9158e59e2b8915,Localization Quality,AMCLPose,CovXX,0.00692613,697.3
03d71b2cbf346e23ee9158e59e2b8915,Localization Quality,AMCLPose,MeanYaw,-2.63984,697.3
03d71b2cbf346e23ee9158e59e2b8915,Localization Quality,AMCLPose,MeanY,-0.447726,697.3
03d71b2cbf346e23ee9158e59e2b8915,Localization Quality,AMCLPose,MeanX,-1.08977,697.3
03d71b2cbf346e23ee9158e59e2b8915,Localization Stability,TF,Jump Angular,4.49297e-05,698.3
03d71b2cbf346e23ee9158e59e2b8915,Localization Stability,TF,Jump Linear,0.0083803,698.3
03d71b2cbf346e23ee9158e59e2b8915,Input Validity,Lidar,Lidar Rate,10,697.4
03d71b2cbf346e23ee9158e59e2b8915,Input Validity,Odometry,Odometry Rate,50,697.4
03d71b2cbf346e23ee9158e59e2b8915,Input Validity,TF,TF Rate,10,697.4
03d71b2cbf346e23ee9158e59e2b8915,Localization Stability,TF,Jump Angular,0,698.4
03d71b2cbf346e23ee9158e59e2b8915,Localization Stability,TF,Jump Linear,0,698.4
03d71b2cbf346e23ee9158e59e2b8915,Input Validity,Lidar,Lidar Rate,10,697.5
03d71b2cbf346e23ee9158e59e2b8915,Input Validity,Odometry,Odometry Rate,50,697.5
03d71b2cbf346e23ee9158e59e2b8915,Input Validity,TF,TF Rate,10,697.5
03d71b2cbf346e23ee9158e59e2b8915,Localization Stability,TF,Jump Angular,0,698.5
03d71b2cbf346e23ee9158e59e2b8915,Localization Stability,TF,Jump Linear,0,698.5
03d71b2cbf346e23ee9158e59e2b8915,Input Validity,Lidar,Lidar Rate,10,697.6
03d71b2cbf346e23ee9158e59e2b8915,Input Validity,Odometry,Odometry Rate,50,697.6
03d71b2cbf346e23ee9158e59e2b8915,Input Validity,TF,TF Rate,10,697.6
03d71b2cbf346e23ee9158e59e2b8915,Localization Quality,AMCLPose,CovYawYaw,0.00194928,697.6
03d71b2cbf346e23ee9158e59e2b8915,Localization Quality,AMCLPose,CovYY,0.00268806,697.6
03d71b2cbf346e23ee9158e59e2b8915,Localization Quality,AMCLPose,CovXX,0.00652696,697.6
03d71b2cbf346e23ee9158e59e2b8915,Localization Quality,AMCLPose,MeanYaw,-2.57778,697.6
03d71b2cbf346e23ee9158e59e2b8915,Localization Quality,AMCLPose,MeanY,-0.51619,697.6
03d71b2cbf346e23ee9158e59e2b8915,Localization Quality,AMCLPose,MeanX,-1.20327,697.6
03d71b2cbf346e23ee9158e59e2b8915,Localization Stability,TF,Jump Angular,0.000439018,698.6
03d71b2cbf346e23ee9158e59e2b8915,Localization Stability,TF,Jump Linear,0.00273869,698.6
03d71b2cbf346e23ee9158e59e2b8915,Input Validity,Lidar,Lidar Rate,10,697.7
03d71b2cbf346e23ee9158e59e2b8915,Input Validity,Odometry,Odometry Rate,50,697.7
03d71b2cbf346e23ee9158e59e2b8915,Input Validity,TF,TF Rate,10,697.7
03d71b2cbf346e23ee9158e59e2b8915,Localization Stability,TF,Jump Angular,0,698.7
03d71b2cbf346e23ee9158e59e2b8915,Localization Stability,TF,Jump Linear,0,698.7
03d71b2cbf346e23ee9158e59e2b8915,Input Validity,Lidar,Lidar Rate,10,697.8
03d71b2cbf346e23ee9158e59e2b8915,Input Validity,Odometry,Odometry Rate,50,697.8
03d71b2cbf346e23ee9158e59e2b8915,Input Validity,TF,TF Rate,10,697.8
03d71b2cbf346e23ee9158e59e2b8915,Localization Stability,TF,Jump Angular,0,698.8
03d71b2cbf346e23ee9158e59e2b8915,Localization Stability,TF,Jump Linear,0,698.8
03d71b2cbf346e23ee9158e59e2b8915,Input Validity,Lidar,Lidar Rate,10,697.9
03d71b2cbf346e23ee9158e59e2b8915,Input Validity,Odometry,Odometry Rate,50,697.9
03d71b2cbf346e23ee9158e59e2b8915,Input Validity,TF,TF Rate,10,697.9
03d71b2cbf346e23ee9158e59e2b8915,Localization Quality,AMCLPose,CovYawYaw,0.003805,697.9
03d71b2cbf346e23ee9158e59e2b8915,Localization Quality,AMCLPose,CovYY,0.00338816,697.9
03d71b2cbf346e23ee9158e59e2b8915,Localization Quality,AMCLPose,CovXX,0.00731053,697.9
03d71b2cbf346e23ee9158e59e2b8915,Localization Quality,AMCLPose,MeanYaw,-2.52388,697.9
03d71b2cbf346e23ee9158e59e2b8915,Localization Quality,AMCLPose,MeanY,-0.588707,697.9
03d71b2cbf346e23ee9158e59e2b8915,Localization Quality,AMCLPose,MeanX,-1.3169,697.9
03d71b2cbf346e23ee9158e59e2b8915,Localization Stability,TF,Jump Angular,-0.00139464,698.9
03d71b2cbf346e23ee9158e59e2b8915,Localization Stability,TF,Jump Linear,0.00153275,698.9
03d71b2cbf346e23ee9158e59e2b8915,Input Validity,Lidar,Lidar Rate,10,698
03d71b2cbf346e23ee9158e59e2b8915,Input Validity,Odometry,Odometry Rate,50,698
03d71b2cbf346e23ee9158e59e2b8915,Input Validity,TF,TF Rate,10,698
03d71b2cbf346e23ee9158e59e2b8915,Localization Stability,TF,Jump Angular,0,699
03d71b2cbf346e23ee9158e59e2b8915,Localization Stability,TF,Jump Linear,0,699
03d71b2cbf346e23ee9158e59e2b8915,Input Validity,Lidar,Lidar Rate,10,698.1
03d71b2cbf346e23ee9158e59e2b8915,Input Validity,Odometry,Odometry Rate,50,698.1
03d71b2cbf346e23ee9158e59e2b8915,Input Validity,TF,TF Rate,10,698.1
03d71b2cbf346e23ee9158e59e2b8915,Localization Stability,TF,Jump Angular,0,699.1
03d71b2cbf346e23ee9158e59e2b8915,Localization Stability,TF,Jump Linear,0,699.1
03d71b2cbf346e23ee9158e59e2b8915,Input Validity,Lidar,Lidar Rate,10,698.2
03d71b2cbf346e23ee9158e59e2b8915,Input Validity,Odometry,Odometry Rate,50,698.2
03d71b2cbf346e23ee9158e59e2b8915,Input Validity,TF,TF Rate,10,698.2
03d71b2cbf346e23ee9158e59e2b8915,Localization Stability,TF,Jump Angular,0,699.2
03d71b2cbf346e23ee9158e59e2b8915,Localization Stability,TF,Jump Linear,0,699.2
03d71b2cbf346e23ee9158e59e2b8915,Input Validity,Lidar,Lidar Rate,10,698.3
03d71b2cbf346e23ee9158e59e2b8915,Input Validity,Odometry,Odometry Rate,50,698.3
03d71b2cbf346e23ee9158e59e2b8915,Input Validity,TF,TF Rate,10,698.3
03d71b2cbf346e23ee9158e59e2b8915,Localization Quality,AMCLPose,CovYawYaw,0.00750187,698.3
03d71b2cbf346e23ee9158e59e2b8915,Localization Quality,AMCLPose,CovYY,0.00437737,698.3
03d71b2cbf346e23ee9158e59e2b8915,Localization Quality,AMCLPose,CovXX,0.0088201,698.3
03d71b2cbf346e23ee9158e59e2b8915,Localization Quality,AMCLPose,MeanYaw,-2.4628,698.3
03d71b2cbf346e23ee9158e59e2b8915,Localization Quality,AMCLPose,MeanY,-0.694252,698.3
03d71b2cbf346e23ee9158e59e2b8915,Localization Quality,AMCLPose,MeanX,-1.45584,698.3
03d71b2cbf346e23ee9158e59e2b8915,Localization Stability,TF,Jump Angular,-0.00125555,699.3
03d71b2cbf346e23ee9158e59e2b8915,Localization Stability,TF,Jump Linear,0.00507382,699.3
03d71b2cbf346e23ee9158e59e2b8915,Input Validity,Lidar,Lidar Rate,10,698.4
03d71b2cbf346e23ee9158e59e2b8915,Input Validity,Odometry,Odometry Rate,50,698.4
03d71b2cbf346e23ee9158e59e2b8915,Input Validity,TF,TF Rate,10,698.4
03d71b2cbf346e23ee9158e59e2b8915,Localization Stability,TF,Jump Angular,0,699.4
03d71b2cbf346e23ee9158e59e2b8915,Localization Stability,TF,Jump Linear,0,699.4
03d71b2cbf346e23ee9158e59e2b8915,Input Validity,Lidar,Lidar Rate,10,698.5
03d71b2cbf346e23ee9158e59e2b8915,Input Validity,Odometry,Odometry Rate,50,698.5
03d71b2cbf346e23ee9158e59e2b8915,Input Validity,TF,TF Rate,10,698.5
03d71b2cbf346e23ee9158e59e2b8915,Localization Stability,TF,Jump Angular,0,699.5
03d71b2cbf346e23ee9158e59e2b8915,Localization Stability,TF,Jump Linear,0,699.5
03d71b2cbf346e23ee9158e59e2b8915,Input Validity,Lidar,Lidar Rate,10,698.6
03d71b2cbf346e23ee9158e59e2b8915,Input Validity,Odometry,Odometry Rate,50,698.6
03d71b2cbf346e23ee9158e59e2b8915,Input Validity,TF,TF Rate,10,698.6
03d71b2cbf346e23ee9158e59e2b8915,Localization Stability,TF,Jump Angular,0,699.6
03d71b2cbf346e23ee9158e59e2b8915,Localization Stability,TF,Jump Linear,0,699.6
03d71b2cbf346e23ee9158e59e2b8915,Input Validity,Lidar,Lidar Rate,10,698.7
03d71b2cbf346e23ee9158e59e2b8915,Input Validity,Odometry,Odometry Rate,50,698.7
03d71b2cbf346e23ee9158e59e2b8915,Input Validity,TF,TF Rate,10,698.7
03d71b2cbf346e23ee9158e59e2b8915,Localization Quality,AMCLPose,CovYawYaw,0.0109469,698.7
03d71b2cbf346e23ee9158e59e2b8915,Localization Quality,AMCLPose,CovYY,0.00607312,698.7
03d71b2cbf346e23ee9158e59e2b8915,Localization Quality,AMCLPose,CovXX,0.0102259,698.7
03d71b2cbf346e23ee9158e59e2b8915,Localization Quality,AMCLPose,MeanYaw,-2.42218,698.7
03d71b2cbf346e23ee9158e59e2b8915,Localization Quality,AMCLPose,MeanY,-0.809109,698.7
03d71b2cbf346e23ee9158e59e2b8915,Localization Quality,AMCLPose,MeanX,-1.5908,698.7
03d71b2cbf346e23ee9158e59e2b8915,Localization Stability,TF,Jump Angular,0.00135026,699.7
03d71b2cbf346e23ee9158e59e2b8915,Localization Stability,TF,Jump Linear,0.00392952,699.7
03d71b2cbf346e23ee9158e59e2b8915,Input Validity,Lidar,Lidar Rate,10,698.8
03d71b2cbf346e23ee9158e59e2b8915,Input Validity,Odometry,Odometry Rate,50,698.8
03d71b2cbf346e23ee9158e59e2b8915,Input Validity,TF,TF Rate,10,698.8
03d71b2cbf346e23ee9158e59e2b8915,Localization Stability,TF,Jump Angular,0,699.8
03d71b2cbf346e23ee9158e59e2b8915,Localization Stability,TF,Jump Linear,0,699.8
03d71b2cbf346e23ee9158e59e2b8915,Input Validity,Lidar,Lidar Rate,10,698.9
03d71b2cbf346e23ee9158e59e2b8915,Input Validity,Odometry,Odometry Rate,50,698.9
03d71b2cbf346e23ee9158e59e2b8915,Input Validity,TF,TF Rate,10,698.9
03d71b2cbf346e23ee9158e59e2b8915,Localization Stability,TF,Jump Angular,0,699.9
03d71b2cbf346e23ee9158e59e2b8915,Localization Stability,TF,Jump Linear,0,699.9
03d71b2cbf346e23ee9158e59e2b8915,Input Validity,Lidar,Lidar Rate,10,698.99
03d71b2cbf346e23ee9158e59e2b8915,Input Validity,Odometry,Odometry Rate,50,698.99
03d71b2cbf346e23ee9158e59e2b8915,Input Validity,TF,TF Rate,10,698.99
03d71b2cbf346e23ee9158e59e2b8915,Localization Quality,AMCLPose,CovYawYaw,0.0133963,699
03d71b2cbf346e23ee9158e59e2b8915,Localization Quality,AMCLPose,CovYY,0.00737436,699
03d71b2cbf346e23ee9158e59e2b8915,Localization Quality,AMCLPose,CovXX,0.0113181,699
03d71b2cbf346e23ee9158e59e2b8915,Localization Quality,AMCLPose,MeanYaw,-2.40063,699
03d71b2cbf346e23ee9158e59e2b8915,Localization Quality,AMCLPose,MeanY,-0.897795,699
03d71b2cbf346e23ee9158e59e2b8915,Localization Quality,AMCLPose,MeanX,-1.68953,699
03d71b2cbf346e23ee9158e59e2b8915,Localization Stability,TF,Jump Angular,0.000305253,700
03d71b2cbf346e23ee9158e59e2b8915,Localization Stability,TF,Jump Linear,0.00250841,700
03d71b2cbf346e23ee9158e59e2b8915,Input Validity,Lidar,Lidar Rate,10,699.09
03d71b2cbf346e23ee9158e59e2b8915,Input Validity,Odometry,Odometry Rate,50,699.09
03d71b2cbf346e23ee9158e59e2b8915,Input Validity,TF,TF Rate,10,699.09
03d71b2cbf346e23ee9158e59e2b8915,Localization Stability,TF,Jump Angular,0,700.1
03d71b2cbf346e23ee9158e59e2b8915,Localization Stability,TF,Jump Linear,0,700.1
03d71b2cbf346e23ee9158e59e2b8915,Input Validity,Lidar,Lidar Rate,10,699.19
03d71b2cbf346e23ee9158e59e2b8915,Input Validity,Odometry,Odometry Rate,50,699.19
03d71b2cbf346e23ee9158e59e2b8915,Input Validity,TF,TF Rate,10,699.19
03d71b2cbf346e23ee9158e59e2b8915,Localization Stability,TF,Jump Angular,0,700.2
03d71b2cbf346e23ee9158e59e2b8915,Localization Stability,TF,Jump Linear,0,700.2
03d71b2cbf346e23ee9158e59e2b8915,Input Validity,Lidar,Lidar Rate,10,699.29
03d71b2cbf346e23ee9158e59e2b8915,Input Validity,Odometry,Odometry Rate,50,699.29
03d71b2cbf346e23ee9158e59e2b8915,Input Validity,TF,TF Rate,10,699.29
03d71b2cbf346e23ee9158e59e2b8915,Localization Quality,AMCLPose,CovYawYaw,0.0157752,699.3
03d71b2cbf346e23ee9158e59e2b8915,Localization Quality,AMCLPose,CovYY,0.00902469,699.3
03d71b2cbf346e23ee9158e59e2b8915,Localization Quality,AMCLPose,CovXX,0.0131616,699.3
03d71b2cbf346e23ee9158e59e2b8915,Localization Quality,AMCLPose,MeanYaw,-2.37721,699.3
03d71b2cbf346e23ee9158e59e2b8915,Localization Quality,AMCLPose,MeanY,-0.989146,699.3
03d71b2cbf346e23ee9158e59e2b8915,Localization Quality,AMCLPose,MeanX,-1.78713,699.3
03d71b2cbf346e23ee9158e59e2b8915,Localization Stability,TF,Jump Angular,-0.00143599,700.3
03d71b2cbf346e23ee9158e59e2b8915,Localization Stability,TF,Jump Linear,0.00250363,700.3
03d71b2cbf346e23ee9158e59e2b8915,Input Validity,Lidar,Lidar Rate,10,699.39
03d71b2cbf346e23ee9158e59e2b8915,Input Validity,Odometry,Odometry Rate,50,699.39
03d71b2cbf346e23ee9158e59e2b8915,Input Validity,TF,TF Rate,10,699.39
03d71b2cbf346e23ee9158e59e2b8915,Localization Stability,TF,Jump Angular,0,700.4
03d71b2cbf346e23ee9158e59e2b8915,Localization Stability,TF,Jump Linear,0,700.4
03d71b2cbf346e23ee9158e59e2b8915,Input Validity,Lidar,Lidar Rate,10,699.49
03d71b2cbf346e23ee9158e59e2b8915,Input Validity,Odometry,Odometry Rate,50,699.49
03d71b2cbf346e23ee9158e59e2b8915,Input Validity,TF,TF Rate,10,699.49
03d71b2cbf346e23ee9158e59e2b8915,Localization Stability,TF,Jump Angular,0,700.5
03d71b2cbf346e23ee9158e59e2b8915,Localization Stability,TF,Jump Linear,0,700.5
03d71b2cbf346e23ee9158e59e2b8915,Input Validity,Lidar,Lidar Rate,10,699.59
03d71b2cbf346e23ee9158e59e2b8915,Input Validity,Odometry,Odometry Rate,50,699.59
03d71b2cbf346e23ee9158e59e2b8915,Input Validity,TF,TF Rate,10,699.59
03d71b2cbf346e23ee9158e59e2b8915,Localization Quality,AMCLPose,CovYawYaw,0.0173063,699.6
03d71b2cbf346e23ee9158e59e2b8915,Localization Quality,AMCLPose,CovYY,0.0108256,699.6
03d71b2cbf346e23ee9158e59e2b8915,Localization Quality,AMCLPose,CovXX,0.0149023,699.6
03d71b2cbf346e23ee9158e59e2b8915,Localization Quality,AMCLPose,MeanYaw,-2.35378,699.6
03d71b2cbf346e23ee9158e59e2b8915,Localization Quality,AMCLPose,MeanY,-1.07846,699.6
03d71b2cbf346e23ee9158e59e2b8915,Localization Quality,AMCLPose,MeanX,-1.88375,699.6
03d71b2cbf346e23ee9158e59e2b8915,Localization Stability,TF,Jump Angular,-0.00587663,700.6
03d71b2cbf346e23ee9158e59e2b8915,Localization Stability,TF,Jump Linear,0.00708084,700.6
03d71b2cbf346e23ee9158e59e2b8915,Input Validity,Lidar,Lidar Rate,10,699.69
03d71b2cbf346e23ee9158e59e2b8915,Input Validity,Odometry,Odometry Rate,50,699.69
03d71b2cbf346e23ee9158e59e2b8915,Input Validity,TF,TF Rate,10,699.69
03d71b2cbf346e23ee9158e59e2b8915,Localization Stability,TF,Jump Angular,0,700.7
03d71b2cbf346e23ee9158e59e2b8915,Localization Stability,TF,Jump Linear,0,700.7
03d71b2cbf346e23ee9158e59e2b8915,Input Validity,Lidar,Lidar Rate,10,699.79
03d71b2cbf346e23ee9158e59e2b8915,Input Validity,Odometry,Odometry Rate,50,699.79
03d71b2cbf346e23ee9158e59e2b8915,Input Validity,TF,TF Rate,10,699.79
03d71b2cbf346e23ee9158e59e2b8915,Localization Stability,TF,Jump Angular,0,700.8
03d71b2cbf346e23ee9158e59e2b8915,Localization Stability,TF,Jump Linear,0,700.8
03d71b2cbf346e23ee9158e59e2b8915,Input Validity,Lidar,Lidar Rate,10,699.89
03d71b2cbf346e23ee9158e59e2b8915,Input Validity,Odometry,Odometry Rate,50,699.89
03d71b2cbf346e23ee9158e59e2b8915,Input Validity,TF,TF Rate,10,699.89
03d71b2cbf346e23ee9158e59e2b8915,Localization Quality,AMCLPose,CovYawYaw,0.0204232,699.9
03d71b2cbf346e23ee9158e59e2b8915,Localization Quality,AMCLPose,CovYY,0.0129279,699.9
03d71b2cbf346e23ee9158e59e2b8915,Localization Quality,AMCLPose,CovXX,0.0179095,699.9
03d71b2cbf346e23ee9158e59e2b8915,Localization Quality,AMCLPose,MeanYaw,-2.31827,699.9
03d71b2cbf346e23ee9158e59e2b8915,Localization Quality,AMCLPose,MeanY,-1.17602,699.9
03d71b2cbf346e23ee9158e59e2b8915,Localization Quality,AMCLPose,MeanX,-1.97266,699.9
03d71b2cbf346e23ee9158e59e2b8915,Localization Stability,TF,Jump Angular,0.00160467,700.9
03d71b2cbf346e23ee9158e59e2b8915,Localization Stability,TF,Jump Linear,0.00439804,700.9
03d71b2cbf346e23ee9158e59e2b8915,Input Validity,Lidar,Lidar Rate,10,699.99
03d71b2cbf346e23ee9158e59e2b8915,Input Validity,Odometry,Odometry Rate,50,699.99
03d71b2cbf346e23ee9158e59e2b8915,Input Validity,TF,TF Rate,10,699.99
03d71b2cbf346e23ee9158e59e2b8915,Localization Stability,TF,Jump Angular,0,701
03d71b2cbf346e23ee9158e59e2b8915,Localization Stability,TF,Jump Linear,0,701
03d71b2cbf346e23ee9158e59e2b8915,Input Validity,Lidar,Lidar Rate,10,700.09
03d71b2cbf346e23ee9158e59e2b8915,Input Validity,Odometry,Odometry Rate,50,700.09
03d71b2cbf346e23ee9158e59e2b8915,Input Validity,TF,TF Rate,10,700.09
03d71b2cbf346e23ee9158e59e2b8915,Localization Stability,TF,Jump Angular,0,701.1
03d71b2cbf346e23ee9158e59e2b8915,Localization Stability,TF,Jump Linear,0,701.1
03d71b2cbf346e23ee9158e59e2b8915,Input Validity,Lidar,Lidar Rate,10,700.19
03d71b2cbf346e23ee9158e59e2b8915,Input Validity,Odometry,Odometry Rate,50,700.19
03d71b2cbf346e23ee9158e59e2b8915,Input Validity,TF,TF Rate,10,700.19
03d71b2cbf346e23ee9158e59e2b8915,Localization Quality,AMCLPose,CovYawYaw,0.0237237,700.2
03d71b2cbf346e23ee9158e59e2b8915,Localization Quality,AMCLPose,CovYY,0.0150081,700.2
03d71b2cbf346e23ee9158e59e2b8915,Localization Quality,AMCLPose,CovXX,0.0206489,700.2
03d71b2cbf346e23ee9158e59e2b8915,Localization Quality,AMCLPose,MeanYaw,-2.28082,700.2
03d71b2cbf346e23ee9158e59e2b8915,Localization Quality,AMCLPose,MeanY,-1.27318,700.2
03d71b2cbf346e23ee9158e59e2b8915,Localization Quality,AMCLPose,MeanX,-2.05725,700.2
03d71b2cbf346e23ee9158e59e2b8915,Localization Stability,TF,Jump Angular,0.00112315,701.2
03d71b2cbf346e23ee9158e59e2b8915,Localization Stability,TF,Jump Linear,0.00479447,701.2
03d71b2cbf346e23ee9158e59e2b8915,Input Validity,Lidar,Lidar Rate,10,700.29
03d71b2cbf346e23ee9158e59e2b8915,Input Validity,Odometry,Odometry Rate,50,700.29
03d71b2cbf346e23ee9158e59e2b8915,Input Validity,TF,TF Rate,10,700.29
03d71b2cbf346e23ee9158e59e2b8915,Localization Stability,TF,Jump Angular,0,701.3
03d71b2cbf346e23ee9158e59e2b8915,Localization Stability,TF,Jump Linear,0,701.3
03d71b2cbf346e23ee9158e59e2b8915,Input Validity,Lidar,Lidar Rate,10,700.39
03d71b2cbf346e23ee9158e59e2b8915,Input Validity,Odometry,Odometry Rate,50,700.39
03d71b2cbf346e23ee9158e59e2b8915,Input Validity,TF,TF Rate,10,700.39
03d71b2cbf346e23ee9158e59e2b8915,Localization Stability,TF,Jump Angular,0,701.4
03d71b2cbf346e23ee9158e59e2b8915,Localization Stability,TF,Jump Linear,0,701.4
03d71b2cbf346e23ee9158e59e2b8915,Input Validity,Lidar,Lidar Rate,10,700.49
03d71b2cbf346e23ee9158e59e2b8915,Input Validity,Odometry,Odometry Rate,50,700.49
03d71b2cbf346e23ee9158e59e2b8915,Input Validity,TF,TF Rate,10,700.49
03d71b2cbf346e23ee9158e59e2b8915,Localization Stability,TF,Jump Angular,0,701.5
03d71b2cbf346e23ee9158e59e2b8915,Localization Stability,TF,Jump Linear,0,701.5
03d71b2cbf346e23ee9158e59e2b8915,Input Validity,Lidar,Lidar Rate,10,700.59
03d71b2cbf346e23ee9158e59e2b8915,Input Validity,Odometry,Odometry Rate,50,700.59
03d71b2cbf346e23ee9158e59e2b8915,Input Validity,TF,TF Rate,10,700.59
03d71b2cbf346e23ee9158e59e2b8915,Localization Quality,AMCLPose,CovYawYaw,0.0267084,700.6
03d71b2cbf346e23ee9158e59e2b8915,Localization Quality,AMCLPose,CovYY,0.0182345,700.6
03d71b2cbf346e23ee9158e59e2b8915,Localization Quality,AMCLPose,CovXX,0.0225455,700.6
03d71b2cbf346e23ee9158e59e2b8915,Localization Quality,AMCLPose,MeanYaw,-2.23652,700.6
03d71b2cbf346e23ee9158e59e2b8915,Localization Quality,AMCLPose,MeanY,-1.38579,700.6
03d71b2cbf346e23ee9158e59e2b8915,Localization Quality,AMCLPose,MeanX,-2.14609,700.6
03d71b2cbf346e23ee9158e59e2b8915,Localization Stability,TF,Jump Angular,0.00225091,701.6
03d71b2cbf346e23ee9158e59e2b8915,Localization Stability,TF,Jump Linear,0.0079159,701.6
03d71b2cbf346e23ee9158e59e2b8915,Input Validity,Lidar,Lidar Rate,10,700.69
03d71b2cbf346e23ee9158e59e2b8915,Input Validity,Odometry,Odometry Rate,50,700.69
03d71b2cbf346e23ee9158e59e2b8915,Input Validity,TF,TF Rate,10,700.69
03d71b2cbf346e23ee9158e59e2b8915,Localization Stability,TF,Jump Angular,0,701.7
03d71b2cbf346e23ee9158e59e2b8915,Localization Stability,TF,Jump Linear,0,701.7
03d71b2cbf346e23ee9158e59e2b8915,Input Validity,Lidar,Lidar Rate,10,700.79
03d71b2cbf346e23ee9158e59e2b8915,Input Validity,Odometry,Odometry Rate,50,700.79
03d71b2cbf346e23ee9158e59e2b8915,Input Validity,TF,TF Rate,10,700.79
03d71b2cbf346e23ee9158e59e2b8915,Localization Stability,TF,Jump Angular,0,701.8
03d71b2cbf346e23ee9158e59e2b8915,Localization Stability,TF,Jump Linear,0,701.8
03d71b2cbf346e23ee9158e59e2b8915,Input Validity,Lidar,Lidar Rate,10,700.89
03d71b2cbf346e23ee9158e59e2b8915,Input Validity,Odometry,Odometry Rate,50,700.89
03d71b2cbf346e23ee9158e59e2b8915,Input Validity,TF,TF Rate,10,700.89
03d71b2cbf346e23ee9158e59e2b8915,Localization Stability,TF,Jump Angular,0,701.9
03d71b2cbf346e23ee9158e59e2b8915,Localization Stability,TF,Jump Linear,0,701.9
03d71b2cbf346e23ee9158e59e2b8915,Input Validity,Lidar,Lidar Rate,10,700.99
03d71b2cbf346e23ee9158e59e2b8915,Input Validity,Odometry,Odometry Rate,50,700.99
03d71b2cbf346e23ee9158e59e2b8915,Input Validity,TF,TF Rate,10,700.99
03d71b2cbf346e23ee9158e59e2b8915,Localization Quality,AMCLPose,CovYawYaw,0.0279884,701
03d71b2cbf346e23ee9158e59e2b8915,Localization Quality,AMCLPose,CovYY,0.0206574,701
03d71b2cbf346e23ee9158e59e2b8915,Localization Quality,AMCLPose,CovXX,0.0253786,701
03d71b2cbf346e23ee9158e59e2b8915,Localization Quality,AMCLPose,MeanYaw,-2.19744,701
03d71b2cbf346e23ee9158e59e2b8915,Localization Quality,AMCLPose,MeanY,-1.48069,701
03d71b2cbf346e23ee9158e59e2b8915,Localization Quality,AMCLPose,MeanX,-2.21414,701
03d71b2cbf346e23ee9158e59e2b8915,Localization Stability,TF,Jump Angular,0.000767131,702
03d71b2cbf346e23ee9158e59e2b8915,Localization Stability,TF,Jump Linear,0.00352297,702
03d71b2cbf346e23ee9158e59e2b8915,Input Validity,Lidar,Lidar Rate,10,701.09
03d71b2cbf346e23ee9158e59e2b8915,Input Validity,Odometry,Odometry Rate,50,701.09
03d71b2cbf346e23ee9158e59e2b8915,Input Validity,TF,TF Rate,10,701.09
03d71b2cbf346e23ee9158e59e2b8915,Localization Stability,TF,Jump Angular,0,702.1
03d71b2cbf346e23ee9158e59e2b8915,Localization Stability,TF,Jump Linear,0,702.1
03d71b2cbf346e23ee9158e59e2b8915,Input Validity,Lidar,Lidar Rate,10,701.19
03d71b2cbf346e23ee9158e59e2b8915,Input Validity,Odometry,Odometry Rate,50,701.19
03d71b2cbf346e23ee9158e59e2b8915,Input Validity,TF,TF Rate,10,701.19
03d71b2cbf346e23ee9158e59e2b8915,Localization Stability,TF,Jump Angular,0,702.2
03d71b2cbf346e23ee9158e59e2b8915,Localization Stability,TF,Jump Linear,0,702.2
03d71b2cbf346e23ee9158e59e2b8915,Input Validity,Lidar,Lidar Rate,10,701.29
03d71b2cbf346e23ee9158e59e2b8915,Input Validity,Odometry,Odometry Rate,50,701.29
03d71b2cbf346e23ee9158e59e2b8915,Input Validity,TF,TF Rate,10,701.29
03d71b2cbf346e23ee9158e59e2b8915,Localization Stability,TF,Jump Angular,0,702.3
03d71b2cbf346e23ee9158e59e2b8915,Localization Stability,TF,Jump Linear,0,702.3
03d71b2cbf346e23ee9158e59e2b8915,Input Validity,Lidar,Lidar Rate,10,701.39
03d71b2cbf346e23ee9158e59e2b8915,Input Validity,Odometry,Odometry Rate,50,701.39
03d71b2cbf346e23ee9158e59e2b8915,Input Validity,TF,TF Rate,10,701.39
03d71b2cbf346e23ee9158e59e2b8915,Localization Stability,TF,Jump Angular,0,702.4
03d71b2cbf346e23ee9158e59e2b8915,Localization Stability,TF,Jump Linear,0,702.4
03d71b2cbf346e23ee9158e59e2b8915,Input Validity,Lidar,Lidar Rate,10,701.49
03d71b2cbf346e23ee9158e59e2b8915,Input Validity,Odometry,Odometry Rate,50,701.49
03d71b2cbf346e23ee9158e59e2b8915,Input Validity,TF,TF Rate,10,701.49
03d71b2cbf346e23ee9158e59e2b8915,Localization Quality,AMCLPose,CovYawYaw,0.0291928,701.5
03d71b2cbf346e23ee9158e59e2b8915,Localization Quality,AMCLPose,CovYY,0.0231184,701.5
03d71b2cbf346e23ee9158e59e2b8915,Localization Quality,AMCLPose,CovXX,0.0295397,701.5
03d71b2cbf346e23ee9158e59e2b8915,Localization Quality,AMCLPose,MeanYaw,-2.16857,701.5
03d71b2cbf346e23ee9158e59e2b8915,Localization Quality,AMCLPose,MeanY,-1.57006,701.5
03d71b2cbf346e23ee9158e59e2b8915,Localization Quality,AMCLPose,MeanX,-2.28219,701.5
03d71b2cbf346e23ee9158e59e2b8915,Localization Stability,TF,Jump Angular,-0.00199754,702.5
03d71b2cbf346e23ee9158e59e2b8915,Localization Stability,TF,Jump Linear,0.00172311,702.5
03d71b2cbf346e23ee9158e59e2b8915,Input Validity,Lidar,Lidar Rate,10,701.58
03d71b2cbf346e23ee9158e59e2b8915,Input Validity,Odometry,Odometry Rate,50,701.58
03d71b2cbf346e23ee9158e59e2b8915,Input Validity,TF,TF Rate,10,701.58
03d71b2cbf346e23ee9158e59e2b8915,Localization Stability,TF,Jump Angular,0,702.6
03d71b2cbf346e23ee9158e59e2b8915,Localization Stability,TF,Jump Linear,0,702.6
03d71b2cbf346e23ee9158e59e2b8915,Input Validity,Lidar,Lidar Rate,10,701.68
03d71b2cbf346e23ee9158e59e2b8915,Input Validity,Odometry,Odometry Rate,50,701.68
03d71b2cbf346e23ee9158e59e2b8915,Input Validity,TF,TF Rate,10,701.68
03d71b2cbf346e23ee9158e59e2b8915,Localization Stability,TF,Jump Angular,0,702.7
03d71b2cbf346e23ee9158e59e2b8915,Localization Stability,TF,Jump Linear,0,702.7
03d71b2cbf346e23ee9158e59e2b8915,Input Validity,Lidar,Lidar Rate,10,701.78
03d71b2cbf346e23ee9158e59e2b8915,Input Validity,Odometry,Odometry Rate,50,701.78
03d71b2cbf346e23ee9158e59e2b8915,Input Validity,TF,TF Rate,10,701.78
03d71b2cbf346e23ee9158e59e2b8915,Localization Stability,TF,Jump Angular,0,702.8
03d71b2cbf346e23ee9158e59e2b8915,Localization Stability,TF,Jump Linear,0,702.8
03d71b2cbf346e23ee9158e59e2b8915,Input Validity,Lidar,Lidar Rate,10,701.88
03d71b2cbf346e23ee9158e59e2b8915,Input Validity,Odometry,Odometry Rate,50,701.88
03d71b2cbf346e23ee9158e59e2b8915,Input Validity,TF,TF Rate,10,701.88
03d71b2cbf346e23ee9158e59e2b8915,Localization Stability,TF,Jump Angular,0,702.9
03d71b2cbf346e23ee9158e59e2b8915,Localization Stability,TF,Jump Linear,0,702.9
03d71b2cbf346e23ee9158e59e2b8915,Input Validity,Lidar,Lidar Rate,10,701.98
03d71b2cbf346e23ee9158e59e2b8915,Input Validity,Odometry,Odometry Rate,50,701.98
03d71b2cbf346e23ee9158e59e2b8915,Input Validity,TF,TF Rate,10,701.98
03d71b2cbf346e23ee9158e59e2b8915,Localization Stability,TF,Jump Angular,0,703
03d71b2cbf346e23ee9158e59e2b8915,Localization Stability,TF,Jump Linear,0,703
03d71b2cbf346e23ee9158e59e2b8915,Input Validity,Lidar,Lidar Rate,10,702.08
03d71b2cbf346e23ee9158e59e2b8915,Input Validity,Odometry,Odometry Rate,50,702.08
03d71b2cbf346e23ee9158e59e2b8915,Input Validity,TF,TF Rate,10,702.08
03d71b2cbf346e23ee9158e59e2b8915,Localization Stability,TF,Jump Angular,0,703.1
03d71b2cbf346e23ee9158e59e2b8915,Localization Stability,TF,Jump Linear,0,703.1
03d71b2cbf346e23ee9158e59e2b8915,Input Validity,Lidar,Lidar Rate,10,702.18
03d71b2cbf346e23ee9158e59e2b8915,Input Validity,Odometry,Odometry Rate,50,702.18
03d71b2cbf346e23ee9158e59e2b8915,Input Validity,TF,TF Rate,10,702.18
03d71b2cbf346e23ee9158e59e2b8915,Localization Quality,AMCLPose,CovYawYaw,0.0305764,702.2
03d71b2cbf346e23ee9158e59e2b8915,Localization Quality,AMCLPose,CovYY,0.0259218,702.2
03d71b2cbf346e23ee9158e59e2b8915,Localization Quality,AMCLPose,CovXX,0.034742,702.2
03d71b2cbf346e23ee9158e59e2b8915,Localization Quality,AMCLPose,MeanYaw,-2.15521,702.2
03d71b2cbf346e23ee9158e59e2b8915,Localization Quality,AMCLPose,MeanY,-1.66634,702.2
03d71b2cbf346e23ee9158e59e2b8915,Localization Quality,AMCLPose,MeanX,-2.3496,702.2
03d71b2cbf346e23ee9158e59e2b8915,Localization Stability,TF,Jump Angular,-0.00381189,703.2
03d71b2cbf346e23ee9158e59e2b8915,Localization Stability,TF,Jump Linear,0.00813205,703.2
03d71b2cbf346e23ee9158e59e2b8915,Input Validity,Lidar,Lidar Rate,10,702.28
03d71b2cbf346e23ee9158e59e2b8915,Input Validity,Odometry,Odometry Rate,50,702.28
03d71b2cbf346e23ee9158e59e2b8915,Input Validity,TF,TF Rate,10,702.28
03d71b2cbf346e23ee9158e59e2b8915,Localization Stability,TF,Jump Angular,0,703.3
03d71b2cbf346e23ee9158e59e2b8915,Localization Stability,TF,Jump Linear,0,703.3
03d71b2cbf346e23ee9158e59e2b8915,Input Validity,Lidar,Lidar Rate,10,702.38
03d71b2cbf346e23ee9158e59e2b8915,Input Validity,Odometry,Odometry Rate,50,702.38
03d71b2cbf346e23ee9158e59e2b8915,Input Validity,TF,TF Rate,10,702.38
03d71b2cbf346e23ee9158e59e2b8915,Localization Stability,TF,Jump Angular,0,703.4
03d71b2cbf346e23ee9158e59e2b8915,Localization Stability,TF,Jump Linear,0,703.4
03d71b2cbf346e23ee9158e59e2b8915,Input Validity,Lidar,Lidar Rate,10,702.48
03d71b2cbf346e23ee9158e59e2b8915,Input Validity,Odometry,Odometry Rate,50,702.48
03d71b2cbf346e23ee9158e59e2b8915,Input Validity,TF,TF Rate,10,702.48
03d71b2cbf346e23ee9158e59e2b8915,Localization Stability,TF,Jump Angular,0,703.5
03d71b2cbf346e23ee9158e59e2b8915,Localization Stability,TF,Jump Linear,0,703.5
03d71b2cbf346e23ee9158e59e2b8915,Input Validity,Lidar,Lidar Rate,10,702.58
03d71b2cbf346e23ee9158e59e2b8915,Input Validity,Odometry,Odometry Rate,50,702.58
03d71b2cbf346e23ee9158e59e2b8915,Input Validity,TF,TF Rate,10,702.58
03d71b2cbf346e23ee9158e59e2b8915,Localization Stability,TF,Jump Angular,0,703.6
03d71b2cbf346e23ee9158e59e2b8915,Localization Stability,TF,Jump Linear,0,703.6
03d71b2cbf346e23ee9158e59e2b8915,Input Validity,Lidar,Lidar Rate,10,702.68
03d71b2cbf346e23ee9158e59e2b8915,Input Validity,Odometry,Odometry Rate,50,702.68
03d71b2cbf346e23ee9158e59e2b8915,Input Validity,TF,TF Rate,10,702.68
03d71b2cbf346e23ee9158e59e2b8915,Localization Stability,TF,Jump Angular,0,703.7
03d71b2cbf346e23ee9158e59e2b8915,Localization Stability,TF,Jump Linear,0,703.7
03d71b2cbf346e23ee9158e59e2b8915,Input Validity,Lidar,Lidar Rate,10,702.78
03d71b2cbf346e23ee9158e59e2b8915,Input Validity,Odometry,Odometry Rate,50,702.78
03d71b2cbf346e23ee9158e59e2b8915,Input Validity,TF,TF Rate,10,702.78
03d71b2cbf346e23ee9158e59e2b8915,Localization Stability,TF,Jump Angular,0,703.8
03d71b2cbf346e23ee9158e59e2b8915,Localization Stability,TF,Jump Linear,0,703.8
03d71b2cbf346e23ee9158e59e2b8915,Input Validity,Lidar,Lidar Rate,10,702.88
03d71b2cbf346e23ee9158e59e2b8915,Input Validity,Odometry,Odometry Rate,50,702.88
03d71b2cbf346e23ee9158e59e2b8915,Input Validity,TF,TF Rate,10,702.88
03d71b2cbf346e23ee9158e59e2b8915,Localization Stability,TF,Jump Angular,0,703.9
03d71b2cbf346e23ee9158e59e2b8915,Localization Stability,TF,Jump Linear,0,703.9
03d71b2cbf346e23ee9158e59e2b8915,Input Validity,Lidar,Lidar Rate,10,702.98
03d71b2cbf346e23ee9158e59e2b8915,Input Validity,Odometry,Odometry Rate,50,702.98
03d71b2cbf346e23ee9158e59e2b8915,Input Validity,TF,TF Rate,10,702.98
03d71b2cbf346e23ee9158e59e2b8915,Localization Stability,TF,Jump Angular,0,704
03d71b2cbf346e23ee9158e59e2b8915,Localization Stability,TF,Jump Linear,0,704
03d71b2cbf346e23ee9158e59e2b8915,Input Validity,Lidar,Lidar Rate,10,703.08
03d71b2cbf346e23ee9158e59e2b8915,Input Validity,Odometry,Odometry Rate,50,703.08
03d71b2cbf346e23ee9158e59e2b8915,Input Validity,TF,TF Rate,10,703.08
03d71b2cbf346e23ee9158e59e2b8915,Localization Stability,TF,Jump Angular,0,704.1
03d71b2cbf346e23ee9158e59e2b8915,Localization Stability,TF,Jump Linear,0,704.1
03d71b2cbf346e23ee9158e59e2b8915,Input Validity,Lidar,Lidar Rate,10,703.18
03d71b2cbf346e23ee9158e59e2b8915,Input Validity,Odometry,Odometry Rate,50,703.18
03d71b2cbf346e23ee9158e59e2b8915,Input Validity,TF,TF Rate,10,703.18
03d71b2cbf346e23ee9158e59e2b8915,Localization Stability,TF,Jump Angular,0,704.2
03d71b2cbf346e23ee9158e59e2b8915,Localization Stability,TF,Jump Linear,0,704.2
03d71b2cbf346e23ee9158e59e2b8915,Input Validity,Lidar,Lidar Rate,10,703.28
03d71b2cbf346e23ee9158e59e2b8915,Input Validity,Odometry,Odometry Rate,50,703.28
03d71b2cbf346e23ee9158e59e2b8915,Input Validity,TF,TF Rate,10,703.28
03d71b2cbf346e23ee9158e59e2b8915,Localization Quality,AMCLPose,CovYawYaw,0.0190253,703.3
03d71b2cbf346e23ee9158e59e2b8915,Localization Quality,AMCLPose,CovYY,0.0240637,703.3
03d71b2cbf346e23ee9158e59e2b8915,Localization Quality,AMCLPose,CovXX,0.028097,703.3
03d71b2cbf346e23ee9158e59e2b8915,Localization Quality,AMCLPose,MeanYaw,-2.12373,703.3
03d71b2cbf346e23ee9158e59e2b8915,Localization Quality,AMCLPose,MeanY,-1.76776,703.3
03d71b2cbf346e23ee9158e59e2b8915,Localization Quality,AMCLPose,MeanX,-2.40815,703.3
03d71b2cbf346e23ee9158e59e2b8915,Localization Stability,TF,Jump Angular,0.00291477,704.3
03d71b2cbf346e23ee9158e59e2b8915,Localization Stability,TF,Jump Linear,0.00173043,704.3
03d71b2cbf346e23ee9158e59e2b8915,Input Validity,Lidar,Lidar Rate,10,703.38
03d71b2cbf346e23ee9158e59e2b8915,Input Validity,Odometry,Odometry Rate,50,703.38
03d71b2cbf346e23ee9158e59e2b8915,Input Validity,TF,TF Rate,10,703.38
03d71b2cbf346e23ee9158e59e2b8915,Localization Stability,TF,Jump Angular,0,704.4
03d71b2cbf346e23ee9158e59e2b8915,Localization Stability,TF,Jump Linear,0,704.4
03d71b2cbf346e23ee9158e59e2b8915,Input Validity,Lidar,Lidar Rate,10,703.48
03d71b2cbf346e23ee9158e59e2b8915,Input Validity,Odometry,Odometry Rate,50,703.48
03d71b2cbf346e23ee9158e59e2b8915,Input Validity,TF,TF Rate,10,703.48
03d71b2cbf346e23ee9158e59e2b8915,Localization Stability,TF,Jump Angular,0,704.5
03d71b2cbf346e23ee9158e59e2b8915,Localization Stability,TF,Jump Linear,0,704.5
03d71b2cbf346e23ee9158e59e2b8915,Input Validity,Lidar,Lidar Rate,10,703.58
03d71b2cbf346e23ee9158e59e2b8915,Input Validity,Odometry,Odometry Rate,50,703.58
03d71b2cbf346e23ee9158e59e2b8915,Input Validity,TF,TF Rate,10,703.58
03d71b2cbf346e23ee9158e59e2b8915,Localization Stability,TF,Jump Angular,0,704.6
03d71b2cbf346e23ee9158e59e2b8915,Localization Stability,TF,Jump Linear,0,704.6
03d71b2cbf346e23ee9158e59e2b8915,Input Validity,Lidar,Lidar Rate,10,703.68
03d71b2cbf346e23ee9158e59e2b8915,Input Validity,Odometry,Odometry Rate,50,703.68
03d71b2cbf346e23ee9158e59e2b8915,Input Validity,TF,TF Rate,10,703.68
03d71b2cbf346e23ee9158e59e2b8915,Localization Stability,TF,Jump Angular,0,704.7
03d71b2cbf346e23ee9158e59e2b8915,Localization Stability,TF,Jump Linear,0,704.7
03d71b2cbf346e23ee9158e59e2b8915,Input Validity,Lidar,Lidar Rate,10,703.78
03d71b2cbf346e23ee9158e59e2b8915,Input Validity,Odometry,Odometry Rate,50,703.78
03d71b2cbf346e23ee9158e59e2b8915,Input Validity,TF,TF Rate,10,703.78
03d71b2cbf346e23ee9158e59e2b8915,Localization Stability,TF,Jump Angular,0,704.8
03d71b2cbf346e23ee9158e59e2b8915,Localization Stability,TF,Jump Linear,0,704.8
03d71b2cbf346e23ee9158e59e2b8915,Input Validity,Lidar,Lidar Rate,10,703.88
03d71b2cbf346e23ee9158e59e2b8915,Input Validity,Odometry,Odometry Rate,50,703.88
03d71b2cbf346e23ee9158e59e2b8915,Input Validity,TF,TF Rate,10,703.88
03d71b2cbf346e23ee9158e59e2b8915,Localization Stability,TF,Jump Angular,0,704.9
03d71b2cbf346e23ee9158e59e2b8915,Localization Stability,TF,Jump Linear,0,704.9
03d71b2cbf346e23ee9158e59e2b8915,Input Validity,Lidar,Lidar Rate,10,703.97
03d71b2cbf346e23ee9158e59e2b8915,Input Validity,Odometry,Odometry Rate,50,703.97
03d71b2cbf346e23ee9158e59e2b8915,Input Validity,TF,TF Rate,10,703.97
03d71b2cbf346e23ee9158e59e2b8915,Localization Stability,TF,Jump Angular,0,705
03d71b2cbf346e23ee9158e59e2b8915,Localization Stability,TF,Jump Linear,0,705
03d71b2cbf346e23ee9158e59e2b8915,Input Validity,Lidar,Lidar Rate,10,704.07
03d71b2cbf346e23ee9158e59e2b8915,Input Validity,Odometry,Odometry Rate,50,704.07
03d71b2cbf346e23ee9158e59e2b8915,Input Validity,TF,TF Rate,10,704.07
03d71b2cbf346e23ee9158e59e2b8915,Localization Stability,TF,Jump Angular,0,705.1
03d71b2cbf346e23ee9158e59e2b8915,Localization Stability,TF,Jump Linear,0,705.1
03d71b2cbf346e23ee9158e59e2b8915,Input Validity,Lidar,Lidar Rate,10,704.17
03d71b2cbf346e23ee9158e59e2b8915,Input Validity,Odometry,Odometry Rate,50,704.17
03d71b2cbf346e23ee9158e59e2b8915,Input Validity,TF,TF Rate,10,704.17
03d71b2cbf346e23ee9158e59e2b8915,Localization Stability,TF,Jump Angular,0,705.2
03d71b2cbf346e23ee9158e59e2b8915,Localization Stability,TF,Jump Linear,0,705.2
03d71b2cbf346e23ee9158e59e2b8915,Input Validity,Lidar,Lidar Rate,10,704.27
03d71b2cbf346e23ee9158e59e2b8915,Input Validity,Odometry,Odometry Rate,50,704.27
03d71b2cbf346e23ee9158e59e2b8915,Input Validity,TF,TF Rate,10,704.27
03d71b2cbf346e23ee9158e59e2b8915,Localization Quality,AMCLPose,CovYawYaw,0.0187425,704.3
03d71b2cbf346e23ee9158e59e2b8915,Localization Quality,AMCLPose,CovYY,0.0242426,704.3
03d71b2cbf346e23ee9158e59e2b8915,Localization Quality,AMCLPose,CovXX,0.0298157,704.3
03d71b2cbf346e23ee9158e59e2b8915,Localization Quality,AMCLPose,MeanYaw,-2.21407,704.3
03d71b2cbf346e23ee9158e59e2b8915,Localization Quality,AMCLPose,MeanY,-1.81279,704.3
03d71b2cbf346e23ee9158e59e2b8915,Localization Quality,AMCLPose,MeanX,-2.43962,704.3
03d71b2cbf346e23ee9158e59e2b8915,Localization Stability,TF,Jump Angular,-0.00171949,705.3
03d71b2cbf346e23ee9158e59e2b8915,Localization Stability,TF,Jump Linear,0.00255722,705.3
03d71b2cbf346e23ee9158e59e2b8915,Input Validity,Lidar,Lidar Rate,10,704.37
03d71b2cbf346e23ee9158e59e2b8915,Input Validity,Odometry,Odometry Rate,50,704.37
03d71b2cbf346e23ee9158e59e2b8915,Input Validity,TF,TF Rate,10,704.37
03d71b2cbf346e23ee9158e59e2b8915,Localization Quality,AMCLPose,CovYawYaw,0.0183177,704.4
03d71b2cbf346e23ee9158e59e2b8915,Localization Quality,AMCLPose,CovYY,0.0244628,704.4
03d71b2cbf346e23ee9158e59e2b8915,Localization Quality,AMCLPose,CovXX,0.0297097,704.4
03d71b2cbf346e23ee9158e59e2b8915,Localization Quality,AMCLPose,MeanYaw,-2.28482,704.4
03d71b2cbf346e23ee9158e59e2b8915,Localization Quality,AMCLPose,MeanY,-1.81343,704.4
03d71b2cbf346e23ee9158e59e2b8915,Localization Quality,AMCLPose,MeanX,-2.4345,704.4
03d71b2cbf346e23ee9158e59e2b8915,Localization Stability,TF,Jump Angular,0.00225282,705.4
03d71b2cbf346e23ee9158e59e2b8915,Localization Stability,TF,Jump Linear,0.00523044,705.4
03d71b2cbf346e23ee9158e59e2b8915,Input Validity,Lidar,Lidar Rate,10,704.47
03d71b2cbf346e23ee9158e59e2b8915,Input Validity,Odometry,Odometry Rate,50,704.47
03d71b2cbf346e23ee9158e59e2b8915,Input Validity,TF,TF Rate,10,704.47
03d71b2cbf346e23ee9158e59e2b8915,Localization Quality,AMCLPose,CovYawYaw,0.0195633,704.5
03d71b2cbf346e23ee9158e59e2b8915,Localization Quality,AMCLPose,CovYY,0.02482,704.5
03d71b2cbf346e23ee9158e59e2b8915,Localization Quality,AMCLPose,CovXX,0.0318182,704.5
03d71b2cbf346e23ee9158e59e2b8915,Localization Quality,AMCLPose,MeanYaw,-2.37138,704.5
03d71b2cbf346e23ee9158e59e2b8915,Localization Quality,AMCLPose,MeanY,-1.81491,704.5
03d71b2cbf346e23ee9158e59e2b8915,Localization Quality,AMCLPose,MeanX,-2.43107,704.5
03d71b2cbf346e23ee9158e59e2b8915,Localization Stability,TF,Jump Angular,0.0034208,705.5
03d71b2cbf346e23ee9158e59e2b8915,Localization Stability,TF,Jump Linear,0.00723581,705.5
03d71b2cbf346e23ee9158e59e2b8915,Input Validity,Lidar,Lidar Rate,10,704.57
03d71b2cbf346e23ee9158e59e2b8915,Input Validity,Odometry,Odometry Rate,50,704.57
03d71b2cbf346e23ee9158e59e2b8915,Input Validity,TF,TF Rate,10,704.57
03d71b2cbf346e23ee9158e59e2b8915,Localization Quality,AMCLPose,CovYawYaw,0.0202972,704.6
03d71b2cbf346e23ee9158e59e2b8915,Localization Quality,AMCLPose,CovYY,0.0257794,704.6
03d71b2cbf346e23ee9158e59e2b8915,Localization Quality,AMCLPose,CovXX,0.0304354,704.6
03d71b2cbf346e23ee9158e59e2b8915,Localization Quality,AMCLPose,MeanYaw,-2.4805,704.6
03d71b2cbf346e23ee9158e59e2b8915,Localization Quality,AMCLPose,MeanY,-1.8163,704.6
03d71b2cbf346e23ee9158e59e2b8915,Localization Quality,AMCLPose,MeanX,-2.43407,704.6
03d71b2cbf346e23ee9158e59e2b8915,Localization Stability,TF,Jump Angular,-0.0021607,705.6
03d71b2cbf346e23ee9158e59e2b8915,Localization Stability,TF,Jump Linear,0.00675247,705.6
03d71b2cbf346e23ee9158e59e2b8915,Input Validity,Lidar,Lidar Rate,10,704.67
03d71b2cbf346e23ee9158e59e2b8915,Input Validity,Odometry,Odometry Rate,50,704.67
03d71b2cbf346e23ee9158e59e2b8915,Input Validity,TF,TF Rate,10,704.67
03d71b2cbf346e23ee9158e59e2b8915,Localization Quality,AMCLPose,CovYawYaw,0.0150438,704.7
03d71b2cbf346e23ee9158e59e2b8915,Localization Quality,AMCLPose,CovYY,0.0234019,704.7
03d71b2cbf346e23ee9158e59e2b8915,Localization Quality,AMCLPose,CovXX,0.0165932,704.7
03d71b2cbf346e23ee9158e59e2b8915,Localization Quality,AMCLPose,MeanYaw,-2.60358,704.7
03d71b2cbf346e23ee9158e59e2b8915,Localization Quality,AMCLPose,MeanY,-1.82352,704.7
03d71b2cbf346e23ee9158e59e2b8915,Localization Quality,AMCLPose,MeanX,-2.45436,704.7
03d71b2cbf346e23ee9158e59e2b8915,Localization Stability,TF,Jump Angular,0.000859192,705.7
03d71b2cbf346e23ee9158e59e2b8915,Localization Stability,TF,Jump Linear,0.0221973,705.7
03d71b2cbf346e23ee9158e59e2b8915,Input Validity,Lidar,Lidar Rate,10,704.77
03d71b2cbf346e23ee9158e59e2b8915,Input Validity,Odometry,Odometry Rate,50,704.77
03d71b2cbf346e23ee9158e59e2b8915,Input Validity,TF,TF Rate,10,704.77
03d71b2cbf346e23ee9158e59e2b8915,Localization Quality,AMCLPose,CovYawYaw,0.00994593,704.8
03d71b2cbf346e23ee9158e59e2b8915,Localization Quality,AMCLPose,CovYY,0.0194143,704.8
03d71b2cbf346e23ee9158e59e2b8915,Localization Quality,AMCLPose,CovXX,0.00853846,704.8
03d71b2cbf346e23ee9158e59e2b8915,Localization Quality,AMCLPose,MeanYaw,-2.7479,704.8
03d71b2cbf346e23ee9158e59e2b8915,Localization Quality,AMCLPose,MeanY,-1.82344,704.8
03d71b2cbf346e23ee9158e59e2b8915,Localization Quality,AMCLPose,MeanX,-2.47293,704.8
03d71b2cbf346e23ee9158e59e2b8915,Localization Stability,TF,Jump Angular,-0.00339422,705.8
03d71b2cbf346e23ee9158e59e2b8915,Localization Stability,TF,Jump Linear,0.015754,705.8
03d71b2cbf346e23ee9158e59e2b8915,Input Validity,Lidar,Lidar Rate,10,704.87
03d71b2cbf346e23ee9158e59e2b8915,Input Validity,Odometry,Odometry Rate,50,704.87
03d71b2cbf346e23ee9158e59e2b8915,Input Validity,TF,TF Rate,10,704.87
03d71b2cbf346e23ee9158e59e2b8915,Localization Quality,AMCLPose,CovYawYaw,0.00631604,704.9
03d71b2cbf346e23ee9158e59e2b8915,Localization Quality,AMCLPose,CovYY,0.0140686,704.9
03d71b2cbf346e23ee9158e59e2b8915,Localization Quality,AMCLPose,CovXX,0.00646092,704.9
03d71b2cbf346e23ee9158e59e2b8915,Localization Quality,AMCLPose,MeanYaw,-2.90449,704.9
03d71b2cbf346e23ee9158e59e2b8915,Localization Quality,AMCLPose,MeanY,-1.83104,704.9
03d71b2cbf346e23ee9158e59e2b8915,Localization Quality,AMCLPose,MeanX,-2.47698,704.9
03d71b2cbf346e23ee9158e59e2b8915,Localization Stability,TF,Jump Angular,0.0013147,705.9
03d71b2cbf346e23ee9158e59e2b8915,Localization Stability,TF,Jump Linear,0.00745426,705.9
03d71b2cbf346e23ee9158e59e2b8915,Localization Responsiveness,TTC,TTC Outcome,1,704.96
03d71b2cbf346e23ee9158e59e2b8915,Localization Responsiveness,TTC,TTC,3.14,704.96
03d71b2cbf346e23ee9158e59e2b8915,Mission Outcome,Episode Event,Recoveries,0,704.96
03d71b2cbf346e23ee9158e59e2b8915,Mission Outcome,Episode Event,Collisions,0,704.96
03d71b2cbf346e23ee9158e59e2b8915,Mission Outcome,Episode Event,Navigation Time,27,704.96
03d71b2cbf346e23ee9158e59e2b8915,Mission Outcome,Episode Event,Goal Result,1,704.96
03d71b2cbf346e23ee9158e59e2b8915,Input Validity,AMCLPose,Pose Monotonicity,0,704.96
03d71b2cbf346e23ee9158e59e2b8915,Input Validity,Lidar,Lidar Frame Mistmatch,0,704.96
03d71b2cbf346e23ee9158e59e2b8915,Input Validity,Lidar,Lidar Monotonicity,0,704.96
03d71b2cbf346e23ee9158e59e2b8915,Input Validity,Odometry,Odometry Frame Mismatch,0,704.96
03d71b2cbf346e23ee9158e59e2b8915,Input Validity,Odometry,Odometry Monotonicity,0,704.96
03d71b2cbf346e23ee9158e59e2b8915,Input Validity,TF,TF Gap Count,0,704.96
03d71b2cbf346e23ee9158e59e2b8915,Input Validity,TF,TF Frame Drop,1350,704.96
03d71b2cbf346e23ee9158e59e2b8915,Input Validity,TF,TF Monotonicity,0,704.96
03d71b2cbf346e23ee9158e59e2b8915,map,5.41993,-2.10043,50.0404,-2.475,-1.875,-173.171,1,SUCCEEDED,2,27,677.96,704.96,0.0583429,0.17769,0.721669,0.0885936,0.00382133,0.0793589,0.0348817,836.95,2709,8.6763,0.546561,0.0432147,0.505011,0,1350,0.910313
a7c9b12fedac3c9d77c027f020a5cfdb,Localization Stability,TF,Jump Angular,0,713.6
a7c9b12fedac3c9d77c027f020a5cfdb,Localization Stability,TF,Jump Linear,0,713.6
a7c9b12fedac3c9d77c027f020a5cfdb,Input Validity,Lidar,Lidar Rate,10,712.64
a7c9b12fedac3c9d77c027f020a5cfdb,Input Validity,Odometry,Odometry Rate,50,712.64
a7c9b12fedac3c9d77c027f020a5cfdb,Input Validity,TF,TF Rate,10,712.64
a7c9b12fedac3c9d77c027f020a5cfdb,Input Validity,Lidar,Lidar Rate,10,712.74
a7c9b12fedac3c9d77c027f020a5cfdb,Input Validity,Odometry,Odometry Rate,50,712.74
a7c9b12fedac3c9d77c027f020a5cfdb,Input Validity,TF,TF Rate,10,712.74
a7c9b12fedac3c9d77c027f020a5cfdb,Localization Stability,TF,Jump Angular,-0.00815985,713.7
a7c9b12fedac3c9d77c027f020a5cfdb,Localization Stability,TF,Jump Linear,0.0927352,713.7
a7c9b12fedac3c9d77c027f020a5cfdb,Input Validity,Lidar,Lidar Rate,10,712.84
a7c9b12fedac3c9d77c027f020a5cfdb,Input Validity,Odometry,Odometry Rate,50,712.84
a7c9b12fedac3c9d77c027f020a5cfdb,Input Validity,TF,TF Rate,10,712.84
a7c9b12fedac3c9d77c027f020a5cfdb,Localization Quality,AMCLPose,CovYawYaw,0.0673025,712.8
a7c9b12fedac3c9d77c027f020a5cfdb,Localization Quality,AMCLPose,CovYY,0.111842,712.8
a7c9b12fedac3c9d77c027f020a5cfdb,Localization Quality,AMCLPose,CovXX,0.17808,712.8
a7c9b12fedac3c9d77c027f020a5cfdb,Localization Quality,AMCLPose,MeanYaw,2.90032,712.8
a7c9b12fedac3c9d77c027f020a5cfdb,Localization Quality,AMCLPose,MeanY,-1.86338,712.8
a7c9b12fedac3c9d77c027f020a5cfdb,Localization Quality,AMCLPose,MeanX,-2.69919,712.8
a7c9b12fedac3c9d77c027f020a5cfdb,Localization Stability,TF,Jump Angular,0.0104164,713.8
a7c9b12fedac3c9d77c027f020a5cfdb,Localization Stability,TF,Jump Linear,0.0782903,713.8
a7c9b12fedac3c9d77c027f020a5cfdb,Input Validity,Lidar,Lidar Rate,10,712.94
a7c9b12fedac3c9d77c027f020a5cfdb,Input Validity,Odometry,Odometry Rate,50,712.94
a7c9b12fedac3c9d77c027f020a5cfdb,Input Validity,TF,TF Rate,10,712.94
a7c9b12fedac3c9d77c027f020a5cfdb,Localization Quality,AMCLPose,CovYawYaw,0.0228258,712.9
a7c9b12fedac3c9d77c027f020a5cfdb,Localization Quality,AMCLPose,CovYY,0.0669191,712.9
a7c9b12fedac3c9d77c027f020a5cfdb,Localization Quality,AMCLPose,CovXX,0.117081,712.9
a7c9b12fedac3c9d77c027f020a5cfdb,Localization Quality,AMCLPose,MeanYaw,2.8451,712.9
a7c9b12fedac3c9d77c027f020a5cfdb,Localization Quality,AMCLPose,MeanY,-1.84743,712.9
a7c9b12fedac3c9d77c027f020a5cfdb,Localization Quality,AMCLPose,MeanX,-2.61732,712.9
a7c9b12fedac3c9d77c027f020a5cfdb,Localization Stability,TF,Jump Angular,0.00905824,713.9
a7c9b12fedac3c9d77c027f020a5cfdb,Localization Stability,TF,Jump Linear,0.0840837,713.9
a7c9b12fedac3c9d77c027f020a5cfdb,Input Validity,Lidar,Lidar Rate,10,713.04
a7c9b12fedac3c9d77c027f020a5cfdb,Input Validity,Odometry,Odometry Rate,50,713.04
a7c9b12fedac3c9d77c027f020a5cfdb,Input Validity,TF,TF Rate,10,713.04
a7c9b12fedac3c9d77c027f020a5cfdb,Localization Quality,AMCLPose,CovYawYaw,0.00819161,713
a7c9b12fedac3c9d77c027f020a5cfdb,Localization Quality,AMCLPose,CovYY,0.0358698,713
a7c9b12fedac3c9d77c027f020a5cfdb,Localization Quality,AMCLPose,CovXX,0.0676435,713
a7c9b12fedac3c9d77c027f020a5cfdb,Localization Quality,AMCLPose,MeanYaw,2.79307,713
a7c9b12fedac3c9d77c027f020a5cfdb,Localization Quality,AMCLPose,MeanY,-1.83304,713
a7c9b12fedac3c9d77c027f020a5cfdb,Localization Quality,AMCLPose,MeanX,-2.57571,713
a7c9b12fedac3c9d77c027f020a5cfdb,Localization Stability,TF,Jump Angular,0.0122623,714
a7c9b12fedac3c9d77c027f020a5cfdb,Localization Stability,TF,Jump Linear,0.0548754,714
a7c9b12fedac3c9d77c027f020a5cfdb,Localization Quality,AMCLPose,CovYawYaw,0.00429472,713.1
a7c9b12fedac3c9d77c027f020a5cfdb,Localization Quality,AMCLPose,CovYY,0.0262406,713.1
a7c9b12fedac3c9d77c027f020a5cfdb,Localization Quality,AMCLPose,CovXX,0.0289176,713.1
a7c9b12fedac3c9d77c027f020a5cfdb,Localization Quality,AMCLPose,MeanYaw,2.73654,713.1
a7c9b12fedac3c9d77c027f020a5cfdb,Localization Quality,AMCLPose,MeanY,-1.81776,713.1
a7c9b12fedac3c9d77c027f020a5cfdb,Localization Quality,AMCLPose,MeanX,-2.55254,713.1
a7c9b12fedac3c9d77c027f020a5cfdb,Localization Stability,TF,Jump Angular,0.00694087,714.1
a7c9b12fedac3c9d77c027f020a5cfdb,Localization Stability,TF,Jump Linear,0.0409218,714.1
a7c9b12fedac3c9d77c027f020a5cfdb,Input Validity,Lidar,Lidar Rate,10,713.14
a7c9b12fedac3c9d77c027f020a5cfdb,Input Validity,Odometry,Odometry Rate,50,713.14
a7c9b12fedac3c9d77c027f020a5cfdb,Input Validity,TF,TF Rate,10,713.14
a7c9b12fedac3c9d77c027f020a5cfdb,Localization Quality,AMCLPose,CovYawYaw,0.00249287,713.2
a7c9b12fedac3c9d77c027f020a5cfdb,Localization Quality,AMCLPose,CovYY,0.0202403,713.2
a7c9b12fedac3c9d77c027f020a5cfdb,Localization Quality,AMCLPose,CovXX,0.0131639,713.2
a7c9b12fedac3c9d77c027f020a5cfdb,Localization Quality,AMCLPose,MeanYaw,2.68111,713.2
a7c9b12fedac3c9d77c027f020a5cfdb,Localization Quality,AMCLPose,MeanY,-1.80364,713.2
a7c9b12fedac3c9d77c027f020a5cfdb,Localization Quality,AMCLPose,MeanX,-2.56962,713.2
a7c9b12fedac3c9d77c027f020a5cfdb,Localization Stability,TF,Jump Angular,0.0039742,714.2
a7c9b12fedac3c9d77c027f020a5cfdb,Localization Stability,TF,Jump Linear,0.012537,714.2
a7c9b12fedac3c9d77c027f020a5cfdb,Input Validity,Lidar,Lidar Rate,10,713.24
a7c9b12fedac3c9d77c027f020a5cfdb,Input Validity,Odometry,Odometry Rate,50,713.24
a7c9b12fedac3c9d77c027f020a5cfdb,Input Validity,TF,TF Rate,10,713.24
a7c9b12fedac3c9d77c027f020a5cfdb,Localization Quality,AMCLPose,CovYawYaw,0.00194166,713.3
a7c9b12fedac3c9d77c027f020a5cfdb,Localization Quality,AMCLPose,CovYY,0.0159974,713.3
a7c9b12fedac3c9d77c027f020a5cfdb,Localization Quality,AMCLPose,CovXX,0.0083412,713.3
a7c9b12fedac3c9d77c027f020a5cfdb,Localization Quality,AMCLPose,MeanYaw,2.62586,713.3
a7c9b12fedac3c9d77c027f020a5cfdb,Localization Quality,AMCLPose,MeanY,-1.78789,713.3
a7c9b12fedac3c9d77c027f020a5cfdb,Localization Quality,AMCLPose,MeanX,-2.59787,713.3
a7c9b12fedac3c9d77c027f020a5cfdb,Localization Stability,TF,Jump Angular,-0.00015253,714.3
a7c9b12fedac3c9d77c027f020a5cfdb,Localization Stability,TF,Jump Linear,0.00341928,714.3
a7c9b12fedac3c9d77c027f020a5cfdb,Input Validity,Lidar,Lidar Rate,10,713.34
a7c9b12fedac3c9d77c027f020a5cfdb,Input Validity,Odometry,Odometry Rate,50,713.34
a7c9b12fedac3c9d77c027f020a5cfdb,Input Validity,TF,TF Rate,10,713.34
a7c9b12fedac3c9d77c027f020a5cfdb,Localization Quality,AMCLPose,CovYawYaw,0.00173459,713.4
a7c9b12fedac3c9d77c027f020a5cfdb,Localization Quality,AMCLPose,CovYY,0.0129656,713.4
a7c9b12fedac3c9d77c027f020a5cfdb,Localization Quality,AMCLPose,CovXX,0.0039547,713.4
a7c9b12fedac3c9d77c027f020a5cfdb,Localization Quality,AMCLPose,MeanYaw,2.5751,713.4
a7c9b12fedac3c9d77c027f020a5cfdb,Localization Quality,AMCLPose,MeanY,-1.76637,713.4
a7c9b12fedac3c9d77c027f020a5cfdb,Localization Quality,AMCLPose,MeanX,-2.63464,713.4
a7c9b12fedac3c9d77c027f020a5cfdb,Localization Stability,TF,Jump Angular,0.000727853,714.4
a7c9b12fedac3c9d77c027f020a5cfdb,Localization Stability,TF,Jump Linear,0.00226621,714.4
a7c9b12fedac3c9d77c027f020a5cfdb,Input Validity,Lidar,Lidar Rate,10,713.44
a7c9b12fedac3c9d77c027f020a5cfdb,Input Validity,Odometry,Odometry Rate,50,713.44
a7c9b12fedac3c9d77c027f020a5cfdb,Input Validity,TF,TF Rate,10,713.44
a7c9b12fedac3c9d77c027f020a5cfdb,Localization Stability,TF,Jump Angular,0,714.5
a7c9b12fedac3c9d77c027f020a5cfdb,Localization Stability,TF,Jump Linear,0,714.5
a7c9b12fedac3c9d77c027f020a5cfdb,Input Validity,Lidar,Lidar Rate,10,713.54
a7c9b12fedac3c9d77c027f020a5cfdb,Input Validity,Odometry,Odometry Rate,50,713.54
a7c9b12fedac3c9d77c027f020a5cfdb,Input Validity,TF,TF Rate,10,713.54
a7c9b12fedac3c9d77c027f020a5cfdb,Localization Quality,AMCLPose,CovYawYaw,0.00265584,713.6
a7c9b12fedac3c9d77c027f020a5cfdb,Localization Quality,AMCLPose,CovYY,0.0140408,713.6
a7c9b12fedac3c9d77c027f020a5cfdb,Localization Quality,AMCLPose,CovXX,0.00465976,713.6
a7c9b12fedac3c9d77c027f020a5cfdb,Localization Quality,AMCLPose,MeanYaw,2.48093,713.6
a7c9b12fedac3c9d77c027f020a5cfdb,Localization Quality,AMCLPose,MeanY,-1.71485,713.6
a7c9b12fedac3c9d77c027f020a5cfdb,Localization Quality,AMCLPose,MeanX,-2.70855,713.6
a7c9b12fedac3c9d77c027f020a5cfdb,Localization Stability,TF,Jump Angular,-0.000866277,714.6
a7c9b12fedac3c9d77c027f020a5cfdb,Localization Stability,TF,Jump Linear,0.00276132,714.6
a7c9b12fedac3c9d77c027f020a5cfdb,Input Validity,Lidar,Lidar Rate,10,713.64
a7c9b12fedac3c9d77c027f020a5cfdb,Input Validity,Odometry,Odometry Rate,50,713.64
a7c9b12fedac3c9d77c027f020a5cfdb,Input Validity,TF,TF Rate,10,713.64
a7c9b12fedac3c9d77c027f020a5cfdb,Localization Stability,TF,Jump Angular,0,714.7
a7c9b12fedac3c9d77c027f020a5cfdb,Localization Stability,TF,Jump Linear,0,714.7
a7c9b12fedac3c9d77c027f020a5cfdb,Input Validity,Lidar,Lidar Rate,10,713.74
a7c9b12fedac3c9d77c027f020a5cfdb,Input Validity,Odometry,Odometry Rate,50,713.74
a7c9b12fedac3c9d77c027f020a5cfdb,Input Validity,TF,TF Rate,10,713.74
a7c9b12fedac3c9d77c027f020a5cfdb,Localization Quality,AMCLPose,CovYawYaw,0.00340739,713.8
a7c9b12fedac3c9d77c027f020a5cfdb,Localization Quality,AMCLPose,CovYY,0.0145446,713.8
a7c9b12fedac3c9d77c027f020a5cfdb,Localization Quality,AMCLPose,CovXX,0.00523484,713.8
a7c9b12fedac3c9d77c027f020a5cfdb,Localization Quality,AMCLPose,MeanYaw,2.41234,713.8
a7c9b12fedac3c9d77c027f020a5cfdb,Localization Quality,AMCLPose,MeanY,-1.65487,713.8
a7c9b12fedac3c9d77c027f020a5cfdb,Localization Quality,AMCLPose,MeanX,-2.77553,713.8
a7c9b12fedac3c9d77c027f020a5cfdb,Localization Stability,TF,Jump Angular,-0.00129225,714.8
a7c9b12fedac3c9d77c027f020a5cfdb,Localization Stability,TF,Jump Linear,0.00397367,714.8
a7c9b12fedac3c9d77c027f020a5cfdb,Input Validity,Lidar,Lidar Rate,10,713.84
a7c9b12fedac3c9d77c027f020a5cfdb,Input Validity,Odometry,Odometry Rate,50,713.84
a7c9b12fedac3c9d77c027f020a5cfdb,Input Validity,TF,TF Rate,10,713.84
a7c9b12fedac3c9d77c027f020a5cfdb,Localization Stability,TF,Jump Angular,0,714.9
a7c9b12fedac3c9d77c027f020a5cfdb,Localization Stability,TF,Jump Linear,0,714.9
a7c9b12fedac3c9d77c027f020a5cfdb,Input Validity,Lidar,Lidar Rate,10,713.94
a7c9b12fedac3c9d77c027f020a5cfdb,Input Validity,Odometry,Odometry Rate,50,713.94
a7c9b12fedac3c9d77c027f020a5cfdb,Input Validity,TF,TF Rate,10,713.94
a7c9b12fedac3c9d77c027f020a5cfdb,Localization Stability,TF,Jump Angular,0,715
a7c9b12fedac3c9d77c027f020a5cfdb,Localization Stability,TF,Jump Linear,0,715
a7c9b12fedac3c9d77c027f020a5cfdb,Input Validity,Lidar,Lidar Rate,10,714.03
a7c9b12fedac3c9d77c027f020a5cfdb,Input Validity,Odometry,Odometry Rate,50,714.03
a7c9b12fedac3c9d77c027f020a5cfdb,Input Validity,TF,TF Rate,10,714.03
a7c9b12fedac3c9d77c027f020a5cfdb,Localization Quality,AMCLPose,CovYawYaw,0.00514091,714.1
a7c9b12fedac3c9d77c027f020a5cfdb,Localization Quality,AMCLPose,CovYY,0.0157967,714.1
a7c9b12fedac3c9d77c027f020a5cfdb,Localization Quality,AMCLPose,CovXX,0.00392298,714.1
a7c9b12fedac3c9d77c027f020a5cfdb,Localization Quality,AMCLPose,MeanYaw,2.38579,714.1
a7c9b12fedac3c9d77c027f020a5cfdb,Localization Quality,AMCLPose,MeanY,-1.56249,714.1
a7c9b12fedac3c9d77c027f020a5cfdb,Localization Quality,AMCLPose,MeanX,-2.87599,714.1
a7c9b12fedac3c9d77c027f020a5cfdb,Localization Stability,TF,Jump Angular,-0.00170338,715.1
a7c9b12fedac3c9d77c027f020a5cfdb,Localization Stability,TF,Jump Linear,0.00428241,715.1
a7c9b12fedac3c9d77c027f020a5cfdb,Input Validity,Lidar,Lidar Rate,10,714.13
a7c9b12fedac3c9d77c027f020a5cfdb,Input Validity,Odometry,Odometry Rate,50,714.13
a7c9b12fedac3c9d77c027f020a5cfdb,Input Validity,TF,TF Rate,10,714.13
a7c9b12fedac3c9d77c027f020a5cfdb,Localization Stability,TF,Jump Angular,0,715.2
a7c9b12fedac3c9d77c027f020a5cfdb,Localization Stability,TF,Jump Linear,0,715.2
a7c9b12fedac3c9d77c027f020a5cfdb,Input Validity,Lidar,Lidar Rate,10,714.23
a7c9b12fedac3c9d77c027f020a5cfdb,Input Validity,Odometry,Odometry Rate,50,714.23
a7c9b12fedac3c9d77c027f020a5cfdb,Input Validity,TF,TF Rate,10,714.23
a7c9b12fedac3c9d77c027f020a5cfdb,Localization Stability,TF,Jump Angular,0,715.3
a7c9b12fedac3c9d77c027f020a5cfdb,Localization Stability,TF,Jump Linear,0,715.3
a7c9b12fedac3c9d77c027f020a5cfdb,Input Validity,Lidar,Lidar Rate,10,714.33
a7c9b12fedac3c9d77c027f020a5cfdb,Input Validity,Odometry,Odometry Rate,50,714.33
a7c9b12fedac3c9d77c027f020a5cfdb,Input Validity,TF,TF Rate,10,714.33
a7c9b12fedac3c9d77c027f020a5cfdb,Localization Quality,AMCLPose,CovYawYaw,0.00678417,714.4
a7c9b12fedac3c9d77c027f020a5cfdb,Localization Quality,AMCLPose,CovYY,0.0140594,714.4
a7c9b12fedac3c9d77c027f020a5cfdb,Localization Quality,AMCLPose,CovXX,0.00396009,714.4
a7c9b12fedac3c9d77c027f020a5cfdb,Localization Quality,AMCLPose,MeanYaw,2.38881,714.4
a7c9b12fedac3c9d77c027f020a5cfdb,Localization Quality,AMCLPose,MeanY,-1.46987,714.4
a7c9b12fedac3c9d77c027f020a5cfdb,Localization Quality,AMCLPose,MeanX,-2.9747,714.4
a7c9b12fedac3c9d77c027f020a5cfdb,Localization Stability,TF,Jump Angular,-0.00217455,715.4
a7c9b12fedac3c9d77c027f020a5cfdb,Localization Stability,TF,Jump Linear,0.00657094,715.4
a7c9b12fedac3c9d77c027f020a5cfdb,Input Validity,Lidar,Lidar Rate,10,714.43
a7c9b12fedac3c9d77c027f020a5cfdb,Input Validity,Odometry,Odometry Rate,50,714.43
a7c9b12fedac3c9d77c027f020a5cfdb,Input Validity,TF,TF Rate,10,714.43
a7c9b12fedac3c9d77c027f020a5cfdb,Localization Stability,TF,Jump Angular,0,715.5
a7c9b12fedac3c9d77c027f020a5cfdb,Localization Stability,TF,Jump Linear,0,715.5
a7c9b12fedac3c9d77c027f020a5cfdb,Input Validity,Lidar,Lidar Rate,10,714.53
a7c9b12fedac3c9d77c027f020a5cfdb,Input Validity,Odometry,Odometry Rate,50,714.53
a7c9b12fedac3c9d77c027f020a5cfdb,Input Validity,TF,TF Rate,10,714.53
a7c9b12fedac3c9d77c027f020a5cfdb,Localization Stability,TF,Jump Angular,0,715.6
a7c9b12fedac3c9d77c027f020a5cfdb,Localization Stability,TF,Jump Linear,0,715.6
a7c9b12fedac3c9d77c027f020a5cfdb,Input Validity,Lidar,Lidar Rate,10,714.63
a7c9b12fedac3c9d77c027f020a5cfdb,Input Validity,Odometry,Odometry Rate,50,714.63
a7c9b12fedac3c9d77c027f020a5cfdb,Input Validity,TF,TF Rate,10,714.63
a7c9b12fedac3c9d77c027f020a5cfdb,Localization Quality,AMCLPose,CovYawYaw,0.00842416,714.7
a7c9b12fedac3c9d77c027f020a5cfdb,Localization Quality,AMCLPose,CovYY,0.0156559,714.7
a7c9b12fedac3c9d77c027f020a5cfdb,Localization Quality,AMCLPose,CovXX,0.00534482,714.7
a7c9b12fedac3c9d77c027f020a5cfdb,Localization Quality,AMCLPose,MeanYaw,2.38392,714.7
a7c9b12fedac3c9d77c027f020a5cfdb,Localization Quality,AMCLPose,MeanY,-1.37419,714.7
a7c9b12fedac3c9d77c027f020a5cfdb,Localization Quality,AMCLPose,MeanX,-3.0734,714.7
a7c9b12fedac3c9d77c027f020a5cfdb,Localization Stability,TF,Jump Angular,0.000653091,715.7
a7c9b12fedac3c9d77c027f020a5cfdb,Localization Stability,TF,Jump Linear,0.0053943,715.7
a7c9b12fedac3c9d77c027f020a5cfdb,Input Validity,Lidar,Lidar Rate,10,714.73
a7c9b12fedac3c9d77c027f020a5cfdb,Input Validity,Odometry,Odometry Rate,50,714.73
a7c9b12fedac3c9d77c027f020a5cfdb,Input Validity,TF,TF Rate,10,714.73
a7c9b12fedac3c9d77c027f020a5cfdb,Localization Stability,TF,Jump Angular,0,715.8
a7c9b12fedac3c9d77c027f020a5cfdb,Localization Stability,TF,Jump Linear,0,715.8
a7c9b12fedac3c9d77c027f020a5cfdb,Input Validity,Lidar,Lidar Rate,10,714.83
a7c9b12fedac3c9d77c027f020a5cfdb,Input Validity,Odometry,Odometry Rate,50,714.83
a7c9b12fedac3c9d77c027f020a5cfdb,Input Validity,TF,TF Rate,10,714.83
a7c9b12fedac3c9d77c027f020a5cfdb,Localization Stability,TF,Jump Angular,0,715.9
a7c9b12fedac3c9d77c027f020a5cfdb,Localization Stability,TF,Jump Linear,0,715.9
a7c9b12fedac3c9d77c027f020a5cfdb,Input Validity,Lidar,Lidar Rate,10,714.93
a7c9b12fedac3c9d77c027f020a5cfdb,Input Validity,Odometry,Odometry Rate,50,714.93
a7c9b12fedac3c9d77c027f020a5cfdb,Input Validity,TF,TF Rate,10,714.93
a7c9b12fedac3c9d77c027f020a5cfdb,Localization Quality,AMCLPose,CovYawYaw,0.00986062,715
a7c9b12fedac3c9d77c027f020a5cfdb,Localization Quality,AMCLPose,CovYY,0.0182854,715
a7c9b12fedac3c9d77c027f020a5cfdb,Localization Quality,AMCLPose,CovXX,0.00617617,715
a7c9b12fedac3c9d77c027f020a5cfdb,Localization Quality,AMCLPose,MeanYaw,2.37273,715
a7c9b12fedac3c9d77c027f020a5cfdb,Localization Quality,AMCLPose,MeanY,-1.27953,715
a7c9b12fedac3c9d77c027f020a5cfdb,Localization Quality,AMCLPose,MeanX,-3.16938,715
a7c9b12fedac3c9d77c027f020a5cfdb,Localization Stability,TF,Jump Angular,-0.00105631,716
a7c9b12fedac3c9d77c027f020a5cfdb,Localization Stability,TF,Jump Linear,0.00329233,716
a7c9b12fedac3c9d77c027f020a5cfdb,Input Validity,Lidar,Lidar Rate,10,715.03
a7c9b12fedac3c9d77c027f020a5cfdb,Input Validity,Odometry,Odometry Rate,50,715.03
a7c9b12fedac3c9d77c027f020a5cfdb,Input Validity,TF,TF Rate,10,715.03
a7c9b12fedac3c9d77c027f020a5cfdb,Localization Stability,TF,Jump Angular,0,716.1
a7c9b12fedac3c9d77c027f020a5cfdb,Localization Stability,TF,Jump Linear,0,716.1
a7c9b12fedac3c9d77c027f020a5cfdb,Input Validity,Lidar,Lidar Rate,10,715.13
a7c9b12fedac3c9d77c027f020a5cfdb,Input Validity,Odometry,Odometry Rate,50,715.13
a7c9b12fedac3c9d77c027f020a5cfdb,Input Validity,TF,TF Rate,10,715.13
a7c9b12fedac3c9d77c027f020a5cfdb,Localization Stability,TF,Jump Angular,0,716.2
a7c9b12fedac3c9d77c027f020a5cfdb,Localization Stability,TF,Jump Linear,0,716.2
a7c9b12fedac3c9d77c027f020a5cfdb,Input Validity,Lidar,Lidar Rate,10,715.23
a7c9b12fedac3c9d77c027f020a5cfdb,Input Validity,Odometry,Odometry Rate,50,715.23
a7c9b12fedac3c9d77c027f020a5cfdb,Input Validity,TF,TF Rate,10,715.23
a7c9b12fedac3c9d77c027f020a5cfdb,Localization Quality,AMCLPose,CovYawYaw,0.0119124,715.3
a7c9b12fedac3c9d77c027f020a5cfdb,Localization Quality,AMCLPose,CovYY,0.0184801,715.3
a7c9b12fedac3c9d77c027f020a5cfdb,Localization Quality,AMCLPose,CovXX,0.00785486,715.3
a7c9b12fedac3c9d77c027f020a5cfdb,Localization Quality,AMCLPose,MeanYaw,2.36234,715.3
a7c9b12fedac3c9d77c027f020a5cfdb,Localization Quality,AMCLPose,MeanY,-1.18371,715.3
a7c9b12fedac3c9d77c027f020a5cfdb,Localization Quality,AMCLPose,MeanX,-3.26918,715.3
a7c9b12fedac3c9d77c027f020a5cfdb,Localization Stability,TF,Jump Angular,-0.00366413,716.3
a7c9b12fedac3c9d77c027f020a5cfdb,Localization Stability,TF,Jump Linear,0.0103205,716.3
a7c9b12fedac3c9d77c027f020a5cfdb,Input Validity,Lidar,Lidar Rate,10,715.33
a7c9b12fedac3c9d77c027f020a5cfdb,Input Validity,Odometry,Odometry Rate,50,715.33
a7c9b12fedac3c9d77c027f020a5cfdb,Input Validity,TF,TF Rate,10,715.33
a7c9b12fedac3c9d77c027f020a5cfdb,Localization Stability,TF,Jump Angular,0,716.4
a7c9b12fedac3c9d77c027f020a5cfdb,Localization Stability,TF,Jump Linear,0,716.4
a7c9b12fedac3c9d77c027f020a5cfdb,Input Validity,Lidar,Lidar Rate,10,715.43
a7c9b12fedac3c9d77c027f020a5cfdb,Input Validity,Odometry,Odometry Rate,50,715.43
a7c9b12fedac3c9d77c027f020a5cfdb,Input Validity,TF,TF Rate,10,715.43
a7c9b12fedac3c9d77c027f020a5cfdb,Localization Stability,TF,Jump Angular,0,716.5
a7c9b12fedac3c9d77c027f020a5cfdb,Localization Stability,TF,Jump Linear,0,716.5
a7c9b12fedac3c9d77c027f020a5cfdb,Input Validity,Lidar,Lidar Rate,10,715.53
a7c9b12fedac3c9d77c027f020a5cfdb,Input Validity,Odometry,Odometry Rate,50,715.53
a7c9b12fedac3c9d77c027f020a5cfdb,Input Validity,TF,TF Rate,10,715.53
a7c9b12fedac3c9d77c027f020a5cfdb,Localization Quality,AMCLPose,CovYawYaw,0.014147,715.6
a7c9b12fedac3c9d77c027f020a5cfdb,Localization Quality,AMCLPose,CovYY,0.0209743,715.6
a7c9b12fedac3c9d77c027f020a5cfdb,Localization Quality,AMCLPose,CovXX,0.010121,715.6
a7c9b12fedac3c9d77c027f020a5cfdb,Localization Quality,AMCLPose,MeanYaw,2.37051,715.6
a7c9b12fedac3c9d77c027f020a5cfdb,Localization Quality,AMCLPose,MeanY,-1.08952,715.6
a7c9b12fedac3c9d77c027f020a5cfdb,Localization Quality,AMCLPose,MeanX,-3.36061,715.6
a7c9b12fedac3c9d77c027f020a5cfdb,Localization Stability,TF,Jump Angular,0.00106741,716.6
a7c9b12fedac3c9d77c027f020a5cfdb,Localization Stability,TF,Jump Linear,0.00461395,716.6
a7c9b12fedac3c9d77c027f020a5cfdb,Input Validity,Lidar,Lidar Rate,10,715.63
a7c9b12fedac3c9d77c027f020a5cfdb,Input Validity,Odometry,Odometry Rate,50,715.63
a7c9b12fedac3c9d77c027f020a5cfdb,Input Validity,TF,TF Rate,10,715.63
a7c9b12fedac3c9d77c027f020a5cfdb,Localization Stability,TF,Jump Angular,0,716.7
a7c9b12fedac3c9d77c027f020a5cfdb,Localization Stability,TF,Jump Linear,0,716.7
a7c9b12fedac3c9d77c027f020a5cfdb,Input Validity,Lidar,Lidar Rate,10,715.73
a7c9b12fedac3c9d77c027f020a5cfdb,Input Validity,Odometry,Odometry Rate,50,715.73
a7c9b12fedac3c9d77c027f020a5cfdb,Input Validity,TF,TF Rate,10,715.73
a7c9b12fedac3c9d77c027f020a5cfdb,Localization Stability,TF,Jump Angular,0,716.8
a7c9b12fedac3c9d77c027f020a5cfdb,Localization Stability,TF,Jump Linear,0,716.8
a7c9b12fedac3c9d77c027f020a5cfdb,Input Validity,Lidar,Lidar Rate,10,715.83
a7c9b12fedac3c9d77c027f020a5cfdb,Input Validity,Odometry,Odometry Rate,50,715.83
a7c9b12fedac3c9d77c027f020a5cfdb,Input Validity,TF,TF Rate,10,715.83
a7c9b12fedac3c9d77c027f020a5cfdb,Localization Quality,AMCLPose,CovYawYaw,0.0161357,715.9
a7c9b12fedac3c9d77c027f020a5cfdb,Localization Quality,AMCLPose,CovYY,0.0248635,715.9
a7c9b12fedac3c9d77c027f020a5cfdb,Localization Quality,AMCLPose,CovXX,0.0100797,715.9
a7c9b12fedac3c9d77c027f020a5cfdb,Localization Quality,AMCLPose,MeanYaw,2.43956,715.9
a7c9b12fedac3c9d77c027f020a5cfdb,Localization Quality,AMCLPose,MeanY,-1.00066,715.9
a7c9b12fedac3c9d77c027f020a5cfdb,Localization Quality,AMCLPose,MeanX,-3.46118,715.9
a7c9b12fedac3c9d77c027f020a5cfdb,Localization Stability,TF,Jump Angular,0.00142396,716.9
a7c9b12fedac3c9d77c027f020a5cfdb,Localization Stability,TF,Jump Linear,0.00352303,716.9
a7c9b12fedac3c9d77c027f020a5cfdb,Input Validity,Lidar,Lidar Rate,10,715.93
a7c9b12fedac3c9d77c027f020a5cfdb,Input Validity,Odometry,Odometry Rate,50,715.93
a7c9b12fedac3c9d77c027f020a5cfdb,Input Validity,TF,TF Rate,10,715.93
a7c9b12fedac3c9d77c027f020a5cfdb,Localization Stability,TF,Jump Angular,0,717
a7c9b12fedac3c9d77c027f020a5cfdb,Localization Stability,TF,Jump Linear,0,717
a7c9b12fedac3c9d77c027f020a5cfdb,Input Validity,Lidar,Lidar Rate,10,716.03
a7c9b12fedac3c9d77c027f020a5cfdb,Input Validity,Odometry,Odometry Rate,50,716.03
a7c9b12fedac3c9d77c027f020a5cfdb,Input Validity,TF,TF Rate,10,716.03
a7c9b12fedac3c9d77c027f020a5cfdb,Localization Stability,TF,Jump Angular,0,717.1
a7c9b12fedac3c9d77c027f020a5cfdb,Localization Stability,TF,Jump Linear,0,717.1
a7c9b12fedac3c9d77c027f020a5cfdb,Input Validity,Lidar,Lidar Rate,10,716.13
a7c9b12fedac3c9d77c027f020a5cfdb,Input Validity,Odometry,Odometry Rate,50,716.13
a7c9b12fedac3c9d77c027f020a5cfdb,Input Validity,TF,TF Rate,10,716.13
a7c9b12fedac3c9d77c027f020a5cfdb,Localization Quality,AMCLPose,CovYawYaw,0.0181336,716.2
a7c9b12fedac3c9d77c027f020a5cfdb,Localization Quality,AMCLPose,CovYY,0.0307031,716.2
a7c9b12fedac3c9d77c027f020a5cfdb,Localization Quality,AMCLPose,CovXX,0.0120414,716.2
a7c9b12fedac3c9d77c027f020a5cfdb,Localization Quality,AMCLPose,MeanYaw,2.48157,716.2
a7c9b12fedac3c9d77c027f020a5cfdb,Localization Quality,AMCLPose,MeanY,-0.910299,716.2
a7c9b12fedac3c9d77c027f020a5cfdb,Localization Quality,AMCLPose,MeanX,-3.56047,716.2
a7c9b12fedac3c9d77c027f020a5cfdb,Localization Stability,TF,Jump Angular,-0.00575678,717.2
a7c9b12fedac3c9d77c027f020a5cfdb,Localization Stability,TF,Jump Linear,0.0174126,717.2
a7c9b12fedac3c9d77c027f020a5cfdb,Input Validity,Lidar,Lidar Rate,10,716.23
a7c9b12fedac3c9d77c027f020a5cfdb,Input Validity,Odometry,Odometry Rate,50,716.23
a7c9b12fedac3c9d77c027f020a5cfdb,Input Validity,TF,TF Rate,10,716.23
a7c9b12fedac3c9d77c027f020a5cfdb,Localization Stability,TF,Jump Angular,0,717.3
a7c9b12fedac3c9d77c027f020a5cfdb,Localization Stability,TF,Jump Linear,0,717.3
a7c9b12fedac3c9d77c027f020a5cfdb,Input Validity,Lidar,Lidar Rate,10,716.33
a7c9b12fedac3c9d77c027f020a5cfdb,Input Validity,Odometry,Odometry Rate,50,716.33
a7c9b12fedac3c9d77c027f020a5cfdb,Input Validity,TF,TF Rate,10,716.33
a7c9b12fedac3c9d77c027f020a5cfdb,Localization Stability,TF,Jump Angular,0,717.4
a7c9b12fedac3c9d77c027f020a5cfdb,Localization Stability,TF,Jump Linear,0,717.4
a7c9b12fedac3c9d77c027f020a5cfdb,Input Validity,Lidar,Lidar Rate,10,716.43
a7c9b12fedac3c9d77c027f020a5cfdb,Input Validity,Odometry,Odometry Rate,50,716.43
a7c9b12fedac3c9d77c027f020a5cfdb,Input Validity,TF,TF Rate,10,716.43
a7c9b12fedac3c9d77c027f020a5cfdb,Localization Quality,AMCLPose,CovYawYaw,0.0211692,716.5
a7c9b12fedac3c9d77c027f020a5cfdb,Localization Quality,AMCLPose,CovYY,0.0319318,716.5
a7c9b12fedac3c9d77c027f020a5cfdb,Localization Quality,AMCLPose,CovXX,0.0146314,716.5
a7c9b12fedac3c9d77c027f020a5cfdb,Localization Quality,AMCLPose,MeanYaw,2.50865,716.5
a7c9b12fedac3c9d77c027f020a5cfdb,Localization Quality,AMCLPose,MeanY,-0.83404,716.5
a7c9b12fedac3c9d77c027f020a5cfdb,Localization Quality,AMCLPose,MeanX,-3.66927,716.5
a7c9b12fedac3c9d77c027f020a5cfdb,Localization Stability,TF,Jump Angular,-0.00366657,717.5
a7c9b12fedac3c9d77c027f020a5cfdb,Localization Stability,TF,Jump Linear,0.0182013,717.5
a7c9b12fedac3c9d77c027f020a5cfdb,Input Validity,Lidar,Lidar Rate,10,716.53
a7c9b12fedac3c9d77c027f020a5cfdb,Input Validity,Odometry,Odometry Rate,50,716.53
a7c9b12fedac3c9d77c027f020a5cfdb,Input Validity,TF,TF Rate,10,716.53
a7c9b12fedac3c9d77c027f020a5cfdb,Localization Stability,TF,Jump Angular,0,717.6
a7c9b12fedac3c9d77c027f020a5cfdb,Localization Stability,TF,Jump Linear,0,717.6
a7c9b12fedac3c9d77c027f020a5cfdb,Input Validity,Lidar,Lidar Rate,10,716.62
a7c9b12fedac3c9d77c027f020a5cfdb,Input Validity,Odometry,Odometry Rate,50,716.62
a7c9b12fedac3c9d77c027f020a5cfdb,Input Validity,TF,TF Rate,10,716.62
a7c9b12fedac3c9d77c027f020a5cfdb,Localization Stability,TF,Jump Angular,0,717.7
a7c9b12fedac3c9d77c027f020a5cfdb,Localization Stability,TF,Jump Linear,0,717.7
a7c9b12fedac3c9d77c027f020a5cfdb,Input Validity,Lidar,Lidar Rate,10,716.72
a7c9b12fedac3c9d77c027f020a5cfdb,Input Validity,Odometry,Odometry Rate,50,716.72
a7c9b12fedac3c9d77c027f020a5cfdb,Input Validity,TF,TF Rate,10,716.72
a7c9b12fedac3c9d77c027f020a5cfdb,Input Validity,Lidar,Lidar Rate,10,716.82
a7c9b12fedac3c9d77c027f020a5cfdb,Input Validity,Odometry,Odometry Rate,50,716.82
a7c9b12fedac3c9d77c027f020a5cfdb,Input Validity,TF,TF Rate,10,716.82
a7c9b12fedac3c9d77c027f020a5cfdb,Localization Quality,AMCLPose,CovYawYaw,0.0132832,716.8
a7c9b12fedac3c9d77c027f020a5cfdb,Localization Quality,AMCLPose,CovYY,0.02457,716.8
a7c9b12fedac3c9d77c027f020a5cfdb,Localization Quality,AMCLPose,CovXX,0.0131413,716.8
a7c9b12fedac3c9d77c027f020a5cfdb,Localization Quality,AMCLPose,MeanYaw,2.59068,716.8
a7c9b12fedac3c9d77c027f020a5cfdb,Localization Quality,AMCLPose,MeanY,-0.763266,716.8
a7c9b12fedac3c9d77c027f020a5cfdb,Localization Quality,AMCLPose,MeanX,-3.77661,716.8
a7c9b12fedac3c9d77c027f020a5cfdb,Localization Stability,TF,Jump Angular,-0.0029259,717.8
a7c9b12fedac3c9d77c027f020a5cfdb,Localization Stability,TF,Jump Linear,0.0173992,717.8
a7c9b12fedac3c9d77c027f020a5cfdb,Localization Stability,TF,Jump Angular,0,717.9
a7c9b12fedac3c9d77c027f020a5cfdb,Localization Stability,TF,Jump Linear,0,717.9
a7c9b12fedac3c9d77c027f020a5cfdb,Input Validity,Lidar,Lidar Rate,10,716.92
a7c9b12fedac3c9d77c027f020a5cfdb,Input Validity,Odometry,Odometry Rate,50,716.92
a7c9b12fedac3c9d77c027f020a5cfdb,Input Validity,TF,TF Rate,10,716.92
a7c9b12fedac3c9d77c027f020a5cfdb,Input Validity,Lidar,Lidar Rate,10,717.02
a7c9b12fedac3c9d77c027f020a5cfdb,Input Validity,Odometry,Odometry Rate,50,717.02
a7c9b12fedac3c9d77c027f020a5cfdb,Input Validity,TF,TF Rate,10,717.02
a7c9b12fedac3c9d77c027f020a5cfdb,Localization Quality,AMCLPose,CovYawYaw,0.00808166,717
a7c9b12fedac3c9d77c027f020a5cfdb,Localization Quality,AMCLPose,CovYY,0.0207807,717
a7c9b12fedac3c9d77c027f020a5cfdb,Localization Quality,AMCLPose,CovXX,0.0110763,717
a7c9b12fedac3c9d77c027f020a5cfdb,Localization Quality,AMCLPose,MeanYaw,2.65851,717
a7c9b12fedac3c9d77c027f020a5cfdb,Localization Quality,AMCLPose,MeanY,-0.722101,717
a7c9b12fedac3c9d77c027f020a5cfdb,Localization Quality,AMCLPose,MeanX,-3.85566,717
a7c9b12fedac3c9d77c027f020a5cfdb,Localization Stability,TF,Jump Angular,0.0059053,718
a7c9b12fedac3c9d77c027f020a5cfdb,Localization Stability,TF,Jump Linear,0.0196266,718
a7c9b12fedac3c9d77c027f020a5cfdb,Localization Stability,TF,Jump Angular,0,718.1
a7c9b12fedac3c9d77c027f020a5cfdb,Localization Stability,TF,Jump Linear,0,718.1
a7c9b12fedac3c9d77c027f020a5cfdb,Input Validity,Lidar,Lidar Rate,10,717.12
a7c9b12fedac3c9d77c027f020a5cfdb,Input Validity,Odometry,Odometry Rate,50,717.12
a7c9b12fedac3c9d77c027f020a5cfdb,Input Validity,TF,TF Rate,10,717.12
a7c9b12fedac3c9d77c027f020a5cfdb,Localization Stability,TF,Jump Angular,0,718.2
a7c9b12fedac3c9d77c027f020a5cfdb,Localization Stability,TF,Jump Linear,0,718.2
a7c9b12fedac3c9d77c027f020a5cfdb,Input Validity,Lidar,Lidar Rate,10,717.22
a7c9b12fedac3c9d77c027f020a5cfdb,Input Validity,Odometry,Odometry Rate,50,717.22
a7c9b12fedac3c9d77c027f020a5cfdb,Input Validity,TF,TF Rate,10,717.22
a7c9b12fedac3c9d77c027f020a5cfdb,Input Validity,Lidar,Lidar Rate,10,717.32
a7c9b12fedac3c9d77c027f020a5cfdb,Input Validity,Odometry,Odometry Rate,50,717.32
a7c9b12fedac3c9d77c027f020a5cfdb,Input Validity,TF,TF Rate,10,717.32
a7c9b12fedac3c9d77c027f020a5cfdb,Localization Quality,AMCLPose,CovYawYaw,0.00630028,717.3
a7c9b12fedac3c9d77c027f020a5cfdb,Localization Quality,AMCLPose,CovYY,0.0184667,717.3
a7c9b12fedac3c9d77c027f020a5cfdb,Localization Quality,AMCLPose,CovXX,0.00998423,717.3
a7c9b12fedac3c9d77c027f020a5cfdb,Localization Quality,AMCLPose,MeanYaw,2.72201,717.3
a7c9b12fedac3c9d77c027f020a5cfdb,Localization Quality,AMCLPose,MeanY,-0.662285,717.3
a7c9b12fedac3c9d77c027f020a5cfdb,Localization Quality,AMCLPose,MeanX,-3.97578,717.3
a7c9b12fedac3c9d77c027f020a5cfdb,Localization Stability,TF,Jump Angular,0.00389187,718.3
a7c9b12fedac3c9d77c027f020a5cfdb,Localization Stability,TF,Jump Linear,0.0164949,718.3
a7c9b12fedac3c9d77c027f020a5cfdb,Localization Stability,TF,Jump Angular,0,718.4
a7c9b12fedac3c9d77c027f020a5cfdb,Localization Stability,TF,Jump Linear,0,718.4
a7c9b12fedac3c9d77c027f020a5cfdb,Input Validity,Lidar,Lidar Rate,10,717.42
a7c9b12fedac3c9d77c027f020a5cfdb,Input Validity,Odometry,Odometry Rate,50,717.42
a7c9b12fedac3c9d77c027f020a5cfdb,Input Validity,TF,TF Rate,10,717.42
a7c9b12fedac3c9d77c027f020a5cfdb,Localization Stability,TF,Jump Angular,0,718.5
a7c9b12fedac3c9d77c027f020a5cfdb,Localization Stability,TF,Jump Linear,0,718.5
a7c9b12fedac3c9d77c027f020a5cfdb,Input Validity,Lidar,Lidar Rate,10,717.52
a7c9b12fedac3c9d77c027f020a5cfdb,Input Validity,Odometry,Odometry Rate,50,717.52
a7c9b12fedac3c9d77c027f020a5cfdb,Input Validity,TF,TF Rate,10,717.52
a7c9b12fedac3c9d77c027f020a5cfdb,Input Validity,Lidar,Lidar Rate,10,717.62
a7c9b12fedac3c9d77c027f020a5cfdb,Input Validity,Odometry,Odometry Rate,50,717.62
a7c9b12fedac3c9d77c027f020a5cfdb,Input Validity,TF,TF Rate,10,717.62
a7c9b12fedac3c9d77c027f020a5cfdb,Localization Quality,AMCLPose,CovYawYaw,0.00495732,717.6
a7c9b12fedac3c9d77c027f020a5cfdb,Localization Quality,AMCLPose,CovYY,0.0168076,717.6
a7c9b12fedac3c9d77c027f020a5cfdb,Localization Quality,AMCLPose,CovXX,0.00885509,717.6
a7c9b12fedac3c9d77c027f020a5cfdb,Localization Quality,AMCLPose,MeanYaw,2.75384,717.6
a7c9b12fedac3c9d77c027f020a5cfdb,Localization Quality,AMCLPose,MeanY,-0.614074,717.6
a7c9b12fedac3c9d77c027f020a5cfdb,Localization Quality,AMCLPose,MeanX,-4.09933,717.6
a7c9b12fedac3c9d77c027f020a5cfdb,Localization Stability,TF,Jump Angular,0.00116235,718.6
a7c9b12fedac3c9d77c027f020a5cfdb,Localization Stability,TF,Jump Linear,0.000328243,718.6
a7c9b12fedac3c9d77c027f020a5cfdb,Localization Stability,TF,Jump Angular,0,718.7
a7c9b12fedac3c9d77c027f020a5cfdb,Localization Stability,TF,Jump Linear,0,718.7
a7c9b12fedac3c9d77c027f020a5cfdb,Input Validity,Lidar,Lidar Rate,10,717.72
a7c9b12fedac3c9d77c027f020a5cfdb,Input Validity,Odometry,Odometry Rate,50,717.72
a7c9b12fedac3c9d77c027f020a5cfdb,Input Validity,TF,TF Rate,10,717.72
a7c9b12fedac3c9d77c027f020a5cfdb,Input Validity,Lidar,Lidar Rate,10,717.82
a7c9b12fedac3c9d77c027f020a5cfdb,Input Validity,Odometry,Odometry Rate,50,717.82
a7c9b12fedac3c9d77c027f020a5cfdb,Input Validity,TF,TF Rate,10,717.82
a7c9b12fedac3c9d77c027f020a5cfdb,Localization Quality,AMCLPose,CovYawYaw,0.00347218,717.8
a7c9b12fedac3c9d77c027f020a5cfdb,Localization Quality,AMCLPose,CovYY,0.0106394,717.8
a7c9b12fedac3c9d77c027f020a5cfdb,Localization Quality,AMCLPose,CovXX,0.0068467,717.8
a7c9b12fedac3c9d77c027f020a5cfdb,Localization Quality,AMCLPose,MeanYaw,2.84027,717.8
a7c9b12fedac3c9d77c027f020a5cfdb,Localization Quality,AMCLPose,MeanY,-0.588356,717.8
a7c9b12fedac3c9d77c027f020a5cfdb,Localization Quality,AMCLPose,MeanX,-4.18796,717.8
a7c9b12fedac3c9d77c027f020a5cfdb,Localization Stability,TF,Jump Angular,0.00418115,718.8
a7c9b12fedac3c9d77c027f020a5cfdb,Localization Stability,TF,Jump Linear,0.013505,718.8
a7c9b12fedac3c9d77c027f020a5cfdb,Localization Stability,TF,Jump Angular,0,718.9
a7c9b12fedac3c9d77c027f020a5cfdb,Localization Stability,TF,Jump Linear,0,718.9
a7c9b12fedac3c9d77c027f020a5cfdb,Input Validity,Lidar,Lidar Rate,10,717.92
a7c9b12fedac3c9d77c027f020a5cfdb,Input Validity,Odometry,Odometry Rate,50,717.92
a7c9b12fedac3c9d77c027f020a5cfdb,Input Validity,TF,TF Rate,10,717.92
a7c9b12fedac3c9d77c027f020a5cfdb,Input Validity,Lidar,Lidar Rate,10,718.02
a7c9b12fedac3c9d77c027f020a5cfdb,Input Validity,Odometry,Odometry Rate,50,718.02
a7c9b12fedac3c9d77c027f020a5cfdb,Input Validity,TF,TF Rate,10,718.02
a7c9b12fedac3c9d77c027f020a5cfdb,Localization Quality,AMCLPose,CovYawYaw,0.00309862,718
a7c9b12fedac3c9d77c027f020a5cfdb,Localization Quality,AMCLPose,CovYY,0.0073124,718
a7c9b12fedac3c9d77c027f020a5cfdb,Localization Quality,AMCLPose,CovXX,0.00611831,718
a7c9b12fedac3c9d77c027f020a5cfdb,Localization Quality,AMCLPose,MeanYaw,2.91899,718
a7c9b12fedac3c9d77c027f020a5cfdb,Localization Quality,AMCLPose,MeanY,-0.567129,718
a7c9b12fedac3c9d77c027f020a5cfdb,Localization Quality,AMCLPose,MeanX,-4.27601,718
a7c9b12fedac3c9d77c027f020a5cfdb,Localization Stability,TF,Jump Angular,0.000532387,719
a7c9b12fedac3c9d77c027f020a5cfdb,Localization Stability,TF,Jump Linear,0.00129766,719
a7c9b12fedac3c9d77c027f020a5cfdb,Localization Stability,TF,Jump Angular,0,719.1
a7c9b12fedac3c9d77c027f020a5cfdb,Localization Stability,TF,Jump Linear,0,719.1
a7c9b12fedac3c9d77c027f020a5cfdb,Input Validity,Lidar,Lidar Rate,10,718.12
a7c9b12fedac3c9d77c027f020a5cfdb,Input Validity,Odometry,Odometry Rate,50,718.12
a7c9b12fedac3c9d77c027f020a5cfdb,Input Validity,TF,TF Rate,10,718.12
a7c9b12fedac3c9d77c027f020a5cfdb,Input Validity,Lidar,Lidar Rate,10,718.22
a7c9b12fedac3c9d77c027f020a5cfdb,Input Validity,Odometry,Odometry Rate,50,718.22
a7c9b12fedac3c9d77c027f020a5cfdb,Input Validity,TF,TF Rate,10,718.22
a7c9b12fedac3c9d77c027f020a5cfdb,Localization Quality,AMCLPose,CovYawYaw,0.0030194,718.2
a7c9b12fedac3c9d77c027f020a5cfdb,Localization Quality,AMCLPose,CovYY,0.00542641,718.2
a7c9b12fedac3c9d77c027f020a5cfdb,Localization Quality,AMCLPose,CovXX,0.00601796,718.2
a7c9b12fedac3c9d77c027f020a5cfdb,Localization Quality,AMCLPose,MeanYaw,2.98246,718.2
a7c9b12fedac3c9d77c027f020a5cfdb,Localization Quality,AMCLPose,MeanY,-0.552307,718.2
a7c9b12fedac3c9d77c027f020a5cfdb,Localization Quality,AMCLPose,MeanX,-4.36531,718.2
a7c9b12fedac3c9d77c027f020a5cfdb,Localization Stability,TF,Jump Angular,6.29328e-05,719.2
a7c9b12fedac3c9d77c027f020a5cfdb,Localization Stability,TF,Jump Linear,0.00209507,719.2
a7c9b12fedac3c9d77c027f020a5cfdb,Localization Stability,TF,Jump Angular,0,719.3
a7c9b12fedac3c9d77c027f020a5cfdb,Localization Stability,TF,Jump Linear,0,719.3
a7c9b12fedac3c9d77c027f020a5cfdb,Input Validity,Lidar,Lidar Rate,10,718.32
a7c9b12fedac3c9d77c027f020a5cfdb,Input Validity,Odometry,Odometry Rate,50,718.32
a7c9b12fedac3c9d77c027f020a5cfdb,Input Validity,TF,TF Rate,10,718.32
a7c9b12fedac3c9d77c027f020a5cfdb,Localization Stability,TF,Jump Angular,0,719.4
a7c9b12fedac3c9d77c027f020a5cfdb,Localization Stability,TF,Jump Linear,0,719.4
a7c9b12fedac3c9d77c027f020a5cfdb,Input Validity,Lidar,Lidar Rate,10,718.42
a7c9b12fedac3c9d77c027f020a5cfdb,Input Validity,Odometry,Odometry Rate,50,718.42
a7c9b12fedac3c9d77c027f020a5cfdb,Input Validity,TF,TF Rate,10,718.42
a7c9b12fedac3c9d77c027f020a5cfdb,Input Validity,Lidar,Lidar Rate,10,718.52
a7c9b12fedac3c9d77c027f020a5cfdb,Input Validity,Odometry,Odometry Rate,50,718.52
a7c9b12fedac3c9d77c027f020a5cfdb,Input Validity,TF,TF Rate,10,718.52
a7c9b12fedac3c9d77c027f020a5cfdb,Localization Quality,AMCLPose,CovYawYaw,0.00348518,718.5
a7c9b12fedac3c9d77c027f020a5cfdb,Localization Quality,AMCLPose,CovYY,0.00441708,718.5
a7c9b12fedac3c9d77c027f020a5cfdb,Localization Quality,AMCLPose,CovXX,0.00567346,718.5
a7c9b12fedac3c9d77c027f020a5cfdb,Localization Quality,AMCLPose,MeanYaw,3.05163,718.5
a7c9b12fedac3c9d77c027f020a5cfdb,Localization Quality,AMCLPose,MeanY,-0.538825,718.5
a7c9b12fedac3c9d77c027f020a5cfdb,Localization Quality,AMCLPose,MeanX,-4.50323,718.5
a7c9b12fedac3c9d77c027f020a5cfdb,Localization Stability,TF,Jump Angular,0.00127785,719.5
a7c9b12fedac3c9d77c027f020a5cfdb,Localization Stability,TF,Jump Linear,0.00507303,719.5
a7c9b12fedac3c9d77c027f020a5cfdb,Localization Stability,TF,Jump Angular,0,719.6
a7c9b12fedac3c9d77c027f020a5cfdb,Localization Stability,TF,Jump Linear,0,719.6
a7c9b12fedac3c9d77c027f020a5cfdb,Input Validity,Lidar,Lidar Rate,10,718.62
a7c9b12fedac3c9d77c027f020a5cfdb,Input Validity,Odometry,Odometry Rate,50,718.62
a7c9b12fedac3c9d77c027f020a5cfdb,Input Validity,TF,TF Rate,10,718.62
a7c9b12fedac3c9d77c027f020a5cfdb,Localization Stability,TF,Jump Angular,0,719.7
a7c9b12fedac3c9d77c027f020a5cfdb,Localization Stability,TF,Jump Linear,0,719.7
a7c9b12fedac3c9d77c027f020a5cfdb,Input Validity,Lidar,Lidar Rate,10,718.72
a7c9b12fedac3c9d77c027f020a5cfdb,Input Validity,Odometry,Odometry Rate,50,718.72
a7c9b12fedac3c9d77c027f020a5cfdb,Input Validity,TF,TF Rate,10,718.72
a7c9b12fedac3c9d77c027f020a5cfdb,Input Validity,Lidar,Lidar Rate,10,718.82
a7c9b12fedac3c9d77c027f020a5cfdb,Input Validity,Odometry,Odometry Rate,50,718.82
a7c9b12fedac3c9d77c027f020a5cfdb,Input Validity,TF,TF Rate,10,718.82
a7c9b12fedac3c9d77c027f020a5cfdb,Localization Quality,AMCLPose,CovYawYaw,0.00391876,718.8
a7c9b12fedac3c9d77c027f020a5cfdb,Localization Quality,AMCLPose,CovYY,0.00370481,718.8
a7c9b12fedac3c9d77c027f020a5cfdb,Localization Quality,AMCLPose,CovXX,0.00605549,718.8
a7c9b12fedac3c9d77c027f020a5cfdb,Localization Quality,AMCLPose,MeanYaw,3.08631,718.8
a7c9b12fedac3c9d77c027f020a5cfdb,Localization Quality,AMCLPose,MeanY,-0.530689,718.8
a7c9b12fedac3c9d77c027f020a5cfdb,Localization Quality,AMCLPose,MeanX,-4.63956,718.8
a7c9b12fedac3c9d77c027f020a5cfdb,Localization Stability,TF,Jump Angular,0.00209113,719.8
a7c9b12fedac3c9d77c027f020a5cfdb,Localization Stability,TF,Jump Linear,0.00847687,719.8
a7c9b12fedac3c9d77c027f020a5cfdb,Input Validity,Lidar,Lidar Rate,10,718.92
a7c9b12fedac3c9d77c027f020a5cfdb,Input Validity,Odometry,Odometry Rate,50,718.92
a7c9b12fedac3c9d77c027f020a5cfdb,Input Validity,TF,TF Rate,10,718.92
a7c9b12fedac3c9d77c027f020a5cfdb,Localization Stability,TF,Jump Angular,0,719.9
a7c9b12fedac3c9d77c027f020a5cfdb,Localization Stability,TF,Jump Linear,0,719.9
a7c9b12fedac3c9d77c027f020a5cfdb,Localization Stability,TF,Jump Angular,0,720
a7c9b12fedac3c9d77c027f020a5cfdb,Localization Stability,TF,Jump Linear,0,720
a7c9b12fedac3c9d77c027f020a5cfdb,Input Validity,Lidar,Lidar Rate,10,719.02
a7c9b12fedac3c9d77c027f020a5cfdb,Input Validity,Odometry,Odometry Rate,50,719.02
a7c9b12fedac3c9d77c027f020a5cfdb,Input Validity,TF,TF Rate,10,719.02
a7c9b12fedac3c9d77c027f020a5cfdb,Input Validity,Lidar,Lidar Rate,10,719.11
a7c9b12fedac3c9d77c027f020a5cfdb,Input Validity,Odometry,Odometry Rate,50,719.11
a7c9b12fedac3c9d77c027f020a5cfdb,Input Validity,TF,TF Rate,10,719.11
a7c9b12fedac3c9d77c027f020a5cfdb,Localization Quality,AMCLPose,CovYawYaw,0.00401207,719.1
a7c9b12fedac3c9d77c027f020a5cfdb,Localization Quality,AMCLPose,CovYY,0.00329114,719.1
a7c9b12fedac3c9d77c027f020a5cfdb,Localization Quality,AMCLPose,CovXX,0.00620794,719.1
a7c9b12fedac3c9d77c027f020a5cfdb,Localization Quality,AMCLPose,MeanYaw,3.10474,719.1
a7c9b12fedac3c9d77c027f020a5cfdb,Localization Quality,AMCLPose,MeanY,-0.526405,719.1
a7c9b12fedac3c9d77c027f020a5cfdb,Localization Quality,AMCLPose,MeanX,-4.77534,719.1
a7c9b12fedac3c9d77c027f020a5cfdb,Localization Stability,TF,Jump Angular,0.00280973,720.1
a7c9b12fedac3c9d77c027f020a5cfdb,Localization Stability,TF,Jump Linear,0.0114852,720.1
a7c9b12fedac3c9d77c027f020a5cfdb,Input Validity,Lidar,Lidar Rate,10,719.21
a7c9b12fedac3c9d77c027f020a5cfdb,Input Validity,Odometry,Odometry Rate,50,719.21
a7c9b12fedac3c9d77c027f020a5cfdb,Input Validity,TF,TF Rate,10,719.21
a7c9b12fedac3c9d77c027f020a5cfdb,Localization Stability,TF,Jump Angular,0,720.2
a7c9b12fedac3c9d77c027f020a5cfdb,Localization Stability,TF,Jump Linear,0,720.2
a7c9b12fedac3c9d77c027f020a5cfdb,Localization Stability,TF,Jump Angular,0,720.3
a7c9b12fedac3c9d77c027f020a5cfdb,Localization Stability,TF,Jump Linear,0,720.3
a7c9b12fedac3c9d77c027f020a5cfdb,Input Validity,Lidar,Lidar Rate,10,719.31
a7c9b12fedac3c9d77c027f020a5cfdb,Input Validity,Odometry,Odometry Rate,50,719.31
a7c9b12fedac3c9d77c027f020a5cfdb,Input Validity,TF,TF Rate,10,719.31
a7c9b12fedac3c9d77c027f020a5cfdb,Input Validity,Lidar,Lidar Rate,10,719.41
a7c9b12fedac3c9d77c027f020a5cfdb,Input Validity,Odometry,Odometry Rate,50,719.41
a7c9b12fedac3c9d77c027f020a5cfdb,Input Validity,TF,TF Rate,10,719.41
a7c9b12fedac3c9d77c027f020a5cfdb,Localization Quality,AMCLPose,CovYawYaw,0.00410241,719.4
a7c9b12fedac3c9d77c027f020a5cfdb,Localization Quality,AMCLPose,CovYY,0.00295034,719.4
a7c9b12fedac3c9d77c027f020a5cfdb,Localization Quality,AMCLPose,CovXX,0.00658707,719.4
a7c9b12fedac3c9d77c027f020a5cfdb,Localization Quality,AMCLPose,MeanYaw,3.11055,719.4
a7c9b12fedac3c9d77c027f020a5cfdb,Localization Quality,AMCLPose,MeanY,-0.525689,719.4
a7c9b12fedac3c9d77c027f020a5cfdb,Localization Quality,AMCLPose,MeanX,-4.91056,719.4
a7c9b12fedac3c9d77c027f020a5cfdb,Localization Stability,TF,Jump Angular,0.00259255,720.4
a7c9b12fedac3c9d77c027f020a5cfdb,Localization Stability,TF,Jump Linear,0.00887272,720.4
a7c9b12fedac3c9d77c027f020a5cfdb,Localization Stability,TF,Jump Angular,0,720.5
a7c9b12fedac3c9d77c027f020a5cfdb,Localization Stability,TF,Jump Linear,0,720.5
a7c9b12fedac3c9d77c027f020a5cfdb,Input Validity,Lidar,Lidar Rate,10,719.51
a7c9b12fedac3c9d77c027f020a5cfdb,Input Validity,Odometry,Odometry Rate,50,719.51
a7c9b12fedac3c9d77c027f020a5cfdb,Input Validity,TF,TF Rate,10,719.51
a7c9b12fedac3c9d77c027f020a5cfdb,Localization Stability,TF,Jump Angular,0,720.6
a7c9b12fedac3c9d77c027f020a5cfdb,Localization Stability,TF,Jump Linear,0,720.6
a7c9b12fedac3c9d77c027f020a5cfdb,Input Validity,Lidar,Lidar Rate,10,719.61
a7c9b12fedac3c9d77c027f020a5cfdb,Input Validity,Odometry,Odometry Rate,50,719.61
a7c9b12fedac3c9d77c027f020a5cfdb,Input Validity,TF,TF Rate,10,719.61
a7c9b12fedac3c9d77c027f020a5cfdb,Input Validity,Lidar,Lidar Rate,10,719.71
a7c9b12fedac3c9d77c027f020a5cfdb,Input Validity,Odometry,Odometry Rate,50,719.71
a7c9b12fedac3c9d77c027f020a5cfdb,Input Validity,TF,TF Rate,10,719.71
a7c9b12fedac3c9d77c027f020a5cfdb,Localization Quality,AMCLPose,CovYawYaw,0.00471509,719.7
a7c9b12fedac3c9d77c027f020a5cfdb,Localization Quality,AMCLPose,CovYY,0.00302738,719.7
a7c9b12fedac3c9d77c027f020a5cfdb,Localization Quality,AMCLPose,CovXX,0.0067072,719.7
a7c9b12fedac3c9d77c027f020a5cfdb,Localization Quality,AMCLPose,MeanYaw,3.09794,719.7
a7c9b12fedac3c9d77c027f020a5cfdb,Localization Quality,AMCLPose,MeanY,-0.523055,719.7
a7c9b12fedac3c9d77c027f020a5cfdb,Localization Quality,AMCLPose,MeanX,-5.04789,719.7
a7c9b12fedac3c9d77c027f020a5cfdb,Localization Stability,TF,Jump Angular,8.09851e-05,720.7
a7c9b12fedac3c9d77c027f020a5cfdb,Localization Stability,TF,Jump Linear,0.00313165,720.7
a7c9b12fedac3c9d77c027f020a5cfdb,Localization Stability,TF,Jump Angular,0,720.8
a7c9b12fedac3c9d77c027f020a5cfdb,Localization Stability,TF,Jump Linear,0,720.8
a7c9b12fedac3c9d77c027f020a5cfdb,Input Validity,Lidar,Lidar Rate,10,719.81
a7c9b12fedac3c9d77c027f020a5cfdb,Input Validity,Odometry,Odometry Rate,50,719.81
a7c9b12fedac3c9d77c027f020a5cfdb,Input Validity,TF,TF Rate,10,719.81
a7c9b12fedac3c9d77c027f020a5cfdb,Input Validity,Lidar,Lidar Rate,10,719.91
a7c9b12fedac3c9d77c027f020a5cfdb,Input Validity,Odometry,Odometry Rate,50,719.91
a7c9b12fedac3c9d77c027f020a5cfdb,Input Validity,TF,TF Rate,10,719.91
a7c9b12fedac3c9d77c027f020a5cfdb,Localization Stability,TF,Jump Angular,0,720.9
a7c9b12fedac3c9d77c027f020a5cfdb,Localization Stability,TF,Jump Linear,0,720.9
a7c9b12fedac3c9d77c027f020a5cfdb,Input Validity,Lidar,Lidar Rate,10,720.01
a7c9b12fedac3c9d77c027f020a5cfdb,Input Validity,Odometry,Odometry Rate,50,720.01
a7c9b12fedac3c9d77c027f020a5cfdb,Input Validity,TF,TF Rate,10,720.01
a7c9b12fedac3c9d77c027f020a5cfdb,Localization Quality,AMCLPose,CovYawYaw,0.00481372,720
a7c9b12fedac3c9d77c027f020a5cfdb,Localization Quality,AMCLPose,CovYY,0.00288732,720
a7c9b12fedac3c9d77c027f020a5cfdb,Localization Quality,AMCLPose,CovXX,0.0072915,720
a7c9b12fedac3c9d77c027f020a5cfdb,Localization Quality,AMCLPose,MeanYaw,3.11731,720
a7c9b12fedac3c9d77c027f020a5cfdb,Localization Quality,AMCLPose,MeanY,-0.518939,720
a7c9b12fedac3c9d77c027f020a5cfdb,Localization Quality,AMCLPose,MeanX,-5.18273,720
a7c9b12fedac3c9d77c027f020a5cfdb,Localization Stability,TF,Jump Angular,0.00212791,721
a7c9b12fedac3c9d77c027f020a5cfdb,Localization Stability,TF,Jump Linear,0.0104945,721
a7c9b12fedac3c9d77c027f020a5cfdb,Input Validity,Lidar,Lidar Rate,10,720.11
a7c9b12fedac3c9d77c027f020a5cfdb,Input Validity,Odometry,Odometry Rate,50,720.11
a7c9b12fedac3c9d77c027f020a5cfdb,Input Validity,TF,TF Rate,10,720.11
a7c9b12fedac3c9d77c027f020a5cfdb,Localization Stability,TF,Jump Angular,0,721.1
a7c9b12fedac3c9d77c027f020a5cfdb,Localization Stability,TF,Jump Linear,0,721.1
a7c9b12fedac3c9d77c027f020a5cfdb,Input Validity,Lidar,Lidar Rate,10,720.21
a7c9b12fedac3c9d77c027f020a5cfdb,Input Validity,Odometry,Odometry Rate,50,720.21
a7c9b12fedac3c9d77c027f020a5cfdb,Input Validity,TF,TF Rate,10,720.21
a7c9b12fedac3c9d77c027f020a5cfdb,Localization Stability,TF,Jump Angular,0,721.2
a7c9b12fedac3c9d77c027f020a5cfdb,Localization Stability,TF,Jump Linear,0,721.2
a7c9b12fedac3c9d77c027f020a5cfdb,Input Validity,Lidar,Lidar Rate,10,720.31
a7c9b12fedac3c9d77c027f020a5cfdb,Input Validity,Odometry,Odometry Rate,50,720.31
a7c9b12fedac3c9d77c027f020a5cfdb,Input Validity,TF,TF Rate,10,720.31
a7c9b12fedac3c9d77c027f020a5cfdb,Localization Quality,AMCLPose,CovYawYaw,0.00457478,720.3
a7c9b12fedac3c9d77c027f020a5cfdb,Localization Quality,AMCLPose,CovYY,0.00269933,720.3
a7c9b12fedac3c9d77c027f020a5cfdb,Localization Quality,AMCLPose,CovXX,0.00749867,720.3
a7c9b12fedac3c9d77c027f020a5cfdb,Localization Quality,AMCLPose,MeanYaw,3.12386,720.3
a7c9b12fedac3c9d77c027f020a5cfdb,Localization Quality,AMCLPose,MeanY,-0.515878,720.3
a7c9b12fedac3c9d77c027f020a5cfdb,Localization Quality,AMCLPose,MeanX,-5.32056,720.3
a7c9b12fedac3c9d77c027f020a5cfdb,Localization Stability,TF,Jump Angular,0.00118307,721.3
a7c9b12fedac3c9d77c027f020a5cfdb,Localization Stability,TF,Jump Linear,0.00730783,721.3
a7c9b12fedac3c9d77c027f020a5cfdb,Localization Stability,TF,Jump Angular,0,721.4
a7c9b12fedac3c9d77c027f020a5cfdb,Localization Stability,TF,Jump Linear,0,721.4
a7c9b12fedac3c9d77c027f020a5cfdb,Input Validity,Lidar,Lidar Rate,10,720.41
a7c9b12fedac3c9d77c027f020a5cfdb,Input Validity,Odometry,Odometry Rate,50,720.41
a7c9b12fedac3c9d77c027f020a5cfdb,Input Validity,TF,TF Rate,10,720.41
a7c9b12fedac3c9d77c027f020a5cfdb,Input Validity,Lidar,Lidar Rate,10,720.51
a7c9b12fedac3c9d77c027f020a5cfdb,Input Validity,Odometry,Odometry Rate,50,720.51
a7c9b12fedac3c9d77c027f020a5cfdb,Input Validity,TF,TF Rate,10,720.51
a7c9b12fedac3c9d77c027f020a5cfdb,Localization Stability,TF,Jump Angular,0,721.5
a7c9b12fedac3c9d77c027f020a5cfdb,Localization Stability,TF,Jump Linear,0,721.5
a7c9b12fedac3c9d77c027f020a5cfdb,Input Validity,Lidar,Lidar Rate,10,720.61
a7c9b12fedac3c9d77c027f020a5cfdb,Input Validity,Odometry,Odometry Rate,50,720.61
a7c9b12fedac3c9d77c027f020a5cfdb,Input Validity,TF,TF Rate,10,720.61
a7c9b12fedac3c9d77c027f020a5cfdb,Localization Quality,AMCLPose,CovYawYaw,0.00478662,720.6
a7c9b12fedac3c9d77c027f020a5cfdb,Localization Quality,AMCLPose,CovYY,0.00258416,720.6
a7c9b12fedac3c9d77c027f020a5cfdb,Localization Quality,AMCLPose,CovXX,0.00716502,720.6
a7c9b12fedac3c9d77c027f020a5cfdb,Localization Quality,AMCLPose,MeanYaw,3.10977,720.6
a7c9b12fedac3c9d77c027f020a5cfdb,Localization Quality,AMCLPose,MeanY,-0.514393,720.6
a7c9b12fedac3c9d77c027f020a5cfdb,Localization Quality,AMCLPose,MeanX,-5.45854,720.6
a7c9b12fedac3c9d77c027f020a5cfdb,Localization Stability,TF,Jump Angular,-0.00109344,721.6
a7c9b12fedac3c9d77c027f020a5cfdb,Localization Stability,TF,Jump Linear,0.00796027,721.6
a7c9b12fedac3c9d77c027f020a5cfdb,Input Validity,Lidar,Lidar Rate,10,720.71
a7c9b12fedac3c9d77c027f020a5cfdb,Input Validity,Odometry,Odometry Rate,50,720.71
a7c9b12fedac3c9d77c027f020a5cfdb,Input Validity,TF,TF Rate,10,720.71
a7c9b12fedac3c9d77c027f020a5cfdb,Localization Stability,TF,Jump Angular,0,721.7
a7c9b12fedac3c9d77c027f020a5cfdb,Localization Stability,TF,Jump Linear,0,721.7
a7c9b12fedac3c9d77c027f020a5cfdb,Input Validity,Lidar,Lidar Rate,10,720.81
a7c9b12fedac3c9d77c027f020a5cfdb,Input Validity,Odometry,Odometry Rate,50,720.81
a7c9b12fedac3c9d77c027f020a5cfdb,Input Validity,TF,TF Rate,10,720.81
a7c9b12fedac3c9d77c027f020a5cfdb,Localization Stability,TF,Jump Angular,0,721.8
a7c9b12fedac3c9d77c027f020a5cfdb,Localization Stability,TF,Jump Linear,0,721.8
a7c9b12fedac3c9d77c027f020a5cfdb,Input Validity,Lidar,Lidar Rate,10,720.91
a7c9b12fedac3c9d77c027f020a5cfdb,Input Validity,Odometry,Odometry Rate,50,720.91
a7c9b12fedac3c9d77c027f020a5cfdb,Input Validity,TF,TF Rate,10,720.91
a7c9b12fedac3c9d77c027f020a5cfdb,Localization Quality,AMCLPose,CovYawYaw,0.00498167,720.9
a7c9b12fedac3c9d77c027f020a5cfdb,Localization Quality,AMCLPose,CovYY,0.00243261,720.9
a7c9b12fedac3c9d77c027f020a5cfdb,Localization Quality,AMCLPose,CovXX,0.00751421,720.9
a7c9b12fedac3c9d77c027f020a5cfdb,Localization Quality,AMCLPose,MeanYaw,3.11442,720.9
a7c9b12fedac3c9d77c027f020a5cfdb,Localization Quality,AMCLPose,MeanY,-0.511231,720.9
a7c9b12fedac3c9d77c027f020a5cfdb,Localization Quality,AMCLPose,MeanX,-5.59385,720.9
a7c9b12fedac3c9d77c027f020a5cfdb,Localization Stability,TF,Jump Angular,0.000327348,721.9
a7c9b12fedac3c9d77c027f020a5cfdb,Localization Stability,TF,Jump Linear,0.000677191,721.9
a7c9b12fedac3c9d77c027f020a5cfdb,Input Validity,Lidar,Lidar Rate,10,721.01
a7c9b12fedac3c9d77c027f020a5cfdb,Input Validity,Odometry,Odometry Rate,50,721.01
a7c9b12fedac3c9d77c027f020a5cfdb,Input Validity,TF,TF Rate,10,721.01
a7c9b12fedac3c9d77c027f020a5cfdb,Localization Stability,TF,Jump Angular,0,722
a7c9b12fedac3c9d77c027f020a5cfdb,Localization Stability,TF,Jump Linear,0,722
a7c9b12fedac3c9d77c027f020a5cfdb,Input Validity,Lidar,Lidar Rate,10,721.11
a7c9b12fedac3c9d77c027f020a5cfdb,Input Validity,Odometry,Odometry Rate,50,721.11
a7c9b12fedac3c9d77c027f020a5cfdb,Input Validity,TF,TF Rate,10,721.11
a7c9b12fedac3c9d77c027f020a5cfdb,Localization Stability,TF,Jump Angular,0,722.1
a7c9b12fedac3c9d77c027f020a5cfdb,Localization Stability,TF,Jump Linear,0,722.1
a7c9b12fedac3c9d77c027f020a5cfdb,Input Validity,Lidar,Lidar Rate,10,721.21
a7c9b12fedac3c9d77c027f020a5cfdb,Input Validity,Odometry,Odometry Rate,50,721.21
a7c9b12fedac3c9d77c027f020a5cfdb,Input Validity,TF,TF Rate,10,721.21
a7c9b12fedac3c9d77c027f020a5cfdb,Localization Quality,AMCLPose,CovYawYaw,0.00501404,721.2
a7c9b12fedac3c9d77c027f020a5cfdb,Localization Quality,AMCLPose,CovYY,0.00239535,721.2
a7c9b12fedac3c9d77c027f020a5cfdb,Localization Quality,AMCLPose,CovXX,0.0071394,721.2
a7c9b12fedac3c9d77c027f020a5cfdb,Localization Quality,AMCLPose,MeanYaw,3.11663,721.2
a7c9b12fedac3c9d77c027f020a5cfdb,Localization Quality,AMCLPose,MeanY,-0.506756,721.2
a7c9b12fedac3c9d77c027f020a5cfdb,Localization Quality,AMCLPose,MeanX,-5.73003,721.2
a7c9b12fedac3c9d77c027f020a5cfdb,Localization Stability,TF,Jump Angular,-0.00287604,722.2
a7c9b12fedac3c9d77c027f020a5cfdb,Localization Stability,TF,Jump Linear,0.0151025,722.2
a7c9b12fedac3c9d77c027f020a5cfdb,Input Validity,Lidar,Lidar Rate,10,721.31
a7c9b12fedac3c9d77c027f020a5cfdb,Input Validity,Odometry,Odometry Rate,50,721.31
a7c9b12fedac3c9d77c027f020a5cfdb,Input Validity,TF,TF Rate,10,721.31
a7c9b12fedac3c9d77c027f020a5cfdb,Localization Stability,TF,Jump Angular,0,722.3
a7c9b12fedac3c9d77c027f020a5cfdb,Localization Stability,TF,Jump Linear,0,722.3
a7c9b12fedac3c9d77c027f020a5cfdb,Input Validity,Lidar,Lidar Rate,10,721.41
a7c9b12fedac3c9d77c027f020a5cfdb,Input Validity,Odometry,Odometry Rate,50,721.41
a7c9b12fedac3c9d77c027f020a5cfdb,Input Validity,TF,TF Rate,10,721.41
a7c9b12fedac3c9d77c027f020a5cfdb,Localization Stability,TF,Jump Angular,0,722.4
a7c9b12fedac3c9d77c027f020a5cfdb,Localization Stability,TF,Jump Linear,0,722.4
a7c9b12fedac3c9d77c027f020a5cfdb,Input Validity,Lidar,Lidar Rate,10,721.51
a7c9b12fedac3c9d77c027f020a5cfdb,Input Validity,Odometry,Odometry Rate,50,721.51
a7c9b12fedac3c9d77c027f020a5cfdb,Input Validity,TF,TF Rate,10,721.51
a7c9b12fedac3c9d77c027f020a5cfdb,Localization Quality,AMCLPose,CovYawYaw,0.00484249,721.5
a7c9b12fedac3c9d77c027f020a5cfdb,Localization Quality,AMCLPose,CovYY,0.00219772,721.5
a7c9b12fedac3c9d77c027f020a5cfdb,Localization Quality,AMCLPose,CovXX,0.00781983,721.5
a7c9b12fedac3c9d77c027f020a5cfdb,Localization Quality,AMCLPose,MeanYaw,3.10685,721.5
a7c9b12fedac3c9d77c027f020a5cfdb,Localization Quality,AMCLPose,MeanY,-0.501126,721.5
a7c9b12fedac3c9d77c027f020a5cfdb,Localization Quality,AMCLPose,MeanX,-5.8639,721.5
a7c9b12fedac3c9d77c027f020a5cfdb,Localization Stability,TF,Jump Angular,0.00331916,722.5
a7c9b12fedac3c9d77c027f020a5cfdb,Localization Stability,TF,Jump Linear,0.0209994,722.5
a7c9b12fedac3c9d77c027f020a5cfdb,Input Validity,Lidar,Lidar Rate,10,721.6
a7c9b12fedac3c9d77c027f020a5cfdb,Input Validity,Odometry,Odometry Rate,50,721.6
a7c9b12fedac3c9d77c027f020a5cfdb,Input Validity,TF,TF Rate,10,721.6
a7c9b12fedac3c9d77c027f020a5cfdb,Localization Stability,TF,Jump Angular,0,722.6
a7c9b12fedac3c9d77c027f020a5cfdb,Localization Stability,TF,Jump Linear,0,722.6
a7c9b12fedac3c9d77c027f020a5cfdb,Input Validity,Lidar,Lidar Rate,10,721.7
a7c9b12fedac3c9d77c027f020a5cfdb,Input Validity,Odometry,Odometry Rate,50,721.7
a7c9b12fedac3c9d77c027f020a5cfdb,Input Validity,TF,TF Rate,10,721.7
a7c9b12fedac3c9d77c027f020a5cfdb,Localization Stability,TF,Jump Angular,0,722.7
a7c9b12fedac3c9d77c027f020a5cfdb,Localization Stability,TF,Jump Linear,0,722.7
a7c9b12fedac3c9d77c027f020a5cfdb,Input Validity,Lidar,Lidar Rate,10,721.8
a7c9b12fedac3c9d77c027f020a5cfdb,Input Validity,Odometry,Odometry Rate,50,721.8
a7c9b12fedac3c9d77c027f020a5cfdb,Input Validity,TF,TF Rate,10,721.8
a7c9b12fedac3c9d77c027f020a5cfdb,Localization Quality,AMCLPose,CovYawYaw,0.00472591,721.8
a7c9b12fedac3c9d77c027f020a5cfdb,Localization Quality,AMCLPose,CovYY,0.00205943,721.8
a7c9b12fedac3c9d77c027f020a5cfdb,Localization Quality,AMCLPose,CovXX,0.00846495,721.8
a7c9b12fedac3c9d77c027f020a5cfdb,Localization Quality,AMCLPose,MeanYaw,3.08613,721.8
a7c9b12fedac3c9d77c027f020a5cfdb,Localization Quality,AMCLPose,MeanY,-0.492062,721.8
a7c9b12fedac3c9d77c027f020a5cfdb,Localization Quality,AMCLPose,MeanX,-5.99972,721.8
a7c9b12fedac3c9d77c027f020a5cfdb,Localization Stability,TF,Jump Angular,-0.00292246,722.8
a7c9b12fedac3c9d77c027f020a5cfdb,Localization Stability,TF,Jump Linear,0.0149224,722.8
a7c9b12fedac3c9d77c027f020a5cfdb,Input Validity,Lidar,Lidar Rate,10,721.9
a7c9b12fedac3c9d77c027f020a5cfdb,Input Validity,Odometry,Odometry Rate,50,721.9
a7c9b12fedac3c9d77c027f020a5cfdb,Input Validity,TF,TF Rate,10,721.9
a7c9b12fedac3c9d77c027f020a5cfdb,Localization Stability,TF,Jump Angular,0,722.9
a7c9b12fedac3c9d77c027f020a5cfdb,Localization Stability,TF,Jump Linear,0,722.9
a7c9b12fedac3c9d77c027f020a5cfdb,Input Validity,Lidar,Lidar Rate,10,722
a7c9b12fedac3c9d77c027f020a5cfdb,Input Validity,Odometry,Odometry Rate,50,722
a7c9b12fedac3c9d77c027f020a5cfdb,Input Validity,TF,TF Rate,10,722
a7c9b12fedac3c9d77c027f020a5cfdb,Localization Stability,TF,Jump Angular,0,723
a7c9b12fedac3c9d77c027f020a5cfdb,Localization Stability,TF,Jump Linear,0,723
a7c9b12fedac3c9d77c027f020a5cfdb,Input Validity,Lidar,Lidar Rate,10,722.1
a7c9b12fedac3c9d77c027f020a5cfdb,Input Validity,Odometry,Odometry Rate,50,722.1
a7c9b12fedac3c9d77c027f020a5cfdb,Input Validity,TF,TF Rate,10,722.1
a7c9b12fedac3c9d77c027f020a5cfdb,Localization Quality,AMCLPose,CovYawYaw,0.00487714,722.1
a7c9b12fedac3c9d77c027f020a5cfdb,Localization Quality,AMCLPose,CovYY,0.00195245,722.1
a7c9b12fedac3c9d77c027f020a5cfdb,Localization Quality,AMCLPose,CovXX,0.00844172,722.1
a7c9b12fedac3c9d77c027f020a5cfdb,Localization Quality,AMCLPose,MeanYaw,3.10429,722.1
a7c9b12fedac3c9d77c027f020a5cfdb,Localization Quality,AMCLPose,MeanY,-0.484518,722.1
a7c9b12fedac3c9d77c027f020a5cfdb,Localization Quality,AMCLPose,MeanX,-6.13413,722.1
a7c9b12fedac3c9d77c027f020a5cfdb,Localization Stability,TF,Jump Angular,-0.00140695,723.1
a7c9b12fedac3c9d77c027f020a5cfdb,Localization Stability,TF,Jump Linear,0.00708908,723.1
a7c9b12fedac3c9d77c027f020a5cfdb,Input Validity,Lidar,Lidar Rate,10,722.2
a7c9b12fedac3c9d77c027f020a5cfdb,Input Validity,Odometry,Odometry Rate,50,722.2
a7c9b12fedac3c9d77c027f020a5cfdb,Input Validity,TF,TF Rate,10,722.2
a7c9b12fedac3c9d77c027f020a5cfdb,Localization Stability,TF,Jump Angular,0,723.2
a7c9b12fedac3c9d77c027f020a5cfdb,Localization Stability,TF,Jump Linear,0,723.2
a7c9b12fedac3c9d77c027f020a5cfdb,Input Validity,Lidar,Lidar Rate,10,722.3
a7c9b12fedac3c9d77c027f020a5cfdb,Input Validity,Odometry,Odometry Rate,50,722.3
a7c9b12fedac3c9d77c027f020a5cfdb,Input Validity,TF,TF Rate,10,722.3
a7c9b12fedac3c9d77c027f020a5cfdb,Localization Stability,TF,Jump Angular,0,723.3
a7c9b12fedac3c9d77c027f020a5cfdb,Localization Stability,TF,Jump Linear,0,723.3
a7c9b12fedac3c9d77c027f020a5cfdb,Input Validity,Lidar,Lidar Rate,10,722.4
a7c9b12fedac3c9d77c027f020a5cfdb,Input Validity,Odometry,Odometry Rate,50,722.4
a7c9b12fedac3c9d77c027f020a5cfdb,Input Validity,TF,TF Rate,10,722.4
a7c9b12fedac3c9d77c027f020a5cfdb,Localization Quality,AMCLPose,CovYawYaw,0.00495572,722.4
a7c9b12fedac3c9d77c027f020a5cfdb,Localization Quality,AMCLPose,CovYY,0.0020196,722.4
a7c9b12fedac3c9d77c027f020a5cfdb,Localization Quality,AMCLPose,CovXX,0.00877494,722.4
a7c9b12fedac3c9d77c027f020a5cfdb,Localization Quality,AMCLPose,MeanYaw,3.10572,722.4
a7c9b12fedac3c9d77c027f020a5cfdb,Localization Quality,AMCLPose,MeanY,-0.479701,722.4
a7c9b12fedac3c9d77c027f020a5cfdb,Localization Quality,AMCLPose,MeanX,-6.26996,722.4
a7c9b12fedac3c9d77c027f020a5cfdb,Localization Stability,TF,Jump Angular,-0.00156289,723.4
a7c9b12fedac3c9d77c027f020a5cfdb,Localization Stability,TF,Jump Linear,0.00957867,723.4
a7c9b12fedac3c9d77c027f020a5cfdb,Input Validity,Lidar,Lidar Rate,10,722.5
a7c9b12fedac3c9d77c027f020a5cfdb,Input Validity,Odometry,Odometry Rate,50,722.5
a7c9b12fedac3c9d77c027f020a5cfdb,Input Validity,TF,TF Rate,10,722.5
a7c9b12fedac3c9d77c027f020a5cfdb,Localization Stability,TF,Jump Angular,0,723.5
a7c9b12fedac3c9d77c027f020a5cfdb,Localization Stability,TF,Jump Linear,0,723.5
a7c9b12fedac3c9d77c027f020a5cfdb,Input Validity,Lidar,Lidar Rate,10,722.6
a7c9b12fedac3c9d77c027f020a5cfdb,Input Validity,Odometry,Odometry Rate,50,722.6
a7c9b12fedac3c9d77c027f020a5cfdb,Input Validity,TF,TF Rate,10,722.6
a7c9b12fedac3c9d77c027f020a5cfdb,Localization Stability,TF,Jump Angular,0,723.6
a7c9b12fedac3c9d77c027f020a5cfdb,Localization Stability,TF,Jump Linear,0,723.6
a7c9b12fedac3c9d77c027f020a5cfdb,Input Validity,Lidar,Lidar Rate,10,722.7
a7c9b12fedac3c9d77c027f020a5cfdb,Input Validity,Odometry,Odometry Rate,50,722.7
a7c9b12fedac3c9d77c027f020a5cfdb,Input Validity,TF,TF Rate,10,722.7
a7c9b12fedac3c9d77c027f020a5cfdb,Localization Quality,AMCLPose,CovYawYaw,0.00497462,722.7
a7c9b12fedac3c9d77c027f020a5cfdb,Localization Quality,AMCLPose,CovYY,0.00212949,722.7
a7c9b12fedac3c9d77c027f020a5cfdb,Localization Quality,AMCLPose,CovXX,0.00867374,722.7
a7c9b12fedac3c9d77c027f020a5cfdb,Localization Quality,AMCLPose,MeanYaw,3.08314,722.7
a7c9b12fedac3c9d77c027f020a5cfdb,Localization Quality,AMCLPose,MeanY,-0.473124,722.7
a7c9b12fedac3c9d77c027f020a5cfdb,Localization Quality,AMCLPose,MeanX,-6.40423,722.7
a7c9b12fedac3c9d77c027f020a5cfdb,Localization Stability,TF,Jump Angular,-0.00164901,723.7
a7c9b12fedac3c9d77c027f020a5cfdb,Localization Stability,TF,Jump Linear,0.00995167,723.7
a7c9b12fedac3c9d77c027f020a5cfdb,Input Validity,Lidar,Lidar Rate,10,722.8
a7c9b12fedac3c9d77c027f020a5cfdb,Input Validity,Odometry,Odometry Rate,50,722.8
a7c9b12fedac3c9d77c027f020a5cfdb,Input Validity,TF,TF Rate,10,722.8
a7c9b12fedac3c9d77c027f020a5cfdb,Localization Stability,TF,Jump Angular,0,723.8
a7c9b12fedac3c9d77c027f020a5cfdb,Localization Stability,TF,Jump Linear,0,723.8
a7c9b12fedac3c9d77c027f020a5cfdb,Input Validity,Lidar,Lidar Rate,10,722.9
a7c9b12fedac3c9d77c027f020a5cfdb,Input Validity,Odometry,Odometry Rate,50,722.9
a7c9b12fedac3c9d77c027f020a5cfdb,Input Validity,TF,TF Rate,10,722.9
a7c9b12fedac3c9d77c027f020a5cfdb,Localization Stability,TF,Jump Angular,0,723.9
a7c9b12fedac3c9d77c027f020a5cfdb,Localization Stability,TF,Jump Linear,0,723.9
a7c9b12fedac3c9d77c027f020a5cfdb,Input Validity,Lidar,Lidar Rate,10,723
a7c9b12fedac3c9d77c027f020a5cfdb,Input Validity,Odometry,Odometry Rate,50,723
a7c9b12fedac3c9d77c027f020a5cfdb,Input Validity,TF,TF Rate,10,723
a7c9b12fedac3c9d77c027f020a5cfdb,Localization Quality,AMCLPose,CovYawYaw,0.00484585,723
a7c9b12fedac3c9d77c027f020a5cfdb,Localization Quality,AMCLPose,CovYY,0.00221697,723
a7c9b12fedac3c9d77c027f020a5cfdb,Localization Quality,AMCLPose,CovXX,0.00837309,723
a7c9b12fedac3c9d77c027f020a5cfdb,Localization Quality,AMCLPose,MeanYaw,3.08836,723
a7c9b12fedac3c9d77c027f020a5cfdb,Localization Quality,AMCLPose,MeanY,-0.463897,723
a7c9b12fedac3c9d77c027f020a5cfdb,Localization Quality,AMCLPose,MeanX,-6.53902,723
a7c9b12fedac3c9d77c027f020a5cfdb,Localization Stability,TF,Jump Angular,-0.00368571,724
a7c9b12fedac3c9d77c027f020a5cfdb,Localization Stability,TF,Jump Linear,0.0222157,724
a7c9b12fedac3c9d77c027f020a5cfdb,Input Validity,Lidar,Lidar Rate,10,723.1
a7c9b12fedac3c9d77c027f020a5cfdb,Input Validity,Odometry,Odometry Rate,50,723.1
a7c9b12fedac3c9d77c027f020a5cfdb,Input Validity,TF,TF Rate,10,723.1
a7c9b12fedac3c9d77c027f020a5cfdb,Localization Stability,TF,Jump Angular,0,724.1
a7c9b12fedac3c9d77c027f020a5cfdb,Localization Stability,TF,Jump Linear,0,724.1
a7c9b12fedac3c9d77c027f020a5cfdb,Input Validity,Lidar,Lidar Rate,10,723.2
a7c9b12fedac3c9d77c027f020a5cfdb,Input Validity,Odometry,Odometry Rate,50,723.2
a7c9b12fedac3c9d77c027f020a5cfdb,Input Validity,TF,TF Rate,10,723.2
a7c9b12fedac3c9d77c027f020a5cfdb,Localization Stability,TF,Jump Angular,0,724.2
a7c9b12fedac3c9d77c027f020a5cfdb,Localization Stability,TF,Jump Linear,0,724.2
a7c9b12fedac3c9d77c027f020a5cfdb,Input Validity,Lidar,Lidar Rate,10,723.3
a7c9b12fedac3c9d77c027f020a5cfdb,Input Validity,Odometry,Odometry Rate,50,723.3
a7c9b12fedac3c9d77c027f020a5cfdb,Input Validity,TF,TF Rate,10,723.3
a7c9b12fedac3c9d77c027f020a5cfdb,Localization Quality,AMCLPose,CovYawYaw,0.00503474,723.3
a7c9b12fedac3c9d77c027f020a5cfdb,Localization Quality,AMCLPose,CovYY,0.00214357,723.3
a7c9b12fedac3c9d77c027f020a5cfdb,Localization Quality,AMCLPose,CovXX,0.00850029,723.3
a7c9b12fedac3c9d77c027f020a5cfdb,Localization Quality,AMCLPose,MeanYaw,3.09142,723.3
a7c9b12fedac3c9d77c027f020a5cfdb,Localization Quality,AMCLPose,MeanY,-0.456833,723.3
a7c9b12fedac3c9d77c027f020a5cfdb,Localization Quality,AMCLPose,MeanX,-6.6737,723.3
a7c9b12fedac3c9d77c027f020a5cfdb,Localization Stability,TF,Jump Angular,0.0009938,724.3
a7c9b12fedac3c9d77c027f020a5cfdb,Localization Stability,TF,Jump Linear,0.00678325,724.3
a7c9b12fedac3c9d77c027f020a5cfdb,Input Validity,Lidar,Lidar Rate,10,723.4
a7c9b12fedac3c9d77c027f020a5cfdb,Input Validity,Odometry,Odometry Rate,50,723.4
a7c9b12fedac3c9d77c027f020a5cfdb,Input Validity,TF,TF Rate,10,723.4
a7c9b12fedac3c9d77c027f020a5cfdb,Localization Stability,TF,Jump Angular,0,724.4
a7c9b12fedac3c9d77c027f020a5cfdb,Localization Stability,TF,Jump Linear,0,724.4
a7c9b12fedac3c9d77c027f020a5cfdb,Input Validity,Lidar,Lidar Rate,10,723.5
a7c9b12fedac3c9d77c027f020a5cfdb,Input Validity,Odometry,Odometry Rate,50,723.5
a7c9b12fedac3c9d77c027f020a5cfdb,Input Validity,TF,TF Rate,10,723.5
a7c9b12fedac3c9d77c027f020a5cfdb,Localization Stability,TF,Jump Angular,0,724.5
a7c9b12fedac3c9d77c027f020a5cfdb,Localization Stability,TF,Jump Linear,0,724.5
a7c9b12fedac3c9d77c027f020a5cfdb,Input Validity,Lidar,Lidar Rate,10,723.6
a7c9b12fedac3c9d77c027f020a5cfdb,Input Validity,Odometry,Odometry Rate,50,723.6
a7c9b12fedac3c9d77c027f020a5cfdb,Input Validity,TF,TF Rate,10,723.6
a7c9b12fedac3c9d77c027f020a5cfdb,Localization Quality,AMCLPose,CovYawYaw,0.00484382,723.6
a7c9b12fedac3c9d77c027f020a5cfdb,Localization Quality,AMCLPose,CovYY,0.00227212,723.6
a7c9b12fedac3c9d77c027f020a5cfdb,Localization Quality,AMCLPose,CovXX,0.00786825,723.6
a7c9b12fedac3c9d77c027f020a5cfdb,Localization Quality,AMCLPose,MeanYaw,3.07584,723.6
a7c9b12fedac3c9d77c027f020a5cfdb,Localization Quality,AMCLPose,MeanY,-0.449302,723.6
a7c9b12fedac3c9d77c027f020a5cfdb,Localization Quality,AMCLPose,MeanX,-6.8097,723.6
a7c9b12fedac3c9d77c027f020a5cfdb,Localization Stability,TF,Jump Angular,0.000732239,724.6
a7c9b12fedac3c9d77c027f020a5cfdb,Localization Stability,TF,Jump Linear,0.00503777,724.6
a7c9b12fedac3c9d77c027f020a5cfdb,Input Validity,Lidar,Lidar Rate,10,723.7
a7c9b12fedac3c9d77c027f020a5cfdb,Input Validity,Odometry,Odometry Rate,50,723.7
a7c9b12fedac3c9d77c027f020a5cfdb,Input Validity,TF,TF Rate,10,723.7
a7c9b12fedac3c9d77c027f020a5cfdb,Localization Stability,TF,Jump Angular,0,724.7
a7c9b12fedac3c9d77c027f020a5cfdb,Localization Stability,TF,Jump Linear,0,724.7
a7c9b12fedac3c9d77c027f020a5cfdb,Input Validity,Lidar,Lidar Rate,10,723.8
a7c9b12fedac3c9d77c027f020a5cfdb,Input Validity,Odometry,Odometry Rate,50,723.8
a7c9b12fedac3c9d77c027f020a5cfdb,Input Validity,TF,TF Rate,10,723.8
a7c9b12fedac3c9d77c027f020a5cfdb,Localization Stability,TF,Jump Angular,0,724.8
a7c9b12fedac3c9d77c027f020a5cfdb,Localization Stability,TF,Jump Linear,0,724.8
a7c9b12fedac3c9d77c027f020a5cfdb,Input Validity,Lidar,Lidar Rate,10,723.9
a7c9b12fedac3c9d77c027f020a5cfdb,Input Validity,Odometry,Odometry Rate,50,723.9
a7c9b12fedac3c9d77c027f020a5cfdb,Input Validity,TF,TF Rate,10,723.9
a7c9b12fedac3c9d77c027f020a5cfdb,Localization Quality,AMCLPose,CovYawYaw,0.00492263,723.9
a7c9b12fedac3c9d77c027f020a5cfdb,Localization Quality,AMCLPose,CovYY,0.00245322,723.9
a7c9b12fedac3c9d77c027f020a5cfdb,Localization Quality,AMCLPose,CovXX,0.00742553,723.9
a7c9b12fedac3c9d77c027f020a5cfdb,Localization Quality,AMCLPose,MeanYaw,3.06291,723.9
a7c9b12fedac3c9d77c027f020a5cfdb,Localization Quality,AMCLPose,MeanY,-0.439046,723.9
a7c9b12fedac3c9d77c027f020a5cfdb,Localization Quality,AMCLPose,MeanX,-6.94312,723.9
a7c9b12fedac3c9d77c027f020a5cfdb,Localization Stability,TF,Jump Angular,0.00114498,724.9
a7c9b12fedac3c9d77c027f020a5cfdb,Localization Stability,TF,Jump Linear,0.00777379,724.9
a7c9b12fedac3c9d77c027f020a5cfdb,Input Validity,Lidar,Lidar Rate,10,724
a7c9b12fedac3c9d77c027f020a5cfdb,Input Validity,Odometry,Odometry Rate,50,724
a7c9b12fedac3c9d77c027f020a5cfdb,Input Validity,TF,TF Rate,10,724
a7c9b12fedac3c9d77c027f020a5cfdb,Localization Stability,TF,Jump Angular,0,725
a7c9b12fedac3c9d77c027f020a5cfdb,Localization Stability,TF,Jump Linear,0,725
a7c9b12fedac3c9d77c027f020a5cfdb,Input Validity,Lidar,Lidar Rate,10,724.1
a7c9b12fedac3c9d77c027f020a5cfdb,Input Validity,Odometry,Odometry Rate,50,724.1
a7c9b12fedac3c9d77c027f020a5cfdb,Input Validity,TF,TF Rate,10,724.1
a7c9b12fedac3c9d77c027f020a5cfdb,Localization Stability,TF,Jump Angular,0,725.1
a7c9b12fedac3c9d77c027f020a5cfdb,Localization Stability,TF,Jump Linear,0,725.1
a7c9b12fedac3c9d77c027f020a5cfdb,Input Validity,Lidar,Lidar Rate,10,724.2
a7c9b12fedac3c9d77c027f020a5cfdb,Input Validity,Odometry,Odometry Rate,50,724.2
a7c9b12fedac3c9d77c027f020a5cfdb,Input Validity,TF,TF Rate,10,724.2
a7c9b12fedac3c9d77c027f020a5cfdb,Localization Quality,AMCLPose,CovYawYaw,0.00520577,724.2
a7c9b12fedac3c9d77c027f020a5cfdb,Localization Quality,AMCLPose,CovYY,0.00258512,724.2
a7c9b12fedac3c9d77c027f020a5cfdb,Localization Quality,AMCLPose,CovXX,0.00723463,724.2
a7c9b12fedac3c9d77c027f020a5cfdb,Localization Quality,AMCLPose,MeanYaw,3.06805,724.2
a7c9b12fedac3c9d77c027f020a5cfdb,Localization Quality,AMCLPose,MeanY,-0.428087,724.2
a7c9b12fedac3c9d77c027f020a5cfdb,Localization Quality,AMCLPose,MeanX,-7.07581,724.2
a7c9b12fedac3c9d77c027f020a5cfdb,Localization Stability,TF,Jump Angular,0.00057558,725.2
a7c9b12fedac3c9d77c027f020a5cfdb,Localization Stability,TF,Jump Linear,0.00514965,725.2
a7c9b12fedac3c9d77c027f020a5cfdb,Input Validity,Lidar,Lidar Rate,10,724.3
a7c9b12fedac3c9d77c027f020a5cfdb,Input Validity,Odometry,Odometry Rate,50,724.3
a7c9b12fedac3c9d77c027f020a5cfdb,Input Validity,TF,TF Rate,10,724.3
a7c9b12fedac3c9d77c027f020a5cfdb,Localization Stability,TF,Jump Angular,0,725.3
a7c9b12fedac3c9d77c027f020a5cfdb,Localization Stability,TF,Jump Linear,0,725.3
a7c9b12fedac3c9d77c027f020a5cfdb,Input Validity,Lidar,Lidar Rate,10,724.39
a7c9b12fedac3c9d77c027f020a5cfdb,Input Validity,Odometry,Odometry Rate,50,724.39
a7c9b12fedac3c9d77c027f020a5cfdb,Input Validity,TF,TF Rate,10,724.39
a7c9b12fedac3c9d77c027f020a5cfdb,Localization Stability,TF,Jump Angular,0,725.4
a7c9b12fedac3c9d77c027f020a5cfdb,Localization Stability,TF,Jump Linear,0,725.4
a7c9b12fedac3c9d77c027f020a5cfdb,Input Validity,Lidar,Lidar Rate,10,724.49
a7c9b12fedac3c9d77c027f020a5cfdb,Input Validity,Odometry,Odometry Rate,50,724.49
a7c9b12fedac3c9d77c027f020a5cfdb,Input Validity,TF,TF Rate,10,724.49
a7c9b12fedac3c9d77c027f020a5cfdb,Localization Quality,AMCLPose,CovYawYaw,0.00521665,724.5
a7c9b12fedac3c9d77c027f020a5cfdb,Localization Quality,AMCLPose,CovYY,0.0027148,724.5
a7c9b12fedac3c9d77c027f020a5cfdb,Localization Quality,AMCLPose,CovXX,0.00704455,724.5
a7c9b12fedac3c9d77c027f020a5cfdb,Localization Quality,AMCLPose,MeanYaw,3.05978,724.5
a7c9b12fedac3c9d77c027f020a5cfdb,Localization Quality,AMCLPose,MeanY,-0.417333,724.5
a7c9b12fedac3c9d77c027f020a5cfdb,Localization Quality,AMCLPose,MeanX,-7.2141,724.5
a7c9b12fedac3c9d77c027f020a5cfdb,Localization Stability,TF,Jump Angular,-0.000620377,725.5
a7c9b12fedac3c9d77c027f020a5cfdb,Localization Stability,TF,Jump Linear,0.00537546,725.5
a7c9b12fedac3c9d77c027f020a5cfdb,Input Validity,Lidar,Lidar Rate,10,724.59
a7c9b12fedac3c9d77c027f020a5cfdb,Input Validity,Odometry,Odometry Rate,50,724.59
a7c9b12fedac3c9d77c027f020a5cfdb,Input Validity,TF,TF Rate,10,724.59
a7c9b12fedac3c9d77c027f020a5cfdb,Localization Stability,TF,Jump Angular,0,725.6
a7c9b12fedac3c9d77c027f020a5cfdb,Localization Stability,TF,Jump Linear,0,725.6
a7c9b12fedac3c9d77c027f020a5cfdb,Input Validity,Lidar,Lidar Rate,10,724.69
a7c9b12fedac3c9d77c027f020a5cfdb,Input Validity,Odometry,Odometry Rate,50,724.69
a7c9b12fedac3c9d77c027f020a5cfdb,Input Validity,TF,TF Rate,10,724.69
a7c9b12fedac3c9d77c027f020a5cfdb,Localization Stability,TF,Jump Angular,0,725.7
a7c9b12fedac3c9d77c027f020a5cfdb,Localization Stability,TF,Jump Linear,0,725.7
a7c9b12fedac3c9d77c027f020a5cfdb,Input Validity,Lidar,Lidar Rate,10,724.79
a7c9b12fedac3c9d77c027f020a5cfdb,Input Validity,Odometry,Odometry Rate,50,724.79
a7c9b12fedac3c9d77c027f020a5cfdb,Input Validity,TF,TF Rate,10,724.79
a7c9b12fedac3c9d77c027f020a5cfdb,Localization Quality,AMCLPose,CovYawYaw,0.00498512,724.8
a7c9b12fedac3c9d77c027f020a5cfdb,Localization Quality,AMCLPose,CovYY,0.00266389,724.8
a7c9b12fedac3c9d77c027f020a5cfdb,Localization Quality,AMCLPose,CovXX,0.00711542,724.8
a7c9b12fedac3c9d77c027f020a5cfdb,Localization Quality,AMCLPose,MeanYaw,3.03666,724.8
a7c9b12fedac3c9d77c027f020a5cfdb,Localization Quality,AMCLPose,MeanY,-0.402937,724.8
a7c9b12fedac3c9d77c027f020a5cfdb,Localization Quality,AMCLPose,MeanX,-7.34519,724.8
a7c9b12fedac3c9d77c027f020a5cfdb,Localization Stability,TF,Jump Angular,-0.00206476,725.8
a7c9b12fedac3c9d77c027f020a5cfdb,Localization Stability,TF,Jump Linear,0.0135061,725.8
a7c9b12fedac3c9d77c027f020a5cfdb,Input Validity,Lidar,Lidar Rate,10,724.89
a7c9b12fedac3c9d77c027f020a5cfdb,Input Validity,Odometry,Odometry Rate,50,724.89
a7c9b12fedac3c9d77c027f020a5cfdb,Input Validity,TF,TF Rate,10,724.89
a7c9b12fedac3c9d77c027f020a5cfdb,Localization Stability,TF,Jump Angular,0,725.9
a7c9b12fedac3c9d77c027f020a5cfdb,Localization Stability,TF,Jump Linear,0,725.9
a7c9b12fedac3c9d77c027f020a5cfdb,Input Validity,Lidar,Lidar Rate,10,724.99
a7c9b12fedac3c9d77c027f020a5cfdb,Input Validity,Odometry,Odometry Rate,50,724.99
a7c9b12fedac3c9d77c027f020a5cfdb,Input Validity,TF,TF Rate,10,724.99
a7c9b12fedac3c9d77c027f020a5cfdb,Localization Stability,TF,Jump Angular,0,726
a7c9b12fedac3c9d77c027f020a5cfdb,Localization Stability,TF,Jump Linear,0,726
a7c9b12fedac3c9d77c027f020a5cfdb,Input Validity,Lidar,Lidar Rate,10,725.09
a7c9b12fedac3c9d77c027f020a5cfdb,Input Validity,Odometry,Odometry Rate,50,725.09
a7c9b12fedac3c9d77c027f020a5cfdb,Input Validity,TF,TF Rate,10,725.09
a7c9b12fedac3c9d77c027f020a5cfdb,Localization Quality,AMCLPose,CovYawYaw,0.00488235,725.1
a7c9b12fedac3c9d77c027f020a5cfdb,Localization Quality,AMCLPose,CovYY,0.00288526,725.1
a7c9b12fedac3c9d77c027f020a5cfdb,Localization Quality,AMCLPose,CovXX,0.00730581,725.1
a7c9b12fedac3c9d77c027f020a5cfdb,Localization Quality,AMCLPose,MeanYaw,3.00729,725.1
a7c9b12fedac3c9d77c027f020a5cfdb,Localization Quality,AMCLPose,MeanY,-0.388383,725.1
a7c9b12fedac3c9d77c027f020a5cfdb,Localization Quality,AMCLPose,MeanX,-7.47862,725.1
a7c9b12fedac3c9d77c027f020a5cfdb,Localization Stability,TF,Jump Angular,0.00210853,726.1
a7c9b12fedac3c9d77c027f020a5cfdb,Localization Stability,TF,Jump Linear,0.0141237,726.1
a7c9b12fedac3c9d77c027f020a5cfdb,Input Validity,Lidar,Lidar Rate,10,725.19
a7c9b12fedac3c9d77c027f020a5cfdb,Input Validity,Odometry,Odometry Rate,50,725.19
a7c9b12fedac3c9d77c027f020a5cfdb,Input Validity,TF,TF Rate,10,725.19
a7c9b12fedac3c9d77c027f020a5cfdb,Localization Stability,TF,Jump Angular,0,726.2
a7c9b12fedac3c9d77c027f020a5cfdb,Localization Stability,TF,Jump Linear,0,726.2
a7c9b12fedac3c9d77c027f020a5cfdb,Input Validity,Lidar,Lidar Rate,10,725.29
a7c9b12fedac3c9d77c027f020a5cfdb,Input Validity,Odometry,Odometry Rate,50,725.29
a7c9b12fedac3c9d77c027f020a5cfdb,Input Validity,TF,TF Rate,10,725.29
a7c9b12fedac3c9d77c027f020a5cfdb,Localization Stability,TF,Jump Angular,0,726.3
a7c9b12fedac3c9d77c027f020a5cfdb,Localization Stability,TF,Jump Linear,0,726.3
a7c9b12fedac3c9d77c027f020a5cfdb,Input Validity,Lidar,Lidar Rate,10,725.39
a7c9b12fedac3c9d77c027f020a5cfdb,Input Validity,Odometry,Odometry Rate,50,725.39
a7c9b12fedac3c9d77c027f020a5cfdb,Input Validity,TF,TF Rate,10,725.39
a7c9b12fedac3c9d77c027f020a5cfdb,Localization Quality,AMCLPose,CovYawYaw,0.00489204,725.4
a7c9b12fedac3c9d77c027f020a5cfdb,Localization Quality,AMCLPose,CovYY,0.00316766,725.4
a7c9b12fedac3c9d77c027f020a5cfdb,Localization Quality,AMCLPose,CovXX,0.00701855,725.4
a7c9b12fedac3c9d77c027f020a5cfdb,Localization Quality,AMCLPose,MeanYaw,2.96911,725.4
a7c9b12fedac3c9d77c027f020a5cfdb,Localization Quality,AMCLPose,MeanY,-0.366953,725.4
a7c9b12fedac3c9d77c027f020a5cfdb,Localization Quality,AMCLPose,MeanX,-7.61117,725.4
a7c9b12fedac3c9d77c027f020a5cfdb,Localization Stability,TF,Jump Angular,-0.00125311,726.4
a7c9b12fedac3c9d77c027f020a5cfdb,Localization Stability,TF,Jump Linear,0.00864289,726.4
a7c9b12fedac3c9d77c027f020a5cfdb,Input Validity,Lidar,Lidar Rate,10,725.49
a7c9b12fedac3c9d77c027f020a5cfdb,Input Validity,Odometry,Odometry Rate,50,725.49
a7c9b12fedac3c9d77c027f020a5cfdb,Input Validity,TF,TF Rate,10,725.49
a7c9b12fedac3c9d77c027f020a5cfdb,Localization Stability,TF,Jump Angular,0,726.5
a7c9b12fedac3c9d77c027f020a5cfdb,Localization Stability,TF,Jump Linear,0,726.5
a7c9b12fedac3c9d77c027f020a5cfdb,Input Validity,Lidar,Lidar Rate,10,725.59
a7c9b12fedac3c9d77c027f020a5cfdb,Input Validity,Odometry,Odometry Rate,50,725.59
a7c9b12fedac3c9d77c027f020a5cfdb,Input Validity,TF,TF Rate,10,725.59
a7c9b12fedac3c9d77c027f020a5cfdb,Localization Stability,TF,Jump Angular,0,726.6
a7c9b12fedac3c9d77c027f020a5cfdb,Localization Stability,TF,Jump Linear,0,726.6
a7c9b12fedac3c9d77c027f020a5cfdb,Input Validity,Lidar,Lidar Rate,10,725.69
a7c9b12fedac3c9d77c027f020a5cfdb,Input Validity,Odometry,Odometry Rate,50,725.69
a7c9b12fedac3c9d77c027f020a5cfdb,Input Validity,TF,TF Rate,10,725.69
a7c9b12fedac3c9d77c027f020a5cfdb,Localization Quality,AMCLPose,CovYawYaw,0.00499453,725.7
a7c9b12fedac3c9d77c027f020a5cfdb,Localization Quality,AMCLPose,CovYY,0.00328605,725.7
a7c9b12fedac3c9d77c027f020a5cfdb,Localization Quality,AMCLPose,CovXX,0.00726348,725.7
a7c9b12fedac3c9d77c027f020a5cfdb,Localization Quality,AMCLPose,MeanYaw,2.92922,725.7
a7c9b12fedac3c9d77c027f020a5cfdb,Localization Quality,AMCLPose,MeanY,-0.340182,725.7
a7c9b12fedac3c9d77c027f020a5cfdb,Localization Quality,AMCLPose,MeanX,-7.74371,725.7
a7c9b12fedac3c9d77c027f020a5cfdb,Localization Stability,TF,Jump Angular,-0.00208304,726.7
a7c9b12fedac3c9d77c027f020a5cfdb,Localization Stability,TF,Jump Linear,0.0147136,726.7
a7c9b12fedac3c9d77c027f020a5cfdb,Input Validity,Lidar,Lidar Rate,10,725.79
a7c9b12fedac3c9d77c027f020a5cfdb,Input Validity,Odometry,Odometry Rate,50,725.79
a7c9b12fedac3c9d77c027f020a5cfdb,Input Validity,TF,TF Rate,10,725.79
a7c9b12fedac3c9d77c027f020a5cfdb,Localization Stability,TF,Jump Angular,0,726.8
a7c9b12fedac3c9d77c027f020a5cfdb,Localization Stability,TF,Jump Linear,0,726.8
a7c9b12fedac3c9d77c027f020a5cfdb,Input Validity,Lidar,Lidar Rate,10,725.89
a7c9b12fedac3c9d77c027f020a5cfdb,Input Validity,Odometry,Odometry Rate,50,725.89
a7c9b12fedac3c9d77c027f020a5cfdb,Input Validity,TF,TF Rate,10,725.89
a7c9b12fedac3c9d77c027f020a5cfdb,Localization Stability,TF,Jump Angular,0,726.9
a7c9b12fedac3c9d77c027f020a5cfdb,Localization Stability,TF,Jump Linear,0,726.9
a7c9b12fedac3c9d77c027f020a5cfdb,Input Validity,Lidar,Lidar Rate,10,725.99
a7c9b12fedac3c9d77c027f020a5cfdb,Input Validity,Odometry,Odometry Rate,50,725.99
a7c9b12fedac3c9d77c027f020a5cfdb,Input Validity,TF,TF Rate,10,725.99
a7c9b12fedac3c9d77c027f020a5cfdb,Localization Quality,AMCLPose,CovYawYaw,0.00405915,726
a7c9b12fedac3c9d77c027f020a5cfdb,Localization Quality,AMCLPose,CovYY,0.00304192,726
a7c9b12fedac3c9d77c027f020a5cfdb,Localization Quality,AMCLPose,CovXX,0.00758678,726
a7c9b12fedac3c9d77c027f020a5cfdb,Localization Quality,AMCLPose,MeanYaw,2.89633,726
a7c9b12fedac3c9d77c027f020a5cfdb,Localization Quality,AMCLPose,MeanY,-0.312465,726
a7c9b12fedac3c9d77c027f020a5cfdb,Localization Quality,AMCLPose,MeanX,-7.85208,726
a7c9b12fedac3c9d77c027f020a5cfdb,Localization Stability,TF,Jump Angular,-0.00220504,727
a7c9b12fedac3c9d77c027f020a5cfdb,Localization Stability,TF,Jump Linear,0.0153969,727
a7c9b12fedac3c9d77c027f020a5cfdb,Input Validity,Lidar,Lidar Rate,10,726.09
a7c9b12fedac3c9d77c027f020a5cfdb,Input Validity,Odometry,Odometry Rate,50,726.09
a7c9b12fedac3c9d77c027f020a5cfdb,Input Validity,TF,TF Rate,10,726.09
a7c9b12fedac3c9d77c027f020a5cfdb,Localization Stability,TF,Jump Angular,0,727.1
a7c9b12fedac3c9d77c027f020a5cfdb,Localization Stability,TF,Jump Linear,0,727.1
a7c9b12fedac3c9d77c027f020a5cfdb,Input Validity,Lidar,Lidar Rate,10,726.19
a7c9b12fedac3c9d77c027f020a5cfdb,Input Validity,Odometry,Odometry Rate,50,726.19
a7c9b12fedac3c9d77c027f020a5cfdb,Input Validity,TF,TF Rate,10,726.19
a7c9b12fedac3c9d77c027f020a5cfdb,Localization Stability,TF,Jump Angular,0,727.2
a7c9b12fedac3c9d77c027f020a5cfdb,Localization Stability,TF,Jump Linear,0,727.2
a7c9b12fedac3c9d77c027f020a5cfdb,Input Validity,Lidar,Lidar Rate,10,726.29
a7c9b12fedac3c9d77c027f020a5cfdb,Input Validity,Odometry,Odometry Rate,50,726.29
a7c9b12fedac3c9d77c027f020a5cfdb,Input Validity,TF,TF Rate,10,726.29
a7c9b12fedac3c9d77c027f020a5cfdb,Localization Stability,TF,Jump Angular,0,727.3
a7c9b12fedac3c9d77c027f020a5cfdb,Localization Stability,TF,Jump Linear,0,727.3
a7c9b12fedac3c9d77c027f020a5cfdb,Input Validity,Lidar,Lidar Rate,10,726.39
a7c9b12fedac3c9d77c027f020a5cfdb,Input Validity,Odometry,Odometry Rate,50,726.39
a7c9b12fedac3c9d77c027f020a5cfdb,Input Validity,TF,TF Rate,10,726.39
a7c9b12fedac3c9d77c027f020a5cfdb,Localization Quality,AMCLPose,CovYawYaw,0.00419363,726.4
a7c9b12fedac3c9d77c027f020a5cfdb,Localization Quality,AMCLPose,CovYY,0.00309167,726.4
a7c9b12fedac3c9d77c027f020a5cfdb,Localization Quality,AMCLPose,CovXX,0.00753333,726.4
a7c9b12fedac3c9d77c027f020a5cfdb,Localization Quality,AMCLPose,MeanYaw,2.86124,726.4
a7c9b12fedac3c9d77c027f020a5cfdb,Localization Quality,AMCLPose,MeanY,-0.281009,726.4
a7c9b12fedac3c9d77c027f020a5cfdb,Localization Quality,AMCLPose,MeanX,-7.97349,726.4
a7c9b12fedac3c9d77c027f020a5cfdb,Localization Stability,TF,Jump Angular,-0.000656719,727.4
a7c9b12fedac3c9d77c027f020a5cfdb,Localization Stability,TF,Jump Linear,0.00615872,727.4
a7c9b12fedac3c9d77c027f020a5cfdb,Input Validity,Lidar,Lidar Rate,10,726.49
a7c9b12fedac3c9d77c027f020a5cfdb,Input Validity,Odometry,Odometry Rate,50,726.49
a7c9b12fedac3c9d77c027f020a5cfdb,Input Validity,TF,TF Rate,10,726.49
a7c9b12fedac3c9d77c027f020a5cfdb,Localization Stability,TF,Jump Angular,0,727.5
a7c9b12fedac3c9d77c027f020a5cfdb,Localization Stability,TF,Jump Linear,0,727.5
a7c9b12fedac3c9d77c027f020a5cfdb,Input Validity,Lidar,Lidar Rate,10,726.59
a7c9b12fedac3c9d77c027f020a5cfdb,Input Validity,Odometry,Odometry Rate,50,726.59
a7c9b12fedac3c9d77c027f020a5cfdb,Input Validity,TF,TF Rate,10,726.59
a7c9b12fedac3c9d77c027f020a5cfdb,Localization Stability,TF,Jump Angular,0,727.6
a7c9b12fedac3c9d77c027f020a5cfdb,Localization Stability,TF,Jump Linear,0,727.6
a7c9b12fedac3c9d77c027f020a5cfdb,Input Validity,Lidar,Lidar Rate,10,726.69
a7c9b12fedac3c9d77c027f020a5cfdb,Input Validity,Odometry,Odometry Rate,50,726.69
a7c9b12fedac3c9d77c027f020a5cfdb,Input Validity,TF,TF Rate,10,726.69
a7c9b12fedac3c9d77c027f020a5cfdb,Localization Stability,TF,Jump Angular,0,727.7
a7c9b12fedac3c9d77c027f020a5cfdb,Localization Stability,TF,Jump Linear,0,727.7
a7c9b12fedac3c9d77c027f020a5cfdb,Input Validity,Lidar,Lidar Rate,10,726.79
a7c9b12fedac3c9d77c027f020a5cfdb,Input Validity,Odometry,Odometry Rate,50,726.79
a7c9b12fedac3c9d77c027f020a5cfdb,Input Validity,TF,TF Rate,10,726.79
a7c9b12fedac3c9d77c027f020a5cfdb,Localization Stability,TF,Jump Angular,0,727.8
a7c9b12fedac3c9d77c027f020a5cfdb,Localization Stability,TF,Jump Linear,0,727.8
a7c9b12fedac3c9d77c027f020a5cfdb,Input Validity,Lidar,Lidar Rate,10,726.88
a7c9b12fedac3c9d77c027f020a5cfdb,Input Validity,Odometry,Odometry Rate,50,726.88
a7c9b12fedac3c9d77c027f020a5cfdb,Input Validity,TF,TF Rate,10,726.88
a7c9b12fedac3c9d77c027f020a5cfdb,Localization Quality,AMCLPose,CovYawYaw,0.00394675,726.9
a7c9b12fedac3c9d77c027f020a5cfdb,Localization Quality,AMCLPose,CovYY,0.00313229,726.9
a7c9b12fedac3c9d77c027f020a5cfdb,Localization Quality,AMCLPose,CovXX,0.00768488,726.9
a7c9b12fedac3c9d77c027f020a5cfdb,Localization Quality,AMCLPose,MeanYaw,2.82976,726.9
a7c9b12fedac3c9d77c027f020a5cfdb,Localization Quality,AMCLPose,MeanY,-0.245508,726.9
a7c9b12fedac3c9d77c027f020a5cfdb,Localization Quality,AMCLPose,MeanX,-8.08899,726.9
a7c9b12fedac3c9d77c027f020a5cfdb,Localization Stability,TF,Jump Angular,-0.000924749,727.9
a7c9b12fedac3c9d77c027f020a5cfdb,Localization Stability,TF,Jump Linear,0.00697458,727.9
a7c9b12fedac3c9d77c027f020a5cfdb,Input Validity,Lidar,Lidar Rate,10,726.98
a7c9b12fedac3c9d77c027f020a5cfdb,Input Validity,Odometry,Odometry Rate,50,726.98
a7c9b12fedac3c9d77c027f020a5cfdb,Input Validity,TF,TF Rate,10,726.98
a7c9b12fedac3c9d77c027f020a5cfdb,Localization Stability,TF,Jump Angular,0,728
a7c9b12fedac3c9d77c027f020a5cfdb,Localization Stability,TF,Jump Linear,0,728
a7c9b12fedac3c9d77c027f020a5cfdb,Input Validity,Lidar,Lidar Rate,10,727.08
a7c9b12fedac3c9d77c027f020a5cfdb,Input Validity,Odometry,Odometry Rate,50,727.08
a7c9b12fedac3c9d77c027f020a5cfdb,Input Validity,TF,TF Rate,10,727.08
a7c9b12fedac3c9d77c027f020a5cfdb,Localization Stability,TF,Jump Angular,0,728.1
a7c9b12fedac3c9d77c027f020a5cfdb,Localization Stability,TF,Jump Linear,0,728.1
a7c9b12fedac3c9d77c027f020a5cfdb,Input Validity,Lidar,Lidar Rate,10,727.18
a7c9b12fedac3c9d77c027f020a5cfdb,Input Validity,Odometry,Odometry Rate,50,727.18
a7c9b12fedac3c9d77c027f020a5cfdb,Input Validity,TF,TF Rate,10,727.18
a7c9b12fedac3c9d77c027f020a5cfdb,Localization Stability,TF,Jump Angular,0,728.2
a7c9b12fedac3c9d77c027f020a5cfdb,Localization Stability,TF,Jump Linear,0,728.2
a7c9b12fedac3c9d77c027f020a5cfdb,Input Validity,Lidar,Lidar Rate,10,727.28
a7c9b12fedac3c9d77c027f020a5cfdb,Input Validity,Odometry,Odometry Rate,50,727.28
a7c9b12fedac3c9d77c027f020a5cfdb,Input Validity,TF,TF Rate,10,727.28
a7c9b12fedac3c9d77c027f020a5cfdb,Localization Stability,TF,Jump Angular,0,728.3
a7c9b12fedac3c9d77c027f020a5cfdb,Localization Stability,TF,Jump Linear,0,728.3
a7c9b12fedac3c9d77c027f020a5cfdb,Input Validity,Lidar,Lidar Rate,10,727.38
a7c9b12fedac3c9d77c027f020a5cfdb,Input Validity,Odometry,Odometry Rate,50,727.38
a7c9b12fedac3c9d77c027f020a5cfdb,Input Validity,TF,TF Rate,10,727.38
a7c9b12fedac3c9d77c027f020a5cfdb,Localization Stability,TF,Jump Angular,0,728.4
a7c9b12fedac3c9d77c027f020a5cfdb,Localization Stability,TF,Jump Linear,0,728.4
a7c9b12fedac3c9d77c027f020a5cfdb,Input Validity,Lidar,Lidar Rate,10,727.48
a7c9b12fedac3c9d77c027f020a5cfdb,Input Validity,Odometry,Odometry Rate,50,727.48
a7c9b12fedac3c9d77c027f020a5cfdb,Input Validity,TF,TF Rate,10,727.48
a7c9b12fedac3c9d77c027f020a5cfdb,Localization Quality,AMCLPose,CovYawYaw,0.00353841,727.5
a7c9b12fedac3c9d77c027f020a5cfdb,Localization Quality,AMCLPose,CovYY,0.00302076,727.5
a7c9b12fedac3c9d77c027f020a5cfdb,Localization Quality,AMCLPose,CovXX,0.00729091,727.5
a7c9b12fedac3c9d77c027f020a5cfdb,Localization Quality,AMCLPose,MeanYaw,2.80993,727.5
a7c9b12fedac3c9d77c027f020a5cfdb,Localization Quality,AMCLPose,MeanY,-0.213909,727.5
a7c9b12fedac3c9d77c027f020a5cfdb,Localization Quality,AMCLPose,MeanX,-8.1868,727.5
a7c9b12fedac3c9d77c027f020a5cfdb,Localization Stability,TF,Jump Angular,-0.000419434,728.5
a7c9b12fedac3c9d77c027f020a5cfdb,Localization Stability,TF,Jump Linear,0.0051736,728.5
a7c9b12fedac3c9d77c027f020a5cfdb,Input Validity,Lidar,Lidar Rate,10,727.58
a7c9b12fedac3c9d77c027f020a5cfdb,Input Validity,Odometry,Odometry Rate,50,727.58
a7c9b12fedac3c9d77c027f020a5cfdb,Input Validity,TF,TF Rate,10,727.58
a7c9b12fedac3c9d77c027f020a5cfdb,Localization Stability,TF,Jump Angular,0,728.6
a7c9b12fedac3c9d77c027f020a5cfdb,Localization Stability,TF,Jump Linear,0,728.6
a7c9b12fedac3c9d77c027f020a5cfdb,Input Validity,Lidar,Lidar Rate,10,727.68
a7c9b12fedac3c9d77c027f020a5cfdb,Input Validity,Odometry,Odometry Rate,50,727.68
a7c9b12fedac3c9d77c027f020a5cfdb,Input Validity,TF,TF Rate,10,727.68
a7c9b12fedac3c9d77c027f020a5cfdb,Localization Stability,TF,Jump Angular,0,728.7
a7c9b12fedac3c9d77c027f020a5cfdb,Localization Stability,TF,Jump Linear,0,728.7
a7c9b12fedac3c9d77c027f020a5cfdb,Input Validity,Lidar,Lidar Rate,10,727.78
a7c9b12fedac3c9d77c027f020a5cfdb,Input Validity,Odometry,Odometry Rate,50,727.78
a7c9b12fedac3c9d77c027f020a5cfdb,Input Validity,TF,TF Rate,10,727.78
a7c9b12fedac3c9d77c027f020a5cfdb,Localization Stability,TF,Jump Angular,0,728.8
a7c9b12fedac3c9d77c027f020a5cfdb,Localization Stability,TF,Jump Linear,0,728.8
a7c9b12fedac3c9d77c027f020a5cfdb,Input Validity,Lidar,Lidar Rate,10,727.88
a7c9b12fedac3c9d77c027f020a5cfdb,Input Validity,Odometry,Odometry Rate,50,727.88
a7c9b12fedac3c9d77c027f020a5cfdb,Input Validity,TF,TF Rate,10,727.88
a7c9b12fedac3c9d77c027f020a5cfdb,Localization Stability,TF,Jump Angular,0,728.9
a7c9b12fedac3c9d77c027f020a5cfdb,Localization Stability,TF,Jump Linear,0,728.9
a7c9b12fedac3c9d77c027f020a5cfdb,Input Validity,Lidar,Lidar Rate,10,727.98
a7c9b12fedac3c9d77c027f020a5cfdb,Input Validity,Odometry,Odometry Rate,50,727.98
a7c9b12fedac3c9d77c027f020a5cfdb,Input Validity,TF,TF Rate,10,727.98
a7c9b12fedac3c9d77c027f020a5cfdb,Localization Stability,TF,Jump Angular,0,729
a7c9b12fedac3c9d77c027f020a5cfdb,Localization Stability,TF,Jump Linear,0,729
a7c9b12fedac3c9d77c027f020a5cfdb,Input Validity,Lidar,Lidar Rate,10,728.08
a7c9b12fedac3c9d77c027f020a5cfdb,Input Validity,Odometry,Odometry Rate,50,728.08
a7c9b12fedac3c9d77c027f020a5cfdb,Input Validity,TF,TF Rate,10,728.08
a7c9b12fedac3c9d77c027f020a5cfdb,Localization Stability,TF,Jump Angular,0,729.1
a7c9b12fedac3c9d77c027f020a5cfdb,Localization Stability,TF,Jump Linear,0,729.1
a7c9b12fedac3c9d77c027f020a5cfdb,Input Validity,Lidar,Lidar Rate,10,728.18
a7c9b12fedac3c9d77c027f020a5cfdb,Input Validity,Odometry,Odometry Rate,50,728.18
a7c9b12fedac3c9d77c027f020a5cfdb,Input Validity,TF,TF Rate,10,728.18
a7c9b12fedac3c9d77c027f020a5cfdb,Localization Stability,TF,Jump Angular,0,729.2
a7c9b12fedac3c9d77c027f020a5cfdb,Localization Stability,TF,Jump Linear,0,729.2
a7c9b12fedac3c9d77c027f020a5cfdb,Input Validity,Lidar,Lidar Rate,10,728.28
a7c9b12fedac3c9d77c027f020a5cfdb,Input Validity,Odometry,Odometry Rate,50,728.28
a7c9b12fedac3c9d77c027f020a5cfdb,Input Validity,TF,TF Rate,10,728.28
a7c9b12fedac3c9d77c027f020a5cfdb,Localization Stability,TF,Jump Angular,0,729.3
a7c9b12fedac3c9d77c027f020a5cfdb,Localization Stability,TF,Jump Linear,0,729.3
a7c9b12fedac3c9d77c027f020a5cfdb,Input Validity,Lidar,Lidar Rate,10,728.38
a7c9b12fedac3c9d77c027f020a5cfdb,Input Validity,Odometry,Odometry Rate,50,728.38
a7c9b12fedac3c9d77c027f020a5cfdb,Input Validity,TF,TF Rate,10,728.38
a7c9b12fedac3c9d77c027f020a5cfdb,Localization Stability,TF,Jump Angular,0,729.4
a7c9b12fedac3c9d77c027f020a5cfdb,Localization Stability,TF,Jump Linear,0,729.4
a7c9b12fedac3c9d77c027f020a5cfdb,Input Validity,Lidar,Lidar Rate,10,728.48
a7c9b12fedac3c9d77c027f020a5cfdb,Input Validity,Odometry,Odometry Rate,50,728.48
a7c9b12fedac3c9d77c027f020a5cfdb,Input Validity,TF,TF Rate,10,728.48
a7c9b12fedac3c9d77c027f020a5cfdb,Localization Quality,AMCLPose,CovYawYaw,0.00361361,728.5
a7c9b12fedac3c9d77c027f020a5cfdb,Localization Quality,AMCLPose,CovYY,0.00284931,728.5
a7c9b12fedac3c9d77c027f020a5cfdb,Localization Quality,AMCLPose,CovXX,0.00663869,728.5
a7c9b12fedac3c9d77c027f020a5cfdb,Localization Quality,AMCLPose,MeanYaw,2.78953,728.5
a7c9b12fedac3c9d77c027f020a5cfdb,Localization Quality,AMCLPose,MeanY,-0.176863,728.5
a7c9b12fedac3c9d77c027f020a5cfdb,Localization Quality,AMCLPose,MeanX,-8.29228,728.5
a7c9b12fedac3c9d77c027f020a5cfdb,Localization Stability,TF,Jump Angular,-0.000354139,729.5
a7c9b12fedac3c9d77c027f020a5cfdb,Localization Stability,TF,Jump Linear,0.00326427,729.5
a7c9b12fedac3c9d77c027f020a5cfdb,Input Validity,Lidar,Lidar Rate,10,728.58
a7c9b12fedac3c9d77c027f020a5cfdb,Input Validity,Odometry,Odometry Rate,50,728.58
a7c9b12fedac3c9d77c027f020a5cfdb,Input Validity,TF,TF Rate,10,728.58
a7c9b12fedac3c9d77c027f020a5cfdb,Localization Stability,TF,Jump Angular,0,729.6
a7c9b12fedac3c9d77c027f020a5cfdb,Localization Stability,TF,Jump Linear,0,729.6
a7c9b12fedac3c9d77c027f020a5cfdb,Input Validity,Lidar,Lidar Rate,10,728.68
a7c9b12fedac3c9d77c027f020a5cfdb,Input Validity,Odometry,Odometry Rate,50,728.68
a7c9b12fedac3c9d77c027f020a5cfdb,Input Validity,TF,TF Rate,10,728.68
a7c9b12fedac3c9d77c027f020a5cfdb,Localization Stability,TF,Jump Angular,0,729.7
a7c9b12fedac3c9d77c027f020a5cfdb,Localization Stability,TF,Jump Linear,0,729.7
a7c9b12fedac3c9d77c027f020a5cfdb,Input Validity,Lidar,Lidar Rate,10,728.78
a7c9b12fedac3c9d77c027f020a5cfdb,Input Validity,Odometry,Odometry Rate,50,728.78
a7c9b12fedac3c9d77c027f020a5cfdb,Input Validity,TF,TF Rate,10,728.78
a7c9b12fedac3c9d77c027f020a5cfdb,Localization Stability,TF,Jump Angular,0,729.8
a7c9b12fedac3c9d77c027f020a5cfdb,Localization Stability,TF,Jump Linear,0,729.8
a7c9b12fedac3c9d77c027f020a5cfdb,Input Validity,Lidar,Lidar Rate,10,728.88
a7c9b12fedac3c9d77c027f020a5cfdb,Input Validity,Odometry,Odometry Rate,50,728.88
a7c9b12fedac3c9d77c027f020a5cfdb,Input Validity,TF,TF Rate,10,728.88
a7c9b12fedac3c9d77c027f020a5cfdb,Localization Stability,TF,Jump Angular,0,729.9
a7c9b12fedac3c9d77c027f020a5cfdb,Localization Stability,TF,Jump Linear,0,729.9
a7c9b12fedac3c9d77c027f020a5cfdb,Input Validity,Lidar,Lidar Rate,10,728.98
a7c9b12fedac3c9d77c027f020a5cfdb,Input Validity,Odometry,Odometry Rate,50,728.98
a7c9b12fedac3c9d77c027f020a5cfdb,Input Validity,TF,TF Rate,10,728.98
a7c9b12fedac3c9d77c027f020a5cfdb,Localization Stability,TF,Jump Angular,0,730
a7c9b12fedac3c9d77c027f020a5cfdb,Localization Stability,TF,Jump Linear,0,730
a7c9b12fedac3c9d77c027f020a5cfdb,Input Validity,Lidar,Lidar Rate,10,729.08
a7c9b12fedac3c9d77c027f020a5cfdb,Input Validity,Odometry,Odometry Rate,50,729.08
a7c9b12fedac3c9d77c027f020a5cfdb,Input Validity,TF,TF Rate,10,729.08
a7c9b12fedac3c9d77c027f020a5cfdb,Localization Stability,TF,Jump Angular,0,730.1
a7c9b12fedac3c9d77c027f020a5cfdb,Localization Stability,TF,Jump Linear,0,730.1
a7c9b12fedac3c9d77c027f020a5cfdb,Input Validity,Lidar,Lidar Rate,10,729.18
a7c9b12fedac3c9d77c027f020a5cfdb,Input Validity,Odometry,Odometry Rate,50,729.18
a7c9b12fedac3c9d77c027f020a5cfdb,Input Validity,TF,TF Rate,10,729.18
a7c9b12fedac3c9d77c027f020a5cfdb,Localization Stability,TF,Jump Angular,0,730.2
a7c9b12fedac3c9d77c027f020a5cfdb,Localization Stability,TF,Jump Linear,0,730.2
a7c9b12fedac3c9d77c027f020a5cfdb,Input Validity,Lidar,Lidar Rate,10,729.28
a7c9b12fedac3c9d77c027f020a5cfdb,Input Validity,Odometry,Odometry Rate,50,729.28
a7c9b12fedac3c9d77c027f020a5cfdb,Input Validity,TF,TF Rate,10,729.28
a7c9b12fedac3c9d77c027f020a5cfdb,Localization Stability,TF,Jump Angular,0,730.3
a7c9b12fedac3c9d77c027f020a5cfdb,Localization Stability,TF,Jump Linear,0,730.3
a7c9b12fedac3c9d77c027f020a5cfdb,Localization Responsiveness,TTC,TTC Outcome,1,729.36
a7c9b12fedac3c9d77c027f020a5cfdb,Localization Responsiveness,TTC,TTC,2.58,729.36
a7c9b12fedac3c9d77c027f020a5cfdb,Mission Outcome,Episode Event,Recoveries,0,729.36
a7c9b12fedac3c9d77c027f020a5cfdb,Mission Outcome,Episode Event,Collisions,0,729.36
a7c9b12fedac3c9d77c027f020a5cfdb,Mission Outcome,Episode Event,Navigation Time,16.94,729.36
a7c9b12fedac3c9d77c027f020a5cfdb,Mission Outcome,Episode Event,Goal Result,1,729.36
a7c9b12fedac3c9d77c027f020a5cfdb,Input Validity,AMCLPose,Pose Monotonicity,0,729.36
a7c9b12fedac3c9d77c027f020a5cfdb,Input Validity,Lidar,Lidar Frame Mistmatch,0,729.36
a7c9b12fedac3c9d77c027f020a5cfdb,Input Validity,Lidar,Lidar Monotonicity,0,729.36
a7c9b12fedac3c9d77c027f020a5cfdb,Input Validity,Odometry,Odometry Frame Mismatch,0,729.36
a7c9b12fedac3c9d77c027f020a5cfdb,Input Validity,Odometry,Odometry Monotonicity,0,729.36
a7c9b12fedac3c9d77c027f020a5cfdb,Input Validity,TF,TF Gap Count,0,729.36
a7c9b12fedac3c9d77c027f020a5cfdb,Input Validity,TF,TF Frame Drop,847,729.36
a7c9b12fedac3c9d77c027f020a5cfdb,Input Validity,TF,TF Monotonicity,0,729.36
a7c9b12fedac3c9d77c027f020a5cfdb,map,-2.86629,-1.88415,173.456,-8.425,-0.125,160.785,1,SUCCEEDED,3,16.94,712.42,729.36,0.0524406,0.0520251,0.818128,0,0.00497528,0.0652901,0.0349412,298.183,1699,6.21669,0.42546,0.044932,0.852316,0,847,0.937866
e79d13fac35984bdd99eadc6669978f7,Localization Stability,TF,Jump Angular,0,738.1
e79d13fac35984bdd99eadc6669978f7,Localization Stability,TF,Jump Linear,0,738.1
e79d13fac35984bdd99eadc6669978f7,Input Validity,Lidar,Lidar Rate,10,737.14
e79d13fac35984bdd99eadc6669978f7,Input Validity,Odometry,Odometry Rate,50,737.14
e79d13fac35984bdd99eadc6669978f7,Input Validity,TF,TF Rate,10,737.14
e79d13fac35984bdd99eadc6669978f7,Localization Stability,TF,Jump Angular,0.0512549,738.2
e79d13fac35984bdd99eadc6669978f7,Localization Stability,TF,Jump Linear,0.455336,738.2
e79d13fac35984bdd99eadc6669978f7,Input Validity,Lidar,Lidar Rate,10,737.24
e79d13fac35984bdd99eadc6669978f7,Input Validity,Odometry,Odometry Rate,50,737.24
e79d13fac35984bdd99eadc6669978f7,Input Validity,TF,TF Rate,10,737.24
e79d13fac35984bdd99eadc6669978f7,Localization Quality,AMCLPose,CovYawYaw,0.0509011,737.3
e79d13fac35984bdd99eadc6669978f7,Localization Quality,AMCLPose,CovYY,0.0631074,737.3
e79d13fac35984bdd99eadc6669978f7,Localization Quality,AMCLPose,CovXX,0.150689,737.3
e79d13fac35984bdd99eadc6669978f7,Localization Quality,AMCLPose,MeanYaw,2.65272,737.3
e79d13fac35984bdd99eadc6669978f7,Localization Quality,AMCLPose,MeanY,-0.23332,737.3
e79d13fac35984bdd99eadc6669978f7,Localization Quality,AMCLPose,MeanX,-8.47716,737.3
e79d13fac35984bdd99eadc6669978f7,Localization Stability,TF,Jump Angular,0.0265866,738.3
e79d13fac35984bdd99eadc6669978f7,Localization Stability,TF,Jump Linear,0.240492,738.3
e79d13fac35984bdd99eadc6669978f7,Input Validity,Lidar,Lidar Rate,10,737.34
e79d13fac35984bdd99eadc6669978f7,Input Validity,Odometry,Odometry Rate,50,737.34
e79d13fac35984bdd99eadc6669978f7,Input Validity,TF,TF Rate,10,737.34
e79d13fac35984bdd99eadc6669978f7,Localization Quality,AMCLPose,CovYawYaw,0.0246649,737.4
e79d13fac35984bdd99eadc6669978f7,Localization Quality,AMCLPose,CovYY,0.0367034,737.4
e79d13fac35984bdd99eadc6669978f7,Localization Quality,AMCLPose,CovXX,0.121313,737.4
e79d13fac35984bdd99eadc6669978f7,Localization Quality,AMCLPose,MeanYaw,2.59385,737.4
e79d13fac35984bdd99eadc6669978f7,Localization Quality,AMCLPose,MeanY,-0.231603,737.4
e79d13fac35984bdd99eadc6669978f7,Localization Quality,AMCLPose,MeanX,-8.44649,737.4
e79d13fac35984bdd99eadc6669978f7,Localization Stability,TF,Jump Angular,0.0161869,738.4
e79d13fac35984bdd99eadc6669978f7,Localization Stability,TF,Jump Linear,0.140318,738.4
e79d13fac35984bdd99eadc6669978f7,Input Validity,Lidar,Lidar Rate,10,737.44
e79d13fac35984bdd99eadc6669978f7,Input Validity,Odometry,Odometry Rate,50,737.44
e79d13fac35984bdd99eadc6669978f7,Input Validity,TF,TF Rate,10,737.44
e79d13fac35984bdd99eadc6669978f7,Localization Quality,AMCLPose,CovYawYaw,0.0228634,737.5
e79d13fac35984bdd99eadc6669978f7,Localization Quality,AMCLPose,CovYY,0.0362679,737.5
e79d13fac35984bdd99eadc6669978f7,Localization Quality,AMCLPose,CovXX,0.12814,737.5
e79d13fac35984bdd99eadc6669978f7,Localization Quality,AMCLPose,MeanYaw,2.5043,737.5
e79d13fac35984bdd99eadc6669978f7,Localization Quality,AMCLPose,MeanY,-0.23547,737.5
e79d13fac35984bdd99eadc6669978f7,Localization Quality,AMCLPose,MeanX,-8.44622,737.5
e79d13fac35984bdd99eadc6669978f7,Localization Stability,TF,Jump Angular,0.00248117,738.5
e79d13fac35984bdd99eadc6669978f7,Localization Stability,TF,Jump Linear,0.0168217,738.5
e79d13fac35984bdd99eadc6669978f7,Input Validity,Lidar,Lidar Rate,10,737.54
e79d13fac35984bdd99eadc6669978f7,Input Validity,Odometry,Odometry Rate,50,737.54
e79d13fac35984bdd99eadc6669978f7,Input Validity,TF,TF Rate,10,737.54
e79d13fac35984bdd99eadc6669978f7,Localization Quality,AMCLPose,CovYawYaw,0.0209869,737.6
e79d13fac35984bdd99eadc6669978f7,Localization Quality,AMCLPose,CovYY,0.0368425,737.6
e79d13fac35984bdd99eadc6669978f7,Localization Quality,AMCLPose,CovXX,0.141126,737.6
e79d13fac35984bdd99eadc6669978f7,Localization Quality,AMCLPose,MeanYaw,2.39557,737.6
e79d13fac35984bdd99eadc6669978f7,Localization Quality,AMCLPose,MeanY,-0.231808,737.6
e79d13fac35984bdd99eadc6669978f7,Localization Quality,AMCLPose,MeanX,-8.43695,737.6
e79d13fac35984bdd99eadc6669978f7,Localization Stability,TF,Jump Angular,0.000290628,738.6
e79d13fac35984bdd99eadc6669978f7,Localization Stability,TF,Jump Linear,0.0110789,738.6
e79d13fac35984bdd99eadc6669978f7,Input Validity,Lidar,Lidar Rate,10,737.64
e79d13fac35984bdd99eadc6669978f7,Input Validity,Odometry,Odometry Rate,50,737.64
e79d13fac35984bdd99eadc6669978f7,Input Validity,TF,TF Rate,10,737.64
e79d13fac35984bdd99eadc6669978f7,Localization Quality,AMCLPose,CovYawYaw,0.0212773,737.7
e79d13fac35984bdd99eadc6669978f7,Localization Quality,AMCLPose,CovYY,0.0380892,737.7
e79d13fac35984bdd99eadc6669978f7,Localization Quality,AMCLPose,CovXX,0.145041,737.7
e79d13fac35984bdd99eadc6669978f7,Localization Quality,AMCLPose,MeanYaw,2.26583,737.7
e79d13fac35984bdd99eadc6669978f7,Localization Quality,AMCLPose,MeanY,-0.22979,737.7
e79d13fac35984bdd99eadc6669978f7,Localization Quality,AMCLPose,MeanX,-8.43543,737.7
e79d13fac35984bdd99eadc6669978f7,Localization Stability,TF,Jump Angular,-0.00374125,738.7
e79d13fac35984bdd99eadc6669978f7,Localization Stability,TF,Jump Linear,0.0292151,738.7
e79d13fac35984bdd99eadc6669978f7,Input Validity,Lidar,Lidar Rate,10,737.74
e79d13fac35984bdd99eadc6669978f7,Input Validity,Odometry,Odometry Rate,50,737.74
e79d13fac35984bdd99eadc6669978f7,Input Validity,TF,TF Rate,10,737.74
e79d13fac35984bdd99eadc6669978f7,Localization Quality,AMCLPose,CovYawYaw,0.0179467,737.8
e79d13fac35984bdd99eadc6669978f7,Localization Quality,AMCLPose,CovYY,0.0256007,737.8
e79d13fac35984bdd99eadc6669978f7,Localization Quality,AMCLPose,CovXX,0.118513,737.8
e79d13fac35984bdd99eadc6669978f7,Localization Quality,AMCLPose,MeanYaw,2.1192,737.8
e79d13fac35984bdd99eadc6669978f7,Localization Quality,AMCLPose,MeanY,-0.219752,737.8
e79d13fac35984bdd99eadc6669978f7,Localization Quality,AMCLPose,MeanX,-8.40767,737.8
e79d13fac35984bdd99eadc6669978f7,Localization Stability,TF,Jump Angular,-0.00364675,738.8
e79d13fac35984bdd99eadc6669978f7,Localization Stability,TF,Jump Linear,0.0343476,738.8
e79d13fac35984bdd99eadc6669978f7,Input Validity,Lidar,Lidar Rate,10,737.84
e79d13fac35984bdd99eadc6669978f7,Input Validity,Odometry,Odometry Rate,50,737.84
e79d13fac35984bdd99eadc6669978f7,Input Validity,TF,TF Rate,10,737.84
e79d13fac35984bdd99eadc6669978f7,Input Validity,Lidar,Lidar Rate,10,737.94
e79d13fac35984bdd99eadc6669978f7,Input Validity,Odometry,Odometry Rate,50,737.94
e79d13fac35984bdd99eadc6669978f7,Input Validity,TF,TF Rate,10,737.94
e79d13fac35984bdd99eadc6669978f7,Localization Quality,AMCLPose,CovYawYaw,0.0118419,737.9
e79d13fac35984bdd99eadc6669978f7,Localization Quality,AMCLPose,CovYY,0.0190989,737.9
e79d13fac35984bdd99eadc6669978f7,Localization Quality,AMCLPose,CovXX,0.0862123,737.9
e79d13fac35984bdd99eadc6669978f7,Localization Quality,AMCLPose,MeanYaw,1.96142,737.9
e79d13fac35984bdd99eadc6669978f7,Localization Quality,AMCLPose,MeanY,-0.214608,737.9
e79d13fac35984bdd99eadc6669978f7,Localization Quality,AMCLPose,MeanX,-8.37408,737.9
e79d13fac35984bdd99eadc6669978f7,Localization Stability,TF,Jump Angular,0.00218487,738.9
e79d13fac35984bdd99eadc6669978f7,Localization Stability,TF,Jump Linear,0.0409751,738.9
e79d13fac35984bdd99eadc6669978f7,Input Validity,Lidar,Lidar Rate,10,738.04
e79d13fac35984bdd99eadc6669978f7,Input Validity,Odometry,Odometry Rate,50,738.04
e79d13fac35984bdd99eadc6669978f7,Input Validity,TF,TF Rate,10,738.04
e79d13fac35984bdd99eadc6669978f7,Localization Quality,AMCLPose,CovYawYaw,0.00816119,738
e79d13fac35984bdd99eadc6669978f7,Localization Quality,AMCLPose,CovYY,0.0142452,738
e79d13fac35984bdd99eadc6669978f7,Localization Quality,AMCLPose,CovXX,0.0471557,738
e79d13fac35984bdd99eadc6669978f7,Localization Quality,AMCLPose,MeanYaw,1.78108,738
e79d13fac35984bdd99eadc6669978f7,Localization Quality,AMCLPose,MeanY,-0.206384,738
e79d13fac35984bdd99eadc6669978f7,Localization Quality,AMCLPose,MeanX,-8.36601,738
e79d13fac35984bdd99eadc6669978f7,Localization Stability,TF,Jump Angular,-0.00339513,739
e79d13fac35984bdd99eadc6669978f7,Localization Stability,TF,Jump Linear,0.0215953,739
e79d13fac35984bdd99eadc6669978f7,Input Validity,Lidar,Lidar Rate,10,738.14
e79d13fac35984bdd99eadc6669978f7,Input Validity,Odometry,Odometry Rate,50,738.14
e79d13fac35984bdd99eadc6669978f7,Input Validity,TF,TF Rate,10,738.14
e79d13fac35984bdd99eadc6669978f7,Localization Quality,AMCLPose,CovYawYaw,0.00729341,738.1
e79d13fac35984bdd99eadc6669978f7,Localization Quality,AMCLPose,CovYY,0.0128031,738.1
e79d13fac35984bdd99eadc6669978f7,Localization Quality,AMCLPose,CovXX,0.028696,738.1
e79d13fac35984bdd99eadc6669978f7,Localization Quality,AMCLPose,MeanYaw,1.5852,738.1
e79d13fac35984bdd99eadc6669978f7,Localization Quality,AMCLPose,MeanY,-0.197808,738.1
e79d13fac35984bdd99eadc6669978f7,Localization Quality,AMCLPose,MeanX,-8.36832,738.1
e79d13fac35984bdd99eadc6669978f7,Localization Stability,TF,Jump Angular,-0.00196266,739.1
e79d13fac35984bdd99eadc6669978f7,Localization Stability,TF,Jump Linear,0.00815455,739.1
e79d13fac35984bdd99eadc6669978f7,Input Validity,Lidar,Lidar Rate,10,738.24
e79d13fac35984bdd99eadc6669978f7,Input Validity,Odometry,Odometry Rate,50,738.24
e79d13fac35984bdd99eadc6669978f7,Input Validity,TF,TF Rate,10,738.24
e79d13fac35984bdd99eadc6669978f7,Localization Quality,AMCLPose,CovYawYaw,0.00658013,738.2
e79d13fac35984bdd99eadc6669978f7,Localization Quality,AMCLPose,CovYY,0.0124045,738.2
e79d13fac35984bdd99eadc6669978f7,Localization Quality,AMCLPose,CovXX,0.0151707,738.2
e79d13fac35984bdd99eadc6669978f7,Localization Quality,AMCLPose,MeanYaw,1.3712,738.2
e79d13fac35984bdd99eadc6669978f7,Localization Quality,AMCLPose,MeanY,-0.189806,738.2
e79d13fac35984bdd99eadc6669978f7,Localization Quality,AMCLPose,MeanX,-8.36253,738.2
e79d13fac35984bdd99eadc6669978f7,Localization Stability,TF,Jump Angular,-0.00309308,739.2
e79d13fac35984bdd99eadc6669978f7,Localization Stability,TF,Jump Linear,0.0186264,739.2
e79d13fac35984bdd99eadc6669978f7,Localization Quality,AMCLPose,CovYawYaw,0.00653788,738.3
e79d13fac35984bdd99eadc6669978f7,Localization Quality,AMCLPose,CovYY,0.0114269,738.3
e79d13fac35984bdd99eadc6669978f7,Localization Quality,AMCLPose,CovXX,0.00871365,738.3
e79d13fac35984bdd99eadc6669978f7,Localization Quality,AMCLPose,MeanYaw,1.14922,738.3
e79d13fac35984bdd99eadc6669978f7,Localization Quality,AMCLPose,MeanY,-0.187009,738.3
e79d13fac35984bdd99eadc6669978f7,Localization Quality,AMCLPose,MeanX,-8.364,738.3
e79d13fac35984bdd99eadc6669978f7,Localization Stability,TF,Jump Angular,-0.00197989,739.3
e79d13fac35984bdd99eadc6669978f7,Localization Stability,TF,Jump Linear,0.0138096,739.3
e79d13fac35984bdd99eadc6669978f7,Input Validity,Lidar,Lidar Rate,10,738.34
e79d13fac35984bdd99eadc6669978f7,Input Validity,Odometry,Odometry Rate,50,738.34
e79d13fac35984bdd99eadc6669978f7,Input Validity,TF,TF Rate,10,738.34
e79d13fac35984bdd99eadc6669978f7,Localization Quality,AMCLPose,CovYawYaw,0.00895387,738.4
e79d13fac35984bdd99eadc6669978f7,Localization Quality,AMCLPose,CovYY,0.0132821,738.4
e79d13fac35984bdd99eadc6669978f7,Localization Quality,AMCLPose,CovXX,0.00803957,738.4
e79d13fac35984bdd99eadc6669978f7,Localization Quality,AMCLPose,MeanYaw,0.927741,738.4
e79d13fac35984bdd99eadc6669978f7,Localization Quality,AMCLPose,MeanY,-0.185831,738.4
e79d13fac35984bdd99eadc6669978f7,Localization Quality,AMCLPose,MeanX,-8.3645,738.4
e79d13fac35984bdd99eadc6669978f7,Localization Stability,TF,Jump Angular,-0.00147607,739.4
e79d13fac35984bdd99eadc6669978f7,Localization Stability,TF,Jump Linear,0.0111479,739.4
e79d13fac35984bdd99eadc6669978f7,Input Validity,Lidar,Lidar Rate,10,738.44
e79d13fac35984bdd99eadc6669978f7,Input Validity,Odometry,Odometry Rate,50,738.44
e79d13fac35984bdd99eadc6669978f7,Input Validity,TF,TF Rate,10,738.44
e79d13fac35984bdd99eadc6669978f7,Localization Quality,AMCLPose,CovYawYaw,0.0118807,738.5
e79d13fac35984bdd99eadc6669978f7,Localization Quality,AMCLPose,CovYY,0.0146223,738.5
e79d13fac35984bdd99eadc6669978f7,Localization Quality,AMCLPose,CovXX,0.00831884,738.5
e79d13fac35984bdd99eadc6669978f7,Localization Quality,AMCLPose,MeanYaw,0.707657,738.5
e79d13fac35984bdd99eadc6669978f7,Localization Quality,AMCLPose,MeanY,-0.181164,738.5
e79d13fac35984bdd99eadc6669978f7,Localization Quality,AMCLPose,MeanX,-8.36343,738.5
e79d13fac35984bdd99eadc6669978f7,Localization Stability,TF,Jump Angular,-8.35556e-05,739.5
e79d13fac35984bdd99eadc6669978f7,Localization Stability,TF,Jump Linear,0.00411016,739.5
e79d13fac35984bdd99eadc6669978f7,Input Validity,Lidar,Lidar Rate,10,738.54
e79d13fac35984bdd99eadc6669978f7,Input Validity,Odometry,Odometry Rate,50,738.54
e79d13fac35984bdd99eadc6669978f7,Input Validity,TF,TF Rate,10,738.54
e79d13fac35984bdd99eadc6669978f7,Input Validity,Lidar,Lidar Rate,10,738.64
e79d13fac35984bdd99eadc6669978f7,Input Validity,Odometry,Odometry Rate,50,738.64
e79d13fac35984bdd99eadc6669978f7,Input Validity,TF,TF Rate,10,738.64
e79d13fac35984bdd99eadc6669978f7,Localization Quality,AMCLPose,CovYawYaw,0.0102636,738.6
e79d13fac35984bdd99eadc6669978f7,Localization Quality,AMCLPose,CovYY,0.0131007,738.6
e79d13fac35984bdd99eadc6669978f7,Localization Quality,AMCLPose,CovXX,0.00489432,738.6
e79d13fac35984bdd99eadc6669978f7,Localization Quality,AMCLPose,MeanYaw,0.491316,738.6
e79d13fac35984bdd99eadc6669978f7,Localization Quality,AMCLPose,MeanY,-0.178741,738.6
e79d13fac35984bdd99eadc6669978f7,Localization Quality,AMCLPose,MeanX,-8.36537,738.6
e79d13fac35984bdd99eadc6669978f7,Localization Stability,TF,Jump Angular,-0.0038413,739.6
e79d13fac35984bdd99eadc6669978f7,Localization Stability,TF,Jump Linear,0.0303162,739.6
e79d13fac35984bdd99eadc6669978f7,Input Validity,Lidar,Lidar Rate,10,738.74
e79d13fac35984bdd99eadc6669978f7,Input Validity,Odometry,Odometry Rate,50,738.74
e79d13fac35984bdd99eadc6669978f7,Input Validity,TF,TF Rate,10,738.74
e79d13fac35984bdd99eadc6669978f7,Localization Quality,AMCLPose,CovYawYaw,0.00846167,738.7
e79d13fac35984bdd99eadc6669978f7,Localization Quality,AMCLPose,CovYY,0.0103489,738.7
e79d13fac35984bdd99eadc6669978f7,Localization Quality,AMCLPose,CovXX,0.00442859,738.7
e79d13fac35984bdd99eadc6669978f7,Localization Quality,AMCLPose,MeanYaw,0.325915,738.7
e79d13fac35984bdd99eadc6669978f7,Localization Quality,AMCLPose,MeanY,-0.168595,738.7
e79d13fac35984bdd99eadc6669978f7,Localization Quality,AMCLPose,MeanX,-8.36053,738.7
e79d13fac35984bdd99eadc6669978f7,Localization Stability,TF,Jump Angular,0.00209952,739.7
e79d13fac35984bdd99eadc6669978f7,Localization Stability,TF,Jump Linear,0.0248918,739.7
e79d13fac35984bdd99eadc6669978f7,Input Validity,Lidar,Lidar Rate,10,738.84
e79d13fac35984bdd99eadc6669978f7,Input Validity,Odometry,Odometry Rate,50,738.84
e79d13fac35984bdd99eadc6669978f7,Input Validity,TF,TF Rate,10,738.84
e79d13fac35984bdd99eadc6669978f7,Localization Quality,AMCLPose,CovYawYaw,0.00653876,738.8
e79d13fac35984bdd99eadc6669978f7,Localization Quality,AMCLPose,CovYY,0.00823949,738.8
e79d13fac35984bdd99eadc6669978f7,Localization Quality,AMCLPose,CovXX,0.00360883,738.8
e79d13fac35984bdd99eadc6669978f7,Localization Quality,AMCLPose,MeanYaw,0.209399,738.8
e79d13fac35984bdd99eadc6669978f7,Localization Quality,AMCLPose,MeanY,-0.16278,738.8
e79d13fac35984bdd99eadc6669978f7,Localization Quality,AMCLPose,MeanX,-8.34798,738.8
e79d13fac35984bdd99eadc6669978f7,Localization Stability,TF,Jump Angular,0.000983881,739.8
e79d13fac35984bdd99eadc6669978f7,Localization Stability,TF,Jump Linear,0.010399,739.8
e79d13fac35984bdd99eadc6669978f7,Input Validity,Lidar,Lidar Rate,10,738.94
e79d13fac35984bdd99eadc6669978f7,Input Validity,Odometry,Odometry Rate,50,738.94
e79d13fac35984bdd99eadc6669978f7,Input Validity,TF,TF Rate,10,738.94
e79d13fac35984bdd99eadc6669978f7,Localization Quality,AMCLPose,CovYawYaw,0.00464782,738.9
e79d13fac35984bdd99eadc6669978f7,Localization Quality,AMCLPose,CovYY,0.00676644,738.9
e79d13fac35984bdd99eadc6669978f7,Localization Quality,AMCLPose,CovXX,0.00274879,738.9
e79d13fac35984bdd99eadc6669978f7,Localization Quality,AMCLPose,MeanYaw,0.141206,738.9
e79d13fac35984bdd99eadc6669978f7,Localization Quality,AMCLPose,MeanY,-0.154525,738.9
e79d13fac35984bdd99eadc6669978f7,Localization Quality,AMCLPose,MeanX,-8.33045,738.9
e79d13fac35984bdd99eadc6669978f7,Localization Stability,TF,Jump Angular,-0.000693182,739.9
e79d13fac35984bdd99eadc6669978f7,Localization Stability,TF,Jump Linear,0.00377342,739.9
e79d13fac35984bdd99eadc6669978f7,Localization Stability,TF,Jump Angular,0,740
e79d13fac35984bdd99eadc6669978f7,Localization Stability,TF,Jump Linear,0,740
e79d13fac35984bdd99eadc6669978f7,Input Validity,Lidar,Lidar Rate,10,739.04
e79d13fac35984bdd99eadc6669978f7,Input Validity,Odometry,Odometry Rate,50,739.04
e79d13fac35984bdd99eadc6669978f7,Input Validity,TF,TF Rate,10,739.04
e79d13fac35984bdd99eadc6669978f7,Localization Stability,TF,Jump Angular,0,740.1
e79d13fac35984bdd99eadc6669978f7,Localization Stability,TF,Jump Linear,0,740.1
e79d13fac35984bdd99eadc6669978f7,Input Validity,Lidar,Lidar Rate,10,739.14
e79d13fac35984bdd99eadc6669978f7,Input Validity,Odometry,Odometry Rate,50,739.14
e79d13fac35984bdd99eadc6669978f7,Input Validity,TF,TF Rate,10,739.14
e79d13fac35984bdd99eadc6669978f7,Input Validity,Lidar,Lidar Rate,10,739.24
e79d13fac35984bdd99eadc6669978f7,Input Validity,Odometry,Odometry Rate,50,739.24
e79d13fac35984bdd99eadc6669978f7,Input Validity,TF,TF Rate,10,739.24
e79d13fac35984bdd99eadc6669978f7,Localization Quality,AMCLPose,CovYawYaw,0.00419863,739.2
e79d13fac35984bdd99eadc6669978f7,Localization Quality,AMCLPose,CovYY,0.00544002,739.2
e79d13fac35984bdd99eadc6669978f7,Localization Quality,AMCLPose,CovXX,0.00281192,739.2
e79d13fac35984bdd99eadc6669978f7,Localization Quality,AMCLPose,MeanYaw,0.0871145,739.2
e79d13fac35984bdd99eadc6669978f7,Localization Quality,AMCLPose,MeanY,-0.140528,739.2
e79d13fac35984bdd99eadc6669978f7,Localization Quality,AMCLPose,MeanX,-8.22819,739.2
e79d13fac35984bdd99eadc6669978f7,Localization Stability,TF,Jump Angular,0.0053023,740.2
e79d13fac35984bdd99eadc6669978f7,Localization Stability,TF,Jump Linear,0.0467327,740.2
e79d13fac35984bdd99eadc6669978f7,Localization Stability,TF,Jump Angular,0,740.3
e79d13fac35984bdd99eadc6669978f7,Localization Stability,TF,Jump Linear,0,740.3
e79d13fac35984bdd99eadc6669978f7,Input Validity,Lidar,Lidar Rate,10,739.34
e79d13fac35984bdd99eadc6669978f7,Input Validity,Odometry,Odometry Rate,50,739.34
e79d13fac35984bdd99eadc6669978f7,Input Validity,TF,TF Rate,10,739.34
e79d13fac35984bdd99eadc6669978f7,Localization Stability,TF,Jump Angular,0,740.4
e79d13fac35984bdd99eadc6669978f7,Localization Stability,TF,Jump Linear,0,740.4
e79d13fac35984bdd99eadc6669978f7,Input Validity,Lidar,Lidar Rate,10,739.44
e79d13fac35984bdd99eadc6669978f7,Input Validity,Odometry,Odometry Rate,50,739.44
e79d13fac35984bdd99eadc6669978f7,Input Validity,TF,TF Rate,10,739.44
e79d13fac35984bdd99eadc6669978f7,Input Validity,Lidar,Lidar Rate,10,739.54
e79d13fac35984bdd99eadc6669978f7,Input Validity,Odometry,Odometry Rate,50,739.54
e79d13fac35984bdd99eadc6669978f7,Input Validity,TF,TF Rate,10,739.54
e79d13fac35984bdd99eadc6669978f7,Localization Quality,AMCLPose,CovYawYaw,0.00408475,739.5
e79d13fac35984bdd99eadc6669978f7,Localization Quality,AMCLPose,CovYY,0.00471699,739.5
e79d13fac35984bdd99eadc6669978f7,Localization Quality,AMCLPose,CovXX,0.00356681,739.5
e79d13fac35984bdd99eadc6669978f7,Localization Quality,AMCLPose,MeanYaw,0.0571759,739.5
e79d13fac35984bdd99eadc6669978f7,Localization Quality,AMCLPose,MeanY,-0.131461,739.5
e79d13fac35984bdd99eadc6669978f7,Localization Quality,AMCLPose,MeanX,-8.0926,739.5
e79d13fac35984bdd99eadc6669978f7,Localization Stability,TF,Jump Angular,0.000385806,740.5
e79d13fac35984bdd99eadc6669978f7,Localization Stability,TF,Jump Linear,0.00271544,740.5
e79d13fac35984bdd99eadc6669978f7,Localization Stability,TF,Jump Angular,0,740.6
e79d13fac35984bdd99eadc6669978f7,Localization Stability,TF,Jump Linear,0,740.6
e79d13fac35984bdd99eadc6669978f7,Input Validity,Lidar,Lidar Rate,10,739.64
e79d13fac35984bdd99eadc6669978f7,Input Validity,Odometry,Odometry Rate,50,739.64
e79d13fac35984bdd99eadc6669978f7,Input Validity,TF,TF Rate,10,739.64
e79d13fac35984bdd99eadc6669978f7,Localization Stability,TF,Jump Angular,0,740.7
e79d13fac35984bdd99eadc6669978f7,Localization Stability,TF,Jump Linear,0,740.7
e79d13fac35984bdd99eadc6669978f7,Input Validity,Lidar,Lidar Rate,10,739.73
e79d13fac35984bdd99eadc6669978f7,Input Validity,Odometry,Odometry Rate,50,739.73
e79d13fac35984bdd99eadc6669978f7,Input Validity,TF,TF Rate,10,739.73
e79d13fac35984bdd99eadc6669978f7,Input Validity,Lidar,Lidar Rate,10,739.83
e79d13fac35984bdd99eadc6669978f7,Input Validity,Odometry,Odometry Rate,50,739.83
e79d13fac35984bdd99eadc6669978f7,Input Validity,TF,TF Rate,10,739.83
e79d13fac35984bdd99eadc6669978f7,Localization Quality,AMCLPose,CovYawYaw,0.00396019,739.8
e79d13fac35984bdd99eadc6669978f7,Localization Quality,AMCLPose,CovYY,0.00427282,739.8
e79d13fac35984bdd99eadc6669978f7,Localization Quality,AMCLPose,CovXX,0.00379782,739.8
e79d13fac35984bdd99eadc6669978f7,Localization Quality,AMCLPose,MeanYaw,0.0325789,739.8
e79d13fac35984bdd99eadc6669978f7,Localization Quality,AMCLPose,MeanY,-0.124134,739.8
e79d13fac35984bdd99eadc6669978f7,Localization Quality,AMCLPose,MeanX,-7.95855,739.8
e79d13fac35984bdd99eadc6669978f7,Localization Stability,TF,Jump Angular,0.00199843,740.8
e79d13fac35984bdd99eadc6669978f7,Localization Stability,TF,Jump Linear,0.0172602,740.8
e79d13fac35984bdd99eadc6669978f7,Localization Stability,TF,Jump Angular,0,740.9
e79d13fac35984bdd99eadc6669978f7,Localization Stability,TF,Jump Linear,0,740.9
e79d13fac35984bdd99eadc6669978f7,Input Validity,Lidar,Lidar Rate,10,739.93
e79d13fac35984bdd99eadc6669978f7,Input Validity,Odometry,Odometry Rate,50,739.93
e79d13fac35984bdd99eadc6669978f7,Input Validity,TF,TF Rate,10,739.93
e79d13fac35984bdd99eadc6669978f7,Localization Stability,TF,Jump Angular,0,741
e79d13fac35984bdd99eadc6669978f7,Localization Stability,TF,Jump Linear,0,741
e79d13fac35984bdd99eadc6669978f7,Input Validity,Lidar,Lidar Rate,10,740.03
e79d13fac35984bdd99eadc6669978f7,Input Validity,Odometry,Odometry Rate,50,740.03
e79d13fac35984bdd99eadc6669978f7,Input Validity,TF,TF Rate,10,740.03
e79d13fac35984bdd99eadc6669978f7,Input Validity,Lidar,Lidar Rate,10,740.13
e79d13fac35984bdd99eadc6669978f7,Input Validity,Odometry,Odometry Rate,50,740.13
e79d13fac35984bdd99eadc6669978f7,Input Validity,TF,TF Rate,10,740.13
e79d13fac35984bdd99eadc6669978f7,Localization Quality,AMCLPose,CovYawYaw,0.00401097,740.1
e79d13fac35984bdd99eadc6669978f7,Localization Quality,AMCLPose,CovYY,0.00388839,740.1
e79d13fac35984bdd99eadc6669978f7,Localization Quality,AMCLPose,CovXX,0.00421156,740.1
e79d13fac35984bdd99eadc6669978f7,Localization Quality,AMCLPose,MeanYaw,0.0136119,740.1
e79d13fac35984bdd99eadc6669978f7,Localization Quality,AMCLPose,MeanY,-0.119288,740.1
e79d13fac35984bdd99eadc6669978f7,Localization Quality,AMCLPose,MeanX,-7.82557,740.1
e79d13fac35984bdd99eadc6669978f7,Localization Stability,TF,Jump Angular,0.00128686,741.1
e79d13fac35984bdd99eadc6669978f7,Localization Stability,TF,Jump Linear,0.0122498,741.1
e79d13fac35984bdd99eadc6669978f7,Localization Stability,TF,Jump Angular,0,741.2
e79d13fac35984bdd99eadc6669978f7,Localization Stability,TF,Jump Linear,0,741.2
e79d13fac35984bdd99eadc6669978f7,Input Validity,Lidar,Lidar Rate,10,740.23
e79d13fac35984bdd99eadc6669978f7,Input Validity,Odometry,Odometry Rate,50,740.23
e79d13fac35984bdd99eadc6669978f7,Input Validity,TF,TF Rate,10,740.23
e79d13fac35984bdd99eadc6669978f7,Localization Stability,TF,Jump Angular,0,741.3
e79d13fac35984bdd99eadc6669978f7,Localization Stability,TF,Jump Linear,0,741.3
e79d13fac35984bdd99eadc6669978f7,Input Validity,Lidar,Lidar Rate,10,740.33
e79d13fac35984bdd99eadc6669978f7,Input Validity,Odometry,Odometry Rate,50,740.33
e79d13fac35984bdd99eadc6669978f7,Input Validity,TF,TF Rate,10,740.33
e79d13fac35984bdd99eadc6669978f7,Input Validity,Lidar,Lidar Rate,10,740.43
e79d13fac35984bdd99eadc6669978f7,Input Validity,Odometry,Odometry Rate,50,740.43
e79d13fac35984bdd99eadc6669978f7,Input Validity,TF,TF Rate,10,740.43
e79d13fac35984bdd99eadc6669978f7,Localization Quality,AMCLPose,CovYawYaw,0.00396475,740.4
e79d13fac35984bdd99eadc6669978f7,Localization Quality,AMCLPose,CovYY,0.0034656,740.4
e79d13fac35984bdd99eadc6669978f7,Localization Quality,AMCLPose,CovXX,0.00401216,740.4
e79d13fac35984bdd99eadc6669978f7,Localization Quality,AMCLPose,MeanYaw,0.0129402,740.4
e79d13fac35984bdd99eadc6669978f7,Localization Quality,AMCLPose,MeanY,-0.11729,740.4
e79d13fac35984bdd99eadc6669978f7,Localization Quality,AMCLPose,MeanX,-7.69164,740.4
e79d13fac35984bdd99eadc6669978f7,Localization Stability,TF,Jump Angular,0.00240633,741.4
e79d13fac35984bdd99eadc6669978f7,Localization Stability,TF,Jump Linear,0.0187441,741.4
e79d13fac35984bdd99eadc6669978f7,Localization Stability,TF,Jump Angular,0,741.5
e79d13fac35984bdd99eadc6669978f7,Localization Stability,TF,Jump Linear,0,741.5
e79d13fac35984bdd99eadc6669978f7,Input Validity,Lidar,Lidar Rate,10,740.53
e79d13fac35984bdd99eadc6669978f7,Input Validity,Odometry,Odometry Rate,50,740.53
e79d13fac35984bdd99eadc6669978f7,Input Validity,TF,TF Rate,10,740.53
e79d13fac35984bdd99eadc6669978f7,Localization Stability,TF,Jump Angular,0,741.6
e79d13fac35984bdd99eadc6669978f7,Localization Stability,TF,Jump Linear,0,741.6
e79d13fac35984bdd99eadc6669978f7,Input Validity,Lidar,Lidar Rate,10,740.63
e79d13fac35984bdd99eadc6669978f7,Input Validity,Odometry,Odometry Rate,50,740.63
e79d13fac35984bdd99eadc6669978f7,Input Validity,TF,TF Rate,10,740.63
e79d13fac35984bdd99eadc6669978f7,Input Validity,Lidar,Lidar Rate,10,740.73
e79d13fac35984bdd99eadc6669978f7,Input Validity,Odometry,Odometry Rate,50,740.73
e79d13fac35984bdd99eadc6669978f7,Input Validity,TF,TF Rate,10,740.73
e79d13fac35984bdd99eadc6669978f7,Localization Quality,AMCLPose,CovYawYaw,0.00427978,740.7
e79d13fac35984bdd99eadc6669978f7,Localization Quality,AMCLPose,CovYY,0.00318584,740.7
e79d13fac35984bdd99eadc6669978f7,Localization Quality,AMCLPose,CovXX,0.00420816,740.7
e79d13fac35984bdd99eadc6669978f7,Localization Quality,AMCLPose,MeanYaw,0.011861,740.7
e79d13fac35984bdd99eadc6669978f7,Localization Quality,AMCLPose,MeanY,-0.114734,740.7
e79d13fac35984bdd99eadc6669978f7,Localization Quality,AMCLPose,MeanX,-7.55553,740.7
e79d13fac35984bdd99eadc6669978f7,Localization Stability,TF,Jump Angular,0.00239199,741.7
e79d13fac35984bdd99eadc6669978f7,Localization Stability,TF,Jump Linear,0.0190751,741.7
e79d13fac35984bdd99eadc6669978f7,Localization Stability,TF,Jump Angular,0,741.8
e79d13fac35984bdd99eadc6669978f7,Localization Stability,TF,Jump Linear,0,741.8
e79d13fac35984bdd99eadc6669978f7,Input Validity,Lidar,Lidar Rate,10,740.83
e79d13fac35984bdd99eadc6669978f7,Input Validity,Odometry,Odometry Rate,50,740.83
e79d13fac35984bdd99eadc6669978f7,Input Validity,TF,TF Rate,10,740.83
e79d13fac35984bdd99eadc6669978f7,Localization Stability,TF,Jump Angular,0,741.9
e79d13fac35984bdd99eadc6669978f7,Localization Stability,TF,Jump Linear,0,741.9
e79d13fac35984bdd99eadc6669978f7,Input Validity,Lidar,Lidar Rate,10,740.93
e79d13fac35984bdd99eadc6669978f7,Input Validity,Odometry,Odometry Rate,50,740.93
e79d13fac35984bdd99eadc6669978f7,Input Validity,TF,TF Rate,10,740.93
e79d13fac35984bdd99eadc6669978f7,Input Validity,Lidar,Lidar Rate,10,741.03
e79d13fac35984bdd99eadc6669978f7,Input Validity,Odometry,Odometry Rate,50,741.03
e79d13fac35984bdd99eadc6669978f7,Input Validity,TF,TF Rate,10,741.03
e79d13fac35984bdd99eadc6669978f7,Localization Quality,AMCLPose,CovYawYaw,0.0042979,741
e79d13fac35984bdd99eadc6669978f7,Localization Quality,AMCLPose,CovYY,0.00285528,741
e79d13fac35984bdd99eadc6669978f7,Localization Quality,AMCLPose,CovXX,0.00459662,741
e79d13fac35984bdd99eadc6669978f7,Localization Quality,AMCLPose,MeanYaw,0.00814347,741
e79d13fac35984bdd99eadc6669978f7,Localization Quality,AMCLPose,MeanY,-0.113247,741
e79d13fac35984bdd99eadc6669978f7,Localization Quality,AMCLPose,MeanX,-7.42131,741
e79d13fac35984bdd99eadc6669978f7,Localization Stability,TF,Jump Angular,-2.99732e-06,742
e79d13fac35984bdd99eadc6669978f7,Localization Stability,TF,Jump Linear,0.000780424,742
e79d13fac35984bdd99eadc6669978f7,Localization Stability,TF,Jump Angular,0,742.1
e79d13fac35984bdd99eadc6669978f7,Localization Stability,TF,Jump Linear,0,742.1
e79d13fac35984bdd99eadc6669978f7,Input Validity,Lidar,Lidar Rate,10,741.13
e79d13fac35984bdd99eadc6669978f7,Input Validity,Odometry,Odometry Rate,50,741.13
e79d13fac35984bdd99eadc6669978f7,Input Validity,TF,TF Rate,10,741.13
e79d13fac35984bdd99eadc6669978f7,Localization Stability,TF,Jump Angular,0,742.2
e79d13fac35984bdd99eadc6669978f7,Localization Stability,TF,Jump Linear,0,742.2
e79d13fac35984bdd99eadc6669978f7,Input Validity,Lidar,Lidar Rate,10,741.23
e79d13fac35984bdd99eadc6669978f7,Input Validity,Odometry,Odometry Rate,50,741.23
e79d13fac35984bdd99eadc6669978f7,Input Validity,TF,TF Rate,10,741.23
e79d13fac35984bdd99eadc6669978f7,Input Validity,Lidar,Lidar Rate,10,741.33
e79d13fac35984bdd99eadc6669978f7,Input Validity,Odometry,Odometry Rate,50,741.33
e79d13fac35984bdd99eadc6669978f7,Input Validity,TF,TF Rate,10,741.33
e79d13fac35984bdd99eadc6669978f7,Localization Quality,AMCLPose,CovYawYaw,0.00467545,741.3
e79d13fac35984bdd99eadc6669978f7,Localization Quality,AMCLPose,CovYY,0.00250125,741.3
e79d13fac35984bdd99eadc6669978f7,Localization Quality,AMCLPose,CovXX,0.00497358,741.3
e79d13fac35984bdd99eadc6669978f7,Localization Quality,AMCLPose,MeanYaw,0.00338453,741.3
e79d13fac35984bdd99eadc6669978f7,Localization Quality,AMCLPose,MeanY,-0.109423,741.3
e79d13fac35984bdd99eadc6669978f7,Localization Quality,AMCLPose,MeanX,-7.28788,741.3
e79d13fac35984bdd99eadc6669978f7,Localization Stability,TF,Jump Angular,-0.000625395,742.3
e79d13fac35984bdd99eadc6669978f7,Localization Stability,TF,Jump Linear,0.00222784,742.3
e79d13fac35984bdd99eadc6669978f7,Localization Stability,TF,Jump Angular,0,742.4
e79d13fac35984bdd99eadc6669978f7,Localization Stability,TF,Jump Linear,0,742.4
e79d13fac35984bdd99eadc6669978f7,Input Validity,Lidar,Lidar Rate,10,741.43
e79d13fac35984bdd99eadc6669978f7,Input Validity,Odometry,Odometry Rate,50,741.43
e79d13fac35984bdd99eadc6669978f7,Input Validity,TF,TF Rate,10,741.43
e79d13fac35984bdd99eadc6669978f7,Localization Stability,TF,Jump Angular,0,742.5
e79d13fac35984bdd99eadc6669978f7,Localization Stability,TF,Jump Linear,0,742.5
e79d13fac35984bdd99eadc6669978f7,Input Validity,Lidar,Lidar Rate,10,741.53
e79d13fac35984bdd99eadc6669978f7,Input Validity,Odometry,Odometry Rate,50,741.53
e79d13fac35984bdd99eadc6669978f7,Input Validity,TF,TF Rate,10,741.53
e79d13fac35984bdd99eadc6669978f7,Input Validity,Lidar,Lidar Rate,10,741.63
e79d13fac35984bdd99eadc6669978f7,Input Validity,Odometry,Odometry Rate,50,741.63
e79d13fac35984bdd99eadc6669978f7,Input Validity,TF,TF Rate,10,741.63
e79d13fac35984bdd99eadc6669978f7,Localization Quality,AMCLPose,CovYawYaw,0.0046427,741.6
e79d13fac35984bdd99eadc6669978f7,Localization Quality,AMCLPose,CovYY,0.00224973,741.6
e79d13fac35984bdd99eadc6669978f7,Localization Quality,AMCLPose,CovXX,0.00509586,741.6
e79d13fac35984bdd99eadc6669978f7,Localization Quality,AMCLPose,MeanYaw,-0.000202224,741.6
e79d13fac35984bdd99eadc6669978f7,Localization Quality,AMCLPose,MeanY,-0.107603,741.6
e79d13fac35984bdd99eadc6669978f7,Localization Quality,AMCLPose,MeanX,-7.15337,741.6
e79d13fac35984bdd99eadc6669978f7,Localization Stability,TF,Jump Angular,0.000587291,742.6
e79d13fac35984bdd99eadc6669978f7,Localization Stability,TF,Jump Linear,0.00583558,742.6
e79d13fac35984bdd99eadc6669978f7,Localization Stability,TF,Jump Angular,0,742.7
e79d13fac35984bdd99eadc6669978f7,Localization Stability,TF,Jump Linear,0,742.7
e79d13fac35984bdd99eadc6669978f7,Input Validity,Lidar,Lidar Rate,10,741.73
e79d13fac35984bdd99eadc6669978f7,Input Validity,Odometry,Odometry Rate,50,741.73
e79d13fac35984bdd99eadc6669978f7,Input Validity,TF,TF Rate,10,741.73
e79d13fac35984bdd99eadc6669978f7,Localization Stability,TF,Jump Angular,0,742.8
e79d13fac35984bdd99eadc6669978f7,Localization Stability,TF,Jump Linear,0,742.8
e79d13fac35984bdd99eadc6669978f7,Input Validity,Lidar,Lidar Rate,10,741.83
e79d13fac35984bdd99eadc6669978f7,Input Validity,Odometry,Odometry Rate,50,741.83
e79d13fac35984bdd99eadc6669978f7,Input Validity,TF,TF Rate,10,741.83
e79d13fac35984bdd99eadc6669978f7,Input Validity,Lidar,Lidar Rate,10,741.93
e79d13fac35984bdd99eadc6669978f7,Input Validity,Odometry,Odometry Rate,50,741.93
e79d13fac35984bdd99eadc6669978f7,Input Validity,TF,TF Rate,10,741.93
e79d13fac35984bdd99eadc6669978f7,Localization Quality,AMCLPose,CovYawYaw,0.00468724,741.9
e79d13fac35984bdd99eadc6669978f7,Localization Quality,AMCLPose,CovYY,0.00224871,741.9
e79d13fac35984bdd99eadc6669978f7,Localization Quality,AMCLPose,CovXX,0.00548793,741.9
e79d13fac35984bdd99eadc6669978f7,Localization Quality,AMCLPose,MeanYaw,-0.00384034,741.9
e79d13fac35984bdd99eadc6669978f7,Localization Quality,AMCLPose,MeanY,-0.10712,741.9
e79d13fac35984bdd99eadc6669978f7,Localization Quality,AMCLPose,MeanX,-7.01646,741.9
e79d13fac35984bdd99eadc6669978f7,Localization Stability,TF,Jump Angular,0.000620131,742.9
e79d13fac35984bdd99eadc6669978f7,Localization Stability,TF,Jump Linear,0.00547588,742.9
e79d13fac35984bdd99eadc6669978f7,Localization Stability,TF,Jump Angular,0,743
e79d13fac35984bdd99eadc6669978f7,Localization Stability,TF,Jump Linear,0,743
e79d13fac35984bdd99eadc6669978f7,Input Validity,Lidar,Lidar Rate,10,742.03
e79d13fac35984bdd99eadc6669978f7,Input Validity,Odometry,Odometry Rate,50,742.03
e79d13fac35984bdd99eadc6669978f7,Input Validity,TF,TF Rate,10,742.03
e79d13fac35984bdd99eadc6669978f7,Localization Stability,TF,Jump Angular,0,743.1
e79d13fac35984bdd99eadc6669978f7,Localization Stability,TF,Jump Linear,0,743.1
e79d13fac35984bdd99eadc6669978f7,Input Validity,Lidar,Lidar Rate,10,742.13
e79d13fac35984bdd99eadc6669978f7,Input Validity,Odometry,Odometry Rate,50,742.13
e79d13fac35984bdd99eadc6669978f7,Input Validity,TF,TF Rate,10,742.13
e79d13fac35984bdd99eadc6669978f7,Input Validity,Lidar,Lidar Rate,10,742.23
e79d13fac35984bdd99eadc6669978f7,Input Validity,Odometry,Odometry Rate,50,742.23
e79d13fac35984bdd99eadc6669978f7,Input Validity,TF,TF Rate,10,742.23
e79d13fac35984bdd99eadc6669978f7,Localization Quality,AMCLPose,CovYawYaw,0.00468836,742.2
e79d13fac35984bdd99eadc6669978f7,Localization Quality,AMCLPose,CovYY,0.00220628,742.2
e79d13fac35984bdd99eadc6669978f7,Localization Quality,AMCLPose,CovXX,0.00602727,742.2
e79d13fac35984bdd99eadc6669978f7,Localization Quality,AMCLPose,MeanYaw,-0.00490537,742.2
e79d13fac35984bdd99eadc6669978f7,Localization Quality,AMCLPose,MeanY,-0.106734,742.2
e79d13fac35984bdd99eadc6669978f7,Localization Quality,AMCLPose,MeanX,-6.88112,742.2
e79d13fac35984bdd99eadc6669978f7,Localization Stability,TF,Jump Angular,0.00216623,743.2
e79d13fac35984bdd99eadc6669978f7,Localization Stability,TF,Jump Linear,0.0159636,743.2
e79d13fac35984bdd99eadc6669978f7,Localization Stability,TF,Jump Angular,0,743.3
e79d13fac35984bdd99eadc6669978f7,Localization Stability,TF,Jump Linear,0,743.3
e79d13fac35984bdd99eadc6669978f7,Input Validity,Lidar,Lidar Rate,10,742.32
e79d13fac35984bdd99eadc6669978f7,Input Validity,Odometry,Odometry Rate,50,742.32
e79d13fac35984bdd99eadc6669978f7,Input Validity,TF,TF Rate,10,742.32
e79d13fac35984bdd99eadc6669978f7,Localization Stability,TF,Jump Angular,0,743.4
e79d13fac35984bdd99eadc6669978f7,Localization Stability,TF,Jump Linear,0,743.4
e79d13fac35984bdd99eadc6669978f7,Input Validity,Lidar,Lidar Rate,10,742.42
e79d13fac35984bdd99eadc6669978f7,Input Validity,Odometry,Odometry Rate,50,742.42
e79d13fac35984bdd99eadc6669978f7,Input Validity,TF,TF Rate,10,742.42
e79d13fac35984bdd99eadc6669978f7,Input Validity,Lidar,Lidar Rate,10,742.52
e79d13fac35984bdd99eadc6669978f7,Input Validity,Odometry,Odometry Rate,50,742.52
e79d13fac35984bdd99eadc6669978f7,Input Validity,TF,TF Rate,10,742.52
e79d13fac35984bdd99eadc6669978f7,Localization Quality,AMCLPose,CovYawYaw,0.00464362,742.5
e79d13fac35984bdd99eadc6669978f7,Localization Quality,AMCLPose,CovYY,0.00215751,742.5
e79d13fac35984bdd99eadc6669978f7,Localization Quality,AMCLPose,CovXX,0.00661937,742.5
e79d13fac35984bdd99eadc6669978f7,Localization Quality,AMCLPose,MeanYaw,-0.00780723,742.5
e79d13fac35984bdd99eadc6669978f7,Localization Quality,AMCLPose,MeanY,-0.106246,742.5
e79d13fac35984bdd99eadc6669978f7,Localization Quality,AMCLPose,MeanX,-6.74693,742.5
e79d13fac35984bdd99eadc6669978f7,Localization Stability,TF,Jump Angular,-0.000390214,743.5
e79d13fac35984bdd99eadc6669978f7,Localization Stability,TF,Jump Linear,0.00153548,743.5
e79d13fac35984bdd99eadc6669978f7,Localization Stability,TF,Jump Angular,0,743.6
e79d13fac35984bdd99eadc6669978f7,Localization Stability,TF,Jump Linear,0,743.6
e79d13fac35984bdd99eadc6669978f7,Input Validity,Lidar,Lidar Rate,10,742.62
e79d13fac35984bdd99eadc6669978f7,Input Validity,Odometry,Odometry Rate,50,742.62
e79d13fac35984bdd99eadc6669978f7,Input Validity,TF,TF Rate,10,742.62
e79d13fac35984bdd99eadc6669978f7,Localization Stability,TF,Jump Angular,0,743.7
e79d13fac35984bdd99eadc6669978f7,Localization Stability,TF,Jump Linear,0,743.7
e79d13fac35984bdd99eadc6669978f7,Input Validity,Lidar,Lidar Rate,10,742.72
e79d13fac35984bdd99eadc6669978f7,Input Validity,Odometry,Odometry Rate,50,742.72
e79d13fac35984bdd99eadc6669978f7,Input Validity,TF,TF Rate,10,742.72
e79d13fac35984bdd99eadc6669978f7,Input Validity,Lidar,Lidar Rate,10,742.82
e79d13fac35984bdd99eadc6669978f7,Input Validity,Odometry,Odometry Rate,50,742.82
e79d13fac35984bdd99eadc6669978f7,Input Validity,TF,TF Rate,10,742.82
e79d13fac35984bdd99eadc6669978f7,Localization Quality,AMCLPose,CovYawYaw,0.00483911,742.8
e79d13fac35984bdd99eadc6669978f7,Localization Quality,AMCLPose,CovYY,0.00216288,742.8
e79d13fac35984bdd99eadc6669978f7,Localization Quality,AMCLPose,CovXX,0.00686384,742.8
e79d13fac35984bdd99eadc6669978f7,Localization Quality,AMCLPose,MeanYaw,-0.0104166,742.8
e79d13fac35984bdd99eadc6669978f7,Localization Quality,AMCLPose,MeanY,-0.105671,742.8
e79d13fac35984bdd99eadc6669978f7,Localization Quality,AMCLPose,MeanX,-6.61035,742.8
e79d13fac35984bdd99eadc6669978f7,Localization Stability,TF,Jump Angular,-0.00049811,743.8
e79d13fac35984bdd99eadc6669978f7,Localization Stability,TF,Jump Linear,0.00216029,743.8
e79d13fac35984bdd99eadc6669978f7,Localization Stability,TF,Jump Angular,0,743.9
e79d13fac35984bdd99eadc6669978f7,Localization Stability,TF,Jump Linear,0,743.9
e79d13fac35984bdd99eadc6669978f7,Input Validity,Lidar,Lidar Rate,10,742.92
e79d13fac35984bdd99eadc6669978f7,Input Validity,Odometry,Odometry Rate,50,742.92
e79d13fac35984bdd99eadc6669978f7,Input Validity,TF,TF Rate,10,742.92
e79d13fac35984bdd99eadc6669978f7,Localization Stability,TF,Jump Angular,0,744
e79d13fac35984bdd99eadc6669978f7,Localization Stability,TF,Jump Linear,0,744
e79d13fac35984bdd99eadc6669978f7,Input Validity,Lidar,Lidar Rate,10,743.02
e79d13fac35984bdd99eadc6669978f7,Input Validity,Odometry,Odometry Rate,50,743.02
e79d13fac35984bdd99eadc6669978f7,Input Validity,TF,TF Rate,10,743.02
e79d13fac35984bdd99eadc6669978f7,Input Validity,Lidar,Lidar Rate,10,743.12
e79d13fac35984bdd99eadc6669978f7,Input Validity,Odometry,Odometry Rate,50,743.12
e79d13fac35984bdd99eadc6669978f7,Input Validity,TF,TF Rate,10,743.12
e79d13fac35984bdd99eadc6669978f7,Localization Quality,AMCLPose,CovYawYaw,0.00524359,743.1
e79d13fac35984bdd99eadc6669978f7,Localization Quality,AMCLPose,CovYY,0.00208502,743.1
e79d13fac35984bdd99eadc6669978f7,Localization Quality,AMCLPose,CovXX,0.00738217,743.1
e79d13fac35984bdd99eadc6669978f7,Localization Quality,AMCLPose,MeanYaw,-0.0117438,743.1
e79d13fac35984bdd99eadc6669978f7,Localization Quality,AMCLPose,MeanY,-0.106855,743.1
e79d13fac35984bdd99eadc6669978f7,Localization Quality,AMCLPose,MeanX,-6.47375,743.1
e79d13fac35984bdd99eadc6669978f7,Localization Stability,TF,Jump Angular,0.000216017,744.1
e79d13fac35984bdd99eadc6669978f7,Localization Stability,TF,Jump Linear,0.00236704,744.1
e79d13fac35984bdd99eadc6669978f7,Localization Stability,TF,Jump Angular,0,744.2
e79d13fac35984bdd99eadc6669978f7,Localization Stability,TF,Jump Linear,0,744.2
e79d13fac35984bdd99eadc6669978f7,Input Validity,Lidar,Lidar Rate,10,743.22
e79d13fac35984bdd99eadc6669978f7,Input Validity,Odometry,Odometry Rate,50,743.22
e79d13fac35984bdd99eadc6669978f7,Input Validity,TF,TF Rate,10,743.22
e79d13fac35984bdd99eadc6669978f7,Localization Stability,TF,Jump Angular,0,744.3
e79d13fac35984bdd99eadc6669978f7,Localization Stability,TF,Jump Linear,0,744.3
e79d13fac35984bdd99eadc6669978f7,Input Validity,Lidar,Lidar Rate,10,743.32
e79d13fac35984bdd99eadc6669978f7,Input Validity,Odometry,Odometry Rate,50,743.32
e79d13fac35984bdd99eadc6669978f7,Input Validity,TF,TF Rate,10,743.32
e79d13fac35984bdd99eadc6669978f7,Input Validity,Lidar,Lidar Rate,10,743.42
e79d13fac35984bdd99eadc6669978f7,Input Validity,Odometry,Odometry Rate,50,743.42
e79d13fac35984bdd99eadc6669978f7,Input Validity,TF,TF Rate,10,743.42
e79d13fac35984bdd99eadc6669978f7,Localization Quality,AMCLPose,CovYawYaw,0.0051304,743.4
e79d13fac35984bdd99eadc6669978f7,Localization Quality,AMCLPose,CovYY,0.00209529,743.4
e79d13fac35984bdd99eadc6669978f7,Localization Quality,AMCLPose,CovXX,0.00724117,743.4
e79d13fac35984bdd99eadc6669978f7,Localization Quality,AMCLPose,MeanYaw,-0.00855569,743.4
e79d13fac35984bdd99eadc6669978f7,Localization Quality,AMCLPose,MeanY,-0.107297,743.4
e79d13fac35984bdd99eadc6669978f7,Localization Quality,AMCLPose,MeanX,-6.33943,743.4
e79d13fac35984bdd99eadc6669978f7,Localization Stability,TF,Jump Angular,0.00482955,744.4
e79d13fac35984bdd99eadc6669978f7,Localization Stability,TF,Jump Linear,0.0316804,744.4
e79d13fac35984bdd99eadc6669978f7,Localization Stability,TF,Jump Angular,0,744.5
e79d13fac35984bdd99eadc6669978f7,Localization Stability,TF,Jump Linear,0,744.5
e79d13fac35984bdd99eadc6669978f7,Input Validity,Lidar,Lidar Rate,10,743.52
e79d13fac35984bdd99eadc6669978f7,Input Validity,Odometry,Odometry Rate,50,743.52
e79d13fac35984bdd99eadc6669978f7,Input Validity,TF,TF Rate,10,743.52
e79d13fac35984bdd99eadc6669978f7,Localization Stability,TF,Jump Angular,0,744.6
e79d13fac35984bdd99eadc6669978f7,Localization Stability,TF,Jump Linear,0,744.6
e79d13fac35984bdd99eadc6669978f7,Input Validity,Lidar,Lidar Rate,10,743.62
e79d13fac35984bdd99eadc6669978f7,Input Validity,Odometry,Odometry Rate,50,743.62
e79d13fac35984bdd99eadc6669978f7,Input Validity,TF,TF Rate,10,743.62
e79d13fac35984bdd99eadc6669978f7,Input Validity,Lidar,Lidar Rate,10,743.72
e79d13fac35984bdd99eadc6669978f7,Input Validity,Odometry,Odometry Rate,50,743.72
e79d13fac35984bdd99eadc6669978f7,Input Validity,TF,TF Rate,10,743.72
e79d13fac35984bdd99eadc6669978f7,Localization Quality,AMCLPose,CovYawYaw,0.00522262,743.7
e79d13fac35984bdd99eadc6669978f7,Localization Quality,AMCLPose,CovYY,0.00212283,743.7
e79d13fac35984bdd99eadc6669978f7,Localization Quality,AMCLPose,CovXX,0.00719249,743.7
e79d13fac35984bdd99eadc6669978f7,Localization Quality,AMCLPose,MeanYaw,-0.0113805,743.7
e79d13fac35984bdd99eadc6669978f7,Localization Quality,AMCLPose,MeanY,-0.10831,743.7
e79d13fac35984bdd99eadc6669978f7,Localization Quality,AMCLPose,MeanX,-6.2033,743.7
e79d13fac35984bdd99eadc6669978f7,Localization Stability,TF,Jump Angular,-0.00169718,744.7
e79d13fac35984bdd99eadc6669978f7,Localization Stability,TF,Jump Linear,0.0102949,744.7
e79d13fac35984bdd99eadc6669978f7,Localization Stability,TF,Jump Angular,0,744.8
e79d13fac35984bdd99eadc6669978f7,Localization Stability,TF,Jump Linear,0,744.8
e79d13fac35984bdd99eadc6669978f7,Input Validity,Lidar,Lidar Rate,10,743.82
e79d13fac35984bdd99eadc6669978f7,Input Validity,Odometry,Odometry Rate,50,743.82
e79d13fac35984bdd99eadc6669978f7,Input Validity,TF,TF Rate,10,743.82
e79d13fac35984bdd99eadc6669978f7,Localization Stability,TF,Jump Angular,0,744.9
e79d13fac35984bdd99eadc6669978f7,Localization Stability,TF,Jump Linear,0,744.9
e79d13fac35984bdd99eadc6669978f7,Input Validity,Lidar,Lidar Rate,10,743.92
e79d13fac35984bdd99eadc6669978f7,Input Validity,Odometry,Odometry Rate,50,743.92
e79d13fac35984bdd99eadc6669978f7,Input Validity,TF,TF Rate,10,743.92
e79d13fac35984bdd99eadc6669978f7,Input Validity,Lidar,Lidar Rate,10,744.02
e79d13fac35984bdd99eadc6669978f7,Input Validity,Odometry,Odometry Rate,50,744.02
e79d13fac35984bdd99eadc6669978f7,Input Validity,TF,TF Rate,10,744.02
e79d13fac35984bdd99eadc6669978f7,Localization Quality,AMCLPose,CovYawYaw,0.00541667,744
e79d13fac35984bdd99eadc6669978f7,Localization Quality,AMCLPose,CovYY,0.00215136,744
e79d13fac35984bdd99eadc6669978f7,Localization Quality,AMCLPose,CovXX,0.0072544,744
e79d13fac35984bdd99eadc6669978f7,Localization Quality,AMCLPose,MeanYaw,-0.0127965,744
e79d13fac35984bdd99eadc6669978f7,Localization Quality,AMCLPose,MeanY,-0.108382,744
e79d13fac35984bdd99eadc6669978f7,Localization Quality,AMCLPose,MeanX,-6.07152,744
e79d13fac35984bdd99eadc6669978f7,Localization Stability,TF,Jump Angular,-0.000937573,745
e79d13fac35984bdd99eadc6669978f7,Localization Stability,TF,Jump Linear,0.00527174,745
e79d13fac35984bdd99eadc6669978f7,Localization Stability,TF,Jump Angular,0,745.1
e79d13fac35984bdd99eadc6669978f7,Localization Stability,TF,Jump Linear,0,745.1
e79d13fac35984bdd99eadc6669978f7,Input Validity,Lidar,Lidar Rate,10,744.12
e79d13fac35984bdd99eadc6669978f7,Input Validity,Odometry,Odometry Rate,50,744.12
e79d13fac35984bdd99eadc6669978f7,Input Validity,TF,TF Rate,10,744.12
e79d13fac35984bdd99eadc6669978f7,Localization Stability,TF,Jump Angular,0,745.2
e79d13fac35984bdd99eadc6669978f7,Localization Stability,TF,Jump Linear,0,745.2
e79d13fac35984bdd99eadc6669978f7,Input Validity,Lidar,Lidar Rate,10,744.22
e79d13fac35984bdd99eadc6669978f7,Input Validity,Odometry,Odometry Rate,50,744.22
e79d13fac35984bdd99eadc6669978f7,Input Validity,TF,TF Rate,10,744.22
e79d13fac35984bdd99eadc6669978f7,Input Validity,Lidar,Lidar Rate,10,744.32
e79d13fac35984bdd99eadc6669978f7,Input Validity,Odometry,Odometry Rate,50,744.32
e79d13fac35984bdd99eadc6669978f7,Input Validity,TF,TF Rate,10,744.32
e79d13fac35984bdd99eadc6669978f7,Localization Quality,AMCLPose,CovYawYaw,0.00541562,744.3
e79d13fac35984bdd99eadc6669978f7,Localization Quality,AMCLPose,CovYY,0.00213374,744.3
e79d13fac35984bdd99eadc6669978f7,Localization Quality,AMCLPose,CovXX,0.00734651,744.3
e79d13fac35984bdd99eadc6669978f7,Localization Quality,AMCLPose,MeanYaw,-0.016905,744.3
e79d13fac35984bdd99eadc6669978f7,Localization Quality,AMCLPose,MeanY,-0.1108,744.3
e79d13fac35984bdd99eadc6669978f7,Localization Quality,AMCLPose,MeanX,-5.93647,744.3
e79d13fac35984bdd99eadc6669978f7,Localization Stability,TF,Jump Angular,-0.00425028,745.3
e79d13fac35984bdd99eadc6669978f7,Localization Stability,TF,Jump Linear,0.0257516,745.3
e79d13fac35984bdd99eadc6669978f7,Localization Stability,TF,Jump Angular,0,745.4
e79d13fac35984bdd99eadc6669978f7,Localization Stability,TF,Jump Linear,0,745.4
e79d13fac35984bdd99eadc6669978f7,Input Validity,Lidar,Lidar Rate,10,744.42
e79d13fac35984bdd99eadc6669978f7,Input Validity,Odometry,Odometry Rate,50,744.42
e79d13fac35984bdd99eadc6669978f7,Input Validity,TF,TF Rate,10,744.42
e79d13fac35984bdd99eadc6669978f7,Localization Stability,TF,Jump Angular,0,745.5
e79d13fac35984bdd99eadc6669978f7,Localization Stability,TF,Jump Linear,0,745.5
e79d13fac35984bdd99eadc6669978f7,Input Validity,Lidar,Lidar Rate,10,744.52
e79d13fac35984bdd99eadc6669978f7,Input Validity,Odometry,Odometry Rate,50,744.52
e79d13fac35984bdd99eadc6669978f7,Input Validity,TF,TF Rate,10,744.52
e79d13fac35984bdd99eadc6669978f7,Input Validity,Lidar,Lidar Rate,10,744.62
e79d13fac35984bdd99eadc6669978f7,Input Validity,Odometry,Odometry Rate,50,744.62
e79d13fac35984bdd99eadc6669978f7,Input Validity,TF,TF Rate,10,744.62
e79d13fac35984bdd99eadc6669978f7,Localization Quality,AMCLPose,CovYawYaw,0.0058544,744.6
e79d13fac35984bdd99eadc6669978f7,Localization Quality,AMCLPose,CovYY,0.00224366,744.6
e79d13fac35984bdd99eadc6669978f7,Localization Quality,AMCLPose,CovXX,0.0073859,744.6
e79d13fac35984bdd99eadc6669978f7,Localization Quality,AMCLPose,MeanYaw,-0.0156609,744.6
e79d13fac35984bdd99eadc6669978f7,Localization Quality,AMCLPose,MeanY,-0.111746,744.6
e79d13fac35984bdd99eadc6669978f7,Localization Quality,AMCLPose,MeanX,-5.80136,744.6
e79d13fac35984bdd99eadc6669978f7,Localization Stability,TF,Jump Angular,0.00242904,745.6
e79d13fac35984bdd99eadc6669978f7,Localization Stability,TF,Jump Linear,0.0153788,745.6
e79d13fac35984bdd99eadc6669978f7,Localization Stability,TF,Jump Angular,0,745.7
e79d13fac35984bdd99eadc6669978f7,Localization Stability,TF,Jump Linear,0,745.7
e79d13fac35984bdd99eadc6669978f7,Input Validity,Lidar,Lidar Rate,10,744.72
e79d13fac35984bdd99eadc6669978f7,Input Validity,Odometry,Odometry Rate,50,744.72
e79d13fac35984bdd99eadc6669978f7,Input Validity,TF,TF Rate,10,744.72
e79d13fac35984bdd99eadc6669978f7,Localization Stability,TF,Jump Angular,0,745.8
e79d13fac35984bdd99eadc6669978f7,Localization Stability,TF,Jump Linear,0,745.8
e79d13fac35984bdd99eadc6669978f7,Input Validity,Lidar,Lidar Rate,10,744.82
e79d13fac35984bdd99eadc6669978f7,Input Validity,Odometry,Odometry Rate,50,744.82
e79d13fac35984bdd99eadc6669978f7,Input Validity,TF,TF Rate,10,744.82
e79d13fac35984bdd99eadc6669978f7,Input Validity,Lidar,Lidar Rate,10,744.91
e79d13fac35984bdd99eadc6669978f7,Input Validity,Odometry,Odometry Rate,50,744.91
e79d13fac35984bdd99eadc6669978f7,Input Validity,TF,TF Rate,10,744.91
e79d13fac35984bdd99eadc6669978f7,Localization Quality,AMCLPose,CovYawYaw,0.00569734,744.9
e79d13fac35984bdd99eadc6669978f7,Localization Quality,AMCLPose,CovYY,0.00229518,744.9
e79d13fac35984bdd99eadc6669978f7,Localization Quality,AMCLPose,CovXX,0.0072518,744.9
e79d13fac35984bdd99eadc6669978f7,Localization Quality,AMCLPose,MeanYaw,-0.0118258,744.9
e79d13fac35984bdd99eadc6669978f7,Localization Quality,AMCLPose,MeanY,-0.111133,744.9
e79d13fac35984bdd99eadc6669978f7,Localization Quality,AMCLPose,MeanX,-5.66127,744.9
e79d13fac35984bdd99eadc6669978f7,Localization Stability,TF,Jump Angular,0.0043403,745.9
e79d13fac35984bdd99eadc6669978f7,Localization Stability,TF,Jump Linear,0.0276958,745.9
e79d13fac35984bdd99eadc6669978f7,Localization Stability,TF,Jump Angular,0,746
e79d13fac35984bdd99eadc6669978f7,Localization Stability,TF,Jump Linear,0,746
e79d13fac35984bdd99eadc6669978f7,Input Validity,Lidar,Lidar Rate,10,745.01
e79d13fac35984bdd99eadc6669978f7,Input Validity,Odometry,Odometry Rate,50,745.01
e79d13fac35984bdd99eadc6669978f7,Input Validity,TF,TF Rate,10,745.01
e79d13fac35984bdd99eadc6669978f7,Localization Stability,TF,Jump Angular,0,746.1
e79d13fac35984bdd99eadc6669978f7,Localization Stability,TF,Jump Linear,0,746.1
e79d13fac35984bdd99eadc6669978f7,Input Validity,Lidar,Lidar Rate,10,745.11
e79d13fac35984bdd99eadc6669978f7,Input Validity,Odometry,Odometry Rate,50,745.11
e79d13fac35984bdd99eadc6669978f7,Input Validity,TF,TF Rate,10,745.11
e79d13fac35984bdd99eadc6669978f7,Input Validity,Lidar,Lidar Rate,10,745.21
e79d13fac35984bdd99eadc6669978f7,Input Validity,Odometry,Odometry Rate,50,745.21
e79d13fac35984bdd99eadc6669978f7,Input Validity,TF,TF Rate,10,745.21
e79d13fac35984bdd99eadc6669978f7,Localization Quality,AMCLPose,CovYawYaw,0.00581151,745.2
e79d13fac35984bdd99eadc6669978f7,Localization Quality,AMCLPose,CovYY,0.0025925,745.2
e79d13fac35984bdd99eadc6669978f7,Localization Quality,AMCLPose,CovXX,0.00745969,745.2
e79d13fac35984bdd99eadc6669978f7,Localization Quality,AMCLPose,MeanYaw,-0.00861391,745.2
e79d13fac35984bdd99eadc6669978f7,Localization Quality,AMCLPose,MeanY,-0.113819,745.2
e79d13fac35984bdd99eadc6669978f7,Localization Quality,AMCLPose,MeanX,-5.52614,745.2
e79d13fac35984bdd99eadc6669978f7,Localization Stability,TF,Jump Angular,0.00279569,746.2
e79d13fac35984bdd99eadc6669978f7,Localization Stability,TF,Jump Linear,0.0142387,746.2
e79d13fac35984bdd99eadc6669978f7,Localization Stability,TF,Jump Angular,0,746.3
e79d13fac35984bdd99eadc6669978f7,Localization Stability,TF,Jump Linear,0,746.3
e79d13fac35984bdd99eadc6669978f7,Input Validity,Lidar,Lidar Rate,10,745.31
e79d13fac35984bdd99eadc6669978f7,Input Validity,Odometry,Odometry Rate,50,745.31
e79d13fac35984bdd99eadc6669978f7,Input Validity,TF,TF Rate,10,745.31
e79d13fac35984bdd99eadc6669978f7,Input Validity,Lidar,Lidar Rate,10,745.41
e79d13fac35984bdd99eadc6669978f7,Input Validity,Odometry,Odometry Rate,50,745.41
e79d13fac35984bdd99eadc6669978f7,Input Validity,TF,TF Rate,10,745.41
e79d13fac35984bdd99eadc6669978f7,Localization Stability,TF,Jump Angular,0,746.4
e79d13fac35984bdd99eadc6669978f7,Localization Stability,TF,Jump Linear,0,746.4
e79d13fac35984bdd99eadc6669978f7,Input Validity,Lidar,Lidar Rate,10,745.51
e79d13fac35984bdd99eadc6669978f7,Input Validity,Odometry,Odometry Rate,50,745.51
e79d13fac35984bdd99eadc6669978f7,Input Validity,TF,TF Rate,10,745.51
e79d13fac35984bdd99eadc6669978f7,Localization Quality,AMCLPose,CovYawYaw,0.00539747,745.5
e79d13fac35984bdd99eadc6669978f7,Localization Quality,AMCLPose,CovYY,0.00271362,745.5
e79d13fac35984bdd99eadc6669978f7,Localization Quality,AMCLPose,CovXX,0.00758727,745.5
e79d13fac35984bdd99eadc6669978f7,Localization Quality,AMCLPose,MeanYaw,-0.00492611,745.5
e79d13fac35984bdd99eadc6669978f7,Localization Quality,AMCLPose,MeanY,-0.113403,745.5
e79d13fac35984bdd99eadc6669978f7,Localization Quality,AMCLPose,MeanX,-5.38964,745.5
e79d13fac35984bdd99eadc6669978f7,Localization Stability,TF,Jump Angular,0.00106884,746.5
e79d13fac35984bdd99eadc6669978f7,Localization Stability,TF,Jump Linear,0.00731715,746.5
e79d13fac35984bdd99eadc6669978f7,Localization Stability,TF,Jump Angular,0,746.6
e79d13fac35984bdd99eadc6669978f7,Localization Stability,TF,Jump Linear,0,746.6
e79d13fac35984bdd99eadc6669978f7,Input Validity,Lidar,Lidar Rate,10,745.61
e79d13fac35984bdd99eadc6669978f7,Input Validity,Odometry,Odometry Rate,50,745.61
e79d13fac35984bdd99eadc6669978f7,Input Validity,TF,TF Rate,10,745.61
e79d13fac35984bdd99eadc6669978f7,Localization Stability,TF,Jump Angular,0,746.7
e79d13fac35984bdd99eadc6669978f7,Localization Stability,TF,Jump Linear,0,746.7
e79d13fac35984bdd99eadc6669978f7,Input Validity,Lidar,Lidar Rate,10,745.71
e79d13fac35984bdd99eadc6669978f7,Input Validity,Odometry,Odometry Rate,50,745.71
e79d13fac35984bdd99eadc6669978f7,Input Validity,TF,TF Rate,10,745.71
e79d13fac35984bdd99eadc6669978f7,Input Validity,Lidar,Lidar Rate,10,745.81
e79d13fac35984bdd99eadc6669978f7,Input Validity,Odometry,Odometry Rate,50,745.81
e79d13fac35984bdd99eadc6669978f7,Input Validity,TF,TF Rate,10,745.81
e79d13fac35984bdd99eadc6669978f7,Localization Quality,AMCLPose,CovYawYaw,0.00532504,745.8
e79d13fac35984bdd99eadc6669978f7,Localization Quality,AMCLPose,CovYY,0.00290091,745.8
e79d13fac35984bdd99eadc6669978f7,Localization Quality,AMCLPose,CovXX,0.00781135,745.8
e79d13fac35984bdd99eadc6669978f7,Localization Quality,AMCLPose,MeanYaw,-0.000742157,745.8
e79d13fac35984bdd99eadc6669978f7,Localization Quality,AMCLPose,MeanY,-0.111409,745.8
e79d13fac35984bdd99eadc6669978f7,Localization Quality,AMCLPose,MeanX,-5.25435,745.8
e79d13fac35984bdd99eadc6669978f7,Localization Stability,TF,Jump Angular,0.00218065,746.8
e79d13fac35984bdd99eadc6669978f7,Localization Stability,TF,Jump Linear,0.013886,746.8
e79d13fac35984bdd99eadc6669978f7,Localization Stability,TF,Jump Angular,0,746.9
e79d13fac35984bdd99eadc6669978f7,Localization Stability,TF,Jump Linear,0,746.9
e79d13fac35984bdd99eadc6669978f7,Input Validity,Lidar,Lidar Rate,10,745.91
e79d13fac35984bdd99eadc6669978f7,Input Validity,Odometry,Odometry Rate,50,745.91
e79d13fac35984bdd99eadc6669978f7,Input Validity,TF,TF Rate,10,745.91
e79d13fac35984bdd99eadc6669978f7,Input Validity,Lidar,Lidar Rate,10,746.01
e79d13fac35984bdd99eadc6669978f7,Input Validity,Odometry,Odometry Rate,50,746.01
e79d13fac35984bdd99eadc6669978f7,Input Validity,TF,TF Rate,10,746.01
e79d13fac35984bdd99eadc6669978f7,Localization Stability,TF,Jump Angular,0,747
e79d13fac35984bdd99eadc6669978f7,Localization Stability,TF,Jump Linear,0,747
e79d13fac35984bdd99eadc6669978f7,Input Validity,Lidar,Lidar Rate,10,746.11
e79d13fac35984bdd99eadc6669978f7,Input Validity,Odometry,Odometry Rate,50,746.11
e79d13fac35984bdd99eadc6669978f7,Input Validity,TF,TF Rate,10,746.11
e79d13fac35984bdd99eadc6669978f7,Localization Quality,AMCLPose,CovYawYaw,0.00559414,746.1
e79d13fac35984bdd99eadc6669978f7,Localization Quality,AMCLPose,CovYY,0.00316479,746.1
e79d13fac35984bdd99eadc6669978f7,Localization Quality,AMCLPose,CovXX,0.00759385,746.1
e79d13fac35984bdd99eadc6669978f7,Localization Quality,AMCLPose,MeanYaw,-0.00172488,746.1
e79d13fac35984bdd99eadc6669978f7,Localization Quality,AMCLPose,MeanY,-0.112733,746.1
e79d13fac35984bdd99eadc6669978f7,Localization Quality,AMCLPose,MeanX,-5.11926,746.1
e79d13fac35984bdd99eadc6669978f7,Localization Stability,TF,Jump Angular,-0.000264108,747.1
e79d13fac35984bdd99eadc6669978f7,Localization Stability,TF,Jump Linear,0.002561,747.1
e79d13fac35984bdd99eadc6669978f7,Input Validity,Lidar,Lidar Rate,10,746.21
e79d13fac35984bdd99eadc6669978f7,Input Validity,Odometry,Odometry Rate,50,746.21
e79d13fac35984bdd99eadc6669978f7,Input Validity,TF,TF Rate,10,746.21
e79d13fac35984bdd99eadc6669978f7,Localization Stability,TF,Jump Angular,0,747.2
e79d13fac35984bdd99eadc6669978f7,Localization Stability,TF,Jump Linear,0,747.2
e79d13fac35984bdd99eadc6669978f7,Input Validity,Lidar,Lidar Rate,10,746.31
e79d13fac35984bdd99eadc6669978f7,Input Validity,Odometry,Odometry Rate,50,746.31
e79d13fac35984bdd99eadc6669978f7,Input Validity,TF,TF Rate,10,746.31
e79d13fac35984bdd99eadc6669978f7,Localization Stability,TF,Jump Angular,0,747.3
e79d13fac35984bdd99eadc6669978f7,Localization Stability,TF,Jump Linear,0,747.3
e79d13fac35984bdd99eadc6669978f7,Input Validity,Lidar,Lidar Rate,10,746.41
e79d13fac35984bdd99eadc6669978f7,Input Validity,Odometry,Odometry Rate,50,746.41
e79d13fac35984bdd99eadc6669978f7,Input Validity,TF,TF Rate,10,746.41
e79d13fac35984bdd99eadc6669978f7,Localization Quality,AMCLPose,CovYawYaw,0.00520154,746.4
e79d13fac35984bdd99eadc6669978f7,Localization Quality,AMCLPose,CovYY,0.00317391,746.4
e79d13fac35984bdd99eadc6669978f7,Localization Quality,AMCLPose,CovXX,0.00776538,746.4
e79d13fac35984bdd99eadc6669978f7,Localization Quality,AMCLPose,MeanYaw,-0.00366121,746.4
e79d13fac35984bdd99eadc6669978f7,Localization Quality,AMCLPose,MeanY,-0.112413,746.4
e79d13fac35984bdd99eadc6669978f7,Localization Quality,AMCLPose,MeanX,-4.98311,746.4
e79d13fac35984bdd99eadc6669978f7,Localization Stability,TF,Jump Angular,-0.000329588,747.4
e79d13fac35984bdd99eadc6669978f7,Localization Stability,TF,Jump Linear,0.00150973,747.4
e79d13fac35984bdd99eadc6669978f7,Localization Stability,TF,Jump Angular,0,747.5
e79d13fac35984bdd99eadc6669978f7,Localization Stability,TF,Jump Linear,0,747.5
e79d13fac35984bdd99eadc6669978f7,Input Validity,Lidar,Lidar Rate,10,746.51
e79d13fac35984bdd99eadc6669978f7,Input Validity,Odometry,Odometry Rate,50,746.51
e79d13fac35984bdd99eadc6669978f7,Input Validity,TF,TF Rate,10,746.51
e79d13fac35984bdd99eadc6669978f7,Localization Stability,TF,Jump Angular,0,747.6
e79d13fac35984bdd99eadc6669978f7,Localization Stability,TF,Jump Linear,0,747.6
e79d13fac35984bdd99eadc6669978f7,Input Validity,Lidar,Lidar Rate,10,746.61
e79d13fac35984bdd99eadc6669978f7,Input Validity,Odometry,Odometry Rate,50,746.61
e79d13fac35984bdd99eadc6669978f7,Input Validity,TF,TF Rate,10,746.61
e79d13fac35984bdd99eadc6669978f7,Input Validity,Lidar,Lidar Rate,10,746.71
e79d13fac35984bdd99eadc6669978f7,Input Validity,Odometry,Odometry Rate,50,746.71
e79d13fac35984bdd99eadc6669978f7,Input Validity,TF,TF Rate,10,746.71
e79d13fac35984bdd99eadc6669978f7,Localization Quality,AMCLPose,CovYawYaw,0.00502357,746.7
e79d13fac35984bdd99eadc6669978f7,Localization Quality,AMCLPose,CovYY,0.00331496,746.7
e79d13fac35984bdd99eadc6669978f7,Localization Quality,AMCLPose,CovXX,0.00753996,746.7
e79d13fac35984bdd99eadc6669978f7,Localization Quality,AMCLPose,MeanYaw,-0.00352964,746.7
e79d13fac35984bdd99eadc6669978f7,Localization Quality,AMCLPose,MeanY,-0.112639,746.7
e79d13fac35984bdd99eadc6669978f7,Localization Quality,AMCLPose,MeanX,-4.84793,746.7
e79d13fac35984bdd99eadc6669978f7,Localization Stability,TF,Jump Angular,0.00194071,747.7
e79d13fac35984bdd99eadc6669978f7,Localization Stability,TF,Jump Linear,0.00973187,747.7
e79d13fac35984bdd99eadc6669978f7,Input Validity,Lidar,Lidar Rate,10,746.81
e79d13fac35984bdd99eadc6669978f7,Input Validity,Odometry,Odometry Rate,50,746.81
e79d13fac35984bdd99eadc6669978f7,Input Validity,TF,TF Rate,10,746.81
e79d13fac35984bdd99eadc6669978f7,Localization Stability,TF,Jump Angular,0,747.8
e79d13fac35984bdd99eadc6669978f7,Localization Stability,TF,Jump Linear,0,747.8
e79d13fac35984bdd99eadc6669978f7,Input Validity,Lidar,Lidar Rate,10,746.91
e79d13fac35984bdd99eadc6669978f7,Input Validity,Odometry,Odometry Rate,50,746.91
e79d13fac35984bdd99eadc6669978f7,Input Validity,TF,TF Rate,10,746.91
e79d13fac35984bdd99eadc6669978f7,Localization Stability,TF,Jump Angular,0,747.9
e79d13fac35984bdd99eadc6669978f7,Localization Stability,TF,Jump Linear,0,747.9
e79d13fac35984bdd99eadc6669978f7,Input Validity,Lidar,Lidar Rate,10,747.01
e79d13fac35984bdd99eadc6669978f7,Input Validity,Odometry,Odometry Rate,50,747.01
e79d13fac35984bdd99eadc6669978f7,Input Validity,TF,TF Rate,10,747.01
e79d13fac35984bdd99eadc6669978f7,Localization Quality,AMCLPose,CovYawYaw,0.00498812,747
e79d13fac35984bdd99eadc6669978f7,Localization Quality,AMCLPose,CovYY,0.00362608,747
e79d13fac35984bdd99eadc6669978f7,Localization Quality,AMCLPose,CovXX,0.00746825,747
e79d13fac35984bdd99eadc6669978f7,Localization Quality,AMCLPose,MeanYaw,-0.0066041,747
e79d13fac35984bdd99eadc6669978f7,Localization Quality,AMCLPose,MeanY,-0.113342,747
e79d13fac35984bdd99eadc6669978f7,Localization Quality,AMCLPose,MeanX,-4.71287,747
e79d13fac35984bdd99eadc6669978f7,Localization Stability,TF,Jump Angular,-0.00043852,748
e79d13fac35984bdd99eadc6669978f7,Localization Stability,TF,Jump Linear,0.00211814,748
e79d13fac35984bdd99eadc6669978f7,Input Validity,Lidar,Lidar Rate,10,747.11
e79d13fac35984bdd99eadc6669978f7,Input Validity,Odometry,Odometry Rate,50,747.11
e79d13fac35984bdd99eadc6669978f7,Input Validity,TF,TF Rate,10,747.11
e79d13fac35984bdd99eadc6669978f7,Localization Stability,TF,Jump Angular,0,748.1
e79d13fac35984bdd99eadc6669978f7,Localization Stability,TF,Jump Linear,0,748.1
e79d13fac35984bdd99eadc6669978f7,Input Validity,Lidar,Lidar Rate,10,747.21
e79d13fac35984bdd99eadc6669978f7,Input Validity,Odometry,Odometry Rate,50,747.21
e79d13fac35984bdd99eadc6669978f7,Input Validity,TF,TF Rate,10,747.21
e79d13fac35984bdd99eadc6669978f7,Localization Stability,TF,Jump Angular,0,748.2
e79d13fac35984bdd99eadc6669978f7,Localization Stability,TF,Jump Linear,0,748.2
e79d13fac35984bdd99eadc6669978f7,Input Validity,Lidar,Lidar Rate,10,747.31
e79d13fac35984bdd99eadc6669978f7,Input Validity,Odometry,Odometry Rate,50,747.31
e79d13fac35984bdd99eadc6669978f7,Input Validity,TF,TF Rate,10,747.31
e79d13fac35984bdd99eadc6669978f7,Localization Quality,AMCLPose,CovYawYaw,0.00530174,747.3
e79d13fac35984bdd99eadc6669978f7,Localization Quality,AMCLPose,CovYY,0.00363293,747.3
e79d13fac35984bdd99eadc6669978f7,Localization Quality,AMCLPose,CovXX,0.00807608,747.3
e79d13fac35984bdd99eadc6669978f7,Localization Quality,AMCLPose,MeanYaw,-0.00920016,747.3
e79d13fac35984bdd99eadc6669978f7,Localization Quality,AMCLPose,MeanY,-0.111126,747.3
e79d13fac35984bdd99eadc6669978f7,Localization Quality,AMCLPose,MeanX,-4.57564,747.3
e79d13fac35984bdd99eadc6669978f7,Localization Stability,TF,Jump Angular,-0.000993217,748.3
e79d13fac35984bdd99eadc6669978f7,Localization Stability,TF,Jump Linear,0.0025985,748.3
e79d13fac35984bdd99eadc6669978f7,Input Validity,Lidar,Lidar Rate,10,747.41
e79d13fac35984bdd99eadc6669978f7,Input Validity,Odometry,Odometry Rate,50,747.41
e79d13fac35984bdd99eadc6669978f7,Input Validity,TF,TF Rate,10,747.41
e79d13fac35984bdd99eadc6669978f7,Localization Stability,TF,Jump Angular,0,748.4
e79d13fac35984bdd99eadc6669978f7,Localization Stability,TF,Jump Linear,0,748.4
e79d13fac35984bdd99eadc6669978f7,Input Validity,Lidar,Lidar Rate,10,747.51
e79d13fac35984bdd99eadc6669978f7,Input Validity,Odometry,Odometry Rate,50,747.51
e79d13fac35984bdd99eadc6669978f7,Input Validity,TF,TF Rate,10,747.51
e79d13fac35984bdd99eadc6669978f7,Localization Stability,TF,Jump Angular,0,748.5
e79d13fac35984bdd99eadc6669978f7,Localization Stability,TF,Jump Linear,0,748.5
e79d13fac35984bdd99eadc6669978f7,Input Validity,Lidar,Lidar Rate,10,747.6
e79d13fac35984bdd99eadc6669978f7,Input Validity,Odometry,Odometry Rate,50,747.6
e79d13fac35984bdd99eadc6669978f7,Input Validity,TF,TF Rate,10,747.6
e79d13fac35984bdd99eadc6669978f7,Localization Quality,AMCLPose,CovYawYaw,0.00519436,747.6
e79d13fac35984bdd99eadc6669978f7,Localization Quality,AMCLPose,CovYY,0.00388856,747.6
e79d13fac35984bdd99eadc6669978f7,Localization Quality,AMCLPose,CovXX,0.00771215,747.6
e79d13fac35984bdd99eadc6669978f7,Localization Quality,AMCLPose,MeanYaw,-0.0103364,747.6
e79d13fac35984bdd99eadc6669978f7,Localization Quality,AMCLPose,MeanY,-0.111852,747.6
e79d13fac35984bdd99eadc6669978f7,Localization Quality,AMCLPose,MeanX,-4.43694,747.6
e79d13fac35984bdd99eadc6669978f7,Localization Stability,TF,Jump Angular,-0.000581922,748.6
e79d13fac35984bdd99eadc6669978f7,Localization Stability,TF,Jump Linear,0.00422085,748.6
e79d13fac35984bdd99eadc6669978f7,Input Validity,Lidar,Lidar Rate,10,747.7
e79d13fac35984bdd99eadc6669978f7,Input Validity,Odometry,Odometry Rate,50,747.7
e79d13fac35984bdd99eadc6669978f7,Input Validity,TF,TF Rate,10,747.7
e79d13fac35984bdd99eadc6669978f7,Localization Stability,TF,Jump Angular,0,748.7
e79d13fac35984bdd99eadc6669978f7,Localization Stability,TF,Jump Linear,0,748.7
e79d13fac35984bdd99eadc6669978f7,Input Validity,Lidar,Lidar Rate,10,747.8
e79d13fac35984bdd99eadc6669978f7,Input Validity,Odometry,Odometry Rate,50,747.8
e79d13fac35984bdd99eadc6669978f7,Input Validity,TF,TF Rate,10,747.8
e79d13fac35984bdd99eadc6669978f7,Localization Stability,TF,Jump Angular,0,748.8
e79d13fac35984bdd99eadc6669978f7,Localization Stability,TF,Jump Linear,0,748.8
e79d13fac35984bdd99eadc6669978f7,Input Validity,Lidar,Lidar Rate,10,747.9
e79d13fac35984bdd99eadc6669978f7,Input Validity,Odometry,Odometry Rate,50,747.9
e79d13fac35984bdd99eadc6669978f7,Input Validity,TF,TF Rate,10,747.9
e79d13fac35984bdd99eadc6669978f7,Localization Quality,AMCLPose,CovYawYaw,0.00486788,747.9
e79d13fac35984bdd99eadc6669978f7,Localization Quality,AMCLPose,CovYY,0.00387706,747.9
e79d13fac35984bdd99eadc6669978f7,Localization Quality,AMCLPose,CovXX,0.00707173,747.9
e79d13fac35984bdd99eadc6669978f7,Localization Quality,AMCLPose,MeanYaw,-0.0103098,747.9
e79d13fac35984bdd99eadc6669978f7,Localization Quality,AMCLPose,MeanY,-0.112575,747.9
e79d13fac35984bdd99eadc6669978f7,Localization Quality,AMCLPose,MeanX,-4.29979,747.9
e79d13fac35984bdd99eadc6669978f7,Localization Stability,TF,Jump Angular,0.000708018,748.9
e79d13fac35984bdd99eadc6669978f7,Localization Stability,TF,Jump Linear,0.00431058,748.9
e79d13fac35984bdd99eadc6669978f7,Input Validity,Lidar,Lidar Rate,10,748
e79d13fac35984bdd99eadc6669978f7,Input Validity,Odometry,Odometry Rate,50,748
e79d13fac35984bdd99eadc6669978f7,Input Validity,TF,TF Rate,10,748
e79d13fac35984bdd99eadc6669978f7,Localization Stability,TF,Jump Angular,0,749
e79d13fac35984bdd99eadc6669978f7,Localization Stability,TF,Jump Linear,0,749
e79d13fac35984bdd99eadc6669978f7,Input Validity,Lidar,Lidar Rate,10,748.1
e79d13fac35984bdd99eadc6669978f7,Input Validity,Odometry,Odometry Rate,50,748.1
e79d13fac35984bdd99eadc6669978f7,Input Validity,TF,TF Rate,10,748.1
e79d13fac35984bdd99eadc6669978f7,Localization Stability,TF,Jump Angular,0,749.1
e79d13fac35984bdd99eadc6669978f7,Localization Stability,TF,Jump Linear,0,749.1
e79d13fac35984bdd99eadc6669978f7,Input Validity,Lidar,Lidar Rate,10,748.2
e79d13fac35984bdd99eadc6669978f7,Input Validity,Odometry,Odometry Rate,50,748.2
e79d13fac35984bdd99eadc6669978f7,Input Validity,TF,TF Rate,10,748.2
e79d13fac35984bdd99eadc6669978f7,Localization Quality,AMCLPose,CovYawYaw,0.00468299,748.2
e79d13fac35984bdd99eadc6669978f7,Localization Quality,AMCLPose,CovYY,0.00375492,748.2
e79d13fac35984bdd99eadc6669978f7,Localization Quality,AMCLPose,CovXX,0.00725911,748.2
e79d13fac35984bdd99eadc6669978f7,Localization Quality,AMCLPose,MeanYaw,-0.00933734,748.2
e79d13fac35984bdd99eadc6669978f7,Localization Quality,AMCLPose,MeanY,-0.112558,748.2
e79d13fac35984bdd99eadc6669978f7,Localization Quality,AMCLPose,MeanX,-4.16382,748.2
e79d13fac35984bdd99eadc6669978f7,Localization Stability,TF,Jump Angular,0.00110708,749.2
e79d13fac35984bdd99eadc6669978f7,Localization Stability,TF,Jump Linear,0.00608499,749.2
e79d13fac35984bdd99eadc6669978f7,Input Validity,Lidar,Lidar Rate,10,748.3
e79d13fac35984bdd99eadc6669978f7,Input Validity,Odometry,Odometry Rate,50,748.3
e79d13fac35984bdd99eadc6669978f7,Input Validity,TF,TF Rate,10,748.3
e79d13fac35984bdd99eadc6669978f7,Localization Stability,TF,Jump Angular,0,749.3
e79d13fac35984bdd99eadc6669978f7,Localization Stability,TF,Jump Linear,0,749.3
e79d13fac35984bdd99eadc6669978f7,Input Validity,Lidar,Lidar Rate,10,748.4
e79d13fac35984bdd99eadc6669978f7,Input Validity,Odometry,Odometry Rate,50,748.4
e79d13fac35984bdd99eadc6669978f7,Input Validity,TF,TF Rate,10,748.4
e79d13fac35984bdd99eadc6669978f7,Localization Stability,TF,Jump Angular,0,749.4
e79d13fac35984bdd99eadc6669978f7,Localization Stability,TF,Jump Linear,0,749.4
e79d13fac35984bdd99eadc6669978f7,Input Validity,Lidar,Lidar Rate,10,748.5
e79d13fac35984bdd99eadc6669978f7,Input Validity,Odometry,Odometry Rate,50,748.5
e79d13fac35984bdd99eadc6669978f7,Input Validity,TF,TF Rate,10,748.5
e79d13fac35984bdd99eadc6669978f7,Localization Quality,AMCLPose,CovYawYaw,0.00471888,748.5
e79d13fac35984bdd99eadc6669978f7,Localization Quality,AMCLPose,CovYY,0.00363723,748.5
e79d13fac35984bdd99eadc6669978f7,Localization Quality,AMCLPose,CovXX,0.00699653,748.5
e79d13fac35984bdd99eadc6669978f7,Localization Quality,AMCLPose,MeanYaw,-0.00837244,748.5
e79d13fac35984bdd99eadc6669978f7,Localization Quality,AMCLPose,MeanY,-0.111395,748.5
e79d13fac35984bdd99eadc6669978f7,Localization Quality,AMCLPose,MeanX,-4.02977,748.5
e79d13fac35984bdd99eadc6669978f7,Localization Stability,TF,Jump Angular,0.00105536,749.5
e79d13fac35984bdd99eadc6669978f7,Localization Stability,TF,Jump Linear,0.00672431,749.5
e79d13fac35984bdd99eadc6669978f7,Input Validity,Lidar,Lidar Rate,10,748.6
e79d13fac35984bdd99eadc6669978f7,Input Validity,Odometry,Odometry Rate,50,748.6
e79d13fac35984bdd99eadc6669978f7,Input Validity,TF,TF Rate,10,748.6
e79d13fac35984bdd99eadc6669978f7,Localization Stability,TF,Jump Angular,0,749.6
e79d13fac35984bdd99eadc6669978f7,Localization Stability,TF,Jump Linear,0,749.6
e79d13fac35984bdd99eadc6669978f7,Input Validity,Lidar,Lidar Rate,10,748.7
e79d13fac35984bdd99eadc6669978f7,Input Validity,Odometry,Odometry Rate,50,748.7
e79d13fac35984bdd99eadc6669978f7,Input Validity,TF,TF Rate,10,748.7
e79d13fac35984bdd99eadc6669978f7,Localization Stability,TF,Jump Angular,0,749.7
e79d13fac35984bdd99eadc6669978f7,Localization Stability,TF,Jump Linear,0,749.7
e79d13fac35984bdd99eadc6669978f7,Input Validity,Lidar,Lidar Rate,10,748.8
e79d13fac35984bdd99eadc6669978f7,Input Validity,Odometry,Odometry Rate,50,748.8
e79d13fac35984bdd99eadc6669978f7,Input Validity,TF,TF Rate,10,748.8
e79d13fac35984bdd99eadc6669978f7,Localization Quality,AMCLPose,CovYawYaw,0.00495441,748.8
e79d13fac35984bdd99eadc6669978f7,Localization Quality,AMCLPose,CovYY,0.00354375,748.8
e79d13fac35984bdd99eadc6669978f7,Localization Quality,AMCLPose,CovXX,0.00680703,748.8
e79d13fac35984bdd99eadc6669978f7,Localization Quality,AMCLPose,MeanYaw,-0.00987131,748.8
e79d13fac35984bdd99eadc6669978f7,Localization Quality,AMCLPose,MeanY,-0.111662,748.8
e79d13fac35984bdd99eadc6669978f7,Localization Quality,AMCLPose,MeanX,-3.89283,748.8
e79d13fac35984bdd99eadc6669978f7,Localization Stability,TF,Jump Angular,-0.001815,749.8
e79d13fac35984bdd99eadc6669978f7,Localization Stability,TF,Jump Linear,0.00649616,749.8
e79d13fac35984bdd99eadc6669978f7,Input Validity,Lidar,Lidar Rate,10,748.9
e79d13fac35984bdd99eadc6669978f7,Input Validity,Odometry,Odometry Rate,50,748.9
e79d13fac35984bdd99eadc6669978f7,Input Validity,TF,TF Rate,10,748.9
e79d13fac35984bdd99eadc6669978f7,Localization Stability,TF,Jump Angular,0,749.9
e79d13fac35984bdd99eadc6669978f7,Localization Stability,TF,Jump Linear,0,749.9
e79d13fac35984bdd99eadc6669978f7,Input Validity,Lidar,Lidar Rate,10,749
e79d13fac35984bdd99eadc6669978f7,Input Validity,Odometry,Odometry Rate,50,749
e79d13fac35984bdd99eadc6669978f7,Input Validity,TF,TF Rate,10,749
e79d13fac35984bdd99eadc6669978f7,Localization Stability,TF,Jump Angular,0,750
e79d13fac35984bdd99eadc6669978f7,Localization Stability,TF,Jump Linear,0,750
e79d13fac35984bdd99eadc6669978f7,Input Validity,Lidar,Lidar Rate,10,749.1
e79d13fac35984bdd99eadc6669978f7,Input Validity,Odometry,Odometry Rate,50,749.1
e79d13fac35984bdd99eadc6669978f7,Input Validity,TF,TF Rate,10,749.1
e79d13fac35984bdd99eadc6669978f7,Localization Quality,AMCLPose,CovYawYaw,0.00470506,749.1
e79d13fac35984bdd99eadc6669978f7,Localization Quality,AMCLPose,CovYY,0.00345775,749.1
e79d13fac35984bdd99eadc6669978f7,Localization Quality,AMCLPose,CovXX,0.00663916,749.1
e79d13fac35984bdd99eadc6669978f7,Localization Quality,AMCLPose,MeanYaw,-0.00890583,749.1
e79d13fac35984bdd99eadc6669978f7,Localization Quality,AMCLPose,MeanY,-0.110493,749.1
e79d13fac35984bdd99eadc6669978f7,Localization Quality,AMCLPose,MeanX,-3.75818,749.1
e79d13fac35984bdd99eadc6669978f7,Localization Stability,TF,Jump Angular,0.00061774,750.1
e79d13fac35984bdd99eadc6669978f7,Localization Stability,TF,Jump Linear,0.00479653,750.1
e79d13fac35984bdd99eadc6669978f7,Input Validity,Lidar,Lidar Rate,10,749.2
e79d13fac35984bdd99eadc6669978f7,Input Validity,Odometry,Odometry Rate,50,749.2
e79d13fac35984bdd99eadc6669978f7,Input Validity,TF,TF Rate,10,749.2
e79d13fac35984bdd99eadc6669978f7,Localization Stability,TF,Jump Angular,0,750.2
e79d13fac35984bdd99eadc6669978f7,Localization Stability,TF,Jump Linear,0,750.2
e79d13fac35984bdd99eadc6669978f7,Input Validity,Lidar,Lidar Rate,10,749.3
e79d13fac35984bdd99eadc6669978f7,Input Validity,Odometry,Odometry Rate,50,749.3
e79d13fac35984bdd99eadc6669978f7,Input Validity,TF,TF Rate,10,749.3
e79d13fac35984bdd99eadc6669978f7,Localization Stability,TF,Jump Angular,0,750.3
e79d13fac35984bdd99eadc6669978f7,Localization Stability,TF,Jump Linear,0,750.3
e79d13fac35984bdd99eadc6669978f7,Input Validity,Lidar,Lidar Rate,10,749.4
e79d13fac35984bdd99eadc6669978f7,Input Validity,Odometry,Odometry Rate,50,749.4
e79d13fac35984bdd99eadc6669978f7,Input Validity,TF,TF Rate,10,749.4
e79d13fac35984bdd99eadc6669978f7,Localization Quality,AMCLPose,CovYawYaw,0.00434949,749.4
e79d13fac35984bdd99eadc6669978f7,Localization Quality,AMCLPose,CovYY,0.00342496,749.4
e79d13fac35984bdd99eadc6669978f7,Localization Quality,AMCLPose,CovXX,0.00660729,749.4
e79d13fac35984bdd99eadc6669978f7,Localization Quality,AMCLPose,MeanYaw,-0.00959565,749.4
e79d13fac35984bdd99eadc6669978f7,Localization Quality,AMCLPose,MeanY,-0.112087,749.4
e79d13fac35984bdd99eadc6669978f7,Localization Quality,AMCLPose,MeanX,-3.62204,749.4
e79d13fac35984bdd99eadc6669978f7,Localization Stability,TF,Jump Angular,-0.000501889,750.4
e79d13fac35984bdd99eadc6669978f7,Localization Stability,TF,Jump Linear,0.00248804,750.4
e79d13fac35984bdd99eadc6669978f7,Input Validity,Lidar,Lidar Rate,10,749.5
e79d13fac35984bdd99eadc6669978f7,Input Validity,Odometry,Odometry Rate,50,749.5
e79d13fac35984bdd99eadc6669978f7,Input Validity,TF,TF Rate,10,749.5
e79d13fac35984bdd99eadc6669978f7,Localization Stability,TF,Jump Angular,0,750.5
e79d13fac35984bdd99eadc6669978f7,Localization Stability,TF,Jump Linear,0,750.5
e79d13fac35984bdd99eadc6669978f7,Input Validity,Lidar,Lidar Rate,10,749.6
e79d13fac35984bdd99eadc6669978f7,Input Validity,Odometry,Odometry Rate,50,749.6
e79d13fac35984bdd99eadc6669978f7,Input Validity,TF,TF Rate,10,749.6
e79d13fac35984bdd99eadc6669978f7,Localization Stability,TF,Jump Angular,0,750.6
e79d13fac35984bdd99eadc6669978f7,Localization Stability,TF,Jump Linear,0,750.6
e79d13fac35984bdd99eadc6669978f7,Input Validity,Lidar,Lidar Rate,10,749.7
e79d13fac35984bdd99eadc6669978f7,Input Validity,Odometry,Odometry Rate,50,749.7
e79d13fac35984bdd99eadc6669978f7,Input Validity,TF,TF Rate,10,749.7
e79d13fac35984bdd99eadc6669978f7,Localization Quality,AMCLPose,CovYawYaw,0.00416897,749.7
e79d13fac35984bdd99eadc6669978f7,Localization Quality,AMCLPose,CovYY,0.00347383,749.7
e79d13fac35984bdd99eadc6669978f7,Localization Quality,AMCLPose,CovXX,0.00659037,749.7
e79d13fac35984bdd99eadc6669978f7,Localization Quality,AMCLPose,MeanYaw,-0.0102523,749.7
e79d13fac35984bdd99eadc6669978f7,Localization Quality,AMCLPose,MeanY,-0.11375,749.7
e79d13fac35984bdd99eadc6669978f7,Localization Quality,AMCLPose,MeanX,-3.48797,749.7
e79d13fac35984bdd99eadc6669978f7,Localization Stability,TF,Jump Angular,0.000297733,750.7
e79d13fac35984bdd99eadc6669978f7,Localization Stability,TF,Jump Linear,0.00118301,750.7
e79d13fac35984bdd99eadc6669978f7,Input Validity,Lidar,Lidar Rate,10,749.8
e79d13fac35984bdd99eadc6669978f7,Input Validity,Odometry,Odometry Rate,50,749.8
e79d13fac35984bdd99eadc6669978f7,Input Validity,TF,TF Rate,10,749.8
e79d13fac35984bdd99eadc6669978f7,Localization Stability,TF,Jump Angular,0,750.8
e79d13fac35984bdd99eadc6669978f7,Localization Stability,TF,Jump Linear,0,750.8
e79d13fac35984bdd99eadc6669978f7,Input Validity,Lidar,Lidar Rate,10,749.9
e79d13fac35984bdd99eadc6669978f7,Input Validity,Odometry,Odometry Rate,50,749.9
e79d13fac35984bdd99eadc6669978f7,Input Validity,TF,TF Rate,10,749.9
e79d13fac35984bdd99eadc6669978f7,Localization Stability,TF,Jump Angular,0,750.9
e79d13fac35984bdd99eadc6669978f7,Localization Stability,TF,Jump Linear,0,750.9
e79d13fac35984bdd99eadc6669978f7,Input Validity,Lidar,Lidar Rate,10,750
e79d13fac35984bdd99eadc6669978f7,Input Validity,Odometry,Odometry Rate,50,750
e79d13fac35984bdd99eadc6669978f7,Input Validity,TF,TF Rate,10,750
e79d13fac35984bdd99eadc6669978f7,Localization Quality,AMCLPose,CovYawYaw,0.00433973,750
e79d13fac35984bdd99eadc6669978f7,Localization Quality,AMCLPose,CovYY,0.00343139,750
e79d13fac35984bdd99eadc6669978f7,Localization Quality,AMCLPose,CovXX,0.00655821,750
e79d13fac35984bdd99eadc6669978f7,Localization Quality,AMCLPose,MeanYaw,-0.0108934,750
e79d13fac35984bdd99eadc6669978f7,Localization Quality,AMCLPose,MeanY,-0.113383,750
e79d13fac35984bdd99eadc6669978f7,Localization Quality,AMCLPose,MeanX,-3.35361,750
e79d13fac35984bdd99eadc6669978f7,Localization Stability,TF,Jump Angular,-0.000400712,751
e79d13fac35984bdd99eadc6669978f7,Localization Stability,TF,Jump Linear,0.000756362,751
e79d13fac35984bdd99eadc6669978f7,Input Validity,Lidar,Lidar Rate,10,750.1
e79d13fac35984bdd99eadc6669978f7,Input Validity,Odometry,Odometry Rate,50,750.1
e79d13fac35984bdd99eadc6669978f7,Input Validity,TF,TF Rate,10,750.1
e79d13fac35984bdd99eadc6669978f7,Localization Stability,TF,Jump Angular,0,751.1
e79d13fac35984bdd99eadc6669978f7,Localization Stability,TF,Jump Linear,0,751.1
e79d13fac35984bdd99eadc6669978f7,Input Validity,Lidar,Lidar Rate,10,750.19
e79d13fac35984bdd99eadc6669978f7,Input Validity,Odometry,Odometry Rate,50,750.19
e79d13fac35984bdd99eadc6669978f7,Input Validity,TF,TF Rate,10,750.19
e79d13fac35984bdd99eadc6669978f7,Localization Stability,TF,Jump Angular,0,751.2
e79d13fac35984bdd99eadc6669978f7,Localization Stability,TF,Jump Linear,0,751.2
e79d13fac35984bdd99eadc6669978f7,Input Validity,Lidar,Lidar Rate,10,750.29
e79d13fac35984bdd99eadc6669978f7,Input Validity,Odometry,Odometry Rate,50,750.29
e79d13fac35984bdd99eadc6669978f7,Input Validity,TF,TF Rate,10,750.29
e79d13fac35984bdd99eadc6669978f7,Localization Quality,AMCLPose,CovYawYaw,0.00407145,750.3
e79d13fac35984bdd99eadc6669978f7,Localization Quality,AMCLPose,CovYY,0.00339538,750.3
e79d13fac35984bdd99eadc6669978f7,Localization Quality,AMCLPose,CovXX,0.00638777,750.3
e79d13fac35984bdd99eadc6669978f7,Localization Quality,AMCLPose,MeanYaw,-0.011839,750.3
e79d13fac35984bdd99eadc6669978f7,Localization Quality,AMCLPose,MeanY,-0.114603,750.3
e79d13fac35984bdd99eadc6669978f7,Localization Quality,AMCLPose,MeanX,-3.21736,750.3
e79d13fac35984bdd99eadc6669978f7,Localization Stability,TF,Jump Angular,-0.000576868,751.3
e79d13fac35984bdd99eadc6669978f7,Localization Stability,TF,Jump Linear,0.00202913,751.3
e79d13fac35984bdd99eadc6669978f7,Input Validity,Lidar,Lidar Rate,10,750.39
e79d13fac35984bdd99eadc6669978f7,Input Validity,Odometry,Odometry Rate,50,750.39
e79d13fac35984bdd99eadc6669978f7,Input Validity,TF,TF Rate,10,750.39
e79d13fac35984bdd99eadc6669978f7,Localization Stability,TF,Jump Angular,0,751.4
e79d13fac35984bdd99eadc6669978f7,Localization Stability,TF,Jump Linear,0,751.4
e79d13fac35984bdd99eadc6669978f7,Input Validity,Lidar,Lidar Rate,10,750.49
e79d13fac35984bdd99eadc6669978f7,Input Validity,Odometry,Odometry Rate,50,750.49
e79d13fac35984bdd99eadc6669978f7,Input Validity,TF,TF Rate,10,750.49
e79d13fac35984bdd99eadc6669978f7,Localization Stability,TF,Jump Angular,0,751.5
e79d13fac35984bdd99eadc6669978f7,Localization Stability,TF,Jump Linear,0,751.5
e79d13fac35984bdd99eadc6669978f7,Input Validity,Lidar,Lidar Rate,10,750.59
e79d13fac35984bdd99eadc6669978f7,Input Validity,Odometry,Odometry Rate,50,750.59
e79d13fac35984bdd99eadc6669978f7,Input Validity,TF,TF Rate,10,750.59
e79d13fac35984bdd99eadc6669978f7,Localization Quality,AMCLPose,CovYawYaw,0.00382649,750.6
e79d13fac35984bdd99eadc6669978f7,Localization Quality,AMCLPose,CovYY,0.00331762,750.6
e79d13fac35984bdd99eadc6669978f7,Localization Quality,AMCLPose,CovXX,0.00660477,750.6
e79d13fac35984bdd99eadc6669978f7,Localization Quality,AMCLPose,MeanYaw,-0.0112496,750.6
e79d13fac35984bdd99eadc6669978f7,Localization Quality,AMCLPose,MeanY,-0.114059,750.6
e79d13fac35984bdd99eadc6669978f7,Localization Quality,AMCLPose,MeanX,-3.07931,750.6
e79d13fac35984bdd99eadc6669978f7,Localization Stability,TF,Jump Angular,0.000361116,751.6
e79d13fac35984bdd99eadc6669978f7,Localization Stability,TF,Jump Linear,0.00445089,751.6
e79d13fac35984bdd99eadc6669978f7,Input Validity,Lidar,Lidar Rate,10,750.69
e79d13fac35984bdd99eadc6669978f7,Input Validity,Odometry,Odometry Rate,50,750.69
e79d13fac35984bdd99eadc6669978f7,Input Validity,TF,TF Rate,10,750.69
e79d13fac35984bdd99eadc6669978f7,Localization Stability,TF,Jump Angular,0,751.7
e79d13fac35984bdd99eadc6669978f7,Localization Stability,TF,Jump Linear,0,751.7
e79d13fac35984bdd99eadc6669978f7,Input Validity,Lidar,Lidar Rate,10,750.79
e79d13fac35984bdd99eadc6669978f7,Input Validity,Odometry,Odometry Rate,50,750.79
e79d13fac35984bdd99eadc6669978f7,Input Validity,TF,TF Rate,10,750.79
e79d13fac35984bdd99eadc6669978f7,Localization Stability,TF,Jump Angular,0,751.8
e79d13fac35984bdd99eadc6669978f7,Localization Stability,TF,Jump Linear,0,751.8
e79d13fac35984bdd99eadc6669978f7,Input Validity,Lidar,Lidar Rate,10,750.89
e79d13fac35984bdd99eadc6669978f7,Input Validity,Odometry,Odometry Rate,50,750.89
e79d13fac35984bdd99eadc6669978f7,Input Validity,TF,TF Rate,10,750.89
e79d13fac35984bdd99eadc6669978f7,Localization Quality,AMCLPose,CovYawYaw,0.00351479,750.9
e79d13fac35984bdd99eadc6669978f7,Localization Quality,AMCLPose,CovYY,0.00298243,750.9
e79d13fac35984bdd99eadc6669978f7,Localization Quality,AMCLPose,CovXX,0.00620653,750.9
e79d13fac35984bdd99eadc6669978f7,Localization Quality,AMCLPose,MeanYaw,-0.00879418,750.9
e79d13fac35984bdd99eadc6669978f7,Localization Quality,AMCLPose,MeanY,-0.113825,750.9
e79d13fac35984bdd99eadc6669978f7,Localization Quality,AMCLPose,MeanX,-2.9475,750.9
e79d13fac35984bdd99eadc6669978f7,Localization Stability,TF,Jump Angular,0.00166152,751.9
e79d13fac35984bdd99eadc6669978f7,Localization Stability,TF,Jump Linear,0.00732807,751.9
e79d13fac35984bdd99eadc6669978f7,Input Validity,Lidar,Lidar Rate,10,750.99
e79d13fac35984bdd99eadc6669978f7,Input Validity,Odometry,Odometry Rate,50,750.99
e79d13fac35984bdd99eadc6669978f7,Input Validity,TF,TF Rate,10,750.99
e79d13fac35984bdd99eadc6669978f7,Localization Stability,TF,Jump Angular,0,752
e79d13fac35984bdd99eadc6669978f7,Localization Stability,TF,Jump Linear,0,752
e79d13fac35984bdd99eadc6669978f7,Input Validity,Lidar,Lidar Rate,10,751.09
e79d13fac35984bdd99eadc6669978f7,Input Validity,Odometry,Odometry Rate,50,751.09
e79d13fac35984bdd99eadc6669978f7,Input Validity,TF,TF Rate,10,751.09
e79d13fac35984bdd99eadc6669978f7,Localization Stability,TF,Jump Angular,0,752.1
e79d13fac35984bdd99eadc6669978f7,Localization Stability,TF,Jump Linear,0,752.1
e79d13fac35984bdd99eadc6669978f7,Input Validity,Lidar,Lidar Rate,10,751.19
e79d13fac35984bdd99eadc6669978f7,Input Validity,Odometry,Odometry Rate,50,751.19
e79d13fac35984bdd99eadc6669978f7,Input Validity,TF,TF Rate,10,751.19
e79d13fac35984bdd99eadc6669978f7,Localization Quality,AMCLPose,CovYawYaw,0.00301117,751.2
e79d13fac35984bdd99eadc6669978f7,Localization Quality,AMCLPose,CovYY,0.00269053,751.2
e79d13fac35984bdd99eadc6669978f7,Localization Quality,AMCLPose,CovXX,0.0061254,751.2
e79d13fac35984bdd99eadc6669978f7,Localization Quality,AMCLPose,MeanYaw,-0.00830401,751.2
e79d13fac35984bdd99eadc6669978f7,Localization Quality,AMCLPose,MeanY,-0.1146,751.2
e79d13fac35984bdd99eadc6669978f7,Localization Quality,AMCLPose,MeanX,-2.81153,751.2
e79d13fac35984bdd99eadc6669978f7,Localization Stability,TF,Jump Angular,-0.000216297,752.2
e79d13fac35984bdd99eadc6669978f7,Localization Stability,TF,Jump Linear,0.00102057,752.2
e79d13fac35984bdd99eadc6669978f7,Input Validity,Lidar,Lidar Rate,10,751.29
e79d13fac35984bdd99eadc6669978f7,Input Validity,Odometry,Odometry Rate,50,751.29
e79d13fac35984bdd99eadc6669978f7,Input Validity,TF,TF Rate,10,751.29
e79d13fac35984bdd99eadc6669978f7,Localization Stability,TF,Jump Angular,0,752.3
e79d13fac35984bdd99eadc6669978f7,Localization Stability,TF,Jump Linear,0,752.3
e79d13fac35984bdd99eadc6669978f7,Input Validity,Lidar,Lidar Rate,10,751.39
e79d13fac35984bdd99eadc6669978f7,Input Validity,Odometry,Odometry Rate,50,751.39
e79d13fac35984bdd99eadc6669978f7,Input Validity,TF,TF Rate,10,751.39
e79d13fac35984bdd99eadc6669978f7,Localization Stability,TF,Jump Angular,0,752.4
e79d13fac35984bdd99eadc6669978f7,Localization Stability,TF,Jump Linear,0,752.4
e79d13fac35984bdd99eadc6669978f7,Input Validity,Lidar,Lidar Rate,10,751.49
e79d13fac35984bdd99eadc6669978f7,Input Validity,Odometry,Odometry Rate,50,751.49
e79d13fac35984bdd99eadc6669978f7,Input Validity,TF,TF Rate,10,751.49
e79d13fac35984bdd99eadc6669978f7,Localization Quality,AMCLPose,CovYawYaw,0.00311942,751.5
e79d13fac35984bdd99eadc6669978f7,Localization Quality,AMCLPose,CovYY,0.00272776,751.5
e79d13fac35984bdd99eadc6669978f7,Localization Quality,AMCLPose,CovXX,0.00634697,751.5
e79d13fac35984bdd99eadc6669978f7,Localization Quality,AMCLPose,MeanYaw,-0.00670611,751.5
e79d13fac35984bdd99eadc6669978f7,Localization Quality,AMCLPose,MeanY,-0.117221,751.5
e79d13fac35984bdd99eadc6669978f7,Localization Quality,AMCLPose,MeanX,-2.67594,751.5
e79d13fac35984bdd99eadc6669978f7,Localization Stability,TF,Jump Angular,0.000622438,752.5
e79d13fac35984bdd99eadc6669978f7,Localization Stability,TF,Jump Linear,0.000571909,752.5
e79d13fac35984bdd99eadc6669978f7,Input Validity,Lidar,Lidar Rate,10,751.59
e79d13fac35984bdd99eadc6669978f7,Input Validity,Odometry,Odometry Rate,50,751.59
e79d13fac35984bdd99eadc6669978f7,Input Validity,TF,TF Rate,10,751.59
e79d13fac35984bdd99eadc6669978f7,Localization Stability,TF,Jump Angular,0,752.6
e79d13fac35984bdd99eadc6669978f7,Localization Stability,TF,Jump Linear,0,752.6
e79d13fac35984bdd99eadc6669978f7,Input Validity,Lidar,Lidar Rate,10,751.69
e79d13fac35984bdd99eadc6669978f7,Input Validity,Odometry,Odometry Rate,50,751.69
e79d13fac35984bdd99eadc6669978f7,Input Validity,TF,TF Rate,10,751.69
e79d13fac35984bdd99eadc6669978f7,Localization Stability,TF,Jump Angular,0,752.7
e79d13fac35984bdd99eadc6669978f7,Localization Stability,TF,Jump Linear,0,752.7
e79d13fac35984bdd99eadc6669978f7,Input Validity,Lidar,Lidar Rate,10,751.79
e79d13fac35984bdd99eadc6669978f7,Input Validity,Odometry,Odometry Rate,50,751.79
e79d13fac35984bdd99eadc6669978f7,Input Validity,TF,TF Rate,10,751.79
e79d13fac35984bdd99eadc6669978f7,Localization Quality,AMCLPose,CovYawYaw,0.00276573,751.8
e79d13fac35984bdd99eadc6669978f7,Localization Quality,AMCLPose,CovYY,0.00265579,751.8
e79d13fac35984bdd99eadc6669978f7,Localization Quality,AMCLPose,CovXX,0.00612612,751.8
e79d13fac35984bdd99eadc6669978f7,Localization Quality,AMCLPose,MeanYaw,-0.00799469,751.8
e79d13fac35984bdd99eadc6669978f7,Localization Quality,AMCLPose,MeanY,-0.119987,751.8
e79d13fac35984bdd99eadc6669978f7,Localization Quality,AMCLPose,MeanX,-2.54106,751.8
e79d13fac35984bdd99eadc6669978f7,Localization Stability,TF,Jump Angular,-0.00177608,752.8
e79d13fac35984bdd99eadc6669978f7,Localization Stability,TF,Jump Linear,0.00638161,752.8
e79d13fac35984bdd99eadc6669978f7,Input Validity,Lidar,Lidar Rate,10,751.89
e79d13fac35984bdd99eadc6669978f7,Input Validity,Odometry,Odometry Rate,50,751.89
e79d13fac35984bdd99eadc6669978f7,Input Validity,TF,TF Rate,10,751.89
e79d13fac35984bdd99eadc6669978f7,Localization Stability,TF,Jump Angular,0,752.9
e79d13fac35984bdd99eadc6669978f7,Localization Stability,TF,Jump Linear,0,752.9
e79d13fac35984bdd99eadc6669978f7,Input Validity,Lidar,Lidar Rate,10,751.99
e79d13fac35984bdd99eadc6669978f7,Input Validity,Odometry,Odometry Rate,50,751.99
e79d13fac35984bdd99eadc6669978f7,Input Validity,TF,TF Rate,10,751.99
e79d13fac35984bdd99eadc6669978f7,Localization Stability,TF,Jump Angular,0,753
e79d13fac35984bdd99eadc6669978f7,Localization Stability,TF,Jump Linear,0,753
e79d13fac35984bdd99eadc6669978f7,Input Validity,Lidar,Lidar Rate,10,752.09
e79d13fac35984bdd99eadc6669978f7,Input Validity,Odometry,Odometry Rate,50,752.09
e79d13fac35984bdd99eadc6669978f7,Input Validity,TF,TF Rate,10,752.09
e79d13fac35984bdd99eadc6669978f7,Localization Quality,AMCLPose,CovYawYaw,0.00260558,752.1
e79d13fac35984bdd99eadc6669978f7,Localization Quality,AMCLPose,CovYY,0.00243269,752.1
e79d13fac35984bdd99eadc6669978f7,Localization Quality,AMCLPose,CovXX,0.00640554,752.1
e79d13fac35984bdd99eadc6669978f7,Localization Quality,AMCLPose,MeanYaw,-0.00800026,752.1
e79d13fac35984bdd99eadc6669978f7,Localization Quality,AMCLPose,MeanY,-0.119745,752.1
e79d13fac35984bdd99eadc6669978f7,Localization Quality,AMCLPose,MeanX,-2.40627,752.1
e79d13fac35984bdd99eadc6669978f7,Localization Stability,TF,Jump Angular,0.000530109,753.1
e79d13fac35984bdd99eadc6669978f7,Localization Stability,TF,Jump Linear,0.00261808,753.1
e79d13fac35984bdd99eadc6669978f7,Input Validity,Lidar,Lidar Rate,10,752.19
e79d13fac35984bdd99eadc6669978f7,Input Validity,Odometry,Odometry Rate,50,752.19
e79d13fac35984bdd99eadc6669978f7,Input Validity,TF,TF Rate,10,752.19
e79d13fac35984bdd99eadc6669978f7,Localization Stability,TF,Jump Angular,0,753.2
e79d13fac35984bdd99eadc6669978f7,Localization Stability,TF,Jump Linear,0,753.2
e79d13fac35984bdd99eadc6669978f7,Input Validity,Lidar,Lidar Rate,10,752.29
e79d13fac35984bdd99eadc6669978f7,Input Validity,Odometry,Odometry Rate,50,752.29
e79d13fac35984bdd99eadc6669978f7,Input Validity,TF,TF Rate,10,752.29
e79d13fac35984bdd99eadc6669978f7,Localization Stability,TF,Jump Angular,0,753.3
e79d13fac35984bdd99eadc6669978f7,Localization Stability,TF,Jump Linear,0,753.3
e79d13fac35984bdd99eadc6669978f7,Input Validity,Lidar,Lidar Rate,10,752.39
e79d13fac35984bdd99eadc6669978f7,Input Validity,Odometry,Odometry Rate,50,752.39
e79d13fac35984bdd99eadc6669978f7,Input Validity,TF,TF Rate,10,752.39
e79d13fac35984bdd99eadc6669978f7,Localization Quality,AMCLPose,CovYawYaw,0.0025795,752.4
e79d13fac35984bdd99eadc6669978f7,Localization Quality,AMCLPose,CovYY,0.00233783,752.4
e79d13fac35984bdd99eadc6669978f7,Localization Quality,AMCLPose,CovXX,0.00648965,752.4
e79d13fac35984bdd99eadc6669978f7,Localization Quality,AMCLPose,MeanYaw,-0.00765379,752.4
e79d13fac35984bdd99eadc6669978f7,Localization Quality,AMCLPose,MeanY,-0.120604,752.4
e79d13fac35984bdd99eadc6669978f7,Localization Quality,AMCLPose,MeanX,-2.27153,752.4
e79d13fac35984bdd99eadc6669978f7,Localization Stability,TF,Jump Angular,0.000775055,753.4
e79d13fac35984bdd99eadc6669978f7,Localization Stability,TF,Jump Linear,0.00202155,753.4
e79d13fac35984bdd99eadc6669978f7,Input Validity,Lidar,Lidar Rate,10,752.49
e79d13fac35984bdd99eadc6669978f7,Input Validity,Odometry,Odometry Rate,50,752.49
e79d13fac35984bdd99eadc6669978f7,Input Validity,TF,TF Rate,10,752.49
e79d13fac35984bdd99eadc6669978f7,Localization Stability,TF,Jump Angular,0,753.5
e79d13fac35984bdd99eadc6669978f7,Localization Stability,TF,Jump Linear,0,753.5
e79d13fac35984bdd99eadc6669978f7,Input Validity,Lidar,Lidar Rate,10,752.59
e79d13fac35984bdd99eadc6669978f7,Input Validity,Odometry,Odometry Rate,50,752.59
e79d13fac35984bdd99eadc6669978f7,Input Validity,TF,TF Rate,10,752.59
e79d13fac35984bdd99eadc6669978f7,Localization Stability,TF,Jump Angular,0,753.6
e79d13fac35984bdd99eadc6669978f7,Localization Stability,TF,Jump Linear,0,753.6
e79d13fac35984bdd99eadc6669978f7,Input Validity,Lidar,Lidar Rate,10,752.69
e79d13fac35984bdd99eadc6669978f7,Input Validity,Odometry,Odometry Rate,50,752.69
e79d13fac35984bdd99eadc6669978f7,Input Validity,TF,TF Rate,10,752.69
e79d13fac35984bdd99eadc6669978f7,Localization Quality,AMCLPose,CovYawYaw,0.0022636,752.7
e79d13fac35984bdd99eadc6669978f7,Localization Quality,AMCLPose,CovYY,0.00222269,752.7
e79d13fac35984bdd99eadc6669978f7,Localization Quality,AMCLPose,CovXX,0.00644909,752.7
e79d13fac35984bdd99eadc6669978f7,Localization Quality,AMCLPose,MeanYaw,-0.00724747,752.7
e79d13fac35984bdd99eadc6669978f7,Localization Quality,AMCLPose,MeanY,-0.121156,752.7
e79d13fac35984bdd99eadc6669978f7,Localization Quality,AMCLPose,MeanX,-2.13523,752.7
e79d13fac35984bdd99eadc6669978f7,Localization Stability,TF,Jump Angular,0.000108598,753.7
e79d13fac35984bdd99eadc6669978f7,Localization Stability,TF,Jump Linear,0.00147186,753.7
e79d13fac35984bdd99eadc6669978f7,Input Validity,Lidar,Lidar Rate,10,752.78
e79d13fac35984bdd99eadc6669978f7,Input Validity,Odometry,Odometry Rate,50,752.78
e79d13fac35984bdd99eadc6669978f7,Input Validity,TF,TF Rate,10,752.78
e79d13fac35984bdd99eadc6669978f7,Localization Stability,TF,Jump Angular,0,753.8
e79d13fac35984bdd99eadc6669978f7,Localization Stability,TF,Jump Linear,0,753.8
e79d13fac35984bdd99eadc6669978f7,Input Validity,Lidar,Lidar Rate,10,752.88
e79d13fac35984bdd99eadc6669978f7,Input Validity,Odometry,Odometry Rate,50,752.88
e79d13fac35984bdd99eadc6669978f7,Input Validity,TF,TF Rate,10,752.88
e79d13fac35984bdd99eadc6669978f7,Localization Stability,TF,Jump Angular,0,753.9
e79d13fac35984bdd99eadc6669978f7,Localization Stability,TF,Jump Linear,0,753.9
e79d13fac35984bdd99eadc6669978f7,Input Validity,Lidar,Lidar Rate,10,752.98
e79d13fac35984bdd99eadc6669978f7,Input Validity,Odometry,Odometry Rate,50,752.98
e79d13fac35984bdd99eadc6669978f7,Input Validity,TF,TF Rate,10,752.98
e79d13fac35984bdd99eadc6669978f7,Localization Quality,AMCLPose,CovYawYaw,0.00240789,753
e79d13fac35984bdd99eadc6669978f7,Localization Quality,AMCLPose,CovYY,0.00213009,753
e79d13fac35984bdd99eadc6669978f7,Localization Quality,AMCLPose,CovXX,0.00618366,753
e79d13fac35984bdd99eadc6669978f7,Localization Quality,AMCLPose,MeanYaw,-0.00613638,753
e79d13fac35984bdd99eadc6669978f7,Localization Quality,AMCLPose,MeanY,-0.12182,753
e79d13fac35984bdd99eadc6669978f7,Localization Quality,AMCLPose,MeanX,-2.00073,753
e79d13fac35984bdd99eadc6669978f7,Localization Stability,TF,Jump Angular,-0.000659593,754
e79d13fac35984bdd99eadc6669978f7,Localization Stability,TF,Jump Linear,0.00118294,754
e79d13fac35984bdd99eadc6669978f7,Input Validity,Lidar,Lidar Rate,10,753.08
e79d13fac35984bdd99eadc6669978f7,Input Validity,Odometry,Odometry Rate,50,753.08
e79d13fac35984bdd99eadc6669978f7,Input Validity,TF,TF Rate,10,753.08
e79d13fac35984bdd99eadc6669978f7,Localization Stability,TF,Jump Angular,0,754.1
e79d13fac35984bdd99eadc6669978f7,Localization Stability,TF,Jump Linear,0,754.1
e79d13fac35984bdd99eadc6669978f7,Input Validity,Lidar,Lidar Rate,10,753.18
e79d13fac35984bdd99eadc6669978f7,Input Validity,Odometry,Odometry Rate,50,753.18
e79d13fac35984bdd99eadc6669978f7,Input Validity,TF,TF Rate,10,753.18
e79d13fac35984bdd99eadc6669978f7,Localization Stability,TF,Jump Angular,0,754.2
e79d13fac35984bdd99eadc6669978f7,Localization Stability,TF,Jump Linear,0,754.2
e79d13fac35984bdd99eadc6669978f7,Input Validity,Lidar,Lidar Rate,10,753.28
e79d13fac35984bdd99eadc6669978f7,Input Validity,Odometry,Odometry Rate,50,753.28
e79d13fac35984bdd99eadc6669978f7,Input Validity,TF,TF Rate,10,753.28
e79d13fac35984bdd99eadc6669978f7,Localization Quality,AMCLPose,CovYawYaw,0.0024699,753.3
e79d13fac35984bdd99eadc6669978f7,Localization Quality,AMCLPose,CovYY,0.00202203,753.3
e79d13fac35984bdd99eadc6669978f7,Localization Quality,AMCLPose,CovXX,0.00610957,753.3
e79d13fac35984bdd99eadc6669978f7,Localization Quality,AMCLPose,MeanYaw,-0.00223729,753.3
e79d13fac35984bdd99eadc6669978f7,Localization Quality,AMCLPose,MeanY,-0.122881,753.3
e79d13fac35984bdd99eadc6669978f7,Localization Quality,AMCLPose,MeanX,-1.86649,753.3
e79d13fac35984bdd99eadc6669978f7,Localization Stability,TF,Jump Angular,0.00244029,754.3
e79d13fac35984bdd99eadc6669978f7,Localization Stability,TF,Jump Linear,0.0042566,754.3
e79d13fac35984bdd99eadc6669978f7,Input Validity,Lidar,Lidar Rate,10,753.38
e79d13fac35984bdd99eadc6669978f7,Input Validity,Odometry,Odometry Rate,50,753.38
e79d13fac35984bdd99eadc6669978f7,Input Validity,TF,TF Rate,10,753.38
e79d13fac35984bdd99eadc6669978f7,Localization Stability,TF,Jump Angular,0,754.4
e79d13fac35984bdd99eadc6669978f7,Localization Stability,TF,Jump Linear,0,754.4
e79d13fac35984bdd99eadc6669978f7,Input Validity,Lidar,Lidar Rate,10,753.48
e79d13fac35984bdd99eadc6669978f7,Input Validity,Odometry,Odometry Rate,50,753.48
e79d13fac35984bdd99eadc6669978f7,Input Validity,TF,TF Rate,10,753.48
e79d13fac35984bdd99eadc6669978f7,Localization Stability,TF,Jump Angular,0,754.5
e79d13fac35984bdd99eadc6669978f7,Localization Stability,TF,Jump Linear,0,754.5
e79d13fac35984bdd99eadc6669978f7,Input Validity,Lidar,Lidar Rate,10,753.58
e79d13fac35984bdd99eadc6669978f7,Input Validity,Odometry,Odometry Rate,50,753.58
e79d13fac35984bdd99eadc6669978f7,Input Validity,TF,TF Rate,10,753.58
e79d13fac35984bdd99eadc6669978f7,Localization Quality,AMCLPose,CovYawYaw,0.00242456,753.6
e79d13fac35984bdd99eadc6669978f7,Localization Quality,AMCLPose,CovYY,0.00193793,753.6
e79d13fac35984bdd99eadc6669978f7,Localization Quality,AMCLPose,CovXX,0.00595076,753.6
e79d13fac35984bdd99eadc6669978f7,Localization Quality,AMCLPose,MeanYaw,-0.00386837,753.6
e79d13fac35984bdd99eadc6669978f7,Localization Quality,AMCLPose,MeanY,-0.12297,753.6
e79d13fac35984bdd99eadc6669978f7,Localization Quality,AMCLPose,MeanX,-1.73343,753.6
e79d13fac35984bdd99eadc6669978f7,Localization Stability,TF,Jump Angular,-0.00237204,754.6
e79d13fac35984bdd99eadc6669978f7,Localization Stability,TF,Jump Linear,0.00429775,754.6
e79d13fac35984bdd99eadc6669978f7,Input Validity,Lidar,Lidar Rate,10,753.68
e79d13fac35984bdd99eadc6669978f7,Input Validity,Odometry,Odometry Rate,50,753.68
e79d13fac35984bdd99eadc6669978f7,Input Validity,TF,TF Rate,10,753.68
e79d13fac35984bdd99eadc6669978f7,Localization Stability,TF,Jump Angular,0,754.7
e79d13fac35984bdd99eadc6669978f7,Localization Stability,TF,Jump Linear,0,754.7
e79d13fac35984bdd99eadc6669978f7,Input Validity,Lidar,Lidar Rate,10,753.78
e79d13fac35984bdd99eadc6669978f7,Input Validity,Odometry,Odometry Rate,50,753.78
e79d13fac35984bdd99eadc6669978f7,Input Validity,TF,TF Rate,10,753.78
e79d13fac35984bdd99eadc6669978f7,Localization Stability,TF,Jump Angular,0,754.8
e79d13fac35984bdd99eadc6669978f7,Localization Stability,TF,Jump Linear,0,754.8
e79d13fac35984bdd99eadc6669978f7,Input Validity,Lidar,Lidar Rate,10,753.88
e79d13fac35984bdd99eadc6669978f7,Input Validity,Odometry,Odometry Rate,50,753.88
e79d13fac35984bdd99eadc6669978f7,Input Validity,TF,TF Rate,10,753.88
e79d13fac35984bdd99eadc6669978f7,Localization Quality,AMCLPose,CovYawYaw,0.00251765,753.9
e79d13fac35984bdd99eadc6669978f7,Localization Quality,AMCLPose,CovYY,0.00180722,753.9
e79d13fac35984bdd99eadc6669978f7,Localization Quality,AMCLPose,CovXX,0.00571841,753.9
e79d13fac35984bdd99eadc6669978f7,Localization Quality,AMCLPose,MeanYaw,-0.00461515,753.9
e79d13fac35984bdd99eadc6669978f7,Localization Quality,AMCLPose,MeanY,-0.124315,753.9
e79d13fac35984bdd99eadc6669978f7,Localization Quality,AMCLPose,MeanX,-1.59562,753.9
e79d13fac35984bdd99eadc6669978f7,Localization Stability,TF,Jump Angular,-0.00115595,754.9
e79d13fac35984bdd99eadc6669978f7,Localization Stability,TF,Jump Linear,0.00392145,754.9
e79d13fac35984bdd99eadc6669978f7,Input Validity,Lidar,Lidar Rate,10,753.98
e79d13fac35984bdd99eadc6669978f7,Input Validity,Odometry,Odometry Rate,50,753.98
e79d13fac35984bdd99eadc6669978f7,Input Validity,TF,TF Rate,10,753.98
e79d13fac35984bdd99eadc6669978f7,Localization Stability,TF,Jump Angular,0,755
e79d13fac35984bdd99eadc6669978f7,Localization Stability,TF,Jump Linear,0,755
e79d13fac35984bdd99eadc6669978f7,Input Validity,Lidar,Lidar Rate,10,754.08
e79d13fac35984bdd99eadc6669978f7,Input Validity,Odometry,Odometry Rate,50,754.08
e79d13fac35984bdd99eadc6669978f7,Input Validity,TF,TF Rate,10,754.08
e79d13fac35984bdd99eadc6669978f7,Localization Stability,TF,Jump Angular,0,755.1
e79d13fac35984bdd99eadc6669978f7,Localization Stability,TF,Jump Linear,0,755.1
e79d13fac35984bdd99eadc6669978f7,Input Validity,Lidar,Lidar Rate,10,754.18
e79d13fac35984bdd99eadc6669978f7,Input Validity,Odometry,Odometry Rate,50,754.18
e79d13fac35984bdd99eadc6669978f7,Input Validity,TF,TF Rate,10,754.18
e79d13fac35984bdd99eadc6669978f7,Localization Quality,AMCLPose,CovYawYaw,0.00249822,754.2
e79d13fac35984bdd99eadc6669978f7,Localization Quality,AMCLPose,CovYY,0.00173535,754.2
e79d13fac35984bdd99eadc6669978f7,Localization Quality,AMCLPose,CovXX,0.00532784,754.2
e79d13fac35984bdd99eadc6669978f7,Localization Quality,AMCLPose,MeanYaw,-0.00413815,754.2
e79d13fac35984bdd99eadc6669978f7,Localization Quality,AMCLPose,MeanY,-0.124575,754.2
e79d13fac35984bdd99eadc6669978f7,Localization Quality,AMCLPose,MeanX,-1.46232,754.2
e79d13fac35984bdd99eadc6669978f7,Localization Stability,TF,Jump Angular,-6.59324e-05,755.2
e79d13fac35984bdd99eadc6669978f7,Localization Stability,TF,Jump Linear,0.00170638,755.2
e79d13fac35984bdd99eadc6669978f7,Input Validity,Lidar,Lidar Rate,10,754.28
e79d13fac35984bdd99eadc6669978f7,Input Validity,Odometry,Odometry Rate,50,754.28
e79d13fac35984bdd99eadc6669978f7,Input Validity,TF,TF Rate,10,754.28
e79d13fac35984bdd99eadc6669978f7,Localization Stability,TF,Jump Angular,0,755.3
e79d13fac35984bdd99eadc6669978f7,Localization Stability,TF,Jump Linear,0,755.3
e79d13fac35984bdd99eadc6669978f7,Input Validity,Lidar,Lidar Rate,10,754.38
e79d13fac35984bdd99eadc6669978f7,Input Validity,Odometry,Odometry Rate,50,754.38
e79d13fac35984bdd99eadc6669978f7,Input Validity,TF,TF Rate,10,754.38
e79d13fac35984bdd99eadc6669978f7,Localization Stability,TF,Jump Angular,0,755.4
e79d13fac35984bdd99eadc6669978f7,Localization Stability,TF,Jump Linear,0,755.4
e79d13fac35984bdd99eadc6669978f7,Input Validity,Lidar,Lidar Rate,10,754.48
e79d13fac35984bdd99eadc6669978f7,Input Validity,Odometry,Odometry Rate,50,754.48
e79d13fac35984bdd99eadc6669978f7,Input Validity,TF,TF Rate,10,754.48
e79d13fac35984bdd99eadc6669978f7,Localization Quality,AMCLPose,CovYawYaw,0.00255986,754.5
e79d13fac35984bdd99eadc6669978f7,Localization Quality,AMCLPose,CovYY,0.00161747,754.5
e79d13fac35984bdd99eadc6669978f7,Localization Quality,AMCLPose,CovXX,0.0054009,754.5
e79d13fac35984bdd99eadc6669978f7,Localization Quality,AMCLPose,MeanYaw,-0.00345411,754.5
e79d13fac35984bdd99eadc6669978f7,Localization Quality,AMCLPose,MeanY,-0.125109,754.5
e79d13fac35984bdd99eadc6669978f7,Localization Quality,AMCLPose,MeanX,-1.3316,754.5
e79d13fac35984bdd99eadc6669978f7,Localization Stability,TF,Jump Angular,0.000843673,755.5
e79d13fac35984bdd99eadc6669978f7,Localization Stability,TF,Jump Linear,0.00447102,755.5
e79d13fac35984bdd99eadc6669978f7,Input Validity,Lidar,Lidar Rate,10,754.58
e79d13fac35984bdd99eadc6669978f7,Input Validity,Odometry,Odometry Rate,50,754.58
e79d13fac35984bdd99eadc6669978f7,Input Validity,TF,TF Rate,10,754.58
e79d13fac35984bdd99eadc6669978f7,Localization Stability,TF,Jump Angular,0,755.6
e79d13fac35984bdd99eadc6669978f7,Localization Stability,TF,Jump Linear,0,755.6
e79d13fac35984bdd99eadc6669978f7,Input Validity,Lidar,Lidar Rate,10,754.68
e79d13fac35984bdd99eadc6669978f7,Input Validity,Odometry,Odometry Rate,50,754.68
e79d13fac35984bdd99eadc6669978f7,Input Validity,TF,TF Rate,10,754.68
e79d13fac35984bdd99eadc6669978f7,Localization Stability,TF,Jump Angular,0,755.7
e79d13fac35984bdd99eadc6669978f7,Localization Stability,TF,Jump Linear,0,755.7
e79d13fac35984bdd99eadc6669978f7,Input Validity,Lidar,Lidar Rate,10,754.78
e79d13fac35984bdd99eadc6669978f7,Input Validity,Odometry,Odometry Rate,50,754.78
e79d13fac35984bdd99eadc6669978f7,Input Validity,TF,TF Rate,10,754.78
e79d13fac35984bdd99eadc6669978f7,Localization Quality,AMCLPose,CovYawYaw,0.00252927,754.8
e79d13fac35984bdd99eadc6669978f7,Localization Quality,AMCLPose,CovYY,0.00152865,754.8
e79d13fac35984bdd99eadc6669978f7,Localization Quality,AMCLPose,CovXX,0.00549564,754.8
e79d13fac35984bdd99eadc6669978f7,Localization Quality,AMCLPose,MeanYaw,0.00195827,754.8
e79d13fac35984bdd99eadc6669978f7,Localization Quality,AMCLPose,MeanY,-0.1239,754.8
e79d13fac35984bdd99eadc6669978f7,Localization Quality,AMCLPose,MeanX,-1.19864,754.8
e79d13fac35984bdd99eadc6669978f7,Localization Stability,TF,Jump Angular,0.0049726,755.8
e79d13fac35984bdd99eadc6669978f7,Localization Stability,TF,Jump Linear,0.00783498,755.8
e79d13fac35984bdd99eadc6669978f7,Input Validity,Lidar,Lidar Rate,10,754.88
e79d13fac35984bdd99eadc6669978f7,Input Validity,Odometry,Odometry Rate,50,754.88
e79d13fac35984bdd99eadc6669978f7,Input Validity,TF,TF Rate,10,754.88
e79d13fac35984bdd99eadc6669978f7,Localization Stability,TF,Jump Angular,0,755.9
e79d13fac35984bdd99eadc6669978f7,Localization Stability,TF,Jump Linear,0,755.9
e79d13fac35984bdd99eadc6669978f7,Input Validity,Lidar,Lidar Rate,10,754.98
e79d13fac35984bdd99eadc6669978f7,Input Validity,Odometry,Odometry Rate,50,754.98
e79d13fac35984bdd99eadc6669978f7,Input Validity,TF,TF Rate,10,754.98
e79d13fac35984bdd99eadc6669978f7,Localization Stability,TF,Jump Angular,0,756
e79d13fac35984bdd99eadc6669978f7,Localization Stability,TF,Jump Linear,0,756
e79d13fac35984bdd99eadc6669978f7,Input Validity,Lidar,Lidar Rate,10,755.08
e79d13fac35984bdd99eadc6669978f7,Input Validity,Odometry,Odometry Rate,50,755.08
e79d13fac35984bdd99eadc6669978f7,Input Validity,TF,TF Rate,10,755.08
e79d13fac35984bdd99eadc6669978f7,Localization Quality,AMCLPose,CovYawYaw,0.00288981,755.1
e79d13fac35984bdd99eadc6669978f7,Localization Quality,AMCLPose,CovYY,0.00148416,755.1
e79d13fac35984bdd99eadc6669978f7,Localization Quality,AMCLPose,CovXX,0.00582266,755.1
e79d13fac35984bdd99eadc6669978f7,Localization Quality,AMCLPose,MeanYaw,0.00378752,755.1
e79d13fac35984bdd99eadc6669978f7,Localization Quality,AMCLPose,MeanY,-0.12363,755.1
e79d13fac35984bdd99eadc6669978f7,Localization Quality,AMCLPose,MeanX,-1.06524,755.1
e79d13fac35984bdd99eadc6669978f7,Localization Stability,TF,Jump Angular,0.000496305,756.1
e79d13fac35984bdd99eadc6669978f7,Localization Stability,TF,Jump Linear,0.00168834,756.1
e79d13fac35984bdd99eadc6669978f7,Input Validity,Lidar,Lidar Rate,10,755.18
e79d13fac35984bdd99eadc6669978f7,Input Validity,Odometry,Odometry Rate,50,755.18
e79d13fac35984bdd99eadc6669978f7,Input Validity,TF,TF Rate,10,755.18
e79d13fac35984bdd99eadc6669978f7,Localization Stability,TF,Jump Angular,0,756.2
e79d13fac35984bdd99eadc6669978f7,Localization Stability,TF,Jump Linear,0,756.2
e79d13fac35984bdd99eadc6669978f7,Input Validity,Lidar,Lidar Rate,10,755.28
e79d13fac35984bdd99eadc6669978f7,Input Validity,Odometry,Odometry Rate,50,755.28
e79d13fac35984bdd99eadc6669978f7,Input Validity,TF,TF Rate,10,755.28
e79d13fac35984bdd99eadc6669978f7,Localization Stability,TF,Jump Angular,0,756.3
e79d13fac35984bdd99eadc6669978f7,Localization Stability,TF,Jump Linear,0,756.3
e79d13fac35984bdd99eadc6669978f7,Input Validity,Lidar,Lidar Rate,10,755.37
e79d13fac35984bdd99eadc6669978f7,Input Validity,Odometry,Odometry Rate,50,755.37
e79d13fac35984bdd99eadc6669978f7,Input Validity,TF,TF Rate,10,755.37
e79d13fac35984bdd99eadc6669978f7,Localization Quality,AMCLPose,CovYawYaw,0.00297161,755.4
e79d13fac35984bdd99eadc6669978f7,Localization Quality,AMCLPose,CovYY,0.00136214,755.4
e79d13fac35984bdd99eadc6669978f7,Localization Quality,AMCLPose,CovXX,0.00607342,755.4
e79d13fac35984bdd99eadc6669978f7,Localization Quality,AMCLPose,MeanYaw,0.00710921,755.4
e79d13fac35984bdd99eadc6669978f7,Localization Quality,AMCLPose,MeanY,-0.12345,755.4
e79d13fac35984bdd99eadc6669978f7,Localization Quality,AMCLPose,MeanX,-0.929689,755.4
e79d13fac35984bdd99eadc6669978f7,Localization Stability,TF,Jump Angular,0.00207849,756.4
e79d13fac35984bdd99eadc6669978f7,Localization Stability,TF,Jump Linear,0.00151065,756.4
e79d13fac35984bdd99eadc6669978f7,Input Validity,Lidar,Lidar Rate,10,755.47
e79d13fac35984bdd99eadc6669978f7,Input Validity,Odometry,Odometry Rate,50,755.47
e79d13fac35984bdd99eadc6669978f7,Input Validity,TF,TF Rate,10,755.47
e79d13fac35984bdd99eadc6669978f7,Localization Stability,TF,Jump Angular,0,756.5
e79d13fac35984bdd99eadc6669978f7,Localization Stability,TF,Jump Linear,0,756.5
e79d13fac35984bdd99eadc6669978f7,Input Validity,Lidar,Lidar Rate,10,755.57
e79d13fac35984bdd99eadc6669978f7,Input Validity,Odometry,Odometry Rate,50,755.57
e79d13fac35984bdd99eadc6669978f7,Input Validity,TF,TF Rate,10,755.57
e79d13fac35984bdd99eadc6669978f7,Localization Stability,TF,Jump Angular,0,756.6
e79d13fac35984bdd99eadc6669978f7,Localization Stability,TF,Jump Linear,0,756.6
e79d13fac35984bdd99eadc6669978f7,Input Validity,Lidar,Lidar Rate,10,755.67
e79d13fac35984bdd99eadc6669978f7,Input Validity,Odometry,Odometry Rate,50,755.67
e79d13fac35984bdd99eadc6669978f7,Input Validity,TF,TF Rate,10,755.67
e79d13fac35984bdd99eadc6669978f7,Localization Quality,AMCLPose,CovYawYaw,0.00289646,755.7
e79d13fac35984bdd99eadc6669978f7,Localization Quality,AMCLPose,CovYY,0.00130619,755.7
e79d13fac35984bdd99eadc6669978f7,Localization Quality,AMCLPose,CovXX,0.00603397,755.7
e79d13fac35984bdd99eadc6669978f7,Localization Quality,AMCLPose,MeanYaw,0.00752237,755.7
e79d13fac35984bdd99eadc6669978f7,Localization Quality,AMCLPose,MeanY,-0.121463,755.7
e79d13fac35984bdd99eadc6669978f7,Localization Quality,AMCLPose,MeanX,-0.794521,755.7
e79d13fac35984bdd99eadc6669978f7,Localization Stability,TF,Jump Angular,-0.00020847,756.7
e79d13fac35984bdd99eadc6669978f7,Localization Stability,TF,Jump Linear,0.000838243,756.7
e79d13fac35984bdd99eadc6669978f7,Input Validity,Lidar,Lidar Rate,10,755.77
e79d13fac35984bdd99eadc6669978f7,Input Validity,Odometry,Odometry Rate,50,755.77
e79d13fac35984bdd99eadc6669978f7,Input Validity,TF,TF Rate,10,755.77
e79d13fac35984bdd99eadc6669978f7,Localization Stability,TF,Jump Angular,0,756.8
e79d13fac35984bdd99eadc6669978f7,Localization Stability,TF,Jump Linear,0,756.8
e79d13fac35984bdd99eadc6669978f7,Input Validity,Lidar,Lidar Rate,10,755.87
e79d13fac35984bdd99eadc6669978f7,Input Validity,Odometry,Odometry Rate,50,755.87
e79d13fac35984bdd99eadc6669978f7,Input Validity,TF,TF Rate,10,755.87
e79d13fac35984bdd99eadc6669978f7,Localization Stability,TF,Jump Angular,0,756.9
e79d13fac35984bdd99eadc6669978f7,Localization Stability,TF,Jump Linear,0,756.9
e79d13fac35984bdd99eadc6669978f7,Input Validity,Lidar,Lidar Rate,10,755.97
e79d13fac35984bdd99eadc6669978f7,Input Validity,Odometry,Odometry Rate,50,755.97
e79d13fac35984bdd99eadc6669978f7,Input Validity,TF,TF Rate,10,755.97
e79d13fac35984bdd99eadc6669978f7,Localization Quality,AMCLPose,CovYawYaw,0.00271248,756
e79d13fac35984bdd99eadc6669978f7,Localization Quality,AMCLPose,CovYY,0.00129907,756
e79d13fac35984bdd99eadc6669978f7,Localization Quality,AMCLPose,CovXX,0.00591405,756
e79d13fac35984bdd99eadc6669978f7,Localization Quality,AMCLPose,MeanYaw,0.00699946,756
e79d13fac35984bdd99eadc6669978f7,Localization Quality,AMCLPose,MeanY,-0.120944,756
e79d13fac35984bdd99eadc6669978f7,Localization Quality,AMCLPose,MeanX,-0.659802,756
e79d13fac35984bdd99eadc6669978f7,Localization Stability,TF,Jump Angular,0.00132157,757
e79d13fac35984bdd99eadc6669978f7,Localization Stability,TF,Jump Linear,0.000552601,757
e79d13fac35984bdd99eadc6669978f7,Input Validity,Lidar,Lidar Rate,10,756.07
e79d13fac35984bdd99eadc6669978f7,Input Validity,Odometry,Odometry Rate,50,756.07
e79d13fac35984bdd99eadc6669978f7,Input Validity,TF,TF Rate,10,756.07
e79d13fac35984bdd99eadc6669978f7,Localization Stability,TF,Jump Angular,0,757.1
e79d13fac35984bdd99eadc6669978f7,Localization Stability,TF,Jump Linear,0,757.1
e79d13fac35984bdd99eadc6669978f7,Input Validity,Lidar,Lidar Rate,10,756.17
e79d13fac35984bdd99eadc6669978f7,Input Validity,Odometry,Odometry Rate,50,756.17
e79d13fac35984bdd99eadc6669978f7,Input Validity,TF,TF Rate,10,756.17
e79d13fac35984bdd99eadc6669978f7,Localization Stability,TF,Jump Angular,0,757.2
e79d13fac35984bdd99eadc6669978f7,Localization Stability,TF,Jump Linear,0,757.2
e79d13fac35984bdd99eadc6669978f7,Input Validity,Lidar,Lidar Rate,10,756.27
e79d13fac35984bdd99eadc6669978f7,Input Validity,Odometry,Odometry Rate,50,756.27
e79d13fac35984bdd99eadc6669978f7,Input Validity,TF,TF Rate,10,756.27
e79d13fac35984bdd99eadc6669978f7,Localization Quality,AMCLPose,CovYawYaw,0.00295944,756.3
e79d13fac35984bdd99eadc6669978f7,Localization Quality,AMCLPose,CovYY,0.00119209,756.3
e79d13fac35984bdd99eadc6669978f7,Localization Quality,AMCLPose,CovXX,0.00596788,756.3
e79d13fac35984bdd99eadc6669978f7,Localization Quality,AMCLPose,MeanYaw,0.00513845,756.3
e79d13fac35984bdd99eadc6669978f7,Localization Quality,AMCLPose,MeanY,-0.120956,756.3
e79d13fac35984bdd99eadc6669978f7,Localization Quality,AMCLPose,MeanX,-0.525109,756.3
e79d13fac35984bdd99eadc6669978f7,Localization Stability,TF,Jump Angular,0.000539038,757.3
e79d13fac35984bdd99eadc6669978f7,Localization Stability,TF,Jump Linear,0.000622549,757.3
e79d13fac35984bdd99eadc6669978f7,Input Validity,Lidar,Lidar Rate,10,756.37
e79d13fac35984bdd99eadc6669978f7,Input Validity,Odometry,Odometry Rate,50,756.37
e79d13fac35984bdd99eadc6669978f7,Input Validity,TF,TF Rate,10,756.37
e79d13fac35984bdd99eadc6669978f7,Localization Stability,TF,Jump Angular,0,757.4
e79d13fac35984bdd99eadc6669978f7,Localization Stability,TF,Jump Linear,0,757.4
e79d13fac35984bdd99eadc6669978f7,Input Validity,Lidar,Lidar Rate,10,756.47
e79d13fac35984bdd99eadc6669978f7,Input Validity,Odometry,Odometry Rate,50,756.47
e79d13fac35984bdd99eadc6669978f7,Input Validity,TF,TF Rate,10,756.47
e79d13fac35984bdd99eadc6669978f7,Localization Stability,TF,Jump Angular,0,757.5
e79d13fac35984bdd99eadc6669978f7,Localization Stability,TF,Jump Linear,0,757.5
e79d13fac35984bdd99eadc6669978f7,Input Validity,Lidar,Lidar Rate,10,756.57
e79d13fac35984bdd99eadc6669978f7,Input Validity,Odometry,Odometry Rate,50,756.57
e79d13fac35984bdd99eadc6669978f7,Input Validity,TF,TF Rate,10,756.57
e79d13fac35984bdd99eadc6669978f7,Localization Quality,AMCLPose,CovYawYaw,0.00293586,756.6
e79d13fac35984bdd99eadc6669978f7,Localization Quality,AMCLPose,CovYY,0.00108676,756.6
e79d13fac35984bdd99eadc6669978f7,Localization Quality,AMCLPose,CovXX,0.00581262,756.6
e79d13fac35984bdd99eadc6669978f7,Localization Quality,AMCLPose,MeanYaw,0.00321989,756.6
e79d13fac35984bdd99eadc6669978f7,Localization Quality,AMCLPose,MeanY,-0.120476,756.6
e79d13fac35984bdd99eadc6669978f7,Localization Quality,AMCLPose,MeanX,-0.390657,756.6
e79d13fac35984bdd99eadc6669978f7,Localization Stability,TF,Jump Angular,0.000509186,757.6
e79d13fac35984bdd99eadc6669978f7,Localization Stability,TF,Jump Linear,0.000592253,757.6
e79d13fac35984bdd99eadc6669978f7,Input Validity,Lidar,Lidar Rate,10,756.67
e79d13fac35984bdd99eadc6669978f7,Input Validity,Odometry,Odometry Rate,50,756.67
e79d13fac35984bdd99eadc6669978f7,Input Validity,TF,TF Rate,10,756.67
e79d13fac35984bdd99eadc6669978f7,Localization Stability,TF,Jump Angular,0,757.7
e79d13fac35984bdd99eadc6669978f7,Localization Stability,TF,Jump Linear,0,757.7
e79d13fac35984bdd99eadc6669978f7,Input Validity,Lidar,Lidar Rate,10,756.77
e79d13fac35984bdd99eadc6669978f7,Input Validity,Odometry,Odometry Rate,50,756.77
e79d13fac35984bdd99eadc6669978f7,Input Validity,TF,TF Rate,10,756.77
e79d13fac35984bdd99eadc6669978f7,Localization Stability,TF,Jump Angular,0,757.8
e79d13fac35984bdd99eadc6669978f7,Localization Stability,TF,Jump Linear,0,757.8
e79d13fac35984bdd99eadc6669978f7,Input Validity,Lidar,Lidar Rate,10,756.87
e79d13fac35984bdd99eadc6669978f7,Input Validity,Odometry,Odometry Rate,50,756.87
e79d13fac35984bdd99eadc6669978f7,Input Validity,TF,TF Rate,10,756.87
e79d13fac35984bdd99eadc6669978f7,Localization Quality,AMCLPose,CovYawYaw,0.00309603,756.9
e79d13fac35984bdd99eadc6669978f7,Localization Quality,AMCLPose,CovYY,0.00108324,756.9
e79d13fac35984bdd99eadc6669978f7,Localization Quality,AMCLPose,CovXX,0.00580869,756.9
e79d13fac35984bdd99eadc6669978f7,Localization Quality,AMCLPose,MeanYaw,0.00398826,756.9
e79d13fac35984bdd99eadc6669978f7,Localization Quality,AMCLPose,MeanY,-0.119276,756.9
e79d13fac35984bdd99eadc6669978f7,Localization Quality,AMCLPose,MeanX,-0.256689,756.9
e79d13fac35984bdd99eadc6669978f7,Localization Stability,TF,Jump Angular,0.00294455,757.9
e79d13fac35984bdd99eadc6669978f7,Localization Stability,TF,Jump Linear,0.00198841,757.9
e79d13fac35984bdd99eadc6669978f7,Input Validity,Lidar,Lidar Rate,10,756.97
e79d13fac35984bdd99eadc6669978f7,Input Validity,Odometry,Odometry Rate,50,756.97
e79d13fac35984bdd99eadc6669978f7,Input Validity,TF,TF Rate,10,756.97
e79d13fac35984bdd99eadc6669978f7,Localization Stability,TF,Jump Angular,0,758
e79d13fac35984bdd99eadc6669978f7,Localization Stability,TF,Jump Linear,0,758
e79d13fac35984bdd99eadc6669978f7,Input Validity,Lidar,Lidar Rate,10,757.07
e79d13fac35984bdd99eadc6669978f7,Input Validity,Odometry,Odometry Rate,50,757.07
e79d13fac35984bdd99eadc6669978f7,Input Validity,TF,TF Rate,10,757.07
e79d13fac35984bdd99eadc6669978f7,Localization Stability,TF,Jump Angular,0,758.1
e79d13fac35984bdd99eadc6669978f7,Localization Stability,TF,Jump Linear,0,758.1
e79d13fac35984bdd99eadc6669978f7,Input Validity,Lidar,Lidar Rate,10,757.17
e79d13fac35984bdd99eadc6669978f7,Input Validity,Odometry,Odometry Rate,50,757.17
e79d13fac35984bdd99eadc6669978f7,Input Validity,TF,TF Rate,10,757.17
e79d13fac35984bdd99eadc6669978f7,Localization Quality,AMCLPose,CovYawYaw,0.00324337,757.2
e79d13fac35984bdd99eadc6669978f7,Localization Quality,AMCLPose,CovYY,0.00108055,757.2
e79d13fac35984bdd99eadc6669978f7,Localization Quality,AMCLPose,CovXX,0.00605353,757.2
e79d13fac35984bdd99eadc6669978f7,Localization Quality,AMCLPose,MeanYaw,0.00274199,757.2
e79d13fac35984bdd99eadc6669978f7,Localization Quality,AMCLPose,MeanY,-0.117915,757.2
e79d13fac35984bdd99eadc6669978f7,Localization Quality,AMCLPose,MeanX,-0.117694,757.2
e79d13fac35984bdd99eadc6669978f7,Localization Stability,TF,Jump Angular,0.000646474,758.2
e79d13fac35984bdd99eadc6669978f7,Localization Stability,TF,Jump Linear,0.00408294,758.2
e79d13fac35984bdd99eadc6669978f7,Input Validity,Lidar,Lidar Rate,10,757.27
e79d13fac35984bdd99eadc6669978f7,Input Validity,Odometry,Odometry Rate,50,757.27
e79d13fac35984bdd99eadc6669978f7,Input Validity,TF,TF Rate,10,757.27
e79d13fac35984bdd99eadc6669978f7,Localization Stability,TF,Jump Angular,0,758.3
e79d13fac35984bdd99eadc6669978f7,Localization Stability,TF,Jump Linear,0,758.3
e79d13fac35984bdd99eadc6669978f7,Input Validity,Lidar,Lidar Rate,10,757.37
e79d13fac35984bdd99eadc6669978f7,Input Validity,Odometry,Odometry Rate,50,757.37
e79d13fac35984bdd99eadc6669978f7,Input Validity,TF,TF Rate,10,757.37
e79d13fac35984bdd99eadc6669978f7,Localization Stability,TF,Jump Angular,0,758.4
e79d13fac35984bdd99eadc6669978f7,Localization Stability,TF,Jump Linear,0,758.4
e79d13fac35984bdd99eadc6669978f7,Input Validity,Lidar,Lidar Rate,10,757.47
e79d13fac35984bdd99eadc6669978f7,Input Validity,Odometry,Odometry Rate,50,757.47
e79d13fac35984bdd99eadc6669978f7,Input Validity,TF,TF Rate,10,757.47
e79d13fac35984bdd99eadc6669978f7,Localization Quality,AMCLPose,CovYawYaw,0.00333242,757.5
e79d13fac35984bdd99eadc6669978f7,Localization Quality,AMCLPose,CovYY,0.00112478,757.5
e79d13fac35984bdd99eadc6669978f7,Localization Quality,AMCLPose,CovXX,0.00590217,757.5
e79d13fac35984bdd99eadc6669978f7,Localization Quality,AMCLPose,MeanYaw,0.00142491,757.5
e79d13fac35984bdd99eadc6669978f7,Localization Quality,AMCLPose,MeanY,-0.117748,757.5
e79d13fac35984bdd99eadc6669978f7,Localization Quality,AMCLPose,MeanX,0.0175158,757.5
e79d13fac35984bdd99eadc6669978f7,Localization Stability,TF,Jump Angular,2.58122e-05,758.5
e79d13fac35984bdd99eadc6669978f7,Localization Stability,TF,Jump Linear,0.000234381,758.5
e79d13fac35984bdd99eadc6669978f7,Input Validity,Lidar,Lidar Rate,10,757.57
e79d13fac35984bdd99eadc6669978f7,Input Validity,Odometry,Odometry Rate,50,757.57
e79d13fac35984bdd99eadc6669978f7,Input Validity,TF,TF Rate,10,757.57
e79d13fac35984bdd99eadc6669978f7,Localization Stability,TF,Jump Angular,0,758.6
e79d13fac35984bdd99eadc6669978f7,Localization Stability,TF,Jump Linear,0,758.6
e79d13fac35984bdd99eadc6669978f7,Input Validity,Lidar,Lidar Rate,10,757.67
e79d13fac35984bdd99eadc6669978f7,Input Validity,Odometry,Odometry Rate,50,757.67
e79d13fac35984bdd99eadc6669978f7,Input Validity,TF,TF Rate,10,757.67
e79d13fac35984bdd99eadc6669978f7,Localization Stability,TF,Jump Angular,0,758.7
e79d13fac35984bdd99eadc6669978f7,Localization Stability,TF,Jump Linear,0,758.7
e79d13fac35984bdd99eadc6669978f7,Input Validity,Lidar,Lidar Rate,10,757.77
e79d13fac35984bdd99eadc6669978f7,Input Validity,Odometry,Odometry Rate,50,757.77
e79d13fac35984bdd99eadc6669978f7,Input Validity,TF,TF Rate,10,757.77
e79d13fac35984bdd99eadc6669978f7,Localization Quality,AMCLPose,CovYawYaw,0.00340297,757.8
e79d13fac35984bdd99eadc6669978f7,Localization Quality,AMCLPose,CovYY,0.00116915,757.8
e79d13fac35984bdd99eadc6669978f7,Localization Quality,AMCLPose,CovXX,0.00621804,757.8
e79d13fac35984bdd99eadc6669978f7,Localization Quality,AMCLPose,MeanYaw,0.000865718,757.8
e79d13fac35984bdd99eadc6669978f7,Localization Quality,AMCLPose,MeanY,-0.118727,757.8
e79d13fac35984bdd99eadc6669978f7,Localization Quality,AMCLPose,MeanX,0.151782,757.8
e79d13fac35984bdd99eadc6669978f7,Localization Stability,TF,Jump Angular,0.000398162,758.8
e79d13fac35984bdd99eadc6669978f7,Localization Stability,TF,Jump Linear,0.00139921,758.8
e79d13fac35984bdd99eadc6669978f7,Input Validity,Lidar,Lidar Rate,10,757.87
e79d13fac35984bdd99eadc6669978f7,Input Validity,Odometry,Odometry Rate,50,757.87
e79d13fac35984bdd99eadc6669978f7,Input Validity,TF,TF Rate,10,757.87
e79d13fac35984bdd99eadc6669978f7,Localization Stability,TF,Jump Angular,0,758.9
e79d13fac35984bdd99eadc6669978f7,Localization Stability,TF,Jump Linear,0,758.9
e79d13fac35984bdd99eadc6669978f7,Input Validity,Lidar,Lidar Rate,10,757.96
e79d13fac35984bdd99eadc6669978f7,Input Validity,Odometry,Odometry Rate,50,757.96
e79d13fac35984bdd99eadc6669978f7,Input Validity,TF,TF Rate,10,757.96
e79d13fac35984bdd99eadc6669978f7,Localization Stability,TF,Jump Angular,0,759
e79d13fac35984bdd99eadc6669978f7,Localization Stability,TF,Jump Linear,0,759
e79d13fac35984bdd99eadc6669978f7,Input Validity,Lidar,Lidar Rate,10,758.06
e79d13fac35984bdd99eadc6669978f7,Input Validity,Odometry,Odometry Rate,50,758.06
e79d13fac35984bdd99eadc6669978f7,Input Validity,TF,TF Rate,10,758.06
e79d13fac35984bdd99eadc6669978f7,Localization Quality,AMCLPose,CovYawYaw,0.00319784,758.1
e79d13fac35984bdd99eadc6669978f7,Localization Quality,AMCLPose,CovYY,0.00113594,758.1
e79d13fac35984bdd99eadc6669978f7,Localization Quality,AMCLPose,CovXX,0.00682043,758.1
e79d13fac35984bdd99eadc6669978f7,Localization Quality,AMCLPose,MeanYaw,-0.00274095,758.1
e79d13fac35984bdd99eadc6669978f7,Localization Quality,AMCLPose,MeanY,-0.1187,758.1
e79d13fac35984bdd99eadc6669978f7,Localization Quality,AMCLPose,MeanX,0.284672,758.1
e79d13fac35984bdd99eadc6669978f7,Localization Stability,TF,Jump Angular,-0.00176081,759.1
e79d13fac35984bdd99eadc6669978f7,Localization Stability,TF,Jump Linear,0.00208423,759.1
e79d13fac35984bdd99eadc6669978f7,Input Validity,Lidar,Lidar Rate,10,758.16
e79d13fac35984bdd99eadc6669978f7,Input Validity,Odometry,Odometry Rate,50,758.16
e79d13fac35984bdd99eadc6669978f7,Input Validity,TF,TF Rate,10,758.16
e79d13fac35984bdd99eadc6669978f7,Localization Stability,TF,Jump Angular,0,759.2
e79d13fac35984bdd99eadc6669978f7,Localization Stability,TF,Jump Linear,0,759.2
e79d13fac35984bdd99eadc6669978f7,Input Validity,Lidar,Lidar Rate,10,758.26
e79d13fac35984bdd99eadc6669978f7,Input Validity,Odometry,Odometry Rate,50,758.26
e79d13fac35984bdd99eadc6669978f7,Input Validity,TF,TF Rate,10,758.26
e79d13fac35984bdd99eadc6669978f7,Localization Stability,TF,Jump Angular,0,759.3
e79d13fac35984bdd99eadc6669978f7,Localization Stability,TF,Jump Linear,0,759.3
e79d13fac35984bdd99eadc6669978f7,Input Validity,Lidar,Lidar Rate,10,758.36
e79d13fac35984bdd99eadc6669978f7,Input Validity,Odometry,Odometry Rate,50,758.36
e79d13fac35984bdd99eadc6669978f7,Input Validity,TF,TF Rate,10,758.36
e79d13fac35984bdd99eadc6669978f7,Localization Quality,AMCLPose,CovYawYaw,0.00325279,758.4
e79d13fac35984bdd99eadc6669978f7,Localization Quality,AMCLPose,CovYY,0.00114388,758.4
e79d13fac35984bdd99eadc6669978f7,Localization Quality,AMCLPose,CovXX,0.00677302,758.4
e79d13fac35984bdd99eadc6669978f7,Localization Quality,AMCLPose,MeanYaw,-0.00549029,758.4
e79d13fac35984bdd99eadc6669978f7,Localization Quality,AMCLPose,MeanY,-0.118573,758.4
e79d13fac35984bdd99eadc6669978f7,Localization Quality,AMCLPose,MeanX,0.418928,758.4
e79d13fac35984bdd99eadc6669978f7,Localization Stability,TF,Jump Angular,-0.000612855,759.4
e79d13fac35984bdd99eadc6669978f7,Localization Stability,TF,Jump Linear,0.00115655,759.4
e79d13fac35984bdd99eadc6669978f7,Input Validity,Lidar,Lidar Rate,10,758.46
e79d13fac35984bdd99eadc6669978f7,Input Validity,Odometry,Odometry Rate,50,758.46
e79d13fac35984bdd99eadc6669978f7,Input Validity,TF,TF Rate,10,758.46
e79d13fac35984bdd99eadc6669978f7,Localization Stability,TF,Jump Angular,0,759.5
e79d13fac35984bdd99eadc6669978f7,Localization Stability,TF,Jump Linear,0,759.5
e79d13fac35984bdd99eadc6669978f7,Input Validity,Lidar,Lidar Rate,10,758.56
e79d13fac35984bdd99eadc6669978f7,Input Validity,Odometry,Odometry Rate,50,758.56
e79d13fac35984bdd99eadc6669978f7,Input Validity,TF,TF Rate,10,758.56
e79d13fac35984bdd99eadc6669978f7,Localization Stability,TF,Jump Angular,0,759.6
e79d13fac35984bdd99eadc6669978f7,Localization Stability,TF,Jump Linear,0,759.6
e79d13fac35984bdd99eadc6669978f7,Input Validity,Lidar,Lidar Rate,10,758.66
e79d13fac35984bdd99eadc6669978f7,Input Validity,Odometry,Odometry Rate,50,758.66
e79d13fac35984bdd99eadc6669978f7,Input Validity,TF,TF Rate,10,758.66
e79d13fac35984bdd99eadc6669978f7,Localization Quality,AMCLPose,CovYawYaw,0.00328829,758.7
e79d13fac35984bdd99eadc6669978f7,Localization Quality,AMCLPose,CovYY,0.00121436,758.7
e79d13fac35984bdd99eadc6669978f7,Localization Quality,AMCLPose,CovXX,0.00671274,758.7
e79d13fac35984bdd99eadc6669978f7,Localization Quality,AMCLPose,MeanYaw,-0.00633139,758.7
e79d13fac35984bdd99eadc6669978f7,Localization Quality,AMCLPose,MeanY,-0.119787,758.7
e79d13fac35984bdd99eadc6669978f7,Localization Quality,AMCLPose,MeanX,0.555812,758.7
e79d13fac35984bdd99eadc6669978f7,Localization Stability,TF,Jump Angular,0.000647944,759.7
e79d13fac35984bdd99eadc6669978f7,Localization Stability,TF,Jump Linear,0.00199034,759.7
e79d13fac35984bdd99eadc6669978f7,Input Validity,Lidar,Lidar Rate,10,758.76
e79d13fac35984bdd99eadc6669978f7,Input Validity,Odometry,Odometry Rate,50,758.76
e79d13fac35984bdd99eadc6669978f7,Input Validity,TF,TF Rate,10,758.76
e79d13fac35984bdd99eadc6669978f7,Localization Stability,TF,Jump Angular,0,759.8
e79d13fac35984bdd99eadc6669978f7,Localization Stability,TF,Jump Linear,0,759.8
e79d13fac35984bdd99eadc6669978f7,Input Validity,Lidar,Lidar Rate,10,758.86
e79d13fac35984bdd99eadc6669978f7,Input Validity,Odometry,Odometry Rate,50,758.86
e79d13fac35984bdd99eadc6669978f7,Input Validity,TF,TF Rate,10,758.86
e79d13fac35984bdd99eadc6669978f7,Localization Stability,TF,Jump Angular,0,759.9
e79d13fac35984bdd99eadc6669978f7,Localization Stability,TF,Jump Linear,0,759.9
e79d13fac35984bdd99eadc6669978f7,Input Validity,Lidar,Lidar Rate,10,758.96
e79d13fac35984bdd99eadc6669978f7,Input Validity,Odometry,Odometry Rate,50,758.96
e79d13fac35984bdd99eadc6669978f7,Input Validity,TF,TF Rate,10,758.96
e79d13fac35984bdd99eadc6669978f7,Localization Quality,AMCLPose,CovYawYaw,0.00324983,759
e79d13fac35984bdd99eadc6669978f7,Localization Quality,AMCLPose,CovYY,0.00121174,759
e79d13fac35984bdd99eadc6669978f7,Localization Quality,AMCLPose,CovXX,0.00655889,759
e79d13fac35984bdd99eadc6669978f7,Localization Quality,AMCLPose,MeanYaw,-0.00766566,759
e79d13fac35984bdd99eadc6669978f7,Localization Quality,AMCLPose,MeanY,-0.121751,759
e79d13fac35984bdd99eadc6669978f7,Localization Quality,AMCLPose,MeanX,0.690796,759
e79d13fac35984bdd99eadc6669978f7,Localization Stability,TF,Jump Angular,-0.000703335,760
e79d13fac35984bdd99eadc6669978f7,Localization Stability,TF,Jump Linear,0.000551419,760
e79d13fac35984bdd99eadc6669978f7,Input Validity,Lidar,Lidar Rate,10,759.06
e79d13fac35984bdd99eadc6669978f7,Input Validity,Odometry,Odometry Rate,50,759.06
e79d13fac35984bdd99eadc6669978f7,Input Validity,TF,TF Rate,10,759.06
e79d13fac35984bdd99eadc6669978f7,Localization Stability,TF,Jump Angular,0,760.1
e79d13fac35984bdd99eadc6669978f7,Localization Stability,TF,Jump Linear,0,760.1
e79d13fac35984bdd99eadc6669978f7,Input Validity,Lidar,Lidar Rate,10,759.16
e79d13fac35984bdd99eadc6669978f7,Input Validity,Odometry,Odometry Rate,50,759.16
e79d13fac35984bdd99eadc6669978f7,Input Validity,TF,TF Rate,10,759.16
e79d13fac35984bdd99eadc6669978f7,Localization Stability,TF,Jump Angular,0,760.2
e79d13fac35984bdd99eadc6669978f7,Localization Stability,TF,Jump Linear,0,760.2
e79d13fac35984bdd99eadc6669978f7,Input Validity,Lidar,Lidar Rate,10,759.26
e79d13fac35984bdd99eadc6669978f7,Input Validity,Odometry,Odometry Rate,50,759.26
e79d13fac35984bdd99eadc6669978f7,Input Validity,TF,TF Rate,10,759.26
e79d13fac35984bdd99eadc6669978f7,Input Validity,Lidar,Lidar Rate,10,759.36
e79d13fac35984bdd99eadc6669978f7,Input Validity,Odometry,Odometry Rate,50,759.36
e79d13fac35984bdd99eadc6669978f7,Input Validity,TF,TF Rate,10,759.36
e79d13fac35984bdd99eadc6669978f7,Localization Quality,AMCLPose,CovYawYaw,0.00325399,759.3
e79d13fac35984bdd99eadc6669978f7,Localization Quality,AMCLPose,CovYY,0.00128521,759.3
e79d13fac35984bdd99eadc6669978f7,Localization Quality,AMCLPose,CovXX,0.00666854,759.3
e79d13fac35984bdd99eadc6669978f7,Localization Quality,AMCLPose,MeanYaw,-0.00807947,759.3
e79d13fac35984bdd99eadc6669978f7,Localization Quality,AMCLPose,MeanY,-0.124192,759.3
e79d13fac35984bdd99eadc6669978f7,Localization Quality,AMCLPose,MeanX,0.825967,759.3
e79d13fac35984bdd99eadc6669978f7,Localization Stability,TF,Jump Angular,-0.000910838,760.3
e79d13fac35984bdd99eadc6669978f7,Localization Stability,TF,Jump Linear,0.000685801,760.3
e79d13fac35984bdd99eadc6669978f7,Localization Stability,TF,Jump Angular,0,760.4
e79d13fac35984bdd99eadc6669978f7,Localization Stability,TF,Jump Linear,0,760.4
e79d13fac35984bdd99eadc6669978f7,Input Validity,Lidar,Lidar Rate,10,759.46
e79d13fac35984bdd99eadc6669978f7,Input Validity,Odometry,Odometry Rate,50,759.46
e79d13fac35984bdd99eadc6669978f7,Input Validity,TF,TF Rate,10,759.46
e79d13fac35984bdd99eadc6669978f7,Localization Stability,TF,Jump Angular,0,760.5
e79d13fac35984bdd99eadc6669978f7,Localization Stability,TF,Jump Linear,0,760.5
e79d13fac35984bdd99eadc6669978f7,Input Validity,Lidar,Lidar Rate,10,759.56
e79d13fac35984bdd99eadc6669978f7,Input Validity,Odometry,Odometry Rate,50,759.56
e79d13fac35984bdd99eadc6669978f7,Input Validity,TF,TF Rate,10,759.56
e79d13fac35984bdd99eadc6669978f7,Localization Quality,AMCLPose,CovYawYaw,0.00306314,759.6
e79d13fac35984bdd99eadc6669978f7,Localization Quality,AMCLPose,CovYY,0.00130368,759.6
e79d13fac35984bdd99eadc6669978f7,Localization Quality,AMCLPose,CovXX,0.00656936,759.6
e79d13fac35984bdd99eadc6669978f7,Localization Quality,AMCLPose,MeanYaw,-0.00750492,759.6
e79d13fac35984bdd99eadc6669978f7,Localization Quality,AMCLPose,MeanY,-0.125598,759.6
e79d13fac35984bdd99eadc6669978f7,Localization Quality,AMCLPose,MeanX,0.963114,759.6
e79d13fac35984bdd99eadc6669978f7,Localization Stability,TF,Jump Angular,-0.000408156,760.6
e79d13fac35984bdd99eadc6669978f7,Localization Stability,TF,Jump Linear,0.002178,760.6
e79d13fac35984bdd99eadc6669978f7,Input Validity,Lidar,Lidar Rate,10,759.66
e79d13fac35984bdd99eadc6669978f7,Input Validity,Odometry,Odometry Rate,50,759.66
e79d13fac35984bdd99eadc6669978f7,Input Validity,TF,TF Rate,10,759.66
e79d13fac35984bdd99eadc6669978f7,Localization Stability,TF,Jump Angular,0,760.7
e79d13fac35984bdd99eadc6669978f7,Localization Stability,TF,Jump Linear,0,760.7
e79d13fac35984bdd99eadc6669978f7,Input Validity,Lidar,Lidar Rate,10,759.76
e79d13fac35984bdd99eadc6669978f7,Input Validity,Odometry,Odometry Rate,50,759.76
e79d13fac35984bdd99eadc6669978f7,Input Validity,TF,TF Rate,10,759.76
e79d13fac35984bdd99eadc6669978f7,Localization Stability,TF,Jump Angular,0,760.8
e79d13fac35984bdd99eadc6669978f7,Localization Stability,TF,Jump Linear,0,760.8
e79d13fac35984bdd99eadc6669978f7,Input Validity,Lidar,Lidar Rate,10,759.86
e79d13fac35984bdd99eadc6669978f7,Input Validity,Odometry,Odometry Rate,50,759.86
e79d13fac35984bdd99eadc6669978f7,Input Validity,TF,TF Rate,10,759.86
e79d13fac35984bdd99eadc6669978f7,Input Validity,Lidar,Lidar Rate,10,759.96
e79d13fac35984bdd99eadc6669978f7,Input Validity,Odometry,Odometry Rate,50,759.96
e79d13fac35984bdd99eadc6669978f7,Input Validity,TF,TF Rate,10,759.96
e79d13fac35984bdd99eadc6669978f7,Localization Quality,AMCLPose,CovYawYaw,0.00298523,759.9
e79d13fac35984bdd99eadc6669978f7,Localization Quality,AMCLPose,CovYY,0.00130988,759.9
e79d13fac35984bdd99eadc6669978f7,Localization Quality,AMCLPose,CovXX,0.00630058,759.9
e79d13fac35984bdd99eadc6669978f7,Localization Quality,AMCLPose,MeanYaw,-0.00920295,759.9
e79d13fac35984bdd99eadc6669978f7,Localization Quality,AMCLPose,MeanY,-0.128026,759.9
e79d13fac35984bdd99eadc6669978f7,Localization Quality,AMCLPose,MeanX,1.0997,759.9
e79d13fac35984bdd99eadc6669978f7,Localization Stability,TF,Jump Angular,-0.00280707,760.9
e79d13fac35984bdd99eadc6669978f7,Localization Stability,TF,Jump Linear,0.00243969,760.9
e79d13fac35984bdd99eadc6669978f7,Localization Stability,TF,Jump Angular,0,761
e79d13fac35984bdd99eadc6669978f7,Localization Stability,TF,Jump Linear,0,761
e79d13fac35984bdd99eadc6669978f7,Input Validity,Lidar,Lidar Rate,10,760.06
e79d13fac35984bdd99eadc6669978f7,Input Validity,Odometry,Odometry Rate,50,760.06
e79d13fac35984bdd99eadc6669978f7,Input Validity,TF,TF Rate,10,760.06
e79d13fac35984bdd99eadc6669978f7,Localization Stability,TF,Jump Angular,0,761.1
e79d13fac35984bdd99eadc6669978f7,Localization Stability,TF,Jump Linear,0,761.1
e79d13fac35984bdd99eadc6669978f7,Input Validity,Lidar,Lidar Rate,10,760.16
e79d13fac35984bdd99eadc6669978f7,Input Validity,Odometry,Odometry Rate,50,760.16
e79d13fac35984bdd99eadc6669978f7,Input Validity,TF,TF Rate,10,760.16
e79d13fac35984bdd99eadc6669978f7,Localization Quality,AMCLPose,CovYawYaw,0.00309449,760.2
e79d13fac35984bdd99eadc6669978f7,Localization Quality,AMCLPose,CovYY,0.00134697,760.2
e79d13fac35984bdd99eadc6669978f7,Localization Quality,AMCLPose,CovXX,0.00642471,760.2
e79d13fac35984bdd99eadc6669978f7,Localization Quality,AMCLPose,MeanYaw,-0.00644661,760.2
e79d13fac35984bdd99eadc6669978f7,Localization Quality,AMCLPose,MeanY,-0.12874,760.2
e79d13fac35984bdd99eadc6669978f7,Localization Quality,AMCLPose,MeanX,1.23619,760.2
e79d13fac35984bdd99eadc6669978f7,Localization Stability,TF,Jump Angular,0.000546737,761.2
e79d13fac35984bdd99eadc6669978f7,Localization Stability,TF,Jump Linear,0.00148191,761.2
e79d13fac35984bdd99eadc6669978f7,Input Validity,Lidar,Lidar Rate,10,760.26
e79d13fac35984bdd99eadc6669978f7,Input Validity,Odometry,Odometry Rate,50,760.26
e79d13fac35984bdd99eadc6669978f7,Input Validity,TF,TF Rate,10,760.26
e79d13fac35984bdd99eadc6669978f7,Localization Stability,TF,Jump Angular,0,761.3
e79d13fac35984bdd99eadc6669978f7,Localization Stability,TF,Jump Linear,0,761.3
e79d13fac35984bdd99eadc6669978f7,Input Validity,Lidar,Lidar Rate,10,760.36
e79d13fac35984bdd99eadc6669978f7,Input Validity,Odometry,Odometry Rate,50,760.36
e79d13fac35984bdd99eadc6669978f7,Input Validity,TF,TF Rate,10,760.36
e79d13fac35984bdd99eadc6669978f7,Localization Stability,TF,Jump Angular,0,761.4
e79d13fac35984bdd99eadc6669978f7,Localization Stability,TF,Jump Linear,0,761.4
e79d13fac35984bdd99eadc6669978f7,Input Validity,Lidar,Lidar Rate,10,760.46
e79d13fac35984bdd99eadc6669978f7,Input Validity,Odometry,Odometry Rate,50,760.46
e79d13fac35984bdd99eadc6669978f7,Input Validity,TF,TF Rate,10,760.46
e79d13fac35984bdd99eadc6669978f7,Input Validity,Lidar,Lidar Rate,10,760.55
e79d13fac35984bdd99eadc6669978f7,Input Validity,Odometry,Odometry Rate,50,760.55
e79d13fac35984bdd99eadc6669978f7,Input Validity,TF,TF Rate,10,760.55
e79d13fac35984bdd99eadc6669978f7,Localization Quality,AMCLPose,CovYawYaw,0.00330279,760.5
e79d13fac35984bdd99eadc6669978f7,Localization Quality,AMCLPose,CovYY,0.00137878,760.5
e79d13fac35984bdd99eadc6669978f7,Localization Quality,AMCLPose,CovXX,0.00648278,760.5
e79d13fac35984bdd99eadc6669978f7,Localization Quality,AMCLPose,MeanYaw,-0.000881457,760.5
e79d13fac35984bdd99eadc6669978f7,Localization Quality,AMCLPose,MeanY,-0.129025,760.5
e79d13fac35984bdd99eadc6669978f7,Localization Quality,AMCLPose,MeanX,1.37286,760.5
e79d13fac35984bdd99eadc6669978f7,Localization Stability,TF,Jump Angular,0.000939781,761.5
e79d13fac35984bdd99eadc6669978f7,Localization Stability,TF,Jump Linear,0.00189589,761.5
e79d13fac35984bdd99eadc6669978f7,Localization Stability,TF,Jump Angular,0,761.6
e79d13fac35984bdd99eadc6669978f7,Localization Stability,TF,Jump Linear,0,761.6
e79d13fac35984bdd99eadc6669978f7,Input Validity,Lidar,Lidar Rate,10,760.65
e79d13fac35984bdd99eadc6669978f7,Input Validity,Odometry,Odometry Rate,50,760.65
e79d13fac35984bdd99eadc6669978f7,Input Validity,TF,TF Rate,10,760.65
e79d13fac35984bdd99eadc6669978f7,Localization Stability,TF,Jump Angular,0,761.7
e79d13fac35984bdd99eadc6669978f7,Localization Stability,TF,Jump Linear,0,761.7
e79d13fac35984bdd99eadc6669978f7,Input Validity,Lidar,Lidar Rate,10,760.75
e79d13fac35984bdd99eadc6669978f7,Input Validity,Odometry,Odometry Rate,50,760.75
e79d13fac35984bdd99eadc6669978f7,Input Validity,TF,TF Rate,10,760.75
e79d13fac35984bdd99eadc6669978f7,Input Validity,Lidar,Lidar Rate,10,760.85
e79d13fac35984bdd99eadc6669978f7,Input Validity,Odometry,Odometry Rate,50,760.85
e79d13fac35984bdd99eadc6669978f7,Input Validity,TF,TF Rate,10,760.85
e79d13fac35984bdd99eadc6669978f7,Localization Quality,AMCLPose,CovYawYaw,0.0033751,760.8
e79d13fac35984bdd99eadc6669978f7,Localization Quality,AMCLPose,CovYY,0.00145968,760.8
e79d13fac35984bdd99eadc6669978f7,Localization Quality,AMCLPose,CovXX,0.0065013,760.8
e79d13fac35984bdd99eadc6669978f7,Localization Quality,AMCLPose,MeanYaw,0.00469256,760.8
e79d13fac35984bdd99eadc6669978f7,Localization Quality,AMCLPose,MeanY,-0.129263,760.8
e79d13fac35984bdd99eadc6669978f7,Localization Quality,AMCLPose,MeanX,1.50992,760.8
e79d13fac35984bdd99eadc6669978f7,Localization Stability,TF,Jump Angular,-0.00148446,761.8
e79d13fac35984bdd99eadc6669978f7,Localization Stability,TF,Jump Linear,0.00275018,761.8
e79d13fac35984bdd99eadc6669978f7,Localization Stability,TF,Jump Angular,0,761.9
e79d13fac35984bdd99eadc6669978f7,Localization Stability,TF,Jump Linear,0,761.9
e79d13fac35984bdd99eadc6669978f7,Input Validity,Lidar,Lidar Rate,10,760.95
e79d13fac35984bdd99eadc6669978f7,Input Validity,Odometry,Odometry Rate,50,760.95
e79d13fac35984bdd99eadc6669978f7,Input Validity,TF,TF Rate,10,760.95
e79d13fac35984bdd99eadc6669978f7,Localization Stability,TF,Jump Angular,0,762
e79d13fac35984bdd99eadc6669978f7,Localization Stability,TF,Jump Linear,0,762
e79d13fac35984bdd99eadc6669978f7,Input Validity,Lidar,Lidar Rate,10,761.05
e79d13fac35984bdd99eadc6669978f7,Input Validity,Odometry,Odometry Rate,50,761.05
e79d13fac35984bdd99eadc6669978f7,Input Validity,TF,TF Rate,10,761.05
e79d13fac35984bdd99eadc6669978f7,Input Validity,Lidar,Lidar Rate,10,761.15
e79d13fac35984bdd99eadc6669978f7,Input Validity,Odometry,Odometry Rate,50,761.15
e79d13fac35984bdd99eadc6669978f7,Input Validity,TF,TF Rate,10,761.15
e79d13fac35984bdd99eadc6669978f7,Localization Quality,AMCLPose,CovYawYaw,0.00330583,761.1
e79d13fac35984bdd99eadc6669978f7,Localization Quality,AMCLPose,CovYY,0.0014873,761.1
e79d13fac35984bdd99eadc6669978f7,Localization Quality,AMCLPose,CovXX,0.0064475,761.1
e79d13fac35984bdd99eadc6669978f7,Localization Quality,AMCLPose,MeanYaw,0.0110653,761.1
e79d13fac35984bdd99eadc6669978f7,Localization Quality,AMCLPose,MeanY,-0.129584,761.1
e79d13fac35984bdd99eadc6669978f7,Localization Quality,AMCLPose,MeanX,1.64561,761.1
e79d13fac35984bdd99eadc6669978f7,Localization Stability,TF,Jump Angular,-0.00111492,762.1
e79d13fac35984bdd99eadc6669978f7,Localization Stability,TF,Jump Linear,0.00086498,762.1
e79d13fac35984bdd99eadc6669978f7,Localization Stability,TF,Jump Angular,0,762.2
e79d13fac35984bdd99eadc6669978f7,Localization Stability,TF,Jump Linear,0,762.2
e79d13fac35984bdd99eadc6669978f7,Input Validity,Lidar,Lidar Rate,10,761.25
e79d13fac35984bdd99eadc6669978f7,Input Validity,Odometry,Odometry Rate,50,761.25
e79d13fac35984bdd99eadc6669978f7,Input Validity,TF,TF Rate,10,761.25
e79d13fac35984bdd99eadc6669978f7,Localization Stability,TF,Jump Angular,0,762.3
e79d13fac35984bdd99eadc6669978f7,Localization Stability,TF,Jump Linear,0,762.3
e79d13fac35984bdd99eadc6669978f7,Input Validity,Lidar,Lidar Rate,10,761.35
e79d13fac35984bdd99eadc6669978f7,Input Validity,Odometry,Odometry Rate,50,761.35
e79d13fac35984bdd99eadc6669978f7,Input Validity,TF,TF Rate,10,761.35
e79d13fac35984bdd99eadc6669978f7,Input Validity,Lidar,Lidar Rate,10,761.45
e79d13fac35984bdd99eadc6669978f7,Input Validity,Odometry,Odometry Rate,50,761.45
e79d13fac35984bdd99eadc6669978f7,Input Validity,TF,TF Rate,10,761.45
e79d13fac35984bdd99eadc6669978f7,Localization Quality,AMCLPose,CovYawYaw,0.0031699,761.4
e79d13fac35984bdd99eadc6669978f7,Localization Quality,AMCLPose,CovYY,0.00145287,761.4
e79d13fac35984bdd99eadc6669978f7,Localization Quality,AMCLPose,CovXX,0.00625472,761.4
e79d13fac35984bdd99eadc6669978f7,Localization Quality,AMCLPose,MeanYaw,0.00867989,761.4
e79d13fac35984bdd99eadc6669978f7,Localization Quality,AMCLPose,MeanY,-0.128714,761.4
e79d13fac35984bdd99eadc6669978f7,Localization Quality,AMCLPose,MeanX,1.78013,761.4
e79d13fac35984bdd99eadc6669978f7,Localization Stability,TF,Jump Angular,-0.00175156,762.4
e79d13fac35984bdd99eadc6669978f7,Localization Stability,TF,Jump Linear,0.00245559,762.4
e79d13fac35984bdd99eadc6669978f7,Localization Stability,TF,Jump Angular,0,762.5
e79d13fac35984bdd99eadc6669978f7,Localization Stability,TF,Jump Linear,0,762.5
e79d13fac35984bdd99eadc6669978f7,Input Validity,Lidar,Lidar Rate,10,761.55
e79d13fac35984bdd99eadc6669978f7,Input Validity,Odometry,Odometry Rate,50,761.55
e79d13fac35984bdd99eadc6669978f7,Input Validity,TF,TF Rate,10,761.55
e79d13fac35984bdd99eadc6669978f7,Localization Stability,TF,Jump Angular,0,762.6
e79d13fac35984bdd99eadc6669978f7,Localization Stability,TF,Jump Linear,0,762.6
e79d13fac35984bdd99eadc6669978f7,Input Validity,Lidar,Lidar Rate,10,761.65
e79d13fac35984bdd99eadc6669978f7,Input Validity,Odometry,Odometry Rate,50,761.65
e79d13fac35984bdd99eadc6669978f7,Input Validity,TF,TF Rate,10,761.65
e79d13fac35984bdd99eadc6669978f7,Input Validity,Lidar,Lidar Rate,10,761.75
e79d13fac35984bdd99eadc6669978f7,Input Validity,Odometry,Odometry Rate,50,761.75
e79d13fac35984bdd99eadc6669978f7,Input Validity,TF,TF Rate,10,761.75
e79d13fac35984bdd99eadc6669978f7,Localization Quality,AMCLPose,CovYawYaw,0.00356407,761.7
e79d13fac35984bdd99eadc6669978f7,Localization Quality,AMCLPose,CovYY,0.00146056,761.7
e79d13fac35984bdd99eadc6669978f7,Localization Quality,AMCLPose,CovXX,0.006047,761.7
e79d13fac35984bdd99eadc6669978f7,Localization Quality,AMCLPose,MeanYaw,-0.00634121,761.7
e79d13fac35984bdd99eadc6669978f7,Localization Quality,AMCLPose,MeanY,-0.128272,761.7
e79d13fac35984bdd99eadc6669978f7,Localization Quality,AMCLPose,MeanX,1.91354,761.7
e79d13fac35984bdd99eadc6669978f7,Localization Stability,TF,Jump Angular,0.000963331,762.7
e79d13fac35984bdd99eadc6669978f7,Localization Stability,TF,Jump Linear,0.00238365,762.7
e79d13fac35984bdd99eadc6669978f7,Localization Stability,TF,Jump Angular,0,762.8
e79d13fac35984bdd99eadc6669978f7,Localization Stability,TF,Jump Linear,0,762.8
e79d13fac35984bdd99eadc6669978f7,Input Validity,Lidar,Lidar Rate,10,761.85
e79d13fac35984bdd99eadc6669978f7,Input Validity,Odometry,Odometry Rate,50,761.85
e79d13fac35984bdd99eadc6669978f7,Input Validity,TF,TF Rate,10,761.85
e79d13fac35984bdd99eadc6669978f7,Localization Stability,TF,Jump Angular,0,762.9
e79d13fac35984bdd99eadc6669978f7,Localization Stability,TF,Jump Linear,0,762.9
e79d13fac35984bdd99eadc6669978f7,Input Validity,Lidar,Lidar Rate,10,761.95
e79d13fac35984bdd99eadc6669978f7,Input Validity,Odometry,Odometry Rate,50,761.95
e79d13fac35984bdd99eadc6669978f7,Input Validity,TF,TF Rate,10,761.95
e79d13fac35984bdd99eadc6669978f7,Input Validity,Lidar,Lidar Rate,10,762.05
e79d13fac35984bdd99eadc6669978f7,Input Validity,Odometry,Odometry Rate,50,762.05
e79d13fac35984bdd99eadc6669978f7,Input Validity,TF,TF Rate,10,762.05
e79d13fac35984bdd99eadc6669978f7,Localization Quality,AMCLPose,CovYawYaw,0.00377778,762
e79d13fac35984bdd99eadc6669978f7,Localization Quality,AMCLPose,CovYY,0.00157024,762
e79d13fac35984bdd99eadc6669978f7,Localization Quality,AMCLPose,CovXX,0.00677676,762
e79d13fac35984bdd99eadc6669978f7,Localization Quality,AMCLPose,MeanYaw,-0.0415524,762
e79d13fac35984bdd99eadc6669978f7,Localization Quality,AMCLPose,MeanY,-0.130428,762
e79d13fac35984bdd99eadc6669978f7,Localization Quality,AMCLPose,MeanX,2.04814,762
e79d13fac35984bdd99eadc6669978f7,Localization Stability,TF,Jump Angular,-0.000445639,763
e79d13fac35984bdd99eadc6669978f7,Localization Stability,TF,Jump Linear,0.00177899,763
e79d13fac35984bdd99eadc6669978f7,Localization Stability,TF,Jump Angular,0,763.1
e79d13fac35984bdd99eadc6669978f7,Localization Stability,TF,Jump Linear,0,763.1
e79d13fac35984bdd99eadc6669978f7,Input Validity,Lidar,Lidar Rate,10,762.15
e79d13fac35984bdd99eadc6669978f7,Input Validity,Odometry,Odometry Rate,50,762.15
e79d13fac35984bdd99eadc6669978f7,Input Validity,TF,TF Rate,10,762.15
e79d13fac35984bdd99eadc6669978f7,Localization Stability,TF,Jump Angular,0,763.2
e79d13fac35984bdd99eadc6669978f7,Localization Stability,TF,Jump Linear,0,763.2
e79d13fac35984bdd99eadc6669978f7,Input Validity,Lidar,Lidar Rate,10,762.25
e79d13fac35984bdd99eadc6669978f7,Input Validity,Odometry,Odometry Rate,50,762.25
e79d13fac35984bdd99eadc6669978f7,Input Validity,TF,TF Rate,10,762.25
e79d13fac35984bdd99eadc6669978f7,Input Validity,Lidar,Lidar Rate,10,762.35
e79d13fac35984bdd99eadc6669978f7,Input Validity,Odometry,Odometry Rate,50,762.35
e79d13fac35984bdd99eadc6669978f7,Input Validity,TF,TF Rate,10,762.35
e79d13fac35984bdd99eadc6669978f7,Localization Quality,AMCLPose,CovYawYaw,0.00378567,762.3
e79d13fac35984bdd99eadc6669978f7,Localization Quality,AMCLPose,CovYY,0.00163724,762.3
e79d13fac35984bdd99eadc6669978f7,Localization Quality,AMCLPose,CovXX,0.00681761,762.3
e79d13fac35984bdd99eadc6669978f7,Localization Quality,AMCLPose,MeanYaw,-0.0943303,762.3
e79d13fac35984bdd99eadc6669978f7,Localization Quality,AMCLPose,MeanY,-0.139506,762.3
e79d13fac35984bdd99eadc6669978f7,Localization Quality,AMCLPose,MeanX,2.18178,762.3
e79d13fac35984bdd99eadc6669978f7,Localization Stability,TF,Jump Angular,0.00114743,763.3
e79d13fac35984bdd99eadc6669978f7,Localization Stability,TF,Jump Linear,0.00280371,763.3
e79d13fac35984bdd99eadc6669978f7,Localization Stability,TF,Jump Angular,0,763.4
e79d13fac35984bdd99eadc6669978f7,Localization Stability,TF,Jump Linear,0,763.4
e79d13fac35984bdd99eadc6669978f7,Input Validity,Lidar,Lidar Rate,10,762.45
e79d13fac35984bdd99eadc6669978f7,Input Validity,Odometry,Odometry Rate,50,762.45
e79d13fac35984bdd99eadc6669978f7,Input Validity,TF,TF Rate,10,762.45
e79d13fac35984bdd99eadc6669978f7,Localization Stability,TF,Jump Angular,0,763.5
e79d13fac35984bdd99eadc6669978f7,Localization Stability,TF,Jump Linear,0,763.5
e79d13fac35984bdd99eadc6669978f7,Input Validity,Lidar,Lidar Rate,10,762.55
e79d13fac35984bdd99eadc6669978f7,Input Validity,Odometry,Odometry Rate,50,762.55
e79d13fac35984bdd99eadc6669978f7,Input Validity,TF,TF Rate,10,762.55
e79d13fac35984bdd99eadc6669978f7,Localization Quality,AMCLPose,CovYawYaw,0.0035742,762.6
e79d13fac35984bdd99eadc6669978f7,Localization Quality,AMCLPose,CovYY,0.00168768,762.6
e79d13fac35984bdd99eadc6669978f7,Localization Quality,AMCLPose,CovXX,0.00699121,762.6
e79d13fac35984bdd99eadc6669978f7,Localization Quality,AMCLPose,MeanYaw,-0.163718,762.6
e79d13fac35984bdd99eadc6669978f7,Localization Quality,AMCLPose,MeanY,-0.156631,762.6
e79d13fac35984bdd99eadc6669978f7,Localization Quality,AMCLPose,MeanX,2.31217,762.6
e79d13fac35984bdd99eadc6669978f7,Localization Stability,TF,Jump Angular,-0.00051359,763.6
e79d13fac35984bdd99eadc6669978f7,Localization Stability,TF,Jump Linear,0.00366643,763.6
e79d13fac35984bdd99eadc6669978f7,Input Validity,Lidar,Lidar Rate,10,762.65
e79d13fac35984bdd99eadc6669978f7,Input Validity,Odometry,Odometry Rate,50,762.65
e79d13fac35984bdd99eadc6669978f7,Input Validity,TF,TF Rate,10,762.65
e79d13fac35984bdd99eadc6669978f7,Localization Stability,TF,Jump Angular,0,763.7
e79d13fac35984bdd99eadc6669978f7,Localization Stability,TF,Jump Linear,0,763.7
e79d13fac35984bdd99eadc6669978f7,Input Validity,Lidar,Lidar Rate,10,762.75
e79d13fac35984bdd99eadc6669978f7,Input Validity,Odometry,Odometry Rate,50,762.75
e79d13fac35984bdd99eadc6669978f7,Input Validity,TF,TF Rate,10,762.75
e79d13fac35984bdd99eadc6669978f7,Input Validity,Lidar,Lidar Rate,10,762.85
e79d13fac35984bdd99eadc6669978f7,Input Validity,Odometry,Odometry Rate,50,762.85
e79d13fac35984bdd99eadc6669978f7,Input Validity,TF,TF Rate,10,762.85
e79d13fac35984bdd99eadc6669978f7,Localization Quality,AMCLPose,CovYawYaw,0.00279555,762.8
e79d13fac35984bdd99eadc6669978f7,Localization Quality,AMCLPose,CovYY,0.00159541,762.8
e79d13fac35984bdd99eadc6669978f7,Localization Quality,AMCLPose,CovXX,0.00626723,762.8
e79d13fac35984bdd99eadc6669978f7,Localization Quality,AMCLPose,MeanYaw,-0.214813,762.8
e79d13fac35984bdd99eadc6669978f7,Localization Quality,AMCLPose,MeanY,-0.173815,762.8
e79d13fac35984bdd99eadc6669978f7,Localization Quality,AMCLPose,MeanX,2.39949,762.8
e79d13fac35984bdd99eadc6669978f7,Localization Stability,TF,Jump Angular,0.000378774,763.8
e79d13fac35984bdd99eadc6669978f7,Localization Stability,TF,Jump Linear,0.00161725,763.8
e79d13fac35984bdd99eadc6669978f7,Localization Stability,TF,Jump Angular,0,763.9
e79d13fac35984bdd99eadc6669978f7,Localization Stability,TF,Jump Linear,0,763.9
e79d13fac35984bdd99eadc6669978f7,Input Validity,Lidar,Lidar Rate,10,762.95
e79d13fac35984bdd99eadc6669978f7,Input Validity,Odometry,Odometry Rate,50,762.95
e79d13fac35984bdd99eadc6669978f7,Input Validity,TF,TF Rate,10,762.95
e79d13fac35984bdd99eadc6669978f7,Input Validity,Lidar,Lidar Rate,10,763.05
e79d13fac35984bdd99eadc6669978f7,Input Validity,Odometry,Odometry Rate,50,763.05
e79d13fac35984bdd99eadc6669978f7,Input Validity,TF,TF Rate,10,763.05
e79d13fac35984bdd99eadc6669978f7,Localization Quality,AMCLPose,CovYawYaw,0.00235538,763
e79d13fac35984bdd99eadc6669978f7,Localization Quality,AMCLPose,CovYY,0.00140134,763
e79d13fac35984bdd99eadc6669978f7,Localization Quality,AMCLPose,CovXX,0.00553786,763
e79d13fac35984bdd99eadc6669978f7,Localization Quality,AMCLPose,MeanYaw,-0.267745,763
e79d13fac35984bdd99eadc6669978f7,Localization Quality,AMCLPose,MeanY,-0.193382,763
e79d13fac35984bdd99eadc6669978f7,Localization Quality,AMCLPose,MeanX,2.48508,763
e79d13fac35984bdd99eadc6669978f7,Localization Stability,TF,Jump Angular,0.000975139,764
e79d13fac35984bdd99eadc6669978f7,Localization Stability,TF,Jump Linear,0.00197889,764
e79d13fac35984bdd99eadc6669978f7,Localization Stability,TF,Jump Angular,0,764.1
e79d13fac35984bdd99eadc6669978f7,Localization Stability,TF,Jump Linear,0,764.1
e79d13fac35984bdd99eadc6669978f7,Input Validity,Lidar,Lidar Rate,10,763.15
e79d13fac35984bdd99eadc6669978f7,Input Validity,Odometry,Odometry Rate,50,763.15
e79d13fac35984bdd99eadc6669978f7,Input Validity,TF,TF Rate,10,763.15
e79d13fac35984bdd99eadc6669978f7,Localization Quality,AMCLPose,CovYawYaw,0.00218714,763.2
e79d13fac35984bdd99eadc6669978f7,Localization Quality,AMCLPose,CovYY,0.00132065,763.2
e79d13fac35984bdd99eadc6669978f7,Localization Quality,AMCLPose,CovXX,0.00506001,763.2
e79d13fac35984bdd99eadc6669978f7,Localization Quality,AMCLPose,MeanYaw,-0.32175,763.2
e79d13fac35984bdd99eadc6669978f7,Localization Quality,AMCLPose,MeanY,-0.219282,763.2
e79d13fac35984bdd99eadc6669978f7,Localization Quality,AMCLPose,MeanX,2.56983,763.2
e79d13fac35984bdd99eadc6669978f7,Localization Stability,TF,Jump Angular,0.000625185,764.2
e79d13fac35984bdd99eadc6669978f7,Localization Stability,TF,Jump Linear,0.00198109,764.2
e79d13fac35984bdd99eadc6669978f7,Input Validity,Lidar,Lidar Rate,10,763.24
e79d13fac35984bdd99eadc6669978f7,Input Validity,Odometry,Odometry Rate,50,763.24
e79d13fac35984bdd99eadc6669978f7,Input Validity,TF,TF Rate,10,763.24
e79d13fac35984bdd99eadc6669978f7,Localization Stability,TF,Jump Angular,0,764.3
e79d13fac35984bdd99eadc6669978f7,Localization Stability,TF,Jump Linear,0,764.3
e79d13fac35984bdd99eadc6669978f7,Input Validity,Lidar,Lidar Rate,10,763.34
e79d13fac35984bdd99eadc6669978f7,Input Validity,Odometry,Odometry Rate,50,763.34
e79d13fac35984bdd99eadc6669978f7,Input Validity,TF,TF Rate,10,763.34
e79d13fac35984bdd99eadc6669978f7,Localization Quality,AMCLPose,CovYawYaw,0.0019605,763.4
e79d13fac35984bdd99eadc6669978f7,Localization Quality,AMCLPose,CovYY,0.00138791,763.4
e79d13fac35984bdd99eadc6669978f7,Localization Quality,AMCLPose,CovXX,0.00455027,763.4
e79d13fac35984bdd99eadc6669978f7,Localization Quality,AMCLPose,MeanYaw,-0.375157,763.4
e79d13fac35984bdd99eadc6669978f7,Localization Quality,AMCLPose,MeanY,-0.249266,763.4
e79d13fac35984bdd99eadc6669978f7,Localization Quality,AMCLPose,MeanX,2.65294,763.4
e79d13fac35984bdd99eadc6669978f7,Localization Stability,TF,Jump Angular,0.000635445,764.4
e79d13fac35984bdd99eadc6669978f7,Localization Stability,TF,Jump Linear,0.00183958,764.4
e79d13fac35984bdd99eadc6669978f7,Input Validity,Lidar,Lidar Rate,10,763.44
e79d13fac35984bdd99eadc6669978f7,Input Validity,Odometry,Odometry Rate,50,763.44
e79d13fac35984bdd99eadc6669978f7,Input Validity,TF,TF Rate,10,763.44
e79d13fac35984bdd99eadc6669978f7,Localization Stability,TF,Jump Angular,0,764.5
e79d13fac35984bdd99eadc6669978f7,Localization Stability,TF,Jump Linear,0,764.5
e79d13fac35984bdd99eadc6669978f7,Input Validity,Lidar,Lidar Rate,10,763.54
e79d13fac35984bdd99eadc6669978f7,Input Validity,Odometry,Odometry Rate,50,763.54
e79d13fac35984bdd99eadc6669978f7,Input Validity,TF,TF Rate,10,763.54
e79d13fac35984bdd99eadc6669978f7,Localization Quality,AMCLPose,CovYawYaw,0.00151696,763.6
e79d13fac35984bdd99eadc6669978f7,Localization Quality,AMCLPose,CovYY,0.00145544,763.6
e79d13fac35984bdd99eadc6669978f7,Localization Quality,AMCLPose,CovXX,0.00435711,763.6
e79d13fac35984bdd99eadc6669978f7,Localization Quality,AMCLPose,MeanYaw,-0.425887,763.6
e79d13fac35984bdd99eadc6669978f7,Localization Quality,AMCLPose,MeanY,-0.285284,763.6
e79d13fac35984bdd99eadc6669978f7,Localization Quality,AMCLPose,MeanX,2.73822,763.6
e79d13fac35984bdd99eadc6669978f7,Localization Stability,TF,Jump Angular,0.00146133,764.6
e79d13fac35984bdd99eadc6669978f7,Localization Stability,TF,Jump Linear,0.00533551,764.6
e79d13fac35984bdd99eadc6669978f7,Input Validity,Lidar,Lidar Rate,10,763.64
e79d13fac35984bdd99eadc6669978f7,Input Validity,Odometry,Odometry Rate,50,763.64
e79d13fac35984bdd99eadc6669978f7,Input Validity,TF,TF Rate,10,763.64
e79d13fac35984bdd99eadc6669978f7,Localization Stability,TF,Jump Angular,0,764.7
e79d13fac35984bdd99eadc6669978f7,Localization Stability,TF,Jump Linear,0,764.7
e79d13fac35984bdd99eadc6669978f7,Input Validity,Lidar,Lidar Rate,10,763.74
e79d13fac35984bdd99eadc6669978f7,Input Validity,Odometry,Odometry Rate,50,763.74
e79d13fac35984bdd99eadc6669978f7,Input Validity,TF,TF Rate,10,763.74
e79d13fac35984bdd99eadc6669978f7,Localization Stability,TF,Jump Angular,0,764.8
e79d13fac35984bdd99eadc6669978f7,Localization Stability,TF,Jump Linear,0,764.8
e79d13fac35984bdd99eadc6669978f7,Input Validity,Lidar,Lidar Rate,10,763.84
e79d13fac35984bdd99eadc6669978f7,Input Validity,Odometry,Odometry Rate,50,763.84
e79d13fac35984bdd99eadc6669978f7,Input Validity,TF,TF Rate,10,763.84
e79d13fac35984bdd99eadc6669978f7,Localization Quality,AMCLPose,CovYawYaw,0.00171633,763.9
e79d13fac35984bdd99eadc6669978f7,Localization Quality,AMCLPose,CovYY,0.00157727,763.9
e79d13fac35984bdd99eadc6669978f7,Localization Quality,AMCLPose,CovXX,0.00455388,763.9
e79d13fac35984bdd99eadc6669978f7,Localization Quality,AMCLPose,MeanYaw,-0.496935,763.9
e79d13fac35984bdd99eadc6669978f7,Localization Quality,AMCLPose,MeanY,-0.345258,763.9
e79d13fac35984bdd99eadc6669978f7,Localization Quality,AMCLPose,MeanX,2.86009,763.9
e79d13fac35984bdd99eadc6669978f7,Localization Stability,TF,Jump Angular,0.00183552,764.9
e79d13fac35984bdd99eadc6669978f7,Localization Stability,TF,Jump Linear,0.00504724,764.9
e79d13fac35984bdd99eadc6669978f7,Input Validity,Lidar,Lidar Rate,10,763.94
e79d13fac35984bdd99eadc6669978f7,Input Validity,Odometry,Odometry Rate,50,763.94
e79d13fac35984bdd99eadc6669978f7,Input Validity,TF,TF Rate,10,763.94
e79d13fac35984bdd99eadc6669978f7,Localization Stability,TF,Jump Angular,0,765
e79d13fac35984bdd99eadc6669978f7,Localization Stability,TF,Jump Linear,0,765
e79d13fac35984bdd99eadc6669978f7,Input Validity,Lidar,Lidar Rate,10,764.04
e79d13fac35984bdd99eadc6669978f7,Input Validity,Odometry,Odometry Rate,50,764.04
e79d13fac35984bdd99eadc6669978f7,Input Validity,TF,TF Rate,10,764.04
e79d13fac35984bdd99eadc6669978f7,Localization Stability,TF,Jump Angular,0,765.1
e79d13fac35984bdd99eadc6669978f7,Localization Stability,TF,Jump Linear,0,765.1
e79d13fac35984bdd99eadc6669978f7,Input Validity,Lidar,Lidar Rate,10,764.14
e79d13fac35984bdd99eadc6669978f7,Input Validity,Odometry,Odometry Rate,50,764.14
e79d13fac35984bdd99eadc6669978f7,Input Validity,TF,TF Rate,10,764.14
e79d13fac35984bdd99eadc6669978f7,Localization Quality,AMCLPose,CovYawYaw,0.00203081,764.2
e79d13fac35984bdd99eadc6669978f7,Localization Quality,AMCLPose,CovYY,0.00196498,764.2
e79d13fac35984bdd99eadc6669978f7,Localization Quality,AMCLPose,CovXX,0.00515731,764.2
e79d13fac35984bdd99eadc6669978f7,Localization Quality,AMCLPose,MeanYaw,-0.562663,764.2
e79d13fac35984bdd99eadc6669978f7,Localization Quality,AMCLPose,MeanY,-0.413666,764.2
e79d13fac35984bdd99eadc6669978f7,Localization Quality,AMCLPose,MeanX,2.9754,764.2
e79d13fac35984bdd99eadc6669978f7,Localization Stability,TF,Jump Angular,-0.000153021,765.2
e79d13fac35984bdd99eadc6669978f7,Localization Stability,TF,Jump Linear,0.001119,765.2
e79d13fac35984bdd99eadc6669978f7,Input Validity,Lidar,Lidar Rate,10,764.24
e79d13fac35984bdd99eadc6669978f7,Input Validity,Odometry,Odometry Rate,50,764.24
e79d13fac35984bdd99eadc6669978f7,Input Validity,TF,TF Rate,10,764.24
e79d13fac35984bdd99eadc6669978f7,Localization Stability,TF,Jump Angular,0,765.3
e79d13fac35984bdd99eadc6669978f7,Localization Stability,TF,Jump Linear,0,765.3
e79d13fac35984bdd99eadc6669978f7,Input Validity,Lidar,Lidar Rate,10,764.34
e79d13fac35984bdd99eadc6669978f7,Input Validity,Odometry,Odometry Rate,50,764.34
e79d13fac35984bdd99eadc6669978f7,Input Validity,TF,TF Rate,10,764.34
e79d13fac35984bdd99eadc6669978f7,Localization Stability,TF,Jump Angular,0,765.4
e79d13fac35984bdd99eadc6669978f7,Localization Stability,TF,Jump Linear,0,765.4
e79d13fac35984bdd99eadc6669978f7,Input Validity,Lidar,Lidar Rate,10,764.44
e79d13fac35984bdd99eadc6669978f7,Input Validity,Odometry,Odometry Rate,50,764.44
e79d13fac35984bdd99eadc6669978f7,Input Validity,TF,TF Rate,10,764.44
e79d13fac35984bdd99eadc6669978f7,Localization Quality,AMCLPose,CovYawYaw,0.00389774,764.5
e79d13fac35984bdd99eadc6669978f7,Localization Quality,AMCLPose,CovYY,0.00225403,764.5
e79d13fac35984bdd99eadc6669978f7,Localization Quality,AMCLPose,CovXX,0.00610273,764.5
e79d13fac35984bdd99eadc6669978f7,Localization Quality,AMCLPose,MeanYaw,-0.620117,764.5
e79d13fac35984bdd99eadc6669978f7,Localization Quality,AMCLPose,MeanY,-0.488258,764.5
e79d13fac35984bdd99eadc6669978f7,Localization Quality,AMCLPose,MeanX,3.0857,764.5
e79d13fac35984bdd99eadc6669978f7,Localization Stability,TF,Jump Angular,-0.0010688,765.5
e79d13fac35984bdd99eadc6669978f7,Localization Stability,TF,Jump Linear,0.00422829,765.5
e79d13fac35984bdd99eadc6669978f7,Input Validity,Lidar,Lidar Rate,10,764.54
e79d13fac35984bdd99eadc6669978f7,Input Validity,Odometry,Odometry Rate,50,764.54
e79d13fac35984bdd99eadc6669978f7,Input Validity,TF,TF Rate,10,764.54
e79d13fac35984bdd99eadc6669978f7,Localization Stability,TF,Jump Angular,0,765.6
e79d13fac35984bdd99eadc6669978f7,Localization Stability,TF,Jump Linear,0,765.6
e79d13fac35984bdd99eadc6669978f7,Input Validity,Lidar,Lidar Rate,10,764.64
e79d13fac35984bdd99eadc6669978f7,Input Validity,Odometry,Odometry Rate,50,764.64
e79d13fac35984bdd99eadc6669978f7,Input Validity,TF,TF Rate,10,764.64
e79d13fac35984bdd99eadc6669978f7,Localization Stability,TF,Jump Angular,0,765.7
e79d13fac35984bdd99eadc6669978f7,Localization Stability,TF,Jump Linear,0,765.7
e79d13fac35984bdd99eadc6669978f7,Input Validity,Lidar,Lidar Rate,10,764.74
e79d13fac35984bdd99eadc6669978f7,Input Validity,Odometry,Odometry Rate,50,764.74
e79d13fac35984bdd99eadc6669978f7,Input Validity,TF,TF Rate,10,764.74
e79d13fac35984bdd99eadc6669978f7,Localization Quality,AMCLPose,CovYawYaw,0.00559198,764.8
e79d13fac35984bdd99eadc6669978f7,Localization Quality,AMCLPose,CovYY,0.00267366,764.8
e79d13fac35984bdd99eadc6669978f7,Localization Quality,AMCLPose,CovXX,0.00677215,764.8
e79d13fac35984bdd99eadc6669978f7,Localization Quality,AMCLPose,MeanYaw,-0.667443,764.8
e79d13fac35984bdd99eadc6669978f7,Localization Quality,AMCLPose,MeanY,-0.571355,764.8
e79d13fac35984bdd99eadc6669978f7,Localization Quality,AMCLPose,MeanX,3.19796,764.8
e79d13fac35984bdd99eadc6669978f7,Localization Stability,TF,Jump Angular,0.00100244,765.8
e79d13fac35984bdd99eadc6669978f7,Localization Stability,TF,Jump Linear,0.00649896,765.8
e79d13fac35984bdd99eadc6669978f7,Input Validity,Lidar,Lidar Rate,10,764.84
e79d13fac35984bdd99eadc6669978f7,Input Validity,Odometry,Odometry Rate,50,764.84
e79d13fac35984bdd99eadc6669978f7,Input Validity,TF,TF Rate,10,764.84
e79d13fac35984bdd99eadc6669978f7,Localization Stability,TF,Jump Angular,0,765.9
e79d13fac35984bdd99eadc6669978f7,Localization Stability,TF,Jump Linear,0,765.9
e79d13fac35984bdd99eadc6669978f7,Input Validity,Lidar,Lidar Rate,10,764.94
e79d13fac35984bdd99eadc6669978f7,Input Validity,Odometry,Odometry Rate,50,764.94
e79d13fac35984bdd99eadc6669978f7,Input Validity,TF,TF Rate,10,764.94
e79d13fac35984bdd99eadc6669978f7,Localization Stability,TF,Jump Angular,0,766
e79d13fac35984bdd99eadc6669978f7,Localization Stability,TF,Jump Linear,0,766
e79d13fac35984bdd99eadc6669978f7,Input Validity,Lidar,Lidar Rate,10,765.04
e79d13fac35984bdd99eadc6669978f7,Input Validity,Odometry,Odometry Rate,50,765.04
e79d13fac35984bdd99eadc6669978f7,Input Validity,TF,TF Rate,10,765.04
e79d13fac35984bdd99eadc6669978f7,Localization Quality,AMCLPose,CovYawYaw,0.00720602,765.1
e79d13fac35984bdd99eadc6669978f7,Localization Quality,AMCLPose,CovYY,0.00336027,765.1
e79d13fac35984bdd99eadc6669978f7,Localization Quality,AMCLPose,CovXX,0.00769993,765.1
e79d13fac35984bdd99eadc6669978f7,Localization Quality,AMCLPose,MeanYaw,-0.712352,765.1
e79d13fac35984bdd99eadc6669978f7,Localization Quality,AMCLPose,MeanY,-0.658153,765.1
e79d13fac35984bdd99eadc6669978f7,Localization Quality,AMCLPose,MeanX,3.30256,765.1
e79d13fac35984bdd99eadc6669978f7,Localization Stability,TF,Jump Angular,-0.00121542,766.1
e79d13fac35984bdd99eadc6669978f7,Localization Stability,TF,Jump Linear,0.00338711,766.1
e79d13fac35984bdd99eadc6669978f7,Input Validity,Lidar,Lidar Rate,10,765.14
e79d13fac35984bdd99eadc6669978f7,Input Validity,Odometry,Odometry Rate,50,765.14
e79d13fac35984bdd99eadc6669978f7,Input Validity,TF,TF Rate,10,765.14
e79d13fac35984bdd99eadc6669978f7,Localization Stability,TF,Jump Angular,0,766.2
e79d13fac35984bdd99eadc6669978f7,Localization Stability,TF,Jump Linear,0,766.2
e79d13fac35984bdd99eadc6669978f7,Input Validity,Lidar,Lidar Rate,10,765.24
e79d13fac35984bdd99eadc6669978f7,Input Validity,Odometry,Odometry Rate,50,765.24
e79d13fac35984bdd99eadc6669978f7,Input Validity,TF,TF Rate,10,765.24
e79d13fac35984bdd99eadc6669978f7,Localization Stability,TF,Jump Angular,0,766.3
e79d13fac35984bdd99eadc6669978f7,Localization Stability,TF,Jump Linear,0,766.3
e79d13fac35984bdd99eadc6669978f7,Input Validity,Lidar,Lidar Rate,10,765.34
e79d13fac35984bdd99eadc6669978f7,Input Validity,Odometry,Odometry Rate,50,765.34
e79d13fac35984bdd99eadc6669978f7,Input Validity,TF,TF Rate,10,765.34
e79d13fac35984bdd99eadc6669978f7,Localization Quality,AMCLPose,CovYawYaw,0.00919549,765.4
e79d13fac35984bdd99eadc6669978f7,Localization Quality,AMCLPose,CovYY,0.00440134,765.4
e79d13fac35984bdd99eadc6669978f7,Localization Quality,AMCLPose,CovXX,0.00850501,765.4
e79d13fac35984bdd99eadc6669978f7,Localization Quality,AMCLPose,MeanYaw,-0.745525,765.4
e79d13fac35984bdd99eadc6669978f7,Localization Quality,AMCLPose,MeanY,-0.747882,765.4
e79d13fac35984bdd99eadc6669978f7,Localization Quality,AMCLPose,MeanX,3.4039,765.4
e79d13fac35984bdd99eadc6669978f7,Localization Stability,TF,Jump Angular,0.00124145,766.4
e79d13fac35984bdd99eadc6669978f7,Localization Stability,TF,Jump Linear,0.00393123,766.4
e79d13fac35984bdd99eadc6669978f7,Input Validity,Lidar,Lidar Rate,10,765.44
e79d13fac35984bdd99eadc6669978f7,Input Validity,Odometry,Odometry Rate,50,765.44
e79d13fac35984bdd99eadc6669978f7,Input Validity,TF,TF Rate,10,765.44
e79d13fac35984bdd99eadc6669978f7,Localization Stability,TF,Jump Angular,0,766.5
e79d13fac35984bdd99eadc6669978f7,Localization Stability,TF,Jump Linear,0,766.5
e79d13fac35984bdd99eadc6669978f7,Input Validity,Lidar,Lidar Rate,10,765.54
e79d13fac35984bdd99eadc6669978f7,Input Validity,Odometry,Odometry Rate,50,765.54
e79d13fac35984bdd99eadc6669978f7,Input Validity,TF,TF Rate,10,765.54
e79d13fac35984bdd99eadc6669978f7,Localization Stability,TF,Jump Angular,0,766.6
e79d13fac35984bdd99eadc6669978f7,Localization Stability,TF,Jump Linear,0,766.6
e79d13fac35984bdd99eadc6669978f7,Input Validity,Lidar,Lidar Rate,10,765.64
e79d13fac35984bdd99eadc6669978f7,Input Validity,Odometry,Odometry Rate,50,765.64
e79d13fac35984bdd99eadc6669978f7,Input Validity,TF,TF Rate,10,765.64
e79d13fac35984bdd99eadc6669978f7,Localization Quality,AMCLPose,CovYawYaw,0.0109664,765.7
e79d13fac35984bdd99eadc6669978f7,Localization Quality,AMCLPose,CovYY,0.00565367,765.7
e79d13fac35984bdd99eadc6669978f7,Localization Quality,AMCLPose,CovXX,0.00945528,765.7
e79d13fac35984bdd99eadc6669978f7,Localization Quality,AMCLPose,MeanYaw,-0.768825,765.7
e79d13fac35984bdd99eadc6669978f7,Localization Quality,AMCLPose,MeanY,-0.842475,765.7
e79d13fac35984bdd99eadc6669978f7,Localization Quality,AMCLPose,MeanX,3.50235,765.7
e79d13fac35984bdd99eadc6669978f7,Localization Stability,TF,Jump Angular,0.000928063,766.7
e79d13fac35984bdd99eadc6669978f7,Localization Stability,TF,Jump Linear,0.00500493,766.7
e79d13fac35984bdd99eadc6669978f7,Input Validity,Lidar,Lidar Rate,10,765.74
e79d13fac35984bdd99eadc6669978f7,Input Validity,Odometry,Odometry Rate,50,765.74
e79d13fac35984bdd99eadc6669978f7,Input Validity,TF,TF Rate,10,765.74
e79d13fac35984bdd99eadc6669978f7,Localization Stability,TF,Jump Angular,0,766.8
e79d13fac35984bdd99eadc6669978f7,Localization Stability,TF,Jump Linear,0,766.8
e79d13fac35984bdd99eadc6669978f7,Input Validity,Lidar,Lidar Rate,10,765.83
e79d13fac35984bdd99eadc6669978f7,Input Validity,Odometry,Odometry Rate,50,765.83
e79d13fac35984bdd99eadc6669978f7,Input Validity,TF,TF Rate,10,765.83
e79d13fac35984bdd99eadc6669978f7,Localization Stability,TF,Jump Angular,0,766.9
e79d13fac35984bdd99eadc6669978f7,Localization Stability,TF,Jump Linear,0,766.9
e79d13fac35984bdd99eadc6669978f7,Input Validity,Lidar,Lidar Rate,10,765.93
e79d13fac35984bdd99eadc6669978f7,Input Validity,Odometry,Odometry Rate,50,765.93
e79d13fac35984bdd99eadc6669978f7,Input Validity,TF,TF Rate,10,765.93
e79d13fac35984bdd99eadc6669978f7,Localization Quality,AMCLPose,CovYawYaw,0.0124861,766
e79d13fac35984bdd99eadc6669978f7,Localization Quality,AMCLPose,CovYY,0.00697091,766
e79d13fac35984bdd99eadc6669978f7,Localization Quality,AMCLPose,CovXX,0.0103149,766
e79d13fac35984bdd99eadc6669978f7,Localization Quality,AMCLPose,MeanYaw,-0.778495,766
e79d13fac35984bdd99eadc6669978f7,Localization Quality,AMCLPose,MeanY,-0.938551,766
e79d13fac35984bdd99eadc6669978f7,Localization Quality,AMCLPose,MeanX,3.59869,766
e79d13fac35984bdd99eadc6669978f7,Localization Stability,TF,Jump Angular,-0.00236184,767
e79d13fac35984bdd99eadc6669978f7,Localization Stability,TF,Jump Linear,0.00692137,767
e79d13fac35984bdd99eadc6669978f7,Input Validity,Lidar,Lidar Rate,10,766.03
e79d13fac35984bdd99eadc6669978f7,Input Validity,Odometry,Odometry Rate,50,766.03
e79d13fac35984bdd99eadc6669978f7,Input Validity,TF,TF Rate,10,766.03
e79d13fac35984bdd99eadc6669978f7,Localization Stability,TF,Jump Angular,0,767.1
e79d13fac35984bdd99eadc6669978f7,Localization Stability,TF,Jump Linear,0,767.1
e79d13fac35984bdd99eadc6669978f7,Input Validity,Lidar,Lidar Rate,10,766.13
e79d13fac35984bdd99eadc6669978f7,Input Validity,Odometry,Odometry Rate,50,766.13
e79d13fac35984bdd99eadc6669978f7,Input Validity,TF,TF Rate,10,766.13
e79d13fac35984bdd99eadc6669978f7,Localization Stability,TF,Jump Angular,0,767.2
e79d13fac35984bdd99eadc6669978f7,Localization Stability,TF,Jump Linear,0,767.2
e79d13fac35984bdd99eadc6669978f7,Input Validity,Lidar,Lidar Rate,10,766.23
e79d13fac35984bdd99eadc6669978f7,Input Validity,Odometry,Odometry Rate,50,766.23
e79d13fac35984bdd99eadc6669978f7,Input Validity,TF,TF Rate,10,766.23
e79d13fac35984bdd99eadc6669978f7,Localization Quality,AMCLPose,CovYawYaw,0.0138557,766.3
e79d13fac35984bdd99eadc6669978f7,Localization Quality,AMCLPose,CovYY,0.00886925,766.3
e79d13fac35984bdd99eadc6669978f7,Localization Quality,AMCLPose,CovXX,0.0110981,766.3
e79d13fac35984bdd99eadc6669978f7,Localization Quality,AMCLPose,MeanYaw,-0.781172,766.3
e79d13fac35984bdd99eadc6669978f7,Localization Quality,AMCLPose,MeanY,-1.03204,766.3
e79d13fac35984bdd99eadc6669978f7,Localization Quality,AMCLPose,MeanX,3.69144,766.3
e79d13fac35984bdd99eadc6669978f7,Localization Stability,TF,Jump Angular,0.00241518,767.3
e79d13fac35984bdd99eadc6669978f7,Localization Stability,TF,Jump Linear,0.00917916,767.3
e79d13fac35984bdd99eadc6669978f7,Input Validity,Lidar,Lidar Rate,10,766.33
e79d13fac35984bdd99eadc6669978f7,Input Validity,Odometry,Odometry Rate,50,766.33
e79d13fac35984bdd99eadc6669978f7,Input Validity,TF,TF Rate,10,766.33
e79d13fac35984bdd99eadc6669978f7,Localization Stability,TF,Jump Angular,0,767.4
e79d13fac35984bdd99eadc6669978f7,Localization Stability,TF,Jump Linear,0,767.4
e79d13fac35984bdd99eadc6669978f7,Input Validity,Lidar,Lidar Rate,10,766.43
e79d13fac35984bdd99eadc6669978f7,Input Validity,Odometry,Odometry Rate,50,766.43
e79d13fac35984bdd99eadc6669978f7,Input Validity,TF,TF Rate,10,766.43
e79d13fac35984bdd99eadc6669978f7,Localization Stability,TF,Jump Angular,0,767.5
e79d13fac35984bdd99eadc6669978f7,Localization Stability,TF,Jump Linear,0,767.5
e79d13fac35984bdd99eadc6669978f7,Input Validity,Lidar,Lidar Rate,10,766.53
e79d13fac35984bdd99eadc6669978f7,Input Validity,Odometry,Odometry Rate,50,766.53
e79d13fac35984bdd99eadc6669978f7,Input Validity,TF,TF Rate,10,766.53
e79d13fac35984bdd99eadc6669978f7,Localization Quality,AMCLPose,CovYawYaw,0.0143684,766.6
e79d13fac35984bdd99eadc6669978f7,Localization Quality,AMCLPose,CovYY,0.0103236,766.6
e79d13fac35984bdd99eadc6669978f7,Localization Quality,AMCLPose,CovXX,0.0121615,766.6
e79d13fac35984bdd99eadc6669978f7,Localization Quality,AMCLPose,MeanYaw,-0.785928,766.6
e79d13fac35984bdd99eadc6669978f7,Localization Quality,AMCLPose,MeanY,-1.12892,766.6
e79d13fac35984bdd99eadc6669978f7,Localization Quality,AMCLPose,MeanX,3.78525,766.6
e79d13fac35984bdd99eadc6669978f7,Localization Stability,TF,Jump Angular,-0.00132324,767.6
e79d13fac35984bdd99eadc6669978f7,Localization Stability,TF,Jump Linear,0.00343065,767.6
e79d13fac35984bdd99eadc6669978f7,Input Validity,Lidar,Lidar Rate,10,766.63
e79d13fac35984bdd99eadc6669978f7,Input Validity,Odometry,Odometry Rate,50,766.63
e79d13fac35984bdd99eadc6669978f7,Input Validity,TF,TF Rate,10,766.63
e79d13fac35984bdd99eadc6669978f7,Localization Stability,TF,Jump Angular,0,767.7
e79d13fac35984bdd99eadc6669978f7,Localization Stability,TF,Jump Linear,0,767.7
e79d13fac35984bdd99eadc6669978f7,Input Validity,Lidar,Lidar Rate,10,766.73
e79d13fac35984bdd99eadc6669978f7,Input Validity,Odometry,Odometry Rate,50,766.73
e79d13fac35984bdd99eadc6669978f7,Input Validity,TF,TF Rate,10,766.73
e79d13fac35984bdd99eadc6669978f7,Localization Stability,TF,Jump Angular,0,767.8
e79d13fac35984bdd99eadc6669978f7,Localization Stability,TF,Jump Linear,0,767.8
e79d13fac35984bdd99eadc6669978f7,Input Validity,Lidar,Lidar Rate,10,766.83
e79d13fac35984bdd99eadc6669978f7,Input Validity,Odometry,Odometry Rate,50,766.83
e79d13fac35984bdd99eadc6669978f7,Input Validity,TF,TF Rate,10,766.83
e79d13fac35984bdd99eadc6669978f7,Localization Quality,AMCLPose,CovYawYaw,0.0163789,766.9
e79d13fac35984bdd99eadc6669978f7,Localization Quality,AMCLPose,CovYY,0.0120669,766.9
e79d13fac35984bdd99eadc6669978f7,Localization Quality,AMCLPose,CovXX,0.0136765,766.9
e79d13fac35984bdd99eadc6669978f7,Localization Quality,AMCLPose,MeanYaw,-0.790996,766.9
e79d13fac35984bdd99eadc6669978f7,Localization Quality,AMCLPose,MeanY,-1.22313,766.9
e79d13fac35984bdd99eadc6669978f7,Localization Quality,AMCLPose,MeanX,3.87755,766.9
e79d13fac35984bdd99eadc6669978f7,Localization Stability,TF,Jump Angular,-0.00219698,767.9
e79d13fac35984bdd99eadc6669978f7,Localization Stability,TF,Jump Linear,0.0100126,767.9
e79d13fac35984bdd99eadc6669978f7,Input Validity,Lidar,Lidar Rate,10,766.93
e79d13fac35984bdd99eadc6669978f7,Input Validity,Odometry,Odometry Rate,50,766.93
e79d13fac35984bdd99eadc6669978f7,Input Validity,TF,TF Rate,10,766.93
e79d13fac35984bdd99eadc6669978f7,Localization Stability,TF,Jump Angular,0,768
e79d13fac35984bdd99eadc6669978f7,Localization Stability,TF,Jump Linear,0,768
e79d13fac35984bdd99eadc6669978f7,Input Validity,Lidar,Lidar Rate,10,767.03
e79d13fac35984bdd99eadc6669978f7,Input Validity,Odometry,Odometry Rate,50,767.03
e79d13fac35984bdd99eadc6669978f7,Input Validity,TF,TF Rate,10,767.03
e79d13fac35984bdd99eadc6669978f7,Localization Stability,TF,Jump Angular,0,768.1
e79d13fac35984bdd99eadc6669978f7,Localization Stability,TF,Jump Linear,0,768.1
e79d13fac35984bdd99eadc6669978f7,Input Validity,Lidar,Lidar Rate,10,767.13
e79d13fac35984bdd99eadc6669978f7,Input Validity,Odometry,Odometry Rate,50,767.13
e79d13fac35984bdd99eadc6669978f7,Input Validity,TF,TF Rate,10,767.13
e79d13fac35984bdd99eadc6669978f7,Localization Quality,AMCLPose,CovYawYaw,0.0172511,767.2
e79d13fac35984bdd99eadc6669978f7,Localization Quality,AMCLPose,CovYY,0.014848,767.2
e79d13fac35984bdd99eadc6669978f7,Localization Quality,AMCLPose,CovXX,0.0154378,767.2
e79d13fac35984bdd99eadc6669978f7,Localization Quality,AMCLPose,MeanYaw,-0.7888,767.2
e79d13fac35984bdd99eadc6669978f7,Localization Quality,AMCLPose,MeanY,-1.31299,767.2
e79d13fac35984bdd99eadc6669978f7,Localization Quality,AMCLPose,MeanX,3.97223,767.2
e79d13fac35984bdd99eadc6669978f7,Localization Stability,TF,Jump Angular,0.00371849,768.2
e79d13fac35984bdd99eadc6669978f7,Localization Stability,TF,Jump Linear,0.00989958,768.2
e79d13fac35984bdd99eadc6669978f7,Input Validity,Lidar,Lidar Rate,10,767.23
e79d13fac35984bdd99eadc6669978f7,Input Validity,Odometry,Odometry Rate,50,767.23
e79d13fac35984bdd99eadc6669978f7,Input Validity,TF,TF Rate,10,767.23
e79d13fac35984bdd99eadc6669978f7,Localization Stability,TF,Jump Angular,0,768.3
e79d13fac35984bdd99eadc6669978f7,Localization Stability,TF,Jump Linear,0,768.3
e79d13fac35984bdd99eadc6669978f7,Input Validity,Lidar,Lidar Rate,10,767.33
e79d13fac35984bdd99eadc6669978f7,Input Validity,Odometry,Odometry Rate,50,767.33
e79d13fac35984bdd99eadc6669978f7,Input Validity,TF,TF Rate,10,767.33
e79d13fac35984bdd99eadc6669978f7,Localization Stability,TF,Jump Angular,0,768.4
e79d13fac35984bdd99eadc6669978f7,Localization Stability,TF,Jump Linear,0,768.4
e79d13fac35984bdd99eadc6669978f7,Input Validity,Lidar,Lidar Rate,10,767.43
e79d13fac35984bdd99eadc6669978f7,Input Validity,Odometry,Odometry Rate,50,767.43
e79d13fac35984bdd99eadc6669978f7,Input Validity,TF,TF Rate,10,767.43
e79d13fac35984bdd99eadc6669978f7,Localization Quality,AMCLPose,CovYawYaw,0.0198399,767.5
e79d13fac35984bdd99eadc6669978f7,Localization Quality,AMCLPose,CovYY,0.0173097,767.5
e79d13fac35984bdd99eadc6669978f7,Localization Quality,AMCLPose,CovXX,0.0178278,767.5
e79d13fac35984bdd99eadc6669978f7,Localization Quality,AMCLPose,MeanYaw,-0.797702,767.5
e79d13fac35984bdd99eadc6669978f7,Localization Quality,AMCLPose,MeanY,-1.40945,767.5
e79d13fac35984bdd99eadc6669978f7,Localization Quality,AMCLPose,MeanX,4.05687,767.5
e79d13fac35984bdd99eadc6669978f7,Localization Stability,TF,Jump Angular,-0.00840576,768.5
e79d13fac35984bdd99eadc6669978f7,Localization Stability,TF,Jump Linear,0.033809,768.5
e79d13fac35984bdd99eadc6669978f7,Input Validity,Lidar,Lidar Rate,10,767.53
e79d13fac35984bdd99eadc6669978f7,Input Validity,Odometry,Odometry Rate,50,767.53
e79d13fac35984bdd99eadc6669978f7,Input Validity,TF,TF Rate,10,767.53
e79d13fac35984bdd99eadc6669978f7,Localization Stability,TF,Jump Angular,0,768.6
e79d13fac35984bdd99eadc6669978f7,Localization Stability,TF,Jump Linear,0,768.6
e79d13fac35984bdd99eadc6669978f7,Input Validity,Lidar,Lidar Rate,10,767.63
e79d13fac35984bdd99eadc6669978f7,Input Validity,Odometry,Odometry Rate,50,767.63
e79d13fac35984bdd99eadc6669978f7,Input Validity,TF,TF Rate,10,767.63
e79d13fac35984bdd99eadc6669978f7,Localization Stability,TF,Jump Angular,0,768.7
e79d13fac35984bdd99eadc6669978f7,Localization Stability,TF,Jump Linear,0,768.7
e79d13fac35984bdd99eadc6669978f7,Input Validity,Lidar,Lidar Rate,10,767.73
e79d13fac35984bdd99eadc6669978f7,Input Validity,Odometry,Odometry Rate,50,767.73
e79d13fac35984bdd99eadc6669978f7,Input Validity,TF,TF Rate,10,767.73
e79d13fac35984bdd99eadc6669978f7,Localization Quality,AMCLPose,CovYawYaw,0.0222021,767.8
e79d13fac35984bdd99eadc6669978f7,Localization Quality,AMCLPose,CovYY,0.0201071,767.8
e79d13fac35984bdd99eadc6669978f7,Localization Quality,AMCLPose,CovXX,0.0207822,767.8
e79d13fac35984bdd99eadc6669978f7,Localization Quality,AMCLPose,MeanYaw,-0.783447,767.8
e79d13fac35984bdd99eadc6669978f7,Localization Quality,AMCLPose,MeanY,-1.50225,767.8
e79d13fac35984bdd99eadc6669978f7,Localization Quality,AMCLPose,MeanX,4.15082,767.8
e79d13fac35984bdd99eadc6669978f7,Localization Stability,TF,Jump Angular,0.00308395,768.8
e79d13fac35984bdd99eadc6669978f7,Localization Stability,TF,Jump Linear,0.010465,768.8
e79d13fac35984bdd99eadc6669978f7,Input Validity,Lidar,Lidar Rate,10,767.83
e79d13fac35984bdd99eadc6669978f7,Input Validity,Odometry,Odometry Rate,50,767.83
e79d13fac35984bdd99eadc6669978f7,Input Validity,TF,TF Rate,10,767.83
e79d13fac35984bdd99eadc6669978f7,Localization Stability,TF,Jump Angular,0,768.9
e79d13fac35984bdd99eadc6669978f7,Localization Stability,TF,Jump Linear,0,768.9
e79d13fac35984bdd99eadc6669978f7,Input Validity,Lidar,Lidar Rate,10,767.93
e79d13fac35984bdd99eadc6669978f7,Input Validity,Odometry,Odometry Rate,50,767.93
e79d13fac35984bdd99eadc6669978f7,Input Validity,TF,TF Rate,10,767.93
e79d13fac35984bdd99eadc6669978f7,Localization Stability,TF,Jump Angular,0,769
e79d13fac35984bdd99eadc6669978f7,Localization Stability,TF,Jump Linear,0,769
e79d13fac35984bdd99eadc6669978f7,Input Validity,Lidar,Lidar Rate,10,768.03
e79d13fac35984bdd99eadc6669978f7,Input Validity,Odometry,Odometry Rate,50,768.03
e79d13fac35984bdd99eadc6669978f7,Input Validity,TF,TF Rate,10,768.03
e79d13fac35984bdd99eadc6669978f7,Localization Quality,AMCLPose,CovYawYaw,0.0237794,768.1
e79d13fac35984bdd99eadc6669978f7,Localization Quality,AMCLPose,CovYY,0.0219781,768.1
e79d13fac35984bdd99eadc6669978f7,Localization Quality,AMCLPose,CovXX,0.0243503,768.1
e79d13fac35984bdd99eadc6669978f7,Localization Quality,AMCLPose,MeanYaw,-0.718252,768.1
e79d13fac35984bdd99eadc6669978f7,Localization Quality,AMCLPose,MeanY,-1.59426,768.1
e79d13fac35984bdd99eadc6669978f7,Localization Quality,AMCLPose,MeanX,4.25202,768.1
e79d13fac35984bdd99eadc6669978f7,Localization Stability,TF,Jump Angular,0.00415396,769.1
e79d13fac35984bdd99eadc6669978f7,Localization Stability,TF,Jump Linear,0.0181047,769.1
e79d13fac35984bdd99eadc6669978f7,Input Validity,Lidar,Lidar Rate,10,768.13
e79d13fac35984bdd99eadc6669978f7,Input Validity,Odometry,Odometry Rate,50,768.13
e79d13fac35984bdd99eadc6669978f7,Input Validity,TF,TF Rate,10,768.13
e79d13fac35984bdd99eadc6669978f7,Localization Stability,TF,Jump Angular,0,769.2
e79d13fac35984bdd99eadc6669978f7,Localization Stability,TF,Jump Linear,0,769.2
e79d13fac35984bdd99eadc6669978f7,Input Validity,Lidar,Lidar Rate,10,768.23
e79d13fac35984bdd99eadc6669978f7,Input Validity,Odometry,Odometry Rate,50,768.23
e79d13fac35984bdd99eadc6669978f7,Input Validity,TF,TF Rate,10,768.23
e79d13fac35984bdd99eadc6669978f7,Localization Stability,TF,Jump Angular,0,769.3
e79d13fac35984bdd99eadc6669978f7,Localization Stability,TF,Jump Linear,0,769.3
e79d13fac35984bdd99eadc6669978f7,Input Validity,Lidar,Lidar Rate,10,768.33
e79d13fac35984bdd99eadc6669978f7,Input Validity,Odometry,Odometry Rate,50,768.33
e79d13fac35984bdd99eadc6669978f7,Input Validity,TF,TF Rate,10,768.33
e79d13fac35984bdd99eadc6669978f7,Localization Quality,AMCLPose,CovYawYaw,0.0252049,768.4
e79d13fac35984bdd99eadc6669978f7,Localization Quality,AMCLPose,CovYY,0.0253568,768.4
e79d13fac35984bdd99eadc6669978f7,Localization Quality,AMCLPose,CovXX,0.027791,768.4
e79d13fac35984bdd99eadc6669978f7,Localization Quality,AMCLPose,MeanYaw,-0.673544,768.4
e79d13fac35984bdd99eadc6669978f7,Localization Quality,AMCLPose,MeanY,-1.67558,768.4
e79d13fac35984bdd99eadc6669978f7,Localization Quality,AMCLPose,MeanX,4.35759,768.4
e79d13fac35984bdd99eadc6669978f7,Localization Stability,TF,Jump Angular,0.00444432,769.4
e79d13fac35984bdd99eadc6669978f7,Localization Stability,TF,Jump Linear,0.0152013,769.4
e79d13fac35984bdd99eadc6669978f7,Input Validity,Lidar,Lidar Rate,10,768.42
e79d13fac35984bdd99eadc6669978f7,Input Validity,Odometry,Odometry Rate,50,768.42
e79d13fac35984bdd99eadc6669978f7,Input Validity,TF,TF Rate,10,768.42
e79d13fac35984bdd99eadc6669978f7,Input Validity,Lidar,Lidar Rate,10,768.52
e79d13fac35984bdd99eadc6669978f7,Input Validity,Odometry,Odometry Rate,50,768.52
e79d13fac35984bdd99eadc6669978f7,Input Validity,TF,TF Rate,10,768.52
e79d13fac35984bdd99eadc6669978f7,Localization Stability,TF,Jump Angular,0,769.5
e79d13fac35984bdd99eadc6669978f7,Localization Stability,TF,Jump Linear,0,769.5
e79d13fac35984bdd99eadc6669978f7,Localization Stability,TF,Jump Angular,0,769.6
e79d13fac35984bdd99eadc6669978f7,Localization Stability,TF,Jump Linear,0,769.6
e79d13fac35984bdd99eadc6669978f7,Input Validity,Lidar,Lidar Rate,10,768.62
e79d13fac35984bdd99eadc6669978f7,Input Validity,Odometry,Odometry Rate,50,768.62
e79d13fac35984bdd99eadc6669978f7,Input Validity,TF,TF Rate,10,768.62
e79d13fac35984bdd99eadc6669978f7,Input Validity,Lidar,Lidar Rate,10,768.72
e79d13fac35984bdd99eadc6669978f7,Input Validity,Odometry,Odometry Rate,50,768.72
e79d13fac35984bdd99eadc6669978f7,Input Validity,TF,TF Rate,10,768.72
e79d13fac35984bdd99eadc6669978f7,Localization Quality,AMCLPose,CovYawYaw,0.0269621,768.7
e79d13fac35984bdd99eadc6669978f7,Localization Quality,AMCLPose,CovYY,0.0312212,768.7
e79d13fac35984bdd99eadc6669978f7,Localization Quality,AMCLPose,CovXX,0.0322286,768.7
e79d13fac35984bdd99eadc6669978f7,Localization Quality,AMCLPose,MeanYaw,-0.64516,768.7
e79d13fac35984bdd99eadc6669978f7,Localization Quality,AMCLPose,MeanY,-1.75319,768.7
e79d13fac35984bdd99eadc6669978f7,Localization Quality,AMCLPose,MeanX,4.46576,768.7
e79d13fac35984bdd99eadc6669978f7,Localization Stability,TF,Jump Angular,-0.00125129,769.7
e79d13fac35984bdd99eadc6669978f7,Localization Stability,TF,Jump Linear,0.0111917,769.7
e79d13fac35984bdd99eadc6669978f7,Localization Stability,TF,Jump Angular,0,769.8
e79d13fac35984bdd99eadc6669978f7,Localization Stability,TF,Jump Linear,0,769.8
e79d13fac35984bdd99eadc6669978f7,Input Validity,Lidar,Lidar Rate,10,768.82
e79d13fac35984bdd99eadc6669978f7,Input Validity,Odometry,Odometry Rate,50,768.82
e79d13fac35984bdd99eadc6669978f7,Input Validity,TF,TF Rate,10,768.82
e79d13fac35984bdd99eadc6669978f7,Localization Stability,TF,Jump Angular,0,769.9
e79d13fac35984bdd99eadc6669978f7,Localization Stability,TF,Jump Linear,0,769.9
e79d13fac35984bdd99eadc6669978f7,Input Validity,Lidar,Lidar Rate,10,768.92
e79d13fac35984bdd99eadc6669978f7,Input Validity,Odometry,Odometry Rate,50,768.92
e79d13fac35984bdd99eadc6669978f7,Input Validity,TF,TF Rate,10,768.92
e79d13fac35984bdd99eadc6669978f7,Localization Quality,AMCLPose,CovYawYaw,0.0282417,769
e79d13fac35984bdd99eadc6669978f7,Localization Quality,AMCLPose,CovYY,0.0357226,769
e79d13fac35984bdd99eadc6669978f7,Localization Quality,AMCLPose,CovXX,0.0360441,769
e79d13fac35984bdd99eadc6669978f7,Localization Quality,AMCLPose,MeanYaw,-0.575825,769
e79d13fac35984bdd99eadc6669978f7,Localization Quality,AMCLPose,MeanY,-1.83554,769
e79d13fac35984bdd99eadc6669978f7,Localization Quality,AMCLPose,MeanX,4.57438,769
e79d13fac35984bdd99eadc6669978f7,Localization Stability,TF,Jump Angular,-0.0005295,770
e79d13fac35984bdd99eadc6669978f7,Localization Stability,TF,Jump Linear,0.00187582,770
e79d13fac35984bdd99eadc6669978f7,Input Validity,Lidar,Lidar Rate,10,769.02
e79d13fac35984bdd99eadc6669978f7,Input Validity,Odometry,Odometry Rate,50,769.02
e79d13fac35984bdd99eadc6669978f7,Input Validity,TF,TF Rate,10,769.02
e79d13fac35984bdd99eadc6669978f7,Localization Stability,TF,Jump Angular,0,770.1
e79d13fac35984bdd99eadc6669978f7,Localization Stability,TF,Jump Linear,0,770.1
e79d13fac35984bdd99eadc6669978f7,Input Validity,Lidar,Lidar Rate,10,769.12
e79d13fac35984bdd99eadc6669978f7,Input Validity,Odometry,Odometry Rate,50,769.12
e79d13fac35984bdd99eadc6669978f7,Input Validity,TF,TF Rate,10,769.12
e79d13fac35984bdd99eadc6669978f7,Localization Stability,TF,Jump Angular,0,770.2
e79d13fac35984bdd99eadc6669978f7,Localization Stability,TF,Jump Linear,0,770.2
e79d13fac35984bdd99eadc6669978f7,Input Validity,Lidar,Lidar Rate,10,769.22
e79d13fac35984bdd99eadc6669978f7,Input Validity,Odometry,Odometry Rate,50,769.22
e79d13fac35984bdd99eadc6669978f7,Input Validity,TF,TF Rate,10,769.22
e79d13fac35984bdd99eadc6669978f7,Input Validity,Lidar,Lidar Rate,10,769.32
e79d13fac35984bdd99eadc6669978f7,Input Validity,Odometry,Odometry Rate,50,769.32
e79d13fac35984bdd99eadc6669978f7,Input Validity,TF,TF Rate,10,769.32
e79d13fac35984bdd99eadc6669978f7,Localization Quality,AMCLPose,CovYawYaw,0.0175172,769.3
e79d13fac35984bdd99eadc6669978f7,Localization Quality,AMCLPose,CovYY,0.0352505,769.3
e79d13fac35984bdd99eadc6669978f7,Localization Quality,AMCLPose,CovXX,0.0267775,769.3
e79d13fac35984bdd99eadc6669978f7,Localization Quality,AMCLPose,MeanYaw,-0.527546,769.3
e79d13fac35984bdd99eadc6669978f7,Localization Quality,AMCLPose,MeanY,-1.91786,769.3
e79d13fac35984bdd99eadc6669978f7,Localization Quality,AMCLPose,MeanX,4.66642,769.3
e79d13fac35984bdd99eadc6669978f7,Localization Stability,TF,Jump Angular,-0.0135879,770.3
e79d13fac35984bdd99eadc6669978f7,Localization Stability,TF,Jump Linear,0.0514895,770.3
e79d13fac35984bdd99eadc6669978f7,Localization Stability,TF,Jump Angular,0,770.4
e79d13fac35984bdd99eadc6669978f7,Localization Stability,TF,Jump Linear,0,770.4
e79d13fac35984bdd99eadc6669978f7,Input Validity,Lidar,Lidar Rate,10,769.42
e79d13fac35984bdd99eadc6669978f7,Input Validity,Odometry,Odometry Rate,50,769.42
e79d13fac35984bdd99eadc6669978f7,Input Validity,TF,TF Rate,10,769.42
e79d13fac35984bdd99eadc6669978f7,Input Validity,Lidar,Lidar Rate,10,769.52
e79d13fac35984bdd99eadc6669978f7,Input Validity,Odometry,Odometry Rate,50,769.52
e79d13fac35984bdd99eadc6669978f7,Input Validity,TF,TF Rate,10,769.52
e79d13fac35984bdd99eadc6669978f7,Localization Stability,TF,Jump Angular,0,770.5
e79d13fac35984bdd99eadc6669978f7,Localization Stability,TF,Jump Linear,0,770.5
e79d13fac35984bdd99eadc6669978f7,Input Validity,Lidar,Lidar Rate,10,769.62
e79d13fac35984bdd99eadc6669978f7,Input Validity,Odometry,Odometry Rate,50,769.62
e79d13fac35984bdd99eadc6669978f7,Input Validity,TF,TF Rate,10,769.62
e79d13fac35984bdd99eadc6669978f7,Localization Quality,AMCLPose,CovYawYaw,0.0111635,769.6
e79d13fac35984bdd99eadc6669978f7,Localization Quality,AMCLPose,CovYY,0.0329693,769.6
e79d13fac35984bdd99eadc6669978f7,Localization Quality,AMCLPose,CovXX,0.0211048,769.6
e79d13fac35984bdd99eadc6669978f7,Localization Quality,AMCLPose,MeanYaw,-0.50546,769.6
e79d13fac35984bdd99eadc6669978f7,Localization Quality,AMCLPose,MeanY,-1.98854,769.6
e79d13fac35984bdd99eadc6669978f7,Localization Quality,AMCLPose,MeanX,4.77289,769.6
e79d13fac35984bdd99eadc6669978f7,Localization Stability,TF,Jump Angular,-0.00600126,770.6
e79d13fac35984bdd99eadc6669978f7,Localization Stability,TF,Jump Linear,0.0242854,770.6
e79d13fac35984bdd99eadc6669978f7,Localization Stability,TF,Jump Angular,0,770.7
e79d13fac35984bdd99eadc6669978f7,Localization Stability,TF,Jump Linear,0,770.7
e79d13fac35984bdd99eadc6669978f7,Input Validity,Lidar,Lidar Rate,10,769.72
e79d13fac35984bdd99eadc6669978f7,Input Validity,Odometry,Odometry Rate,50,769.72
e79d13fac35984bdd99eadc6669978f7,Input Validity,TF,TF Rate,10,769.72
e79d13fac35984bdd99eadc6669978f7,Localization Stability,TF,Jump Angular,0,770.8
e79d13fac35984bdd99eadc6669978f7,Localization Stability,TF,Jump Linear,0,770.8
e79d13fac35984bdd99eadc6669978f7,Input Validity,Lidar,Lidar Rate,10,769.82
e79d13fac35984bdd99eadc6669978f7,Input Validity,Odometry,Odometry Rate,50,769.82
e79d13fac35984bdd99eadc6669978f7,Input Validity,TF,TF Rate,10,769.82
e79d13fac35984bdd99eadc6669978f7,Input Validity,Lidar,Lidar Rate,10,769.92
e79d13fac35984bdd99eadc6669978f7,Input Validity,Odometry,Odometry Rate,50,769.92
e79d13fac35984bdd99eadc6669978f7,Input Validity,TF,TF Rate,10,769.92
e79d13fac35984bdd99eadc6669978f7,Localization Quality,AMCLPose,CovYawYaw,0.0579856,769.9
e79d13fac35984bdd99eadc6669978f7,Localization Quality,AMCLPose,CovYY,0.260027,769.9
e79d13fac35984bdd99eadc6669978f7,Localization Quality,AMCLPose,CovXX,1.07852,769.9
e79d13fac35984bdd99eadc6669978f7,Localization Quality,AMCLPose,MeanYaw,-0.458088,769.9
e79d13fac35984bdd99eadc6669978f7,Localization Quality,AMCLPose,MeanY,-2.05269,769.9
e79d13fac35984bdd99eadc6669978f7,Localization Quality,AMCLPose,MeanX,4.90121,769.9
e79d13fac35984bdd99eadc6669978f7,Localization Stability,TF,Jump Angular,0.00468835,770.9
e79d13fac35984bdd99eadc6669978f7,Localization Stability,TF,Jump Linear,0.0231193,770.9
e79d13fac35984bdd99eadc6669978f7,Localization Stability,TF,Jump Angular,0,771
e79d13fac35984bdd99eadc6669978f7,Localization Stability,TF,Jump Linear,0,771
e79d13fac35984bdd99eadc6669978f7,Input Validity,Lidar,Lidar Rate,10,770.02
e79d13fac35984bdd99eadc6669978f7,Input Validity,Odometry,Odometry Rate,50,770.02
e79d13fac35984bdd99eadc6669978f7,Input Validity,TF,TF Rate,10,770.02
e79d13fac35984bdd99eadc6669978f7,Input Validity,Lidar,Lidar Rate,10,770.12
e79d13fac35984bdd99eadc6669978f7,Input Validity,Odometry,Odometry Rate,50,770.12
e79d13fac35984bdd99eadc6669978f7,Input Validity,TF,TF Rate,10,770.12
e79d13fac35984bdd99eadc6669978f7,Localization Quality,AMCLPose,CovYawYaw,0.0135729,770.1
e79d13fac35984bdd99eadc6669978f7,Localization Quality,AMCLPose,CovYY,0.0665405,770.1
e79d13fac35984bdd99eadc6669978f7,Localization Quality,AMCLPose,CovXX,0.232445,770.1
e79d13fac35984bdd99eadc6669978f7,Localization Quality,AMCLPose,MeanYaw,-0.376692,770.1
e79d13fac35984bdd99eadc6669978f7,Localization Quality,AMCLPose,MeanY,-2.08207,770.1
e79d13fac35984bdd99eadc6669978f7,Localization Quality,AMCLPose,MeanX,4.9836,770.1
e79d13fac35984bdd99eadc6669978f7,Localization Stability,TF,Jump Angular,0.00420382,771.1
e79d13fac35984bdd99eadc6669978f7,Localization Stability,TF,Jump Linear,0.016415,771.1
e79d13fac35984bdd99eadc6669978f7,Input Validity,Lidar,Lidar Rate,10,770.22
e79d13fac35984bdd99eadc6669978f7,Input Validity,Odometry,Odometry Rate,50,770.22
e79d13fac35984bdd99eadc6669978f7,Input Validity,TF,TF Rate,10,770.22
e79d13fac35984bdd99eadc6669978f7,Localization Stability,TF,Jump Angular,0,771.2
e79d13fac35984bdd99eadc6669978f7,Localization Stability,TF,Jump Linear,0,771.2
e79d13fac35984bdd99eadc6669978f7,Input Validity,Lidar,Lidar Rate,10,770.32
e79d13fac35984bdd99eadc6669978f7,Input Validity,Odometry,Odometry Rate,50,770.32
e79d13fac35984bdd99eadc6669978f7,Input Validity,TF,TF Rate,10,770.32
e79d13fac35984bdd99eadc6669978f7,Localization Quality,AMCLPose,CovYawYaw,0.00483777,770.3
e79d13fac35984bdd99eadc6669978f7,Localization Quality,AMCLPose,CovYY,0.0192464,770.3
e79d13fac35984bdd99eadc6669978f7,Localization Quality,AMCLPose,CovXX,0.0262938,770.3
e79d13fac35984bdd99eadc6669978f7,Localization Quality,AMCLPose,MeanYaw,-0.316302,770.3
e79d13fac35984bdd99eadc6669978f7,Localization Quality,AMCLPose,MeanY,-2.10639,770.3
e79d13fac35984bdd99eadc6669978f7,Localization Quality,AMCLPose,MeanX,5.07835,770.3
e79d13fac35984bdd99eadc6669978f7,Localization Stability,TF,Jump Angular,0.00315128,771.3
e79d13fac35984bdd99eadc6669978f7,Localization Stability,TF,Jump Linear,0.0105219,771.3
e79d13fac35984bdd99eadc6669978f7,Localization Stability,TF,Jump Angular,0,771.4
e79d13fac35984bdd99eadc6669978f7,Localization Stability,TF,Jump Linear,0,771.4
e79d13fac35984bdd99eadc6669978f7,Input Validity,Lidar,Lidar Rate,10,770.42
e79d13fac35984bdd99eadc6669978f7,Input Validity,Odometry,Odometry Rate,50,770.42
e79d13fac35984bdd99eadc6669978f7,Input Validity,TF,TF Rate,10,770.42
e79d13fac35984bdd99eadc6669978f7,Input Validity,Lidar,Lidar Rate,10,770.52
e79d13fac35984bdd99eadc6669978f7,Input Validity,Odometry,Odometry Rate,50,770.52
e79d13fac35984bdd99eadc6669978f7,Input Validity,TF,TF Rate,10,770.52
e79d13fac35984bdd99eadc6669978f7,Localization Stability,TF,Jump Angular,0,771.5
e79d13fac35984bdd99eadc6669978f7,Localization Stability,TF,Jump Linear,0,771.5
e79d13fac35984bdd99eadc6669978f7,Input Validity,Lidar,Lidar Rate,10,770.62
e79d13fac35984bdd99eadc6669978f7,Input Validity,Odometry,Odometry Rate,50,770.62
e79d13fac35984bdd99eadc6669978f7,Input Validity,TF,TF Rate,10,770.62
e79d13fac35984bdd99eadc6669978f7,Localization Quality,AMCLPose,CovYawYaw,0.00338382,770.6
e79d13fac35984bdd99eadc6669978f7,Localization Quality,AMCLPose,CovYY,0.0137503,770.6
e79d13fac35984bdd99eadc6669978f7,Localization Quality,AMCLPose,CovXX,0.00982203,770.6
e79d13fac35984bdd99eadc6669978f7,Localization Quality,AMCLPose,MeanYaw,-0.25223,770.6
e79d13fac35984bdd99eadc6669978f7,Localization Quality,AMCLPose,MeanY,-2.14784,770.6
e79d13fac35984bdd99eadc6669978f7,Localization Quality,AMCLPose,MeanX,5.20853,770.6
e79d13fac35984bdd99eadc6669978f7,Localization Stability,TF,Jump Angular,0.00136617,771.6
e79d13fac35984bdd99eadc6669978f7,Localization Stability,TF,Jump Linear,0.0114242,771.6
e79d13fac35984bdd99eadc6669978f7,Input Validity,Lidar,Lidar Rate,10,770.72
e79d13fac35984bdd99eadc6669978f7,Input Validity,Odometry,Odometry Rate,50,770.72
e79d13fac35984bdd99eadc6669978f7,Input Validity,TF,TF Rate,10,770.72
e79d13fac35984bdd99eadc6669978f7,Localization Stability,TF,Jump Angular,0,771.7
e79d13fac35984bdd99eadc6669978f7,Localization Stability,TF,Jump Linear,0,771.7
e79d13fac35984bdd99eadc6669978f7,Input Validity,Lidar,Lidar Rate,10,770.81
e79d13fac35984bdd99eadc6669978f7,Input Validity,Odometry,Odometry Rate,50,770.81
e79d13fac35984bdd99eadc6669978f7,Input Validity,TF,TF Rate,10,770.81
e79d13fac35984bdd99eadc6669978f7,Localization Stability,TF,Jump Angular,0,771.8
e79d13fac35984bdd99eadc6669978f7,Localization Stability,TF,Jump Linear,0,771.8
e79d13fac35984bdd99eadc6669978f7,Input Validity,Lidar,Lidar Rate,10,770.91
e79d13fac35984bdd99eadc6669978f7,Input Validity,Odometry,Odometry Rate,50,770.91
e79d13fac35984bdd99eadc6669978f7,Input Validity,TF,TF Rate,10,770.91
e79d13fac35984bdd99eadc6669978f7,Localization Quality,AMCLPose,CovYawYaw,0.00353253,770.9
e79d13fac35984bdd99eadc6669978f7,Localization Quality,AMCLPose,CovYY,0.0106966,770.9
e79d13fac35984bdd99eadc6669978f7,Localization Quality,AMCLPose,CovXX,0.00936636,770.9
e79d13fac35984bdd99eadc6669978f7,Localization Quality,AMCLPose,MeanYaw,-0.211841,770.9
e79d13fac35984bdd99eadc6669978f7,Localization Quality,AMCLPose,MeanY,-2.17977,770.9
e79d13fac35984bdd99eadc6669978f7,Localization Quality,AMCLPose,MeanX,5.34327,770.9
e79d13fac35984bdd99eadc6669978f7,Localization Stability,TF,Jump Angular,0.000867102,771.9
e79d13fac35984bdd99eadc6669978f7,Localization Stability,TF,Jump Linear,0.00548174,771.9
e79d13fac35984bdd99eadc6669978f7,Input Validity,Lidar,Lidar Rate,10,771.01
e79d13fac35984bdd99eadc6669978f7,Input Validity,Odometry,Odometry Rate,50,771.01
e79d13fac35984bdd99eadc6669978f7,Input Validity,TF,TF Rate,10,771.01
e79d13fac35984bdd99eadc6669978f7,Localization Stability,TF,Jump Angular,0,772
e79d13fac35984bdd99eadc6669978f7,Localization Stability,TF,Jump Linear,0,772
e79d13fac35984bdd99eadc6669978f7,Localization Stability,TF,Jump Angular,0,772.1
e79d13fac35984bdd99eadc6669978f7,Localization Stability,TF,Jump Linear,0,772.1
e79d13fac35984bdd99eadc6669978f7,Input Validity,Lidar,Lidar Rate,10,771.11
e79d13fac35984bdd99eadc6669978f7,Input Validity,Odometry,Odometry Rate,50,771.11
e79d13fac35984bdd99eadc6669978f7,Input Validity,TF,TF Rate,10,771.11
e79d13fac35984bdd99eadc6669978f7,Input Validity,Lidar,Lidar Rate,10,771.21
e79d13fac35984bdd99eadc6669978f7,Input Validity,Odometry,Odometry Rate,50,771.21
e79d13fac35984bdd99eadc6669978f7,Input Validity,TF,TF Rate,10,771.21
e79d13fac35984bdd99eadc6669978f7,Localization Quality,AMCLPose,CovYawYaw,0.00353381,771.2
e79d13fac35984bdd99eadc6669978f7,Localization Quality,AMCLPose,CovYY,0.00857238,771.2
e79d13fac35984bdd99eadc6669978f7,Localization Quality,AMCLPose,CovXX,0.00944397,771.2
e79d13fac35984bdd99eadc6669978f7,Localization Quality,AMCLPose,MeanYaw,-0.15963,771.2
e79d13fac35984bdd99eadc6669978f7,Localization Quality,AMCLPose,MeanY,-2.20317,771.2
e79d13fac35984bdd99eadc6669978f7,Localization Quality,AMCLPose,MeanX,5.47585,771.2
e79d13fac35984bdd99eadc6669978f7,Localization Stability,TF,Jump Angular,0.000378734,772.2
e79d13fac35984bdd99eadc6669978f7,Localization Stability,TF,Jump Linear,0.00132072,772.2
e79d13fac35984bdd99eadc6669978f7,Localization Stability,TF,Jump Angular,0,772.3
e79d13fac35984bdd99eadc6669978f7,Localization Stability,TF,Jump Linear,0,772.3
e79d13fac35984bdd99eadc6669978f7,Input Validity,Lidar,Lidar Rate,10,771.31
e79d13fac35984bdd99eadc6669978f7,Input Validity,Odometry,Odometry Rate,50,771.31
e79d13fac35984bdd99eadc6669978f7,Input Validity,TF,TF Rate,10,771.31
e79d13fac35984bdd99eadc6669978f7,Localization Stability,TF,Jump Angular,0,772.4
e79d13fac35984bdd99eadc6669978f7,Localization Stability,TF,Jump Linear,0,772.4
e79d13fac35984bdd99eadc6669978f7,Input Validity,Lidar,Lidar Rate,10,771.41
e79d13fac35984bdd99eadc6669978f7,Input Validity,Odometry,Odometry Rate,50,771.41
e79d13fac35984bdd99eadc6669978f7,Input Validity,TF,TF Rate,10,771.41
e79d13fac35984bdd99eadc6669978f7,Input Validity,Lidar,Lidar Rate,10,771.51
e79d13fac35984bdd99eadc6669978f7,Input Validity,Odometry,Odometry Rate,50,771.51
e79d13fac35984bdd99eadc6669978f7,Input Validity,TF,TF Rate,10,771.51
e79d13fac35984bdd99eadc6669978f7,Localization Quality,AMCLPose,CovYawYaw,0.00367396,771.5
e79d13fac35984bdd99eadc6669978f7,Localization Quality,AMCLPose,CovYY,0.00682462,771.5
e79d13fac35984bdd99eadc6669978f7,Localization Quality,AMCLPose,CovXX,0.00891956,771.5
e79d13fac35984bdd99eadc6669978f7,Localization Quality,AMCLPose,MeanYaw,-0.139466,771.5
e79d13fac35984bdd99eadc6669978f7,Localization Quality,AMCLPose,MeanY,-2.22653,771.5
e79d13fac35984bdd99eadc6669978f7,Localization Quality,AMCLPose,MeanX,5.6077,771.5
e79d13fac35984bdd99eadc6669978f7,Localization Stability,TF,Jump Angular,-0.000403745,772.5
e79d13fac35984bdd99eadc6669978f7,Localization Stability,TF,Jump Linear,0.0015472,772.5
e79d13fac35984bdd99eadc6669978f7,Input Validity,Lidar,Lidar Rate,10,771.61
e79d13fac35984bdd99eadc6669978f7,Input Validity,Odometry,Odometry Rate,50,771.61
e79d13fac35984bdd99eadc6669978f7,Input Validity,TF,TF Rate,10,771.61
e79d13fac35984bdd99eadc6669978f7,Localization Stability,TF,Jump Angular,0,772.6
e79d13fac35984bdd99eadc6669978f7,Localization Stability,TF,Jump Linear,0,772.6
e79d13fac35984bdd99eadc6669978f7,Localization Stability,TF,Jump Angular,0,772.7
e79d13fac35984bdd99eadc6669978f7,Localization Stability,TF,Jump Linear,0,772.7
e79d13fac35984bdd99eadc6669978f7,Input Validity,Lidar,Lidar Rate,10,771.71
e79d13fac35984bdd99eadc6669978f7,Input Validity,Odometry,Odometry Rate,50,771.71
e79d13fac35984bdd99eadc6669978f7,Input Validity,TF,TF Rate,10,771.71
e79d13fac35984bdd99eadc6669978f7,Input Validity,Lidar,Lidar Rate,10,771.81
e79d13fac35984bdd99eadc6669978f7,Input Validity,Odometry,Odometry Rate,50,771.81
e79d13fac35984bdd99eadc6669978f7,Input Validity,TF,TF Rate,10,771.81
e79d13fac35984bdd99eadc6669978f7,Localization Quality,AMCLPose,CovYawYaw,0.00343003,771.8
e79d13fac35984bdd99eadc6669978f7,Localization Quality,AMCLPose,CovYY,0.00548667,771.8
e79d13fac35984bdd99eadc6669978f7,Localization Quality,AMCLPose,CovXX,0.00889838,771.8
e79d13fac35984bdd99eadc6669978f7,Localization Quality,AMCLPose,MeanYaw,-0.138677,771.8
e79d13fac35984bdd99eadc6669978f7,Localization Quality,AMCLPose,MeanY,-2.2436,771.8
e79d13fac35984bdd99eadc6669978f7,Localization Quality,AMCLPose,MeanX,5.74341,771.8
e79d13fac35984bdd99eadc6669978f7,Localization Stability,TF,Jump Angular,0.00101699,772.8
e79d13fac35984bdd99eadc6669978f7,Localization Stability,TF,Jump Linear,0.00436995,772.8
e79d13fac35984bdd99eadc6669978f7,Localization Stability,TF,Jump Angular,0,772.9
e79d13fac35984bdd99eadc6669978f7,Localization Stability,TF,Jump Linear,0,772.9
e79d13fac35984bdd99eadc6669978f7,Input Validity,Lidar,Lidar Rate,10,771.91
e79d13fac35984bdd99eadc6669978f7,Input Validity,Odometry,Odometry Rate,50,771.91
e79d13fac35984bdd99eadc6669978f7,Input Validity,TF,TF Rate,10,771.91
e79d13fac35984bdd99eadc6669978f7,Localization Stability,TF,Jump Angular,0,773
e79d13fac35984bdd99eadc6669978f7,Localization Stability,TF,Jump Linear,0,773
e79d13fac35984bdd99eadc6669978f7,Input Validity,Lidar,Lidar Rate,10,772.01
e79d13fac35984bdd99eadc6669978f7,Input Validity,Odometry,Odometry Rate,50,772.01
e79d13fac35984bdd99eadc6669978f7,Input Validity,TF,TF Rate,10,772.01
e79d13fac35984bdd99eadc6669978f7,Input Validity,Lidar,Lidar Rate,10,772.11
e79d13fac35984bdd99eadc6669978f7,Input Validity,Odometry,Odometry Rate,50,772.11
e79d13fac35984bdd99eadc6669978f7,Input Validity,TF,TF Rate,10,772.11
e79d13fac35984bdd99eadc6669978f7,Localization Quality,AMCLPose,CovYawYaw,0.00317139,772.1
e79d13fac35984bdd99eadc6669978f7,Localization Quality,AMCLPose,CovYY,0.00456263,772.1
e79d13fac35984bdd99eadc6669978f7,Localization Quality,AMCLPose,CovXX,0.00881472,772.1
e79d13fac35984bdd99eadc6669978f7,Localization Quality,AMCLPose,MeanYaw,-0.153879,772.1
e79d13fac35984bdd99eadc6669978f7,Localization Quality,AMCLPose,MeanY,-2.26454,772.1
e79d13fac35984bdd99eadc6669978f7,Localization Quality,AMCLPose,MeanX,5.87878,772.1
e79d13fac35984bdd99eadc6669978f7,Localization Stability,TF,Jump Angular,-0.00170846,773.1
e79d13fac35984bdd99eadc6669978f7,Localization Stability,TF,Jump Linear,0.0102631,773.1
e79d13fac35984bdd99eadc6669978f7,Localization Stability,TF,Jump Angular,0,773.2
e79d13fac35984bdd99eadc6669978f7,Localization Stability,TF,Jump Linear,0,773.2
e79d13fac35984bdd99eadc6669978f7,Input Validity,Lidar,Lidar Rate,10,772.21
e79d13fac35984bdd99eadc6669978f7,Input Validity,Odometry,Odometry Rate,50,772.21
e79d13fac35984bdd99eadc6669978f7,Input Validity,TF,TF Rate,10,772.21
e79d13fac35984bdd99eadc6669978f7,Input Validity,Lidar,Lidar Rate,10,772.31
e79d13fac35984bdd99eadc6669978f7,Input Validity,Odometry,Odometry Rate,50,772.31
e79d13fac35984bdd99eadc6669978f7,Input Validity,TF,TF Rate,10,772.31
e79d13fac35984bdd99eadc6669978f7,Localization Stability,TF,Jump Angular,0,773.3
e79d13fac35984bdd99eadc6669978f7,Localization Stability,TF,Jump Linear,0,773.3
e79d13fac35984bdd99eadc6669978f7,Input Validity,Lidar,Lidar Rate,10,772.41
e79d13fac35984bdd99eadc6669978f7,Input Validity,Odometry,Odometry Rate,50,772.41
e79d13fac35984bdd99eadc6669978f7,Input Validity,TF,TF Rate,10,772.41
e79d13fac35984bdd99eadc6669978f7,Localization Quality,AMCLPose,CovYawYaw,0.00309218,772.4
e79d13fac35984bdd99eadc6669978f7,Localization Quality,AMCLPose,CovYY,0.00389295,772.4
e79d13fac35984bdd99eadc6669978f7,Localization Quality,AMCLPose,CovXX,0.00895284,772.4
e79d13fac35984bdd99eadc6669978f7,Localization Quality,AMCLPose,MeanYaw,-0.176534,772.4
e79d13fac35984bdd99eadc6669978f7,Localization Quality,AMCLPose,MeanY,-2.2875,772.4
e79d13fac35984bdd99eadc6669978f7,Localization Quality,AMCLPose,MeanX,6.01233,772.4
e79d13fac35984bdd99eadc6669978f7,Localization Stability,TF,Jump Angular,0.00095714,773.4
e79d13fac35984bdd99eadc6669978f7,Localization Stability,TF,Jump Linear,0.00682119,773.4
e79d13fac35984bdd99eadc6669978f7,Input Validity,Lidar,Lidar Rate,10,772.51
e79d13fac35984bdd99eadc6669978f7,Input Validity,Odometry,Odometry Rate,50,772.51
e79d13fac35984bdd99eadc6669978f7,Input Validity,TF,TF Rate,10,772.51
e79d13fac35984bdd99eadc6669978f7,Localization Stability,TF,Jump Angular,0,773.5
e79d13fac35984bdd99eadc6669978f7,Localization Stability,TF,Jump Linear,0,773.5
e79d13fac35984bdd99eadc6669978f7,Input Validity,Lidar,Lidar Rate,10,772.61
e79d13fac35984bdd99eadc6669978f7,Input Validity,Odometry,Odometry Rate,50,772.61
e79d13fac35984bdd99eadc6669978f7,Input Validity,TF,TF Rate,10,772.61
e79d13fac35984bdd99eadc6669978f7,Localization Stability,TF,Jump Angular,0,773.6
e79d13fac35984bdd99eadc6669978f7,Localization Stability,TF,Jump Linear,0,773.6
e79d13fac35984bdd99eadc6669978f7,Input Validity,Lidar,Lidar Rate,10,772.71
e79d13fac35984bdd99eadc6669978f7,Input Validity,Odometry,Odometry Rate,50,772.71
e79d13fac35984bdd99eadc6669978f7,Input Validity,TF,TF Rate,10,772.71
e79d13fac35984bdd99eadc6669978f7,Localization Quality,AMCLPose,CovYawYaw,0.00301495,772.7
e79d13fac35984bdd99eadc6669978f7,Localization Quality,AMCLPose,CovYY,0.00356301,772.7
e79d13fac35984bdd99eadc6669978f7,Localization Quality,AMCLPose,CovXX,0.00813056,772.7
e79d13fac35984bdd99eadc6669978f7,Localization Quality,AMCLPose,MeanYaw,-0.20775,772.7
e79d13fac35984bdd99eadc6669978f7,Localization Quality,AMCLPose,MeanY,-2.31336,772.7
e79d13fac35984bdd99eadc6669978f7,Localization Quality,AMCLPose,MeanX,6.14781,772.7
e79d13fac35984bdd99eadc6669978f7,Localization Stability,TF,Jump Angular,-0.00272602,773.7
e79d13fac35984bdd99eadc6669978f7,Localization Stability,TF,Jump Linear,0.0189146,773.7
e79d13fac35984bdd99eadc6669978f7,Input Validity,Lidar,Lidar Rate,10,772.81
e79d13fac35984bdd99eadc6669978f7,Input Validity,Odometry,Odometry Rate,50,772.81
e79d13fac35984bdd99eadc6669978f7,Input Validity,TF,TF Rate,10,772.81
e79d13fac35984bdd99eadc6669978f7,Localization Stability,TF,Jump Angular,0,773.8
e79d13fac35984bdd99eadc6669978f7,Localization Stability,TF,Jump Linear,0,773.8
e79d13fac35984bdd99eadc6669978f7,Input Validity,Lidar,Lidar Rate,10,772.91
e79d13fac35984bdd99eadc6669978f7,Input Validity,Odometry,Odometry Rate,50,772.91
e79d13fac35984bdd99eadc6669978f7,Input Validity,TF,TF Rate,10,772.91
e79d13fac35984bdd99eadc6669978f7,Localization Stability,TF,Jump Angular,0,773.9
e79d13fac35984bdd99eadc6669978f7,Localization Stability,TF,Jump Linear,0,773.9
e79d13fac35984bdd99eadc6669978f7,Input Validity,Lidar,Lidar Rate,10,773.01
e79d13fac35984bdd99eadc6669978f7,Input Validity,Odometry,Odometry Rate,50,773.01
e79d13fac35984bdd99eadc6669978f7,Input Validity,TF,TF Rate,10,773.01
e79d13fac35984bdd99eadc6669978f7,Localization Quality,AMCLPose,CovYawYaw,0.00297485,773
e79d13fac35984bdd99eadc6669978f7,Localization Quality,AMCLPose,CovYY,0.00320279,773
e79d13fac35984bdd99eadc6669978f7,Localization Quality,AMCLPose,CovXX,0.00817872,773
e79d13fac35984bdd99eadc6669978f7,Localization Quality,AMCLPose,MeanYaw,-0.239149,773
e79d13fac35984bdd99eadc6669978f7,Localization Quality,AMCLPose,MeanY,-2.34307,773
e79d13fac35984bdd99eadc6669978f7,Localization Quality,AMCLPose,MeanX,6.27665,773
e79d13fac35984bdd99eadc6669978f7,Localization Stability,TF,Jump Angular,-0.000200343,774
e79d13fac35984bdd99eadc6669978f7,Localization Stability,TF,Jump Linear,0.00176711,774
e79d13fac35984bdd99eadc6669978f7,Input Validity,Lidar,Lidar Rate,10,773.11
e79d13fac35984bdd99eadc6669978f7,Input Validity,Odometry,Odometry Rate,50,773.11
e79d13fac35984bdd99eadc6669978f7,Input Validity,TF,TF Rate,10,773.11
e79d13fac35984bdd99eadc6669978f7,Localization Stability,TF,Jump Angular,0,774.1
e79d13fac35984bdd99eadc6669978f7,Localization Stability,TF,Jump Linear,0,774.1
e79d13fac35984bdd99eadc6669978f7,Input Validity,Lidar,Lidar Rate,10,773.21
e79d13fac35984bdd99eadc6669978f7,Input Validity,Odometry,Odometry Rate,50,773.21
e79d13fac35984bdd99eadc6669978f7,Input Validity,TF,TF Rate,10,773.21
e79d13fac35984bdd99eadc6669978f7,Localization Stability,TF,Jump Angular,0,774.2
e79d13fac35984bdd99eadc6669978f7,Localization Stability,TF,Jump Linear,0,774.2
e79d13fac35984bdd99eadc6669978f7,Input Validity,Lidar,Lidar Rate,10,773.31
e79d13fac35984bdd99eadc6669978f7,Input Validity,Odometry,Odometry Rate,50,773.31
e79d13fac35984bdd99eadc6669978f7,Input Validity,TF,TF Rate,10,773.31
e79d13fac35984bdd99eadc6669978f7,Localization Quality,AMCLPose,CovYawYaw,0.00284483,773.3
e79d13fac35984bdd99eadc6669978f7,Localization Quality,AMCLPose,CovYY,0.0029006,773.3
e79d13fac35984bdd99eadc6669978f7,Localization Quality,AMCLPose,CovXX,0.00786278,773.3
e79d13fac35984bdd99eadc6669978f7,Localization Quality,AMCLPose,MeanYaw,-0.267726,773.3
e79d13fac35984bdd99eadc6669978f7,Localization Quality,AMCLPose,MeanY,-2.37304,773.3
e79d13fac35984bdd99eadc6669978f7,Localization Quality,AMCLPose,MeanX,6.3894,773.3
e79d13fac35984bdd99eadc6669978f7,Localization Stability,TF,Jump Angular,-0.00147285,774.3
e79d13fac35984bdd99eadc6669978f7,Localization Stability,TF,Jump Linear,0.00920861,774.3
e79d13fac35984bdd99eadc6669978f7,Input Validity,Lidar,Lidar Rate,10,773.41
e79d13fac35984bdd99eadc6669978f7,Input Validity,Odometry,Odometry Rate,50,773.41
e79d13fac35984bdd99eadc6669978f7,Input Validity,TF,TF Rate,10,773.41
e79d13fac35984bdd99eadc6669978f7,Localization Stability,TF,Jump Angular,0,774.4
e79d13fac35984bdd99eadc6669978f7,Localization Stability,TF,Jump Linear,0,774.4
e79d13fac35984bdd99eadc6669978f7,Input Validity,Lidar,Lidar Rate,10,773.5
e79d13fac35984bdd99eadc6669978f7,Input Validity,Odometry,Odometry Rate,50,773.5
e79d13fac35984bdd99eadc6669978f7,Input Validity,TF,TF Rate,10,773.5
e79d13fac35984bdd99eadc6669978f7,Localization Stability,TF,Jump Angular,0,774.5
e79d13fac35984bdd99eadc6669978f7,Localization Stability,TF,Jump Linear,0,774.5
e79d13fac35984bdd99eadc6669978f7,Input Validity,Lidar,Lidar Rate,10,773.6
e79d13fac35984bdd99eadc6669978f7,Input Validity,Odometry,Odometry Rate,50,773.6
e79d13fac35984bdd99eadc6669978f7,Input Validity,TF,TF Rate,10,773.6
e79d13fac35984bdd99eadc6669978f7,Localization Stability,TF,Jump Angular,0,774.6
e79d13fac35984bdd99eadc6669978f7,Localization Stability,TF,Jump Linear,0,774.6
e79d13fac35984bdd99eadc6669978f7,Input Validity,Lidar,Lidar Rate,10,773.7
e79d13fac35984bdd99eadc6669978f7,Input Validity,Odometry,Odometry Rate,50,773.7
e79d13fac35984bdd99eadc6669978f7,Input Validity,TF,TF Rate,10,773.7
e79d13fac35984bdd99eadc6669978f7,Localization Quality,AMCLPose,CovYawYaw,0.00291424,773.7
e79d13fac35984bdd99eadc6669978f7,Localization Quality,AMCLPose,CovYY,0.00279476,773.7
e79d13fac35984bdd99eadc6669978f7,Localization Quality,AMCLPose,CovXX,0.00787105,773.7
e79d13fac35984bdd99eadc6669978f7,Localization Quality,AMCLPose,MeanYaw,-0.298603,773.7
e79d13fac35984bdd99eadc6669978f7,Localization Quality,AMCLPose,MeanY,-2.40939,773.7
e79d13fac35984bdd99eadc6669978f7,Localization Quality,AMCLPose,MeanX,6.51478,773.7
e79d13fac35984bdd99eadc6669978f7,Localization Stability,TF,Jump Angular,-0.0016726,774.7
e79d13fac35984bdd99eadc6669978f7,Localization Stability,TF,Jump Linear,0.0121945,774.7
e79d13fac35984bdd99eadc6669978f7,Input Validity,Lidar,Lidar Rate,10,773.8
e79d13fac35984bdd99eadc6669978f7,Input Validity,Odometry,Odometry Rate,50,773.8
e79d13fac35984bdd99eadc6669978f7,Input Validity,TF,TF Rate,10,773.8
e79d13fac35984bdd99eadc6669978f7,Localization Stability,TF,Jump Angular,0,774.8
e79d13fac35984bdd99eadc6669978f7,Localization Stability,TF,Jump Linear,0,774.8
e79d13fac35984bdd99eadc6669978f7,Input Validity,Lidar,Lidar Rate,10,773.9
e79d13fac35984bdd99eadc6669978f7,Input Validity,Odometry,Odometry Rate,50,773.9
e79d13fac35984bdd99eadc6669978f7,Input Validity,TF,TF Rate,10,773.9
e79d13fac35984bdd99eadc6669978f7,Localization Stability,TF,Jump Angular,0,774.9
e79d13fac35984bdd99eadc6669978f7,Localization Stability,TF,Jump Linear,0,774.9
e79d13fac35984bdd99eadc6669978f7,Input Validity,Lidar,Lidar Rate,10,774
e79d13fac35984bdd99eadc6669978f7,Input Validity,Odometry,Odometry Rate,50,774
e79d13fac35984bdd99eadc6669978f7,Input Validity,TF,TF Rate,10,774
e79d13fac35984bdd99eadc6669978f7,Localization Stability,TF,Jump Angular,0,775
e79d13fac35984bdd99eadc6669978f7,Localization Stability,TF,Jump Linear,0,775
e79d13fac35984bdd99eadc6669978f7,Input Validity,Lidar,Lidar Rate,10,774.1
e79d13fac35984bdd99eadc6669978f7,Input Validity,Odometry,Odometry Rate,50,774.1
e79d13fac35984bdd99eadc6669978f7,Input Validity,TF,TF Rate,10,774.1
e79d13fac35984bdd99eadc6669978f7,Localization Stability,TF,Jump Angular,0,775.1
e79d13fac35984bdd99eadc6669978f7,Localization Stability,TF,Jump Linear,0,775.1
e79d13fac35984bdd99eadc6669978f7,Input Validity,Lidar,Lidar Rate,10,774.2
e79d13fac35984bdd99eadc6669978f7,Input Validity,Odometry,Odometry Rate,50,774.2
e79d13fac35984bdd99eadc6669978f7,Input Validity,TF,TF Rate,10,774.2
e79d13fac35984bdd99eadc6669978f7,Localization Quality,AMCLPose,CovYawYaw,0.00296527,774.2
e79d13fac35984bdd99eadc6669978f7,Localization Quality,AMCLPose,CovYY,0.00247267,774.2
e79d13fac35984bdd99eadc6669978f7,Localization Quality,AMCLPose,CovXX,0.0077415,774.2
e79d13fac35984bdd99eadc6669978f7,Localization Quality,AMCLPose,MeanYaw,-0.323274,774.2
e79d13fac35984bdd99eadc6669978f7,Localization Quality,AMCLPose,MeanY,-2.44783,774.2
e79d13fac35984bdd99eadc6669978f7,Localization Quality,AMCLPose,MeanX,6.63506,774.2
e79d13fac35984bdd99eadc6669978f7,Localization Stability,TF,Jump Angular,0.0016028,775.2
e79d13fac35984bdd99eadc6669978f7,Localization Stability,TF,Jump Linear,0.0114683,775.2
e79d13fac35984bdd99eadc6669978f7,Input Validity,Lidar,Lidar Rate,10,774.3
e79d13fac35984bdd99eadc6669978f7,Input Validity,Odometry,Odometry Rate,50,774.3
e79d13fac35984bdd99eadc6669978f7,Input Validity,TF,TF Rate,10,774.3
e79d13fac35984bdd99eadc6669978f7,Localization Stability,TF,Jump Angular,0,775.3
e79d13fac35984bdd99eadc6669978f7,Localization Stability,TF,Jump Linear,0,775.3
e79d13fac35984bdd99eadc6669978f7,Input Validity,Lidar,Lidar Rate,10,774.4
e79d13fac35984bdd99eadc6669978f7,Input Validity,Odometry,Odometry Rate,50,774.4
e79d13fac35984bdd99eadc6669978f7,Input Validity,TF,TF Rate,10,774.4
e79d13fac35984bdd99eadc6669978f7,Localization Stability,TF,Jump Angular,0,775.4
e79d13fac35984bdd99eadc6669978f7,Localization Stability,TF,Jump Linear,0,775.4
e79d13fac35984bdd99eadc6669978f7,Input Validity,Lidar,Lidar Rate,10,774.5
e79d13fac35984bdd99eadc6669978f7,Input Validity,Odometry,Odometry Rate,50,774.5
e79d13fac35984bdd99eadc6669978f7,Input Validity,TF,TF Rate,10,774.5
e79d13fac35984bdd99eadc6669978f7,Localization Stability,TF,Jump Angular,0,775.5
e79d13fac35984bdd99eadc6669978f7,Localization Stability,TF,Jump Linear,0,775.5
e79d13fac35984bdd99eadc6669978f7,Input Validity,Lidar,Lidar Rate,10,774.6
e79d13fac35984bdd99eadc6669978f7,Input Validity,Odometry,Odometry Rate,50,774.6
e79d13fac35984bdd99eadc6669978f7,Input Validity,TF,TF Rate,10,774.6
e79d13fac35984bdd99eadc6669978f7,Localization Stability,TF,Jump Angular,0,775.6
e79d13fac35984bdd99eadc6669978f7,Localization Stability,TF,Jump Linear,0,775.6
e79d13fac35984bdd99eadc6669978f7,Input Validity,Lidar,Lidar Rate,10,774.7
e79d13fac35984bdd99eadc6669978f7,Input Validity,Odometry,Odometry Rate,50,774.7
e79d13fac35984bdd99eadc6669978f7,Input Validity,TF,TF Rate,10,774.7
e79d13fac35984bdd99eadc6669978f7,Localization Stability,TF,Jump Angular,0,775.7
e79d13fac35984bdd99eadc6669978f7,Localization Stability,TF,Jump Linear,0,775.7
e79d13fac35984bdd99eadc6669978f7,Input Validity,Lidar,Lidar Rate,10,774.8
e79d13fac35984bdd99eadc6669978f7,Input Validity,Odometry,Odometry Rate,50,774.8
e79d13fac35984bdd99eadc6669978f7,Input Validity,TF,TF Rate,10,774.8
e79d13fac35984bdd99eadc6669978f7,Localization Quality,AMCLPose,CovYawYaw,0.0026065,774.8
e79d13fac35984bdd99eadc6669978f7,Localization Quality,AMCLPose,CovYY,0.00238086,774.8
e79d13fac35984bdd99eadc6669978f7,Localization Quality,AMCLPose,CovXX,0.00755399,774.8
e79d13fac35984bdd99eadc6669978f7,Localization Quality,AMCLPose,MeanYaw,-0.339929,774.8
e79d13fac35984bdd99eadc6669978f7,Localization Quality,AMCLPose,MeanY,-2.48295,774.8
e79d13fac35984bdd99eadc6669978f7,Localization Quality,AMCLPose,MeanX,6.7347,774.8
e79d13fac35984bdd99eadc6669978f7,Localization Stability,TF,Jump Angular,0.00282493,775.8
e79d13fac35984bdd99eadc6669978f7,Localization Stability,TF,Jump Linear,0.0210267,775.8
e79d13fac35984bdd99eadc6669978f7,Input Validity,Lidar,Lidar Rate,10,774.9
e79d13fac35984bdd99eadc6669978f7,Input Validity,Odometry,Odometry Rate,50,774.9
e79d13fac35984bdd99eadc6669978f7,Input Validity,TF,TF Rate,10,774.9
e79d13fac35984bdd99eadc6669978f7,Localization Stability,TF,Jump Angular,0,775.9
e79d13fac35984bdd99eadc6669978f7,Localization Stability,TF,Jump Linear,0,775.9
e79d13fac35984bdd99eadc6669978f7,Input Validity,Lidar,Lidar Rate,10,775
e79d13fac35984bdd99eadc6669978f7,Input Validity,Odometry,Odometry Rate,50,775
e79d13fac35984bdd99eadc6669978f7,Input Validity,TF,TF Rate,10,775
e79d13fac35984bdd99eadc6669978f7,Localization Stability,TF,Jump Angular,0,776
e79d13fac35984bdd99eadc6669978f7,Localization Stability,TF,Jump Linear,0,776
e79d13fac35984bdd99eadc6669978f7,Input Validity,Lidar,Lidar Rate,10,775.1
e79d13fac35984bdd99eadc6669978f7,Input Validity,Odometry,Odometry Rate,50,775.1
e79d13fac35984bdd99eadc6669978f7,Input Validity,TF,TF Rate,10,775.1
e79d13fac35984bdd99eadc6669978f7,Localization Stability,TF,Jump Angular,0,776.1
e79d13fac35984bdd99eadc6669978f7,Localization Stability,TF,Jump Linear,0,776.1
e79d13fac35984bdd99eadc6669978f7,Input Validity,Lidar,Lidar Rate,10,775.2
e79d13fac35984bdd99eadc6669978f7,Input Validity,Odometry,Odometry Rate,50,775.2
e79d13fac35984bdd99eadc6669978f7,Input Validity,TF,TF Rate,10,775.2
e79d13fac35984bdd99eadc6669978f7,Localization Stability,TF,Jump Angular,0,776.2
e79d13fac35984bdd99eadc6669978f7,Localization Stability,TF,Jump Linear,0,776.2
e79d13fac35984bdd99eadc6669978f7,Input Validity,Lidar,Lidar Rate,10,775.3
e79d13fac35984bdd99eadc6669978f7,Input Validity,Odometry,Odometry Rate,50,775.3
e79d13fac35984bdd99eadc6669978f7,Input Validity,TF,TF Rate,10,775.3
e79d13fac35984bdd99eadc6669978f7,Localization Stability,TF,Jump Angular,0,776.3
e79d13fac35984bdd99eadc6669978f7,Localization Stability,TF,Jump Linear,0,776.3
e79d13fac35984bdd99eadc6669978f7,Input Validity,Lidar,Lidar Rate,10,775.4
e79d13fac35984bdd99eadc6669978f7,Input Validity,Odometry,Odometry Rate,50,775.4
e79d13fac35984bdd99eadc6669978f7,Input Validity,TF,TF Rate,10,775.4
e79d13fac35984bdd99eadc6669978f7,Localization Stability,TF,Jump Angular,0,776.4
e79d13fac35984bdd99eadc6669978f7,Localization Stability,TF,Jump Linear,0,776.4
e79d13fac35984bdd99eadc6669978f7,Input Validity,Lidar,Lidar Rate,10,775.5
e79d13fac35984bdd99eadc6669978f7,Input Validity,Odometry,Odometry Rate,50,775.5
e79d13fac35984bdd99eadc6669978f7,Input Validity,TF,TF Rate,10,775.5
e79d13fac35984bdd99eadc6669978f7,Localization Stability,TF,Jump Angular,0,776.5
e79d13fac35984bdd99eadc6669978f7,Localization Stability,TF,Jump Linear,0,776.5
e79d13fac35984bdd99eadc6669978f7,Input Validity,Lidar,Lidar Rate,10,775.6
e79d13fac35984bdd99eadc6669978f7,Input Validity,Odometry,Odometry Rate,50,775.6
e79d13fac35984bdd99eadc6669978f7,Input Validity,TF,TF Rate,10,775.6
e79d13fac35984bdd99eadc6669978f7,Localization Stability,TF,Jump Angular,0,776.6
e79d13fac35984bdd99eadc6669978f7,Localization Stability,TF,Jump Linear,0,776.6
e79d13fac35984bdd99eadc6669978f7,Input Validity,Lidar,Lidar Rate,10,775.7
e79d13fac35984bdd99eadc6669978f7,Input Validity,Odometry,Odometry Rate,50,775.7
e79d13fac35984bdd99eadc6669978f7,Input Validity,TF,TF Rate,10,775.7
e79d13fac35984bdd99eadc6669978f7,Localization Stability,TF,Jump Angular,0,776.7
e79d13fac35984bdd99eadc6669978f7,Localization Stability,TF,Jump Linear,0,776.7
e79d13fac35984bdd99eadc6669978f7,Input Validity,Lidar,Lidar Rate,10,775.8
e79d13fac35984bdd99eadc6669978f7,Input Validity,Odometry,Odometry Rate,50,775.8
e79d13fac35984bdd99eadc6669978f7,Input Validity,TF,TF Rate,10,775.8
e79d13fac35984bdd99eadc6669978f7,Localization Quality,AMCLPose,CovYawYaw,0.00257987,775.8
e79d13fac35984bdd99eadc6669978f7,Localization Quality,AMCLPose,CovYY,0.00221435,775.8
e79d13fac35984bdd99eadc6669978f7,Localization Quality,AMCLPose,CovXX,0.00721142,775.8
e79d13fac35984bdd99eadc6669978f7,Localization Quality,AMCLPose,MeanYaw,-0.364063,775.8
e79d13fac35984bdd99eadc6669978f7,Localization Quality,AMCLPose,MeanY,-2.52478,775.8
e79d13fac35984bdd99eadc6669978f7,Localization Quality,AMCLPose,MeanX,6.84357,775.8
e79d13fac35984bdd99eadc6669978f7,Localization Stability,TF,Jump Angular,-0.00222022,776.8
e79d13fac35984bdd99eadc6669978f7,Localization Stability,TF,Jump Linear,0.0148652,776.8
e79d13fac35984bdd99eadc6669978f7,Input Validity,Lidar,Lidar Rate,10,775.9
e79d13fac35984bdd99eadc6669978f7,Input Validity,Odometry,Odometry Rate,50,775.9
e79d13fac35984bdd99eadc6669978f7,Input Validity,TF,TF Rate,10,775.9
e79d13fac35984bdd99eadc6669978f7,Localization Stability,TF,Jump Angular,0,776.9
e79d13fac35984bdd99eadc6669978f7,Localization Stability,TF,Jump Linear,0,776.9
e79d13fac35984bdd99eadc6669978f7,Input Validity,Lidar,Lidar Rate,10,776
e79d13fac35984bdd99eadc6669978f7,Input Validity,Odometry,Odometry Rate,50,776
e79d13fac35984bdd99eadc6669978f7,Input Validity,TF,TF Rate,10,776
e79d13fac35984bdd99eadc6669978f7,Localization Stability,TF,Jump Angular,0,777
e79d13fac35984bdd99eadc6669978f7,Localization Stability,TF,Jump Linear,0,777
e79d13fac35984bdd99eadc6669978f7,Input Validity,Lidar,Lidar Rate,10,776.1
e79d13fac35984bdd99eadc6669978f7,Input Validity,Odometry,Odometry Rate,50,776.1
e79d13fac35984bdd99eadc6669978f7,Input Validity,TF,TF Rate,10,776.1
e79d13fac35984bdd99eadc6669978f7,Localization Stability,TF,Jump Angular,0,777.1
e79d13fac35984bdd99eadc6669978f7,Localization Stability,TF,Jump Linear,0,777.1
e79d13fac35984bdd99eadc6669978f7,Input Validity,Lidar,Lidar Rate,10,776.19
e79d13fac35984bdd99eadc6669978f7,Input Validity,Odometry,Odometry Rate,50,776.19
e79d13fac35984bdd99eadc6669978f7,Input Validity,TF,TF Rate,10,776.19
e79d13fac35984bdd99eadc6669978f7,Localization Stability,TF,Jump Angular,0,777.2
e79d13fac35984bdd99eadc6669978f7,Localization Stability,TF,Jump Linear,0,777.2
e79d13fac35984bdd99eadc6669978f7,Input Validity,Lidar,Lidar Rate,10,776.29
e79d13fac35984bdd99eadc6669978f7,Input Validity,Odometry,Odometry Rate,50,776.29
e79d13fac35984bdd99eadc6669978f7,Input Validity,TF,TF Rate,10,776.29
e79d13fac35984bdd99eadc6669978f7,Localization Stability,TF,Jump Angular,0,777.3
e79d13fac35984bdd99eadc6669978f7,Localization Stability,TF,Jump Linear,0,777.3
e79d13fac35984bdd99eadc6669978f7,Input Validity,Lidar,Lidar Rate,10,776.39
e79d13fac35984bdd99eadc6669978f7,Input Validity,Odometry,Odometry Rate,50,776.39
e79d13fac35984bdd99eadc6669978f7,Input Validity,TF,TF Rate,10,776.39
e79d13fac35984bdd99eadc6669978f7,Localization Stability,TF,Jump Angular,0,777.4
e79d13fac35984bdd99eadc6669978f7,Localization Stability,TF,Jump Linear,0,777.4
e79d13fac35984bdd99eadc6669978f7,Input Validity,Lidar,Lidar Rate,10,776.49
e79d13fac35984bdd99eadc6669978f7,Input Validity,Odometry,Odometry Rate,50,776.49
e79d13fac35984bdd99eadc6669978f7,Input Validity,TF,TF Rate,10,776.49
e79d13fac35984bdd99eadc6669978f7,Localization Stability,TF,Jump Angular,0,777.5
e79d13fac35984bdd99eadc6669978f7,Localization Stability,TF,Jump Linear,0,777.5
e79d13fac35984bdd99eadc6669978f7,Input Validity,Lidar,Lidar Rate,10,776.59
e79d13fac35984bdd99eadc6669978f7,Input Validity,Odometry,Odometry Rate,50,776.59
e79d13fac35984bdd99eadc6669978f7,Input Validity,TF,TF Rate,10,776.59
e79d13fac35984bdd99eadc6669978f7,Localization Stability,TF,Jump Angular,0,777.6
e79d13fac35984bdd99eadc6669978f7,Localization Stability,TF,Jump Linear,0,777.6
e79d13fac35984bdd99eadc6669978f7,Input Validity,Lidar,Lidar Rate,10,776.69
e79d13fac35984bdd99eadc6669978f7,Input Validity,Odometry,Odometry Rate,50,776.69
e79d13fac35984bdd99eadc6669978f7,Input Validity,TF,TF Rate,10,776.69
e79d13fac35984bdd99eadc6669978f7,Localization Stability,TF,Jump Angular,0,777.7
e79d13fac35984bdd99eadc6669978f7,Localization Stability,TF,Jump Linear,0,777.7
e79d13fac35984bdd99eadc6669978f7,Input Validity,Lidar,Lidar Rate,10,776.79
e79d13fac35984bdd99eadc6669978f7,Input Validity,Odometry,Odometry Rate,50,776.79
e79d13fac35984bdd99eadc6669978f7,Input Validity,TF,TF Rate,10,776.79
e79d13fac35984bdd99eadc6669978f7,Localization Stability,TF,Jump Angular,0,777.8
e79d13fac35984bdd99eadc6669978f7,Localization Stability,TF,Jump Linear,0,777.8
e79d13fac35984bdd99eadc6669978f7,Input Validity,Lidar,Lidar Rate,10,776.89
e79d13fac35984bdd99eadc6669978f7,Input Validity,Odometry,Odometry Rate,50,776.89
e79d13fac35984bdd99eadc6669978f7,Input Validity,TF,TF Rate,10,776.89
e79d13fac35984bdd99eadc6669978f7,Localization Quality,AMCLPose,CovYawYaw,0.00212601,776.9
e79d13fac35984bdd99eadc6669978f7,Localization Quality,AMCLPose,CovYY,0.00201426,776.9
e79d13fac35984bdd99eadc6669978f7,Localization Quality,AMCLPose,CovXX,0.00697106,776.9
e79d13fac35984bdd99eadc6669978f7,Localization Quality,AMCLPose,MeanYaw,-0.312211,776.9
e79d13fac35984bdd99eadc6669978f7,Localization Quality,AMCLPose,MeanY,-2.55228,776.9
e79d13fac35984bdd99eadc6669978f7,Localization Quality,AMCLPose,MeanX,6.9108,776.9
e79d13fac35984bdd99eadc6669978f7,Localization Stability,TF,Jump Angular,0.000448189,777.9
e79d13fac35984bdd99eadc6669978f7,Localization Stability,TF,Jump Linear,0.0045164,777.9
e79d13fac35984bdd99eadc6669978f7,Input Validity,Lidar,Lidar Rate,10,776.99
e79d13fac35984bdd99eadc6669978f7,Input Validity,Odometry,Odometry Rate,50,776.99
e79d13fac35984bdd99eadc6669978f7,Input Validity,TF,TF Rate,10,776.99
e79d13fac35984bdd99eadc6669978f7,Localization Quality,AMCLPose,CovYawYaw,0.00156731,777
e79d13fac35984bdd99eadc6669978f7,Localization Quality,AMCLPose,CovYY,0.00163472,777
e79d13fac35984bdd99eadc6669978f7,Localization Quality,AMCLPose,CovXX,0.00596161,777
e79d13fac35984bdd99eadc6669978f7,Localization Quality,AMCLPose,MeanYaw,-0.255798,777
e79d13fac35984bdd99eadc6669978f7,Localization Quality,AMCLPose,MeanY,-2.55083,777
e79d13fac35984bdd99eadc6669978f7,Localization Quality,AMCLPose,MeanX,6.91048,777
e79d13fac35984bdd99eadc6669978f7,Localization Stability,TF,Jump Angular,0.000100803,778
e79d13fac35984bdd99eadc6669978f7,Localization Stability,TF,Jump Linear,0.00094737,778
e79d13fac35984bdd99eadc6669978f7,Input Validity,Lidar,Lidar Rate,10,777.09
e79d13fac35984bdd99eadc6669978f7,Input Validity,Odometry,Odometry Rate,50,777.09
e79d13fac35984bdd99eadc6669978f7,Input Validity,TF,TF Rate,10,777.09
e79d13fac35984bdd99eadc6669978f7,Localization Quality,AMCLPose,CovYawYaw,0.00127872,777.1
e79d13fac35984bdd99eadc6669978f7,Localization Quality,AMCLPose,CovYY,0.00143661,777.1
e79d13fac35984bdd99eadc6669978f7,Localization Quality,AMCLPose,CovXX,0.00542242,777.1
e79d13fac35984bdd99eadc6669978f7,Localization Quality,AMCLPose,MeanYaw,-0.182948,777.1
e79d13fac35984bdd99eadc6669978f7,Localization Quality,AMCLPose,MeanY,-2.55052,777.1
e79d13fac35984bdd99eadc6669978f7,Localization Quality,AMCLPose,MeanX,6.91291,777.1
e79d13fac35984bdd99eadc6669978f7,Localization Stability,TF,Jump Angular,-0.000416028,778.1
e79d13fac35984bdd99eadc6669978f7,Localization Stability,TF,Jump Linear,0.0047197,778.1
e79d13fac35984bdd99eadc6669978f7,Input Validity,Lidar,Lidar Rate,10,777.19
e79d13fac35984bdd99eadc6669978f7,Input Validity,Odometry,Odometry Rate,50,777.19
e79d13fac35984bdd99eadc6669978f7,Input Validity,TF,TF Rate,10,777.19
e79d13fac35984bdd99eadc6669978f7,Localization Quality,AMCLPose,CovYawYaw,0.00117585,777.2
e79d13fac35984bdd99eadc6669978f7,Localization Quality,AMCLPose,CovYY,0.00124374,777.2
e79d13fac35984bdd99eadc6669978f7,Localization Quality,AMCLPose,CovXX,0.00467236,777.2
e79d13fac35984bdd99eadc6669978f7,Localization Quality,AMCLPose,MeanYaw,-0.0942398,777.2
e79d13fac35984bdd99eadc6669978f7,Localization Quality,AMCLPose,MeanY,-2.55089,777.2
e79d13fac35984bdd99eadc6669978f7,Localization Quality,AMCLPose,MeanX,6.90982,777.2
e79d13fac35984bdd99eadc6669978f7,Localization Stability,TF,Jump Angular,-0.00153936,778.2
e79d13fac35984bdd99eadc6669978f7,Localization Stability,TF,Jump Linear,0.010342,778.2
e79d13fac35984bdd99eadc6669978f7,Input Validity,Lidar,Lidar Rate,10,777.29
e79d13fac35984bdd99eadc6669978f7,Input Validity,Odometry,Odometry Rate,50,777.29
e79d13fac35984bdd99eadc6669978f7,Input Validity,TF,TF Rate,10,777.29
e79d13fac35984bdd99eadc6669978f7,Localization Quality,AMCLPose,CovYawYaw,0.00133061,777.3
e79d13fac35984bdd99eadc6669978f7,Localization Quality,AMCLPose,CovYY,0.00108165,777.3
e79d13fac35984bdd99eadc6669978f7,Localization Quality,AMCLPose,CovXX,0.00447204,777.3
e79d13fac35984bdd99eadc6669978f7,Localization Quality,AMCLPose,MeanYaw,0.0113633,777.3
e79d13fac35984bdd99eadc6669978f7,Localization Quality,AMCLPose,MeanY,-2.55245,777.3
e79d13fac35984bdd99eadc6669978f7,Localization Quality,AMCLPose,MeanX,6.90815,777.3
e79d13fac35984bdd99eadc6669978f7,Localization Stability,TF,Jump Angular,-0.00162839,778.3
e79d13fac35984bdd99eadc6669978f7,Localization Stability,TF,Jump Linear,0.0100337,778.3
e79d13fac35984bdd99eadc6669978f7,Input Validity,Lidar,Lidar Rate,10,777.39
e79d13fac35984bdd99eadc6669978f7,Input Validity,Odometry,Odometry Rate,50,777.39
e79d13fac35984bdd99eadc6669978f7,Input Validity,TF,TF Rate,10,777.39
e79d13fac35984bdd99eadc6669978f7,Localization Quality,AMCLPose,CovYawYaw,0.00146512,777.4
e79d13fac35984bdd99eadc6669978f7,Localization Quality,AMCLPose,CovYY,0.000994865,777.4
e79d13fac35984bdd99eadc6669978f7,Localization Quality,AMCLPose,CovXX,0.0047528,777.4
e79d13fac35984bdd99eadc6669978f7,Localization Quality,AMCLPose,MeanYaw,0.135478,777.4
e79d13fac35984bdd99eadc6669978f7,Localization Quality,AMCLPose,MeanY,-2.55291,777.4
e79d13fac35984bdd99eadc6669978f7,Localization Quality,AMCLPose,MeanX,6.90712,777.4
e79d13fac35984bdd99eadc6669978f7,Localization Stability,TF,Jump Angular,-9.80553e-05,778.4
e79d13fac35984bdd99eadc6669978f7,Localization Stability,TF,Jump Linear,0.000811592,778.4
e79d13fac35984bdd99eadc6669978f7,Input Validity,Lidar,Lidar Rate,10,777.49
e79d13fac35984bdd99eadc6669978f7,Input Validity,Odometry,Odometry Rate,50,777.49
e79d13fac35984bdd99eadc6669978f7,Input Validity,TF,TF Rate,10,777.49
e79d13fac35984bdd99eadc6669978f7,Localization Quality,AMCLPose,CovYawYaw,0.00174523,777.5
e79d13fac35984bdd99eadc6669978f7,Localization Quality,AMCLPose,CovYY,0.0009087,777.5
e79d13fac35984bdd99eadc6669978f7,Localization Quality,AMCLPose,CovXX,0.00513871,777.5
e79d13fac35984bdd99eadc6669978f7,Localization Quality,AMCLPose,MeanYaw,0.275485,777.5
e79d13fac35984bdd99eadc6669978f7,Localization Quality,AMCLPose,MeanY,-2.55455,777.5
e79d13fac35984bdd99eadc6669978f7,Localization Quality,AMCLPose,MeanX,6.90678,777.5
e79d13fac35984bdd99eadc6669978f7,Localization Stability,TF,Jump Angular,-0.00118606,778.5
e79d13fac35984bdd99eadc6669978f7,Localization Stability,TF,Jump Linear,0.00710002,778.5
e79d13fac35984bdd99eadc6669978f7,Localization Responsiveness,TTC,TTC Outcome,1,777.58
e79d13fac35984bdd99eadc6669978f7,Localization Responsiveness,TTC,TTC,2.58,777.58
e79d13fac35984bdd99eadc6669978f7,Mission Outcome,Episode Event,Recoveries,0,777.58
e79d13fac35984bdd99eadc6669978f7,Mission Outcome,Episode Event,Collisions,0,777.58
e79d13fac35984bdd99eadc6669978f7,Mission Outcome,Episode Event,Navigation Time,40.66,777.58
e79d13fac35984bdd99eadc6669978f7,Mission Outcome,Episode Event,Goal Result,1,777.58
e79d13fac35984bdd99eadc6669978f7,Input Validity,AMCLPose,Pose Monotonicity,0,777.58
e79d13fac35984bdd99eadc6669978f7,Input Validity,Lidar,Lidar Frame Mistmatch,0,777.58
e79d13fac35984bdd99eadc6669978f7,Input Validity,Lidar,Lidar Monotonicity,0,777.58
e79d13fac35984bdd99eadc6669978f7,Input Validity,Odometry,Odometry Frame Mismatch,0,777.58
e79d13fac35984bdd99eadc6669978f7,Input Validity,Odometry,Odometry Monotonicity,0,777.58
e79d13fac35984bdd99eadc6669978f7,Input Validity,TF,TF Gap Count,0,777.58
e79d13fac35984bdd99eadc6669978f7,Input Validity,TF,TF Frame Drop,2033,777.58
e79d13fac35984bdd99eadc6669978f7,Input Validity,TF,TF Monotonicity,0,777.58
e79d13fac35984bdd99eadc6669978f7,map,-8.59753,-0.262817,154.932,6.975,-2.575,21.6848,1,SUCCEEDED,4,40.66,736.92,777.58,0.0369421,0.126826,0.871537,0.0343221,0.00140913,0.0455602,0.035906,983.595,4079,15.9095,0.412436,0.0345973,0.50501,0,2033,0.989547
26e7cbf1458a6339ae48cd72fbe6d654,Localization Stability,TF,Jump Angular,0,786.3
26e7cbf1458a6339ae48cd72fbe6d654,Localization Stability,TF,Jump Linear,0,786.3
26e7cbf1458a6339ae48cd72fbe6d654,Input Validity,Lidar,Lidar Rate,10,785.36
26e7cbf1458a6339ae48cd72fbe6d654,Input Validity,Odometry,Odometry Rate,50,785.36
26e7cbf1458a6339ae48cd72fbe6d654,Input Validity,TF,TF Rate,10,785.36
26e7cbf1458a6339ae48cd72fbe6d654,Localization Stability,TF,Jump Angular,-0.00124599,786.4
26e7cbf1458a6339ae48cd72fbe6d654,Localization Stability,TF,Jump Linear,0.00190903,786.4
26e7cbf1458a6339ae48cd72fbe6d654,Input Validity,Lidar,Lidar Rate,10,785.46
26e7cbf1458a6339ae48cd72fbe6d654,Input Validity,Odometry,Odometry Rate,50,785.46
26e7cbf1458a6339ae48cd72fbe6d654,Input Validity,TF,TF Rate,10,785.46
26e7cbf1458a6339ae48cd72fbe6d654,Localization Quality,AMCLPose,CovYawYaw,0.252648,785.5
26e7cbf1458a6339ae48cd72fbe6d654,Localization Quality,AMCLPose,CovYY,0.244453,785.5
26e7cbf1458a6339ae48cd72fbe6d654,Localization Quality,AMCLPose,CovXX,0.263623,785.5
26e7cbf1458a6339ae48cd72fbe6d654,Localization Quality,AMCLPose,MeanYaw,0.569272,785.5
26e7cbf1458a6339ae48cd72fbe6d654,Localization Quality,AMCLPose,MeanY,-2.10889,785.5
26e7cbf1458a6339ae48cd72fbe6d654,Localization Quality,AMCLPose,MeanX,6.99221,785.5
26e7cbf1458a6339ae48cd72fbe6d654,Localization Stability,TF,Jump Angular,-0.0100054,786.5
26e7cbf1458a6339ae48cd72fbe6d654,Localization Stability,TF,Jump Linear,0.0598985,786.5
26e7cbf1458a6339ae48cd72fbe6d654,Input Validity,Lidar,Lidar Rate,10,785.56
26e7cbf1458a6339ae48cd72fbe6d654,Input Validity,Odometry,Odometry Rate,50,785.56
26e7cbf1458a6339ae48cd72fbe6d654,Input Validity,TF,TF Rate,10,785.56
26e7cbf1458a6339ae48cd72fbe6d654,Localization Quality,AMCLPose,CovYawYaw,0.249498,785.6
26e7cbf1458a6339ae48cd72fbe6d654,Localization Quality,AMCLPose,CovYY,0.242297,785.6
26e7cbf1458a6339ae48cd72fbe6d654,Localization Quality,AMCLPose,CovXX,0.271732,785.6
26e7cbf1458a6339ae48cd72fbe6d654,Localization Quality,AMCLPose,MeanYaw,0.648139,785.6
26e7cbf1458a6339ae48cd72fbe6d654,Localization Quality,AMCLPose,MeanY,-2.11049,785.6
26e7cbf1458a6339ae48cd72fbe6d654,Localization Quality,AMCLPose,MeanX,7.00763,785.6
26e7cbf1458a6339ae48cd72fbe6d654,Localization Stability,TF,Jump Angular,0.00721318,786.6
26e7cbf1458a6339ae48cd72fbe6d654,Localization Stability,TF,Jump Linear,0.0497409,786.6
26e7cbf1458a6339ae48cd72fbe6d654,Input Validity,Lidar,Lidar Rate,10,785.66
26e7cbf1458a6339ae48cd72fbe6d654,Input Validity,Odometry,Odometry Rate,50,785.66
26e7cbf1458a6339ae48cd72fbe6d654,Input Validity,TF,TF Rate,10,785.66
26e7cbf1458a6339ae48cd72fbe6d654,Localization Quality,AMCLPose,CovYawYaw,0.259137,785.7
26e7cbf1458a6339ae48cd72fbe6d654,Localization Quality,AMCLPose,CovYY,0.241177,785.7
26e7cbf1458a6339ae48cd72fbe6d654,Localization Quality,AMCLPose,CovXX,0.270464,785.7
26e7cbf1458a6339ae48cd72fbe6d654,Localization Quality,AMCLPose,MeanYaw,0.728874,785.7
26e7cbf1458a6339ae48cd72fbe6d654,Localization Quality,AMCLPose,MeanY,-2.1108,785.7
26e7cbf1458a6339ae48cd72fbe6d654,Localization Quality,AMCLPose,MeanX,7.01164,785.7
26e7cbf1458a6339ae48cd72fbe6d654,Localization Stability,TF,Jump Angular,-0.00790849,786.7
26e7cbf1458a6339ae48cd72fbe6d654,Localization Stability,TF,Jump Linear,0.0600433,786.7
26e7cbf1458a6339ae48cd72fbe6d654,Input Validity,Lidar,Lidar Rate,10,785.76
26e7cbf1458a6339ae48cd72fbe6d654,Input Validity,Odometry,Odometry Rate,50,785.76
26e7cbf1458a6339ae48cd72fbe6d654,Input Validity,TF,TF Rate,10,785.76
26e7cbf1458a6339ae48cd72fbe6d654,Localization Quality,AMCLPose,CovYawYaw,0.256162,785.8
26e7cbf1458a6339ae48cd72fbe6d654,Localization Quality,AMCLPose,CovYY,0.242178,785.8
26e7cbf1458a6339ae48cd72fbe6d654,Localization Quality,AMCLPose,CovXX,0.286417,785.8
26e7cbf1458a6339ae48cd72fbe6d654,Localization Quality,AMCLPose,MeanYaw,0.83724,785.8
26e7cbf1458a6339ae48cd72fbe6d654,Localization Quality,AMCLPose,MeanY,-2.11218,785.8
26e7cbf1458a6339ae48cd72fbe6d654,Localization Quality,AMCLPose,MeanX,7.00506,785.8
26e7cbf1458a6339ae48cd72fbe6d654,Localization Stability,TF,Jump Angular,0.00274255,786.8
26e7cbf1458a6339ae48cd72fbe6d654,Localization Stability,TF,Jump Linear,0.0250376,786.8
26e7cbf1458a6339ae48cd72fbe6d654,Input Validity,Lidar,Lidar Rate,10,785.86
26e7cbf1458a6339ae48cd72fbe6d654,Input Validity,Odometry,Odometry Rate,50,785.86
26e7cbf1458a6339ae48cd72fbe6d654,Input Validity,TF,TF Rate,10,785.86
26e7cbf1458a6339ae48cd72fbe6d654,Localization Quality,AMCLPose,CovYawYaw,0.221671,785.9
26e7cbf1458a6339ae48cd72fbe6d654,Localization Quality,AMCLPose,CovYY,0.228759,785.9
26e7cbf1458a6339ae48cd72fbe6d654,Localization Quality,AMCLPose,CovXX,0.235044,785.9
26e7cbf1458a6339ae48cd72fbe6d654,Localization Quality,AMCLPose,MeanYaw,1.11041,785.9
26e7cbf1458a6339ae48cd72fbe6d654,Localization Quality,AMCLPose,MeanY,-2.24297,785.9
26e7cbf1458a6339ae48cd72fbe6d654,Localization Quality,AMCLPose,MeanX,7.00231,785.9
26e7cbf1458a6339ae48cd72fbe6d654,Localization Stability,TF,Jump Angular,0.150564,786.9
26e7cbf1458a6339ae48cd72fbe6d654,Localization Stability,TF,Jump Linear,1.23266,786.9
26e7cbf1458a6339ae48cd72fbe6d654,Input Validity,Lidar,Lidar Rate,10,785.96
26e7cbf1458a6339ae48cd72fbe6d654,Input Validity,Odometry,Odometry Rate,50,785.96
26e7cbf1458a6339ae48cd72fbe6d654,Input Validity,TF,TF Rate,10,785.96
26e7cbf1458a6339ae48cd72fbe6d654,Input Validity,Lidar,Lidar Rate,10,786.06
26e7cbf1458a6339ae48cd72fbe6d654,Input Validity,Odometry,Odometry Rate,50,786.06
26e7cbf1458a6339ae48cd72fbe6d654,Input Validity,TF,TF Rate,10,786.06
26e7cbf1458a6339ae48cd72fbe6d654,Localization Quality,AMCLPose,CovYawYaw,0.171433,786
26e7cbf1458a6339ae48cd72fbe6d654,Localization Quality,AMCLPose,CovYY,0.212894,786
26e7cbf1458a6339ae48cd72fbe6d654,Localization Quality,AMCLPose,CovXX,0.188181,786
26e7cbf1458a6339ae48cd72fbe6d654,Localization Quality,AMCLPose,MeanYaw,1.30036,786
26e7cbf1458a6339ae48cd72fbe6d654,Localization Quality,AMCLPose,MeanY,-2.29755,786
26e7cbf1458a6339ae48cd72fbe6d654,Localization Quality,AMCLPose,MeanX,7.06263,786
26e7cbf1458a6339ae48cd72fbe6d654,Localization Stability,TF,Jump Angular,0.0503615,787
26e7cbf1458a6339ae48cd72fbe6d654,Localization Stability,TF,Jump Linear,0.41256,787
26e7cbf1458a6339ae48cd72fbe6d654,Input Validity,Lidar,Lidar Rate,10,786.16
26e7cbf1458a6339ae48cd72fbe6d654,Input Validity,Odometry,Odometry Rate,50,786.16
26e7cbf1458a6339ae48cd72fbe6d654,Input Validity,TF,TF Rate,10,786.16
26e7cbf1458a6339ae48cd72fbe6d654,Localization Quality,AMCLPose,CovYawYaw,0.131206,786.1
26e7cbf1458a6339ae48cd72fbe6d654,Localization Quality,AMCLPose,CovYY,0.193456,786.1
26e7cbf1458a6339ae48cd72fbe6d654,Localization Quality,AMCLPose,CovXX,0.151333,786.1
26e7cbf1458a6339ae48cd72fbe6d654,Localization Quality,AMCLPose,MeanYaw,1.47295,786.1
26e7cbf1458a6339ae48cd72fbe6d654,Localization Quality,AMCLPose,MeanY,-2.33312,786.1
26e7cbf1458a6339ae48cd72fbe6d654,Localization Quality,AMCLPose,MeanX,7.12225,786.1
26e7cbf1458a6339ae48cd72fbe6d654,Localization Stability,TF,Jump Angular,0.0151283,787.1
26e7cbf1458a6339ae48cd72fbe6d654,Localization Stability,TF,Jump Linear,0.146337,787.1
26e7cbf1458a6339ae48cd72fbe6d654,Input Validity,Lidar,Lidar Rate,10,786.26
26e7cbf1458a6339ae48cd72fbe6d654,Input Validity,Odometry,Odometry Rate,50,786.26
26e7cbf1458a6339ae48cd72fbe6d654,Input Validity,TF,TF Rate,10,786.26
26e7cbf1458a6339ae48cd72fbe6d654,Localization Quality,AMCLPose,CovYawYaw,0.0927169,786.2
26e7cbf1458a6339ae48cd72fbe6d654,Localization Quality,AMCLPose,CovYY,0.161509,786.2
26e7cbf1458a6339ae48cd72fbe6d654,Localization Quality,AMCLPose,CovXX,0.128726,786.2
26e7cbf1458a6339ae48cd72fbe6d654,Localization Quality,AMCLPose,MeanYaw,1.62395,786.2
26e7cbf1458a6339ae48cd72fbe6d654,Localization Quality,AMCLPose,MeanY,-2.38264,786.2
26e7cbf1458a6339ae48cd72fbe6d654,Localization Quality,AMCLPose,MeanX,7.16531,786.2
26e7cbf1458a6339ae48cd72fbe6d654,Localization Stability,TF,Jump Angular,-0.0232667,787.2
26e7cbf1458a6339ae48cd72fbe6d654,Localization Stability,TF,Jump Linear,0.146277,787.2
26e7cbf1458a6339ae48cd72fbe6d654,Input Validity,Lidar,Lidar Rate,10,786.36
26e7cbf1458a6339ae48cd72fbe6d654,Input Validity,Odometry,Odometry Rate,50,786.36
26e7cbf1458a6339ae48cd72fbe6d654,Input Validity,TF,TF Rate,10,786.36
26e7cbf1458a6339ae48cd72fbe6d654,Localization Quality,AMCLPose,CovYawYaw,0.0678426,786.3
26e7cbf1458a6339ae48cd72fbe6d654,Localization Quality,AMCLPose,CovYY,0.138579,786.3
26e7cbf1458a6339ae48cd72fbe6d654,Localization Quality,AMCLPose,CovXX,0.111816,786.3
26e7cbf1458a6339ae48cd72fbe6d654,Localization Quality,AMCLPose,MeanYaw,1.79695,786.3
26e7cbf1458a6339ae48cd72fbe6d654,Localization Quality,AMCLPose,MeanY,-2.42313,786.3
26e7cbf1458a6339ae48cd72fbe6d654,Localization Quality,AMCLPose,MeanX,7.19587,786.3
26e7cbf1458a6339ae48cd72fbe6d654,Localization Stability,TF,Jump Angular,-0.0181526,787.3
26e7cbf1458a6339ae48cd72fbe6d654,Localization Stability,TF,Jump Linear,0.111825,787.3
26e7cbf1458a6339ae48cd72fbe6d654,Localization Quality,AMCLPose,CovYawYaw,0.0480393,786.4
26e7cbf1458a6339ae48cd72fbe6d654,Localization Quality,AMCLPose,CovYY,0.110661,786.4
26e7cbf1458a6339ae48cd72fbe6d654,Localization Quality,AMCLPose,CovXX,0.100909,786.4
26e7cbf1458a6339ae48cd72fbe6d654,Localization Quality,AMCLPose,MeanYaw,1.95557,786.4
26e7cbf1458a6339ae48cd72fbe6d654,Localization Quality,AMCLPose,MeanY,-2.44936,786.4
26e7cbf1458a6339ae48cd72fbe6d654,Localization Quality,AMCLPose,MeanX,7.21396,786.4
26e7cbf1458a6339ae48cd72fbe6d654,Localization Stability,TF,Jump Angular,-0.015858,787.4
26e7cbf1458a6339ae48cd72fbe6d654,Localization Stability,TF,Jump Linear,0.0988681,787.4
26e7cbf1458a6339ae48cd72fbe6d654,Input Validity,Lidar,Lidar Rate,10,786.46
26e7cbf1458a6339ae48cd72fbe6d654,Input Validity,Odometry,Odometry Rate,50,786.46
26e7cbf1458a6339ae48cd72fbe6d654,Input Validity,TF,TF Rate,10,786.46
26e7cbf1458a6339ae48cd72fbe6d654,Localization Quality,AMCLPose,CovYawYaw,0.0346913,786.5
26e7cbf1458a6339ae48cd72fbe6d654,Localization Quality,AMCLPose,CovYY,0.087087,786.5
26e7cbf1458a6339ae48cd72fbe6d654,Localization Quality,AMCLPose,CovXX,0.0898637,786.5
26e7cbf1458a6339ae48cd72fbe6d654,Localization Quality,AMCLPose,MeanYaw,2.066,786.5
26e7cbf1458a6339ae48cd72fbe6d654,Localization Quality,AMCLPose,MeanY,-2.47469,786.5
26e7cbf1458a6339ae48cd72fbe6d654,Localization Quality,AMCLPose,MeanX,7.2499,786.5
26e7cbf1458a6339ae48cd72fbe6d654,Localization Stability,TF,Jump Angular,-0.0140574,787.5
26e7cbf1458a6339ae48cd72fbe6d654,Localization Stability,TF,Jump Linear,0.0972637,787.5
26e7cbf1458a6339ae48cd72fbe6d654,Input Validity,Lidar,Lidar Rate,10,786.56
26e7cbf1458a6339ae48cd72fbe6d654,Input Validity,Odometry,Odometry Rate,50,786.56
26e7cbf1458a6339ae48cd72fbe6d654,Input Validity,TF,TF Rate,10,786.56
26e7cbf1458a6339ae48cd72fbe6d654,Localization Quality,AMCLPose,CovYawYaw,0.0180312,786.6
26e7cbf1458a6339ae48cd72fbe6d654,Localization Quality,AMCLPose,CovYY,0.0656353,786.6
26e7cbf1458a6339ae48cd72fbe6d654,Localization Quality,AMCLPose,CovXX,0.0848078,786.6
26e7cbf1458a6339ae48cd72fbe6d654,Localization Quality,AMCLPose,MeanYaw,2.13275,786.6
26e7cbf1458a6339ae48cd72fbe6d654,Localization Quality,AMCLPose,MeanY,-2.48044,786.6
26e7cbf1458a6339ae48cd72fbe6d654,Localization Quality,AMCLPose,MeanX,7.26992,786.6
26e7cbf1458a6339ae48cd72fbe6d654,Localization Stability,TF,Jump Angular,-0.00773057,787.6
26e7cbf1458a6339ae48cd72fbe6d654,Localization Stability,TF,Jump Linear,0.0579454,787.6
26e7cbf1458a6339ae48cd72fbe6d654,Input Validity,Lidar,Lidar Rate,10,786.65
26e7cbf1458a6339ae48cd72fbe6d654,Input Validity,Odometry,Odometry Rate,50,786.65
26e7cbf1458a6339ae48cd72fbe6d654,Input Validity,TF,TF Rate,10,786.65
26e7cbf1458a6339ae48cd72fbe6d654,Localization Stability,TF,Jump Angular,0,787.7
26e7cbf1458a6339ae48cd72fbe6d654,Localization Stability,TF,Jump Linear,0,787.7
26e7cbf1458a6339ae48cd72fbe6d654,Input Validity,Lidar,Lidar Rate,10,786.75
26e7cbf1458a6339ae48cd72fbe6d654,Input Validity,Odometry,Odometry Rate,50,786.75
26e7cbf1458a6339ae48cd72fbe6d654,Input Validity,TF,TF Rate,10,786.75
26e7cbf1458a6339ae48cd72fbe6d654,Localization Quality,AMCLPose,CovYawYaw,0.0175554,786.8
26e7cbf1458a6339ae48cd72fbe6d654,Localization Quality,AMCLPose,CovYY,0.0573001,786.8
26e7cbf1458a6339ae48cd72fbe6d654,Localization Quality,AMCLPose,CovXX,0.0838849,786.8
26e7cbf1458a6339ae48cd72fbe6d654,Localization Quality,AMCLPose,MeanYaw,2.19992,786.8
26e7cbf1458a6339ae48cd72fbe6d654,Localization Quality,AMCLPose,MeanY,-2.44769,786.8
26e7cbf1458a6339ae48cd72fbe6d654,Localization Quality,AMCLPose,MeanX,7.23703,786.8
26e7cbf1458a6339ae48cd72fbe6d654,Localization Stability,TF,Jump Angular,-0.00398694,787.8
26e7cbf1458a6339ae48cd72fbe6d654,Localization Stability,TF,Jump Linear,0.0167566,787.8
26e7cbf1458a6339ae48cd72fbe6d654,Input Validity,Lidar,Lidar Rate,10,786.85
26e7cbf1458a6339ae48cd72fbe6d654,Input Validity,Odometry,Odometry Rate,50,786.85
26e7cbf1458a6339ae48cd72fbe6d654,Input Validity,TF,TF Rate,10,786.85
26e7cbf1458a6339ae48cd72fbe6d654,Localization Stability,TF,Jump Angular,0,787.9
26e7cbf1458a6339ae48cd72fbe6d654,Localization Stability,TF,Jump Linear,0,787.9
26e7cbf1458a6339ae48cd72fbe6d654,Input Validity,Lidar,Lidar Rate,10,786.95
26e7cbf1458a6339ae48cd72fbe6d654,Input Validity,Odometry,Odometry Rate,50,786.95
26e7cbf1458a6339ae48cd72fbe6d654,Input Validity,TF,TF Rate,10,786.95
26e7cbf1458a6339ae48cd72fbe6d654,Localization Stability,TF,Jump Angular,0,788
26e7cbf1458a6339ae48cd72fbe6d654,Localization Stability,TF,Jump Linear,0,788
26e7cbf1458a6339ae48cd72fbe6d654,Input Validity,Lidar,Lidar Rate,10,787.05
26e7cbf1458a6339ae48cd72fbe6d654,Input Validity,Odometry,Odometry Rate,50,787.05
26e7cbf1458a6339ae48cd72fbe6d654,Input Validity,TF,TF Rate,10,787.05
26e7cbf1458a6339ae48cd72fbe6d654,Localization Stability,TF,Jump Angular,0,788.1
26e7cbf1458a6339ae48cd72fbe6d654,Localization Stability,TF,Jump Linear,0,788.1
26e7cbf1458a6339ae48cd72fbe6d654,Input Validity,Lidar,Lidar Rate,10,787.15
26e7cbf1458a6339ae48cd72fbe6d654,Input Validity,Odometry,Odometry Rate,50,787.15
26e7cbf1458a6339ae48cd72fbe6d654,Input Validity,TF,TF Rate,10,787.15
26e7cbf1458a6339ae48cd72fbe6d654,Localization Quality,AMCLPose,CovYawYaw,0.0215738,787.2
26e7cbf1458a6339ae48cd72fbe6d654,Localization Quality,AMCLPose,CovYY,0.0519292,787.2
26e7cbf1458a6339ae48cd72fbe6d654,Localization Quality,AMCLPose,CovXX,0.0822017,787.2
26e7cbf1458a6339ae48cd72fbe6d654,Localization Quality,AMCLPose,MeanYaw,2.20755,787.2
26e7cbf1458a6339ae48cd72fbe6d654,Localization Quality,AMCLPose,MeanY,-2.30923,787.2
26e7cbf1458a6339ae48cd72fbe6d654,Localization Quality,AMCLPose,MeanX,7.12359,787.2
26e7cbf1458a6339ae48cd72fbe6d654,Localization Stability,TF,Jump Angular,-0.00578035,788.2
26e7cbf1458a6339ae48cd72fbe6d654,Localization Stability,TF,Jump Linear,0.0408443,788.2
26e7cbf1458a6339ae48cd72fbe6d654,Input Validity,Lidar,Lidar Rate,10,787.25
26e7cbf1458a6339ae48cd72fbe6d654,Input Validity,Odometry,Odometry Rate,50,787.25
26e7cbf1458a6339ae48cd72fbe6d654,Input Validity,TF,TF Rate,10,787.25
26e7cbf1458a6339ae48cd72fbe6d654,Localization Stability,TF,Jump Angular,0,788.3
26e7cbf1458a6339ae48cd72fbe6d654,Localization Stability,TF,Jump Linear,0,788.3
26e7cbf1458a6339ae48cd72fbe6d654,Input Validity,Lidar,Lidar Rate,10,787.35
26e7cbf1458a6339ae48cd72fbe6d654,Input Validity,Odometry,Odometry Rate,50,787.35
26e7cbf1458a6339ae48cd72fbe6d654,Input Validity,TF,TF Rate,10,787.35
26e7cbf1458a6339ae48cd72fbe6d654,Localization Stability,TF,Jump Angular,0,788.4
26e7cbf1458a6339ae48cd72fbe6d654,Localization Stability,TF,Jump Linear,0,788.4
26e7cbf1458a6339ae48cd72fbe6d654,Input Validity,Lidar,Lidar Rate,10,787.45
26e7cbf1458a6339ae48cd72fbe6d654,Input Validity,Odometry,Odometry Rate,50,787.45
26e7cbf1458a6339ae48cd72fbe6d654,Input Validity,TF,TF Rate,10,787.45
26e7cbf1458a6339ae48cd72fbe6d654,Localization Quality,AMCLPose,CovYawYaw,0.0204796,787.5
26e7cbf1458a6339ae48cd72fbe6d654,Localization Quality,AMCLPose,CovYY,0.0530128,787.5
26e7cbf1458a6339ae48cd72fbe6d654,Localization Quality,AMCLPose,CovXX,0.0812632,787.5
26e7cbf1458a6339ae48cd72fbe6d654,Localization Quality,AMCLPose,MeanYaw,2.22932,787.5
26e7cbf1458a6339ae48cd72fbe6d654,Localization Quality,AMCLPose,MeanY,-2.19514,787.5
26e7cbf1458a6339ae48cd72fbe6d654,Localization Quality,AMCLPose,MeanX,7.04096,787.5
26e7cbf1458a6339ae48cd72fbe6d654,Localization Stability,TF,Jump Angular,0.00241261,788.5
26e7cbf1458a6339ae48cd72fbe6d654,Localization Stability,TF,Jump Linear,0.0123782,788.5
26e7cbf1458a6339ae48cd72fbe6d654,Input Validity,Lidar,Lidar Rate,10,787.55
26e7cbf1458a6339ae48cd72fbe6d654,Input Validity,Odometry,Odometry Rate,50,787.55
26e7cbf1458a6339ae48cd72fbe6d654,Input Validity,TF,TF Rate,10,787.55
26e7cbf1458a6339ae48cd72fbe6d654,Localization Stability,TF,Jump Angular,0,788.6
26e7cbf1458a6339ae48cd72fbe6d654,Localization Stability,TF,Jump Linear,0,788.6
26e7cbf1458a6339ae48cd72fbe6d654,Input Validity,Lidar,Lidar Rate,10,787.65
26e7cbf1458a6339ae48cd72fbe6d654,Input Validity,Odometry,Odometry Rate,50,787.65
26e7cbf1458a6339ae48cd72fbe6d654,Input Validity,TF,TF Rate,10,787.65
26e7cbf1458a6339ae48cd72fbe6d654,Localization Stability,TF,Jump Angular,0,788.7
26e7cbf1458a6339ae48cd72fbe6d654,Localization Stability,TF,Jump Linear,0,788.7
26e7cbf1458a6339ae48cd72fbe6d654,Input Validity,Lidar,Lidar Rate,10,787.75
26e7cbf1458a6339ae48cd72fbe6d654,Input Validity,Odometry,Odometry Rate,50,787.75
26e7cbf1458a6339ae48cd72fbe6d654,Input Validity,TF,TF Rate,10,787.75
26e7cbf1458a6339ae48cd72fbe6d654,Localization Stability,TF,Jump Angular,0,788.8
26e7cbf1458a6339ae48cd72fbe6d654,Localization Stability,TF,Jump Linear,0,788.8
26e7cbf1458a6339ae48cd72fbe6d654,Input Validity,Lidar,Lidar Rate,10,787.85
26e7cbf1458a6339ae48cd72fbe6d654,Input Validity,Odometry,Odometry Rate,50,787.85
26e7cbf1458a6339ae48cd72fbe6d654,Input Validity,TF,TF Rate,10,787.85
26e7cbf1458a6339ae48cd72fbe6d654,Localization Quality,AMCLPose,CovYawYaw,0.023535,787.9
26e7cbf1458a6339ae48cd72fbe6d654,Localization Quality,AMCLPose,CovYY,0.0539356,787.9
26e7cbf1458a6339ae48cd72fbe6d654,Localization Quality,AMCLPose,CovXX,0.0810223,787.9
26e7cbf1458a6339ae48cd72fbe6d654,Localization Quality,AMCLPose,MeanYaw,2.27493,787.9
26e7cbf1458a6339ae48cd72fbe6d654,Localization Quality,AMCLPose,MeanY,-2.06224,787.9
26e7cbf1458a6339ae48cd72fbe6d654,Localization Quality,AMCLPose,MeanX,6.9235,787.9
26e7cbf1458a6339ae48cd72fbe6d654,Localization Stability,TF,Jump Angular,-0.00457054,788.9
26e7cbf1458a6339ae48cd72fbe6d654,Localization Stability,TF,Jump Linear,0.024247,788.9
26e7cbf1458a6339ae48cd72fbe6d654,Input Validity,Lidar,Lidar Rate,10,787.95
26e7cbf1458a6339ae48cd72fbe6d654,Input Validity,Odometry,Odometry Rate,50,787.95
26e7cbf1458a6339ae48cd72fbe6d654,Input Validity,TF,TF Rate,10,787.95
26e7cbf1458a6339ae48cd72fbe6d654,Localization Stability,TF,Jump Angular,0,789
26e7cbf1458a6339ae48cd72fbe6d654,Localization Stability,TF,Jump Linear,0,789
26e7cbf1458a6339ae48cd72fbe6d654,Input Validity,Lidar,Lidar Rate,10,788.05
26e7cbf1458a6339ae48cd72fbe6d654,Input Validity,Odometry,Odometry Rate,50,788.05
26e7cbf1458a6339ae48cd72fbe6d654,Input Validity,TF,TF Rate,10,788.05
26e7cbf1458a6339ae48cd72fbe6d654,Localization Stability,TF,Jump Angular,0,789.1
26e7cbf1458a6339ae48cd72fbe6d654,Localization Stability,TF,Jump Linear,0,789.1
26e7cbf1458a6339ae48cd72fbe6d654,Input Validity,Lidar,Lidar Rate,10,788.15
26e7cbf1458a6339ae48cd72fbe6d654,Input Validity,Odometry,Odometry Rate,50,788.15
26e7cbf1458a6339ae48cd72fbe6d654,Input Validity,TF,TF Rate,10,788.15
26e7cbf1458a6339ae48cd72fbe6d654,Localization Stability,TF,Jump Angular,0,789.2
26e7cbf1458a6339ae48cd72fbe6d654,Localization Stability,TF,Jump Linear,0,789.2
26e7cbf1458a6339ae48cd72fbe6d654,Input Validity,Lidar,Lidar Rate,10,788.25
26e7cbf1458a6339ae48cd72fbe6d654,Input Validity,Odometry,Odometry Rate,50,788.25
26e7cbf1458a6339ae48cd72fbe6d654,Input Validity,TF,TF Rate,10,788.25
26e7cbf1458a6339ae48cd72fbe6d654,Localization Quality,AMCLPose,CovYawYaw,0.0264266,788.3
26e7cbf1458a6339ae48cd72fbe6d654,Localization Quality,AMCLPose,CovYY,0.0594036,788.3
26e7cbf1458a6339ae48cd72fbe6d654,Localization Quality,AMCLPose,CovXX,0.0820259,788.3
26e7cbf1458a6339ae48cd72fbe6d654,Localization Quality,AMCLPose,MeanYaw,2.31459,788.3
26e7cbf1458a6339ae48cd72fbe6d654,Localization Quality,AMCLPose,MeanY,-1.92752,788.3
26e7cbf1458a6339ae48cd72fbe6d654,Localization Quality,AMCLPose,MeanX,6.80326,788.3
26e7cbf1458a6339ae48cd72fbe6d654,Localization Stability,TF,Jump Angular,0.00150852,789.3
26e7cbf1458a6339ae48cd72fbe6d654,Localization Stability,TF,Jump Linear,0.0106368,789.3
26e7cbf1458a6339ae48cd72fbe6d654,Input Validity,Lidar,Lidar Rate,10,788.35
26e7cbf1458a6339ae48cd72fbe6d654,Input Validity,Odometry,Odometry Rate,50,788.35
26e7cbf1458a6339ae48cd72fbe6d654,Input Validity,TF,TF Rate,10,788.35
26e7cbf1458a6339ae48cd72fbe6d654,Localization Stability,TF,Jump Angular,0,789.4
26e7cbf1458a6339ae48cd72fbe6d654,Localization Stability,TF,Jump Linear,0,789.4
26e7cbf1458a6339ae48cd72fbe6d654,Input Validity,Lidar,Lidar Rate,10,788.45
26e7cbf1458a6339ae48cd72fbe6d654,Input Validity,Odometry,Odometry Rate,50,788.45
26e7cbf1458a6339ae48cd72fbe6d654,Input Validity,TF,TF Rate,10,788.45
26e7cbf1458a6339ae48cd72fbe6d654,Localization Stability,TF,Jump Angular,0,789.5
26e7cbf1458a6339ae48cd72fbe6d654,Localization Stability,TF,Jump Linear,0,789.5
26e7cbf1458a6339ae48cd72fbe6d654,Input Validity,Lidar,Lidar Rate,10,788.55
26e7cbf1458a6339ae48cd72fbe6d654,Input Validity,Odometry,Odometry Rate,50,788.55
26e7cbf1458a6339ae48cd72fbe6d654,Input Validity,TF,TF Rate,10,788.55
26e7cbf1458a6339ae48cd72fbe6d654,Localization Quality,AMCLPose,CovYawYaw,0.0311741,788.6
26e7cbf1458a6339ae48cd72fbe6d654,Localization Quality,AMCLPose,CovYY,0.0602913,788.6
26e7cbf1458a6339ae48cd72fbe6d654,Localization Quality,AMCLPose,CovXX,0.0858111,788.6
26e7cbf1458a6339ae48cd72fbe6d654,Localization Quality,AMCLPose,MeanYaw,2.3357,788.6
26e7cbf1458a6339ae48cd72fbe6d654,Localization Quality,AMCLPose,MeanY,-1.83426,788.6
26e7cbf1458a6339ae48cd72fbe6d654,Localization Quality,AMCLPose,MeanX,6.72096,788.6
26e7cbf1458a6339ae48cd72fbe6d654,Localization Stability,TF,Jump Angular,-0.000652642,789.6
26e7cbf1458a6339ae48cd72fbe6d654,Localization Stability,TF,Jump Linear,0.0114639,789.6
26e7cbf1458a6339ae48cd72fbe6d654,Input Validity,Lidar,Lidar Rate,10,788.65
26e7cbf1458a6339ae48cd72fbe6d654,Input Validity,Odometry,Odometry Rate,50,788.65
26e7cbf1458a6339ae48cd72fbe6d654,Input Validity,TF,TF Rate,10,788.65
26e7cbf1458a6339ae48cd72fbe6d654,Localization Stability,TF,Jump Angular,0,789.7
26e7cbf1458a6339ae48cd72fbe6d654,Localization Stability,TF,Jump Linear,0,789.7
26e7cbf1458a6339ae48cd72fbe6d654,Input Validity,Lidar,Lidar Rate,10,788.75
26e7cbf1458a6339ae48cd72fbe6d654,Input Validity,Odometry,Odometry Rate,50,788.75
26e7cbf1458a6339ae48cd72fbe6d654,Input Validity,TF,TF Rate,10,788.75
26e7cbf1458a6339ae48cd72fbe6d654,Localization Stability,TF,Jump Angular,0,789.8
26e7cbf1458a6339ae48cd72fbe6d654,Localization Stability,TF,Jump Linear,0,789.8
26e7cbf1458a6339ae48cd72fbe6d654,Input Validity,Lidar,Lidar Rate,10,788.85
26e7cbf1458a6339ae48cd72fbe6d654,Input Validity,Odometry,Odometry Rate,50,788.85
26e7cbf1458a6339ae48cd72fbe6d654,Input Validity,TF,TF Rate,10,788.85
26e7cbf1458a6339ae48cd72fbe6d654,Localization Quality,AMCLPose,CovYawYaw,0.0300247,788.9
26e7cbf1458a6339ae48cd72fbe6d654,Localization Quality,AMCLPose,CovYY,0.0552138,788.9
26e7cbf1458a6339ae48cd72fbe6d654,Localization Quality,AMCLPose,CovXX,0.0842605,788.9
26e7cbf1458a6339ae48cd72fbe6d654,Localization Quality,AMCLPose,MeanYaw,2.35171,788.9
26e7cbf1458a6339ae48cd72fbe6d654,Localization Quality,AMCLPose,MeanY,-1.74583,788.9
26e7cbf1458a6339ae48cd72fbe6d654,Localization Quality,AMCLPose,MeanX,6.62929,788.9
26e7cbf1458a6339ae48cd72fbe6d654,Localization Stability,TF,Jump Angular,-0.000523663,789.9
26e7cbf1458a6339ae48cd72fbe6d654,Localization Stability,TF,Jump Linear,0.00602864,789.9
26e7cbf1458a6339ae48cd72fbe6d654,Input Validity,Lidar,Lidar Rate,10,788.95
26e7cbf1458a6339ae48cd72fbe6d654,Input Validity,Odometry,Odometry Rate,50,788.95
26e7cbf1458a6339ae48cd72fbe6d654,Input Validity,TF,TF Rate,10,788.95
26e7cbf1458a6339ae48cd72fbe6d654,Localization Stability,TF,Jump Angular,0,790
26e7cbf1458a6339ae48cd72fbe6d654,Localization Stability,TF,Jump Linear,0,790
26e7cbf1458a6339ae48cd72fbe6d654,Input Validity,Lidar,Lidar Rate,10,789.05
26e7cbf1458a6339ae48cd72fbe6d654,Input Validity,Odometry,Odometry Rate,50,789.05
26e7cbf1458a6339ae48cd72fbe6d654,Input Validity,TF,TF Rate,10,789.05
26e7cbf1458a6339ae48cd72fbe6d654,Localization Stability,TF,Jump Angular,0,790.1
26e7cbf1458a6339ae48cd72fbe6d654,Localization Stability,TF,Jump Linear,0,790.1
26e7cbf1458a6339ae48cd72fbe6d654,Input Validity,Lidar,Lidar Rate,10,789.14
26e7cbf1458a6339ae48cd72fbe6d654,Input Validity,Odometry,Odometry Rate,50,789.14
26e7cbf1458a6339ae48cd72fbe6d654,Input Validity,TF,TF Rate,10,789.14
26e7cbf1458a6339ae48cd72fbe6d654,Localization Quality,AMCLPose,CovYawYaw,0.0326117,789.2
26e7cbf1458a6339ae48cd72fbe6d654,Localization Quality,AMCLPose,CovYY,0.0599044,789.2
26e7cbf1458a6339ae48cd72fbe6d654,Localization Quality,AMCLPose,CovXX,0.0871206,789.2
26e7cbf1458a6339ae48cd72fbe6d654,Localization Quality,AMCLPose,MeanYaw,2.35914,789.2
26e7cbf1458a6339ae48cd72fbe6d654,Localization Quality,AMCLPose,MeanY,-1.64765,789.2
26e7cbf1458a6339ae48cd72fbe6d654,Localization Quality,AMCLPose,MeanX,6.54289,789.2
26e7cbf1458a6339ae48cd72fbe6d654,Localization Stability,TF,Jump Angular,-0.00467377,790.2
26e7cbf1458a6339ae48cd72fbe6d654,Localization Stability,TF,Jump Linear,0.0360755,790.2
26e7cbf1458a6339ae48cd72fbe6d654,Input Validity,Lidar,Lidar Rate,10,789.24
26e7cbf1458a6339ae48cd72fbe6d654,Input Validity,Odometry,Odometry Rate,50,789.24
26e7cbf1458a6339ae48cd72fbe6d654,Input Validity,TF,TF Rate,10,789.24
26e7cbf1458a6339ae48cd72fbe6d654,Localization Stability,TF,Jump Angular,0,790.3
26e7cbf1458a6339ae48cd72fbe6d654,Localization Stability,TF,Jump Linear,0,790.3
26e7cbf1458a6339ae48cd72fbe6d654,Input Validity,Lidar,Lidar Rate,10,789.34
26e7cbf1458a6339ae48cd72fbe6d654,Input Validity,Odometry,Odometry Rate,50,789.34
26e7cbf1458a6339ae48cd72fbe6d654,Input Validity,TF,TF Rate,10,789.34
26e7cbf1458a6339ae48cd72fbe6d654,Localization Stability,TF,Jump Angular,0,790.4
26e7cbf1458a6339ae48cd72fbe6d654,Localization Stability,TF,Jump Linear,0,790.4
26e7cbf1458a6339ae48cd72fbe6d654,Input Validity,Lidar,Lidar Rate,10,789.44
26e7cbf1458a6339ae48cd72fbe6d654,Input Validity,Odometry,Odometry Rate,50,789.44
26e7cbf1458a6339ae48cd72fbe6d654,Input Validity,TF,TF Rate,10,789.44
26e7cbf1458a6339ae48cd72fbe6d654,Localization Quality,AMCLPose,CovYawYaw,0.0340169,789.5
26e7cbf1458a6339ae48cd72fbe6d654,Localization Quality,AMCLPose,CovYY,0.0644267,789.5
26e7cbf1458a6339ae48cd72fbe6d654,Localization Quality,AMCLPose,CovXX,0.0875911,789.5
26e7cbf1458a6339ae48cd72fbe6d654,Localization Quality,AMCLPose,MeanYaw,2.35918,789.5
26e7cbf1458a6339ae48cd72fbe6d654,Localization Quality,AMCLPose,MeanY,-1.56385,789.5
26e7cbf1458a6339ae48cd72fbe6d654,Localization Quality,AMCLPose,MeanX,6.44596,789.5
26e7cbf1458a6339ae48cd72fbe6d654,Localization Stability,TF,Jump Angular,0.0022224,790.5
26e7cbf1458a6339ae48cd72fbe6d654,Localization Stability,TF,Jump Linear,0.025225,790.5
26e7cbf1458a6339ae48cd72fbe6d654,Input Validity,Lidar,Lidar Rate,10,789.54
26e7cbf1458a6339ae48cd72fbe6d654,Input Validity,Odometry,Odometry Rate,50,789.54
26e7cbf1458a6339ae48cd72fbe6d654,Input Validity,TF,TF Rate,10,789.54
26e7cbf1458a6339ae48cd72fbe6d654,Localization Stability,TF,Jump Angular,0,790.6
26e7cbf1458a6339ae48cd72fbe6d654,Localization Stability,TF,Jump Linear,0,790.6
26e7cbf1458a6339ae48cd72fbe6d654,Input Validity,Lidar,Lidar Rate,10,789.64
26e7cbf1458a6339ae48cd72fbe6d654,Input Validity,Odometry,Odometry Rate,50,789.64
26e7cbf1458a6339ae48cd72fbe6d654,Input Validity,TF,TF Rate,10,789.64
26e7cbf1458a6339ae48cd72fbe6d654,Localization Stability,TF,Jump Angular,0,790.7
26e7cbf1458a6339ae48cd72fbe6d654,Localization Stability,TF,Jump Linear,0,790.7
26e7cbf1458a6339ae48cd72fbe6d654,Input Validity,Lidar,Lidar Rate,10,789.74
26e7cbf1458a6339ae48cd72fbe6d654,Input Validity,Odometry,Odometry Rate,50,789.74
26e7cbf1458a6339ae48cd72fbe6d654,Input Validity,TF,TF Rate,10,789.74
26e7cbf1458a6339ae48cd72fbe6d654,Localization Quality,AMCLPose,CovYawYaw,0.0360261,789.8
26e7cbf1458a6339ae48cd72fbe6d654,Localization Quality,AMCLPose,CovYY,0.0670693,789.8
26e7cbf1458a6339ae48cd72fbe6d654,Localization Quality,AMCLPose,CovXX,0.0918876,789.8
26e7cbf1458a6339ae48cd72fbe6d654,Localization Quality,AMCLPose,MeanYaw,2.35346,789.8
26e7cbf1458a6339ae48cd72fbe6d654,Localization Quality,AMCLPose,MeanY,-1.46249,789.8
26e7cbf1458a6339ae48cd72fbe6d654,Localization Quality,AMCLPose,MeanX,6.34353,789.8
26e7cbf1458a6339ae48cd72fbe6d654,Localization Stability,TF,Jump Angular,-0.000228706,790.8
26e7cbf1458a6339ae48cd72fbe6d654,Localization Stability,TF,Jump Linear,0.00984113,790.8
26e7cbf1458a6339ae48cd72fbe6d654,Input Validity,Lidar,Lidar Rate,10,789.84
26e7cbf1458a6339ae48cd72fbe6d654,Input Validity,Odometry,Odometry Rate,50,789.84
26e7cbf1458a6339ae48cd72fbe6d654,Input Validity,TF,TF Rate,10,789.84
26e7cbf1458a6339ae48cd72fbe6d654,Localization Stability,TF,Jump Angular,0,790.9
26e7cbf1458a6339ae48cd72fbe6d654,Localization Stability,TF,Jump Linear,0,790.9
26e7cbf1458a6339ae48cd72fbe6d654,Input Validity,Lidar,Lidar Rate,10,789.94
26e7cbf1458a6339ae48cd72fbe6d654,Input Validity,Odometry,Odometry Rate,50,789.94
26e7cbf1458a6339ae48cd72fbe6d654,Input Validity,TF,TF Rate,10,789.94
26e7cbf1458a6339ae48cd72fbe6d654,Localization Stability,TF,Jump Angular,0,791
26e7cbf1458a6339ae48cd72fbe6d654,Localization Stability,TF,Jump Linear,0,791
26e7cbf1458a6339ae48cd72fbe6d654,Input Validity,Lidar,Lidar Rate,10,790.04
26e7cbf1458a6339ae48cd72fbe6d654,Input Validity,Odometry,Odometry Rate,50,790.04
26e7cbf1458a6339ae48cd72fbe6d654,Input Validity,TF,TF Rate,10,790.04
26e7cbf1458a6339ae48cd72fbe6d654,Localization Quality,AMCLPose,CovYawYaw,0.0369519,790.1
26e7cbf1458a6339ae48cd72fbe6d654,Localization Quality,AMCLPose,CovYY,0.0778056,790.1
26e7cbf1458a6339ae48cd72fbe6d654,Localization Quality,AMCLPose,CovXX,0.0892854,790.1
26e7cbf1458a6339ae48cd72fbe6d654,Localization Quality,AMCLPose,MeanYaw,2.34198,790.1
26e7cbf1458a6339ae48cd72fbe6d654,Localization Quality,AMCLPose,MeanY,-1.36437,790.1
26e7cbf1458a6339ae48cd72fbe6d654,Localization Quality,AMCLPose,MeanX,6.25441,790.1
26e7cbf1458a6339ae48cd72fbe6d654,Localization Stability,TF,Jump Angular,-0.00762892,791.1
26e7cbf1458a6339ae48cd72fbe6d654,Localization Stability,TF,Jump Linear,0.0499986,791.1
26e7cbf1458a6339ae48cd72fbe6d654,Input Validity,Lidar,Lidar Rate,10,790.14
26e7cbf1458a6339ae48cd72fbe6d654,Input Validity,Odometry,Odometry Rate,50,790.14
26e7cbf1458a6339ae48cd72fbe6d654,Input Validity,TF,TF Rate,10,790.14
26e7cbf1458a6339ae48cd72fbe6d654,Localization Stability,TF,Jump Angular,0,791.2
26e7cbf1458a6339ae48cd72fbe6d654,Localization Stability,TF,Jump Linear,0,791.2
26e7cbf1458a6339ae48cd72fbe6d654,Input Validity,Lidar,Lidar Rate,10,790.24
26e7cbf1458a6339ae48cd72fbe6d654,Input Validity,Odometry,Odometry Rate,50,790.24
26e7cbf1458a6339ae48cd72fbe6d654,Input Validity,TF,TF Rate,10,790.24
26e7cbf1458a6339ae48cd72fbe6d654,Localization Stability,TF,Jump Angular,0,791.3
26e7cbf1458a6339ae48cd72fbe6d654,Localization Stability,TF,Jump Linear,0,791.3
26e7cbf1458a6339ae48cd72fbe6d654,Input Validity,Lidar,Lidar Rate,10,790.34
26e7cbf1458a6339ae48cd72fbe6d654,Input Validity,Odometry,Odometry Rate,50,790.34
26e7cbf1458a6339ae48cd72fbe6d654,Input Validity,TF,TF Rate,10,790.34
26e7cbf1458a6339ae48cd72fbe6d654,Localization Quality,AMCLPose,CovYawYaw,0.03902,790.4
26e7cbf1458a6339ae48cd72fbe6d654,Localization Quality,AMCLPose,CovYY,0.0841014,790.4
26e7cbf1458a6339ae48cd72fbe6d654,Localization Quality,AMCLPose,CovXX,0.0943891,790.4
26e7cbf1458a6339ae48cd72fbe6d654,Localization Quality,AMCLPose,MeanYaw,2.34718,790.4
26e7cbf1458a6339ae48cd72fbe6d654,Localization Quality,AMCLPose,MeanY,-1.27003,790.4
26e7cbf1458a6339ae48cd72fbe6d654,Localization Quality,AMCLPose,MeanX,6.15844,790.4
26e7cbf1458a6339ae48cd72fbe6d654,Localization Stability,TF,Jump Angular,0.00379991,791.4
26e7cbf1458a6339ae48cd72fbe6d654,Localization Stability,TF,Jump Linear,0.0254077,791.4
26e7cbf1458a6339ae48cd72fbe6d654,Input Validity,Lidar,Lidar Rate,10,790.44
26e7cbf1458a6339ae48cd72fbe6d654,Input Validity,Odometry,Odometry Rate,50,790.44
26e7cbf1458a6339ae48cd72fbe6d654,Input Validity,TF,TF Rate,10,790.44
26e7cbf1458a6339ae48cd72fbe6d654,Localization Stability,TF,Jump Angular,0,791.5
26e7cbf1458a6339ae48cd72fbe6d654,Localization Stability,TF,Jump Linear,0,791.5
26e7cbf1458a6339ae48cd72fbe6d654,Input Validity,Lidar,Lidar Rate,10,790.54
26e7cbf1458a6339ae48cd72fbe6d654,Input Validity,Odometry,Odometry Rate,50,790.54
26e7cbf1458a6339ae48cd72fbe6d654,Input Validity,TF,TF Rate,10,790.54
26e7cbf1458a6339ae48cd72fbe6d654,Localization Stability,TF,Jump Angular,0,791.6
26e7cbf1458a6339ae48cd72fbe6d654,Localization Stability,TF,Jump Linear,0,791.6
26e7cbf1458a6339ae48cd72fbe6d654,Input Validity,Lidar,Lidar Rate,10,790.64
26e7cbf1458a6339ae48cd72fbe6d654,Input Validity,Odometry,Odometry Rate,50,790.64
26e7cbf1458a6339ae48cd72fbe6d654,Input Validity,TF,TF Rate,10,790.64
26e7cbf1458a6339ae48cd72fbe6d654,Localization Quality,AMCLPose,CovYawYaw,0.0392369,790.7
26e7cbf1458a6339ae48cd72fbe6d654,Localization Quality,AMCLPose,CovYY,0.0840853,790.7
26e7cbf1458a6339ae48cd72fbe6d654,Localization Quality,AMCLPose,CovXX,0.0960998,790.7
26e7cbf1458a6339ae48cd72fbe6d654,Localization Quality,AMCLPose,MeanYaw,2.34654,790.7
26e7cbf1458a6339ae48cd72fbe6d654,Localization Quality,AMCLPose,MeanY,-1.17476,790.7
26e7cbf1458a6339ae48cd72fbe6d654,Localization Quality,AMCLPose,MeanX,6.06291,790.7
26e7cbf1458a6339ae48cd72fbe6d654,Localization Stability,TF,Jump Angular,0.000595384,791.7
26e7cbf1458a6339ae48cd72fbe6d654,Localization Stability,TF,Jump Linear,0.00476003,791.7
26e7cbf1458a6339ae48cd72fbe6d654,Input Validity,Lidar,Lidar Rate,10,790.74
26e7cbf1458a6339ae48cd72fbe6d654,Input Validity,Odometry,Odometry Rate,50,790.74
26e7cbf1458a6339ae48cd72fbe6d654,Input Validity,TF,TF Rate,10,790.74
26e7cbf1458a6339ae48cd72fbe6d654,Localization Stability,TF,Jump Angular,0,791.8
26e7cbf1458a6339ae48cd72fbe6d654,Localization Stability,TF,Jump Linear,0,791.8
26e7cbf1458a6339ae48cd72fbe6d654,Input Validity,Lidar,Lidar Rate,10,790.84
26e7cbf1458a6339ae48cd72fbe6d654,Input Validity,Odometry,Odometry Rate,50,790.84
26e7cbf1458a6339ae48cd72fbe6d654,Input Validity,TF,TF Rate,10,790.84
26e7cbf1458a6339ae48cd72fbe6d654,Localization Stability,TF,Jump Angular,0,791.9
26e7cbf1458a6339ae48cd72fbe6d654,Localization Stability,TF,Jump Linear,0,791.9
26e7cbf1458a6339ae48cd72fbe6d654,Input Validity,Lidar,Lidar Rate,10,790.94
26e7cbf1458a6339ae48cd72fbe6d654,Input Validity,Odometry,Odometry Rate,50,790.94
26e7cbf1458a6339ae48cd72fbe6d654,Input Validity,TF,TF Rate,10,790.94
26e7cbf1458a6339ae48cd72fbe6d654,Localization Quality,AMCLPose,CovYawYaw,0.039251,791
26e7cbf1458a6339ae48cd72fbe6d654,Localization Quality,AMCLPose,CovYY,0.0865766,791
26e7cbf1458a6339ae48cd72fbe6d654,Localization Quality,AMCLPose,CovXX,0.0985417,791
26e7cbf1458a6339ae48cd72fbe6d654,Localization Quality,AMCLPose,MeanYaw,2.34656,791
26e7cbf1458a6339ae48cd72fbe6d654,Localization Quality,AMCLPose,MeanY,-1.08327,791
26e7cbf1458a6339ae48cd72fbe6d654,Localization Quality,AMCLPose,MeanX,5.98039,791
26e7cbf1458a6339ae48cd72fbe6d654,Localization Stability,TF,Jump Angular,0.00144291,792
26e7cbf1458a6339ae48cd72fbe6d654,Localization Stability,TF,Jump Linear,0.0166546,792
26e7cbf1458a6339ae48cd72fbe6d654,Input Validity,Lidar,Lidar Rate,10,791.04
26e7cbf1458a6339ae48cd72fbe6d654,Input Validity,Odometry,Odometry Rate,50,791.04
26e7cbf1458a6339ae48cd72fbe6d654,Input Validity,TF,TF Rate,10,791.04
26e7cbf1458a6339ae48cd72fbe6d654,Localization Stability,TF,Jump Angular,0,792.1
26e7cbf1458a6339ae48cd72fbe6d654,Localization Stability,TF,Jump Linear,0,792.1
26e7cbf1458a6339ae48cd72fbe6d654,Input Validity,Lidar,Lidar Rate,10,791.14
26e7cbf1458a6339ae48cd72fbe6d654,Input Validity,Odometry,Odometry Rate,50,791.14
26e7cbf1458a6339ae48cd72fbe6d654,Input Validity,TF,TF Rate,10,791.14
26e7cbf1458a6339ae48cd72fbe6d654,Localization Stability,TF,Jump Angular,0,792.2
26e7cbf1458a6339ae48cd72fbe6d654,Localization Stability,TF,Jump Linear,0,792.2
26e7cbf1458a6339ae48cd72fbe6d654,Input Validity,Lidar,Lidar Rate,10,791.24
26e7cbf1458a6339ae48cd72fbe6d654,Input Validity,Odometry,Odometry Rate,50,791.24
26e7cbf1458a6339ae48cd72fbe6d654,Input Validity,TF,TF Rate,10,791.24
26e7cbf1458a6339ae48cd72fbe6d654,Localization Quality,AMCLPose,CovYawYaw,0.0415962,791.3
26e7cbf1458a6339ae48cd72fbe6d654,Localization Quality,AMCLPose,CovYY,0.0964344,791.3
26e7cbf1458a6339ae48cd72fbe6d654,Localization Quality,AMCLPose,CovXX,0.101976,791.3
26e7cbf1458a6339ae48cd72fbe6d654,Localization Quality,AMCLPose,MeanYaw,2.35317,791.3
26e7cbf1458a6339ae48cd72fbe6d654,Localization Quality,AMCLPose,MeanY,-0.989409,791.3
26e7cbf1458a6339ae48cd72fbe6d654,Localization Quality,AMCLPose,MeanX,5.87841,791.3
26e7cbf1458a6339ae48cd72fbe6d654,Localization Stability,TF,Jump Angular,0.00216208,792.3
26e7cbf1458a6339ae48cd72fbe6d654,Localization Stability,TF,Jump Linear,0.0171582,792.3
26e7cbf1458a6339ae48cd72fbe6d654,Input Validity,Lidar,Lidar Rate,10,791.34
26e7cbf1458a6339ae48cd72fbe6d654,Input Validity,Odometry,Odometry Rate,50,791.34
26e7cbf1458a6339ae48cd72fbe6d654,Input Validity,TF,TF Rate,10,791.34
26e7cbf1458a6339ae48cd72fbe6d654,Localization Stability,TF,Jump Angular,0,792.4
26e7cbf1458a6339ae48cd72fbe6d654,Localization Stability,TF,Jump Linear,0,792.4
26e7cbf1458a6339ae48cd72fbe6d654,Input Validity,Lidar,Lidar Rate,10,791.44
26e7cbf1458a6339ae48cd72fbe6d654,Input Validity,Odometry,Odometry Rate,50,791.44
26e7cbf1458a6339ae48cd72fbe6d654,Input Validity,TF,TF Rate,10,791.44
26e7cbf1458a6339ae48cd72fbe6d654,Localization Quality,AMCLPose,CovYawYaw,0.0409901,791.5
26e7cbf1458a6339ae48cd72fbe6d654,Localization Quality,AMCLPose,CovYY,0.0970057,791.5
26e7cbf1458a6339ae48cd72fbe6d654,Localization Quality,AMCLPose,CovXX,0.103006,791.5
26e7cbf1458a6339ae48cd72fbe6d654,Localization Quality,AMCLPose,MeanYaw,2.40165,791.5
26e7cbf1458a6339ae48cd72fbe6d654,Localization Quality,AMCLPose,MeanY,-0.925566,791.5
26e7cbf1458a6339ae48cd72fbe6d654,Localization Quality,AMCLPose,MeanX,5.81519,791.5
26e7cbf1458a6339ae48cd72fbe6d654,Localization Stability,TF,Jump Angular,-0.00573011,792.5
26e7cbf1458a6339ae48cd72fbe6d654,Localization Stability,TF,Jump Linear,0.0330142,792.5
26e7cbf1458a6339ae48cd72fbe6d654,Input Validity,Lidar,Lidar Rate,10,791.54
26e7cbf1458a6339ae48cd72fbe6d654,Input Validity,Odometry,Odometry Rate,50,791.54
26e7cbf1458a6339ae48cd72fbe6d654,Input Validity,TF,TF Rate,10,791.54
26e7cbf1458a6339ae48cd72fbe6d654,Localization Stability,TF,Jump Angular,0,792.6
26e7cbf1458a6339ae48cd72fbe6d654,Localization Stability,TF,Jump Linear,0,792.6
26e7cbf1458a6339ae48cd72fbe6d654,Input Validity,Lidar,Lidar Rate,10,791.64
26e7cbf1458a6339ae48cd72fbe6d654,Input Validity,Odometry,Odometry Rate,50,791.64
26e7cbf1458a6339ae48cd72fbe6d654,Input Validity,TF,TF Rate,10,791.64
26e7cbf1458a6339ae48cd72fbe6d654,Localization Quality,AMCLPose,CovYawYaw,0.0425877,791.7
26e7cbf1458a6339ae48cd72fbe6d654,Localization Quality,AMCLPose,CovYY,0.100757,791.7
26e7cbf1458a6339ae48cd72fbe6d654,Localization Quality,AMCLPose,CovXX,0.106886,791.7
26e7cbf1458a6339ae48cd72fbe6d654,Localization Quality,AMCLPose,MeanYaw,2.47892,791.7
26e7cbf1458a6339ae48cd72fbe6d654,Localization Quality,AMCLPose,MeanY,-0.871231,791.7
26e7cbf1458a6339ae48cd72fbe6d654,Localization Quality,AMCLPose,MeanX,5.74511,791.7
26e7cbf1458a6339ae48cd72fbe6d654,Localization Stability,TF,Jump Angular,-0.00470767,792.7
26e7cbf1458a6339ae48cd72fbe6d654,Localization Stability,TF,Jump Linear,0.0220946,792.7
26e7cbf1458a6339ae48cd72fbe6d654,Input Validity,Lidar,Lidar Rate,10,791.73
26e7cbf1458a6339ae48cd72fbe6d654,Input Validity,Odometry,Odometry Rate,50,791.73
26e7cbf1458a6339ae48cd72fbe6d654,Input Validity,TF,TF Rate,10,791.73
26e7cbf1458a6339ae48cd72fbe6d654,Localization Stability,TF,Jump Angular,0,792.8
26e7cbf1458a6339ae48cd72fbe6d654,Localization Stability,TF,Jump Linear,0,792.8
26e7cbf1458a6339ae48cd72fbe6d654,Input Validity,Lidar,Lidar Rate,10,791.83
26e7cbf1458a6339ae48cd72fbe6d654,Input Validity,Odometry,Odometry Rate,50,791.83
26e7cbf1458a6339ae48cd72fbe6d654,Input Validity,TF,TF Rate,10,791.83
26e7cbf1458a6339ae48cd72fbe6d654,Localization Quality,AMCLPose,CovYawYaw,0.0417439,791.9
26e7cbf1458a6339ae48cd72fbe6d654,Localization Quality,AMCLPose,CovYY,0.108745,791.9
26e7cbf1458a6339ae48cd72fbe6d654,Localization Quality,AMCLPose,CovXX,0.109159,791.9
26e7cbf1458a6339ae48cd72fbe6d654,Localization Quality,AMCLPose,MeanYaw,2.54757,791.9
26e7cbf1458a6339ae48cd72fbe6d654,Localization Quality,AMCLPose,MeanY,-0.833664,791.9
26e7cbf1458a6339ae48cd72fbe6d654,Localization Quality,AMCLPose,MeanX,5.66613,791.9
26e7cbf1458a6339ae48cd72fbe6d654,Localization Stability,TF,Jump Angular,0.00555406,792.9
26e7cbf1458a6339ae48cd72fbe6d654,Localization Stability,TF,Jump Linear,0.0462236,792.9
26e7cbf1458a6339ae48cd72fbe6d654,Input Validity,Lidar,Lidar Rate,10,791.93
26e7cbf1458a6339ae48cd72fbe6d654,Input Validity,Odometry,Odometry Rate,50,791.93
26e7cbf1458a6339ae48cd72fbe6d654,Input Validity,TF,TF Rate,10,791.93
26e7cbf1458a6339ae48cd72fbe6d654,Localization Stability,TF,Jump Angular,0,793
26e7cbf1458a6339ae48cd72fbe6d654,Localization Stability,TF,Jump Linear,0,793
26e7cbf1458a6339ae48cd72fbe6d654,Input Validity,Lidar,Lidar Rate,10,792.03
26e7cbf1458a6339ae48cd72fbe6d654,Input Validity,Odometry,Odometry Rate,50,792.03
26e7cbf1458a6339ae48cd72fbe6d654,Input Validity,TF,TF Rate,10,792.03
26e7cbf1458a6339ae48cd72fbe6d654,Localization Stability,TF,Jump Angular,0,793.1
26e7cbf1458a6339ae48cd72fbe6d654,Localization Stability,TF,Jump Linear,0,793.1
26e7cbf1458a6339ae48cd72fbe6d654,Input Validity,Lidar,Lidar Rate,10,792.13
26e7cbf1458a6339ae48cd72fbe6d654,Input Validity,Odometry,Odometry Rate,50,792.13
26e7cbf1458a6339ae48cd72fbe6d654,Input Validity,TF,TF Rate,10,792.13
26e7cbf1458a6339ae48cd72fbe6d654,Localization Quality,AMCLPose,CovYawYaw,0.0355835,792.2
26e7cbf1458a6339ae48cd72fbe6d654,Localization Quality,AMCLPose,CovYY,0.106379,792.2
26e7cbf1458a6339ae48cd72fbe6d654,Localization Quality,AMCLPose,CovXX,0.10589,792.2
26e7cbf1458a6339ae48cd72fbe6d654,Localization Quality,AMCLPose,MeanYaw,2.62246,792.2
26e7cbf1458a6339ae48cd72fbe6d654,Localization Quality,AMCLPose,MeanY,-0.785751,792.2
26e7cbf1458a6339ae48cd72fbe6d654,Localization Quality,AMCLPose,MeanX,5.5548,792.2
26e7cbf1458a6339ae48cd72fbe6d654,Localization Stability,TF,Jump Angular,0.00959359,793.2
26e7cbf1458a6339ae48cd72fbe6d654,Localization Stability,TF,Jump Linear,0.0735907,793.2
26e7cbf1458a6339ae48cd72fbe6d654,Input Validity,Lidar,Lidar Rate,10,792.23
26e7cbf1458a6339ae48cd72fbe6d654,Input Validity,Odometry,Odometry Rate,50,792.23
26e7cbf1458a6339ae48cd72fbe6d654,Input Validity,TF,TF Rate,10,792.23
26e7cbf1458a6339ae48cd72fbe6d654,Localization Stability,TF,Jump Angular,0,793.3
26e7cbf1458a6339ae48cd72fbe6d654,Localization Stability,TF,Jump Linear,0,793.3
26e7cbf1458a6339ae48cd72fbe6d654,Input Validity,Lidar,Lidar Rate,10,792.33
26e7cbf1458a6339ae48cd72fbe6d654,Input Validity,Odometry,Odometry Rate,50,792.33
26e7cbf1458a6339ae48cd72fbe6d654,Input Validity,TF,TF Rate,10,792.33
26e7cbf1458a6339ae48cd72fbe6d654,Localization Stability,TF,Jump Angular,0,793.4
26e7cbf1458a6339ae48cd72fbe6d654,Localization Stability,TF,Jump Linear,0,793.4
26e7cbf1458a6339ae48cd72fbe6d654,Input Validity,Lidar,Lidar Rate,10,792.43
26e7cbf1458a6339ae48cd72fbe6d654,Input Validity,Odometry,Odometry Rate,50,792.43
26e7cbf1458a6339ae48cd72fbe6d654,Input Validity,TF,TF Rate,10,792.43
26e7cbf1458a6339ae48cd72fbe6d654,Localization Quality,AMCLPose,CovYawYaw,0.0281683,792.5
26e7cbf1458a6339ae48cd72fbe6d654,Localization Quality,AMCLPose,CovYY,0.0998382,792.5
26e7cbf1458a6339ae48cd72fbe6d654,Localization Quality,AMCLPose,CovXX,0.105629,792.5
26e7cbf1458a6339ae48cd72fbe6d654,Localization Quality,AMCLPose,MeanYaw,2.68739,792.5
26e7cbf1458a6339ae48cd72fbe6d654,Localization Quality,AMCLPose,MeanY,-0.73057,792.5
26e7cbf1458a6339ae48cd72fbe6d654,Localization Quality,AMCLPose,MeanX,5.43766,792.5
26e7cbf1458a6339ae48cd72fbe6d654,Localization Stability,TF,Jump Angular,0.00137919,793.5
26e7cbf1458a6339ae48cd72fbe6d654,Localization Stability,TF,Jump Linear,0.0160063,793.5
26e7cbf1458a6339ae48cd72fbe6d654,Input Validity,Lidar,Lidar Rate,10,792.53
26e7cbf1458a6339ae48cd72fbe6d654,Input Validity,Odometry,Odometry Rate,50,792.53
26e7cbf1458a6339ae48cd72fbe6d654,Input Validity,TF,TF Rate,10,792.53
26e7cbf1458a6339ae48cd72fbe6d654,Localization Stability,TF,Jump Angular,0,793.6
26e7cbf1458a6339ae48cd72fbe6d654,Localization Stability,TF,Jump Linear,0,793.6
26e7cbf1458a6339ae48cd72fbe6d654,Input Validity,Lidar,Lidar Rate,10,792.63
26e7cbf1458a6339ae48cd72fbe6d654,Input Validity,Odometry,Odometry Rate,50,792.63
26e7cbf1458a6339ae48cd72fbe6d654,Input Validity,TF,TF Rate,10,792.63
26e7cbf1458a6339ae48cd72fbe6d654,Input Validity,Lidar,Lidar Rate,10,792.73
26e7cbf1458a6339ae48cd72fbe6d654,Input Validity,Odometry,Odometry Rate,50,792.73
26e7cbf1458a6339ae48cd72fbe6d654,Input Validity,TF,TF Rate,10,792.73
26e7cbf1458a6339ae48cd72fbe6d654,Localization Quality,AMCLPose,CovYawYaw,0.0215406,792.7
26e7cbf1458a6339ae48cd72fbe6d654,Localization Quality,AMCLPose,CovYY,0.0816024,792.7
26e7cbf1458a6339ae48cd72fbe6d654,Localization Quality,AMCLPose,CovXX,0.107954,792.7
26e7cbf1458a6339ae48cd72fbe6d654,Localization Quality,AMCLPose,MeanYaw,2.76508,792.7
26e7cbf1458a6339ae48cd72fbe6d654,Localization Quality,AMCLPose,MeanY,-0.701595,792.7
26e7cbf1458a6339ae48cd72fbe6d654,Localization Quality,AMCLPose,MeanX,5.34479,792.7
26e7cbf1458a6339ae48cd72fbe6d654,Localization Stability,TF,Jump Angular,0.00234088,793.7
26e7cbf1458a6339ae48cd72fbe6d654,Localization Stability,TF,Jump Linear,0.0224544,793.7
26e7cbf1458a6339ae48cd72fbe6d654,Localization Stability,TF,Jump Angular,0,793.8
26e7cbf1458a6339ae48cd72fbe6d654,Localization Stability,TF,Jump Linear,0,793.8
26e7cbf1458a6339ae48cd72fbe6d654,Input Validity,Lidar,Lidar Rate,10,792.83
26e7cbf1458a6339ae48cd72fbe6d654,Input Validity,Odometry,Odometry Rate,50,792.83
26e7cbf1458a6339ae48cd72fbe6d654,Input Validity,TF,TF Rate,10,792.83
26e7cbf1458a6339ae48cd72fbe6d654,Input Validity,Lidar,Lidar Rate,10,792.93
26e7cbf1458a6339ae48cd72fbe6d654,Input Validity,Odometry,Odometry Rate,50,792.93
26e7cbf1458a6339ae48cd72fbe6d654,Input Validity,TF,TF Rate,10,792.93
26e7cbf1458a6339ae48cd72fbe6d654,Localization Quality,AMCLPose,CovYawYaw,0.0151561,792.9
26e7cbf1458a6339ae48cd72fbe6d654,Localization Quality,AMCLPose,CovYY,0.0532503,792.9
26e7cbf1458a6339ae48cd72fbe6d654,Localization Quality,AMCLPose,CovXX,0.0996465,792.9
26e7cbf1458a6339ae48cd72fbe6d654,Localization Quality,AMCLPose,MeanYaw,2.81453,792.9
26e7cbf1458a6339ae48cd72fbe6d654,Localization Quality,AMCLPose,MeanY,-0.655598,792.9
26e7cbf1458a6339ae48cd72fbe6d654,Localization Quality,AMCLPose,MeanX,5.22579,792.9
26e7cbf1458a6339ae48cd72fbe6d654,Localization Stability,TF,Jump Angular,-0.00430397,793.9
26e7cbf1458a6339ae48cd72fbe6d654,Localization Stability,TF,Jump Linear,0.048423,793.9
26e7cbf1458a6339ae48cd72fbe6d654,Localization Stability,TF,Jump Angular,0,794
26e7cbf1458a6339ae48cd72fbe6d654,Localization Stability,TF,Jump Linear,0,794
26e7cbf1458a6339ae48cd72fbe6d654,Input Validity,Lidar,Lidar Rate,10,793.03
26e7cbf1458a6339ae48cd72fbe6d654,Input Validity,Odometry,Odometry Rate,50,793.03
26e7cbf1458a6339ae48cd72fbe6d654,Input Validity,TF,TF Rate,10,793.03
26e7cbf1458a6339ae48cd72fbe6d654,Localization Stability,TF,Jump Angular,0,794.1
26e7cbf1458a6339ae48cd72fbe6d654,Localization Stability,TF,Jump Linear,0,794.1
26e7cbf1458a6339ae48cd72fbe6d654,Input Validity,Lidar,Lidar Rate,10,793.13
26e7cbf1458a6339ae48cd72fbe6d654,Input Validity,Odometry,Odometry Rate,50,793.13
26e7cbf1458a6339ae48cd72fbe6d654,Input Validity,TF,TF Rate,10,793.13
26e7cbf1458a6339ae48cd72fbe6d654,Input Validity,Lidar,Lidar Rate,10,793.23
26e7cbf1458a6339ae48cd72fbe6d654,Input Validity,Odometry,Odometry Rate,50,793.23
26e7cbf1458a6339ae48cd72fbe6d654,Input Validity,TF,TF Rate,10,793.23
26e7cbf1458a6339ae48cd72fbe6d654,Localization Quality,AMCLPose,CovYawYaw,0.0108368,793.2
26e7cbf1458a6339ae48cd72fbe6d654,Localization Quality,AMCLPose,CovYY,0.0348488,793.2
26e7cbf1458a6339ae48cd72fbe6d654,Localization Quality,AMCLPose,CovXX,0.0922939,793.2
26e7cbf1458a6339ae48cd72fbe6d654,Localization Quality,AMCLPose,MeanYaw,2.83862,793.2
26e7cbf1458a6339ae48cd72fbe6d654,Localization Quality,AMCLPose,MeanY,-0.584682,793.2
26e7cbf1458a6339ae48cd72fbe6d654,Localization Quality,AMCLPose,MeanX,5.06129,793.2
26e7cbf1458a6339ae48cd72fbe6d654,Localization Stability,TF,Jump Angular,-0.0106009,794.2
26e7cbf1458a6339ae48cd72fbe6d654,Localization Stability,TF,Jump Linear,0.0861214,794.2
26e7cbf1458a6339ae48cd72fbe6d654,Localization Stability,TF,Jump Angular,0,794.3
26e7cbf1458a6339ae48cd72fbe6d654,Localization Stability,TF,Jump Linear,0,794.3
26e7cbf1458a6339ae48cd72fbe6d654,Input Validity,Lidar,Lidar Rate,10,793.33
26e7cbf1458a6339ae48cd72fbe6d654,Input Validity,Odometry,Odometry Rate,50,793.33
26e7cbf1458a6339ae48cd72fbe6d654,Input Validity,TF,TF Rate,10,793.33
26e7cbf1458a6339ae48cd72fbe6d654,Localization Stability,TF,Jump Angular,0,794.4
26e7cbf1458a6339ae48cd72fbe6d654,Localization Stability,TF,Jump Linear,0,794.4
26e7cbf1458a6339ae48cd72fbe6d654,Input Validity,Lidar,Lidar Rate,10,793.43
26e7cbf1458a6339ae48cd72fbe6d654,Input Validity,Odometry,Odometry Rate,50,793.43
26e7cbf1458a6339ae48cd72fbe6d654,Input Validity,TF,TF Rate,10,793.43
26e7cbf1458a6339ae48cd72fbe6d654,Input Validity,Lidar,Lidar Rate,10,793.53
26e7cbf1458a6339ae48cd72fbe6d654,Input Validity,Odometry,Odometry Rate,50,793.53
26e7cbf1458a6339ae48cd72fbe6d654,Input Validity,TF,TF Rate,10,793.53
26e7cbf1458a6339ae48cd72fbe6d654,Localization Quality,AMCLPose,CovYawYaw,0.00888148,793.5
26e7cbf1458a6339ae48cd72fbe6d654,Localization Quality,AMCLPose,CovYY,0.0262954,793.5
26e7cbf1458a6339ae48cd72fbe6d654,Localization Quality,AMCLPose,CovXX,0.0852071,793.5
26e7cbf1458a6339ae48cd72fbe6d654,Localization Quality,AMCLPose,MeanYaw,2.85574,793.5
26e7cbf1458a6339ae48cd72fbe6d654,Localization Quality,AMCLPose,MeanY,-0.529118,793.5
26e7cbf1458a6339ae48cd72fbe6d654,Localization Quality,AMCLPose,MeanX,4.88637,793.5
26e7cbf1458a6339ae48cd72fbe6d654,Localization Stability,TF,Jump Angular,-0.00300161,794.5
26e7cbf1458a6339ae48cd72fbe6d654,Localization Stability,TF,Jump Linear,0.0531982,794.5
26e7cbf1458a6339ae48cd72fbe6d654,Localization Stability,TF,Jump Angular,0,794.6
26e7cbf1458a6339ae48cd72fbe6d654,Localization Stability,TF,Jump Linear,0,794.6
26e7cbf1458a6339ae48cd72fbe6d654,Input Validity,Lidar,Lidar Rate,10,793.63
26e7cbf1458a6339ae48cd72fbe6d654,Input Validity,Odometry,Odometry Rate,50,793.63
26e7cbf1458a6339ae48cd72fbe6d654,Input Validity,TF,TF Rate,10,793.63
26e7cbf1458a6339ae48cd72fbe6d654,Localization Stability,TF,Jump Angular,0,794.7
26e7cbf1458a6339ae48cd72fbe6d654,Localization Stability,TF,Jump Linear,0,794.7
26e7cbf1458a6339ae48cd72fbe6d654,Input Validity,Lidar,Lidar Rate,10,793.73
26e7cbf1458a6339ae48cd72fbe6d654,Input Validity,Odometry,Odometry Rate,50,793.73
26e7cbf1458a6339ae48cd72fbe6d654,Input Validity,TF,TF Rate,10,793.73
26e7cbf1458a6339ae48cd72fbe6d654,Input Validity,Lidar,Lidar Rate,10,793.83
26e7cbf1458a6339ae48cd72fbe6d654,Input Validity,Odometry,Odometry Rate,50,793.83
26e7cbf1458a6339ae48cd72fbe6d654,Input Validity,TF,TF Rate,10,793.83
26e7cbf1458a6339ae48cd72fbe6d654,Localization Quality,AMCLPose,CovYawYaw,0.00761203,793.8
26e7cbf1458a6339ae48cd72fbe6d654,Localization Quality,AMCLPose,CovYY,0.0181737,793.8
26e7cbf1458a6339ae48cd72fbe6d654,Localization Quality,AMCLPose,CovXX,0.0744466,793.8
26e7cbf1458a6339ae48cd72fbe6d654,Localization Quality,AMCLPose,MeanYaw,2.9095,793.8
26e7cbf1458a6339ae48cd72fbe6d654,Localization Quality,AMCLPose,MeanY,-0.482401,793.8
26e7cbf1458a6339ae48cd72fbe6d654,Localization Quality,AMCLPose,MeanX,4.71495,793.8
26e7cbf1458a6339ae48cd72fbe6d654,Localization Stability,TF,Jump Angular,-0.00459102,794.8
26e7cbf1458a6339ae48cd72fbe6d654,Localization Stability,TF,Jump Linear,0.050826,794.8
26e7cbf1458a6339ae48cd72fbe6d654,Localization Stability,TF,Jump Angular,0,794.9
26e7cbf1458a6339ae48cd72fbe6d654,Localization Stability,TF,Jump Linear,0,794.9
26e7cbf1458a6339ae48cd72fbe6d654,Input Validity,Lidar,Lidar Rate,10,793.93
26e7cbf1458a6339ae48cd72fbe6d654,Input Validity,Odometry,Odometry Rate,50,793.93
26e7cbf1458a6339ae48cd72fbe6d654,Input Validity,TF,TF Rate,10,793.93
26e7cbf1458a6339ae48cd72fbe6d654,Localization Stability,TF,Jump Angular,0,795
26e7cbf1458a6339ae48cd72fbe6d654,Localization Stability,TF,Jump Linear,0,795
26e7cbf1458a6339ae48cd72fbe6d654,Input Validity,Lidar,Lidar Rate,10,794.03
26e7cbf1458a6339ae48cd72fbe6d654,Input Validity,Odometry,Odometry Rate,50,794.03
26e7cbf1458a6339ae48cd72fbe6d654,Input Validity,TF,TF Rate,10,794.03
26e7cbf1458a6339ae48cd72fbe6d654,Input Validity,Lidar,Lidar Rate,10,794.13
26e7cbf1458a6339ae48cd72fbe6d654,Input Validity,Odometry,Odometry Rate,50,794.13
26e7cbf1458a6339ae48cd72fbe6d654,Input Validity,TF,TF Rate,10,794.13
26e7cbf1458a6339ae48cd72fbe6d654,Localization Quality,AMCLPose,CovYawYaw,0.00530996,794.1
26e7cbf1458a6339ae48cd72fbe6d654,Localization Quality,AMCLPose,CovYY,0.0119598,794.1
26e7cbf1458a6339ae48cd72fbe6d654,Localization Quality,AMCLPose,CovXX,0.0635868,794.1
26e7cbf1458a6339ae48cd72fbe6d654,Localization Quality,AMCLPose,MeanYaw,2.93189,794.1
26e7cbf1458a6339ae48cd72fbe6d654,Localization Quality,AMCLPose,MeanY,-0.449237,794.1
26e7cbf1458a6339ae48cd72fbe6d654,Localization Quality,AMCLPose,MeanX,4.5491,794.1
26e7cbf1458a6339ae48cd72fbe6d654,Localization Stability,TF,Jump Angular,0.0018928,795.1
26e7cbf1458a6339ae48cd72fbe6d654,Localization Stability,TF,Jump Linear,0.0353794,795.1
26e7cbf1458a6339ae48cd72fbe6d654,Localization Stability,TF,Jump Angular,0,795.2
26e7cbf1458a6339ae48cd72fbe6d654,Localization Stability,TF,Jump Linear,0,795.2
26e7cbf1458a6339ae48cd72fbe6d654,Input Validity,Lidar,Lidar Rate,10,794.23
26e7cbf1458a6339ae48cd72fbe6d654,Input Validity,Odometry,Odometry Rate,50,794.23
26e7cbf1458a6339ae48cd72fbe6d654,Input Validity,TF,TF Rate,10,794.23
26e7cbf1458a6339ae48cd72fbe6d654,Localization Stability,TF,Jump Angular,0,795.3
26e7cbf1458a6339ae48cd72fbe6d654,Localization Stability,TF,Jump Linear,0,795.3
26e7cbf1458a6339ae48cd72fbe6d654,Input Validity,Lidar,Lidar Rate,10,794.32
26e7cbf1458a6339ae48cd72fbe6d654,Input Validity,Odometry,Odometry Rate,50,794.32
26e7cbf1458a6339ae48cd72fbe6d654,Input Validity,TF,TF Rate,10,794.32
26e7cbf1458a6339ae48cd72fbe6d654,Input Validity,Lidar,Lidar Rate,10,794.42
26e7cbf1458a6339ae48cd72fbe6d654,Input Validity,Odometry,Odometry Rate,50,794.42
26e7cbf1458a6339ae48cd72fbe6d654,Input Validity,TF,TF Rate,10,794.42
26e7cbf1458a6339ae48cd72fbe6d654,Localization Quality,AMCLPose,CovYawYaw,0.00487616,794.4
26e7cbf1458a6339ae48cd72fbe6d654,Localization Quality,AMCLPose,CovYY,0.00912164,794.4
26e7cbf1458a6339ae48cd72fbe6d654,Localization Quality,AMCLPose,CovXX,0.0489845,794.4
26e7cbf1458a6339ae48cd72fbe6d654,Localization Quality,AMCLPose,MeanYaw,2.92644,794.4
26e7cbf1458a6339ae48cd72fbe6d654,Localization Quality,AMCLPose,MeanY,-0.420569,794.4
26e7cbf1458a6339ae48cd72fbe6d654,Localization Quality,AMCLPose,MeanX,4.38259,794.4
26e7cbf1458a6339ae48cd72fbe6d654,Localization Stability,TF,Jump Angular,0.00173404,795.4
26e7cbf1458a6339ae48cd72fbe6d654,Localization Stability,TF,Jump Linear,0.0360871,795.4
26e7cbf1458a6339ae48cd72fbe6d654,Localization Stability,TF,Jump Angular,0,795.5
26e7cbf1458a6339ae48cd72fbe6d654,Localization Stability,TF,Jump Linear,0,795.5
26e7cbf1458a6339ae48cd72fbe6d654,Input Validity,Lidar,Lidar Rate,10,794.52
26e7cbf1458a6339ae48cd72fbe6d654,Input Validity,Odometry,Odometry Rate,50,794.52
26e7cbf1458a6339ae48cd72fbe6d654,Input Validity,TF,TF Rate,10,794.52
26e7cbf1458a6339ae48cd72fbe6d654,Localization Stability,TF,Jump Angular,0,795.6
26e7cbf1458a6339ae48cd72fbe6d654,Localization Stability,TF,Jump Linear,0,795.6
26e7cbf1458a6339ae48cd72fbe6d654,Input Validity,Lidar,Lidar Rate,10,794.62
26e7cbf1458a6339ae48cd72fbe6d654,Input Validity,Odometry,Odometry Rate,50,794.62
26e7cbf1458a6339ae48cd72fbe6d654,Input Validity,TF,TF Rate,10,794.62
26e7cbf1458a6339ae48cd72fbe6d654,Input Validity,Lidar,Lidar Rate,10,794.72
26e7cbf1458a6339ae48cd72fbe6d654,Input Validity,Odometry,Odometry Rate,50,794.72
26e7cbf1458a6339ae48cd72fbe6d654,Input Validity,TF,TF Rate,10,794.72
26e7cbf1458a6339ae48cd72fbe6d654,Localization Quality,AMCLPose,CovYawYaw,0.00400575,794.7
26e7cbf1458a6339ae48cd72fbe6d654,Localization Quality,AMCLPose,CovYY,0.00685063,794.7
26e7cbf1458a6339ae48cd72fbe6d654,Localization Quality,AMCLPose,CovXX,0.0391863,794.7
26e7cbf1458a6339ae48cd72fbe6d654,Localization Quality,AMCLPose,MeanYaw,2.98125,794.7
26e7cbf1458a6339ae48cd72fbe6d654,Localization Quality,AMCLPose,MeanY,-0.394647,794.7
26e7cbf1458a6339ae48cd72fbe6d654,Localization Quality,AMCLPose,MeanX,4.23397,794.7
26e7cbf1458a6339ae48cd72fbe6d654,Localization Stability,TF,Jump Angular,-0.00266267,795.7
26e7cbf1458a6339ae48cd72fbe6d654,Localization Stability,TF,Jump Linear,0.0185176,795.7
26e7cbf1458a6339ae48cd72fbe6d654,Localization Stability,TF,Jump Angular,0,795.8
26e7cbf1458a6339ae48cd72fbe6d654,Localization Stability,TF,Jump Linear,0,795.8
26e7cbf1458a6339ae48cd72fbe6d654,Input Validity,Lidar,Lidar Rate,10,794.82
26e7cbf1458a6339ae48cd72fbe6d654,Input Validity,Odometry,Odometry Rate,50,794.82
26e7cbf1458a6339ae48cd72fbe6d654,Input Validity,TF,TF Rate,10,794.82
26e7cbf1458a6339ae48cd72fbe6d654,Localization Stability,TF,Jump Angular,0,795.9
26e7cbf1458a6339ae48cd72fbe6d654,Localization Stability,TF,Jump Linear,0,795.9
26e7cbf1458a6339ae48cd72fbe6d654,Input Validity,Lidar,Lidar Rate,10,794.92
26e7cbf1458a6339ae48cd72fbe6d654,Input Validity,Odometry,Odometry Rate,50,794.92
26e7cbf1458a6339ae48cd72fbe6d654,Input Validity,TF,TF Rate,10,794.92
26e7cbf1458a6339ae48cd72fbe6d654,Input Validity,Lidar,Lidar Rate,10,795.02
26e7cbf1458a6339ae48cd72fbe6d654,Input Validity,Odometry,Odometry Rate,50,795.02
26e7cbf1458a6339ae48cd72fbe6d654,Input Validity,TF,TF Rate,10,795.02
26e7cbf1458a6339ae48cd72fbe6d654,Localization Quality,AMCLPose,CovYawYaw,0.00373651,795
26e7cbf1458a6339ae48cd72fbe6d654,Localization Quality,AMCLPose,CovYY,0.00590688,795
26e7cbf1458a6339ae48cd72fbe6d654,Localization Quality,AMCLPose,CovXX,0.0315532,795
26e7cbf1458a6339ae48cd72fbe6d654,Localization Quality,AMCLPose,MeanYaw,3.03051,795
26e7cbf1458a6339ae48cd72fbe6d654,Localization Quality,AMCLPose,MeanY,-0.375486,795
26e7cbf1458a6339ae48cd72fbe6d654,Localization Quality,AMCLPose,MeanX,4.08276,795
26e7cbf1458a6339ae48cd72fbe6d654,Localization Stability,TF,Jump Angular,-0.000967105,796
26e7cbf1458a6339ae48cd72fbe6d654,Localization Stability,TF,Jump Linear,0.017725,796
26e7cbf1458a6339ae48cd72fbe6d654,Localization Stability,TF,Jump Angular,0,796.1
26e7cbf1458a6339ae48cd72fbe6d654,Localization Stability,TF,Jump Linear,0,796.1
26e7cbf1458a6339ae48cd72fbe6d654,Input Validity,Lidar,Lidar Rate,10,795.12
26e7cbf1458a6339ae48cd72fbe6d654,Input Validity,Odometry,Odometry Rate,50,795.12
26e7cbf1458a6339ae48cd72fbe6d654,Input Validity,TF,TF Rate,10,795.12
26e7cbf1458a6339ae48cd72fbe6d654,Localization Stability,TF,Jump Angular,0,796.2
26e7cbf1458a6339ae48cd72fbe6d654,Localization Stability,TF,Jump Linear,0,796.2
26e7cbf1458a6339ae48cd72fbe6d654,Input Validity,Lidar,Lidar Rate,10,795.22
26e7cbf1458a6339ae48cd72fbe6d654,Input Validity,Odometry,Odometry Rate,50,795.22
26e7cbf1458a6339ae48cd72fbe6d654,Input Validity,TF,TF Rate,10,795.22
26e7cbf1458a6339ae48cd72fbe6d654,Input Validity,Lidar,Lidar Rate,10,795.32
26e7cbf1458a6339ae48cd72fbe6d654,Input Validity,Odometry,Odometry Rate,50,795.32
26e7cbf1458a6339ae48cd72fbe6d654,Input Validity,TF,TF Rate,10,795.32
26e7cbf1458a6339ae48cd72fbe6d654,Localization Quality,AMCLPose,CovYawYaw,0.00356421,795.3
26e7cbf1458a6339ae48cd72fbe6d654,Localization Quality,AMCLPose,CovYY,0.00518256,795.3
26e7cbf1458a6339ae48cd72fbe6d654,Localization Quality,AMCLPose,CovXX,0.0234118,795.3
26e7cbf1458a6339ae48cd72fbe6d654,Localization Quality,AMCLPose,MeanYaw,3.03651,795.3
26e7cbf1458a6339ae48cd72fbe6d654,Localization Quality,AMCLPose,MeanY,-0.361209,795.3
26e7cbf1458a6339ae48cd72fbe6d654,Localization Quality,AMCLPose,MeanX,3.9318,795.3
26e7cbf1458a6339ae48cd72fbe6d654,Localization Stability,TF,Jump Angular,-0.00210877,796.3
26e7cbf1458a6339ae48cd72fbe6d654,Localization Stability,TF,Jump Linear,0.0178388,796.3
26e7cbf1458a6339ae48cd72fbe6d654,Localization Stability,TF,Jump Angular,0,796.4
26e7cbf1458a6339ae48cd72fbe6d654,Localization Stability,TF,Jump Linear,0,796.4
26e7cbf1458a6339ae48cd72fbe6d654,Input Validity,Lidar,Lidar Rate,10,795.42
26e7cbf1458a6339ae48cd72fbe6d654,Input Validity,Odometry,Odometry Rate,50,795.42
26e7cbf1458a6339ae48cd72fbe6d654,Input Validity,TF,TF Rate,10,795.42
26e7cbf1458a6339ae48cd72fbe6d654,Localization Stability,TF,Jump Angular,0,796.5
26e7cbf1458a6339ae48cd72fbe6d654,Localization Stability,TF,Jump Linear,0,796.5
26e7cbf1458a6339ae48cd72fbe6d654,Input Validity,Lidar,Lidar Rate,10,795.52
26e7cbf1458a6339ae48cd72fbe6d654,Input Validity,Odometry,Odometry Rate,50,795.52
26e7cbf1458a6339ae48cd72fbe6d654,Input Validity,TF,TF Rate,10,795.52
26e7cbf1458a6339ae48cd72fbe6d654,Input Validity,Lidar,Lidar Rate,10,795.62
26e7cbf1458a6339ae48cd72fbe6d654,Input Validity,Odometry,Odometry Rate,50,795.62
26e7cbf1458a6339ae48cd72fbe6d654,Input Validity,TF,TF Rate,10,795.62
26e7cbf1458a6339ae48cd72fbe6d654,Localization Quality,AMCLPose,CovYawYaw,0.00342096,795.6
26e7cbf1458a6339ae48cd72fbe6d654,Localization Quality,AMCLPose,CovYY,0.00489139,795.6
26e7cbf1458a6339ae48cd72fbe6d654,Localization Quality,AMCLPose,CovXX,0.0172254,795.6
26e7cbf1458a6339ae48cd72fbe6d654,Localization Quality,AMCLPose,MeanYaw,3.03349,795.6
26e7cbf1458a6339ae48cd72fbe6d654,Localization Quality,AMCLPose,MeanY,-0.345664,795.6
26e7cbf1458a6339ae48cd72fbe6d654,Localization Quality,AMCLPose,MeanX,3.78918,795.6
26e7cbf1458a6339ae48cd72fbe6d654,Localization Stability,TF,Jump Angular,-0.000557101,796.6
26e7cbf1458a6339ae48cd72fbe6d654,Localization Stability,TF,Jump Linear,0.00860517,796.6
26e7cbf1458a6339ae48cd72fbe6d654,Localization Stability,TF,Jump Angular,0,796.7
26e7cbf1458a6339ae48cd72fbe6d654,Localization Stability,TF,Jump Linear,0,796.7
26e7cbf1458a6339ae48cd72fbe6d654,Input Validity,Lidar,Lidar Rate,10,795.72
26e7cbf1458a6339ae48cd72fbe6d654,Input Validity,Odometry,Odometry Rate,50,795.72
26e7cbf1458a6339ae48cd72fbe6d654,Input Validity,TF,TF Rate,10,795.72
26e7cbf1458a6339ae48cd72fbe6d654,Localization Stability,TF,Jump Angular,0,796.8
26e7cbf1458a6339ae48cd72fbe6d654,Localization Stability,TF,Jump Linear,0,796.8
26e7cbf1458a6339ae48cd72fbe6d654,Input Validity,Lidar,Lidar Rate,10,795.82
26e7cbf1458a6339ae48cd72fbe6d654,Input Validity,Odometry,Odometry Rate,50,795.82
26e7cbf1458a6339ae48cd72fbe6d654,Input Validity,TF,TF Rate,10,795.82
26e7cbf1458a6339ae48cd72fbe6d654,Input Validity,Lidar,Lidar Rate,10,795.92
26e7cbf1458a6339ae48cd72fbe6d654,Input Validity,Odometry,Odometry Rate,50,795.92
26e7cbf1458a6339ae48cd72fbe6d654,Input Validity,TF,TF Rate,10,795.92
26e7cbf1458a6339ae48cd72fbe6d654,Localization Quality,AMCLPose,CovYawYaw,0.00319115,795.9
26e7cbf1458a6339ae48cd72fbe6d654,Localization Quality,AMCLPose,CovYY,0.0040779,795.9
26e7cbf1458a6339ae48cd72fbe6d654,Localization Quality,AMCLPose,CovXX,0.0109853,795.9
26e7cbf1458a6339ae48cd72fbe6d654,Localization Quality,AMCLPose,MeanYaw,3.05612,795.9
26e7cbf1458a6339ae48cd72fbe6d654,Localization Quality,AMCLPose,MeanY,-0.336574,795.9
26e7cbf1458a6339ae48cd72fbe6d654,Localization Quality,AMCLPose,MeanX,3.6455,795.9
26e7cbf1458a6339ae48cd72fbe6d654,Localization Stability,TF,Jump Angular,0.00312865,796.9
26e7cbf1458a6339ae48cd72fbe6d654,Localization Stability,TF,Jump Linear,0.018478,796.9
26e7cbf1458a6339ae48cd72fbe6d654,Localization Stability,TF,Jump Angular,0,797
26e7cbf1458a6339ae48cd72fbe6d654,Localization Stability,TF,Jump Linear,0,797
26e7cbf1458a6339ae48cd72fbe6d654,Input Validity,Lidar,Lidar Rate,10,796.02
26e7cbf1458a6339ae48cd72fbe6d654,Input Validity,Odometry,Odometry Rate,50,796.02
26e7cbf1458a6339ae48cd72fbe6d654,Input Validity,TF,TF Rate,10,796.02
26e7cbf1458a6339ae48cd72fbe6d654,Localization Stability,TF,Jump Angular,0,797.1
26e7cbf1458a6339ae48cd72fbe6d654,Localization Stability,TF,Jump Linear,0,797.1
26e7cbf1458a6339ae48cd72fbe6d654,Input Validity,Lidar,Lidar Rate,10,796.12
26e7cbf1458a6339ae48cd72fbe6d654,Input Validity,Odometry,Odometry Rate,50,796.12
26e7cbf1458a6339ae48cd72fbe6d654,Input Validity,TF,TF Rate,10,796.12
26e7cbf1458a6339ae48cd72fbe6d654,Input Validity,Lidar,Lidar Rate,10,796.22
26e7cbf1458a6339ae48cd72fbe6d654,Input Validity,Odometry,Odometry Rate,50,796.22
26e7cbf1458a6339ae48cd72fbe6d654,Input Validity,TF,TF Rate,10,796.22
26e7cbf1458a6339ae48cd72fbe6d654,Localization Quality,AMCLPose,CovYawYaw,0.00284063,796.2
26e7cbf1458a6339ae48cd72fbe6d654,Localization Quality,AMCLPose,CovYY,0.00344391,796.2
26e7cbf1458a6339ae48cd72fbe6d654,Localization Quality,AMCLPose,CovXX,0.00892429,796.2
26e7cbf1458a6339ae48cd72fbe6d654,Localization Quality,AMCLPose,MeanYaw,3.04931,796.2
26e7cbf1458a6339ae48cd72fbe6d654,Localization Quality,AMCLPose,MeanY,-0.323805,796.2
26e7cbf1458a6339ae48cd72fbe6d654,Localization Quality,AMCLPose,MeanX,3.50709,796.2
26e7cbf1458a6339ae48cd72fbe6d654,Localization Stability,TF,Jump Angular,-0.000898918,797.2
26e7cbf1458a6339ae48cd72fbe6d654,Localization Stability,TF,Jump Linear,0.00550364,797.2
26e7cbf1458a6339ae48cd72fbe6d654,Input Validity,Lidar,Lidar Rate,10,796.32
26e7cbf1458a6339ae48cd72fbe6d654,Input Validity,Odometry,Odometry Rate,50,796.32
26e7cbf1458a6339ae48cd72fbe6d654,Input Validity,TF,TF Rate,10,796.32
26e7cbf1458a6339ae48cd72fbe6d654,Localization Stability,TF,Jump Angular,0,797.3
26e7cbf1458a6339ae48cd72fbe6d654,Localization Stability,TF,Jump Linear,0,797.3
26e7cbf1458a6339ae48cd72fbe6d654,Input Validity,Lidar,Lidar Rate,10,796.42
26e7cbf1458a6339ae48cd72fbe6d654,Input Validity,Odometry,Odometry Rate,50,796.42
26e7cbf1458a6339ae48cd72fbe6d654,Input Validity,TF,TF Rate,10,796.42
26e7cbf1458a6339ae48cd72fbe6d654,Localization Stability,TF,Jump Angular,0,797.4
26e7cbf1458a6339ae48cd72fbe6d654,Localization Stability,TF,Jump Linear,0,797.4
26e7cbf1458a6339ae48cd72fbe6d654,Input Validity,Lidar,Lidar Rate,10,796.52
26e7cbf1458a6339ae48cd72fbe6d654,Input Validity,Odometry,Odometry Rate,50,796.52
26e7cbf1458a6339ae48cd72fbe6d654,Input Validity,TF,TF Rate,10,796.52
26e7cbf1458a6339ae48cd72fbe6d654,Localization Quality,AMCLPose,CovYawYaw,0.00277136,796.5
26e7cbf1458a6339ae48cd72fbe6d654,Localization Quality,AMCLPose,CovYY,0.00303077,796.5
26e7cbf1458a6339ae48cd72fbe6d654,Localization Quality,AMCLPose,CovXX,0.00734463,796.5
26e7cbf1458a6339ae48cd72fbe6d654,Localization Quality,AMCLPose,MeanYaw,3.02485,796.5
26e7cbf1458a6339ae48cd72fbe6d654,Localization Quality,AMCLPose,MeanY,-0.307623,796.5
26e7cbf1458a6339ae48cd72fbe6d654,Localization Quality,AMCLPose,MeanX,3.36679,796.5
26e7cbf1458a6339ae48cd72fbe6d654,Localization Stability,TF,Jump Angular,-0.000183549,797.5
26e7cbf1458a6339ae48cd72fbe6d654,Localization Stability,TF,Jump Linear,0.00660252,797.5
26e7cbf1458a6339ae48cd72fbe6d654,Localization Stability,TF,Jump Angular,0,797.6
26e7cbf1458a6339ae48cd72fbe6d654,Localization Stability,TF,Jump Linear,0,797.6
26e7cbf1458a6339ae48cd72fbe6d654,Input Validity,Lidar,Lidar Rate,10,796.62
26e7cbf1458a6339ae48cd72fbe6d654,Input Validity,Odometry,Odometry Rate,50,796.62
26e7cbf1458a6339ae48cd72fbe6d654,Input Validity,TF,TF Rate,10,796.62
26e7cbf1458a6339ae48cd72fbe6d654,Localization Stability,TF,Jump Angular,0,797.7
26e7cbf1458a6339ae48cd72fbe6d654,Localization Stability,TF,Jump Linear,0,797.7
26e7cbf1458a6339ae48cd72fbe6d654,Input Validity,Lidar,Lidar Rate,10,796.71
26e7cbf1458a6339ae48cd72fbe6d654,Input Validity,Odometry,Odometry Rate,50,796.71
26e7cbf1458a6339ae48cd72fbe6d654,Input Validity,TF,TF Rate,10,796.71
26e7cbf1458a6339ae48cd72fbe6d654,Input Validity,Lidar,Lidar Rate,10,796.81
26e7cbf1458a6339ae48cd72fbe6d654,Input Validity,Odometry,Odometry Rate,50,796.81
26e7cbf1458a6339ae48cd72fbe6d654,Input Validity,TF,TF Rate,10,796.81
26e7cbf1458a6339ae48cd72fbe6d654,Localization Quality,AMCLPose,CovYawYaw,0.00290759,796.8
26e7cbf1458a6339ae48cd72fbe6d654,Localization Quality,AMCLPose,CovYY,0.00279634,796.8
26e7cbf1458a6339ae48cd72fbe6d654,Localization Quality,AMCLPose,CovXX,0.00678974,796.8
26e7cbf1458a6339ae48cd72fbe6d654,Localization Quality,AMCLPose,MeanYaw,2.99279,796.8
26e7cbf1458a6339ae48cd72fbe6d654,Localization Quality,AMCLPose,MeanY,-0.29149,796.8
26e7cbf1458a6339ae48cd72fbe6d654,Localization Quality,AMCLPose,MeanX,3.23014,796.8
26e7cbf1458a6339ae48cd72fbe6d654,Localization Stability,TF,Jump Angular,-0.00262364,797.8
26e7cbf1458a6339ae48cd72fbe6d654,Localization Stability,TF,Jump Linear,0.00698546,797.8
26e7cbf1458a6339ae48cd72fbe6d654,Localization Stability,TF,Jump Angular,0,797.9
26e7cbf1458a6339ae48cd72fbe6d654,Localization Stability,TF,Jump Linear,0,797.9
26e7cbf1458a6339ae48cd72fbe6d654,Input Validity,Lidar,Lidar Rate,10,796.91
26e7cbf1458a6339ae48cd72fbe6d654,Input Validity,Odometry,Odometry Rate,50,796.91
26e7cbf1458a6339ae48cd72fbe6d654,Input Validity,TF,TF Rate,10,796.91
26e7cbf1458a6339ae48cd72fbe6d654,Localization Stability,TF,Jump Angular,0,798
26e7cbf1458a6339ae48cd72fbe6d654,Localization Stability,TF,Jump Linear,0,798
26e7cbf1458a6339ae48cd72fbe6d654,Input Validity,Lidar,Lidar Rate,10,797.01
26e7cbf1458a6339ae48cd72fbe6d654,Input Validity,Odometry,Odometry Rate,50,797.01
26e7cbf1458a6339ae48cd72fbe6d654,Input Validity,TF,TF Rate,10,797.01
26e7cbf1458a6339ae48cd72fbe6d654,Input Validity,Lidar,Lidar Rate,10,797.11
26e7cbf1458a6339ae48cd72fbe6d654,Input Validity,Odometry,Odometry Rate,50,797.11
26e7cbf1458a6339ae48cd72fbe6d654,Input Validity,TF,TF Rate,10,797.11
26e7cbf1458a6339ae48cd72fbe6d654,Localization Quality,AMCLPose,CovYawYaw,0.00305298,797.1
26e7cbf1458a6339ae48cd72fbe6d654,Localization Quality,AMCLPose,CovYY,0.00249786,797.1
26e7cbf1458a6339ae48cd72fbe6d654,Localization Quality,AMCLPose,CovXX,0.00639519,797.1
26e7cbf1458a6339ae48cd72fbe6d654,Localization Quality,AMCLPose,MeanYaw,2.9662,797.1
26e7cbf1458a6339ae48cd72fbe6d654,Localization Quality,AMCLPose,MeanY,-0.27145,797.1
26e7cbf1458a6339ae48cd72fbe6d654,Localization Quality,AMCLPose,MeanX,3.09348,797.1
26e7cbf1458a6339ae48cd72fbe6d654,Localization Stability,TF,Jump Angular,1.51398e-05,798.1
26e7cbf1458a6339ae48cd72fbe6d654,Localization Stability,TF,Jump Linear,0.00391586,798.1
26e7cbf1458a6339ae48cd72fbe6d654,Localization Stability,TF,Jump Angular,0,798.2
26e7cbf1458a6339ae48cd72fbe6d654,Localization Stability,TF,Jump Linear,0,798.2
26e7cbf1458a6339ae48cd72fbe6d654,Input Validity,Lidar,Lidar Rate,10,797.21
26e7cbf1458a6339ae48cd72fbe6d654,Input Validity,Odometry,Odometry Rate,50,797.21
26e7cbf1458a6339ae48cd72fbe6d654,Input Validity,TF,TF Rate,10,797.21
26e7cbf1458a6339ae48cd72fbe6d654,Input Validity,Lidar,Lidar Rate,10,797.31
26e7cbf1458a6339ae48cd72fbe6d654,Input Validity,Odometry,Odometry Rate,50,797.31
26e7cbf1458a6339ae48cd72fbe6d654,Input Validity,TF,TF Rate,10,797.31
26e7cbf1458a6339ae48cd72fbe6d654,Localization Stability,TF,Jump Angular,0,798.3
26e7cbf1458a6339ae48cd72fbe6d654,Localization Stability,TF,Jump Linear,0,798.3
26e7cbf1458a6339ae48cd72fbe6d654,Input Validity,Lidar,Lidar Rate,10,797.41
26e7cbf1458a6339ae48cd72fbe6d654,Input Validity,Odometry,Odometry Rate,50,797.41
26e7cbf1458a6339ae48cd72fbe6d654,Input Validity,TF,TF Rate,10,797.41
26e7cbf1458a6339ae48cd72fbe6d654,Localization Quality,AMCLPose,CovYawYaw,0.00279626,797.4
26e7cbf1458a6339ae48cd72fbe6d654,Localization Quality,AMCLPose,CovYY,0.00242881,797.4
26e7cbf1458a6339ae48cd72fbe6d654,Localization Quality,AMCLPose,CovXX,0.00665095,797.4
26e7cbf1458a6339ae48cd72fbe6d654,Localization Quality,AMCLPose,MeanYaw,2.95116,797.4
26e7cbf1458a6339ae48cd72fbe6d654,Localization Quality,AMCLPose,MeanY,-0.248089,797.4
26e7cbf1458a6339ae48cd72fbe6d654,Localization Quality,AMCLPose,MeanX,2.9581,797.4
26e7cbf1458a6339ae48cd72fbe6d654,Localization Stability,TF,Jump Angular,0.000883078,798.4
26e7cbf1458a6339ae48cd72fbe6d654,Localization Stability,TF,Jump Linear,0.00497129,798.4
26e7cbf1458a6339ae48cd72fbe6d654,Localization Stability,TF,Jump Angular,0,798.5
26e7cbf1458a6339ae48cd72fbe6d654,Localization Stability,TF,Jump Linear,0,798.5
26e7cbf1458a6339ae48cd72fbe6d654,Input Validity,Lidar,Lidar Rate,10,797.51
26e7cbf1458a6339ae48cd72fbe6d654,Input Validity,Odometry,Odometry Rate,50,797.51
26e7cbf1458a6339ae48cd72fbe6d654,Input Validity,TF,TF Rate,10,797.51
26e7cbf1458a6339ae48cd72fbe6d654,Localization Stability,TF,Jump Angular,0,798.6
26e7cbf1458a6339ae48cd72fbe6d654,Localization Stability,TF,Jump Linear,0,798.6
26e7cbf1458a6339ae48cd72fbe6d654,Input Validity,Lidar,Lidar Rate,10,797.61
26e7cbf1458a6339ae48cd72fbe6d654,Input Validity,Odometry,Odometry Rate,50,797.61
26e7cbf1458a6339ae48cd72fbe6d654,Input Validity,TF,TF Rate,10,797.61
26e7cbf1458a6339ae48cd72fbe6d654,Input Validity,Lidar,Lidar Rate,10,797.71
26e7cbf1458a6339ae48cd72fbe6d654,Input Validity,Odometry,Odometry Rate,50,797.71
26e7cbf1458a6339ae48cd72fbe6d654,Input Validity,TF,TF Rate,10,797.71
26e7cbf1458a6339ae48cd72fbe6d654,Localization Quality,AMCLPose,CovYawYaw,0.00275105,797.7
26e7cbf1458a6339ae48cd72fbe6d654,Localization Quality,AMCLPose,CovYY,0.00235674,797.7
26e7cbf1458a6339ae48cd72fbe6d654,Localization Quality,AMCLPose,CovXX,0.00708227,797.7
26e7cbf1458a6339ae48cd72fbe6d654,Localization Quality,AMCLPose,MeanYaw,2.94861,797.7
26e7cbf1458a6339ae48cd72fbe6d654,Localization Quality,AMCLPose,MeanY,-0.222426,797.7
26e7cbf1458a6339ae48cd72fbe6d654,Localization Quality,AMCLPose,MeanX,2.82727,797.7
26e7cbf1458a6339ae48cd72fbe6d654,Localization Stability,TF,Jump Angular,0.000315325,798.7
26e7cbf1458a6339ae48cd72fbe6d654,Localization Stability,TF,Jump Linear,0.00191291,798.7
26e7cbf1458a6339ae48cd72fbe6d654,Localization Stability,TF,Jump Angular,0,798.8
26e7cbf1458a6339ae48cd72fbe6d654,Localization Stability,TF,Jump Linear,0,798.8
26e7cbf1458a6339ae48cd72fbe6d654,Input Validity,Lidar,Lidar Rate,10,797.81
26e7cbf1458a6339ae48cd72fbe6d654,Input Validity,Odometry,Odometry Rate,50,797.81
26e7cbf1458a6339ae48cd72fbe6d654,Input Validity,TF,TF Rate,10,797.81
26e7cbf1458a6339ae48cd72fbe6d654,Input Validity,Lidar,Lidar Rate,10,797.91
26e7cbf1458a6339ae48cd72fbe6d654,Input Validity,Odometry,Odometry Rate,50,797.91
26e7cbf1458a6339ae48cd72fbe6d654,Input Validity,TF,TF Rate,10,797.91
26e7cbf1458a6339ae48cd72fbe6d654,Localization Stability,TF,Jump Angular,0,798.9
26e7cbf1458a6339ae48cd72fbe6d654,Localization Stability,TF,Jump Linear,0,798.9
26e7cbf1458a6339ae48cd72fbe6d654,Input Validity,Lidar,Lidar Rate,10,798.01
26e7cbf1458a6339ae48cd72fbe6d654,Input Validity,Odometry,Odometry Rate,50,798.01
26e7cbf1458a6339ae48cd72fbe6d654,Input Validity,TF,TF Rate,10,798.01
26e7cbf1458a6339ae48cd72fbe6d654,Localization Quality,AMCLPose,CovYawYaw,0.00279646,798
26e7cbf1458a6339ae48cd72fbe6d654,Localization Quality,AMCLPose,CovYY,0.00221078,798
26e7cbf1458a6339ae48cd72fbe6d654,Localization Quality,AMCLPose,CovXX,0.00640123,798
26e7cbf1458a6339ae48cd72fbe6d654,Localization Quality,AMCLPose,MeanYaw,2.95639,798
26e7cbf1458a6339ae48cd72fbe6d654,Localization Quality,AMCLPose,MeanY,-0.198411,798
26e7cbf1458a6339ae48cd72fbe6d654,Localization Quality,AMCLPose,MeanX,2.69749,798
26e7cbf1458a6339ae48cd72fbe6d654,Localization Stability,TF,Jump Angular,-5.20527e-05,799
26e7cbf1458a6339ae48cd72fbe6d654,Localization Stability,TF,Jump Linear,0.00310363,799
26e7cbf1458a6339ae48cd72fbe6d654,Input Validity,Lidar,Lidar Rate,10,798.11
26e7cbf1458a6339ae48cd72fbe6d654,Input Validity,Odometry,Odometry Rate,50,798.11
26e7cbf1458a6339ae48cd72fbe6d654,Input Validity,TF,TF Rate,10,798.11
26e7cbf1458a6339ae48cd72fbe6d654,Localization Stability,TF,Jump Angular,0,799.1
26e7cbf1458a6339ae48cd72fbe6d654,Localization Stability,TF,Jump Linear,0,799.1
26e7cbf1458a6339ae48cd72fbe6d654,Localization Stability,TF,Jump Angular,0,799.2
26e7cbf1458a6339ae48cd72fbe6d654,Localization Stability,TF,Jump Linear,0,799.2
26e7cbf1458a6339ae48cd72fbe6d654,Input Validity,Lidar,Lidar Rate,10,798.21
26e7cbf1458a6339ae48cd72fbe6d654,Input Validity,Odometry,Odometry Rate,50,798.21
26e7cbf1458a6339ae48cd72fbe6d654,Input Validity,TF,TF Rate,10,798.21
26e7cbf1458a6339ae48cd72fbe6d654,Input Validity,Lidar,Lidar Rate,10,798.31
26e7cbf1458a6339ae48cd72fbe6d654,Input Validity,Odometry,Odometry Rate,50,798.31
26e7cbf1458a6339ae48cd72fbe6d654,Input Validity,TF,TF Rate,10,798.31
26e7cbf1458a6339ae48cd72fbe6d654,Localization Quality,AMCLPose,CovYawYaw,0.0029168,798.3
26e7cbf1458a6339ae48cd72fbe6d654,Localization Quality,AMCLPose,CovYY,0.00220835,798.3
26e7cbf1458a6339ae48cd72fbe6d654,Localization Quality,AMCLPose,CovXX,0.00618416,798.3
26e7cbf1458a6339ae48cd72fbe6d654,Localization Quality,AMCLPose,MeanYaw,2.97235,798.3
26e7cbf1458a6339ae48cd72fbe6d654,Localization Quality,AMCLPose,MeanY,-0.175037,798.3
26e7cbf1458a6339ae48cd72fbe6d654,Localization Quality,AMCLPose,MeanX,2.5651,798.3
26e7cbf1458a6339ae48cd72fbe6d654,Localization Stability,TF,Jump Angular,0.00148501,799.3
26e7cbf1458a6339ae48cd72fbe6d654,Localization Stability,TF,Jump Linear,0.00431111,799.3
26e7cbf1458a6339ae48cd72fbe6d654,Input Validity,Lidar,Lidar Rate,10,798.41
26e7cbf1458a6339ae48cd72fbe6d654,Input Validity,Odometry,Odometry Rate,50,798.41
26e7cbf1458a6339ae48cd72fbe6d654,Input Validity,TF,TF Rate,10,798.41
26e7cbf1458a6339ae48cd72fbe6d654,Localization Stability,TF,Jump Angular,0,799.4
26e7cbf1458a6339ae48cd72fbe6d654,Localization Stability,TF,Jump Linear,0,799.4
26e7cbf1458a6339ae48cd72fbe6d654,Input Validity,Lidar,Lidar Rate,10,798.51
26e7cbf1458a6339ae48cd72fbe6d654,Input Validity,Odometry,Odometry Rate,50,798.51
26e7cbf1458a6339ae48cd72fbe6d654,Input Validity,TF,TF Rate,10,798.51
26e7cbf1458a6339ae48cd72fbe6d654,Localization Stability,TF,Jump Angular,0,799.5
26e7cbf1458a6339ae48cd72fbe6d654,Localization Stability,TF,Jump Linear,0,799.5
26e7cbf1458a6339ae48cd72fbe6d654,Input Validity,Lidar,Lidar Rate,10,798.61
26e7cbf1458a6339ae48cd72fbe6d654,Input Validity,Odometry,Odometry Rate,50,798.61
26e7cbf1458a6339ae48cd72fbe6d654,Input Validity,TF,TF Rate,10,798.61
26e7cbf1458a6339ae48cd72fbe6d654,Localization Quality,AMCLPose,CovYawYaw,0.00308459,798.6
26e7cbf1458a6339ae48cd72fbe6d654,Localization Quality,AMCLPose,CovYY,0.00215937,798.6
26e7cbf1458a6339ae48cd72fbe6d654,Localization Quality,AMCLPose,CovXX,0.00635974,798.6
26e7cbf1458a6339ae48cd72fbe6d654,Localization Quality,AMCLPose,MeanYaw,2.98819,798.6
26e7cbf1458a6339ae48cd72fbe6d654,Localization Quality,AMCLPose,MeanY,-0.152791,798.6
26e7cbf1458a6339ae48cd72fbe6d654,Localization Quality,AMCLPose,MeanX,2.43143,798.6
26e7cbf1458a6339ae48cd72fbe6d654,Localization Stability,TF,Jump Angular,-0.00215454,799.6
26e7cbf1458a6339ae48cd72fbe6d654,Localization Stability,TF,Jump Linear,0.00581093,799.6
26e7cbf1458a6339ae48cd72fbe6d654,Input Validity,Lidar,Lidar Rate,10,798.71
26e7cbf1458a6339ae48cd72fbe6d654,Input Validity,Odometry,Odometry Rate,50,798.71
26e7cbf1458a6339ae48cd72fbe6d654,Input Validity,TF,TF Rate,10,798.71
26e7cbf1458a6339ae48cd72fbe6d654,Localization Stability,TF,Jump Angular,0,799.7
26e7cbf1458a6339ae48cd72fbe6d654,Localization Stability,TF,Jump Linear,0,799.7
26e7cbf1458a6339ae48cd72fbe6d654,Input Validity,Lidar,Lidar Rate,10,798.81
26e7cbf1458a6339ae48cd72fbe6d654,Input Validity,Odometry,Odometry Rate,50,798.81
26e7cbf1458a6339ae48cd72fbe6d654,Input Validity,TF,TF Rate,10,798.81
26e7cbf1458a6339ae48cd72fbe6d654,Localization Stability,TF,Jump Angular,0,799.8
26e7cbf1458a6339ae48cd72fbe6d654,Localization Stability,TF,Jump Linear,0,799.8
26e7cbf1458a6339ae48cd72fbe6d654,Input Validity,Lidar,Lidar Rate,10,798.91
26e7cbf1458a6339ae48cd72fbe6d654,Input Validity,Odometry,Odometry Rate,50,798.91
26e7cbf1458a6339ae48cd72fbe6d654,Input Validity,TF,TF Rate,10,798.91
26e7cbf1458a6339ae48cd72fbe6d654,Localization Quality,AMCLPose,CovYawYaw,0.00284019,798.9
26e7cbf1458a6339ae48cd72fbe6d654,Localization Quality,AMCLPose,CovYY,0.0020775,798.9
26e7cbf1458a6339ae48cd72fbe6d654,Localization Quality,AMCLPose,CovXX,0.00630682,798.9
26e7cbf1458a6339ae48cd72fbe6d654,Localization Quality,AMCLPose,MeanYaw,3.0079,798.9
26e7cbf1458a6339ae48cd72fbe6d654,Localization Quality,AMCLPose,MeanY,-0.132819,798.9
26e7cbf1458a6339ae48cd72fbe6d654,Localization Quality,AMCLPose,MeanX,2.29695,798.9
26e7cbf1458a6339ae48cd72fbe6d654,Localization Stability,TF,Jump Angular,-0.000281469,799.9
26e7cbf1458a6339ae48cd72fbe6d654,Localization Stability,TF,Jump Linear,0.00152621,799.9
26e7cbf1458a6339ae48cd72fbe6d654,Input Validity,Lidar,Lidar Rate,10,799.01
26e7cbf1458a6339ae48cd72fbe6d654,Input Validity,Odometry,Odometry Rate,50,799.01
26e7cbf1458a6339ae48cd72fbe6d654,Input Validity,TF,TF Rate,10,799.01
26e7cbf1458a6339ae48cd72fbe6d654,Localization Stability,TF,Jump Angular,0,800
26e7cbf1458a6339ae48cd72fbe6d654,Localization Stability,TF,Jump Linear,0,800
26e7cbf1458a6339ae48cd72fbe6d654,Input Validity,Lidar,Lidar Rate,10,799.11
26e7cbf1458a6339ae48cd72fbe6d654,Input Validity,Odometry,Odometry Rate,50,799.11
26e7cbf1458a6339ae48cd72fbe6d654,Input Validity,TF,TF Rate,10,799.11
26e7cbf1458a6339ae48cd72fbe6d654,Localization Stability,TF,Jump Angular,0,800.1
26e7cbf1458a6339ae48cd72fbe6d654,Localization Stability,TF,Jump Linear,0,800.1
26e7cbf1458a6339ae48cd72fbe6d654,Input Validity,Lidar,Lidar Rate,10,799.21
26e7cbf1458a6339ae48cd72fbe6d654,Input Validity,Odometry,Odometry Rate,50,799.21
26e7cbf1458a6339ae48cd72fbe6d654,Input Validity,TF,TF Rate,10,799.21
26e7cbf1458a6339ae48cd72fbe6d654,Localization Quality,AMCLPose,CovYawYaw,0.00311763,799.2
26e7cbf1458a6339ae48cd72fbe6d654,Localization Quality,AMCLPose,CovYY,0.00188834,799.2
26e7cbf1458a6339ae48cd72fbe6d654,Localization Quality,AMCLPose,CovXX,0.00603382,799.2
26e7cbf1458a6339ae48cd72fbe6d654,Localization Quality,AMCLPose,MeanYaw,3.02949,799.2
26e7cbf1458a6339ae48cd72fbe6d654,Localization Quality,AMCLPose,MeanY,-0.11529,799.2
26e7cbf1458a6339ae48cd72fbe6d654,Localization Quality,AMCLPose,MeanX,2.16165,799.2
26e7cbf1458a6339ae48cd72fbe6d654,Localization Stability,TF,Jump Angular,0.00120899,800.2
26e7cbf1458a6339ae48cd72fbe6d654,Localization Stability,TF,Jump Linear,0.00229707,800.2
26e7cbf1458a6339ae48cd72fbe6d654,Input Validity,Lidar,Lidar Rate,10,799.3
26e7cbf1458a6339ae48cd72fbe6d654,Input Validity,Odometry,Odometry Rate,50,799.3
26e7cbf1458a6339ae48cd72fbe6d654,Input Validity,TF,TF Rate,10,799.3
26e7cbf1458a6339ae48cd72fbe6d654,Localization Stability,TF,Jump Angular,0,800.3
26e7cbf1458a6339ae48cd72fbe6d654,Localization Stability,TF,Jump Linear,0,800.3
26e7cbf1458a6339ae48cd72fbe6d654,Input Validity,Lidar,Lidar Rate,10,799.4
26e7cbf1458a6339ae48cd72fbe6d654,Input Validity,Odometry,Odometry Rate,50,799.4
26e7cbf1458a6339ae48cd72fbe6d654,Input Validity,TF,TF Rate,10,799.4
26e7cbf1458a6339ae48cd72fbe6d654,Localization Stability,TF,Jump Angular,0,800.4
26e7cbf1458a6339ae48cd72fbe6d654,Localization Stability,TF,Jump Linear,0,800.4
26e7cbf1458a6339ae48cd72fbe6d654,Input Validity,Lidar,Lidar Rate,10,799.5
26e7cbf1458a6339ae48cd72fbe6d654,Input Validity,Odometry,Odometry Rate,50,799.5
26e7cbf1458a6339ae48cd72fbe6d654,Input Validity,TF,TF Rate,10,799.5
26e7cbf1458a6339ae48cd72fbe6d654,Localization Quality,AMCLPose,CovYawYaw,0.00313914,799.5
26e7cbf1458a6339ae48cd72fbe6d654,Localization Quality,AMCLPose,CovYY,0.00181477,799.5
26e7cbf1458a6339ae48cd72fbe6d654,Localization Quality,AMCLPose,CovXX,0.00615597,799.5
26e7cbf1458a6339ae48cd72fbe6d654,Localization Quality,AMCLPose,MeanYaw,3.05009,799.5
26e7cbf1458a6339ae48cd72fbe6d654,Localization Quality,AMCLPose,MeanY,-0.101541,799.5
26e7cbf1458a6339ae48cd72fbe6d654,Localization Quality,AMCLPose,MeanX,2.02647,799.5
26e7cbf1458a6339ae48cd72fbe6d654,Localization Stability,TF,Jump Angular,0.00134844,800.5
26e7cbf1458a6339ae48cd72fbe6d654,Localization Stability,TF,Jump Linear,0.00294509,800.5
26e7cbf1458a6339ae48cd72fbe6d654,Input Validity,Lidar,Lidar Rate,10,799.6
26e7cbf1458a6339ae48cd72fbe6d654,Input Validity,Odometry,Odometry Rate,50,799.6
26e7cbf1458a6339ae48cd72fbe6d654,Input Validity,TF,TF Rate,10,799.6
26e7cbf1458a6339ae48cd72fbe6d654,Localization Stability,TF,Jump Angular,0,800.6
26e7cbf1458a6339ae48cd72fbe6d654,Localization Stability,TF,Jump Linear,0,800.6
26e7cbf1458a6339ae48cd72fbe6d654,Input Validity,Lidar,Lidar Rate,10,799.7
26e7cbf1458a6339ae48cd72fbe6d654,Input Validity,Odometry,Odometry Rate,50,799.7
26e7cbf1458a6339ae48cd72fbe6d654,Input Validity,TF,TF Rate,10,799.7
26e7cbf1458a6339ae48cd72fbe6d654,Localization Stability,TF,Jump Angular,0,800.7
26e7cbf1458a6339ae48cd72fbe6d654,Localization Stability,TF,Jump Linear,0,800.7
26e7cbf1458a6339ae48cd72fbe6d654,Input Validity,Lidar,Lidar Rate,10,799.8
26e7cbf1458a6339ae48cd72fbe6d654,Input Validity,Odometry,Odometry Rate,50,799.8
26e7cbf1458a6339ae48cd72fbe6d654,Input Validity,TF,TF Rate,10,799.8
26e7cbf1458a6339ae48cd72fbe6d654,Localization Quality,AMCLPose,CovYawYaw,0.00307558,799.8
26e7cbf1458a6339ae48cd72fbe6d654,Localization Quality,AMCLPose,CovYY,0.00181421,799.8
26e7cbf1458a6339ae48cd72fbe6d654,Localization Quality,AMCLPose,CovXX,0.00623392,799.8
26e7cbf1458a6339ae48cd72fbe6d654,Localization Quality,AMCLPose,MeanYaw,3.08692,799.8
26e7cbf1458a6339ae48cd72fbe6d654,Localization Quality,AMCLPose,MeanY,-0.0902531,799.8
26e7cbf1458a6339ae48cd72fbe6d654,Localization Quality,AMCLPose,MeanX,1.88872,799.8
26e7cbf1458a6339ae48cd72fbe6d654,Localization Stability,TF,Jump Angular,0.00283552,800.8
26e7cbf1458a6339ae48cd72fbe6d654,Localization Stability,TF,Jump Linear,0.00555609,800.8
26e7cbf1458a6339ae48cd72fbe6d654,Input Validity,Lidar,Lidar Rate,10,799.9
26e7cbf1458a6339ae48cd72fbe6d654,Input Validity,Odometry,Odometry Rate,50,799.9
26e7cbf1458a6339ae48cd72fbe6d654,Input Validity,TF,TF Rate,10,799.9
26e7cbf1458a6339ae48cd72fbe6d654,Localization Stability,TF,Jump Angular,0,800.9
26e7cbf1458a6339ae48cd72fbe6d654,Localization Stability,TF,Jump Linear,0,800.9
26e7cbf1458a6339ae48cd72fbe6d654,Input Validity,Lidar,Lidar Rate,10,800
26e7cbf1458a6339ae48cd72fbe6d654,Input Validity,Odometry,Odometry Rate,50,800
26e7cbf1458a6339ae48cd72fbe6d654,Input Validity,TF,TF Rate,10,800
26e7cbf1458a6339ae48cd72fbe6d654,Localization Stability,TF,Jump Angular,0,801
26e7cbf1458a6339ae48cd72fbe6d654,Localization Stability,TF,Jump Linear,0,801
26e7cbf1458a6339ae48cd72fbe6d654,Input Validity,Lidar,Lidar Rate,10,800.1
26e7cbf1458a6339ae48cd72fbe6d654,Input Validity,Odometry,Odometry Rate,50,800.1
26e7cbf1458a6339ae48cd72fbe6d654,Input Validity,TF,TF Rate,10,800.1
26e7cbf1458a6339ae48cd72fbe6d654,Localization Quality,AMCLPose,CovYawYaw,0.00314417,800.1
26e7cbf1458a6339ae48cd72fbe6d654,Localization Quality,AMCLPose,CovYY,0.00167507,800.1
26e7cbf1458a6339ae48cd72fbe6d654,Localization Quality,AMCLPose,CovXX,0.00600395,800.1
26e7cbf1458a6339ae48cd72fbe6d654,Localization Quality,AMCLPose,MeanYaw,3.12327,800.1
26e7cbf1458a6339ae48cd72fbe6d654,Localization Quality,AMCLPose,MeanY,-0.0854962,800.1
26e7cbf1458a6339ae48cd72fbe6d654,Localization Quality,AMCLPose,MeanX,1.75224,800.1
26e7cbf1458a6339ae48cd72fbe6d654,Localization Stability,TF,Jump Angular,0.00518048,801.1
26e7cbf1458a6339ae48cd72fbe6d654,Localization Stability,TF,Jump Linear,0.00961784,801.1
26e7cbf1458a6339ae48cd72fbe6d654,Input Validity,Lidar,Lidar Rate,10,800.2
26e7cbf1458a6339ae48cd72fbe6d654,Input Validity,Odometry,Odometry Rate,50,800.2
26e7cbf1458a6339ae48cd72fbe6d654,Input Validity,TF,TF Rate,10,800.2
26e7cbf1458a6339ae48cd72fbe6d654,Localization Stability,TF,Jump Angular,0,801.2
26e7cbf1458a6339ae48cd72fbe6d654,Localization Stability,TF,Jump Linear,0,801.2
26e7cbf1458a6339ae48cd72fbe6d654,Input Validity,Lidar,Lidar Rate,10,800.3
26e7cbf1458a6339ae48cd72fbe6d654,Input Validity,Odometry,Odometry Rate,50,800.3
26e7cbf1458a6339ae48cd72fbe6d654,Input Validity,TF,TF Rate,10,800.3
26e7cbf1458a6339ae48cd72fbe6d654,Localization Stability,TF,Jump Angular,0,801.3
26e7cbf1458a6339ae48cd72fbe6d654,Localization Stability,TF,Jump Linear,0,801.3
26e7cbf1458a6339ae48cd72fbe6d654,Input Validity,Lidar,Lidar Rate,10,800.4
26e7cbf1458a6339ae48cd72fbe6d654,Input Validity,Odometry,Odometry Rate,50,800.4
26e7cbf1458a6339ae48cd72fbe6d654,Input Validity,TF,TF Rate,10,800.4
26e7cbf1458a6339ae48cd72fbe6d654,Localization Quality,AMCLPose,CovYawYaw,0.0030681,800.4
26e7cbf1458a6339ae48cd72fbe6d654,Localization Quality,AMCLPose,CovYY,0.00157457,800.4
26e7cbf1458a6339ae48cd72fbe6d654,Localization Quality,AMCLPose,CovXX,0.0057715,800.4
26e7cbf1458a6339ae48cd72fbe6d654,Localization Quality,AMCLPose,MeanYaw,-3.13299,800.4
26e7cbf1458a6339ae48cd72fbe6d654,Localization Quality,AMCLPose,MeanY,-0.0852925,800.4
26e7cbf1458a6339ae48cd72fbe6d654,Localization Quality,AMCLPose,MeanX,1.61757,800.4
26e7cbf1458a6339ae48cd72fbe6d654,Localization Stability,TF,Jump Angular,0.00345947,801.4
26e7cbf1458a6339ae48cd72fbe6d654,Localization Stability,TF,Jump Linear,0.00605819,801.4
26e7cbf1458a6339ae48cd72fbe6d654,Input Validity,Lidar,Lidar Rate,10,800.5
26e7cbf1458a6339ae48cd72fbe6d654,Input Validity,Odometry,Odometry Rate,50,800.5
26e7cbf1458a6339ae48cd72fbe6d654,Input Validity,TF,TF Rate,10,800.5
26e7cbf1458a6339ae48cd72fbe6d654,Localization Stability,TF,Jump Angular,0,801.5
26e7cbf1458a6339ae48cd72fbe6d654,Localization Stability,TF,Jump Linear,0,801.5
26e7cbf1458a6339ae48cd72fbe6d654,Input Validity,Lidar,Lidar Rate,10,800.6
26e7cbf1458a6339ae48cd72fbe6d654,Input Validity,Odometry,Odometry Rate,50,800.6
26e7cbf1458a6339ae48cd72fbe6d654,Input Validity,TF,TF Rate,10,800.6
26e7cbf1458a6339ae48cd72fbe6d654,Localization Stability,TF,Jump Angular,0,801.6
26e7cbf1458a6339ae48cd72fbe6d654,Localization Stability,TF,Jump Linear,0,801.6
26e7cbf1458a6339ae48cd72fbe6d654,Input Validity,Lidar,Lidar Rate,10,800.7
26e7cbf1458a6339ae48cd72fbe6d654,Input Validity,Odometry,Odometry Rate,50,800.7
26e7cbf1458a6339ae48cd72fbe6d654,Input Validity,TF,TF Rate,10,800.7
26e7cbf1458a6339ae48cd72fbe6d654,Localization Quality,AMCLPose,CovYawYaw,0.00325252,800.7
26e7cbf1458a6339ae48cd72fbe6d654,Localization Quality,AMCLPose,CovYY,0.00142148,800.7
26e7cbf1458a6339ae48cd72fbe6d654,Localization Quality,AMCLPose,CovXX,0.00606581,800.7
26e7cbf1458a6339ae48cd72fbe6d654,Localization Quality,AMCLPose,MeanYaw,-3.12332,800.7
26e7cbf1458a6339ae48cd72fbe6d654,Localization Quality,AMCLPose,MeanY,-0.0881277,800.7
26e7cbf1458a6339ae48cd72fbe6d654,Localization Quality,AMCLPose,MeanX,1.48258,800.7
26e7cbf1458a6339ae48cd72fbe6d654,Localization Stability,TF,Jump Angular,0.00258163,801.7
26e7cbf1458a6339ae48cd72fbe6d654,Localization Stability,TF,Jump Linear,0.00452704,801.7
26e7cbf1458a6339ae48cd72fbe6d654,Input Validity,Lidar,Lidar Rate,10,800.8
26e7cbf1458a6339ae48cd72fbe6d654,Input Validity,Odometry,Odometry Rate,50,800.8
26e7cbf1458a6339ae48cd72fbe6d654,Input Validity,TF,TF Rate,10,800.8
26e7cbf1458a6339ae48cd72fbe6d654,Localization Stability,TF,Jump Angular,0,801.8
26e7cbf1458a6339ae48cd72fbe6d654,Localization Stability,TF,Jump Linear,0,801.8
26e7cbf1458a6339ae48cd72fbe6d654,Input Validity,Lidar,Lidar Rate,10,800.9
26e7cbf1458a6339ae48cd72fbe6d654,Input Validity,Odometry,Odometry Rate,50,800.9
26e7cbf1458a6339ae48cd72fbe6d654,Input Validity,TF,TF Rate,10,800.9
26e7cbf1458a6339ae48cd72fbe6d654,Localization Stability,TF,Jump Angular,0,801.9
26e7cbf1458a6339ae48cd72fbe6d654,Localization Stability,TF,Jump Linear,0,801.9
26e7cbf1458a6339ae48cd72fbe6d654,Input Validity,Lidar,Lidar Rate,10,801
26e7cbf1458a6339ae48cd72fbe6d654,Input Validity,Odometry,Odometry Rate,50,801
26e7cbf1458a6339ae48cd72fbe6d654,Input Validity,TF,TF Rate,10,801
26e7cbf1458a6339ae48cd72fbe6d654,Localization Quality,AMCLPose,CovYawYaw,0.00328273,801
26e7cbf1458a6339ae48cd72fbe6d654,Localization Quality,AMCLPose,CovYY,0.00134894,801
26e7cbf1458a6339ae48cd72fbe6d654,Localization Quality,AMCLPose,CovXX,0.00591554,801
26e7cbf1458a6339ae48cd72fbe6d654,Localization Quality,AMCLPose,MeanYaw,-3.12411,801
26e7cbf1458a6339ae48cd72fbe6d654,Localization Quality,AMCLPose,MeanY,-0.0903155,801
26e7cbf1458a6339ae48cd72fbe6d654,Localization Quality,AMCLPose,MeanX,1.34391,801
26e7cbf1458a6339ae48cd72fbe6d654,Localization Stability,TF,Jump Angular,0.00458876,802
26e7cbf1458a6339ae48cd72fbe6d654,Localization Stability,TF,Jump Linear,0.00752754,802
26e7cbf1458a6339ae48cd72fbe6d654,Input Validity,Lidar,Lidar Rate,10,801.1
26e7cbf1458a6339ae48cd72fbe6d654,Input Validity,Odometry,Odometry Rate,50,801.1
26e7cbf1458a6339ae48cd72fbe6d654,Input Validity,TF,TF Rate,10,801.1
26e7cbf1458a6339ae48cd72fbe6d654,Localization Stability,TF,Jump Angular,0,802.1
26e7cbf1458a6339ae48cd72fbe6d654,Localization Stability,TF,Jump Linear,0,802.1
26e7cbf1458a6339ae48cd72fbe6d654,Input Validity,Lidar,Lidar Rate,10,801.2
26e7cbf1458a6339ae48cd72fbe6d654,Input Validity,Odometry,Odometry Rate,50,801.2
26e7cbf1458a6339ae48cd72fbe6d654,Input Validity,TF,TF Rate,10,801.2
26e7cbf1458a6339ae48cd72fbe6d654,Localization Stability,TF,Jump Angular,0,802.2
26e7cbf1458a6339ae48cd72fbe6d654,Localization Stability,TF,Jump Linear,0,802.2
26e7cbf1458a6339ae48cd72fbe6d654,Input Validity,Lidar,Lidar Rate,10,801.3
26e7cbf1458a6339ae48cd72fbe6d654,Input Validity,Odometry,Odometry Rate,50,801.3
26e7cbf1458a6339ae48cd72fbe6d654,Input Validity,TF,TF Rate,10,801.3
26e7cbf1458a6339ae48cd72fbe6d654,Localization Quality,AMCLPose,CovYawYaw,0.00324984,801.3
26e7cbf1458a6339ae48cd72fbe6d654,Localization Quality,AMCLPose,CovYY,0.00142361,801.3
26e7cbf1458a6339ae48cd72fbe6d654,Localization Quality,AMCLPose,CovXX,0.00586301,801.3
26e7cbf1458a6339ae48cd72fbe6d654,Localization Quality,AMCLPose,MeanYaw,-3.12815,801.3
26e7cbf1458a6339ae48cd72fbe6d654,Localization Quality,AMCLPose,MeanY,-0.0913859,801.3
26e7cbf1458a6339ae48cd72fbe6d654,Localization Quality,AMCLPose,MeanX,1.20858,801.3
26e7cbf1458a6339ae48cd72fbe6d654,Localization Stability,TF,Jump Angular,0.00166129,802.3
26e7cbf1458a6339ae48cd72fbe6d654,Localization Stability,TF,Jump Linear,0.00119604,802.3
26e7cbf1458a6339ae48cd72fbe6d654,Input Validity,Lidar,Lidar Rate,10,801.4
26e7cbf1458a6339ae48cd72fbe6d654,Input Validity,Odometry,Odometry Rate,50,801.4
26e7cbf1458a6339ae48cd72fbe6d654,Input Validity,TF,TF Rate,10,801.4
26e7cbf1458a6339ae48cd72fbe6d654,Localization Stability,TF,Jump Angular,0,802.4
26e7cbf1458a6339ae48cd72fbe6d654,Localization Stability,TF,Jump Linear,0,802.4
26e7cbf1458a6339ae48cd72fbe6d654,Input Validity,Lidar,Lidar Rate,10,801.5
26e7cbf1458a6339ae48cd72fbe6d654,Input Validity,Odometry,Odometry Rate,50,801.5
26e7cbf1458a6339ae48cd72fbe6d654,Input Validity,TF,TF Rate,10,801.5
26e7cbf1458a6339ae48cd72fbe6d654,Localization Stability,TF,Jump Angular,0,802.5
26e7cbf1458a6339ae48cd72fbe6d654,Localization Stability,TF,Jump Linear,0,802.5
26e7cbf1458a6339ae48cd72fbe6d654,Input Validity,Lidar,Lidar Rate,10,801.6
26e7cbf1458a6339ae48cd72fbe6d654,Input Validity,Odometry,Odometry Rate,50,801.6
26e7cbf1458a6339ae48cd72fbe6d654,Input Validity,TF,TF Rate,10,801.6
26e7cbf1458a6339ae48cd72fbe6d654,Localization Quality,AMCLPose,CovYawYaw,0.0032605,801.6
26e7cbf1458a6339ae48cd72fbe6d654,Localization Quality,AMCLPose,CovYY,0.00151982,801.6
26e7cbf1458a6339ae48cd72fbe6d654,Localization Quality,AMCLPose,CovXX,0.00574662,801.6
26e7cbf1458a6339ae48cd72fbe6d654,Localization Quality,AMCLPose,MeanYaw,-3.13136,801.6
26e7cbf1458a6339ae48cd72fbe6d654,Localization Quality,AMCLPose,MeanY,-0.0941015,801.6
26e7cbf1458a6339ae48cd72fbe6d654,Localization Quality,AMCLPose,MeanX,1.07562,801.6
26e7cbf1458a6339ae48cd72fbe6d654,Localization Stability,TF,Jump Angular,0.0016317,802.6
26e7cbf1458a6339ae48cd72fbe6d654,Localization Stability,TF,Jump Linear,0.00343054,802.6
26e7cbf1458a6339ae48cd72fbe6d654,Input Validity,Lidar,Lidar Rate,10,801.7
26e7cbf1458a6339ae48cd72fbe6d654,Input Validity,Odometry,Odometry Rate,50,801.7
26e7cbf1458a6339ae48cd72fbe6d654,Input Validity,TF,TF Rate,10,801.7
26e7cbf1458a6339ae48cd72fbe6d654,Localization Stability,TF,Jump Angular,0,802.7
26e7cbf1458a6339ae48cd72fbe6d654,Localization Stability,TF,Jump Linear,0,802.7
26e7cbf1458a6339ae48cd72fbe6d654,Input Validity,Lidar,Lidar Rate,10,801.8
26e7cbf1458a6339ae48cd72fbe6d654,Input Validity,Odometry,Odometry Rate,50,801.8
26e7cbf1458a6339ae48cd72fbe6d654,Input Validity,TF,TF Rate,10,801.8
26e7cbf1458a6339ae48cd72fbe6d654,Localization Stability,TF,Jump Angular,0,802.8
26e7cbf1458a6339ae48cd72fbe6d654,Localization Stability,TF,Jump Linear,0,802.8
26e7cbf1458a6339ae48cd72fbe6d654,Input Validity,Lidar,Lidar Rate,10,801.9
26e7cbf1458a6339ae48cd72fbe6d654,Input Validity,Odometry,Odometry Rate,50,801.9
26e7cbf1458a6339ae48cd72fbe6d654,Input Validity,TF,TF Rate,10,801.9
26e7cbf1458a6339ae48cd72fbe6d654,Localization Quality,AMCLPose,CovYawYaw,0.00322329,801.9
26e7cbf1458a6339ae48cd72fbe6d654,Localization Quality,AMCLPose,CovYY,0.00155121,801.9
26e7cbf1458a6339ae48cd72fbe6d654,Localization Quality,AMCLPose,CovXX,0.00592202,801.9
26e7cbf1458a6339ae48cd72fbe6d654,Localization Quality,AMCLPose,MeanYaw,-3.13597,801.9
26e7cbf1458a6339ae48cd72fbe6d654,Localization Quality,AMCLPose,MeanY,-0.0957476,801.9
26e7cbf1458a6339ae48cd72fbe6d654,Localization Quality,AMCLPose,MeanX,0.938465,801.9
26e7cbf1458a6339ae48cd72fbe6d654,Localization Stability,TF,Jump Angular,0.00197569,802.9
26e7cbf1458a6339ae48cd72fbe6d654,Localization Stability,TF,Jump Linear,0.00350607,802.9
26e7cbf1458a6339ae48cd72fbe6d654,Input Validity,Lidar,Lidar Rate,10,801.99
26e7cbf1458a6339ae48cd72fbe6d654,Input Validity,Odometry,Odometry Rate,50,801.99
26e7cbf1458a6339ae48cd72fbe6d654,Input Validity,TF,TF Rate,10,801.99
26e7cbf1458a6339ae48cd72fbe6d654,Localization Stability,TF,Jump Angular,0,803
26e7cbf1458a6339ae48cd72fbe6d654,Localization Stability,TF,Jump Linear,0,803
26e7cbf1458a6339ae48cd72fbe6d654,Input Validity,Lidar,Lidar Rate,10,802.09
26e7cbf1458a6339ae48cd72fbe6d654,Input Validity,Odometry,Odometry Rate,50,802.09
26e7cbf1458a6339ae48cd72fbe6d654,Input Validity,TF,TF Rate,10,802.09
26e7cbf1458a6339ae48cd72fbe6d654,Localization Stability,TF,Jump Angular,0,803.1
26e7cbf1458a6339ae48cd72fbe6d654,Localization Stability,TF,Jump Linear,0,803.1
26e7cbf1458a6339ae48cd72fbe6d654,Input Validity,Lidar,Lidar Rate,10,802.19
26e7cbf1458a6339ae48cd72fbe6d654,Input Validity,Odometry,Odometry Rate,50,802.19
26e7cbf1458a6339ae48cd72fbe6d654,Input Validity,TF,TF Rate,10,802.19
26e7cbf1458a6339ae48cd72fbe6d654,Localization Quality,AMCLPose,CovYawYaw,0.00330394,802.2
26e7cbf1458a6339ae48cd72fbe6d654,Localization Quality,AMCLPose,CovYY,0.00153251,802.2
26e7cbf1458a6339ae48cd72fbe6d654,Localization Quality,AMCLPose,CovXX,0.00587928,802.2
26e7cbf1458a6339ae48cd72fbe6d654,Localization Quality,AMCLPose,MeanYaw,-3.14075,802.2
26e7cbf1458a6339ae48cd72fbe6d654,Localization Quality,AMCLPose,MeanY,-0.0967472,802.2
26e7cbf1458a6339ae48cd72fbe6d654,Localization Quality,AMCLPose,MeanX,0.804307,802.2
26e7cbf1458a6339ae48cd72fbe6d654,Localization Stability,TF,Jump Angular,0.00153277,803.2
26e7cbf1458a6339ae48cd72fbe6d654,Localization Stability,TF,Jump Linear,0.00193825,803.2
26e7cbf1458a6339ae48cd72fbe6d654,Input Validity,Lidar,Lidar Rate,10,802.29
26e7cbf1458a6339ae48cd72fbe6d654,Input Validity,Odometry,Odometry Rate,50,802.29
26e7cbf1458a6339ae48cd72fbe6d654,Input Validity,TF,TF Rate,10,802.29
26e7cbf1458a6339ae48cd72fbe6d654,Localization Stability,TF,Jump Angular,0,803.3
26e7cbf1458a6339ae48cd72fbe6d654,Localization Stability,TF,Jump Linear,0,803.3
26e7cbf1458a6339ae48cd72fbe6d654,Input Validity,Lidar,Lidar Rate,10,802.39
26e7cbf1458a6339ae48cd72fbe6d654,Input Validity,Odometry,Odometry Rate,50,802.39
26e7cbf1458a6339ae48cd72fbe6d654,Input Validity,TF,TF Rate,10,802.39
26e7cbf1458a6339ae48cd72fbe6d654,Localization Stability,TF,Jump Angular,0,803.4
26e7cbf1458a6339ae48cd72fbe6d654,Localization Stability,TF,Jump Linear,0,803.4
26e7cbf1458a6339ae48cd72fbe6d654,Input Validity,Lidar,Lidar Rate,10,802.49
26e7cbf1458a6339ae48cd72fbe6d654,Input Validity,Odometry,Odometry Rate,50,802.49
26e7cbf1458a6339ae48cd72fbe6d654,Input Validity,TF,TF Rate,10,802.49
26e7cbf1458a6339ae48cd72fbe6d654,Localization Quality,AMCLPose,CovYawYaw,0.00324722,802.5
26e7cbf1458a6339ae48cd72fbe6d654,Localization Quality,AMCLPose,CovYY,0.00147125,802.5
26e7cbf1458a6339ae48cd72fbe6d654,Localization Quality,AMCLPose,CovXX,0.00595524,802.5
26e7cbf1458a6339ae48cd72fbe6d654,Localization Quality,AMCLPose,MeanYaw,3.14138,802.5
26e7cbf1458a6339ae48cd72fbe6d654,Localization Quality,AMCLPose,MeanY,-0.0971134,802.5
26e7cbf1458a6339ae48cd72fbe6d654,Localization Quality,AMCLPose,MeanX,0.665555,802.5
26e7cbf1458a6339ae48cd72fbe6d654,Localization Stability,TF,Jump Angular,0.00312662,803.5
26e7cbf1458a6339ae48cd72fbe6d654,Localization Stability,TF,Jump Linear,0.00494535,803.5
26e7cbf1458a6339ae48cd72fbe6d654,Input Validity,Lidar,Lidar Rate,10,802.59
26e7cbf1458a6339ae48cd72fbe6d654,Input Validity,Odometry,Odometry Rate,50,802.59
26e7cbf1458a6339ae48cd72fbe6d654,Input Validity,TF,TF Rate,10,802.59
26e7cbf1458a6339ae48cd72fbe6d654,Localization Stability,TF,Jump Angular,0,803.6
26e7cbf1458a6339ae48cd72fbe6d654,Localization Stability,TF,Jump Linear,0,803.6
26e7cbf1458a6339ae48cd72fbe6d654,Input Validity,Lidar,Lidar Rate,10,802.69
26e7cbf1458a6339ae48cd72fbe6d654,Input Validity,Odometry,Odometry Rate,50,802.69
26e7cbf1458a6339ae48cd72fbe6d654,Input Validity,TF,TF Rate,10,802.69
26e7cbf1458a6339ae48cd72fbe6d654,Localization Stability,TF,Jump Angular,0,803.7
26e7cbf1458a6339ae48cd72fbe6d654,Localization Stability,TF,Jump Linear,0,803.7
26e7cbf1458a6339ae48cd72fbe6d654,Input Validity,Lidar,Lidar Rate,10,802.79
26e7cbf1458a6339ae48cd72fbe6d654,Input Validity,Odometry,Odometry Rate,50,802.79
26e7cbf1458a6339ae48cd72fbe6d654,Input Validity,TF,TF Rate,10,802.79
26e7cbf1458a6339ae48cd72fbe6d654,Localization Quality,AMCLPose,CovYawYaw,0.00320934,802.8
26e7cbf1458a6339ae48cd72fbe6d654,Localization Quality,AMCLPose,CovYY,0.00142818,802.8
26e7cbf1458a6339ae48cd72fbe6d654,Localization Quality,AMCLPose,CovXX,0.00583046,802.8
26e7cbf1458a6339ae48cd72fbe6d654,Localization Quality,AMCLPose,MeanYaw,3.1398,802.8
26e7cbf1458a6339ae48cd72fbe6d654,Localization Quality,AMCLPose,MeanY,-0.0977685,802.8
26e7cbf1458a6339ae48cd72fbe6d654,Localization Quality,AMCLPose,MeanX,0.533033,802.8
26e7cbf1458a6339ae48cd72fbe6d654,Localization Stability,TF,Jump Angular,0.00186384,803.8
26e7cbf1458a6339ae48cd72fbe6d654,Localization Stability,TF,Jump Linear,0.00283329,803.8
26e7cbf1458a6339ae48cd72fbe6d654,Input Validity,Lidar,Lidar Rate,10,802.89
26e7cbf1458a6339ae48cd72fbe6d654,Input Validity,Odometry,Odometry Rate,50,802.89
26e7cbf1458a6339ae48cd72fbe6d654,Input Validity,TF,TF Rate,10,802.89
26e7cbf1458a6339ae48cd72fbe6d654,Localization Stability,TF,Jump Angular,0,803.9
26e7cbf1458a6339ae48cd72fbe6d654,Localization Stability,TF,Jump Linear,0,803.9
26e7cbf1458a6339ae48cd72fbe6d654,Input Validity,Lidar,Lidar Rate,10,802.99
26e7cbf1458a6339ae48cd72fbe6d654,Input Validity,Odometry,Odometry Rate,50,802.99
26e7cbf1458a6339ae48cd72fbe6d654,Input Validity,TF,TF Rate,10,802.99
26e7cbf1458a6339ae48cd72fbe6d654,Localization Stability,TF,Jump Angular,0,804
26e7cbf1458a6339ae48cd72fbe6d654,Localization Stability,TF,Jump Linear,0,804
26e7cbf1458a6339ae48cd72fbe6d654,Input Validity,Lidar,Lidar Rate,10,803.09
26e7cbf1458a6339ae48cd72fbe6d654,Input Validity,Odometry,Odometry Rate,50,803.09
26e7cbf1458a6339ae48cd72fbe6d654,Input Validity,TF,TF Rate,10,803.09
26e7cbf1458a6339ae48cd72fbe6d654,Localization Quality,AMCLPose,CovYawYaw,0.00315181,803.1
26e7cbf1458a6339ae48cd72fbe6d654,Localization Quality,AMCLPose,CovYY,0.00146034,803.1
26e7cbf1458a6339ae48cd72fbe6d654,Localization Quality,AMCLPose,CovXX,0.00637231,803.1
26e7cbf1458a6339ae48cd72fbe6d654,Localization Quality,AMCLPose,MeanYaw,3.13528,803.1
26e7cbf1458a6339ae48cd72fbe6d654,Localization Quality,AMCLPose,MeanY,-0.097824,803.1
26e7cbf1458a6339ae48cd72fbe6d654,Localization Quality,AMCLPose,MeanX,0.399723,803.1
26e7cbf1458a6339ae48cd72fbe6d654,Localization Stability,TF,Jump Angular,-0.000215809,804.1
26e7cbf1458a6339ae48cd72fbe6d654,Localization Stability,TF,Jump Linear,0.00179784,804.1
26e7cbf1458a6339ae48cd72fbe6d654,Input Validity,Lidar,Lidar Rate,10,803.19
26e7cbf1458a6339ae48cd72fbe6d654,Input Validity,Odometry,Odometry Rate,50,803.19
26e7cbf1458a6339ae48cd72fbe6d654,Input Validity,TF,TF Rate,10,803.19
26e7cbf1458a6339ae48cd72fbe6d654,Localization Stability,TF,Jump Angular,0,804.2
26e7cbf1458a6339ae48cd72fbe6d654,Localization Stability,TF,Jump Linear,0,804.2
26e7cbf1458a6339ae48cd72fbe6d654,Input Validity,Lidar,Lidar Rate,10,803.29
26e7cbf1458a6339ae48cd72fbe6d654,Input Validity,Odometry,Odometry Rate,50,803.29
26e7cbf1458a6339ae48cd72fbe6d654,Input Validity,TF,TF Rate,10,803.29
26e7cbf1458a6339ae48cd72fbe6d654,Localization Stability,TF,Jump Angular,0,804.3
26e7cbf1458a6339ae48cd72fbe6d654,Localization Stability,TF,Jump Linear,0,804.3
26e7cbf1458a6339ae48cd72fbe6d654,Input Validity,Lidar,Lidar Rate,10,803.39
26e7cbf1458a6339ae48cd72fbe6d654,Input Validity,Odometry,Odometry Rate,50,803.39
26e7cbf1458a6339ae48cd72fbe6d654,Input Validity,TF,TF Rate,10,803.39
26e7cbf1458a6339ae48cd72fbe6d654,Localization Quality,AMCLPose,CovYawYaw,0.00296769,803.4
26e7cbf1458a6339ae48cd72fbe6d654,Localization Quality,AMCLPose,CovYY,0.00145817,803.4
26e7cbf1458a6339ae48cd72fbe6d654,Localization Quality,AMCLPose,CovXX,0.00630884,803.4
26e7cbf1458a6339ae48cd72fbe6d654,Localization Quality,AMCLPose,MeanYaw,3.13585,803.4
26e7cbf1458a6339ae48cd72fbe6d654,Localization Quality,AMCLPose,MeanY,-0.0984937,803.4
26e7cbf1458a6339ae48cd72fbe6d654,Localization Quality,AMCLPose,MeanX,0.265206,803.4
26e7cbf1458a6339ae48cd72fbe6d654,Localization Stability,TF,Jump Angular,0.00366962,804.4
26e7cbf1458a6339ae48cd72fbe6d654,Localization Stability,TF,Jump Linear,0.00258627,804.4
26e7cbf1458a6339ae48cd72fbe6d654,Input Validity,Lidar,Lidar Rate,10,803.49
26e7cbf1458a6339ae48cd72fbe6d654,Input Validity,Odometry,Odometry Rate,50,803.49
26e7cbf1458a6339ae48cd72fbe6d654,Input Validity,TF,TF Rate,10,803.49
26e7cbf1458a6339ae48cd72fbe6d654,Localization Stability,TF,Jump Angular,0,804.5
26e7cbf1458a6339ae48cd72fbe6d654,Localization Stability,TF,Jump Linear,0,804.5
26e7cbf1458a6339ae48cd72fbe6d654,Input Validity,Lidar,Lidar Rate,10,803.59
26e7cbf1458a6339ae48cd72fbe6d654,Input Validity,Odometry,Odometry Rate,50,803.59
26e7cbf1458a6339ae48cd72fbe6d654,Input Validity,TF,TF Rate,10,803.59
26e7cbf1458a6339ae48cd72fbe6d654,Localization Stability,TF,Jump Angular,0,804.6
26e7cbf1458a6339ae48cd72fbe6d654,Localization Stability,TF,Jump Linear,0,804.6
26e7cbf1458a6339ae48cd72fbe6d654,Input Validity,Lidar,Lidar Rate,10,803.69
26e7cbf1458a6339ae48cd72fbe6d654,Input Validity,Odometry,Odometry Rate,50,803.69
26e7cbf1458a6339ae48cd72fbe6d654,Input Validity,TF,TF Rate,10,803.69
26e7cbf1458a6339ae48cd72fbe6d654,Localization Quality,AMCLPose,CovYawYaw,0.0033872,803.7
26e7cbf1458a6339ae48cd72fbe6d654,Localization Quality,AMCLPose,CovYY,0.00142617,803.7
26e7cbf1458a6339ae48cd72fbe6d654,Localization Quality,AMCLPose,CovXX,0.00653047,803.7
26e7cbf1458a6339ae48cd72fbe6d654,Localization Quality,AMCLPose,MeanYaw,3.13128,803.7
26e7cbf1458a6339ae48cd72fbe6d654,Localization Quality,AMCLPose,MeanY,-0.0971841,803.7
26e7cbf1458a6339ae48cd72fbe6d654,Localization Quality,AMCLPose,MeanX,0.128762,803.7
26e7cbf1458a6339ae48cd72fbe6d654,Localization Stability,TF,Jump Angular,-0.00238851,804.7
26e7cbf1458a6339ae48cd72fbe6d654,Localization Stability,TF,Jump Linear,0.00125499,804.7
26e7cbf1458a6339ae48cd72fbe6d654,Input Validity,Lidar,Lidar Rate,10,803.79
26e7cbf1458a6339ae48cd72fbe6d654,Input Validity,Odometry,Odometry Rate,50,803.79
26e7cbf1458a6339ae48cd72fbe6d654,Input Validity,TF,TF Rate,10,803.79
26e7cbf1458a6339ae48cd72fbe6d654,Localization Stability,TF,Jump Angular,0,804.8
26e7cbf1458a6339ae48cd72fbe6d654,Localization Stability,TF,Jump Linear,0,804.8
26e7cbf1458a6339ae48cd72fbe6d654,Input Validity,Lidar,Lidar Rate,10,803.89
26e7cbf1458a6339ae48cd72fbe6d654,Input Validity,Odometry,Odometry Rate,50,803.89
26e7cbf1458a6339ae48cd72fbe6d654,Input Validity,TF,TF Rate,10,803.89
26e7cbf1458a6339ae48cd72fbe6d654,Localization Stability,TF,Jump Angular,0,804.9
26e7cbf1458a6339ae48cd72fbe6d654,Localization Stability,TF,Jump Linear,0,804.9
26e7cbf1458a6339ae48cd72fbe6d654,Input Validity,Lidar,Lidar Rate,10,803.99
26e7cbf1458a6339ae48cd72fbe6d654,Input Validity,Odometry,Odometry Rate,50,803.99
26e7cbf1458a6339ae48cd72fbe6d654,Input Validity,TF,TF Rate,10,803.99
26e7cbf1458a6339ae48cd72fbe6d654,Localization Quality,AMCLPose,CovYawYaw,0.00328241,804
26e7cbf1458a6339ae48cd72fbe6d654,Localization Quality,AMCLPose,CovYY,0.00133907,804
26e7cbf1458a6339ae48cd72fbe6d654,Localization Quality,AMCLPose,CovXX,0.00651386,804
26e7cbf1458a6339ae48cd72fbe6d654,Localization Quality,AMCLPose,MeanYaw,3.12785,804
26e7cbf1458a6339ae48cd72fbe6d654,Localization Quality,AMCLPose,MeanY,-0.0953561,804
26e7cbf1458a6339ae48cd72fbe6d654,Localization Quality,AMCLPose,MeanX,-0.00457384,804
26e7cbf1458a6339ae48cd72fbe6d654,Localization Stability,TF,Jump Angular,-4.68566e-05,805
26e7cbf1458a6339ae48cd72fbe6d654,Localization Stability,TF,Jump Linear,0.00167378,805
26e7cbf1458a6339ae48cd72fbe6d654,Input Validity,Lidar,Lidar Rate,10,804.09
26e7cbf1458a6339ae48cd72fbe6d654,Input Validity,Odometry,Odometry Rate,50,804.09
26e7cbf1458a6339ae48cd72fbe6d654,Input Validity,TF,TF Rate,10,804.09
26e7cbf1458a6339ae48cd72fbe6d654,Localization Stability,TF,Jump Angular,0,805.1
26e7cbf1458a6339ae48cd72fbe6d654,Localization Stability,TF,Jump Linear,0,805.1
26e7cbf1458a6339ae48cd72fbe6d654,Input Validity,Lidar,Lidar Rate,10,804.19
26e7cbf1458a6339ae48cd72fbe6d654,Input Validity,Odometry,Odometry Rate,50,804.19
26e7cbf1458a6339ae48cd72fbe6d654,Input Validity,TF,TF Rate,10,804.19
26e7cbf1458a6339ae48cd72fbe6d654,Localization Stability,TF,Jump Angular,0,805.2
26e7cbf1458a6339ae48cd72fbe6d654,Localization Stability,TF,Jump Linear,0,805.2
26e7cbf1458a6339ae48cd72fbe6d654,Input Validity,Lidar,Lidar Rate,10,804.29
26e7cbf1458a6339ae48cd72fbe6d654,Input Validity,Odometry,Odometry Rate,50,804.29
26e7cbf1458a6339ae48cd72fbe6d654,Input Validity,TF,TF Rate,10,804.29
26e7cbf1458a6339ae48cd72fbe6d654,Localization Quality,AMCLPose,CovYawYaw,0.00346041,804.3
26e7cbf1458a6339ae48cd72fbe6d654,Localization Quality,AMCLPose,CovYY,0.00127494,804.3
26e7cbf1458a6339ae48cd72fbe6d654,Localization Quality,AMCLPose,CovXX,0.00640821,804.3
26e7cbf1458a6339ae48cd72fbe6d654,Localization Quality,AMCLPose,MeanYaw,3.12529,804.3
26e7cbf1458a6339ae48cd72fbe6d654,Localization Quality,AMCLPose,MeanY,-0.093388,804.3
26e7cbf1458a6339ae48cd72fbe6d654,Localization Quality,AMCLPose,MeanX,-0.135785,804.3
26e7cbf1458a6339ae48cd72fbe6d654,Localization Stability,TF,Jump Angular,-0.000720745,805.3
26e7cbf1458a6339ae48cd72fbe6d654,Localization Stability,TF,Jump Linear,0.00388273,805.3
26e7cbf1458a6339ae48cd72fbe6d654,Input Validity,Lidar,Lidar Rate,10,804.39
26e7cbf1458a6339ae48cd72fbe6d654,Input Validity,Odometry,Odometry Rate,50,804.39
26e7cbf1458a6339ae48cd72fbe6d654,Input Validity,TF,TF Rate,10,804.39
26e7cbf1458a6339ae48cd72fbe6d654,Localization Stability,TF,Jump Angular,0,805.4
26e7cbf1458a6339ae48cd72fbe6d654,Localization Stability,TF,Jump Linear,0,805.4
26e7cbf1458a6339ae48cd72fbe6d654,Input Validity,Lidar,Lidar Rate,10,804.48
26e7cbf1458a6339ae48cd72fbe6d654,Input Validity,Odometry,Odometry Rate,50,804.48
26e7cbf1458a6339ae48cd72fbe6d654,Input Validity,TF,TF Rate,10,804.48
26e7cbf1458a6339ae48cd72fbe6d654,Localization Stability,TF,Jump Angular,0,805.5
26e7cbf1458a6339ae48cd72fbe6d654,Localization Stability,TF,Jump Linear,0,805.5
26e7cbf1458a6339ae48cd72fbe6d654,Input Validity,Lidar,Lidar Rate,10,804.58
26e7cbf1458a6339ae48cd72fbe6d654,Input Validity,Odometry,Odometry Rate,50,804.58
26e7cbf1458a6339ae48cd72fbe6d654,Input Validity,TF,TF Rate,10,804.58
26e7cbf1458a6339ae48cd72fbe6d654,Localization Quality,AMCLPose,CovYawYaw,0.00340391,804.6
26e7cbf1458a6339ae48cd72fbe6d654,Localization Quality,AMCLPose,CovYY,0.00122195,804.6
26e7cbf1458a6339ae48cd72fbe6d654,Localization Quality,AMCLPose,CovXX,0.00671667,804.6
26e7cbf1458a6339ae48cd72fbe6d654,Localization Quality,AMCLPose,MeanYaw,3.12752,804.6
26e7cbf1458a6339ae48cd72fbe6d654,Localization Quality,AMCLPose,MeanY,-0.0932783,804.6
26e7cbf1458a6339ae48cd72fbe6d654,Localization Quality,AMCLPose,MeanX,-0.270564,804.6
26e7cbf1458a6339ae48cd72fbe6d654,Localization Stability,TF,Jump Angular,0.00362456,805.6
26e7cbf1458a6339ae48cd72fbe6d654,Localization Stability,TF,Jump Linear,0.00110341,805.6
26e7cbf1458a6339ae48cd72fbe6d654,Input Validity,Lidar,Lidar Rate,10,804.68
26e7cbf1458a6339ae48cd72fbe6d654,Input Validity,Odometry,Odometry Rate,50,804.68
26e7cbf1458a6339ae48cd72fbe6d654,Input Validity,TF,TF Rate,10,804.68
26e7cbf1458a6339ae48cd72fbe6d654,Localization Stability,TF,Jump Angular,0,805.7
26e7cbf1458a6339ae48cd72fbe6d654,Localization Stability,TF,Jump Linear,0,805.7
26e7cbf1458a6339ae48cd72fbe6d654,Input Validity,Lidar,Lidar Rate,10,804.78
26e7cbf1458a6339ae48cd72fbe6d654,Input Validity,Odometry,Odometry Rate,50,804.78
26e7cbf1458a6339ae48cd72fbe6d654,Input Validity,TF,TF Rate,10,804.78
26e7cbf1458a6339ae48cd72fbe6d654,Localization Stability,TF,Jump Angular,0,805.8
26e7cbf1458a6339ae48cd72fbe6d654,Localization Stability,TF,Jump Linear,0,805.8
26e7cbf1458a6339ae48cd72fbe6d654,Input Validity,Lidar,Lidar Rate,10,804.88
26e7cbf1458a6339ae48cd72fbe6d654,Input Validity,Odometry,Odometry Rate,50,804.88
26e7cbf1458a6339ae48cd72fbe6d654,Input Validity,TF,TF Rate,10,804.88
26e7cbf1458a6339ae48cd72fbe6d654,Localization Quality,AMCLPose,CovYawYaw,0.00343445,804.9
26e7cbf1458a6339ae48cd72fbe6d654,Localization Quality,AMCLPose,CovYY,0.00125926,804.9
26e7cbf1458a6339ae48cd72fbe6d654,Localization Quality,AMCLPose,CovXX,0.0066839,804.9
26e7cbf1458a6339ae48cd72fbe6d654,Localization Quality,AMCLPose,MeanYaw,3.12652,804.9
26e7cbf1458a6339ae48cd72fbe6d654,Localization Quality,AMCLPose,MeanY,-0.0899433,804.9
26e7cbf1458a6339ae48cd72fbe6d654,Localization Quality,AMCLPose,MeanX,-0.401691,804.9
26e7cbf1458a6339ae48cd72fbe6d654,Localization Stability,TF,Jump Angular,-0.000585883,805.9
26e7cbf1458a6339ae48cd72fbe6d654,Localization Stability,TF,Jump Linear,0.00410797,805.9
26e7cbf1458a6339ae48cd72fbe6d654,Input Validity,Lidar,Lidar Rate,10,804.98
26e7cbf1458a6339ae48cd72fbe6d654,Input Validity,Odometry,Odometry Rate,50,804.98
26e7cbf1458a6339ae48cd72fbe6d654,Input Validity,TF,TF Rate,10,804.98
26e7cbf1458a6339ae48cd72fbe6d654,Localization Stability,TF,Jump Angular,0,806
26e7cbf1458a6339ae48cd72fbe6d654,Localization Stability,TF,Jump Linear,0,806
26e7cbf1458a6339ae48cd72fbe6d654,Input Validity,Lidar,Lidar Rate,10,805.08
26e7cbf1458a6339ae48cd72fbe6d654,Input Validity,Odometry,Odometry Rate,50,805.08
26e7cbf1458a6339ae48cd72fbe6d654,Input Validity,TF,TF Rate,10,805.08
26e7cbf1458a6339ae48cd72fbe6d654,Localization Stability,TF,Jump Angular,0,806.1
26e7cbf1458a6339ae48cd72fbe6d654,Localization Stability,TF,Jump Linear,0,806.1
26e7cbf1458a6339ae48cd72fbe6d654,Input Validity,Lidar,Lidar Rate,10,805.18
26e7cbf1458a6339ae48cd72fbe6d654,Input Validity,Odometry,Odometry Rate,50,805.18
26e7cbf1458a6339ae48cd72fbe6d654,Input Validity,TF,TF Rate,10,805.18
26e7cbf1458a6339ae48cd72fbe6d654,Localization Quality,AMCLPose,CovYawYaw,0.00360203,805.2
26e7cbf1458a6339ae48cd72fbe6d654,Localization Quality,AMCLPose,CovYY,0.00131554,805.2
26e7cbf1458a6339ae48cd72fbe6d654,Localization Quality,AMCLPose,CovXX,0.0070739,805.2
26e7cbf1458a6339ae48cd72fbe6d654,Localization Quality,AMCLPose,MeanYaw,3.12516,805.2
26e7cbf1458a6339ae48cd72fbe6d654,Localization Quality,AMCLPose,MeanY,-0.0869958,805.2
26e7cbf1458a6339ae48cd72fbe6d654,Localization Quality,AMCLPose,MeanX,-0.537523,805.2
26e7cbf1458a6339ae48cd72fbe6d654,Localization Stability,TF,Jump Angular,-0.00187192,806.2
26e7cbf1458a6339ae48cd72fbe6d654,Localization Stability,TF,Jump Linear,0.000604507,806.2
26e7cbf1458a6339ae48cd72fbe6d654,Input Validity,Lidar,Lidar Rate,10,805.28
26e7cbf1458a6339ae48cd72fbe6d654,Input Validity,Odometry,Odometry Rate,50,805.28
26e7cbf1458a6339ae48cd72fbe6d654,Input Validity,TF,TF Rate,10,805.28
26e7cbf1458a6339ae48cd72fbe6d654,Localization Stability,TF,Jump Angular,0,806.3
26e7cbf1458a6339ae48cd72fbe6d654,Localization Stability,TF,Jump Linear,0,806.3
26e7cbf1458a6339ae48cd72fbe6d654,Input Validity,Lidar,Lidar Rate,10,805.38
26e7cbf1458a6339ae48cd72fbe6d654,Input Validity,Odometry,Odometry Rate,50,805.38
26e7cbf1458a6339ae48cd72fbe6d654,Input Validity,TF,TF Rate,10,805.38
26e7cbf1458a6339ae48cd72fbe6d654,Localization Stability,TF,Jump Angular,0,806.4
26e7cbf1458a6339ae48cd72fbe6d654,Localization Stability,TF,Jump Linear,0,806.4
26e7cbf1458a6339ae48cd72fbe6d654,Input Validity,Lidar,Lidar Rate,10,805.48
26e7cbf1458a6339ae48cd72fbe6d654,Input Validity,Odometry,Odometry Rate,50,805.48
26e7cbf1458a6339ae48cd72fbe6d654,Input Validity,TF,TF Rate,10,805.48
26e7cbf1458a6339ae48cd72fbe6d654,Localization Quality,AMCLPose,CovYawYaw,0.00335438,805.5
26e7cbf1458a6339ae48cd72fbe6d654,Localization Quality,AMCLPose,CovYY,0.00139877,805.5
26e7cbf1458a6339ae48cd72fbe6d654,Localization Quality,AMCLPose,CovXX,0.00749493,805.5
26e7cbf1458a6339ae48cd72fbe6d654,Localization Quality,AMCLPose,MeanYaw,3.12662,805.5
26e7cbf1458a6339ae48cd72fbe6d654,Localization Quality,AMCLPose,MeanY,-0.0854374,805.5
26e7cbf1458a6339ae48cd72fbe6d654,Localization Quality,AMCLPose,MeanX,-0.67431,805.5
26e7cbf1458a6339ae48cd72fbe6d654,Localization Stability,TF,Jump Angular,-0.000528174,806.5
26e7cbf1458a6339ae48cd72fbe6d654,Localization Stability,TF,Jump Linear,0.00196156,806.5
26e7cbf1458a6339ae48cd72fbe6d654,Input Validity,Lidar,Lidar Rate,10,805.58
26e7cbf1458a6339ae48cd72fbe6d654,Input Validity,Odometry,Odometry Rate,50,805.58
26e7cbf1458a6339ae48cd72fbe6d654,Input Validity,TF,TF Rate,10,805.58
26e7cbf1458a6339ae48cd72fbe6d654,Localization Stability,TF,Jump Angular,0,806.6
26e7cbf1458a6339ae48cd72fbe6d654,Localization Stability,TF,Jump Linear,0,806.6
26e7cbf1458a6339ae48cd72fbe6d654,Input Validity,Lidar,Lidar Rate,10,805.68
26e7cbf1458a6339ae48cd72fbe6d654,Input Validity,Odometry,Odometry Rate,50,805.68
26e7cbf1458a6339ae48cd72fbe6d654,Input Validity,TF,TF Rate,10,805.68
26e7cbf1458a6339ae48cd72fbe6d654,Localization Stability,TF,Jump Angular,0,806.7
26e7cbf1458a6339ae48cd72fbe6d654,Localization Stability,TF,Jump Linear,0,806.7
26e7cbf1458a6339ae48cd72fbe6d654,Input Validity,Lidar,Lidar Rate,10,805.78
26e7cbf1458a6339ae48cd72fbe6d654,Input Validity,Odometry,Odometry Rate,50,805.78
26e7cbf1458a6339ae48cd72fbe6d654,Input Validity,TF,TF Rate,10,805.78
26e7cbf1458a6339ae48cd72fbe6d654,Localization Quality,AMCLPose,CovYawYaw,0.00348542,805.8
26e7cbf1458a6339ae48cd72fbe6d654,Localization Quality,AMCLPose,CovYY,0.00132514,805.8
26e7cbf1458a6339ae48cd72fbe6d654,Localization Quality,AMCLPose,CovXX,0.00729581,805.8
26e7cbf1458a6339ae48cd72fbe6d654,Localization Quality,AMCLPose,MeanYaw,3.12614,805.8
26e7cbf1458a6339ae48cd72fbe6d654,Localization Quality,AMCLPose,MeanY,-0.0819467,805.8
26e7cbf1458a6339ae48cd72fbe6d654,Localization Quality,AMCLPose,MeanX,-0.813521,805.8
26e7cbf1458a6339ae48cd72fbe6d654,Localization Stability,TF,Jump Angular,-0.00132473,806.8
26e7cbf1458a6339ae48cd72fbe6d654,Localization Stability,TF,Jump Linear,0.00407223,806.8
26e7cbf1458a6339ae48cd72fbe6d654,Input Validity,Lidar,Lidar Rate,10,805.88
26e7cbf1458a6339ae48cd72fbe6d654,Input Validity,Odometry,Odometry Rate,50,805.88
26e7cbf1458a6339ae48cd72fbe6d654,Input Validity,TF,TF Rate,10,805.88
26e7cbf1458a6339ae48cd72fbe6d654,Localization Stability,TF,Jump Angular,0,806.9
26e7cbf1458a6339ae48cd72fbe6d654,Localization Stability,TF,Jump Linear,0,806.9
26e7cbf1458a6339ae48cd72fbe6d654,Input Validity,Lidar,Lidar Rate,10,805.98
26e7cbf1458a6339ae48cd72fbe6d654,Input Validity,Odometry,Odometry Rate,50,805.98
26e7cbf1458a6339ae48cd72fbe6d654,Input Validity,TF,TF Rate,10,805.98
26e7cbf1458a6339ae48cd72fbe6d654,Localization Stability,TF,Jump Angular,0,807
26e7cbf1458a6339ae48cd72fbe6d654,Localization Stability,TF,Jump Linear,0,807
26e7cbf1458a6339ae48cd72fbe6d654,Input Validity,Lidar,Lidar Rate,10,806.08
26e7cbf1458a6339ae48cd72fbe6d654,Input Validity,Odometry,Odometry Rate,50,806.08
26e7cbf1458a6339ae48cd72fbe6d654,Input Validity,TF,TF Rate,10,806.08
26e7cbf1458a6339ae48cd72fbe6d654,Localization Quality,AMCLPose,CovYawYaw,0.00308772,806.1
26e7cbf1458a6339ae48cd72fbe6d654,Localization Quality,AMCLPose,CovYY,0.0013642,806.1
26e7cbf1458a6339ae48cd72fbe6d654,Localization Quality,AMCLPose,CovXX,0.00738125,806.1
26e7cbf1458a6339ae48cd72fbe6d654,Localization Quality,AMCLPose,MeanYaw,3.125,806.1
26e7cbf1458a6339ae48cd72fbe6d654,Localization Quality,AMCLPose,MeanY,-0.0791237,806.1
26e7cbf1458a6339ae48cd72fbe6d654,Localization Quality,AMCLPose,MeanX,-0.949039,806.1
26e7cbf1458a6339ae48cd72fbe6d654,Localization Stability,TF,Jump Angular,-0.00121734,807.1
26e7cbf1458a6339ae48cd72fbe6d654,Localization Stability,TF,Jump Linear,0.000608056,807.1
26e7cbf1458a6339ae48cd72fbe6d654,Input Validity,Lidar,Lidar Rate,10,806.18
26e7cbf1458a6339ae48cd72fbe6d654,Input Validity,Odometry,Odometry Rate,50,806.18
26e7cbf1458a6339ae48cd72fbe6d654,Input Validity,TF,TF Rate,10,806.18
26e7cbf1458a6339ae48cd72fbe6d654,Localization Stability,TF,Jump Angular,0,807.2
26e7cbf1458a6339ae48cd72fbe6d654,Localization Stability,TF,Jump Linear,0,807.2
26e7cbf1458a6339ae48cd72fbe6d654,Input Validity,Lidar,Lidar Rate,10,806.28
26e7cbf1458a6339ae48cd72fbe6d654,Input Validity,Odometry,Odometry Rate,50,806.28
26e7cbf1458a6339ae48cd72fbe6d654,Input Validity,TF,TF Rate,10,806.28
26e7cbf1458a6339ae48cd72fbe6d654,Localization Stability,TF,Jump Angular,0,807.3
26e7cbf1458a6339ae48cd72fbe6d654,Localization Stability,TF,Jump Linear,0,807.3
26e7cbf1458a6339ae48cd72fbe6d654,Input Validity,Lidar,Lidar Rate,10,806.38
26e7cbf1458a6339ae48cd72fbe6d654,Input Validity,Odometry,Odometry Rate,50,806.38
26e7cbf1458a6339ae48cd72fbe6d654,Input Validity,TF,TF Rate,10,806.38
26e7cbf1458a6339ae48cd72fbe6d654,Localization Quality,AMCLPose,CovYawYaw,0.00306208,806.4
26e7cbf1458a6339ae48cd72fbe6d654,Localization Quality,AMCLPose,CovYY,0.00140483,806.4
26e7cbf1458a6339ae48cd72fbe6d654,Localization Quality,AMCLPose,CovXX,0.00698303,806.4
26e7cbf1458a6339ae48cd72fbe6d654,Localization Quality,AMCLPose,MeanYaw,3.12704,806.4
26e7cbf1458a6339ae48cd72fbe6d654,Localization Quality,AMCLPose,MeanY,-0.0769721,806.4
26e7cbf1458a6339ae48cd72fbe6d654,Localization Quality,AMCLPose,MeanX,-1.08722,806.4
26e7cbf1458a6339ae48cd72fbe6d654,Localization Stability,TF,Jump Angular,-2.13444e-05,807.4
26e7cbf1458a6339ae48cd72fbe6d654,Localization Stability,TF,Jump Linear,0.00319505,807.4
26e7cbf1458a6339ae48cd72fbe6d654,Input Validity,Lidar,Lidar Rate,10,806.48
26e7cbf1458a6339ae48cd72fbe6d654,Input Validity,Odometry,Odometry Rate,50,806.48
26e7cbf1458a6339ae48cd72fbe6d654,Input Validity,TF,TF Rate,10,806.48
26e7cbf1458a6339ae48cd72fbe6d654,Localization Stability,TF,Jump Angular,0,807.5
26e7cbf1458a6339ae48cd72fbe6d654,Localization Stability,TF,Jump Linear,0,807.5
26e7cbf1458a6339ae48cd72fbe6d654,Input Validity,Lidar,Lidar Rate,10,806.58
26e7cbf1458a6339ae48cd72fbe6d654,Input Validity,Odometry,Odometry Rate,50,806.58
26e7cbf1458a6339ae48cd72fbe6d654,Input Validity,TF,TF Rate,10,806.58
26e7cbf1458a6339ae48cd72fbe6d654,Localization Stability,TF,Jump Angular,0,807.6
26e7cbf1458a6339ae48cd72fbe6d654,Localization Stability,TF,Jump Linear,0,807.6
26e7cbf1458a6339ae48cd72fbe6d654,Input Validity,Lidar,Lidar Rate,10,806.68
26e7cbf1458a6339ae48cd72fbe6d654,Input Validity,Odometry,Odometry Rate,50,806.68
26e7cbf1458a6339ae48cd72fbe6d654,Input Validity,TF,TF Rate,10,806.68
26e7cbf1458a6339ae48cd72fbe6d654,Localization Quality,AMCLPose,CovYawYaw,0.00317902,806.7
26e7cbf1458a6339ae48cd72fbe6d654,Localization Quality,AMCLPose,CovYY,0.00142577,806.7
26e7cbf1458a6339ae48cd72fbe6d654,Localization Quality,AMCLPose,CovXX,0.00725054,806.7
26e7cbf1458a6339ae48cd72fbe6d654,Localization Quality,AMCLPose,MeanYaw,3.12892,806.7
26e7cbf1458a6339ae48cd72fbe6d654,Localization Quality,AMCLPose,MeanY,-0.0746874,806.7
26e7cbf1458a6339ae48cd72fbe6d654,Localization Quality,AMCLPose,MeanX,-1.22325,806.7
26e7cbf1458a6339ae48cd72fbe6d654,Localization Stability,TF,Jump Angular,-0.00168348,807.7
26e7cbf1458a6339ae48cd72fbe6d654,Localization Stability,TF,Jump Linear,0.00177672,807.7
26e7cbf1458a6339ae48cd72fbe6d654,Input Validity,Lidar,Lidar Rate,10,806.78
26e7cbf1458a6339ae48cd72fbe6d654,Input Validity,Odometry,Odometry Rate,50,806.78
26e7cbf1458a6339ae48cd72fbe6d654,Input Validity,TF,TF Rate,10,806.78
26e7cbf1458a6339ae48cd72fbe6d654,Localization Stability,TF,Jump Angular,0,807.8
26e7cbf1458a6339ae48cd72fbe6d654,Localization Stability,TF,Jump Linear,0,807.8
26e7cbf1458a6339ae48cd72fbe6d654,Input Validity,Lidar,Lidar Rate,10,806.88
26e7cbf1458a6339ae48cd72fbe6d654,Input Validity,Odometry,Odometry Rate,50,806.88
26e7cbf1458a6339ae48cd72fbe6d654,Input Validity,TF,TF Rate,10,806.88
26e7cbf1458a6339ae48cd72fbe6d654,Localization Stability,TF,Jump Angular,0,807.9
26e7cbf1458a6339ae48cd72fbe6d654,Localization Stability,TF,Jump Linear,0,807.9
26e7cbf1458a6339ae48cd72fbe6d654,Input Validity,Lidar,Lidar Rate,10,806.98
26e7cbf1458a6339ae48cd72fbe6d654,Input Validity,Odometry,Odometry Rate,50,806.98
26e7cbf1458a6339ae48cd72fbe6d654,Input Validity,TF,TF Rate,10,806.98
26e7cbf1458a6339ae48cd72fbe6d654,Localization Quality,AMCLPose,CovYawYaw,0.00270392,807
26e7cbf1458a6339ae48cd72fbe6d654,Localization Quality,AMCLPose,CovYY,0.00134315,807
26e7cbf1458a6339ae48cd72fbe6d654,Localization Quality,AMCLPose,CovXX,0.00658537,807
26e7cbf1458a6339ae48cd72fbe6d654,Localization Quality,AMCLPose,MeanYaw,3.13279,807
26e7cbf1458a6339ae48cd72fbe6d654,Localization Quality,AMCLPose,MeanY,-0.0733348,807
26e7cbf1458a6339ae48cd72fbe6d654,Localization Quality,AMCLPose,MeanX,-1.35556,807
26e7cbf1458a6339ae48cd72fbe6d654,Localization Stability,TF,Jump Angular,0.00124406,808
26e7cbf1458a6339ae48cd72fbe6d654,Localization Stability,TF,Jump Linear,0.00296557,808
26e7cbf1458a6339ae48cd72fbe6d654,Input Validity,Lidar,Lidar Rate,10,807.08
26e7cbf1458a6339ae48cd72fbe6d654,Input Validity,Odometry,Odometry Rate,50,807.08
26e7cbf1458a6339ae48cd72fbe6d654,Input Validity,TF,TF Rate,10,807.08
26e7cbf1458a6339ae48cd72fbe6d654,Localization Stability,TF,Jump Angular,0,808.1
26e7cbf1458a6339ae48cd72fbe6d654,Localization Stability,TF,Jump Linear,0,808.1
26e7cbf1458a6339ae48cd72fbe6d654,Input Validity,Lidar,Lidar Rate,10,807.17
26e7cbf1458a6339ae48cd72fbe6d654,Input Validity,Odometry,Odometry Rate,50,807.17
26e7cbf1458a6339ae48cd72fbe6d654,Input Validity,TF,TF Rate,10,807.17
26e7cbf1458a6339ae48cd72fbe6d654,Localization Stability,TF,Jump Angular,0,808.2
26e7cbf1458a6339ae48cd72fbe6d654,Localization Stability,TF,Jump Linear,0,808.2
26e7cbf1458a6339ae48cd72fbe6d654,Input Validity,Lidar,Lidar Rate,10,807.27
26e7cbf1458a6339ae48cd72fbe6d654,Input Validity,Odometry,Odometry Rate,50,807.27
26e7cbf1458a6339ae48cd72fbe6d654,Input Validity,TF,TF Rate,10,807.27
26e7cbf1458a6339ae48cd72fbe6d654,Localization Quality,AMCLPose,CovYawYaw,0.00261232,807.3
26e7cbf1458a6339ae48cd72fbe6d654,Localization Quality,AMCLPose,CovYY,0.00129091,807.3
26e7cbf1458a6339ae48cd72fbe6d654,Localization Quality,AMCLPose,CovXX,0.00605604,807.3
26e7cbf1458a6339ae48cd72fbe6d654,Localization Quality,AMCLPose,MeanYaw,3.13439,807.3
26e7cbf1458a6339ae48cd72fbe6d654,Localization Quality,AMCLPose,MeanY,-0.0729907,807.3
26e7cbf1458a6339ae48cd72fbe6d654,Localization Quality,AMCLPose,MeanX,-1.49059,807.3
26e7cbf1458a6339ae48cd72fbe6d654,Localization Stability,TF,Jump Angular,-0.00135306,808.3
26e7cbf1458a6339ae48cd72fbe6d654,Localization Stability,TF,Jump Linear,0.00272232,808.3
26e7cbf1458a6339ae48cd72fbe6d654,Input Validity,Lidar,Lidar Rate,10,807.37
26e7cbf1458a6339ae48cd72fbe6d654,Input Validity,Odometry,Odometry Rate,50,807.37
26e7cbf1458a6339ae48cd72fbe6d654,Input Validity,TF,TF Rate,10,807.37
26e7cbf1458a6339ae48cd72fbe6d654,Localization Stability,TF,Jump Angular,0,808.4
26e7cbf1458a6339ae48cd72fbe6d654,Localization Stability,TF,Jump Linear,0,808.4
26e7cbf1458a6339ae48cd72fbe6d654,Input Validity,Lidar,Lidar Rate,10,807.47
26e7cbf1458a6339ae48cd72fbe6d654,Input Validity,Odometry,Odometry Rate,50,807.47
26e7cbf1458a6339ae48cd72fbe6d654,Input Validity,TF,TF Rate,10,807.47
26e7cbf1458a6339ae48cd72fbe6d654,Localization Stability,TF,Jump Angular,0,808.5
26e7cbf1458a6339ae48cd72fbe6d654,Localization Stability,TF,Jump Linear,0,808.5
26e7cbf1458a6339ae48cd72fbe6d654,Input Validity,Lidar,Lidar Rate,10,807.57
26e7cbf1458a6339ae48cd72fbe6d654,Input Validity,Odometry,Odometry Rate,50,807.57
26e7cbf1458a6339ae48cd72fbe6d654,Input Validity,TF,TF Rate,10,807.57
26e7cbf1458a6339ae48cd72fbe6d654,Localization Quality,AMCLPose,CovYawYaw,0.00250042,807.6
26e7cbf1458a6339ae48cd72fbe6d654,Localization Quality,AMCLPose,CovYY,0.0014676,807.6
26e7cbf1458a6339ae48cd72fbe6d654,Localization Quality,AMCLPose,CovXX,0.00608765,807.6
26e7cbf1458a6339ae48cd72fbe6d654,Localization Quality,AMCLPose,MeanYaw,3.13627,807.6
26e7cbf1458a6339ae48cd72fbe6d654,Localization Quality,AMCLPose,MeanY,-0.0726526,807.6
26e7cbf1458a6339ae48cd72fbe6d654,Localization Quality,AMCLPose,MeanX,-1.6299,807.6
26e7cbf1458a6339ae48cd72fbe6d654,Localization Stability,TF,Jump Angular,-0.00124976,808.6
26e7cbf1458a6339ae48cd72fbe6d654,Localization Stability,TF,Jump Linear,0.00485434,808.6
26e7cbf1458a6339ae48cd72fbe6d654,Input Validity,Lidar,Lidar Rate,10,807.67
26e7cbf1458a6339ae48cd72fbe6d654,Input Validity,Odometry,Odometry Rate,50,807.67
26e7cbf1458a6339ae48cd72fbe6d654,Input Validity,TF,TF Rate,10,807.67
26e7cbf1458a6339ae48cd72fbe6d654,Localization Stability,TF,Jump Angular,0,808.7
26e7cbf1458a6339ae48cd72fbe6d654,Localization Stability,TF,Jump Linear,0,808.7
26e7cbf1458a6339ae48cd72fbe6d654,Input Validity,Lidar,Lidar Rate,10,807.77
26e7cbf1458a6339ae48cd72fbe6d654,Input Validity,Odometry,Odometry Rate,50,807.77
26e7cbf1458a6339ae48cd72fbe6d654,Input Validity,TF,TF Rate,10,807.77
26e7cbf1458a6339ae48cd72fbe6d654,Localization Stability,TF,Jump Angular,0,808.8
26e7cbf1458a6339ae48cd72fbe6d654,Localization Stability,TF,Jump Linear,0,808.8
26e7cbf1458a6339ae48cd72fbe6d654,Input Validity,Lidar,Lidar Rate,10,807.87
26e7cbf1458a6339ae48cd72fbe6d654,Input Validity,Odometry,Odometry Rate,50,807.87
26e7cbf1458a6339ae48cd72fbe6d654,Input Validity,TF,TF Rate,10,807.87
26e7cbf1458a6339ae48cd72fbe6d654,Localization Quality,AMCLPose,CovYawYaw,0.0026338,807.9
26e7cbf1458a6339ae48cd72fbe6d654,Localization Quality,AMCLPose,CovYY,0.00155085,807.9
26e7cbf1458a6339ae48cd72fbe6d654,Localization Quality,AMCLPose,CovXX,0.00565727,807.9
26e7cbf1458a6339ae48cd72fbe6d654,Localization Quality,AMCLPose,MeanYaw,3.14031,807.9
26e7cbf1458a6339ae48cd72fbe6d654,Localization Quality,AMCLPose,MeanY,-0.0715775,807.9
26e7cbf1458a6339ae48cd72fbe6d654,Localization Quality,AMCLPose,MeanX,-1.76721,807.9
26e7cbf1458a6339ae48cd72fbe6d654,Localization Stability,TF,Jump Angular,0.000609166,808.9
26e7cbf1458a6339ae48cd72fbe6d654,Localization Stability,TF,Jump Linear,0.00293425,808.9
26e7cbf1458a6339ae48cd72fbe6d654,Input Validity,Lidar,Lidar Rate,10,807.97
26e7cbf1458a6339ae48cd72fbe6d654,Input Validity,Odometry,Odometry Rate,50,807.97
26e7cbf1458a6339ae48cd72fbe6d654,Input Validity,TF,TF Rate,10,807.97
26e7cbf1458a6339ae48cd72fbe6d654,Localization Stability,TF,Jump Angular,0,809
26e7cbf1458a6339ae48cd72fbe6d654,Localization Stability,TF,Jump Linear,0,809
26e7cbf1458a6339ae48cd72fbe6d654,Input Validity,Lidar,Lidar Rate,10,808.07
26e7cbf1458a6339ae48cd72fbe6d654,Input Validity,Odometry,Odometry Rate,50,808.07
26e7cbf1458a6339ae48cd72fbe6d654,Input Validity,TF,TF Rate,10,808.07
26e7cbf1458a6339ae48cd72fbe6d654,Localization Stability,TF,Jump Angular,0,809.1
26e7cbf1458a6339ae48cd72fbe6d654,Localization Stability,TF,Jump Linear,0,809.1
26e7cbf1458a6339ae48cd72fbe6d654,Input Validity,Lidar,Lidar Rate,10,808.17
26e7cbf1458a6339ae48cd72fbe6d654,Input Validity,Odometry,Odometry Rate,50,808.17
26e7cbf1458a6339ae48cd72fbe6d654,Input Validity,TF,TF Rate,10,808.17
26e7cbf1458a6339ae48cd72fbe6d654,Localization Quality,AMCLPose,CovYawYaw,0.00245627,808.2
26e7cbf1458a6339ae48cd72fbe6d654,Localization Quality,AMCLPose,CovYY,0.0015446,808.2
26e7cbf1458a6339ae48cd72fbe6d654,Localization Quality,AMCLPose,CovXX,0.00548251,808.2
26e7cbf1458a6339ae48cd72fbe6d654,Localization Quality,AMCLPose,MeanYaw,3.14145,808.2
26e7cbf1458a6339ae48cd72fbe6d654,Localization Quality,AMCLPose,MeanY,-0.0706651,808.2
26e7cbf1458a6339ae48cd72fbe6d654,Localization Quality,AMCLPose,MeanX,-1.90363,808.2
26e7cbf1458a6339ae48cd72fbe6d654,Localization Stability,TF,Jump Angular,-0.000143995,809.2
26e7cbf1458a6339ae48cd72fbe6d654,Localization Stability,TF,Jump Linear,0.00151396,809.2
26e7cbf1458a6339ae48cd72fbe6d654,Input Validity,Lidar,Lidar Rate,10,808.27
26e7cbf1458a6339ae48cd72fbe6d654,Input Validity,Odometry,Odometry Rate,50,808.27
26e7cbf1458a6339ae48cd72fbe6d654,Input Validity,TF,TF Rate,10,808.27
26e7cbf1458a6339ae48cd72fbe6d654,Localization Stability,TF,Jump Angular,0,809.3
26e7cbf1458a6339ae48cd72fbe6d654,Localization Stability,TF,Jump Linear,0,809.3
26e7cbf1458a6339ae48cd72fbe6d654,Input Validity,Lidar,Lidar Rate,10,808.37
26e7cbf1458a6339ae48cd72fbe6d654,Input Validity,Odometry,Odometry Rate,50,808.37
26e7cbf1458a6339ae48cd72fbe6d654,Input Validity,TF,TF Rate,10,808.37
26e7cbf1458a6339ae48cd72fbe6d654,Localization Stability,TF,Jump Angular,0,809.4
26e7cbf1458a6339ae48cd72fbe6d654,Localization Stability,TF,Jump Linear,0,809.4
26e7cbf1458a6339ae48cd72fbe6d654,Input Validity,Lidar,Lidar Rate,10,808.47
26e7cbf1458a6339ae48cd72fbe6d654,Input Validity,Odometry,Odometry Rate,50,808.47
26e7cbf1458a6339ae48cd72fbe6d654,Input Validity,TF,TF Rate,10,808.47
26e7cbf1458a6339ae48cd72fbe6d654,Localization Quality,AMCLPose,CovYawYaw,0.00240501,808.5
26e7cbf1458a6339ae48cd72fbe6d654,Localization Quality,AMCLPose,CovYY,0.0015717,808.5
26e7cbf1458a6339ae48cd72fbe6d654,Localization Quality,AMCLPose,CovXX,0.0056294,808.5
26e7cbf1458a6339ae48cd72fbe6d654,Localization Quality,AMCLPose,MeanYaw,-3.1412,808.5
26e7cbf1458a6339ae48cd72fbe6d654,Localization Quality,AMCLPose,MeanY,-0.0687472,808.5
26e7cbf1458a6339ae48cd72fbe6d654,Localization Quality,AMCLPose,MeanX,-2.03839,808.5
26e7cbf1458a6339ae48cd72fbe6d654,Localization Stability,TF,Jump Angular,-0.00071688,809.5
26e7cbf1458a6339ae48cd72fbe6d654,Localization Stability,TF,Jump Linear,0.00059101,809.5
26e7cbf1458a6339ae48cd72fbe6d654,Input Validity,Lidar,Lidar Rate,10,808.57
26e7cbf1458a6339ae48cd72fbe6d654,Input Validity,Odometry,Odometry Rate,50,808.57
26e7cbf1458a6339ae48cd72fbe6d654,Input Validity,TF,TF Rate,10,808.57
26e7cbf1458a6339ae48cd72fbe6d654,Localization Stability,TF,Jump Angular,0,809.6
26e7cbf1458a6339ae48cd72fbe6d654,Localization Stability,TF,Jump Linear,0,809.6
26e7cbf1458a6339ae48cd72fbe6d654,Input Validity,Lidar,Lidar Rate,10,808.67
26e7cbf1458a6339ae48cd72fbe6d654,Input Validity,Odometry,Odometry Rate,50,808.67
26e7cbf1458a6339ae48cd72fbe6d654,Input Validity,TF,TF Rate,10,808.67
26e7cbf1458a6339ae48cd72fbe6d654,Localization Stability,TF,Jump Angular,0,809.7
26e7cbf1458a6339ae48cd72fbe6d654,Localization Stability,TF,Jump Linear,0,809.7
26e7cbf1458a6339ae48cd72fbe6d654,Input Validity,Lidar,Lidar Rate,10,808.77
26e7cbf1458a6339ae48cd72fbe6d654,Input Validity,Odometry,Odometry Rate,50,808.77
26e7cbf1458a6339ae48cd72fbe6d654,Input Validity,TF,TF Rate,10,808.77
26e7cbf1458a6339ae48cd72fbe6d654,Localization Quality,AMCLPose,CovYawYaw,0.00233015,808.8
26e7cbf1458a6339ae48cd72fbe6d654,Localization Quality,AMCLPose,CovYY,0.00146244,808.8
26e7cbf1458a6339ae48cd72fbe6d654,Localization Quality,AMCLPose,CovXX,0.00562448,808.8
26e7cbf1458a6339ae48cd72fbe6d654,Localization Quality,AMCLPose,MeanYaw,-3.13985,808.8
26e7cbf1458a6339ae48cd72fbe6d654,Localization Quality,AMCLPose,MeanY,-0.0691777,808.8
26e7cbf1458a6339ae48cd72fbe6d654,Localization Quality,AMCLPose,MeanX,-2.17071,808.8
26e7cbf1458a6339ae48cd72fbe6d654,Localization Stability,TF,Jump Angular,-0.000924595,809.8
26e7cbf1458a6339ae48cd72fbe6d654,Localization Stability,TF,Jump Linear,0.00360052,809.8
26e7cbf1458a6339ae48cd72fbe6d654,Input Validity,Lidar,Lidar Rate,10,808.87
26e7cbf1458a6339ae48cd72fbe6d654,Input Validity,Odometry,Odometry Rate,50,808.87
26e7cbf1458a6339ae48cd72fbe6d654,Input Validity,TF,TF Rate,10,808.87
26e7cbf1458a6339ae48cd72fbe6d654,Localization Stability,TF,Jump Angular,0,809.9
26e7cbf1458a6339ae48cd72fbe6d654,Localization Stability,TF,Jump Linear,0,809.9
26e7cbf1458a6339ae48cd72fbe6d654,Input Validity,Lidar,Lidar Rate,10,808.97
26e7cbf1458a6339ae48cd72fbe6d654,Input Validity,Odometry,Odometry Rate,50,808.97
26e7cbf1458a6339ae48cd72fbe6d654,Input Validity,TF,TF Rate,10,808.97
26e7cbf1458a6339ae48cd72fbe6d654,Localization Stability,TF,Jump Angular,0,810
26e7cbf1458a6339ae48cd72fbe6d654,Localization Stability,TF,Jump Linear,0,810
26e7cbf1458a6339ae48cd72fbe6d654,Input Validity,Lidar,Lidar Rate,10,809.07
26e7cbf1458a6339ae48cd72fbe6d654,Input Validity,Odometry,Odometry Rate,50,809.07
26e7cbf1458a6339ae48cd72fbe6d654,Input Validity,TF,TF Rate,10,809.07
26e7cbf1458a6339ae48cd72fbe6d654,Localization Quality,AMCLPose,CovYawYaw,0.00239798,809.1
26e7cbf1458a6339ae48cd72fbe6d654,Localization Quality,AMCLPose,CovYY,0.00139167,809.1
26e7cbf1458a6339ae48cd72fbe6d654,Localization Quality,AMCLPose,CovXX,0.00587197,809.1
26e7cbf1458a6339ae48cd72fbe6d654,Localization Quality,AMCLPose,MeanYaw,3.14137,809.1
26e7cbf1458a6339ae48cd72fbe6d654,Localization Quality,AMCLPose,MeanY,-0.0685994,809.1
26e7cbf1458a6339ae48cd72fbe6d654,Localization Quality,AMCLPose,MeanX,-2.30032,809.1
26e7cbf1458a6339ae48cd72fbe6d654,Localization Stability,TF,Jump Angular,-0.00241681,810.1
26e7cbf1458a6339ae48cd72fbe6d654,Localization Stability,TF,Jump Linear,0.00742533,810.1
26e7cbf1458a6339ae48cd72fbe6d654,Input Validity,Lidar,Lidar Rate,10,809.17
26e7cbf1458a6339ae48cd72fbe6d654,Input Validity,Odometry,Odometry Rate,50,809.17
26e7cbf1458a6339ae48cd72fbe6d654,Input Validity,TF,TF Rate,10,809.17
26e7cbf1458a6339ae48cd72fbe6d654,Localization Stability,TF,Jump Angular,0,810.2
26e7cbf1458a6339ae48cd72fbe6d654,Localization Stability,TF,Jump Linear,0,810.2
26e7cbf1458a6339ae48cd72fbe6d654,Input Validity,Lidar,Lidar Rate,10,809.27
26e7cbf1458a6339ae48cd72fbe6d654,Input Validity,Odometry,Odometry Rate,50,809.27
26e7cbf1458a6339ae48cd72fbe6d654,Input Validity,TF,TF Rate,10,809.27
26e7cbf1458a6339ae48cd72fbe6d654,Localization Stability,TF,Jump Angular,0,810.3
26e7cbf1458a6339ae48cd72fbe6d654,Localization Stability,TF,Jump Linear,0,810.3
26e7cbf1458a6339ae48cd72fbe6d654,Input Validity,Lidar,Lidar Rate,10,809.37
26e7cbf1458a6339ae48cd72fbe6d654,Input Validity,Odometry,Odometry Rate,50,809.37
26e7cbf1458a6339ae48cd72fbe6d654,Input Validity,TF,TF Rate,10,809.37
26e7cbf1458a6339ae48cd72fbe6d654,Localization Quality,AMCLPose,CovYawYaw,0.00245988,809.4
26e7cbf1458a6339ae48cd72fbe6d654,Localization Quality,AMCLPose,CovYY,0.00136528,809.4
26e7cbf1458a6339ae48cd72fbe6d654,Localization Quality,AMCLPose,CovXX,0.00602446,809.4
26e7cbf1458a6339ae48cd72fbe6d654,Localization Quality,AMCLPose,MeanYaw,-3.14016,809.4
26e7cbf1458a6339ae48cd72fbe6d654,Localization Quality,AMCLPose,MeanY,-0.0702762,809.4
26e7cbf1458a6339ae48cd72fbe6d654,Localization Quality,AMCLPose,MeanX,-2.43332,809.4
26e7cbf1458a6339ae48cd72fbe6d654,Localization Stability,TF,Jump Angular,7.9172e-05,810.4
26e7cbf1458a6339ae48cd72fbe6d654,Localization Stability,TF,Jump Linear,0.00245065,810.4
26e7cbf1458a6339ae48cd72fbe6d654,Input Validity,Lidar,Lidar Rate,10,809.47
26e7cbf1458a6339ae48cd72fbe6d654,Input Validity,Odometry,Odometry Rate,50,809.47
26e7cbf1458a6339ae48cd72fbe6d654,Input Validity,TF,TF Rate,10,809.47
26e7cbf1458a6339ae48cd72fbe6d654,Localization Stability,TF,Jump Angular,0,810.5
26e7cbf1458a6339ae48cd72fbe6d654,Localization Stability,TF,Jump Linear,0,810.5
26e7cbf1458a6339ae48cd72fbe6d654,Input Validity,Lidar,Lidar Rate,10,809.57
26e7cbf1458a6339ae48cd72fbe6d654,Input Validity,Odometry,Odometry Rate,50,809.57
26e7cbf1458a6339ae48cd72fbe6d654,Input Validity,TF,TF Rate,10,809.57
26e7cbf1458a6339ae48cd72fbe6d654,Localization Stability,TF,Jump Angular,0,810.6
26e7cbf1458a6339ae48cd72fbe6d654,Localization Stability,TF,Jump Linear,0,810.6
26e7cbf1458a6339ae48cd72fbe6d654,Input Validity,Lidar,Lidar Rate,10,809.67
26e7cbf1458a6339ae48cd72fbe6d654,Input Validity,Odometry,Odometry Rate,50,809.67
26e7cbf1458a6339ae48cd72fbe6d654,Input Validity,TF,TF Rate,10,809.67
26e7cbf1458a6339ae48cd72fbe6d654,Localization Quality,AMCLPose,CovYawYaw,0.0023807,809.7
26e7cbf1458a6339ae48cd72fbe6d654,Localization Quality,AMCLPose,CovYY,0.001344,809.7
26e7cbf1458a6339ae48cd72fbe6d654,Localization Quality,AMCLPose,CovXX,0.00550893,809.7
26e7cbf1458a6339ae48cd72fbe6d654,Localization Quality,AMCLPose,MeanYaw,-3.13663,809.7
26e7cbf1458a6339ae48cd72fbe6d654,Localization Quality,AMCLPose,MeanY,-0.07148,809.7
26e7cbf1458a6339ae48cd72fbe6d654,Localization Quality,AMCLPose,MeanX,-2.56874,809.7
26e7cbf1458a6339ae48cd72fbe6d654,Localization Stability,TF,Jump Angular,-0.00209843,810.7
26e7cbf1458a6339ae48cd72fbe6d654,Localization Stability,TF,Jump Linear,0.00617523,810.7
26e7cbf1458a6339ae48cd72fbe6d654,Input Validity,Lidar,Lidar Rate,10,809.76
26e7cbf1458a6339ae48cd72fbe6d654,Input Validity,Odometry,Odometry Rate,50,809.76
26e7cbf1458a6339ae48cd72fbe6d654,Input Validity,TF,TF Rate,10,809.76
26e7cbf1458a6339ae48cd72fbe6d654,Localization Stability,TF,Jump Angular,0,810.8
26e7cbf1458a6339ae48cd72fbe6d654,Localization Stability,TF,Jump Linear,0,810.8
26e7cbf1458a6339ae48cd72fbe6d654,Input Validity,Lidar,Lidar Rate,10,809.86
26e7cbf1458a6339ae48cd72fbe6d654,Input Validity,Odometry,Odometry Rate,50,809.86
26e7cbf1458a6339ae48cd72fbe6d654,Input Validity,TF,TF Rate,10,809.86
26e7cbf1458a6339ae48cd72fbe6d654,Localization Stability,TF,Jump Angular,0,810.9
26e7cbf1458a6339ae48cd72fbe6d654,Localization Stability,TF,Jump Linear,0,810.9
26e7cbf1458a6339ae48cd72fbe6d654,Input Validity,Lidar,Lidar Rate,10,809.96
26e7cbf1458a6339ae48cd72fbe6d654,Input Validity,Odometry,Odometry Rate,50,809.96
26e7cbf1458a6339ae48cd72fbe6d654,Input Validity,TF,TF Rate,10,809.96
26e7cbf1458a6339ae48cd72fbe6d654,Localization Quality,AMCLPose,CovYawYaw,0.00240303,810
26e7cbf1458a6339ae48cd72fbe6d654,Localization Quality,AMCLPose,CovYY,0.00131423,810
26e7cbf1458a6339ae48cd72fbe6d654,Localization Quality,AMCLPose,CovXX,0.00524325,810
26e7cbf1458a6339ae48cd72fbe6d654,Localization Quality,AMCLPose,MeanYaw,-3.1335,810
26e7cbf1458a6339ae48cd72fbe6d654,Localization Quality,AMCLPose,MeanY,-0.0738949,810
26e7cbf1458a6339ae48cd72fbe6d654,Localization Quality,AMCLPose,MeanX,-2.70291,810
26e7cbf1458a6339ae48cd72fbe6d654,Localization Stability,TF,Jump Angular,0.000626916,811
26e7cbf1458a6339ae48cd72fbe6d654,Localization Stability,TF,Jump Linear,0.000826255,811
26e7cbf1458a6339ae48cd72fbe6d654,Input Validity,Lidar,Lidar Rate,10,810.06
26e7cbf1458a6339ae48cd72fbe6d654,Input Validity,Odometry,Odometry Rate,50,810.06
26e7cbf1458a6339ae48cd72fbe6d654,Input Validity,TF,TF Rate,10,810.06
26e7cbf1458a6339ae48cd72fbe6d654,Localization Stability,TF,Jump Angular,0,811.1
26e7cbf1458a6339ae48cd72fbe6d654,Localization Stability,TF,Jump Linear,0,811.1
26e7cbf1458a6339ae48cd72fbe6d654,Input Validity,Lidar,Lidar Rate,10,810.16
26e7cbf1458a6339ae48cd72fbe6d654,Input Validity,Odometry,Odometry Rate,50,810.16
26e7cbf1458a6339ae48cd72fbe6d654,Input Validity,TF,TF Rate,10,810.16
26e7cbf1458a6339ae48cd72fbe6d654,Localization Stability,TF,Jump Angular,0,811.2
26e7cbf1458a6339ae48cd72fbe6d654,Localization Stability,TF,Jump Linear,0,811.2
26e7cbf1458a6339ae48cd72fbe6d654,Input Validity,Lidar,Lidar Rate,10,810.26
26e7cbf1458a6339ae48cd72fbe6d654,Input Validity,Odometry,Odometry Rate,50,810.26
26e7cbf1458a6339ae48cd72fbe6d654,Input Validity,TF,TF Rate,10,810.26
26e7cbf1458a6339ae48cd72fbe6d654,Localization Quality,AMCLPose,CovYawYaw,0.00251646,810.3
26e7cbf1458a6339ae48cd72fbe6d654,Localization Quality,AMCLPose,CovYY,0.00126407,810.3
26e7cbf1458a6339ae48cd72fbe6d654,Localization Quality,AMCLPose,CovXX,0.00524532,810.3
26e7cbf1458a6339ae48cd72fbe6d654,Localization Quality,AMCLPose,MeanYaw,-3.13301,810.3
26e7cbf1458a6339ae48cd72fbe6d654,Localization Quality,AMCLPose,MeanY,-0.0755676,810.3
26e7cbf1458a6339ae48cd72fbe6d654,Localization Quality,AMCLPose,MeanX,-2.84048,810.3
26e7cbf1458a6339ae48cd72fbe6d654,Localization Stability,TF,Jump Angular,0.00159975,811.3
26e7cbf1458a6339ae48cd72fbe6d654,Localization Stability,TF,Jump Linear,0.00478277,811.3
26e7cbf1458a6339ae48cd72fbe6d654,Input Validity,Lidar,Lidar Rate,10,810.36
26e7cbf1458a6339ae48cd72fbe6d654,Input Validity,Odometry,Odometry Rate,50,810.36
26e7cbf1458a6339ae48cd72fbe6d654,Input Validity,TF,TF Rate,10,810.36
26e7cbf1458a6339ae48cd72fbe6d654,Localization Stability,TF,Jump Angular,0,811.4
26e7cbf1458a6339ae48cd72fbe6d654,Localization Stability,TF,Jump Linear,0,811.4
26e7cbf1458a6339ae48cd72fbe6d654,Input Validity,Lidar,Lidar Rate,10,810.46
26e7cbf1458a6339ae48cd72fbe6d654,Input Validity,Odometry,Odometry Rate,50,810.46
26e7cbf1458a6339ae48cd72fbe6d654,Input Validity,TF,TF Rate,10,810.46
26e7cbf1458a6339ae48cd72fbe6d654,Localization Stability,TF,Jump Angular,0,811.5
26e7cbf1458a6339ae48cd72fbe6d654,Localization Stability,TF,Jump Linear,0,811.5
26e7cbf1458a6339ae48cd72fbe6d654,Input Validity,Lidar,Lidar Rate,10,810.56
26e7cbf1458a6339ae48cd72fbe6d654,Input Validity,Odometry,Odometry Rate,50,810.56
26e7cbf1458a6339ae48cd72fbe6d654,Input Validity,TF,TF Rate,10,810.56
26e7cbf1458a6339ae48cd72fbe6d654,Localization Quality,AMCLPose,CovYawYaw,0.00268904,810.6
26e7cbf1458a6339ae48cd72fbe6d654,Localization Quality,AMCLPose,CovYY,0.00119397,810.6
26e7cbf1458a6339ae48cd72fbe6d654,Localization Quality,AMCLPose,CovXX,0.00541497,810.6
26e7cbf1458a6339ae48cd72fbe6d654,Localization Quality,AMCLPose,MeanYaw,-3.13051,810.6
26e7cbf1458a6339ae48cd72fbe6d654,Localization Quality,AMCLPose,MeanY,-0.0774364,810.6
26e7cbf1458a6339ae48cd72fbe6d654,Localization Quality,AMCLPose,MeanX,-2.9747,810.6
26e7cbf1458a6339ae48cd72fbe6d654,Localization Stability,TF,Jump Angular,0.00220501,811.6
26e7cbf1458a6339ae48cd72fbe6d654,Localization Stability,TF,Jump Linear,0.00595537,811.6
26e7cbf1458a6339ae48cd72fbe6d654,Input Validity,Lidar,Lidar Rate,10,810.66
26e7cbf1458a6339ae48cd72fbe6d654,Input Validity,Odometry,Odometry Rate,50,810.66
26e7cbf1458a6339ae48cd72fbe6d654,Input Validity,TF,TF Rate,10,810.66
26e7cbf1458a6339ae48cd72fbe6d654,Localization Stability,TF,Jump Angular,0,811.7
26e7cbf1458a6339ae48cd72fbe6d654,Localization Stability,TF,Jump Linear,0,811.7
26e7cbf1458a6339ae48cd72fbe6d654,Input Validity,Lidar,Lidar Rate,10,810.76
26e7cbf1458a6339ae48cd72fbe6d654,Input Validity,Odometry,Odometry Rate,50,810.76
26e7cbf1458a6339ae48cd72fbe6d654,Input Validity,TF,TF Rate,10,810.76
26e7cbf1458a6339ae48cd72fbe6d654,Localization Stability,TF,Jump Angular,0,811.8
26e7cbf1458a6339ae48cd72fbe6d654,Localization Stability,TF,Jump Linear,0,811.8
26e7cbf1458a6339ae48cd72fbe6d654,Input Validity,Lidar,Lidar Rate,10,810.86
26e7cbf1458a6339ae48cd72fbe6d654,Input Validity,Odometry,Odometry Rate,50,810.86
26e7cbf1458a6339ae48cd72fbe6d654,Input Validity,TF,TF Rate,10,810.86
26e7cbf1458a6339ae48cd72fbe6d654,Localization Quality,AMCLPose,CovYawYaw,0.00287318,810.9
26e7cbf1458a6339ae48cd72fbe6d654,Localization Quality,AMCLPose,CovYY,0.00117786,810.9
26e7cbf1458a6339ae48cd72fbe6d654,Localization Quality,AMCLPose,CovXX,0.00537981,810.9
26e7cbf1458a6339ae48cd72fbe6d654,Localization Quality,AMCLPose,MeanYaw,-3.12836,810.9
26e7cbf1458a6339ae48cd72fbe6d654,Localization Quality,AMCLPose,MeanY,-0.0804643,810.9
26e7cbf1458a6339ae48cd72fbe6d654,Localization Quality,AMCLPose,MeanX,-3.10803,810.9
26e7cbf1458a6339ae48cd72fbe6d654,Localization Stability,TF,Jump Angular,2.8383e-05,811.9
26e7cbf1458a6339ae48cd72fbe6d654,Localization Stability,TF,Jump Linear,0.00206856,811.9
26e7cbf1458a6339ae48cd72fbe6d654,Input Validity,Lidar,Lidar Rate,10,810.96
26e7cbf1458a6339ae48cd72fbe6d654,Input Validity,Odometry,Odometry Rate,50,810.96
26e7cbf1458a6339ae48cd72fbe6d654,Input Validity,TF,TF Rate,10,810.96
26e7cbf1458a6339ae48cd72fbe6d654,Localization Stability,TF,Jump Angular,0,812
26e7cbf1458a6339ae48cd72fbe6d654,Localization Stability,TF,Jump Linear,0,812
26e7cbf1458a6339ae48cd72fbe6d654,Input Validity,Lidar,Lidar Rate,10,811.06
26e7cbf1458a6339ae48cd72fbe6d654,Input Validity,Odometry,Odometry Rate,50,811.06
26e7cbf1458a6339ae48cd72fbe6d654,Input Validity,TF,TF Rate,10,811.06
26e7cbf1458a6339ae48cd72fbe6d654,Localization Stability,TF,Jump Angular,0,812.1
26e7cbf1458a6339ae48cd72fbe6d654,Localization Stability,TF,Jump Linear,0,812.1
26e7cbf1458a6339ae48cd72fbe6d654,Input Validity,Lidar,Lidar Rate,10,811.16
26e7cbf1458a6339ae48cd72fbe6d654,Input Validity,Odometry,Odometry Rate,50,811.16
26e7cbf1458a6339ae48cd72fbe6d654,Input Validity,TF,TF Rate,10,811.16
26e7cbf1458a6339ae48cd72fbe6d654,Localization Quality,AMCLPose,CovYawYaw,0.00300808,811.2
26e7cbf1458a6339ae48cd72fbe6d654,Localization Quality,AMCLPose,CovYY,0.00120065,811.2
26e7cbf1458a6339ae48cd72fbe6d654,Localization Quality,AMCLPose,CovXX,0.00510327,811.2
26e7cbf1458a6339ae48cd72fbe6d654,Localization Quality,AMCLPose,MeanYaw,-3.13208,811.2
26e7cbf1458a6339ae48cd72fbe6d654,Localization Quality,AMCLPose,MeanY,-0.0828466,811.2
26e7cbf1458a6339ae48cd72fbe6d654,Localization Quality,AMCLPose,MeanX,-3.24275,811.2
26e7cbf1458a6339ae48cd72fbe6d654,Localization Stability,TF,Jump Angular,-0.000562114,812.2
26e7cbf1458a6339ae48cd72fbe6d654,Localization Stability,TF,Jump Linear,0.00267544,812.2
26e7cbf1458a6339ae48cd72fbe6d654,Input Validity,Lidar,Lidar Rate,10,811.26
26e7cbf1458a6339ae48cd72fbe6d654,Input Validity,Odometry,Odometry Rate,50,811.26
26e7cbf1458a6339ae48cd72fbe6d654,Input Validity,TF,TF Rate,10,811.26
26e7cbf1458a6339ae48cd72fbe6d654,Localization Stability,TF,Jump Angular,0,812.3
26e7cbf1458a6339ae48cd72fbe6d654,Localization Stability,TF,Jump Linear,0,812.3
26e7cbf1458a6339ae48cd72fbe6d654,Input Validity,Lidar,Lidar Rate,10,811.36
26e7cbf1458a6339ae48cd72fbe6d654,Input Validity,Odometry,Odometry Rate,50,811.36
26e7cbf1458a6339ae48cd72fbe6d654,Input Validity,TF,TF Rate,10,811.36
26e7cbf1458a6339ae48cd72fbe6d654,Localization Stability,TF,Jump Angular,0,812.4
26e7cbf1458a6339ae48cd72fbe6d654,Localization Stability,TF,Jump Linear,0,812.4
26e7cbf1458a6339ae48cd72fbe6d654,Input Validity,Lidar,Lidar Rate,10,811.46
26e7cbf1458a6339ae48cd72fbe6d654,Input Validity,Odometry,Odometry Rate,50,811.46
26e7cbf1458a6339ae48cd72fbe6d654,Input Validity,TF,TF Rate,10,811.46
26e7cbf1458a6339ae48cd72fbe6d654,Localization Quality,AMCLPose,CovYawYaw,0.0030744,811.5
26e7cbf1458a6339ae48cd72fbe6d654,Localization Quality,AMCLPose,CovYY,0.00127325,811.5
26e7cbf1458a6339ae48cd72fbe6d654,Localization Quality,AMCLPose,CovXX,0.00524132,811.5
26e7cbf1458a6339ae48cd72fbe6d654,Localization Quality,AMCLPose,MeanYaw,-3.13504,811.5
26e7cbf1458a6339ae48cd72fbe6d654,Localization Quality,AMCLPose,MeanY,-0.0845746,811.5
26e7cbf1458a6339ae48cd72fbe6d654,Localization Quality,AMCLPose,MeanX,-3.37771,811.5
26e7cbf1458a6339ae48cd72fbe6d654,Localization Stability,TF,Jump Angular,-0.000539955,812.5
26e7cbf1458a6339ae48cd72fbe6d654,Localization Stability,TF,Jump Linear,0.00246824,812.5
26e7cbf1458a6339ae48cd72fbe6d654,Input Validity,Lidar,Lidar Rate,10,811.56
26e7cbf1458a6339ae48cd72fbe6d654,Input Validity,Odometry,Odometry Rate,50,811.56
26e7cbf1458a6339ae48cd72fbe6d654,Input Validity,TF,TF Rate,10,811.56
26e7cbf1458a6339ae48cd72fbe6d654,Localization Stability,TF,Jump Angular,0,812.6
26e7cbf1458a6339ae48cd72fbe6d654,Localization Stability,TF,Jump Linear,0,812.6
26e7cbf1458a6339ae48cd72fbe6d654,Input Validity,Lidar,Lidar Rate,10,811.66
26e7cbf1458a6339ae48cd72fbe6d654,Input Validity,Odometry,Odometry Rate,50,811.66
26e7cbf1458a6339ae48cd72fbe6d654,Input Validity,TF,TF Rate,10,811.66
26e7cbf1458a6339ae48cd72fbe6d654,Localization Stability,TF,Jump Angular,0,812.7
26e7cbf1458a6339ae48cd72fbe6d654,Localization Stability,TF,Jump Linear,0,812.7
26e7cbf1458a6339ae48cd72fbe6d654,Input Validity,Lidar,Lidar Rate,10,811.76
26e7cbf1458a6339ae48cd72fbe6d654,Input Validity,Odometry,Odometry Rate,50,811.76
26e7cbf1458a6339ae48cd72fbe6d654,Input Validity,TF,TF Rate,10,811.76
26e7cbf1458a6339ae48cd72fbe6d654,Input Validity,Lidar,Lidar Rate,10,811.86
26e7cbf1458a6339ae48cd72fbe6d654,Input Validity,Odometry,Odometry Rate,50,811.86
26e7cbf1458a6339ae48cd72fbe6d654,Input Validity,TF,TF Rate,10,811.86
26e7cbf1458a6339ae48cd72fbe6d654,Localization Quality,AMCLPose,CovYawYaw,0.00304449,811.8
26e7cbf1458a6339ae48cd72fbe6d654,Localization Quality,AMCLPose,CovYY,0.00124404,811.8
26e7cbf1458a6339ae48cd72fbe6d654,Localization Quality,AMCLPose,CovXX,0.00538724,811.8
26e7cbf1458a6339ae48cd72fbe6d654,Localization Quality,AMCLPose,MeanYaw,-3.13252,811.8
26e7cbf1458a6339ae48cd72fbe6d654,Localization Quality,AMCLPose,MeanY,-0.0867299,811.8
26e7cbf1458a6339ae48cd72fbe6d654,Localization Quality,AMCLPose,MeanX,-3.51301,811.8
26e7cbf1458a6339ae48cd72fbe6d654,Localization Stability,TF,Jump Angular,0.00229842,812.8
26e7cbf1458a6339ae48cd72fbe6d654,Localization Stability,TF,Jump Linear,0.00688962,812.8
26e7cbf1458a6339ae48cd72fbe6d654,Localization Stability,TF,Jump Angular,0,812.9
26e7cbf1458a6339ae48cd72fbe6d654,Localization Stability,TF,Jump Linear,0,812.9
26e7cbf1458a6339ae48cd72fbe6d654,Input Validity,Lidar,Lidar Rate,10,811.96
26e7cbf1458a6339ae48cd72fbe6d654,Input Validity,Odometry,Odometry Rate,50,811.96
26e7cbf1458a6339ae48cd72fbe6d654,Input Validity,TF,TF Rate,10,811.96
26e7cbf1458a6339ae48cd72fbe6d654,Localization Stability,TF,Jump Angular,0,813
26e7cbf1458a6339ae48cd72fbe6d654,Localization Stability,TF,Jump Linear,0,813
26e7cbf1458a6339ae48cd72fbe6d654,Input Validity,Lidar,Lidar Rate,10,812.06
26e7cbf1458a6339ae48cd72fbe6d654,Input Validity,Odometry,Odometry Rate,50,812.06
26e7cbf1458a6339ae48cd72fbe6d654,Input Validity,TF,TF Rate,10,812.06
26e7cbf1458a6339ae48cd72fbe6d654,Localization Quality,AMCLPose,CovYawYaw,0.0033895,812.1
26e7cbf1458a6339ae48cd72fbe6d654,Localization Quality,AMCLPose,CovYY,0.00136703,812.1
26e7cbf1458a6339ae48cd72fbe6d654,Localization Quality,AMCLPose,CovXX,0.00555159,812.1
26e7cbf1458a6339ae48cd72fbe6d654,Localization Quality,AMCLPose,MeanYaw,-3.13649,812.1
26e7cbf1458a6339ae48cd72fbe6d654,Localization Quality,AMCLPose,MeanY,-0.08857,812.1
26e7cbf1458a6339ae48cd72fbe6d654,Localization Quality,AMCLPose,MeanX,-3.64858,812.1
26e7cbf1458a6339ae48cd72fbe6d654,Localization Stability,TF,Jump Angular,-0.00012682,813.1
26e7cbf1458a6339ae48cd72fbe6d654,Localization Stability,TF,Jump Linear,0.00135228,813.1
26e7cbf1458a6339ae48cd72fbe6d654,Input Validity,Lidar,Lidar Rate,10,812.16
26e7cbf1458a6339ae48cd72fbe6d654,Input Validity,Odometry,Odometry Rate,50,812.16
26e7cbf1458a6339ae48cd72fbe6d654,Input Validity,TF,TF Rate,10,812.16
26e7cbf1458a6339ae48cd72fbe6d654,Localization Stability,TF,Jump Angular,0,813.2
26e7cbf1458a6339ae48cd72fbe6d654,Localization Stability,TF,Jump Linear,0,813.2
26e7cbf1458a6339ae48cd72fbe6d654,Input Validity,Lidar,Lidar Rate,10,812.26
26e7cbf1458a6339ae48cd72fbe6d654,Input Validity,Odometry,Odometry Rate,50,812.26
26e7cbf1458a6339ae48cd72fbe6d654,Input Validity,TF,TF Rate,10,812.26
26e7cbf1458a6339ae48cd72fbe6d654,Localization Stability,TF,Jump Angular,0,813.3
26e7cbf1458a6339ae48cd72fbe6d654,Localization Stability,TF,Jump Linear,0,813.3
26e7cbf1458a6339ae48cd72fbe6d654,Input Validity,Lidar,Lidar Rate,10,812.36
26e7cbf1458a6339ae48cd72fbe6d654,Input Validity,Odometry,Odometry Rate,50,812.36
26e7cbf1458a6339ae48cd72fbe6d654,Input Validity,TF,TF Rate,10,812.36
26e7cbf1458a6339ae48cd72fbe6d654,Localization Quality,AMCLPose,CovYawYaw,0.00328789,812.4
26e7cbf1458a6339ae48cd72fbe6d654,Localization Quality,AMCLPose,CovYY,0.00132293,812.4
26e7cbf1458a6339ae48cd72fbe6d654,Localization Quality,AMCLPose,CovXX,0.00575888,812.4
26e7cbf1458a6339ae48cd72fbe6d654,Localization Quality,AMCLPose,MeanYaw,-3.13978,812.4
26e7cbf1458a6339ae48cd72fbe6d654,Localization Quality,AMCLPose,MeanY,-0.0902308,812.4
26e7cbf1458a6339ae48cd72fbe6d654,Localization Quality,AMCLPose,MeanX,-3.78112,812.4
26e7cbf1458a6339ae48cd72fbe6d654,Localization Stability,TF,Jump Angular,0.00085565,813.4
26e7cbf1458a6339ae48cd72fbe6d654,Localization Stability,TF,Jump Linear,0.0030758,813.4
26e7cbf1458a6339ae48cd72fbe6d654,Input Validity,Lidar,Lidar Rate,10,812.45
26e7cbf1458a6339ae48cd72fbe6d654,Input Validity,Odometry,Odometry Rate,50,812.45
26e7cbf1458a6339ae48cd72fbe6d654,Input Validity,TF,TF Rate,10,812.45
26e7cbf1458a6339ae48cd72fbe6d654,Localization Stability,TF,Jump Angular,0,813.5
26e7cbf1458a6339ae48cd72fbe6d654,Localization Stability,TF,Jump Linear,0,813.5
26e7cbf1458a6339ae48cd72fbe6d654,Input Validity,Lidar,Lidar Rate,10,812.55
26e7cbf1458a6339ae48cd72fbe6d654,Input Validity,Odometry,Odometry Rate,50,812.55
26e7cbf1458a6339ae48cd72fbe6d654,Input Validity,TF,TF Rate,10,812.55
26e7cbf1458a6339ae48cd72fbe6d654,Localization Stability,TF,Jump Angular,0,813.6
26e7cbf1458a6339ae48cd72fbe6d654,Localization Stability,TF,Jump Linear,0,813.6
26e7cbf1458a6339ae48cd72fbe6d654,Input Validity,Lidar,Lidar Rate,10,812.65
26e7cbf1458a6339ae48cd72fbe6d654,Input Validity,Odometry,Odometry Rate,50,812.65
26e7cbf1458a6339ae48cd72fbe6d654,Input Validity,TF,TF Rate,10,812.65
26e7cbf1458a6339ae48cd72fbe6d654,Input Validity,Lidar,Lidar Rate,10,812.75
26e7cbf1458a6339ae48cd72fbe6d654,Input Validity,Odometry,Odometry Rate,50,812.75
26e7cbf1458a6339ae48cd72fbe6d654,Input Validity,TF,TF Rate,10,812.75
26e7cbf1458a6339ae48cd72fbe6d654,Localization Quality,AMCLPose,CovYawYaw,0.00346148,812.7
26e7cbf1458a6339ae48cd72fbe6d654,Localization Quality,AMCLPose,CovYY,0.00133402,812.7
26e7cbf1458a6339ae48cd72fbe6d654,Localization Quality,AMCLPose,CovXX,0.00605396,812.7
26e7cbf1458a6339ae48cd72fbe6d654,Localization Quality,AMCLPose,MeanYaw,3.1413,812.7
26e7cbf1458a6339ae48cd72fbe6d654,Localization Quality,AMCLPose,MeanY,-0.0893589,812.7
26e7cbf1458a6339ae48cd72fbe6d654,Localization Quality,AMCLPose,MeanX,-3.91764,812.7
26e7cbf1458a6339ae48cd72fbe6d654,Localization Stability,TF,Jump Angular,-0.00166057,813.7
26e7cbf1458a6339ae48cd72fbe6d654,Localization Stability,TF,Jump Linear,0.00568817,813.7
26e7cbf1458a6339ae48cd72fbe6d654,Localization Stability,TF,Jump Angular,0,813.8
26e7cbf1458a6339ae48cd72fbe6d654,Localization Stability,TF,Jump Linear,0,813.8
26e7cbf1458a6339ae48cd72fbe6d654,Input Validity,Lidar,Lidar Rate,10,812.85
26e7cbf1458a6339ae48cd72fbe6d654,Input Validity,Odometry,Odometry Rate,50,812.85
26e7cbf1458a6339ae48cd72fbe6d654,Input Validity,TF,TF Rate,10,812.85
26e7cbf1458a6339ae48cd72fbe6d654,Localization Stability,TF,Jump Angular,0,813.9
26e7cbf1458a6339ae48cd72fbe6d654,Localization Stability,TF,Jump Linear,0,813.9
26e7cbf1458a6339ae48cd72fbe6d654,Input Validity,Lidar,Lidar Rate,10,812.95
26e7cbf1458a6339ae48cd72fbe6d654,Input Validity,Odometry,Odometry Rate,50,812.95
26e7cbf1458a6339ae48cd72fbe6d654,Input Validity,TF,TF Rate,10,812.95
26e7cbf1458a6339ae48cd72fbe6d654,Localization Quality,AMCLPose,CovYawYaw,0.00353391,813
26e7cbf1458a6339ae48cd72fbe6d654,Localization Quality,AMCLPose,CovYY,0.00138467,813
26e7cbf1458a6339ae48cd72fbe6d654,Localization Quality,AMCLPose,CovXX,0.00591779,813
26e7cbf1458a6339ae48cd72fbe6d654,Localization Quality,AMCLPose,MeanYaw,-3.13816,813
26e7cbf1458a6339ae48cd72fbe6d654,Localization Quality,AMCLPose,MeanY,-0.0895833,813
26e7cbf1458a6339ae48cd72fbe6d654,Localization Quality,AMCLPose,MeanX,-4.05272,813
26e7cbf1458a6339ae48cd72fbe6d654,Localization Stability,TF,Jump Angular,-0.000804597,814
26e7cbf1458a6339ae48cd72fbe6d654,Localization Stability,TF,Jump Linear,0.0032887,814
26e7cbf1458a6339ae48cd72fbe6d654,Input Validity,Lidar,Lidar Rate,10,813.05
26e7cbf1458a6339ae48cd72fbe6d654,Input Validity,Odometry,Odometry Rate,50,813.05
26e7cbf1458a6339ae48cd72fbe6d654,Input Validity,TF,TF Rate,10,813.05
26e7cbf1458a6339ae48cd72fbe6d654,Localization Stability,TF,Jump Angular,0,814.1
26e7cbf1458a6339ae48cd72fbe6d654,Localization Stability,TF,Jump Linear,0,814.1
26e7cbf1458a6339ae48cd72fbe6d654,Input Validity,Lidar,Lidar Rate,10,813.15
26e7cbf1458a6339ae48cd72fbe6d654,Input Validity,Odometry,Odometry Rate,50,813.15
26e7cbf1458a6339ae48cd72fbe6d654,Input Validity,TF,TF Rate,10,813.15
26e7cbf1458a6339ae48cd72fbe6d654,Localization Stability,TF,Jump Angular,0,814.2
26e7cbf1458a6339ae48cd72fbe6d654,Localization Stability,TF,Jump Linear,0,814.2
26e7cbf1458a6339ae48cd72fbe6d654,Input Validity,Lidar,Lidar Rate,10,813.25
26e7cbf1458a6339ae48cd72fbe6d654,Input Validity,Odometry,Odometry Rate,50,813.25
26e7cbf1458a6339ae48cd72fbe6d654,Input Validity,TF,TF Rate,10,813.25
26e7cbf1458a6339ae48cd72fbe6d654,Input Validity,Lidar,Lidar Rate,10,813.35
26e7cbf1458a6339ae48cd72fbe6d654,Input Validity,Odometry,Odometry Rate,50,813.35
26e7cbf1458a6339ae48cd72fbe6d654,Input Validity,TF,TF Rate,10,813.35
26e7cbf1458a6339ae48cd72fbe6d654,Localization Quality,AMCLPose,CovYawYaw,0.00370493,813.3
26e7cbf1458a6339ae48cd72fbe6d654,Localization Quality,AMCLPose,CovYY,0.00146382,813.3
26e7cbf1458a6339ae48cd72fbe6d654,Localization Quality,AMCLPose,CovXX,0.005755,813.3
26e7cbf1458a6339ae48cd72fbe6d654,Localization Quality,AMCLPose,MeanYaw,-3.12555,813.3
26e7cbf1458a6339ae48cd72fbe6d654,Localization Quality,AMCLPose,MeanY,-0.0909273,813.3
26e7cbf1458a6339ae48cd72fbe6d654,Localization Quality,AMCLPose,MeanX,-4.18465,813.3
26e7cbf1458a6339ae48cd72fbe6d654,Localization Stability,TF,Jump Angular,-0.000327819,814.3
26e7cbf1458a6339ae48cd72fbe6d654,Localization Stability,TF,Jump Linear,0.00346479,814.3
26e7cbf1458a6339ae48cd72fbe6d654,Localization Stability,TF,Jump Angular,0,814.4
26e7cbf1458a6339ae48cd72fbe6d654,Localization Stability,TF,Jump Linear,0,814.4
26e7cbf1458a6339ae48cd72fbe6d654,Input Validity,Lidar,Lidar Rate,10,813.45
26e7cbf1458a6339ae48cd72fbe6d654,Input Validity,Odometry,Odometry Rate,50,813.45
26e7cbf1458a6339ae48cd72fbe6d654,Input Validity,TF,TF Rate,10,813.45
26e7cbf1458a6339ae48cd72fbe6d654,Localization Stability,TF,Jump Angular,0,814.5
26e7cbf1458a6339ae48cd72fbe6d654,Localization Stability,TF,Jump Linear,0,814.5
26e7cbf1458a6339ae48cd72fbe6d654,Input Validity,Lidar,Lidar Rate,10,813.55
26e7cbf1458a6339ae48cd72fbe6d654,Input Validity,Odometry,Odometry Rate,50,813.55
26e7cbf1458a6339ae48cd72fbe6d654,Input Validity,TF,TF Rate,10,813.55
26e7cbf1458a6339ae48cd72fbe6d654,Input Validity,Lidar,Lidar Rate,10,813.65
26e7cbf1458a6339ae48cd72fbe6d654,Input Validity,Odometry,Odometry Rate,50,813.65
26e7cbf1458a6339ae48cd72fbe6d654,Input Validity,TF,TF Rate,10,813.65
26e7cbf1458a6339ae48cd72fbe6d654,Localization Quality,AMCLPose,CovYawYaw,0.00394922,813.6
26e7cbf1458a6339ae48cd72fbe6d654,Localization Quality,AMCLPose,CovYY,0.00158424,813.6
26e7cbf1458a6339ae48cd72fbe6d654,Localization Quality,AMCLPose,CovXX,0.00573483,813.6
26e7cbf1458a6339ae48cd72fbe6d654,Localization Quality,AMCLPose,MeanYaw,-3.09687,813.6
26e7cbf1458a6339ae48cd72fbe6d654,Localization Quality,AMCLPose,MeanY,-0.0925999,813.6
26e7cbf1458a6339ae48cd72fbe6d654,Localization Quality,AMCLPose,MeanX,-4.31703,813.6
26e7cbf1458a6339ae48cd72fbe6d654,Localization Stability,TF,Jump Angular,0.00353307,814.6
26e7cbf1458a6339ae48cd72fbe6d654,Localization Stability,TF,Jump Linear,0.0175961,814.6
26e7cbf1458a6339ae48cd72fbe6d654,Localization Stability,TF,Jump Angular,0,814.7
26e7cbf1458a6339ae48cd72fbe6d654,Localization Stability,TF,Jump Linear,0,814.7
26e7cbf1458a6339ae48cd72fbe6d654,Input Validity,Lidar,Lidar Rate,10,813.75
26e7cbf1458a6339ae48cd72fbe6d654,Input Validity,Odometry,Odometry Rate,50,813.75
26e7cbf1458a6339ae48cd72fbe6d654,Input Validity,TF,TF Rate,10,813.75
26e7cbf1458a6339ae48cd72fbe6d654,Localization Stability,TF,Jump Angular,0,814.8
26e7cbf1458a6339ae48cd72fbe6d654,Localization Stability,TF,Jump Linear,0,814.8
26e7cbf1458a6339ae48cd72fbe6d654,Input Validity,Lidar,Lidar Rate,10,813.85
26e7cbf1458a6339ae48cd72fbe6d654,Input Validity,Odometry,Odometry Rate,50,813.85
26e7cbf1458a6339ae48cd72fbe6d654,Input Validity,TF,TF Rate,10,813.85
26e7cbf1458a6339ae48cd72fbe6d654,Input Validity,Lidar,Lidar Rate,10,813.95
26e7cbf1458a6339ae48cd72fbe6d654,Input Validity,Odometry,Odometry Rate,50,813.95
26e7cbf1458a6339ae48cd72fbe6d654,Input Validity,TF,TF Rate,10,813.95
26e7cbf1458a6339ae48cd72fbe6d654,Localization Quality,AMCLPose,CovYawYaw,0.0036632,813.9
26e7cbf1458a6339ae48cd72fbe6d654,Localization Quality,AMCLPose,CovYY,0.00159743,813.9
26e7cbf1458a6339ae48cd72fbe6d654,Localization Quality,AMCLPose,CovXX,0.00581858,813.9
26e7cbf1458a6339ae48cd72fbe6d654,Localization Quality,AMCLPose,MeanYaw,-3.05997,813.9
26e7cbf1458a6339ae48cd72fbe6d654,Localization Quality,AMCLPose,MeanY,-0.100781,813.9
26e7cbf1458a6339ae48cd72fbe6d654,Localization Quality,AMCLPose,MeanX,-4.45195,813.9
26e7cbf1458a6339ae48cd72fbe6d654,Localization Stability,TF,Jump Angular,-0.000157211,814.9
26e7cbf1458a6339ae48cd72fbe6d654,Localization Stability,TF,Jump Linear,0.000503381,814.9
26e7cbf1458a6339ae48cd72fbe6d654,Localization Stability,TF,Jump Angular,0,815
26e7cbf1458a6339ae48cd72fbe6d654,Localization Stability,TF,Jump Linear,0,815
26e7cbf1458a6339ae48cd72fbe6d654,Input Validity,Lidar,Lidar Rate,10,814.05
26e7cbf1458a6339ae48cd72fbe6d654,Input Validity,Odometry,Odometry Rate,50,814.05
26e7cbf1458a6339ae48cd72fbe6d654,Input Validity,TF,TF Rate,10,814.05
26e7cbf1458a6339ae48cd72fbe6d654,Localization Stability,TF,Jump Angular,0,815.1
26e7cbf1458a6339ae48cd72fbe6d654,Localization Stability,TF,Jump Linear,0,815.1
26e7cbf1458a6339ae48cd72fbe6d654,Input Validity,Lidar,Lidar Rate,10,814.15
26e7cbf1458a6339ae48cd72fbe6d654,Input Validity,Odometry,Odometry Rate,50,814.15
26e7cbf1458a6339ae48cd72fbe6d654,Input Validity,TF,TF Rate,10,814.15
26e7cbf1458a6339ae48cd72fbe6d654,Localization Quality,AMCLPose,CovYawYaw,0.00404019,814.2
26e7cbf1458a6339ae48cd72fbe6d654,Localization Quality,AMCLPose,CovYY,0.00166254,814.2
26e7cbf1458a6339ae48cd72fbe6d654,Localization Quality,AMCLPose,CovXX,0.00604693,814.2
26e7cbf1458a6339ae48cd72fbe6d654,Localization Quality,AMCLPose,MeanYaw,-3.01576,814.2
26e7cbf1458a6339ae48cd72fbe6d654,Localization Quality,AMCLPose,MeanY,-0.114399,814.2
26e7cbf1458a6339ae48cd72fbe6d654,Localization Quality,AMCLPose,MeanX,-4.5862,814.2
26e7cbf1458a6339ae48cd72fbe6d654,Localization Stability,TF,Jump Angular,-0.000175642,815.2
26e7cbf1458a6339ae48cd72fbe6d654,Localization Stability,TF,Jump Linear,0.000482966,815.2
26e7cbf1458a6339ae48cd72fbe6d654,Input Validity,Lidar,Lidar Rate,10,814.25
26e7cbf1458a6339ae48cd72fbe6d654,Input Validity,Odometry,Odometry Rate,50,814.25
26e7cbf1458a6339ae48cd72fbe6d654,Input Validity,TF,TF Rate,10,814.25
26e7cbf1458a6339ae48cd72fbe6d654,Localization Stability,TF,Jump Angular,0,815.3
26e7cbf1458a6339ae48cd72fbe6d654,Localization Stability,TF,Jump Linear,0,815.3
26e7cbf1458a6339ae48cd72fbe6d654,Input Validity,Lidar,Lidar Rate,10,814.35
26e7cbf1458a6339ae48cd72fbe6d654,Input Validity,Odometry,Odometry Rate,50,814.35
26e7cbf1458a6339ae48cd72fbe6d654,Input Validity,TF,TF Rate,10,814.35
26e7cbf1458a6339ae48cd72fbe6d654,Localization Stability,TF,Jump Angular,0,815.4
26e7cbf1458a6339ae48cd72fbe6d654,Localization Stability,TF,Jump Linear,0,815.4
26e7cbf1458a6339ae48cd72fbe6d654,Input Validity,Lidar,Lidar Rate,10,814.45
26e7cbf1458a6339ae48cd72fbe6d654,Input Validity,Odometry,Odometry Rate,50,814.45
26e7cbf1458a6339ae48cd72fbe6d654,Input Validity,TF,TF Rate,10,814.45
26e7cbf1458a6339ae48cd72fbe6d654,Input Validity,Lidar,Lidar Rate,10,814.55
26e7cbf1458a6339ae48cd72fbe6d654,Input Validity,Odometry,Odometry Rate,50,814.55
26e7cbf1458a6339ae48cd72fbe6d654,Input Validity,TF,TF Rate,10,814.55
26e7cbf1458a6339ae48cd72fbe6d654,Localization Quality,AMCLPose,CovYawYaw,0.00411784,814.5
26e7cbf1458a6339ae48cd72fbe6d654,Localization Quality,AMCLPose,CovYY,0.00167664,814.5
26e7cbf1458a6339ae48cd72fbe6d654,Localization Quality,AMCLPose,CovXX,0.00625571,814.5
26e7cbf1458a6339ae48cd72fbe6d654,Localization Quality,AMCLPose,MeanYaw,-2.97361,814.5
26e7cbf1458a6339ae48cd72fbe6d654,Localization Quality,AMCLPose,MeanY,-0.131799,814.5
26e7cbf1458a6339ae48cd72fbe6d654,Localization Quality,AMCLPose,MeanX,-4.71243,814.5
26e7cbf1458a6339ae48cd72fbe6d654,Localization Stability,TF,Jump Angular,-0.00113294,815.5
26e7cbf1458a6339ae48cd72fbe6d654,Localization Stability,TF,Jump Linear,0.00410606,815.5
26e7cbf1458a6339ae48cd72fbe6d654,Localization Stability,TF,Jump Angular,0,815.6
26e7cbf1458a6339ae48cd72fbe6d654,Localization Stability,TF,Jump Linear,0,815.6
26e7cbf1458a6339ae48cd72fbe6d654,Input Validity,Lidar,Lidar Rate,10,814.65
26e7cbf1458a6339ae48cd72fbe6d654,Input Validity,Odometry,Odometry Rate,50,814.65
26e7cbf1458a6339ae48cd72fbe6d654,Input Validity,TF,TF Rate,10,814.65
26e7cbf1458a6339ae48cd72fbe6d654,Localization Stability,TF,Jump Angular,0,815.7
26e7cbf1458a6339ae48cd72fbe6d654,Localization Stability,TF,Jump Linear,0,815.7
26e7cbf1458a6339ae48cd72fbe6d654,Input Validity,Lidar,Lidar Rate,10,814.75
26e7cbf1458a6339ae48cd72fbe6d654,Input Validity,Odometry,Odometry Rate,50,814.75
26e7cbf1458a6339ae48cd72fbe6d654,Input Validity,TF,TF Rate,10,814.75
26e7cbf1458a6339ae48cd72fbe6d654,Input Validity,Lidar,Lidar Rate,10,814.85
26e7cbf1458a6339ae48cd72fbe6d654,Input Validity,Odometry,Odometry Rate,50,814.85
26e7cbf1458a6339ae48cd72fbe6d654,Input Validity,TF,TF Rate,10,814.85
26e7cbf1458a6339ae48cd72fbe6d654,Localization Quality,AMCLPose,CovYawYaw,0.00398239,814.8
26e7cbf1458a6339ae48cd72fbe6d654,Localization Quality,AMCLPose,CovYY,0.00173474,814.8
26e7cbf1458a6339ae48cd72fbe6d654,Localization Quality,AMCLPose,CovXX,0.00666108,814.8
26e7cbf1458a6339ae48cd72fbe6d654,Localization Quality,AMCLPose,MeanYaw,-2.93762,814.8
26e7cbf1458a6339ae48cd72fbe6d654,Localization Quality,AMCLPose,MeanY,-0.152177,814.8
26e7cbf1458a6339ae48cd72fbe6d654,Localization Quality,AMCLPose,MeanX,-4.82063,814.8
26e7cbf1458a6339ae48cd72fbe6d654,Localization Stability,TF,Jump Angular,0.000333083,815.8
26e7cbf1458a6339ae48cd72fbe6d654,Localization Stability,TF,Jump Linear,0.00168524,815.8
26e7cbf1458a6339ae48cd72fbe6d654,Localization Stability,TF,Jump Angular,0,815.9
26e7cbf1458a6339ae48cd72fbe6d654,Localization Stability,TF,Jump Linear,0,815.9
26e7cbf1458a6339ae48cd72fbe6d654,Input Validity,Lidar,Lidar Rate,10,814.94
26e7cbf1458a6339ae48cd72fbe6d654,Input Validity,Odometry,Odometry Rate,50,814.94
26e7cbf1458a6339ae48cd72fbe6d654,Input Validity,TF,TF Rate,10,814.94
26e7cbf1458a6339ae48cd72fbe6d654,Localization Stability,TF,Jump Angular,0,816
26e7cbf1458a6339ae48cd72fbe6d654,Localization Stability,TF,Jump Linear,0,816
26e7cbf1458a6339ae48cd72fbe6d654,Input Validity,Lidar,Lidar Rate,10,815.04
26e7cbf1458a6339ae48cd72fbe6d654,Input Validity,Odometry,Odometry Rate,50,815.04
26e7cbf1458a6339ae48cd72fbe6d654,Input Validity,TF,TF Rate,10,815.04
26e7cbf1458a6339ae48cd72fbe6d654,Localization Stability,TF,Jump Angular,0,816.1
26e7cbf1458a6339ae48cd72fbe6d654,Localization Stability,TF,Jump Linear,0,816.1
26e7cbf1458a6339ae48cd72fbe6d654,Input Validity,Lidar,Lidar Rate,10,815.14
26e7cbf1458a6339ae48cd72fbe6d654,Input Validity,Odometry,Odometry Rate,50,815.14
26e7cbf1458a6339ae48cd72fbe6d654,Input Validity,TF,TF Rate,10,815.14
26e7cbf1458a6339ae48cd72fbe6d654,Localization Quality,AMCLPose,CovYawYaw,0.00390774,815.2
26e7cbf1458a6339ae48cd72fbe6d654,Localization Quality,AMCLPose,CovYY,0.00181676,815.2
26e7cbf1458a6339ae48cd72fbe6d654,Localization Quality,AMCLPose,CovXX,0.00664442,815.2
26e7cbf1458a6339ae48cd72fbe6d654,Localization Quality,AMCLPose,MeanYaw,-2.89474,815.2
26e7cbf1458a6339ae48cd72fbe6d654,Localization Quality,AMCLPose,MeanY,-0.180305,815.2
26e7cbf1458a6339ae48cd72fbe6d654,Localization Quality,AMCLPose,MeanX,-4.93633,815.2
26e7cbf1458a6339ae48cd72fbe6d654,Localization Stability,TF,Jump Angular,0.00412346,816.2
26e7cbf1458a6339ae48cd72fbe6d654,Localization Stability,TF,Jump Linear,0.0188555,816.2
26e7cbf1458a6339ae48cd72fbe6d654,Input Validity,Lidar,Lidar Rate,10,815.24
26e7cbf1458a6339ae48cd72fbe6d654,Input Validity,Odometry,Odometry Rate,50,815.24
26e7cbf1458a6339ae48cd72fbe6d654,Input Validity,TF,TF Rate,10,815.24
26e7cbf1458a6339ae48cd72fbe6d654,Localization Stability,TF,Jump Angular,0,816.3
26e7cbf1458a6339ae48cd72fbe6d654,Localization Stability,TF,Jump Linear,0,816.3
26e7cbf1458a6339ae48cd72fbe6d654,Input Validity,Lidar,Lidar Rate,10,815.34
26e7cbf1458a6339ae48cd72fbe6d654,Input Validity,Odometry,Odometry Rate,50,815.34
26e7cbf1458a6339ae48cd72fbe6d654,Input Validity,TF,TF Rate,10,815.34
26e7cbf1458a6339ae48cd72fbe6d654,Localization Stability,TF,Jump Angular,0,816.4
26e7cbf1458a6339ae48cd72fbe6d654,Localization Stability,TF,Jump Linear,0,816.4
26e7cbf1458a6339ae48cd72fbe6d654,Input Validity,Lidar,Lidar Rate,10,815.44
26e7cbf1458a6339ae48cd72fbe6d654,Input Validity,Odometry,Odometry Rate,50,815.44
26e7cbf1458a6339ae48cd72fbe6d654,Input Validity,TF,TF Rate,10,815.44
26e7cbf1458a6339ae48cd72fbe6d654,Localization Stability,TF,Jump Angular,0,816.5
26e7cbf1458a6339ae48cd72fbe6d654,Localization Stability,TF,Jump Linear,0,816.5
26e7cbf1458a6339ae48cd72fbe6d654,Input Validity,Lidar,Lidar Rate,10,815.54
26e7cbf1458a6339ae48cd72fbe6d654,Input Validity,Odometry,Odometry Rate,50,815.54
26e7cbf1458a6339ae48cd72fbe6d654,Input Validity,TF,TF Rate,10,815.54
26e7cbf1458a6339ae48cd72fbe6d654,Localization Stability,TF,Jump Angular,0,816.6
26e7cbf1458a6339ae48cd72fbe6d654,Localization Stability,TF,Jump Linear,0,816.6
26e7cbf1458a6339ae48cd72fbe6d654,Input Validity,Lidar,Lidar Rate,10,815.64
26e7cbf1458a6339ae48cd72fbe6d654,Input Validity,Odometry,Odometry Rate,50,815.64
26e7cbf1458a6339ae48cd72fbe6d654,Input Validity,TF,TF Rate,10,815.64
26e7cbf1458a6339ae48cd72fbe6d654,Localization Quality,AMCLPose,CovYawYaw,0.00397806,815.7
26e7cbf1458a6339ae48cd72fbe6d654,Localization Quality,AMCLPose,CovYY,0.0018217,815.7
26e7cbf1458a6339ae48cd72fbe6d654,Localization Quality,AMCLPose,CovXX,0.00647198,815.7
26e7cbf1458a6339ae48cd72fbe6d654,Localization Quality,AMCLPose,MeanYaw,-2.85805,815.7
26e7cbf1458a6339ae48cd72fbe6d654,Localization Quality,AMCLPose,MeanY,-0.210516,815.7
26e7cbf1458a6339ae48cd72fbe6d654,Localization Quality,AMCLPose,MeanX,-5.04664,815.7
26e7cbf1458a6339ae48cd72fbe6d654,Localization Stability,TF,Jump Angular,-0.00237786,816.7
26e7cbf1458a6339ae48cd72fbe6d654,Localization Stability,TF,Jump Linear,0.0120792,816.7
26e7cbf1458a6339ae48cd72fbe6d654,Input Validity,Lidar,Lidar Rate,10,815.74
26e7cbf1458a6339ae48cd72fbe6d654,Input Validity,Odometry,Odometry Rate,50,815.74
26e7cbf1458a6339ae48cd72fbe6d654,Input Validity,TF,TF Rate,10,815.74
26e7cbf1458a6339ae48cd72fbe6d654,Localization Stability,TF,Jump Angular,0,816.8
26e7cbf1458a6339ae48cd72fbe6d654,Localization Stability,TF,Jump Linear,0,816.8
26e7cbf1458a6339ae48cd72fbe6d654,Input Validity,Lidar,Lidar Rate,10,815.84
26e7cbf1458a6339ae48cd72fbe6d654,Input Validity,Odometry,Odometry Rate,50,815.84
26e7cbf1458a6339ae48cd72fbe6d654,Input Validity,TF,TF Rate,10,815.84
26e7cbf1458a6339ae48cd72fbe6d654,Localization Stability,TF,Jump Angular,0,816.9
26e7cbf1458a6339ae48cd72fbe6d654,Localization Stability,TF,Jump Linear,0,816.9
26e7cbf1458a6339ae48cd72fbe6d654,Input Validity,Lidar,Lidar Rate,10,815.94
26e7cbf1458a6339ae48cd72fbe6d654,Input Validity,Odometry,Odometry Rate,50,815.94
26e7cbf1458a6339ae48cd72fbe6d654,Input Validity,TF,TF Rate,10,815.94
26e7cbf1458a6339ae48cd72fbe6d654,Localization Stability,TF,Jump Angular,0,817
26e7cbf1458a6339ae48cd72fbe6d654,Localization Stability,TF,Jump Linear,0,817
26e7cbf1458a6339ae48cd72fbe6d654,Input Validity,Lidar,Lidar Rate,10,816.04
26e7cbf1458a6339ae48cd72fbe6d654,Input Validity,Odometry,Odometry Rate,50,816.04
26e7cbf1458a6339ae48cd72fbe6d654,Input Validity,TF,TF Rate,10,816.04
26e7cbf1458a6339ae48cd72fbe6d654,Localization Stability,TF,Jump Angular,0,817.1
26e7cbf1458a6339ae48cd72fbe6d654,Localization Stability,TF,Jump Linear,0,817.1
26e7cbf1458a6339ae48cd72fbe6d654,Input Validity,Lidar,Lidar Rate,10,816.14
26e7cbf1458a6339ae48cd72fbe6d654,Input Validity,Odometry,Odometry Rate,50,816.14
26e7cbf1458a6339ae48cd72fbe6d654,Input Validity,TF,TF Rate,10,816.14
26e7cbf1458a6339ae48cd72fbe6d654,Localization Stability,TF,Jump Angular,0,817.2
26e7cbf1458a6339ae48cd72fbe6d654,Localization Stability,TF,Jump Linear,0,817.2
26e7cbf1458a6339ae48cd72fbe6d654,Input Validity,Lidar,Lidar Rate,10,816.24
26e7cbf1458a6339ae48cd72fbe6d654,Input Validity,Odometry,Odometry Rate,50,816.24
26e7cbf1458a6339ae48cd72fbe6d654,Input Validity,TF,TF Rate,10,816.24
26e7cbf1458a6339ae48cd72fbe6d654,Localization Stability,TF,Jump Angular,0,817.3
26e7cbf1458a6339ae48cd72fbe6d654,Localization Stability,TF,Jump Linear,0,817.3
26e7cbf1458a6339ae48cd72fbe6d654,Input Validity,Lidar,Lidar Rate,10,816.34
26e7cbf1458a6339ae48cd72fbe6d654,Input Validity,Odometry,Odometry Rate,50,816.34
26e7cbf1458a6339ae48cd72fbe6d654,Input Validity,TF,TF Rate,10,816.34
26e7cbf1458a6339ae48cd72fbe6d654,Localization Quality,AMCLPose,CovYawYaw,0.0039573,816.4
26e7cbf1458a6339ae48cd72fbe6d654,Localization Quality,AMCLPose,CovYY,0.00170205,816.4
26e7cbf1458a6339ae48cd72fbe6d654,Localization Quality,AMCLPose,CovXX,0.00630688,816.4
26e7cbf1458a6339ae48cd72fbe6d654,Localization Quality,AMCLPose,MeanYaw,-2.82136,816.4
26e7cbf1458a6339ae48cd72fbe6d654,Localization Quality,AMCLPose,MeanY,-0.244063,816.4
26e7cbf1458a6339ae48cd72fbe6d654,Localization Quality,AMCLPose,MeanX,-5.15504,816.4
26e7cbf1458a6339ae48cd72fbe6d654,Input Validity,Lidar,Lidar Rate,10,816.44
26e7cbf1458a6339ae48cd72fbe6d654,Input Validity,Odometry,Odometry Rate,50,816.44
26e7cbf1458a6339ae48cd72fbe6d654,Input Validity,TF,TF Rate,10,816.44
26e7cbf1458a6339ae48cd72fbe6d654,Localization Stability,TF,Jump Angular,-0.000535925,817.4
26e7cbf1458a6339ae48cd72fbe6d654,Localization Stability,TF,Jump Linear,0.00248078,817.4
26e7cbf1458a6339ae48cd72fbe6d654,Localization Stability,TF,Jump Angular,0,817.5
26e7cbf1458a6339ae48cd72fbe6d654,Localization Stability,TF,Jump Linear,0,817.5
26e7cbf1458a6339ae48cd72fbe6d654,Input Validity,Lidar,Lidar Rate,10,816.54
26e7cbf1458a6339ae48cd72fbe6d654,Input Validity,Odometry,Odometry Rate,50,816.54
26e7cbf1458a6339ae48cd72fbe6d654,Input Validity,TF,TF Rate,10,816.54
26e7cbf1458a6339ae48cd72fbe6d654,Localization Stability,TF,Jump Angular,0,817.6
26e7cbf1458a6339ae48cd72fbe6d654,Localization Stability,TF,Jump Linear,0,817.6
26e7cbf1458a6339ae48cd72fbe6d654,Input Validity,Lidar,Lidar Rate,10,816.64
26e7cbf1458a6339ae48cd72fbe6d654,Input Validity,Odometry,Odometry Rate,50,816.64
26e7cbf1458a6339ae48cd72fbe6d654,Input Validity,TF,TF Rate,10,816.64
26e7cbf1458a6339ae48cd72fbe6d654,Localization Stability,TF,Jump Angular,0,817.7
26e7cbf1458a6339ae48cd72fbe6d654,Localization Stability,TF,Jump Linear,0,817.7
26e7cbf1458a6339ae48cd72fbe6d654,Input Validity,Lidar,Lidar Rate,10,816.74
26e7cbf1458a6339ae48cd72fbe6d654,Input Validity,Odometry,Odometry Rate,50,816.74
26e7cbf1458a6339ae48cd72fbe6d654,Input Validity,TF,TF Rate,10,816.74
26e7cbf1458a6339ae48cd72fbe6d654,Localization Stability,TF,Jump Angular,0,817.8
26e7cbf1458a6339ae48cd72fbe6d654,Localization Stability,TF,Jump Linear,0,817.8
26e7cbf1458a6339ae48cd72fbe6d654,Input Validity,Lidar,Lidar Rate,10,816.84
26e7cbf1458a6339ae48cd72fbe6d654,Input Validity,Odometry,Odometry Rate,50,816.84
26e7cbf1458a6339ae48cd72fbe6d654,Input Validity,TF,TF Rate,10,816.84
26e7cbf1458a6339ae48cd72fbe6d654,Localization Stability,TF,Jump Angular,0,817.9
26e7cbf1458a6339ae48cd72fbe6d654,Localization Stability,TF,Jump Linear,0,817.9
26e7cbf1458a6339ae48cd72fbe6d654,Input Validity,Lidar,Lidar Rate,10,816.94
26e7cbf1458a6339ae48cd72fbe6d654,Input Validity,Odometry,Odometry Rate,50,816.94
26e7cbf1458a6339ae48cd72fbe6d654,Input Validity,TF,TF Rate,10,816.94
26e7cbf1458a6339ae48cd72fbe6d654,Localization Stability,TF,Jump Angular,0,818
26e7cbf1458a6339ae48cd72fbe6d654,Localization Stability,TF,Jump Linear,0,818
26e7cbf1458a6339ae48cd72fbe6d654,Input Validity,Lidar,Lidar Rate,10,817.04
26e7cbf1458a6339ae48cd72fbe6d654,Input Validity,Odometry,Odometry Rate,50,817.04
26e7cbf1458a6339ae48cd72fbe6d654,Input Validity,TF,TF Rate,10,817.04
26e7cbf1458a6339ae48cd72fbe6d654,Localization Stability,TF,Jump Angular,0,818.1
26e7cbf1458a6339ae48cd72fbe6d654,Localization Stability,TF,Jump Linear,0,818.1
26e7cbf1458a6339ae48cd72fbe6d654,Input Validity,Lidar,Lidar Rate,10,817.14
26e7cbf1458a6339ae48cd72fbe6d654,Input Validity,Odometry,Odometry Rate,50,817.14
26e7cbf1458a6339ae48cd72fbe6d654,Input Validity,TF,TF Rate,10,817.14
26e7cbf1458a6339ae48cd72fbe6d654,Localization Stability,TF,Jump Angular,0,818.2
26e7cbf1458a6339ae48cd72fbe6d654,Localization Stability,TF,Jump Linear,0,818.2
26e7cbf1458a6339ae48cd72fbe6d654,Input Validity,Lidar,Lidar Rate,10,817.24
26e7cbf1458a6339ae48cd72fbe6d654,Input Validity,Odometry,Odometry Rate,50,817.24
26e7cbf1458a6339ae48cd72fbe6d654,Input Validity,TF,TF Rate,10,817.24
26e7cbf1458a6339ae48cd72fbe6d654,Localization Stability,TF,Jump Angular,0,818.3
26e7cbf1458a6339ae48cd72fbe6d654,Localization Stability,TF,Jump Linear,0,818.3
26e7cbf1458a6339ae48cd72fbe6d654,Input Validity,Lidar,Lidar Rate,10,817.34
26e7cbf1458a6339ae48cd72fbe6d654,Input Validity,Odometry,Odometry Rate,50,817.34
26e7cbf1458a6339ae48cd72fbe6d654,Input Validity,TF,TF Rate,10,817.34
26e7cbf1458a6339ae48cd72fbe6d654,Localization Stability,TF,Jump Angular,0,818.4
26e7cbf1458a6339ae48cd72fbe6d654,Localization Stability,TF,Jump Linear,0,818.4
26e7cbf1458a6339ae48cd72fbe6d654,Input Validity,Lidar,Lidar Rate,10,817.44
26e7cbf1458a6339ae48cd72fbe6d654,Input Validity,Odometry,Odometry Rate,50,817.44
26e7cbf1458a6339ae48cd72fbe6d654,Input Validity,TF,TF Rate,10,817.44
26e7cbf1458a6339ae48cd72fbe6d654,Input Validity,Lidar,Lidar Rate,10,817.54
26e7cbf1458a6339ae48cd72fbe6d654,Input Validity,Odometry,Odometry Rate,50,817.54
26e7cbf1458a6339ae48cd72fbe6d654,Input Validity,TF,TF Rate,10,817.54
26e7cbf1458a6339ae48cd72fbe6d654,Localization Quality,AMCLPose,CovYawYaw,0.00415466,817.5
26e7cbf1458a6339ae48cd72fbe6d654,Localization Quality,AMCLPose,CovYY,0.00170963,817.5
26e7cbf1458a6339ae48cd72fbe6d654,Localization Quality,AMCLPose,CovXX,0.00644109,817.5
26e7cbf1458a6339ae48cd72fbe6d654,Localization Quality,AMCLPose,MeanYaw,-2.79133,817.5
26e7cbf1458a6339ae48cd72fbe6d654,Localization Quality,AMCLPose,MeanY,-0.280289,817.5
26e7cbf1458a6339ae48cd72fbe6d654,Localization Quality,AMCLPose,MeanX,-5.26005,817.5
26e7cbf1458a6339ae48cd72fbe6d654,Localization Stability,TF,Jump Angular,0.000908246,818.5
26e7cbf1458a6339ae48cd72fbe6d654,Localization Stability,TF,Jump Linear,0.00488971,818.5
26e7cbf1458a6339ae48cd72fbe6d654,Localization Stability,TF,Jump Angular,0,818.6
26e7cbf1458a6339ae48cd72fbe6d654,Localization Stability,TF,Jump Linear,0,818.6
26e7cbf1458a6339ae48cd72fbe6d654,Input Validity,Lidar,Lidar Rate,10,817.63
26e7cbf1458a6339ae48cd72fbe6d654,Input Validity,Odometry,Odometry Rate,50,817.63
26e7cbf1458a6339ae48cd72fbe6d654,Input Validity,TF,TF Rate,10,817.63
26e7cbf1458a6339ae48cd72fbe6d654,Localization Stability,TF,Jump Angular,0,818.7
26e7cbf1458a6339ae48cd72fbe6d654,Localization Stability,TF,Jump Linear,0,818.7
26e7cbf1458a6339ae48cd72fbe6d654,Input Validity,Lidar,Lidar Rate,10,817.73
26e7cbf1458a6339ae48cd72fbe6d654,Input Validity,Odometry,Odometry Rate,50,817.73
26e7cbf1458a6339ae48cd72fbe6d654,Input Validity,TF,TF Rate,10,817.73
26e7cbf1458a6339ae48cd72fbe6d654,Localization Stability,TF,Jump Angular,0,818.8
26e7cbf1458a6339ae48cd72fbe6d654,Localization Stability,TF,Jump Linear,0,818.8
26e7cbf1458a6339ae48cd72fbe6d654,Input Validity,Lidar,Lidar Rate,10,817.83
26e7cbf1458a6339ae48cd72fbe6d654,Input Validity,Odometry,Odometry Rate,50,817.83
26e7cbf1458a6339ae48cd72fbe6d654,Input Validity,TF,TF Rate,10,817.83
26e7cbf1458a6339ae48cd72fbe6d654,Localization Stability,TF,Jump Angular,0,818.9
26e7cbf1458a6339ae48cd72fbe6d654,Localization Stability,TF,Jump Linear,0,818.9
26e7cbf1458a6339ae48cd72fbe6d654,Input Validity,Lidar,Lidar Rate,10,817.93
26e7cbf1458a6339ae48cd72fbe6d654,Input Validity,Odometry,Odometry Rate,50,817.93
26e7cbf1458a6339ae48cd72fbe6d654,Input Validity,TF,TF Rate,10,817.93
26e7cbf1458a6339ae48cd72fbe6d654,Localization Stability,TF,Jump Angular,0,819
26e7cbf1458a6339ae48cd72fbe6d654,Localization Stability,TF,Jump Linear,0,819
26e7cbf1458a6339ae48cd72fbe6d654,Input Validity,Lidar,Lidar Rate,10,818.03
26e7cbf1458a6339ae48cd72fbe6d654,Input Validity,Odometry,Odometry Rate,50,818.03
26e7cbf1458a6339ae48cd72fbe6d654,Input Validity,TF,TF Rate,10,818.03
26e7cbf1458a6339ae48cd72fbe6d654,Localization Stability,TF,Jump Angular,0,819.1
26e7cbf1458a6339ae48cd72fbe6d654,Localization Stability,TF,Jump Linear,0,819.1
26e7cbf1458a6339ae48cd72fbe6d654,Input Validity,Lidar,Lidar Rate,10,818.13
26e7cbf1458a6339ae48cd72fbe6d654,Input Validity,Odometry,Odometry Rate,50,818.13
26e7cbf1458a6339ae48cd72fbe6d654,Input Validity,TF,TF Rate,10,818.13
26e7cbf1458a6339ae48cd72fbe6d654,Localization Stability,TF,Jump Angular,0,819.2
26e7cbf1458a6339ae48cd72fbe6d654,Localization Stability,TF,Jump Linear,0,819.2
26e7cbf1458a6339ae48cd72fbe6d654,Input Validity,Lidar,Lidar Rate,10,818.23
26e7cbf1458a6339ae48cd72fbe6d654,Input Validity,Odometry,Odometry Rate,50,818.23
26e7cbf1458a6339ae48cd72fbe6d654,Input Validity,TF,TF Rate,10,818.23
26e7cbf1458a6339ae48cd72fbe6d654,Localization Quality,AMCLPose,CovYawYaw,0.00272779,818.3
26e7cbf1458a6339ae48cd72fbe6d654,Localization Quality,AMCLPose,CovYY,0.00160367,818.3
26e7cbf1458a6339ae48cd72fbe6d654,Localization Quality,AMCLPose,CovXX,0.00551748,818.3
26e7cbf1458a6339ae48cd72fbe6d654,Localization Quality,AMCLPose,MeanYaw,-2.72011,818.3
26e7cbf1458a6339ae48cd72fbe6d654,Localization Quality,AMCLPose,MeanY,-0.297903,818.3
26e7cbf1458a6339ae48cd72fbe6d654,Localization Quality,AMCLPose,MeanX,-5.31249,818.3
26e7cbf1458a6339ae48cd72fbe6d654,Localization Stability,TF,Jump Angular,-0.00119255,819.3
26e7cbf1458a6339ae48cd72fbe6d654,Localization Stability,TF,Jump Linear,0.00713185,819.3
26e7cbf1458a6339ae48cd72fbe6d654,Input Validity,Lidar,Lidar Rate,10,818.33
26e7cbf1458a6339ae48cd72fbe6d654,Input Validity,Odometry,Odometry Rate,50,818.33
26e7cbf1458a6339ae48cd72fbe6d654,Input Validity,TF,TF Rate,10,818.33
26e7cbf1458a6339ae48cd72fbe6d654,Localization Quality,AMCLPose,CovYawYaw,0.00197908,818.4
26e7cbf1458a6339ae48cd72fbe6d654,Localization Quality,AMCLPose,CovYY,0.00157108,818.4
26e7cbf1458a6339ae48cd72fbe6d654,Localization Quality,AMCLPose,CovXX,0.00434314,818.4
26e7cbf1458a6339ae48cd72fbe6d654,Localization Quality,AMCLPose,MeanYaw,-2.66789,818.4
26e7cbf1458a6339ae48cd72fbe6d654,Localization Quality,AMCLPose,MeanY,-0.297292,818.4
26e7cbf1458a6339ae48cd72fbe6d654,Localization Quality,AMCLPose,MeanX,-5.31311,818.4
26e7cbf1458a6339ae48cd72fbe6d654,Localization Stability,TF,Jump Angular,-0.00152641,819.4
26e7cbf1458a6339ae48cd72fbe6d654,Localization Stability,TF,Jump Linear,0.00756357,819.4
26e7cbf1458a6339ae48cd72fbe6d654,Input Validity,Lidar,Lidar Rate,10,818.43
26e7cbf1458a6339ae48cd72fbe6d654,Input Validity,Odometry,Odometry Rate,50,818.43
26e7cbf1458a6339ae48cd72fbe6d654,Input Validity,TF,TF Rate,10,818.43
26e7cbf1458a6339ae48cd72fbe6d654,Localization Quality,AMCLPose,CovYawYaw,0.0015755,818.5
26e7cbf1458a6339ae48cd72fbe6d654,Localization Quality,AMCLPose,CovYY,0.00145348,818.5
26e7cbf1458a6339ae48cd72fbe6d654,Localization Quality,AMCLPose,CovXX,0.00359125,818.5
26e7cbf1458a6339ae48cd72fbe6d654,Localization Quality,AMCLPose,MeanYaw,-2.59764,818.5
26e7cbf1458a6339ae48cd72fbe6d654,Localization Quality,AMCLPose,MeanY,-0.296905,818.5
26e7cbf1458a6339ae48cd72fbe6d654,Localization Quality,AMCLPose,MeanX,-5.31529,818.5
26e7cbf1458a6339ae48cd72fbe6d654,Localization Stability,TF,Jump Angular,-0.000512766,819.5
26e7cbf1458a6339ae48cd72fbe6d654,Localization Stability,TF,Jump Linear,0.00309991,819.5
26e7cbf1458a6339ae48cd72fbe6d654,Input Validity,Lidar,Lidar Rate,10,818.53
26e7cbf1458a6339ae48cd72fbe6d654,Input Validity,Odometry,Odometry Rate,50,818.53
26e7cbf1458a6339ae48cd72fbe6d654,Input Validity,TF,TF Rate,10,818.53
26e7cbf1458a6339ae48cd72fbe6d654,Localization Quality,AMCLPose,CovYawYaw,0.00199561,818.6
26e7cbf1458a6339ae48cd72fbe6d654,Localization Quality,AMCLPose,CovYY,0.00165732,818.6
26e7cbf1458a6339ae48cd72fbe6d654,Localization Quality,AMCLPose,CovXX,0.00374003,818.6
26e7cbf1458a6339ae48cd72fbe6d654,Localization Quality,AMCLPose,MeanYaw,-2.51011,818.6
26e7cbf1458a6339ae48cd72fbe6d654,Localization Quality,AMCLPose,MeanY,-0.297035,818.6
26e7cbf1458a6339ae48cd72fbe6d654,Localization Quality,AMCLPose,MeanX,-5.31354,818.6
26e7cbf1458a6339ae48cd72fbe6d654,Localization Stability,TF,Jump Angular,-0.000227665,819.6
26e7cbf1458a6339ae48cd72fbe6d654,Localization Stability,TF,Jump Linear,0.00227524,819.6
26e7cbf1458a6339ae48cd72fbe6d654,Input Validity,Lidar,Lidar Rate,10,818.63
26e7cbf1458a6339ae48cd72fbe6d654,Input Validity,Odometry,Odometry Rate,50,818.63
26e7cbf1458a6339ae48cd72fbe6d654,Input Validity,TF,TF Rate,10,818.63
26e7cbf1458a6339ae48cd72fbe6d654,Localization Quality,AMCLPose,CovYawYaw,0.00252664,818.7
26e7cbf1458a6339ae48cd72fbe6d654,Localization Quality,AMCLPose,CovYY,0.00178348,818.7
26e7cbf1458a6339ae48cd72fbe6d654,Localization Quality,AMCLPose,CovXX,0.00417872,818.7
26e7cbf1458a6339ae48cd72fbe6d654,Localization Quality,AMCLPose,MeanYaw,-2.40581,818.7
26e7cbf1458a6339ae48cd72fbe6d654,Localization Quality,AMCLPose,MeanY,-0.298575,818.7
26e7cbf1458a6339ae48cd72fbe6d654,Localization Quality,AMCLPose,MeanX,-5.31457,818.7
26e7cbf1458a6339ae48cd72fbe6d654,Localization Stability,TF,Jump Angular,-0.000419735,819.7
26e7cbf1458a6339ae48cd72fbe6d654,Localization Stability,TF,Jump Linear,0.00389086,819.7
26e7cbf1458a6339ae48cd72fbe6d654,Input Validity,Lidar,Lidar Rate,10,818.73
26e7cbf1458a6339ae48cd72fbe6d654,Input Validity,Odometry,Odometry Rate,50,818.73
26e7cbf1458a6339ae48cd72fbe6d654,Input Validity,TF,TF Rate,10,818.73
26e7cbf1458a6339ae48cd72fbe6d654,Localization Quality,AMCLPose,CovYawYaw,0.00314894,818.8
26e7cbf1458a6339ae48cd72fbe6d654,Localization Quality,AMCLPose,CovYY,0.00199781,818.8
26e7cbf1458a6339ae48cd72fbe6d654,Localization Quality,AMCLPose,CovXX,0.00420759,818.8
26e7cbf1458a6339ae48cd72fbe6d654,Localization Quality,AMCLPose,MeanYaw,-2.28443,818.8
26e7cbf1458a6339ae48cd72fbe6d654,Localization Quality,AMCLPose,MeanY,-0.29917,818.8
26e7cbf1458a6339ae48cd72fbe6d654,Localization Quality,AMCLPose,MeanX,-5.3158,818.8
26e7cbf1458a6339ae48cd72fbe6d654,Localization Stability,TF,Jump Angular,-0.000333452,819.8
26e7cbf1458a6339ae48cd72fbe6d654,Localization Stability,TF,Jump Linear,0.0026307,819.8
26e7cbf1458a6339ae48cd72fbe6d654,Input Validity,Lidar,Lidar Rate,10,818.83
26e7cbf1458a6339ae48cd72fbe6d654,Input Validity,Odometry,Odometry Rate,50,818.83
26e7cbf1458a6339ae48cd72fbe6d654,Input Validity,TF,TF Rate,10,818.83
26e7cbf1458a6339ae48cd72fbe6d654,Localization Quality,AMCLPose,CovYawYaw,0.00295549,818.9
26e7cbf1458a6339ae48cd72fbe6d654,Localization Quality,AMCLPose,CovYY,0.00203001,818.9
26e7cbf1458a6339ae48cd72fbe6d654,Localization Quality,AMCLPose,CovXX,0.00411338,818.9
26e7cbf1458a6339ae48cd72fbe6d654,Localization Quality,AMCLPose,MeanYaw,-2.14421,818.9
26e7cbf1458a6339ae48cd72fbe6d654,Localization Quality,AMCLPose,MeanY,-0.298351,818.9
26e7cbf1458a6339ae48cd72fbe6d654,Localization Quality,AMCLPose,MeanX,-5.31498,818.9
26e7cbf1458a6339ae48cd72fbe6d654,Localization Stability,TF,Jump Angular,0.00152688,819.9
26e7cbf1458a6339ae48cd72fbe6d654,Localization Stability,TF,Jump Linear,0.00900137,819.9
26e7cbf1458a6339ae48cd72fbe6d654,Input Validity,Lidar,Lidar Rate,10,818.93
26e7cbf1458a6339ae48cd72fbe6d654,Input Validity,Odometry,Odometry Rate,50,818.93
26e7cbf1458a6339ae48cd72fbe6d654,Input Validity,TF,TF Rate,10,818.93
26e7cbf1458a6339ae48cd72fbe6d654,Input Validity,Lidar,Lidar Rate,10,819.03
26e7cbf1458a6339ae48cd72fbe6d654,Input Validity,Odometry,Odometry Rate,50,819.03
26e7cbf1458a6339ae48cd72fbe6d654,Input Validity,TF,TF Rate,10,819.03
26e7cbf1458a6339ae48cd72fbe6d654,Localization Quality,AMCLPose,CovYawYaw,0.00346096,819
26e7cbf1458a6339ae48cd72fbe6d654,Localization Quality,AMCLPose,CovYY,0.00234478,819
26e7cbf1458a6339ae48cd72fbe6d654,Localization Quality,AMCLPose,CovXX,0.00415354,819
26e7cbf1458a6339ae48cd72fbe6d654,Localization Quality,AMCLPose,MeanYaw,-1.99,819
26e7cbf1458a6339ae48cd72fbe6d654,Localization Quality,AMCLPose,MeanY,-0.299695,819
26e7cbf1458a6339ae48cd72fbe6d654,Localization Quality,AMCLPose,MeanX,-5.3159,819
26e7cbf1458a6339ae48cd72fbe6d654,Localization Stability,TF,Jump Angular,-0.00145815,820
26e7cbf1458a6339ae48cd72fbe6d654,Localization Stability,TF,Jump Linear,0.00916243,820
26e7cbf1458a6339ae48cd72fbe6d654,Input Validity,Lidar,Lidar Rate,10,819.13
26e7cbf1458a6339ae48cd72fbe6d654,Input Validity,Odometry,Odometry Rate,50,819.13
26e7cbf1458a6339ae48cd72fbe6d654,Input Validity,TF,TF Rate,10,819.13
26e7cbf1458a6339ae48cd72fbe6d654,Localization Quality,AMCLPose,CovYawYaw,0.00328545,819.1
26e7cbf1458a6339ae48cd72fbe6d654,Localization Quality,AMCLPose,CovYY,0.00306085,819.1
26e7cbf1458a6339ae48cd72fbe6d654,Localization Quality,AMCLPose,CovXX,0.00378437,819.1
26e7cbf1458a6339ae48cd72fbe6d654,Localization Quality,AMCLPose,MeanYaw,-1.81755,819.1
26e7cbf1458a6339ae48cd72fbe6d654,Localization Quality,AMCLPose,MeanY,-0.301455,819.1
26e7cbf1458a6339ae48cd72fbe6d654,Localization Quality,AMCLPose,MeanX,-5.32028,819.1
26e7cbf1458a6339ae48cd72fbe6d654,Localization Stability,TF,Jump Angular,-0.000198395,820.1
26e7cbf1458a6339ae48cd72fbe6d654,Localization Stability,TF,Jump Linear,0.00515406,820.1
26e7cbf1458a6339ae48cd72fbe6d654,Localization Responsiveness,TTC,TTC Outcome,1,819.17
26e7cbf1458a6339ae48cd72fbe6d654,Localization Responsiveness,TTC,TTC,10.46,819.17
26e7cbf1458a6339ae48cd72fbe6d654,Mission Outcome,Episode Event,Recoveries,0,819.17
26e7cbf1458a6339ae48cd72fbe6d654,Mission Outcome,Episode Event,Collisions,0,819.17
26e7cbf1458a6339ae48cd72fbe6d654,Mission Outcome,Episode Event,Navigation Time,34.03,819.17
26e7cbf1458a6339ae48cd72fbe6d654,Mission Outcome,Episode Event,Goal Result,1,819.17
26e7cbf1458a6339ae48cd72fbe6d654,Input Validity,AMCLPose,Pose Monotonicity,0,819.17
26e7cbf1458a6339ae48cd72fbe6d654,Input Validity,Lidar,Lidar Frame Mistmatch,0,819.17
26e7cbf1458a6339ae48cd72fbe6d654,Input Validity,Lidar,Lidar Monotonicity,0,819.17
26e7cbf1458a6339ae48cd72fbe6d654,Input Validity,Odometry,Odometry Frame Mismatch,0,819.17
26e7cbf1458a6339ae48cd72fbe6d654,Input Validity,Odometry,Odometry Monotonicity,0,819.17
26e7cbf1458a6339ae48cd72fbe6d654,Input Validity,TF,TF Gap Count,0,819.17
26e7cbf1458a6339ae48cd72fbe6d654,Input Validity,TF,TF Frame Drop,1702,819.17
26e7cbf1458a6339ae48cd72fbe6d654,Input Validity,TF,TF Monotonicity,0,819.17
26e7cbf1458a6339ae48cd72fbe6d654,map,7.00154,-2.08931,26.5912,-5.375,-0.325,-96.212,1,SUCCEEDED,5,34.03,785.14,819.17,0.0397778,0.123412,0.853837,0.0336848,0.00159254,0.0492637,0.034825,757.127,3414,13.0479,0.365555,0.0370425,0.525968,0,1701,0.958138
