GoalID,Metric Class,Metric Source,Metric Name,Metric Value,Timestamp
6a8896067ea61587718eeca110467b62,Localization Quality,AMCLPose,CovYawYaw,0.000503754,668.5
6a8896067ea61587718eeca110467b62,Localization Quality,AMCLPose,CovYY,0.000213881,668.5
6a8896067ea61587718eeca110467b62,Localization Quality,AMCLPose,CovXX,0.000430796,668.5
6a8896067ea61587718eeca110467b62,Localization Quality,AMCLPose,MeanYaw,0.480551,668.5
6a8896067ea61587718eeca110467b62,Localization Quality,AMCLPose,MeanY,4.37342,668.5
6a8896067ea61587718eeca110467b62,Localization Quality,AMCLPose,MeanX,1.87285,668.5
6a8896067ea61587718eeca110467b62,Localization Stability,TF,Jump Angular,0.000376694,669.5
6a8896067ea61587718eeca110467b62,Localization Stability,TF,Jump Linear,0.00874127,669.5
6a8896067ea61587718eeca110467b62,Localization Quality,AMCLPose,CovYawYaw,0.000637223,668.6
6a8896067ea61587718eeca110467b62,Localization Quality,AMCLPose,CovYY,0.00027079,668.6
6a8896067ea61587718eeca110467b62,Localization Quality,AMCLPose,CovXX,0.000663133,668.6
6a8896067ea61587718eeca110467b62,Localization Quality,AMCLPose,MeanYaw,0.398038,668.6
6a8896067ea61587718eeca110467b62,Localization Quality,AMCLPose,MeanY,4.37272,668.6
6a8896067ea61587718eeca110467b62,Localization Quality,AMCLPose,MeanX,1.87178,668.6
6a8896067ea61587718eeca110467b62,Localization Stability,TF,Jump Angular,0.00117912,669.6
6a8896067ea61587718eeca110467b62,Localization Stability,TF,Jump Linear,0.0226397,669.6
6a8896067ea61587718eeca110467b62,Input Validity,Lidar,Lidar Rate,10,668.76
6a8896067ea61587718eeca110467b62,Input Validity,Odometry,Odometry Rate,50,668.76
6a8896067ea61587718eeca110467b62,Input Validity,TF,TF Rate,10,668.76
6a8896067ea61587718eeca110467b62,Localization Quality,AMCLPose,CovYawYaw,0.00089995,668.7
6a8896067ea61587718eeca110467b62,Localization Quality,AMCLPose,CovYY,0.000325533,668.7
6a8896067ea61587718eeca110467b62,Localization Quality,AMCLPose,CovXX,0.00101941,668.7
6a8896067ea61587718eeca110467b62,Localization Quality,AMCLPose,MeanYaw,0.29628,668.7
6a8896067ea61587718eeca110467b62,Localization Quality,AMCLPose,MeanY,4.37185,668.7
6a8896067ea61587718eeca110467b62,Localization Quality,AMCLPose,MeanX,1.86987,668.7
6a8896067ea61587718eeca110467b62,Localization Stability,TF,Jump Angular,-0.00108945,669.7
6a8896067ea61587718eeca110467b62,Localization Stability,TF,Jump Linear,0.0177133,669.7
6a8896067ea61587718eeca110467b62,Input Validity,Lidar,Lidar Rate,10,668.86
6a8896067ea61587718eeca110467b62,Input Validity,Odometry,Odometry Rate,50,668.86
6a8896067ea61587718eeca110467b62,Input Validity,TF,TF Rate,10,668.86
6a8896067ea61587718eeca110467b62,Localization Quality,AMCLPose,CovYawYaw,0.00118204,668.8
6a8896067ea61587718eeca110467b62,Localization Quality,AMCLPose,CovYY,0.000365659,668.8
6a8896067ea61587718eeca110467b62,Localization Quality,AMCLPose,CovXX,0.00157069,668.8
6a8896067ea61587718eeca110467b62,Localization Quality,AMCLPose,MeanYaw,0.17846,668.8
6a8896067ea61587718eeca110467b62,Localization Quality,AMCLPose,MeanY,4.37077,668.8
6a8896067ea61587718eeca110467b62,Localization Quality,AMCLPose,MeanX,1.86777,668.8
6a8896067ea61587718eeca110467b62,Localization Stability,TF,Jump Angular,-0.000172877,669.8
6a8896067ea61587718eeca110467b62,Localization Stability,TF,Jump Linear,0.000953183,669.8
6a8896067ea61587718eeca110467b62,Input Validity,Lidar,Lidar Rate,10,668.96
6a8896067ea61587718eeca110467b62,Input Validity,Odometry,Odometry Rate,50,668.96
6a8896067ea61587718eeca110467b62,Input Validity,TF,TF Rate,10,668.96
6a8896067ea61587718eeca110467b62,Localization Quality,AMCLPose,CovYawYaw,0.00158063,668.9
6a8896067ea61587718eeca110467b62,Localization Quality,AMCLPose,CovYY,0.000369995,668.9
6a8896067ea61587718eeca110467b62,Localization Quality,AMCLPose,CovXX,0.00231077,668.9
6a8896067ea61587718eeca110467b62,Localization Quality,AMCLPose,MeanYaw,0.0440898,668.9
6a8896067ea61587718eeca110467b62,Localization Quality,AMCLPose,MeanY,4.37057,668.9
6a8896067ea61587718eeca110467b62,Localization Quality,AMCLPose,MeanX,1.86762,668.9
6a8896067ea61587718eeca110467b62,Localization Stability,TF,Jump Angular,0.00025929,669.9
6a8896067ea61587718eeca110467b62,Localization Stability,TF,Jump Linear,0.00493937,669.9
6a8896067ea61587718eeca110467b62,Input Validity,Lidar,Lidar Rate,10,669.05
6a8896067ea61587718eeca110467b62,Input Validity,Odometry,Odometry Rate,50,669.05
6a8896067ea61587718eeca110467b62,Input Validity,TF,TF Rate,10,669.05
6a8896067ea61587718eeca110467b62,Localization Quality,AMCLPose,CovYawYaw,0.00200846,669
6a8896067ea61587718eeca110467b62,Localization Quality,AMCLPose,CovYY,0.000331469,669
6a8896067ea61587718eeca110467b62,Localization Quality,AMCLPose,CovXX,0.00328547,669
6a8896067ea61587718eeca110467b62,Localization Quality,AMCLPose,MeanYaw,-0.10747,669
6a8896067ea61587718eeca110467b62,Localization Quality,AMCLPose,MeanY,4.3703,669
6a8896067ea61587718eeca110467b62,Localization Quality,AMCLPose,MeanX,1.86614,669
6a8896067ea61587718eeca110467b62,Localization Stability,TF,Jump Angular,0.000550731,670
6a8896067ea61587718eeca110467b62,Localization Stability,TF,Jump Linear,0.0113159,670
6a8896067ea61587718eeca110467b62,Input Validity,Lidar,Lidar Rate,10,669.15
6a8896067ea61587718eeca110467b62,Input Validity,Odometry,Odometry Rate,50,669.15
6a8896067ea61587718eeca110467b62,Input Validity,TF,TF Rate,10,669.15
6a8896067ea61587718eeca110467b62,Localization Quality,AMCLPose,CovYawYaw,0.00242366,669.1
6a8896067ea61587718eeca110467b62,Localization Quality,AMCLPose,CovYY,0.000334677,669.1
6a8896067ea61587718eeca110467b62,Localization Quality,AMCLPose,CovXX,0.00419425,669.1
6a8896067ea61587718eeca110467b62,Localization Quality,AMCLPose,MeanYaw,-0.275857,669.1
6a8896067ea61587718eeca110467b62,Localization Quality,AMCLPose,MeanY,4.37009,669.1
6a8896067ea61587718eeca110467b62,Localization Quality,AMCLPose,MeanX,1.86434,669.1
6a8896067ea61587718eeca110467b62,Localization Stability,TF,Jump Angular,0.000588045,670.1
6a8896067ea61587718eeca110467b62,Localization Stability,TF,Jump Linear,0.0122182,670.1
6a8896067ea61587718eeca110467b62,Input Validity,Lidar,Lidar Rate,10,669.25
6a8896067ea61587718eeca110467b62,Input Validity,Odometry,Odometry Rate,50,669.25
6a8896067ea61587718eeca110467b62,Input Validity,TF,TF Rate,10,669.25
6a8896067ea61587718eeca110467b62,Localization Quality,AMCLPose,CovYawYaw,0.00264743,669.2
6a8896067ea61587718eeca110467b62,Localization Quality,AMCLPose,CovYY,0.000440934,669.2
6a8896067ea61587718eeca110467b62,Localization Quality,AMCLPose,CovXX,0.00522548,669.2
6a8896067ea61587718eeca110467b62,Localization Quality,AMCLPose,MeanYaw,-0.458802,669.2
6a8896067ea61587718eeca110467b62,Localization Quality,AMCLPose,MeanY,4.36981,669.2
6a8896067ea61587718eeca110467b62,Localization Quality,AMCLPose,MeanX,1.85923,669.2
6a8896067ea61587718eeca110467b62,Localization Stability,TF,Jump Angular,0.00236818,670.2
6a8896067ea61587718eeca110467b62,Localization Stability,TF,Jump Linear,0.0471326,670.2
6a8896067ea61587718eeca110467b62,Localization Quality,AMCLPose,CovYawYaw,0.00504845,669.3
6a8896067ea61587718eeca110467b62,Localization Quality,AMCLPose,CovYY,0.000859425,669.3
6a8896067ea61587718eeca110467b62,Localization Quality,AMCLPose,CovXX,0.00652788,669.3
6a8896067ea61587718eeca110467b62,Localization Quality,AMCLPose,MeanYaw,-0.66061,669.3
6a8896067ea61587718eeca110467b62,Localization Quality,AMCLPose,MeanY,4.36952,669.3
6a8896067ea61587718eeca110467b62,Localization Quality,AMCLPose,MeanX,1.85603,669.3
6a8896067ea61587718eeca110467b62,Localization Stability,TF,Jump Angular,0.000644515,670.3
6a8896067ea61587718eeca110467b62,Localization Stability,TF,Jump Linear,0.0144432,670.3
6a8896067ea61587718eeca110467b62,Input Validity,Lidar,Lidar Rate,10,669.35
6a8896067ea61587718eeca110467b62,Input Validity,Odometry,Odometry Rate,50,669.35
6a8896067ea61587718eeca110467b62,Input Validity,TF,TF Rate,10,669.35
6a8896067ea61587718eeca110467b62,Input Validity,Lidar,Lidar Rate,10,669.45
6a8896067ea61587718eeca110467b62,Input Validity,Odometry,Odometry Rate,50,669.45
6a8896067ea61587718eeca110467b62,Input Validity,TF,TF Rate,10,669.45
6a8896067ea61587718eeca110467b62,Localization Quality,AMCLPose,CovYawYaw,0.00795323,669.4
6a8896067ea61587718eeca110467b62,Localization Quality,AMCLPose,CovYY,0.00181679,669.4
6a8896067ea61587718eeca110467b62,Localization Quality,AMCLPose,CovXX,0.00840513,669.4
6a8896067ea61587718eeca110467b62,Localization Quality,AMCLPose,MeanYaw,-0.878283,669.4
6a8896067ea61587718eeca110467b62,Localization Quality,AMCLPose,MeanY,4.37005,669.4
6a8896067ea61587718eeca110467b62,Localization Quality,AMCLPose,MeanX,1.85392,669.4
6a8896067ea61587718eeca110467b62,Localization Stability,TF,Jump Angular,0.000353075,670.4
6a8896067ea61587718eeca110467b62,Localization Stability,TF,Jump Linear,0.00789574,670.4
6a8896067ea61587718eeca110467b62,Input Validity,Lidar,Lidar Rate,10,669.55
6a8896067ea61587718eeca110467b62,Input Validity,Odometry,Odometry Rate,50,669.55
6a8896067ea61587718eeca110467b62,Input Validity,TF,TF Rate,10,669.55
6a8896067ea61587718eeca110467b62,Localization Quality,AMCLPose,CovYawYaw,0.00804639,669.5
6a8896067ea61587718eeca110467b62,Localization Quality,AMCLPose,CovYY,0.00217026,669.5
6a8896067ea61587718eeca110467b62,Localization Quality,AMCLPose,CovXX,0.00838223,669.5
6a8896067ea61587718eeca110467b62,Localization Quality,AMCLPose,MeanYaw,-1.09849,669.5
6a8896067ea61587718eeca110467b62,Localization Quality,AMCLPose,MeanY,4.3703,669.5
6a8896067ea61587718eeca110467b62,Localization Quality,AMCLPose,MeanX,1.85293,669.5
6a8896067ea61587718eeca110467b62,Localization Stability,TF,Jump Angular,-0.000203298,670.5
6a8896067ea61587718eeca110467b62,Localization Stability,TF,Jump Linear,0.00318534,670.5
6a8896067ea61587718eeca110467b62,Input Validity,Lidar,Lidar Rate,10,669.65
6a8896067ea61587718eeca110467b62,Input Validity,Odometry,Odometry Rate,50,669.65
6a8896067ea61587718eeca110467b62,Input Validity,TF,TF Rate,10,669.65
6a8896067ea61587718eeca110467b62,Localization Quality,AMCLPose,CovYawYaw,0.00708728,669.6
6a8896067ea61587718eeca110467b62,Localization Quality,AMCLPose,CovYY,0.00312411,669.6
6a8896067ea61587718eeca110467b62,Localization Quality,AMCLPose,CovXX,0.00699615,669.6
6a8896067ea61587718eeca110467b62,Localization Quality,AMCLPose,MeanYaw,-1.31905,669.6
6a8896067ea61587718eeca110467b62,Localization Quality,AMCLPose,MeanY,4.36839,669.6
6a8896067ea61587718eeca110467b62,Localization Quality,AMCLPose,MeanX,1.85323,669.6
6a8896067ea61587718eeca110467b62,Localization Stability,TF,Jump Angular,-0.000567257,670.6
6a8896067ea61587718eeca110467b62,Localization Stability,TF,Jump Linear,0.00944512,670.6
6a8896067ea61587718eeca110467b62,Input Validity,Lidar,Lidar Rate,10,669.75
6a8896067ea61587718eeca110467b62,Input Validity,Odometry,Odometry Rate,50,669.75
6a8896067ea61587718eeca110467b62,Input Validity,TF,TF Rate,10,669.75
6a8896067ea61587718eeca110467b62,Localization Quality,AMCLPose,CovYawYaw,0.00638588,669.7
6a8896067ea61587718eeca110467b62,Localization Quality,AMCLPose,CovYY,0.00386814,669.7
6a8896067ea61587718eeca110467b62,Localization Quality,AMCLPose,CovXX,0.00598726,669.7
6a8896067ea61587718eeca110467b62,Localization Quality,AMCLPose,MeanYaw,-1.54215,669.7
6a8896067ea61587718eeca110467b62,Localization Quality,AMCLPose,MeanY,4.36745,669.7
6a8896067ea61587718eeca110467b62,Localization Quality,AMCLPose,MeanX,1.84907,669.7
6a8896067ea61587718eeca110467b62,Localization Stability,TF,Jump Angular,-0.00309981,670.7
6a8896067ea61587718eeca110467b62,Localization Stability,TF,Jump Linear,0.0523659,670.7
6a8896067ea61587718eeca110467b62,Input Validity,Lidar,Lidar Rate,10,669.85
6a8896067ea61587718eeca110467b62,Input Validity,Odometry,Odometry Rate,50,669.85
6a8896067ea61587718eeca110467b62,Input Validity,TF,TF Rate,10,669.85
6a8896067ea61587718eeca110467b62,Localization Quality,AMCLPose,CovYawYaw,0.00591241,669.8
6a8896067ea61587718eeca110467b62,Localization Quality,AMCLPose,CovYY,0.00449395,669.8
6a8896067ea61587718eeca110467b62,Localization Quality,AMCLPose,CovXX,0.00450944,669.8
6a8896067ea61587718eeca110467b62,Localization Quality,AMCLPose,MeanYaw,-1.76485,669.8
6a8896067ea61587718eeca110467b62,Localization Quality,AMCLPose,MeanY,4.36763,669.8
6a8896067ea61587718eeca110467b62,Localization Quality,AMCLPose,MeanX,1.84452,669.8
6a8896067ea61587718eeca110467b62,Localization Stability,TF,Jump Angular,-0.00320052,670.8
6a8896067ea61587718eeca110467b62,Localization Stability,TF,Jump Linear,0.0546844,670.8
6a8896067ea61587718eeca110467b62,Localization Quality,AMCLPose,CovYawYaw,0.00517955,669.9
6a8896067ea61587718eeca110467b62,Localization Quality,AMCLPose,CovYY,0.00390891,669.9
6a8896067ea61587718eeca110467b62,Localization Quality,AMCLPose,CovXX,0.00416683,669.9
6a8896067ea61587718eeca110467b62,Localization Quality,AMCLPose,MeanYaw,-1.94424,669.9
6a8896067ea61587718eeca110467b62,Localization Quality,AMCLPose,MeanY,4.36646,669.9
6a8896067ea61587718eeca110467b62,Localization Quality,AMCLPose,MeanX,1.84092,669.9
6a8896067ea61587718eeca110467b62,Localization Stability,TF,Jump Angular,0.00811388,670.9
6a8896067ea61587718eeca110467b62,Localization Stability,TF,Jump Linear,0.146747,670.9
6a8896067ea61587718eeca110467b62,Input Validity,Lidar,Lidar Rate,10,669.95
6a8896067ea61587718eeca110467b62,Input Validity,Odometry,Odometry Rate,50,669.95
6a8896067ea61587718eeca110467b62,Input Validity,TF,TF Rate,10,669.95
6a8896067ea61587718eeca110467b62,Input Validity,Lidar,Lidar Rate,10,670.05
6a8896067ea61587718eeca110467b62,Input Validity,Odometry,Odometry Rate,50,670.05
6a8896067ea61587718eeca110467b62,Input Validity,TF,TF Rate,10,670.05
6a8896067ea61587718eeca110467b62,Localization Quality,AMCLPose,CovYawYaw,0.00409512,670
6a8896067ea61587718eeca110467b62,Localization Quality,AMCLPose,CovYY,0.00249388,670
6a8896067ea61587718eeca110467b62,Localization Quality,AMCLPose,CovXX,0.00432323,670
6a8896067ea61587718eeca110467b62,Localization Quality,AMCLPose,MeanYaw,-2.07688,670
6a8896067ea61587718eeca110467b62,Localization Quality,AMCLPose,MeanY,4.3583,670
6a8896067ea61587718eeca110467b62,Localization Quality,AMCLPose,MeanX,1.83683,670
6a8896067ea61587718eeca110467b62,Localization Stability,TF,Jump Angular,0.0048553,671
6a8896067ea61587718eeca110467b62,Localization Stability,TF,Jump Linear,0.085838,671
6a8896067ea61587718eeca110467b62,Input Validity,Lidar,Lidar Rate,10,670.15
6a8896067ea61587718eeca110467b62,Input Validity,Odometry,Odometry Rate,50,670.15
6a8896067ea61587718eeca110467b62,Input Validity,TF,TF Rate,10,670.15
6a8896067ea61587718eeca110467b62,Localization Quality,AMCLPose,CovYawYaw,0.00441873,670.1
6a8896067ea61587718eeca110467b62,Localization Quality,AMCLPose,CovYY,0.00258078,670.1
6a8896067ea61587718eeca110467b62,Localization Quality,AMCLPose,CovXX,0.00435844,670.1
6a8896067ea61587718eeca110467b62,Localization Quality,AMCLPose,MeanYaw,-2.16555,670.1
6a8896067ea61587718eeca110467b62,Localization Quality,AMCLPose,MeanY,4.343,670.1
6a8896067ea61587718eeca110467b62,Localization Quality,AMCLPose,MeanX,1.82615,670.1
6a8896067ea61587718eeca110467b62,Localization Stability,TF,Jump Angular,-0.00116069,671.1
6a8896067ea61587718eeca110467b62,Localization Stability,TF,Jump Linear,0.02066,671.1
6a8896067ea61587718eeca110467b62,Input Validity,Lidar,Lidar Rate,10,670.25
6a8896067ea61587718eeca110467b62,Input Validity,Odometry,Odometry Rate,50,670.25
6a8896067ea61587718eeca110467b62,Input Validity,TF,TF Rate,10,670.25
6a8896067ea61587718eeca110467b62,Localization Stability,TF,Jump Angular,0,671.2
6a8896067ea61587718eeca110467b62,Localization Stability,TF,Jump Linear,0,671.2
6a8896067ea61587718eeca110467b62,Localization Stability,TF,Jump Angular,0,671.3
6a8896067ea61587718eeca110467b62,Localization Stability,TF,Jump Linear,0,671.3
6a8896067ea61587718eeca110467b62,Input Validity,Lidar,Lidar Rate,10,670.35
6a8896067ea61587718eeca110467b62,Input Validity,Odometry,Odometry Rate,50,670.35
6a8896067ea61587718eeca110467b62,Input Validity,TF,TF Rate,10,670.35
6a8896067ea61587718eeca110467b62,Input Validity,Lidar,Lidar Rate,10,670.45
6a8896067ea61587718eeca110467b62,Input Validity,Odometry,Odometry Rate,50,670.45
6a8896067ea61587718eeca110467b62,Input Validity,TF,TF Rate,10,670.45
6a8896067ea61587718eeca110467b62,Localization Stability,TF,Jump Angular,0,671.4
6a8896067ea61587718eeca110467b62,Localization Stability,TF,Jump Linear,0,671.4
6a8896067ea61587718eeca110467b62,Input Validity,Lidar,Lidar Rate,10,670.55
6a8896067ea61587718eeca110467b62,Input Validity,Odometry,Odometry Rate,50,670.55
6a8896067ea61587718eeca110467b62,Input Validity,TF,TF Rate,10,670.55
6a8896067ea61587718eeca110467b62,Localization Quality,AMCLPose,CovYawYaw,0.00641014,670.5
6a8896067ea61587718eeca110467b62,Localization Quality,AMCLPose,CovYY,0.00343248,670.5
6a8896067ea61587718eeca110467b62,Localization Quality,AMCLPose,CovXX,0.00464683,670.5
6a8896067ea61587718eeca110467b62,Localization Quality,AMCLPose,MeanYaw,-2.20956,670.5
6a8896067ea61587718eeca110467b62,Localization Quality,AMCLPose,MeanY,4.22962,670.5
6a8896067ea61587718eeca110467b62,Localization Quality,AMCLPose,MeanX,1.74162,670.5
6a8896067ea61587718eeca110467b62,Localization Stability,TF,Jump Angular,0.00160916,671.5
6a8896067ea61587718eeca110467b62,Localization Stability,TF,Jump Linear,0.0284414,671.5
6a8896067ea61587718eeca110467b62,Input Validity,Lidar,Lidar Rate,10,670.65
6a8896067ea61587718eeca110467b62,Input Validity,Odometry,Odometry Rate,50,670.65
6a8896067ea61587718eeca110467b62,Input Validity,TF,TF Rate,10,670.65
6a8896067ea61587718eeca110467b62,Localization Stability,TF,Jump Angular,0,671.6
6a8896067ea61587718eeca110467b62,Localization Stability,TF,Jump Linear,0,671.6
6a8896067ea61587718eeca110467b62,Input Validity,Lidar,Lidar Rate,10,670.75
6a8896067ea61587718eeca110467b62,Input Validity,Odometry,Odometry Rate,50,670.75
6a8896067ea61587718eeca110467b62,Input Validity,TF,TF Rate,10,670.75
6a8896067ea61587718eeca110467b62,Localization Stability,TF,Jump Angular,0,671.7
6a8896067ea61587718eeca110467b62,Localization Stability,TF,Jump Linear,0,671.7
6a8896067ea61587718eeca110467b62,Input Validity,Lidar,Lidar Rate,10,670.83
6a8896067ea61587718eeca110467b62,Input Validity,Odometry,Odometry Rate,50,670.83
6a8896067ea61587718eeca110467b62,Input Validity,TF,TF Rate,10,670.83
6a8896067ea61587718eeca110467b62,Localization Quality,AMCLPose,CovYawYaw,0.00810985,670.8
6a8896067ea61587718eeca110467b62,Localization Quality,AMCLPose,CovYY,0.00445291,670.8
6a8896067ea61587718eeca110467b62,Localization Quality,AMCLPose,CovXX,0.00529866,670.8
6a8896067ea61587718eeca110467b62,Localization Quality,AMCLPose,MeanYaw,-2.17197,670.8
6a8896067ea61587718eeca110467b62,Localization Quality,AMCLPose,MeanY,4.11871,670.8
6a8896067ea61587718eeca110467b62,Localization Quality,AMCLPose,MeanX,1.66322,670.8
6a8896067ea61587718eeca110467b62,Localization Stability,TF,Jump Angular,-0.00204928,671.8
6a8896067ea61587718eeca110467b62,Localization Stability,TF,Jump Linear,0.0367703,671.8
6a8896067ea61587718eeca110467b62,Input Validity,Lidar,Lidar Rate,10,670.85
6a8896067ea61587718eeca110467b62,Input Validity,Odometry,Odometry Rate,50,670.85
6a8896067ea61587718eeca110467b62,Input Validity,TF,TF Rate,10,670.85
6a8896067ea61587718eeca110467b62,Input Validity,Lidar,Lidar Rate,10,670.95
6a8896067ea61587718eeca110467b62,Input Validity,Odometry,Odometry Rate,50,670.95
6a8896067ea61587718eeca110467b62,Input Validity,TF,TF Rate,10,670.95
6a8896067ea61587718eeca110467b62,Input Validity,Lidar,Lidar Rate,10,671.05
6a8896067ea61587718eeca110467b62,Input Validity,Odometry,Odometry Rate,50,671.05
6a8896067ea61587718eeca110467b62,Input Validity,TF,TF Rate,10,671.05
6a8896067ea61587718eeca110467b62,Input Validity,Lidar,Lidar Rate,10,671.14
6a8896067ea61587718eeca110467b62,Input Validity,Odometry,Odometry Rate,50,671.14
6a8896067ea61587718eeca110467b62,Input Validity,TF,TF Rate,10,671.14
6a8896067ea61587718eeca110467b62,Input Validity,Lidar,Lidar Rate,10,671.24
6a8896067ea61587718eeca110467b62,Input Validity,Odometry,Odometry Rate,50,671.24
6a8896067ea61587718eeca110467b62,Input Validity,TF,TF Rate,10,671.24
6a8896067ea61587718eeca110467b62,Input Validity,Lidar,Lidar Rate,10,671.34
6a8896067ea61587718eeca110467b62,Input Validity,Odometry,Odometry Rate,50,671.34
6a8896067ea61587718eeca110467b62,Input Validity,TF,TF Rate,10,671.34
6a8896067ea61587718eeca110467b62,Input Validity,Lidar,Lidar Rate,10,671.44
6a8896067ea61587718eeca110467b62,Input Validity,Odometry,Odometry Rate,50,671.44
6a8896067ea61587718eeca110467b62,Input Validity,TF,TF Rate,10,671.44
6a8896067ea61587718eeca110467b62,Input Validity,Lidar,Lidar Rate,10,671.54
6a8896067ea61587718eeca110467b62,Input Validity,Odometry,Odometry Rate,50,671.54
6a8896067ea61587718eeca110467b62,Input Validity,TF,TF Rate,10,671.54
6a8896067ea61587718eeca110467b62,Localization Quality,AMCLPose,CovYawYaw,8.49286,670.9
6a8896067ea61587718eeca110467b62,Localization Quality,AMCLPose,CovYY,7.21433,670.9
6a8896067ea61587718eeca110467b62,Localization Quality,AMCLPose,CovXX,24.4789,670.9
6a8896067ea61587718eeca110467b62,Localization Quality,AMCLPose,MeanYaw,-1.25291,670.9
6a8896067ea61587718eeca110467b62,Localization Quality,AMCLPose,MeanY,-0.629189,670.9
6a8896067ea61587718eeca110467b62,Localization Quality,AMCLPose,MeanX,0.327792,670.9
6a8896067ea61587718eeca110467b62,Localization Stability,TF,Jump Angular,0.89776,671.9
6a8896067ea61587718eeca110467b62,Localization Stability,TF,Jump Linear,20.6351,671.9
6a8896067ea61587718eeca110467b62,Localization Stability,TF,Jump Angular,0,672.1
6a8896067ea61587718eeca110467b62,Localization Stability,TF,Jump Linear,0,672.1
6a8896067ea61587718eeca110467b62,Input Validity,Lidar,Lidar Rate,10,671.64
6a8896067ea61587718eeca110467b62,Input Validity,Odometry,Odometry Rate,50,671.64
6a8896067ea61587718eeca110467b62,Input Validity,TF,TF Rate,9.5,671.64
6a8896067ea61587718eeca110467b62,Input Validity,Lidar,Lidar Rate,10,671.74
6a8896067ea61587718eeca110467b62,Input Validity,Odometry,Odometry Rate,50,671.74
6a8896067ea61587718eeca110467b62,Input Validity,TF,TF Rate,9.5,671.74
6a8896067ea61587718eeca110467b62,Input Validity,Lidar,Lidar Rate,10,671.84
6a8896067ea61587718eeca110467b62,Input Validity,Odometry,Odometry Rate,50,671.84
6a8896067ea61587718eeca110467b62,Input Validity,TF,TF Rate,9.5,671.84
6a8896067ea61587718eeca110467b62,Input Validity,Lidar,Lidar Rate,10,671.94
6a8896067ea61587718eeca110467b62,Input Validity,Odometry,Odometry Rate,50,671.94
6a8896067ea61587718eeca110467b62,Input Validity,TF,TF Rate,9.5,671.94
6a8896067ea61587718eeca110467b62,Input Validity,Lidar,Lidar Rate,10,672.04
6a8896067ea61587718eeca110467b62,Input Validity,Odometry,Odometry Rate,50,672.04
6a8896067ea61587718eeca110467b62,Input Validity,TF,TF Rate,9.5,672.04
6a8896067ea61587718eeca110467b62,Input Validity,Lidar,Lidar Rate,10,672.14
6a8896067ea61587718eeca110467b62,Input Validity,Odometry,Odometry Rate,50,672.14
6a8896067ea61587718eeca110467b62,Input Validity,TF,TF Rate,9.5,672.14
6a8896067ea61587718eeca110467b62,Localization Quality,AMCLPose,CovYawYaw,8.19434,671.2
6a8896067ea61587718eeca110467b62,Localization Quality,AMCLPose,CovYY,6.75597,671.2
6a8896067ea61587718eeca110467b62,Localization Quality,AMCLPose,CovXX,22.9089,671.2
6a8896067ea61587718eeca110467b62,Localization Quality,AMCLPose,MeanYaw,-0.511212,671.2
6a8896067ea61587718eeca110467b62,Localization Quality,AMCLPose,MeanY,-0.607058,671.2
6a8896067ea61587718eeca110467b62,Localization Quality,AMCLPose,MeanX,0.514509,671.2
6a8896067ea61587718eeca110467b62,Localization Stability,TF,Jump Angular,0.666719,672.2
6a8896067ea61587718eeca110467b62,Localization Stability,TF,Jump Linear,11.8542,672.2
6a8896067ea61587718eeca110467b62,Input Validity,Lidar,Lidar Rate,10,672.24
6a8896067ea61587718eeca110467b62,Input Validity,Odometry,Odometry Rate,50,672.24
6a8896067ea61587718eeca110467b62,Input Validity,TF,TF Rate,9.5,672.24
6a8896067ea61587718eeca110467b62,Input Validity,Lidar,Lidar Rate,10,672.34
6a8896067ea61587718eeca110467b62,Input Validity,Odometry,Odometry Rate,50,672.34
6a8896067ea61587718eeca110467b62,Input Validity,TF,TF Rate,9.5,672.34
6a8896067ea61587718eeca110467b62,Localization Quality,AMCLPose,CovYawYaw,7.84009,671.7
6a8896067ea61587718eeca110467b62,Localization Quality,AMCLPose,CovYY,6.93631,671.7
6a8896067ea61587718eeca110467b62,Localization Quality,AMCLPose,CovXX,22.01,671.7
6a8896067ea61587718eeca110467b62,Localization Quality,AMCLPose,MeanYaw,-1.7532,671.7
6a8896067ea61587718eeca110467b62,Localization Quality,AMCLPose,MeanY,-0.647928,671.7
6a8896067ea61587718eeca110467b62,Localization Quality,AMCLPose,MeanX,0.730659,671.7
6a8896067ea61587718eeca110467b62,Localization Stability,TF,Jump Angular,-1.39338,672.7
6a8896067ea61587718eeca110467b62,Localization Stability,TF,Jump Linear,23.6207,672.7
6a8896067ea61587718eeca110467b62,Input Validity,Lidar,Lidar Rate,10,672.44
6a8896067ea61587718eeca110467b62,Input Validity,Odometry,Odometry Rate,50,672.44
6a8896067ea61587718eeca110467b62,Input Validity,TF,TF Rate,7.5,672.44
6a8896067ea61587718eeca110467b62,Input Validity,Lidar,Lidar Rate,10,672.54
6a8896067ea61587718eeca110467b62,Input Validity,Odometry,Odometry Rate,50,672.54
6a8896067ea61587718eeca110467b62,Input Validity,TF,TF Rate,7.5,672.54
6a8896067ea61587718eeca110467b62,Input Validity,Lidar,Lidar Rate,10,672.64
6a8896067ea61587718eeca110467b62,Input Validity,Odometry,Odometry Rate,50,672.64
6a8896067ea61587718eeca110467b62,Input Validity,TF,TF Rate,7.5,672.64
6a8896067ea61587718eeca110467b62,Localization Quality,AMCLPose,CovYawYaw,5.79469,671.9
6a8896067ea61587718eeca110467b62,Localization Quality,AMCLPose,CovYY,7.21292,671.9
6a8896067ea61587718eeca110467b62,Localization Quality,AMCLPose,CovXX,21.3183,671.9
6a8896067ea61587718eeca110467b62,Localization Quality,AMCLPose,MeanYaw,-2.34491,671.9
6a8896067ea61587718eeca110467b62,Localization Quality,AMCLPose,MeanY,-0.601647,671.9
6a8896067ea61587718eeca110467b62,Localization Quality,AMCLPose,MeanX,0.984442,671.9
6a8896067ea61587718eeca110467b62,Localization Stability,TF,Jump Angular,-0.644527,672.9
6a8896067ea61587718eeca110467b62,Localization Stability,TF,Jump Linear,11.9627,672.9
6a8896067ea61587718eeca110467b62,Localization Stability,TF,Jump Angular,0,673.2
6a8896067ea61587718eeca110467b62,Localization Stability,TF,Jump Linear,0,673.2
6a8896067ea61587718eeca110467b62,Input Validity,Lidar,Lidar Rate,10,672.74
6a8896067ea61587718eeca110467b62,Input Validity,Odometry,Odometry Rate,50,672.74
6a8896067ea61587718eeca110467b62,Input Validity,TF,TF Rate,6,672.74
6a8896067ea61587718eeca110467b62,Input Validity,Lidar,Lidar Rate,10,672.84
6a8896067ea61587718eeca110467b62,Input Validity,Odometry,Odometry Rate,50,672.84
6a8896067ea61587718eeca110467b62,Input Validity,TF,TF Rate,6,672.84
6a8896067ea61587718eeca110467b62,Input Validity,Lidar,Lidar Rate,10,672.93
6a8896067ea61587718eeca110467b62,Input Validity,Odometry,Odometry Rate,50,672.93
6a8896067ea61587718eeca110467b62,Input Validity,TF,TF Rate,6,672.93
6a8896067ea61587718eeca110467b62,Localization Quality,AMCLPose,CovYawYaw,4.93538,672.3
6a8896067ea61587718eeca110467b62,Localization Quality,AMCLPose,CovYY,7.59468,672.3
6a8896067ea61587718eeca110467b62,Localization Quality,AMCLPose,CovXX,20.4164,672.3
6a8896067ea61587718eeca110467b62,Localization Quality,AMCLPose,MeanYaw,2.9792,672.3
6a8896067ea61587718eeca110467b62,Localization Quality,AMCLPose,MeanY,-0.428201,672.3
6a8896067ea61587718eeca110467b62,Localization Quality,AMCLPose,MeanX,1.13411,672.3
6a8896067ea61587718eeca110467b62,Localization Stability,TF,Jump Angular,-0.994865,673.3
6a8896067ea61587718eeca110467b62,Localization Stability,TF,Jump Linear,17.7768,673.3
6a8896067ea61587718eeca110467b62,Localization Stability,TF,Jump Angular,0,673.5
6a8896067ea61587718eeca110467b62,Localization Stability,TF,Jump Linear,0,673.5
6a8896067ea61587718eeca110467b62,Input Validity,Lidar,Lidar Rate,10,673.03
6a8896067ea61587718eeca110467b62,Input Validity,Odometry,Odometry Rate,50,673.03
6a8896067ea61587718eeca110467b62,Input Validity,TF,TF Rate,5.5,673.03
6a8896067ea61587718eeca110467b62,Input Validity,Lidar,Lidar Rate,10,673.13
6a8896067ea61587718eeca110467b62,Input Validity,Odometry,Odometry Rate,50,673.13
6a8896067ea61587718eeca110467b62,Input Validity,TF,TF Rate,5.5,673.13
6a8896067ea61587718eeca110467b62,Localization Quality,AMCLPose,CovYawYaw,3.94922,672.6
6a8896067ea61587718eeca110467b62,Localization Quality,AMCLPose,CovYY,7.77446,672.6
6a8896067ea61587718eeca110467b62,Localization Quality,AMCLPose,CovXX,18.9855,672.6
6a8896067ea61587718eeca110467b62,Localization Quality,AMCLPose,MeanYaw,2.56425,672.6
6a8896067ea61587718eeca110467b62,Localization Quality,AMCLPose,MeanY,0.125001,672.6
6a8896067ea61587718eeca110467b62,Localization Quality,AMCLPose,MeanX,1.56752,672.6
6a8896067ea61587718eeca110467b62,Localization Stability,TF,Jump Angular,-0.506455,673.6
6a8896067ea61587718eeca110467b62,Localization Stability,TF,Jump Linear,9.01784,673.6
6a8896067ea61587718eeca110467b62,Input Validity,Lidar,Lidar Rate,10,673.23
6a8896067ea61587718eeca110467b62,Input Validity,Odometry,Odometry Rate,50,673.23
6a8896067ea61587718eeca110467b62,Input Validity,TF,TF Rate,5.5,673.23
6a8896067ea61587718eeca110467b62,Localization Quality,AMCLPose,CovYawYaw,4.04391,672.7
6a8896067ea61587718eeca110467b62,Localization Quality,AMCLPose,CovYY,7.78994,672.7
6a8896067ea61587718eeca110467b62,Localization Quality,AMCLPose,CovXX,19.4394,672.7
6a8896067ea61587718eeca110467b62,Localization Quality,AMCLPose,MeanYaw,2.64506,672.7
6a8896067ea61587718eeca110467b62,Localization Quality,AMCLPose,MeanY,0.161357,672.7
6a8896067ea61587718eeca110467b62,Localization Quality,AMCLPose,MeanX,1.90528,672.7
6a8896067ea61587718eeca110467b62,Localization Stability,TF,Jump Angular,-0.0164933,673.7
6a8896067ea61587718eeca110467b62,Localization Stability,TF,Jump Linear,0.483841,673.7
6a8896067ea61587718eeca110467b62,Input Validity,Lidar,Lidar Rate,10,673.33
6a8896067ea61587718eeca110467b62,Input Validity,Odometry,Odometry Rate,50,673.33
6a8896067ea61587718eeca110467b62,Input Validity,TF,TF Rate,5.5,673.33
6a8896067ea61587718eeca110467b62,Localization Quality,AMCLPose,CovYawYaw,4.00886,672.8
6a8896067ea61587718eeca110467b62,Localization Quality,AMCLPose,CovYY,7.71323,672.8
6a8896067ea61587718eeca110467b62,Localization Quality,AMCLPose,CovXX,19.2025,672.8
6a8896067ea61587718eeca110467b62,Localization Quality,AMCLPose,MeanYaw,2.54191,672.8
6a8896067ea61587718eeca110467b62,Localization Quality,AMCLPose,MeanY,0.389311,672.8
6a8896067ea61587718eeca110467b62,Localization Quality,AMCLPose,MeanX,1.9583,672.8
6a8896067ea61587718eeca110467b62,Localization Stability,TF,Jump Angular,-0.203149,673.8
6a8896067ea61587718eeca110467b62,Localization Stability,TF,Jump Linear,3.53149,673.8
6a8896067ea61587718eeca110467b62,Input Validity,Lidar,Lidar Rate,10,673.43
6a8896067ea61587718eeca110467b62,Input Validity,Odometry,Odometry Rate,50,673.43
6a8896067ea61587718eeca110467b62,Input Validity,TF,TF Rate,5.5,673.43
6a8896067ea61587718eeca110467b62,Localization Quality,AMCLPose,CovYawYaw,4.15262,672.9
6a8896067ea61587718eeca110467b62,Localization Quality,AMCLPose,CovYY,7.67238,672.9
6a8896067ea61587718eeca110467b62,Localization Quality,AMCLPose,CovXX,19.61,672.9
6a8896067ea61587718eeca110467b62,Localization Quality,AMCLPose,MeanYaw,2.37124,672.9
6a8896067ea61587718eeca110467b62,Localization Quality,AMCLPose,MeanY,1.42527,672.9
6a8896067ea61587718eeca110467b62,Localization Quality,AMCLPose,MeanX,-0.445958,672.9
6a8896067ea61587718eeca110467b62,Localization Stability,TF,Jump Angular,-0.270668,673.9
6a8896067ea61587718eeca110467b62,Localization Stability,TF,Jump Linear,4.92411,673.9
6a8896067ea61587718eeca110467b62,Input Validity,Lidar,Lidar Rate,10,673.53
6a8896067ea61587718eeca110467b62,Input Validity,Odometry,Odometry Rate,50,673.53
6a8896067ea61587718eeca110467b62,Input Validity,TF,TF Rate,5.5,673.53
6a8896067ea61587718eeca110467b62,Localization Quality,AMCLPose,CovYawYaw,4.12396,673
6a8896067ea61587718eeca110467b62,Localization Quality,AMCLPose,CovYY,7.58302,673
6a8896067ea61587718eeca110467b62,Localization Quality,AMCLPose,CovXX,19.7571,673
6a8896067ea61587718eeca110467b62,Localization Quality,AMCLPose,MeanYaw,2.50964,673
6a8896067ea61587718eeca110467b62,Localization Quality,AMCLPose,MeanY,1.56499,673
6a8896067ea61587718eeca110467b62,Localization Quality,AMCLPose,MeanX,-0.678279,673
6a8896067ea61587718eeca110467b62,Localization Stability,TF,Jump Angular,0.0384034,674
6a8896067ea61587718eeca110467b62,Localization Stability,TF,Jump Linear,0.833827,674
6a8896067ea61587718eeca110467b62,Input Validity,Lidar,Lidar Rate,10,673.63
6a8896067ea61587718eeca110467b62,Input Validity,Odometry,Odometry Rate,50,673.63
6a8896067ea61587718eeca110467b62,Input Validity,TF,TF Rate,5.78947,673.63
6a8896067ea61587718eeca110467b62,Input Validity,Lidar,Lidar Rate,10,673.73
6a8896067ea61587718eeca110467b62,Input Validity,Odometry,Odometry Rate,50,673.73
6a8896067ea61587718eeca110467b62,Input Validity,TF,TF Rate,5.78947,673.73
6a8896067ea61587718eeca110467b62,Input Validity,Lidar,Lidar Rate,10,673.83
6a8896067ea61587718eeca110467b62,Input Validity,Odometry,Odometry Rate,50,673.83
6a8896067ea61587718eeca110467b62,Input Validity,TF,TF Rate,5.78947,673.83
6a8896067ea61587718eeca110467b62,Localization Quality,AMCLPose,CovYawYaw,2.58662,673.1
6a8896067ea61587718eeca110467b62,Localization Quality,AMCLPose,CovYY,6.99806,673.1
6a8896067ea61587718eeca110467b62,Localization Quality,AMCLPose,CovXX,15.9657,673.1
6a8896067ea61587718eeca110467b62,Localization Quality,AMCLPose,MeanYaw,2.65322,673.1
6a8896067ea61587718eeca110467b62,Localization Quality,AMCLPose,MeanY,1.71216,673.1
6a8896067ea61587718eeca110467b62,Localization Quality,AMCLPose,MeanX,-0.513873,673.1
6a8896067ea61587718eeca110467b62,Localization Stability,TF,Jump Angular,0.0435755,674.1
6a8896067ea61587718eeca110467b62,Localization Stability,TF,Jump Linear,0.990468,674.1
6a8896067ea61587718eeca110467b62,Input Validity,Lidar,Lidar Rate,10,673.93
6a8896067ea61587718eeca110467b62,Input Validity,Odometry,Odometry Rate,50,673.93
6a8896067ea61587718eeca110467b62,Input Validity,TF,TF Rate,6,673.93
6a8896067ea61587718eeca110467b62,Input Validity,Lidar,Lidar Rate,10,674.03
6a8896067ea61587718eeca110467b62,Input Validity,Odometry,Odometry Rate,50,674.03
6a8896067ea61587718eeca110467b62,Input Validity,TF,TF Rate,6,674.03
6a8896067ea61587718eeca110467b62,Input Validity,Lidar,Lidar Rate,10,674.13
6a8896067ea61587718eeca110467b62,Input Validity,Odometry,Odometry Rate,50,674.13
6a8896067ea61587718eeca110467b62,Input Validity,TF,TF Rate,6,674.13
6a8896067ea61587718eeca110467b62,Input Validity,Lidar,Lidar Rate,10,674.23
6a8896067ea61587718eeca110467b62,Input Validity,Odometry,Odometry Rate,50,674.23
6a8896067ea61587718eeca110467b62,Input Validity,TF,TF Rate,6,674.23
6a8896067ea61587718eeca110467b62,Input Validity,Lidar,Lidar Rate,10,674.33
6a8896067ea61587718eeca110467b62,Input Validity,Odometry,Odometry Rate,50,674.33
6a8896067ea61587718eeca110467b62,Input Validity,TF,TF Rate,6,674.33
6a8896067ea61587718eeca110467b62,Localization Quality,AMCLPose,CovYawYaw,1.51487,673.3
6a8896067ea61587718eeca110467b62,Localization Quality,AMCLPose,CovYY,5.49223,673.3
6a8896067ea61587718eeca110467b62,Localization Quality,AMCLPose,CovXX,11.7839,673.3
6a8896067ea61587718eeca110467b62,Localization Quality,AMCLPose,MeanYaw,2.84313,673.3
6a8896067ea61587718eeca110467b62,Localization Quality,AMCLPose,MeanY,1.96662,673.3
6a8896067ea61587718eeca110467b62,Localization Quality,AMCLPose,MeanX,-0.409607,673.3
6a8896067ea61587718eeca110467b62,Localization Stability,TF,Jump Angular,-0.010084,674.3
6a8896067ea61587718eeca110467b62,Localization Stability,TF,Jump Linear,0.100989,674.3
6a8896067ea61587718eeca110467b62,Input Validity,Lidar,Lidar Rate,10,674.43
6a8896067ea61587718eeca110467b62,Input Validity,Odometry,Odometry Rate,50,674.43
6a8896067ea61587718eeca110467b62,Input Validity,TF,TF Rate,6.875,674.43
6a8896067ea61587718eeca110467b62,Input Validity,Lidar,Lidar Rate,10,674.53
6a8896067ea61587718eeca110467b62,Input Validity,Odometry,Odometry Rate,50,674.53
6a8896067ea61587718eeca110467b62,Input Validity,TF,TF Rate,6.875,674.53
6a8896067ea61587718eeca110467b62,Input Validity,Lidar,Lidar Rate,10,674.63
6a8896067ea61587718eeca110467b62,Input Validity,Odometry,Odometry Rate,50,674.63
6a8896067ea61587718eeca110467b62,Input Validity,TF,TF Rate,6.875,674.63
6a8896067ea61587718eeca110467b62,Input Validity,Lidar,Lidar Rate,10,674.72
6a8896067ea61587718eeca110467b62,Input Validity,Odometry,Odometry Rate,50,674.72
6a8896067ea61587718eeca110467b62,Input Validity,TF,TF Rate,6.875,674.72
6a8896067ea61587718eeca110467b62,Localization Quality,AMCLPose,CovYawYaw,0.826641,673.8
6a8896067ea61587718eeca110467b62,Localization Quality,AMCLPose,CovYY,3.73267,673.8
6a8896067ea61587718eeca110467b62,Localization Quality,AMCLPose,CovXX,7.56388,673.8
6a8896067ea61587718eeca110467b62,Localization Quality,AMCLPose,MeanYaw,-2.88215,673.8
6a8896067ea61587718eeca110467b62,Localization Quality,AMCLPose,MeanY,2.1117,673.8
6a8896067ea61587718eeca110467b62,Localization Quality,AMCLPose,MeanX,-0.386123,673.8
6a8896067ea61587718eeca110467b62,Localization Stability,TF,Jump Angular,0.0579007,674.8
6a8896067ea61587718eeca110467b62,Localization Stability,TF,Jump Linear,1.21759,674.8
6a8896067ea61587718eeca110467b62,Input Validity,Lidar,Lidar Rate,10,674.82
6a8896067ea61587718eeca110467b62,Input Validity,Odometry,Odometry Rate,50,674.82
6a8896067ea61587718eeca110467b62,Input Validity,TF,TF Rate,5.78947,674.82
6a8896067ea61587718eeca110467b62,Localization Quality,AMCLPose,CovYawYaw,0.407312,674.3
6a8896067ea61587718eeca110467b62,Localization Quality,AMCLPose,CovYY,2.14519,674.3
6a8896067ea61587718eeca110467b62,Localization Quality,AMCLPose,CovXX,3.74107,674.3
6a8896067ea61587718eeca110467b62,Localization Quality,AMCLPose,MeanYaw,-2.57826,674.3
6a8896067ea61587718eeca110467b62,Localization Quality,AMCLPose,MeanY,2.30477,674.3
6a8896067ea61587718eeca110467b62,Localization Quality,AMCLPose,MeanX,-0.248028,674.3
6a8896067ea61587718eeca110467b62,Localization Stability,TF,Jump Angular,-0.0646703,675.3
6a8896067ea61587718eeca110467b62,Localization Stability,TF,Jump Linear,0.989674,675.3
6a8896067ea61587718eeca110467b62,Localization Stability,TF,Jump Angular,0,675.4
6a8896067ea61587718eeca110467b62,Localization Stability,TF,Jump Linear,0,675.4
6a8896067ea61587718eeca110467b62,Localization Stability,TF,Jump Angular,0,675.5
6a8896067ea61587718eeca110467b62,Localization Stability,TF,Jump Linear,0,675.5
6a8896067ea61587718eeca110467b62,Localization Stability,TF,Jump Angular,0,675.6
6a8896067ea61587718eeca110467b62,Localization Stability,TF,Jump Linear,0,675.6
6a8896067ea61587718eeca110467b62,Localization Stability,TF,Jump Angular,0,675.7
6a8896067ea61587718eeca110467b62,Localization Stability,TF,Jump Linear,0,675.7
6a8896067ea61587718eeca110467b62,Localization Stability,TF,Jump Angular,0,675.8
6a8896067ea61587718eeca110467b62,Localization Stability,TF,Jump Linear,0,675.8
6a8896067ea61587718eeca110467b62,Input Validity,Lidar,Lidar Rate,10,674.92
6a8896067ea61587718eeca110467b62,Input Validity,Odometry,Odometry Rate,50,674.92
6a8896067ea61587718eeca110467b62,Input Validity,TF,TF Rate,5.5,674.92
6a8896067ea61587718eeca110467b62,Localization Stability,TF,Jump Angular,0,675.9
6a8896067ea61587718eeca110467b62,Localization Stability,TF,Jump Linear,0,675.9
6a8896067ea61587718eeca110467b62,Input Validity,Lidar,Lidar Rate,10,675.02
6a8896067ea61587718eeca110467b62,Input Validity,Odometry,Odometry Rate,50,675.02
6a8896067ea61587718eeca110467b62,Input Validity,TF,TF Rate,5.5,675.02
6a8896067ea61587718eeca110467b62,Localization Stability,TF,Jump Angular,0,676
6a8896067ea61587718eeca110467b62,Localization Stability,TF,Jump Linear,0,676
6a8896067ea61587718eeca110467b62,Input Validity,Lidar,Lidar Rate,10,675.12
6a8896067ea61587718eeca110467b62,Input Validity,Odometry,Odometry Rate,50,675.12
6a8896067ea61587718eeca110467b62,Input Validity,TF,TF Rate,5.5,675.12
6a8896067ea61587718eeca110467b62,Localization Stability,TF,Jump Angular,0,676.1
6a8896067ea61587718eeca110467b62,Localization Stability,TF,Jump Linear,0,676.1
6a8896067ea61587718eeca110467b62,Input Validity,Lidar,Lidar Rate,10,675.22
6a8896067ea61587718eeca110467b62,Input Validity,Odometry,Odometry Rate,50,675.22
6a8896067ea61587718eeca110467b62,Input Validity,TF,TF Rate,5.5,675.22
6a8896067ea61587718eeca110467b62,Localization Stability,TF,Jump Angular,0,676.2
6a8896067ea61587718eeca110467b62,Localization Stability,TF,Jump Linear,0,676.2
6a8896067ea61587718eeca110467b62,Input Validity,Lidar,Lidar Rate,10,675.32
6a8896067ea61587718eeca110467b62,Input Validity,Odometry,Odometry Rate,50,675.32
6a8896067ea61587718eeca110467b62,Input Validity,TF,TF Rate,5.78947,675.32
6a8896067ea61587718eeca110467b62,Localization Stability,TF,Jump Angular,0,676.3
6a8896067ea61587718eeca110467b62,Localization Stability,TF,Jump Linear,0,676.3
6a8896067ea61587718eeca110467b62,Input Validity,Lidar,Lidar Rate,10,675.42
6a8896067ea61587718eeca110467b62,Input Validity,Odometry,Odometry Rate,50,675.42
6a8896067ea61587718eeca110467b62,Input Validity,TF,TF Rate,6,675.42
6a8896067ea61587718eeca110467b62,Localization Stability,TF,Jump Angular,0,676.4
6a8896067ea61587718eeca110467b62,Localization Stability,TF,Jump Linear,0,676.4
6a8896067ea61587718eeca110467b62,Input Validity,Lidar,Lidar Rate,10,675.52
6a8896067ea61587718eeca110467b62,Input Validity,Odometry,Odometry Rate,50,675.52
6a8896067ea61587718eeca110467b62,Input Validity,TF,TF Rate,7.5,675.52
6a8896067ea61587718eeca110467b62,Localization Stability,TF,Jump Angular,0,676.5
6a8896067ea61587718eeca110467b62,Localization Stability,TF,Jump Linear,0,676.5
6a8896067ea61587718eeca110467b62,Input Validity,Lidar,Lidar Rate,10,675.62
6a8896067ea61587718eeca110467b62,Input Validity,Odometry,Odometry Rate,50,675.62
6a8896067ea61587718eeca110467b62,Input Validity,TF,TF Rate,7.64706,675.62
6a8896067ea61587718eeca110467b62,Localization Stability,TF,Jump Angular,0,676.6
6a8896067ea61587718eeca110467b62,Localization Stability,TF,Jump Linear,0,676.6
6a8896067ea61587718eeca110467b62,Input Validity,Lidar,Lidar Rate,10,675.72
6a8896067ea61587718eeca110467b62,Input Validity,Odometry,Odometry Rate,50,675.72
6a8896067ea61587718eeca110467b62,Input Validity,TF,TF Rate,7.77778,675.72
6a8896067ea61587718eeca110467b62,Localization Stability,TF,Jump Angular,0,676.7
6a8896067ea61587718eeca110467b62,Localization Stability,TF,Jump Linear,0,676.7
6a8896067ea61587718eeca110467b62,Input Validity,Lidar,Lidar Rate,10,675.82
6a8896067ea61587718eeca110467b62,Input Validity,Odometry,Odometry Rate,50,675.82
6a8896067ea61587718eeca110467b62,Input Validity,TF,TF Rate,7.89474,675.82
6a8896067ea61587718eeca110467b62,Localization Stability,TF,Jump Angular,0,676.8
6a8896067ea61587718eeca110467b62,Localization Stability,TF,Jump Linear,0,676.8
6a8896067ea61587718eeca110467b62,Input Validity,Lidar,Lidar Rate,10,675.92
6a8896067ea61587718eeca110467b62,Input Validity,Odometry,Odometry Rate,50,675.92
6a8896067ea61587718eeca110467b62,Input Validity,TF,TF Rate,8,675.92
6a8896067ea61587718eeca110467b62,Localization Stability,TF,Jump Angular,0,676.9
6a8896067ea61587718eeca110467b62,Localization Stability,TF,Jump Linear,0,676.9
6a8896067ea61587718eeca110467b62,Input Validity,Lidar,Lidar Rate,10,676.02
6a8896067ea61587718eeca110467b62,Input Validity,Odometry,Odometry Rate,50,676.02
6a8896067ea61587718eeca110467b62,Input Validity,TF,TF Rate,10,676.02
6a8896067ea61587718eeca110467b62,Localization Stability,TF,Jump Angular,0,677
6a8896067ea61587718eeca110467b62,Localization Stability,TF,Jump Linear,0,677
6a8896067ea61587718eeca110467b62,Input Validity,Lidar,Lidar Rate,10,676.12
6a8896067ea61587718eeca110467b62,Input Validity,Odometry,Odometry Rate,50,676.12
6a8896067ea61587718eeca110467b62,Input Validity,TF,TF Rate,10,676.12
6a8896067ea61587718eeca110467b62,Localization Stability,TF,Jump Angular,0,677.1
6a8896067ea61587718eeca110467b62,Localization Stability,TF,Jump Linear,0,677.1
6a8896067ea61587718eeca110467b62,Input Validity,Lidar,Lidar Rate,10,676.22
6a8896067ea61587718eeca110467b62,Input Validity,Odometry,Odometry Rate,50,676.22
6a8896067ea61587718eeca110467b62,Input Validity,TF,TF Rate,10,676.22
6a8896067ea61587718eeca110467b62,Localization Stability,TF,Jump Angular,0,677.2
6a8896067ea61587718eeca110467b62,Localization Stability,TF,Jump Linear,0,677.2
6a8896067ea61587718eeca110467b62,Input Validity,Lidar,Lidar Rate,10,676.32
6a8896067ea61587718eeca110467b62,Input Validity,Odometry,Odometry Rate,50,676.32
6a8896067ea61587718eeca110467b62,Input Validity,TF,TF Rate,10,676.32
6a8896067ea61587718eeca110467b62,Localization Stability,TF,Jump Angular,0,677.3
6a8896067ea61587718eeca110467b62,Localization Stability,TF,Jump Linear,0,677.3
6a8896067ea61587718eeca110467b62,Input Validity,Lidar,Lidar Rate,10,676.42
6a8896067ea61587718eeca110467b62,Input Validity,Odometry,Odometry Rate,50,676.42
6a8896067ea61587718eeca110467b62,Input Validity,TF,TF Rate,10,676.42
6a8896067ea61587718eeca110467b62,Localization Stability,TF,Jump Angular,0,677.4
6a8896067ea61587718eeca110467b62,Localization Stability,TF,Jump Linear,0,677.4
6a8896067ea61587718eeca110467b62,Input Validity,Lidar,Lidar Rate,10,676.51
6a8896067ea61587718eeca110467b62,Input Validity,Odometry,Odometry Rate,50,676.51
6a8896067ea61587718eeca110467b62,Input Validity,TF,TF Rate,10,676.51
6a8896067ea61587718eeca110467b62,Localization Stability,TF,Jump Angular,0,677.5
6a8896067ea61587718eeca110467b62,Localization Stability,TF,Jump Linear,0,677.5
6a8896067ea61587718eeca110467b62,Input Validity,Lidar,Lidar Rate,10,676.61
6a8896067ea61587718eeca110467b62,Input Validity,Odometry,Odometry Rate,50,676.61
6a8896067ea61587718eeca110467b62,Input Validity,TF,TF Rate,10,676.61
6a8896067ea61587718eeca110467b62,Localization Stability,TF,Jump Angular,0,677.6
6a8896067ea61587718eeca110467b62,Localization Stability,TF,Jump Linear,0,677.6
6a8896067ea61587718eeca110467b62,Input Validity,Lidar,Lidar Rate,10,676.71
6a8896067ea61587718eeca110467b62,Input Validity,Odometry,Odometry Rate,50,676.71
6a8896067ea61587718eeca110467b62,Input Validity,TF,TF Rate,10,676.71
6a8896067ea61587718eeca110467b62,Localization Stability,TF,Jump Angular,0,677.7
6a8896067ea61587718eeca110467b62,Localization Stability,TF,Jump Linear,0,677.7
6a8896067ea61587718eeca110467b62,Input Validity,Lidar,Lidar Rate,10,676.81
6a8896067ea61587718eeca110467b62,Input Validity,Odometry,Odometry Rate,50,676.81
6a8896067ea61587718eeca110467b62,Input Validity,TF,TF Rate,10,676.81
6a8896067ea61587718eeca110467b62,Localization Stability,TF,Jump Angular,0,677.8
6a8896067ea61587718eeca110467b62,Localization Stability,TF,Jump Linear,0,677.8
6a8896067ea61587718eeca110467b62,Input Validity,Lidar,Lidar Rate,10,676.91
6a8896067ea61587718eeca110467b62,Input Validity,Odometry,Odometry Rate,50,676.91
6a8896067ea61587718eeca110467b62,Input Validity,TF,TF Rate,10,676.91
6a8896067ea61587718eeca110467b62,Localization Stability,TF,Jump Angular,0,677.9
6a8896067ea61587718eeca110467b62,Localization Stability,TF,Jump Linear,0,677.9
6a8896067ea61587718eeca110467b62,Input Validity,Lidar,Lidar Rate,10,677.01
6a8896067ea61587718eeca110467b62,Input Validity,Odometry,Odometry Rate,50,677.01
6a8896067ea61587718eeca110467b62,Input Validity,TF,TF Rate,10,677.01
6a8896067ea61587718eeca110467b62,Localization Stability,TF,Jump Angular,0,678
6a8896067ea61587718eeca110467b62,Localization Stability,TF,Jump Linear,0,678
6a8896067ea61587718eeca110467b62,Input Validity,Lidar,Lidar Rate,10,677.11
6a8896067ea61587718eeca110467b62,Input Validity,Odometry,Odometry Rate,50,677.11
6a8896067ea61587718eeca110467b62,Input Validity,TF,TF Rate,10,677.11
6a8896067ea61587718eeca110467b62,Localization Stability,TF,Jump Angular,0,678.1
6a8896067ea61587718eeca110467b62,Localization Stability,TF,Jump Linear,0,678.1
6a8896067ea61587718eeca110467b62,Input Validity,Lidar,Lidar Rate,10,677.21
6a8896067ea61587718eeca110467b62,Input Validity,Odometry,Odometry Rate,50,677.21
6a8896067ea61587718eeca110467b62,Input Validity,TF,TF Rate,10,677.21
6a8896067ea61587718eeca110467b62,Localization Stability,TF,Jump Angular,0,678.2
6a8896067ea61587718eeca110467b62,Localization Stability,TF,Jump Linear,0,678.2
6a8896067ea61587718eeca110467b62,Input Validity,Lidar,Lidar Rate,10,677.31
6a8896067ea61587718eeca110467b62,Input Validity,Odometry,Odometry Rate,50,677.31
6a8896067ea61587718eeca110467b62,Input Validity,TF,TF Rate,10,677.31
6a8896067ea61587718eeca110467b62,Localization Stability,TF,Jump Angular,0,678.3
6a8896067ea61587718eeca110467b62,Localization Stability,TF,Jump Linear,0,678.3
6a8896067ea61587718eeca110467b62,Input Validity,Lidar,Lidar Rate,10,677.41
6a8896067ea61587718eeca110467b62,Input Validity,Odometry,Odometry Rate,50,677.41
6a8896067ea61587718eeca110467b62,Input Validity,TF,TF Rate,10,677.41
6a8896067ea61587718eeca110467b62,Localization Stability,TF,Jump Angular,0,678.4
6a8896067ea61587718eeca110467b62,Localization Stability,TF,Jump Linear,0,678.4
6a8896067ea61587718eeca110467b62,Input Validity,Lidar,Lidar Rate,10,677.51
6a8896067ea61587718eeca110467b62,Input Validity,Odometry,Odometry Rate,50,677.51
6a8896067ea61587718eeca110467b62,Input Validity,TF,TF Rate,10,677.51
6a8896067ea61587718eeca110467b62,Localization Stability,TF,Jump Angular,0,678.5
6a8896067ea61587718eeca110467b62,Localization Stability,TF,Jump Linear,0,678.5
6a8896067ea61587718eeca110467b62,Input Validity,Lidar,Lidar Rate,10,677.61
6a8896067ea61587718eeca110467b62,Input Validity,Odometry,Odometry Rate,50,677.61
6a8896067ea61587718eeca110467b62,Input Validity,TF,TF Rate,10,677.61
6a8896067ea61587718eeca110467b62,Localization Stability,TF,Jump Angular,0,678.6
6a8896067ea61587718eeca110467b62,Localization Stability,TF,Jump Linear,0,678.6
6a8896067ea61587718eeca110467b62,Input Validity,Lidar,Lidar Rate,10,677.71
6a8896067ea61587718eeca110467b62,Input Validity,Odometry,Odometry Rate,50,677.71
6a8896067ea61587718eeca110467b62,Input Validity,TF,TF Rate,10,677.71
6a8896067ea61587718eeca110467b62,Localization Stability,TF,Jump Angular,0,678.7
6a8896067ea61587718eeca110467b62,Localization Stability,TF,Jump Linear,0,678.7
6a8896067ea61587718eeca110467b62,Input Validity,Lidar,Lidar Rate,10,677.81
6a8896067ea61587718eeca110467b62,Input Validity,Odometry,Odometry Rate,50,677.81
6a8896067ea61587718eeca110467b62,Input Validity,TF,TF Rate,10,677.81
6a8896067ea61587718eeca110467b62,Localization Stability,TF,Jump Angular,0,678.8
6a8896067ea61587718eeca110467b62,Localization Stability,TF,Jump Linear,0,678.8
6a8896067ea61587718eeca110467b62,Input Validity,Lidar,Lidar Rate,10,677.91
6a8896067ea61587718eeca110467b62,Input Validity,Odometry,Odometry Rate,50,677.91
6a8896067ea61587718eeca110467b62,Input Validity,TF,TF Rate,10,677.91
6a8896067ea61587718eeca110467b62,Localization Stability,TF,Jump Angular,0,678.9
6a8896067ea61587718eeca110467b62,Localization Stability,TF,Jump Linear,0,678.9
6a8896067ea61587718eeca110467b62,Input Validity,Lidar,Lidar Rate,10,678.01
6a8896067ea61587718eeca110467b62,Input Validity,Odometry,Odometry Rate,50,678.01
6a8896067ea61587718eeca110467b62,Input Validity,TF,TF Rate,10,678.01
6a8896067ea61587718eeca110467b62,Localization Stability,TF,Jump Angular,0,679
6a8896067ea61587718eeca110467b62,Localization Stability,TF,Jump Linear,0,679
6a8896067ea61587718eeca110467b62,Input Validity,Lidar,Lidar Rate,10,678.11
6a8896067ea61587718eeca110467b62,Input Validity,Odometry,Odometry Rate,50,678.11
6a8896067ea61587718eeca110467b62,Input Validity,TF,TF Rate,10,678.11
6a8896067ea61587718eeca110467b62,Localization Stability,TF,Jump Angular,0,679.1
6a8896067ea61587718eeca110467b62,Localization Stability,TF,Jump Linear,0,679.1
6a8896067ea61587718eeca110467b62,Input Validity,Lidar,Lidar Rate,10,678.21
6a8896067ea61587718eeca110467b62,Input Validity,Odometry,Odometry Rate,50,678.21
6a8896067ea61587718eeca110467b62,Input Validity,TF,TF Rate,10,678.21
6a8896067ea61587718eeca110467b62,Localization Stability,TF,Jump Angular,0,679.2
6a8896067ea61587718eeca110467b62,Localization Stability,TF,Jump Linear,0,679.2
6a8896067ea61587718eeca110467b62,Input Validity,Lidar,Lidar Rate,10,678.31
6a8896067ea61587718eeca110467b62,Input Validity,Odometry,Odometry Rate,50,678.31
6a8896067ea61587718eeca110467b62,Input Validity,TF,TF Rate,10,678.31
6a8896067ea61587718eeca110467b62,Localization Stability,TF,Jump Angular,0,679.3
6a8896067ea61587718eeca110467b62,Localization Stability,TF,Jump Linear,0,679.3
6a8896067ea61587718eeca110467b62,Input Validity,Lidar,Lidar Rate,10,678.4
6a8896067ea61587718eeca110467b62,Input Validity,Odometry,Odometry Rate,50,678.4
6a8896067ea61587718eeca110467b62,Input Validity,TF,TF Rate,10,678.4
6a8896067ea61587718eeca110467b62,Localization Stability,TF,Jump Angular,0,679.4
6a8896067ea61587718eeca110467b62,Localization Stability,TF,Jump Linear,0,679.4
6a8896067ea61587718eeca110467b62,Input Validity,Lidar,Lidar Rate,10,678.5
6a8896067ea61587718eeca110467b62,Input Validity,Odometry,Odometry Rate,50,678.5
6a8896067ea61587718eeca110467b62,Input Validity,TF,TF Rate,10,678.5
6a8896067ea61587718eeca110467b62,Localization Stability,TF,Jump Angular,0,679.5
6a8896067ea61587718eeca110467b62,Localization Stability,TF,Jump Linear,0,679.5
6a8896067ea61587718eeca110467b62,Input Validity,Lidar,Lidar Rate,10,678.6
6a8896067ea61587718eeca110467b62,Input Validity,Odometry,Odometry Rate,50,678.6
6a8896067ea61587718eeca110467b62,Input Validity,TF,TF Rate,10,678.6
6a8896067ea61587718eeca110467b62,Localization Stability,TF,Jump Angular,0,679.6
6a8896067ea61587718eeca110467b62,Localization Stability,TF,Jump Linear,0,679.6
6a8896067ea61587718eeca110467b62,Input Validity,Lidar,Lidar Rate,10,678.7
6a8896067ea61587718eeca110467b62,Input Validity,Odometry,Odometry Rate,50,678.7
6a8896067ea61587718eeca110467b62,Input Validity,TF,TF Rate,10,678.7
6a8896067ea61587718eeca110467b62,Localization Stability,TF,Jump Angular,0,679.7
6a8896067ea61587718eeca110467b62,Localization Stability,TF,Jump Linear,0,679.7
6a8896067ea61587718eeca110467b62,Input Validity,Lidar,Lidar Rate,10,678.8
6a8896067ea61587718eeca110467b62,Input Validity,Odometry,Odometry Rate,50,678.8
6a8896067ea61587718eeca110467b62,Input Validity,TF,TF Rate,10,678.8
6a8896067ea61587718eeca110467b62,Localization Stability,TF,Jump Angular,0,679.8
6a8896067ea61587718eeca110467b62,Localization Stability,TF,Jump Linear,0,679.8
6a8896067ea61587718eeca110467b62,Input Validity,Lidar,Lidar Rate,10,678.9
6a8896067ea61587718eeca110467b62,Input Validity,Odometry,Odometry Rate,50,678.9
6a8896067ea61587718eeca110467b62,Input Validity,TF,TF Rate,10,678.9
6a8896067ea61587718eeca110467b62,Localization Stability,TF,Jump Angular,0,679.9
6a8896067ea61587718eeca110467b62,Localization Stability,TF,Jump Linear,0,679.9
6a8896067ea61587718eeca110467b62,Input Validity,Lidar,Lidar Rate,10,679
6a8896067ea61587718eeca110467b62,Input Validity,Odometry,Odometry Rate,50,679
6a8896067ea61587718eeca110467b62,Input Validity,TF,TF Rate,10,679
6a8896067ea61587718eeca110467b62,Localization Stability,TF,Jump Angular,0,680
6a8896067ea61587718eeca110467b62,Localization Stability,TF,Jump Linear,0,680
6a8896067ea61587718eeca110467b62,Input Validity,Lidar,Lidar Rate,10,679.1
6a8896067ea61587718eeca110467b62,Input Validity,Odometry,Odometry Rate,50,679.1
6a8896067ea61587718eeca110467b62,Input Validity,TF,TF Rate,10,679.1
6a8896067ea61587718eeca110467b62,Localization Stability,TF,Jump Angular,0,680.1
6a8896067ea61587718eeca110467b62,Localization Stability,TF,Jump Linear,0,680.1
6a8896067ea61587718eeca110467b62,Input Validity,Lidar,Lidar Rate,10,679.2
6a8896067ea61587718eeca110467b62,Input Validity,Odometry,Odometry Rate,50,679.2
6a8896067ea61587718eeca110467b62,Input Validity,TF,TF Rate,10,679.2
6a8896067ea61587718eeca110467b62,Localization Stability,TF,Jump Angular,0,680.2
6a8896067ea61587718eeca110467b62,Localization Stability,TF,Jump Linear,0,680.2
6a8896067ea61587718eeca110467b62,Input Validity,Lidar,Lidar Rate,10,679.3
6a8896067ea61587718eeca110467b62,Input Validity,Odometry,Odometry Rate,50,679.3
6a8896067ea61587718eeca110467b62,Input Validity,TF,TF Rate,10,679.3
6a8896067ea61587718eeca110467b62,Localization Stability,TF,Jump Angular,0,680.3
6a8896067ea61587718eeca110467b62,Localization Stability,TF,Jump Linear,0,680.3
6a8896067ea61587718eeca110467b62,Input Validity,Lidar,Lidar Rate,10,679.4
6a8896067ea61587718eeca110467b62,Input Validity,Odometry,Odometry Rate,50,679.4
6a8896067ea61587718eeca110467b62,Input Validity,TF,TF Rate,10,679.4
6a8896067ea61587718eeca110467b62,Localization Stability,TF,Jump Angular,0,680.4
6a8896067ea61587718eeca110467b62,Localization Stability,TF,Jump Linear,0,680.4
6a8896067ea61587718eeca110467b62,Input Validity,Lidar,Lidar Rate,10,679.5
6a8896067ea61587718eeca110467b62,Input Validity,Odometry,Odometry Rate,50,679.5
6a8896067ea61587718eeca110467b62,Input Validity,TF,TF Rate,10,679.5
6a8896067ea61587718eeca110467b62,Input Validity,Lidar,Lidar Rate,10,679.6
6a8896067ea61587718eeca110467b62,Input Validity,Odometry,Odometry Rate,50,679.6
6a8896067ea61587718eeca110467b62,Input Validity,TF,TF Rate,10,679.6
6a8896067ea61587718eeca110467b62,Localization Stability,TF,Jump Angular,0,680.5
6a8896067ea61587718eeca110467b62,Localization Stability,TF,Jump Linear,0,680.5
6a8896067ea61587718eeca110467b62,Localization Stability,TF,Jump Angular,0,680.6
6a8896067ea61587718eeca110467b62,Localization Stability,TF,Jump Linear,0,680.6
6a8896067ea61587718eeca110467b62,Input Validity,Lidar,Lidar Rate,10,679.7
6a8896067ea61587718eeca110467b62,Input Validity,Odometry,Odometry Rate,50,679.7
6a8896067ea61587718eeca110467b62,Input Validity,TF,TF Rate,10,679.7
6a8896067ea61587718eeca110467b62,Localization Stability,TF,Jump Angular,0,680.7
6a8896067ea61587718eeca110467b62,Localization Stability,TF,Jump Linear,0,680.7
6a8896067ea61587718eeca110467b62,Input Validity,Lidar,Lidar Rate,10,679.8
6a8896067ea61587718eeca110467b62,Input Validity,Odometry,Odometry Rate,50,679.8
6a8896067ea61587718eeca110467b62,Input Validity,TF,TF Rate,10,679.8
6a8896067ea61587718eeca110467b62,Localization Stability,TF,Jump Angular,0,680.8
6a8896067ea61587718eeca110467b62,Localization Stability,TF,Jump Linear,0,680.8
6a8896067ea61587718eeca110467b62,Input Validity,Lidar,Lidar Rate,10,679.9
6a8896067ea61587718eeca110467b62,Input Validity,Odometry,Odometry Rate,50,679.9
6a8896067ea61587718eeca110467b62,Input Validity,TF,TF Rate,10,679.9
6a8896067ea61587718eeca110467b62,Localization Stability,TF,Jump Angular,0,680.9
6a8896067ea61587718eeca110467b62,Localization Stability,TF,Jump Linear,0,680.9
6a8896067ea61587718eeca110467b62,Input Validity,Lidar,Lidar Rate,10,680
6a8896067ea61587718eeca110467b62,Input Validity,Odometry,Odometry Rate,50,680
6a8896067ea61587718eeca110467b62,Input Validity,TF,TF Rate,10,680
6a8896067ea61587718eeca110467b62,Localization Stability,TF,Jump Angular,0,681
6a8896067ea61587718eeca110467b62,Localization Stability,TF,Jump Linear,0,681
6a8896067ea61587718eeca110467b62,Input Validity,Lidar,Lidar Rate,10,680.1
6a8896067ea61587718eeca110467b62,Input Validity,Odometry,Odometry Rate,50,680.1
6a8896067ea61587718eeca110467b62,Input Validity,TF,TF Rate,10,680.1
6a8896067ea61587718eeca110467b62,Input Validity,Lidar,Lidar Rate,10,680.19
6a8896067ea61587718eeca110467b62,Input Validity,Odometry,Odometry Rate,50,680.19
6a8896067ea61587718eeca110467b62,Input Validity,TF,TF Rate,10,680.19
6a8896067ea61587718eeca110467b62,Localization Quality,AMCLPose,CovYawYaw,0.174637,680.1
6a8896067ea61587718eeca110467b62,Localization Quality,AMCLPose,CovYY,0.907676,680.1
6a8896067ea61587718eeca110467b62,Localization Quality,AMCLPose,CovXX,1.49488,680.1
6a8896067ea61587718eeca110467b62,Localization Quality,AMCLPose,MeanYaw,-2.58685,680.1
6a8896067ea61587718eeca110467b62,Localization Quality,AMCLPose,MeanY,2.44929,680.1
6a8896067ea61587718eeca110467b62,Localization Quality,AMCLPose,MeanX,-0.0748854,680.1
6a8896067ea61587718eeca110467b62,Localization Stability,TF,Jump Angular,-0.00858544,681.1
6a8896067ea61587718eeca110467b62,Localization Stability,TF,Jump Linear,0.0853627,681.1
6a8896067ea61587718eeca110467b62,Localization Stability,TF,Jump Angular,0,681.2
6a8896067ea61587718eeca110467b62,Localization Stability,TF,Jump Linear,0,681.2
6a8896067ea61587718eeca110467b62,Input Validity,Lidar,Lidar Rate,10,680.29
6a8896067ea61587718eeca110467b62,Input Validity,Odometry,Odometry Rate,50,680.29
6a8896067ea61587718eeca110467b62,Input Validity,TF,TF Rate,10,680.29
6a8896067ea61587718eeca110467b62,Localization Stability,TF,Jump Angular,0,681.3
6a8896067ea61587718eeca110467b62,Localization Stability,TF,Jump Linear,0,681.3
6a8896067ea61587718eeca110467b62,Input Validity,Lidar,Lidar Rate,10,680.39
6a8896067ea61587718eeca110467b62,Input Validity,Odometry,Odometry Rate,50,680.39
6a8896067ea61587718eeca110467b62,Input Validity,TF,TF Rate,10,680.39
6a8896067ea61587718eeca110467b62,Localization Stability,TF,Jump Angular,0,681.4
6a8896067ea61587718eeca110467b62,Localization Stability,TF,Jump Linear,0,681.4
6a8896067ea61587718eeca110467b62,Input Validity,Lidar,Lidar Rate,10,680.49
6a8896067ea61587718eeca110467b62,Input Validity,Odometry,Odometry Rate,50,680.49
6a8896067ea61587718eeca110467b62,Input Validity,TF,TF Rate,10,680.49
6a8896067ea61587718eeca110467b62,Localization Stability,TF,Jump Angular,0,681.5
6a8896067ea61587718eeca110467b62,Localization Stability,TF,Jump Linear,0,681.5
6a8896067ea61587718eeca110467b62,Input Validity,Lidar,Lidar Rate,10,680.59
6a8896067ea61587718eeca110467b62,Input Validity,Odometry,Odometry Rate,50,680.59
6a8896067ea61587718eeca110467b62,Input Validity,TF,TF Rate,10,680.59
6a8896067ea61587718eeca110467b62,Localization Stability,TF,Jump Angular,0,681.6
6a8896067ea61587718eeca110467b62,Localization Stability,TF,Jump Linear,0,681.6
6a8896067ea61587718eeca110467b62,Input Validity,Lidar,Lidar Rate,10,680.69
6a8896067ea61587718eeca110467b62,Input Validity,Odometry,Odometry Rate,50,680.69
6a8896067ea61587718eeca110467b62,Input Validity,TF,TF Rate,10,680.69
6a8896067ea61587718eeca110467b62,Localization Stability,TF,Jump Angular,0,681.7
6a8896067ea61587718eeca110467b62,Localization Stability,TF,Jump Linear,0,681.7
6a8896067ea61587718eeca110467b62,Input Validity,Lidar,Lidar Rate,10,680.79
6a8896067ea61587718eeca110467b62,Input Validity,Odometry,Odometry Rate,50,680.79
6a8896067ea61587718eeca110467b62,Input Validity,TF,TF Rate,10,680.79
6a8896067ea61587718eeca110467b62,Localization Quality,AMCLPose,CovYawYaw,0.0771473,680.8
6a8896067ea61587718eeca110467b62,Localization Quality,AMCLPose,CovYY,0.399029,680.8
6a8896067ea61587718eeca110467b62,Localization Quality,AMCLPose,CovXX,0.638604,680.8
6a8896067ea61587718eeca110467b62,Localization Quality,AMCLPose,MeanYaw,-2.59119,680.8
6a8896067ea61587718eeca110467b62,Localization Quality,AMCLPose,MeanY,2.51041,680.8
6a8896067ea61587718eeca110467b62,Localization Quality,AMCLPose,MeanX,0.0201769,680.8
6a8896067ea61587718eeca110467b62,Localization Stability,TF,Jump Angular,-0.0043453,681.8
6a8896067ea61587718eeca110467b62,Localization Stability,TF,Jump Linear,0.0729434,681.8
6a8896067ea61587718eeca110467b62,Input Validity,Lidar,Lidar Rate,10,680.89
6a8896067ea61587718eeca110467b62,Input Validity,Odometry,Odometry Rate,50,680.89
6a8896067ea61587718eeca110467b62,Input Validity,TF,TF Rate,10,680.89
6a8896067ea61587718eeca110467b62,Localization Stability,TF,Jump Angular,0,681.9
6a8896067ea61587718eeca110467b62,Localization Stability,TF,Jump Linear,0,681.9
6a8896067ea61587718eeca110467b62,Input Validity,Lidar,Lidar Rate,10,680.99
6a8896067ea61587718eeca110467b62,Input Validity,Odometry,Odometry Rate,50,680.99
6a8896067ea61587718eeca110467b62,Input Validity,TF,TF Rate,10,680.99
6a8896067ea61587718eeca110467b62,Localization Stability,TF,Jump Angular,0,682
6a8896067ea61587718eeca110467b62,Localization Stability,TF,Jump Linear,0,682
6a8896067ea61587718eeca110467b62,Input Validity,Lidar,Lidar Rate,10,681.09
6a8896067ea61587718eeca110467b62,Input Validity,Odometry,Odometry Rate,50,681.09
6a8896067ea61587718eeca110467b62,Input Validity,TF,TF Rate,10,681.09
6a8896067ea61587718eeca110467b62,Localization Stability,TF,Jump Angular,0,682.1
6a8896067ea61587718eeca110467b62,Localization Stability,TF,Jump Linear,0,682.1
6a8896067ea61587718eeca110467b62,Input Validity,Lidar,Lidar Rate,10,681.19
6a8896067ea61587718eeca110467b62,Input Validity,Odometry,Odometry Rate,50,681.19
6a8896067ea61587718eeca110467b62,Input Validity,TF,TF Rate,10,681.19
6a8896067ea61587718eeca110467b62,Localization Stability,TF,Jump Angular,0,682.2
6a8896067ea61587718eeca110467b62,Localization Stability,TF,Jump Linear,0,682.2
6a8896067ea61587718eeca110467b62,Input Validity,Lidar,Lidar Rate,10,681.29
6a8896067ea61587718eeca110467b62,Input Validity,Odometry,Odometry Rate,50,681.29
6a8896067ea61587718eeca110467b62,Input Validity,TF,TF Rate,10,681.29
6a8896067ea61587718eeca110467b62,Localization Stability,TF,Jump Angular,0,682.3
6a8896067ea61587718eeca110467b62,Localization Stability,TF,Jump Linear,0,682.3
6a8896067ea61587718eeca110467b62,Input Validity,Lidar,Lidar Rate,10,681.39
6a8896067ea61587718eeca110467b62,Input Validity,Odometry,Odometry Rate,50,681.39
6a8896067ea61587718eeca110467b62,Input Validity,TF,TF Rate,10,681.39
6a8896067ea61587718eeca110467b62,Localization Stability,TF,Jump Angular,0,682.4
6a8896067ea61587718eeca110467b62,Localization Stability,TF,Jump Linear,0,682.4
6a8896067ea61587718eeca110467b62,Input Validity,Lidar,Lidar Rate,10,681.49
6a8896067ea61587718eeca110467b62,Input Validity,Odometry,Odometry Rate,50,681.49
6a8896067ea61587718eeca110467b62,Input Validity,TF,TF Rate,10,681.49
6a8896067ea61587718eeca110467b62,Localization Quality,AMCLPose,CovYawYaw,0.0379263,681.5
6a8896067ea61587718eeca110467b62,Localization Quality,AMCLPose,CovYY,0.206003,681.5
6a8896067ea61587718eeca110467b62,Localization Quality,AMCLPose,CovXX,0.304605,681.5
6a8896067ea61587718eeca110467b62,Localization Quality,AMCLPose,MeanYaw,-2.59221,681.5
6a8896067ea61587718eeca110467b62,Localization Quality,AMCLPose,MeanY,2.58433,681.5
6a8896067ea61587718eeca110467b62,Localization Quality,AMCLPose,MeanX,0.0923334,681.5
6a8896067ea61587718eeca110467b62,Localization Stability,TF,Jump Angular,-0.00102454,682.5
6a8896067ea61587718eeca110467b62,Localization Stability,TF,Jump Linear,0.0203957,682.5
6a8896067ea61587718eeca110467b62,Input Validity,Lidar,Lidar Rate,10,681.59
6a8896067ea61587718eeca110467b62,Input Validity,Odometry,Odometry Rate,50,681.59
6a8896067ea61587718eeca110467b62,Input Validity,TF,TF Rate,10,681.59
6a8896067ea61587718eeca110467b62,Localization Stability,TF,Jump Angular,0,682.6
6a8896067ea61587718eeca110467b62,Localization Stability,TF,Jump Linear,0,682.6
6a8896067ea61587718eeca110467b62,Input Validity,Lidar,Lidar Rate,10,681.69
6a8896067ea61587718eeca110467b62,Input Validity,Odometry,Odometry Rate,50,681.69
6a8896067ea61587718eeca110467b62,Input Validity,TF,TF Rate,10,681.69
6a8896067ea61587718eeca110467b62,Localization Stability,TF,Jump Angular,0,682.7
6a8896067ea61587718eeca110467b62,Localization Stability,TF,Jump Linear,0,682.7
6a8896067ea61587718eeca110467b62,Input Validity,Lidar,Lidar Rate,10,681.79
6a8896067ea61587718eeca110467b62,Input Validity,Odometry,Odometry Rate,50,681.79
6a8896067ea61587718eeca110467b62,Input Validity,TF,TF Rate,10,681.79
6a8896067ea61587718eeca110467b62,Localization Quality,AMCLPose,CovYawYaw,0.04414,681.8
6a8896067ea61587718eeca110467b62,Localization Quality,AMCLPose,CovYY,0.277375,681.8
6a8896067ea61587718eeca110467b62,Localization Quality,AMCLPose,CovXX,0.463497,681.8
6a8896067ea61587718eeca110467b62,Localization Quality,AMCLPose,MeanYaw,-2.49266,681.8
6a8896067ea61587718eeca110467b62,Localization Quality,AMCLPose,MeanY,2.57965,681.8
6a8896067ea61587718eeca110467b62,Localization Quality,AMCLPose,MeanX,0.0699563,681.8
6a8896067ea61587718eeca110467b62,Localization Stability,TF,Jump Angular,0.000624456,682.8
6a8896067ea61587718eeca110467b62,Localization Stability,TF,Jump Linear,0.0275781,682.8
6a8896067ea61587718eeca110467b62,Input Validity,Lidar,Lidar Rate,10,681.89
6a8896067ea61587718eeca110467b62,Input Validity,Odometry,Odometry Rate,50,681.89
6a8896067ea61587718eeca110467b62,Input Validity,TF,TF Rate,10,681.89
6a8896067ea61587718eeca110467b62,Localization Quality,AMCLPose,CovYawYaw,0.0400353,681.9
6a8896067ea61587718eeca110467b62,Localization Quality,AMCLPose,CovYY,0.199159,681.9
6a8896067ea61587718eeca110467b62,Localization Quality,AMCLPose,CovXX,0.338385,681.9
6a8896067ea61587718eeca110467b62,Localization Quality,AMCLPose,MeanYaw,-2.42353,681.9
6a8896067ea61587718eeca110467b62,Localization Quality,AMCLPose,MeanY,2.57462,681.9
6a8896067ea61587718eeca110467b62,Localization Quality,AMCLPose,MeanX,0.0742007,681.9
6a8896067ea61587718eeca110467b62,Localization Stability,TF,Jump Angular,0.00242849,682.9
6a8896067ea61587718eeca110467b62,Localization Stability,TF,Jump Linear,0.0406372,682.9
6a8896067ea61587718eeca110467b62,Input Validity,Lidar,Lidar Rate,10,681.98
6a8896067ea61587718eeca110467b62,Input Validity,Odometry,Odometry Rate,50,681.98
6a8896067ea61587718eeca110467b62,Input Validity,TF,TF Rate,10,681.98
6a8896067ea61587718eeca110467b62,Localization Quality,AMCLPose,CovYawYaw,0.038139,682
6a8896067ea61587718eeca110467b62,Localization Quality,AMCLPose,CovYY,0.131856,682
6a8896067ea61587718eeca110467b62,Localization Quality,AMCLPose,CovXX,0.325922,682
6a8896067ea61587718eeca110467b62,Localization Quality,AMCLPose,MeanYaw,-2.3376,682
6a8896067ea61587718eeca110467b62,Localization Quality,AMCLPose,MeanY,2.57583,682
6a8896067ea61587718eeca110467b62,Localization Quality,AMCLPose,MeanX,0.0814035,682
6a8896067ea61587718eeca110467b62,Localization Stability,TF,Jump Angular,0.0022342,683
6a8896067ea61587718eeca110467b62,Localization Stability,TF,Jump Linear,0.0439773,683
6a8896067ea61587718eeca110467b62,Input Validity,Lidar,Lidar Rate,10,682.08
6a8896067ea61587718eeca110467b62,Input Validity,Odometry,Odometry Rate,50,682.08
6a8896067ea61587718eeca110467b62,Input Validity,TF,TF Rate,10,682.08
6a8896067ea61587718eeca110467b62,Localization Quality,AMCLPose,CovYawYaw,0.0430716,682.1
6a8896067ea61587718eeca110467b62,Localization Quality,AMCLPose,CovYY,0.153219,682.1
6a8896067ea61587718eeca110467b62,Localization Quality,AMCLPose,CovXX,0.395166,682.1
6a8896067ea61587718eeca110467b62,Localization Quality,AMCLPose,MeanYaw,-2.23386,682.1
6a8896067ea61587718eeca110467b62,Localization Quality,AMCLPose,MeanY,2.57696,682.1
6a8896067ea61587718eeca110467b62,Localization Quality,AMCLPose,MeanX,0.081425,682.1
6a8896067ea61587718eeca110467b62,Localization Stability,TF,Jump Angular,0.00308001,683.1
6a8896067ea61587718eeca110467b62,Localization Stability,TF,Jump Linear,0.0573403,683.1
6a8896067ea61587718eeca110467b62,Input Validity,Lidar,Lidar Rate,10,682.18
6a8896067ea61587718eeca110467b62,Input Validity,Odometry,Odometry Rate,50,682.18
6a8896067ea61587718eeca110467b62,Input Validity,TF,TF Rate,10,682.18
6a8896067ea61587718eeca110467b62,Localization Quality,AMCLPose,CovYawYaw,0.0495096,682.2
6a8896067ea61587718eeca110467b62,Localization Quality,AMCLPose,CovYY,0.163714,682.2
6a8896067ea61587718eeca110467b62,Localization Quality,AMCLPose,CovXX,0.530349,682.2
6a8896067ea61587718eeca110467b62,Localization Quality,AMCLPose,MeanYaw,-2.11363,682.2
6a8896067ea61587718eeca110467b62,Localization Quality,AMCLPose,MeanY,2.5688,682.2
6a8896067ea61587718eeca110467b62,Localization Quality,AMCLPose,MeanX,0.08148,682.2
6a8896067ea61587718eeca110467b62,Localization Stability,TF,Jump Angular,0.00257932,683.2
6a8896067ea61587718eeca110467b62,Localization Stability,TF,Jump Linear,0.0391373,683.2
6a8896067ea61587718eeca110467b62,Input Validity,Lidar,Lidar Rate,10,682.28
6a8896067ea61587718eeca110467b62,Input Validity,Odometry,Odometry Rate,50,682.28
6a8896067ea61587718eeca110467b62,Input Validity,TF,TF Rate,10,682.28
6a8896067ea61587718eeca110467b62,Localization Quality,AMCLPose,CovYawYaw,0.0288303,682.3
6a8896067ea61587718eeca110467b62,Localization Quality,AMCLPose,CovYY,0.103918,682.3
6a8896067ea61587718eeca110467b62,Localization Quality,AMCLPose,CovXX,0.39493,682.3
6a8896067ea61587718eeca110467b62,Localization Quality,AMCLPose,MeanYaw,-1.98251,682.3
6a8896067ea61587718eeca110467b62,Localization Quality,AMCLPose,MeanY,2.58576,682.3
6a8896067ea61587718eeca110467b62,Localization Quality,AMCLPose,MeanX,0.0801945,682.3
6a8896067ea61587718eeca110467b62,Localization Stability,TF,Jump Angular,-0.00350585,683.3
6a8896067ea61587718eeca110467b62,Localization Stability,TF,Jump Linear,0.0478708,683.3
6a8896067ea61587718eeca110467b62,Input Validity,Lidar,Lidar Rate,10,682.38
6a8896067ea61587718eeca110467b62,Input Validity,Odometry,Odometry Rate,50,682.38
6a8896067ea61587718eeca110467b62,Input Validity,TF,TF Rate,10,682.38
6a8896067ea61587718eeca110467b62,Input Validity,Lidar,Lidar Rate,10,682.48
6a8896067ea61587718eeca110467b62,Input Validity,Odometry,Odometry Rate,50,682.48
6a8896067ea61587718eeca110467b62,Input Validity,TF,TF Rate,10,682.48
6a8896067ea61587718eeca110467b62,Localization Quality,AMCLPose,CovYawYaw,0.0118837,682.4
6a8896067ea61587718eeca110467b62,Localization Quality,AMCLPose,CovYY,0.0447484,682.4
6a8896067ea61587718eeca110467b62,Localization Quality,AMCLPose,CovXX,0.153481,682.4
6a8896067ea61587718eeca110467b62,Localization Quality,AMCLPose,MeanYaw,-1.83552,682.4
6a8896067ea61587718eeca110467b62,Localization Quality,AMCLPose,MeanY,2.59031,682.4
6a8896067ea61587718eeca110467b62,Localization Quality,AMCLPose,MeanX,0.0765045,682.4
6a8896067ea61587718eeca110467b62,Localization Stability,TF,Jump Angular,-0.00461952,683.4
6a8896067ea61587718eeca110467b62,Localization Stability,TF,Jump Linear,0.0807617,683.4
6a8896067ea61587718eeca110467b62,Input Validity,Lidar,Lidar Rate,10,682.58
6a8896067ea61587718eeca110467b62,Input Validity,Odometry,Odometry Rate,50,682.58
6a8896067ea61587718eeca110467b62,Input Validity,TF,TF Rate,10,682.58
6a8896067ea61587718eeca110467b62,Localization Quality,AMCLPose,CovYawYaw,0.00708213,682.5
6a8896067ea61587718eeca110467b62,Localization Quality,AMCLPose,CovYY,0.0168992,682.5
6a8896067ea61587718eeca110467b62,Localization Quality,AMCLPose,CovXX,0.129104,682.5
6a8896067ea61587718eeca110467b62,Localization Quality,AMCLPose,MeanYaw,-1.67161,682.5
6a8896067ea61587718eeca110467b62,Localization Quality,AMCLPose,MeanY,2.59727,682.5
6a8896067ea61587718eeca110467b62,Localization Quality,AMCLPose,MeanX,0.0701136,682.5
6a8896067ea61587718eeca110467b62,Localization Stability,TF,Jump Angular,-0.00468967,683.5
6a8896067ea61587718eeca110467b62,Localization Stability,TF,Jump Linear,0.0805132,683.5
6a8896067ea61587718eeca110467b62,Input Validity,Lidar,Lidar Rate,10,682.68
6a8896067ea61587718eeca110467b62,Input Validity,Odometry,Odometry Rate,50,682.68
6a8896067ea61587718eeca110467b62,Input Validity,TF,TF Rate,10,682.68
6a8896067ea61587718eeca110467b62,Localization Quality,AMCLPose,CovYawYaw,0.00424818,682.6
6a8896067ea61587718eeca110467b62,Localization Quality,AMCLPose,CovYY,0.0114523,682.6
6a8896067ea61587718eeca110467b62,Localization Quality,AMCLPose,CovXX,0.0666852,682.6
6a8896067ea61587718eeca110467b62,Localization Quality,AMCLPose,MeanYaw,-1.50397,682.6
6a8896067ea61587718eeca110467b62,Localization Quality,AMCLPose,MeanY,2.60811,682.6
6a8896067ea61587718eeca110467b62,Localization Quality,AMCLPose,MeanX,0.0598299,682.6
6a8896067ea61587718eeca110467b62,Localization Stability,TF,Jump Angular,-0.00587522,683.6
6a8896067ea61587718eeca110467b62,Localization Stability,TF,Jump Linear,0.0986773,683.6
6a8896067ea61587718eeca110467b62,Input Validity,Lidar,Lidar Rate,10,682.78
6a8896067ea61587718eeca110467b62,Input Validity,Odometry,Odometry Rate,50,682.78
6a8896067ea61587718eeca110467b62,Input Validity,TF,TF Rate,10,682.78
6a8896067ea61587718eeca110467b62,Localization Quality,AMCLPose,CovYawYaw,0.00254541,682.7
6a8896067ea61587718eeca110467b62,Localization Quality,AMCLPose,CovYY,0.00824462,682.7
6a8896067ea61587718eeca110467b62,Localization Quality,AMCLPose,CovXX,0.0343203,682.7
6a8896067ea61587718eeca110467b62,Localization Quality,AMCLPose,MeanYaw,-1.38048,682.7
6a8896067ea61587718eeca110467b62,Localization Quality,AMCLPose,MeanY,2.60717,682.7
6a8896067ea61587718eeca110467b62,Localization Quality,AMCLPose,MeanX,0.0556684,682.7
6a8896067ea61587718eeca110467b62,Localization Stability,TF,Jump Angular,-0.00520466,683.7
6a8896067ea61587718eeca110467b62,Localization Stability,TF,Jump Linear,0.0901977,683.7
6a8896067ea61587718eeca110467b62,Input Validity,Lidar,Lidar Rate,10,682.88
6a8896067ea61587718eeca110467b62,Input Validity,Odometry,Odometry Rate,50,682.88
6a8896067ea61587718eeca110467b62,Input Validity,TF,TF Rate,10,682.88
6a8896067ea61587718eeca110467b62,Localization Quality,AMCLPose,CovYawYaw,0.001882,682.8
6a8896067ea61587718eeca110467b62,Localization Quality,AMCLPose,CovYY,0.00485745,682.8
6a8896067ea61587718eeca110467b62,Localization Quality,AMCLPose,CovXX,0.00433831,682.8
6a8896067ea61587718eeca110467b62,Localization Quality,AMCLPose,MeanYaw,-1.30314,682.8
6a8896067ea61587718eeca110467b62,Localization Quality,AMCLPose,MeanY,2.59505,682.8
6a8896067ea61587718eeca110467b62,Localization Quality,AMCLPose,MeanX,0.0560978,682.8
6a8896067ea61587718eeca110467b62,Localization Stability,TF,Jump Angular,-0.00135184,683.8
6a8896067ea61587718eeca110467b62,Localization Stability,TF,Jump Linear,0.0237724,683.8
6a8896067ea61587718eeca110467b62,Input Validity,Lidar,Lidar Rate,10,682.98
6a8896067ea61587718eeca110467b62,Input Validity,Odometry,Odometry Rate,50,682.98
6a8896067ea61587718eeca110467b62,Input Validity,TF,TF Rate,10,682.98
6a8896067ea61587718eeca110467b62,Localization Quality,AMCLPose,CovYawYaw,0.00140634,682.9
6a8896067ea61587718eeca110467b62,Localization Quality,AMCLPose,CovYY,0.00400033,682.9
6a8896067ea61587718eeca110467b62,Localization Quality,AMCLPose,CovXX,0.00305448,682.9
6a8896067ea61587718eeca110467b62,Localization Quality,AMCLPose,MeanYaw,-1.25172,682.9
6a8896067ea61587718eeca110467b62,Localization Quality,AMCLPose,MeanY,2.57831,682.9
6a8896067ea61587718eeca110467b62,Localization Quality,AMCLPose,MeanX,0.0609586,682.9
6a8896067ea61587718eeca110467b62,Localization Stability,TF,Jump Angular,-0.00363556,683.9
6a8896067ea61587718eeca110467b62,Localization Stability,TF,Jump Linear,0.0630575,683.9
6a8896067ea61587718eeca110467b62,Input Validity,Lidar,Lidar Rate,10,683.08
6a8896067ea61587718eeca110467b62,Input Validity,Odometry,Odometry Rate,50,683.08
6a8896067ea61587718eeca110467b62,Input Validity,TF,TF Rate,10,683.08
6a8896067ea61587718eeca110467b62,Localization Quality,AMCLPose,CovYawYaw,0.00103573,683
6a8896067ea61587718eeca110467b62,Localization Quality,AMCLPose,CovYY,0.00319196,683
6a8896067ea61587718eeca110467b62,Localization Quality,AMCLPose,CovXX,0.00220627,683
6a8896067ea61587718eeca110467b62,Localization Quality,AMCLPose,MeanYaw,-1.20406,683
6a8896067ea61587718eeca110467b62,Localization Quality,AMCLPose,MeanY,2.55175,683
6a8896067ea61587718eeca110467b62,Localization Quality,AMCLPose,MeanX,0.0645209,683
6a8896067ea61587718eeca110467b62,Localization Stability,TF,Jump Angular,-0.00315697,684
6a8896067ea61587718eeca110467b62,Localization Stability,TF,Jump Linear,0.0590796,684
6a8896067ea61587718eeca110467b62,Localization Stability,TF,Jump Angular,0,684.1
6a8896067ea61587718eeca110467b62,Localization Stability,TF,Jump Linear,0,684.1
6a8896067ea61587718eeca110467b62,Input Validity,Lidar,Lidar Rate,10,683.18
6a8896067ea61587718eeca110467b62,Input Validity,Odometry,Odometry Rate,50,683.18
6a8896067ea61587718eeca110467b62,Input Validity,TF,TF Rate,10,683.18
6a8896067ea61587718eeca110467b62,Localization Quality,AMCLPose,CovYawYaw,0.00139293,683.2
6a8896067ea61587718eeca110467b62,Localization Quality,AMCLPose,CovYY,0.00268419,683.2
6a8896067ea61587718eeca110467b62,Localization Quality,AMCLPose,CovXX,0.00200883,683.2
6a8896067ea61587718eeca110467b62,Localization Quality,AMCLPose,MeanYaw,-1.11468,683.2
6a8896067ea61587718eeca110467b62,Localization Quality,AMCLPose,MeanY,2.4812,683.2
6a8896067ea61587718eeca110467b62,Localization Quality,AMCLPose,MeanX,0.0964447,683.2
6a8896067ea61587718eeca110467b62,Localization Stability,TF,Jump Angular,0.000129485,684.2
6a8896067ea61587718eeca110467b62,Localization Stability,TF,Jump Linear,0.00300373,684.2
6a8896067ea61587718eeca110467b62,Input Validity,Lidar,Lidar Rate,10,683.28
6a8896067ea61587718eeca110467b62,Input Validity,Odometry,Odometry Rate,50,683.28
6a8896067ea61587718eeca110467b62,Input Validity,TF,TF Rate,10,683.28
6a8896067ea61587718eeca110467b62,Localization Stability,TF,Jump Angular,0,684.3
6a8896067ea61587718eeca110467b62,Localization Stability,TF,Jump Linear,0,684.3
6a8896067ea61587718eeca110467b62,Input Validity,Lidar,Lidar Rate,10,683.38
6a8896067ea61587718eeca110467b62,Input Validity,Odometry,Odometry Rate,50,683.38
6a8896067ea61587718eeca110467b62,Input Validity,TF,TF Rate,10,683.38
6a8896067ea61587718eeca110467b62,Localization Quality,AMCLPose,CovYawYaw,0.00171252,683.4
6a8896067ea61587718eeca110467b62,Localization Quality,AMCLPose,CovYY,0.00233155,683.4
6a8896067ea61587718eeca110467b62,Localization Quality,AMCLPose,CovXX,0.00201589,683.4
6a8896067ea61587718eeca110467b62,Localization Quality,AMCLPose,MeanYaw,-1.04092,683.4
6a8896067ea61587718eeca110467b62,Localization Quality,AMCLPose,MeanY,2.40154,683.4
6a8896067ea61587718eeca110467b62,Localization Quality,AMCLPose,MeanX,0.138553,683.4
6a8896067ea61587718eeca110467b62,Localization Stability,TF,Jump Angular,-0.0035553,684.4
6a8896067ea61587718eeca110467b62,Localization Stability,TF,Jump Linear,0.0650573,684.4
6a8896067ea61587718eeca110467b62,Input Validity,Lidar,Lidar Rate,10,683.48
6a8896067ea61587718eeca110467b62,Input Validity,Odometry,Odometry Rate,50,683.48
6a8896067ea61587718eeca110467b62,Input Validity,TF,TF Rate,10,683.48
6a8896067ea61587718eeca110467b62,Localization Stability,TF,Jump Angular,0,684.5
6a8896067ea61587718eeca110467b62,Localization Stability,TF,Jump Linear,0,684.5
6a8896067ea61587718eeca110467b62,Input Validity,Lidar,Lidar Rate,10,683.58
6a8896067ea61587718eeca110467b62,Input Validity,Odometry,Odometry Rate,50,683.58
6a8896067ea61587718eeca110467b62,Input Validity,TF,TF Rate,10,683.58
6a8896067ea61587718eeca110467b62,Localization Quality,AMCLPose,CovYawYaw,0.00196387,683.6
6a8896067ea61587718eeca110467b62,Localization Quality,AMCLPose,CovYY,0.00227691,683.6
6a8896067ea61587718eeca110467b62,Localization Quality,AMCLPose,CovXX,0.00218359,683.6
6a8896067ea61587718eeca110467b62,Localization Quality,AMCLPose,MeanYaw,-0.976519,683.6
6a8896067ea61587718eeca110467b62,Localization Quality,AMCLPose,MeanY,2.32546,683.6
6a8896067ea61587718eeca110467b62,Localization Quality,AMCLPose,MeanX,0.184849,683.6
6a8896067ea61587718eeca110467b62,Localization Stability,TF,Jump Angular,-0.00331718,684.6
6a8896067ea61587718eeca110467b62,Localization Stability,TF,Jump Linear,0.0603723,684.6
6a8896067ea61587718eeca110467b62,Input Validity,Lidar,Lidar Rate,10,683.68
6a8896067ea61587718eeca110467b62,Input Validity,Odometry,Odometry Rate,50,683.68
6a8896067ea61587718eeca110467b62,Input Validity,TF,TF Rate,10,683.68
6a8896067ea61587718eeca110467b62,Localization Stability,TF,Jump Angular,0,684.7
6a8896067ea61587718eeca110467b62,Localization Stability,TF,Jump Linear,0,684.7
6a8896067ea61587718eeca110467b62,Input Validity,Lidar,Lidar Rate,10,683.78
6a8896067ea61587718eeca110467b62,Input Validity,Odometry,Odometry Rate,50,683.78
6a8896067ea61587718eeca110467b62,Input Validity,TF,TF Rate,10,683.78
6a8896067ea61587718eeca110467b62,Localization Stability,TF,Jump Angular,0,684.8
6a8896067ea61587718eeca110467b62,Localization Stability,TF,Jump Linear,0,684.8
6a8896067ea61587718eeca110467b62,Input Validity,Lidar,Lidar Rate,10,683.87
6a8896067ea61587718eeca110467b62,Input Validity,Odometry,Odometry Rate,50,683.87
6a8896067ea61587718eeca110467b62,Input Validity,TF,TF Rate,10,683.87
6a8896067ea61587718eeca110467b62,Localization Quality,AMCLPose,CovYawYaw,0.00364799,683.9
6a8896067ea61587718eeca110467b62,Localization Quality,AMCLPose,CovYY,0.00299611,683.9
6a8896067ea61587718eeca110467b62,Localization Quality,AMCLPose,CovXX,0.00267011,683.9
6a8896067ea61587718eeca110467b62,Localization Quality,AMCLPose,MeanYaw,-0.927449,683.9
6a8896067ea61587718eeca110467b62,Localization Quality,AMCLPose,MeanY,2.2152,683.9
6a8896067ea61587718eeca110467b62,Localization Quality,AMCLPose,MeanX,0.263791,683.9
6a8896067ea61587718eeca110467b62,Localization Stability,TF,Jump Angular,-0.00145485,684.9
6a8896067ea61587718eeca110467b62,Localization Stability,TF,Jump Linear,0.0264155,684.9
6a8896067ea61587718eeca110467b62,Input Validity,Lidar,Lidar Rate,10,683.97
6a8896067ea61587718eeca110467b62,Input Validity,Odometry,Odometry Rate,50,683.97
6a8896067ea61587718eeca110467b62,Input Validity,TF,TF Rate,10,683.97
6a8896067ea61587718eeca110467b62,Localization Stability,TF,Jump Angular,0,685
6a8896067ea61587718eeca110467b62,Localization Stability,TF,Jump Linear,0,685
6a8896067ea61587718eeca110467b62,Input Validity,Lidar,Lidar Rate,10,684.07
6a8896067ea61587718eeca110467b62,Input Validity,Odometry,Odometry Rate,50,684.07
6a8896067ea61587718eeca110467b62,Input Validity,TF,TF Rate,10,684.07
6a8896067ea61587718eeca110467b62,Localization Stability,TF,Jump Angular,0,685.1
6a8896067ea61587718eeca110467b62,Localization Stability,TF,Jump Linear,0,685.1
6a8896067ea61587718eeca110467b62,Input Validity,Lidar,Lidar Rate,10,684.17
6a8896067ea61587718eeca110467b62,Input Validity,Odometry,Odometry Rate,50,684.17
6a8896067ea61587718eeca110467b62,Input Validity,TF,TF Rate,10,684.17
6a8896067ea61587718eeca110467b62,Localization Quality,AMCLPose,CovYawYaw,0.00541117,684.2
6a8896067ea61587718eeca110467b62,Localization Quality,AMCLPose,CovYY,0.00371592,684.2
6a8896067ea61587718eeca110467b62,Localization Quality,AMCLPose,CovXX,0.00337576,684.2
6a8896067ea61587718eeca110467b62,Localization Quality,AMCLPose,MeanYaw,-0.879263,684.2
6a8896067ea61587718eeca110467b62,Localization Quality,AMCLPose,MeanY,2.10913,684.2
6a8896067ea61587718eeca110467b62,Localization Quality,AMCLPose,MeanX,0.348158,684.2
6a8896067ea61587718eeca110467b62,Localization Stability,TF,Jump Angular,0.00232451,685.2
6a8896067ea61587718eeca110467b62,Localization Stability,TF,Jump Linear,0.0416914,685.2
6a8896067ea61587718eeca110467b62,Input Validity,Lidar,Lidar Rate,10,684.27
6a8896067ea61587718eeca110467b62,Input Validity,Odometry,Odometry Rate,50,684.27
6a8896067ea61587718eeca110467b62,Input Validity,TF,TF Rate,10,684.27
6a8896067ea61587718eeca110467b62,Localization Stability,TF,Jump Angular,0,685.3
6a8896067ea61587718eeca110467b62,Localization Stability,TF,Jump Linear,0,685.3
6a8896067ea61587718eeca110467b62,Input Validity,Lidar,Lidar Rate,10,684.37
6a8896067ea61587718eeca110467b62,Input Validity,Odometry,Odometry Rate,50,684.37
6a8896067ea61587718eeca110467b62,Input Validity,TF,TF Rate,10,684.37
6a8896067ea61587718eeca110467b62,Input Validity,Lidar,Lidar Rate,10,684.47
6a8896067ea61587718eeca110467b62,Input Validity,Odometry,Odometry Rate,50,684.47
6a8896067ea61587718eeca110467b62,Input Validity,TF,TF Rate,10,684.47
6a8896067ea61587718eeca110467b62,Localization Stability,TF,Jump Angular,0,685.4
6a8896067ea61587718eeca110467b62,Localization Stability,TF,Jump Linear,0,685.4
6a8896067ea61587718eeca110467b62,Localization Quality,AMCLPose,CovYawYaw,0.00710257,684.5
6a8896067ea61587718eeca110467b62,Localization Quality,AMCLPose,CovYY,0.00442108,684.5
6a8896067ea61587718eeca110467b62,Localization Quality,AMCLPose,CovXX,0.00427845,684.5
6a8896067ea61587718eeca110467b62,Localization Quality,AMCLPose,MeanYaw,-0.839825,684.5
6a8896067ea61587718eeca110467b62,Localization Quality,AMCLPose,MeanY,2.01059,684.5
6a8896067ea61587718eeca110467b62,Localization Quality,AMCLPose,MeanX,0.434999,684.5
6a8896067ea61587718eeca110467b62,Localization Stability,TF,Jump Angular,0.00116065,685.5
6a8896067ea61587718eeca110467b62,Localization Stability,TF,Jump Linear,0.0240576,685.5
6a8896067ea61587718eeca110467b62,Input Validity,Lidar,Lidar Rate,10,684.57
6a8896067ea61587718eeca110467b62,Input Validity,Odometry,Odometry Rate,50,684.57
6a8896067ea61587718eeca110467b62,Input Validity,TF,TF Rate,10,684.57
6a8896067ea61587718eeca110467b62,Localization Stability,TF,Jump Angular,0,685.6
6a8896067ea61587718eeca110467b62,Localization Stability,TF,Jump Linear,0,685.6
6a8896067ea61587718eeca110467b62,Input Validity,Lidar,Lidar Rate,10,684.67
6a8896067ea61587718eeca110467b62,Input Validity,Odometry,Odometry Rate,50,684.67
6a8896067ea61587718eeca110467b62,Input Validity,TF,TF Rate,10,684.67
6a8896067ea61587718eeca110467b62,Localization Stability,TF,Jump Angular,0,685.7
6a8896067ea61587718eeca110467b62,Localization Stability,TF,Jump Linear,0,685.7
6a8896067ea61587718eeca110467b62,Input Validity,Lidar,Lidar Rate,10,684.77
6a8896067ea61587718eeca110467b62,Input Validity,Odometry,Odometry Rate,50,684.77
6a8896067ea61587718eeca110467b62,Input Validity,TF,TF Rate,10,684.77
6a8896067ea61587718eeca110467b62,Input Validity,Lidar,Lidar Rate,10,684.87
6a8896067ea61587718eeca110467b62,Input Validity,Odometry,Odometry Rate,50,684.87
6a8896067ea61587718eeca110467b62,Input Validity,TF,TF Rate,10,684.87
6a8896067ea61587718eeca110467b62,Localization Quality,AMCLPose,CovYawYaw,0.00943046,684.8
6a8896067ea61587718eeca110467b62,Localization Quality,AMCLPose,CovYY,0.00530735,684.8
6a8896067ea61587718eeca110467b62,Localization Quality,AMCLPose,CovXX,0.00534891,684.8
6a8896067ea61587718eeca110467b62,Localization Quality,AMCLPose,MeanYaw,-0.83204,684.8
6a8896067ea61587718eeca110467b62,Localization Quality,AMCLPose,MeanY,1.91143,684.8
6a8896067ea61587718eeca110467b62,Localization Quality,AMCLPose,MeanX,0.521914,684.8
6a8896067ea61587718eeca110467b62,Localization Stability,TF,Jump Angular,-0.00498988,685.8
6a8896067ea61587718eeca110467b62,Localization Stability,TF,Jump Linear,0.0884235,685.8
6a8896067ea61587718eeca110467b62,Input Validity,Lidar,Lidar Rate,10,684.97
6a8896067ea61587718eeca110467b62,Input Validity,Odometry,Odometry Rate,50,684.97
6a8896067ea61587718eeca110467b62,Input Validity,TF,TF Rate,10,684.97
6a8896067ea61587718eeca110467b62,Localization Stability,TF,Jump Angular,0,685.9
6a8896067ea61587718eeca110467b62,Localization Stability,TF,Jump Linear,0,685.9
6a8896067ea61587718eeca110467b62,Input Validity,Lidar,Lidar Rate,10,685.07
6a8896067ea61587718eeca110467b62,Input Validity,Odometry,Odometry Rate,50,685.07
6a8896067ea61587718eeca110467b62,Input Validity,TF,TF Rate,10,685.07
6a8896067ea61587718eeca110467b62,Localization Stability,TF,Jump Angular,0,686
6a8896067ea61587718eeca110467b62,Localization Stability,TF,Jump Linear,0,686
6a8896067ea61587718eeca110467b62,Localization Quality,AMCLPose,CovYawYaw,0.0111622,685.1
6a8896067ea61587718eeca110467b62,Localization Quality,AMCLPose,CovYY,0.00632949,685.1
6a8896067ea61587718eeca110467b62,Localization Quality,AMCLPose,CovXX,0.00649969,685.1
6a8896067ea61587718eeca110467b62,Localization Quality,AMCLPose,MeanYaw,-0.819223,685.1
6a8896067ea61587718eeca110467b62,Localization Quality,AMCLPose,MeanY,1.81378,685.1
6a8896067ea61587718eeca110467b62,Localization Quality,AMCLPose,MeanX,0.615423,685.1
6a8896067ea61587718eeca110467b62,Localization Stability,TF,Jump Angular,0.00724662,686.1
6a8896067ea61587718eeca110467b62,Localization Stability,TF,Jump Linear,0.129298,686.1
6a8896067ea61587718eeca110467b62,Input Validity,Lidar,Lidar Rate,10,685.17
6a8896067ea61587718eeca110467b62,Input Validity,Odometry,Odometry Rate,50,685.17
6a8896067ea61587718eeca110467b62,Input Validity,TF,TF Rate,10,685.17
6a8896067ea61587718eeca110467b62,Localization Stability,TF,Jump Angular,0,686.2
6a8896067ea61587718eeca110467b62,Localization Stability,TF,Jump Linear,0,686.2
6a8896067ea61587718eeca110467b62,Input Validity,Lidar,Lidar Rate,10,685.27
6a8896067ea61587718eeca110467b62,Input Validity,Odometry,Odometry Rate,50,685.27
6a8896067ea61587718eeca110467b62,Input Validity,TF,TF Rate,10,685.27
6a8896067ea61587718eeca110467b62,Input Validity,Lidar,Lidar Rate,10,685.37
6a8896067ea61587718eeca110467b62,Input Validity,Odometry,Odometry Rate,50,685.37
6a8896067ea61587718eeca110467b62,Input Validity,TF,TF Rate,10,685.37
6a8896067ea61587718eeca110467b62,Localization Stability,TF,Jump Angular,0,686.3
6a8896067ea61587718eeca110467b62,Localization Stability,TF,Jump Linear,0,686.3
6a8896067ea61587718eeca110467b62,Localization Quality,AMCLPose,CovYawYaw,0.0127927,685.4
6a8896067ea61587718eeca110467b62,Localization Quality,AMCLPose,CovYY,0.00799697,685.4
6a8896067ea61587718eeca110467b62,Localization Quality,AMCLPose,CovXX,0.00748307,685.4
6a8896067ea61587718eeca110467b62,Localization Quality,AMCLPose,MeanYaw,-0.811238,685.4
6a8896067ea61587718eeca110467b62,Localization Quality,AMCLPose,MeanY,1.71871,685.4
6a8896067ea61587718eeca110467b62,Localization Quality,AMCLPose,MeanX,0.707102,685.4
6a8896067ea61587718eeca110467b62,Localization Stability,TF,Jump Angular,0.00285911,686.4
6a8896067ea61587718eeca110467b62,Localization Stability,TF,Jump Linear,0.0529025,686.4
6a8896067ea61587718eeca110467b62,Input Validity,Lidar,Lidar Rate,10,685.47
6a8896067ea61587718eeca110467b62,Input Validity,Odometry,Odometry Rate,50,685.47
6a8896067ea61587718eeca110467b62,Input Validity,TF,TF Rate,10,685.47
6a8896067ea61587718eeca110467b62,Localization Stability,TF,Jump Angular,0,686.5
6a8896067ea61587718eeca110467b62,Localization Stability,TF,Jump Linear,0,686.5
6a8896067ea61587718eeca110467b62,Input Validity,Lidar,Lidar Rate,10,685.56
6a8896067ea61587718eeca110467b62,Input Validity,Odometry,Odometry Rate,50,685.56
6a8896067ea61587718eeca110467b62,Input Validity,TF,TF Rate,10,685.56
6a8896067ea61587718eeca110467b62,Localization Stability,TF,Jump Angular,0,686.6
6a8896067ea61587718eeca110467b62,Localization Stability,TF,Jump Linear,0,686.6
6a8896067ea61587718eeca110467b62,Input Validity,Lidar,Lidar Rate,10,685.66
6a8896067ea61587718eeca110467b62,Input Validity,Odometry,Odometry Rate,50,685.66
6a8896067ea61587718eeca110467b62,Input Validity,TF,TF Rate,10,685.66
6a8896067ea61587718eeca110467b62,Input Validity,Lidar,Lidar Rate,10,685.76
6a8896067ea61587718eeca110467b62,Input Validity,Odometry,Odometry Rate,50,685.76
6a8896067ea61587718eeca110467b62,Input Validity,TF,TF Rate,10,685.76
6a8896067ea61587718eeca110467b62,Localization Quality,AMCLPose,CovYawYaw,0.0151858,685.7
6a8896067ea61587718eeca110467b62,Localization Quality,AMCLPose,CovYY,0.00944627,685.7
6a8896067ea61587718eeca110467b62,Localization Quality,AMCLPose,CovXX,0.00896658,685.7
6a8896067ea61587718eeca110467b62,Localization Quality,AMCLPose,MeanYaw,-0.80529,685.7
6a8896067ea61587718eeca110467b62,Localization Quality,AMCLPose,MeanY,1.61858,685.7
6a8896067ea61587718eeca110467b62,Localization Quality,AMCLPose,MeanX,0.797721,685.7
6a8896067ea61587718eeca110467b62,Localization Stability,TF,Jump Angular,-0.001515,686.7
6a8896067ea61587718eeca110467b62,Localization Stability,TF,Jump Linear,0.0291892,686.7
6a8896067ea61587718eeca110467b62,Input Validity,Lidar,Lidar Rate,10,685.86
6a8896067ea61587718eeca110467b62,Input Validity,Odometry,Odometry Rate,50,685.86
6a8896067ea61587718eeca110467b62,Input Validity,TF,TF Rate,10,685.86
6a8896067ea61587718eeca110467b62,Localization Stability,TF,Jump Angular,0,686.8
6a8896067ea61587718eeca110467b62,Localization Stability,TF,Jump Linear,0,686.8
6a8896067ea61587718eeca110467b62,Input Validity,Lidar,Lidar Rate,10,685.96
6a8896067ea61587718eeca110467b62,Input Validity,Odometry,Odometry Rate,50,685.96
6a8896067ea61587718eeca110467b62,Input Validity,TF,TF Rate,10,685.96
6a8896067ea61587718eeca110467b62,Localization Stability,TF,Jump Angular,0,686.9
6a8896067ea61587718eeca110467b62,Localization Stability,TF,Jump Linear,0,686.9
6a8896067ea61587718eeca110467b62,Input Validity,Lidar,Lidar Rate,10,686.06
6a8896067ea61587718eeca110467b62,Input Validity,Odometry,Odometry Rate,50,686.06
6a8896067ea61587718eeca110467b62,Input Validity,TF,TF Rate,10,686.06
6a8896067ea61587718eeca110467b62,Localization Quality,AMCLPose,CovYawYaw,0.0171415,686
6a8896067ea61587718eeca110467b62,Localization Quality,AMCLPose,CovYY,0.0111266,686
6a8896067ea61587718eeca110467b62,Localization Quality,AMCLPose,CovXX,0.0110909,686
6a8896067ea61587718eeca110467b62,Localization Quality,AMCLPose,MeanYaw,-0.789159,686
6a8896067ea61587718eeca110467b62,Localization Quality,AMCLPose,MeanY,1.52227,686
6a8896067ea61587718eeca110467b62,Localization Quality,AMCLPose,MeanX,0.889067,686
6a8896067ea61587718eeca110467b62,Localization Stability,TF,Jump Angular,-0.00214621,687
6a8896067ea61587718eeca110467b62,Localization Stability,TF,Jump Linear,0.0374251,687
6a8896067ea61587718eeca110467b62,Localization Stability,TF,Jump Angular,0,687.1
6a8896067ea61587718eeca110467b62,Localization Stability,TF,Jump Linear,0,687.1
6a8896067ea61587718eeca110467b62,Input Validity,Lidar,Lidar Rate,10,686.16
6a8896067ea61587718eeca110467b62,Input Validity,Odometry,Odometry Rate,50,686.16
6a8896067ea61587718eeca110467b62,Input Validity,TF,TF Rate,10,686.16
6a8896067ea61587718eeca110467b62,Input Validity,Lidar,Lidar Rate,10,686.26
6a8896067ea61587718eeca110467b62,Input Validity,Odometry,Odometry Rate,50,686.26
6a8896067ea61587718eeca110467b62,Input Validity,TF,TF Rate,10,686.26
6a8896067ea61587718eeca110467b62,Localization Stability,TF,Jump Angular,0,687.2
6a8896067ea61587718eeca110467b62,Localization Stability,TF,Jump Linear,0,687.2
6a8896067ea61587718eeca110467b62,Localization Quality,AMCLPose,CovYawYaw,0.0195277,686.3
6a8896067ea61587718eeca110467b62,Localization Quality,AMCLPose,CovYY,0.0130962,686.3
6a8896067ea61587718eeca110467b62,Localization Quality,AMCLPose,CovXX,0.0132232,686.3
6a8896067ea61587718eeca110467b62,Localization Quality,AMCLPose,MeanYaw,-0.779202,686.3
6a8896067ea61587718eeca110467b62,Localization Quality,AMCLPose,MeanY,1.42579,686.3
6a8896067ea61587718eeca110467b62,Localization Quality,AMCLPose,MeanX,0.984113,686.3
6a8896067ea61587718eeca110467b62,Localization Stability,TF,Jump Angular,-0.00106068,687.3
6a8896067ea61587718eeca110467b62,Localization Stability,TF,Jump Linear,0.0194806,687.3
6a8896067ea61587718eeca110467b62,Input Validity,Lidar,Lidar Rate,10,686.36
6a8896067ea61587718eeca110467b62,Input Validity,Odometry,Odometry Rate,50,686.36
6a8896067ea61587718eeca110467b62,Input Validity,TF,TF Rate,10,686.36
6a8896067ea61587718eeca110467b62,Input Validity,Lidar,Lidar Rate,10,686.46
6a8896067ea61587718eeca110467b62,Input Validity,Odometry,Odometry Rate,50,686.46
6a8896067ea61587718eeca110467b62,Input Validity,TF,TF Rate,10,686.46
6a8896067ea61587718eeca110467b62,Localization Stability,TF,Jump Angular,0,687.4
6a8896067ea61587718eeca110467b62,Localization Stability,TF,Jump Linear,0,687.4
6a8896067ea61587718eeca110467b62,Localization Stability,TF,Jump Angular,0,687.5
6a8896067ea61587718eeca110467b62,Localization Stability,TF,Jump Linear,0,687.5
6a8896067ea61587718eeca110467b62,Input Validity,Lidar,Lidar Rate,10,686.56
6a8896067ea61587718eeca110467b62,Input Validity,Odometry,Odometry Rate,50,686.56
6a8896067ea61587718eeca110467b62,Input Validity,TF,TF Rate,10,686.56
6a8896067ea61587718eeca110467b62,Input Validity,Lidar,Lidar Rate,10,686.66
6a8896067ea61587718eeca110467b62,Input Validity,Odometry,Odometry Rate,50,686.66
6a8896067ea61587718eeca110467b62,Input Validity,TF,TF Rate,10,686.66
6a8896067ea61587718eeca110467b62,Localization Quality,AMCLPose,CovYawYaw,0.0203041,686.6
6a8896067ea61587718eeca110467b62,Localization Quality,AMCLPose,CovYY,0.0150696,686.6
6a8896067ea61587718eeca110467b62,Localization Quality,AMCLPose,CovXX,0.0154537,686.6
6a8896067ea61587718eeca110467b62,Localization Quality,AMCLPose,MeanYaw,-0.776328,686.6
6a8896067ea61587718eeca110467b62,Localization Quality,AMCLPose,MeanY,1.33085,686.6
6a8896067ea61587718eeca110467b62,Localization Quality,AMCLPose,MeanX,1.08266,686.6
6a8896067ea61587718eeca110467b62,Localization Stability,TF,Jump Angular,-0.00183576,687.6
6a8896067ea61587718eeca110467b62,Localization Stability,TF,Jump Linear,0.0311702,687.6
6a8896067ea61587718eeca110467b62,Input Validity,Lidar,Lidar Rate,10,686.76
6a8896067ea61587718eeca110467b62,Input Validity,Odometry,Odometry Rate,50,686.76
6a8896067ea61587718eeca110467b62,Input Validity,TF,TF Rate,10,686.76
6a8896067ea61587718eeca110467b62,Localization Stability,TF,Jump Angular,0,687.7
6a8896067ea61587718eeca110467b62,Localization Stability,TF,Jump Linear,0,687.7
6a8896067ea61587718eeca110467b62,Input Validity,Lidar,Lidar Rate,10,686.86
6a8896067ea61587718eeca110467b62,Input Validity,Odometry,Odometry Rate,50,686.86
6a8896067ea61587718eeca110467b62,Input Validity,TF,TF Rate,10,686.86
6a8896067ea61587718eeca110467b62,Localization Stability,TF,Jump Angular,0,687.8
6a8896067ea61587718eeca110467b62,Localization Stability,TF,Jump Linear,0,687.8
6a8896067ea61587718eeca110467b62,Input Validity,Lidar,Lidar Rate,10,686.96
6a8896067ea61587718eeca110467b62,Input Validity,Odometry,Odometry Rate,50,686.96
6a8896067ea61587718eeca110467b62,Input Validity,TF,TF Rate,10,686.96
6a8896067ea61587718eeca110467b62,Localization Quality,AMCLPose,CovYawYaw,0.0220358,686.9
6a8896067ea61587718eeca110467b62,Localization Quality,AMCLPose,CovYY,0.0188411,686.9
6a8896067ea61587718eeca110467b62,Localization Quality,AMCLPose,CovXX,0.0176492,686.9
6a8896067ea61587718eeca110467b62,Localization Quality,AMCLPose,MeanYaw,-0.782719,686.9
6a8896067ea61587718eeca110467b62,Localization Quality,AMCLPose,MeanY,1.23754,686.9
6a8896067ea61587718eeca110467b62,Localization Quality,AMCLPose,MeanX,1.17863,686.9
6a8896067ea61587718eeca110467b62,Localization Stability,TF,Jump Angular,0.000508716,687.9
6a8896067ea61587718eeca110467b62,Localization Stability,TF,Jump Linear,0.0100535,687.9
6a8896067ea61587718eeca110467b62,Input Validity,Lidar,Lidar Rate,10,687.06
6a8896067ea61587718eeca110467b62,Input Validity,Odometry,Odometry Rate,50,687.06
6a8896067ea61587718eeca110467b62,Input Validity,TF,TF Rate,10,687.06
6a8896067ea61587718eeca110467b62,Localization Stability,TF,Jump Angular,0,688
6a8896067ea61587718eeca110467b62,Localization Stability,TF,Jump Linear,0,688
6a8896067ea61587718eeca110467b62,Localization Stability,TF,Jump Angular,0,688.1
6a8896067ea61587718eeca110467b62,Localization Stability,TF,Jump Linear,0,688.1
6a8896067ea61587718eeca110467b62,Input Validity,Lidar,Lidar Rate,10,687.16
6a8896067ea61587718eeca110467b62,Input Validity,Odometry,Odometry Rate,50,687.16
6a8896067ea61587718eeca110467b62,Input Validity,TF,TF Rate,10,687.16
6a8896067ea61587718eeca110467b62,Input Validity,Lidar,Lidar Rate,10,687.25
6a8896067ea61587718eeca110467b62,Input Validity,Odometry,Odometry Rate,50,687.25
6a8896067ea61587718eeca110467b62,Input Validity,TF,TF Rate,10,687.25
6a8896067ea61587718eeca110467b62,Localization Quality,AMCLPose,CovYawYaw,0.0224688,687.2
6a8896067ea61587718eeca110467b62,Localization Quality,AMCLPose,CovYY,0.021644,687.2
6a8896067ea61587718eeca110467b62,Localization Quality,AMCLPose,CovXX,0.0192235,687.2
6a8896067ea61587718eeca110467b62,Localization Quality,AMCLPose,MeanYaw,-0.78838,687.2
6a8896067ea61587718eeca110467b62,Localization Quality,AMCLPose,MeanY,1.14149,687.2
6a8896067ea61587718eeca110467b62,Localization Quality,AMCLPose,MeanX,1.27669,687.2
6a8896067ea61587718eeca110467b62,Localization Stability,TF,Jump Angular,0.000462243,688.2
6a8896067ea61587718eeca110467b62,Localization Stability,TF,Jump Linear,0.00814569,688.2
6a8896067ea61587718eeca110467b62,Input Validity,Lidar,Lidar Rate,10,687.35
6a8896067ea61587718eeca110467b62,Input Validity,Odometry,Odometry Rate,50,687.35
6a8896067ea61587718eeca110467b62,Input Validity,TF,TF Rate,10,687.35
6a8896067ea61587718eeca110467b62,Localization Stability,TF,Jump Angular,0,688.3
6a8896067ea61587718eeca110467b62,Localization Stability,TF,Jump Linear,0,688.3
6a8896067ea61587718eeca110467b62,Input Validity,Lidar,Lidar Rate,10,687.45
6a8896067ea61587718eeca110467b62,Input Validity,Odometry,Odometry Rate,50,687.45
6a8896067ea61587718eeca110467b62,Input Validity,TF,TF Rate,10,687.45
6a8896067ea61587718eeca110467b62,Localization Stability,TF,Jump Angular,0,688.4
6a8896067ea61587718eeca110467b62,Localization Stability,TF,Jump Linear,0,688.4
6a8896067ea61587718eeca110467b62,Input Validity,Lidar,Lidar Rate,10,687.55
6a8896067ea61587718eeca110467b62,Input Validity,Odometry,Odometry Rate,50,687.55
6a8896067ea61587718eeca110467b62,Input Validity,TF,TF Rate,10,687.55
6a8896067ea61587718eeca110467b62,Localization Quality,AMCLPose,CovYawYaw,0.024856,687.5
6a8896067ea61587718eeca110467b62,Localization Quality,AMCLPose,CovYY,0.0251826,687.5
6a8896067ea61587718eeca110467b62,Localization Quality,AMCLPose,CovXX,0.0225099,687.5
6a8896067ea61587718eeca110467b62,Localization Quality,AMCLPose,MeanYaw,-0.792729,687.5
6a8896067ea61587718eeca110467b62,Localization Quality,AMCLPose,MeanY,1.05214,687.5
6a8896067ea61587718eeca110467b62,Localization Quality,AMCLPose,MeanX,1.36841,687.5
6a8896067ea61587718eeca110467b62,Localization Stability,TF,Jump Angular,-0.001286,688.5
6a8896067ea61587718eeca110467b62,Localization Stability,TF,Jump Linear,0.0160531,688.5
6a8896067ea61587718eeca110467b62,Input Validity,Lidar,Lidar Rate,10,687.65
6a8896067ea61587718eeca110467b62,Input Validity,Odometry,Odometry Rate,50,687.65
6a8896067ea61587718eeca110467b62,Input Validity,TF,TF Rate,10,687.65
6a8896067ea61587718eeca110467b62,Localization Stability,TF,Jump Angular,0,688.6
6a8896067ea61587718eeca110467b62,Localization Stability,TF,Jump Linear,0,688.6
6a8896067ea61587718eeca110467b62,Input Validity,Lidar,Lidar Rate,10,687.75
6a8896067ea61587718eeca110467b62,Input Validity,Odometry,Odometry Rate,50,687.75
6a8896067ea61587718eeca110467b62,Input Validity,TF,TF Rate,10,687.75
6a8896067ea61587718eeca110467b62,Localization Stability,TF,Jump Angular,0,688.7
6a8896067ea61587718eeca110467b62,Localization Stability,TF,Jump Linear,0,688.7
6a8896067ea61587718eeca110467b62,Input Validity,Lidar,Lidar Rate,10,687.85
6a8896067ea61587718eeca110467b62,Input Validity,Odometry,Odometry Rate,50,687.85
6a8896067ea61587718eeca110467b62,Input Validity,TF,TF Rate,10,687.85
6a8896067ea61587718eeca110467b62,Localization Quality,AMCLPose,CovYawYaw,0.028269,687.8
6a8896067ea61587718eeca110467b62,Localization Quality,AMCLPose,CovYY,0.0309547,687.8
6a8896067ea61587718eeca110467b62,Localization Quality,AMCLPose,CovXX,0.0277502,687.8
6a8896067ea61587718eeca110467b62,Localization Quality,AMCLPose,MeanYaw,-0.808386,687.8
6a8896067ea61587718eeca110467b62,Localization Quality,AMCLPose,MeanY,0.943199,687.8
6a8896067ea61587718eeca110467b62,Localization Quality,AMCLPose,MeanX,1.44563,687.8
6a8896067ea61587718eeca110467b62,Localization Stability,TF,Jump Angular,-0.0205268,688.8
6a8896067ea61587718eeca110467b62,Localization Stability,TF,Jump Linear,0.355148,688.8
6a8896067ea61587718eeca110467b62,Localization Stability,TF,Jump Angular,0,688.9
6a8896067ea61587718eeca110467b62,Localization Stability,TF,Jump Linear,0,688.9
6a8896067ea61587718eeca110467b62,Input Validity,Lidar,Lidar Rate,10,687.95
6a8896067ea61587718eeca110467b62,Input Validity,Odometry,Odometry Rate,50,687.95
6a8896067ea61587718eeca110467b62,Input Validity,TF,TF Rate,10,687.95
6a8896067ea61587718eeca110467b62,Input Validity,Lidar,Lidar Rate,10,688.05
6a8896067ea61587718eeca110467b62,Input Validity,Odometry,Odometry Rate,50,688.05
6a8896067ea61587718eeca110467b62,Input Validity,TF,TF Rate,10,688.05
6a8896067ea61587718eeca110467b62,Localization Stability,TF,Jump Angular,0,689
6a8896067ea61587718eeca110467b62,Localization Stability,TF,Jump Linear,0,689
6a8896067ea61587718eeca110467b62,Input Validity,Lidar,Lidar Rate,10,688.15
6a8896067ea61587718eeca110467b62,Input Validity,Odometry,Odometry Rate,50,688.15
6a8896067ea61587718eeca110467b62,Input Validity,TF,TF Rate,10,688.15
6a8896067ea61587718eeca110467b62,Localization Quality,AMCLPose,CovYawYaw,0.028556,688.1
6a8896067ea61587718eeca110467b62,Localization Quality,AMCLPose,CovYY,0.0367261,688.1
6a8896067ea61587718eeca110467b62,Localization Quality,AMCLPose,CovXX,0.0336517,688.1
6a8896067ea61587718eeca110467b62,Localization Quality,AMCLPose,MeanYaw,-0.803194,688.1
6a8896067ea61587718eeca110467b62,Localization Quality,AMCLPose,MeanY,0.84232,688.1
6a8896067ea61587718eeca110467b62,Localization Quality,AMCLPose,MeanX,1.5285,688.1
6a8896067ea61587718eeca110467b62,Localization Stability,TF,Jump Angular,-0.0050931,689.1
6a8896067ea61587718eeca110467b62,Localization Stability,TF,Jump Linear,0.089814,689.1
6a8896067ea61587718eeca110467b62,Input Validity,Lidar,Lidar Rate,10,688.25
6a8896067ea61587718eeca110467b62,Input Validity,Odometry,Odometry Rate,50,688.25
6a8896067ea61587718eeca110467b62,Input Validity,TF,TF Rate,10,688.25
6a8896067ea61587718eeca110467b62,Localization Stability,TF,Jump Angular,0,689.2
6a8896067ea61587718eeca110467b62,Localization Stability,TF,Jump Linear,0,689.2
6a8896067ea61587718eeca110467b62,Localization Stability,TF,Jump Angular,0,689.3
6a8896067ea61587718eeca110467b62,Localization Stability,TF,Jump Linear,0,689.3
6a8896067ea61587718eeca110467b62,Input Validity,Lidar,Lidar Rate,10,688.35
6a8896067ea61587718eeca110467b62,Input Validity,Odometry,Odometry Rate,50,688.35
6a8896067ea61587718eeca110467b62,Input Validity,TF,TF Rate,10,688.35
6a8896067ea61587718eeca110467b62,Input Validity,Lidar,Lidar Rate,10,688.45
6a8896067ea61587718eeca110467b62,Input Validity,Odometry,Odometry Rate,50,688.45
6a8896067ea61587718eeca110467b62,Input Validity,TF,TF Rate,10,688.45
6a8896067ea61587718eeca110467b62,Localization Quality,AMCLPose,CovYawYaw,0.0298284,688.4
6a8896067ea61587718eeca110467b62,Localization Quality,AMCLPose,CovYY,0.0395474,688.4
6a8896067ea61587718eeca110467b62,Localization Quality,AMCLPose,CovXX,0.037596,688.4
6a8896067ea61587718eeca110467b62,Localization Quality,AMCLPose,MeanYaw,-0.795923,688.4
6a8896067ea61587718eeca110467b62,Localization Quality,AMCLPose,MeanY,0.750732,688.4
6a8896067ea61587718eeca110467b62,Localization Quality,AMCLPose,MeanX,1.62355,688.4
6a8896067ea61587718eeca110467b62,Localization Stability,TF,Jump Angular,0.000859282,689.4
6a8896067ea61587718eeca110467b62,Localization Stability,TF,Jump Linear,0.0193249,689.4
6a8896067ea61587718eeca110467b62,Input Validity,Lidar,Lidar Rate,10,688.55
6a8896067ea61587718eeca110467b62,Input Validity,Odometry,Odometry Rate,50,688.55
6a8896067ea61587718eeca110467b62,Input Validity,TF,TF Rate,10,688.55
6a8896067ea61587718eeca110467b62,Localization Stability,TF,Jump Angular,0,689.5
6a8896067ea61587718eeca110467b62,Localization Stability,TF,Jump Linear,0,689.5
6a8896067ea61587718eeca110467b62,Input Validity,Lidar,Lidar Rate,10,688.65
6a8896067ea61587718eeca110467b62,Input Validity,Odometry,Odometry Rate,50,688.65
6a8896067ea61587718eeca110467b62,Input Validity,TF,TF Rate,10,688.65
6a8896067ea61587718eeca110467b62,Localization Stability,TF,Jump Angular,0,689.6
6a8896067ea61587718eeca110467b62,Localization Stability,TF,Jump Linear,0,689.6
6a8896067ea61587718eeca110467b62,Input Validity,Lidar,Lidar Rate,10,688.75
6a8896067ea61587718eeca110467b62,Input Validity,Odometry,Odometry Rate,50,688.75
6a8896067ea61587718eeca110467b62,Input Validity,TF,TF Rate,10,688.75
6a8896067ea61587718eeca110467b62,Localization Quality,AMCLPose,CovYawYaw,0.0319466,688.7
6a8896067ea61587718eeca110467b62,Localization Quality,AMCLPose,CovYY,0.044736,688.7
6a8896067ea61587718eeca110467b62,Localization Quality,AMCLPose,CovXX,0.0439054,688.7
6a8896067ea61587718eeca110467b62,Localization Quality,AMCLPose,MeanYaw,-0.788098,688.7
6a8896067ea61587718eeca110467b62,Localization Quality,AMCLPose,MeanY,0.658473,688.7
6a8896067ea61587718eeca110467b62,Localization Quality,AMCLPose,MeanX,1.72046,688.7
6a8896067ea61587718eeca110467b62,Localization Stability,TF,Jump Angular,0.00373825,689.7
6a8896067ea61587718eeca110467b62,Localization Stability,TF,Jump Linear,0.0648741,689.7
6a8896067ea61587718eeca110467b62,Localization Stability,TF,Jump Angular,0,689.8
6a8896067ea61587718eeca110467b62,Localization Stability,TF,Jump Linear,0,689.8
6a8896067ea61587718eeca110467b62,Input Validity,Lidar,Lidar Rate,10,688.85
6a8896067ea61587718eeca110467b62,Input Validity,Odometry,Odometry Rate,50,688.85
6a8896067ea61587718eeca110467b62,Input Validity,TF,TF Rate,10,688.85
6a8896067ea61587718eeca110467b62,Input Validity,Lidar,Lidar Rate,10,688.95
6a8896067ea61587718eeca110467b62,Input Validity,Odometry,Odometry Rate,50,688.95
6a8896067ea61587718eeca110467b62,Input Validity,TF,TF Rate,10,688.95
6a8896067ea61587718eeca110467b62,Localization Stability,TF,Jump Angular,0,689.9
6a8896067ea61587718eeca110467b62,Localization Stability,TF,Jump Linear,0,689.9
6a8896067ea61587718eeca110467b62,Input Validity,Lidar,Lidar Rate,10,689.05
6a8896067ea61587718eeca110467b62,Input Validity,Odometry,Odometry Rate,50,689.05
6a8896067ea61587718eeca110467b62,Input Validity,TF,TF Rate,10,689.05
6a8896067ea61587718eeca110467b62,Localization Quality,AMCLPose,CovYawYaw,0.0335682,689
6a8896067ea61587718eeca110467b62,Localization Quality,AMCLPose,CovYY,0.0502724,689
6a8896067ea61587718eeca110467b62,Localization Quality,AMCLPose,CovXX,0.0481277,689
6a8896067ea61587718eeca110467b62,Localization Quality,AMCLPose,MeanYaw,-0.731677,689
6a8896067ea61587718eeca110467b62,Localization Quality,AMCLPose,MeanY,0.575301,689
6a8896067ea61587718eeca110467b62,Localization Quality,AMCLPose,MeanX,1.81765,689
6a8896067ea61587718eeca110467b62,Localization Stability,TF,Jump Angular,2.31996e-05,690
6a8896067ea61587718eeca110467b62,Localization Stability,TF,Jump Linear,0.0104123,690
6a8896067ea61587718eeca110467b62,Input Validity,Lidar,Lidar Rate,10,689.14
6a8896067ea61587718eeca110467b62,Input Validity,Odometry,Odometry Rate,50,689.14
6a8896067ea61587718eeca110467b62,Input Validity,TF,TF Rate,10,689.14
6a8896067ea61587718eeca110467b62,Localization Stability,TF,Jump Angular,0,690.1
6a8896067ea61587718eeca110467b62,Localization Stability,TF,Jump Linear,0,690.1
6a8896067ea61587718eeca110467b62,Input Validity,Lidar,Lidar Rate,10,689.24
6a8896067ea61587718eeca110467b62,Input Validity,Odometry,Odometry Rate,50,689.24
6a8896067ea61587718eeca110467b62,Input Validity,TF,TF Rate,10,689.24
6a8896067ea61587718eeca110467b62,Localization Stability,TF,Jump Angular,0,690.2
6a8896067ea61587718eeca110467b62,Localization Stability,TF,Jump Linear,0,690.2
6a8896067ea61587718eeca110467b62,Input Validity,Lidar,Lidar Rate,10,689.34
6a8896067ea61587718eeca110467b62,Input Validity,Odometry,Odometry Rate,50,689.34
6a8896067ea61587718eeca110467b62,Input Validity,TF,TF Rate,10,689.34
6a8896067ea61587718eeca110467b62,Localization Quality,AMCLPose,CovYawYaw,0.0346499,689.3
6a8896067ea61587718eeca110467b62,Localization Quality,AMCLPose,CovYY,0.052687,689.3
6a8896067ea61587718eeca110467b62,Localization Quality,AMCLPose,CovXX,0.053083,689.3
6a8896067ea61587718eeca110467b62,Localization Quality,AMCLPose,MeanYaw,-0.680368,689.3
6a8896067ea61587718eeca110467b62,Localization Quality,AMCLPose,MeanY,0.484021,689.3
6a8896067ea61587718eeca110467b62,Localization Quality,AMCLPose,MeanX,1.92203,689.3
6a8896067ea61587718eeca110467b62,Localization Stability,TF,Jump Angular,-0.00168868,690.3
6a8896067ea61587718eeca110467b62,Localization Stability,TF,Jump Linear,0.030624,690.3
6a8896067ea61587718eeca110467b62,Input Validity,Lidar,Lidar Rate,10,689.44
6a8896067ea61587718eeca110467b62,Input Validity,Odometry,Odometry Rate,50,689.44
6a8896067ea61587718eeca110467b62,Input Validity,TF,TF Rate,10,689.44
6a8896067ea61587718eeca110467b62,Localization Stability,TF,Jump Angular,0,690.4
6a8896067ea61587718eeca110467b62,Localization Stability,TF,Jump Linear,0,690.4
6a8896067ea61587718eeca110467b62,Localization Stability,TF,Jump Angular,0,690.5
6a8896067ea61587718eeca110467b62,Localization Stability,TF,Jump Linear,0,690.5
6a8896067ea61587718eeca110467b62,Input Validity,Lidar,Lidar Rate,10,689.54
6a8896067ea61587718eeca110467b62,Input Validity,Odometry,Odometry Rate,50,689.54
6a8896067ea61587718eeca110467b62,Input Validity,TF,TF Rate,10,689.54
6a8896067ea61587718eeca110467b62,Input Validity,Lidar,Lidar Rate,10,689.64
6a8896067ea61587718eeca110467b62,Input Validity,Odometry,Odometry Rate,50,689.64
6a8896067ea61587718eeca110467b62,Input Validity,TF,TF Rate,10,689.64
6a8896067ea61587718eeca110467b62,Localization Quality,AMCLPose,CovYawYaw,0.0362472,689.6
6a8896067ea61587718eeca110467b62,Localization Quality,AMCLPose,CovYY,0.0577553,689.6
6a8896067ea61587718eeca110467b62,Localization Quality,AMCLPose,CovXX,0.05944,689.6
6a8896067ea61587718eeca110467b62,Localization Quality,AMCLPose,MeanYaw,-0.649454,689.6
6a8896067ea61587718eeca110467b62,Localization Quality,AMCLPose,MeanY,0.403916,689.6
6a8896067ea61587718eeca110467b62,Localization Quality,AMCLPose,MeanX,2.02817,689.6
6a8896067ea61587718eeca110467b62,Localization Stability,TF,Jump Angular,-0.00378083,690.6
6a8896067ea61587718eeca110467b62,Localization Stability,TF,Jump Linear,0.0572228,690.6
6a8896067ea61587718eeca110467b62,Input Validity,Lidar,Lidar Rate,10,689.74
6a8896067ea61587718eeca110467b62,Input Validity,Odometry,Odometry Rate,50,689.74
6a8896067ea61587718eeca110467b62,Input Validity,TF,TF Rate,10,689.74
6a8896067ea61587718eeca110467b62,Localization Stability,TF,Jump Angular,0,690.7
6a8896067ea61587718eeca110467b62,Localization Stability,TF,Jump Linear,0,690.7
6a8896067ea61587718eeca110467b62,Input Validity,Lidar,Lidar Rate,10,689.84
6a8896067ea61587718eeca110467b62,Input Validity,Odometry,Odometry Rate,50,689.84
6a8896067ea61587718eeca110467b62,Input Validity,TF,TF Rate,10,689.84
6a8896067ea61587718eeca110467b62,Localization Stability,TF,Jump Angular,0,690.8
6a8896067ea61587718eeca110467b62,Localization Stability,TF,Jump Linear,0,690.8
6a8896067ea61587718eeca110467b62,Input Validity,Lidar,Lidar Rate,10,689.94
6a8896067ea61587718eeca110467b62,Input Validity,Odometry,Odometry Rate,50,689.94
6a8896067ea61587718eeca110467b62,Input Validity,TF,TF Rate,10,689.94
6a8896067ea61587718eeca110467b62,Localization Quality,AMCLPose,CovYawYaw,0.0373637,689.9
6a8896067ea61587718eeca110467b62,Localization Quality,AMCLPose,CovYY,0.0682225,689.9
6a8896067ea61587718eeca110467b62,Localization Quality,AMCLPose,CovXX,0.0643284,689.9
6a8896067ea61587718eeca110467b62,Localization Quality,AMCLPose,MeanYaw,-0.632568,689.9
6a8896067ea61587718eeca110467b62,Localization Quality,AMCLPose,MeanY,0.336745,689.9
6a8896067ea61587718eeca110467b62,Localization Quality,AMCLPose,MeanX,2.14669,689.9
6a8896067ea61587718eeca110467b62,Localization Stability,TF,Jump Angular,0.00642527,690.9
6a8896067ea61587718eeca110467b62,Localization Stability,TF,Jump Linear,0.116455,690.9
6a8896067ea61587718eeca110467b62,Localization Stability,TF,Jump Angular,0,691
6a8896067ea61587718eeca110467b62,Localization Stability,TF,Jump Linear,0,691
6a8896067ea61587718eeca110467b62,Input Validity,Lidar,Lidar Rate,10,690.04
6a8896067ea61587718eeca110467b62,Input Validity,Odometry,Odometry Rate,50,690.04
6a8896067ea61587718eeca110467b62,Input Validity,TF,TF Rate,10,690.04
6a8896067ea61587718eeca110467b62,Input Validity,Lidar,Lidar Rate,10,690.14
6a8896067ea61587718eeca110467b62,Input Validity,Odometry,Odometry Rate,50,690.14
6a8896067ea61587718eeca110467b62,Input Validity,TF,TF Rate,10,690.14
6a8896067ea61587718eeca110467b62,Localization Stability,TF,Jump Angular,0,691.1
6a8896067ea61587718eeca110467b62,Localization Stability,TF,Jump Linear,0,691.1
6a8896067ea61587718eeca110467b62,Input Validity,Lidar,Lidar Rate,10,690.24
6a8896067ea61587718eeca110467b62,Input Validity,Odometry,Odometry Rate,50,690.24
6a8896067ea61587718eeca110467b62,Input Validity,TF,TF Rate,10,690.24
6a8896067ea61587718eeca110467b62,Localization Quality,AMCLPose,CovYawYaw,0.0395807,690.2
6a8896067ea61587718eeca110467b62,Localization Quality,AMCLPose,CovYY,0.0777868,690.2
6a8896067ea61587718eeca110467b62,Localization Quality,AMCLPose,CovXX,0.0702663,690.2
6a8896067ea61587718eeca110467b62,Localization Quality,AMCLPose,MeanYaw,-0.635057,690.2
6a8896067ea61587718eeca110467b62,Localization Quality,AMCLPose,MeanY,0.25595,690.2
6a8896067ea61587718eeca110467b62,Localization Quality,AMCLPose,MeanX,2.25362,690.2
6a8896067ea61587718eeca110467b62,Localization Stability,TF,Jump Angular,-0.000848304,691.2
6a8896067ea61587718eeca110467b62,Localization Stability,TF,Jump Linear,0.0145869,691.2
6a8896067ea61587718eeca110467b62,Input Validity,Lidar,Lidar Rate,10,690.34
6a8896067ea61587718eeca110467b62,Input Validity,Odometry,Odometry Rate,50,690.34
6a8896067ea61587718eeca110467b62,Input Validity,TF,TF Rate,10,690.34
6a8896067ea61587718eeca110467b62,Localization Stability,TF,Jump Angular,0,691.3
6a8896067ea61587718eeca110467b62,Localization Stability,TF,Jump Linear,0,691.3
6a8896067ea61587718eeca110467b62,Input Validity,Lidar,Lidar Rate,10,690.44
6a8896067ea61587718eeca110467b62,Input Validity,Odometry,Odometry Rate,50,690.44
6a8896067ea61587718eeca110467b62,Input Validity,TF,TF Rate,10,690.44
6a8896067ea61587718eeca110467b62,Localization Stability,TF,Jump Angular,0,691.4
6a8896067ea61587718eeca110467b62,Localization Stability,TF,Jump Linear,0,691.4
6a8896067ea61587718eeca110467b62,Input Validity,Lidar,Lidar Rate,10,690.54
6a8896067ea61587718eeca110467b62,Input Validity,Odometry,Odometry Rate,50,690.54
6a8896067ea61587718eeca110467b62,Input Validity,TF,TF Rate,10,690.54
6a8896067ea61587718eeca110467b62,Localization Quality,AMCLPose,CovYawYaw,0.0407997,690.5
6a8896067ea61587718eeca110467b62,Localization Quality,AMCLPose,CovYY,0.0864655,690.5
6a8896067ea61587718eeca110467b62,Localization Quality,AMCLPose,CovXX,0.0759752,690.5
6a8896067ea61587718eeca110467b62,Localization Quality,AMCLPose,MeanYaw,-0.642828,690.5
6a8896067ea61587718eeca110467b62,Localization Quality,AMCLPose,MeanY,0.16398,690.5
6a8896067ea61587718eeca110467b62,Localization Quality,AMCLPose,MeanX,2.35424,690.5
6a8896067ea61587718eeca110467b62,Localization Stability,TF,Jump Angular,-0.00177132,691.5
6a8896067ea61587718eeca110467b62,Localization Stability,TF,Jump Linear,0.0404871,691.5
6a8896067ea61587718eeca110467b62,Localization Stability,TF,Jump Angular,0,691.6
6a8896067ea61587718eeca110467b62,Localization Stability,TF,Jump Linear,0,691.6
6a8896067ea61587718eeca110467b62,Input Validity,Lidar,Lidar Rate,10,690.64
6a8896067ea61587718eeca110467b62,Input Validity,Odometry,Odometry Rate,50,690.64
6a8896067ea61587718eeca110467b62,Input Validity,TF,TF Rate,10,690.64
6a8896067ea61587718eeca110467b62,Input Validity,Lidar,Lidar Rate,10,690.74
6a8896067ea61587718eeca110467b62,Input Validity,Odometry,Odometry Rate,50,690.74
6a8896067ea61587718eeca110467b62,Input Validity,TF,TF Rate,10,690.74
6a8896067ea61587718eeca110467b62,Localization Stability,TF,Jump Angular,0,691.7
6a8896067ea61587718eeca110467b62,Localization Stability,TF,Jump Linear,0,691.7
6a8896067ea61587718eeca110467b62,Input Validity,Lidar,Lidar Rate,10,690.84
6a8896067ea61587718eeca110467b62,Input Validity,Odometry,Odometry Rate,50,690.84
6a8896067ea61587718eeca110467b62,Input Validity,TF,TF Rate,10,690.84
6a8896067ea61587718eeca110467b62,Localization Quality,AMCLPose,CovYawYaw,0.0415103,690.8
6a8896067ea61587718eeca110467b62,Localization Quality,AMCLPose,CovYY,0.0986487,690.8
6a8896067ea61587718eeca110467b62,Localization Quality,AMCLPose,CovXX,0.0831873,690.8
6a8896067ea61587718eeca110467b62,Localization Quality,AMCLPose,MeanYaw,-0.657025,690.8
6a8896067ea61587718eeca110467b62,Localization Quality,AMCLPose,MeanY,0.0810047,690.8
6a8896067ea61587718eeca110467b62,Localization Quality,AMCLPose,MeanX,2.45239,690.8
6a8896067ea61587718eeca110467b62,Localization Stability,TF,Jump Angular,-0.00259442,691.8
6a8896067ea61587718eeca110467b62,Localization Stability,TF,Jump Linear,0.0437489,691.8
6a8896067ea61587718eeca110467b62,Input Validity,Lidar,Lidar Rate,10,690.93
6a8896067ea61587718eeca110467b62,Input Validity,Odometry,Odometry Rate,50,690.93
6a8896067ea61587718eeca110467b62,Input Validity,TF,TF Rate,10,690.93
6a8896067ea61587718eeca110467b62,Localization Stability,TF,Jump Angular,0,691.9
6a8896067ea61587718eeca110467b62,Localization Stability,TF,Jump Linear,0,691.9
6a8896067ea61587718eeca110467b62,Input Validity,Lidar,Lidar Rate,10,691.03
6a8896067ea61587718eeca110467b62,Input Validity,Odometry,Odometry Rate,50,691.03
6a8896067ea61587718eeca110467b62,Input Validity,TF,TF Rate,10,691.03
6a8896067ea61587718eeca110467b62,Localization Stability,TF,Jump Angular,0,692
6a8896067ea61587718eeca110467b62,Localization Stability,TF,Jump Linear,0,692
6a8896067ea61587718eeca110467b62,Input Validity,Lidar,Lidar Rate,10,691.13
6a8896067ea61587718eeca110467b62,Input Validity,Odometry,Odometry Rate,50,691.13
6a8896067ea61587718eeca110467b62,Input Validity,TF,TF Rate,10,691.13
6a8896067ea61587718eeca110467b62,Localization Quality,AMCLPose,CovYawYaw,0.0420749,691.1
6a8896067ea61587718eeca110467b62,Localization Quality,AMCLPose,CovYY,0.106198,691.1
6a8896067ea61587718eeca110467b62,Localization Quality,AMCLPose,CovXX,0.0888475,691.1
6a8896067ea61587718eeca110467b62,Localization Quality,AMCLPose,MeanYaw,-0.690203,691.1
6a8896067ea61587718eeca110467b62,Localization Quality,AMCLPose,MeanY,-0.0047496,691.1
6a8896067ea61587718eeca110467b62,Localization Quality,AMCLPose,MeanX,2.55664,691.1
6a8896067ea61587718eeca110467b62,Localization Stability,TF,Jump Angular,-0.00191081,692.1
6a8896067ea61587718eeca110467b62,Localization Stability,TF,Jump Linear,0.0310629,692.1
6a8896067ea61587718eeca110467b62,Input Validity,Lidar,Lidar Rate,10,691.23
6a8896067ea61587718eeca110467b62,Input Validity,Odometry,Odometry Rate,50,691.23
6a8896067ea61587718eeca110467b62,Input Validity,TF,TF Rate,10,691.23
6a8896067ea61587718eeca110467b62,Localization Stability,TF,Jump Angular,0,692.2
6a8896067ea61587718eeca110467b62,Localization Stability,TF,Jump Linear,0,692.2
6a8896067ea61587718eeca110467b62,Input Validity,Lidar,Lidar Rate,10,691.33
6a8896067ea61587718eeca110467b62,Input Validity,Odometry,Odometry Rate,50,691.33
6a8896067ea61587718eeca110467b62,Input Validity,TF,TF Rate,10,691.33
6a8896067ea61587718eeca110467b62,Localization Stability,TF,Jump Angular,0,692.3
6a8896067ea61587718eeca110467b62,Localization Stability,TF,Jump Linear,0,692.3
6a8896067ea61587718eeca110467b62,Input Validity,Lidar,Lidar Rate,10,691.43
6a8896067ea61587718eeca110467b62,Input Validity,Odometry,Odometry Rate,50,691.43
6a8896067ea61587718eeca110467b62,Input Validity,TF,TF Rate,10,691.43
6a8896067ea61587718eeca110467b62,Localization Quality,AMCLPose,CovYawYaw,0.0412829,691.4
6a8896067ea61587718eeca110467b62,Localization Quality,AMCLPose,CovYY,0.116849,691.4
6a8896067ea61587718eeca110467b62,Localization Quality,AMCLPose,CovXX,0.0963628,691.4
6a8896067ea61587718eeca110467b62,Localization Quality,AMCLPose,MeanYaw,-0.719451,691.4
6a8896067ea61587718eeca110467b62,Localization Quality,AMCLPose,MeanY,-0.0855527,691.4
6a8896067ea61587718eeca110467b62,Localization Quality,AMCLPose,MeanX,2.66308,691.4
6a8896067ea61587718eeca110467b62,Localization Stability,TF,Jump Angular,-0.00143651,692.4
6a8896067ea61587718eeca110467b62,Localization Stability,TF,Jump Linear,0.0149178,692.4
6a8896067ea61587718eeca110467b62,Input Validity,Lidar,Lidar Rate,10,691.53
6a8896067ea61587718eeca110467b62,Input Validity,Odometry,Odometry Rate,50,691.53
6a8896067ea61587718eeca110467b62,Input Validity,TF,TF Rate,10,691.53
6a8896067ea61587718eeca110467b62,Localization Stability,TF,Jump Angular,0,692.5
6a8896067ea61587718eeca110467b62,Localization Stability,TF,Jump Linear,0,692.5
6a8896067ea61587718eeca110467b62,Input Validity,Lidar,Lidar Rate,10,691.63
6a8896067ea61587718eeca110467b62,Input Validity,Odometry,Odometry Rate,50,691.63
6a8896067ea61587718eeca110467b62,Input Validity,TF,TF Rate,10,691.63
6a8896067ea61587718eeca110467b62,Localization Stability,TF,Jump Angular,0,692.6
6a8896067ea61587718eeca110467b62,Localization Stability,TF,Jump Linear,0,692.6
6a8896067ea61587718eeca110467b62,Input Validity,Lidar,Lidar Rate,10,691.73
6a8896067ea61587718eeca110467b62,Input Validity,Odometry,Odometry Rate,50,691.73
6a8896067ea61587718eeca110467b62,Input Validity,TF,TF Rate,10,691.73
6a8896067ea61587718eeca110467b62,Localization Quality,AMCLPose,CovYawYaw,0.0413869,691.7
6a8896067ea61587718eeca110467b62,Localization Quality,AMCLPose,CovYY,0.125295,691.7
6a8896067ea61587718eeca110467b62,Localization Quality,AMCLPose,CovXX,0.100849,691.7
6a8896067ea61587718eeca110467b62,Localization Quality,AMCLPose,MeanYaw,-0.735739,691.7
6a8896067ea61587718eeca110467b62,Localization Quality,AMCLPose,MeanY,-0.171492,691.7
6a8896067ea61587718eeca110467b62,Localization Quality,AMCLPose,MeanX,2.76107,691.7
6a8896067ea61587718eeca110467b62,Localization Stability,TF,Jump Angular,0.000437246,692.7
6a8896067ea61587718eeca110467b62,Localization Stability,TF,Jump Linear,0.0106579,692.7
6a8896067ea61587718eeca110467b62,Input Validity,Lidar,Lidar Rate,10,691.83
6a8896067ea61587718eeca110467b62,Input Validity,Odometry,Odometry Rate,50,691.83
6a8896067ea61587718eeca110467b62,Input Validity,TF,TF Rate,10,691.83
6a8896067ea61587718eeca110467b62,Localization Stability,TF,Jump Angular,0,692.8
6a8896067ea61587718eeca110467b62,Localization Stability,TF,Jump Linear,0,692.8
6a8896067ea61587718eeca110467b62,Input Validity,Lidar,Lidar Rate,10,691.93
6a8896067ea61587718eeca110467b62,Input Validity,Odometry,Odometry Rate,50,691.93
6a8896067ea61587718eeca110467b62,Input Validity,TF,TF Rate,10,691.93
6a8896067ea61587718eeca110467b62,Localization Stability,TF,Jump Angular,0,692.9
6a8896067ea61587718eeca110467b62,Localization Stability,TF,Jump Linear,0,692.9
6a8896067ea61587718eeca110467b62,Input Validity,Lidar,Lidar Rate,10,692.03
6a8896067ea61587718eeca110467b62,Input Validity,Odometry,Odometry Rate,50,692.03
6a8896067ea61587718eeca110467b62,Input Validity,TF,TF Rate,10,692.03
6a8896067ea61587718eeca110467b62,Localization Quality,AMCLPose,CovYawYaw,0.0427505,692
6a8896067ea61587718eeca110467b62,Localization Quality,AMCLPose,CovYY,0.13628,692
6a8896067ea61587718eeca110467b62,Localization Quality,AMCLPose,CovXX,0.1053,692
6a8896067ea61587718eeca110467b62,Localization Quality,AMCLPose,MeanYaw,-0.743418,692
6a8896067ea61587718eeca110467b62,Localization Quality,AMCLPose,MeanY,-0.254063,692
6a8896067ea61587718eeca110467b62,Localization Quality,AMCLPose,MeanX,2.87157,692
6a8896067ea61587718eeca110467b62,Localization Stability,TF,Jump Angular,0.00467051,693
6a8896067ea61587718eeca110467b62,Localization Stability,TF,Jump Linear,0.0802623,693
6a8896067ea61587718eeca110467b62,Input Validity,Lidar,Lidar Rate,10,692.13
6a8896067ea61587718eeca110467b62,Input Validity,Odometry,Odometry Rate,50,692.13
6a8896067ea61587718eeca110467b62,Input Validity,TF,TF Rate,10,692.13
6a8896067ea61587718eeca110467b62,Localization Stability,TF,Jump Angular,0,693.1
6a8896067ea61587718eeca110467b62,Localization Stability,TF,Jump Linear,0,693.1
6a8896067ea61587718eeca110467b62,Input Validity,Lidar,Lidar Rate,10,692.23
6a8896067ea61587718eeca110467b62,Input Validity,Odometry,Odometry Rate,50,692.23
6a8896067ea61587718eeca110467b62,Input Validity,TF,TF Rate,10,692.23
6a8896067ea61587718eeca110467b62,Localization Stability,TF,Jump Angular,0,693.2
6a8896067ea61587718eeca110467b62,Localization Stability,TF,Jump Linear,0,693.2
6a8896067ea61587718eeca110467b62,Input Validity,Lidar,Lidar Rate,10,692.33
6a8896067ea61587718eeca110467b62,Input Validity,Odometry,Odometry Rate,50,692.33
6a8896067ea61587718eeca110467b62,Input Validity,TF,TF Rate,10,692.33
6a8896067ea61587718eeca110467b62,Localization Quality,AMCLPose,CovYawYaw,0.0445672,692.3
6a8896067ea61587718eeca110467b62,Localization Quality,AMCLPose,CovYY,0.152785,692.3
6a8896067ea61587718eeca110467b62,Localization Quality,AMCLPose,CovXX,0.111979,692.3
6a8896067ea61587718eeca110467b62,Localization Quality,AMCLPose,MeanYaw,-0.743421,692.3
6a8896067ea61587718eeca110467b62,Localization Quality,AMCLPose,MeanY,-0.33115,692.3
6a8896067ea61587718eeca110467b62,Localization Quality,AMCLPose,MeanX,2.98641,692.3
6a8896067ea61587718eeca110467b62,Localization Stability,TF,Jump Angular,0.00875422,693.3
6a8896067ea61587718eeca110467b62,Localization Stability,TF,Jump Linear,0.146771,693.3
6a8896067ea61587718eeca110467b62,Input Validity,Lidar,Lidar Rate,10,692.43
6a8896067ea61587718eeca110467b62,Input Validity,Odometry,Odometry Rate,50,692.43
6a8896067ea61587718eeca110467b62,Input Validity,TF,TF Rate,10,692.43
6a8896067ea61587718eeca110467b62,Localization Stability,TF,Jump Angular,0,693.4
6a8896067ea61587718eeca110467b62,Localization Stability,TF,Jump Linear,0,693.4
6a8896067ea61587718eeca110467b62,Input Validity,Lidar,Lidar Rate,10,692.53
6a8896067ea61587718eeca110467b62,Input Validity,Odometry,Odometry Rate,50,692.53
6a8896067ea61587718eeca110467b62,Input Validity,TF,TF Rate,10,692.53
6a8896067ea61587718eeca110467b62,Localization Stability,TF,Jump Angular,0,693.5
6a8896067ea61587718eeca110467b62,Localization Stability,TF,Jump Linear,0,693.5
6a8896067ea61587718eeca110467b62,Input Validity,Lidar,Lidar Rate,10,692.63
6a8896067ea61587718eeca110467b62,Input Validity,Odometry,Odometry Rate,50,692.63
6a8896067ea61587718eeca110467b62,Input Validity,TF,TF Rate,10,692.63
6a8896067ea61587718eeca110467b62,Localization Quality,AMCLPose,CovYawYaw,0.0468886,692.6
6a8896067ea61587718eeca110467b62,Localization Quality,AMCLPose,CovYY,0.16887,692.6
6a8896067ea61587718eeca110467b62,Localization Quality,AMCLPose,CovXX,0.118532,692.6
6a8896067ea61587718eeca110467b62,Localization Quality,AMCLPose,MeanYaw,-0.756079,692.6
6a8896067ea61587718eeca110467b62,Localization Quality,AMCLPose,MeanY,-0.425249,692.6
6a8896067ea61587718eeca110467b62,Localization Quality,AMCLPose,MeanX,3.08505,692.6
6a8896067ea61587718eeca110467b62,Localization Stability,TF,Jump Angular,-0.00451198,693.6
6a8896067ea61587718eeca110467b62,Localization Stability,TF,Jump Linear,0.0687007,693.6
6a8896067ea61587718eeca110467b62,Input Validity,Lidar,Lidar Rate,10,692.73
6a8896067ea61587718eeca110467b62,Input Validity,Odometry,Odometry Rate,50,692.73
6a8896067ea61587718eeca110467b62,Input Validity,TF,TF Rate,10,692.73
6a8896067ea61587718eeca110467b62,Localization Stability,TF,Jump Angular,0,693.7
6a8896067ea61587718eeca110467b62,Localization Stability,TF,Jump Linear,0,693.7
6a8896067ea61587718eeca110467b62,Input Validity,Lidar,Lidar Rate,10,692.82
6a8896067ea61587718eeca110467b62,Input Validity,Odometry,Odometry Rate,50,692.82
6a8896067ea61587718eeca110467b62,Input Validity,TF,TF Rate,10,692.82
6a8896067ea61587718eeca110467b62,Localization Stability,TF,Jump Angular,0,693.8
6a8896067ea61587718eeca110467b62,Localization Stability,TF,Jump Linear,0,693.8
6a8896067ea61587718eeca110467b62,Input Validity,Lidar,Lidar Rate,10,692.92
6a8896067ea61587718eeca110467b62,Input Validity,Odometry,Odometry Rate,50,692.92
6a8896067ea61587718eeca110467b62,Input Validity,TF,TF Rate,10,692.92
6a8896067ea61587718eeca110467b62,Localization Quality,AMCLPose,CovYawYaw,0.0507963,692.9
6a8896067ea61587718eeca110467b62,Localization Quality,AMCLPose,CovYY,0.184169,692.9
6a8896067ea61587718eeca110467b62,Localization Quality,AMCLPose,CovXX,0.13017,692.9
6a8896067ea61587718eeca110467b62,Localization Quality,AMCLPose,MeanYaw,-0.76996,692.9
6a8896067ea61587718eeca110467b62,Localization Quality,AMCLPose,MeanY,-0.52736,692.9
6a8896067ea61587718eeca110467b62,Localization Quality,AMCLPose,MeanX,3.16822,692.9
6a8896067ea61587718eeca110467b62,Localization Stability,TF,Jump Angular,-0.00640925,693.9
6a8896067ea61587718eeca110467b62,Localization Stability,TF,Jump Linear,0.10506,693.9
6a8896067ea61587718eeca110467b62,Input Validity,Lidar,Lidar Rate,10,693.02
6a8896067ea61587718eeca110467b62,Input Validity,Odometry,Odometry Rate,50,693.02
6a8896067ea61587718eeca110467b62,Input Validity,TF,TF Rate,10,693.02
6a8896067ea61587718eeca110467b62,Localization Stability,TF,Jump Angular,0,694
6a8896067ea61587718eeca110467b62,Localization Stability,TF,Jump Linear,0,694
6a8896067ea61587718eeca110467b62,Input Validity,Lidar,Lidar Rate,10,693.12
6a8896067ea61587718eeca110467b62,Input Validity,Odometry,Odometry Rate,50,693.12
6a8896067ea61587718eeca110467b62,Input Validity,TF,TF Rate,10,693.12
6a8896067ea61587718eeca110467b62,Localization Stability,TF,Jump Angular,0,694.1
6a8896067ea61587718eeca110467b62,Localization Stability,TF,Jump Linear,0,694.1
6a8896067ea61587718eeca110467b62,Input Validity,Lidar,Lidar Rate,10,693.22
6a8896067ea61587718eeca110467b62,Input Validity,Odometry,Odometry Rate,50,693.22
6a8896067ea61587718eeca110467b62,Input Validity,TF,TF Rate,10,693.22
6a8896067ea61587718eeca110467b62,Localization Quality,AMCLPose,CovYawYaw,0.0539736,693.2
6a8896067ea61587718eeca110467b62,Localization Quality,AMCLPose,CovYY,0.202924,693.2
6a8896067ea61587718eeca110467b62,Localization Quality,AMCLPose,CovXX,0.137509,693.2
6a8896067ea61587718eeca110467b62,Localization Quality,AMCLPose,MeanYaw,-0.784428,693.2
6a8896067ea61587718eeca110467b62,Localization Quality,AMCLPose,MeanY,-0.633805,693.2
6a8896067ea61587718eeca110467b62,Localization Quality,AMCLPose,MeanX,3.25732,693.2
6a8896067ea61587718eeca110467b62,Localization Stability,TF,Jump Angular,-0.00213834,694.2
6a8896067ea61587718eeca110467b62,Localization Stability,TF,Jump Linear,0.0440066,694.2
6a8896067ea61587718eeca110467b62,Input Validity,Lidar,Lidar Rate,10,693.32
6a8896067ea61587718eeca110467b62,Input Validity,Odometry,Odometry Rate,50,693.32
6a8896067ea61587718eeca110467b62,Input Validity,TF,TF Rate,10,693.32
6a8896067ea61587718eeca110467b62,Localization Stability,TF,Jump Angular,0,694.3
6a8896067ea61587718eeca110467b62,Localization Stability,TF,Jump Linear,0,694.3
6a8896067ea61587718eeca110467b62,Input Validity,Lidar,Lidar Rate,10,693.42
6a8896067ea61587718eeca110467b62,Input Validity,Odometry,Odometry Rate,50,693.42
6a8896067ea61587718eeca110467b62,Input Validity,TF,TF Rate,10,693.42
6a8896067ea61587718eeca110467b62,Localization Stability,TF,Jump Angular,0,694.4
6a8896067ea61587718eeca110467b62,Localization Stability,TF,Jump Linear,0,694.4
6a8896067ea61587718eeca110467b62,Input Validity,Lidar,Lidar Rate,10,693.52
6a8896067ea61587718eeca110467b62,Input Validity,Odometry,Odometry Rate,50,693.52
6a8896067ea61587718eeca110467b62,Input Validity,TF,TF Rate,10,693.52
6a8896067ea61587718eeca110467b62,Localization Quality,AMCLPose,CovYawYaw,0.0551656,693.5
6a8896067ea61587718eeca110467b62,Localization Quality,AMCLPose,CovYY,0.21806,693.5
6a8896067ea61587718eeca110467b62,Localization Quality,AMCLPose,CovXX,0.146541,693.5
6a8896067ea61587718eeca110467b62,Localization Quality,AMCLPose,MeanYaw,-0.781276,693.5
6a8896067ea61587718eeca110467b62,Localization Quality,AMCLPose,MeanY,-0.68519,693.5
6a8896067ea61587718eeca110467b62,Localization Quality,AMCLPose,MeanX,3.38186,693.5
6a8896067ea61587718eeca110467b62,Localization Stability,TF,Jump Angular,0.02254,694.5
6a8896067ea61587718eeca110467b62,Localization Stability,TF,Jump Linear,0.372419,694.5
6a8896067ea61587718eeca110467b62,Input Validity,Lidar,Lidar Rate,10,693.62
6a8896067ea61587718eeca110467b62,Input Validity,Odometry,Odometry Rate,50,693.62
6a8896067ea61587718eeca110467b62,Input Validity,TF,TF Rate,10,693.62
6a8896067ea61587718eeca110467b62,Localization Stability,TF,Jump Angular,0,694.6
6a8896067ea61587718eeca110467b62,Localization Stability,TF,Jump Linear,0,694.6
6a8896067ea61587718eeca110467b62,Input Validity,Lidar,Lidar Rate,10,693.72
6a8896067ea61587718eeca110467b62,Input Validity,Odometry,Odometry Rate,50,693.72
6a8896067ea61587718eeca110467b62,Input Validity,TF,TF Rate,10,693.72
6a8896067ea61587718eeca110467b62,Localization Stability,TF,Jump Angular,0,694.7
6a8896067ea61587718eeca110467b62,Localization Stability,TF,Jump Linear,0,694.7
6a8896067ea61587718eeca110467b62,Input Validity,Lidar,Lidar Rate,10,693.82
6a8896067ea61587718eeca110467b62,Input Validity,Odometry,Odometry Rate,50,693.82
6a8896067ea61587718eeca110467b62,Input Validity,TF,TF Rate,10,693.82
6a8896067ea61587718eeca110467b62,Localization Quality,AMCLPose,CovYawYaw,0.0583205,693.8
6a8896067ea61587718eeca110467b62,Localization Quality,AMCLPose,CovYY,0.22907,693.8
6a8896067ea61587718eeca110467b62,Localization Quality,AMCLPose,CovXX,0.160431,693.8
6a8896067ea61587718eeca110467b62,Localization Quality,AMCLPose,MeanYaw,-0.785274,693.8
6a8896067ea61587718eeca110467b62,Localization Quality,AMCLPose,MeanY,-0.762133,693.8
6a8896067ea61587718eeca110467b62,Localization Quality,AMCLPose,MeanX,3.49056,693.8
6a8896067ea61587718eeca110467b62,Localization Stability,TF,Jump Angular,0.00938348,694.8
6a8896067ea61587718eeca110467b62,Localization Stability,TF,Jump Linear,0.154227,694.8
6a8896067ea61587718eeca110467b62,Input Validity,Lidar,Lidar Rate,10,693.92
6a8896067ea61587718eeca110467b62,Input Validity,Odometry,Odometry Rate,50,693.92
6a8896067ea61587718eeca110467b62,Input Validity,TF,TF Rate,10,693.92
6a8896067ea61587718eeca110467b62,Localization Stability,TF,Jump Angular,0,694.9
6a8896067ea61587718eeca110467b62,Localization Stability,TF,Jump Linear,0,694.9
6a8896067ea61587718eeca110467b62,Input Validity,Lidar,Lidar Rate,10,694.02
6a8896067ea61587718eeca110467b62,Input Validity,Odometry,Odometry Rate,50,694.02
6a8896067ea61587718eeca110467b62,Input Validity,TF,TF Rate,10,694.02
6a8896067ea61587718eeca110467b62,Localization Stability,TF,Jump Angular,0,695
6a8896067ea61587718eeca110467b62,Localization Stability,TF,Jump Linear,0,695
6a8896067ea61587718eeca110467b62,Input Validity,Lidar,Lidar Rate,10,694.12
6a8896067ea61587718eeca110467b62,Input Validity,Odometry,Odometry Rate,50,694.12
6a8896067ea61587718eeca110467b62,Input Validity,TF,TF Rate,10,694.12
6a8896067ea61587718eeca110467b62,Localization Quality,AMCLPose,CovYawYaw,0.0611835,694.1
6a8896067ea61587718eeca110467b62,Localization Quality,AMCLPose,CovYY,0.246901,694.1
6a8896067ea61587718eeca110467b62,Localization Quality,AMCLPose,CovXX,0.177678,694.1
6a8896067ea61587718eeca110467b62,Localization Quality,AMCLPose,MeanYaw,-0.703389,694.1
6a8896067ea61587718eeca110467b62,Localization Quality,AMCLPose,MeanY,-0.847728,694.1
6a8896067ea61587718eeca110467b62,Localization Quality,AMCLPose,MeanX,3.59878,694.1
6a8896067ea61587718eeca110467b62,Localization Stability,TF,Jump Angular,0.000973521,695.1
6a8896067ea61587718eeca110467b62,Localization Stability,TF,Jump Linear,0.023059,695.1
6a8896067ea61587718eeca110467b62,Input Validity,Lidar,Lidar Rate,10,694.22
6a8896067ea61587718eeca110467b62,Input Validity,Odometry,Odometry Rate,50,694.22
6a8896067ea61587718eeca110467b62,Input Validity,TF,TF Rate,10,694.22
6a8896067ea61587718eeca110467b62,Localization Stability,TF,Jump Angular,0,695.2
6a8896067ea61587718eeca110467b62,Localization Stability,TF,Jump Linear,0,695.2
6a8896067ea61587718eeca110467b62,Input Validity,Lidar,Lidar Rate,10,694.32
6a8896067ea61587718eeca110467b62,Input Validity,Odometry,Odometry Rate,50,694.32
6a8896067ea61587718eeca110467b62,Input Validity,TF,TF Rate,10,694.32
6a8896067ea61587718eeca110467b62,Localization Quality,AMCLPose,CovYawYaw,0.0593917,694.3
6a8896067ea61587718eeca110467b62,Localization Quality,AMCLPose,CovYY,0.254254,694.3
6a8896067ea61587718eeca110467b62,Localization Quality,AMCLPose,CovXX,0.179593,694.3
6a8896067ea61587718eeca110467b62,Localization Quality,AMCLPose,MeanYaw,-0.643464,694.3
6a8896067ea61587718eeca110467b62,Localization Quality,AMCLPose,MeanY,-0.906849,694.3
6a8896067ea61587718eeca110467b62,Localization Quality,AMCLPose,MeanX,3.66616,694.3
6a8896067ea61587718eeca110467b62,Localization Stability,TF,Jump Angular,-0.00199129,695.3
6a8896067ea61587718eeca110467b62,Localization Stability,TF,Jump Linear,0.0314801,695.3
6a8896067ea61587718eeca110467b62,Input Validity,Lidar,Lidar Rate,10,694.42
6a8896067ea61587718eeca110467b62,Input Validity,Odometry,Odometry Rate,50,694.42
6a8896067ea61587718eeca110467b62,Input Validity,TF,TF Rate,10,694.42
6a8896067ea61587718eeca110467b62,Localization Stability,TF,Jump Angular,0,695.4
6a8896067ea61587718eeca110467b62,Localization Stability,TF,Jump Linear,0,695.4
6a8896067ea61587718eeca110467b62,Input Validity,Lidar,Lidar Rate,10,694.52
6a8896067ea61587718eeca110467b62,Input Validity,Odometry,Odometry Rate,50,694.52
6a8896067ea61587718eeca110467b62,Input Validity,TF,TF Rate,10,694.52
6a8896067ea61587718eeca110467b62,Localization Quality,AMCLPose,CovYawYaw,0.0592045,694.5
6a8896067ea61587718eeca110467b62,Localization Quality,AMCLPose,CovYY,0.259805,694.5
6a8896067ea61587718eeca110467b62,Localization Quality,AMCLPose,CovXX,0.187136,694.5
6a8896067ea61587718eeca110467b62,Localization Quality,AMCLPose,MeanYaw,-0.591333,694.5
6a8896067ea61587718eeca110467b62,Localization Quality,AMCLPose,MeanY,-0.961215,694.5
6a8896067ea61587718eeca110467b62,Localization Quality,AMCLPose,MeanX,3.74962,694.5
6a8896067ea61587718eeca110467b62,Localization Stability,TF,Jump Angular,0.00173184,695.5
6a8896067ea61587718eeca110467b62,Localization Stability,TF,Jump Linear,0.024604,695.5
6a8896067ea61587718eeca110467b62,Input Validity,Lidar,Lidar Rate,10,694.61
6a8896067ea61587718eeca110467b62,Input Validity,Odometry,Odometry Rate,50,694.61
6a8896067ea61587718eeca110467b62,Input Validity,TF,TF Rate,10,694.61
6a8896067ea61587718eeca110467b62,Localization Stability,TF,Jump Angular,0,695.6
6a8896067ea61587718eeca110467b62,Localization Stability,TF,Jump Linear,0,695.6
6a8896067ea61587718eeca110467b62,Input Validity,Lidar,Lidar Rate,10,694.71
6a8896067ea61587718eeca110467b62,Input Validity,Odometry,Odometry Rate,50,694.71
6a8896067ea61587718eeca110467b62,Input Validity,TF,TF Rate,10,694.71
6a8896067ea61587718eeca110467b62,Localization Stability,TF,Jump Angular,0,695.7
6a8896067ea61587718eeca110467b62,Localization Stability,TF,Jump Linear,0,695.7
6a8896067ea61587718eeca110467b62,Input Validity,Lidar,Lidar Rate,10,694.81
6a8896067ea61587718eeca110467b62,Input Validity,Odometry,Odometry Rate,50,694.81
6a8896067ea61587718eeca110467b62,Input Validity,TF,TF Rate,10,694.81
6a8896067ea61587718eeca110467b62,Localization Quality,AMCLPose,CovYawYaw,0.0621587,694.8
6a8896067ea61587718eeca110467b62,Localization Quality,AMCLPose,CovYY,0.277273,694.8
6a8896067ea61587718eeca110467b62,Localization Quality,AMCLPose,CovXX,0.208203,694.8
6a8896067ea61587718eeca110467b62,Localization Quality,AMCLPose,MeanYaw,-0.571697,694.8
6a8896067ea61587718eeca110467b62,Localization Quality,AMCLPose,MeanY,-1.02921,694.8
6a8896067ea61587718eeca110467b62,Localization Quality,AMCLPose,MeanX,3.85772,694.8
6a8896067ea61587718eeca110467b62,Localization Stability,TF,Jump Angular,-0.00559822,695.8
6a8896067ea61587718eeca110467b62,Localization Stability,TF,Jump Linear,0.0727342,695.8
6a8896067ea61587718eeca110467b62,Input Validity,Lidar,Lidar Rate,10,694.91
6a8896067ea61587718eeca110467b62,Input Validity,Odometry,Odometry Rate,50,694.91
6a8896067ea61587718eeca110467b62,Input Validity,TF,TF Rate,10,694.91
6a8896067ea61587718eeca110467b62,Localization Stability,TF,Jump Angular,0,695.9
6a8896067ea61587718eeca110467b62,Localization Stability,TF,Jump Linear,0,695.9
6a8896067ea61587718eeca110467b62,Input Validity,Lidar,Lidar Rate,10,695.01
6a8896067ea61587718eeca110467b62,Input Validity,Odometry,Odometry Rate,50,695.01
6a8896067ea61587718eeca110467b62,Input Validity,TF,TF Rate,10,695.01
6a8896067ea61587718eeca110467b62,Localization Stability,TF,Jump Angular,0,696
6a8896067ea61587718eeca110467b62,Localization Stability,TF,Jump Linear,0,696
6a8896067ea61587718eeca110467b62,Input Validity,Lidar,Lidar Rate,10,695.11
6a8896067ea61587718eeca110467b62,Input Validity,Odometry,Odometry Rate,50,695.11
6a8896067ea61587718eeca110467b62,Input Validity,TF,TF Rate,10,695.11
6a8896067ea61587718eeca110467b62,Localization Quality,AMCLPose,CovYawYaw,0.0490824,695.1
6a8896067ea61587718eeca110467b62,Localization Quality,AMCLPose,CovYY,0.272917,695.1
6a8896067ea61587718eeca110467b62,Localization Quality,AMCLPose,CovXX,0.202229,695.1
6a8896067ea61587718eeca110467b62,Localization Quality,AMCLPose,MeanYaw,-0.518837,695.1
6a8896067ea61587718eeca110467b62,Localization Quality,AMCLPose,MeanY,-1.13094,695.1
6a8896067ea61587718eeca110467b62,Localization Quality,AMCLPose,MeanX,3.9539,695.1
6a8896067ea61587718eeca110467b62,Localization Stability,TF,Jump Angular,0.00675745,696.1
6a8896067ea61587718eeca110467b62,Localization Stability,TF,Jump Linear,0.0638617,696.1
6a8896067ea61587718eeca110467b62,Input Validity,Lidar,Lidar Rate,10,695.21
6a8896067ea61587718eeca110467b62,Input Validity,Odometry,Odometry Rate,50,695.21
6a8896067ea61587718eeca110467b62,Input Validity,TF,TF Rate,10,695.21
6a8896067ea61587718eeca110467b62,Localization Stability,TF,Jump Angular,0,696.2
6a8896067ea61587718eeca110467b62,Localization Stability,TF,Jump Linear,0,696.2
6a8896067ea61587718eeca110467b62,Input Validity,Lidar,Lidar Rate,10,695.31
6a8896067ea61587718eeca110467b62,Input Validity,Odometry,Odometry Rate,50,695.31
6a8896067ea61587718eeca110467b62,Input Validity,TF,TF Rate,10,695.31
6a8896067ea61587718eeca110467b62,Localization Stability,TF,Jump Angular,0,696.3
6a8896067ea61587718eeca110467b62,Localization Stability,TF,Jump Linear,0,696.3
6a8896067ea61587718eeca110467b62,Input Validity,Lidar,Lidar Rate,10,695.41
6a8896067ea61587718eeca110467b62,Input Validity,Odometry,Odometry Rate,50,695.41
6a8896067ea61587718eeca110467b62,Input Validity,TF,TF Rate,10,695.41
6a8896067ea61587718eeca110467b62,Localization Quality,AMCLPose,CovYawYaw,0.0336889,695.4
6a8896067ea61587718eeca110467b62,Localization Quality,AMCLPose,CovYY,0.217941,695.4
6a8896067ea61587718eeca110467b62,Localization Quality,AMCLPose,CovXX,0.15462,695.4
6a8896067ea61587718eeca110467b62,Localization Quality,AMCLPose,MeanYaw,-0.493265,695.4
6a8896067ea61587718eeca110467b62,Localization Quality,AMCLPose,MeanY,-1.25805,695.4
6a8896067ea61587718eeca110467b62,Localization Quality,AMCLPose,MeanX,4.00315,695.4
6a8896067ea61587718eeca110467b62,Localization Stability,TF,Jump Angular,-0.0114413,696.4
6a8896067ea61587718eeca110467b62,Localization Stability,TF,Jump Linear,0.231242,696.4
6a8896067ea61587718eeca110467b62,Input Validity,Lidar,Lidar Rate,10,695.51
6a8896067ea61587718eeca110467b62,Input Validity,Odometry,Odometry Rate,50,695.51
6a8896067ea61587718eeca110467b62,Input Validity,TF,TF Rate,10,695.51
6a8896067ea61587718eeca110467b62,Localization Stability,TF,Jump Angular,0,696.5
6a8896067ea61587718eeca110467b62,Localization Stability,TF,Jump Linear,0,696.5
6a8896067ea61587718eeca110467b62,Input Validity,Lidar,Lidar Rate,10,695.61
6a8896067ea61587718eeca110467b62,Input Validity,Odometry,Odometry Rate,50,695.61
6a8896067ea61587718eeca110467b62,Input Validity,TF,TF Rate,10,695.61
6a8896067ea61587718eeca110467b62,Localization Stability,TF,Jump Angular,0,696.6
6a8896067ea61587718eeca110467b62,Localization Stability,TF,Jump Linear,0,696.6
6a8896067ea61587718eeca110467b62,Input Validity,Lidar,Lidar Rate,10,695.71
6a8896067ea61587718eeca110467b62,Input Validity,Odometry,Odometry Rate,50,695.71
6a8896067ea61587718eeca110467b62,Input Validity,TF,TF Rate,10,695.71
6a8896067ea61587718eeca110467b62,Localization Quality,AMCLPose,CovYawYaw,0.0217926,695.7
6a8896067ea61587718eeca110467b62,Localization Quality,AMCLPose,CovYY,0.151815,695.7
6a8896067ea61587718eeca110467b62,Localization Quality,AMCLPose,CovXX,0.102366,695.7
6a8896067ea61587718eeca110467b62,Localization Quality,AMCLPose,MeanYaw,-0.473868,695.7
6a8896067ea61587718eeca110467b62,Localization Quality,AMCLPose,MeanY,-1.35577,695.7
6a8896067ea61587718eeca110467b62,Localization Quality,AMCLPose,MeanX,4.08651,695.7
6a8896067ea61587718eeca110467b62,Localization Stability,TF,Jump Angular,-0.00968467,696.7
6a8896067ea61587718eeca110467b62,Localization Stability,TF,Jump Linear,0.172023,696.7
6a8896067ea61587718eeca110467b62,Input Validity,Lidar,Lidar Rate,10,695.81
6a8896067ea61587718eeca110467b62,Input Validity,Odometry,Odometry Rate,50,695.81
6a8896067ea61587718eeca110467b62,Input Validity,TF,TF Rate,10,695.81
6a8896067ea61587718eeca110467b62,Localization Stability,TF,Jump Angular,0,696.8
6a8896067ea61587718eeca110467b62,Localization Stability,TF,Jump Linear,0,696.8
6a8896067ea61587718eeca110467b62,Input Validity,Lidar,Lidar Rate,10,695.91
6a8896067ea61587718eeca110467b62,Input Validity,Odometry,Odometry Rate,50,695.91
6a8896067ea61587718eeca110467b62,Input Validity,TF,TF Rate,10,695.91
6a8896067ea61587718eeca110467b62,Localization Stability,TF,Jump Angular,0,696.9
6a8896067ea61587718eeca110467b62,Localization Stability,TF,Jump Linear,0,696.9
6a8896067ea61587718eeca110467b62,Input Validity,Lidar,Lidar Rate,10,696.01
6a8896067ea61587718eeca110467b62,Input Validity,Odometry,Odometry Rate,50,696.01
6a8896067ea61587718eeca110467b62,Input Validity,TF,TF Rate,10,696.01
6a8896067ea61587718eeca110467b62,Localization Quality,AMCLPose,CovYawYaw,0.0142461,696
6a8896067ea61587718eeca110467b62,Localization Quality,AMCLPose,CovYY,0.11305,696
6a8896067ea61587718eeca110467b62,Localization Quality,AMCLPose,CovXX,0.0739758,696
6a8896067ea61587718eeca110467b62,Localization Quality,AMCLPose,MeanYaw,-0.454879,696
6a8896067ea61587718eeca110467b62,Localization Quality,AMCLPose,MeanY,-1.42396,696
6a8896067ea61587718eeca110467b62,Localization Quality,AMCLPose,MeanX,4.19359,696
6a8896067ea61587718eeca110467b62,Localization Stability,TF,Jump Angular,-0.00525487,697
6a8896067ea61587718eeca110467b62,Localization Stability,TF,Jump Linear,0.0803643,697
6a8896067ea61587718eeca110467b62,Input Validity,Lidar,Lidar Rate,10,696.11
6a8896067ea61587718eeca110467b62,Input Validity,Odometry,Odometry Rate,50,696.11
6a8896067ea61587718eeca110467b62,Input Validity,TF,TF Rate,10,696.11
6a8896067ea61587718eeca110467b62,Localization Stability,TF,Jump Angular,0,697.1
6a8896067ea61587718eeca110467b62,Localization Stability,TF,Jump Linear,0,697.1
6a8896067ea61587718eeca110467b62,Input Validity,Lidar,Lidar Rate,10,696.21
6a8896067ea61587718eeca110467b62,Input Validity,Odometry,Odometry Rate,50,696.21
6a8896067ea61587718eeca110467b62,Input Validity,TF,TF Rate,10,696.21
6a8896067ea61587718eeca110467b62,Localization Stability,TF,Jump Angular,0,697.2
6a8896067ea61587718eeca110467b62,Localization Stability,TF,Jump Linear,0,697.2
6a8896067ea61587718eeca110467b62,Input Validity,Lidar,Lidar Rate,10,696.31
6a8896067ea61587718eeca110467b62,Input Validity,Odometry,Odometry Rate,50,696.31
6a8896067ea61587718eeca110467b62,Input Validity,TF,TF Rate,10,696.31
6a8896067ea61587718eeca110467b62,Localization Quality,AMCLPose,CovYawYaw,0.00978906,696.3
6a8896067ea61587718eeca110467b62,Localization Quality,AMCLPose,CovYY,0.077418,696.3
6a8896067ea61587718eeca110467b62,Localization Quality,AMCLPose,CovXX,0.0489385,696.3
6a8896067ea61587718eeca110467b62,Localization Quality,AMCLPose,MeanYaw,-0.426805,696.3
6a8896067ea61587718eeca110467b62,Localization Quality,AMCLPose,MeanY,-1.47415,696.3
6a8896067ea61587718eeca110467b62,Localization Quality,AMCLPose,MeanX,4.31845,696.3
6a8896067ea61587718eeca110467b62,Localization Stability,TF,Jump Angular,0.00279718,697.3
6a8896067ea61587718eeca110467b62,Localization Stability,TF,Jump Linear,0.045035,697.3
6a8896067ea61587718eeca110467b62,Input Validity,Lidar,Lidar Rate,10,696.41
6a8896067ea61587718eeca110467b62,Input Validity,Odometry,Odometry Rate,50,696.41
6a8896067ea61587718eeca110467b62,Input Validity,TF,TF Rate,10,696.41
6a8896067ea61587718eeca110467b62,Localization Stability,TF,Jump Angular,0,697.4
6a8896067ea61587718eeca110467b62,Localization Stability,TF,Jump Linear,0,697.4
6a8896067ea61587718eeca110467b62,Input Validity,Lidar,Lidar Rate,10,696.5
6a8896067ea61587718eeca110467b62,Input Validity,Odometry,Odometry Rate,50,696.5
6a8896067ea61587718eeca110467b62,Input Validity,TF,TF Rate,10,696.5
6a8896067ea61587718eeca110467b62,Localization Stability,TF,Jump Angular,0,697.5
6a8896067ea61587718eeca110467b62,Localization Stability,TF,Jump Linear,0,697.5
6a8896067ea61587718eeca110467b62,Input Validity,Lidar,Lidar Rate,10,696.6
6a8896067ea61587718eeca110467b62,Input Validity,Odometry,Odometry Rate,50,696.6
6a8896067ea61587718eeca110467b62,Input Validity,TF,TF Rate,10,696.6
6a8896067ea61587718eeca110467b62,Localization Quality,AMCLPose,CovYawYaw,0.00805436,696.6
6a8896067ea61587718eeca110467b62,Localization Quality,AMCLPose,CovYY,0.0635159,696.6
6a8896067ea61587718eeca110467b62,Localization Quality,AMCLPose,CovXX,0.0384076,696.6
6a8896067ea61587718eeca110467b62,Localization Quality,AMCLPose,MeanYaw,-0.379069,696.6
6a8896067ea61587718eeca110467b62,Localization Quality,AMCLPose,MeanY,-1.52153,696.6
6a8896067ea61587718eeca110467b62,Localization Quality,AMCLPose,MeanX,4.44375,696.6
6a8896067ea61587718eeca110467b62,Localization Stability,TF,Jump Angular,0.00244607,697.6
6a8896067ea61587718eeca110467b62,Localization Stability,TF,Jump Linear,0.0383677,697.6
6a8896067ea61587718eeca110467b62,Input Validity,Lidar,Lidar Rate,10,696.7
6a8896067ea61587718eeca110467b62,Input Validity,Odometry,Odometry Rate,50,696.7
6a8896067ea61587718eeca110467b62,Input Validity,TF,TF Rate,10,696.7
6a8896067ea61587718eeca110467b62,Localization Stability,TF,Jump Angular,0,697.7
6a8896067ea61587718eeca110467b62,Localization Stability,TF,Jump Linear,0,697.7
6a8896067ea61587718eeca110467b62,Input Validity,Lidar,Lidar Rate,10,696.8
6a8896067ea61587718eeca110467b62,Input Validity,Odometry,Odometry Rate,50,696.8
6a8896067ea61587718eeca110467b62,Input Validity,TF,TF Rate,10,696.8
6a8896067ea61587718eeca110467b62,Localization Stability,TF,Jump Angular,0,697.8
6a8896067ea61587718eeca110467b62,Localization Stability,TF,Jump Linear,0,697.8
6a8896067ea61587718eeca110467b62,Input Validity,Lidar,Lidar Rate,10,696.9
6a8896067ea61587718eeca110467b62,Input Validity,Odometry,Odometry Rate,50,696.9
6a8896067ea61587718eeca110467b62,Input Validity,TF,TF Rate,10,696.9
6a8896067ea61587718eeca110467b62,Input Validity,Lidar,Lidar Rate,10,697
6a8896067ea61587718eeca110467b62,Input Validity,Odometry,Odometry Rate,50,697
6a8896067ea61587718eeca110467b62,Input Validity,TF,TF Rate,10,697
6a8896067ea61587718eeca110467b62,Localization Quality,AMCLPose,CovYawYaw,0.00623406,696.9
6a8896067ea61587718eeca110467b62,Localization Quality,AMCLPose,CovYY,0.0424502,696.9
6a8896067ea61587718eeca110467b62,Localization Quality,AMCLPose,CovXX,0.0255263,696.9
6a8896067ea61587718eeca110467b62,Localization Quality,AMCLPose,MeanYaw,-0.319909,696.9
6a8896067ea61587718eeca110467b62,Localization Quality,AMCLPose,MeanY,-1.55369,696.9
6a8896067ea61587718eeca110467b62,Localization Quality,AMCLPose,MeanX,4.57954,696.9
6a8896067ea61587718eeca110467b62,Localization Stability,TF,Jump Angular,0.00120066,697.9
6a8896067ea61587718eeca110467b62,Localization Stability,TF,Jump Linear,0.0316323,697.9
6a8896067ea61587718eeca110467b62,Localization Stability,TF,Jump Angular,0,698
6a8896067ea61587718eeca110467b62,Localization Stability,TF,Jump Linear,0,698
6a8896067ea61587718eeca110467b62,Input Validity,Lidar,Lidar Rate,10,697.1
6a8896067ea61587718eeca110467b62,Input Validity,Odometry,Odometry Rate,50,697.1
6a8896067ea61587718eeca110467b62,Input Validity,TF,TF Rate,10,697.1
6a8896067ea61587718eeca110467b62,Localization Stability,TF,Jump Angular,0,698.1
6a8896067ea61587718eeca110467b62,Localization Stability,TF,Jump Linear,0,698.1
6a8896067ea61587718eeca110467b62,Input Validity,Lidar,Lidar Rate,10,697.2
6a8896067ea61587718eeca110467b62,Input Validity,Odometry,Odometry Rate,50,697.2
6a8896067ea61587718eeca110467b62,Input Validity,TF,TF Rate,10,697.2
6a8896067ea61587718eeca110467b62,Localization Quality,AMCLPose,CovYawYaw,0.00418514,697.2
6a8896067ea61587718eeca110467b62,Localization Quality,AMCLPose,CovYY,0.0266991,697.2
6a8896067ea61587718eeca110467b62,Localization Quality,AMCLPose,CovXX,0.0140983,697.2
6a8896067ea61587718eeca110467b62,Localization Quality,AMCLPose,MeanYaw,-0.258994,697.2
6a8896067ea61587718eeca110467b62,Localization Quality,AMCLPose,MeanY,-1.57956,697.2
6a8896067ea61587718eeca110467b62,Localization Quality,AMCLPose,MeanX,4.70161,697.2
6a8896067ea61587718eeca110467b62,Localization Stability,TF,Jump Angular,0.000880958,698.2
6a8896067ea61587718eeca110467b62,Localization Stability,TF,Jump Linear,0.0225537,698.2
6a8896067ea61587718eeca110467b62,Input Validity,Lidar,Lidar Rate,10,697.3
6a8896067ea61587718eeca110467b62,Input Validity,Odometry,Odometry Rate,50,697.3
6a8896067ea61587718eeca110467b62,Input Validity,TF,TF Rate,10,697.3
6a8896067ea61587718eeca110467b62,Localization Stability,TF,Jump Angular,0,698.3
6a8896067ea61587718eeca110467b62,Localization Stability,TF,Jump Linear,0,698.3
6a8896067ea61587718eeca110467b62,Input Validity,Lidar,Lidar Rate,10,697.4
6a8896067ea61587718eeca110467b62,Input Validity,Odometry,Odometry Rate,50,697.4
6a8896067ea61587718eeca110467b62,Input Validity,TF,TF Rate,10,697.4
6a8896067ea61587718eeca110467b62,Localization Stability,TF,Jump Angular,0,698.4
6a8896067ea61587718eeca110467b62,Localization Stability,TF,Jump Linear,0,698.4
6a8896067ea61587718eeca110467b62,Input Validity,Lidar,Lidar Rate,10,697.5
6a8896067ea61587718eeca110467b62,Input Validity,Odometry,Odometry Rate,50,697.5
6a8896067ea61587718eeca110467b62,Input Validity,TF,TF Rate,10,697.5
6a8896067ea61587718eeca110467b62,Localization Stability,TF,Jump Angular,0,698.5
6a8896067ea61587718eeca110467b62,Localization Stability,TF,Jump Linear,0,698.5
6a8896067ea61587718eeca110467b62,Input Validity,Lidar,Lidar Rate,10,697.6
6a8896067ea61587718eeca110467b62,Input Validity,Odometry,Odometry Rate,50,697.6
6a8896067ea61587718eeca110467b62,Input Validity,TF,TF Rate,10,697.6
6a8896067ea61587718eeca110467b62,Localization Quality,AMCLPose,CovYawYaw,0.00361869,697.6
6a8896067ea61587718eeca110467b62,Localization Quality,AMCLPose,CovYY,0.0169613,697.6
6a8896067ea61587718eeca110467b62,Localization Quality,AMCLPose,CovXX,0.0100938,697.6
6a8896067ea61587718eeca110467b62,Localization Quality,AMCLPose,MeanYaw,-0.196529,697.6
6a8896067ea61587718eeca110467b62,Localization Quality,AMCLPose,MeanY,-1.60553,697.6
6a8896067ea61587718eeca110467b62,Localization Quality,AMCLPose,MeanX,4.82961,697.6
6a8896067ea61587718eeca110467b62,Localization Stability,TF,Jump Angular,0.000326633,698.6
6a8896067ea61587718eeca110467b62,Localization Stability,TF,Jump Linear,0.00911111,698.6
6a8896067ea61587718eeca110467b62,Input Validity,Lidar,Lidar Rate,10,697.7
6a8896067ea61587718eeca110467b62,Input Validity,Odometry,Odometry Rate,50,697.7
6a8896067ea61587718eeca110467b62,Input Validity,TF,TF Rate,10,697.7
6a8896067ea61587718eeca110467b62,Localization Stability,TF,Jump Angular,0,698.7
6a8896067ea61587718eeca110467b62,Localization Stability,TF,Jump Linear,0,698.7
6a8896067ea61587718eeca110467b62,Input Validity,Lidar,Lidar Rate,10,697.8
6a8896067ea61587718eeca110467b62,Input Validity,Odometry,Odometry Rate,50,697.8
6a8896067ea61587718eeca110467b62,Input Validity,TF,TF Rate,10,697.8
6a8896067ea61587718eeca110467b62,Localization Stability,TF,Jump Angular,0,698.8
6a8896067ea61587718eeca110467b62,Localization Stability,TF,Jump Linear,0,698.8
6a8896067ea61587718eeca110467b62,Input Validity,Lidar,Lidar Rate,10,697.9
6a8896067ea61587718eeca110467b62,Input Validity,Odometry,Odometry Rate,50,697.9
6a8896067ea61587718eeca110467b62,Input Validity,TF,TF Rate,10,697.9
6a8896067ea61587718eeca110467b62,Localization Stability,TF,Jump Angular,0,698.9
6a8896067ea61587718eeca110467b62,Localization Stability,TF,Jump Linear,0,698.9
6a8896067ea61587718eeca110467b62,Input Validity,Lidar,Lidar Rate,10,698
6a8896067ea61587718eeca110467b62,Input Validity,Odometry,Odometry Rate,50,698
6a8896067ea61587718eeca110467b62,Input Validity,TF,TF Rate,10,698
6a8896067ea61587718eeca110467b62,Localization Stability,TF,Jump Angular,0,699
6a8896067ea61587718eeca110467b62,Localization Stability,TF,Jump Linear,0,699
6a8896067ea61587718eeca110467b62,Input Validity,Lidar,Lidar Rate,10,698.1
6a8896067ea61587718eeca110467b62,Input Validity,Odometry,Odometry Rate,50,698.1
6a8896067ea61587718eeca110467b62,Input Validity,TF,TF Rate,10,698.1
6a8896067ea61587718eeca110467b62,Localization Stability,TF,Jump Angular,0,699.1
6a8896067ea61587718eeca110467b62,Localization Stability,TF,Jump Linear,0,699.1
6a8896067ea61587718eeca110467b62,Input Validity,Lidar,Lidar Rate,10,698.19
6a8896067ea61587718eeca110467b62,Input Validity,Odometry,Odometry Rate,50,698.19
6a8896067ea61587718eeca110467b62,Input Validity,TF,TF Rate,10,698.19
6a8896067ea61587718eeca110467b62,Localization Stability,TF,Jump Angular,0,699.2
6a8896067ea61587718eeca110467b62,Localization Stability,TF,Jump Linear,0,699.2
6a8896067ea61587718eeca110467b62,Input Validity,Lidar,Lidar Rate,10,698.29
6a8896067ea61587718eeca110467b62,Input Validity,Odometry,Odometry Rate,50,698.29
6a8896067ea61587718eeca110467b62,Input Validity,TF,TF Rate,10,698.29
6a8896067ea61587718eeca110467b62,Localization Quality,AMCLPose,CovYawYaw,0.00387977,698.3
6a8896067ea61587718eeca110467b62,Localization Quality,AMCLPose,CovYY,0.0124779,698.3
6a8896067ea61587718eeca110467b62,Localization Quality,AMCLPose,CovXX,0.00885532,698.3
6a8896067ea61587718eeca110467b62,Localization Quality,AMCLPose,MeanYaw,-0.149832,698.3
6a8896067ea61587718eeca110467b62,Localization Quality,AMCLPose,MeanY,-1.63403,698.3
6a8896067ea61587718eeca110467b62,Localization Quality,AMCLPose,MeanX,4.98642,698.3
6a8896067ea61587718eeca110467b62,Localization Stability,TF,Jump Angular,-0.00104927,699.3
6a8896067ea61587718eeca110467b62,Localization Stability,TF,Jump Linear,0.0158303,699.3
6a8896067ea61587718eeca110467b62,Input Validity,Lidar,Lidar Rate,10,698.39
6a8896067ea61587718eeca110467b62,Input Validity,Odometry,Odometry Rate,50,698.39
6a8896067ea61587718eeca110467b62,Input Validity,TF,TF Rate,10,698.39
6a8896067ea61587718eeca110467b62,Localization Stability,TF,Jump Angular,0,699.4
6a8896067ea61587718eeca110467b62,Localization Stability,TF,Jump Linear,0,699.4
6a8896067ea61587718eeca110467b62,Input Validity,Lidar,Lidar Rate,10,698.49
6a8896067ea61587718eeca110467b62,Input Validity,Odometry,Odometry Rate,50,698.49
6a8896067ea61587718eeca110467b62,Input Validity,TF,TF Rate,10,698.49
6a8896067ea61587718eeca110467b62,Localization Stability,TF,Jump Angular,0,699.5
6a8896067ea61587718eeca110467b62,Localization Stability,TF,Jump Linear,0,699.5
6a8896067ea61587718eeca110467b62,Input Validity,Lidar,Lidar Rate,10,698.59
6a8896067ea61587718eeca110467b62,Input Validity,Odometry,Odometry Rate,50,698.59
6a8896067ea61587718eeca110467b62,Input Validity,TF,TF Rate,10,698.59
6a8896067ea61587718eeca110467b62,Localization Stability,TF,Jump Angular,0,699.6
6a8896067ea61587718eeca110467b62,Localization Stability,TF,Jump Linear,0,699.6
6a8896067ea61587718eeca110467b62,Input Validity,Lidar,Lidar Rate,10,698.69
6a8896067ea61587718eeca110467b62,Input Validity,Odometry,Odometry Rate,50,698.69
6a8896067ea61587718eeca110467b62,Input Validity,TF,TF Rate,10,698.69
6a8896067ea61587718eeca110467b62,Localization Stability,TF,Jump Angular,0,699.7
6a8896067ea61587718eeca110467b62,Localization Stability,TF,Jump Linear,0,699.7
6a8896067ea61587718eeca110467b62,Input Validity,Lidar,Lidar Rate,10,698.79
6a8896067ea61587718eeca110467b62,Input Validity,Odometry,Odometry Rate,50,698.79
6a8896067ea61587718eeca110467b62,Input Validity,TF,TF Rate,10,698.79
6a8896067ea61587718eeca110467b62,Localization Stability,TF,Jump Angular,0,699.8
6a8896067ea61587718eeca110467b62,Localization Stability,TF,Jump Linear,0,699.8
6a8896067ea61587718eeca110467b62,Input Validity,Lidar,Lidar Rate,10,698.89
6a8896067ea61587718eeca110467b62,Input Validity,Odometry,Odometry Rate,50,698.89
6a8896067ea61587718eeca110467b62,Input Validity,TF,TF Rate,10,698.89
6a8896067ea61587718eeca110467b62,Localization Stability,TF,Jump Angular,0,699.9
6a8896067ea61587718eeca110467b62,Localization Stability,TF,Jump Linear,0,699.9
6a8896067ea61587718eeca110467b62,Input Validity,Lidar,Lidar Rate,10,698.99
6a8896067ea61587718eeca110467b62,Input Validity,Odometry,Odometry Rate,50,698.99
6a8896067ea61587718eeca110467b62,Input Validity,TF,TF Rate,10,698.99
6a8896067ea61587718eeca110467b62,Localization Stability,TF,Jump Angular,0,700
6a8896067ea61587718eeca110467b62,Localization Stability,TF,Jump Linear,0,700
6a8896067ea61587718eeca110467b62,Input Validity,Lidar,Lidar Rate,10,699.09
6a8896067ea61587718eeca110467b62,Input Validity,Odometry,Odometry Rate,50,699.09
6a8896067ea61587718eeca110467b62,Input Validity,TF,TF Rate,10,699.09
6a8896067ea61587718eeca110467b62,Localization Stability,TF,Jump Angular,0,700.1
6a8896067ea61587718eeca110467b62,Localization Stability,TF,Jump Linear,0,700.1
6a8896067ea61587718eeca110467b62,Input Validity,Lidar,Lidar Rate,10,699.19
6a8896067ea61587718eeca110467b62,Input Validity,Odometry,Odometry Rate,50,699.19
6a8896067ea61587718eeca110467b62,Input Validity,TF,TF Rate,10,699.19
6a8896067ea61587718eeca110467b62,Localization Stability,TF,Jump Angular,0,700.2
6a8896067ea61587718eeca110467b62,Localization Stability,TF,Jump Linear,0,700.2
6a8896067ea61587718eeca110467b62,Input Validity,Lidar,Lidar Rate,10,699.29
6a8896067ea61587718eeca110467b62,Input Validity,Odometry,Odometry Rate,50,699.29
6a8896067ea61587718eeca110467b62,Input Validity,TF,TF Rate,10,699.29
6a8896067ea61587718eeca110467b62,Localization Stability,TF,Jump Angular,0,700.3
6a8896067ea61587718eeca110467b62,Localization Stability,TF,Jump Linear,0,700.3
6a8896067ea61587718eeca110467b62,Input Validity,Lidar,Lidar Rate,10,699.39
6a8896067ea61587718eeca110467b62,Input Validity,Odometry,Odometry Rate,50,699.39
6a8896067ea61587718eeca110467b62,Input Validity,TF,TF Rate,10,699.39
6a8896067ea61587718eeca110467b62,Input Validity,Lidar,Lidar Rate,10,699.49
6a8896067ea61587718eeca110467b62,Input Validity,Odometry,Odometry Rate,50,699.49
6a8896067ea61587718eeca110467b62,Input Validity,TF,TF Rate,10,699.49
6a8896067ea61587718eeca110467b62,Localization Quality,AMCLPose,CovYawYaw,0.00347593,699.4
6a8896067ea61587718eeca110467b62,Localization Quality,AMCLPose,CovYY,0.00970986,699.4
6a8896067ea61587718eeca110467b62,Localization Quality,AMCLPose,CovXX,0.00789858,699.4
6a8896067ea61587718eeca110467b62,Localization Quality,AMCLPose,MeanYaw,-0.149172,699.4
6a8896067ea61587718eeca110467b62,Localization Quality,AMCLPose,MeanY,-1.66174,699.4
6a8896067ea61587718eeca110467b62,Localization Quality,AMCLPose,MeanX,5.12351,699.4
6a8896067ea61587718eeca110467b62,Localization Stability,TF,Jump Angular,-0.00255262,700.4
6a8896067ea61587718eeca110467b62,Localization Stability,TF,Jump Linear,0.0393466,700.4
6a8896067ea61587718eeca110467b62,Localization Stability,TF,Jump Angular,0,700.5
6a8896067ea61587718eeca110467b62,Localization Stability,TF,Jump Linear,0,700.5
6a8896067ea61587718eeca110467b62,Input Validity,Lidar,Lidar Rate,10,699.59
6a8896067ea61587718eeca110467b62,Input Validity,Odometry,Odometry Rate,50,699.59
6a8896067ea61587718eeca110467b62,Input Validity,TF,TF Rate,10,699.59
6a8896067ea61587718eeca110467b62,Localization Stability,TF,Jump Angular,0,700.6
6a8896067ea61587718eeca110467b62,Localization Stability,TF,Jump Linear,0,700.6
6a8896067ea61587718eeca110467b62,Input Validity,Lidar,Lidar Rate,10,699.69
6a8896067ea61587718eeca110467b62,Input Validity,Odometry,Odometry Rate,50,699.69
6a8896067ea61587718eeca110467b62,Input Validity,TF,TF Rate,10,699.69
6a8896067ea61587718eeca110467b62,Localization Stability,TF,Jump Angular,0,700.7
6a8896067ea61587718eeca110467b62,Localization Stability,TF,Jump Linear,0,700.7
6a8896067ea61587718eeca110467b62,Input Validity,Lidar,Lidar Rate,10,699.79
6a8896067ea61587718eeca110467b62,Input Validity,Odometry,Odometry Rate,50,699.79
6a8896067ea61587718eeca110467b62,Input Validity,TF,TF Rate,10,699.79
6a8896067ea61587718eeca110467b62,Localization Stability,TF,Jump Angular,0,700.8
6a8896067ea61587718eeca110467b62,Localization Stability,TF,Jump Linear,0,700.8
6a8896067ea61587718eeca110467b62,Input Validity,Lidar,Lidar Rate,10,699.89
6a8896067ea61587718eeca110467b62,Input Validity,Odometry,Odometry Rate,50,699.89
6a8896067ea61587718eeca110467b62,Input Validity,TF,TF Rate,10,699.89
6a8896067ea61587718eeca110467b62,Localization Stability,TF,Jump Angular,0,700.9
6a8896067ea61587718eeca110467b62,Localization Stability,TF,Jump Linear,0,700.9
6a8896067ea61587718eeca110467b62,Input Validity,Lidar,Lidar Rate,10,699.99
6a8896067ea61587718eeca110467b62,Input Validity,Odometry,Odometry Rate,50,699.99
6a8896067ea61587718eeca110467b62,Input Validity,TF,TF Rate,10,699.99
6a8896067ea61587718eeca110467b62,Localization Stability,TF,Jump Angular,0,701
6a8896067ea61587718eeca110467b62,Localization Stability,TF,Jump Linear,0,701
6a8896067ea61587718eeca110467b62,Input Validity,Lidar,Lidar Rate,10,700.08
6a8896067ea61587718eeca110467b62,Input Validity,Odometry,Odometry Rate,50,700.08
6a8896067ea61587718eeca110467b62,Input Validity,TF,TF Rate,10,700.08
6a8896067ea61587718eeca110467b62,Localization Stability,TF,Jump Angular,0,701.1
6a8896067ea61587718eeca110467b62,Localization Stability,TF,Jump Linear,0,701.1
6a8896067ea61587718eeca110467b62,Input Validity,Lidar,Lidar Rate,10,700.18
6a8896067ea61587718eeca110467b62,Input Validity,Odometry,Odometry Rate,50,700.18
6a8896067ea61587718eeca110467b62,Input Validity,TF,TF Rate,10,700.18
6a8896067ea61587718eeca110467b62,Localization Stability,TF,Jump Angular,0,701.2
6a8896067ea61587718eeca110467b62,Localization Stability,TF,Jump Linear,0,701.2
6a8896067ea61587718eeca110467b62,Input Validity,Lidar,Lidar Rate,10,700.28
6a8896067ea61587718eeca110467b62,Input Validity,Odometry,Odometry Rate,50,700.28
6a8896067ea61587718eeca110467b62,Input Validity,TF,TF Rate,10,700.28
6a8896067ea61587718eeca110467b62,Localization Stability,TF,Jump Angular,0,701.3
6a8896067ea61587718eeca110467b62,Localization Stability,TF,Jump Linear,0,701.3
6a8896067ea61587718eeca110467b62,Input Validity,Lidar,Lidar Rate,10,700.38
6a8896067ea61587718eeca110467b62,Input Validity,Odometry,Odometry Rate,50,700.38
6a8896067ea61587718eeca110467b62,Input Validity,TF,TF Rate,10,700.38
6a8896067ea61587718eeca110467b62,Localization Stability,TF,Jump Angular,0,701.4
6a8896067ea61587718eeca110467b62,Localization Stability,TF,Jump Linear,0,701.4
6a8896067ea61587718eeca110467b62,Input Validity,Lidar,Lidar Rate,10,700.48
6a8896067ea61587718eeca110467b62,Input Validity,Odometry,Odometry Rate,50,700.48
6a8896067ea61587718eeca110467b62,Input Validity,TF,TF Rate,10,700.48
6a8896067ea61587718eeca110467b62,Localization Stability,TF,Jump Angular,0,701.5
6a8896067ea61587718eeca110467b62,Localization Stability,TF,Jump Linear,0,701.5
6a8896067ea61587718eeca110467b62,Input Validity,Lidar,Lidar Rate,10,700.58
6a8896067ea61587718eeca110467b62,Input Validity,Odometry,Odometry Rate,50,700.58
6a8896067ea61587718eeca110467b62,Input Validity,TF,TF Rate,10,700.58
6a8896067ea61587718eeca110467b62,Input Validity,Lidar,Lidar Rate,10,700.68
6a8896067ea61587718eeca110467b62,Input Validity,Odometry,Odometry Rate,50,700.68
6a8896067ea61587718eeca110467b62,Input Validity,TF,TF Rate,10,700.68
6a8896067ea61587718eeca110467b62,Localization Quality,AMCLPose,CovYawYaw,0.00292925,700.6
6a8896067ea61587718eeca110467b62,Localization Quality,AMCLPose,CovYY,0.00728234,700.6
6a8896067ea61587718eeca110467b62,Localization Quality,AMCLPose,CovXX,0.00730173,700.6
6a8896067ea61587718eeca110467b62,Localization Quality,AMCLPose,MeanYaw,-0.0600391,700.6
6a8896067ea61587718eeca110467b62,Localization Quality,AMCLPose,MeanY,-1.67914,700.6
6a8896067ea61587718eeca110467b62,Localization Quality,AMCLPose,MeanX,5.20935,700.6
6a8896067ea61587718eeca110467b62,Localization Stability,TF,Jump Angular,-0.00202929,701.6
6a8896067ea61587718eeca110467b62,Localization Stability,TF,Jump Linear,0.031826,701.6
6a8896067ea61587718eeca110467b62,Input Validity,Lidar,Lidar Rate,10,700.78
6a8896067ea61587718eeca110467b62,Input Validity,Odometry,Odometry Rate,50,700.78
6a8896067ea61587718eeca110467b62,Input Validity,TF,TF Rate,10,700.78
6a8896067ea61587718eeca110467b62,Localization Quality,AMCLPose,CovYawYaw,0.00209412,700.7
6a8896067ea61587718eeca110467b62,Localization Quality,AMCLPose,CovYY,0.00573504,700.7
6a8896067ea61587718eeca110467b62,Localization Quality,AMCLPose,CovXX,0.00622479,700.7
6a8896067ea61587718eeca110467b62,Localization Quality,AMCLPose,MeanYaw,-0.00117942,700.7
6a8896067ea61587718eeca110467b62,Localization Quality,AMCLPose,MeanY,-1.68135,700.7
6a8896067ea61587718eeca110467b62,Localization Quality,AMCLPose,MeanX,5.20903,700.7
6a8896067ea61587718eeca110467b62,Localization Stability,TF,Jump Angular,-0.00225896,701.7
6a8896067ea61587718eeca110467b62,Localization Stability,TF,Jump Linear,0.030356,701.7
6a8896067ea61587718eeca110467b62,Input Validity,Lidar,Lidar Rate,10,700.88
6a8896067ea61587718eeca110467b62,Input Validity,Odometry,Odometry Rate,50,700.88
6a8896067ea61587718eeca110467b62,Input Validity,TF,TF Rate,10,700.88
6a8896067ea61587718eeca110467b62,Localization Quality,AMCLPose,CovYawYaw,0.00162597,700.8
6a8896067ea61587718eeca110467b62,Localization Quality,AMCLPose,CovYY,0.00469544,700.8
6a8896067ea61587718eeca110467b62,Localization Quality,AMCLPose,CovXX,0.00560205,700.8
6a8896067ea61587718eeca110467b62,Localization Quality,AMCLPose,MeanYaw,0.0742151,700.8
6a8896067ea61587718eeca110467b62,Localization Quality,AMCLPose,MeanY,-1.68299,700.8
6a8896067ea61587718eeca110467b62,Localization Quality,AMCLPose,MeanX,5.20987,700.8
6a8896067ea61587718eeca110467b62,Localization Stability,TF,Jump Angular,-0.00268949,701.8
6a8896067ea61587718eeca110467b62,Localization Stability,TF,Jump Linear,0.0351187,701.8
6a8896067ea61587718eeca110467b62,Input Validity,Lidar,Lidar Rate,10,700.98
6a8896067ea61587718eeca110467b62,Input Validity,Odometry,Odometry Rate,50,700.98
6a8896067ea61587718eeca110467b62,Input Validity,TF,TF Rate,10,700.98
6a8896067ea61587718eeca110467b62,Localization Quality,AMCLPose,CovYawYaw,0.00149275,700.9
6a8896067ea61587718eeca110467b62,Localization Quality,AMCLPose,CovYY,0.00408391,700.9
6a8896067ea61587718eeca110467b62,Localization Quality,AMCLPose,CovXX,0.00583364,700.9
6a8896067ea61587718eeca110467b62,Localization Quality,AMCLPose,MeanYaw,0.172353,700.9
6a8896067ea61587718eeca110467b62,Localization Quality,AMCLPose,MeanY,-1.68623,700.9
6a8896067ea61587718eeca110467b62,Localization Quality,AMCLPose,MeanX,5.20703,700.9
6a8896067ea61587718eeca110467b62,Localization Stability,TF,Jump Angular,0.00238977,701.9
6a8896067ea61587718eeca110467b62,Localization Stability,TF,Jump Linear,0.0265737,701.9
6a8896067ea61587718eeca110467b62,Input Validity,Lidar,Lidar Rate,10,701.08
6a8896067ea61587718eeca110467b62,Input Validity,Odometry,Odometry Rate,50,701.08
6a8896067ea61587718eeca110467b62,Input Validity,TF,TF Rate,10,701.08
6a8896067ea61587718eeca110467b62,Localization Quality,AMCLPose,CovYawYaw,0.00135153,701
6a8896067ea61587718eeca110467b62,Localization Quality,AMCLPose,CovYY,0.00366393,701
6a8896067ea61587718eeca110467b62,Localization Quality,AMCLPose,CovXX,0.00597323,701
6a8896067ea61587718eeca110467b62,Localization Quality,AMCLPose,MeanYaw,0.28197,701
6a8896067ea61587718eeca110467b62,Localization Quality,AMCLPose,MeanY,-1.68956,701
6a8896067ea61587718eeca110467b62,Localization Quality,AMCLPose,MeanX,5.20339,701
6a8896067ea61587718eeca110467b62,Localization Stability,TF,Jump Angular,-0.000746114,702
6a8896067ea61587718eeca110467b62,Localization Stability,TF,Jump Linear,0.0132095,702
6a8896067ea61587718eeca110467b62,Localization Recovery,TTR,Kidnap Angle,1.32208,701.12
6a8896067ea61587718eeca110467b62,Localization Recovery,TTR,Kidnap Distance,3.06103,701.12
6a8896067ea61587718eeca110467b62,Localization Recovery,TTR,TTR Outcome,1,701.12
6a8896067ea61587718eeca110467b62,Localization Recovery,TTR,TTR,9.27,701.12
6a8896067ea61587718eeca110467b62,Mission Outcome,Episode Event,Recoveries,0,701.12
6a8896067ea61587718eeca110467b62,Mission Outcome,Episode Event,Collisions,0,701.12
6a8896067ea61587718eeca110467b62,Mission Outcome,Episode Event,Navigation Time,32.6,701.12
6a8896067ea61587718eeca110467b62,Mission Outcome,Episode Event,Goal Result,1,701.12
6a8896067ea61587718eeca110467b62,Input Validity,AMCLPose,Pose Monotonicity,0,701.12
6a8896067ea61587718eeca110467b62,Input Validity,Lidar,Lidar Frame Mistmatch,0,701.12
6a8896067ea61587718eeca110467b62,Input Validity,Lidar,Lidar Monotonicity,0,701.12
6a8896067ea61587718eeca110467b62,Input Validity,Odometry,Odometry Frame Mismatch,0,701.12
6a8896067ea61587718eeca110467b62,Input Validity,Odometry,Odometry Monotonicity,0,701.12
6a8896067ea61587718eeca110467b62,Input Validity,TF,TF Gap Count,8,701.12
6a8896067ea61587718eeca110467b62,Input Validity,TF,TF Frame Drop,1630,701.12
6a8896067ea61587718eeca110467b62,Input Validity,TF,TF Monotonicity,0,701.12
Goal_ID,Reference Frame,Start Pose_X (m),Start Pose_Y (m),Start Pose_Yaw (deg),Goal Pose_X (m),Goal Pose_Y (m),Goal Pose_Yaw (deg),Goal Result Code,Goal Result,Success Count,Nav Time (sec),Nav Time Start (sec),Nav Time End (sec),Tracking RMS_V (m/s),Tracking RMS_W (rad/s),Saturation Frac_V,Saturation Frac_W,Slip Mean,Slip Std Deviation,Slip 95_Percentile,Control Energy,Control Samples,Path Length (m),Absolute Path Error RMS (m),Relative Pose Error (Drift),Min Clearance (m),Collision Count,Trajectory Samples,SPL
6a8896067ea61587718eeca110467b62,map,1.87499,4.37499,26.6423,5.275,-1.675,24.819,1,SUCCEEDED,1,32.6,668.52,701.12,0.0774853,0.194071,0.626115,0.123082,0.00213613,0.0972051,0.0389498,786.004,2803,8.0607,16.9935,0.609063,1.10241,0,1629,0.860957
37b6de9f430e488b41b88304e9b80c1c,Localization Stability,TF,Jump Angular,0,707.2
37b6de9f430e488b41b88304e9b80c1c,Localization Stability,TF,Jump Linear,0,707.2
37b6de9f430e488b41b88304e9b80c1c,Input Validity,Lidar,Lidar Rate,10,706.35
37b6de9f430e488b41b88304e9b80c1c,Input Validity,Odometry,Odometry Rate,50,706.35
37b6de9f430e488b41b88304e9b80c1c,Input Validity,TF,TF Rate,10,706.35
37b6de9f430e488b41b88304e9b80c1c,Localization Stability,TF,Jump Angular,0,707.3
37b6de9f430e488b41b88304e9b80c1c,Localization Stability,TF,Jump Linear,0,707.3
37b6de9f430e488b41b88304e9b80c1c,Localization Stability,TF,Jump Angular,0.000371539,707.4
37b6de9f430e488b41b88304e9b80c1c,Localization Stability,TF,Jump Linear,0.00435152,707.4
37b6de9f430e488b41b88304e9b80c1c,Input Validity,Lidar,Lidar Rate,10,706.45
37b6de9f430e488b41b88304e9b80c1c,Input Validity,Odometry,Odometry Rate,50,706.45
37b6de9f430e488b41b88304e9b80c1c,Input Validity,TF,TF Rate,10,706.45
37b6de9f430e488b41b88304e9b80c1c,Input Validity,Lidar,Lidar Rate,10,706.55
37b6de9f430e488b41b88304e9b80c1c,Input Validity,Odometry,Odometry Rate,50,706.55
37b6de9f430e488b41b88304e9b80c1c,Input Validity,TF,TF Rate,10,706.55
37b6de9f430e488b41b88304e9b80c1c,Localization Quality,AMCLPose,CovYawYaw,0.00159102,706.5
37b6de9f430e488b41b88304e9b80c1c,Localization Quality,AMCLPose,CovYY,0.0033555,706.5
37b6de9f430e488b41b88304e9b80c1c,Localization Quality,AMCLPose,CovXX,0.00406505,706.5
37b6de9f430e488b41b88304e9b80c1c,Localization Quality,AMCLPose,MeanYaw,0.6806,706.5
37b6de9f430e488b41b88304e9b80c1c,Localization Quality,AMCLPose,MeanY,-1.70037,706.5
37b6de9f430e488b41b88304e9b80c1c,Localization Quality,AMCLPose,MeanX,5.1978,706.5
37b6de9f430e488b41b88304e9b80c1c,Localization Stability,TF,Jump Angular,0.00114426,707.5
37b6de9f430e488b41b88304e9b80c1c,Localization Stability,TF,Jump Linear,0.0161398,707.5
37b6de9f430e488b41b88304e9b80c1c,Input Validity,Lidar,Lidar Rate,10,706.65
37b6de9f430e488b41b88304e9b80c1c,Input Validity,Odometry,Odometry Rate,50,706.65
37b6de9f430e488b41b88304e9b80c1c,Input Validity,TF,TF Rate,10,706.65
37b6de9f430e488b41b88304e9b80c1c,Localization Quality,AMCLPose,CovYawYaw,0.00187219,706.6
37b6de9f430e488b41b88304e9b80c1c,Localization Quality,AMCLPose,CovYY,0.00374108,706.6
37b6de9f430e488b41b88304e9b80c1c,Localization Quality,AMCLPose,CovXX,0.0042638,706.6
37b6de9f430e488b41b88304e9b80c1c,Localization Quality,AMCLPose,MeanYaw,0.750996,706.6
37b6de9f430e488b41b88304e9b80c1c,Localization Quality,AMCLPose,MeanY,-1.7023,706.6
37b6de9f430e488b41b88304e9b80c1c,Localization Quality,AMCLPose,MeanX,5.19487,706.6
37b6de9f430e488b41b88304e9b80c1c,Localization Stability,TF,Jump Angular,-0.00125768,707.6
37b6de9f430e488b41b88304e9b80c1c,Localization Stability,TF,Jump Linear,0.0179038,707.6
37b6de9f430e488b41b88304e9b80c1c,Input Validity,Lidar,Lidar Rate,10,706.75
37b6de9f430e488b41b88304e9b80c1c,Input Validity,Odometry,Odometry Rate,50,706.75
37b6de9f430e488b41b88304e9b80c1c,Input Validity,TF,TF Rate,10,706.75
37b6de9f430e488b41b88304e9b80c1c,Localization Quality,AMCLPose,CovYawYaw,0.00229943,706.7
37b6de9f430e488b41b88304e9b80c1c,Localization Quality,AMCLPose,CovYY,0.00389291,706.7
37b6de9f430e488b41b88304e9b80c1c,Localization Quality,AMCLPose,CovXX,0.00461199,706.7
37b6de9f430e488b41b88304e9b80c1c,Localization Quality,AMCLPose,MeanYaw,0.840384,706.7
37b6de9f430e488b41b88304e9b80c1c,Localization Quality,AMCLPose,MeanY,-1.70184,706.7
37b6de9f430e488b41b88304e9b80c1c,Localization Quality,AMCLPose,MeanX,5.19559,706.7
37b6de9f430e488b41b88304e9b80c1c,Localization Stability,TF,Jump Angular,0.000745466,707.7
37b6de9f430e488b41b88304e9b80c1c,Localization Stability,TF,Jump Linear,0.00978217,707.7
37b6de9f430e488b41b88304e9b80c1c,Input Validity,Lidar,Lidar Rate,10,706.85
37b6de9f430e488b41b88304e9b80c1c,Input Validity,Odometry,Odometry Rate,50,706.85
37b6de9f430e488b41b88304e9b80c1c,Input Validity,TF,TF Rate,10,706.85
37b6de9f430e488b41b88304e9b80c1c,Localization Quality,AMCLPose,CovYawYaw,0.00304893,706.8
37b6de9f430e488b41b88304e9b80c1c,Localization Quality,AMCLPose,CovYY,0.00419233,706.8
37b6de9f430e488b41b88304e9b80c1c,Localization Quality,AMCLPose,CovXX,0.00467957,706.8
37b6de9f430e488b41b88304e9b80c1c,Localization Quality,AMCLPose,MeanYaw,0.944571,706.8
37b6de9f430e488b41b88304e9b80c1c,Localization Quality,AMCLPose,MeanY,-1.7017,706.8
37b6de9f430e488b41b88304e9b80c1c,Localization Quality,AMCLPose,MeanX,5.19618,706.8
37b6de9f430e488b41b88304e9b80c1c,Localization Stability,TF,Jump Angular,-0.00233849,707.8
37b6de9f430e488b41b88304e9b80c1c,Localization Stability,TF,Jump Linear,0.028968,707.8
37b6de9f430e488b41b88304e9b80c1c,Input Validity,Lidar,Lidar Rate,10,706.95
37b6de9f430e488b41b88304e9b80c1c,Input Validity,Odometry,Odometry Rate,50,706.95
37b6de9f430e488b41b88304e9b80c1c,Input Validity,TF,TF Rate,10,706.95
37b6de9f430e488b41b88304e9b80c1c,Localization Quality,AMCLPose,CovYawYaw,0.0027544,706.9
37b6de9f430e488b41b88304e9b80c1c,Localization Quality,AMCLPose,CovYY,0.00393165,706.9
37b6de9f430e488b41b88304e9b80c1c,Localization Quality,AMCLPose,CovXX,0.00461327,706.9
37b6de9f430e488b41b88304e9b80c1c,Localization Quality,AMCLPose,MeanYaw,1.06997,706.9
37b6de9f430e488b41b88304e9b80c1c,Localization Quality,AMCLPose,MeanY,-1.70127,706.9
37b6de9f430e488b41b88304e9b80c1c,Localization Quality,AMCLPose,MeanX,5.19847,706.9
37b6de9f430e488b41b88304e9b80c1c,Localization Stability,TF,Jump Angular,0.00343748,707.9
37b6de9f430e488b41b88304e9b80c1c,Localization Stability,TF,Jump Linear,0.0433615,707.9
37b6de9f430e488b41b88304e9b80c1c,Input Validity,Lidar,Lidar Rate,10,707.05
37b6de9f430e488b41b88304e9b80c1c,Input Validity,Odometry,Odometry Rate,50,707.05
37b6de9f430e488b41b88304e9b80c1c,Input Validity,TF,TF Rate,10,707.05
37b6de9f430e488b41b88304e9b80c1c,Localization Quality,AMCLPose,CovYawYaw,0.00265559,707
37b6de9f430e488b41b88304e9b80c1c,Localization Quality,AMCLPose,CovYY,0.00380965,707
37b6de9f430e488b41b88304e9b80c1c,Localization Quality,AMCLPose,CovXX,0.00404085,707
37b6de9f430e488b41b88304e9b80c1c,Localization Quality,AMCLPose,MeanYaw,1.2049,707
37b6de9f430e488b41b88304e9b80c1c,Localization Quality,AMCLPose,MeanY,-1.70429,707
37b6de9f430e488b41b88304e9b80c1c,Localization Quality,AMCLPose,MeanX,5.19815,707
37b6de9f430e488b41b88304e9b80c1c,Localization Stability,TF,Jump Angular,-0.00419517,708
37b6de9f430e488b41b88304e9b80c1c,Localization Stability,TF,Jump Linear,0.0552736,708
37b6de9f430e488b41b88304e9b80c1c,Input Validity,Lidar,Lidar Rate,10,707.15
37b6de9f430e488b41b88304e9b80c1c,Input Validity,Odometry,Odometry Rate,50,707.15
37b6de9f430e488b41b88304e9b80c1c,Input Validity,TF,TF Rate,10,707.15
37b6de9f430e488b41b88304e9b80c1c,Localization Quality,AMCLPose,CovYawYaw,0.00250347,707.1
37b6de9f430e488b41b88304e9b80c1c,Localization Quality,AMCLPose,CovYY,0.00468937,707.1
37b6de9f430e488b41b88304e9b80c1c,Localization Quality,AMCLPose,CovXX,0.00374949,707.1
37b6de9f430e488b41b88304e9b80c1c,Localization Quality,AMCLPose,MeanYaw,1.35775,707.1
37b6de9f430e488b41b88304e9b80c1c,Localization Quality,AMCLPose,MeanY,-1.70339,707.1
37b6de9f430e488b41b88304e9b80c1c,Localization Quality,AMCLPose,MeanX,5.1997,707.1
37b6de9f430e488b41b88304e9b80c1c,Localization Stability,TF,Jump Angular,-0.00339352,708.1
37b6de9f430e488b41b88304e9b80c1c,Localization Stability,TF,Jump Linear,0.0413553,708.1
37b6de9f430e488b41b88304e9b80c1c,Input Validity,Lidar,Lidar Rate,10,707.24
37b6de9f430e488b41b88304e9b80c1c,Input Validity,Odometry,Odometry Rate,50,707.24
37b6de9f430e488b41b88304e9b80c1c,Input Validity,TF,TF Rate,10,707.24
37b6de9f430e488b41b88304e9b80c1c,Localization Quality,AMCLPose,CovYawYaw,0.00262582,707.2
37b6de9f430e488b41b88304e9b80c1c,Localization Quality,AMCLPose,CovYY,0.00541999,707.2
37b6de9f430e488b41b88304e9b80c1c,Localization Quality,AMCLPose,CovXX,0.00333869,707.2
37b6de9f430e488b41b88304e9b80c1c,Localization Quality,AMCLPose,MeanYaw,1.5284,707.2
37b6de9f430e488b41b88304e9b80c1c,Localization Quality,AMCLPose,MeanY,-1.70017,707.2
37b6de9f430e488b41b88304e9b80c1c,Localization Quality,AMCLPose,MeanX,5.20024,707.2
37b6de9f430e488b41b88304e9b80c1c,Localization Stability,TF,Jump Angular,-0.00255875,708.2
37b6de9f430e488b41b88304e9b80c1c,Localization Stability,TF,Jump Linear,0.0286274,708.2
37b6de9f430e488b41b88304e9b80c1c,Input Validity,Lidar,Lidar Rate,10,707.34
37b6de9f430e488b41b88304e9b80c1c,Input Validity,Odometry,Odometry Rate,50,707.34
37b6de9f430e488b41b88304e9b80c1c,Input Validity,TF,TF Rate,10,707.34
37b6de9f430e488b41b88304e9b80c1c,Localization Quality,AMCLPose,CovYawYaw,0.00273714,707.3
37b6de9f430e488b41b88304e9b80c1c,Localization Quality,AMCLPose,CovYY,0.00599807,707.3
37b6de9f430e488b41b88304e9b80c1c,Localization Quality,AMCLPose,CovXX,0.00283007,707.3
37b6de9f430e488b41b88304e9b80c1c,Localization Quality,AMCLPose,MeanYaw,1.71764,707.3
37b6de9f430e488b41b88304e9b80c1c,Localization Quality,AMCLPose,MeanY,-1.69883,707.3
37b6de9f430e488b41b88304e9b80c1c,Localization Quality,AMCLPose,MeanX,5.20095,707.3
37b6de9f430e488b41b88304e9b80c1c,Localization Stability,TF,Jump Angular,-0.000931665,708.3
37b6de9f430e488b41b88304e9b80c1c,Localization Stability,TF,Jump Linear,0.010266,708.3
37b6de9f430e488b41b88304e9b80c1c,Input Validity,Lidar,Lidar Rate,10,707.44
37b6de9f430e488b41b88304e9b80c1c,Input Validity,Odometry,Odometry Rate,50,707.44
37b6de9f430e488b41b88304e9b80c1c,Input Validity,TF,TF Rate,10,707.44
37b6de9f430e488b41b88304e9b80c1c,Localization Quality,AMCLPose,CovYawYaw,0.00275593,707.4
37b6de9f430e488b41b88304e9b80c1c,Localization Quality,AMCLPose,CovYY,0.00677851,707.4
37b6de9f430e488b41b88304e9b80c1c,Localization Quality,AMCLPose,CovXX,0.00235979,707.4
37b6de9f430e488b41b88304e9b80c1c,Localization Quality,AMCLPose,MeanYaw,1.88917,707.4
37b6de9f430e488b41b88304e9b80c1c,Localization Quality,AMCLPose,MeanY,-1.6972,707.4
37b6de9f430e488b41b88304e9b80c1c,Localization Quality,AMCLPose,MeanX,5.20057,707.4
37b6de9f430e488b41b88304e9b80c1c,Localization Stability,TF,Jump Angular,-0.00196181,708.4
37b6de9f430e488b41b88304e9b80c1c,Localization Stability,TF,Jump Linear,0.025826,708.4
37b6de9f430e488b41b88304e9b80c1c,Input Validity,Lidar,Lidar Rate,10,707.54
37b6de9f430e488b41b88304e9b80c1c,Input Validity,Odometry,Odometry Rate,50,707.54
37b6de9f430e488b41b88304e9b80c1c,Input Validity,TF,TF Rate,10,707.54
37b6de9f430e488b41b88304e9b80c1c,Localization Quality,AMCLPose,CovYawYaw,0.0022055,707.5
37b6de9f430e488b41b88304e9b80c1c,Localization Quality,AMCLPose,CovYY,0.00568359,707.5
37b6de9f430e488b41b88304e9b80c1c,Localization Quality,AMCLPose,CovXX,0.0021927,707.5
37b6de9f430e488b41b88304e9b80c1c,Localization Quality,AMCLPose,MeanYaw,2.01032,707.5
37b6de9f430e488b41b88304e9b80c1c,Localization Quality,AMCLPose,MeanY,-1.68328,707.5
37b6de9f430e488b41b88304e9b80c1c,Localization Quality,AMCLPose,MeanX,5.19543,707.5
37b6de9f430e488b41b88304e9b80c1c,Localization Stability,TF,Jump Angular,-0.00233945,708.5
37b6de9f430e488b41b88304e9b80c1c,Localization Stability,TF,Jump Linear,0.0246987,708.5
37b6de9f430e488b41b88304e9b80c1c,Input Validity,Lidar,Lidar Rate,10,707.64
37b6de9f430e488b41b88304e9b80c1c,Input Validity,Odometry,Odometry Rate,50,707.64
37b6de9f430e488b41b88304e9b80c1c,Input Validity,TF,TF Rate,10,707.64
37b6de9f430e488b41b88304e9b80c1c,Localization Quality,AMCLPose,CovYawYaw,0.00163362,707.6
37b6de9f430e488b41b88304e9b80c1c,Localization Quality,AMCLPose,CovYY,0.00481136,707.6
37b6de9f430e488b41b88304e9b80c1c,Localization Quality,AMCLPose,CovXX,0.00204701,707.6
37b6de9f430e488b41b88304e9b80c1c,Localization Quality,AMCLPose,MeanYaw,2.0816,707.6
37b6de9f430e488b41b88304e9b80c1c,Localization Quality,AMCLPose,MeanY,-1.6651,707.6
37b6de9f430e488b41b88304e9b80c1c,Localization Quality,AMCLPose,MeanX,5.18347,707.6
37b6de9f430e488b41b88304e9b80c1c,Localization Stability,TF,Jump Angular,-0.00219932,708.6
37b6de9f430e488b41b88304e9b80c1c,Localization Stability,TF,Jump Linear,0.0249542,708.6
37b6de9f430e488b41b88304e9b80c1c,Input Validity,Lidar,Lidar Rate,10,707.74
37b6de9f430e488b41b88304e9b80c1c,Input Validity,Odometry,Odometry Rate,50,707.74
37b6de9f430e488b41b88304e9b80c1c,Input Validity,TF,TF Rate,10,707.74
37b6de9f430e488b41b88304e9b80c1c,Localization Stability,TF,Jump Angular,0,708.7
37b6de9f430e488b41b88304e9b80c1c,Localization Stability,TF,Jump Linear,0,708.7
37b6de9f430e488b41b88304e9b80c1c,Input Validity,Lidar,Lidar Rate,10,707.84
37b6de9f430e488b41b88304e9b80c1c,Input Validity,Odometry,Odometry Rate,50,707.84
37b6de9f430e488b41b88304e9b80c1c,Input Validity,TF,TF Rate,10,707.84
37b6de9f430e488b41b88304e9b80c1c,Localization Quality,AMCLPose,CovYawYaw,0.00147153,707.8
37b6de9f430e488b41b88304e9b80c1c,Localization Quality,AMCLPose,CovYY,0.00433897,707.8
37b6de9f430e488b41b88304e9b80c1c,Localization Quality,AMCLPose,CovXX,0.00213111,707.8
37b6de9f430e488b41b88304e9b80c1c,Localization Quality,AMCLPose,MeanYaw,2.14676,707.8
37b6de9f430e488b41b88304e9b80c1c,Localization Quality,AMCLPose,MeanY,-1.61587,707.8
37b6de9f430e488b41b88304e9b80c1c,Localization Quality,AMCLPose,MeanX,5.15379,707.8
37b6de9f430e488b41b88304e9b80c1c,Localization Stability,TF,Jump Angular,-0.00161747,708.8
37b6de9f430e488b41b88304e9b80c1c,Localization Stability,TF,Jump Linear,0.0182301,708.8
37b6de9f430e488b41b88304e9b80c1c,Input Validity,Lidar,Lidar Rate,10,707.94
37b6de9f430e488b41b88304e9b80c1c,Input Validity,Odometry,Odometry Rate,50,707.94
37b6de9f430e488b41b88304e9b80c1c,Input Validity,TF,TF Rate,10,707.94
37b6de9f430e488b41b88304e9b80c1c,Localization Stability,TF,Jump Angular,0,708.9
37b6de9f430e488b41b88304e9b80c1c,Localization Stability,TF,Jump Linear,0,708.9
37b6de9f430e488b41b88304e9b80c1c,Localization Quality,AMCLPose,CovYawYaw,0.00224757,708
37b6de9f430e488b41b88304e9b80c1c,Localization Quality,AMCLPose,CovYY,0.00455821,708
37b6de9f430e488b41b88304e9b80c1c,Localization Quality,AMCLPose,CovXX,0.00229263,708
37b6de9f430e488b41b88304e9b80c1c,Localization Quality,AMCLPose,MeanYaw,2.20227,708
37b6de9f430e488b41b88304e9b80c1c,Localization Quality,AMCLPose,MeanY,-1.5467,708
37b6de9f430e488b41b88304e9b80c1c,Localization Quality,AMCLPose,MeanX,5.10708,708
37b6de9f430e488b41b88304e9b80c1c,Localization Stability,TF,Jump Angular,0.000108,709
37b6de9f430e488b41b88304e9b80c1c,Localization Stability,TF,Jump Linear,0.00284313,709
37b6de9f430e488b41b88304e9b80c1c,Input Validity,Lidar,Lidar Rate,10,708.04
37b6de9f430e488b41b88304e9b80c1c,Input Validity,Odometry,Odometry Rate,50,708.04
37b6de9f430e488b41b88304e9b80c1c,Input Validity,TF,TF Rate,10,708.04
37b6de9f430e488b41b88304e9b80c1c,Input Validity,Lidar,Lidar Rate,10,708.14
37b6de9f430e488b41b88304e9b80c1c,Input Validity,Odometry,Odometry Rate,50,708.14
37b6de9f430e488b41b88304e9b80c1c,Input Validity,TF,TF Rate,10,708.14
37b6de9f430e488b41b88304e9b80c1c,Localization Stability,TF,Jump Angular,0,709.1
37b6de9f430e488b41b88304e9b80c1c,Localization Stability,TF,Jump Linear,0,709.1
37b6de9f430e488b41b88304e9b80c1c,Input Validity,Lidar,Lidar Rate,10,708.24
37b6de9f430e488b41b88304e9b80c1c,Input Validity,Odometry,Odometry Rate,50,708.24
37b6de9f430e488b41b88304e9b80c1c,Input Validity,TF,TF Rate,10,708.24
37b6de9f430e488b41b88304e9b80c1c,Localization Stability,TF,Jump Angular,0,709.2
37b6de9f430e488b41b88304e9b80c1c,Localization Stability,TF,Jump Linear,0,709.2
37b6de9f430e488b41b88304e9b80c1c,Input Validity,Lidar,Lidar Rate,10,708.34
37b6de9f430e488b41b88304e9b80c1c,Input Validity,Odometry,Odometry Rate,50,708.34
37b6de9f430e488b41b88304e9b80c1c,Input Validity,TF,TF Rate,10,708.34
37b6de9f430e488b41b88304e9b80c1c,Localization Quality,AMCLPose,CovYawYaw,0.00405314,708.3
37b6de9f430e488b41b88304e9b80c1c,Localization Quality,AMCLPose,CovYY,0.00543835,708.3
37b6de9f430e488b41b88304e9b80c1c,Localization Quality,AMCLPose,CovXX,0.00289319,708.3
37b6de9f430e488b41b88304e9b80c1c,Localization Quality,AMCLPose,MeanYaw,2.26034,708.3
37b6de9f430e488b41b88304e9b80c1c,Localization Quality,AMCLPose,MeanY,-1.44138,708.3
37b6de9f430e488b41b88304e9b80c1c,Localization Quality,AMCLPose,MeanX,5.02208,708.3
37b6de9f430e488b41b88304e9b80c1c,Localization Stability,TF,Jump Angular,-0.00123168,709.3
37b6de9f430e488b41b88304e9b80c1c,Localization Stability,TF,Jump Linear,0.0165193,709.3
37b6de9f430e488b41b88304e9b80c1c,Input Validity,Lidar,Lidar Rate,10,708.44
37b6de9f430e488b41b88304e9b80c1c,Input Validity,Odometry,Odometry Rate,50,708.44
37b6de9f430e488b41b88304e9b80c1c,Input Validity,TF,TF Rate,10,708.44
37b6de9f430e488b41b88304e9b80c1c,Localization Stability,TF,Jump Angular,0,709.4
37b6de9f430e488b41b88304e9b80c1c,Localization Stability,TF,Jump Linear,0,709.4
37b6de9f430e488b41b88304e9b80c1c,Input Validity,Lidar,Lidar Rate,10,708.54
37b6de9f430e488b41b88304e9b80c1c,Input Validity,Odometry,Odometry Rate,50,708.54
37b6de9f430e488b41b88304e9b80c1c,Input Validity,TF,TF Rate,10,708.54
37b6de9f430e488b41b88304e9b80c1c,Input Validity,Lidar,Lidar Rate,10,708.64
37b6de9f430e488b41b88304e9b80c1c,Input Validity,Odometry,Odometry Rate,50,708.64
37b6de9f430e488b41b88304e9b80c1c,Input Validity,TF,TF Rate,10,708.64
37b6de9f430e488b41b88304e9b80c1c,Localization Quality,AMCLPose,CovYawYaw,8.79727,708.5
37b6de9f430e488b41b88304e9b80c1c,Localization Quality,AMCLPose,CovYY,7.90502,708.5
37b6de9f430e488b41b88304e9b80c1c,Localization Quality,AMCLPose,CovXX,26.4214,708.5
37b6de9f430e488b41b88304e9b80c1c,Localization Quality,AMCLPose,MeanYaw,-2.7215,708.5
37b6de9f430e488b41b88304e9b80c1c,Localization Quality,AMCLPose,MeanY,-0.639649,708.5
37b6de9f430e488b41b88304e9b80c1c,Localization Quality,AMCLPose,MeanX,0.144481,708.5
37b6de9f430e488b41b88304e9b80c1c,Localization Stability,TF,Jump Angular,1.2866,709.5
37b6de9f430e488b41b88304e9b80c1c,Localization Stability,TF,Jump Linear,18.8264,709.5
37b6de9f430e488b41b88304e9b80c1c,Localization Stability,TF,Jump Angular,0,709.6
37b6de9f430e488b41b88304e9b80c1c,Localization Stability,TF,Jump Linear,0,709.6
37b6de9f430e488b41b88304e9b80c1c,Input Validity,Lidar,Lidar Rate,10,708.74
37b6de9f430e488b41b88304e9b80c1c,Input Validity,Odometry,Odometry Rate,50,708.74
37b6de9f430e488b41b88304e9b80c1c,Input Validity,TF,TF Rate,10,708.74
37b6de9f430e488b41b88304e9b80c1c,Localization Stability,TF,Jump Angular,0,709.7
37b6de9f430e488b41b88304e9b80c1c,Localization Stability,TF,Jump Linear,0,709.7
37b6de9f430e488b41b88304e9b80c1c,Input Validity,Lidar,Lidar Rate,10,708.84
37b6de9f430e488b41b88304e9b80c1c,Input Validity,Odometry,Odometry Rate,50,708.84
37b6de9f430e488b41b88304e9b80c1c,Input Validity,TF,TF Rate,10,708.84
37b6de9f430e488b41b88304e9b80c1c,Input Validity,Lidar,Lidar Rate,10,708.93
37b6de9f430e488b41b88304e9b80c1c,Input Validity,Odometry,Odometry Rate,50,708.93
37b6de9f430e488b41b88304e9b80c1c,Input Validity,TF,TF Rate,10,708.93
37b6de9f430e488b41b88304e9b80c1c,Localization Quality,AMCLPose,CovYawYaw,8.66676,708.8
37b6de9f430e488b41b88304e9b80c1c,Localization Quality,AMCLPose,CovYY,8.00882,708.8
37b6de9f430e488b41b88304e9b80c1c,Localization Quality,AMCLPose,CovXX,26.4349,708.8
37b6de9f430e488b41b88304e9b80c1c,Localization Quality,AMCLPose,MeanYaw,-2.9389,708.8
37b6de9f430e488b41b88304e9b80c1c,Localization Quality,AMCLPose,MeanY,-0.662465,708.8
37b6de9f430e488b41b88304e9b80c1c,Localization Quality,AMCLPose,MeanX,0.0969973,708.8
37b6de9f430e488b41b88304e9b80c1c,Localization Stability,TF,Jump Angular,-0.23988,709.8
37b6de9f430e488b41b88304e9b80c1c,Localization Stability,TF,Jump Linear,3.11419,709.8
37b6de9f430e488b41b88304e9b80c1c,Localization Stability,TF,Jump Angular,0,709.9
37b6de9f430e488b41b88304e9b80c1c,Localization Stability,TF,Jump Linear,0,709.9
37b6de9f430e488b41b88304e9b80c1c,Input Validity,Lidar,Lidar Rate,10,709.03
37b6de9f430e488b41b88304e9b80c1c,Input Validity,Odometry,Odometry Rate,50,709.03
37b6de9f430e488b41b88304e9b80c1c,Input Validity,TF,TF Rate,10,709.03
37b6de9f430e488b41b88304e9b80c1c,Localization Stability,TF,Jump Angular,0,710
37b6de9f430e488b41b88304e9b80c1c,Localization Stability,TF,Jump Linear,0,710
37b6de9f430e488b41b88304e9b80c1c,Input Validity,Lidar,Lidar Rate,10,709.13
37b6de9f430e488b41b88304e9b80c1c,Input Validity,Odometry,Odometry Rate,50,709.13
37b6de9f430e488b41b88304e9b80c1c,Input Validity,TF,TF Rate,10,709.13
37b6de9f430e488b41b88304e9b80c1c,Input Validity,Lidar,Lidar Rate,10,709.23
37b6de9f430e488b41b88304e9b80c1c,Input Validity,Odometry,Odometry Rate,50,709.23
37b6de9f430e488b41b88304e9b80c1c,Input Validity,TF,TF Rate,10,709.23
37b6de9f430e488b41b88304e9b80c1c,Localization Quality,AMCLPose,CovYawYaw,8.97182,709.1
37b6de9f430e488b41b88304e9b80c1c,Localization Quality,AMCLPose,CovYY,7.98804,709.1
37b6de9f430e488b41b88304e9b80c1c,Localization Quality,AMCLPose,CovXX,26.9892,709.1
37b6de9f430e488b41b88304e9b80c1c,Localization Quality,AMCLPose,MeanYaw,2.56644,709.1
37b6de9f430e488b41b88304e9b80c1c,Localization Quality,AMCLPose,MeanY,-0.619413,709.1
37b6de9f430e488b41b88304e9b80c1c,Localization Quality,AMCLPose,MeanX,0.0213622,709.1
37b6de9f430e488b41b88304e9b80c1c,Localization Stability,TF,Jump Angular,-0.798609,710.1
37b6de9f430e488b41b88304e9b80c1c,Localization Stability,TF,Jump Linear,9.99716,710.1
37b6de9f430e488b41b88304e9b80c1c,Localization Stability,TF,Jump Angular,0,710.2
37b6de9f430e488b41b88304e9b80c1c,Localization Stability,TF,Jump Linear,0,710.2
37b6de9f430e488b41b88304e9b80c1c,Input Validity,Lidar,Lidar Rate,10,709.33
37b6de9f430e488b41b88304e9b80c1c,Input Validity,Odometry,Odometry Rate,50,709.33
37b6de9f430e488b41b88304e9b80c1c,Input Validity,TF,TF Rate,10,709.33
37b6de9f430e488b41b88304e9b80c1c,Localization Stability,TF,Jump Angular,0,710.3
37b6de9f430e488b41b88304e9b80c1c,Localization Stability,TF,Jump Linear,0,710.3
37b6de9f430e488b41b88304e9b80c1c,Input Validity,Lidar,Lidar Rate,10,709.43
37b6de9f430e488b41b88304e9b80c1c,Input Validity,Odometry,Odometry Rate,50,709.43
37b6de9f430e488b41b88304e9b80c1c,Input Validity,TF,TF Rate,10,709.43
37b6de9f430e488b41b88304e9b80c1c,Input Validity,Lidar,Lidar Rate,10,709.53
37b6de9f430e488b41b88304e9b80c1c,Input Validity,Odometry,Odometry Rate,50,709.53
37b6de9f430e488b41b88304e9b80c1c,Input Validity,TF,TF Rate,10,709.53
37b6de9f430e488b41b88304e9b80c1c,Localization Quality,AMCLPose,CovYawYaw,8.46851,709.4
37b6de9f430e488b41b88304e9b80c1c,Localization Quality,AMCLPose,CovYY,8.08004,709.4
37b6de9f430e488b41b88304e9b80c1c,Localization Quality,AMCLPose,CovXX,26.9444,709.4
37b6de9f430e488b41b88304e9b80c1c,Localization Quality,AMCLPose,MeanYaw,3.06768,709.4
37b6de9f430e488b41b88304e9b80c1c,Localization Quality,AMCLPose,MeanY,-0.594261,709.4
37b6de9f430e488b41b88304e9b80c1c,Localization Quality,AMCLPose,MeanX,0.0978022,709.4
37b6de9f430e488b41b88304e9b80c1c,Localization Stability,TF,Jump Angular,0.460254,710.4
37b6de9f430e488b41b88304e9b80c1c,Localization Stability,TF,Jump Linear,5.81642,710.4
37b6de9f430e488b41b88304e9b80c1c,Localization Stability,TF,Jump Angular,0,710.5
37b6de9f430e488b41b88304e9b80c1c,Localization Stability,TF,Jump Linear,0,710.5
37b6de9f430e488b41b88304e9b80c1c,Input Validity,Lidar,Lidar Rate,10,709.63
37b6de9f430e488b41b88304e9b80c1c,Input Validity,Odometry,Odometry Rate,50,709.63
37b6de9f430e488b41b88304e9b80c1c,Input Validity,TF,TF Rate,10,709.63
37b6de9f430e488b41b88304e9b80c1c,Localization Stability,TF,Jump Angular,0,710.6
37b6de9f430e488b41b88304e9b80c1c,Localization Stability,TF,Jump Linear,0,710.6
37b6de9f430e488b41b88304e9b80c1c,Input Validity,Lidar,Lidar Rate,10,709.73
37b6de9f430e488b41b88304e9b80c1c,Input Validity,Odometry,Odometry Rate,50,709.73
37b6de9f430e488b41b88304e9b80c1c,Input Validity,TF,TF Rate,10,709.73
37b6de9f430e488b41b88304e9b80c1c,Input Validity,Lidar,Lidar Rate,10,709.83
37b6de9f430e488b41b88304e9b80c1c,Input Validity,Odometry,Odometry Rate,50,709.83
37b6de9f430e488b41b88304e9b80c1c,Input Validity,TF,TF Rate,10,709.83
37b6de9f430e488b41b88304e9b80c1c,Localization Quality,AMCLPose,CovYawYaw,9.07495,709.7
37b6de9f430e488b41b88304e9b80c1c,Localization Quality,AMCLPose,CovYY,8.05941,709.7
37b6de9f430e488b41b88304e9b80c1c,Localization Quality,AMCLPose,CovXX,26.9835,709.7
37b6de9f430e488b41b88304e9b80c1c,Localization Quality,AMCLPose,MeanYaw,0.228086,709.7
37b6de9f430e488b41b88304e9b80c1c,Localization Quality,AMCLPose,MeanY,-0.602951,709.7
37b6de9f430e488b41b88304e9b80c1c,Localization Quality,AMCLPose,MeanX,0.148784,709.7
37b6de9f430e488b41b88304e9b80c1c,Localization Stability,TF,Jump Angular,-2.81553,710.7
37b6de9f430e488b41b88304e9b80c1c,Localization Stability,TF,Jump Linear,25.7307,710.7
37b6de9f430e488b41b88304e9b80c1c,Localization Stability,TF,Jump Angular,0,710.8
37b6de9f430e488b41b88304e9b80c1c,Localization Stability,TF,Jump Linear,0,710.8
37b6de9f430e488b41b88304e9b80c1c,Input Validity,Lidar,Lidar Rate,10,709.93
37b6de9f430e488b41b88304e9b80c1c,Input Validity,Odometry,Odometry Rate,50,709.93
37b6de9f430e488b41b88304e9b80c1c,Input Validity,TF,TF Rate,10,709.93
37b6de9f430e488b41b88304e9b80c1c,Localization Stability,TF,Jump Angular,0,710.9
37b6de9f430e488b41b88304e9b80c1c,Localization Stability,TF,Jump Linear,0,710.9
37b6de9f430e488b41b88304e9b80c1c,Input Validity,Lidar,Lidar Rate,10,710.03
37b6de9f430e488b41b88304e9b80c1c,Input Validity,Odometry,Odometry Rate,50,710.03
37b6de9f430e488b41b88304e9b80c1c,Input Validity,TF,TF Rate,10,710.03
37b6de9f430e488b41b88304e9b80c1c,Input Validity,Lidar,Lidar Rate,10,710.13
37b6de9f430e488b41b88304e9b80c1c,Input Validity,Odometry,Odometry Rate,50,710.13
37b6de9f430e488b41b88304e9b80c1c,Input Validity,TF,TF Rate,10,710.13
37b6de9f430e488b41b88304e9b80c1c,Localization Quality,AMCLPose,CovYawYaw,7.89421,710
37b6de9f430e488b41b88304e9b80c1c,Localization Quality,AMCLPose,CovYY,8.16206,710
37b6de9f430e488b41b88304e9b80c1c,Localization Quality,AMCLPose,CovXX,27.4192,710
37b6de9f430e488b41b88304e9b80c1c,Localization Quality,AMCLPose,MeanYaw,-1.98554,710
37b6de9f430e488b41b88304e9b80c1c,Localization Quality,AMCLPose,MeanY,-0.63491,710
37b6de9f430e488b41b88304e9b80c1c,Localization Quality,AMCLPose,MeanX,0.183794,710
37b6de9f430e488b41b88304e9b80c1c,Localization Stability,TF,Jump Angular,-2.16114,711
37b6de9f430e488b41b88304e9b80c1c,Localization Stability,TF,Jump Linear,23.2125,711
37b6de9f430e488b41b88304e9b80c1c,Localization Stability,TF,Jump Angular,0,711.1
37b6de9f430e488b41b88304e9b80c1c,Localization Stability,TF,Jump Linear,0,711.1
37b6de9f430e488b41b88304e9b80c1c,Input Validity,Lidar,Lidar Rate,10,710.23
37b6de9f430e488b41b88304e9b80c1c,Input Validity,Odometry,Odometry Rate,50,710.23
37b6de9f430e488b41b88304e9b80c1c,Input Validity,TF,TF Rate,10,710.23
37b6de9f430e488b41b88304e9b80c1c,Localization Stability,TF,Jump Angular,0,711.2
37b6de9f430e488b41b88304e9b80c1c,Localization Stability,TF,Jump Linear,0,711.2
37b6de9f430e488b41b88304e9b80c1c,Input Validity,Lidar,Lidar Rate,10,710.33
37b6de9f430e488b41b88304e9b80c1c,Input Validity,Odometry,Odometry Rate,50,710.33
37b6de9f430e488b41b88304e9b80c1c,Input Validity,TF,TF Rate,10,710.33
37b6de9f430e488b41b88304e9b80c1c,Input Validity,Lidar,Lidar Rate,10,710.43
37b6de9f430e488b41b88304e9b80c1c,Input Validity,Odometry,Odometry Rate,50,710.43
37b6de9f430e488b41b88304e9b80c1c,Input Validity,TF,TF Rate,10,710.43
37b6de9f430e488b41b88304e9b80c1c,Localization Quality,AMCLPose,CovYawYaw,6.99246,710.3
37b6de9f430e488b41b88304e9b80c1c,Localization Quality,AMCLPose,CovYY,8.14601,710.3
37b6de9f430e488b41b88304e9b80c1c,Localization Quality,AMCLPose,CovXX,27.441,710.3
37b6de9f430e488b41b88304e9b80c1c,Localization Quality,AMCLPose,MeanYaw,-1.85813,710.3
37b6de9f430e488b41b88304e9b80c1c,Localization Quality,AMCLPose,MeanY,-0.659353,710.3
37b6de9f430e488b41b88304e9b80c1c,Localization Quality,AMCLPose,MeanX,0.124552,710.3
37b6de9f430e488b41b88304e9b80c1c,Localization Stability,TF,Jump Angular,0.118763,711.3
37b6de9f430e488b41b88304e9b80c1c,Localization Stability,TF,Jump Linear,1.55621,711.3
37b6de9f430e488b41b88304e9b80c1c,Input Validity,Lidar,Lidar Rate,10,710.53
37b6de9f430e488b41b88304e9b80c1c,Input Validity,Odometry,Odometry Rate,50,710.53
37b6de9f430e488b41b88304e9b80c1c,Input Validity,TF,TF Rate,10,710.53
37b6de9f430e488b41b88304e9b80c1c,Localization Quality,AMCLPose,CovYawYaw,6.94103,710.4
37b6de9f430e488b41b88304e9b80c1c,Localization Quality,AMCLPose,CovYY,8.06457,710.4
37b6de9f430e488b41b88304e9b80c1c,Localization Quality,AMCLPose,CovXX,27.3449,710.4
37b6de9f430e488b41b88304e9b80c1c,Localization Quality,AMCLPose,MeanYaw,-1.07904,710.4
37b6de9f430e488b41b88304e9b80c1c,Localization Quality,AMCLPose,MeanY,-0.64197,710.4
37b6de9f430e488b41b88304e9b80c1c,Localization Quality,AMCLPose,MeanX,0.210243,710.4
37b6de9f430e488b41b88304e9b80c1c,Localization Stability,TF,Jump Angular,0.727164,711.4
37b6de9f430e488b41b88304e9b80c1c,Localization Stability,TF,Jump Linear,9.36362,711.4
37b6de9f430e488b41b88304e9b80c1c,Localization Stability,TF,Jump Angular,0,711.5
37b6de9f430e488b41b88304e9b80c1c,Localization Stability,TF,Jump Linear,0,711.5
37b6de9f430e488b41b88304e9b80c1c,Input Validity,Lidar,Lidar Rate,10,710.63
37b6de9f430e488b41b88304e9b80c1c,Input Validity,Odometry,Odometry Rate,50,710.63
37b6de9f430e488b41b88304e9b80c1c,Input Validity,TF,TF Rate,10,710.63
37b6de9f430e488b41b88304e9b80c1c,Localization Stability,TF,Jump Angular,0,711.6
37b6de9f430e488b41b88304e9b80c1c,Localization Stability,TF,Jump Linear,0,711.6
37b6de9f430e488b41b88304e9b80c1c,Input Validity,Lidar,Lidar Rate,10,710.72
37b6de9f430e488b41b88304e9b80c1c,Input Validity,Odometry,Odometry Rate,50,710.72
37b6de9f430e488b41b88304e9b80c1c,Input Validity,TF,TF Rate,10,710.72
37b6de9f430e488b41b88304e9b80c1c,Input Validity,Lidar,Lidar Rate,10,710.82
37b6de9f430e488b41b88304e9b80c1c,Input Validity,Odometry,Odometry Rate,50,710.82
37b6de9f430e488b41b88304e9b80c1c,Input Validity,TF,TF Rate,10,710.82
37b6de9f430e488b41b88304e9b80c1c,Localization Quality,AMCLPose,CovYawYaw,6.40717,710.7
37b6de9f430e488b41b88304e9b80c1c,Localization Quality,AMCLPose,CovYY,8.1606,710.7
37b6de9f430e488b41b88304e9b80c1c,Localization Quality,AMCLPose,CovXX,27.557,710.7
37b6de9f430e488b41b88304e9b80c1c,Localization Quality,AMCLPose,MeanYaw,-1.35788,710.7
37b6de9f430e488b41b88304e9b80c1c,Localization Quality,AMCLPose,MeanY,-0.657684,710.7
37b6de9f430e488b41b88304e9b80c1c,Localization Quality,AMCLPose,MeanX,0.176436,710.7
37b6de9f430e488b41b88304e9b80c1c,Localization Stability,TF,Jump Angular,-0.30381,711.7
37b6de9f430e488b41b88304e9b80c1c,Localization Stability,TF,Jump Linear,4.09368,711.7
37b6de9f430e488b41b88304e9b80c1c,Localization Stability,TF,Jump Angular,0,711.8
37b6de9f430e488b41b88304e9b80c1c,Localization Stability,TF,Jump Linear,0,711.8
37b6de9f430e488b41b88304e9b80c1c,Input Validity,Lidar,Lidar Rate,10,710.92
37b6de9f430e488b41b88304e9b80c1c,Input Validity,Odometry,Odometry Rate,50,710.92
37b6de9f430e488b41b88304e9b80c1c,Input Validity,TF,TF Rate,10,710.92
37b6de9f430e488b41b88304e9b80c1c,Localization Stability,TF,Jump Angular,0,711.9
37b6de9f430e488b41b88304e9b80c1c,Localization Stability,TF,Jump Linear,0,711.9
37b6de9f430e488b41b88304e9b80c1c,Input Validity,Lidar,Lidar Rate,10,711.02
37b6de9f430e488b41b88304e9b80c1c,Input Validity,Odometry,Odometry Rate,50,711.02
37b6de9f430e488b41b88304e9b80c1c,Input Validity,TF,TF Rate,10,711.02
37b6de9f430e488b41b88304e9b80c1c,Input Validity,Lidar,Lidar Rate,10,711.12
37b6de9f430e488b41b88304e9b80c1c,Input Validity,Odometry,Odometry Rate,50,711.12
37b6de9f430e488b41b88304e9b80c1c,Input Validity,TF,TF Rate,10,711.12
37b6de9f430e488b41b88304e9b80c1c,Localization Quality,AMCLPose,CovYawYaw,6.39677,711
37b6de9f430e488b41b88304e9b80c1c,Localization Quality,AMCLPose,CovYY,8.16573,711
37b6de9f430e488b41b88304e9b80c1c,Localization Quality,AMCLPose,CovXX,27.4936,711
37b6de9f430e488b41b88304e9b80c1c,Localization Quality,AMCLPose,MeanYaw,-1.22549,711
37b6de9f430e488b41b88304e9b80c1c,Localization Quality,AMCLPose,MeanY,-0.692951,711
37b6de9f430e488b41b88304e9b80c1c,Localization Quality,AMCLPose,MeanX,0.10482,711
37b6de9f430e488b41b88304e9b80c1c,Localization Stability,TF,Jump Angular,0.0798906,712
37b6de9f430e488b41b88304e9b80c1c,Localization Stability,TF,Jump Linear,1.09715,712
37b6de9f430e488b41b88304e9b80c1c,Input Validity,Lidar,Lidar Rate,10,711.22
37b6de9f430e488b41b88304e9b80c1c,Input Validity,Odometry,Odometry Rate,50,711.22
37b6de9f430e488b41b88304e9b80c1c,Input Validity,TF,TF Rate,10,711.22
37b6de9f430e488b41b88304e9b80c1c,Localization Quality,AMCLPose,CovYawYaw,6.87322,711.1
37b6de9f430e488b41b88304e9b80c1c,Localization Quality,AMCLPose,CovYY,8.16395,711.1
37b6de9f430e488b41b88304e9b80c1c,Localization Quality,AMCLPose,CovXX,27.4806,711.1
37b6de9f430e488b41b88304e9b80c1c,Localization Quality,AMCLPose,MeanYaw,-0.789456,711.1
37b6de9f430e488b41b88304e9b80c1c,Localization Quality,AMCLPose,MeanY,-0.874562,711.1
37b6de9f430e488b41b88304e9b80c1c,Localization Quality,AMCLPose,MeanX,0.230957,711.1
37b6de9f430e488b41b88304e9b80c1c,Localization Stability,TF,Jump Angular,0.343529,712.1
37b6de9f430e488b41b88304e9b80c1c,Localization Stability,TF,Jump Linear,4.71472,712.1
37b6de9f430e488b41b88304e9b80c1c,Input Validity,Lidar,Lidar Rate,10,711.32
37b6de9f430e488b41b88304e9b80c1c,Input Validity,Odometry,Odometry Rate,50,711.32
37b6de9f430e488b41b88304e9b80c1c,Input Validity,TF,TF Rate,10,711.32
37b6de9f430e488b41b88304e9b80c1c,Input Validity,Lidar,Lidar Rate,10,711.42
37b6de9f430e488b41b88304e9b80c1c,Input Validity,Odometry,Odometry Rate,50,711.42
37b6de9f430e488b41b88304e9b80c1c,Input Validity,TF,TF Rate,10,711.42
37b6de9f430e488b41b88304e9b80c1c,Input Validity,Lidar,Lidar Rate,10,711.52
37b6de9f430e488b41b88304e9b80c1c,Input Validity,Odometry,Odometry Rate,50,711.52
37b6de9f430e488b41b88304e9b80c1c,Input Validity,TF,TF Rate,10,711.52
37b6de9f430e488b41b88304e9b80c1c,Localization Quality,AMCLPose,CovYawYaw,5.82519,711.2
37b6de9f430e488b41b88304e9b80c1c,Localization Quality,AMCLPose,CovYY,8.09711,711.2
37b6de9f430e488b41b88304e9b80c1c,Localization Quality,AMCLPose,CovXX,26.5858,711.2
37b6de9f430e488b41b88304e9b80c1c,Localization Quality,AMCLPose,MeanYaw,-1.57264,711.2
37b6de9f430e488b41b88304e9b80c1c,Localization Quality,AMCLPose,MeanY,-0.710552,711.2
37b6de9f430e488b41b88304e9b80c1c,Localization Quality,AMCLPose,MeanX,0.302823,711.2
37b6de9f430e488b41b88304e9b80c1c,Localization Stability,TF,Jump Angular,-0.883186,712.2
37b6de9f430e488b41b88304e9b80c1c,Localization Stability,TF,Jump Linear,11.7154,712.2
37b6de9f430e488b41b88304e9b80c1c,Input Validity,Lidar,Lidar Rate,10,711.62
37b6de9f430e488b41b88304e9b80c1c,Input Validity,Odometry,Odometry Rate,50,711.62
37b6de9f430e488b41b88304e9b80c1c,Input Validity,TF,TF Rate,10,711.62
37b6de9f430e488b41b88304e9b80c1c,Input Validity,Lidar,Lidar Rate,10,711.72
37b6de9f430e488b41b88304e9b80c1c,Input Validity,Odometry,Odometry Rate,50,711.72
37b6de9f430e488b41b88304e9b80c1c,Input Validity,TF,TF Rate,10,711.72
37b6de9f430e488b41b88304e9b80c1c,Localization Quality,AMCLPose,CovYawYaw,4.94592,711.3
37b6de9f430e488b41b88304e9b80c1c,Localization Quality,AMCLPose,CovYY,8.19055,711.3
37b6de9f430e488b41b88304e9b80c1c,Localization Quality,AMCLPose,CovXX,27.1386,711.3
37b6de9f430e488b41b88304e9b80c1c,Localization Quality,AMCLPose,MeanYaw,-1.41021,711.3
37b6de9f430e488b41b88304e9b80c1c,Localization Quality,AMCLPose,MeanY,-0.881685,711.3
37b6de9f430e488b41b88304e9b80c1c,Localization Quality,AMCLPose,MeanX,0.763821,711.3
37b6de9f430e488b41b88304e9b80c1c,Localization Stability,TF,Jump Angular,0.0624279,712.3
37b6de9f430e488b41b88304e9b80c1c,Localization Stability,TF,Jump Linear,0.605668,712.3
37b6de9f430e488b41b88304e9b80c1c,Input Validity,Lidar,Lidar Rate,10,711.82
37b6de9f430e488b41b88304e9b80c1c,Input Validity,Odometry,Odometry Rate,50,711.82
37b6de9f430e488b41b88304e9b80c1c,Input Validity,TF,TF Rate,10,711.82
37b6de9f430e488b41b88304e9b80c1c,Input Validity,Lidar,Lidar Rate,10,711.92
37b6de9f430e488b41b88304e9b80c1c,Input Validity,Odometry,Odometry Rate,50,711.92
37b6de9f430e488b41b88304e9b80c1c,Input Validity,TF,TF Rate,10,711.92
37b6de9f430e488b41b88304e9b80c1c,Input Validity,Lidar,Lidar Rate,10,712.02
37b6de9f430e488b41b88304e9b80c1c,Input Validity,Odometry,Odometry Rate,50,712.02
37b6de9f430e488b41b88304e9b80c1c,Input Validity,TF,TF Rate,10,712.02
37b6de9f430e488b41b88304e9b80c1c,Input Validity,Lidar,Lidar Rate,10,712.12
37b6de9f430e488b41b88304e9b80c1c,Input Validity,Odometry,Odometry Rate,50,712.12
37b6de9f430e488b41b88304e9b80c1c,Input Validity,TF,TF Rate,10,712.12
37b6de9f430e488b41b88304e9b80c1c,Input Validity,Lidar,Lidar Rate,10,712.22
37b6de9f430e488b41b88304e9b80c1c,Input Validity,Odometry,Odometry Rate,50,712.22
37b6de9f430e488b41b88304e9b80c1c,Input Validity,TF,TF Rate,10,712.22
37b6de9f430e488b41b88304e9b80c1c,Localization Quality,AMCLPose,CovYawYaw,4.88836,711.4
37b6de9f430e488b41b88304e9b80c1c,Localization Quality,AMCLPose,CovYY,8.5084,711.4
37b6de9f430e488b41b88304e9b80c1c,Localization Quality,AMCLPose,CovXX,28.8501,711.4
37b6de9f430e488b41b88304e9b80c1c,Localization Quality,AMCLPose,MeanYaw,-1.29293,711.4
37b6de9f430e488b41b88304e9b80c1c,Localization Quality,AMCLPose,MeanY,-2.20992,711.4
37b6de9f430e488b41b88304e9b80c1c,Localization Quality,AMCLPose,MeanX,-3.54553,711.4
37b6de9f430e488b41b88304e9b80c1c,Localization Stability,TF,Jump Angular,0.0172898,712.4
37b6de9f430e488b41b88304e9b80c1c,Localization Stability,TF,Jump Linear,4.73955,712.4
37b6de9f430e488b41b88304e9b80c1c,Input Validity,Lidar,Lidar Rate,10,712.32
37b6de9f430e488b41b88304e9b80c1c,Input Validity,Odometry,Odometry Rate,50,712.32
37b6de9f430e488b41b88304e9b80c1c,Input Validity,TF,TF Rate,10,712.32
37b6de9f430e488b41b88304e9b80c1c,Input Validity,Lidar,Lidar Rate,10,712.42
37b6de9f430e488b41b88304e9b80c1c,Input Validity,Odometry,Odometry Rate,50,712.42
37b6de9f430e488b41b88304e9b80c1c,Input Validity,TF,TF Rate,10,712.42
37b6de9f430e488b41b88304e9b80c1c,Input Validity,Lidar,Lidar Rate,10,712.51
37b6de9f430e488b41b88304e9b80c1c,Input Validity,Odometry,Odometry Rate,50,712.51
37b6de9f430e488b41b88304e9b80c1c,Input Validity,TF,TF Rate,10,712.51
37b6de9f430e488b41b88304e9b80c1c,Input Validity,Lidar,Lidar Rate,10,712.61
37b6de9f430e488b41b88304e9b80c1c,Input Validity,Odometry,Odometry Rate,50,712.61
37b6de9f430e488b41b88304e9b80c1c,Input Validity,TF,TF Rate,10,712.61
37b6de9f430e488b41b88304e9b80c1c,Input Validity,Lidar,Lidar Rate,10,712.71
37b6de9f430e488b41b88304e9b80c1c,Input Validity,Odometry,Odometry Rate,50,712.71
37b6de9f430e488b41b88304e9b80c1c,Input Validity,TF,TF Rate,10,712.71
37b6de9f430e488b41b88304e9b80c1c,Input Validity,Lidar,Lidar Rate,10,712.81
37b6de9f430e488b41b88304e9b80c1c,Input Validity,Odometry,Odometry Rate,50,712.81
37b6de9f430e488b41b88304e9b80c1c,Input Validity,TF,TF Rate,10,712.81
37b6de9f430e488b41b88304e9b80c1c,Input Validity,Lidar,Lidar Rate,10,712.91
37b6de9f430e488b41b88304e9b80c1c,Input Validity,Odometry,Odometry Rate,50,712.91
37b6de9f430e488b41b88304e9b80c1c,Input Validity,TF,TF Rate,10,712.91
37b6de9f430e488b41b88304e9b80c1c,Localization Quality,AMCLPose,CovYawYaw,5.53108,711.8
37b6de9f430e488b41b88304e9b80c1c,Localization Quality,AMCLPose,CovYY,8.00625,711.8
37b6de9f430e488b41b88304e9b80c1c,Localization Quality,AMCLPose,CovXX,30.634,711.8
37b6de9f430e488b41b88304e9b80c1c,Localization Quality,AMCLPose,MeanYaw,-0.831901,711.8
37b6de9f430e488b41b88304e9b80c1c,Localization Quality,AMCLPose,MeanY,-1.65345,711.8
37b6de9f430e488b41b88304e9b80c1c,Localization Quality,AMCLPose,MeanX,-2.49642,711.8
37b6de9f430e488b41b88304e9b80c1c,Localization Stability,TF,Jump Angular,0.0610242,712.8
37b6de9f430e488b41b88304e9b80c1c,Localization Stability,TF,Jump Linear,0.364247,712.8
37b6de9f430e488b41b88304e9b80c1c,Input Validity,Lidar,Lidar Rate,10,713.01
37b6de9f430e488b41b88304e9b80c1c,Input Validity,Odometry,Odometry Rate,50,713.01
37b6de9f430e488b41b88304e9b80c1c,Input Validity,TF,TF Rate,8.5,713.01
37b6de9f430e488b41b88304e9b80c1c,Localization Quality,AMCLPose,CovYawYaw,5.67859,712.4
37b6de9f430e488b41b88304e9b80c1c,Localization Quality,AMCLPose,CovYY,8.0474,712.4
37b6de9f430e488b41b88304e9b80c1c,Localization Quality,AMCLPose,CovXX,30.6854,712.4
37b6de9f430e488b41b88304e9b80c1c,Localization Quality,AMCLPose,MeanYaw,-0.0759006,712.4
37b6de9f430e488b41b88304e9b80c1c,Localization Quality,AMCLPose,MeanY,-0.905643,712.4
37b6de9f430e488b41b88304e9b80c1c,Localization Quality,AMCLPose,MeanX,0.461544,712.4
37b6de9f430e488b41b88304e9b80c1c,Localization Stability,TF,Jump Angular,0.156,713.4
37b6de9f430e488b41b88304e9b80c1c,Localization Stability,TF,Jump Linear,1.3358,713.4
37b6de9f430e488b41b88304e9b80c1c,Input Validity,Lidar,Lidar Rate,10,713.11
37b6de9f430e488b41b88304e9b80c1c,Input Validity,Odometry,Odometry Rate,50,713.11
37b6de9f430e488b41b88304e9b80c1c,Input Validity,TF,TF Rate,6,713.11
37b6de9f430e488b41b88304e9b80c1c,Localization Quality,AMCLPose,CovYawYaw,5.63012,712.5
37b6de9f430e488b41b88304e9b80c1c,Localization Quality,AMCLPose,CovYY,8.01512,712.5
37b6de9f430e488b41b88304e9b80c1c,Localization Quality,AMCLPose,CovXX,31.0014,712.5
37b6de9f430e488b41b88304e9b80c1c,Localization Quality,AMCLPose,MeanYaw,-0.489417,712.5
37b6de9f430e488b41b88304e9b80c1c,Localization Quality,AMCLPose,MeanY,-0.586805,712.5
37b6de9f430e488b41b88304e9b80c1c,Localization Quality,AMCLPose,MeanX,0.637596,712.5
37b6de9f430e488b41b88304e9b80c1c,Localization Stability,TF,Jump Angular,-0.506016,713.5
37b6de9f430e488b41b88304e9b80c1c,Localization Stability,TF,Jump Linear,7.06247,713.5
37b6de9f430e488b41b88304e9b80c1c,Input Validity,Lidar,Lidar Rate,10,713.21
37b6de9f430e488b41b88304e9b80c1c,Input Validity,Odometry,Odometry Rate,50,713.21
37b6de9f430e488b41b88304e9b80c1c,Input Validity,TF,TF Rate,6,713.21
37b6de9f430e488b41b88304e9b80c1c,Localization Quality,AMCLPose,CovYawYaw,5.73851,712.6
37b6de9f430e488b41b88304e9b80c1c,Localization Quality,AMCLPose,CovYY,8.11049,712.6
37b6de9f430e488b41b88304e9b80c1c,Localization Quality,AMCLPose,CovXX,30.7326,712.6
37b6de9f430e488b41b88304e9b80c1c,Localization Quality,AMCLPose,MeanYaw,-0.918082,712.6
37b6de9f430e488b41b88304e9b80c1c,Localization Quality,AMCLPose,MeanY,-0.45397,712.6
37b6de9f430e488b41b88304e9b80c1c,Localization Quality,AMCLPose,MeanX,0.415049,712.6
37b6de9f430e488b41b88304e9b80c1c,Localization Stability,TF,Jump Angular,-0.494922,713.6
37b6de9f430e488b41b88304e9b80c1c,Localization Stability,TF,Jump Linear,6.38935,713.6
37b6de9f430e488b41b88304e9b80c1c,Localization Stability,TF,Jump Angular,0,713.7
37b6de9f430e488b41b88304e9b80c1c,Localization Stability,TF,Jump Linear,0,713.7
37b6de9f430e488b41b88304e9b80c1c,Localization Stability,TF,Jump Angular,0,713.8
37b6de9f430e488b41b88304e9b80c1c,Localization Stability,TF,Jump Linear,0,713.8
37b6de9f430e488b41b88304e9b80c1c,Localization Stability,TF,Jump Angular,0,713.9
37b6de9f430e488b41b88304e9b80c1c,Localization Stability,TF,Jump Linear,0,713.9
37b6de9f430e488b41b88304e9b80c1c,Localization Stability,TF,Jump Angular,0,714
37b6de9f430e488b41b88304e9b80c1c,Localization Stability,TF,Jump Linear,0,714
37b6de9f430e488b41b88304e9b80c1c,Localization Stability,TF,Jump Angular,0,714.1
37b6de9f430e488b41b88304e9b80c1c,Localization Stability,TF,Jump Linear,0,714.1
37b6de9f430e488b41b88304e9b80c1c,Localization Stability,TF,Jump Angular,0,714.2
37b6de9f430e488b41b88304e9b80c1c,Localization Stability,TF,Jump Linear,0,714.2
37b6de9f430e488b41b88304e9b80c1c,Input Validity,Lidar,Lidar Rate,10,713.31
37b6de9f430e488b41b88304e9b80c1c,Input Validity,Odometry,Odometry Rate,50,713.31
37b6de9f430e488b41b88304e9b80c1c,Input Validity,TF,TF Rate,6,713.31
37b6de9f430e488b41b88304e9b80c1c,Localization Stability,TF,Jump Angular,0,714.3
37b6de9f430e488b41b88304e9b80c1c,Localization Stability,TF,Jump Linear,0,714.3
37b6de9f430e488b41b88304e9b80c1c,Input Validity,Lidar,Lidar Rate,10,713.41
37b6de9f430e488b41b88304e9b80c1c,Input Validity,Odometry,Odometry Rate,50,713.41
37b6de9f430e488b41b88304e9b80c1c,Input Validity,TF,TF Rate,6,713.41
37b6de9f430e488b41b88304e9b80c1c,Localization Stability,TF,Jump Angular,0,714.4
37b6de9f430e488b41b88304e9b80c1c,Localization Stability,TF,Jump Linear,0,714.4
37b6de9f430e488b41b88304e9b80c1c,Input Validity,Lidar,Lidar Rate,10,713.51
37b6de9f430e488b41b88304e9b80c1c,Input Validity,Odometry,Odometry Rate,50,713.51
37b6de9f430e488b41b88304e9b80c1c,Input Validity,TF,TF Rate,6,713.51
37b6de9f430e488b41b88304e9b80c1c,Localization Stability,TF,Jump Angular,0,714.5
37b6de9f430e488b41b88304e9b80c1c,Localization Stability,TF,Jump Linear,0,714.5
37b6de9f430e488b41b88304e9b80c1c,Input Validity,Lidar,Lidar Rate,10,713.61
37b6de9f430e488b41b88304e9b80c1c,Input Validity,Odometry,Odometry Rate,50,713.61
37b6de9f430e488b41b88304e9b80c1c,Input Validity,TF,TF Rate,7.05882,713.61
37b6de9f430e488b41b88304e9b80c1c,Localization Stability,TF,Jump Angular,0,714.6
37b6de9f430e488b41b88304e9b80c1c,Localization Stability,TF,Jump Linear,0,714.6
37b6de9f430e488b41b88304e9b80c1c,Input Validity,Lidar,Lidar Rate,10,713.71
37b6de9f430e488b41b88304e9b80c1c,Input Validity,Odometry,Odometry Rate,50,713.71
37b6de9f430e488b41b88304e9b80c1c,Input Validity,TF,TF Rate,7.22222,713.71
37b6de9f430e488b41b88304e9b80c1c,Localization Stability,TF,Jump Angular,0,714.7
37b6de9f430e488b41b88304e9b80c1c,Localization Stability,TF,Jump Linear,0,714.7
37b6de9f430e488b41b88304e9b80c1c,Input Validity,Lidar,Lidar Rate,10,713.81
37b6de9f430e488b41b88304e9b80c1c,Input Validity,Odometry,Odometry Rate,50,713.81
37b6de9f430e488b41b88304e9b80c1c,Input Validity,TF,TF Rate,7.36842,713.81
37b6de9f430e488b41b88304e9b80c1c,Localization Stability,TF,Jump Angular,0,714.8
37b6de9f430e488b41b88304e9b80c1c,Localization Stability,TF,Jump Linear,0,714.8
37b6de9f430e488b41b88304e9b80c1c,Input Validity,Lidar,Lidar Rate,10,713.91
37b6de9f430e488b41b88304e9b80c1c,Input Validity,Odometry,Odometry Rate,50,713.91
37b6de9f430e488b41b88304e9b80c1c,Input Validity,TF,TF Rate,7.5,713.91
37b6de9f430e488b41b88304e9b80c1c,Localization Stability,TF,Jump Angular,0,714.9
37b6de9f430e488b41b88304e9b80c1c,Localization Stability,TF,Jump Linear,0,714.9
37b6de9f430e488b41b88304e9b80c1c,Input Validity,Lidar,Lidar Rate,10,714.01
37b6de9f430e488b41b88304e9b80c1c,Input Validity,Odometry,Odometry Rate,50,714.01
37b6de9f430e488b41b88304e9b80c1c,Input Validity,TF,TF Rate,10,714.01
37b6de9f430e488b41b88304e9b80c1c,Localization Stability,TF,Jump Angular,0,715
37b6de9f430e488b41b88304e9b80c1c,Localization Stability,TF,Jump Linear,0,715
37b6de9f430e488b41b88304e9b80c1c,Input Validity,Lidar,Lidar Rate,10,714.11
37b6de9f430e488b41b88304e9b80c1c,Input Validity,Odometry,Odometry Rate,50,714.11
37b6de9f430e488b41b88304e9b80c1c,Input Validity,TF,TF Rate,10,714.11
37b6de9f430e488b41b88304e9b80c1c,Localization Stability,TF,Jump Angular,0,715.1
37b6de9f430e488b41b88304e9b80c1c,Localization Stability,TF,Jump Linear,0,715.1
37b6de9f430e488b41b88304e9b80c1c,Input Validity,Lidar,Lidar Rate,10,714.21
37b6de9f430e488b41b88304e9b80c1c,Input Validity,Odometry,Odometry Rate,50,714.21
37b6de9f430e488b41b88304e9b80c1c,Input Validity,TF,TF Rate,10,714.21
37b6de9f430e488b41b88304e9b80c1c,Localization Stability,TF,Jump Angular,0,715.2
37b6de9f430e488b41b88304e9b80c1c,Localization Stability,TF,Jump Linear,0,715.2
37b6de9f430e488b41b88304e9b80c1c,Input Validity,Lidar,Lidar Rate,10,714.3
37b6de9f430e488b41b88304e9b80c1c,Input Validity,Odometry,Odometry Rate,50,714.3
37b6de9f430e488b41b88304e9b80c1c,Input Validity,TF,TF Rate,10,714.3
37b6de9f430e488b41b88304e9b80c1c,Localization Stability,TF,Jump Angular,0,715.3
37b6de9f430e488b41b88304e9b80c1c,Localization Stability,TF,Jump Linear,0,715.3
37b6de9f430e488b41b88304e9b80c1c,Input Validity,Lidar,Lidar Rate,10,714.4
37b6de9f430e488b41b88304e9b80c1c,Input Validity,Odometry,Odometry Rate,50,714.4
37b6de9f430e488b41b88304e9b80c1c,Input Validity,TF,TF Rate,10,714.4
37b6de9f430e488b41b88304e9b80c1c,Localization Stability,TF,Jump Angular,0,715.4
37b6de9f430e488b41b88304e9b80c1c,Localization Stability,TF,Jump Linear,0,715.4
37b6de9f430e488b41b88304e9b80c1c,Input Validity,Lidar,Lidar Rate,10,714.5
37b6de9f430e488b41b88304e9b80c1c,Input Validity,Odometry,Odometry Rate,50,714.5
37b6de9f430e488b41b88304e9b80c1c,Input Validity,TF,TF Rate,10,714.5
37b6de9f430e488b41b88304e9b80c1c,Localization Stability,TF,Jump Angular,0,715.5
37b6de9f430e488b41b88304e9b80c1c,Localization Stability,TF,Jump Linear,0,715.5
37b6de9f430e488b41b88304e9b80c1c,Input Validity,Lidar,Lidar Rate,10,714.6
37b6de9f430e488b41b88304e9b80c1c,Input Validity,Odometry,Odometry Rate,50,714.6
37b6de9f430e488b41b88304e9b80c1c,Input Validity,TF,TF Rate,10,714.6
37b6de9f430e488b41b88304e9b80c1c,Localization Stability,TF,Jump Angular,0,715.6
37b6de9f430e488b41b88304e9b80c1c,Localization Stability,TF,Jump Linear,0,715.6
37b6de9f430e488b41b88304e9b80c1c,Input Validity,Lidar,Lidar Rate,10,714.7
37b6de9f430e488b41b88304e9b80c1c,Input Validity,Odometry,Odometry Rate,50,714.7
37b6de9f430e488b41b88304e9b80c1c,Input Validity,TF,TF Rate,10,714.7
37b6de9f430e488b41b88304e9b80c1c,Localization Stability,TF,Jump Angular,0,715.7
37b6de9f430e488b41b88304e9b80c1c,Localization Stability,TF,Jump Linear,0,715.7
37b6de9f430e488b41b88304e9b80c1c,Input Validity,Lidar,Lidar Rate,10,714.8
37b6de9f430e488b41b88304e9b80c1c,Input Validity,Odometry,Odometry Rate,50,714.8
37b6de9f430e488b41b88304e9b80c1c,Input Validity,TF,TF Rate,10,714.8
37b6de9f430e488b41b88304e9b80c1c,Localization Stability,TF,Jump Angular,0,715.8
37b6de9f430e488b41b88304e9b80c1c,Localization Stability,TF,Jump Linear,0,715.8
37b6de9f430e488b41b88304e9b80c1c,Input Validity,Lidar,Lidar Rate,10,714.9
37b6de9f430e488b41b88304e9b80c1c,Input Validity,Odometry,Odometry Rate,50,714.9
37b6de9f430e488b41b88304e9b80c1c,Input Validity,TF,TF Rate,10,714.9
37b6de9f430e488b41b88304e9b80c1c,Localization Stability,TF,Jump Angular,0,715.9
37b6de9f430e488b41b88304e9b80c1c,Localization Stability,TF,Jump Linear,0,715.9
37b6de9f430e488b41b88304e9b80c1c,Input Validity,Lidar,Lidar Rate,10,715
37b6de9f430e488b41b88304e9b80c1c,Input Validity,Odometry,Odometry Rate,50,715
37b6de9f430e488b41b88304e9b80c1c,Input Validity,TF,TF Rate,10,715
37b6de9f430e488b41b88304e9b80c1c,Localization Stability,TF,Jump Angular,0,716
37b6de9f430e488b41b88304e9b80c1c,Localization Stability,TF,Jump Linear,0,716
37b6de9f430e488b41b88304e9b80c1c,Input Validity,Lidar,Lidar Rate,10,715.1
37b6de9f430e488b41b88304e9b80c1c,Input Validity,Odometry,Odometry Rate,50,715.1
37b6de9f430e488b41b88304e9b80c1c,Input Validity,TF,TF Rate,10,715.1
37b6de9f430e488b41b88304e9b80c1c,Localization Stability,TF,Jump Angular,0,716.1
37b6de9f430e488b41b88304e9b80c1c,Localization Stability,TF,Jump Linear,0,716.1
37b6de9f430e488b41b88304e9b80c1c,Input Validity,Lidar,Lidar Rate,10,715.2
37b6de9f430e488b41b88304e9b80c1c,Input Validity,Odometry,Odometry Rate,50,715.2
37b6de9f430e488b41b88304e9b80c1c,Input Validity,TF,TF Rate,10,715.2
37b6de9f430e488b41b88304e9b80c1c,Localization Stability,TF,Jump Angular,0,716.2
37b6de9f430e488b41b88304e9b80c1c,Localization Stability,TF,Jump Linear,0,716.2
37b6de9f430e488b41b88304e9b80c1c,Input Validity,Lidar,Lidar Rate,10,715.3
37b6de9f430e488b41b88304e9b80c1c,Input Validity,Odometry,Odometry Rate,50,715.3
37b6de9f430e488b41b88304e9b80c1c,Input Validity,TF,TF Rate,10,715.3
37b6de9f430e488b41b88304e9b80c1c,Localization Stability,TF,Jump Angular,0,716.3
37b6de9f430e488b41b88304e9b80c1c,Localization Stability,TF,Jump Linear,0,716.3
37b6de9f430e488b41b88304e9b80c1c,Input Validity,Lidar,Lidar Rate,10,715.4
37b6de9f430e488b41b88304e9b80c1c,Input Validity,Odometry,Odometry Rate,50,715.4
37b6de9f430e488b41b88304e9b80c1c,Input Validity,TF,TF Rate,10,715.4
37b6de9f430e488b41b88304e9b80c1c,Localization Stability,TF,Jump Angular,0,716.4
37b6de9f430e488b41b88304e9b80c1c,Localization Stability,TF,Jump Linear,0,716.4
37b6de9f430e488b41b88304e9b80c1c,Input Validity,Lidar,Lidar Rate,10,715.5
37b6de9f430e488b41b88304e9b80c1c,Input Validity,Odometry,Odometry Rate,50,715.5
37b6de9f430e488b41b88304e9b80c1c,Input Validity,TF,TF Rate,10,715.5
37b6de9f430e488b41b88304e9b80c1c,Localization Stability,TF,Jump Angular,0,716.5
37b6de9f430e488b41b88304e9b80c1c,Localization Stability,TF,Jump Linear,0,716.5
37b6de9f430e488b41b88304e9b80c1c,Input Validity,Lidar,Lidar Rate,10,715.6
37b6de9f430e488b41b88304e9b80c1c,Input Validity,Odometry,Odometry Rate,50,715.6
37b6de9f430e488b41b88304e9b80c1c,Input Validity,TF,TF Rate,10,715.6
37b6de9f430e488b41b88304e9b80c1c,Localization Stability,TF,Jump Angular,0,716.6
37b6de9f430e488b41b88304e9b80c1c,Localization Stability,TF,Jump Linear,0,716.6
37b6de9f430e488b41b88304e9b80c1c,Input Validity,Lidar,Lidar Rate,10,715.7
37b6de9f430e488b41b88304e9b80c1c,Input Validity,Odometry,Odometry Rate,50,715.7
37b6de9f430e488b41b88304e9b80c1c,Input Validity,TF,TF Rate,10,715.7
37b6de9f430e488b41b88304e9b80c1c,Localization Stability,TF,Jump Angular,0,716.7
37b6de9f430e488b41b88304e9b80c1c,Localization Stability,TF,Jump Linear,0,716.7
37b6de9f430e488b41b88304e9b80c1c,Input Validity,Lidar,Lidar Rate,10,715.8
37b6de9f430e488b41b88304e9b80c1c,Input Validity,Odometry,Odometry Rate,50,715.8
37b6de9f430e488b41b88304e9b80c1c,Input Validity,TF,TF Rate,10,715.8
37b6de9f430e488b41b88304e9b80c1c,Localization Stability,TF,Jump Angular,0,716.8
37b6de9f430e488b41b88304e9b80c1c,Localization Stability,TF,Jump Linear,0,716.8
37b6de9f430e488b41b88304e9b80c1c,Input Validity,Lidar,Lidar Rate,10,715.9
37b6de9f430e488b41b88304e9b80c1c,Input Validity,Odometry,Odometry Rate,50,715.9
37b6de9f430e488b41b88304e9b80c1c,Input Validity,TF,TF Rate,10,715.9
37b6de9f430e488b41b88304e9b80c1c,Localization Stability,TF,Jump Angular,0,716.9
37b6de9f430e488b41b88304e9b80c1c,Localization Stability,TF,Jump Linear,0,716.9
37b6de9f430e488b41b88304e9b80c1c,Input Validity,Lidar,Lidar Rate,10,716
37b6de9f430e488b41b88304e9b80c1c,Input Validity,Odometry,Odometry Rate,50,716
37b6de9f430e488b41b88304e9b80c1c,Input Validity,TF,TF Rate,10,716
37b6de9f430e488b41b88304e9b80c1c,Localization Stability,TF,Jump Angular,0,717
37b6de9f430e488b41b88304e9b80c1c,Localization Stability,TF,Jump Linear,0,717
37b6de9f430e488b41b88304e9b80c1c,Input Validity,Lidar,Lidar Rate,10,716.09
37b6de9f430e488b41b88304e9b80c1c,Input Validity,Odometry,Odometry Rate,50,716.09
37b6de9f430e488b41b88304e9b80c1c,Input Validity,TF,TF Rate,10,716.09
37b6de9f430e488b41b88304e9b80c1c,Localization Stability,TF,Jump Angular,0,717.1
37b6de9f430e488b41b88304e9b80c1c,Localization Stability,TF,Jump Linear,0,717.1
37b6de9f430e488b41b88304e9b80c1c,Input Validity,Lidar,Lidar Rate,10,716.19
37b6de9f430e488b41b88304e9b80c1c,Input Validity,Odometry,Odometry Rate,50,716.19
37b6de9f430e488b41b88304e9b80c1c,Input Validity,TF,TF Rate,10,716.19
37b6de9f430e488b41b88304e9b80c1c,Localization Stability,TF,Jump Angular,0,717.2
37b6de9f430e488b41b88304e9b80c1c,Localization Stability,TF,Jump Linear,0,717.2
37b6de9f430e488b41b88304e9b80c1c,Input Validity,Lidar,Lidar Rate,10,716.29
37b6de9f430e488b41b88304e9b80c1c,Input Validity,Odometry,Odometry Rate,50,716.29
37b6de9f430e488b41b88304e9b80c1c,Input Validity,TF,TF Rate,10,716.29
37b6de9f430e488b41b88304e9b80c1c,Localization Stability,TF,Jump Angular,0,717.3
37b6de9f430e488b41b88304e9b80c1c,Localization Stability,TF,Jump Linear,0,717.3
37b6de9f430e488b41b88304e9b80c1c,Input Validity,Lidar,Lidar Rate,10,716.39
37b6de9f430e488b41b88304e9b80c1c,Input Validity,Odometry,Odometry Rate,50,716.39
37b6de9f430e488b41b88304e9b80c1c,Input Validity,TF,TF Rate,10,716.39
37b6de9f430e488b41b88304e9b80c1c,Localization Stability,TF,Jump Angular,0,717.4
37b6de9f430e488b41b88304e9b80c1c,Localization Stability,TF,Jump Linear,0,717.4
37b6de9f430e488b41b88304e9b80c1c,Input Validity,Lidar,Lidar Rate,10,716.49
37b6de9f430e488b41b88304e9b80c1c,Input Validity,Odometry,Odometry Rate,50,716.49
37b6de9f430e488b41b88304e9b80c1c,Input Validity,TF,TF Rate,10,716.49
37b6de9f430e488b41b88304e9b80c1c,Localization Stability,TF,Jump Angular,0,717.5
37b6de9f430e488b41b88304e9b80c1c,Localization Stability,TF,Jump Linear,0,717.5
37b6de9f430e488b41b88304e9b80c1c,Input Validity,Lidar,Lidar Rate,10,716.59
37b6de9f430e488b41b88304e9b80c1c,Input Validity,Odometry,Odometry Rate,50,716.59
37b6de9f430e488b41b88304e9b80c1c,Input Validity,TF,TF Rate,10,716.59
37b6de9f430e488b41b88304e9b80c1c,Localization Stability,TF,Jump Angular,0,717.6
37b6de9f430e488b41b88304e9b80c1c,Localization Stability,TF,Jump Linear,0,717.6
37b6de9f430e488b41b88304e9b80c1c,Input Validity,Lidar,Lidar Rate,10,716.69
37b6de9f430e488b41b88304e9b80c1c,Input Validity,Odometry,Odometry Rate,50,716.69
37b6de9f430e488b41b88304e9b80c1c,Input Validity,TF,TF Rate,10,716.69
37b6de9f430e488b41b88304e9b80c1c,Localization Stability,TF,Jump Angular,0,717.7
37b6de9f430e488b41b88304e9b80c1c,Localization Stability,TF,Jump Linear,0,717.7
37b6de9f430e488b41b88304e9b80c1c,Input Validity,Lidar,Lidar Rate,10,716.79
37b6de9f430e488b41b88304e9b80c1c,Input Validity,Odometry,Odometry Rate,50,716.79
37b6de9f430e488b41b88304e9b80c1c,Input Validity,TF,TF Rate,10,716.79
37b6de9f430e488b41b88304e9b80c1c,Localization Stability,TF,Jump Angular,0,717.8
37b6de9f430e488b41b88304e9b80c1c,Localization Stability,TF,Jump Linear,0,717.8
37b6de9f430e488b41b88304e9b80c1c,Input Validity,Lidar,Lidar Rate,10,716.89
37b6de9f430e488b41b88304e9b80c1c,Input Validity,Odometry,Odometry Rate,50,716.89
37b6de9f430e488b41b88304e9b80c1c,Input Validity,TF,TF Rate,10,716.89
37b6de9f430e488b41b88304e9b80c1c,Localization Stability,TF,Jump Angular,0,717.9
37b6de9f430e488b41b88304e9b80c1c,Localization Stability,TF,Jump Linear,0,717.9
37b6de9f430e488b41b88304e9b80c1c,Input Validity,Lidar,Lidar Rate,10,716.99
37b6de9f430e488b41b88304e9b80c1c,Input Validity,Odometry,Odometry Rate,50,716.99
37b6de9f430e488b41b88304e9b80c1c,Input Validity,TF,TF Rate,10,716.99
37b6de9f430e488b41b88304e9b80c1c,Localization Stability,TF,Jump Angular,0,718
37b6de9f430e488b41b88304e9b80c1c,Localization Stability,TF,Jump Linear,0,718
37b6de9f430e488b41b88304e9b80c1c,Input Validity,Lidar,Lidar Rate,10,717.09
37b6de9f430e488b41b88304e9b80c1c,Input Validity,Odometry,Odometry Rate,50,717.09
37b6de9f430e488b41b88304e9b80c1c,Input Validity,TF,TF Rate,10,717.09
37b6de9f430e488b41b88304e9b80c1c,Localization Stability,TF,Jump Angular,0,718.1
37b6de9f430e488b41b88304e9b80c1c,Localization Stability,TF,Jump Linear,0,718.1
37b6de9f430e488b41b88304e9b80c1c,Input Validity,Lidar,Lidar Rate,10,717.19
37b6de9f430e488b41b88304e9b80c1c,Input Validity,Odometry,Odometry Rate,50,717.19
37b6de9f430e488b41b88304e9b80c1c,Input Validity,TF,TF Rate,10,717.19
37b6de9f430e488b41b88304e9b80c1c,Localization Stability,TF,Jump Angular,0,718.2
37b6de9f430e488b41b88304e9b80c1c,Localization Stability,TF,Jump Linear,0,718.2
37b6de9f430e488b41b88304e9b80c1c,Input Validity,Lidar,Lidar Rate,10,717.29
37b6de9f430e488b41b88304e9b80c1c,Input Validity,Odometry,Odometry Rate,50,717.29
37b6de9f430e488b41b88304e9b80c1c,Input Validity,TF,TF Rate,10,717.29
37b6de9f430e488b41b88304e9b80c1c,Localization Stability,TF,Jump Angular,0,718.3
37b6de9f430e488b41b88304e9b80c1c,Localization Stability,TF,Jump Linear,0,718.3
37b6de9f430e488b41b88304e9b80c1c,Input Validity,Lidar,Lidar Rate,10,717.39
37b6de9f430e488b41b88304e9b80c1c,Input Validity,Odometry,Odometry Rate,50,717.39
37b6de9f430e488b41b88304e9b80c1c,Input Validity,TF,TF Rate,10,717.39
37b6de9f430e488b41b88304e9b80c1c,Localization Stability,TF,Jump Angular,0,718.4
37b6de9f430e488b41b88304e9b80c1c,Localization Stability,TF,Jump Linear,0,718.4
37b6de9f430e488b41b88304e9b80c1c,Input Validity,Lidar,Lidar Rate,10,717.49
37b6de9f430e488b41b88304e9b80c1c,Input Validity,Odometry,Odometry Rate,50,717.49
37b6de9f430e488b41b88304e9b80c1c,Input Validity,TF,TF Rate,10,717.49
37b6de9f430e488b41b88304e9b80c1c,Localization Stability,TF,Jump Angular,0,718.5
37b6de9f430e488b41b88304e9b80c1c,Localization Stability,TF,Jump Linear,0,718.5
37b6de9f430e488b41b88304e9b80c1c,Input Validity,Lidar,Lidar Rate,10,717.59
37b6de9f430e488b41b88304e9b80c1c,Input Validity,Odometry,Odometry Rate,50,717.59
37b6de9f430e488b41b88304e9b80c1c,Input Validity,TF,TF Rate,10,717.59
37b6de9f430e488b41b88304e9b80c1c,Localization Stability,TF,Jump Angular,0,718.6
37b6de9f430e488b41b88304e9b80c1c,Localization Stability,TF,Jump Linear,0,718.6
37b6de9f430e488b41b88304e9b80c1c,Input Validity,Lidar,Lidar Rate,10,717.68
37b6de9f430e488b41b88304e9b80c1c,Input Validity,Odometry,Odometry Rate,50,717.68
37b6de9f430e488b41b88304e9b80c1c,Input Validity,TF,TF Rate,10,717.68
37b6de9f430e488b41b88304e9b80c1c,Localization Stability,TF,Jump Angular,0,718.7
37b6de9f430e488b41b88304e9b80c1c,Localization Stability,TF,Jump Linear,0,718.7
37b6de9f430e488b41b88304e9b80c1c,Input Validity,Lidar,Lidar Rate,10,717.78
37b6de9f430e488b41b88304e9b80c1c,Input Validity,Odometry,Odometry Rate,50,717.78
37b6de9f430e488b41b88304e9b80c1c,Input Validity,TF,TF Rate,10,717.78
37b6de9f430e488b41b88304e9b80c1c,Localization Stability,TF,Jump Angular,0,718.8
37b6de9f430e488b41b88304e9b80c1c,Localization Stability,TF,Jump Linear,0,718.8
37b6de9f430e488b41b88304e9b80c1c,Input Validity,Lidar,Lidar Rate,10,717.88
37b6de9f430e488b41b88304e9b80c1c,Input Validity,Odometry,Odometry Rate,50,717.88
37b6de9f430e488b41b88304e9b80c1c,Input Validity,TF,TF Rate,10,717.88
37b6de9f430e488b41b88304e9b80c1c,Localization Stability,TF,Jump Angular,0,718.9
37b6de9f430e488b41b88304e9b80c1c,Localization Stability,TF,Jump Linear,0,718.9
37b6de9f430e488b41b88304e9b80c1c,Input Validity,Lidar,Lidar Rate,10,717.98
37b6de9f430e488b41b88304e9b80c1c,Input Validity,Odometry,Odometry Rate,50,717.98
37b6de9f430e488b41b88304e9b80c1c,Input Validity,TF,TF Rate,10,717.98
37b6de9f430e488b41b88304e9b80c1c,Localization Stability,TF,Jump Angular,0,719
37b6de9f430e488b41b88304e9b80c1c,Localization Stability,TF,Jump Linear,0,719
37b6de9f430e488b41b88304e9b80c1c,Input Validity,Lidar,Lidar Rate,10,718.08
37b6de9f430e488b41b88304e9b80c1c,Input Validity,Odometry,Odometry Rate,50,718.08
37b6de9f430e488b41b88304e9b80c1c,Input Validity,TF,TF Rate,10,718.08
37b6de9f430e488b41b88304e9b80c1c,Localization Stability,TF,Jump Angular,0,719.1
37b6de9f430e488b41b88304e9b80c1c,Localization Stability,TF,Jump Linear,0,719.1
37b6de9f430e488b41b88304e9b80c1c,Input Validity,Lidar,Lidar Rate,10,718.18
37b6de9f430e488b41b88304e9b80c1c,Input Validity,Odometry,Odometry Rate,50,718.18
37b6de9f430e488b41b88304e9b80c1c,Input Validity,TF,TF Rate,10,718.18
37b6de9f430e488b41b88304e9b80c1c,Input Validity,Lidar,Lidar Rate,10,718.28
37b6de9f430e488b41b88304e9b80c1c,Input Validity,Odometry,Odometry Rate,50,718.28
37b6de9f430e488b41b88304e9b80c1c,Input Validity,TF,TF Rate,10,718.28
37b6de9f430e488b41b88304e9b80c1c,Localization Stability,TF,Jump Angular,0,719.2
37b6de9f430e488b41b88304e9b80c1c,Localization Stability,TF,Jump Linear,0,719.2
37b6de9f430e488b41b88304e9b80c1c,Localization Stability,TF,Jump Angular,0,719.3
37b6de9f430e488b41b88304e9b80c1c,Localization Stability,TF,Jump Linear,0,719.3
37b6de9f430e488b41b88304e9b80c1c,Input Validity,Lidar,Lidar Rate,10,718.38
37b6de9f430e488b41b88304e9b80c1c,Input Validity,Odometry,Odometry Rate,50,718.38
37b6de9f430e488b41b88304e9b80c1c,Input Validity,TF,TF Rate,10,718.38
37b6de9f430e488b41b88304e9b80c1c,Input Validity,Lidar,Lidar Rate,10,718.48
37b6de9f430e488b41b88304e9b80c1c,Input Validity,Odometry,Odometry Rate,50,718.48
37b6de9f430e488b41b88304e9b80c1c,Input Validity,TF,TF Rate,10,718.48
37b6de9f430e488b41b88304e9b80c1c,Localization Stability,TF,Jump Angular,0,719.4
37b6de9f430e488b41b88304e9b80c1c,Localization Stability,TF,Jump Linear,0,719.4
37b6de9f430e488b41b88304e9b80c1c,Localization Stability,TF,Jump Angular,0,719.5
37b6de9f430e488b41b88304e9b80c1c,Localization Stability,TF,Jump Linear,0,719.5
37b6de9f430e488b41b88304e9b80c1c,Input Validity,Lidar,Lidar Rate,10,718.58
37b6de9f430e488b41b88304e9b80c1c,Input Validity,Odometry,Odometry Rate,50,718.58
37b6de9f430e488b41b88304e9b80c1c,Input Validity,TF,TF Rate,10,718.58
37b6de9f430e488b41b88304e9b80c1c,Input Validity,Lidar,Lidar Rate,10,718.68
37b6de9f430e488b41b88304e9b80c1c,Input Validity,Odometry,Odometry Rate,50,718.68
37b6de9f430e488b41b88304e9b80c1c,Input Validity,TF,TF Rate,10,718.68
37b6de9f430e488b41b88304e9b80c1c,Localization Quality,AMCLPose,CovYawYaw,5.45506,718.6
37b6de9f430e488b41b88304e9b80c1c,Localization Quality,AMCLPose,CovYY,8.09879,718.6
37b6de9f430e488b41b88304e9b80c1c,Localization Quality,AMCLPose,CovXX,30.6677,718.6
37b6de9f430e488b41b88304e9b80c1c,Localization Quality,AMCLPose,MeanYaw,-1.22566,718.6
37b6de9f430e488b41b88304e9b80c1c,Localization Quality,AMCLPose,MeanY,0.16893,718.6
37b6de9f430e488b41b88304e9b80c1c,Localization Quality,AMCLPose,MeanX,-7.03928,718.6
37b6de9f430e488b41b88304e9b80c1c,Localization Stability,TF,Jump Angular,-0.341956,719.6
37b6de9f430e488b41b88304e9b80c1c,Localization Stability,TF,Jump Linear,3.67495,719.6
37b6de9f430e488b41b88304e9b80c1c,Localization Stability,TF,Jump Angular,0,719.7
37b6de9f430e488b41b88304e9b80c1c,Localization Stability,TF,Jump Linear,0,719.7
37b6de9f430e488b41b88304e9b80c1c,Input Validity,Lidar,Lidar Rate,10,718.78
37b6de9f430e488b41b88304e9b80c1c,Input Validity,Odometry,Odometry Rate,50,718.78
37b6de9f430e488b41b88304e9b80c1c,Input Validity,TF,TF Rate,10,718.78
37b6de9f430e488b41b88304e9b80c1c,Localization Stability,TF,Jump Angular,0,719.8
37b6de9f430e488b41b88304e9b80c1c,Localization Stability,TF,Jump Linear,0,719.8
37b6de9f430e488b41b88304e9b80c1c,Input Validity,Lidar,Lidar Rate,10,718.88
37b6de9f430e488b41b88304e9b80c1c,Input Validity,Odometry,Odometry Rate,50,718.88
37b6de9f430e488b41b88304e9b80c1c,Input Validity,TF,TF Rate,10,718.88
37b6de9f430e488b41b88304e9b80c1c,Localization Stability,TF,Jump Angular,0,719.9
37b6de9f430e488b41b88304e9b80c1c,Localization Stability,TF,Jump Linear,0,719.9
37b6de9f430e488b41b88304e9b80c1c,Input Validity,Lidar,Lidar Rate,10,718.98
37b6de9f430e488b41b88304e9b80c1c,Input Validity,Odometry,Odometry Rate,50,718.98
37b6de9f430e488b41b88304e9b80c1c,Input Validity,TF,TF Rate,10,718.98
37b6de9f430e488b41b88304e9b80c1c,Localization Stability,TF,Jump Angular,0,720
37b6de9f430e488b41b88304e9b80c1c,Localization Stability,TF,Jump Linear,0,720
37b6de9f430e488b41b88304e9b80c1c,Input Validity,Lidar,Lidar Rate,10,719.08
37b6de9f430e488b41b88304e9b80c1c,Input Validity,Odometry,Odometry Rate,50,719.08
37b6de9f430e488b41b88304e9b80c1c,Input Validity,TF,TF Rate,10,719.08
37b6de9f430e488b41b88304e9b80c1c,Localization Stability,TF,Jump Angular,0,720.1
37b6de9f430e488b41b88304e9b80c1c,Localization Stability,TF,Jump Linear,0,720.1
37b6de9f430e488b41b88304e9b80c1c,Input Validity,Lidar,Lidar Rate,10,719.18
37b6de9f430e488b41b88304e9b80c1c,Input Validity,Odometry,Odometry Rate,50,719.18
37b6de9f430e488b41b88304e9b80c1c,Input Validity,TF,TF Rate,10,719.18
37b6de9f430e488b41b88304e9b80c1c,Input Validity,Lidar,Lidar Rate,10,719.28
37b6de9f430e488b41b88304e9b80c1c,Input Validity,Odometry,Odometry Rate,50,719.28
37b6de9f430e488b41b88304e9b80c1c,Input Validity,TF,TF Rate,10,719.28
37b6de9f430e488b41b88304e9b80c1c,Localization Stability,TF,Jump Angular,0,720.2
37b6de9f430e488b41b88304e9b80c1c,Localization Stability,TF,Jump Linear,0,720.2
37b6de9f430e488b41b88304e9b80c1c,Input Validity,Lidar,Lidar Rate,10,719.37
37b6de9f430e488b41b88304e9b80c1c,Input Validity,Odometry,Odometry Rate,50,719.37
37b6de9f430e488b41b88304e9b80c1c,Input Validity,TF,TF Rate,10,719.37
37b6de9f430e488b41b88304e9b80c1c,Input Validity,Lidar,Lidar Rate,10,719.47
37b6de9f430e488b41b88304e9b80c1c,Input Validity,Odometry,Odometry Rate,50,719.47
37b6de9f430e488b41b88304e9b80c1c,Input Validity,TF,TF Rate,10,719.47
37b6de9f430e488b41b88304e9b80c1c,Localization Quality,AMCLPose,CovYawYaw,5.49147,719.3
37b6de9f430e488b41b88304e9b80c1c,Localization Quality,AMCLPose,CovYY,8.05608,719.3
37b6de9f430e488b41b88304e9b80c1c,Localization Quality,AMCLPose,CovXX,30.7571,719.3
37b6de9f430e488b41b88304e9b80c1c,Localization Quality,AMCLPose,MeanYaw,-0.573213,719.3
37b6de9f430e488b41b88304e9b80c1c,Localization Quality,AMCLPose,MeanY,-4.19153,719.3
37b6de9f430e488b41b88304e9b80c1c,Localization Quality,AMCLPose,MeanX,-5.9412,719.3
37b6de9f430e488b41b88304e9b80c1c,Localization Stability,TF,Jump Angular,0.652449,720.3
37b6de9f430e488b41b88304e9b80c1c,Localization Stability,TF,Jump Linear,7.18587,720.3
37b6de9f430e488b41b88304e9b80c1c,Localization Stability,TF,Jump Angular,0,720.4
37b6de9f430e488b41b88304e9b80c1c,Localization Stability,TF,Jump Linear,0,720.4
37b6de9f430e488b41b88304e9b80c1c,Input Validity,Lidar,Lidar Rate,10,719.57
37b6de9f430e488b41b88304e9b80c1c,Input Validity,Odometry,Odometry Rate,50,719.57
37b6de9f430e488b41b88304e9b80c1c,Input Validity,TF,TF Rate,10,719.57
37b6de9f430e488b41b88304e9b80c1c,Localization Stability,TF,Jump Angular,0,720.5
37b6de9f430e488b41b88304e9b80c1c,Localization Stability,TF,Jump Linear,0,720.5
37b6de9f430e488b41b88304e9b80c1c,Localization Stability,TF,Jump Angular,0,720.6
37b6de9f430e488b41b88304e9b80c1c,Localization Stability,TF,Jump Linear,0,720.6
37b6de9f430e488b41b88304e9b80c1c,Input Validity,Lidar,Lidar Rate,10,719.67
37b6de9f430e488b41b88304e9b80c1c,Input Validity,Odometry,Odometry Rate,50,719.67
37b6de9f430e488b41b88304e9b80c1c,Input Validity,TF,TF Rate,10,719.67
37b6de9f430e488b41b88304e9b80c1c,Localization Stability,TF,Jump Angular,0,720.7
37b6de9f430e488b41b88304e9b80c1c,Localization Stability,TF,Jump Linear,0,720.7
37b6de9f430e488b41b88304e9b80c1c,Input Validity,Lidar,Lidar Rate,10,719.77
37b6de9f430e488b41b88304e9b80c1c,Input Validity,Odometry,Odometry Rate,50,719.77
37b6de9f430e488b41b88304e9b80c1c,Input Validity,TF,TF Rate,10,719.77
37b6de9f430e488b41b88304e9b80c1c,Localization Stability,TF,Jump Angular,0,720.8
37b6de9f430e488b41b88304e9b80c1c,Localization Stability,TF,Jump Linear,0,720.8
37b6de9f430e488b41b88304e9b80c1c,Input Validity,Lidar,Lidar Rate,10,719.87
37b6de9f430e488b41b88304e9b80c1c,Input Validity,Odometry,Odometry Rate,50,719.87
37b6de9f430e488b41b88304e9b80c1c,Input Validity,TF,TF Rate,10,719.87
37b6de9f430e488b41b88304e9b80c1c,Input Validity,Lidar,Lidar Rate,10,719.97
37b6de9f430e488b41b88304e9b80c1c,Input Validity,Odometry,Odometry Rate,50,719.97
37b6de9f430e488b41b88304e9b80c1c,Input Validity,TF,TF Rate,10,719.97
37b6de9f430e488b41b88304e9b80c1c,Localization Stability,TF,Jump Angular,0,720.9
37b6de9f430e488b41b88304e9b80c1c,Localization Stability,TF,Jump Linear,0,720.9
37b6de9f430e488b41b88304e9b80c1c,Input Validity,Lidar,Lidar Rate,10,720.07
37b6de9f430e488b41b88304e9b80c1c,Input Validity,Odometry,Odometry Rate,50,720.07
37b6de9f430e488b41b88304e9b80c1c,Input Validity,TF,TF Rate,10,720.07
37b6de9f430e488b41b88304e9b80c1c,Input Validity,Lidar,Lidar Rate,10,720.17
37b6de9f430e488b41b88304e9b80c1c,Input Validity,Odometry,Odometry Rate,50,720.17
37b6de9f430e488b41b88304e9b80c1c,Input Validity,TF,TF Rate,10,720.17
37b6de9f430e488b41b88304e9b80c1c,Localization Quality,AMCLPose,CovYawYaw,5.30273,720
37b6de9f430e488b41b88304e9b80c1c,Localization Quality,AMCLPose,CovYY,7.96457,720
37b6de9f430e488b41b88304e9b80c1c,Localization Quality,AMCLPose,CovXX,31.2459,720
37b6de9f430e488b41b88304e9b80c1c,Localization Quality,AMCLPose,MeanYaw,0.144471,720
37b6de9f430e488b41b88304e9b80c1c,Localization Quality,AMCLPose,MeanY,-1.6754,720
37b6de9f430e488b41b88304e9b80c1c,Localization Quality,AMCLPose,MeanX,1.1151,720
37b6de9f430e488b41b88304e9b80c1c,Localization Stability,TF,Jump Angular,0.717684,721
37b6de9f430e488b41b88304e9b80c1c,Localization Stability,TF,Jump Linear,1.81744,721
37b6de9f430e488b41b88304e9b80c1c,Localization Stability,TF,Jump Angular,0,721.1
37b6de9f430e488b41b88304e9b80c1c,Localization Stability,TF,Jump Linear,0,721.1
37b6de9f430e488b41b88304e9b80c1c,Input Validity,Lidar,Lidar Rate,10,720.27
37b6de9f430e488b41b88304e9b80c1c,Input Validity,Odometry,Odometry Rate,50,720.27
37b6de9f430e488b41b88304e9b80c1c,Input Validity,TF,TF Rate,10,720.27
37b6de9f430e488b41b88304e9b80c1c,Localization Quality,AMCLPose,CovYawYaw,5.03631,720.2
37b6de9f430e488b41b88304e9b80c1c,Localization Quality,AMCLPose,CovYY,7.91897,720.2
37b6de9f430e488b41b88304e9b80c1c,Localization Quality,AMCLPose,CovXX,31.0332,720.2
37b6de9f430e488b41b88304e9b80c1c,Localization Quality,AMCLPose,MeanYaw,2.75218,720.2
37b6de9f430e488b41b88304e9b80c1c,Localization Quality,AMCLPose,MeanY,-1.89627,720.2
37b6de9f430e488b41b88304e9b80c1c,Localization Quality,AMCLPose,MeanX,8.60792,720.2
37b6de9f430e488b41b88304e9b80c1c,Localization Stability,TF,Jump Angular,2.54107,721.2
37b6de9f430e488b41b88304e9b80c1c,Localization Stability,TF,Jump Linear,29.4351,721.2
37b6de9f430e488b41b88304e9b80c1c,Input Validity,Lidar,Lidar Rate,10,720.37
37b6de9f430e488b41b88304e9b80c1c,Input Validity,Odometry,Odometry Rate,50,720.37
37b6de9f430e488b41b88304e9b80c1c,Input Validity,TF,TF Rate,10,720.37
37b6de9f430e488b41b88304e9b80c1c,Localization Stability,TF,Jump Angular,0,721.3
37b6de9f430e488b41b88304e9b80c1c,Localization Stability,TF,Jump Linear,0,721.3
37b6de9f430e488b41b88304e9b80c1c,Input Validity,Lidar,Lidar Rate,10,720.47
37b6de9f430e488b41b88304e9b80c1c,Input Validity,Odometry,Odometry Rate,50,720.47
37b6de9f430e488b41b88304e9b80c1c,Input Validity,TF,TF Rate,10,720.47
37b6de9f430e488b41b88304e9b80c1c,Localization Recovery,TTR,Kidnap Angle,1.41397,720.53
37b6de9f430e488b41b88304e9b80c1c,Localization Recovery,TTR,Kidnap Distance,2.55775,720.53
37b6de9f430e488b41b88304e9b80c1c,Localization Recovery,TTR,TTR Outcome,2,720.53
37b6de9f430e488b41b88304e9b80c1c,Localization Recovery,TTR,TTR,-1,720.53
37b6de9f430e488b41b88304e9b80c1c,Mission Outcome,Episode Event,Recoveries,0,720.53
37b6de9f430e488b41b88304e9b80c1c,Mission Outcome,Episode Event,Collisions,0,720.53
37b6de9f430e488b41b88304e9b80c1c,Mission Outcome,Episode Event,Navigation Time,14.39,720.53
37b6de9f430e488b41b88304e9b80c1c,Mission Outcome,Episode Event,Goal Result,2,720.53
37b6de9f430e488b41b88304e9b80c1c,Input Validity,AMCLPose,Pose Monotonicity,0,720.53
37b6de9f430e488b41b88304e9b80c1c,Input Validity,Lidar,Lidar Frame Mistmatch,0,720.53
37b6de9f430e488b41b88304e9b80c1c,Input Validity,Lidar,Lidar Monotonicity,0,720.53
37b6de9f430e488b41b88304e9b80c1c,Input Validity,Odometry,Odometry Frame Mismatch,0,720.53
37b6de9f430e488b41b88304e9b80c1c,Input Validity,Odometry,Odometry Monotonicity,0,720.53
37b6de9f430e488b41b88304e9b80c1c,Input Validity,TF,TF Gap Count,2,720.53
37b6de9f430e488b41b88304e9b80c1c,Input Validity,TF,TF Frame Drop,719,720.53
37b6de9f430e488b41b88304e9b80c1c,Input Validity,TF,TF Monotonicity,0,720.53
37b6de9f430e488b41b88304e9b80c1c,map,5.19734,-1.70174,32.2383,-2.475,-1.875,-173.171,2,FAILED,1,14.39,706.14,720.53,0.153571,0.256376,0.348958,0.229167,0.00785754,0.154747,0.4,255.16,960,1.76233,19.653,0.910511,0.12,1,719,0
fb3b53f7dc199cb088349d027eb2b85b,Localization Stability,TF,Jump Angular,0,728.9
fb3b53f7dc199cb088349d027eb2b85b,Localization Stability,TF,Jump Linear,0,728.9
fb3b53f7dc199cb088349d027eb2b85b,Input Validity,Lidar,Lidar Rate,10,728.03
fb3b53f7dc199cb088349d027eb2b85b,Input Validity,Odometry,Odometry Rate,50,728.03
fb3b53f7dc199cb088349d027eb2b85b,Input Validity,TF,TF Rate,10,728.03
fb3b53f7dc199cb088349d027eb2b85b,Localization Stability,TF,Jump Angular,0,729
fb3b53f7dc199cb088349d027eb2b85b,Localization Stability,TF,Jump Linear,0,729
fb3b53f7dc199cb088349d027eb2b85b,Input Validity,Lidar,Lidar Rate,10,728.13
fb3b53f7dc199cb088349d027eb2b85b,Input Validity,Odometry,Odometry Rate,50,728.13
fb3b53f7dc199cb088349d027eb2b85b,Input Validity,TF,TF Rate,10,728.13
fb3b53f7dc199cb088349d027eb2b85b,Input Validity,Lidar,Lidar Rate,10,728.23
fb3b53f7dc199cb088349d027eb2b85b,Input Validity,Odometry,Odometry Rate,50,728.23
fb3b53f7dc199cb088349d027eb2b85b,Input Validity,TF,TF Rate,10,728.23
fb3b53f7dc199cb088349d027eb2b85b,Input Validity,Lidar,Lidar Rate,10,728.33
fb3b53f7dc199cb088349d027eb2b85b,Input Validity,Odometry,Odometry Rate,50,728.33
fb3b53f7dc199cb088349d027eb2b85b,Input Validity,TF,TF Rate,10,728.33
fb3b53f7dc199cb088349d027eb2b85b,Localization Stability,TF,Jump Angular,0.000682841,729.1
fb3b53f7dc199cb088349d027eb2b85b,Localization Stability,TF,Jump Linear,0.0082374,729.1
fb3b53f7dc199cb088349d027eb2b85b,Input Validity,Lidar,Lidar Rate,10,728.42
fb3b53f7dc199cb088349d027eb2b85b,Input Validity,Odometry,Odometry Rate,50,728.42
fb3b53f7dc199cb088349d027eb2b85b,Input Validity,TF,TF Rate,10,728.42
fb3b53f7dc199cb088349d027eb2b85b,Localization Quality,AMCLPose,CovYawYaw,0.000377938,728.2
fb3b53f7dc199cb088349d027eb2b85b,Localization Quality,AMCLPose,CovYY,5.00736e-06,728.2
fb3b53f7dc199cb088349d027eb2b85b,Localization Quality,AMCLPose,CovXX,0.000391472,728.2
fb3b53f7dc199cb088349d027eb2b85b,Localization Quality,AMCLPose,MeanYaw,3.13496,728.2
fb3b53f7dc199cb088349d027eb2b85b,Localization Quality,AMCLPose,MeanY,-1.87519,728.2
fb3b53f7dc199cb088349d027eb2b85b,Localization Quality,AMCLPose,MeanX,-2.47696,728.2
fb3b53f7dc199cb088349d027eb2b85b,Localization Stability,TF,Jump Angular,0.000889549,729.2
fb3b53f7dc199cb088349d027eb2b85b,Localization Stability,TF,Jump Linear,0.010954,729.2
fb3b53f7dc199cb088349d027eb2b85b,Localization Quality,AMCLPose,CovYawYaw,0.00048167,728.3
fb3b53f7dc199cb088349d027eb2b85b,Localization Quality,AMCLPose,CovYY,5.13908e-06,728.3
fb3b53f7dc199cb088349d027eb2b85b,Localization Quality,AMCLPose,CovXX,0.000535792,728.3
fb3b53f7dc199cb088349d027eb2b85b,Localization Quality,AMCLPose,MeanYaw,3.06913,728.3
fb3b53f7dc199cb088349d027eb2b85b,Localization Quality,AMCLPose,MeanY,-1.8752,728.3
fb3b53f7dc199cb088349d027eb2b85b,Localization Quality,AMCLPose,MeanX,-2.4795,728.3
fb3b53f7dc199cb088349d027eb2b85b,Localization Stability,TF,Jump Angular,0.000796932,729.3
fb3b53f7dc199cb088349d027eb2b85b,Localization Stability,TF,Jump Linear,0.00966622,729.3
fb3b53f7dc199cb088349d027eb2b85b,Input Validity,Lidar,Lidar Rate,10,728.52
fb3b53f7dc199cb088349d027eb2b85b,Input Validity,Odometry,Odometry Rate,50,728.52
fb3b53f7dc199cb088349d027eb2b85b,Input Validity,TF,TF Rate,10,728.52
fb3b53f7dc199cb088349d027eb2b85b,Localization Quality,AMCLPose,CovYawYaw,0.000574995,728.4
fb3b53f7dc199cb088349d027eb2b85b,Localization Quality,AMCLPose,CovYY,6.59222e-06,728.4
fb3b53f7dc199cb088349d027eb2b85b,Localization Quality,AMCLPose,CovXX,0.000677959,728.4
fb3b53f7dc199cb088349d027eb2b85b,Localization Quality,AMCLPose,MeanYaw,3.0048,728.4
fb3b53f7dc199cb088349d027eb2b85b,Localization Quality,AMCLPose,MeanY,-1.87472,728.4
fb3b53f7dc199cb088349d027eb2b85b,Localization Quality,AMCLPose,MeanX,-2.48769,728.4
fb3b53f7dc199cb088349d027eb2b85b,Localization Stability,TF,Jump Angular,-4.44086e-05,729.4
fb3b53f7dc199cb088349d027eb2b85b,Localization Stability,TF,Jump Linear,0.00099246,729.4
fb3b53f7dc199cb088349d027eb2b85b,Localization Quality,AMCLPose,CovYawYaw,0.000577716,728.5
fb3b53f7dc199cb088349d027eb2b85b,Localization Quality,AMCLPose,CovYY,1.05312e-05,728.5
fb3b53f7dc199cb088349d027eb2b85b,Localization Quality,AMCLPose,CovXX,0.000729029,728.5
fb3b53f7dc199cb088349d027eb2b85b,Localization Quality,AMCLPose,MeanYaw,2.94158,728.5
fb3b53f7dc199cb088349d027eb2b85b,Localization Quality,AMCLPose,MeanY,-1.87233,728.5
fb3b53f7dc199cb088349d027eb2b85b,Localization Quality,AMCLPose,MeanX,-2.50391,728.5
fb3b53f7dc199cb088349d027eb2b85b,Localization Stability,TF,Jump Angular,0.00106454,729.5
fb3b53f7dc199cb088349d027eb2b85b,Localization Stability,TF,Jump Linear,0.012939,729.5
fb3b53f7dc199cb088349d027eb2b85b,Input Validity,Lidar,Lidar Rate,10,728.62
fb3b53f7dc199cb088349d027eb2b85b,Input Validity,Odometry,Odometry Rate,50,728.62
fb3b53f7dc199cb088349d027eb2b85b,Input Validity,TF,TF Rate,10,728.62
fb3b53f7dc199cb088349d027eb2b85b,Localization Quality,AMCLPose,CovYawYaw,0.000557957,728.6
fb3b53f7dc199cb088349d027eb2b85b,Localization Quality,AMCLPose,CovYY,1.82529e-05,728.6
fb3b53f7dc199cb088349d027eb2b85b,Localization Quality,AMCLPose,CovXX,0.000808156,728.6
fb3b53f7dc199cb088349d027eb2b85b,Localization Quality,AMCLPose,MeanYaw,2.87858,728.6
fb3b53f7dc199cb088349d027eb2b85b,Localization Quality,AMCLPose,MeanY,-1.86725,728.6
fb3b53f7dc199cb088349d027eb2b85b,Localization Quality,AMCLPose,MeanX,-2.52595,728.6
fb3b53f7dc199cb088349d027eb2b85b,Localization Stability,TF,Jump Angular,-2.11594e-05,729.6
fb3b53f7dc199cb088349d027eb2b85b,Localization Stability,TF,Jump Linear,0.000849939,729.6
fb3b53f7dc199cb088349d027eb2b85b,Input Validity,Lidar,Lidar Rate,10,728.72
fb3b53f7dc199cb088349d027eb2b85b,Input Validity,Odometry,Odometry Rate,50,728.72
fb3b53f7dc199cb088349d027eb2b85b,Input Validity,TF,TF Rate,10,728.72
fb3b53f7dc199cb088349d027eb2b85b,Localization Quality,AMCLPose,CovYawYaw,0.00057549,728.7
fb3b53f7dc199cb088349d027eb2b85b,Localization Quality,AMCLPose,CovYY,3.10354e-05,728.7
fb3b53f7dc199cb088349d027eb2b85b,Localization Quality,AMCLPose,CovXX,0.000846407,728.7
fb3b53f7dc199cb088349d027eb2b85b,Localization Quality,AMCLPose,MeanYaw,2.81998,728.7
fb3b53f7dc199cb088349d027eb2b85b,Localization Quality,AMCLPose,MeanY,-1.8589,728.7
fb3b53f7dc199cb088349d027eb2b85b,Localization Quality,AMCLPose,MeanX,-2.55364,728.7
fb3b53f7dc199cb088349d027eb2b85b,Localization Stability,TF,Jump Angular,-6.36654e-05,729.7
fb3b53f7dc199cb088349d027eb2b85b,Localization Stability,TF,Jump Linear,0.000795654,729.7
fb3b53f7dc199cb088349d027eb2b85b,Input Validity,Lidar,Lidar Rate,10,728.82
fb3b53f7dc199cb088349d027eb2b85b,Input Validity,Odometry,Odometry Rate,50,728.82
fb3b53f7dc199cb088349d027eb2b85b,Input Validity,TF,TF Rate,10,728.82
fb3b53f7dc199cb088349d027eb2b85b,Localization Quality,AMCLPose,CovYawYaw,0.000719265,728.8
fb3b53f7dc199cb088349d027eb2b85b,Localization Quality,AMCLPose,CovYY,5.1233e-05,728.8
fb3b53f7dc199cb088349d027eb2b85b,Localization Quality,AMCLPose,CovXX,0.00076871,728.8
fb3b53f7dc199cb088349d027eb2b85b,Localization Quality,AMCLPose,MeanYaw,2.7635,728.8
fb3b53f7dc199cb088349d027eb2b85b,Localization Quality,AMCLPose,MeanY,-1.84591,728.8
fb3b53f7dc199cb088349d027eb2b85b,Localization Quality,AMCLPose,MeanX,-2.5903,728.8
fb3b53f7dc199cb088349d027eb2b85b,Localization Stability,TF,Jump Angular,-0.00192974,729.8
fb3b53f7dc199cb088349d027eb2b85b,Localization Stability,TF,Jump Linear,0.0280342,729.8
fb3b53f7dc199cb088349d027eb2b85b,Input Validity,Lidar,Lidar Rate,10,728.92
fb3b53f7dc199cb088349d027eb2b85b,Input Validity,Odometry,Odometry Rate,50,728.92
fb3b53f7dc199cb088349d027eb2b85b,Input Validity,TF,TF Rate,10,728.92
fb3b53f7dc199cb088349d027eb2b85b,Localization Quality,AMCLPose,CovYawYaw,0.000847141,728.9
fb3b53f7dc199cb088349d027eb2b85b,Localization Quality,AMCLPose,CovYY,7.33457e-05,728.9
fb3b53f7dc199cb088349d027eb2b85b,Localization Quality,AMCLPose,CovXX,0.00077802,728.9
fb3b53f7dc199cb088349d027eb2b85b,Localization Quality,AMCLPose,MeanYaw,2.71102,728.9
fb3b53f7dc199cb088349d027eb2b85b,Localization Quality,AMCLPose,MeanY,-1.82876,728.9
fb3b53f7dc199cb088349d027eb2b85b,Localization Quality,AMCLPose,MeanX,-2.63104,728.9
fb3b53f7dc199cb088349d027eb2b85b,Localization Stability,TF,Jump Angular,-0.00174695,729.9
fb3b53f7dc199cb088349d027eb2b85b,Localization Stability,TF,Jump Linear,0.0244998,729.9
fb3b53f7dc199cb088349d027eb2b85b,Input Validity,Lidar,Lidar Rate,10,729.02
fb3b53f7dc199cb088349d027eb2b85b,Input Validity,Odometry,Odometry Rate,50,729.02
fb3b53f7dc199cb088349d027eb2b85b,Input Validity,TF,TF Rate,10,729.02
fb3b53f7dc199cb088349d027eb2b85b,Localization Stability,TF,Jump Angular,0,730
fb3b53f7dc199cb088349d027eb2b85b,Localization Stability,TF,Jump Linear,0,730
fb3b53f7dc199cb088349d027eb2b85b,Input Validity,Lidar,Lidar Rate,10,729.12
fb3b53f7dc199cb088349d027eb2b85b,Input Validity,Odometry,Odometry Rate,50,729.12
fb3b53f7dc199cb088349d027eb2b85b,Input Validity,TF,TF Rate,10,729.12
fb3b53f7dc199cb088349d027eb2b85b,Localization Quality,AMCLPose,CovYawYaw,0.00156237,729.1
fb3b53f7dc199cb088349d027eb2b85b,Localization Quality,AMCLPose,CovYY,0.000196925,729.1
fb3b53f7dc199cb088349d027eb2b85b,Localization Quality,AMCLPose,CovXX,0.00100066,729.1
fb3b53f7dc199cb088349d027eb2b85b,Localization Quality,AMCLPose,MeanYaw,2.62229,729.1
fb3b53f7dc199cb088349d027eb2b85b,Localization Quality,AMCLPose,MeanY,-1.78687,729.1
fb3b53f7dc199cb088349d027eb2b85b,Localization Quality,AMCLPose,MeanX,-2.71328,729.1
fb3b53f7dc199cb088349d027eb2b85b,Localization Stability,TF,Jump Angular,-0.00436821,730.1
fb3b53f7dc199cb088349d027eb2b85b,Localization Stability,TF,Jump Linear,0.0605287,730.1
fb3b53f7dc199cb088349d027eb2b85b,Input Validity,Lidar,Lidar Rate,10,729.22
fb3b53f7dc199cb088349d027eb2b85b,Input Validity,Odometry,Odometry Rate,50,729.22
fb3b53f7dc199cb088349d027eb2b85b,Input Validity,TF,TF Rate,10,729.22
fb3b53f7dc199cb088349d027eb2b85b,Localization Stability,TF,Jump Angular,0,730.2
fb3b53f7dc199cb088349d027eb2b85b,Localization Stability,TF,Jump Linear,0,730.2
fb3b53f7dc199cb088349d027eb2b85b,Input Validity,Lidar,Lidar Rate,10,729.32
fb3b53f7dc199cb088349d027eb2b85b,Input Validity,Odometry,Odometry Rate,50,729.32
fb3b53f7dc199cb088349d027eb2b85b,Input Validity,TF,TF Rate,10,729.32
fb3b53f7dc199cb088349d027eb2b85b,Localization Quality,AMCLPose,CovYawYaw,0.00196417,729.3
fb3b53f7dc199cb088349d027eb2b85b,Localization Quality,AMCLPose,CovYY,0.000373734,729.3
fb3b53f7dc199cb088349d027eb2b85b,Localization Quality,AMCLPose,CovXX,0.00148154,729.3
fb3b53f7dc199cb088349d027eb2b85b,Localization Quality,AMCLPose,MeanYaw,2.56325,729.3
fb3b53f7dc199cb088349d027eb2b85b,Localization Quality,AMCLPose,MeanY,-1.74077,729.3
fb3b53f7dc199cb088349d027eb2b85b,Localization Quality,AMCLPose,MeanX,-2.79124,729.3
fb3b53f7dc199cb088349d027eb2b85b,Localization Stability,TF,Jump Angular,0.0154554,730.3
fb3b53f7dc199cb088349d027eb2b85b,Localization Stability,TF,Jump Linear,0.208131,730.3
fb3b53f7dc199cb088349d027eb2b85b,Input Validity,Lidar,Lidar Rate,10,729.42
fb3b53f7dc199cb088349d027eb2b85b,Input Validity,Odometry,Odometry Rate,50,729.42
fb3b53f7dc199cb088349d027eb2b85b,Input Validity,TF,TF Rate,10,729.42
fb3b53f7dc199cb088349d027eb2b85b,Localization Stability,TF,Jump Angular,0,730.4
fb3b53f7dc199cb088349d027eb2b85b,Localization Stability,TF,Jump Linear,0,730.4
fb3b53f7dc199cb088349d027eb2b85b,Input Validity,Lidar,Lidar Rate,10,729.52
fb3b53f7dc199cb088349d027eb2b85b,Input Validity,Odometry,Odometry Rate,50,729.52
fb3b53f7dc199cb088349d027eb2b85b,Input Validity,TF,TF Rate,10,729.52
fb3b53f7dc199cb088349d027eb2b85b,Localization Quality,AMCLPose,CovYawYaw,0.00238963,729.5
fb3b53f7dc199cb088349d027eb2b85b,Localization Quality,AMCLPose,CovYY,0.000595554,729.5
fb3b53f7dc199cb088349d027eb2b85b,Localization Quality,AMCLPose,CovXX,0.00182159,729.5
fb3b53f7dc199cb088349d027eb2b85b,Localization Quality,AMCLPose,MeanYaw,2.51035,729.5
fb3b53f7dc199cb088349d027eb2b85b,Localization Quality,AMCLPose,MeanY,-1.69014,729.5
fb3b53f7dc199cb088349d027eb2b85b,Localization Quality,AMCLPose,MeanX,-2.86629,729.5
fb3b53f7dc199cb088349d027eb2b85b,Localization Stability,TF,Jump Angular,0.0119566,730.5
fb3b53f7dc199cb088349d027eb2b85b,Localization Stability,TF,Jump Linear,0.161951,730.5
fb3b53f7dc199cb088349d027eb2b85b,Input Validity,Lidar,Lidar Rate,10,729.62
fb3b53f7dc199cb088349d027eb2b85b,Input Validity,Odometry,Odometry Rate,50,729.62
fb3b53f7dc199cb088349d027eb2b85b,Input Validity,TF,TF Rate,10,729.62
fb3b53f7dc199cb088349d027eb2b85b,Localization Stability,TF,Jump Angular,0,730.6
fb3b53f7dc199cb088349d027eb2b85b,Localization Stability,TF,Jump Linear,0,730.6
fb3b53f7dc199cb088349d027eb2b85b,Input Validity,Lidar,Lidar Rate,10,729.72
fb3b53f7dc199cb088349d027eb2b85b,Input Validity,Odometry,Odometry Rate,50,729.72
fb3b53f7dc199cb088349d027eb2b85b,Input Validity,TF,TF Rate,10,729.72
fb3b53f7dc199cb088349d027eb2b85b,Localization Quality,AMCLPose,CovYawYaw,0.00287941,729.7
fb3b53f7dc199cb088349d027eb2b85b,Localization Quality,AMCLPose,CovYY,0.000924643,729.7
fb3b53f7dc199cb088349d027eb2b85b,Localization Quality,AMCLPose,CovXX,0.00212453,729.7
fb3b53f7dc199cb088349d027eb2b85b,Localization Quality,AMCLPose,MeanYaw,2.45583,729.7
fb3b53f7dc199cb088349d027eb2b85b,Localization Quality,AMCLPose,MeanY,-1.63482,729.7
fb3b53f7dc199cb088349d027eb2b85b,Localization Quality,AMCLPose,MeanX,-2.93679,729.7
fb3b53f7dc199cb088349d027eb2b85b,Localization Stability,TF,Jump Angular,0.00092285,730.7
fb3b53f7dc199cb088349d027eb2b85b,Localization Stability,TF,Jump Linear,0.0133123,730.7
fb3b53f7dc199cb088349d027eb2b85b,Input Validity,Lidar,Lidar Rate,10,729.82
fb3b53f7dc199cb088349d027eb2b85b,Input Validity,Odometry,Odometry Rate,50,729.82
fb3b53f7dc199cb088349d027eb2b85b,Input Validity,TF,TF Rate,10,729.82
fb3b53f7dc199cb088349d027eb2b85b,Localization Stability,TF,Jump Angular,0,730.8
fb3b53f7dc199cb088349d027eb2b85b,Localization Stability,TF,Jump Linear,0,730.8
fb3b53f7dc199cb088349d027eb2b85b,Input Validity,Lidar,Lidar Rate,10,729.92
fb3b53f7dc199cb088349d027eb2b85b,Input Validity,Odometry,Odometry Rate,50,729.92
fb3b53f7dc199cb088349d027eb2b85b,Input Validity,TF,TF Rate,10,729.92
fb3b53f7dc199cb088349d027eb2b85b,Localization Stability,TF,Jump Angular,0,730.9
fb3b53f7dc199cb088349d027eb2b85b,Localization Stability,TF,Jump Linear,0,730.9
fb3b53f7dc199cb088349d027eb2b85b,Input Validity,Lidar,Lidar Rate,10,730.02
fb3b53f7dc199cb088349d027eb2b85b,Input Validity,Odometry,Odometry Rate,50,730.02
fb3b53f7dc199cb088349d027eb2b85b,Input Validity,TF,TF Rate,10,730.02
fb3b53f7dc199cb088349d027eb2b85b,Localization Quality,AMCLPose,CovYawYaw,0.0041294,730
fb3b53f7dc199cb088349d027eb2b85b,Localization Quality,AMCLPose,CovYY,0.00147509,730
fb3b53f7dc199cb088349d027eb2b85b,Localization Quality,AMCLPose,CovXX,0.00275609,730
fb3b53f7dc199cb088349d027eb2b85b,Localization Quality,AMCLPose,MeanYaw,2.39581,730
fb3b53f7dc199cb088349d027eb2b85b,Localization Quality,AMCLPose,MeanY,-1.54582,730
fb3b53f7dc199cb088349d027eb2b85b,Localization Quality,AMCLPose,MeanX,-3.03578,730
fb3b53f7dc199cb088349d027eb2b85b,Localization Stability,TF,Jump Angular,-0.00363105,731
fb3b53f7dc199cb088349d027eb2b85b,Localization Stability,TF,Jump Linear,0.0483235,731
fb3b53f7dc199cb088349d027eb2b85b,Input Validity,Lidar,Lidar Rate,10,730.12
fb3b53f7dc199cb088349d027eb2b85b,Input Validity,Odometry,Odometry Rate,50,730.12
fb3b53f7dc199cb088349d027eb2b85b,Input Validity,TF,TF Rate,10,730.12
fb3b53f7dc199cb088349d027eb2b85b,Localization Stability,TF,Jump Angular,0,731.1
fb3b53f7dc199cb088349d027eb2b85b,Localization Stability,TF,Jump Linear,0,731.1
fb3b53f7dc199cb088349d027eb2b85b,Input Validity,Lidar,Lidar Rate,10,730.21
fb3b53f7dc199cb088349d027eb2b85b,Input Validity,Odometry,Odometry Rate,50,730.21
fb3b53f7dc199cb088349d027eb2b85b,Input Validity,TF,TF Rate,10,730.21
fb3b53f7dc199cb088349d027eb2b85b,Localization Stability,TF,Jump Angular,0,731.2
fb3b53f7dc199cb088349d027eb2b85b,Localization Stability,TF,Jump Linear,0,731.2
fb3b53f7dc199cb088349d027eb2b85b,Input Validity,Lidar,Lidar Rate,10,730.31
fb3b53f7dc199cb088349d027eb2b85b,Input Validity,Odometry,Odometry Rate,50,730.31
fb3b53f7dc199cb088349d027eb2b85b,Input Validity,TF,TF Rate,10,730.31
fb3b53f7dc199cb088349d027eb2b85b,Localization Quality,AMCLPose,CovYawYaw,0.00555352,730.3
fb3b53f7dc199cb088349d027eb2b85b,Localization Quality,AMCLPose,CovYY,0.00205162,730.3
fb3b53f7dc199cb088349d027eb2b85b,Localization Quality,AMCLPose,CovXX,0.00329372,730.3
fb3b53f7dc199cb088349d027eb2b85b,Localization Quality,AMCLPose,MeanYaw,2.38503,730.3
fb3b53f7dc199cb088349d027eb2b85b,Localization Quality,AMCLPose,MeanY,-1.45402,730.3
fb3b53f7dc199cb088349d027eb2b85b,Localization Quality,AMCLPose,MeanX,-3.13377,730.3
fb3b53f7dc199cb088349d027eb2b85b,Localization Stability,TF,Jump Angular,-0.00740869,731.3
fb3b53f7dc199cb088349d027eb2b85b,Localization Stability,TF,Jump Linear,0.103252,731.3
fb3b53f7dc199cb088349d027eb2b85b,Input Validity,Lidar,Lidar Rate,10,730.41
fb3b53f7dc199cb088349d027eb2b85b,Input Validity,Odometry,Odometry Rate,50,730.41
fb3b53f7dc199cb088349d027eb2b85b,Input Validity,TF,TF Rate,10,730.41
fb3b53f7dc199cb088349d027eb2b85b,Localization Stability,TF,Jump Angular,0,731.4
fb3b53f7dc199cb088349d027eb2b85b,Localization Stability,TF,Jump Linear,0,731.4
fb3b53f7dc199cb088349d027eb2b85b,Input Validity,Lidar,Lidar Rate,10,730.51
fb3b53f7dc199cb088349d027eb2b85b,Input Validity,Odometry,Odometry Rate,50,730.51
fb3b53f7dc199cb088349d027eb2b85b,Input Validity,TF,TF Rate,10,730.51
fb3b53f7dc199cb088349d027eb2b85b,Localization Stability,TF,Jump Angular,0,731.5
fb3b53f7dc199cb088349d027eb2b85b,Localization Stability,TF,Jump Linear,0,731.5
fb3b53f7dc199cb088349d027eb2b85b,Input Validity,Lidar,Lidar Rate,10,730.61
fb3b53f7dc199cb088349d027eb2b85b,Input Validity,Odometry,Odometry Rate,50,730.61
fb3b53f7dc199cb088349d027eb2b85b,Input Validity,TF,TF Rate,10,730.61
fb3b53f7dc199cb088349d027eb2b85b,Localization Quality,AMCLPose,CovYawYaw,0.00621518,730.6
fb3b53f7dc199cb088349d027eb2b85b,Localization Quality,AMCLPose,CovYY,0.00276073,730.6
fb3b53f7dc199cb088349d027eb2b85b,Localization Quality,AMCLPose,CovXX,0.0039292,730.6
fb3b53f7dc199cb088349d027eb2b85b,Localization Quality,AMCLPose,MeanYaw,2.38208,730.6
fb3b53f7dc199cb088349d027eb2b85b,Localization Quality,AMCLPose,MeanY,-1.35796,730.6
fb3b53f7dc199cb088349d027eb2b85b,Localization Quality,AMCLPose,MeanX,-3.23286,730.6
fb3b53f7dc199cb088349d027eb2b85b,Localization Stability,TF,Jump Angular,-0.00501132,731.6
fb3b53f7dc199cb088349d027eb2b85b,Localization Stability,TF,Jump Linear,0.0699347,731.6
fb3b53f7dc199cb088349d027eb2b85b,Input Validity,Lidar,Lidar Rate,10,730.71
fb3b53f7dc199cb088349d027eb2b85b,Input Validity,Odometry,Odometry Rate,50,730.71
fb3b53f7dc199cb088349d027eb2b85b,Input Validity,TF,TF Rate,10,730.71
fb3b53f7dc199cb088349d027eb2b85b,Localization Stability,TF,Jump Angular,0,731.7
fb3b53f7dc199cb088349d027eb2b85b,Localization Stability,TF,Jump Linear,0,731.7
fb3b53f7dc199cb088349d027eb2b85b,Input Validity,Lidar,Lidar Rate,10,730.81
fb3b53f7dc199cb088349d027eb2b85b,Input Validity,Odometry,Odometry Rate,50,730.81
fb3b53f7dc199cb088349d027eb2b85b,Input Validity,TF,TF Rate,10,730.81
fb3b53f7dc199cb088349d027eb2b85b,Localization Stability,TF,Jump Angular,0,731.8
fb3b53f7dc199cb088349d027eb2b85b,Localization Stability,TF,Jump Linear,0,731.8
fb3b53f7dc199cb088349d027eb2b85b,Input Validity,Lidar,Lidar Rate,10,730.91
fb3b53f7dc199cb088349d027eb2b85b,Input Validity,Odometry,Odometry Rate,50,730.91
fb3b53f7dc199cb088349d027eb2b85b,Input Validity,TF,TF Rate,10,730.91
fb3b53f7dc199cb088349d027eb2b85b,Input Validity,Lidar,Lidar Rate,10,731.01
fb3b53f7dc199cb088349d027eb2b85b,Input Validity,Odometry,Odometry Rate,50,731.01
fb3b53f7dc199cb088349d027eb2b85b,Input Validity,TF,TF Rate,10,731.01
fb3b53f7dc199cb088349d027eb2b85b,Localization Quality,AMCLPose,CovYawYaw,0.00727356,730.9
fb3b53f7dc199cb088349d027eb2b85b,Localization Quality,AMCLPose,CovYY,0.00363106,730.9
fb3b53f7dc199cb088349d027eb2b85b,Localization Quality,AMCLPose,CovXX,0.00432281,730.9
fb3b53f7dc199cb088349d027eb2b85b,Localization Quality,AMCLPose,MeanYaw,2.3841,730.9
fb3b53f7dc199cb088349d027eb2b85b,Localization Quality,AMCLPose,MeanY,-1.26189,730.9
fb3b53f7dc199cb088349d027eb2b85b,Localization Quality,AMCLPose,MeanX,-3.33147,730.9
fb3b53f7dc199cb088349d027eb2b85b,Localization Stability,TF,Jump Angular,-0.00859669,731.9
fb3b53f7dc199cb088349d027eb2b85b,Localization Stability,TF,Jump Linear,0.121287,731.9
fb3b53f7dc199cb088349d027eb2b85b,Localization Stability,TF,Jump Angular,0,732
fb3b53f7dc199cb088349d027eb2b85b,Localization Stability,TF,Jump Linear,0,732
fb3b53f7dc199cb088349d027eb2b85b,Input Validity,Lidar,Lidar Rate,10,731.11
fb3b53f7dc199cb088349d027eb2b85b,Input Validity,Odometry,Odometry Rate,50,731.11
fb3b53f7dc199cb088349d027eb2b85b,Input Validity,TF,TF Rate,10,731.11
fb3b53f7dc199cb088349d027eb2b85b,Localization Stability,TF,Jump Angular,0,732.1
fb3b53f7dc199cb088349d027eb2b85b,Localization Stability,TF,Jump Linear,0,732.1
fb3b53f7dc199cb088349d027eb2b85b,Input Validity,Lidar,Lidar Rate,10,731.21
fb3b53f7dc199cb088349d027eb2b85b,Input Validity,Odometry,Odometry Rate,50,731.21
fb3b53f7dc199cb088349d027eb2b85b,Input Validity,TF,TF Rate,10,731.21
fb3b53f7dc199cb088349d027eb2b85b,Localization Quality,AMCLPose,CovYawYaw,0.00776545,731.2
fb3b53f7dc199cb088349d027eb2b85b,Localization Quality,AMCLPose,CovYY,0.0045923,731.2
fb3b53f7dc199cb088349d027eb2b85b,Localization Quality,AMCLPose,CovXX,0.00471928,731.2
fb3b53f7dc199cb088349d027eb2b85b,Localization Quality,AMCLPose,MeanYaw,2.38297,731.2
fb3b53f7dc199cb088349d027eb2b85b,Localization Quality,AMCLPose,MeanY,-1.16569,731.2
fb3b53f7dc199cb088349d027eb2b85b,Localization Quality,AMCLPose,MeanX,-3.42986,731.2
fb3b53f7dc199cb088349d027eb2b85b,Localization Stability,TF,Jump Angular,-0.0062326,732.2
fb3b53f7dc199cb088349d027eb2b85b,Localization Stability,TF,Jump Linear,0.0880259,732.2
fb3b53f7dc199cb088349d027eb2b85b,Input Validity,Lidar,Lidar Rate,10,731.31
fb3b53f7dc199cb088349d027eb2b85b,Input Validity,Odometry,Odometry Rate,50,731.31
fb3b53f7dc199cb088349d027eb2b85b,Input Validity,TF,TF Rate,10,731.31
fb3b53f7dc199cb088349d027eb2b85b,Localization Stability,TF,Jump Angular,0,732.3
fb3b53f7dc199cb088349d027eb2b85b,Localization Stability,TF,Jump Linear,0,732.3
fb3b53f7dc199cb088349d027eb2b85b,Input Validity,Lidar,Lidar Rate,10,731.41
fb3b53f7dc199cb088349d027eb2b85b,Input Validity,Odometry,Odometry Rate,50,731.41
fb3b53f7dc199cb088349d027eb2b85b,Input Validity,TF,TF Rate,10,731.41
fb3b53f7dc199cb088349d027eb2b85b,Localization Stability,TF,Jump Angular,0,732.4
fb3b53f7dc199cb088349d027eb2b85b,Localization Stability,TF,Jump Linear,0,732.4
fb3b53f7dc199cb088349d027eb2b85b,Input Validity,Lidar,Lidar Rate,10,731.51
fb3b53f7dc199cb088349d027eb2b85b,Input Validity,Odometry,Odometry Rate,50,731.51
fb3b53f7dc199cb088349d027eb2b85b,Input Validity,TF,TF Rate,10,731.51
fb3b53f7dc199cb088349d027eb2b85b,Input Validity,Lidar,Lidar Rate,10,731.61
fb3b53f7dc199cb088349d027eb2b85b,Input Validity,Odometry,Odometry Rate,50,731.61
fb3b53f7dc199cb088349d027eb2b85b,Input Validity,TF,TF Rate,10,731.61
fb3b53f7dc199cb088349d027eb2b85b,Localization Quality,AMCLPose,CovYawYaw,0.00901463,731.5
fb3b53f7dc199cb088349d027eb2b85b,Localization Quality,AMCLPose,CovYY,0.00585208,731.5
fb3b53f7dc199cb088349d027eb2b85b,Localization Quality,AMCLPose,CovXX,0.00563664,731.5
fb3b53f7dc199cb088349d027eb2b85b,Localization Quality,AMCLPose,MeanYaw,2.38557,731.5
fb3b53f7dc199cb088349d027eb2b85b,Localization Quality,AMCLPose,MeanY,-1.07065,731.5
fb3b53f7dc199cb088349d027eb2b85b,Localization Quality,AMCLPose,MeanX,-3.5291,731.5
fb3b53f7dc199cb088349d027eb2b85b,Localization Stability,TF,Jump Angular,-0.00404944,732.5
fb3b53f7dc199cb088349d027eb2b85b,Localization Stability,TF,Jump Linear,0.0585288,732.5
fb3b53f7dc199cb088349d027eb2b85b,Localization Stability,TF,Jump Angular,0,732.6
fb3b53f7dc199cb088349d027eb2b85b,Localization Stability,TF,Jump Linear,0,732.6
fb3b53f7dc199cb088349d027eb2b85b,Input Validity,Lidar,Lidar Rate,10,731.71
fb3b53f7dc199cb088349d027eb2b85b,Input Validity,Odometry,Odometry Rate,50,731.71
fb3b53f7dc199cb088349d027eb2b85b,Input Validity,TF,TF Rate,10,731.71
fb3b53f7dc199cb088349d027eb2b85b,Localization Stability,TF,Jump Angular,0,732.7
fb3b53f7dc199cb088349d027eb2b85b,Localization Stability,TF,Jump Linear,0,732.7
fb3b53f7dc199cb088349d027eb2b85b,Input Validity,Lidar,Lidar Rate,10,731.8
fb3b53f7dc199cb088349d027eb2b85b,Input Validity,Odometry,Odometry Rate,50,731.8
fb3b53f7dc199cb088349d027eb2b85b,Input Validity,TF,TF Rate,10,731.8
fb3b53f7dc199cb088349d027eb2b85b,Localization Quality,AMCLPose,CovYawYaw,0.0105931,731.8
fb3b53f7dc199cb088349d027eb2b85b,Localization Quality,AMCLPose,CovYY,0.00679381,731.8
fb3b53f7dc199cb088349d027eb2b85b,Localization Quality,AMCLPose,CovXX,0.00642917,731.8
fb3b53f7dc199cb088349d027eb2b85b,Localization Quality,AMCLPose,MeanYaw,2.39085,731.8
fb3b53f7dc199cb088349d027eb2b85b,Localization Quality,AMCLPose,MeanY,-0.975749,731.8
fb3b53f7dc199cb088349d027eb2b85b,Localization Quality,AMCLPose,MeanX,-3.62994,731.8
fb3b53f7dc199cb088349d027eb2b85b,Localization Stability,TF,Jump Angular,-0.00239838,732.8
fb3b53f7dc199cb088349d027eb2b85b,Localization Stability,TF,Jump Linear,0.0359171,732.8
fb3b53f7dc199cb088349d027eb2b85b,Input Validity,Lidar,Lidar Rate,10,731.9
fb3b53f7dc199cb088349d027eb2b85b,Input Validity,Odometry,Odometry Rate,50,731.9
fb3b53f7dc199cb088349d027eb2b85b,Input Validity,TF,TF Rate,10,731.9
fb3b53f7dc199cb088349d027eb2b85b,Localization Stability,TF,Jump Angular,0,732.9
fb3b53f7dc199cb088349d027eb2b85b,Localization Stability,TF,Jump Linear,0,732.9
fb3b53f7dc199cb088349d027eb2b85b,Input Validity,Lidar,Lidar Rate,10,732
fb3b53f7dc199cb088349d027eb2b85b,Input Validity,Odometry,Odometry Rate,50,732
fb3b53f7dc199cb088349d027eb2b85b,Input Validity,TF,TF Rate,10,732
fb3b53f7dc199cb088349d027eb2b85b,Localization Stability,TF,Jump Angular,0,733
fb3b53f7dc199cb088349d027eb2b85b,Localization Stability,TF,Jump Linear,0,733
fb3b53f7dc199cb088349d027eb2b85b,Input Validity,Lidar,Lidar Rate,10,732.1
fb3b53f7dc199cb088349d027eb2b85b,Input Validity,Odometry,Odometry Rate,50,732.1
fb3b53f7dc199cb088349d027eb2b85b,Input Validity,TF,TF Rate,10,732.1
fb3b53f7dc199cb088349d027eb2b85b,Localization Quality,AMCLPose,CovYawYaw,0.01201,732.1
fb3b53f7dc199cb088349d027eb2b85b,Localization Quality,AMCLPose,CovYY,0.00826129,732.1
fb3b53f7dc199cb088349d027eb2b85b,Localization Quality,AMCLPose,CovXX,0.00717415,732.1
fb3b53f7dc199cb088349d027eb2b85b,Localization Quality,AMCLPose,MeanYaw,2.43762,732.1
fb3b53f7dc199cb088349d027eb2b85b,Localization Quality,AMCLPose,MeanY,-0.883292,732.1
fb3b53f7dc199cb088349d027eb2b85b,Localization Quality,AMCLPose,MeanX,-3.73013,732.1
fb3b53f7dc199cb088349d027eb2b85b,Localization Stability,TF,Jump Angular,-0.00314931,733.1
fb3b53f7dc199cb088349d027eb2b85b,Localization Stability,TF,Jump Linear,0.0463,733.1
fb3b53f7dc199cb088349d027eb2b85b,Input Validity,Lidar,Lidar Rate,10,732.2
fb3b53f7dc199cb088349d027eb2b85b,Input Validity,Odometry,Odometry Rate,50,732.2
fb3b53f7dc199cb088349d027eb2b85b,Input Validity,TF,TF Rate,10,732.2
fb3b53f7dc199cb088349d027eb2b85b,Localization Stability,TF,Jump Angular,0,733.2
fb3b53f7dc199cb088349d027eb2b85b,Localization Stability,TF,Jump Linear,0,733.2
fb3b53f7dc199cb088349d027eb2b85b,Input Validity,Lidar,Lidar Rate,10,732.3
fb3b53f7dc199cb088349d027eb2b85b,Input Validity,Odometry,Odometry Rate,50,732.3
fb3b53f7dc199cb088349d027eb2b85b,Input Validity,TF,TF Rate,10,732.3
fb3b53f7dc199cb088349d027eb2b85b,Localization Quality,AMCLPose,CovYawYaw,0.0143559,732.3
fb3b53f7dc199cb088349d027eb2b85b,Localization Quality,AMCLPose,CovYY,0.010095,732.3
fb3b53f7dc199cb088349d027eb2b85b,Localization Quality,AMCLPose,CovXX,0.00852099,732.3
fb3b53f7dc199cb088349d027eb2b85b,Localization Quality,AMCLPose,MeanYaw,2.51692,732.3
fb3b53f7dc199cb088349d027eb2b85b,Localization Quality,AMCLPose,MeanY,-0.818897,732.3
fb3b53f7dc199cb088349d027eb2b85b,Localization Quality,AMCLPose,MeanX,-3.80316,732.3
fb3b53f7dc199cb088349d027eb2b85b,Localization Stability,TF,Jump Angular,-0.00562675,733.3
fb3b53f7dc199cb088349d027eb2b85b,Localization Stability,TF,Jump Linear,0.0811631,733.3
fb3b53f7dc199cb088349d027eb2b85b,Input Validity,Lidar,Lidar Rate,10,732.4
fb3b53f7dc199cb088349d027eb2b85b,Input Validity,Odometry,Odometry Rate,50,732.4
fb3b53f7dc199cb088349d027eb2b85b,Input Validity,TF,TF Rate,10,732.4
fb3b53f7dc199cb088349d027eb2b85b,Localization Stability,TF,Jump Angular,0,733.4
fb3b53f7dc199cb088349d027eb2b85b,Localization Stability,TF,Jump Linear,0,733.4
fb3b53f7dc199cb088349d027eb2b85b,Input Validity,Lidar,Lidar Rate,10,732.5
fb3b53f7dc199cb088349d027eb2b85b,Input Validity,Odometry,Odometry Rate,50,732.5
fb3b53f7dc199cb088349d027eb2b85b,Input Validity,TF,TF Rate,10,732.5
fb3b53f7dc199cb088349d027eb2b85b,Localization Quality,AMCLPose,CovYawYaw,0.0169071,732.5
fb3b53f7dc199cb088349d027eb2b85b,Localization Quality,AMCLPose,CovYY,0.0122794,732.5
fb3b53f7dc199cb088349d027eb2b85b,Localization Quality,AMCLPose,CovXX,0.0102508,732.5
fb3b53f7dc199cb088349d027eb2b85b,Localization Quality,AMCLPose,MeanYaw,2.58212,732.5
fb3b53f7dc199cb088349d027eb2b85b,Localization Quality,AMCLPose,MeanY,-0.763787,732.5
fb3b53f7dc199cb088349d027eb2b85b,Localization Quality,AMCLPose,MeanX,-3.88189,732.5
fb3b53f7dc199cb088349d027eb2b85b,Localization Stability,TF,Jump Angular,-0.00276739,733.5
fb3b53f7dc199cb088349d027eb2b85b,Localization Stability,TF,Jump Linear,0.0426066,733.5
fb3b53f7dc199cb088349d027eb2b85b,Input Validity,Lidar,Lidar Rate,10,732.6
fb3b53f7dc199cb088349d027eb2b85b,Input Validity,Odometry,Odometry Rate,50,732.6
fb3b53f7dc199cb088349d027eb2b85b,Input Validity,TF,TF Rate,10,732.6
fb3b53f7dc199cb088349d027eb2b85b,Localization Stability,TF,Jump Angular,0,733.6
fb3b53f7dc199cb088349d027eb2b85b,Localization Stability,TF,Jump Linear,0,733.6
fb3b53f7dc199cb088349d027eb2b85b,Input Validity,Lidar,Lidar Rate,10,732.7
fb3b53f7dc199cb088349d027eb2b85b,Input Validity,Odometry,Odometry Rate,50,732.7
fb3b53f7dc199cb088349d027eb2b85b,Input Validity,TF,TF Rate,10,732.7
fb3b53f7dc199cb088349d027eb2b85b,Localization Quality,AMCLPose,CovYawYaw,0.020421,732.7
fb3b53f7dc199cb088349d027eb2b85b,Localization Quality,AMCLPose,CovYY,0.0149724,732.7
fb3b53f7dc199cb088349d027eb2b85b,Localization Quality,AMCLPose,CovXX,0.0120734,732.7
fb3b53f7dc199cb088349d027eb2b85b,Localization Quality,AMCLPose,MeanYaw,2.6325,732.7
fb3b53f7dc199cb088349d027eb2b85b,Localization Quality,AMCLPose,MeanY,-0.715329,732.7
fb3b53f7dc199cb088349d027eb2b85b,Localization Quality,AMCLPose,MeanX,-3.95927,732.7
fb3b53f7dc199cb088349d027eb2b85b,Localization Stability,TF,Jump Angular,-0.00124871,733.7
fb3b53f7dc199cb088349d027eb2b85b,Localization Stability,TF,Jump Linear,0.0173516,733.7
fb3b53f7dc199cb088349d027eb2b85b,Input Validity,Lidar,Lidar Rate,10,732.8
fb3b53f7dc199cb088349d027eb2b85b,Input Validity,Odometry,Odometry Rate,50,732.8
fb3b53f7dc199cb088349d027eb2b85b,Input Validity,TF,TF Rate,10,732.8
fb3b53f7dc199cb088349d027eb2b85b,Localization Stability,TF,Jump Angular,0,733.8
fb3b53f7dc199cb088349d027eb2b85b,Localization Stability,TF,Jump Linear,0,733.8
fb3b53f7dc199cb088349d027eb2b85b,Input Validity,Lidar,Lidar Rate,10,732.9
fb3b53f7dc199cb088349d027eb2b85b,Input Validity,Odometry,Odometry Rate,50,732.9
fb3b53f7dc199cb088349d027eb2b85b,Input Validity,TF,TF Rate,10,732.9
fb3b53f7dc199cb088349d027eb2b85b,Localization Stability,TF,Jump Angular,0,733.9
fb3b53f7dc199cb088349d027eb2b85b,Localization Stability,TF,Jump Linear,0,733.9
fb3b53f7dc199cb088349d027eb2b85b,Input Validity,Lidar,Lidar Rate,10,733
fb3b53f7dc199cb088349d027eb2b85b,Input Validity,Odometry,Odometry Rate,50,733
fb3b53f7dc199cb088349d027eb2b85b,Input Validity,TF,TF Rate,10,733
fb3b53f7dc199cb088349d027eb2b85b,Localization Quality,AMCLPose,CovYawYaw,0.0235753,733
fb3b53f7dc199cb088349d027eb2b85b,Localization Quality,AMCLPose,CovYY,0.0190538,733
fb3b53f7dc199cb088349d027eb2b85b,Localization Quality,AMCLPose,CovXX,0.0132208,733
fb3b53f7dc199cb088349d027eb2b85b,Localization Quality,AMCLPose,MeanYaw,2.69036,733
fb3b53f7dc199cb088349d027eb2b85b,Localization Quality,AMCLPose,MeanY,-0.655374,733
fb3b53f7dc199cb088349d027eb2b85b,Localization Quality,AMCLPose,MeanX,-4.07633,733
fb3b53f7dc199cb088349d027eb2b85b,Localization Stability,TF,Jump Angular,0.00466548,734
fb3b53f7dc199cb088349d027eb2b85b,Localization Stability,TF,Jump Linear,0.0717177,734
fb3b53f7dc199cb088349d027eb2b85b,Input Validity,Lidar,Lidar Rate,10,733.1
fb3b53f7dc199cb088349d027eb2b85b,Input Validity,Odometry,Odometry Rate,50,733.1
fb3b53f7dc199cb088349d027eb2b85b,Input Validity,TF,TF Rate,10,733.1
fb3b53f7dc199cb088349d027eb2b85b,Localization Stability,TF,Jump Angular,0,734.1
fb3b53f7dc199cb088349d027eb2b85b,Localization Stability,TF,Jump Linear,0,734.1
fb3b53f7dc199cb088349d027eb2b85b,Input Validity,Lidar,Lidar Rate,10,733.2
fb3b53f7dc199cb088349d027eb2b85b,Input Validity,Odometry,Odometry Rate,50,733.2
fb3b53f7dc199cb088349d027eb2b85b,Input Validity,TF,TF Rate,10,733.2
fb3b53f7dc199cb088349d027eb2b85b,Localization Quality,AMCLPose,CovYawYaw,0.0254629,733.2
fb3b53f7dc199cb088349d027eb2b85b,Localization Quality,AMCLPose,CovYY,0.0219782,733.2
fb3b53f7dc199cb088349d027eb2b85b,Localization Quality,AMCLPose,CovXX,0.0145273,733.2
fb3b53f7dc199cb088349d027eb2b85b,Localization Quality,AMCLPose,MeanYaw,2.77522,733.2
fb3b53f7dc199cb088349d027eb2b85b,Localization Quality,AMCLPose,MeanY,-0.620023,733.2
fb3b53f7dc199cb088349d027eb2b85b,Localization Quality,AMCLPose,MeanX,-4.16267,733.2
fb3b53f7dc199cb088349d027eb2b85b,Localization Stability,TF,Jump Angular,0.00288882,734.2
fb3b53f7dc199cb088349d027eb2b85b,Localization Stability,TF,Jump Linear,0.0405922,734.2
fb3b53f7dc199cb088349d027eb2b85b,Input Validity,Lidar,Lidar Rate,10,733.3
fb3b53f7dc199cb088349d027eb2b85b,Input Validity,Odometry,Odometry Rate,50,733.3
fb3b53f7dc199cb088349d027eb2b85b,Input Validity,TF,TF Rate,10,733.3
fb3b53f7dc199cb088349d027eb2b85b,Localization Stability,TF,Jump Angular,0,734.3
fb3b53f7dc199cb088349d027eb2b85b,Localization Stability,TF,Jump Linear,0,734.3
fb3b53f7dc199cb088349d027eb2b85b,Input Validity,Lidar,Lidar Rate,10,733.4
fb3b53f7dc199cb088349d027eb2b85b,Input Validity,Odometry,Odometry Rate,50,733.4
fb3b53f7dc199cb088349d027eb2b85b,Input Validity,TF,TF Rate,10,733.4
fb3b53f7dc199cb088349d027eb2b85b,Localization Quality,AMCLPose,CovYawYaw,0.0258949,733.4
fb3b53f7dc199cb088349d027eb2b85b,Localization Quality,AMCLPose,CovYY,0.0250378,733.4
fb3b53f7dc199cb088349d027eb2b85b,Localization Quality,AMCLPose,CovXX,0.0149936,733.4
fb3b53f7dc199cb088349d027eb2b85b,Localization Quality,AMCLPose,MeanYaw,2.84665,733.4
fb3b53f7dc199cb088349d027eb2b85b,Localization Quality,AMCLPose,MeanY,-0.588725,733.4
fb3b53f7dc199cb088349d027eb2b85b,Localization Quality,AMCLPose,MeanX,-4.24944,733.4
fb3b53f7dc199cb088349d027eb2b85b,Localization Stability,TF,Jump Angular,0.00187938,734.4
fb3b53f7dc199cb088349d027eb2b85b,Localization Stability,TF,Jump Linear,0.0286665,734.4
fb3b53f7dc199cb088349d027eb2b85b,Input Validity,Lidar,Lidar Rate,10,733.49
fb3b53f7dc199cb088349d027eb2b85b,Input Validity,Odometry,Odometry Rate,50,733.49
fb3b53f7dc199cb088349d027eb2b85b,Input Validity,TF,TF Rate,10,733.49
fb3b53f7dc199cb088349d027eb2b85b,Localization Stability,TF,Jump Angular,0,734.5
fb3b53f7dc199cb088349d027eb2b85b,Localization Stability,TF,Jump Linear,0,734.5
fb3b53f7dc199cb088349d027eb2b85b,Input Validity,Lidar,Lidar Rate,10,733.59
fb3b53f7dc199cb088349d027eb2b85b,Input Validity,Odometry,Odometry Rate,50,733.59
fb3b53f7dc199cb088349d027eb2b85b,Input Validity,TF,TF Rate,10,733.59
fb3b53f7dc199cb088349d027eb2b85b,Localization Quality,AMCLPose,CovYawYaw,0.0284929,733.6
fb3b53f7dc199cb088349d027eb2b85b,Localization Quality,AMCLPose,CovYY,0.0303739,733.6
fb3b53f7dc199cb088349d027eb2b85b,Localization Quality,AMCLPose,CovXX,0.0164386,733.6
fb3b53f7dc199cb088349d027eb2b85b,Localization Quality,AMCLPose,MeanYaw,2.89638,733.6
fb3b53f7dc199cb088349d027eb2b85b,Localization Quality,AMCLPose,MeanY,-0.563539,733.6
fb3b53f7dc199cb088349d027eb2b85b,Localization Quality,AMCLPose,MeanX,-4.33107,733.6
fb3b53f7dc199cb088349d027eb2b85b,Localization Stability,TF,Jump Angular,-0.00239295,734.6
fb3b53f7dc199cb088349d027eb2b85b,Localization Stability,TF,Jump Linear,0.0317784,734.6
fb3b53f7dc199cb088349d027eb2b85b,Input Validity,Lidar,Lidar Rate,10,733.69
fb3b53f7dc199cb088349d027eb2b85b,Input Validity,Odometry,Odometry Rate,50,733.69
fb3b53f7dc199cb088349d027eb2b85b,Input Validity,TF,TF Rate,10,733.69
fb3b53f7dc199cb088349d027eb2b85b,Localization Stability,TF,Jump Angular,0,734.7
fb3b53f7dc199cb088349d027eb2b85b,Localization Stability,TF,Jump Linear,0,734.7
fb3b53f7dc199cb088349d027eb2b85b,Input Validity,Lidar,Lidar Rate,10,733.79
fb3b53f7dc199cb088349d027eb2b85b,Input Validity,Odometry,Odometry Rate,50,733.79
fb3b53f7dc199cb088349d027eb2b85b,Input Validity,TF,TF Rate,10,733.79
fb3b53f7dc199cb088349d027eb2b85b,Localization Stability,TF,Jump Angular,0,734.8
fb3b53f7dc199cb088349d027eb2b85b,Localization Stability,TF,Jump Linear,0,734.8
fb3b53f7dc199cb088349d027eb2b85b,Input Validity,Lidar,Lidar Rate,10,733.89
fb3b53f7dc199cb088349d027eb2b85b,Input Validity,Odometry,Odometry Rate,50,733.89
fb3b53f7dc199cb088349d027eb2b85b,Input Validity,TF,TF Rate,10,733.89
fb3b53f7dc199cb088349d027eb2b85b,Localization Quality,AMCLPose,CovYawYaw,0.0322953,733.9
fb3b53f7dc199cb088349d027eb2b85b,Localization Quality,AMCLPose,CovYY,0.0660549,733.9
fb3b53f7dc199cb088349d027eb2b85b,Localization Quality,AMCLPose,CovXX,0.125171,733.9
fb3b53f7dc199cb088349d027eb2b85b,Localization Quality,AMCLPose,MeanYaw,2.9426,733.9
fb3b53f7dc199cb088349d027eb2b85b,Localization Quality,AMCLPose,MeanY,-0.537856,733.9
fb3b53f7dc199cb088349d027eb2b85b,Localization Quality,AMCLPose,MeanX,-4.46558,733.9
fb3b53f7dc199cb088349d027eb2b85b,Localization Stability,TF,Jump Angular,0.00437357,734.9
fb3b53f7dc199cb088349d027eb2b85b,Localization Stability,TF,Jump Linear,0.0632892,734.9
fb3b53f7dc199cb088349d027eb2b85b,Input Validity,Lidar,Lidar Rate,10,733.99
fb3b53f7dc199cb088349d027eb2b85b,Input Validity,Odometry,Odometry Rate,50,733.99
fb3b53f7dc199cb088349d027eb2b85b,Input Validity,TF,TF Rate,10,733.99
fb3b53f7dc199cb088349d027eb2b85b,Localization Stability,TF,Jump Angular,0,735
fb3b53f7dc199cb088349d027eb2b85b,Localization Stability,TF,Jump Linear,0,735
fb3b53f7dc199cb088349d027eb2b85b,Input Validity,Lidar,Lidar Rate,10,734.09
fb3b53f7dc199cb088349d027eb2b85b,Input Validity,Odometry,Odometry Rate,50,734.09
fb3b53f7dc199cb088349d027eb2b85b,Input Validity,TF,TF Rate,10,734.09
fb3b53f7dc199cb088349d027eb2b85b,Localization Stability,TF,Jump Angular,0,735.1
fb3b53f7dc199cb088349d027eb2b85b,Localization Stability,TF,Jump Linear,0,735.1
fb3b53f7dc199cb088349d027eb2b85b,Input Validity,Lidar,Lidar Rate,10,734.19
fb3b53f7dc199cb088349d027eb2b85b,Input Validity,Odometry,Odometry Rate,50,734.19
fb3b53f7dc199cb088349d027eb2b85b,Input Validity,TF,TF Rate,10,734.19
fb3b53f7dc199cb088349d027eb2b85b,Localization Quality,AMCLPose,CovYawYaw,0.0324546,734.2
fb3b53f7dc199cb088349d027eb2b85b,Localization Quality,AMCLPose,CovYY,0.0461799,734.2
fb3b53f7dc199cb088349d027eb2b85b,Localization Quality,AMCLPose,CovXX,0.0197716,734.2
fb3b53f7dc199cb088349d027eb2b85b,Localization Quality,AMCLPose,MeanYaw,2.98593,734.2
fb3b53f7dc199cb088349d027eb2b85b,Localization Quality,AMCLPose,MeanY,-0.512152,734.2
fb3b53f7dc199cb088349d027eb2b85b,Localization Quality,AMCLPose,MeanX,-4.59622,734.2
fb3b53f7dc199cb088349d027eb2b85b,Localization Stability,TF,Jump Angular,0.00155102,735.2
fb3b53f7dc199cb088349d027eb2b85b,Localization Stability,TF,Jump Linear,0.0264967,735.2
fb3b53f7dc199cb088349d027eb2b85b,Input Validity,Lidar,Lidar Rate,10,734.29
fb3b53f7dc199cb088349d027eb2b85b,Input Validity,Odometry,Odometry Rate,50,734.29
fb3b53f7dc199cb088349d027eb2b85b,Input Validity,TF,TF Rate,10,734.29
fb3b53f7dc199cb088349d027eb2b85b,Input Validity,Lidar,Lidar Rate,10,734.39
fb3b53f7dc199cb088349d027eb2b85b,Input Validity,Odometry,Odometry Rate,50,734.39
fb3b53f7dc199cb088349d027eb2b85b,Input Validity,TF,TF Rate,10,734.39
fb3b53f7dc199cb088349d027eb2b85b,Localization Stability,TF,Jump Angular,0,735.3
fb3b53f7dc199cb088349d027eb2b85b,Localization Stability,TF,Jump Linear,0,735.3
fb3b53f7dc199cb088349d027eb2b85b,Localization Stability,TF,Jump Angular,0,735.4
fb3b53f7dc199cb088349d027eb2b85b,Localization Stability,TF,Jump Linear,0,735.4
fb3b53f7dc199cb088349d027eb2b85b,Input Validity,Lidar,Lidar Rate,10,734.49
fb3b53f7dc199cb088349d027eb2b85b,Input Validity,Odometry,Odometry Rate,50,734.49
fb3b53f7dc199cb088349d027eb2b85b,Input Validity,TF,TF Rate,10,734.49
fb3b53f7dc199cb088349d027eb2b85b,Localization Quality,AMCLPose,CovYawYaw,0.0344032,734.5
fb3b53f7dc199cb088349d027eb2b85b,Localization Quality,AMCLPose,CovYY,0.0532592,734.5
fb3b53f7dc199cb088349d027eb2b85b,Localization Quality,AMCLPose,CovXX,0.0206623,734.5
fb3b53f7dc199cb088349d027eb2b85b,Localization Quality,AMCLPose,MeanYaw,3.0312,734.5
fb3b53f7dc199cb088349d027eb2b85b,Localization Quality,AMCLPose,MeanY,-0.492452,734.5
fb3b53f7dc199cb088349d027eb2b85b,Localization Quality,AMCLPose,MeanX,-4.73093,734.5
fb3b53f7dc199cb088349d027eb2b85b,Localization Stability,TF,Jump Angular,-0.00180204,735.5
fb3b53f7dc199cb088349d027eb2b85b,Localization Stability,TF,Jump Linear,0.0278577,735.5
fb3b53f7dc199cb088349d027eb2b85b,Input Validity,Lidar,Lidar Rate,10,734.59
fb3b53f7dc199cb088349d027eb2b85b,Input Validity,Odometry,Odometry Rate,50,734.59
fb3b53f7dc199cb088349d027eb2b85b,Input Validity,TF,TF Rate,10,734.59
fb3b53f7dc199cb088349d027eb2b85b,Localization Stability,TF,Jump Angular,0,735.6
fb3b53f7dc199cb088349d027eb2b85b,Localization Stability,TF,Jump Linear,0,735.6
fb3b53f7dc199cb088349d027eb2b85b,Input Validity,Lidar,Lidar Rate,10,734.69
fb3b53f7dc199cb088349d027eb2b85b,Input Validity,Odometry,Odometry Rate,50,734.69
fb3b53f7dc199cb088349d027eb2b85b,Input Validity,TF,TF Rate,10,734.69
fb3b53f7dc199cb088349d027eb2b85b,Localization Stability,TF,Jump Angular,0,735.7
fb3b53f7dc199cb088349d027eb2b85b,Localization Stability,TF,Jump Linear,0,735.7
fb3b53f7dc199cb088349d027eb2b85b,Input Validity,Lidar,Lidar Rate,10,734.79
fb3b53f7dc199cb088349d027eb2b85b,Input Validity,Odometry,Odometry Rate,50,734.79
fb3b53f7dc199cb088349d027eb2b85b,Input Validity,TF,TF Rate,10,734.79
fb3b53f7dc199cb088349d027eb2b85b,Localization Quality,AMCLPose,CovYawYaw,0.036785,734.8
fb3b53f7dc199cb088349d027eb2b85b,Localization Quality,AMCLPose,CovYY,0.0641504,734.8
fb3b53f7dc199cb088349d027eb2b85b,Localization Quality,AMCLPose,CovXX,0.022337,734.8
fb3b53f7dc199cb088349d027eb2b85b,Localization Quality,AMCLPose,MeanYaw,3.06153,734.8
fb3b53f7dc199cb088349d027eb2b85b,Localization Quality,AMCLPose,MeanY,-0.483618,734.8
fb3b53f7dc199cb088349d027eb2b85b,Localization Quality,AMCLPose,MeanX,-4.86288,734.8
fb3b53f7dc199cb088349d027eb2b85b,Localization Stability,TF,Jump Angular,0.00111312,735.8
fb3b53f7dc199cb088349d027eb2b85b,Localization Stability,TF,Jump Linear,0.0179515,735.8
fb3b53f7dc199cb088349d027eb2b85b,Input Validity,Lidar,Lidar Rate,10,734.89
fb3b53f7dc199cb088349d027eb2b85b,Input Validity,Odometry,Odometry Rate,50,734.89
fb3b53f7dc199cb088349d027eb2b85b,Input Validity,TF,TF Rate,10,734.89
fb3b53f7dc199cb088349d027eb2b85b,Localization Stability,TF,Jump Angular,0,735.9
fb3b53f7dc199cb088349d027eb2b85b,Localization Stability,TF,Jump Linear,0,735.9
fb3b53f7dc199cb088349d027eb2b85b,Input Validity,Lidar,Lidar Rate,10,734.99
fb3b53f7dc199cb088349d027eb2b85b,Input Validity,Odometry,Odometry Rate,50,734.99
fb3b53f7dc199cb088349d027eb2b85b,Input Validity,TF,TF Rate,10,734.99
fb3b53f7dc199cb088349d027eb2b85b,Localization Stability,TF,Jump Angular,0,736
fb3b53f7dc199cb088349d027eb2b85b,Localization Stability,TF,Jump Linear,0,736
fb3b53f7dc199cb088349d027eb2b85b,Input Validity,Lidar,Lidar Rate,10,735.09
fb3b53f7dc199cb088349d027eb2b85b,Input Validity,Odometry,Odometry Rate,50,735.09
fb3b53f7dc199cb088349d027eb2b85b,Input Validity,TF,TF Rate,10,735.09
fb3b53f7dc199cb088349d027eb2b85b,Localization Quality,AMCLPose,CovYawYaw,0.0518955,735.1
fb3b53f7dc199cb088349d027eb2b85b,Localization Quality,AMCLPose,CovYY,0.0936696,735.1
fb3b53f7dc199cb088349d027eb2b85b,Localization Quality,AMCLPose,CovXX,0.0273445,735.1
fb3b53f7dc199cb088349d027eb2b85b,Localization Quality,AMCLPose,MeanYaw,3.10232,735.1
fb3b53f7dc199cb088349d027eb2b85b,Localization Quality,AMCLPose,MeanY,-0.501315,735.1
fb3b53f7dc199cb088349d027eb2b85b,Localization Quality,AMCLPose,MeanX,-5.01099,735.1
fb3b53f7dc199cb088349d027eb2b85b,Localization Stability,TF,Jump Angular,0.0278225,736.1
fb3b53f7dc199cb088349d027eb2b85b,Localization Stability,TF,Jump Linear,0.413867,736.1
fb3b53f7dc199cb088349d027eb2b85b,Input Validity,Lidar,Lidar Rate,10,735.19
fb3b53f7dc199cb088349d027eb2b85b,Input Validity,Odometry,Odometry Rate,50,735.19
fb3b53f7dc199cb088349d027eb2b85b,Input Validity,TF,TF Rate,10,735.19
fb3b53f7dc199cb088349d027eb2b85b,Localization Stability,TF,Jump Angular,0,736.2
fb3b53f7dc199cb088349d027eb2b85b,Localization Stability,TF,Jump Linear,0,736.2
fb3b53f7dc199cb088349d027eb2b85b,Input Validity,Lidar,Lidar Rate,10,735.28
fb3b53f7dc199cb088349d027eb2b85b,Input Validity,Odometry,Odometry Rate,50,735.28
fb3b53f7dc199cb088349d027eb2b85b,Input Validity,TF,TF Rate,10,735.28
fb3b53f7dc199cb088349d027eb2b85b,Localization Stability,TF,Jump Angular,0,736.3
fb3b53f7dc199cb088349d027eb2b85b,Localization Stability,TF,Jump Linear,0,736.3
fb3b53f7dc199cb088349d027eb2b85b,Input Validity,Lidar,Lidar Rate,10,735.38
fb3b53f7dc199cb088349d027eb2b85b,Input Validity,Odometry,Odometry Rate,50,735.38
fb3b53f7dc199cb088349d027eb2b85b,Input Validity,TF,TF Rate,10,735.38
fb3b53f7dc199cb088349d027eb2b85b,Input Validity,Lidar,Lidar Rate,10,735.48
fb3b53f7dc199cb088349d027eb2b85b,Input Validity,Odometry,Odometry Rate,50,735.48
fb3b53f7dc199cb088349d027eb2b85b,Input Validity,TF,TF Rate,10,735.48
fb3b53f7dc199cb088349d027eb2b85b,Localization Quality,AMCLPose,CovYawYaw,0.068139,735.4
fb3b53f7dc199cb088349d027eb2b85b,Localization Quality,AMCLPose,CovYY,0.137489,735.4
fb3b53f7dc199cb088349d027eb2b85b,Localization Quality,AMCLPose,CovXX,0.0329707,735.4
fb3b53f7dc199cb088349d027eb2b85b,Localization Quality,AMCLPose,MeanYaw,-3.08882,735.4
fb3b53f7dc199cb088349d027eb2b85b,Localization Quality,AMCLPose,MeanY,-0.588277,735.4
fb3b53f7dc199cb088349d027eb2b85b,Localization Quality,AMCLPose,MeanX,-5.16143,735.4
fb3b53f7dc199cb088349d027eb2b85b,Localization Stability,TF,Jump Angular,0.0728896,736.4
fb3b53f7dc199cb088349d027eb2b85b,Localization Stability,TF,Jump Linear,1.09302,736.4
fb3b53f7dc199cb088349d027eb2b85b,Localization Stability,TF,Jump Angular,0,736.5
fb3b53f7dc199cb088349d027eb2b85b,Localization Stability,TF,Jump Linear,0,736.5
fb3b53f7dc199cb088349d027eb2b85b,Input Validity,Lidar,Lidar Rate,10,735.58
fb3b53f7dc199cb088349d027eb2b85b,Input Validity,Odometry,Odometry Rate,50,735.58
fb3b53f7dc199cb088349d027eb2b85b,Input Validity,TF,TF Rate,10,735.58
fb3b53f7dc199cb088349d027eb2b85b,Localization Stability,TF,Jump Angular,0,736.6
fb3b53f7dc199cb088349d027eb2b85b,Localization Stability,TF,Jump Linear,0,736.6
fb3b53f7dc199cb088349d027eb2b85b,Input Validity,Lidar,Lidar Rate,10,735.68
fb3b53f7dc199cb088349d027eb2b85b,Input Validity,Odometry,Odometry Rate,50,735.68
fb3b53f7dc199cb088349d027eb2b85b,Input Validity,TF,TF Rate,10,735.68
fb3b53f7dc199cb088349d027eb2b85b,Localization Quality,AMCLPose,CovYawYaw,0.0654914,735.7
fb3b53f7dc199cb088349d027eb2b85b,Localization Quality,AMCLPose,CovYY,0.162357,735.7
fb3b53f7dc199cb088349d027eb2b85b,Localization Quality,AMCLPose,CovXX,0.0331106,735.7
fb3b53f7dc199cb088349d027eb2b85b,Localization Quality,AMCLPose,MeanYaw,-3.0342,735.7
fb3b53f7dc199cb088349d027eb2b85b,Localization Quality,AMCLPose,MeanY,-0.662067,735.7
fb3b53f7dc199cb088349d027eb2b85b,Localization Quality,AMCLPose,MeanX,-5.30465,735.7
fb3b53f7dc199cb088349d027eb2b85b,Localization Stability,TF,Jump Angular,0.0443476,736.7
fb3b53f7dc199cb088349d027eb2b85b,Localization Stability,TF,Jump Linear,0.660356,736.7
fb3b53f7dc199cb088349d027eb2b85b,Input Validity,Lidar,Lidar Rate,10,735.78
fb3b53f7dc199cb088349d027eb2b85b,Input Validity,Odometry,Odometry Rate,50,735.78
fb3b53f7dc199cb088349d027eb2b85b,Input Validity,TF,TF Rate,10,735.78
fb3b53f7dc199cb088349d027eb2b85b,Localization Stability,TF,Jump Angular,0,736.8
fb3b53f7dc199cb088349d027eb2b85b,Localization Stability,TF,Jump Linear,0,736.8
fb3b53f7dc199cb088349d027eb2b85b,Input Validity,Lidar,Lidar Rate,10,735.88
fb3b53f7dc199cb088349d027eb2b85b,Input Validity,Odometry,Odometry Rate,50,735.88
fb3b53f7dc199cb088349d027eb2b85b,Input Validity,TF,TF Rate,10,735.88
fb3b53f7dc199cb088349d027eb2b85b,Localization Stability,TF,Jump Angular,0,736.9
fb3b53f7dc199cb088349d027eb2b85b,Localization Stability,TF,Jump Linear,0,736.9
fb3b53f7dc199cb088349d027eb2b85b,Input Validity,Lidar,Lidar Rate,10,735.98
fb3b53f7dc199cb088349d027eb2b85b,Input Validity,Odometry,Odometry Rate,50,735.98
fb3b53f7dc199cb088349d027eb2b85b,Input Validity,TF,TF Rate,10,735.98
fb3b53f7dc199cb088349d027eb2b85b,Localization Quality,AMCLPose,CovYawYaw,0.0597868,736
fb3b53f7dc199cb088349d027eb2b85b,Localization Quality,AMCLPose,CovYY,0.178192,736
fb3b53f7dc199cb088349d027eb2b85b,Localization Quality,AMCLPose,CovXX,0.0330969,736
fb3b53f7dc199cb088349d027eb2b85b,Localization Quality,AMCLPose,MeanYaw,-3.00416,736
fb3b53f7dc199cb088349d027eb2b85b,Localization Quality,AMCLPose,MeanY,-0.73506,736
fb3b53f7dc199cb088349d027eb2b85b,Localization Quality,AMCLPose,MeanX,-5.44578,736
fb3b53f7dc199cb088349d027eb2b85b,Localization Stability,TF,Jump Angular,0.0373303,737
fb3b53f7dc199cb088349d027eb2b85b,Localization Stability,TF,Jump Linear,0.555155,737
fb3b53f7dc199cb088349d027eb2b85b,Input Validity,Lidar,Lidar Rate,10,736.08
fb3b53f7dc199cb088349d027eb2b85b,Input Validity,Odometry,Odometry Rate,50,736.08
fb3b53f7dc199cb088349d027eb2b85b,Input Validity,TF,TF Rate,10,736.08
fb3b53f7dc199cb088349d027eb2b85b,Localization Stability,TF,Jump Angular,0,737.1
fb3b53f7dc199cb088349d027eb2b85b,Localization Stability,TF,Jump Linear,0,737.1
fb3b53f7dc199cb088349d027eb2b85b,Input Validity,Lidar,Lidar Rate,10,736.18
fb3b53f7dc199cb088349d027eb2b85b,Input Validity,Odometry,Odometry Rate,50,736.18
fb3b53f7dc199cb088349d027eb2b85b,Input Validity,TF,TF Rate,10,736.18
fb3b53f7dc199cb088349d027eb2b85b,Localization Stability,TF,Jump Angular,0,737.2
fb3b53f7dc199cb088349d027eb2b85b,Localization Stability,TF,Jump Linear,0,737.2
fb3b53f7dc199cb088349d027eb2b85b,Input Validity,Lidar,Lidar Rate,10,736.28
fb3b53f7dc199cb088349d027eb2b85b,Input Validity,Odometry,Odometry Rate,50,736.28
fb3b53f7dc199cb088349d027eb2b85b,Input Validity,TF,TF Rate,10,736.28
fb3b53f7dc199cb088349d027eb2b85b,Localization Quality,AMCLPose,CovYawYaw,0.0611829,736.3
fb3b53f7dc199cb088349d027eb2b85b,Localization Quality,AMCLPose,CovYY,0.205881,736.3
fb3b53f7dc199cb088349d027eb2b85b,Localization Quality,AMCLPose,CovXX,0.0359237,736.3
fb3b53f7dc199cb088349d027eb2b85b,Localization Quality,AMCLPose,MeanYaw,-2.97399,736.3
fb3b53f7dc199cb088349d027eb2b85b,Localization Quality,AMCLPose,MeanY,-0.812744,736.3
fb3b53f7dc199cb088349d027eb2b85b,Localization Quality,AMCLPose,MeanX,-5.5714,736.3
fb3b53f7dc199cb088349d027eb2b85b,Localization Stability,TF,Jump Angular,0.0345756,737.3
fb3b53f7dc199cb088349d027eb2b85b,Localization Stability,TF,Jump Linear,0.52262,737.3
fb3b53f7dc199cb088349d027eb2b85b,Input Validity,Lidar,Lidar Rate,10,736.38
fb3b53f7dc199cb088349d027eb2b85b,Input Validity,Odometry,Odometry Rate,50,736.38
fb3b53f7dc199cb088349d027eb2b85b,Input Validity,TF,TF Rate,10,736.38
fb3b53f7dc199cb088349d027eb2b85b,Localization Stability,TF,Jump Angular,0,737.4
fb3b53f7dc199cb088349d027eb2b85b,Localization Stability,TF,Jump Linear,0,737.4
fb3b53f7dc199cb088349d027eb2b85b,Input Validity,Lidar,Lidar Rate,10,736.48
fb3b53f7dc199cb088349d027eb2b85b,Input Validity,Odometry,Odometry Rate,50,736.48
fb3b53f7dc199cb088349d027eb2b85b,Input Validity,TF,TF Rate,10,736.48
fb3b53f7dc199cb088349d027eb2b85b,Localization Stability,TF,Jump Angular,0,737.5
fb3b53f7dc199cb088349d027eb2b85b,Localization Stability,TF,Jump Linear,0,737.5
fb3b53f7dc199cb088349d027eb2b85b,Input Validity,Lidar,Lidar Rate,10,736.58
fb3b53f7dc199cb088349d027eb2b85b,Input Validity,Odometry,Odometry Rate,50,736.58
fb3b53f7dc199cb088349d027eb2b85b,Input Validity,TF,TF Rate,10,736.58
fb3b53f7dc199cb088349d027eb2b85b,Localization Quality,AMCLPose,CovYawYaw,0.0552149,736.6
fb3b53f7dc199cb088349d027eb2b85b,Localization Quality,AMCLPose,CovYY,0.215472,736.6
fb3b53f7dc199cb088349d027eb2b85b,Localization Quality,AMCLPose,CovXX,0.034248,736.6
fb3b53f7dc199cb088349d027eb2b85b,Localization Quality,AMCLPose,MeanYaw,-3.01944,736.6
fb3b53f7dc199cb088349d027eb2b85b,Localization Quality,AMCLPose,MeanY,-0.85286,736.6
fb3b53f7dc199cb088349d027eb2b85b,Localization Quality,AMCLPose,MeanX,-5.70467,736.6
fb3b53f7dc199cb088349d027eb2b85b,Localization Stability,TF,Jump Angular,0.0127072,737.6
fb3b53f7dc199cb088349d027eb2b85b,Localization Stability,TF,Jump Linear,0.191757,737.6
fb3b53f7dc199cb088349d027eb2b85b,Input Validity,Lidar,Lidar Rate,10,736.68
fb3b53f7dc199cb088349d027eb2b85b,Input Validity,Odometry,Odometry Rate,50,736.68
fb3b53f7dc199cb088349d027eb2b85b,Input Validity,TF,TF Rate,10,736.68
fb3b53f7dc199cb088349d027eb2b85b,Localization Stability,TF,Jump Angular,0,737.7
fb3b53f7dc199cb088349d027eb2b85b,Localization Stability,TF,Jump Linear,0,737.7
fb3b53f7dc199cb088349d027eb2b85b,Input Validity,Lidar,Lidar Rate,10,736.78
fb3b53f7dc199cb088349d027eb2b85b,Input Validity,Odometry,Odometry Rate,50,736.78
fb3b53f7dc199cb088349d027eb2b85b,Input Validity,TF,TF Rate,10,736.78
fb3b53f7dc199cb088349d027eb2b85b,Localization Quality,AMCLPose,CovYawYaw,0.0541154,736.8
fb3b53f7dc199cb088349d027eb2b85b,Localization Quality,AMCLPose,CovYY,0.226202,736.8
fb3b53f7dc199cb088349d027eb2b85b,Localization Quality,AMCLPose,CovXX,0.0352475,736.8
fb3b53f7dc199cb088349d027eb2b85b,Localization Quality,AMCLPose,MeanYaw,-3.08771,736.8
fb3b53f7dc199cb088349d027eb2b85b,Localization Quality,AMCLPose,MeanY,-0.861789,736.8
fb3b53f7dc199cb088349d027eb2b85b,Localization Quality,AMCLPose,MeanX,-5.79113,736.8
fb3b53f7dc199cb088349d027eb2b85b,Localization Stability,TF,Jump Angular,2.08149e-06,737.8
fb3b53f7dc199cb088349d027eb2b85b,Localization Stability,TF,Jump Linear,0.0032484,737.8
fb3b53f7dc199cb088349d027eb2b85b,Input Validity,Lidar,Lidar Rate,10,736.88
fb3b53f7dc199cb088349d027eb2b85b,Input Validity,Odometry,Odometry Rate,50,736.88
fb3b53f7dc199cb088349d027eb2b85b,Input Validity,TF,TF Rate,10,736.88
fb3b53f7dc199cb088349d027eb2b85b,Localization Stability,TF,Jump Angular,0,737.9
fb3b53f7dc199cb088349d027eb2b85b,Localization Stability,TF,Jump Linear,0,737.9
fb3b53f7dc199cb088349d027eb2b85b,Input Validity,Lidar,Lidar Rate,10,736.97
fb3b53f7dc199cb088349d027eb2b85b,Input Validity,Odometry,Odometry Rate,50,736.97
fb3b53f7dc199cb088349d027eb2b85b,Input Validity,TF,TF Rate,10,736.97
fb3b53f7dc199cb088349d027eb2b85b,Localization Quality,AMCLPose,CovYawYaw,0.0530049,737
fb3b53f7dc199cb088349d027eb2b85b,Localization Quality,AMCLPose,CovYY,0.23522,737
fb3b53f7dc199cb088349d027eb2b85b,Localization Quality,AMCLPose,CovXX,0.034685,737
fb3b53f7dc199cb088349d027eb2b85b,Localization Quality,AMCLPose,MeanYaw,3.12288,737
fb3b53f7dc199cb088349d027eb2b85b,Localization Quality,AMCLPose,MeanY,-0.865544,737
fb3b53f7dc199cb088349d027eb2b85b,Localization Quality,AMCLPose,MeanX,-5.87801,737
fb3b53f7dc199cb088349d027eb2b85b,Localization Stability,TF,Jump Angular,0.00628902,738
fb3b53f7dc199cb088349d027eb2b85b,Localization Stability,TF,Jump Linear,0.103282,738
fb3b53f7dc199cb088349d027eb2b85b,Input Validity,Lidar,Lidar Rate,10,737.07
fb3b53f7dc199cb088349d027eb2b85b,Input Validity,Odometry,Odometry Rate,50,737.07
fb3b53f7dc199cb088349d027eb2b85b,Input Validity,TF,TF Rate,10,737.07
fb3b53f7dc199cb088349d027eb2b85b,Localization Stability,TF,Jump Angular,0,738.1
fb3b53f7dc199cb088349d027eb2b85b,Localization Stability,TF,Jump Linear,0,738.1
fb3b53f7dc199cb088349d027eb2b85b,Input Validity,Lidar,Lidar Rate,10,737.17
fb3b53f7dc199cb088349d027eb2b85b,Input Validity,Odometry,Odometry Rate,50,737.17
fb3b53f7dc199cb088349d027eb2b85b,Input Validity,TF,TF Rate,10,737.17
fb3b53f7dc199cb088349d027eb2b85b,Input Validity,Lidar,Lidar Rate,10,737.27
fb3b53f7dc199cb088349d027eb2b85b,Input Validity,Odometry,Odometry Rate,50,737.27
fb3b53f7dc199cb088349d027eb2b85b,Input Validity,TF,TF Rate,10,737.27
fb3b53f7dc199cb088349d027eb2b85b,Localization Quality,AMCLPose,CovYawYaw,0.0499432,737.2
fb3b53f7dc199cb088349d027eb2b85b,Localization Quality,AMCLPose,CovYY,0.239934,737.2
fb3b53f7dc199cb088349d027eb2b85b,Localization Quality,AMCLPose,CovXX,0.0294852,737.2
fb3b53f7dc199cb088349d027eb2b85b,Localization Quality,AMCLPose,MeanYaw,3.04896,737.2
fb3b53f7dc199cb088349d027eb2b85b,Localization Quality,AMCLPose,MeanY,-0.864526,737.2
fb3b53f7dc199cb088349d027eb2b85b,Localization Quality,AMCLPose,MeanX,-5.97936,737.2
fb3b53f7dc199cb088349d027eb2b85b,Localization Stability,TF,Jump Angular,-0.00853668,738.2
fb3b53f7dc199cb088349d027eb2b85b,Localization Stability,TF,Jump Linear,0.151447,738.2
fb3b53f7dc199cb088349d027eb2b85b,Localization Stability,TF,Jump Angular,0,738.3
fb3b53f7dc199cb088349d027eb2b85b,Localization Stability,TF,Jump Linear,0,738.3
fb3b53f7dc199cb088349d027eb2b85b,Input Validity,Lidar,Lidar Rate,10,737.37
fb3b53f7dc199cb088349d027eb2b85b,Input Validity,Odometry,Odometry Rate,50,737.37
fb3b53f7dc199cb088349d027eb2b85b,Input Validity,TF,TF Rate,10,737.37
fb3b53f7dc199cb088349d027eb2b85b,Localization Stability,TF,Jump Angular,0,738.4
fb3b53f7dc199cb088349d027eb2b85b,Localization Stability,TF,Jump Linear,0,738.4
fb3b53f7dc199cb088349d027eb2b85b,Input Validity,Lidar,Lidar Rate,10,737.47
fb3b53f7dc199cb088349d027eb2b85b,Input Validity,Odometry,Odometry Rate,50,737.47
fb3b53f7dc199cb088349d027eb2b85b,Input Validity,TF,TF Rate,10,737.47
fb3b53f7dc199cb088349d027eb2b85b,Input Validity,Lidar,Lidar Rate,10,737.57
fb3b53f7dc199cb088349d027eb2b85b,Input Validity,Odometry,Odometry Rate,50,737.57
fb3b53f7dc199cb088349d027eb2b85b,Input Validity,TF,TF Rate,10,737.57
fb3b53f7dc199cb088349d027eb2b85b,Localization Quality,AMCLPose,CovYawYaw,0.0505553,737.5
fb3b53f7dc199cb088349d027eb2b85b,Localization Quality,AMCLPose,CovYY,0.27651,737.5
fb3b53f7dc199cb088349d027eb2b85b,Localization Quality,AMCLPose,CovXX,0.0338035,737.5
fb3b53f7dc199cb088349d027eb2b85b,Localization Quality,AMCLPose,MeanYaw,3.06605,737.5
fb3b53f7dc199cb088349d027eb2b85b,Localization Quality,AMCLPose,MeanY,-0.979983,737.5
fb3b53f7dc199cb088349d027eb2b85b,Localization Quality,AMCLPose,MeanX,-6.12596,737.5
fb3b53f7dc199cb088349d027eb2b85b,Localization Stability,TF,Jump Angular,0.045951,738.5
fb3b53f7dc199cb088349d027eb2b85b,Localization Stability,TF,Jump Linear,0.652496,738.5
fb3b53f7dc199cb088349d027eb2b85b,Localization Stability,TF,Jump Angular,0,738.6
fb3b53f7dc199cb088349d027eb2b85b,Localization Stability,TF,Jump Linear,0,738.6
fb3b53f7dc199cb088349d027eb2b85b,Input Validity,Lidar,Lidar Rate,10,737.67
fb3b53f7dc199cb088349d027eb2b85b,Input Validity,Odometry,Odometry Rate,50,737.67
fb3b53f7dc199cb088349d027eb2b85b,Input Validity,TF,TF Rate,10,737.67
fb3b53f7dc199cb088349d027eb2b85b,Localization Stability,TF,Jump Angular,0,738.7
fb3b53f7dc199cb088349d027eb2b85b,Localization Stability,TF,Jump Linear,0,738.7
fb3b53f7dc199cb088349d027eb2b85b,Input Validity,Lidar,Lidar Rate,10,737.77
fb3b53f7dc199cb088349d027eb2b85b,Input Validity,Odometry,Odometry Rate,50,737.77
fb3b53f7dc199cb088349d027eb2b85b,Input Validity,TF,TF Rate,10,737.77
fb3b53f7dc199cb088349d027eb2b85b,Localization Recovery,TTR,Kidnap Angle,1.21606,737.84
fb3b53f7dc199cb088349d027eb2b85b,Localization Recovery,TTR,Kidnap Distance,3.83047,737.84
fb3b53f7dc199cb088349d027eb2b85b,Localization Recovery,TTR,TTR Outcome,2,737.84
fb3b53f7dc199cb088349d027eb2b85b,Localization Recovery,TTR,TTR,-1,737.84
fb3b53f7dc199cb088349d027eb2b85b,Mission Outcome,Episode Event,Recoveries,0,737.84
fb3b53f7dc199cb088349d027eb2b85b,Mission Outcome,Episode Event,Collisions,0,737.84
fb3b53f7dc199cb088349d027eb2b85b,Mission Outcome,Episode Event,Navigation Time,10.02,737.84
fb3b53f7dc199cb088349d027eb2b85b,Mission Outcome,Episode Event,Goal Result,2,737.84
fb3b53f7dc199cb088349d027eb2b85b,Input Validity,AMCLPose,Pose Monotonicity,0,737.84
fb3b53f7dc199cb088349d027eb2b85b,Input Validity,Lidar,Lidar Frame Mistmatch,0,737.84
fb3b53f7dc199cb088349d027eb2b85b,Input Validity,Lidar,Lidar Monotonicity,0,737.84
fb3b53f7dc199cb088349d027eb2b85b,Input Validity,Odometry,Odometry Frame Mismatch,0,737.84
fb3b53f7dc199cb088349d027eb2b85b,Input Validity,Odometry,Odometry Monotonicity,0,737.84
fb3b53f7dc199cb088349d027eb2b85b,Input Validity,TF,TF Gap Count,0,737.84
fb3b53f7dc199cb088349d027eb2b85b,Input Validity,TF,TF Frame Drop,500,737.84
fb3b53f7dc199cb088349d027eb2b85b,Input Validity,TF,TF Monotonicity,0,737.84
fb3b53f7dc199cb088349d027eb2b85b,map,-2.47498,-1.87501,-173.165,-8.425,-0.125,160.785,2,FAILED,1,10.02,727.82,737.84,0.099979,0.144697,0.914428,0.0199005,0.012149,0.0845968,0.139721,219.711,1005,4.09503,12.8326,1.41592,0.12,1,500,0
21e4e753965e90b3bfc3e0fbed4ad922,Localization Stability,TF,Jump Angular,0,746.2
21e4e753965e90b3bfc3e0fbed4ad922,Localization Stability,TF,Jump Linear,0,746.2
21e4e753965e90b3bfc3e0fbed4ad922,Input Validity,Lidar,Lidar Rate,10,745.33
21e4e753965e90b3bfc3e0fbed4ad922,Input Validity,Odometry,Odometry Rate,50,745.33
21e4e753965e90b3bfc3e0fbed4ad922,Input Validity,TF,TF Rate,10,745.33
21e4e753965e90b3bfc3e0fbed4ad922,Localization Stability,TF,Jump Angular,0,746.3
21e4e753965e90b3bfc3e0fbed4ad922,Localization Stability,TF,Jump Linear,0,746.3
21e4e753965e90b3bfc3e0fbed4ad922,Input Validity,Lidar,Lidar Rate,10,745.43
21e4e753965e90b3bfc3e0fbed4ad922,Input Validity,Odometry,Odometry Rate,50,745.43
21e4e753965e90b3bfc3e0fbed4ad922,Input Validity,TF,TF Rate,10,745.43
21e4e753965e90b3bfc3e0fbed4ad922,Localization Stability,TF,Jump Angular,0.00097635,746.4
21e4e753965e90b3bfc3e0fbed4ad922,Localization Stability,TF,Jump Linear,0.0165146,746.4
21e4e753965e90b3bfc3e0fbed4ad922,Input Validity,Lidar,Lidar Rate,10,745.53
21e4e753965e90b3bfc3e0fbed4ad922,Input Validity,Odometry,Odometry Rate,50,745.53
21e4e753965e90b3bfc3e0fbed4ad922,Input Validity,TF,TF Rate,10,745.53
21e4e753965e90b3bfc3e0fbed4ad922,Input Validity,Lidar,Lidar Rate,10,745.63
21e4e753965e90b3bfc3e0fbed4ad922,Input Validity,Odometry,Odometry Rate,50,745.63
21e4e753965e90b3bfc3e0fbed4ad922,Input Validity,TF,TF Rate,10,745.63
21e4e753965e90b3bfc3e0fbed4ad922,Localization Quality,AMCLPose,CovYawYaw,0.000414189,745.5
21e4e753965e90b3bfc3e0fbed4ad922,Localization Quality,AMCLPose,CovYY,5.31586e-05,745.5
21e4e753965e90b3bfc3e0fbed4ad922,Localization Quality,AMCLPose,CovXX,0.000356328,745.5
21e4e753965e90b3bfc3e0fbed4ad922,Localization Quality,AMCLPose,MeanYaw,2.67951,745.5
21e4e753965e90b3bfc3e0fbed4ad922,Localization Quality,AMCLPose,MeanY,-0.125059,745.5
21e4e753965e90b3bfc3e0fbed4ad922,Localization Quality,AMCLPose,MeanX,-8.42492,745.5
21e4e753965e90b3bfc3e0fbed4ad922,Localization Stability,TF,Jump Angular,0.00128374,746.5
21e4e753965e90b3bfc3e0fbed4ad922,Localization Stability,TF,Jump Linear,0.0212222,746.5
21e4e753965e90b3bfc3e0fbed4ad922,Localization Quality,AMCLPose,CovYawYaw,0.000606843,745.6
21e4e753965e90b3bfc3e0fbed4ad922,Localization Quality,AMCLPose,CovYY,0.000108098,745.6
21e4e753965e90b3bfc3e0fbed4ad922,Localization Quality,AMCLPose,CovXX,0.000573674,745.6
21e4e753965e90b3bfc3e0fbed4ad922,Localization Quality,AMCLPose,MeanYaw,2.60509,745.6
21e4e753965e90b3bfc3e0fbed4ad922,Localization Quality,AMCLPose,MeanY,-0.124932,745.6
21e4e753965e90b3bfc3e0fbed4ad922,Localization Quality,AMCLPose,MeanX,-8.42531,745.6
21e4e753965e90b3bfc3e0fbed4ad922,Localization Stability,TF,Jump Angular,-0.00020036,746.6
21e4e753965e90b3bfc3e0fbed4ad922,Localization Stability,TF,Jump Linear,0.00363676,746.6
21e4e753965e90b3bfc3e0fbed4ad922,Input Validity,Lidar,Lidar Rate,10,745.73
21e4e753965e90b3bfc3e0fbed4ad922,Input Validity,Odometry,Odometry Rate,50,745.73
21e4e753965e90b3bfc3e0fbed4ad922,Input Validity,TF,TF Rate,10,745.73
21e4e753965e90b3bfc3e0fbed4ad922,Localization Quality,AMCLPose,CovYawYaw,0.00102405,745.7
21e4e753965e90b3bfc3e0fbed4ad922,Localization Quality,AMCLPose,CovYY,0.000212357,745.7
21e4e753965e90b3bfc3e0fbed4ad922,Localization Quality,AMCLPose,CovXX,0.000861506,745.7
21e4e753965e90b3bfc3e0fbed4ad922,Localization Quality,AMCLPose,MeanYaw,2.51421,745.7
21e4e753965e90b3bfc3e0fbed4ad922,Localization Quality,AMCLPose,MeanY,-0.125027,745.7
21e4e753965e90b3bfc3e0fbed4ad922,Localization Quality,AMCLPose,MeanX,-8.42517,745.7
21e4e753965e90b3bfc3e0fbed4ad922,Localization Stability,TF,Jump Angular,0.000458161,746.7
21e4e753965e90b3bfc3e0fbed4ad922,Localization Stability,TF,Jump Linear,0.00772114,746.7
21e4e753965e90b3bfc3e0fbed4ad922,Input Validity,Lidar,Lidar Rate,10,745.83
21e4e753965e90b3bfc3e0fbed4ad922,Input Validity,Odometry,Odometry Rate,50,745.83
21e4e753965e90b3bfc3e0fbed4ad922,Input Validity,TF,TF Rate,10,745.83
21e4e753965e90b3bfc3e0fbed4ad922,Localization Quality,AMCLPose,CovYawYaw,0.0706228,745.8
21e4e753965e90b3bfc3e0fbed4ad922,Localization Quality,AMCLPose,CovYY,0.251029,745.8
21e4e753965e90b3bfc3e0fbed4ad922,Localization Quality,AMCLPose,CovXX,3.56666,745.8
21e4e753965e90b3bfc3e0fbed4ad922,Localization Quality,AMCLPose,MeanYaw,2.40717,745.8
21e4e753965e90b3bfc3e0fbed4ad922,Localization Quality,AMCLPose,MeanY,-0.125378,745.8
21e4e753965e90b3bfc3e0fbed4ad922,Localization Quality,AMCLPose,MeanX,-8.42437,745.8
21e4e753965e90b3bfc3e0fbed4ad922,Localization Stability,TF,Jump Angular,0.000820179,746.8
21e4e753965e90b3bfc3e0fbed4ad922,Localization Stability,TF,Jump Linear,0.0142282,746.8
21e4e753965e90b3bfc3e0fbed4ad922,Input Validity,Lidar,Lidar Rate,10,745.93
21e4e753965e90b3bfc3e0fbed4ad922,Input Validity,Odometry,Odometry Rate,50,745.93
21e4e753965e90b3bfc3e0fbed4ad922,Input Validity,TF,TF Rate,10,745.93
21e4e753965e90b3bfc3e0fbed4ad922,Localization Quality,AMCLPose,CovYawYaw,0.0792226,745.9
21e4e753965e90b3bfc3e0fbed4ad922,Localization Quality,AMCLPose,CovYY,0.230102,745.9
21e4e753965e90b3bfc3e0fbed4ad922,Localization Quality,AMCLPose,CovXX,4.29813,745.9
21e4e753965e90b3bfc3e0fbed4ad922,Localization Quality,AMCLPose,MeanYaw,2.28275,745.9
21e4e753965e90b3bfc3e0fbed4ad922,Localization Quality,AMCLPose,MeanY,-0.125668,745.9
21e4e753965e90b3bfc3e0fbed4ad922,Localization Quality,AMCLPose,MeanX,-8.4238,745.9
21e4e753965e90b3bfc3e0fbed4ad922,Localization Stability,TF,Jump Angular,-0.000121284,746.9
21e4e753965e90b3bfc3e0fbed4ad922,Localization Stability,TF,Jump Linear,0.00173249,746.9
21e4e753965e90b3bfc3e0fbed4ad922,Input Validity,Lidar,Lidar Rate,10,746.02
21e4e753965e90b3bfc3e0fbed4ad922,Input Validity,Odometry,Odometry Rate,50,746.02
21e4e753965e90b3bfc3e0fbed4ad922,Input Validity,TF,TF Rate,10,746.02
21e4e753965e90b3bfc3e0fbed4ad922,Localization Quality,AMCLPose,CovYawYaw,0.0835478,746
21e4e753965e90b3bfc3e0fbed4ad922,Localization Quality,AMCLPose,CovYY,0.221426,746
21e4e753965e90b3bfc3e0fbed4ad922,Localization Quality,AMCLPose,CovXX,4.63,746
21e4e753965e90b3bfc3e0fbed4ad922,Localization Quality,AMCLPose,MeanYaw,2.14095,746
21e4e753965e90b3bfc3e0fbed4ad922,Localization Quality,AMCLPose,MeanY,-0.124798,746
21e4e753965e90b3bfc3e0fbed4ad922,Localization Quality,AMCLPose,MeanX,-8.42456,746
21e4e753965e90b3bfc3e0fbed4ad922,Localization Stability,TF,Jump Angular,-0.000523638,747
21e4e753965e90b3bfc3e0fbed4ad922,Localization Stability,TF,Jump Linear,0.00906131,747
21e4e753965e90b3bfc3e0fbed4ad922,Input Validity,Lidar,Lidar Rate,10,746.12
21e4e753965e90b3bfc3e0fbed4ad922,Input Validity,Odometry,Odometry Rate,50,746.12
21e4e753965e90b3bfc3e0fbed4ad922,Input Validity,TF,TF Rate,10,746.12
21e4e753965e90b3bfc3e0fbed4ad922,Localization Quality,AMCLPose,CovYawYaw,0.0203926,746.1
21e4e753965e90b3bfc3e0fbed4ad922,Localization Quality,AMCLPose,CovYY,0.0706802,746.1
21e4e753965e90b3bfc3e0fbed4ad922,Localization Quality,AMCLPose,CovXX,1.50194,746.1
21e4e753965e90b3bfc3e0fbed4ad922,Localization Quality,AMCLPose,MeanYaw,1.97868,746.1
21e4e753965e90b3bfc3e0fbed4ad922,Localization Quality,AMCLPose,MeanY,-0.12895,746.1
21e4e753965e90b3bfc3e0fbed4ad922,Localization Quality,AMCLPose,MeanX,-8.42057,746.1
21e4e753965e90b3bfc3e0fbed4ad922,Localization Stability,TF,Jump Angular,-0.00398989,747.1
21e4e753965e90b3bfc3e0fbed4ad922,Localization Stability,TF,Jump Linear,0.0650809,747.1
21e4e753965e90b3bfc3e0fbed4ad922,Input Validity,Lidar,Lidar Rate,10,746.22
21e4e753965e90b3bfc3e0fbed4ad922,Input Validity,Odometry,Odometry Rate,50,746.22
21e4e753965e90b3bfc3e0fbed4ad922,Input Validity,TF,TF Rate,10,746.22
21e4e753965e90b3bfc3e0fbed4ad922,Localization Quality,AMCLPose,CovYawYaw,0.00624566,746.2
21e4e753965e90b3bfc3e0fbed4ad922,Localization Quality,AMCLPose,CovYY,0.018066,746.2
21e4e753965e90b3bfc3e0fbed4ad922,Localization Quality,AMCLPose,CovXX,0.328732,746.2
21e4e753965e90b3bfc3e0fbed4ad922,Localization Quality,AMCLPose,MeanYaw,1.80511,746.2
21e4e753965e90b3bfc3e0fbed4ad922,Localization Quality,AMCLPose,MeanY,-0.127278,746.2
21e4e753965e90b3bfc3e0fbed4ad922,Localization Quality,AMCLPose,MeanX,-8.42396,746.2
21e4e753965e90b3bfc3e0fbed4ad922,Localization Stability,TF,Jump Angular,0.00171216,747.2
21e4e753965e90b3bfc3e0fbed4ad922,Localization Stability,TF,Jump Linear,0.0264561,747.2
21e4e753965e90b3bfc3e0fbed4ad922,Input Validity,Lidar,Lidar Rate,10,746.32
21e4e753965e90b3bfc3e0fbed4ad922,Input Validity,Odometry,Odometry Rate,50,746.32
21e4e753965e90b3bfc3e0fbed4ad922,Input Validity,TF,TF Rate,10,746.32
21e4e753965e90b3bfc3e0fbed4ad922,Localization Quality,AMCLPose,CovYawYaw,0.0047899,746.3
21e4e753965e90b3bfc3e0fbed4ad922,Localization Quality,AMCLPose,CovYY,0.013328,746.3
21e4e753965e90b3bfc3e0fbed4ad922,Localization Quality,AMCLPose,CovXX,0.116389,746.3
21e4e753965e90b3bfc3e0fbed4ad922,Localization Quality,AMCLPose,MeanYaw,1.6154,746.3
21e4e753965e90b3bfc3e0fbed4ad922,Localization Quality,AMCLPose,MeanY,-0.124729,746.3
21e4e753965e90b3bfc3e0fbed4ad922,Localization Quality,AMCLPose,MeanX,-8.42751,746.3
21e4e753965e90b3bfc3e0fbed4ad922,Localization Stability,TF,Jump Angular,0.00255181,747.3
21e4e753965e90b3bfc3e0fbed4ad922,Localization Stability,TF,Jump Linear,0.0407243,747.3
21e4e753965e90b3bfc3e0fbed4ad922,Input Validity,Lidar,Lidar Rate,10,746.42
21e4e753965e90b3bfc3e0fbed4ad922,Input Validity,Odometry,Odometry Rate,50,746.42
21e4e753965e90b3bfc3e0fbed4ad922,Input Validity,TF,TF Rate,10,746.42
21e4e753965e90b3bfc3e0fbed4ad922,Localization Quality,AMCLPose,CovYawYaw,0.0048,746.4
21e4e753965e90b3bfc3e0fbed4ad922,Localization Quality,AMCLPose,CovYY,0.00538093,746.4
21e4e753965e90b3bfc3e0fbed4ad922,Localization Quality,AMCLPose,CovXX,0.00152185,746.4
21e4e753965e90b3bfc3e0fbed4ad922,Localization Quality,AMCLPose,MeanYaw,1.40719,746.4
21e4e753965e90b3bfc3e0fbed4ad922,Localization Quality,AMCLPose,MeanY,-0.125399,746.4
21e4e753965e90b3bfc3e0fbed4ad922,Localization Quality,AMCLPose,MeanX,-8.43018,746.4
21e4e753965e90b3bfc3e0fbed4ad922,Localization Stability,TF,Jump Angular,0.00103598,747.4
21e4e753965e90b3bfc3e0fbed4ad922,Localization Stability,TF,Jump Linear,0.0146024,747.4
21e4e753965e90b3bfc3e0fbed4ad922,Input Validity,Lidar,Lidar Rate,10,746.52
21e4e753965e90b3bfc3e0fbed4ad922,Input Validity,Odometry,Odometry Rate,50,746.52
21e4e753965e90b3bfc3e0fbed4ad922,Input Validity,TF,TF Rate,10,746.52
21e4e753965e90b3bfc3e0fbed4ad922,Localization Quality,AMCLPose,CovYawYaw,0.00561152,746.5
21e4e753965e90b3bfc3e0fbed4ad922,Localization Quality,AMCLPose,CovYY,0.0067317,746.5
21e4e753965e90b3bfc3e0fbed4ad922,Localization Quality,AMCLPose,CovXX,0.00142184,746.5
21e4e753965e90b3bfc3e0fbed4ad922,Localization Quality,AMCLPose,MeanYaw,1.18584,746.5
21e4e753965e90b3bfc3e0fbed4ad922,Localization Quality,AMCLPose,MeanY,-0.129929,746.5
21e4e753965e90b3bfc3e0fbed4ad922,Localization Quality,AMCLPose,MeanX,-8.43312,746.5
21e4e753965e90b3bfc3e0fbed4ad922,Localization Stability,TF,Jump Angular,-0.00135599,747.5
21e4e753965e90b3bfc3e0fbed4ad922,Localization Stability,TF,Jump Linear,0.0274219,747.5
21e4e753965e90b3bfc3e0fbed4ad922,Input Validity,Lidar,Lidar Rate,10,746.62
21e4e753965e90b3bfc3e0fbed4ad922,Input Validity,Odometry,Odometry Rate,50,746.62
21e4e753965e90b3bfc3e0fbed4ad922,Input Validity,TF,TF Rate,10,746.62
21e4e753965e90b3bfc3e0fbed4ad922,Localization Quality,AMCLPose,CovYawYaw,0.00760604,746.6
21e4e753965e90b3bfc3e0fbed4ad922,Localization Quality,AMCLPose,CovYY,0.00857548,746.6
21e4e753965e90b3bfc3e0fbed4ad922,Localization Quality,AMCLPose,CovXX,0.00174994,746.6
21e4e753965e90b3bfc3e0fbed4ad922,Localization Quality,AMCLPose,MeanYaw,0.966672,746.6
21e4e753965e90b3bfc3e0fbed4ad922,Localization Quality,AMCLPose,MeanY,-0.126067,746.6
21e4e753965e90b3bfc3e0fbed4ad922,Localization Quality,AMCLPose,MeanX,-8.43526,746.6
21e4e753965e90b3bfc3e0fbed4ad922,Localization Stability,TF,Jump Angular,0.000835837,747.6
21e4e753965e90b3bfc3e0fbed4ad922,Localization Stability,TF,Jump Linear,0.0144953,747.6
21e4e753965e90b3bfc3e0fbed4ad922,Input Validity,Lidar,Lidar Rate,10,746.72
21e4e753965e90b3bfc3e0fbed4ad922,Input Validity,Odometry,Odometry Rate,50,746.72
21e4e753965e90b3bfc3e0fbed4ad922,Input Validity,TF,TF Rate,10,746.72
21e4e753965e90b3bfc3e0fbed4ad922,Localization Quality,AMCLPose,CovYawYaw,0.0102561,746.7
21e4e753965e90b3bfc3e0fbed4ad922,Localization Quality,AMCLPose,CovYY,0.00984108,746.7
21e4e753965e90b3bfc3e0fbed4ad922,Localization Quality,AMCLPose,CovXX,0.00265747,746.7
21e4e753965e90b3bfc3e0fbed4ad922,Localization Quality,AMCLPose,MeanYaw,0.748382,746.7
21e4e753965e90b3bfc3e0fbed4ad922,Localization Quality,AMCLPose,MeanY,-0.126209,746.7
21e4e753965e90b3bfc3e0fbed4ad922,Localization Quality,AMCLPose,MeanX,-8.43612,746.7
21e4e753965e90b3bfc3e0fbed4ad922,Localization Stability,TF,Jump Angular,0.00170975,747.7
21e4e753965e90b3bfc3e0fbed4ad922,Localization Stability,TF,Jump Linear,0.0276703,747.7
21e4e753965e90b3bfc3e0fbed4ad922,Input Validity,Lidar,Lidar Rate,10,746.82
21e4e753965e90b3bfc3e0fbed4ad922,Input Validity,Odometry,Odometry Rate,50,746.82
21e4e753965e90b3bfc3e0fbed4ad922,Input Validity,TF,TF Rate,10,746.82
21e4e753965e90b3bfc3e0fbed4ad922,Localization Quality,AMCLPose,CovYawYaw,0.00928401,746.8
21e4e753965e90b3bfc3e0fbed4ad922,Localization Quality,AMCLPose,CovYY,0.0100498,746.8
21e4e753965e90b3bfc3e0fbed4ad922,Localization Quality,AMCLPose,CovXX,0.00286845,746.8
21e4e753965e90b3bfc3e0fbed4ad922,Localization Quality,AMCLPose,MeanYaw,0.525984,746.8
21e4e753965e90b3bfc3e0fbed4ad922,Localization Quality,AMCLPose,MeanY,-0.126981,746.8
21e4e753965e90b3bfc3e0fbed4ad922,Localization Quality,AMCLPose,MeanX,-8.44157,746.8
21e4e753965e90b3bfc3e0fbed4ad922,Localization Stability,TF,Jump Angular,-0.00289816,747.8
21e4e753965e90b3bfc3e0fbed4ad922,Localization Stability,TF,Jump Linear,0.0535887,747.8
21e4e753965e90b3bfc3e0fbed4ad922,Input Validity,Lidar,Lidar Rate,10,746.92
21e4e753965e90b3bfc3e0fbed4ad922,Input Validity,Odometry,Odometry Rate,50,746.92
21e4e753965e90b3bfc3e0fbed4ad922,Input Validity,TF,TF Rate,10,746.92
21e4e753965e90b3bfc3e0fbed4ad922,Localization Quality,AMCLPose,CovYawYaw,0.00812815,746.9
21e4e753965e90b3bfc3e0fbed4ad922,Localization Quality,AMCLPose,CovYY,0.00854592,746.9
21e4e753965e90b3bfc3e0fbed4ad922,Localization Quality,AMCLPose,CovXX,0.00337848,746.9
21e4e753965e90b3bfc3e0fbed4ad922,Localization Quality,AMCLPose,MeanYaw,0.339428,746.9
21e4e753965e90b3bfc3e0fbed4ad922,Localization Quality,AMCLPose,MeanY,-0.134287,746.9
21e4e753965e90b3bfc3e0fbed4ad922,Localization Quality,AMCLPose,MeanX,-8.44435,746.9
21e4e753965e90b3bfc3e0fbed4ad922,Localization Stability,TF,Jump Angular,0.000944791,747.9
21e4e753965e90b3bfc3e0fbed4ad922,Localization Stability,TF,Jump Linear,0.00724931,747.9
21e4e753965e90b3bfc3e0fbed4ad922,Input Validity,Lidar,Lidar Rate,10,747.02
21e4e753965e90b3bfc3e0fbed4ad922,Input Validity,Odometry,Odometry Rate,50,747.02
21e4e753965e90b3bfc3e0fbed4ad922,Input Validity,TF,TF Rate,10,747.02
21e4e753965e90b3bfc3e0fbed4ad922,Localization Quality,AMCLPose,CovYawYaw,0.00618263,747
21e4e753965e90b3bfc3e0fbed4ad922,Localization Quality,AMCLPose,CovYY,0.00691222,747
21e4e753965e90b3bfc3e0fbed4ad922,Localization Quality,AMCLPose,CovXX,0.0030825,747
21e4e753965e90b3bfc3e0fbed4ad922,Localization Quality,AMCLPose,MeanYaw,0.206466,747
21e4e753965e90b3bfc3e0fbed4ad922,Localization Quality,AMCLPose,MeanY,-0.140558,747
21e4e753965e90b3bfc3e0fbed4ad922,Localization Quality,AMCLPose,MeanX,-8.43759,747
21e4e753965e90b3bfc3e0fbed4ad922,Localization Stability,TF,Jump Angular,0.00453811,748
21e4e753965e90b3bfc3e0fbed4ad922,Localization Stability,TF,Jump Linear,0.0677144,748
21e4e753965e90b3bfc3e0fbed4ad922,Input Validity,Lidar,Lidar Rate,10,747.12
21e4e753965e90b3bfc3e0fbed4ad922,Input Validity,Odometry,Odometry Rate,50,747.12
21e4e753965e90b3bfc3e0fbed4ad922,Input Validity,TF,TF Rate,10,747.12
21e4e753965e90b3bfc3e0fbed4ad922,Localization Quality,AMCLPose,CovYawYaw,0.00473896,747.1
21e4e753965e90b3bfc3e0fbed4ad922,Localization Quality,AMCLPose,CovYY,0.00537758,747.1
21e4e753965e90b3bfc3e0fbed4ad922,Localization Quality,AMCLPose,CovXX,0.00257949,747.1
21e4e753965e90b3bfc3e0fbed4ad922,Localization Quality,AMCLPose,MeanYaw,0.122948,747.1
21e4e753965e90b3bfc3e0fbed4ad922,Localization Quality,AMCLPose,MeanY,-0.143236,747.1
21e4e753965e90b3bfc3e0fbed4ad922,Localization Quality,AMCLPose,MeanX,-8.42446,747.1
21e4e753965e90b3bfc3e0fbed4ad922,Localization Stability,TF,Jump Angular,0.00398113,748.1
21e4e753965e90b3bfc3e0fbed4ad922,Localization Stability,TF,Jump Linear,0.059174,748.1
21e4e753965e90b3bfc3e0fbed4ad922,Input Validity,Lidar,Lidar Rate,10,747.22
21e4e753965e90b3bfc3e0fbed4ad922,Input Validity,Odometry,Odometry Rate,50,747.22
21e4e753965e90b3bfc3e0fbed4ad922,Input Validity,TF,TF Rate,10,747.22
21e4e753965e90b3bfc3e0fbed4ad922,Localization Stability,TF,Jump Angular,0,748.2
21e4e753965e90b3bfc3e0fbed4ad922,Localization Stability,TF,Jump Linear,0,748.2
21e4e753965e90b3bfc3e0fbed4ad922,Input Validity,Lidar,Lidar Rate,10,747.32
21e4e753965e90b3bfc3e0fbed4ad922,Input Validity,Odometry,Odometry Rate,50,747.32
21e4e753965e90b3bfc3e0fbed4ad922,Input Validity,TF,TF Rate,10,747.32
21e4e753965e90b3bfc3e0fbed4ad922,Localization Quality,AMCLPose,CovYawYaw,0.00378541,747.3
21e4e753965e90b3bfc3e0fbed4ad922,Localization Quality,AMCLPose,CovYY,0.00455196,747.3
21e4e753965e90b3bfc3e0fbed4ad922,Localization Quality,AMCLPose,CovXX,0.002456,747.3
21e4e753965e90b3bfc3e0fbed4ad922,Localization Quality,AMCLPose,MeanYaw,0.052171,747.3
21e4e753965e90b3bfc3e0fbed4ad922,Localization Quality,AMCLPose,MeanY,-0.140218,747.3
21e4e753965e90b3bfc3e0fbed4ad922,Localization Quality,AMCLPose,MeanX,-8.36954,747.3
21e4e753965e90b3bfc3e0fbed4ad922,Localization Stability,TF,Jump Angular,0.00288088,748.3
21e4e753965e90b3bfc3e0fbed4ad922,Localization Stability,TF,Jump Linear,0.0445283,748.3
21e4e753965e90b3bfc3e0fbed4ad922,Input Validity,Lidar,Lidar Rate,10,747.42
21e4e753965e90b3bfc3e0fbed4ad922,Input Validity,Odometry,Odometry Rate,50,747.42
21e4e753965e90b3bfc3e0fbed4ad922,Input Validity,TF,TF Rate,10,747.42
21e4e753965e90b3bfc3e0fbed4ad922,Localization Stability,TF,Jump Angular,0,748.4
21e4e753965e90b3bfc3e0fbed4ad922,Localization Stability,TF,Jump Linear,0,748.4
21e4e753965e90b3bfc3e0fbed4ad922,Input Validity,Lidar,Lidar Rate,10,747.52
21e4e753965e90b3bfc3e0fbed4ad922,Input Validity,Odometry,Odometry Rate,50,747.52
21e4e753965e90b3bfc3e0fbed4ad922,Input Validity,TF,TF Rate,10,747.52
21e4e753965e90b3bfc3e0fbed4ad922,Localization Quality,AMCLPose,CovYawYaw,0.0033309,747.5
21e4e753965e90b3bfc3e0fbed4ad922,Localization Quality,AMCLPose,CovYY,0.00387209,747.5
21e4e753965e90b3bfc3e0fbed4ad922,Localization Quality,AMCLPose,CovXX,0.00244655,747.5
21e4e753965e90b3bfc3e0fbed4ad922,Localization Quality,AMCLPose,MeanYaw,-0.00969567,747.5
21e4e753965e90b3bfc3e0fbed4ad922,Localization Quality,AMCLPose,MeanY,-0.139009,747.5
21e4e753965e90b3bfc3e0fbed4ad922,Localization Quality,AMCLPose,MeanX,-8.28655,747.5
21e4e753965e90b3bfc3e0fbed4ad922,Localization Stability,TF,Jump Angular,0.00204399,748.5
21e4e753965e90b3bfc3e0fbed4ad922,Localization Stability,TF,Jump Linear,0.0326172,748.5
21e4e753965e90b3bfc3e0fbed4ad922,Input Validity,Lidar,Lidar Rate,10,747.62
21e4e753965e90b3bfc3e0fbed4ad922,Input Validity,Odometry,Odometry Rate,50,747.62
21e4e753965e90b3bfc3e0fbed4ad922,Input Validity,TF,TF Rate,10,747.62
21e4e753965e90b3bfc3e0fbed4ad922,Localization Stability,TF,Jump Angular,0,748.6
21e4e753965e90b3bfc3e0fbed4ad922,Localization Stability,TF,Jump Linear,0,748.6
21e4e753965e90b3bfc3e0fbed4ad922,Input Validity,Lidar,Lidar Rate,10,747.72
21e4e753965e90b3bfc3e0fbed4ad922,Input Validity,Odometry,Odometry Rate,50,747.72
21e4e753965e90b3bfc3e0fbed4ad922,Input Validity,TF,TF Rate,10,747.72
21e4e753965e90b3bfc3e0fbed4ad922,Localization Quality,AMCLPose,CovYawYaw,0.00334534,747.7
21e4e753965e90b3bfc3e0fbed4ad922,Localization Quality,AMCLPose,CovYY,0.00351456,747.7
21e4e753965e90b3bfc3e0fbed4ad922,Localization Quality,AMCLPose,CovXX,0.00258879,747.7
21e4e753965e90b3bfc3e0fbed4ad922,Localization Quality,AMCLPose,MeanYaw,-0.0721717,747.7
21e4e753965e90b3bfc3e0fbed4ad922,Localization Quality,AMCLPose,MeanY,-0.143977,747.7
21e4e753965e90b3bfc3e0fbed4ad922,Localization Quality,AMCLPose,MeanX,-8.20037,747.7
21e4e753965e90b3bfc3e0fbed4ad922,Localization Stability,TF,Jump Angular,0.00247053,748.7
21e4e753965e90b3bfc3e0fbed4ad922,Localization Stability,TF,Jump Linear,0.037031,748.7
21e4e753965e90b3bfc3e0fbed4ad922,Input Validity,Lidar,Lidar Rate,10,747.81
21e4e753965e90b3bfc3e0fbed4ad922,Input Validity,Odometry,Odometry Rate,50,747.81
21e4e753965e90b3bfc3e0fbed4ad922,Input Validity,TF,TF Rate,10,747.81
21e4e753965e90b3bfc3e0fbed4ad922,Localization Stability,TF,Jump Angular,0,748.8
21e4e753965e90b3bfc3e0fbed4ad922,Localization Stability,TF,Jump Linear,0,748.8
21e4e753965e90b3bfc3e0fbed4ad922,Input Validity,Lidar,Lidar Rate,10,747.91
21e4e753965e90b3bfc3e0fbed4ad922,Input Validity,Odometry,Odometry Rate,50,747.91
21e4e753965e90b3bfc3e0fbed4ad922,Input Validity,TF,TF Rate,10,747.91
21e4e753965e90b3bfc3e0fbed4ad922,Localization Quality,AMCLPose,CovYawYaw,0.00500306,747.9
21e4e753965e90b3bfc3e0fbed4ad922,Localization Quality,AMCLPose,CovYY,0.00362159,747.9
21e4e753965e90b3bfc3e0fbed4ad922,Localization Quality,AMCLPose,CovXX,0.00324212,747.9
21e4e753965e90b3bfc3e0fbed4ad922,Localization Quality,AMCLPose,MeanYaw,-0.138938,747.9
21e4e753965e90b3bfc3e0fbed4ad922,Localization Quality,AMCLPose,MeanY,-0.154524,747.9
21e4e753965e90b3bfc3e0fbed4ad922,Localization Quality,AMCLPose,MeanX,-8.11163,747.9
21e4e753965e90b3bfc3e0fbed4ad922,Localization Stability,TF,Jump Angular,-0.00154692,748.9
21e4e753965e90b3bfc3e0fbed4ad922,Localization Stability,TF,Jump Linear,0.0267033,748.9
21e4e753965e90b3bfc3e0fbed4ad922,Input Validity,Lidar,Lidar Rate,10,748.01
21e4e753965e90b3bfc3e0fbed4ad922,Input Validity,Odometry,Odometry Rate,50,748.01
21e4e753965e90b3bfc3e0fbed4ad922,Input Validity,TF,TF Rate,10,748.01
21e4e753965e90b3bfc3e0fbed4ad922,Localization Stability,TF,Jump Angular,0,749
21e4e753965e90b3bfc3e0fbed4ad922,Localization Stability,TF,Jump Linear,0,749
21e4e753965e90b3bfc3e0fbed4ad922,Input Validity,Lidar,Lidar Rate,10,748.11
21e4e753965e90b3bfc3e0fbed4ad922,Input Validity,Odometry,Odometry Rate,50,748.11
21e4e753965e90b3bfc3e0fbed4ad922,Input Validity,TF,TF Rate,10,748.11
21e4e753965e90b3bfc3e0fbed4ad922,Localization Quality,AMCLPose,CovYawYaw,0.00840368,748.1
21e4e753965e90b3bfc3e0fbed4ad922,Localization Quality,AMCLPose,CovYY,0.00372264,748.1
21e4e753965e90b3bfc3e0fbed4ad922,Localization Quality,AMCLPose,CovXX,0.00406338,748.1
21e4e753965e90b3bfc3e0fbed4ad922,Localization Quality,AMCLPose,MeanYaw,-0.223832,748.1
21e4e753965e90b3bfc3e0fbed4ad922,Localization Quality,AMCLPose,MeanY,-0.170072,748.1
21e4e753965e90b3bfc3e0fbed4ad922,Localization Quality,AMCLPose,MeanX,-8.01429,748.1
21e4e753965e90b3bfc3e0fbed4ad922,Localization Stability,TF,Jump Angular,-0.0240584,749.1
21e4e753965e90b3bfc3e0fbed4ad922,Localization Stability,TF,Jump Linear,0.388051,749.1
21e4e753965e90b3bfc3e0fbed4ad922,Input Validity,Lidar,Lidar Rate,10,748.21
21e4e753965e90b3bfc3e0fbed4ad922,Input Validity,Odometry,Odometry Rate,50,748.21
21e4e753965e90b3bfc3e0fbed4ad922,Input Validity,TF,TF Rate,10,748.21
21e4e753965e90b3bfc3e0fbed4ad922,Localization Stability,TF,Jump Angular,0,749.2
21e4e753965e90b3bfc3e0fbed4ad922,Localization Stability,TF,Jump Linear,0,749.2
21e4e753965e90b3bfc3e0fbed4ad922,Input Validity,Lidar,Lidar Rate,10,748.31
21e4e753965e90b3bfc3e0fbed4ad922,Input Validity,Odometry,Odometry Rate,50,748.31
21e4e753965e90b3bfc3e0fbed4ad922,Input Validity,TF,TF Rate,10,748.31
21e4e753965e90b3bfc3e0fbed4ad922,Localization Quality,AMCLPose,CovYawYaw,0.00917209,748.3
21e4e753965e90b3bfc3e0fbed4ad922,Localization Quality,AMCLPose,CovYY,0.00374951,748.3
21e4e753965e90b3bfc3e0fbed4ad922,Localization Quality,AMCLPose,CovXX,0.00441308,748.3
21e4e753965e90b3bfc3e0fbed4ad922,Localization Quality,AMCLPose,MeanYaw,-0.272689,748.3
21e4e753965e90b3bfc3e0fbed4ad922,Localization Quality,AMCLPose,MeanY,-0.186808,748.3
21e4e753965e90b3bfc3e0fbed4ad922,Localization Quality,AMCLPose,MeanX,-7.92658,748.3
21e4e753965e90b3bfc3e0fbed4ad922,Localization Stability,TF,Jump Angular,0.0118802,749.3
21e4e753965e90b3bfc3e0fbed4ad922,Localization Stability,TF,Jump Linear,0.197809,749.3
21e4e753965e90b3bfc3e0fbed4ad922,Input Validity,Lidar,Lidar Rate,10,748.41
21e4e753965e90b3bfc3e0fbed4ad922,Input Validity,Odometry,Odometry Rate,50,748.41
21e4e753965e90b3bfc3e0fbed4ad922,Input Validity,TF,TF Rate,10,748.41
21e4e753965e90b3bfc3e0fbed4ad922,Localization Stability,TF,Jump Angular,0,749.4
21e4e753965e90b3bfc3e0fbed4ad922,Localization Stability,TF,Jump Linear,0,749.4
21e4e753965e90b3bfc3e0fbed4ad922,Input Validity,Lidar,Lidar Rate,10,748.51
21e4e753965e90b3bfc3e0fbed4ad922,Input Validity,Odometry,Odometry Rate,50,748.51
21e4e753965e90b3bfc3e0fbed4ad922,Input Validity,TF,TF Rate,10,748.51
21e4e753965e90b3bfc3e0fbed4ad922,Localization Quality,AMCLPose,CovYawYaw,0.010247,748.5
21e4e753965e90b3bfc3e0fbed4ad922,Localization Quality,AMCLPose,CovYY,0.00368515,748.5
21e4e753965e90b3bfc3e0fbed4ad922,Localization Quality,AMCLPose,CovXX,0.00468934,748.5
21e4e753965e90b3bfc3e0fbed4ad922,Localization Quality,AMCLPose,MeanYaw,-0.324005,748.5
21e4e753965e90b3bfc3e0fbed4ad922,Localization Quality,AMCLPose,MeanY,-0.209381,748.5
21e4e753965e90b3bfc3e0fbed4ad922,Localization Quality,AMCLPose,MeanX,-7.8382,748.5
21e4e753965e90b3bfc3e0fbed4ad922,Localization Stability,TF,Jump Angular,0.00851151,749.5
21e4e753965e90b3bfc3e0fbed4ad922,Localization Stability,TF,Jump Linear,0.143122,749.5
21e4e753965e90b3bfc3e0fbed4ad922,Input Validity,Lidar,Lidar Rate,10,748.61
21e4e753965e90b3bfc3e0fbed4ad922,Input Validity,Odometry,Odometry Rate,50,748.61
21e4e753965e90b3bfc3e0fbed4ad922,Input Validity,TF,TF Rate,10,748.61
21e4e753965e90b3bfc3e0fbed4ad922,Localization Stability,TF,Jump Angular,0,749.6
21e4e753965e90b3bfc3e0fbed4ad922,Localization Stability,TF,Jump Linear,0,749.6
21e4e753965e90b3bfc3e0fbed4ad922,Input Validity,Lidar,Lidar Rate,10,748.71
21e4e753965e90b3bfc3e0fbed4ad922,Input Validity,Odometry,Odometry Rate,50,748.71
21e4e753965e90b3bfc3e0fbed4ad922,Input Validity,TF,TF Rate,10,748.71
21e4e753965e90b3bfc3e0fbed4ad922,Localization Quality,AMCLPose,CovYawYaw,0.0109675,748.7
21e4e753965e90b3bfc3e0fbed4ad922,Localization Quality,AMCLPose,CovYY,0.00377541,748.7
21e4e753965e90b3bfc3e0fbed4ad922,Localization Quality,AMCLPose,CovXX,0.00515343,748.7
21e4e753965e90b3bfc3e0fbed4ad922,Localization Quality,AMCLPose,MeanYaw,-0.357261,748.7
21e4e753965e90b3bfc3e0fbed4ad922,Localization Quality,AMCLPose,MeanY,-0.234045,748.7
21e4e753965e90b3bfc3e0fbed4ad922,Localization Quality,AMCLPose,MeanX,-7.7533,748.7
21e4e753965e90b3bfc3e0fbed4ad922,Localization Stability,TF,Jump Angular,0.0174003,749.7
21e4e753965e90b3bfc3e0fbed4ad922,Localization Stability,TF,Jump Linear,0.286082,749.7
21e4e753965e90b3bfc3e0fbed4ad922,Input Validity,Lidar,Lidar Rate,10,748.81
21e4e753965e90b3bfc3e0fbed4ad922,Input Validity,Odometry,Odometry Rate,50,748.81
21e4e753965e90b3bfc3e0fbed4ad922,Input Validity,TF,TF Rate,10,748.81
21e4e753965e90b3bfc3e0fbed4ad922,Localization Stability,TF,Jump Angular,0,749.8
21e4e753965e90b3bfc3e0fbed4ad922,Localization Stability,TF,Jump Linear,0,749.8
21e4e753965e90b3bfc3e0fbed4ad922,Input Validity,Lidar,Lidar Rate,10,748.91
21e4e753965e90b3bfc3e0fbed4ad922,Input Validity,Odometry,Odometry Rate,50,748.91
21e4e753965e90b3bfc3e0fbed4ad922,Input Validity,TF,TF Rate,10,748.91
21e4e753965e90b3bfc3e0fbed4ad922,Localization Stability,TF,Jump Angular,0,749.9
21e4e753965e90b3bfc3e0fbed4ad922,Localization Stability,TF,Jump Linear,0,749.9
21e4e753965e90b3bfc3e0fbed4ad922,Input Validity,Lidar,Lidar Rate,10,749.01
21e4e753965e90b3bfc3e0fbed4ad922,Input Validity,Odometry,Odometry Rate,50,749.01
21e4e753965e90b3bfc3e0fbed4ad922,Input Validity,TF,TF Rate,10,749.01
21e4e753965e90b3bfc3e0fbed4ad922,Localization Quality,AMCLPose,CovYawYaw,0.0127502,749
21e4e753965e90b3bfc3e0fbed4ad922,Localization Quality,AMCLPose,CovYY,0.00444812,749
21e4e753965e90b3bfc3e0fbed4ad922,Localization Quality,AMCLPose,CovXX,0.00602352,749
21e4e753965e90b3bfc3e0fbed4ad922,Localization Quality,AMCLPose,MeanYaw,-0.397764,749
21e4e753965e90b3bfc3e0fbed4ad922,Localization Quality,AMCLPose,MeanY,-0.279407,749
21e4e753965e90b3bfc3e0fbed4ad922,Localization Quality,AMCLPose,MeanX,-7.62449,749
21e4e753965e90b3bfc3e0fbed4ad922,Localization Stability,TF,Jump Angular,0.014511,750
21e4e753965e90b3bfc3e0fbed4ad922,Localization Stability,TF,Jump Linear,0.240443,750
21e4e753965e90b3bfc3e0fbed4ad922,Input Validity,Lidar,Lidar Rate,10,749.11
21e4e753965e90b3bfc3e0fbed4ad922,Input Validity,Odometry,Odometry Rate,50,749.11
21e4e753965e90b3bfc3e0fbed4ad922,Input Validity,TF,TF Rate,10,749.11
21e4e753965e90b3bfc3e0fbed4ad922,Localization Stability,TF,Jump Angular,0,750.1
21e4e753965e90b3bfc3e0fbed4ad922,Localization Stability,TF,Jump Linear,0,750.1
21e4e753965e90b3bfc3e0fbed4ad922,Input Validity,Lidar,Lidar Rate,10,749.21
21e4e753965e90b3bfc3e0fbed4ad922,Input Validity,Odometry,Odometry Rate,50,749.21
21e4e753965e90b3bfc3e0fbed4ad922,Input Validity,TF,TF Rate,10,749.21
21e4e753965e90b3bfc3e0fbed4ad922,Localization Stability,TF,Jump Angular,0,750.2
21e4e753965e90b3bfc3e0fbed4ad922,Localization Stability,TF,Jump Linear,0,750.2
21e4e753965e90b3bfc3e0fbed4ad922,Input Validity,Lidar,Lidar Rate,10,749.31
21e4e753965e90b3bfc3e0fbed4ad922,Input Validity,Odometry,Odometry Rate,50,749.31
21e4e753965e90b3bfc3e0fbed4ad922,Input Validity,TF,TF Rate,10,749.31
21e4e753965e90b3bfc3e0fbed4ad922,Localization Quality,AMCLPose,CovYawYaw,0.0138946,749.3
21e4e753965e90b3bfc3e0fbed4ad922,Localization Quality,AMCLPose,CovYY,0.00554654,749.3
21e4e753965e90b3bfc3e0fbed4ad922,Localization Quality,AMCLPose,CovXX,0.00702657,749.3
21e4e753965e90b3bfc3e0fbed4ad922,Localization Quality,AMCLPose,MeanYaw,-0.402403,749.3
21e4e753965e90b3bfc3e0fbed4ad922,Localization Quality,AMCLPose,MeanY,-0.328644,749.3
21e4e753965e90b3bfc3e0fbed4ad922,Localization Quality,AMCLPose,MeanX,-7.49858,749.3
21e4e753965e90b3bfc3e0fbed4ad922,Localization Stability,TF,Jump Angular,0.012406,750.3
21e4e753965e90b3bfc3e0fbed4ad922,Localization Stability,TF,Jump Linear,0.203146,750.3
21e4e753965e90b3bfc3e0fbed4ad922,Input Validity,Lidar,Lidar Rate,10,749.41
21e4e753965e90b3bfc3e0fbed4ad922,Input Validity,Odometry,Odometry Rate,50,749.41
21e4e753965e90b3bfc3e0fbed4ad922,Input Validity,TF,TF Rate,10,749.41
21e4e753965e90b3bfc3e0fbed4ad922,Localization Stability,TF,Jump Angular,0,750.4
21e4e753965e90b3bfc3e0fbed4ad922,Localization Stability,TF,Jump Linear,0,750.4
21e4e753965e90b3bfc3e0fbed4ad922,Input Validity,Lidar,Lidar Rate,10,749.5
21e4e753965e90b3bfc3e0fbed4ad922,Input Validity,Odometry,Odometry Rate,50,749.5
21e4e753965e90b3bfc3e0fbed4ad922,Input Validity,TF,TF Rate,10,749.5
21e4e753965e90b3bfc3e0fbed4ad922,Localization Stability,TF,Jump Angular,0,750.5
21e4e753965e90b3bfc3e0fbed4ad922,Localization Stability,TF,Jump Linear,0,750.5
21e4e753965e90b3bfc3e0fbed4ad922,Input Validity,Lidar,Lidar Rate,10,749.6
21e4e753965e90b3bfc3e0fbed4ad922,Input Validity,Odometry,Odometry Rate,50,749.6
21e4e753965e90b3bfc3e0fbed4ad922,Input Validity,TF,TF Rate,10,749.6
21e4e753965e90b3bfc3e0fbed4ad922,Localization Quality,AMCLPose,CovYawYaw,0.0156808,749.6
21e4e753965e90b3bfc3e0fbed4ad922,Localization Quality,AMCLPose,CovYY,0.00664828,749.6
21e4e753965e90b3bfc3e0fbed4ad922,Localization Quality,AMCLPose,CovXX,0.00792117,749.6
21e4e753965e90b3bfc3e0fbed4ad922,Localization Quality,AMCLPose,MeanYaw,-0.387426,749.6
21e4e753965e90b3bfc3e0fbed4ad922,Localization Quality,AMCLPose,MeanY,-0.378594,749.6
21e4e753965e90b3bfc3e0fbed4ad922,Localization Quality,AMCLPose,MeanX,-7.3705,749.6
21e4e753965e90b3bfc3e0fbed4ad922,Localization Stability,TF,Jump Angular,0.00642336,750.6
21e4e753965e90b3bfc3e0fbed4ad922,Localization Stability,TF,Jump Linear,0.106976,750.6
21e4e753965e90b3bfc3e0fbed4ad922,Input Validity,Lidar,Lidar Rate,10,749.7
21e4e753965e90b3bfc3e0fbed4ad922,Input Validity,Odometry,Odometry Rate,50,749.7
21e4e753965e90b3bfc3e0fbed4ad922,Input Validity,TF,TF Rate,10,749.7
21e4e753965e90b3bfc3e0fbed4ad922,Localization Stability,TF,Jump Angular,0,750.7
21e4e753965e90b3bfc3e0fbed4ad922,Localization Stability,TF,Jump Linear,0,750.7
21e4e753965e90b3bfc3e0fbed4ad922,Input Validity,Lidar,Lidar Rate,10,749.8
21e4e753965e90b3bfc3e0fbed4ad922,Input Validity,Odometry,Odometry Rate,50,749.8
21e4e753965e90b3bfc3e0fbed4ad922,Input Validity,TF,TF Rate,10,749.8
21e4e753965e90b3bfc3e0fbed4ad922,Localization Stability,TF,Jump Angular,0,750.8
21e4e753965e90b3bfc3e0fbed4ad922,Localization Stability,TF,Jump Linear,0,750.8
21e4e753965e90b3bfc3e0fbed4ad922,Input Validity,Lidar,Lidar Rate,10,749.9
21e4e753965e90b3bfc3e0fbed4ad922,Input Validity,Odometry,Odometry Rate,50,749.9
21e4e753965e90b3bfc3e0fbed4ad922,Input Validity,TF,TF Rate,10,749.9
21e4e753965e90b3bfc3e0fbed4ad922,Localization Quality,AMCLPose,CovYawYaw,0.0184098,749.9
21e4e753965e90b3bfc3e0fbed4ad922,Localization Quality,AMCLPose,CovYY,0.00925654,749.9
21e4e753965e90b3bfc3e0fbed4ad922,Localization Quality,AMCLPose,CovXX,0.00892107,749.9
21e4e753965e90b3bfc3e0fbed4ad922,Localization Quality,AMCLPose,MeanYaw,-0.348829,749.9
21e4e753965e90b3bfc3e0fbed4ad922,Localization Quality,AMCLPose,MeanY,-0.424821,749.9
21e4e753965e90b3bfc3e0fbed4ad922,Localization Quality,AMCLPose,MeanX,-7.24349,749.9
21e4e753965e90b3bfc3e0fbed4ad922,Localization Stability,TF,Jump Angular,0.00756198,750.9
21e4e753965e90b3bfc3e0fbed4ad922,Localization Stability,TF,Jump Linear,0.122485,750.9
21e4e753965e90b3bfc3e0fbed4ad922,Input Validity,Lidar,Lidar Rate,10,750
21e4e753965e90b3bfc3e0fbed4ad922,Input Validity,Odometry,Odometry Rate,50,750
21e4e753965e90b3bfc3e0fbed4ad922,Input Validity,TF,TF Rate,10,750
21e4e753965e90b3bfc3e0fbed4ad922,Localization Stability,TF,Jump Angular,0,751
21e4e753965e90b3bfc3e0fbed4ad922,Localization Stability,TF,Jump Linear,0,751
21e4e753965e90b3bfc3e0fbed4ad922,Input Validity,Lidar,Lidar Rate,10,750.1
21e4e753965e90b3bfc3e0fbed4ad922,Input Validity,Odometry,Odometry Rate,50,750.1
21e4e753965e90b3bfc3e0fbed4ad922,Input Validity,TF,TF Rate,10,750.1
21e4e753965e90b3bfc3e0fbed4ad922,Localization Stability,TF,Jump Angular,0,751.1
21e4e753965e90b3bfc3e0fbed4ad922,Localization Stability,TF,Jump Linear,0,751.1
21e4e753965e90b3bfc3e0fbed4ad922,Input Validity,Lidar,Lidar Rate,10,750.2
21e4e753965e90b3bfc3e0fbed4ad922,Input Validity,Odometry,Odometry Rate,50,750.2
21e4e753965e90b3bfc3e0fbed4ad922,Input Validity,TF,TF Rate,10,750.2
21e4e753965e90b3bfc3e0fbed4ad922,Localization Quality,AMCLPose,CovYawYaw,0.020556,750.2
21e4e753965e90b3bfc3e0fbed4ad922,Localization Quality,AMCLPose,CovYY,0.012209,750.2
21e4e753965e90b3bfc3e0fbed4ad922,Localization Quality,AMCLPose,CovXX,0.0102449,750.2
21e4e753965e90b3bfc3e0fbed4ad922,Localization Quality,AMCLPose,MeanYaw,-0.274997,750.2
21e4e753965e90b3bfc3e0fbed4ad922,Localization Quality,AMCLPose,MeanY,-0.459371,750.2
21e4e753965e90b3bfc3e0fbed4ad922,Localization Quality,AMCLPose,MeanX,-7.11206,750.2
21e4e753965e90b3bfc3e0fbed4ad922,Localization Stability,TF,Jump Angular,0.0131009,751.2
21e4e753965e90b3bfc3e0fbed4ad922,Localization Stability,TF,Jump Linear,0.213111,751.2
21e4e753965e90b3bfc3e0fbed4ad922,Input Validity,Lidar,Lidar Rate,10,750.3
21e4e753965e90b3bfc3e0fbed4ad922,Input Validity,Odometry,Odometry Rate,50,750.3
21e4e753965e90b3bfc3e0fbed4ad922,Input Validity,TF,TF Rate,10,750.3
21e4e753965e90b3bfc3e0fbed4ad922,Localization Stability,TF,Jump Angular,0,751.3
21e4e753965e90b3bfc3e0fbed4ad922,Localization Stability,TF,Jump Linear,0,751.3
21e4e753965e90b3bfc3e0fbed4ad922,Input Validity,Lidar,Lidar Rate,10,750.4
21e4e753965e90b3bfc3e0fbed4ad922,Input Validity,Odometry,Odometry Rate,50,750.4
21e4e753965e90b3bfc3e0fbed4ad922,Input Validity,TF,TF Rate,10,750.4
21e4e753965e90b3bfc3e0fbed4ad922,Localization Stability,TF,Jump Angular,0,751.4
21e4e753965e90b3bfc3e0fbed4ad922,Localization Stability,TF,Jump Linear,0,751.4
21e4e753965e90b3bfc3e0fbed4ad922,Input Validity,Lidar,Lidar Rate,10,750.5
21e4e753965e90b3bfc3e0fbed4ad922,Input Validity,Odometry,Odometry Rate,50,750.5
21e4e753965e90b3bfc3e0fbed4ad922,Input Validity,TF,TF Rate,10,750.5
21e4e753965e90b3bfc3e0fbed4ad922,Localization Quality,AMCLPose,CovYawYaw,0.022669,750.5
21e4e753965e90b3bfc3e0fbed4ad922,Localization Quality,AMCLPose,CovYY,0.0165364,750.5
21e4e753965e90b3bfc3e0fbed4ad922,Localization Quality,AMCLPose,CovXX,0.0112385,750.5
21e4e753965e90b3bfc3e0fbed4ad922,Localization Quality,AMCLPose,MeanYaw,-0.197264,750.5
21e4e753965e90b3bfc3e0fbed4ad922,Localization Quality,AMCLPose,MeanY,-0.485194,750.5
21e4e753965e90b3bfc3e0fbed4ad922,Localization Quality,AMCLPose,MeanX,-6.97919,750.5
21e4e753965e90b3bfc3e0fbed4ad922,Localization Stability,TF,Jump Angular,0.00799227,751.5
21e4e753965e90b3bfc3e0fbed4ad922,Localization Stability,TF,Jump Linear,0.129612,751.5
21e4e753965e90b3bfc3e0fbed4ad922,Input Validity,Lidar,Lidar Rate,10,750.6
21e4e753965e90b3bfc3e0fbed4ad922,Input Validity,Odometry,Odometry Rate,50,750.6
21e4e753965e90b3bfc3e0fbed4ad922,Input Validity,TF,TF Rate,10,750.6
21e4e753965e90b3bfc3e0fbed4ad922,Localization Stability,TF,Jump Angular,0,751.6
21e4e753965e90b3bfc3e0fbed4ad922,Localization Stability,TF,Jump Linear,0,751.6
21e4e753965e90b3bfc3e0fbed4ad922,Input Validity,Lidar,Lidar Rate,10,750.7
21e4e753965e90b3bfc3e0fbed4ad922,Input Validity,Odometry,Odometry Rate,50,750.7
21e4e753965e90b3bfc3e0fbed4ad922,Input Validity,TF,TF Rate,10,750.7
21e4e753965e90b3bfc3e0fbed4ad922,Localization Stability,TF,Jump Angular,0,751.7
21e4e753965e90b3bfc3e0fbed4ad922,Localization Stability,TF,Jump Linear,0,751.7
21e4e753965e90b3bfc3e0fbed4ad922,Input Validity,Lidar,Lidar Rate,10,750.8
21e4e753965e90b3bfc3e0fbed4ad922,Input Validity,Odometry,Odometry Rate,50,750.8
21e4e753965e90b3bfc3e0fbed4ad922,Input Validity,TF,TF Rate,10,750.8
21e4e753965e90b3bfc3e0fbed4ad922,Localization Quality,AMCLPose,CovYawYaw,0.0270159,750.8
21e4e753965e90b3bfc3e0fbed4ad922,Localization Quality,AMCLPose,CovYY,0.0217014,750.8
21e4e753965e90b3bfc3e0fbed4ad922,Localization Quality,AMCLPose,CovXX,0.0118966,750.8
21e4e753965e90b3bfc3e0fbed4ad922,Localization Quality,AMCLPose,MeanYaw,-0.117634,750.8
21e4e753965e90b3bfc3e0fbed4ad922,Localization Quality,AMCLPose,MeanY,-0.491906,750.8
21e4e753965e90b3bfc3e0fbed4ad922,Localization Quality,AMCLPose,MeanX,-6.8479,750.8
21e4e753965e90b3bfc3e0fbed4ad922,Localization Stability,TF,Jump Angular,0.026918,751.8
21e4e753965e90b3bfc3e0fbed4ad922,Localization Stability,TF,Jump Linear,0.425764,751.8
21e4e753965e90b3bfc3e0fbed4ad922,Input Validity,Lidar,Lidar Rate,10,750.9
21e4e753965e90b3bfc3e0fbed4ad922,Input Validity,Odometry,Odometry Rate,50,750.9
21e4e753965e90b3bfc3e0fbed4ad922,Input Validity,TF,TF Rate,10,750.9
21e4e753965e90b3bfc3e0fbed4ad922,Localization Stability,TF,Jump Angular,0,751.9
21e4e753965e90b3bfc3e0fbed4ad922,Localization Stability,TF,Jump Linear,0,751.9
21e4e753965e90b3bfc3e0fbed4ad922,Input Validity,Lidar,Lidar Rate,10,751
21e4e753965e90b3bfc3e0fbed4ad922,Input Validity,Odometry,Odometry Rate,50,751
21e4e753965e90b3bfc3e0fbed4ad922,Input Validity,TF,TF Rate,10,751
21e4e753965e90b3bfc3e0fbed4ad922,Localization Stability,TF,Jump Angular,0,752
21e4e753965e90b3bfc3e0fbed4ad922,Localization Stability,TF,Jump Linear,0,752
21e4e753965e90b3bfc3e0fbed4ad922,Input Validity,Lidar,Lidar Rate,10,751.1
21e4e753965e90b3bfc3e0fbed4ad922,Input Validity,Odometry,Odometry Rate,50,751.1
21e4e753965e90b3bfc3e0fbed4ad922,Input Validity,TF,TF Rate,10,751.1
21e4e753965e90b3bfc3e0fbed4ad922,Localization Quality,AMCLPose,CovYawYaw,0.027559,751.1
21e4e753965e90b3bfc3e0fbed4ad922,Localization Quality,AMCLPose,CovYY,0.0261399,751.1
21e4e753965e90b3bfc3e0fbed4ad922,Localization Quality,AMCLPose,CovXX,0.0121467,751.1
21e4e753965e90b3bfc3e0fbed4ad922,Localization Quality,AMCLPose,MeanYaw,-0.0415179,751.1
21e4e753965e90b3bfc3e0fbed4ad922,Localization Quality,AMCLPose,MeanY,-0.485109,751.1
21e4e753965e90b3bfc3e0fbed4ad922,Localization Quality,AMCLPose,MeanX,-6.71264,751.1
21e4e753965e90b3bfc3e0fbed4ad922,Localization Stability,TF,Jump Angular,0.0329614,752.1
21e4e753965e90b3bfc3e0fbed4ad922,Localization Stability,TF,Jump Linear,0.52175,752.1
21e4e753965e90b3bfc3e0fbed4ad922,Input Validity,Lidar,Lidar Rate,10,751.19
21e4e753965e90b3bfc3e0fbed4ad922,Input Validity,Odometry,Odometry Rate,50,751.19
21e4e753965e90b3bfc3e0fbed4ad922,Input Validity,TF,TF Rate,10,751.19
21e4e753965e90b3bfc3e0fbed4ad922,Localization Stability,TF,Jump Angular,0,752.2
21e4e753965e90b3bfc3e0fbed4ad922,Localization Stability,TF,Jump Linear,0,752.2
21e4e753965e90b3bfc3e0fbed4ad922,Input Validity,Lidar,Lidar Rate,10,751.29
21e4e753965e90b3bfc3e0fbed4ad922,Input Validity,Odometry,Odometry Rate,50,751.29
21e4e753965e90b3bfc3e0fbed4ad922,Input Validity,TF,TF Rate,10,751.29
21e4e753965e90b3bfc3e0fbed4ad922,Localization Stability,TF,Jump Angular,0,752.3
21e4e753965e90b3bfc3e0fbed4ad922,Localization Stability,TF,Jump Linear,0,752.3
21e4e753965e90b3bfc3e0fbed4ad922,Input Validity,Lidar,Lidar Rate,10,751.39
21e4e753965e90b3bfc3e0fbed4ad922,Input Validity,Odometry,Odometry Rate,50,751.39
21e4e753965e90b3bfc3e0fbed4ad922,Input Validity,TF,TF Rate,10,751.39
21e4e753965e90b3bfc3e0fbed4ad922,Localization Quality,AMCLPose,CovYawYaw,0.0266778,751.4
21e4e753965e90b3bfc3e0fbed4ad922,Localization Quality,AMCLPose,CovYY,0.0311447,751.4
21e4e753965e90b3bfc3e0fbed4ad922,Localization Quality,AMCLPose,CovXX,0.0121488,751.4
21e4e753965e90b3bfc3e0fbed4ad922,Localization Quality,AMCLPose,MeanYaw,0.0270182,751.4
21e4e753965e90b3bfc3e0fbed4ad922,Localization Quality,AMCLPose,MeanY,-0.45633,751.4
21e4e753965e90b3bfc3e0fbed4ad922,Localization Quality,AMCLPose,MeanX,-6.58198,751.4
21e4e753965e90b3bfc3e0fbed4ad922,Localization Stability,TF,Jump Angular,0.0365061,752.4
21e4e753965e90b3bfc3e0fbed4ad922,Localization Stability,TF,Jump Linear,0.577006,752.4
21e4e753965e90b3bfc3e0fbed4ad922,Input Validity,Lidar,Lidar Rate,10,751.49
21e4e753965e90b3bfc3e0fbed4ad922,Input Validity,Odometry,Odometry Rate,50,751.49
21e4e753965e90b3bfc3e0fbed4ad922,Input Validity,TF,TF Rate,10,751.49
21e4e753965e90b3bfc3e0fbed4ad922,Localization Stability,TF,Jump Angular,0,752.5
21e4e753965e90b3bfc3e0fbed4ad922,Localization Stability,TF,Jump Linear,0,752.5
21e4e753965e90b3bfc3e0fbed4ad922,Input Validity,Lidar,Lidar Rate,10,751.59
21e4e753965e90b3bfc3e0fbed4ad922,Input Validity,Odometry,Odometry Rate,50,751.59
21e4e753965e90b3bfc3e0fbed4ad922,Input Validity,TF,TF Rate,10,751.59
21e4e753965e90b3bfc3e0fbed4ad922,Localization Stability,TF,Jump Angular,0,752.6
21e4e753965e90b3bfc3e0fbed4ad922,Localization Stability,TF,Jump Linear,0,752.6
21e4e753965e90b3bfc3e0fbed4ad922,Input Validity,Lidar,Lidar Rate,10,751.69
21e4e753965e90b3bfc3e0fbed4ad922,Input Validity,Odometry,Odometry Rate,50,751.69
21e4e753965e90b3bfc3e0fbed4ad922,Input Validity,TF,TF Rate,10,751.69
21e4e753965e90b3bfc3e0fbed4ad922,Localization Quality,AMCLPose,CovYawYaw,0.036227,751.7
21e4e753965e90b3bfc3e0fbed4ad922,Localization Quality,AMCLPose,CovYY,0.047906,751.7
21e4e753965e90b3bfc3e0fbed4ad922,Localization Quality,AMCLPose,CovXX,0.0128409,751.7
21e4e753965e90b3bfc3e0fbed4ad922,Localization Quality,AMCLPose,MeanYaw,0.0492794,751.7
21e4e753965e90b3bfc3e0fbed4ad922,Localization Quality,AMCLPose,MeanY,-0.43694,751.7
21e4e753965e90b3bfc3e0fbed4ad922,Localization Quality,AMCLPose,MeanX,-6.46223,751.7
21e4e753965e90b3bfc3e0fbed4ad922,Localization Stability,TF,Jump Angular,0.0111561,752.7
21e4e753965e90b3bfc3e0fbed4ad922,Localization Stability,TF,Jump Linear,0.167958,752.7
21e4e753965e90b3bfc3e0fbed4ad922,Input Validity,Lidar,Lidar Rate,10,751.79
21e4e753965e90b3bfc3e0fbed4ad922,Input Validity,Odometry,Odometry Rate,50,751.79
21e4e753965e90b3bfc3e0fbed4ad922,Input Validity,TF,TF Rate,10,751.79
21e4e753965e90b3bfc3e0fbed4ad922,Localization Stability,TF,Jump Angular,0,752.8
21e4e753965e90b3bfc3e0fbed4ad922,Localization Stability,TF,Jump Linear,0,752.8
21e4e753965e90b3bfc3e0fbed4ad922,Input Validity,Lidar,Lidar Rate,10,751.89
21e4e753965e90b3bfc3e0fbed4ad922,Input Validity,Odometry,Odometry Rate,50,751.89
21e4e753965e90b3bfc3e0fbed4ad922,Input Validity,TF,TF Rate,10,751.89
21e4e753965e90b3bfc3e0fbed4ad922,Localization Stability,TF,Jump Angular,0,752.9
21e4e753965e90b3bfc3e0fbed4ad922,Localization Stability,TF,Jump Linear,0,752.9
21e4e753965e90b3bfc3e0fbed4ad922,Input Validity,Lidar,Lidar Rate,10,751.99
21e4e753965e90b3bfc3e0fbed4ad922,Input Validity,Odometry,Odometry Rate,50,751.99
21e4e753965e90b3bfc3e0fbed4ad922,Input Validity,TF,TF Rate,10,751.99
21e4e753965e90b3bfc3e0fbed4ad922,Localization Quality,AMCLPose,CovYawYaw,0.0585021,752
21e4e753965e90b3bfc3e0fbed4ad922,Localization Quality,AMCLPose,CovYY,0.0918277,752
21e4e753965e90b3bfc3e0fbed4ad922,Localization Quality,AMCLPose,CovXX,0.0151733,752
21e4e753965e90b3bfc3e0fbed4ad922,Localization Quality,AMCLPose,MeanYaw,0.038626,752
21e4e753965e90b3bfc3e0fbed4ad922,Localization Quality,AMCLPose,MeanY,-0.446067,752
21e4e753965e90b3bfc3e0fbed4ad922,Localization Quality,AMCLPose,MeanX,-6.3393,752
21e4e753965e90b3bfc3e0fbed4ad922,Localization Stability,TF,Jump Angular,-0.0112101,753
21e4e753965e90b3bfc3e0fbed4ad922,Localization Stability,TF,Jump Linear,0.190113,753
21e4e753965e90b3bfc3e0fbed4ad922,Input Validity,Lidar,Lidar Rate,10,752.09
21e4e753965e90b3bfc3e0fbed4ad922,Input Validity,Odometry,Odometry Rate,50,752.09
21e4e753965e90b3bfc3e0fbed4ad922,Input Validity,TF,TF Rate,10,752.09
21e4e753965e90b3bfc3e0fbed4ad922,Localization Stability,TF,Jump Angular,0,753.1
21e4e753965e90b3bfc3e0fbed4ad922,Localization Stability,TF,Jump Linear,0,753.1
21e4e753965e90b3bfc3e0fbed4ad922,Input Validity,Lidar,Lidar Rate,10,752.19
21e4e753965e90b3bfc3e0fbed4ad922,Input Validity,Odometry,Odometry Rate,50,752.19
21e4e753965e90b3bfc3e0fbed4ad922,Input Validity,TF,TF Rate,10,752.19
21e4e753965e90b3bfc3e0fbed4ad922,Localization Stability,TF,Jump Angular,0,753.2
21e4e753965e90b3bfc3e0fbed4ad922,Localization Stability,TF,Jump Linear,0,753.2
21e4e753965e90b3bfc3e0fbed4ad922,Input Validity,Lidar,Lidar Rate,10,752.29
21e4e753965e90b3bfc3e0fbed4ad922,Input Validity,Odometry,Odometry Rate,50,752.29
21e4e753965e90b3bfc3e0fbed4ad922,Input Validity,TF,TF Rate,10,752.29
21e4e753965e90b3bfc3e0fbed4ad922,Input Validity,Lidar,Lidar Rate,10,752.39
21e4e753965e90b3bfc3e0fbed4ad922,Input Validity,Odometry,Odometry Rate,50,752.39
21e4e753965e90b3bfc3e0fbed4ad922,Input Validity,TF,TF Rate,10,752.39
21e4e753965e90b3bfc3e0fbed4ad922,Localization Quality,AMCLPose,CovYawYaw,0.0876437,752.3
21e4e753965e90b3bfc3e0fbed4ad922,Localization Quality,AMCLPose,CovYY,0.162286,752.3
21e4e753965e90b3bfc3e0fbed4ad922,Localization Quality,AMCLPose,CovXX,0.0195901,752.3
21e4e753965e90b3bfc3e0fbed4ad922,Localization Quality,AMCLPose,MeanYaw,-0.0391141,752.3
21e4e753965e90b3bfc3e0fbed4ad922,Localization Quality,AMCLPose,MeanY,-0.523456,752.3
21e4e753965e90b3bfc3e0fbed4ad922,Localization Quality,AMCLPose,MeanX,-6.21345,752.3
21e4e753965e90b3bfc3e0fbed4ad922,Localization Stability,TF,Jump Angular,-0.0710277,753.3
21e4e753965e90b3bfc3e0fbed4ad922,Localization Stability,TF,Jump Linear,1.13136,753.3
21e4e753965e90b3bfc3e0fbed4ad922,Input Validity,Lidar,Lidar Rate,10,752.48
21e4e753965e90b3bfc3e0fbed4ad922,Input Validity,Odometry,Odometry Rate,50,752.48
21e4e753965e90b3bfc3e0fbed4ad922,Input Validity,TF,TF Rate,10,752.48
21e4e753965e90b3bfc3e0fbed4ad922,Localization Stability,TF,Jump Angular,0,753.4
21e4e753965e90b3bfc3e0fbed4ad922,Localization Stability,TF,Jump Linear,0,753.4
21e4e753965e90b3bfc3e0fbed4ad922,Input Validity,Lidar,Lidar Rate,10,752.58
21e4e753965e90b3bfc3e0fbed4ad922,Input Validity,Odometry,Odometry Rate,50,752.58
21e4e753965e90b3bfc3e0fbed4ad922,Input Validity,TF,TF Rate,10,752.58
21e4e753965e90b3bfc3e0fbed4ad922,Localization Stability,TF,Jump Angular,0,753.5
21e4e753965e90b3bfc3e0fbed4ad922,Localization Stability,TF,Jump Linear,0,753.5
21e4e753965e90b3bfc3e0fbed4ad922,Input Validity,Lidar,Lidar Rate,10,752.68
21e4e753965e90b3bfc3e0fbed4ad922,Input Validity,Odometry,Odometry Rate,50,752.68
21e4e753965e90b3bfc3e0fbed4ad922,Input Validity,TF,TF Rate,10,752.68
21e4e753965e90b3bfc3e0fbed4ad922,Localization Quality,AMCLPose,CovYawYaw,0.110459,752.6
21e4e753965e90b3bfc3e0fbed4ad922,Localization Quality,AMCLPose,CovYY,0.245423,752.6
21e4e753965e90b3bfc3e0fbed4ad922,Localization Quality,AMCLPose,CovXX,0.0266268,752.6
21e4e753965e90b3bfc3e0fbed4ad922,Localization Quality,AMCLPose,MeanYaw,-0.189741,752.6
21e4e753965e90b3bfc3e0fbed4ad922,Localization Quality,AMCLPose,MeanY,-0.687799,752.6
21e4e753965e90b3bfc3e0fbed4ad922,Localization Quality,AMCLPose,MeanX,-6.08831,752.6
21e4e753965e90b3bfc3e0fbed4ad922,Localization Stability,TF,Jump Angular,-0.119073,753.6
21e4e753965e90b3bfc3e0fbed4ad922,Localization Stability,TF,Jump Linear,1.88066,753.6
21e4e753965e90b3bfc3e0fbed4ad922,Localization Stability,TF,Jump Angular,0,753.7
21e4e753965e90b3bfc3e0fbed4ad922,Localization Stability,TF,Jump Linear,0,753.7
21e4e753965e90b3bfc3e0fbed4ad922,Input Validity,Lidar,Lidar Rate,10,752.78
21e4e753965e90b3bfc3e0fbed4ad922,Input Validity,Odometry,Odometry Rate,50,752.78
21e4e753965e90b3bfc3e0fbed4ad922,Input Validity,TF,TF Rate,10,752.78
21e4e753965e90b3bfc3e0fbed4ad922,Localization Stability,TF,Jump Angular,0,753.8
21e4e753965e90b3bfc3e0fbed4ad922,Localization Stability,TF,Jump Linear,0,753.8
21e4e753965e90b3bfc3e0fbed4ad922,Input Validity,Lidar,Lidar Rate,10,752.88
21e4e753965e90b3bfc3e0fbed4ad922,Input Validity,Odometry,Odometry Rate,50,752.88
21e4e753965e90b3bfc3e0fbed4ad922,Input Validity,TF,TF Rate,10,752.88
21e4e753965e90b3bfc3e0fbed4ad922,Input Validity,Lidar,Lidar Rate,10,752.98
21e4e753965e90b3bfc3e0fbed4ad922,Input Validity,Odometry,Odometry Rate,50,752.98
21e4e753965e90b3bfc3e0fbed4ad922,Input Validity,TF,TF Rate,10,752.98
21e4e753965e90b3bfc3e0fbed4ad922,Localization Quality,AMCLPose,CovYawYaw,0.11751,752.9
21e4e753965e90b3bfc3e0fbed4ad922,Localization Quality,AMCLPose,CovYY,0.301638,752.9
21e4e753965e90b3bfc3e0fbed4ad922,Localization Quality,AMCLPose,CovXX,0.031527,752.9
21e4e753965e90b3bfc3e0fbed4ad922,Localization Quality,AMCLPose,MeanYaw,-0.269619,752.9
21e4e753965e90b3bfc3e0fbed4ad922,Localization Quality,AMCLPose,MeanY,-0.772338,752.9
21e4e753965e90b3bfc3e0fbed4ad922,Localization Quality,AMCLPose,MeanX,-5.95551,752.9
21e4e753965e90b3bfc3e0fbed4ad922,Localization Stability,TF,Jump Angular,-0.0400463,753.9
21e4e753965e90b3bfc3e0fbed4ad922,Localization Stability,TF,Jump Linear,0.623627,753.9
21e4e753965e90b3bfc3e0fbed4ad922,Localization Stability,TF,Jump Angular,0,754
21e4e753965e90b3bfc3e0fbed4ad922,Localization Stability,TF,Jump Linear,0,754
21e4e753965e90b3bfc3e0fbed4ad922,Input Validity,Lidar,Lidar Rate,10,753.08
21e4e753965e90b3bfc3e0fbed4ad922,Input Validity,Odometry,Odometry Rate,50,753.08
21e4e753965e90b3bfc3e0fbed4ad922,Input Validity,TF,TF Rate,10,753.08
21e4e753965e90b3bfc3e0fbed4ad922,Localization Stability,TF,Jump Angular,0,754.1
21e4e753965e90b3bfc3e0fbed4ad922,Localization Stability,TF,Jump Linear,0,754.1
21e4e753965e90b3bfc3e0fbed4ad922,Input Validity,Lidar,Lidar Rate,10,753.18
21e4e753965e90b3bfc3e0fbed4ad922,Input Validity,Odometry,Odometry Rate,50,753.18
21e4e753965e90b3bfc3e0fbed4ad922,Input Validity,TF,TF Rate,10,753.18
21e4e753965e90b3bfc3e0fbed4ad922,Input Validity,Lidar,Lidar Rate,10,753.28
21e4e753965e90b3bfc3e0fbed4ad922,Input Validity,Odometry,Odometry Rate,50,753.28
21e4e753965e90b3bfc3e0fbed4ad922,Input Validity,TF,TF Rate,10,753.28
21e4e753965e90b3bfc3e0fbed4ad922,Localization Quality,AMCLPose,CovYawYaw,0.116657,753.2
21e4e753965e90b3bfc3e0fbed4ad922,Localization Quality,AMCLPose,CovYY,0.339204,753.2
21e4e753965e90b3bfc3e0fbed4ad922,Localization Quality,AMCLPose,CovXX,0.0357256,753.2
21e4e753965e90b3bfc3e0fbed4ad922,Localization Quality,AMCLPose,MeanYaw,-0.320135,753.2
21e4e753965e90b3bfc3e0fbed4ad922,Localization Quality,AMCLPose,MeanY,-0.866991,753.2
21e4e753965e90b3bfc3e0fbed4ad922,Localization Quality,AMCLPose,MeanX,-5.85121,753.2
21e4e753965e90b3bfc3e0fbed4ad922,Localization Stability,TF,Jump Angular,-0.0400593,754.2
21e4e753965e90b3bfc3e0fbed4ad922,Localization Stability,TF,Jump Linear,0.630775,754.2
21e4e753965e90b3bfc3e0fbed4ad922,Localization Recovery,TTR,Kidnap Angle,0.733219,753.34
21e4e753965e90b3bfc3e0fbed4ad922,Localization Recovery,TTR,Kidnap Distance,3.79111,753.34
21e4e753965e90b3bfc3e0fbed4ad922,Localization Recovery,TTR,TTR Outcome,2,753.34
21e4e753965e90b3bfc3e0fbed4ad922,Localization Recovery,TTR,TTR,-1,753.34
21e4e753965e90b3bfc3e0fbed4ad922,Mission Outcome,Episode Event,Recoveries,0,753.34
21e4e753965e90b3bfc3e0fbed4ad922,Mission Outcome,Episode Event,Collisions,0,753.34
21e4e753965e90b3bfc3e0fbed4ad922,Mission Outcome,Episode Event,Navigation Time,8.22,753.34
21e4e753965e90b3bfc3e0fbed4ad922,Mission Outcome,Episode Event,Goal Result,2,753.34
21e4e753965e90b3bfc3e0fbed4ad922,Input Validity,AMCLPose,Pose Monotonicity,0,753.34
21e4e753965e90b3bfc3e0fbed4ad922,Input Validity,Lidar,Lidar Frame Mistmatch,0,753.34
21e4e753965e90b3bfc3e0fbed4ad922,Input Validity,Lidar,Lidar Monotonicity,0,753.34
21e4e753965e90b3bfc3e0fbed4ad922,Input Validity,Odometry,Odometry Frame Mismatch,0,753.34
21e4e753965e90b3bfc3e0fbed4ad922,Input Validity,Odometry,Odometry Monotonicity,0,753.34
21e4e753965e90b3bfc3e0fbed4ad922,Input Validity,TF,TF Gap Count,0,753.34
21e4e753965e90b3bfc3e0fbed4ad922,Input Validity,TF,TF Frame Drop,411,753.34
21e4e753965e90b3bfc3e0fbed4ad922,Input Validity,TF,TF Monotonicity,0,753.34
21e4e753965e90b3bfc3e0fbed4ad922,map,-8.42503,-0.125017,160.798,6.975,-2.575,21.6848,2,FAILED,1,8.22,745.12,753.34,0.111449,0.266994,0.756364,0.145455,0.0174339,0.093632,0.135922,363.013,825,2.75463,12.4885,1.3662,0.12,1,411,0
b1eaa9764ff7507380b88dd79ce09e69,Localization Stability,TF,Jump Angular,0,761.7
b1eaa9764ff7507380b88dd79ce09e69,Localization Stability,TF,Jump Linear,0,761.7
b1eaa9764ff7507380b88dd79ce09e69,Input Validity,Lidar,Lidar Rate,10,760.83
b1eaa9764ff7507380b88dd79ce09e69,Input Validity,Odometry,Odometry Rate,50,760.83
b1eaa9764ff7507380b88dd79ce09e69,Input Validity,TF,TF Rate,10,760.83
b1eaa9764ff7507380b88dd79ce09e69,Localization Stability,TF,Jump Angular,0,761.8
b1eaa9764ff7507380b88dd79ce09e69,Localization Stability,TF,Jump Linear,0,761.8
b1eaa9764ff7507380b88dd79ce09e69,Input Validity,Lidar,Lidar Rate,10,760.93
b1eaa9764ff7507380b88dd79ce09e69,Input Validity,Odometry,Odometry Rate,50,760.93
b1eaa9764ff7507380b88dd79ce09e69,Input Validity,TF,TF Rate,10,760.93
b1eaa9764ff7507380b88dd79ce09e69,Localization Stability,TF,Jump Angular,0.00120228,761.9
b1eaa9764ff7507380b88dd79ce09e69,Localization Stability,TF,Jump Linear,0.0176165,761.9
b1eaa9764ff7507380b88dd79ce09e69,Input Validity,Lidar,Lidar Rate,10,761.03
b1eaa9764ff7507380b88dd79ce09e69,Input Validity,Odometry,Odometry Rate,50,761.03
b1eaa9764ff7507380b88dd79ce09e69,Input Validity,TF,TF Rate,10,761.03
b1eaa9764ff7507380b88dd79ce09e69,Localization Quality,AMCLPose,CovYawYaw,0.000350191,761
b1eaa9764ff7507380b88dd79ce09e69,Localization Quality,AMCLPose,CovYY,6.30342e-05,761
b1eaa9764ff7507380b88dd79ce09e69,Localization Quality,AMCLPose,CovXX,0.000328345,761
b1eaa9764ff7507380b88dd79ce09e69,Localization Quality,AMCLPose,MeanYaw,0.509793,761
b1eaa9764ff7507380b88dd79ce09e69,Localization Quality,AMCLPose,MeanY,-2.57558,761
b1eaa9764ff7507380b88dd79ce09e69,Localization Quality,AMCLPose,MeanX,6.97387,761
b1eaa9764ff7507380b88dd79ce09e69,Localization Stability,TF,Jump Angular,0.000931165,762
b1eaa9764ff7507380b88dd79ce09e69,Localization Stability,TF,Jump Linear,0.0132071,762
b1eaa9764ff7507380b88dd79ce09e69,Input Validity,Lidar,Lidar Rate,10,761.13
b1eaa9764ff7507380b88dd79ce09e69,Input Validity,Odometry,Odometry Rate,50,761.13
b1eaa9764ff7507380b88dd79ce09e69,Input Validity,TF,TF Rate,10,761.13
b1eaa9764ff7507380b88dd79ce09e69,Localization Quality,AMCLPose,CovYawYaw,0.000657853,761.1
b1eaa9764ff7507380b88dd79ce09e69,Localization Quality,AMCLPose,CovYY,0.000120998,761.1
b1eaa9764ff7507380b88dd79ce09e69,Localization Quality,AMCLPose,CovXX,0.000506579,761.1
b1eaa9764ff7507380b88dd79ce09e69,Localization Quality,AMCLPose,MeanYaw,0.585076,761.1
b1eaa9764ff7507380b88dd79ce09e69,Localization Quality,AMCLPose,MeanY,-2.57552,761.1
b1eaa9764ff7507380b88dd79ce09e69,Localization Quality,AMCLPose,MeanX,6.97394,761.1
b1eaa9764ff7507380b88dd79ce09e69,Localization Stability,TF,Jump Angular,0.000228492,762.1
b1eaa9764ff7507380b88dd79ce09e69,Localization Stability,TF,Jump Linear,0.00351466,762.1
b1eaa9764ff7507380b88dd79ce09e69,Input Validity,Lidar,Lidar Rate,10,761.23
b1eaa9764ff7507380b88dd79ce09e69,Input Validity,Odometry,Odometry Rate,50,761.23
b1eaa9764ff7507380b88dd79ce09e69,Input Validity,TF,TF Rate,10,761.23
b1eaa9764ff7507380b88dd79ce09e69,Localization Quality,AMCLPose,CovYawYaw,0.00102079,761.2
b1eaa9764ff7507380b88dd79ce09e69,Localization Quality,AMCLPose,CovYY,0.000253441,761.2
b1eaa9764ff7507380b88dd79ce09e69,Localization Quality,AMCLPose,CovXX,0.000799197,761.2
b1eaa9764ff7507380b88dd79ce09e69,Localization Quality,AMCLPose,MeanYaw,0.678,761.2
b1eaa9764ff7507380b88dd79ce09e69,Localization Quality,AMCLPose,MeanY,-2.57554,761.2
b1eaa9764ff7507380b88dd79ce09e69,Localization Quality,AMCLPose,MeanX,6.97373,761.2
b1eaa9764ff7507380b88dd79ce09e69,Localization Stability,TF,Jump Angular,0.000888158,762.2
b1eaa9764ff7507380b88dd79ce09e69,Localization Stability,TF,Jump Linear,0.0131594,762.2
b1eaa9764ff7507380b88dd79ce09e69,Input Validity,Lidar,Lidar Rate,10,761.33
b1eaa9764ff7507380b88dd79ce09e69,Input Validity,Odometry,Odometry Rate,50,761.33
b1eaa9764ff7507380b88dd79ce09e69,Input Validity,TF,TF Rate,10,761.33
b1eaa9764ff7507380b88dd79ce09e69,Localization Quality,AMCLPose,CovYawYaw,0.0149103,761.3
b1eaa9764ff7507380b88dd79ce09e69,Localization Quality,AMCLPose,CovYY,0.0181142,761.3
b1eaa9764ff7507380b88dd79ce09e69,Localization Quality,AMCLPose,CovXX,0.706882,761.3
b1eaa9764ff7507380b88dd79ce09e69,Localization Quality,AMCLPose,MeanYaw,0.78653,761.3
b1eaa9764ff7507380b88dd79ce09e69,Localization Quality,AMCLPose,MeanY,-2.57497,761.3
b1eaa9764ff7507380b88dd79ce09e69,Localization Quality,AMCLPose,MeanX,6.97455,761.3
b1eaa9764ff7507380b88dd79ce09e69,Localization Stability,TF,Jump Angular,-0.000489138,762.3
b1eaa9764ff7507380b88dd79ce09e69,Localization Stability,TF,Jump Linear,0.0063835,762.3
b1eaa9764ff7507380b88dd79ce09e69,Input Validity,Lidar,Lidar Rate,10,761.43
b1eaa9764ff7507380b88dd79ce09e69,Input Validity,Odometry,Odometry Rate,50,761.43
b1eaa9764ff7507380b88dd79ce09e69,Input Validity,TF,TF Rate,10,761.43
b1eaa9764ff7507380b88dd79ce09e69,Localization Quality,AMCLPose,CovYawYaw,0.00619248,761.4
b1eaa9764ff7507380b88dd79ce09e69,Localization Quality,AMCLPose,CovYY,0.0106799,761.4
b1eaa9764ff7507380b88dd79ce09e69,Localization Quality,AMCLPose,CovXX,0.274467,761.4
b1eaa9764ff7507380b88dd79ce09e69,Localization Quality,AMCLPose,MeanYaw,0.911536,761.4
b1eaa9764ff7507380b88dd79ce09e69,Localization Quality,AMCLPose,MeanY,-2.57543,761.4
b1eaa9764ff7507380b88dd79ce09e69,Localization Quality,AMCLPose,MeanX,6.97435,761.4
b1eaa9764ff7507380b88dd79ce09e69,Localization Stability,TF,Jump Angular,-0.000994634,762.4
b1eaa9764ff7507380b88dd79ce09e69,Localization Stability,TF,Jump Linear,0.0153898,762.4
b1eaa9764ff7507380b88dd79ce09e69,Input Validity,Lidar,Lidar Rate,10,761.53
b1eaa9764ff7507380b88dd79ce09e69,Input Validity,Odometry,Odometry Rate,50,761.53
b1eaa9764ff7507380b88dd79ce09e69,Input Validity,TF,TF Rate,10,761.53
b1eaa9764ff7507380b88dd79ce09e69,Localization Quality,AMCLPose,CovYawYaw,0.00259502,761.5
b1eaa9764ff7507380b88dd79ce09e69,Localization Quality,AMCLPose,CovYY,0.00132667,761.5
b1eaa9764ff7507380b88dd79ce09e69,Localization Quality,AMCLPose,CovXX,0.00170976,761.5
b1eaa9764ff7507380b88dd79ce09e69,Localization Quality,AMCLPose,MeanYaw,1.05428,761.5
b1eaa9764ff7507380b88dd79ce09e69,Localization Quality,AMCLPose,MeanY,-2.57462,761.5
b1eaa9764ff7507380b88dd79ce09e69,Localization Quality,AMCLPose,MeanX,6.97532,761.5
b1eaa9764ff7507380b88dd79ce09e69,Localization Stability,TF,Jump Angular,-0.000234652,762.5
b1eaa9764ff7507380b88dd79ce09e69,Localization Stability,TF,Jump Linear,0.0022926,762.5
b1eaa9764ff7507380b88dd79ce09e69,Input Validity,Lidar,Lidar Rate,10,761.63
b1eaa9764ff7507380b88dd79ce09e69,Input Validity,Odometry,Odometry Rate,50,761.63
b1eaa9764ff7507380b88dd79ce09e69,Input Validity,TF,TF Rate,10,761.63
b1eaa9764ff7507380b88dd79ce09e69,Localization Quality,AMCLPose,CovYawYaw,0.0027266,761.6
b1eaa9764ff7507380b88dd79ce09e69,Localization Quality,AMCLPose,CovYY,0.0020021,761.6
b1eaa9764ff7507380b88dd79ce09e69,Localization Quality,AMCLPose,CovXX,0.00174296,761.6
b1eaa9764ff7507380b88dd79ce09e69,Localization Quality,AMCLPose,MeanYaw,1.21233,761.6
b1eaa9764ff7507380b88dd79ce09e69,Localization Quality,AMCLPose,MeanY,-2.5766,761.6
b1eaa9764ff7507380b88dd79ce09e69,Localization Quality,AMCLPose,MeanX,6.97353,761.6
b1eaa9764ff7507380b88dd79ce09e69,Localization Stability,TF,Jump Angular,-0.00191646,762.6
b1eaa9764ff7507380b88dd79ce09e69,Localization Stability,TF,Jump Linear,0.0313681,762.6
b1eaa9764ff7507380b88dd79ce09e69,Input Validity,Lidar,Lidar Rate,10,761.73
b1eaa9764ff7507380b88dd79ce09e69,Input Validity,Odometry,Odometry Rate,50,761.73
b1eaa9764ff7507380b88dd79ce09e69,Input Validity,TF,TF Rate,10,761.73
b1eaa9764ff7507380b88dd79ce09e69,Input Validity,Lidar,Lidar Rate,10,761.83
b1eaa9764ff7507380b88dd79ce09e69,Input Validity,Odometry,Odometry Rate,50,761.83
b1eaa9764ff7507380b88dd79ce09e69,Input Validity,TF,TF Rate,10,761.83
b1eaa9764ff7507380b88dd79ce09e69,Localization Quality,AMCLPose,CovYawYaw,0.00302345,761.7
b1eaa9764ff7507380b88dd79ce09e69,Localization Quality,AMCLPose,CovYY,0.00264164,761.7
b1eaa9764ff7507380b88dd79ce09e69,Localization Quality,AMCLPose,CovXX,0.00157613,761.7
b1eaa9764ff7507380b88dd79ce09e69,Localization Quality,AMCLPose,MeanYaw,1.38552,761.7
b1eaa9764ff7507380b88dd79ce09e69,Localization Quality,AMCLPose,MeanY,-2.57803,761.7
b1eaa9764ff7507380b88dd79ce09e69,Localization Quality,AMCLPose,MeanX,6.97233,761.7
b1eaa9764ff7507380b88dd79ce09e69,Localization Stability,TF,Jump Angular,-0.00375623,762.7
b1eaa9764ff7507380b88dd79ce09e69,Localization Stability,TF,Jump Linear,0.0581448,762.7
b1eaa9764ff7507380b88dd79ce09e69,Localization Quality,AMCLPose,CovYawYaw,0.00332366,761.8
b1eaa9764ff7507380b88dd79ce09e69,Localization Quality,AMCLPose,CovYY,0.00343247,761.8
b1eaa9764ff7507380b88dd79ce09e69,Localization Quality,AMCLPose,CovXX,0.00140587,761.8
b1eaa9764ff7507380b88dd79ce09e69,Localization Quality,AMCLPose,MeanYaw,1.57889,761.8
b1eaa9764ff7507380b88dd79ce09e69,Localization Quality,AMCLPose,MeanY,-2.57801,761.8
b1eaa9764ff7507380b88dd79ce09e69,Localization Quality,AMCLPose,MeanX,6.97198,761.8
b1eaa9764ff7507380b88dd79ce09e69,Localization Stability,TF,Jump Angular,-0.00055437,762.8
b1eaa9764ff7507380b88dd79ce09e69,Localization Stability,TF,Jump Linear,0.00851424,762.8
b1eaa9764ff7507380b88dd79ce09e69,Input Validity,Lidar,Lidar Rate,10,761.93
b1eaa9764ff7507380b88dd79ce09e69,Input Validity,Odometry,Odometry Rate,50,761.93
b1eaa9764ff7507380b88dd79ce09e69,Input Validity,TF,TF Rate,10,761.93
b1eaa9764ff7507380b88dd79ce09e69,Localization Quality,AMCLPose,CovYawYaw,0.00329419,761.9
b1eaa9764ff7507380b88dd79ce09e69,Localization Quality,AMCLPose,CovYY,0.00481934,761.9
b1eaa9764ff7507380b88dd79ce09e69,Localization Quality,AMCLPose,CovXX,0.00125248,761.9
b1eaa9764ff7507380b88dd79ce09e69,Localization Quality,AMCLPose,MeanYaw,1.77453,761.9
b1eaa9764ff7507380b88dd79ce09e69,Localization Quality,AMCLPose,MeanY,-2.57721,761.9
b1eaa9764ff7507380b88dd79ce09e69,Localization Quality,AMCLPose,MeanX,6.97077,761.9
b1eaa9764ff7507380b88dd79ce09e69,Localization Stability,TF,Jump Angular,-0.00320291,762.9
b1eaa9764ff7507380b88dd79ce09e69,Localization Stability,TF,Jump Linear,0.048129,762.9
b1eaa9764ff7507380b88dd79ce09e69,Input Validity,Lidar,Lidar Rate,10,762.03
b1eaa9764ff7507380b88dd79ce09e69,Input Validity,Odometry,Odometry Rate,50,762.03
b1eaa9764ff7507380b88dd79ce09e69,Input Validity,TF,TF Rate,10,762.03
b1eaa9764ff7507380b88dd79ce09e69,Localization Quality,AMCLPose,CovYawYaw,0.00312411,762
b1eaa9764ff7507380b88dd79ce09e69,Localization Quality,AMCLPose,CovYY,0.00517346,762
b1eaa9764ff7507380b88dd79ce09e69,Localization Quality,AMCLPose,CovXX,0.00115379,762
b1eaa9764ff7507380b88dd79ce09e69,Localization Quality,AMCLPose,MeanYaw,1.92429,762
b1eaa9764ff7507380b88dd79ce09e69,Localization Quality,AMCLPose,MeanY,-2.57629,762
b1eaa9764ff7507380b88dd79ce09e69,Localization Quality,AMCLPose,MeanX,6.968,762
b1eaa9764ff7507380b88dd79ce09e69,Localization Stability,TF,Jump Angular,-0.00427045,763
b1eaa9764ff7507380b88dd79ce09e69,Localization Stability,TF,Jump Linear,0.0655795,763
b1eaa9764ff7507380b88dd79ce09e69,Input Validity,Lidar,Lidar Rate,10,762.13
b1eaa9764ff7507380b88dd79ce09e69,Input Validity,Odometry,Odometry Rate,50,762.13
b1eaa9764ff7507380b88dd79ce09e69,Input Validity,TF,TF Rate,10,762.13
b1eaa9764ff7507380b88dd79ce09e69,Localization Quality,AMCLPose,CovYawYaw,0.00253894,762.1
b1eaa9764ff7507380b88dd79ce09e69,Localization Quality,AMCLPose,CovYY,0.00412922,762.1
b1eaa9764ff7507380b88dd79ce09e69,Localization Quality,AMCLPose,CovXX,0.00109485,762.1
b1eaa9764ff7507380b88dd79ce09e69,Localization Quality,AMCLPose,MeanYaw,2.02817,762.1
b1eaa9764ff7507380b88dd79ce09e69,Localization Quality,AMCLPose,MeanY,-2.56683,762.1
b1eaa9764ff7507380b88dd79ce09e69,Localization Quality,AMCLPose,MeanX,6.96503,762.1
b1eaa9764ff7507380b88dd79ce09e69,Localization Stability,TF,Jump Angular,-0.000156654,763.1
b1eaa9764ff7507380b88dd79ce09e69,Localization Stability,TF,Jump Linear,0.00171835,763.1
b1eaa9764ff7507380b88dd79ce09e69,Input Validity,Lidar,Lidar Rate,10,762.23
b1eaa9764ff7507380b88dd79ce09e69,Input Validity,Odometry,Odometry Rate,50,762.23
b1eaa9764ff7507380b88dd79ce09e69,Input Validity,TF,TF Rate,10,762.23
b1eaa9764ff7507380b88dd79ce09e69,Localization Quality,AMCLPose,CovYawYaw,0.00203901,762.2
b1eaa9764ff7507380b88dd79ce09e69,Localization Quality,AMCLPose,CovYY,0.00308658,762.2
b1eaa9764ff7507380b88dd79ce09e69,Localization Quality,AMCLPose,CovXX,0.00105738,762.2
b1eaa9764ff7507380b88dd79ce09e69,Localization Quality,AMCLPose,MeanYaw,2.08245,762.2
b1eaa9764ff7507380b88dd79ce09e69,Localization Quality,AMCLPose,MeanY,-2.55328,762.2
b1eaa9764ff7507380b88dd79ce09e69,Localization Quality,AMCLPose,MeanX,6.95652,762.2
b1eaa9764ff7507380b88dd79ce09e69,Localization Stability,TF,Jump Angular,0.000256852,763.2
b1eaa9764ff7507380b88dd79ce09e69,Localization Stability,TF,Jump Linear,0.00396169,763.2
b1eaa9764ff7507380b88dd79ce09e69,Input Validity,Lidar,Lidar Rate,10,762.33
b1eaa9764ff7507380b88dd79ce09e69,Input Validity,Odometry,Odometry Rate,50,762.33
b1eaa9764ff7507380b88dd79ce09e69,Input Validity,TF,TF Rate,10,762.33
b1eaa9764ff7507380b88dd79ce09e69,Localization Stability,TF,Jump Angular,0,763.3
b1eaa9764ff7507380b88dd79ce09e69,Localization Stability,TF,Jump Linear,0,763.3
b1eaa9764ff7507380b88dd79ce09e69,Input Validity,Lidar,Lidar Rate,10,762.43
b1eaa9764ff7507380b88dd79ce09e69,Input Validity,Odometry,Odometry Rate,50,762.43
b1eaa9764ff7507380b88dd79ce09e69,Input Validity,TF,TF Rate,10,762.43
b1eaa9764ff7507380b88dd79ce09e69,Localization Quality,AMCLPose,CovYawYaw,0.00191182,762.4
b1eaa9764ff7507380b88dd79ce09e69,Localization Quality,AMCLPose,CovYY,0.00252285,762.4
b1eaa9764ff7507380b88dd79ce09e69,Localization Quality,AMCLPose,CovXX,0.00114629,762.4
b1eaa9764ff7507380b88dd79ce09e69,Localization Quality,AMCLPose,MeanYaw,2.13687,762.4
b1eaa9764ff7507380b88dd79ce09e69,Localization Quality,AMCLPose,MeanY,-2.50712,762.4
b1eaa9764ff7507380b88dd79ce09e69,Localization Quality,AMCLPose,MeanX,6.92882,762.4
b1eaa9764ff7507380b88dd79ce09e69,Localization Stability,TF,Jump Angular,-0.00198694,763.4
b1eaa9764ff7507380b88dd79ce09e69,Localization Stability,TF,Jump Linear,0.0286114,763.4
b1eaa9764ff7507380b88dd79ce09e69,Input Validity,Lidar,Lidar Rate,10,762.52
b1eaa9764ff7507380b88dd79ce09e69,Input Validity,Odometry,Odometry Rate,50,762.52
b1eaa9764ff7507380b88dd79ce09e69,Input Validity,TF,TF Rate,10,762.52
b1eaa9764ff7507380b88dd79ce09e69,Localization Stability,TF,Jump Angular,0,763.5
b1eaa9764ff7507380b88dd79ce09e69,Localization Stability,TF,Jump Linear,0,763.5
b1eaa9764ff7507380b88dd79ce09e69,Input Validity,Lidar,Lidar Rate,10,762.62
b1eaa9764ff7507380b88dd79ce09e69,Input Validity,Odometry,Odometry Rate,50,762.62
b1eaa9764ff7507380b88dd79ce09e69,Input Validity,TF,TF Rate,10,762.62
b1eaa9764ff7507380b88dd79ce09e69,Localization Stability,TF,Jump Angular,0,763.6
b1eaa9764ff7507380b88dd79ce09e69,Localization Stability,TF,Jump Linear,0,763.6
b1eaa9764ff7507380b88dd79ce09e69,Input Validity,Lidar,Lidar Rate,10,762.72
b1eaa9764ff7507380b88dd79ce09e69,Input Validity,Odometry,Odometry Rate,50,762.72
b1eaa9764ff7507380b88dd79ce09e69,Input Validity,TF,TF Rate,10,762.72
b1eaa9764ff7507380b88dd79ce09e69,Localization Quality,AMCLPose,CovYawYaw,0.003387,762.7
b1eaa9764ff7507380b88dd79ce09e69,Localization Quality,AMCLPose,CovYY,0.00323483,762.7
b1eaa9764ff7507380b88dd79ce09e69,Localization Quality,AMCLPose,CovXX,0.00154938,762.7
b1eaa9764ff7507380b88dd79ce09e69,Localization Quality,AMCLPose,MeanYaw,2.2052,762.7
b1eaa9764ff7507380b88dd79ce09e69,Localization Quality,AMCLPose,MeanY,-2.40526,762.7
b1eaa9764ff7507380b88dd79ce09e69,Localization Quality,AMCLPose,MeanX,6.85829,762.7
b1eaa9764ff7507380b88dd79ce09e69,Localization Stability,TF,Jump Angular,-0.00184599,763.7
b1eaa9764ff7507380b88dd79ce09e69,Localization Stability,TF,Jump Linear,0.0278125,763.7
b1eaa9764ff7507380b88dd79ce09e69,Input Validity,Lidar,Lidar Rate,10,762.82
b1eaa9764ff7507380b88dd79ce09e69,Input Validity,Odometry,Odometry Rate,50,762.82
b1eaa9764ff7507380b88dd79ce09e69,Input Validity,TF,TF Rate,10,762.82
b1eaa9764ff7507380b88dd79ce09e69,Localization Stability,TF,Jump Angular,0,763.8
b1eaa9764ff7507380b88dd79ce09e69,Localization Stability,TF,Jump Linear,0,763.8
b1eaa9764ff7507380b88dd79ce09e69,Input Validity,Lidar,Lidar Rate,10,762.92
b1eaa9764ff7507380b88dd79ce09e69,Input Validity,Odometry,Odometry Rate,50,762.92
b1eaa9764ff7507380b88dd79ce09e69,Input Validity,TF,TF Rate,10,762.92
b1eaa9764ff7507380b88dd79ce09e69,Localization Stability,TF,Jump Angular,0,763.9
b1eaa9764ff7507380b88dd79ce09e69,Localization Stability,TF,Jump Linear,0,763.9
b1eaa9764ff7507380b88dd79ce09e69,Input Validity,Lidar,Lidar Rate,10,763.02
b1eaa9764ff7507380b88dd79ce09e69,Input Validity,Odometry,Odometry Rate,50,763.02
b1eaa9764ff7507380b88dd79ce09e69,Input Validity,TF,TF Rate,10,763.02
b1eaa9764ff7507380b88dd79ce09e69,Localization Quality,AMCLPose,CovYawYaw,0.00531892,763
b1eaa9764ff7507380b88dd79ce09e69,Localization Quality,AMCLPose,CovYY,0.00366873,763
b1eaa9764ff7507380b88dd79ce09e69,Localization Quality,AMCLPose,CovXX,0.00217198,763
b1eaa9764ff7507380b88dd79ce09e69,Localization Quality,AMCLPose,MeanYaw,2.24915,763
b1eaa9764ff7507380b88dd79ce09e69,Localization Quality,AMCLPose,MeanY,-2.2975,763
b1eaa9764ff7507380b88dd79ce09e69,Localization Quality,AMCLPose,MeanX,6.77656,763
b1eaa9764ff7507380b88dd79ce09e69,Localization Stability,TF,Jump Angular,-0.00225286,764
b1eaa9764ff7507380b88dd79ce09e69,Localization Stability,TF,Jump Linear,0.0330845,764
b1eaa9764ff7507380b88dd79ce09e69,Input Validity,Lidar,Lidar Rate,10,763.12
b1eaa9764ff7507380b88dd79ce09e69,Input Validity,Odometry,Odometry Rate,50,763.12
b1eaa9764ff7507380b88dd79ce09e69,Input Validity,TF,TF Rate,10,763.12
b1eaa9764ff7507380b88dd79ce09e69,Localization Stability,TF,Jump Angular,0,764.1
b1eaa9764ff7507380b88dd79ce09e69,Localization Stability,TF,Jump Linear,0,764.1
b1eaa9764ff7507380b88dd79ce09e69,Input Validity,Lidar,Lidar Rate,10,763.22
b1eaa9764ff7507380b88dd79ce09e69,Input Validity,Odometry,Odometry Rate,50,763.22
b1eaa9764ff7507380b88dd79ce09e69,Input Validity,TF,TF Rate,10,763.22
b1eaa9764ff7507380b88dd79ce09e69,Localization Stability,TF,Jump Angular,0,764.2
b1eaa9764ff7507380b88dd79ce09e69,Localization Stability,TF,Jump Linear,0,764.2
b1eaa9764ff7507380b88dd79ce09e69,Input Validity,Lidar,Lidar Rate,10,763.32
b1eaa9764ff7507380b88dd79ce09e69,Input Validity,Odometry,Odometry Rate,50,763.32
b1eaa9764ff7507380b88dd79ce09e69,Input Validity,TF,TF Rate,10,763.32
b1eaa9764ff7507380b88dd79ce09e69,Localization Quality,AMCLPose,CovYawYaw,0.00657687,763.3
b1eaa9764ff7507380b88dd79ce09e69,Localization Quality,AMCLPose,CovYY,0.00450166,763.3
b1eaa9764ff7507380b88dd79ce09e69,Localization Quality,AMCLPose,CovXX,0.00288652,763.3
b1eaa9764ff7507380b88dd79ce09e69,Localization Quality,AMCLPose,MeanYaw,2.27279,763.3
b1eaa9764ff7507380b88dd79ce09e69,Localization Quality,AMCLPose,MeanY,-2.18865,763.3
b1eaa9764ff7507380b88dd79ce09e69,Localization Quality,AMCLPose,MeanX,6.69272,763.3
b1eaa9764ff7507380b88dd79ce09e69,Localization Stability,TF,Jump Angular,-0.0148683,764.3
b1eaa9764ff7507380b88dd79ce09e69,Localization Stability,TF,Jump Linear,0.22337,764.3
b1eaa9764ff7507380b88dd79ce09e69,Input Validity,Lidar,Lidar Rate,10,763.42
b1eaa9764ff7507380b88dd79ce09e69,Input Validity,Odometry,Odometry Rate,50,763.42
b1eaa9764ff7507380b88dd79ce09e69,Input Validity,TF,TF Rate,10,763.42
b1eaa9764ff7507380b88dd79ce09e69,Localization Stability,TF,Jump Angular,0,764.4
b1eaa9764ff7507380b88dd79ce09e69,Localization Stability,TF,Jump Linear,0,764.4
b1eaa9764ff7507380b88dd79ce09e69,Input Validity,Lidar,Lidar Rate,10,763.52
b1eaa9764ff7507380b88dd79ce09e69,Input Validity,Odometry,Odometry Rate,50,763.52
b1eaa9764ff7507380b88dd79ce09e69,Input Validity,TF,TF Rate,10,763.52
b1eaa9764ff7507380b88dd79ce09e69,Localization Stability,TF,Jump Angular,0,764.5
b1eaa9764ff7507380b88dd79ce09e69,Localization Stability,TF,Jump Linear,0,764.5
b1eaa9764ff7507380b88dd79ce09e69,Input Validity,Lidar,Lidar Rate,10,763.62
b1eaa9764ff7507380b88dd79ce09e69,Input Validity,Odometry,Odometry Rate,50,763.62
b1eaa9764ff7507380b88dd79ce09e69,Input Validity,TF,TF Rate,10,763.62
b1eaa9764ff7507380b88dd79ce09e69,Localization Quality,AMCLPose,CovYawYaw,0.0081726,763.6
b1eaa9764ff7507380b88dd79ce09e69,Localization Quality,AMCLPose,CovYY,0.00524067,763.6
b1eaa9764ff7507380b88dd79ce09e69,Localization Quality,AMCLPose,CovXX,0.00351165,763.6
b1eaa9764ff7507380b88dd79ce09e69,Localization Quality,AMCLPose,MeanYaw,2.2957,763.6
b1eaa9764ff7507380b88dd79ce09e69,Localization Quality,AMCLPose,MeanY,-2.08464,763.6
b1eaa9764ff7507380b88dd79ce09e69,Localization Quality,AMCLPose,MeanX,6.60972,763.6
b1eaa9764ff7507380b88dd79ce09e69,Localization Stability,TF,Jump Angular,-0.00925964,764.6
b1eaa9764ff7507380b88dd79ce09e69,Localization Stability,TF,Jump Linear,0.138512,764.6
b1eaa9764ff7507380b88dd79ce09e69,Input Validity,Lidar,Lidar Rate,10,763.72
b1eaa9764ff7507380b88dd79ce09e69,Input Validity,Odometry,Odometry Rate,50,763.72
b1eaa9764ff7507380b88dd79ce09e69,Input Validity,TF,TF Rate,10,763.72
b1eaa9764ff7507380b88dd79ce09e69,Localization Stability,TF,Jump Angular,0,764.7
b1eaa9764ff7507380b88dd79ce09e69,Localization Stability,TF,Jump Linear,0,764.7
b1eaa9764ff7507380b88dd79ce09e69,Input Validity,Lidar,Lidar Rate,10,763.82
b1eaa9764ff7507380b88dd79ce09e69,Input Validity,Odometry,Odometry Rate,50,763.82
b1eaa9764ff7507380b88dd79ce09e69,Input Validity,TF,TF Rate,10,763.82
b1eaa9764ff7507380b88dd79ce09e69,Localization Stability,TF,Jump Angular,0,764.8
b1eaa9764ff7507380b88dd79ce09e69,Localization Stability,TF,Jump Linear,0,764.8
b1eaa9764ff7507380b88dd79ce09e69,Input Validity,Lidar,Lidar Rate,10,763.92
b1eaa9764ff7507380b88dd79ce09e69,Input Validity,Odometry,Odometry Rate,50,763.92
b1eaa9764ff7507380b88dd79ce09e69,Input Validity,TF,TF Rate,10,763.92
b1eaa9764ff7507380b88dd79ce09e69,Localization Quality,AMCLPose,CovYawYaw,0.0101457,763.9
b1eaa9764ff7507380b88dd79ce09e69,Localization Quality,AMCLPose,CovYY,0.00590248,763.9
b1eaa9764ff7507380b88dd79ce09e69,Localization Quality,AMCLPose,CovXX,0.00451609,763.9
b1eaa9764ff7507380b88dd79ce09e69,Localization Quality,AMCLPose,MeanYaw,2.29984,763.9
b1eaa9764ff7507380b88dd79ce09e69,Localization Quality,AMCLPose,MeanY,-1.98428,763.9
b1eaa9764ff7507380b88dd79ce09e69,Localization Quality,AMCLPose,MeanX,6.52493,763.9
b1eaa9764ff7507380b88dd79ce09e69,Localization Stability,TF,Jump Angular,-0.0131888,764.9
b1eaa9764ff7507380b88dd79ce09e69,Localization Stability,TF,Jump Linear,0.202983,764.9
b1eaa9764ff7507380b88dd79ce09e69,Input Validity,Lidar,Lidar Rate,10,764.02
b1eaa9764ff7507380b88dd79ce09e69,Input Validity,Odometry,Odometry Rate,50,764.02
b1eaa9764ff7507380b88dd79ce09e69,Input Validity,TF,TF Rate,10,764.02
b1eaa9764ff7507380b88dd79ce09e69,Localization Stability,TF,Jump Angular,0,765
b1eaa9764ff7507380b88dd79ce09e69,Localization Stability,TF,Jump Linear,0,765
b1eaa9764ff7507380b88dd79ce09e69,Input Validity,Lidar,Lidar Rate,10,764.11
b1eaa9764ff7507380b88dd79ce09e69,Input Validity,Odometry,Odometry Rate,50,764.11
b1eaa9764ff7507380b88dd79ce09e69,Input Validity,TF,TF Rate,10,764.11
b1eaa9764ff7507380b88dd79ce09e69,Localization Stability,TF,Jump Angular,0,765.1
b1eaa9764ff7507380b88dd79ce09e69,Localization Stability,TF,Jump Linear,0,765.1
b1eaa9764ff7507380b88dd79ce09e69,Input Validity,Lidar,Lidar Rate,10,764.21
b1eaa9764ff7507380b88dd79ce09e69,Input Validity,Odometry,Odometry Rate,50,764.21
b1eaa9764ff7507380b88dd79ce09e69,Input Validity,TF,TF Rate,10,764.21
b1eaa9764ff7507380b88dd79ce09e69,Localization Quality,AMCLPose,CovYawYaw,0.01185,764.2
b1eaa9764ff7507380b88dd79ce09e69,Localization Quality,AMCLPose,CovYY,0.00643306,764.2
b1eaa9764ff7507380b88dd79ce09e69,Localization Quality,AMCLPose,CovXX,0.00585817,764.2
b1eaa9764ff7507380b88dd79ce09e69,Localization Quality,AMCLPose,MeanYaw,2.29976,764.2
b1eaa9764ff7507380b88dd79ce09e69,Localization Quality,AMCLPose,MeanY,-1.88007,764.2
b1eaa9764ff7507380b88dd79ce09e69,Localization Quality,AMCLPose,MeanX,6.43956,764.2
b1eaa9764ff7507380b88dd79ce09e69,Localization Stability,TF,Jump Angular,-0.00867668,765.2
b1eaa9764ff7507380b88dd79ce09e69,Localization Stability,TF,Jump Linear,0.131134,765.2
b1eaa9764ff7507380b88dd79ce09e69,Input Validity,Lidar,Lidar Rate,10,764.31
b1eaa9764ff7507380b88dd79ce09e69,Input Validity,Odometry,Odometry Rate,50,764.31
b1eaa9764ff7507380b88dd79ce09e69,Input Validity,TF,TF Rate,10,764.31
b1eaa9764ff7507380b88dd79ce09e69,Localization Stability,TF,Jump Angular,0,765.3
b1eaa9764ff7507380b88dd79ce09e69,Localization Stability,TF,Jump Linear,0,765.3
b1eaa9764ff7507380b88dd79ce09e69,Input Validity,Lidar,Lidar Rate,10,764.41
b1eaa9764ff7507380b88dd79ce09e69,Input Validity,Odometry,Odometry Rate,50,764.41
b1eaa9764ff7507380b88dd79ce09e69,Input Validity,TF,TF Rate,10,764.41
b1eaa9764ff7507380b88dd79ce09e69,Localization Stability,TF,Jump Angular,0,765.4
b1eaa9764ff7507380b88dd79ce09e69,Localization Stability,TF,Jump Linear,0,765.4
b1eaa9764ff7507380b88dd79ce09e69,Input Validity,Lidar,Lidar Rate,10,764.51
b1eaa9764ff7507380b88dd79ce09e69,Input Validity,Odometry,Odometry Rate,50,764.51
b1eaa9764ff7507380b88dd79ce09e69,Input Validity,TF,TF Rate,10,764.51
b1eaa9764ff7507380b88dd79ce09e69,Localization Stability,TF,Jump Angular,0,765.5
b1eaa9764ff7507380b88dd79ce09e69,Localization Stability,TF,Jump Linear,0,765.5
b1eaa9764ff7507380b88dd79ce09e69,Input Validity,Lidar,Lidar Rate,10,764.61
b1eaa9764ff7507380b88dd79ce09e69,Input Validity,Odometry,Odometry Rate,50,764.61
b1eaa9764ff7507380b88dd79ce09e69,Input Validity,TF,TF Rate,10,764.61
b1eaa9764ff7507380b88dd79ce09e69,Localization Quality,AMCLPose,CovYawYaw,0.0163106,764.6
b1eaa9764ff7507380b88dd79ce09e69,Localization Quality,AMCLPose,CovYY,0.00806844,764.6
b1eaa9764ff7507380b88dd79ce09e69,Localization Quality,AMCLPose,CovXX,0.00844273,764.6
b1eaa9764ff7507380b88dd79ce09e69,Localization Quality,AMCLPose,MeanYaw,2.30167,764.6
b1eaa9764ff7507380b88dd79ce09e69,Localization Quality,AMCLPose,MeanY,-1.74211,764.6
b1eaa9764ff7507380b88dd79ce09e69,Localization Quality,AMCLPose,MeanX,6.32962,764.6
b1eaa9764ff7507380b88dd79ce09e69,Localization Stability,TF,Jump Angular,-0.0179229,765.6
b1eaa9764ff7507380b88dd79ce09e69,Localization Stability,TF,Jump Linear,0.275898,765.6
b1eaa9764ff7507380b88dd79ce09e69,Input Validity,Lidar,Lidar Rate,10,764.71
b1eaa9764ff7507380b88dd79ce09e69,Input Validity,Odometry,Odometry Rate,50,764.71
b1eaa9764ff7507380b88dd79ce09e69,Input Validity,TF,TF Rate,10,764.71
b1eaa9764ff7507380b88dd79ce09e69,Localization Stability,TF,Jump Angular,0,765.7
b1eaa9764ff7507380b88dd79ce09e69,Localization Stability,TF,Jump Linear,0,765.7
b1eaa9764ff7507380b88dd79ce09e69,Input Validity,Lidar,Lidar Rate,10,764.81
b1eaa9764ff7507380b88dd79ce09e69,Input Validity,Odometry,Odometry Rate,50,764.81
b1eaa9764ff7507380b88dd79ce09e69,Input Validity,TF,TF Rate,10,764.81
b1eaa9764ff7507380b88dd79ce09e69,Localization Stability,TF,Jump Angular,0,765.8
b1eaa9764ff7507380b88dd79ce09e69,Localization Stability,TF,Jump Linear,0,765.8
b1eaa9764ff7507380b88dd79ce09e69,Input Validity,Lidar,Lidar Rate,10,764.91
b1eaa9764ff7507380b88dd79ce09e69,Input Validity,Odometry,Odometry Rate,50,764.91
b1eaa9764ff7507380b88dd79ce09e69,Input Validity,TF,TF Rate,10,764.91
b1eaa9764ff7507380b88dd79ce09e69,Localization Stability,TF,Jump Angular,0,765.9
b1eaa9764ff7507380b88dd79ce09e69,Localization Stability,TF,Jump Linear,0,765.9
b1eaa9764ff7507380b88dd79ce09e69,Input Validity,Lidar,Lidar Rate,10,765.01
b1eaa9764ff7507380b88dd79ce09e69,Input Validity,Odometry,Odometry Rate,50,765.01
b1eaa9764ff7507380b88dd79ce09e69,Input Validity,TF,TF Rate,10,765.01
b1eaa9764ff7507380b88dd79ce09e69,Localization Quality,AMCLPose,CovYawYaw,0.0204761,765
b1eaa9764ff7507380b88dd79ce09e69,Localization Quality,AMCLPose,CovYY,0.0102339,765
b1eaa9764ff7507380b88dd79ce09e69,Localization Quality,AMCLPose,CovXX,0.0133855,765
b1eaa9764ff7507380b88dd79ce09e69,Localization Quality,AMCLPose,MeanYaw,2.29788,765
b1eaa9764ff7507380b88dd79ce09e69,Localization Quality,AMCLPose,MeanY,-1.60608,765
b1eaa9764ff7507380b88dd79ce09e69,Localization Quality,AMCLPose,MeanX,6.22408,765
b1eaa9764ff7507380b88dd79ce09e69,Localization Stability,TF,Jump Angular,-0.019827,766
b1eaa9764ff7507380b88dd79ce09e69,Localization Stability,TF,Jump Linear,0.307726,766
b1eaa9764ff7507380b88dd79ce09e69,Input Validity,Lidar,Lidar Rate,10,765.11
b1eaa9764ff7507380b88dd79ce09e69,Input Validity,Odometry,Odometry Rate,50,765.11
b1eaa9764ff7507380b88dd79ce09e69,Input Validity,TF,TF Rate,10,765.11
b1eaa9764ff7507380b88dd79ce09e69,Localization Stability,TF,Jump Angular,0,766.1
b1eaa9764ff7507380b88dd79ce09e69,Localization Stability,TF,Jump Linear,0,766.1
b1eaa9764ff7507380b88dd79ce09e69,Input Validity,Lidar,Lidar Rate,10,765.21
b1eaa9764ff7507380b88dd79ce09e69,Input Validity,Odometry,Odometry Rate,50,765.21
b1eaa9764ff7507380b88dd79ce09e69,Input Validity,TF,TF Rate,10,765.21
b1eaa9764ff7507380b88dd79ce09e69,Localization Stability,TF,Jump Angular,0,766.2
b1eaa9764ff7507380b88dd79ce09e69,Localization Stability,TF,Jump Linear,0,766.2
b1eaa9764ff7507380b88dd79ce09e69,Input Validity,Lidar,Lidar Rate,10,765.31
b1eaa9764ff7507380b88dd79ce09e69,Input Validity,Odometry,Odometry Rate,50,765.31
b1eaa9764ff7507380b88dd79ce09e69,Input Validity,TF,TF Rate,10,765.31
b1eaa9764ff7507380b88dd79ce09e69,Localization Stability,TF,Jump Angular,0,766.3
b1eaa9764ff7507380b88dd79ce09e69,Localization Stability,TF,Jump Linear,0,766.3
b1eaa9764ff7507380b88dd79ce09e69,Input Validity,Lidar,Lidar Rate,10,765.41
b1eaa9764ff7507380b88dd79ce09e69,Input Validity,Odometry,Odometry Rate,50,765.41
b1eaa9764ff7507380b88dd79ce09e69,Input Validity,TF,TF Rate,10,765.41
b1eaa9764ff7507380b88dd79ce09e69,Localization Quality,AMCLPose,CovYawYaw,0.0260871,765.4
b1eaa9764ff7507380b88dd79ce09e69,Localization Quality,AMCLPose,CovYY,0.0126088,765.4
b1eaa9764ff7507380b88dd79ce09e69,Localization Quality,AMCLPose,CovXX,0.0193613,765.4
b1eaa9764ff7507380b88dd79ce09e69,Localization Quality,AMCLPose,MeanYaw,2.29049,765.4
b1eaa9764ff7507380b88dd79ce09e69,Localization Quality,AMCLPose,MeanY,-1.4651,765.4
b1eaa9764ff7507380b88dd79ce09e69,Localization Quality,AMCLPose,MeanX,6.12116,765.4
b1eaa9764ff7507380b88dd79ce09e69,Localization Stability,TF,Jump Angular,-0.0224099,766.4
b1eaa9764ff7507380b88dd79ce09e69,Localization Stability,TF,Jump Linear,0.349265,766.4
b1eaa9764ff7507380b88dd79ce09e69,Input Validity,Lidar,Lidar Rate,10,765.51
b1eaa9764ff7507380b88dd79ce09e69,Input Validity,Odometry,Odometry Rate,50,765.51
b1eaa9764ff7507380b88dd79ce09e69,Input Validity,TF,TF Rate,10,765.51
b1eaa9764ff7507380b88dd79ce09e69,Localization Stability,TF,Jump Angular,0,766.5
b1eaa9764ff7507380b88dd79ce09e69,Localization Stability,TF,Jump Linear,0,766.5
b1eaa9764ff7507380b88dd79ce09e69,Input Validity,Lidar,Lidar Rate,10,765.61
b1eaa9764ff7507380b88dd79ce09e69,Input Validity,Odometry,Odometry Rate,50,765.61
b1eaa9764ff7507380b88dd79ce09e69,Input Validity,TF,TF Rate,10,765.61
b1eaa9764ff7507380b88dd79ce09e69,Localization Stability,TF,Jump Angular,0,766.6
b1eaa9764ff7507380b88dd79ce09e69,Localization Stability,TF,Jump Linear,0,766.6
b1eaa9764ff7507380b88dd79ce09e69,Input Validity,Lidar,Lidar Rate,10,765.71
b1eaa9764ff7507380b88dd79ce09e69,Input Validity,Odometry,Odometry Rate,50,765.71
b1eaa9764ff7507380b88dd79ce09e69,Input Validity,TF,TF Rate,10,765.71
b1eaa9764ff7507380b88dd79ce09e69,Localization Stability,TF,Jump Angular,0,766.7
b1eaa9764ff7507380b88dd79ce09e69,Localization Stability,TF,Jump Linear,0,766.7
b1eaa9764ff7507380b88dd79ce09e69,Input Validity,Lidar,Lidar Rate,10,765.81
b1eaa9764ff7507380b88dd79ce09e69,Input Validity,Odometry,Odometry Rate,50,765.81
b1eaa9764ff7507380b88dd79ce09e69,Input Validity,TF,TF Rate,10,765.81
b1eaa9764ff7507380b88dd79ce09e69,Input Validity,Lidar,Lidar Rate,10,765.91
b1eaa9764ff7507380b88dd79ce09e69,Input Validity,Odometry,Odometry Rate,50,765.91
b1eaa9764ff7507380b88dd79ce09e69,Input Validity,TF,TF Rate,10,765.91
b1eaa9764ff7507380b88dd79ce09e69,Localization Quality,AMCLPose,CovYawYaw,0.0306238,765.8
b1eaa9764ff7507380b88dd79ce09e69,Localization Quality,AMCLPose,CovYY,0.0161319,765.8
b1eaa9764ff7507380b88dd79ce09e69,Localization Quality,AMCLPose,CovXX,0.0280974,765.8
b1eaa9764ff7507380b88dd79ce09e69,Localization Quality,AMCLPose,MeanYaw,2.28158,765.8
b1eaa9764ff7507380b88dd79ce09e69,Localization Quality,AMCLPose,MeanY,-1.32128,765.8
b1eaa9764ff7507380b88dd79ce09e69,Localization Quality,AMCLPose,MeanX,6.02838,765.8
b1eaa9764ff7507380b88dd79ce09e69,Localization Stability,TF,Jump Angular,-0.0328079,766.8
b1eaa9764ff7507380b88dd79ce09e69,Localization Stability,TF,Jump Linear,0.516593,766.8
b1eaa9764ff7507380b88dd79ce09e69,Localization Stability,TF,Jump Angular,0,766.9
b1eaa9764ff7507380b88dd79ce09e69,Localization Stability,TF,Jump Linear,0,766.9
b1eaa9764ff7507380b88dd79ce09e69,Input Validity,Lidar,Lidar Rate,10,766
b1eaa9764ff7507380b88dd79ce09e69,Input Validity,Odometry,Odometry Rate,50,766
b1eaa9764ff7507380b88dd79ce09e69,Input Validity,TF,TF Rate,10,766
b1eaa9764ff7507380b88dd79ce09e69,Localization Stability,TF,Jump Angular,0,767
b1eaa9764ff7507380b88dd79ce09e69,Localization Stability,TF,Jump Linear,0,767
b1eaa9764ff7507380b88dd79ce09e69,Input Validity,Lidar,Lidar Rate,10,766.1
b1eaa9764ff7507380b88dd79ce09e69,Input Validity,Odometry,Odometry Rate,50,766.1
b1eaa9764ff7507380b88dd79ce09e69,Input Validity,TF,TF Rate,10,766.1
b1eaa9764ff7507380b88dd79ce09e69,Localization Stability,TF,Jump Angular,0,767.1
b1eaa9764ff7507380b88dd79ce09e69,Localization Stability,TF,Jump Linear,0,767.1
b1eaa9764ff7507380b88dd79ce09e69,Input Validity,Lidar,Lidar Rate,10,766.2
b1eaa9764ff7507380b88dd79ce09e69,Input Validity,Odometry,Odometry Rate,50,766.2
b1eaa9764ff7507380b88dd79ce09e69,Input Validity,TF,TF Rate,10,766.2
b1eaa9764ff7507380b88dd79ce09e69,Input Validity,Lidar,Lidar Rate,10,766.3
b1eaa9764ff7507380b88dd79ce09e69,Input Validity,Odometry,Odometry Rate,50,766.3
b1eaa9764ff7507380b88dd79ce09e69,Input Validity,TF,TF Rate,10,766.3
b1eaa9764ff7507380b88dd79ce09e69,Localization Quality,AMCLPose,CovYawYaw,0.0327574,766.2
b1eaa9764ff7507380b88dd79ce09e69,Localization Quality,AMCLPose,CovYY,0.0203488,766.2
b1eaa9764ff7507380b88dd79ce09e69,Localization Quality,AMCLPose,CovXX,0.037525,766.2
b1eaa9764ff7507380b88dd79ce09e69,Localization Quality,AMCLPose,MeanYaw,2.25473,766.2
b1eaa9764ff7507380b88dd79ce09e69,Localization Quality,AMCLPose,MeanY,-1.17157,766.2
b1eaa9764ff7507380b88dd79ce09e69,Localization Quality,AMCLPose,MeanX,5.95514,766.2
b1eaa9764ff7507380b88dd79ce09e69,Localization Stability,TF,Jump Angular,-0.0416929,767.2
b1eaa9764ff7507380b88dd79ce09e69,Localization Stability,TF,Jump Linear,0.65461,767.2
b1eaa9764ff7507380b88dd79ce09e69,Localization Stability,TF,Jump Angular,0,767.3
b1eaa9764ff7507380b88dd79ce09e69,Localization Stability,TF,Jump Linear,0,767.3
b1eaa9764ff7507380b88dd79ce09e69,Input Validity,Lidar,Lidar Rate,10,766.4
b1eaa9764ff7507380b88dd79ce09e69,Input Validity,Odometry,Odometry Rate,50,766.4
b1eaa9764ff7507380b88dd79ce09e69,Input Validity,TF,TF Rate,10,766.4
b1eaa9764ff7507380b88dd79ce09e69,Localization Stability,TF,Jump Angular,0,767.4
b1eaa9764ff7507380b88dd79ce09e69,Localization Stability,TF,Jump Linear,0,767.4
b1eaa9764ff7507380b88dd79ce09e69,Input Validity,Lidar,Lidar Rate,10,766.5
b1eaa9764ff7507380b88dd79ce09e69,Input Validity,Odometry,Odometry Rate,50,766.5
b1eaa9764ff7507380b88dd79ce09e69,Input Validity,TF,TF Rate,10,766.5
b1eaa9764ff7507380b88dd79ce09e69,Localization Quality,AMCLPose,CovYawYaw,0.0330393,766.5
b1eaa9764ff7507380b88dd79ce09e69,Localization Quality,AMCLPose,CovYY,0.0242174,766.5
b1eaa9764ff7507380b88dd79ce09e69,Localization Quality,AMCLPose,CovXX,0.0457953,766.5
b1eaa9764ff7507380b88dd79ce09e69,Localization Quality,AMCLPose,MeanYaw,2.23905,766.5
b1eaa9764ff7507380b88dd79ce09e69,Localization Quality,AMCLPose,MeanY,-1.05315,766.5
b1eaa9764ff7507380b88dd79ce09e69,Localization Quality,AMCLPose,MeanX,5.90825,766.5
b1eaa9764ff7507380b88dd79ce09e69,Input Validity,Lidar,Lidar Rate,10,766.6
b1eaa9764ff7507380b88dd79ce09e69,Input Validity,Odometry,Odometry Rate,50,766.6
b1eaa9764ff7507380b88dd79ce09e69,Input Validity,TF,TF Rate,10,766.6
b1eaa9764ff7507380b88dd79ce09e69,Localization Stability,TF,Jump Angular,-0.0357407,767.5
b1eaa9764ff7507380b88dd79ce09e69,Localization Stability,TF,Jump Linear,0.563214,767.5
b1eaa9764ff7507380b88dd79ce09e69,Localization Stability,TF,Jump Angular,0,767.6
b1eaa9764ff7507380b88dd79ce09e69,Localization Stability,TF,Jump Linear,0,767.6
b1eaa9764ff7507380b88dd79ce09e69,Input Validity,Lidar,Lidar Rate,10,766.7
b1eaa9764ff7507380b88dd79ce09e69,Input Validity,Odometry,Odometry Rate,50,766.7
b1eaa9764ff7507380b88dd79ce09e69,Input Validity,TF,TF Rate,10,766.7
b1eaa9764ff7507380b88dd79ce09e69,Localization Stability,TF,Jump Angular,0,767.7
b1eaa9764ff7507380b88dd79ce09e69,Localization Stability,TF,Jump Linear,0,767.7
b1eaa9764ff7507380b88dd79ce09e69,Input Validity,Lidar,Lidar Rate,10,766.8
b1eaa9764ff7507380b88dd79ce09e69,Input Validity,Odometry,Odometry Rate,50,766.8
b1eaa9764ff7507380b88dd79ce09e69,Input Validity,TF,TF Rate,10,766.8
b1eaa9764ff7507380b88dd79ce09e69,Localization Quality,AMCLPose,CovYawYaw,0.0308817,766.8
b1eaa9764ff7507380b88dd79ce09e69,Localization Quality,AMCLPose,CovYY,0.0272906,766.8
b1eaa9764ff7507380b88dd79ce09e69,Localization Quality,AMCLPose,CovXX,0.0495056,766.8
b1eaa9764ff7507380b88dd79ce09e69,Localization Quality,AMCLPose,MeanYaw,2.23453,766.8
b1eaa9764ff7507380b88dd79ce09e69,Localization Quality,AMCLPose,MeanY,-0.929513,766.8
b1eaa9764ff7507380b88dd79ce09e69,Localization Quality,AMCLPose,MeanX,5.86362,766.8
b1eaa9764ff7507380b88dd79ce09e69,Localization Stability,TF,Jump Angular,-0.0314365,767.8
b1eaa9764ff7507380b88dd79ce09e69,Localization Stability,TF,Jump Linear,0.490862,767.8
b1eaa9764ff7507380b88dd79ce09e69,Input Validity,Lidar,Lidar Rate,10,766.9
b1eaa9764ff7507380b88dd79ce09e69,Input Validity,Odometry,Odometry Rate,50,766.9
b1eaa9764ff7507380b88dd79ce09e69,Input Validity,TF,TF Rate,10,766.9
b1eaa9764ff7507380b88dd79ce09e69,Localization Stability,TF,Jump Angular,0,767.9
b1eaa9764ff7507380b88dd79ce09e69,Localization Stability,TF,Jump Linear,0,767.9
b1eaa9764ff7507380b88dd79ce09e69,Input Validity,Lidar,Lidar Rate,10,767
b1eaa9764ff7507380b88dd79ce09e69,Input Validity,Odometry,Odometry Rate,50,767
b1eaa9764ff7507380b88dd79ce09e69,Input Validity,TF,TF Rate,10,767
b1eaa9764ff7507380b88dd79ce09e69,Localization Quality,AMCLPose,CovYawYaw,0.0304066,767
b1eaa9764ff7507380b88dd79ce09e69,Localization Quality,AMCLPose,CovYY,0.0300179,767
b1eaa9764ff7507380b88dd79ce09e69,Localization Quality,AMCLPose,CovXX,0.0512474,767
b1eaa9764ff7507380b88dd79ce09e69,Localization Quality,AMCLPose,MeanYaw,2.27805,767
b1eaa9764ff7507380b88dd79ce09e69,Localization Quality,AMCLPose,MeanY,-0.849814,767
b1eaa9764ff7507380b88dd79ce09e69,Localization Quality,AMCLPose,MeanX,5.8398,767
b1eaa9764ff7507380b88dd79ce09e69,Localization Stability,TF,Jump Angular,-0.0211255,768
b1eaa9764ff7507380b88dd79ce09e69,Localization Stability,TF,Jump Linear,0.327726,768
b1eaa9764ff7507380b88dd79ce09e69,Input Validity,Lidar,Lidar Rate,10,767.1
b1eaa9764ff7507380b88dd79ce09e69,Input Validity,Odometry,Odometry Rate,50,767.1
b1eaa9764ff7507380b88dd79ce09e69,Input Validity,TF,TF Rate,10,767.1
b1eaa9764ff7507380b88dd79ce09e69,Localization Stability,TF,Jump Angular,0,768.1
b1eaa9764ff7507380b88dd79ce09e69,Localization Stability,TF,Jump Linear,0,768.1
b1eaa9764ff7507380b88dd79ce09e69,Input Validity,Lidar,Lidar Rate,10,767.2
b1eaa9764ff7507380b88dd79ce09e69,Input Validity,Odometry,Odometry Rate,50,767.2
b1eaa9764ff7507380b88dd79ce09e69,Input Validity,TF,TF Rate,10,767.2
b1eaa9764ff7507380b88dd79ce09e69,Localization Quality,AMCLPose,CovYawYaw,0.0279958,767.2
b1eaa9764ff7507380b88dd79ce09e69,Localization Quality,AMCLPose,CovYY,0.0317715,767.2
b1eaa9764ff7507380b88dd79ce09e69,Localization Quality,AMCLPose,CovXX,0.0473589,767.2
b1eaa9764ff7507380b88dd79ce09e69,Localization Quality,AMCLPose,MeanYaw,2.30449,767.2
b1eaa9764ff7507380b88dd79ce09e69,Localization Quality,AMCLPose,MeanY,-0.756773,767.2
b1eaa9764ff7507380b88dd79ce09e69,Localization Quality,AMCLPose,MeanX,5.83443,767.2
b1eaa9764ff7507380b88dd79ce09e69,Localization Stability,TF,Jump Angular,-0.0367798,768.2
b1eaa9764ff7507380b88dd79ce09e69,Localization Stability,TF,Jump Linear,0.571172,768.2
b1eaa9764ff7507380b88dd79ce09e69,Input Validity,Lidar,Lidar Rate,10,767.3
b1eaa9764ff7507380b88dd79ce09e69,Input Validity,Odometry,Odometry Rate,50,767.3
b1eaa9764ff7507380b88dd79ce09e69,Input Validity,TF,TF Rate,10,767.3
b1eaa9764ff7507380b88dd79ce09e69,Localization Stability,TF,Jump Angular,0,768.3
b1eaa9764ff7507380b88dd79ce09e69,Localization Stability,TF,Jump Linear,0,768.3
b1eaa9764ff7507380b88dd79ce09e69,Input Validity,Lidar,Lidar Rate,10,767.4
b1eaa9764ff7507380b88dd79ce09e69,Input Validity,Odometry,Odometry Rate,50,767.4
b1eaa9764ff7507380b88dd79ce09e69,Input Validity,TF,TF Rate,10,767.4
b1eaa9764ff7507380b88dd79ce09e69,Localization Quality,AMCLPose,CovYawYaw,0.0257159,767.4
b1eaa9764ff7507380b88dd79ce09e69,Localization Quality,AMCLPose,CovYY,0.0343321,767.4
b1eaa9764ff7507380b88dd79ce09e69,Localization Quality,AMCLPose,CovXX,0.0442336,767.4
b1eaa9764ff7507380b88dd79ce09e69,Localization Quality,AMCLPose,MeanYaw,2.3374,767.4
b1eaa9764ff7507380b88dd79ce09e69,Localization Quality,AMCLPose,MeanY,-0.66655,767.4
b1eaa9764ff7507380b88dd79ce09e69,Localization Quality,AMCLPose,MeanX,5.82223,767.4
b1eaa9764ff7507380b88dd79ce09e69,Localization Stability,TF,Jump Angular,-0.0378916,768.4
b1eaa9764ff7507380b88dd79ce09e69,Localization Stability,TF,Jump Linear,0.597888,768.4
b1eaa9764ff7507380b88dd79ce09e69,Input Validity,Lidar,Lidar Rate,10,767.5
b1eaa9764ff7507380b88dd79ce09e69,Input Validity,Odometry,Odometry Rate,50,767.5
b1eaa9764ff7507380b88dd79ce09e69,Input Validity,TF,TF Rate,10,767.5
b1eaa9764ff7507380b88dd79ce09e69,Localization Stability,TF,Jump Angular,0,768.5
b1eaa9764ff7507380b88dd79ce09e69,Localization Stability,TF,Jump Linear,0,768.5
b1eaa9764ff7507380b88dd79ce09e69,Input Validity,Lidar,Lidar Rate,10,767.6
b1eaa9764ff7507380b88dd79ce09e69,Input Validity,Odometry,Odometry Rate,50,767.6
b1eaa9764ff7507380b88dd79ce09e69,Input Validity,TF,TF Rate,10,767.6
b1eaa9764ff7507380b88dd79ce09e69,Input Validity,Lidar,Lidar Rate,10,767.7
b1eaa9764ff7507380b88dd79ce09e69,Input Validity,Odometry,Odometry Rate,50,767.7
b1eaa9764ff7507380b88dd79ce09e69,Input Validity,TF,TF Rate,10,767.7
b1eaa9764ff7507380b88dd79ce09e69,Localization Quality,AMCLPose,CovYawYaw,0.0246093,767.6
b1eaa9764ff7507380b88dd79ce09e69,Localization Quality,AMCLPose,CovYY,0.0344991,767.6
b1eaa9764ff7507380b88dd79ce09e69,Localization Quality,AMCLPose,CovXX,0.0410603,767.6
b1eaa9764ff7507380b88dd79ce09e69,Localization Quality,AMCLPose,MeanYaw,2.36888,767.6
b1eaa9764ff7507380b88dd79ce09e69,Localization Quality,AMCLPose,MeanY,-0.571406,767.6
b1eaa9764ff7507380b88dd79ce09e69,Localization Quality,AMCLPose,MeanX,5.80381,767.6
b1eaa9764ff7507380b88dd79ce09e69,Localization Stability,TF,Jump Angular,-0.0353799,768.6
b1eaa9764ff7507380b88dd79ce09e69,Localization Stability,TF,Jump Linear,0.557978,768.6
b1eaa9764ff7507380b88dd79ce09e69,Localization Stability,TF,Jump Angular,0,768.7
b1eaa9764ff7507380b88dd79ce09e69,Localization Stability,TF,Jump Linear,0,768.7
b1eaa9764ff7507380b88dd79ce09e69,Input Validity,Lidar,Lidar Rate,10,767.8
b1eaa9764ff7507380b88dd79ce09e69,Input Validity,Odometry,Odometry Rate,50,767.8
b1eaa9764ff7507380b88dd79ce09e69,Input Validity,TF,TF Rate,10,767.8
b1eaa9764ff7507380b88dd79ce09e69,Input Validity,Lidar,Lidar Rate,10,767.89
b1eaa9764ff7507380b88dd79ce09e69,Input Validity,Odometry,Odometry Rate,50,767.89
b1eaa9764ff7507380b88dd79ce09e69,Input Validity,TF,TF Rate,10,767.89
b1eaa9764ff7507380b88dd79ce09e69,Localization Quality,AMCLPose,CovYawYaw,0.0232632,767.8
b1eaa9764ff7507380b88dd79ce09e69,Localization Quality,AMCLPose,CovYY,0.0371689,767.8
b1eaa9764ff7507380b88dd79ce09e69,Localization Quality,AMCLPose,CovXX,0.0355583,767.8
b1eaa9764ff7507380b88dd79ce09e69,Localization Quality,AMCLPose,MeanYaw,2.39415,767.8
b1eaa9764ff7507380b88dd79ce09e69,Localization Quality,AMCLPose,MeanY,-0.47124,767.8
b1eaa9764ff7507380b88dd79ce09e69,Localization Quality,AMCLPose,MeanX,5.78189,767.8
b1eaa9764ff7507380b88dd79ce09e69,Localization Stability,TF,Jump Angular,-0.0358166,768.8
b1eaa9764ff7507380b88dd79ce09e69,Localization Stability,TF,Jump Linear,0.567139,768.8
b1eaa9764ff7507380b88dd79ce09e69,Localization Stability,TF,Jump Angular,0,768.9
b1eaa9764ff7507380b88dd79ce09e69,Localization Stability,TF,Jump Linear,0,768.9
b1eaa9764ff7507380b88dd79ce09e69,Input Validity,Lidar,Lidar Rate,10,767.99
b1eaa9764ff7507380b88dd79ce09e69,Input Validity,Odometry,Odometry Rate,50,767.99
b1eaa9764ff7507380b88dd79ce09e69,Input Validity,TF,TF Rate,10,767.99
b1eaa9764ff7507380b88dd79ce09e69,Localization Stability,TF,Jump Angular,0,769
b1eaa9764ff7507380b88dd79ce09e69,Localization Stability,TF,Jump Linear,0,769
b1eaa9764ff7507380b88dd79ce09e69,Input Validity,Lidar,Lidar Rate,10,768.09
b1eaa9764ff7507380b88dd79ce09e69,Input Validity,Odometry,Odometry Rate,50,768.09
b1eaa9764ff7507380b88dd79ce09e69,Input Validity,TF,TF Rate,10,768.09
b1eaa9764ff7507380b88dd79ce09e69,Localization Stability,TF,Jump Angular,0,769.1
b1eaa9764ff7507380b88dd79ce09e69,Localization Stability,TF,Jump Linear,0,769.1
b1eaa9764ff7507380b88dd79ce09e69,Input Validity,Lidar,Lidar Rate,10,768.19
b1eaa9764ff7507380b88dd79ce09e69,Input Validity,Odometry,Odometry Rate,50,768.19
b1eaa9764ff7507380b88dd79ce09e69,Input Validity,TF,TF Rate,10,768.19
b1eaa9764ff7507380b88dd79ce09e69,Input Validity,Lidar,Lidar Rate,10,768.29
b1eaa9764ff7507380b88dd79ce09e69,Input Validity,Odometry,Odometry Rate,50,768.29
b1eaa9764ff7507380b88dd79ce09e69,Input Validity,TF,TF Rate,10,768.29
b1eaa9764ff7507380b88dd79ce09e69,Localization Quality,AMCLPose,CovYawYaw,0.0228556,768.2
b1eaa9764ff7507380b88dd79ce09e69,Localization Quality,AMCLPose,CovYY,0.0369271,768.2
b1eaa9764ff7507380b88dd79ce09e69,Localization Quality,AMCLPose,CovXX,0.0313631,768.2
b1eaa9764ff7507380b88dd79ce09e69,Localization Quality,AMCLPose,MeanYaw,2.32106,768.2
b1eaa9764ff7507380b88dd79ce09e69,Localization Quality,AMCLPose,MeanY,-0.352497,768.2
b1eaa9764ff7507380b88dd79ce09e69,Localization Quality,AMCLPose,MeanX,5.73423,768.2
b1eaa9764ff7507380b88dd79ce09e69,Localization Stability,TF,Jump Angular,-0.0325949,769.2
b1eaa9764ff7507380b88dd79ce09e69,Localization Stability,TF,Jump Linear,0.517223,769.2
b1eaa9764ff7507380b88dd79ce09e69,Localization Stability,TF,Jump Angular,0,769.3
b1eaa9764ff7507380b88dd79ce09e69,Localization Stability,TF,Jump Linear,0,769.3
b1eaa9764ff7507380b88dd79ce09e69,Input Validity,Lidar,Lidar Rate,10,768.39
b1eaa9764ff7507380b88dd79ce09e69,Input Validity,Odometry,Odometry Rate,50,768.39
b1eaa9764ff7507380b88dd79ce09e69,Input Validity,TF,TF Rate,10,768.39
b1eaa9764ff7507380b88dd79ce09e69,Localization Stability,TF,Jump Angular,0,769.4
b1eaa9764ff7507380b88dd79ce09e69,Localization Stability,TF,Jump Linear,0,769.4
b1eaa9764ff7507380b88dd79ce09e69,Input Validity,Lidar,Lidar Rate,10,768.49
b1eaa9764ff7507380b88dd79ce09e69,Input Validity,Odometry,Odometry Rate,50,768.49
b1eaa9764ff7507380b88dd79ce09e69,Input Validity,TF,TF Rate,10,768.49
b1eaa9764ff7507380b88dd79ce09e69,Localization Stability,TF,Jump Angular,0,769.5
b1eaa9764ff7507380b88dd79ce09e69,Localization Stability,TF,Jump Linear,0,769.5
b1eaa9764ff7507380b88dd79ce09e69,Input Validity,Lidar,Lidar Rate,10,768.59
b1eaa9764ff7507380b88dd79ce09e69,Input Validity,Odometry,Odometry Rate,50,768.59
b1eaa9764ff7507380b88dd79ce09e69,Input Validity,TF,TF Rate,10,768.59
b1eaa9764ff7507380b88dd79ce09e69,Input Validity,Lidar,Lidar Rate,10,768.69
b1eaa9764ff7507380b88dd79ce09e69,Input Validity,Odometry,Odometry Rate,50,768.69
b1eaa9764ff7507380b88dd79ce09e69,Input Validity,TF,TF Rate,10,768.69
b1eaa9764ff7507380b88dd79ce09e69,Localization Quality,AMCLPose,CovYawYaw,0.0204409,768.6
b1eaa9764ff7507380b88dd79ce09e69,Localization Quality,AMCLPose,CovYY,0.0327556,768.6
b1eaa9764ff7507380b88dd79ce09e69,Localization Quality,AMCLPose,CovXX,0.0255361,768.6
b1eaa9764ff7507380b88dd79ce09e69,Localization Quality,AMCLPose,MeanYaw,2.3569,768.6
b1eaa9764ff7507380b88dd79ce09e69,Localization Quality,AMCLPose,MeanY,-0.313951,768.6
b1eaa9764ff7507380b88dd79ce09e69,Localization Quality,AMCLPose,MeanX,5.74608,768.6
b1eaa9764ff7507380b88dd79ce09e69,Localization Stability,TF,Jump Angular,-0.0212953,769.6
b1eaa9764ff7507380b88dd79ce09e69,Localization Stability,TF,Jump Linear,0.341213,769.6
b1eaa9764ff7507380b88dd79ce09e69,Input Validity,Lidar,Lidar Rate,10,768.79
b1eaa9764ff7507380b88dd79ce09e69,Input Validity,Odometry,Odometry Rate,50,768.79
b1eaa9764ff7507380b88dd79ce09e69,Input Validity,TF,TF Rate,10,768.79
b1eaa9764ff7507380b88dd79ce09e69,Localization Quality,AMCLPose,CovYawYaw,0.019834,768.7
b1eaa9764ff7507380b88dd79ce09e69,Localization Quality,AMCLPose,CovYY,0.0295111,768.7
b1eaa9764ff7507380b88dd79ce09e69,Localization Quality,AMCLPose,CovXX,0.0212828,768.7
b1eaa9764ff7507380b88dd79ce09e69,Localization Quality,AMCLPose,MeanYaw,2.43836,768.7
b1eaa9764ff7507380b88dd79ce09e69,Localization Quality,AMCLPose,MeanY,-0.294049,768.7
b1eaa9764ff7507380b88dd79ce09e69,Localization Quality,AMCLPose,MeanX,5.76885,768.7
b1eaa9764ff7507380b88dd79ce09e69,Localization Stability,TF,Jump Angular,-0.0170421,769.7
b1eaa9764ff7507380b88dd79ce09e69,Localization Stability,TF,Jump Linear,0.270948,769.7
b1eaa9764ff7507380b88dd79ce09e69,Localization Quality,AMCLPose,CovYawYaw,0.0195818,768.8
b1eaa9764ff7507380b88dd79ce09e69,Localization Quality,AMCLPose,CovYY,0.0269862,768.8
b1eaa9764ff7507380b88dd79ce09e69,Localization Quality,AMCLPose,CovXX,0.0196692,768.8
b1eaa9764ff7507380b88dd79ce09e69,Localization Quality,AMCLPose,MeanYaw,2.51697,768.8
b1eaa9764ff7507380b88dd79ce09e69,Localization Quality,AMCLPose,MeanY,-0.28027,768.8
b1eaa9764ff7507380b88dd79ce09e69,Localization Quality,AMCLPose,MeanX,5.79057,768.8
b1eaa9764ff7507380b88dd79ce09e69,Localization Stability,TF,Jump Angular,-0.0213925,769.8
b1eaa9764ff7507380b88dd79ce09e69,Localization Stability,TF,Jump Linear,0.350747,769.8
b1eaa9764ff7507380b88dd79ce09e69,Input Validity,Lidar,Lidar Rate,10,768.89
b1eaa9764ff7507380b88dd79ce09e69,Input Validity,Odometry,Odometry Rate,50,768.89
b1eaa9764ff7507380b88dd79ce09e69,Input Validity,TF,TF Rate,10,768.89
b1eaa9764ff7507380b88dd79ce09e69,Input Validity,Lidar,Lidar Rate,10,768.99
b1eaa9764ff7507380b88dd79ce09e69,Input Validity,Odometry,Odometry Rate,50,768.99
b1eaa9764ff7507380b88dd79ce09e69,Input Validity,TF,TF Rate,10,768.99
b1eaa9764ff7507380b88dd79ce09e69,Localization Quality,AMCLPose,CovYawYaw,0.0158264,768.9
b1eaa9764ff7507380b88dd79ce09e69,Localization Quality,AMCLPose,CovYY,0.024175,768.9
b1eaa9764ff7507380b88dd79ce09e69,Localization Quality,AMCLPose,CovXX,0.0154699,768.9
b1eaa9764ff7507380b88dd79ce09e69,Localization Quality,AMCLPose,MeanYaw,2.62922,768.9
b1eaa9764ff7507380b88dd79ce09e69,Localization Quality,AMCLPose,MeanY,-0.284438,768.9
b1eaa9764ff7507380b88dd79ce09e69,Localization Quality,AMCLPose,MeanX,5.78331,768.9
b1eaa9764ff7507380b88dd79ce09e69,Localization Stability,TF,Jump Angular,0.0122576,769.9
b1eaa9764ff7507380b88dd79ce09e69,Localization Stability,TF,Jump Linear,0.207172,769.9
b1eaa9764ff7507380b88dd79ce09e69,Localization Quality,AMCLPose,CovYawYaw,0.014747,769
b1eaa9764ff7507380b88dd79ce09e69,Localization Quality,AMCLPose,CovYY,0.0248132,769
b1eaa9764ff7507380b88dd79ce09e69,Localization Quality,AMCLPose,CovXX,0.0141902,769
b1eaa9764ff7507380b88dd79ce09e69,Localization Quality,AMCLPose,MeanYaw,2.73583,769
b1eaa9764ff7507380b88dd79ce09e69,Localization Quality,AMCLPose,MeanY,-0.289334,769
b1eaa9764ff7507380b88dd79ce09e69,Localization Quality,AMCLPose,MeanX,5.78289,769
b1eaa9764ff7507380b88dd79ce09e69,Localization Stability,TF,Jump Angular,0.0066107,770
b1eaa9764ff7507380b88dd79ce09e69,Localization Stability,TF,Jump Linear,0.114034,770
b1eaa9764ff7507380b88dd79ce09e69,Input Validity,Lidar,Lidar Rate,10,769.09
b1eaa9764ff7507380b88dd79ce09e69,Input Validity,Odometry,Odometry Rate,50,769.09
b1eaa9764ff7507380b88dd79ce09e69,Input Validity,TF,TF Rate,10,769.09
b1eaa9764ff7507380b88dd79ce09e69,Localization Quality,AMCLPose,CovYawYaw,0.0146981,769.1
b1eaa9764ff7507380b88dd79ce09e69,Localization Quality,AMCLPose,CovYY,0.0244464,769.1
b1eaa9764ff7507380b88dd79ce09e69,Localization Quality,AMCLPose,CovXX,0.0137655,769.1
b1eaa9764ff7507380b88dd79ce09e69,Localization Quality,AMCLPose,MeanYaw,2.83205,769.1
b1eaa9764ff7507380b88dd79ce09e69,Localization Quality,AMCLPose,MeanY,-0.288852,769.1
b1eaa9764ff7507380b88dd79ce09e69,Localization Quality,AMCLPose,MeanX,5.78258,769.1
b1eaa9764ff7507380b88dd79ce09e69,Localization Stability,TF,Jump Angular,-0.00378395,770.1
b1eaa9764ff7507380b88dd79ce09e69,Localization Stability,TF,Jump Linear,0.0666196,770.1
b1eaa9764ff7507380b88dd79ce09e69,Input Validity,Lidar,Lidar Rate,10,769.19
b1eaa9764ff7507380b88dd79ce09e69,Input Validity,Odometry,Odometry Rate,50,769.19
b1eaa9764ff7507380b88dd79ce09e69,Input Validity,TF,TF Rate,10,769.19
b1eaa9764ff7507380b88dd79ce09e69,Localization Quality,AMCLPose,CovYawYaw,0.0158955,769.2
b1eaa9764ff7507380b88dd79ce09e69,Localization Quality,AMCLPose,CovYY,0.0242833,769.2
b1eaa9764ff7507380b88dd79ce09e69,Localization Quality,AMCLPose,CovXX,0.0136383,769.2
b1eaa9764ff7507380b88dd79ce09e69,Localization Quality,AMCLPose,MeanYaw,2.92865,769.2
b1eaa9764ff7507380b88dd79ce09e69,Localization Quality,AMCLPose,MeanY,-0.283914,769.2
b1eaa9764ff7507380b88dd79ce09e69,Localization Quality,AMCLPose,MeanX,5.78393,769.2
b1eaa9764ff7507380b88dd79ce09e69,Localization Stability,TF,Jump Angular,-0.00340049,770.2
b1eaa9764ff7507380b88dd79ce09e69,Localization Stability,TF,Jump Linear,0.0567926,770.2
b1eaa9764ff7507380b88dd79ce09e69,Input Validity,Lidar,Lidar Rate,10,769.29
b1eaa9764ff7507380b88dd79ce09e69,Input Validity,Odometry,Odometry Rate,50,769.29
b1eaa9764ff7507380b88dd79ce09e69,Input Validity,TF,TF Rate,10,769.29
b1eaa9764ff7507380b88dd79ce09e69,Localization Quality,AMCLPose,CovYawYaw,0.0164497,769.3
b1eaa9764ff7507380b88dd79ce09e69,Localization Quality,AMCLPose,CovYY,0.0235509,769.3
b1eaa9764ff7507380b88dd79ce09e69,Localization Quality,AMCLPose,CovXX,0.0144982,769.3
b1eaa9764ff7507380b88dd79ce09e69,Localization Quality,AMCLPose,MeanYaw,3.03053,769.3
b1eaa9764ff7507380b88dd79ce09e69,Localization Quality,AMCLPose,MeanY,-0.286046,769.3
b1eaa9764ff7507380b88dd79ce09e69,Localization Quality,AMCLPose,MeanX,5.78372,769.3
b1eaa9764ff7507380b88dd79ce09e69,Localization Stability,TF,Jump Angular,0.00188487,770.3
b1eaa9764ff7507380b88dd79ce09e69,Localization Stability,TF,Jump Linear,0.0321839,770.3
b1eaa9764ff7507380b88dd79ce09e69,Input Validity,Lidar,Lidar Rate,10,769.39
b1eaa9764ff7507380b88dd79ce09e69,Input Validity,Odometry,Odometry Rate,50,769.39
b1eaa9764ff7507380b88dd79ce09e69,Input Validity,TF,TF Rate,10,769.39
b1eaa9764ff7507380b88dd79ce09e69,Input Validity,Lidar,Lidar Rate,10,769.49
b1eaa9764ff7507380b88dd79ce09e69,Input Validity,Odometry,Odometry Rate,50,769.49
b1eaa9764ff7507380b88dd79ce09e69,Input Validity,TF,TF Rate,10,769.49
b1eaa9764ff7507380b88dd79ce09e69,Localization Quality,AMCLPose,CovYawYaw,0.0178307,769.4
b1eaa9764ff7507380b88dd79ce09e69,Localization Quality,AMCLPose,CovYY,0.0239494,769.4
b1eaa9764ff7507380b88dd79ce09e69,Localization Quality,AMCLPose,CovXX,0.0155708,769.4
b1eaa9764ff7507380b88dd79ce09e69,Localization Quality,AMCLPose,MeanYaw,3.12994,769.4
b1eaa9764ff7507380b88dd79ce09e69,Localization Quality,AMCLPose,MeanY,-0.284119,769.4
b1eaa9764ff7507380b88dd79ce09e69,Localization Quality,AMCLPose,MeanX,5.78442,769.4
b1eaa9764ff7507380b88dd79ce09e69,Localization Stability,TF,Jump Angular,-0.000592882,770.4
b1eaa9764ff7507380b88dd79ce09e69,Localization Stability,TF,Jump Linear,0.0091667,770.4
b1eaa9764ff7507380b88dd79ce09e69,Input Validity,Lidar,Lidar Rate,10,769.57
b1eaa9764ff7507380b88dd79ce09e69,Input Validity,Odometry,Odometry Rate,50,769.57
b1eaa9764ff7507380b88dd79ce09e69,Input Validity,TF,TF Rate,10,769.57
b1eaa9764ff7507380b88dd79ce09e69,Localization Quality,AMCLPose,CovYawYaw,0.0141088,769.5
b1eaa9764ff7507380b88dd79ce09e69,Localization Quality,AMCLPose,CovYY,0.0232703,769.5
b1eaa9764ff7507380b88dd79ce09e69,Localization Quality,AMCLPose,CovXX,0.0133768,769.5
b1eaa9764ff7507380b88dd79ce09e69,Localization Quality,AMCLPose,MeanYaw,-3.0499,769.5
b1eaa9764ff7507380b88dd79ce09e69,Localization Quality,AMCLPose,MeanY,-0.278872,769.5
b1eaa9764ff7507380b88dd79ce09e69,Localization Quality,AMCLPose,MeanX,5.78068,769.5
b1eaa9764ff7507380b88dd79ce09e69,Localization Stability,TF,Jump Angular,0.00334154,770.5
b1eaa9764ff7507380b88dd79ce09e69,Localization Stability,TF,Jump Linear,0.0576061,770.5
b1eaa9764ff7507380b88dd79ce09e69,Input Validity,Lidar,Lidar Rate,10,769.67
b1eaa9764ff7507380b88dd79ce09e69,Input Validity,Odometry,Odometry Rate,50,769.67
b1eaa9764ff7507380b88dd79ce09e69,Input Validity,TF,TF Rate,10,769.67
b1eaa9764ff7507380b88dd79ce09e69,Localization Quality,AMCLPose,CovYawYaw,0.0121725,769.6
b1eaa9764ff7507380b88dd79ce09e69,Localization Quality,AMCLPose,CovYY,0.0235371,769.6
b1eaa9764ff7507380b88dd79ce09e69,Localization Quality,AMCLPose,CovXX,0.0122439,769.6
b1eaa9764ff7507380b88dd79ce09e69,Localization Quality,AMCLPose,MeanYaw,-2.9451,769.6
b1eaa9764ff7507380b88dd79ce09e69,Localization Quality,AMCLPose,MeanY,-0.281595,769.6
b1eaa9764ff7507380b88dd79ce09e69,Localization Quality,AMCLPose,MeanX,5.77771,769.6
b1eaa9764ff7507380b88dd79ce09e69,Localization Stability,TF,Jump Angular,0.00480432,770.6
b1eaa9764ff7507380b88dd79ce09e69,Localization Stability,TF,Jump Linear,0.0806785,770.6
b1eaa9764ff7507380b88dd79ce09e69,Input Validity,Lidar,Lidar Rate,10,769.77
b1eaa9764ff7507380b88dd79ce09e69,Input Validity,Odometry,Odometry Rate,50,769.77
b1eaa9764ff7507380b88dd79ce09e69,Input Validity,TF,TF Rate,10,769.77
b1eaa9764ff7507380b88dd79ce09e69,Localization Quality,AMCLPose,CovYawYaw,0.0125112,769.7
b1eaa9764ff7507380b88dd79ce09e69,Localization Quality,AMCLPose,CovYY,0.0207099,769.7
b1eaa9764ff7507380b88dd79ce09e69,Localization Quality,AMCLPose,CovXX,0.012531,769.7
b1eaa9764ff7507380b88dd79ce09e69,Localization Quality,AMCLPose,MeanYaw,-2.85487,769.7
b1eaa9764ff7507380b88dd79ce09e69,Localization Quality,AMCLPose,MeanY,-0.274063,769.7
b1eaa9764ff7507380b88dd79ce09e69,Localization Quality,AMCLPose,MeanX,5.79327,769.7
b1eaa9764ff7507380b88dd79ce09e69,Localization Stability,TF,Jump Angular,-0.00976829,770.7
b1eaa9764ff7507380b88dd79ce09e69,Localization Stability,TF,Jump Linear,0.154454,770.7
b1eaa9764ff7507380b88dd79ce09e69,Input Validity,Lidar,Lidar Rate,10,769.87
b1eaa9764ff7507380b88dd79ce09e69,Input Validity,Odometry,Odometry Rate,50,769.87
b1eaa9764ff7507380b88dd79ce09e69,Input Validity,TF,TF Rate,10,769.87
b1eaa9764ff7507380b88dd79ce09e69,Localization Quality,AMCLPose,CovYawYaw,0.0135571,769.8
b1eaa9764ff7507380b88dd79ce09e69,Localization Quality,AMCLPose,CovYY,0.0194413,769.8
b1eaa9764ff7507380b88dd79ce09e69,Localization Quality,AMCLPose,CovXX,0.0143392,769.8
b1eaa9764ff7507380b88dd79ce09e69,Localization Quality,AMCLPose,MeanYaw,-2.76674,769.8
b1eaa9764ff7507380b88dd79ce09e69,Localization Quality,AMCLPose,MeanY,-0.264199,769.8
b1eaa9764ff7507380b88dd79ce09e69,Localization Quality,AMCLPose,MeanX,5.81061,769.8
b1eaa9764ff7507380b88dd79ce09e69,Localization Stability,TF,Jump Angular,-0.0118745,770.8
b1eaa9764ff7507380b88dd79ce09e69,Localization Stability,TF,Jump Linear,0.188982,770.8
b1eaa9764ff7507380b88dd79ce09e69,Input Validity,Lidar,Lidar Rate,10,769.97
b1eaa9764ff7507380b88dd79ce09e69,Input Validity,Odometry,Odometry Rate,50,769.97
b1eaa9764ff7507380b88dd79ce09e69,Input Validity,TF,TF Rate,10,769.97
b1eaa9764ff7507380b88dd79ce09e69,Localization Quality,AMCLPose,CovYawYaw,0.0146584,769.9
b1eaa9764ff7507380b88dd79ce09e69,Localization Quality,AMCLPose,CovYY,0.0188696,769.9
b1eaa9764ff7507380b88dd79ce09e69,Localization Quality,AMCLPose,CovXX,0.01615,769.9
b1eaa9764ff7507380b88dd79ce09e69,Localization Quality,AMCLPose,MeanYaw,-2.67992,769.9
b1eaa9764ff7507380b88dd79ce09e69,Localization Quality,AMCLPose,MeanY,-0.256992,769.9
b1eaa9764ff7507380b88dd79ce09e69,Localization Quality,AMCLPose,MeanX,5.82876,769.9
b1eaa9764ff7507380b88dd79ce09e69,Localization Stability,TF,Jump Angular,-0.013184,770.9
b1eaa9764ff7507380b88dd79ce09e69,Localization Stability,TF,Jump Linear,0.212205,770.9
b1eaa9764ff7507380b88dd79ce09e69,Input Validity,Lidar,Lidar Rate,10,770.06
b1eaa9764ff7507380b88dd79ce09e69,Input Validity,Odometry,Odometry Rate,50,770.06
b1eaa9764ff7507380b88dd79ce09e69,Input Validity,TF,TF Rate,10,770.06
b1eaa9764ff7507380b88dd79ce09e69,Localization Quality,AMCLPose,CovYawYaw,0.0177678,770
b1eaa9764ff7507380b88dd79ce09e69,Localization Quality,AMCLPose,CovYY,0.0189405,770
b1eaa9764ff7507380b88dd79ce09e69,Localization Quality,AMCLPose,CovXX,0.0192203,770
b1eaa9764ff7507380b88dd79ce09e69,Localization Quality,AMCLPose,MeanYaw,-2.60062,770
b1eaa9764ff7507380b88dd79ce09e69,Localization Quality,AMCLPose,MeanY,-0.243035,770
b1eaa9764ff7507380b88dd79ce09e69,Localization Quality,AMCLPose,MeanX,5.85071,770
b1eaa9764ff7507380b88dd79ce09e69,Localization Stability,TF,Jump Angular,-0.0206985,771
b1eaa9764ff7507380b88dd79ce09e69,Localization Stability,TF,Jump Linear,0.338464,771
b1eaa9764ff7507380b88dd79ce09e69,Input Validity,Lidar,Lidar Rate,10,770.16
b1eaa9764ff7507380b88dd79ce09e69,Input Validity,Odometry,Odometry Rate,50,770.16
b1eaa9764ff7507380b88dd79ce09e69,Input Validity,TF,TF Rate,10,770.16
b1eaa9764ff7507380b88dd79ce09e69,Localization Quality,AMCLPose,CovYawYaw,0.0212158,770.1
b1eaa9764ff7507380b88dd79ce09e69,Localization Quality,AMCLPose,CovYY,0.0197155,770.1
b1eaa9764ff7507380b88dd79ce09e69,Localization Quality,AMCLPose,CovXX,0.0226801,770.1
b1eaa9764ff7507380b88dd79ce09e69,Localization Quality,AMCLPose,MeanYaw,-2.53221,770.1
b1eaa9764ff7507380b88dd79ce09e69,Localization Quality,AMCLPose,MeanY,-0.230609,770.1
b1eaa9764ff7507380b88dd79ce09e69,Localization Quality,AMCLPose,MeanX,5.87595,770.1
b1eaa9764ff7507380b88dd79ce09e69,Localization Stability,TF,Jump Angular,-0.018716,771.1
b1eaa9764ff7507380b88dd79ce09e69,Localization Stability,TF,Jump Linear,0.301092,771.1
b1eaa9764ff7507380b88dd79ce09e69,Input Validity,Lidar,Lidar Rate,10,770.26
b1eaa9764ff7507380b88dd79ce09e69,Input Validity,Odometry,Odometry Rate,50,770.26
b1eaa9764ff7507380b88dd79ce09e69,Input Validity,TF,TF Rate,10,770.26
b1eaa9764ff7507380b88dd79ce09e69,Localization Quality,AMCLPose,CovYawYaw,0.024318,770.2
b1eaa9764ff7507380b88dd79ce09e69,Localization Quality,AMCLPose,CovYY,0.0211883,770.2
b1eaa9764ff7507380b88dd79ce09e69,Localization Quality,AMCLPose,CovXX,0.0254948,770.2
b1eaa9764ff7507380b88dd79ce09e69,Localization Quality,AMCLPose,MeanYaw,-2.49575,770.2
b1eaa9764ff7507380b88dd79ce09e69,Localization Quality,AMCLPose,MeanY,-0.218644,770.2
b1eaa9764ff7507380b88dd79ce09e69,Localization Quality,AMCLPose,MeanX,5.90457,770.2
b1eaa9764ff7507380b88dd79ce09e69,Localization Stability,TF,Jump Angular,-0.0222607,771.2
b1eaa9764ff7507380b88dd79ce09e69,Localization Stability,TF,Jump Linear,0.360379,771.2
b1eaa9764ff7507380b88dd79ce09e69,Input Validity,Lidar,Lidar Rate,10,770.36
b1eaa9764ff7507380b88dd79ce09e69,Input Validity,Odometry,Odometry Rate,50,770.36
b1eaa9764ff7507380b88dd79ce09e69,Input Validity,TF,TF Rate,10,770.36
b1eaa9764ff7507380b88dd79ce09e69,Localization Stability,TF,Jump Angular,0,771.3
b1eaa9764ff7507380b88dd79ce09e69,Localization Stability,TF,Jump Linear,0,771.3
b1eaa9764ff7507380b88dd79ce09e69,Localization Stability,TF,Jump Angular,0,771.4
b1eaa9764ff7507380b88dd79ce09e69,Localization Stability,TF,Jump Linear,0,771.4
b1eaa9764ff7507380b88dd79ce09e69,Input Validity,Lidar,Lidar Rate,10,770.46
b1eaa9764ff7507380b88dd79ce09e69,Input Validity,Odometry,Odometry Rate,50,770.46
b1eaa9764ff7507380b88dd79ce09e69,Input Validity,TF,TF Rate,10,770.46
b1eaa9764ff7507380b88dd79ce09e69,Input Validity,Lidar,Lidar Rate,10,770.56
b1eaa9764ff7507380b88dd79ce09e69,Input Validity,Odometry,Odometry Rate,50,770.56
b1eaa9764ff7507380b88dd79ce09e69,Input Validity,TF,TF Rate,10,770.56
b1eaa9764ff7507380b88dd79ce09e69,Localization Stability,TF,Jump Angular,0,771.5
b1eaa9764ff7507380b88dd79ce09e69,Localization Stability,TF,Jump Linear,0,771.5
b1eaa9764ff7507380b88dd79ce09e69,Input Validity,Lidar,Lidar Rate,10,770.66
b1eaa9764ff7507380b88dd79ce09e69,Input Validity,Odometry,Odometry Rate,50,770.66
b1eaa9764ff7507380b88dd79ce09e69,Input Validity,TF,TF Rate,10,770.66
b1eaa9764ff7507380b88dd79ce09e69,Localization Stability,TF,Jump Angular,0,771.6
b1eaa9764ff7507380b88dd79ce09e69,Localization Stability,TF,Jump Linear,0,771.6
b1eaa9764ff7507380b88dd79ce09e69,Localization Stability,TF,Jump Angular,0,771.7
b1eaa9764ff7507380b88dd79ce09e69,Localization Stability,TF,Jump Linear,0,771.7
b1eaa9764ff7507380b88dd79ce09e69,Input Validity,Lidar,Lidar Rate,10,770.76
b1eaa9764ff7507380b88dd79ce09e69,Input Validity,Odometry,Odometry Rate,50,770.76
b1eaa9764ff7507380b88dd79ce09e69,Input Validity,TF,TF Rate,10,770.76
b1eaa9764ff7507380b88dd79ce09e69,Input Validity,Lidar,Lidar Rate,10,770.86
b1eaa9764ff7507380b88dd79ce09e69,Input Validity,Odometry,Odometry Rate,50,770.86
b1eaa9764ff7507380b88dd79ce09e69,Input Validity,TF,TF Rate,10,770.86
b1eaa9764ff7507380b88dd79ce09e69,Localization Stability,TF,Jump Angular,0,771.8
b1eaa9764ff7507380b88dd79ce09e69,Localization Stability,TF,Jump Linear,0,771.8
b1eaa9764ff7507380b88dd79ce09e69,Input Validity,Lidar,Lidar Rate,10,770.96
b1eaa9764ff7507380b88dd79ce09e69,Input Validity,Odometry,Odometry Rate,50,770.96
b1eaa9764ff7507380b88dd79ce09e69,Input Validity,TF,TF Rate,10,770.96
b1eaa9764ff7507380b88dd79ce09e69,Localization Stability,TF,Jump Angular,0,771.9
b1eaa9764ff7507380b88dd79ce09e69,Localization Stability,TF,Jump Linear,0,771.9
b1eaa9764ff7507380b88dd79ce09e69,Input Validity,Lidar,Lidar Rate,10,771.06
b1eaa9764ff7507380b88dd79ce09e69,Input Validity,Odometry,Odometry Rate,50,771.06
b1eaa9764ff7507380b88dd79ce09e69,Input Validity,TF,TF Rate,10,771.06
b1eaa9764ff7507380b88dd79ce09e69,Localization Stability,TF,Jump Angular,0,772
b1eaa9764ff7507380b88dd79ce09e69,Localization Stability,TF,Jump Linear,0,772
b1eaa9764ff7507380b88dd79ce09e69,Input Validity,Lidar,Lidar Rate,10,771.16
b1eaa9764ff7507380b88dd79ce09e69,Input Validity,Odometry,Odometry Rate,50,771.16
b1eaa9764ff7507380b88dd79ce09e69,Input Validity,TF,TF Rate,10,771.16
b1eaa9764ff7507380b88dd79ce09e69,Localization Stability,TF,Jump Angular,0,772.1
b1eaa9764ff7507380b88dd79ce09e69,Localization Stability,TF,Jump Linear,0,772.1
b1eaa9764ff7507380b88dd79ce09e69,Localization Stability,TF,Jump Angular,0,772.2
b1eaa9764ff7507380b88dd79ce09e69,Localization Stability,TF,Jump Linear,0,772.2
b1eaa9764ff7507380b88dd79ce09e69,Input Validity,Lidar,Lidar Rate,10,771.26
b1eaa9764ff7507380b88dd79ce09e69,Input Validity,Odometry,Odometry Rate,50,771.26
b1eaa9764ff7507380b88dd79ce09e69,Input Validity,TF,TF Rate,10,771.26
b1eaa9764ff7507380b88dd79ce09e69,Input Validity,Lidar,Lidar Rate,10,771.36
b1eaa9764ff7507380b88dd79ce09e69,Input Validity,Odometry,Odometry Rate,50,771.36
b1eaa9764ff7507380b88dd79ce09e69,Input Validity,TF,TF Rate,10,771.36
b1eaa9764ff7507380b88dd79ce09e69,Localization Stability,TF,Jump Angular,0,772.3
b1eaa9764ff7507380b88dd79ce09e69,Localization Stability,TF,Jump Linear,0,772.3
b1eaa9764ff7507380b88dd79ce09e69,Input Validity,Lidar,Lidar Rate,10,771.46
b1eaa9764ff7507380b88dd79ce09e69,Input Validity,Odometry,Odometry Rate,50,771.46
b1eaa9764ff7507380b88dd79ce09e69,Input Validity,TF,TF Rate,10,771.46
b1eaa9764ff7507380b88dd79ce09e69,Localization Stability,TF,Jump Angular,0,772.4
b1eaa9764ff7507380b88dd79ce09e69,Localization Stability,TF,Jump Linear,0,772.4
b1eaa9764ff7507380b88dd79ce09e69,Input Validity,Lidar,Lidar Rate,10,771.56
b1eaa9764ff7507380b88dd79ce09e69,Input Validity,Odometry,Odometry Rate,50,771.56
b1eaa9764ff7507380b88dd79ce09e69,Input Validity,TF,TF Rate,10,771.56
b1eaa9764ff7507380b88dd79ce09e69,Localization Stability,TF,Jump Angular,0,772.5
b1eaa9764ff7507380b88dd79ce09e69,Localization Stability,TF,Jump Linear,0,772.5
b1eaa9764ff7507380b88dd79ce09e69,Input Validity,Lidar,Lidar Rate,10,771.66
b1eaa9764ff7507380b88dd79ce09e69,Input Validity,Odometry,Odometry Rate,50,771.66
b1eaa9764ff7507380b88dd79ce09e69,Input Validity,TF,TF Rate,10,771.66
b1eaa9764ff7507380b88dd79ce09e69,Localization Stability,TF,Jump Angular,0,772.6
b1eaa9764ff7507380b88dd79ce09e69,Localization Stability,TF,Jump Linear,0,772.6
b1eaa9764ff7507380b88dd79ce09e69,Localization Stability,TF,Jump Angular,0,772.7
b1eaa9764ff7507380b88dd79ce09e69,Localization Stability,TF,Jump Linear,0,772.7
b1eaa9764ff7507380b88dd79ce09e69,Input Validity,Lidar,Lidar Rate,10,771.76
b1eaa9764ff7507380b88dd79ce09e69,Input Validity,Odometry,Odometry Rate,50,771.76
b1eaa9764ff7507380b88dd79ce09e69,Input Validity,TF,TF Rate,10,771.76
b1eaa9764ff7507380b88dd79ce09e69,Input Validity,Lidar,Lidar Rate,10,771.85
b1eaa9764ff7507380b88dd79ce09e69,Input Validity,Odometry,Odometry Rate,50,771.85
b1eaa9764ff7507380b88dd79ce09e69,Input Validity,TF,TF Rate,10,771.85
b1eaa9764ff7507380b88dd79ce09e69,Localization Stability,TF,Jump Angular,0,772.8
b1eaa9764ff7507380b88dd79ce09e69,Localization Stability,TF,Jump Linear,0,772.8
b1eaa9764ff7507380b88dd79ce09e69,Input Validity,Lidar,Lidar Rate,10,771.95
b1eaa9764ff7507380b88dd79ce09e69,Input Validity,Odometry,Odometry Rate,50,771.95
b1eaa9764ff7507380b88dd79ce09e69,Input Validity,TF,TF Rate,10,771.95
b1eaa9764ff7507380b88dd79ce09e69,Localization Stability,TF,Jump Angular,0,772.9
b1eaa9764ff7507380b88dd79ce09e69,Localization Stability,TF,Jump Linear,0,772.9
b1eaa9764ff7507380b88dd79ce09e69,Input Validity,Lidar,Lidar Rate,10,772.05
b1eaa9764ff7507380b88dd79ce09e69,Input Validity,Odometry,Odometry Rate,50,772.05
b1eaa9764ff7507380b88dd79ce09e69,Input Validity,TF,TF Rate,10,772.05
b1eaa9764ff7507380b88dd79ce09e69,Localization Stability,TF,Jump Angular,0,773
b1eaa9764ff7507380b88dd79ce09e69,Localization Stability,TF,Jump Linear,0,773
b1eaa9764ff7507380b88dd79ce09e69,Localization Stability,TF,Jump Angular,0,773.1
b1eaa9764ff7507380b88dd79ce09e69,Localization Stability,TF,Jump Linear,0,773.1
b1eaa9764ff7507380b88dd79ce09e69,Input Validity,Lidar,Lidar Rate,10,772.15
b1eaa9764ff7507380b88dd79ce09e69,Input Validity,Odometry,Odometry Rate,50,772.15
b1eaa9764ff7507380b88dd79ce09e69,Input Validity,TF,TF Rate,10,772.15
b1eaa9764ff7507380b88dd79ce09e69,Localization Stability,TF,Jump Angular,0,773.2
b1eaa9764ff7507380b88dd79ce09e69,Localization Stability,TF,Jump Linear,0,773.2
b1eaa9764ff7507380b88dd79ce09e69,Input Validity,Lidar,Lidar Rate,10,772.25
b1eaa9764ff7507380b88dd79ce09e69,Input Validity,Odometry,Odometry Rate,50,772.25
b1eaa9764ff7507380b88dd79ce09e69,Input Validity,TF,TF Rate,10,772.25
b1eaa9764ff7507380b88dd79ce09e69,Localization Stability,TF,Jump Angular,0,773.3
b1eaa9764ff7507380b88dd79ce09e69,Localization Stability,TF,Jump Linear,0,773.3
b1eaa9764ff7507380b88dd79ce09e69,Input Validity,Lidar,Lidar Rate,10,772.35
b1eaa9764ff7507380b88dd79ce09e69,Input Validity,Odometry,Odometry Rate,50,772.35
b1eaa9764ff7507380b88dd79ce09e69,Input Validity,TF,TF Rate,10,772.35
b1eaa9764ff7507380b88dd79ce09e69,Input Validity,Lidar,Lidar Rate,10,772.45
b1eaa9764ff7507380b88dd79ce09e69,Input Validity,Odometry,Odometry Rate,50,772.45
b1eaa9764ff7507380b88dd79ce09e69,Input Validity,TF,TF Rate,10,772.45
b1eaa9764ff7507380b88dd79ce09e69,Localization Stability,TF,Jump Angular,0,773.4
b1eaa9764ff7507380b88dd79ce09e69,Localization Stability,TF,Jump Linear,0,773.4
b1eaa9764ff7507380b88dd79ce09e69,Input Validity,Lidar,Lidar Rate,10,772.55
b1eaa9764ff7507380b88dd79ce09e69,Input Validity,Odometry,Odometry Rate,50,772.55
b1eaa9764ff7507380b88dd79ce09e69,Input Validity,TF,TF Rate,10,772.55
b1eaa9764ff7507380b88dd79ce09e69,Localization Stability,TF,Jump Angular,0,773.5
b1eaa9764ff7507380b88dd79ce09e69,Localization Stability,TF,Jump Linear,0,773.5
b1eaa9764ff7507380b88dd79ce09e69,Input Validity,Lidar,Lidar Rate,10,772.65
b1eaa9764ff7507380b88dd79ce09e69,Input Validity,Odometry,Odometry Rate,50,772.65
b1eaa9764ff7507380b88dd79ce09e69,Input Validity,TF,TF Rate,10,772.65
b1eaa9764ff7507380b88dd79ce09e69,Localization Stability,TF,Jump Angular,0,773.6
b1eaa9764ff7507380b88dd79ce09e69,Localization Stability,TF,Jump Linear,0,773.6
b1eaa9764ff7507380b88dd79ce09e69,Input Validity,Lidar,Lidar Rate,10,772.75
b1eaa9764ff7507380b88dd79ce09e69,Input Validity,Odometry,Odometry Rate,50,772.75
b1eaa9764ff7507380b88dd79ce09e69,Input Validity,TF,TF Rate,10,772.75
b1eaa9764ff7507380b88dd79ce09e69,Localization Stability,TF,Jump Angular,0,773.7
b1eaa9764ff7507380b88dd79ce09e69,Localization Stability,TF,Jump Linear,0,773.7
b1eaa9764ff7507380b88dd79ce09e69,Input Validity,Lidar,Lidar Rate,10,772.85
b1eaa9764ff7507380b88dd79ce09e69,Input Validity,Odometry,Odometry Rate,50,772.85
b1eaa9764ff7507380b88dd79ce09e69,Input Validity,TF,TF Rate,10,772.85
b1eaa9764ff7507380b88dd79ce09e69,Localization Stability,TF,Jump Angular,0,773.8
b1eaa9764ff7507380b88dd79ce09e69,Localization Stability,TF,Jump Linear,0,773.8
b1eaa9764ff7507380b88dd79ce09e69,Input Validity,Lidar,Lidar Rate,10,772.95
b1eaa9764ff7507380b88dd79ce09e69,Input Validity,Odometry,Odometry Rate,50,772.95
b1eaa9764ff7507380b88dd79ce09e69,Input Validity,TF,TF Rate,10,772.95
b1eaa9764ff7507380b88dd79ce09e69,Localization Stability,TF,Jump Angular,0,773.9
b1eaa9764ff7507380b88dd79ce09e69,Localization Stability,TF,Jump Linear,0,773.9
b1eaa9764ff7507380b88dd79ce09e69,Input Validity,Lidar,Lidar Rate,10,773.05
b1eaa9764ff7507380b88dd79ce09e69,Input Validity,Odometry,Odometry Rate,50,773.05
b1eaa9764ff7507380b88dd79ce09e69,Input Validity,TF,TF Rate,10,773.05
b1eaa9764ff7507380b88dd79ce09e69,Localization Stability,TF,Jump Angular,0,774
b1eaa9764ff7507380b88dd79ce09e69,Localization Stability,TF,Jump Linear,0,774
b1eaa9764ff7507380b88dd79ce09e69,Input Validity,Lidar,Lidar Rate,10,773.15
b1eaa9764ff7507380b88dd79ce09e69,Input Validity,Odometry,Odometry Rate,50,773.15
b1eaa9764ff7507380b88dd79ce09e69,Input Validity,TF,TF Rate,10,773.15
b1eaa9764ff7507380b88dd79ce09e69,Localization Stability,TF,Jump Angular,0,774.1
b1eaa9764ff7507380b88dd79ce09e69,Localization Stability,TF,Jump Linear,0,774.1
b1eaa9764ff7507380b88dd79ce09e69,Localization Stability,TF,Jump Angular,0,774.2
b1eaa9764ff7507380b88dd79ce09e69,Localization Stability,TF,Jump Linear,0,774.2
b1eaa9764ff7507380b88dd79ce09e69,Input Validity,Lidar,Lidar Rate,10,773.25
b1eaa9764ff7507380b88dd79ce09e69,Input Validity,Odometry,Odometry Rate,50,773.25
b1eaa9764ff7507380b88dd79ce09e69,Input Validity,TF,TF Rate,10,773.25
b1eaa9764ff7507380b88dd79ce09e69,Input Validity,Lidar,Lidar Rate,10,773.35
b1eaa9764ff7507380b88dd79ce09e69,Input Validity,Odometry,Odometry Rate,50,773.35
b1eaa9764ff7507380b88dd79ce09e69,Input Validity,TF,TF Rate,10,773.35
b1eaa9764ff7507380b88dd79ce09e69,Localization Stability,TF,Jump Angular,0,774.3
b1eaa9764ff7507380b88dd79ce09e69,Localization Stability,TF,Jump Linear,0,774.3
b1eaa9764ff7507380b88dd79ce09e69,Input Validity,Lidar,Lidar Rate,10,773.44
b1eaa9764ff7507380b88dd79ce09e69,Input Validity,Odometry,Odometry Rate,50,773.44
b1eaa9764ff7507380b88dd79ce09e69,Input Validity,TF,TF Rate,10,773.44
b1eaa9764ff7507380b88dd79ce09e69,Localization Stability,TF,Jump Angular,0,774.4
b1eaa9764ff7507380b88dd79ce09e69,Localization Stability,TF,Jump Linear,0,774.4
b1eaa9764ff7507380b88dd79ce09e69,Input Validity,Lidar,Lidar Rate,10,773.55
b1eaa9764ff7507380b88dd79ce09e69,Input Validity,Odometry,Odometry Rate,50,773.55
b1eaa9764ff7507380b88dd79ce09e69,Input Validity,TF,TF Rate,10,773.55
b1eaa9764ff7507380b88dd79ce09e69,Localization Stability,TF,Jump Angular,0,774.5
b1eaa9764ff7507380b88dd79ce09e69,Localization Stability,TF,Jump Linear,0,774.5
b1eaa9764ff7507380b88dd79ce09e69,Input Validity,Lidar,Lidar Rate,10,773.64
b1eaa9764ff7507380b88dd79ce09e69,Input Validity,Odometry,Odometry Rate,50,773.64
b1eaa9764ff7507380b88dd79ce09e69,Input Validity,TF,TF Rate,10,773.64
b1eaa9764ff7507380b88dd79ce09e69,Localization Stability,TF,Jump Angular,0,774.6
b1eaa9764ff7507380b88dd79ce09e69,Localization Stability,TF,Jump Linear,0,774.6
b1eaa9764ff7507380b88dd79ce09e69,Input Validity,Lidar,Lidar Rate,10,773.74
b1eaa9764ff7507380b88dd79ce09e69,Input Validity,Odometry,Odometry Rate,50,773.74
b1eaa9764ff7507380b88dd79ce09e69,Input Validity,TF,TF Rate,10,773.74
b1eaa9764ff7507380b88dd79ce09e69,Localization Stability,TF,Jump Angular,0,774.7
b1eaa9764ff7507380b88dd79ce09e69,Localization Stability,TF,Jump Linear,0,774.7
b1eaa9764ff7507380b88dd79ce09e69,Input Validity,Lidar,Lidar Rate,10,773.84
b1eaa9764ff7507380b88dd79ce09e69,Input Validity,Odometry,Odometry Rate,50,773.84
b1eaa9764ff7507380b88dd79ce09e69,Input Validity,TF,TF Rate,10,773.84
b1eaa9764ff7507380b88dd79ce09e69,Localization Stability,TF,Jump Angular,0,774.8
b1eaa9764ff7507380b88dd79ce09e69,Localization Stability,TF,Jump Linear,0,774.8
b1eaa9764ff7507380b88dd79ce09e69,Input Validity,Lidar,Lidar Rate,10,773.94
b1eaa9764ff7507380b88dd79ce09e69,Input Validity,Odometry,Odometry Rate,50,773.94
b1eaa9764ff7507380b88dd79ce09e69,Input Validity,TF,TF Rate,10,773.94
b1eaa9764ff7507380b88dd79ce09e69,Localization Stability,TF,Jump Angular,0,774.9
b1eaa9764ff7507380b88dd79ce09e69,Localization Stability,TF,Jump Linear,0,774.9
b1eaa9764ff7507380b88dd79ce09e69,Input Validity,Lidar,Lidar Rate,10,774.04
b1eaa9764ff7507380b88dd79ce09e69,Input Validity,Odometry,Odometry Rate,50,774.04
b1eaa9764ff7507380b88dd79ce09e69,Input Validity,TF,TF Rate,10,774.04
b1eaa9764ff7507380b88dd79ce09e69,Localization Stability,TF,Jump Angular,0,775
b1eaa9764ff7507380b88dd79ce09e69,Localization Stability,TF,Jump Linear,0,775
b1eaa9764ff7507380b88dd79ce09e69,Input Validity,Lidar,Lidar Rate,10,774.14
b1eaa9764ff7507380b88dd79ce09e69,Input Validity,Odometry,Odometry Rate,50,774.14
b1eaa9764ff7507380b88dd79ce09e69,Input Validity,TF,TF Rate,10,774.14
b1eaa9764ff7507380b88dd79ce09e69,Localization Stability,TF,Jump Angular,0,775.1
b1eaa9764ff7507380b88dd79ce09e69,Localization Stability,TF,Jump Linear,0,775.1
b1eaa9764ff7507380b88dd79ce09e69,Input Validity,Lidar,Lidar Rate,10,774.24
b1eaa9764ff7507380b88dd79ce09e69,Input Validity,Odometry,Odometry Rate,50,774.24
b1eaa9764ff7507380b88dd79ce09e69,Input Validity,TF,TF Rate,10,774.24
b1eaa9764ff7507380b88dd79ce09e69,Localization Stability,TF,Jump Angular,0,775.2
b1eaa9764ff7507380b88dd79ce09e69,Localization Stability,TF,Jump Linear,0,775.2
b1eaa9764ff7507380b88dd79ce09e69,Input Validity,Lidar,Lidar Rate,10,774.34
b1eaa9764ff7507380b88dd79ce09e69,Input Validity,Odometry,Odometry Rate,50,774.34
b1eaa9764ff7507380b88dd79ce09e69,Input Validity,TF,TF Rate,10,774.34
b1eaa9764ff7507380b88dd79ce09e69,Localization Stability,TF,Jump Angular,0,775.3
b1eaa9764ff7507380b88dd79ce09e69,Localization Stability,TF,Jump Linear,0,775.3
b1eaa9764ff7507380b88dd79ce09e69,Input Validity,Lidar,Lidar Rate,10,774.44
b1eaa9764ff7507380b88dd79ce09e69,Input Validity,Odometry,Odometry Rate,50,774.44
b1eaa9764ff7507380b88dd79ce09e69,Input Validity,TF,TF Rate,10,774.44
b1eaa9764ff7507380b88dd79ce09e69,Localization Stability,TF,Jump Angular,0,775.4
b1eaa9764ff7507380b88dd79ce09e69,Localization Stability,TF,Jump Linear,0,775.4
b1eaa9764ff7507380b88dd79ce09e69,Localization Stability,TF,Jump Angular,0,775.5
b1eaa9764ff7507380b88dd79ce09e69,Localization Stability,TF,Jump Linear,0,775.5
b1eaa9764ff7507380b88dd79ce09e69,Input Validity,Lidar,Lidar Rate,10,774.54
b1eaa9764ff7507380b88dd79ce09e69,Input Validity,Odometry,Odometry Rate,50,774.54
b1eaa9764ff7507380b88dd79ce09e69,Input Validity,TF,TF Rate,10,774.54
b1eaa9764ff7507380b88dd79ce09e69,Input Validity,Lidar,Lidar Rate,10,774.64
b1eaa9764ff7507380b88dd79ce09e69,Input Validity,Odometry,Odometry Rate,50,774.64
b1eaa9764ff7507380b88dd79ce09e69,Input Validity,TF,TF Rate,10,774.64
b1eaa9764ff7507380b88dd79ce09e69,Localization Stability,TF,Jump Angular,0,775.6
b1eaa9764ff7507380b88dd79ce09e69,Localization Stability,TF,Jump Linear,0,775.6
b1eaa9764ff7507380b88dd79ce09e69,Input Validity,Lidar,Lidar Rate,10,774.74
b1eaa9764ff7507380b88dd79ce09e69,Input Validity,Odometry,Odometry Rate,50,774.74
b1eaa9764ff7507380b88dd79ce09e69,Input Validity,TF,TF Rate,10,774.74
b1eaa9764ff7507380b88dd79ce09e69,Localization Stability,TF,Jump Angular,0,775.7
b1eaa9764ff7507380b88dd79ce09e69,Localization Stability,TF,Jump Linear,0,775.7
b1eaa9764ff7507380b88dd79ce09e69,Input Validity,Lidar,Lidar Rate,10,774.84
b1eaa9764ff7507380b88dd79ce09e69,Input Validity,Odometry,Odometry Rate,50,774.84
b1eaa9764ff7507380b88dd79ce09e69,Input Validity,TF,TF Rate,10,774.84
b1eaa9764ff7507380b88dd79ce09e69,Localization Stability,TF,Jump Angular,0,775.8
b1eaa9764ff7507380b88dd79ce09e69,Localization Stability,TF,Jump Linear,0,775.8
b1eaa9764ff7507380b88dd79ce09e69,Input Validity,Lidar,Lidar Rate,10,774.94
b1eaa9764ff7507380b88dd79ce09e69,Input Validity,Odometry,Odometry Rate,50,774.94
b1eaa9764ff7507380b88dd79ce09e69,Input Validity,TF,TF Rate,10,774.94
b1eaa9764ff7507380b88dd79ce09e69,Localization Stability,TF,Jump Angular,0,775.9
b1eaa9764ff7507380b88dd79ce09e69,Localization Stability,TF,Jump Linear,0,775.9
b1eaa9764ff7507380b88dd79ce09e69,Input Validity,Lidar,Lidar Rate,10,775.04
b1eaa9764ff7507380b88dd79ce09e69,Input Validity,Odometry,Odometry Rate,50,775.04
b1eaa9764ff7507380b88dd79ce09e69,Input Validity,TF,TF Rate,10,775.04
b1eaa9764ff7507380b88dd79ce09e69,Localization Stability,TF,Jump Angular,0,776
b1eaa9764ff7507380b88dd79ce09e69,Localization Stability,TF,Jump Linear,0,776
b1eaa9764ff7507380b88dd79ce09e69,Input Validity,Lidar,Lidar Rate,10,775.14
b1eaa9764ff7507380b88dd79ce09e69,Input Validity,Odometry,Odometry Rate,50,775.14
b1eaa9764ff7507380b88dd79ce09e69,Input Validity,TF,TF Rate,10,775.14
b1eaa9764ff7507380b88dd79ce09e69,Localization Stability,TF,Jump Angular,0,776.1
b1eaa9764ff7507380b88dd79ce09e69,Localization Stability,TF,Jump Linear,0,776.1
b1eaa9764ff7507380b88dd79ce09e69,Input Validity,Lidar,Lidar Rate,10,775.24
b1eaa9764ff7507380b88dd79ce09e69,Input Validity,Odometry,Odometry Rate,50,775.24
b1eaa9764ff7507380b88dd79ce09e69,Input Validity,TF,TF Rate,10,775.24
b1eaa9764ff7507380b88dd79ce09e69,Localization Stability,TF,Jump Angular,0,776.2
b1eaa9764ff7507380b88dd79ce09e69,Localization Stability,TF,Jump Linear,0,776.2
b1eaa9764ff7507380b88dd79ce09e69,Input Validity,Lidar,Lidar Rate,10,775.33
b1eaa9764ff7507380b88dd79ce09e69,Input Validity,Odometry,Odometry Rate,50,775.33
b1eaa9764ff7507380b88dd79ce09e69,Input Validity,TF,TF Rate,10,775.33
b1eaa9764ff7507380b88dd79ce09e69,Localization Stability,TF,Jump Angular,0,776.3
b1eaa9764ff7507380b88dd79ce09e69,Localization Stability,TF,Jump Linear,0,776.3
b1eaa9764ff7507380b88dd79ce09e69,Localization Recovery,TTR,Kidnap Angle,2.34681,775.36
b1eaa9764ff7507380b88dd79ce09e69,Localization Recovery,TTR,Kidnap Distance,2.72949,775.36
b1eaa9764ff7507380b88dd79ce09e69,Localization Recovery,TTR,TTR Outcome,2,775.36
b1eaa9764ff7507380b88dd79ce09e69,Localization Recovery,TTR,TTR,-1,775.36
b1eaa9764ff7507380b88dd79ce09e69,Mission Outcome,Episode Event,Recoveries,0,775.36
b1eaa9764ff7507380b88dd79ce09e69,Mission Outcome,Episode Event,Collisions,0,775.36
b1eaa9764ff7507380b88dd79ce09e69,Mission Outcome,Episode Event,Navigation Time,14.74,775.36
b1eaa9764ff7507380b88dd79ce09e69,Mission Outcome,Episode Event,Goal Result,2,775.36
b1eaa9764ff7507380b88dd79ce09e69,Input Validity,AMCLPose,Pose Monotonicity,0,775.36
b1eaa9764ff7507380b88dd79ce09e69,Input Validity,Lidar,Lidar Frame Mistmatch,0,775.36
b1eaa9764ff7507380b88dd79ce09e69,Input Validity,Lidar,Lidar Monotonicity,0,775.36
b1eaa9764ff7507380b88dd79ce09e69,Input Validity,Odometry,Odometry Frame Mismatch,0,775.36
b1eaa9764ff7507380b88dd79ce09e69,Input Validity,Odometry,Odometry Monotonicity,0,775.36
b1eaa9764ff7507380b88dd79ce09e69,Input Validity,TF,TF Gap Count,0,775.36
b1eaa9764ff7507380b88dd79ce09e69,Input Validity,TF,TF Frame Drop,737,775.36
b1eaa9764ff7507380b88dd79ce09e69,Input Validity,TF,TF Monotonicity,0,775.36
b1eaa9764ff7507380b88dd79ce09e69,map,6.97502,-2.57502,21.6844,-5.375,-0.325,-96.212,2,FAILED,1,14.74,760.62,775.36,0.106319,0.287892,0.592369,0.225904,0.00614932,0.099155,0.186667,324.729,996,2.62298,22.9901,0.842863,0.1773,0,737,0
