GoalID,Metric Class,Metric Source,Metric Name,Metric Value,Timestamp
cfceda213e9ad422c9f61286e243c65a,Localization Stability,TF,Jump Angular,0,206.7
cfceda213e9ad422c9f61286e243c65a,Localization Stability,TF,Jump Linear,0,206.7
cfceda213e9ad422c9f61286e243c65a,Input Validity,Lidar,Lidar Rate,10,205.79
cfceda213e9ad422c9f61286e243c65a,Input Validity,Odometry,Odometry Rate,50,205.79
cfceda213e9ad422c9f61286e243c65a,Input Validity,TF,TF Rate,10,205.79
cfceda213e9ad422c9f61286e243c65a,Input Validity,Lidar,Lidar Rate,10,205.89
cfceda213e9ad422c9f61286e243c65a,Input Validity,Odometry,Odometry Rate,50,205.89
cfceda213e9ad422c9f61286e243c65a,Input Validity,TF,TF Rate,10,205.89
cfceda213e9ad422c9f61286e243c65a,Localization Stability,TF,Jump Angular,0,206.8
cfceda213e9ad422c9f61286e243c65a,Localization Stability,TF,Jump Linear,0,206.8
cfceda213e9ad422c9f61286e243c65a,Input Validity,Lidar,Lidar Rate,10,205.99
cfceda213e9ad422c9f61286e243c65a,Input Validity,Odometry,Odometry Rate,50,205.99
cfceda213e9ad422c9f61286e243c65a,Input Validity,TF,TF Rate,10,205.99
cfceda213e9ad422c9f61286e243c65a,Localization Stability,TF,Jump Angular,0,206.9
cfceda213e9ad422c9f61286e243c65a,Localization Stability,TF,Jump Linear,0,206.9
cfceda213e9ad422c9f61286e243c65a,Localization Stability,TF,Jump Angular,0,207
cfceda213e9ad422c9f61286e243c65a,Localization Stability,TF,Jump Linear,0,207
cfceda213e9ad422c9f61286e243c65a,Input Validity,Lidar,Lidar Rate,10,206.08
cfceda213e9ad422c9f61286e243c65a,Input Validity,Odometry,Odometry Rate,50,206.08
cfceda213e9ad422c9f61286e243c65a,Input Validity,TF,TF Rate,10,206.08
cfceda213e9ad422c9f61286e243c65a,Localization Stability,TF,Jump Angular,0,207.1
cfceda213e9ad422c9f61286e243c65a,Localization Stability,TF,Jump Linear,0,207.1
cfceda213e9ad422c9f61286e243c65a,Input Validity,Lidar,Lidar Rate,10,206.18
cfceda213e9ad422c9f61286e243c65a,Input Validity,Odometry,Odometry Rate,50,206.18
cfceda213e9ad422c9f61286e243c65a,Input Validity,TF,TF Rate,10,206.18
cfceda213e9ad422c9f61286e243c65a,Localization Stability,TF,Jump Angular,-0.0142291,207.2
cfceda213e9ad422c9f61286e243c65a,Localization Stability,TF,Jump Linear,0.104659,207.2
cfceda213e9ad422c9f61286e243c65a,Input Validity,Lidar,Lidar Rate,10,206.28
cfceda213e9ad422c9f61286e243c65a,Input Validity,Odometry,Odometry Rate,50,206.28
cfceda213e9ad422c9f61286e243c65a,Input Validity,TF,TF Rate,10,206.28
cfceda213e9ad422c9f61286e243c65a,Localization Stability,TF,Jump Angular,0,207.3
cfceda213e9ad422c9f61286e243c65a,Localization Stability,TF,Jump Linear,0,207.3
cfceda213e9ad422c9f61286e243c65a,Input Validity,Lidar,Lidar Rate,10,206.38
cfceda213e9ad422c9f61286e243c65a,Input Validity,Odometry,Odometry Rate,50,206.38
cfceda213e9ad422c9f61286e243c65a,Input Validity,TF,TF Rate,10,206.38
cfceda213e9ad422c9f61286e243c65a,Localization Stability,TF,Jump Angular,0,207.4
cfceda213e9ad422c9f61286e243c65a,Localization Stability,TF,Jump Linear,0,207.4
cfceda213e9ad422c9f61286e243c65a,Input Validity,Lidar,Lidar Rate,10,206.48
cfceda213e9ad422c9f61286e243c65a,Input Validity,Odometry,Odometry Rate,50,206.48
cfceda213e9ad422c9f61286e243c65a,Input Validity,TF,TF Rate,10,206.48
cfceda213e9ad422c9f61286e243c65a,Input Validity,Lidar,Lidar Rate,10,206.58
cfceda213e9ad422c9f61286e243c65a,Input Validity,Odometry,Odometry Rate,50,206.58
cfceda213e9ad422c9f61286e243c65a,Input Validity,TF,TF Rate,10,206.58
cfceda213e9ad422c9f61286e243c65a,Localization Quality,AMCLPose,CovYawYaw,0.103227,206.5
cfceda213e9ad422c9f61286e243c65a,Localization Quality,AMCLPose,CovYY,0.115542,206.5
cfceda213e9ad422c9f61286e243c65a,Localization Quality,AMCLPose,CovXX,0.156709,206.5
cfceda213e9ad422c9f61286e243c65a,Localization Quality,AMCLPose,MeanYaw,-1.12878,206.5
cfceda213e9ad422c9f61286e243c65a,Localization Quality,AMCLPose,MeanY,1.27271,206.5
cfceda213e9ad422c9f61286e243c65a,Localization Quality,AMCLPose,MeanX,3.70128,206.5
cfceda213e9ad422c9f61286e243c65a,Localization Stability,TF,Jump Angular,0.0121374,207.5
cfceda213e9ad422c9f61286e243c65a,Localization Stability,TF,Jump Linear,0.0371952,207.5
cfceda213e9ad422c9f61286e243c65a,Input Validity,Lidar,Lidar Rate,10,206.68
cfceda213e9ad422c9f61286e243c65a,Input Validity,Odometry,Odometry Rate,50,206.68
cfceda213e9ad422c9f61286e243c65a,Input Validity,TF,TF Rate,10,206.68
cfceda213e9ad422c9f61286e243c65a,Localization Stability,TF,Jump Angular,0,207.6
cfceda213e9ad422c9f61286e243c65a,Localization Stability,TF,Jump Linear,0,207.6
cfceda213e9ad422c9f61286e243c65a,Localization Stability,TF,Jump Angular,0,207.7
cfceda213e9ad422c9f61286e243c65a,Localization Stability,TF,Jump Linear,0,207.7
cfceda213e9ad422c9f61286e243c65a,Input Validity,Lidar,Lidar Rate,10,206.77
cfceda213e9ad422c9f61286e243c65a,Input Validity,Odometry,Odometry Rate,50,206.77
cfceda213e9ad422c9f61286e243c65a,Input Validity,TF,TF Rate,10,206.77
cfceda213e9ad422c9f61286e243c65a,Input Validity,Lidar,Lidar Rate,10,206.87
cfceda213e9ad422c9f61286e243c65a,Input Validity,Odometry,Odometry Rate,50,206.87
cfceda213e9ad422c9f61286e243c65a,Input Validity,TF,TF Rate,10,206.87
cfceda213e9ad422c9f61286e243c65a,Localization Quality,AMCLPose,CovYawYaw,0.0651177,206.8
cfceda213e9ad422c9f61286e243c65a,Localization Quality,AMCLPose,CovYY,0.0752591,206.8
cfceda213e9ad422c9f61286e243c65a,Localization Quality,AMCLPose,CovXX,0.107952,206.8
cfceda213e9ad422c9f61286e243c65a,Localization Quality,AMCLPose,MeanYaw,-1.05885,206.8
cfceda213e9ad422c9f61286e243c65a,Localization Quality,AMCLPose,MeanY,1.18352,206.8
cfceda213e9ad422c9f61286e243c65a,Localization Quality,AMCLPose,MeanX,3.75156,206.8
cfceda213e9ad422c9f61286e243c65a,Localization Stability,TF,Jump Angular,0.0445112,207.8
cfceda213e9ad422c9f61286e243c65a,Localization Stability,TF,Jump Linear,0.148733,207.8
cfceda213e9ad422c9f61286e243c65a,Input Validity,Lidar,Lidar Rate,10,206.97
cfceda213e9ad422c9f61286e243c65a,Input Validity,Odometry,Odometry Rate,50,206.97
cfceda213e9ad422c9f61286e243c65a,Input Validity,TF,TF Rate,10,206.97
cfceda213e9ad422c9f61286e243c65a,Localization Stability,TF,Jump Angular,0,207.9
cfceda213e9ad422c9f61286e243c65a,Localization Stability,TF,Jump Linear,0,207.9
cfceda213e9ad422c9f61286e243c65a,Localization Stability,TF,Jump Angular,0,208
cfceda213e9ad422c9f61286e243c65a,Localization Stability,TF,Jump Linear,0,208
cfceda213e9ad422c9f61286e243c65a,Input Validity,Lidar,Lidar Rate,10,207.07
cfceda213e9ad422c9f61286e243c65a,Input Validity,Odometry,Odometry Rate,50,207.07
cfceda213e9ad422c9f61286e243c65a,Input Validity,TF,TF Rate,10,207.07
cfceda213e9ad422c9f61286e243c65a,Localization Quality,AMCLPose,CovYawYaw,0.0359181,207.1
cfceda213e9ad422c9f61286e243c65a,Localization Quality,AMCLPose,CovYY,0.0440777,207.1
cfceda213e9ad422c9f61286e243c65a,Localization Quality,AMCLPose,CovXX,0.079302,207.1
cfceda213e9ad422c9f61286e243c65a,Localization Quality,AMCLPose,MeanYaw,-1.00989,207.1
cfceda213e9ad422c9f61286e243c65a,Localization Quality,AMCLPose,MeanY,1.08863,207.1
cfceda213e9ad422c9f61286e243c65a,Localization Quality,AMCLPose,MeanX,3.81854,207.1
cfceda213e9ad422c9f61286e243c65a,Localization Stability,TF,Jump Angular,0.0276687,208.1
cfceda213e9ad422c9f61286e243c65a,Localization Stability,TF,Jump Linear,0.0924,208.1
cfceda213e9ad422c9f61286e243c65a,Input Validity,Lidar,Lidar Rate,10,207.17
cfceda213e9ad422c9f61286e243c65a,Input Validity,Odometry,Odometry Rate,50,207.17
cfceda213e9ad422c9f61286e243c65a,Input Validity,TF,TF Rate,10,207.17
cfceda213e9ad422c9f61286e243c65a,Localization Stability,TF,Jump Angular,0,208.2
cfceda213e9ad422c9f61286e243c65a,Localization Stability,TF,Jump Linear,0,208.2
cfceda213e9ad422c9f61286e243c65a,Input Validity,Lidar,Lidar Rate,10,207.27
cfceda213e9ad422c9f61286e243c65a,Input Validity,Odometry,Odometry Rate,50,207.27
cfceda213e9ad422c9f61286e243c65a,Input Validity,TF,TF Rate,10,207.27
cfceda213e9ad422c9f61286e243c65a,Input Validity,Lidar,Lidar Rate,10,207.37
cfceda213e9ad422c9f61286e243c65a,Input Validity,Odometry,Odometry Rate,50,207.37
cfceda213e9ad422c9f61286e243c65a,Input Validity,TF,TF Rate,10,207.37
cfceda213e9ad422c9f61286e243c65a,Localization Stability,TF,Jump Angular,0,208.3
cfceda213e9ad422c9f61286e243c65a,Localization Stability,TF,Jump Linear,0,208.3
cfceda213e9ad422c9f61286e243c65a,Localization Quality,AMCLPose,CovYawYaw,0.0400222,207.4
cfceda213e9ad422c9f61286e243c65a,Localization Quality,AMCLPose,CovYY,0.0513193,207.4
cfceda213e9ad422c9f61286e243c65a,Localization Quality,AMCLPose,CovXX,0.0905,207.4
cfceda213e9ad422c9f61286e243c65a,Localization Quality,AMCLPose,MeanYaw,-0.984319,207.4
cfceda213e9ad422c9f61286e243c65a,Localization Quality,AMCLPose,MeanY,0.967782,207.4
cfceda213e9ad422c9f61286e243c65a,Localization Quality,AMCLPose,MeanX,3.87612,207.4
cfceda213e9ad422c9f61286e243c65a,Localization Stability,TF,Jump Angular,-0.00277471,208.4
cfceda213e9ad422c9f61286e243c65a,Localization Stability,TF,Jump Linear,0.017941,208.4
cfceda213e9ad422c9f61286e243c65a,Input Validity,Lidar,Lidar Rate,10,207.47
cfceda213e9ad422c9f61286e243c65a,Input Validity,Odometry,Odometry Rate,50,207.47
cfceda213e9ad422c9f61286e243c65a,Input Validity,TF,TF Rate,10,207.47
cfceda213e9ad422c9f61286e243c65a,Input Validity,Lidar,Lidar Rate,10,207.57
cfceda213e9ad422c9f61286e243c65a,Input Validity,Odometry,Odometry Rate,50,207.57
cfceda213e9ad422c9f61286e243c65a,Input Validity,TF,TF Rate,10,207.57
cfceda213e9ad422c9f61286e243c65a,Localization Stability,TF,Jump Angular,0,208.5
cfceda213e9ad422c9f61286e243c65a,Localization Stability,TF,Jump Linear,0,208.5
cfceda213e9ad422c9f61286e243c65a,Input Validity,Lidar,Lidar Rate,10,207.67
cfceda213e9ad422c9f61286e243c65a,Input Validity,Odometry,Odometry Rate,50,207.67
cfceda213e9ad422c9f61286e243c65a,Input Validity,TF,TF Rate,10,207.67
cfceda213e9ad422c9f61286e243c65a,Localization Stability,TF,Jump Angular,0,208.6
cfceda213e9ad422c9f61286e243c65a,Localization Stability,TF,Jump Linear,0,208.6
cfceda213e9ad422c9f61286e243c65a,Input Validity,Lidar,Lidar Rate,10,207.76
cfceda213e9ad422c9f61286e243c65a,Input Validity,Odometry,Odometry Rate,50,207.76
cfceda213e9ad422c9f61286e243c65a,Input Validity,TF,TF Rate,10,207.76
cfceda213e9ad422c9f61286e243c65a,Localization Quality,AMCLPose,CovYawYaw,0.04151,207.7
cfceda213e9ad422c9f61286e243c65a,Localization Quality,AMCLPose,CovYY,0.0586841,207.7
cfceda213e9ad422c9f61286e243c65a,Localization Quality,AMCLPose,CovXX,0.106009,207.7
cfceda213e9ad422c9f61286e243c65a,Localization Quality,AMCLPose,MeanYaw,-0.950883,207.7
cfceda213e9ad422c9f61286e243c65a,Localization Quality,AMCLPose,MeanY,0.855615,207.7
cfceda213e9ad422c9f61286e243c65a,Localization Quality,AMCLPose,MeanX,3.94549,207.7
cfceda213e9ad422c9f61286e243c65a,Localization Stability,TF,Jump Angular,0.00432646,208.7
cfceda213e9ad422c9f61286e243c65a,Localization Stability,TF,Jump Linear,0.0197251,208.7
cfceda213e9ad422c9f61286e243c65a,Input Validity,Lidar,Lidar Rate,10,207.86
cfceda213e9ad422c9f61286e243c65a,Input Validity,Odometry,Odometry Rate,50,207.86
cfceda213e9ad422c9f61286e243c65a,Input Validity,TF,TF Rate,10,207.86
cfceda213e9ad422c9f61286e243c65a,Localization Stability,TF,Jump Angular,0,208.8
cfceda213e9ad422c9f61286e243c65a,Localization Stability,TF,Jump Linear,0,208.8
cfceda213e9ad422c9f61286e243c65a,Input Validity,Lidar,Lidar Rate,10,207.96
cfceda213e9ad422c9f61286e243c65a,Input Validity,Odometry,Odometry Rate,50,207.96
cfceda213e9ad422c9f61286e243c65a,Input Validity,TF,TF Rate,10,207.96
cfceda213e9ad422c9f61286e243c65a,Localization Quality,AMCLPose,CovYawYaw,0.021129,207.9
cfceda213e9ad422c9f61286e243c65a,Localization Quality,AMCLPose,CovYY,0.0373782,207.9
cfceda213e9ad422c9f61286e243c65a,Localization Quality,AMCLPose,CovXX,0.0686405,207.9
cfceda213e9ad422c9f61286e243c65a,Localization Quality,AMCLPose,MeanYaw,-1.01427,207.9
cfceda213e9ad422c9f61286e243c65a,Localization Quality,AMCLPose,MeanY,0.790154,207.9
cfceda213e9ad422c9f61286e243c65a,Localization Quality,AMCLPose,MeanX,4.01258,207.9
cfceda213e9ad422c9f61286e243c65a,Localization Stability,TF,Jump Angular,0.00618955,208.9
cfceda213e9ad422c9f61286e243c65a,Localization Stability,TF,Jump Linear,0.0261425,208.9
cfceda213e9ad422c9f61286e243c65a,Input Validity,Lidar,Lidar Rate,10,208.05
cfceda213e9ad422c9f61286e243c65a,Input Validity,Odometry,Odometry Rate,50,208.05
cfceda213e9ad422c9f61286e243c65a,Input Validity,TF,TF Rate,10,208.05
cfceda213e9ad422c9f61286e243c65a,Localization Stability,TF,Jump Angular,0,209
cfceda213e9ad422c9f61286e243c65a,Localization Stability,TF,Jump Linear,0,209
cfceda213e9ad422c9f61286e243c65a,Input Validity,Lidar,Lidar Rate,10,208.13
cfceda213e9ad422c9f61286e243c65a,Input Validity,Odometry,Odometry Rate,50,208.13
cfceda213e9ad422c9f61286e243c65a,Input Validity,TF,TF Rate,10,208.13
cfceda213e9ad422c9f61286e243c65a,Localization Quality,AMCLPose,CovYawYaw,0.0111252,208.1
cfceda213e9ad422c9f61286e243c65a,Localization Quality,AMCLPose,CovYY,0.020905,208.1
cfceda213e9ad422c9f61286e243c65a,Localization Quality,AMCLPose,CovXX,0.0462857,208.1
cfceda213e9ad422c9f61286e243c65a,Localization Quality,AMCLPose,MeanYaw,-1.08145,208.1
cfceda213e9ad422c9f61286e243c65a,Localization Quality,AMCLPose,MeanY,0.720891,208.1
cfceda213e9ad422c9f61286e243c65a,Localization Quality,AMCLPose,MeanX,4.07266,208.1
cfceda213e9ad422c9f61286e243c65a,Localization Stability,TF,Jump Angular,0.0059503,209.1
cfceda213e9ad422c9f61286e243c65a,Localization Stability,TF,Jump Linear,0.0244766,209.1
cfceda213e9ad422c9f61286e243c65a,Input Validity,Lidar,Lidar Rate,10,208.23
cfceda213e9ad422c9f61286e243c65a,Input Validity,Odometry,Odometry Rate,50,208.23
cfceda213e9ad422c9f61286e243c65a,Input Validity,TF,TF Rate,10,208.23
cfceda213e9ad422c9f61286e243c65a,Localization Stability,TF,Jump Angular,0,209.2
cfceda213e9ad422c9f61286e243c65a,Localization Stability,TF,Jump Linear,0,209.2
cfceda213e9ad422c9f61286e243c65a,Input Validity,Lidar,Lidar Rate,10,208.33
cfceda213e9ad422c9f61286e243c65a,Input Validity,Odometry,Odometry Rate,50,208.33
cfceda213e9ad422c9f61286e243c65a,Input Validity,TF,TF Rate,10,208.33
cfceda213e9ad422c9f61286e243c65a,Localization Quality,AMCLPose,CovYawYaw,0.00666312,208.3
cfceda213e9ad422c9f61286e243c65a,Localization Quality,AMCLPose,CovYY,0.0134655,208.3
cfceda213e9ad422c9f61286e243c65a,Localization Quality,AMCLPose,CovXX,0.0353122,208.3
cfceda213e9ad422c9f61286e243c65a,Localization Quality,AMCLPose,MeanYaw,-1.14871,208.3
cfceda213e9ad422c9f61286e243c65a,Localization Quality,AMCLPose,MeanY,0.637986,208.3
cfceda213e9ad422c9f61286e243c65a,Localization Quality,AMCLPose,MeanX,4.11732,208.3
cfceda213e9ad422c9f61286e243c65a,Localization Stability,TF,Jump Angular,-0.0040098,209.3
cfceda213e9ad422c9f61286e243c65a,Localization Stability,TF,Jump Linear,0.0157371,209.3
cfceda213e9ad422c9f61286e243c65a,Input Validity,Lidar,Lidar Rate,10,208.43
cfceda213e9ad422c9f61286e243c65a,Input Validity,Odometry,Odometry Rate,50,208.43
cfceda213e9ad422c9f61286e243c65a,Input Validity,TF,TF Rate,10,208.43
cfceda213e9ad422c9f61286e243c65a,Localization Stability,TF,Jump Angular,0,209.4
cfceda213e9ad422c9f61286e243c65a,Localization Stability,TF,Jump Linear,0,209.4
cfceda213e9ad422c9f61286e243c65a,Input Validity,Lidar,Lidar Rate,10,208.53
cfceda213e9ad422c9f61286e243c65a,Input Validity,Odometry,Odometry Rate,50,208.53
cfceda213e9ad422c9f61286e243c65a,Input Validity,TF,TF Rate,10,208.53
cfceda213e9ad422c9f61286e243c65a,Localization Stability,TF,Jump Angular,0,209.5
cfceda213e9ad422c9f61286e243c65a,Localization Stability,TF,Jump Linear,0,209.5
cfceda213e9ad422c9f61286e243c65a,Input Validity,Lidar,Lidar Rate,10,208.63
cfceda213e9ad422c9f61286e243c65a,Input Validity,Odometry,Odometry Rate,50,208.63
cfceda213e9ad422c9f61286e243c65a,Input Validity,TF,TF Rate,10,208.63
cfceda213e9ad422c9f61286e243c65a,Localization Quality,AMCLPose,CovYawYaw,0.00475246,208.6
cfceda213e9ad422c9f61286e243c65a,Localization Quality,AMCLPose,CovYY,0.00971294,208.6
cfceda213e9ad422c9f61286e243c65a,Localization Quality,AMCLPose,CovXX,0.0240349,208.6
cfceda213e9ad422c9f61286e243c65a,Localization Quality,AMCLPose,MeanYaw,-1.19663,208.6
cfceda213e9ad422c9f61286e243c65a,Localization Quality,AMCLPose,MeanY,0.513086,208.6
cfceda213e9ad422c9f61286e243c65a,Localization Quality,AMCLPose,MeanX,4.18204,208.6
cfceda213e9ad422c9f61286e243c65a,Localization Stability,TF,Jump Angular,0.00241752,209.6
cfceda213e9ad422c9f61286e243c65a,Localization Stability,TF,Jump Linear,0.0173336,209.6
cfceda213e9ad422c9f61286e243c65a,Input Validity,Lidar,Lidar Rate,10,208.73
cfceda213e9ad422c9f61286e243c65a,Input Validity,Odometry,Odometry Rate,50,208.73
cfceda213e9ad422c9f61286e243c65a,Input Validity,TF,TF Rate,10,208.73
cfceda213e9ad422c9f61286e243c65a,Localization Stability,TF,Jump Angular,0,209.7
cfceda213e9ad422c9f61286e243c65a,Localization Stability,TF,Jump Linear,0,209.7
cfceda213e9ad422c9f61286e243c65a,Input Validity,Lidar,Lidar Rate,10,208.83
cfceda213e9ad422c9f61286e243c65a,Input Validity,Odometry,Odometry Rate,50,208.83
cfceda213e9ad422c9f61286e243c65a,Input Validity,TF,TF Rate,10,208.83
cfceda213e9ad422c9f61286e243c65a,Localization Quality,AMCLPose,CovYawYaw,0.00363651,208.8
cfceda213e9ad422c9f61286e243c65a,Localization Quality,AMCLPose,CovYY,0.00732077,208.8
cfceda213e9ad422c9f61286e243c65a,Localization Quality,AMCLPose,CovXX,0.0164701,208.8
cfceda213e9ad422c9f61286e243c65a,Localization Quality,AMCLPose,MeanYaw,-1.24738,208.8
cfceda213e9ad422c9f61286e243c65a,Localization Quality,AMCLPose,MeanY,0.430664,208.8
cfceda213e9ad422c9f61286e243c65a,Localization Quality,AMCLPose,MeanX,4.22127,208.8
cfceda213e9ad422c9f61286e243c65a,Localization Stability,TF,Jump Angular,0.00213936,209.8
cfceda213e9ad422c9f61286e243c65a,Localization Stability,TF,Jump Linear,0.0111766,209.8
cfceda213e9ad422c9f61286e243c65a,Input Validity,Lidar,Lidar Rate,10,208.93
cfceda213e9ad422c9f61286e243c65a,Input Validity,Odometry,Odometry Rate,50,208.93
cfceda213e9ad422c9f61286e243c65a,Input Validity,TF,TF Rate,10,208.93
cfceda213e9ad422c9f61286e243c65a,Localization Stability,TF,Jump Angular,0,209.9
cfceda213e9ad422c9f61286e243c65a,Localization Stability,TF,Jump Linear,0,209.9
cfceda213e9ad422c9f61286e243c65a,Input Validity,Lidar,Lidar Rate,10,209.03
cfceda213e9ad422c9f61286e243c65a,Input Validity,Odometry,Odometry Rate,50,209.03
cfceda213e9ad422c9f61286e243c65a,Input Validity,TF,TF Rate,10,209.03
cfceda213e9ad422c9f61286e243c65a,Localization Quality,AMCLPose,CovYawYaw,0.00282647,209
cfceda213e9ad422c9f61286e243c65a,Localization Quality,AMCLPose,CovYY,0.00538615,209
cfceda213e9ad422c9f61286e243c65a,Localization Quality,AMCLPose,CovXX,0.0125086,209
cfceda213e9ad422c9f61286e243c65a,Localization Quality,AMCLPose,MeanYaw,-1.31491,209
cfceda213e9ad422c9f61286e243c65a,Localization Quality,AMCLPose,MeanY,0.345643,209
cfceda213e9ad422c9f61286e243c65a,Localization Quality,AMCLPose,MeanX,4.24905,209
cfceda213e9ad422c9f61286e243c65a,Localization Stability,TF,Jump Angular,-0.000461331,210
cfceda213e9ad422c9f61286e243c65a,Localization Stability,TF,Jump Linear,0.00386803,210
cfceda213e9ad422c9f61286e243c65a,Input Validity,Lidar,Lidar Rate,10,209.13
cfceda213e9ad422c9f61286e243c65a,Input Validity,Odometry,Odometry Rate,50,209.13
cfceda213e9ad422c9f61286e243c65a,Input Validity,TF,TF Rate,10,209.13
cfceda213e9ad422c9f61286e243c65a,Localization Stability,TF,Jump Angular,0,210.1
cfceda213e9ad422c9f61286e243c65a,Localization Stability,TF,Jump Linear,0,210.1
cfceda213e9ad422c9f61286e243c65a,Input Validity,Lidar,Lidar Rate,10,209.23
cfceda213e9ad422c9f61286e243c65a,Input Validity,Odometry,Odometry Rate,50,209.23
cfceda213e9ad422c9f61286e243c65a,Input Validity,TF,TF Rate,10,209.23
cfceda213e9ad422c9f61286e243c65a,Localization Quality,AMCLPose,CovYawYaw,0.00229198,209.2
cfceda213e9ad422c9f61286e243c65a,Localization Quality,AMCLPose,CovYY,0.0050655,209.2
cfceda213e9ad422c9f61286e243c65a,Localization Quality,AMCLPose,CovXX,0.00930896,209.2
cfceda213e9ad422c9f61286e243c65a,Localization Quality,AMCLPose,MeanYaw,-1.37262,209.2
cfceda213e9ad422c9f61286e243c65a,Localization Quality,AMCLPose,MeanY,0.25809,209.2
cfceda213e9ad422c9f61286e243c65a,Localization Quality,AMCLPose,MeanX,4.27046,209.2
cfceda213e9ad422c9f61286e243c65a,Localization Stability,TF,Jump Angular,-0.00118655,210.2
cfceda213e9ad422c9f61286e243c65a,Localization Stability,TF,Jump Linear,0.0055707,210.2
cfceda213e9ad422c9f61286e243c65a,Input Validity,Lidar,Lidar Rate,10,209.32
cfceda213e9ad422c9f61286e243c65a,Input Validity,Odometry,Odometry Rate,50,209.32
cfceda213e9ad422c9f61286e243c65a,Input Validity,TF,TF Rate,10,209.32
cfceda213e9ad422c9f61286e243c65a,Localization Stability,TF,Jump Angular,0,210.3
cfceda213e9ad422c9f61286e243c65a,Localization Stability,TF,Jump Linear,0,210.3
cfceda213e9ad422c9f61286e243c65a,Input Validity,Lidar,Lidar Rate,10,209.42
cfceda213e9ad422c9f61286e243c65a,Input Validity,Odometry,Odometry Rate,50,209.42
cfceda213e9ad422c9f61286e243c65a,Input Validity,TF,TF Rate,10,209.42
cfceda213e9ad422c9f61286e243c65a,Localization Stability,TF,Jump Angular,0,210.4
cfceda213e9ad422c9f61286e243c65a,Localization Stability,TF,Jump Linear,0,210.4
cfceda213e9ad422c9f61286e243c65a,Input Validity,Lidar,Lidar Rate,10,209.52
cfceda213e9ad422c9f61286e243c65a,Input Validity,Odometry,Odometry Rate,50,209.52
cfceda213e9ad422c9f61286e243c65a,Input Validity,TF,TF Rate,10,209.52
cfceda213e9ad422c9f61286e243c65a,Localization Quality,AMCLPose,CovYawYaw,0.00277422,209.5
cfceda213e9ad422c9f61286e243c65a,Localization Quality,AMCLPose,CovYY,0.00515999,209.5
cfceda213e9ad422c9f61286e243c65a,Localization Quality,AMCLPose,CovXX,0.00732762,209.5
cfceda213e9ad422c9f61286e243c65a,Localization Quality,AMCLPose,MeanYaw,-1.42137,209.5
cfceda213e9ad422c9f61286e243c65a,Localization Quality,AMCLPose,MeanY,0.12551,209.5
cfceda213e9ad422c9f61286e243c65a,Localization Quality,AMCLPose,MeanX,4.29016,209.5
cfceda213e9ad422c9f61286e243c65a,Localization Stability,TF,Jump Angular,0.0015378,210.5
cfceda213e9ad422c9f61286e243c65a,Localization Stability,TF,Jump Linear,0.00721986,210.5
cfceda213e9ad422c9f61286e243c65a,Input Validity,Lidar,Lidar Rate,10,209.62
cfceda213e9ad422c9f61286e243c65a,Input Validity,Odometry,Odometry Rate,50,209.62
cfceda213e9ad422c9f61286e243c65a,Input Validity,TF,TF Rate,10,209.62
cfceda213e9ad422c9f61286e243c65a,Localization Stability,TF,Jump Angular,0,210.6
cfceda213e9ad422c9f61286e243c65a,Localization Stability,TF,Jump Linear,0,210.6
cfceda213e9ad422c9f61286e243c65a,Input Validity,Lidar,Lidar Rate,10,209.72
cfceda213e9ad422c9f61286e243c65a,Input Validity,Odometry,Odometry Rate,50,209.72
cfceda213e9ad422c9f61286e243c65a,Input Validity,TF,TF Rate,10,209.72
cfceda213e9ad422c9f61286e243c65a,Localization Stability,TF,Jump Angular,0,210.7
cfceda213e9ad422c9f61286e243c65a,Localization Stability,TF,Jump Linear,0,210.7
cfceda213e9ad422c9f61286e243c65a,Input Validity,Lidar,Lidar Rate,10,209.82
cfceda213e9ad422c9f61286e243c65a,Input Validity,Odometry,Odometry Rate,50,209.82
cfceda213e9ad422c9f61286e243c65a,Input Validity,TF,TF Rate,10,209.82
cfceda213e9ad422c9f61286e243c65a,Localization Quality,AMCLPose,CovYawYaw,0.00310331,209.8
cfceda213e9ad422c9f61286e243c65a,Localization Quality,AMCLPose,CovYY,0.00566161,209.8
cfceda213e9ad422c9f61286e243c65a,Localization Quality,AMCLPose,CovXX,0.00634218,209.8
cfceda213e9ad422c9f61286e243c65a,Localization Quality,AMCLPose,MeanYaw,-1.4478,209.8
cfceda213e9ad422c9f61286e243c65a,Localization Quality,AMCLPose,MeanY,-0.00689117,209.8
cfceda213e9ad422c9f61286e243c65a,Localization Quality,AMCLPose,MeanX,4.30623,209.8
cfceda213e9ad422c9f61286e243c65a,Localization Stability,TF,Jump Angular,0.00116061,210.8
cfceda213e9ad422c9f61286e243c65a,Localization Stability,TF,Jump Linear,0.0049371,210.8
cfceda213e9ad422c9f61286e243c65a,Input Validity,Lidar,Lidar Rate,10,209.92
cfceda213e9ad422c9f61286e243c65a,Input Validity,Odometry,Odometry Rate,50,209.92
cfceda213e9ad422c9f61286e243c65a,Input Validity,TF,TF Rate,10,209.92
cfceda213e9ad422c9f61286e243c65a,Localization Stability,TF,Jump Angular,0,210.9
cfceda213e9ad422c9f61286e243c65a,Localization Stability,TF,Jump Linear,0,210.9
cfceda213e9ad422c9f61286e243c65a,Input Validity,Lidar,Lidar Rate,10,210.02
cfceda213e9ad422c9f61286e243c65a,Input Validity,Odometry,Odometry Rate,50,210.02
cfceda213e9ad422c9f61286e243c65a,Input Validity,TF,TF Rate,10,210.02
cfceda213e9ad422c9f61286e243c65a,Localization Stability,TF,Jump Angular,0,211
cfceda213e9ad422c9f61286e243c65a,Localization Stability,TF,Jump Linear,0,211
cfceda213e9ad422c9f61286e243c65a,Input Validity,Lidar,Lidar Rate,10,210.12
cfceda213e9ad422c9f61286e243c65a,Input Validity,Odometry,Odometry Rate,50,210.12
cfceda213e9ad422c9f61286e243c65a,Input Validity,TF,TF Rate,10,210.12
cfceda213e9ad422c9f61286e243c65a,Localization Quality,AMCLPose,CovYawYaw,0.00333386,210.1
cfceda213e9ad422c9f61286e243c65a,Localization Quality,AMCLPose,CovYY,0.00570285,210.1
cfceda213e9ad422c9f61286e243c65a,Localization Quality,AMCLPose,CovXX,0.00535055,210.1
cfceda213e9ad422c9f61286e243c65a,Localization Quality,AMCLPose,MeanYaw,-1.49261,210.1
cfceda213e9ad422c9f61286e243c65a,Localization Quality,AMCLPose,MeanY,-0.144017,210.1
cfceda213e9ad422c9f61286e243c65a,Localization Quality,AMCLPose,MeanX,4.32042,210.1
cfceda213e9ad422c9f61286e243c65a,Localization Stability,TF,Jump Angular,-0.00179656,211.1
cfceda213e9ad422c9f61286e243c65a,Localization Stability,TF,Jump Linear,0.00553219,211.1
cfceda213e9ad422c9f61286e243c65a,Input Validity,Lidar,Lidar Rate,10,210.22
cfceda213e9ad422c9f61286e243c65a,Input Validity,Odometry,Odometry Rate,50,210.22
cfceda213e9ad422c9f61286e243c65a,Input Validity,TF,TF Rate,10,210.22
cfceda213e9ad422c9f61286e243c65a,Localization Stability,TF,Jump Angular,0,211.2
cfceda213e9ad422c9f61286e243c65a,Localization Stability,TF,Jump Linear,0,211.2
cfceda213e9ad422c9f61286e243c65a,Input Validity,Lidar,Lidar Rate,10,210.32
cfceda213e9ad422c9f61286e243c65a,Input Validity,Odometry,Odometry Rate,50,210.32
cfceda213e9ad422c9f61286e243c65a,Input Validity,TF,TF Rate,10,210.32
cfceda213e9ad422c9f61286e243c65a,Localization Stability,TF,Jump Angular,0,211.3
cfceda213e9ad422c9f61286e243c65a,Localization Stability,TF,Jump Linear,0,211.3
cfceda213e9ad422c9f61286e243c65a,Input Validity,Lidar,Lidar Rate,10,210.41
cfceda213e9ad422c9f61286e243c65a,Input Validity,Odometry,Odometry Rate,50,210.41
cfceda213e9ad422c9f61286e243c65a,Input Validity,TF,TF Rate,10,210.41
cfceda213e9ad422c9f61286e243c65a,Localization Quality,AMCLPose,CovYawYaw,0.00345652,210.4
cfceda213e9ad422c9f61286e243c65a,Localization Quality,AMCLPose,CovYY,0.00547052,210.4
cfceda213e9ad422c9f61286e243c65a,Localization Quality,AMCLPose,CovXX,0.00440605,210.4
cfceda213e9ad422c9f61286e243c65a,Localization Quality,AMCLPose,MeanYaw,-1.5133,210.4
cfceda213e9ad422c9f61286e243c65a,Localization Quality,AMCLPose,MeanY,-0.278769,210.4
cfceda213e9ad422c9f61286e243c65a,Localization Quality,AMCLPose,MeanX,4.32384,210.4
cfceda213e9ad422c9f61286e243c65a,Localization Stability,TF,Jump Angular,-0.000401262,211.4
cfceda213e9ad422c9f61286e243c65a,Localization Stability,TF,Jump Linear,0.00551056,211.4
cfceda213e9ad422c9f61286e243c65a,Input Validity,Lidar,Lidar Rate,10,210.55
cfceda213e9ad422c9f61286e243c65a,Input Validity,Odometry,Odometry Rate,50,210.55
cfceda213e9ad422c9f61286e243c65a,Input Validity,TF,TF Rate,10,210.55
cfceda213e9ad422c9f61286e243c65a,Localization Stability,TF,Jump Angular,0,211.5
cfceda213e9ad422c9f61286e243c65a,Localization Stability,TF,Jump Linear,0,211.5
cfceda213e9ad422c9f61286e243c65a,Input Validity,Lidar,Lidar Rate,10,210.61
cfceda213e9ad422c9f61286e243c65a,Input Validity,Odometry,Odometry Rate,50,210.61
cfceda213e9ad422c9f61286e243c65a,Input Validity,TF,TF Rate,10,210.61
cfceda213e9ad422c9f61286e243c65a,Localization Stability,TF,Jump Angular,0,211.6
cfceda213e9ad422c9f61286e243c65a,Localization Stability,TF,Jump Linear,0,211.6
cfceda213e9ad422c9f61286e243c65a,Input Validity,Lidar,Lidar Rate,10,210.71
cfceda213e9ad422c9f61286e243c65a,Input Validity,Odometry,Odometry Rate,50,210.71
cfceda213e9ad422c9f61286e243c65a,Input Validity,TF,TF Rate,10,210.71
cfceda213e9ad422c9f61286e243c65a,Input Validity,Lidar,Lidar Rate,10,210.81
cfceda213e9ad422c9f61286e243c65a,Input Validity,Odometry,Odometry Rate,50,210.81
cfceda213e9ad422c9f61286e243c65a,Input Validity,TF,TF Rate,10,210.81
cfceda213e9ad422c9f61286e243c65a,Localization Quality,AMCLPose,CovYawYaw,0.00321991,210.7
cfceda213e9ad422c9f61286e243c65a,Localization Quality,AMCLPose,CovYY,0.00574365,210.7
cfceda213e9ad422c9f61286e243c65a,Localization Quality,AMCLPose,CovXX,0.00400062,210.7
cfceda213e9ad422c9f61286e243c65a,Localization Quality,AMCLPose,MeanYaw,-1.50756,210.7
cfceda213e9ad422c9f61286e243c65a,Localization Quality,AMCLPose,MeanY,-0.413397,210.7
cfceda213e9ad422c9f61286e243c65a,Localization Quality,AMCLPose,MeanX,4.331,210.7
cfceda213e9ad422c9f61286e243c65a,Localization Stability,TF,Jump Angular,-0.000801805,211.7
cfceda213e9ad422c9f61286e243c65a,Localization Stability,TF,Jump Linear,0.00378487,211.7
cfceda213e9ad422c9f61286e243c65a,Localization Stability,TF,Jump Angular,0,211.8
cfceda213e9ad422c9f61286e243c65a,Localization Stability,TF,Jump Linear,0,211.8
cfceda213e9ad422c9f61286e243c65a,Input Validity,Lidar,Lidar Rate,10,210.91
cfceda213e9ad422c9f61286e243c65a,Input Validity,Odometry,Odometry Rate,50,210.91
cfceda213e9ad422c9f61286e243c65a,Input Validity,TF,TF Rate,10,210.91
cfceda213e9ad422c9f61286e243c65a,Localization Stability,TF,Jump Angular,0,211.9
cfceda213e9ad422c9f61286e243c65a,Localization Stability,TF,Jump Linear,0,211.9
cfceda213e9ad422c9f61286e243c65a,Input Validity,Lidar,Lidar Rate,10,211.01
cfceda213e9ad422c9f61286e243c65a,Input Validity,Odometry,Odometry Rate,50,211.01
cfceda213e9ad422c9f61286e243c65a,Input Validity,TF,TF Rate,10,211.01
cfceda213e9ad422c9f61286e243c65a,Input Validity,Lidar,Lidar Rate,10,211.11
cfceda213e9ad422c9f61286e243c65a,Input Validity,Odometry,Odometry Rate,50,211.11
cfceda213e9ad422c9f61286e243c65a,Input Validity,TF,TF Rate,10,211.11
cfceda213e9ad422c9f61286e243c65a,Localization Quality,AMCLPose,CovYawYaw,0.00291805,211
cfceda213e9ad422c9f61286e243c65a,Localization Quality,AMCLPose,CovYY,0.00550623,211
cfceda213e9ad422c9f61286e243c65a,Localization Quality,AMCLPose,CovXX,0.00356213,211
cfceda213e9ad422c9f61286e243c65a,Localization Quality,AMCLPose,MeanYaw,-1.5255,211
cfceda213e9ad422c9f61286e243c65a,Localization Quality,AMCLPose,MeanY,-0.550782,211
cfceda213e9ad422c9f61286e243c65a,Localization Quality,AMCLPose,MeanX,4.33674,211
cfceda213e9ad422c9f61286e243c65a,Localization Stability,TF,Jump Angular,0.00216132,212
cfceda213e9ad422c9f61286e243c65a,Localization Stability,TF,Jump Linear,0.012802,212
cfceda213e9ad422c9f61286e243c65a,Localization Stability,TF,Jump Angular,0,212.1
cfceda213e9ad422c9f61286e243c65a,Localization Stability,TF,Jump Linear,0,212.1
cfceda213e9ad422c9f61286e243c65a,Input Validity,Lidar,Lidar Rate,10,211.21
cfceda213e9ad422c9f61286e243c65a,Input Validity,Odometry,Odometry Rate,50,211.21
cfceda213e9ad422c9f61286e243c65a,Input Validity,TF,TF Rate,10,211.21
cfceda213e9ad422c9f61286e243c65a,Localization Stability,TF,Jump Angular,0,212.2
cfceda213e9ad422c9f61286e243c65a,Localization Stability,TF,Jump Linear,0,212.2
cfceda213e9ad422c9f61286e243c65a,Input Validity,Lidar,Lidar Rate,10,211.31
cfceda213e9ad422c9f61286e243c65a,Input Validity,Odometry,Odometry Rate,50,211.31
cfceda213e9ad422c9f61286e243c65a,Input Validity,TF,TF Rate,10,211.31
cfceda213e9ad422c9f61286e243c65a,Input Validity,Lidar,Lidar Rate,10,211.41
cfceda213e9ad422c9f61286e243c65a,Input Validity,Odometry,Odometry Rate,50,211.41
cfceda213e9ad422c9f61286e243c65a,Input Validity,TF,TF Rate,10,211.41
cfceda213e9ad422c9f61286e243c65a,Localization Quality,AMCLPose,CovYawYaw,0.00322265,211.3
cfceda213e9ad422c9f61286e243c65a,Localization Quality,AMCLPose,CovYY,0.00546026,211.3
cfceda213e9ad422c9f61286e243c65a,Localization Quality,AMCLPose,CovXX,0.00327928,211.3
cfceda213e9ad422c9f61286e243c65a,Localization Quality,AMCLPose,MeanYaw,-1.53228,211.3
cfceda213e9ad422c9f61286e243c65a,Localization Quality,AMCLPose,MeanY,-0.68384,211.3
cfceda213e9ad422c9f61286e243c65a,Localization Quality,AMCLPose,MeanX,4.33913,211.3
cfceda213e9ad422c9f61286e243c65a,Localization Stability,TF,Jump Angular,-0.00163651,212.3
cfceda213e9ad422c9f61286e243c65a,Localization Stability,TF,Jump Linear,0.00940782,212.3
cfceda213e9ad422c9f61286e243c65a,Localization Stability,TF,Jump Angular,0,212.4
cfceda213e9ad422c9f61286e243c65a,Localization Stability,TF,Jump Linear,0,212.4
cfceda213e9ad422c9f61286e243c65a,Input Validity,Lidar,Lidar Rate,10,211.51
cfceda213e9ad422c9f61286e243c65a,Input Validity,Odometry,Odometry Rate,50,211.51
cfceda213e9ad422c9f61286e243c65a,Input Validity,TF,TF Rate,10,211.51
cfceda213e9ad422c9f61286e243c65a,Localization Stability,TF,Jump Angular,0,212.5
cfceda213e9ad422c9f61286e243c65a,Localization Stability,TF,Jump Linear,0,212.5
cfceda213e9ad422c9f61286e243c65a,Input Validity,Lidar,Lidar Rate,10,211.61
cfceda213e9ad422c9f61286e243c65a,Input Validity,Odometry,Odometry Rate,50,211.61
cfceda213e9ad422c9f61286e243c65a,Input Validity,TF,TF Rate,10,211.61
cfceda213e9ad422c9f61286e243c65a,Localization Quality,AMCLPose,CovYawYaw,0.00308233,211.6
cfceda213e9ad422c9f61286e243c65a,Localization Quality,AMCLPose,CovYY,0.0057992,211.6
cfceda213e9ad422c9f61286e243c65a,Localization Quality,AMCLPose,CovXX,0.00297476,211.6
cfceda213e9ad422c9f61286e243c65a,Localization Quality,AMCLPose,MeanYaw,-1.51731,211.6
cfceda213e9ad422c9f61286e243c65a,Localization Quality,AMCLPose,MeanY,-0.821017,211.6
cfceda213e9ad422c9f61286e243c65a,Localization Quality,AMCLPose,MeanX,4.34289,211.6
cfceda213e9ad422c9f61286e243c65a,Localization Stability,TF,Jump Angular,-0.00288721,212.6
cfceda213e9ad422c9f61286e243c65a,Localization Stability,TF,Jump Linear,0.0108834,212.6
cfceda213e9ad422c9f61286e243c65a,Input Validity,Lidar,Lidar Rate,10,211.71
cfceda213e9ad422c9f61286e243c65a,Input Validity,Odometry,Odometry Rate,50,211.71
cfceda213e9ad422c9f61286e243c65a,Input Validity,TF,TF Rate,10,211.71
cfceda213e9ad422c9f61286e243c65a,Localization Stability,TF,Jump Angular,0,212.7
cfceda213e9ad422c9f61286e243c65a,Localization Stability,TF,Jump Linear,0,212.7
cfceda213e9ad422c9f61286e243c65a,Input Validity,Lidar,Lidar Rate,10,211.81
cfceda213e9ad422c9f61286e243c65a,Input Validity,Odometry,Odometry Rate,50,211.81
cfceda213e9ad422c9f61286e243c65a,Input Validity,TF,TF Rate,10,211.81
cfceda213e9ad422c9f61286e243c65a,Localization Stability,TF,Jump Angular,0,212.8
cfceda213e9ad422c9f61286e243c65a,Localization Stability,TF,Jump Linear,0,212.8
cfceda213e9ad422c9f61286e243c65a,Input Validity,Lidar,Lidar Rate,10,211.91
cfceda213e9ad422c9f61286e243c65a,Input Validity,Odometry,Odometry Rate,50,211.91
cfceda213e9ad422c9f61286e243c65a,Input Validity,TF,TF Rate,10,211.91
cfceda213e9ad422c9f61286e243c65a,Input Validity,Lidar,Lidar Rate,10,212
cfceda213e9ad422c9f61286e243c65a,Input Validity,Odometry,Odometry Rate,50,212
cfceda213e9ad422c9f61286e243c65a,Input Validity,TF,TF Rate,10,212
cfceda213e9ad422c9f61286e243c65a,Localization Quality,AMCLPose,CovYawYaw,0.00296939,211.9
cfceda213e9ad422c9f61286e243c65a,Localization Quality,AMCLPose,CovYY,0.00583626,211.9
cfceda213e9ad422c9f61286e243c65a,Localization Quality,AMCLPose,CovXX,0.0027226,211.9
cfceda213e9ad422c9f61286e243c65a,Localization Quality,AMCLPose,MeanYaw,-1.50647,211.9
cfceda213e9ad422c9f61286e243c65a,Localization Quality,AMCLPose,MeanY,-0.955715,211.9
cfceda213e9ad422c9f61286e243c65a,Localization Quality,AMCLPose,MeanX,4.34982,211.9
cfceda213e9ad422c9f61286e243c65a,Localization Stability,TF,Jump Angular,-0.000126914,212.9
cfceda213e9ad422c9f61286e243c65a,Localization Stability,TF,Jump Linear,0.00169129,212.9
cfceda213e9ad422c9f61286e243c65a,Localization Stability,TF,Jump Angular,0,213
cfceda213e9ad422c9f61286e243c65a,Localization Stability,TF,Jump Linear,0,213
cfceda213e9ad422c9f61286e243c65a,Input Validity,Lidar,Lidar Rate,10,212.1
cfceda213e9ad422c9f61286e243c65a,Input Validity,Odometry,Odometry Rate,50,212.1
cfceda213e9ad422c9f61286e243c65a,Input Validity,TF,TF Rate,10,212.1
cfceda213e9ad422c9f61286e243c65a,Localization Stability,TF,Jump Angular,0,213.1
cfceda213e9ad422c9f61286e243c65a,Localization Stability,TF,Jump Linear,0,213.1
cfceda213e9ad422c9f61286e243c65a,Input Validity,Lidar,Lidar Rate,10,212.2
cfceda213e9ad422c9f61286e243c65a,Input Validity,Odometry,Odometry Rate,50,212.2
cfceda213e9ad422c9f61286e243c65a,Input Validity,TF,TF Rate,10,212.2
cfceda213e9ad422c9f61286e243c65a,Input Validity,Lidar,Lidar Rate,10,212.3
cfceda213e9ad422c9f61286e243c65a,Input Validity,Odometry,Odometry Rate,50,212.3
cfceda213e9ad422c9f61286e243c65a,Input Validity,TF,TF Rate,10,212.3
cfceda213e9ad422c9f61286e243c65a,Localization Quality,AMCLPose,CovYawYaw,0.00276174,212.2
cfceda213e9ad422c9f61286e243c65a,Localization Quality,AMCLPose,CovYY,0.00555064,212.2
cfceda213e9ad422c9f61286e243c65a,Localization Quality,AMCLPose,CovXX,0.0022765,212.2
cfceda213e9ad422c9f61286e243c65a,Localization Quality,AMCLPose,MeanYaw,-1.5129,212.2
cfceda213e9ad422c9f61286e243c65a,Localization Quality,AMCLPose,MeanY,-1.09213,212.2
cfceda213e9ad422c9f61286e243c65a,Localization Quality,AMCLPose,MeanX,4.35564,212.2
cfceda213e9ad422c9f61286e243c65a,Localization Stability,TF,Jump Angular,-0.00269881,213.2
cfceda213e9ad422c9f61286e243c65a,Localization Stability,TF,Jump Linear,0.0107538,213.2
cfceda213e9ad422c9f61286e243c65a,Input Validity,Lidar,Lidar Rate,10,212.4
cfceda213e9ad422c9f61286e243c65a,Input Validity,Odometry,Odometry Rate,50,212.4
cfceda213e9ad422c9f61286e243c65a,Input Validity,TF,TF Rate,10,212.4
cfceda213e9ad422c9f61286e243c65a,Localization Stability,TF,Jump Angular,0,213.3
cfceda213e9ad422c9f61286e243c65a,Localization Stability,TF,Jump Linear,0,213.3
cfceda213e9ad422c9f61286e243c65a,Localization Stability,TF,Jump Angular,0,213.4
cfceda213e9ad422c9f61286e243c65a,Localization Stability,TF,Jump Linear,0,213.4
cfceda213e9ad422c9f61286e243c65a,Input Validity,Lidar,Lidar Rate,10,212.49
cfceda213e9ad422c9f61286e243c65a,Input Validity,Odometry,Odometry Rate,50,212.49
cfceda213e9ad422c9f61286e243c65a,Input Validity,TF,TF Rate,10,212.49
cfceda213e9ad422c9f61286e243c65a,Input Validity,Lidar,Lidar Rate,10,212.59
cfceda213e9ad422c9f61286e243c65a,Input Validity,Odometry,Odometry Rate,50,212.59
cfceda213e9ad422c9f61286e243c65a,Input Validity,TF,TF Rate,10,212.59
cfceda213e9ad422c9f61286e243c65a,Localization Quality,AMCLPose,CovYawYaw,0.00295288,212.5
cfceda213e9ad422c9f61286e243c65a,Localization Quality,AMCLPose,CovYY,0.005592,212.5
cfceda213e9ad422c9f61286e243c65a,Localization Quality,AMCLPose,CovXX,0.00215726,212.5
cfceda213e9ad422c9f61286e243c65a,Localization Quality,AMCLPose,MeanYaw,-1.50156,212.5
cfceda213e9ad422c9f61286e243c65a,Localization Quality,AMCLPose,MeanY,-1.22515,212.5
cfceda213e9ad422c9f61286e243c65a,Localization Quality,AMCLPose,MeanX,4.36211,212.5
cfceda213e9ad422c9f61286e243c65a,Localization Stability,TF,Jump Angular,-0.00164406,213.5
cfceda213e9ad422c9f61286e243c65a,Localization Stability,TF,Jump Linear,0.00925885,213.5
cfceda213e9ad422c9f61286e243c65a,Localization Stability,TF,Jump Angular,0,213.6
cfceda213e9ad422c9f61286e243c65a,Localization Stability,TF,Jump Linear,0,213.6
cfceda213e9ad422c9f61286e243c65a,Input Validity,Lidar,Lidar Rate,10,212.69
cfceda213e9ad422c9f61286e243c65a,Input Validity,Odometry,Odometry Rate,50,212.69
cfceda213e9ad422c9f61286e243c65a,Input Validity,TF,TF Rate,10,212.69
cfceda213e9ad422c9f61286e243c65a,Localization Stability,TF,Jump Angular,0,213.7
cfceda213e9ad422c9f61286e243c65a,Localization Stability,TF,Jump Linear,0,213.7
cfceda213e9ad422c9f61286e243c65a,Input Validity,Lidar,Lidar Rate,10,212.79
cfceda213e9ad422c9f61286e243c65a,Input Validity,Odometry,Odometry Rate,50,212.79
cfceda213e9ad422c9f61286e243c65a,Input Validity,TF,TF Rate,10,212.79
cfceda213e9ad422c9f61286e243c65a,Input Validity,Lidar,Lidar Rate,10,212.89
cfceda213e9ad422c9f61286e243c65a,Input Validity,Odometry,Odometry Rate,50,212.89
cfceda213e9ad422c9f61286e243c65a,Input Validity,TF,TF Rate,10,212.89
cfceda213e9ad422c9f61286e243c65a,Localization Quality,AMCLPose,CovYawYaw,0.00290498,212.8
cfceda213e9ad422c9f61286e243c65a,Localization Quality,AMCLPose,CovYY,0.00587531,212.8
cfceda213e9ad422c9f61286e243c65a,Localization Quality,AMCLPose,CovXX,0.00216655,212.8
cfceda213e9ad422c9f61286e243c65a,Localization Quality,AMCLPose,MeanYaw,-1.47912,212.8
cfceda213e9ad422c9f61286e243c65a,Localization Quality,AMCLPose,MeanY,-1.35941,212.8
cfceda213e9ad422c9f61286e243c65a,Localization Quality,AMCLPose,MeanX,4.37151,212.8
cfceda213e9ad422c9f61286e243c65a,Localization Stability,TF,Jump Angular,0.00281625,213.8
cfceda213e9ad422c9f61286e243c65a,Localization Stability,TF,Jump Linear,0.0142456,213.8
cfceda213e9ad422c9f61286e243c65a,Localization Stability,TF,Jump Angular,0,213.9
cfceda213e9ad422c9f61286e243c65a,Localization Stability,TF,Jump Linear,0,213.9
cfceda213e9ad422c9f61286e243c65a,Input Validity,Lidar,Lidar Rate,10,212.99
cfceda213e9ad422c9f61286e243c65a,Input Validity,Odometry,Odometry Rate,50,212.99
cfceda213e9ad422c9f61286e243c65a,Input Validity,TF,TF Rate,10,212.99
cfceda213e9ad422c9f61286e243c65a,Localization Stability,TF,Jump Angular,0,214
cfceda213e9ad422c9f61286e243c65a,Localization Stability,TF,Jump Linear,0,214
cfceda213e9ad422c9f61286e243c65a,Input Validity,Lidar,Lidar Rate,10,213.09
cfceda213e9ad422c9f61286e243c65a,Input Validity,Odometry,Odometry Rate,50,213.09
cfceda213e9ad422c9f61286e243c65a,Input Validity,TF,TF Rate,10,213.09
cfceda213e9ad422c9f61286e243c65a,Input Validity,Lidar,Lidar Rate,10,213.19
cfceda213e9ad422c9f61286e243c65a,Input Validity,Odometry,Odometry Rate,50,213.19
cfceda213e9ad422c9f61286e243c65a,Input Validity,TF,TF Rate,10,213.19
cfceda213e9ad422c9f61286e243c65a,Localization Quality,AMCLPose,CovYawYaw,0.00322686,213.1
cfceda213e9ad422c9f61286e243c65a,Localization Quality,AMCLPose,CovYY,0.00550611,213.1
cfceda213e9ad422c9f61286e243c65a,Localization Quality,AMCLPose,CovXX,0.0021098,213.1
cfceda213e9ad422c9f61286e243c65a,Localization Quality,AMCLPose,MeanYaw,-1.48492,213.1
cfceda213e9ad422c9f61286e243c65a,Localization Quality,AMCLPose,MeanY,-1.49412,213.1
cfceda213e9ad422c9f61286e243c65a,Localization Quality,AMCLPose,MeanX,4.38082,213.1
cfceda213e9ad422c9f61286e243c65a,Localization Stability,TF,Jump Angular,0.000858966,214.1
cfceda213e9ad422c9f61286e243c65a,Localization Stability,TF,Jump Linear,0.00576899,214.1
cfceda213e9ad422c9f61286e243c65a,Localization Stability,TF,Jump Angular,0,214.2
cfceda213e9ad422c9f61286e243c65a,Localization Stability,TF,Jump Linear,0,214.2
cfceda213e9ad422c9f61286e243c65a,Input Validity,Lidar,Lidar Rate,10,213.29
cfceda213e9ad422c9f61286e243c65a,Input Validity,Odometry,Odometry Rate,50,213.29
cfceda213e9ad422c9f61286e243c65a,Input Validity,TF,TF Rate,10,213.29
cfceda213e9ad422c9f61286e243c65a,Localization Stability,TF,Jump Angular,0,214.3
cfceda213e9ad422c9f61286e243c65a,Localization Stability,TF,Jump Linear,0,214.3
cfceda213e9ad422c9f61286e243c65a,Input Validity,Lidar,Lidar Rate,10,213.39
cfceda213e9ad422c9f61286e243c65a,Input Validity,Odometry,Odometry Rate,50,213.39
cfceda213e9ad422c9f61286e243c65a,Input Validity,TF,TF Rate,10,213.39
cfceda213e9ad422c9f61286e243c65a,Input Validity,Lidar,Lidar Rate,10,213.49
cfceda213e9ad422c9f61286e243c65a,Input Validity,Odometry,Odometry Rate,50,213.49
cfceda213e9ad422c9f61286e243c65a,Input Validity,TF,TF Rate,10,213.49
cfceda213e9ad422c9f61286e243c65a,Localization Quality,AMCLPose,CovYawYaw,0.00308391,213.4
cfceda213e9ad422c9f61286e243c65a,Localization Quality,AMCLPose,CovYY,0.0054517,213.4
cfceda213e9ad422c9f61286e243c65a,Localization Quality,AMCLPose,CovXX,0.00205178,213.4
cfceda213e9ad422c9f61286e243c65a,Localization Quality,AMCLPose,MeanYaw,-1.47704,213.4
cfceda213e9ad422c9f61286e243c65a,Localization Quality,AMCLPose,MeanY,-1.62819,213.4
cfceda213e9ad422c9f61286e243c65a,Localization Quality,AMCLPose,MeanX,4.39045,213.4
cfceda213e9ad422c9f61286e243c65a,Localization Stability,TF,Jump Angular,-0.00268201,214.4
cfceda213e9ad422c9f61286e243c65a,Localization Stability,TF,Jump Linear,0.0130654,214.4
cfceda213e9ad422c9f61286e243c65a,Input Validity,Lidar,Lidar Rate,10,213.59
cfceda213e9ad422c9f61286e243c65a,Input Validity,Odometry,Odometry Rate,50,213.59
cfceda213e9ad422c9f61286e243c65a,Input Validity,TF,TF Rate,10,213.59
cfceda213e9ad422c9f61286e243c65a,Localization Stability,TF,Jump Angular,0,214.5
cfceda213e9ad422c9f61286e243c65a,Localization Stability,TF,Jump Linear,0,214.5
cfceda213e9ad422c9f61286e243c65a,Localization Stability,TF,Jump Angular,0,214.6
cfceda213e9ad422c9f61286e243c65a,Localization Stability,TF,Jump Linear,0,214.6
cfceda213e9ad422c9f61286e243c65a,Input Validity,Lidar,Lidar Rate,10,213.69
cfceda213e9ad422c9f61286e243c65a,Input Validity,Odometry,Odometry Rate,50,213.69
cfceda213e9ad422c9f61286e243c65a,Input Validity,TF,TF Rate,10,213.69
cfceda213e9ad422c9f61286e243c65a,Localization Quality,AMCLPose,CovYawYaw,0.00289123,213.7
cfceda213e9ad422c9f61286e243c65a,Localization Quality,AMCLPose,CovYY,0.00564685,213.7
cfceda213e9ad422c9f61286e243c65a,Localization Quality,AMCLPose,CovXX,0.00180326,213.7
cfceda213e9ad422c9f61286e243c65a,Localization Quality,AMCLPose,MeanYaw,-1.45274,213.7
cfceda213e9ad422c9f61286e243c65a,Localization Quality,AMCLPose,MeanY,-1.76136,213.7
cfceda213e9ad422c9f61286e243c65a,Localization Quality,AMCLPose,MeanX,4.40282,213.7
cfceda213e9ad422c9f61286e243c65a,Localization Stability,TF,Jump Angular,-0.000333729,214.7
cfceda213e9ad422c9f61286e243c65a,Localization Stability,TF,Jump Linear,0.00283914,214.7
cfceda213e9ad422c9f61286e243c65a,Input Validity,Lidar,Lidar Rate,10,213.79
cfceda213e9ad422c9f61286e243c65a,Input Validity,Odometry,Odometry Rate,50,213.79
cfceda213e9ad422c9f61286e243c65a,Input Validity,TF,TF Rate,10,213.79
cfceda213e9ad422c9f61286e243c65a,Localization Stability,TF,Jump Angular,0,214.8
cfceda213e9ad422c9f61286e243c65a,Localization Stability,TF,Jump Linear,0,214.8
cfceda213e9ad422c9f61286e243c65a,Input Validity,Lidar,Lidar Rate,10,213.89
cfceda213e9ad422c9f61286e243c65a,Input Validity,Odometry,Odometry Rate,50,213.89
cfceda213e9ad422c9f61286e243c65a,Input Validity,TF,TF Rate,10,213.89
cfceda213e9ad422c9f61286e243c65a,Localization Stability,TF,Jump Angular,0,214.9
cfceda213e9ad422c9f61286e243c65a,Localization Stability,TF,Jump Linear,0,214.9
cfceda213e9ad422c9f61286e243c65a,Input Validity,Lidar,Lidar Rate,10,213.99
cfceda213e9ad422c9f61286e243c65a,Input Validity,Odometry,Odometry Rate,50,213.99
cfceda213e9ad422c9f61286e243c65a,Input Validity,TF,TF Rate,10,213.99
cfceda213e9ad422c9f61286e243c65a,Input Validity,Lidar,Lidar Rate,10,214.09
cfceda213e9ad422c9f61286e243c65a,Input Validity,Odometry,Odometry Rate,50,214.09
cfceda213e9ad422c9f61286e243c65a,Input Validity,TF,TF Rate,10,214.09
cfceda213e9ad422c9f61286e243c65a,Localization Quality,AMCLPose,CovYawYaw,0.00255448,214
cfceda213e9ad422c9f61286e243c65a,Localization Quality,AMCLPose,CovYY,0.00570207,214
cfceda213e9ad422c9f61286e243c65a,Localization Quality,AMCLPose,CovXX,0.00166247,214
cfceda213e9ad422c9f61286e243c65a,Localization Quality,AMCLPose,MeanYaw,-1.42155,214
cfceda213e9ad422c9f61286e243c65a,Localization Quality,AMCLPose,MeanY,-1.89469,214
cfceda213e9ad422c9f61286e243c65a,Localization Quality,AMCLPose,MeanX,4.41898,214
cfceda213e9ad422c9f61286e243c65a,Localization Stability,TF,Jump Angular,-0.00145723,215
cfceda213e9ad422c9f61286e243c65a,Localization Stability,TF,Jump Linear,0.00735894,215
cfceda213e9ad422c9f61286e243c65a,Localization Stability,TF,Jump Angular,0,215.1
cfceda213e9ad422c9f61286e243c65a,Localization Stability,TF,Jump Linear,0,215.1
cfceda213e9ad422c9f61286e243c65a,Input Validity,Lidar,Lidar Rate,10,214.19
cfceda213e9ad422c9f61286e243c65a,Input Validity,Odometry,Odometry Rate,50,214.19
cfceda213e9ad422c9f61286e243c65a,Input Validity,TF,TF Rate,10,214.19
cfceda213e9ad422c9f61286e243c65a,Input Validity,Lidar,Lidar Rate,10,214.28
cfceda213e9ad422c9f61286e243c65a,Input Validity,Odometry,Odometry Rate,50,214.28
cfceda213e9ad422c9f61286e243c65a,Input Validity,TF,TF Rate,10,214.28
cfceda213e9ad422c9f61286e243c65a,Localization Stability,TF,Jump Angular,0,215.2
cfceda213e9ad422c9f61286e243c65a,Localization Stability,TF,Jump Linear,0,215.2
cfceda213e9ad422c9f61286e243c65a,Input Validity,Lidar,Lidar Rate,10,214.37
cfceda213e9ad422c9f61286e243c65a,Input Validity,Odometry,Odometry Rate,50,214.37
cfceda213e9ad422c9f61286e243c65a,Input Validity,TF,TF Rate,10,214.37
cfceda213e9ad422c9f61286e243c65a,Localization Quality,AMCLPose,CovYawYaw,0.00252125,214.3
cfceda213e9ad422c9f61286e243c65a,Localization Quality,AMCLPose,CovYY,0.00561116,214.3
cfceda213e9ad422c9f61286e243c65a,Localization Quality,AMCLPose,CovXX,0.00166594,214.3
cfceda213e9ad422c9f61286e243c65a,Localization Quality,AMCLPose,MeanYaw,-1.3864,214.3
cfceda213e9ad422c9f61286e243c65a,Localization Quality,AMCLPose,MeanY,-2.02645,214.3
cfceda213e9ad422c9f61286e243c65a,Localization Quality,AMCLPose,MeanX,4.44035,214.3
cfceda213e9ad422c9f61286e243c65a,Localization Stability,TF,Jump Angular,-0.00197062,215.3
cfceda213e9ad422c9f61286e243c65a,Localization Stability,TF,Jump Linear,0.0111039,215.3
cfceda213e9ad422c9f61286e243c65a,Localization Stability,TF,Jump Angular,0,215.4
cfceda213e9ad422c9f61286e243c65a,Localization Stability,TF,Jump Linear,0,215.4
cfceda213e9ad422c9f61286e243c65a,Input Validity,Lidar,Lidar Rate,10,214.47
cfceda213e9ad422c9f61286e243c65a,Input Validity,Odometry,Odometry Rate,50,214.47
cfceda213e9ad422c9f61286e243c65a,Input Validity,TF,TF Rate,10,214.47
cfceda213e9ad422c9f61286e243c65a,Input Validity,Lidar,Lidar Rate,10,214.57
cfceda213e9ad422c9f61286e243c65a,Input Validity,Odometry,Odometry Rate,50,214.57
cfceda213e9ad422c9f61286e243c65a,Input Validity,TF,TF Rate,10,214.57
cfceda213e9ad422c9f61286e243c65a,Localization Stability,TF,Jump Angular,0,215.5
cfceda213e9ad422c9f61286e243c65a,Localization Stability,TF,Jump Linear,0,215.5
cfceda213e9ad422c9f61286e243c65a,Input Validity,Lidar,Lidar Rate,10,214.67
cfceda213e9ad422c9f61286e243c65a,Input Validity,Odometry,Odometry Rate,50,214.67
cfceda213e9ad422c9f61286e243c65a,Input Validity,TF,TF Rate,10,214.67
cfceda213e9ad422c9f61286e243c65a,Localization Quality,AMCLPose,CovYawYaw,0.00267787,214.6
cfceda213e9ad422c9f61286e243c65a,Localization Quality,AMCLPose,CovYY,0.0056617,214.6
cfceda213e9ad422c9f61286e243c65a,Localization Quality,AMCLPose,CovXX,0.00163835,214.6
cfceda213e9ad422c9f61286e243c65a,Localization Quality,AMCLPose,MeanYaw,-1.35046,214.6
cfceda213e9ad422c9f61286e243c65a,Localization Quality,AMCLPose,MeanY,-2.15686,214.6
cfceda213e9ad422c9f61286e243c65a,Localization Quality,AMCLPose,MeanX,4.46566,214.6
cfceda213e9ad422c9f61286e243c65a,Localization Stability,TF,Jump Angular,-0.00348479,215.6
cfceda213e9ad422c9f61286e243c65a,Localization Stability,TF,Jump Linear,0.0192579,215.6
cfceda213e9ad422c9f61286e243c65a,Input Validity,Lidar,Lidar Rate,10,214.77
cfceda213e9ad422c9f61286e243c65a,Input Validity,Odometry,Odometry Rate,50,214.77
cfceda213e9ad422c9f61286e243c65a,Input Validity,TF,TF Rate,10,214.77
cfceda213e9ad422c9f61286e243c65a,Localization Stability,TF,Jump Angular,0,215.7
cfceda213e9ad422c9f61286e243c65a,Localization Stability,TF,Jump Linear,0,215.7
cfceda213e9ad422c9f61286e243c65a,Localization Stability,TF,Jump Angular,0,215.8
cfceda213e9ad422c9f61286e243c65a,Localization Stability,TF,Jump Linear,0,215.8
cfceda213e9ad422c9f61286e243c65a,Input Validity,Lidar,Lidar Rate,10,214.87
cfceda213e9ad422c9f61286e243c65a,Input Validity,Odometry,Odometry Rate,50,214.87
cfceda213e9ad422c9f61286e243c65a,Input Validity,TF,TF Rate,10,214.87
cfceda213e9ad422c9f61286e243c65a,Input Validity,Lidar,Lidar Rate,10,214.97
cfceda213e9ad422c9f61286e243c65a,Input Validity,Odometry,Odometry Rate,50,214.97
cfceda213e9ad422c9f61286e243c65a,Input Validity,TF,TF Rate,10,214.97
cfceda213e9ad422c9f61286e243c65a,Localization Quality,AMCLPose,CovYawYaw,0.00227915,214.9
cfceda213e9ad422c9f61286e243c65a,Localization Quality,AMCLPose,CovYY,0.00558812,214.9
cfceda213e9ad422c9f61286e243c65a,Localization Quality,AMCLPose,CovXX,0.00160587,214.9
cfceda213e9ad422c9f61286e243c65a,Localization Quality,AMCLPose,MeanYaw,-1.31358,214.9
cfceda213e9ad422c9f61286e243c65a,Localization Quality,AMCLPose,MeanY,-2.27187,214.9
cfceda213e9ad422c9f61286e243c65a,Localization Quality,AMCLPose,MeanX,4.49354,214.9
cfceda213e9ad422c9f61286e243c65a,Localization Stability,TF,Jump Angular,0.00103534,215.9
cfceda213e9ad422c9f61286e243c65a,Localization Stability,TF,Jump Linear,0.00429387,215.9
cfceda213e9ad422c9f61286e243c65a,Input Validity,Lidar,Lidar Rate,10,215.07
cfceda213e9ad422c9f61286e243c65a,Input Validity,Odometry,Odometry Rate,50,215.07
cfceda213e9ad422c9f61286e243c65a,Input Validity,TF,TF Rate,10,215.07
cfceda213e9ad422c9f61286e243c65a,Localization Stability,TF,Jump Angular,0,216
cfceda213e9ad422c9f61286e243c65a,Localization Stability,TF,Jump Linear,0,216
cfceda213e9ad422c9f61286e243c65a,Localization Stability,TF,Jump Angular,0,216.1
cfceda213e9ad422c9f61286e243c65a,Localization Stability,TF,Jump Linear,0,216.1
cfceda213e9ad422c9f61286e243c65a,Input Validity,Lidar,Lidar Rate,10,215.17
cfceda213e9ad422c9f61286e243c65a,Input Validity,Odometry,Odometry Rate,50,215.17
cfceda213e9ad422c9f61286e243c65a,Input Validity,TF,TF Rate,10,215.17
cfceda213e9ad422c9f61286e243c65a,Input Validity,Lidar,Lidar Rate,10,215.27
cfceda213e9ad422c9f61286e243c65a,Input Validity,Odometry,Odometry Rate,50,215.27
cfceda213e9ad422c9f61286e243c65a,Input Validity,TF,TF Rate,10,215.27
cfceda213e9ad422c9f61286e243c65a,Localization Stability,TF,Jump Angular,0,216.2
cfceda213e9ad422c9f61286e243c65a,Localization Stability,TF,Jump Linear,0,216.2
cfceda213e9ad422c9f61286e243c65a,Input Validity,Lidar,Lidar Rate,10,215.36
cfceda213e9ad422c9f61286e243c65a,Input Validity,Odometry,Odometry Rate,50,215.36
cfceda213e9ad422c9f61286e243c65a,Input Validity,TF,TF Rate,10,215.36
cfceda213e9ad422c9f61286e243c65a,Localization Quality,AMCLPose,CovYawYaw,0.00250281,215.3
cfceda213e9ad422c9f61286e243c65a,Localization Quality,AMCLPose,CovYY,0.00524559,215.3
cfceda213e9ad422c9f61286e243c65a,Localization Quality,AMCLPose,CovXX,0.00151766,215.3
cfceda213e9ad422c9f61286e243c65a,Localization Quality,AMCLPose,MeanYaw,-1.27014,215.3
cfceda213e9ad422c9f61286e243c65a,Localization Quality,AMCLPose,MeanY,-2.39669,215.3
cfceda213e9ad422c9f61286e243c65a,Localization Quality,AMCLPose,MeanX,4.52973,215.3
cfceda213e9ad422c9f61286e243c65a,Localization Stability,TF,Jump Angular,0.00224741,216.3
cfceda213e9ad422c9f61286e243c65a,Localization Stability,TF,Jump Linear,0.0107587,216.3
cfceda213e9ad422c9f61286e243c65a,Input Validity,Lidar,Lidar Rate,10,215.46
cfceda213e9ad422c9f61286e243c65a,Input Validity,Odometry,Odometry Rate,50,215.46
cfceda213e9ad422c9f61286e243c65a,Input Validity,TF,TF Rate,10,215.46
cfceda213e9ad422c9f61286e243c65a,Localization Stability,TF,Jump Angular,0,216.4
cfceda213e9ad422c9f61286e243c65a,Localization Stability,TF,Jump Linear,0,216.4
cfceda213e9ad422c9f61286e243c65a,Input Validity,Lidar,Lidar Rate,10,215.56
cfceda213e9ad422c9f61286e243c65a,Input Validity,Odometry,Odometry Rate,50,215.56
cfceda213e9ad422c9f61286e243c65a,Input Validity,TF,TF Rate,10,215.56
cfceda213e9ad422c9f61286e243c65a,Localization Stability,TF,Jump Angular,0,216.5
cfceda213e9ad422c9f61286e243c65a,Localization Stability,TF,Jump Linear,0,216.5
cfceda213e9ad422c9f61286e243c65a,Localization Stability,TF,Jump Angular,0,216.6
cfceda213e9ad422c9f61286e243c65a,Localization Stability,TF,Jump Linear,0,216.6
cfceda213e9ad422c9f61286e243c65a,Input Validity,Lidar,Lidar Rate,10,215.66
cfceda213e9ad422c9f61286e243c65a,Input Validity,Odometry,Odometry Rate,50,215.66
cfceda213e9ad422c9f61286e243c65a,Input Validity,TF,TF Rate,10,215.66
cfceda213e9ad422c9f61286e243c65a,Input Validity,Lidar,Lidar Rate,10,215.76
cfceda213e9ad422c9f61286e243c65a,Input Validity,Odometry,Odometry Rate,50,215.76
cfceda213e9ad422c9f61286e243c65a,Input Validity,TF,TF Rate,10,215.76
cfceda213e9ad422c9f61286e243c65a,Localization Quality,AMCLPose,CovYawYaw,0.00232054,215.7
cfceda213e9ad422c9f61286e243c65a,Localization Quality,AMCLPose,CovYY,0.00494021,215.7
cfceda213e9ad422c9f61286e243c65a,Localization Quality,AMCLPose,CovXX,0.00151466,215.7
cfceda213e9ad422c9f61286e243c65a,Localization Quality,AMCLPose,MeanYaw,-1.23601,215.7
cfceda213e9ad422c9f61286e243c65a,Localization Quality,AMCLPose,MeanY,-2.5006,215.7
cfceda213e9ad422c9f61286e243c65a,Localization Quality,AMCLPose,MeanX,4.56076,215.7
cfceda213e9ad422c9f61286e243c65a,Localization Stability,TF,Jump Angular,-0.00182396,216.7
cfceda213e9ad422c9f61286e243c65a,Localization Stability,TF,Jump Linear,0.00578896,216.7
cfceda213e9ad422c9f61286e243c65a,Input Validity,Lidar,Lidar Rate,10,215.86
cfceda213e9ad422c9f61286e243c65a,Input Validity,Odometry,Odometry Rate,50,215.86
cfceda213e9ad422c9f61286e243c65a,Input Validity,TF,TF Rate,10,215.86
cfceda213e9ad422c9f61286e243c65a,Localization Stability,TF,Jump Angular,0,216.8
cfceda213e9ad422c9f61286e243c65a,Localization Stability,TF,Jump Linear,0,216.8
cfceda213e9ad422c9f61286e243c65a,Input Validity,Lidar,Lidar Rate,10,215.96
cfceda213e9ad422c9f61286e243c65a,Input Validity,Odometry,Odometry Rate,50,215.96
cfceda213e9ad422c9f61286e243c65a,Input Validity,TF,TF Rate,10,215.96
cfceda213e9ad422c9f61286e243c65a,Localization Stability,TF,Jump Angular,0,216.9
cfceda213e9ad422c9f61286e243c65a,Localization Stability,TF,Jump Linear,0,216.9
cfceda213e9ad422c9f61286e243c65a,Input Validity,Lidar,Lidar Rate,10,216.06
cfceda213e9ad422c9f61286e243c65a,Input Validity,Odometry,Odometry Rate,50,216.06
cfceda213e9ad422c9f61286e243c65a,Input Validity,TF,TF Rate,10,216.06
cfceda213e9ad422c9f61286e243c65a,Localization Stability,TF,Jump Angular,0,217
cfceda213e9ad422c9f61286e243c65a,Localization Stability,TF,Jump Linear,0,217
cfceda213e9ad422c9f61286e243c65a,Input Validity,Lidar,Lidar Rate,10,216.16
cfceda213e9ad422c9f61286e243c65a,Input Validity,Odometry,Odometry Rate,50,216.16
cfceda213e9ad422c9f61286e243c65a,Input Validity,TF,TF Rate,10,216.16
cfceda213e9ad422c9f61286e243c65a,Localization Stability,TF,Jump Angular,0,217.1
cfceda213e9ad422c9f61286e243c65a,Localization Stability,TF,Jump Linear,0,217.1
cfceda213e9ad422c9f61286e243c65a,Input Validity,Lidar,Lidar Rate,10,216.26
cfceda213e9ad422c9f61286e243c65a,Input Validity,Odometry,Odometry Rate,50,216.26
cfceda213e9ad422c9f61286e243c65a,Input Validity,TF,TF Rate,10,216.26
cfceda213e9ad422c9f61286e243c65a,Localization Stability,TF,Jump Angular,0,217.2
cfceda213e9ad422c9f61286e243c65a,Localization Stability,TF,Jump Linear,0,217.2
cfceda213e9ad422c9f61286e243c65a,Input Validity,Lidar,Lidar Rate,10,216.34
cfceda213e9ad422c9f61286e243c65a,Input Validity,Odometry,Odometry Rate,50,216.34
cfceda213e9ad422c9f61286e243c65a,Input Validity,TF,TF Rate,10,216.34
cfceda213e9ad422c9f61286e243c65a,Input Validity,Lidar,Lidar Rate,10,216.4
cfceda213e9ad422c9f61286e243c65a,Input Validity,Odometry,Odometry Rate,50,216.4
cfceda213e9ad422c9f61286e243c65a,Input Validity,TF,TF Rate,10,216.4
cfceda213e9ad422c9f61286e243c65a,Localization Quality,AMCLPose,CovYawYaw,0.00188942,216.3
cfceda213e9ad422c9f61286e243c65a,Localization Quality,AMCLPose,CovYY,0.00468167,216.3
cfceda213e9ad422c9f61286e243c65a,Localization Quality,AMCLPose,CovXX,0.00155951,216.3
cfceda213e9ad422c9f61286e243c65a,Localization Quality,AMCLPose,MeanYaw,-1.18845,216.3
cfceda213e9ad422c9f61286e243c65a,Localization Quality,AMCLPose,MeanY,-2.61293,216.3
cfceda213e9ad422c9f61286e243c65a,Localization Quality,AMCLPose,MeanX,4.60319,216.3
cfceda213e9ad422c9f61286e243c65a,Localization Stability,TF,Jump Angular,0.00452093,217.3
cfceda213e9ad422c9f61286e243c65a,Localization Stability,TF,Jump Linear,0.0254518,217.3
cfceda213e9ad422c9f61286e243c65a,Input Validity,Lidar,Lidar Rate,10,216.48
cfceda213e9ad422c9f61286e243c65a,Input Validity,Odometry,Odometry Rate,50,216.48
cfceda213e9ad422c9f61286e243c65a,Input Validity,TF,TF Rate,10,216.48
cfceda213e9ad422c9f61286e243c65a,Localization Stability,TF,Jump Angular,0,217.4
cfceda213e9ad422c9f61286e243c65a,Localization Stability,TF,Jump Linear,0,217.4
cfceda213e9ad422c9f61286e243c65a,Input Validity,Lidar,Lidar Rate,10,216.58
cfceda213e9ad422c9f61286e243c65a,Input Validity,Odometry,Odometry Rate,50,216.58
cfceda213e9ad422c9f61286e243c65a,Input Validity,TF,TF Rate,10,216.58
cfceda213e9ad422c9f61286e243c65a,Localization Stability,TF,Jump Angular,0,217.5
cfceda213e9ad422c9f61286e243c65a,Localization Stability,TF,Jump Linear,0,217.5
cfceda213e9ad422c9f61286e243c65a,Input Validity,Lidar,Lidar Rate,10,216.67
cfceda213e9ad422c9f61286e243c65a,Input Validity,Odometry,Odometry Rate,50,216.67
cfceda213e9ad422c9f61286e243c65a,Input Validity,TF,TF Rate,10,216.67
cfceda213e9ad422c9f61286e243c65a,Localization Stability,TF,Jump Angular,0,217.6
cfceda213e9ad422c9f61286e243c65a,Localization Stability,TF,Jump Linear,0,217.6
cfceda213e9ad422c9f61286e243c65a,Input Validity,Lidar,Lidar Rate,10,216.74
cfceda213e9ad422c9f61286e243c65a,Input Validity,Odometry,Odometry Rate,50,216.74
cfceda213e9ad422c9f61286e243c65a,Input Validity,TF,TF Rate,10,216.74
cfceda213e9ad422c9f61286e243c65a,Localization Stability,TF,Jump Angular,0,217.7
cfceda213e9ad422c9f61286e243c65a,Localization Stability,TF,Jump Linear,0,217.7
cfceda213e9ad422c9f61286e243c65a,Input Validity,Lidar,Lidar Rate,10,216.84
cfceda213e9ad422c9f61286e243c65a,Input Validity,Odometry,Odometry Rate,50,216.84
cfceda213e9ad422c9f61286e243c65a,Input Validity,TF,TF Rate,10,216.84
cfceda213e9ad422c9f61286e243c65a,Localization Stability,TF,Jump Angular,0,217.8
cfceda213e9ad422c9f61286e243c65a,Localization Stability,TF,Jump Linear,0,217.8
cfceda213e9ad422c9f61286e243c65a,Input Validity,Lidar,Lidar Rate,10,216.94
cfceda213e9ad422c9f61286e243c65a,Input Validity,Odometry,Odometry Rate,50,216.94
cfceda213e9ad422c9f61286e243c65a,Input Validity,TF,TF Rate,10,216.94
cfceda213e9ad422c9f61286e243c65a,Localization Stability,TF,Jump Angular,0,217.9
cfceda213e9ad422c9f61286e243c65a,Localization Stability,TF,Jump Linear,0,217.9
cfceda213e9ad422c9f61286e243c65a,Input Validity,Lidar,Lidar Rate,10,217.04
cfceda213e9ad422c9f61286e243c65a,Input Validity,Odometry,Odometry Rate,50,217.04
cfceda213e9ad422c9f61286e243c65a,Input Validity,TF,TF Rate,10,217.04
cfceda213e9ad422c9f61286e243c65a,Localization Stability,TF,Jump Angular,0,218
cfceda213e9ad422c9f61286e243c65a,Localization Stability,TF,Jump Linear,0,218
cfceda213e9ad422c9f61286e243c65a,Input Validity,Lidar,Lidar Rate,10,217.14
cfceda213e9ad422c9f61286e243c65a,Input Validity,Odometry,Odometry Rate,50,217.14
cfceda213e9ad422c9f61286e243c65a,Input Validity,TF,TF Rate,10,217.14
cfceda213e9ad422c9f61286e243c65a,Localization Quality,AMCLPose,CovYawYaw,0.0017306,217.1
cfceda213e9ad422c9f61286e243c65a,Localization Quality,AMCLPose,CovYY,0.00420143,217.1
cfceda213e9ad422c9f61286e243c65a,Localization Quality,AMCLPose,CovXX,0.00157445,217.1
cfceda213e9ad422c9f61286e243c65a,Localization Quality,AMCLPose,MeanYaw,-1.14333,217.1
cfceda213e9ad422c9f61286e243c65a,Localization Quality,AMCLPose,MeanY,-2.70844,217.1
cfceda213e9ad422c9f61286e243c65a,Localization Quality,AMCLPose,MeanX,4.6456,217.1
cfceda213e9ad422c9f61286e243c65a,Localization Stability,TF,Jump Angular,0.00445903,218.1
cfceda213e9ad422c9f61286e243c65a,Localization Stability,TF,Jump Linear,0.0226472,218.1
cfceda213e9ad422c9f61286e243c65a,Input Validity,Lidar,Lidar Rate,10,217.24
cfceda213e9ad422c9f61286e243c65a,Input Validity,Odometry,Odometry Rate,50,217.24
cfceda213e9ad422c9f61286e243c65a,Input Validity,TF,TF Rate,10,217.24
cfceda213e9ad422c9f61286e243c65a,Localization Stability,TF,Jump Angular,0,218.2
cfceda213e9ad422c9f61286e243c65a,Localization Stability,TF,Jump Linear,0,218.2
cfceda213e9ad422c9f61286e243c65a,Input Validity,Lidar,Lidar Rate,10,217.34
cfceda213e9ad422c9f61286e243c65a,Input Validity,Odometry,Odometry Rate,50,217.34
cfceda213e9ad422c9f61286e243c65a,Input Validity,TF,TF Rate,10,217.34
cfceda213e9ad422c9f61286e243c65a,Localization Stability,TF,Jump Angular,0,218.3
cfceda213e9ad422c9f61286e243c65a,Localization Stability,TF,Jump Linear,0,218.3
cfceda213e9ad422c9f61286e243c65a,Input Validity,Lidar,Lidar Rate,10,217.44
cfceda213e9ad422c9f61286e243c65a,Input Validity,Odometry,Odometry Rate,50,217.44
cfceda213e9ad422c9f61286e243c65a,Input Validity,TF,TF Rate,10,217.44
cfceda213e9ad422c9f61286e243c65a,Localization Stability,TF,Jump Angular,0,218.4
cfceda213e9ad422c9f61286e243c65a,Localization Stability,TF,Jump Linear,0,218.4
cfceda213e9ad422c9f61286e243c65a,Input Validity,Lidar,Lidar Rate,10,217.54
cfceda213e9ad422c9f61286e243c65a,Input Validity,Odometry,Odometry Rate,50,217.54
cfceda213e9ad422c9f61286e243c65a,Input Validity,TF,TF Rate,10,217.54
cfceda213e9ad422c9f61286e243c65a,Localization Stability,TF,Jump Angular,0,218.5
cfceda213e9ad422c9f61286e243c65a,Localization Stability,TF,Jump Linear,0,218.5
cfceda213e9ad422c9f61286e243c65a,Input Validity,Lidar,Lidar Rate,10,217.64
cfceda213e9ad422c9f61286e243c65a,Input Validity,Odometry,Odometry Rate,50,217.64
cfceda213e9ad422c9f61286e243c65a,Input Validity,TF,TF Rate,10,217.64
cfceda213e9ad422c9f61286e243c65a,Localization Stability,TF,Jump Angular,0,218.6
cfceda213e9ad422c9f61286e243c65a,Localization Stability,TF,Jump Linear,0,218.6
cfceda213e9ad422c9f61286e243c65a,Input Validity,Lidar,Lidar Rate,10,217.74
cfceda213e9ad422c9f61286e243c65a,Input Validity,Odometry,Odometry Rate,50,217.74
cfceda213e9ad422c9f61286e243c65a,Input Validity,TF,TF Rate,10,217.74
cfceda213e9ad422c9f61286e243c65a,Localization Stability,TF,Jump Angular,0,218.7
cfceda213e9ad422c9f61286e243c65a,Localization Stability,TF,Jump Linear,0,218.7
cfceda213e9ad422c9f61286e243c65a,Input Validity,Lidar,Lidar Rate,10,217.83
cfceda213e9ad422c9f61286e243c65a,Input Validity,Odometry,Odometry Rate,50,217.83
cfceda213e9ad422c9f61286e243c65a,Input Validity,TF,TF Rate,10,217.83
cfceda213e9ad422c9f61286e243c65a,Localization Stability,TF,Jump Angular,0,218.8
cfceda213e9ad422c9f61286e243c65a,Localization Stability,TF,Jump Linear,0,218.8
cfceda213e9ad422c9f61286e243c65a,Input Validity,Lidar,Lidar Rate,10,217.93
cfceda213e9ad422c9f61286e243c65a,Input Validity,Odometry,Odometry Rate,50,217.93
cfceda213e9ad422c9f61286e243c65a,Input Validity,TF,TF Rate,10,217.93
cfceda213e9ad422c9f61286e243c65a,Localization Stability,TF,Jump Angular,0,218.9
cfceda213e9ad422c9f61286e243c65a,Localization Stability,TF,Jump Linear,0,218.9
cfceda213e9ad422c9f61286e243c65a,Input Validity,Lidar,Lidar Rate,10,218.03
cfceda213e9ad422c9f61286e243c65a,Input Validity,Odometry,Odometry Rate,50,218.03
cfceda213e9ad422c9f61286e243c65a,Input Validity,TF,TF Rate,10,218.03
cfceda213e9ad422c9f61286e243c65a,Localization Stability,TF,Jump Angular,0,219
cfceda213e9ad422c9f61286e243c65a,Localization Stability,TF,Jump Linear,0,219
cfceda213e9ad422c9f61286e243c65a,Input Validity,Lidar,Lidar Rate,10,218.13
cfceda213e9ad422c9f61286e243c65a,Input Validity,Odometry,Odometry Rate,50,218.13
cfceda213e9ad422c9f61286e243c65a,Input Validity,TF,TF Rate,10,218.13
cfceda213e9ad422c9f61286e243c65a,Localization Stability,TF,Jump Angular,0,219.1
cfceda213e9ad422c9f61286e243c65a,Localization Stability,TF,Jump Linear,0,219.1
cfceda213e9ad422c9f61286e243c65a,Input Validity,Lidar,Lidar Rate,10,218.23
cfceda213e9ad422c9f61286e243c65a,Input Validity,Odometry,Odometry Rate,50,218.23
cfceda213e9ad422c9f61286e243c65a,Input Validity,TF,TF Rate,10,218.23
cfceda213e9ad422c9f61286e243c65a,Localization Stability,TF,Jump Angular,0,219.2
cfceda213e9ad422c9f61286e243c65a,Localization Stability,TF,Jump Linear,0,219.2
cfceda213e9ad422c9f61286e243c65a,Input Validity,Lidar,Lidar Rate,10,218.33
cfceda213e9ad422c9f61286e243c65a,Input Validity,Odometry,Odometry Rate,50,218.33
cfceda213e9ad422c9f61286e243c65a,Input Validity,TF,TF Rate,10,218.33
cfceda213e9ad422c9f61286e243c65a,Localization Stability,TF,Jump Angular,0,219.3
cfceda213e9ad422c9f61286e243c65a,Localization Stability,TF,Jump Linear,0,219.3
cfceda213e9ad422c9f61286e243c65a,Input Validity,Lidar,Lidar Rate,10,218.43
cfceda213e9ad422c9f61286e243c65a,Input Validity,Odometry,Odometry Rate,50,218.43
cfceda213e9ad422c9f61286e243c65a,Input Validity,TF,TF Rate,10,218.43
cfceda213e9ad422c9f61286e243c65a,Localization Quality,AMCLPose,CovYawYaw,0.00165297,218.4
cfceda213e9ad422c9f61286e243c65a,Localization Quality,AMCLPose,CovYY,0.00412975,218.4
cfceda213e9ad422c9f61286e243c65a,Localization Quality,AMCLPose,CovXX,0.00160758,218.4
cfceda213e9ad422c9f61286e243c65a,Localization Quality,AMCLPose,MeanYaw,-1.12309,218.4
cfceda213e9ad422c9f61286e243c65a,Localization Quality,AMCLPose,MeanY,-2.80214,218.4
cfceda213e9ad422c9f61286e243c65a,Localization Quality,AMCLPose,MeanX,4.69361,218.4
cfceda213e9ad422c9f61286e243c65a,Localization Stability,TF,Jump Angular,0.00189302,219.4
cfceda213e9ad422c9f61286e243c65a,Localization Stability,TF,Jump Linear,0.00696879,219.4
cfceda213e9ad422c9f61286e243c65a,Input Validity,Lidar,Lidar Rate,10,218.53
cfceda213e9ad422c9f61286e243c65a,Input Validity,Odometry,Odometry Rate,50,218.53
cfceda213e9ad422c9f61286e243c65a,Input Validity,TF,TF Rate,10,218.53
cfceda213e9ad422c9f61286e243c65a,Localization Stability,TF,Jump Angular,0,219.5
cfceda213e9ad422c9f61286e243c65a,Localization Stability,TF,Jump Linear,0,219.5
cfceda213e9ad422c9f61286e243c65a,Input Validity,Lidar,Lidar Rate,10,218.63
cfceda213e9ad422c9f61286e243c65a,Input Validity,Odometry,Odometry Rate,50,218.63
cfceda213e9ad422c9f61286e243c65a,Input Validity,TF,TF Rate,10,218.63
cfceda213e9ad422c9f61286e243c65a,Localization Quality,AMCLPose,CovYawYaw,0.00127367,218.6
cfceda213e9ad422c9f61286e243c65a,Localization Quality,AMCLPose,CovYY,0.00379297,218.6
cfceda213e9ad422c9f61286e243c65a,Localization Quality,AMCLPose,CovXX,0.00149594,218.6
cfceda213e9ad422c9f61286e243c65a,Localization Quality,AMCLPose,MeanYaw,-1.19405,218.6
cfceda213e9ad422c9f61286e243c65a,Localization Quality,AMCLPose,MeanY,-2.80486,218.6
cfceda213e9ad422c9f61286e243c65a,Localization Quality,AMCLPose,MeanX,4.6931,218.6
cfceda213e9ad422c9f61286e243c65a,Localization Stability,TF,Jump Angular,-0.00213825,219.6
cfceda213e9ad422c9f61286e243c65a,Localization Stability,TF,Jump Linear,0.0105866,219.6
cfceda213e9ad422c9f61286e243c65a,Input Validity,Lidar,Lidar Rate,10,218.73
cfceda213e9ad422c9f61286e243c65a,Input Validity,Odometry,Odometry Rate,50,218.73
cfceda213e9ad422c9f61286e243c65a,Input Validity,TF,TF Rate,10,218.73
cfceda213e9ad422c9f61286e243c65a,Localization Quality,AMCLPose,CovYawYaw,0.000988514,218.7
cfceda213e9ad422c9f61286e243c65a,Localization Quality,AMCLPose,CovYY,0.0033865,218.7
cfceda213e9ad422c9f61286e243c65a,Localization Quality,AMCLPose,CovXX,0.00143473,218.7
cfceda213e9ad422c9f61286e243c65a,Localization Quality,AMCLPose,MeanYaw,-1.25584,218.7
cfceda213e9ad422c9f61286e243c65a,Localization Quality,AMCLPose,MeanY,-2.80805,218.7
cfceda213e9ad422c9f61286e243c65a,Localization Quality,AMCLPose,MeanX,4.69234,218.7
cfceda213e9ad422c9f61286e243c65a,Localization Stability,TF,Jump Angular,-0.00172518,219.7
cfceda213e9ad422c9f61286e243c65a,Localization Stability,TF,Jump Linear,0.00706826,219.7
cfceda213e9ad422c9f61286e243c65a,Input Validity,Lidar,Lidar Rate,10,218.83
cfceda213e9ad422c9f61286e243c65a,Input Validity,Odometry,Odometry Rate,50,218.83
cfceda213e9ad422c9f61286e243c65a,Input Validity,TF,TF Rate,10,218.83
cfceda213e9ad422c9f61286e243c65a,Localization Quality,AMCLPose,CovYawYaw,0.000926004,218.8
cfceda213e9ad422c9f61286e243c65a,Localization Quality,AMCLPose,CovYY,0.00353565,218.8
cfceda213e9ad422c9f61286e243c65a,Localization Quality,AMCLPose,CovXX,0.001336,218.8
cfceda213e9ad422c9f61286e243c65a,Localization Quality,AMCLPose,MeanYaw,-1.33392,218.8
cfceda213e9ad422c9f61286e243c65a,Localization Quality,AMCLPose,MeanY,-2.80819,218.8
cfceda213e9ad422c9f61286e243c65a,Localization Quality,AMCLPose,MeanX,4.69212,218.8
cfceda213e9ad422c9f61286e243c65a,Localization Stability,TF,Jump Angular,-0.0010575,219.8
cfceda213e9ad422c9f61286e243c65a,Localization Stability,TF,Jump Linear,0.00594813,219.8
cfceda213e9ad422c9f61286e243c65a,Input Validity,Lidar,Lidar Rate,10,218.93
cfceda213e9ad422c9f61286e243c65a,Input Validity,Odometry,Odometry Rate,50,218.93
cfceda213e9ad422c9f61286e243c65a,Input Validity,TF,TF Rate,10,218.93
cfceda213e9ad422c9f61286e243c65a,Localization Quality,AMCLPose,CovYawYaw,0.000928016,218.9
cfceda213e9ad422c9f61286e243c65a,Localization Quality,AMCLPose,CovYY,0.00364197,218.9
cfceda213e9ad422c9f61286e243c65a,Localization Quality,AMCLPose,CovXX,0.00121824,218.9
cfceda213e9ad422c9f61286e243c65a,Localization Quality,AMCLPose,MeanYaw,-1.42788,218.9
cfceda213e9ad422c9f61286e243c65a,Localization Quality,AMCLPose,MeanY,-2.80748,218.9
cfceda213e9ad422c9f61286e243c65a,Localization Quality,AMCLPose,MeanX,4.69287,218.9
cfceda213e9ad422c9f61286e243c65a,Localization Stability,TF,Jump Angular,3.95317e-05,219.9
cfceda213e9ad422c9f61286e243c65a,Localization Stability,TF,Jump Linear,0.0008088,219.9
cfceda213e9ad422c9f61286e243c65a,Input Validity,Lidar,Lidar Rate,10,219.03
cfceda213e9ad422c9f61286e243c65a,Input Validity,Odometry,Odometry Rate,50,219.03
cfceda213e9ad422c9f61286e243c65a,Input Validity,TF,TF Rate,10,219.03
cfceda213e9ad422c9f61286e243c65a,Localization Quality,AMCLPose,CovYawYaw,0.00110955,219
cfceda213e9ad422c9f61286e243c65a,Localization Quality,AMCLPose,CovYY,0.00363192,219
cfceda213e9ad422c9f61286e243c65a,Localization Quality,AMCLPose,CovXX,0.00114945,219
cfceda213e9ad422c9f61286e243c65a,Localization Quality,AMCLPose,MeanYaw,-1.53743,219
cfceda213e9ad422c9f61286e243c65a,Localization Quality,AMCLPose,MeanY,-2.81117,219
cfceda213e9ad422c9f61286e243c65a,Localization Quality,AMCLPose,MeanX,4.69322,219
cfceda213e9ad422c9f61286e243c65a,Localization Stability,TF,Jump Angular,0.00142861,220
cfceda213e9ad422c9f61286e243c65a,Localization Stability,TF,Jump Linear,0.0114995,220
cfceda213e9ad422c9f61286e243c65a,Input Validity,Lidar,Lidar Rate,10,219.13
cfceda213e9ad422c9f61286e243c65a,Input Validity,Odometry,Odometry Rate,50,219.13
cfceda213e9ad422c9f61286e243c65a,Input Validity,TF,TF Rate,10,219.13
cfceda213e9ad422c9f61286e243c65a,Localization Quality,AMCLPose,CovYawYaw,0.00141688,219.1
cfceda213e9ad422c9f61286e243c65a,Localization Quality,AMCLPose,CovYY,0.00380161,219.1
cfceda213e9ad422c9f61286e243c65a,Localization Quality,AMCLPose,CovXX,0.00106577,219.1
cfceda213e9ad422c9f61286e243c65a,Localization Quality,AMCLPose,MeanYaw,-1.66326,219.1
cfceda213e9ad422c9f61286e243c65a,Localization Quality,AMCLPose,MeanY,-2.81314,219.1
cfceda213e9ad422c9f61286e243c65a,Localization Quality,AMCLPose,MeanX,4.69362,219.1
cfceda213e9ad422c9f61286e243c65a,Localization Stability,TF,Jump Angular,0.000797924,220.1
cfceda213e9ad422c9f61286e243c65a,Localization Stability,TF,Jump Linear,0.00627331,220.1
cfceda213e9ad422c9f61286e243c65a,Input Validity,Lidar,Lidar Rate,10,219.23
cfceda213e9ad422c9f61286e243c65a,Input Validity,Odometry,Odometry Rate,50,219.23
cfceda213e9ad422c9f61286e243c65a,Input Validity,TF,TF Rate,10,219.23
cfceda213e9ad422c9f61286e243c65a,Localization Quality,AMCLPose,CovYawYaw,0.00167326,219.2
cfceda213e9ad422c9f61286e243c65a,Localization Quality,AMCLPose,CovYY,0.00431506,219.2
cfceda213e9ad422c9f61286e243c65a,Localization Quality,AMCLPose,CovXX,0.000961929,219.2
cfceda213e9ad422c9f61286e243c65a,Localization Quality,AMCLPose,MeanYaw,-1.80856,219.2
cfceda213e9ad422c9f61286e243c65a,Localization Quality,AMCLPose,MeanY,-2.80915,219.2
cfceda213e9ad422c9f61286e243c65a,Localization Quality,AMCLPose,MeanX,4.69365,219.2
cfceda213e9ad422c9f61286e243c65a,Localization Stability,TF,Jump Angular,-0.00199504,220.2
cfceda213e9ad422c9f61286e243c65a,Localization Stability,TF,Jump Linear,0.0151953,220.2
cfceda213e9ad422c9f61286e243c65a,Input Validity,Lidar,Lidar Rate,10,219.33
cfceda213e9ad422c9f61286e243c65a,Input Validity,Odometry,Odometry Rate,50,219.33
cfceda213e9ad422c9f61286e243c65a,Input Validity,TF,TF Rate,10,219.33
cfceda213e9ad422c9f61286e243c65a,Localization Quality,AMCLPose,CovYawYaw,0.00154197,219.3
cfceda213e9ad422c9f61286e243c65a,Localization Quality,AMCLPose,CovYY,0.00486819,219.3
cfceda213e9ad422c9f61286e243c65a,Localization Quality,AMCLPose,CovXX,0.00103934,219.3
cfceda213e9ad422c9f61286e243c65a,Localization Quality,AMCLPose,MeanYaw,-1.97007,219.3
cfceda213e9ad422c9f61286e243c65a,Localization Quality,AMCLPose,MeanY,-2.79978,219.3
cfceda213e9ad422c9f61286e243c65a,Localization Quality,AMCLPose,MeanX,4.69454,219.3
cfceda213e9ad422c9f61286e243c65a,Localization Stability,TF,Jump Angular,-0.00118375,220.3
cfceda213e9ad422c9f61286e243c65a,Localization Stability,TF,Jump Linear,0.0158832,220.3
cfceda213e9ad422c9f61286e243c65a,Input Validity,Lidar,Lidar Rate,10,219.42
cfceda213e9ad422c9f61286e243c65a,Input Validity,Odometry,Odometry Rate,50,219.42
cfceda213e9ad422c9f61286e243c65a,Input Validity,TF,TF Rate,10,219.42
cfceda213e9ad422c9f61286e243c65a,Localization Quality,AMCLPose,CovYawYaw,0.00315384,219.4
cfceda213e9ad422c9f61286e243c65a,Localization Quality,AMCLPose,CovYY,0.00624756,219.4
cfceda213e9ad422c9f61286e243c65a,Localization Quality,AMCLPose,CovXX,0.00128876,219.4
cfceda213e9ad422c9f61286e243c65a,Localization Quality,AMCLPose,MeanYaw,-2.14569,219.4
cfceda213e9ad422c9f61286e243c65a,Localization Quality,AMCLPose,MeanY,-2.79953,219.4
cfceda213e9ad422c9f61286e243c65a,Localization Quality,AMCLPose,MeanX,4.69503,219.4
cfceda213e9ad422c9f61286e243c65a,Localization Stability,TF,Jump Angular,0.00169796,220.4
cfceda213e9ad422c9f61286e243c65a,Localization Stability,TF,Jump Linear,0.00945468,220.4
cfceda213e9ad422c9f61286e243c65a,Input Validity,Lidar,Lidar Rate,10,219.51
cfceda213e9ad422c9f61286e243c65a,Input Validity,Odometry,Odometry Rate,50,219.51
cfceda213e9ad422c9f61286e243c65a,Input Validity,TF,TF Rate,10,219.51
cfceda213e9ad422c9f61286e243c65a,Localization Quality,AMCLPose,CovYawYaw,0.00493371,219.5
cfceda213e9ad422c9f61286e243c65a,Localization Quality,AMCLPose,CovYY,0.00739996,219.5
cfceda213e9ad422c9f61286e243c65a,Localization Quality,AMCLPose,CovXX,0.00176478,219.5
cfceda213e9ad422c9f61286e243c65a,Localization Quality,AMCLPose,MeanYaw,-2.34034,219.5
cfceda213e9ad422c9f61286e243c65a,Localization Quality,AMCLPose,MeanY,-2.80333,219.5
cfceda213e9ad422c9f61286e243c65a,Localization Quality,AMCLPose,MeanX,4.6939,219.5
cfceda213e9ad422c9f61286e243c65a,Localization Stability,TF,Jump Angular,-0.000342925,220.5
cfceda213e9ad422c9f61286e243c65a,Localization Stability,TF,Jump Linear,0.00211154,220.5
cfceda213e9ad422c9f61286e243c65a,Input Validity,Lidar,Lidar Rate,10,219.61
cfceda213e9ad422c9f61286e243c65a,Input Validity,Odometry,Odometry Rate,50,219.61
cfceda213e9ad422c9f61286e243c65a,Input Validity,TF,TF Rate,10,219.61
cfceda213e9ad422c9f61286e243c65a,Localization Quality,AMCLPose,CovYawYaw,0.00704105,219.6
cfceda213e9ad422c9f61286e243c65a,Localization Quality,AMCLPose,CovYY,0.008006,219.6
cfceda213e9ad422c9f61286e243c65a,Localization Quality,AMCLPose,CovXX,0.00286411,219.6
cfceda213e9ad422c9f61286e243c65a,Localization Quality,AMCLPose,MeanYaw,-2.55132,219.6
cfceda213e9ad422c9f61286e243c65a,Localization Quality,AMCLPose,MeanY,-2.8005,219.6
cfceda213e9ad422c9f61286e243c65a,Localization Quality,AMCLPose,MeanX,4.69379,219.6
cfceda213e9ad422c9f61286e243c65a,Localization Stability,TF,Jump Angular,0.00161144,220.6
cfceda213e9ad422c9f61286e243c65a,Localization Stability,TF,Jump Linear,0.00727489,220.6
cfceda213e9ad422c9f61286e243c65a,Input Validity,Lidar,Lidar Rate,10,219.71
cfceda213e9ad422c9f61286e243c65a,Input Validity,Odometry,Odometry Rate,50,219.71
cfceda213e9ad422c9f61286e243c65a,Input Validity,TF,TF Rate,10,219.71
cfceda213e9ad422c9f61286e243c65a,Input Validity,Lidar,Lidar Rate,10,219.81
cfceda213e9ad422c9f61286e243c65a,Input Validity,Odometry,Odometry Rate,50,219.81
cfceda213e9ad422c9f61286e243c65a,Input Validity,TF,TF Rate,10,219.81
cfceda213e9ad422c9f61286e243c65a,Localization Quality,AMCLPose,CovYawYaw,0.00559951,219.7
cfceda213e9ad422c9f61286e243c65a,Localization Quality,AMCLPose,CovYY,0.00801138,219.7
cfceda213e9ad422c9f61286e243c65a,Localization Quality,AMCLPose,CovXX,0.00378681,219.7
cfceda213e9ad422c9f61286e243c65a,Localization Quality,AMCLPose,MeanYaw,-2.77269,219.7
cfceda213e9ad422c9f61286e243c65a,Localization Quality,AMCLPose,MeanY,-2.80337,219.7
cfceda213e9ad422c9f61286e243c65a,Localization Quality,AMCLPose,MeanX,4.6908,219.7
cfceda213e9ad422c9f61286e243c65a,Localization Stability,TF,Jump Angular,-0.00136094,220.7
cfceda213e9ad422c9f61286e243c65a,Localization Stability,TF,Jump Linear,0.00404794,220.7
cfceda213e9ad422c9f61286e243c65a,Input Validity,Lidar,Lidar Rate,10,219.91
cfceda213e9ad422c9f61286e243c65a,Input Validity,Odometry,Odometry Rate,50,219.91
cfceda213e9ad422c9f61286e243c65a,Input Validity,TF,TF Rate,10,219.91
cfceda213e9ad422c9f61286e243c65a,Localization Quality,AMCLPose,CovYawYaw,0.00516643,219.8
cfceda213e9ad422c9f61286e243c65a,Localization Quality,AMCLPose,CovYY,0.0068903,219.8
cfceda213e9ad422c9f61286e243c65a,Localization Quality,AMCLPose,CovXX,0.00486968,219.8
cfceda213e9ad422c9f61286e243c65a,Localization Quality,AMCLPose,MeanYaw,-2.9928,219.8
cfceda213e9ad422c9f61286e243c65a,Localization Quality,AMCLPose,MeanY,-2.80696,219.8
cfceda213e9ad422c9f61286e243c65a,Localization Quality,AMCLPose,MeanX,4.68918,219.8
cfceda213e9ad422c9f61286e243c65a,Localization Stability,TF,Jump Angular,-0.000115664,220.8
cfceda213e9ad422c9f61286e243c65a,Localization Stability,TF,Jump Linear,0.00326622,220.8
cfceda213e9ad422c9f61286e243c65a,Localization Responsiveness,TTC,TTC Outcome,1,220.01
cfceda213e9ad422c9f61286e243c65a,Localization Responsiveness,TTC,TTC,3.02,220.01
cfceda213e9ad422c9f61286e243c65a,Mission Outcome,Episode Event,Recoveries,0,220.01
cfceda213e9ad422c9f61286e243c65a,Mission Outcome,Episode Event,Collisions,0,220.01
cfceda213e9ad422c9f61286e243c65a,Mission Outcome,Episode Event,Navigation Time,14.43,220.01
cfceda213e9ad422c9f61286e243c65a,Mission Outcome,Episode Event,Goal Result,1,220.01
cfceda213e9ad422c9f61286e243c65a,Input Validity,AMCLPose,Pose Monotonicity,0,220.01
cfceda213e9ad422c9f61286e243c65a,Input Validity,Lidar,Lidar Frame Mistmatch,0,220.01
cfceda213e9ad422c9f61286e243c65a,Input Validity,Lidar,Lidar Monotonicity,0,220.01
cfceda213e9ad422c9f61286e243c65a,Input Validity,Odometry,Odometry Frame Mismatch,0,220.01
cfceda213e9ad422c9f61286e243c65a,Input Validity,Odometry,Odometry Monotonicity,0,220.01
cfceda213e9ad422c9f61286e243c65a,Input Validity,TF,TF Gap Count,0,220.01
cfceda213e9ad422c9f61286e243c65a,Input Validity,TF,TF Frame Drop,721,220.01
cfceda213e9ad422c9f61286e243c65a,Input Validity,TF,TF Monotonicity,0,220.01
Goal_ID,Reference Frame,Start Pose_X (m),Start Pose_Y (m),Start Pose_Yaw (deg),Goal Pose_X (m),Goal Pose_Y (m),Goal Pose_Yaw (deg),Goal Result Code,Goal Result,Success Count,Nav Time (sec),Nav Time Start (sec),Nav Time End (sec),Tracking RMS_V (m/s),Tracking RMS_W (rad/s),Saturation Frac_V,Saturation Frac_W,Slip Mean,Slip Std Deviation,Slip 95_Percentile,Control Energy,Control Samples,Path Length (m),Absolute Path Error RMS (m),Relative Pose Error (Drift),Min Clearance (m),Collision Count,Trajectory Samples,SPL
cfceda213e9ad422c9f61286e243c65a,map,3.64202,1.44794,-68.8328,4.725,-2.875,163.616,1,SUCCEEDED,1,14.43,205.58,220.01,0.0629941,0.13148,0.690946,0.0782845,0.00348917,0.0751458,0.0351951,396.132,1469,4.49119,0.595568,0.0191373,1.06155,0,721,0.992282
6f1d6f0061356cc30119e62ffc8bc543,Localization Stability,TF,Jump Angular,0,227.5
6f1d6f0061356cc30119e62ffc8bc543,Localization Stability,TF,Jump Linear,0,227.5
6f1d6f0061356cc30119e62ffc8bc543,Input Validity,Lidar,Lidar Rate,10,226.7
6f1d6f0061356cc30119e62ffc8bc543,Input Validity,Odometry,Odometry Rate,50,226.7
6f1d6f0061356cc30119e62ffc8bc543,Input Validity,TF,TF Rate,10,226.7
6f1d6f0061356cc30119e62ffc8bc543,Localization Stability,TF,Jump Angular,0,227.6
6f1d6f0061356cc30119e62ffc8bc543,Localization Stability,TF,Jump Linear,0,227.6
6f1d6f0061356cc30119e62ffc8bc543,Input Validity,Lidar,Lidar Rate,10,226.78
6f1d6f0061356cc30119e62ffc8bc543,Input Validity,Odometry,Odometry Rate,50,226.78
6f1d6f0061356cc30119e62ffc8bc543,Input Validity,TF,TF Rate,10,226.78
6f1d6f0061356cc30119e62ffc8bc543,Localization Stability,TF,Jump Angular,0,227.7
6f1d6f0061356cc30119e62ffc8bc543,Localization Stability,TF,Jump Linear,0,227.7
6f1d6f0061356cc30119e62ffc8bc543,Input Validity,Lidar,Lidar Rate,10,226.88
6f1d6f0061356cc30119e62ffc8bc543,Input Validity,Odometry,Odometry Rate,50,226.88
6f1d6f0061356cc30119e62ffc8bc543,Input Validity,TF,TF Rate,10,226.88
6f1d6f0061356cc30119e62ffc8bc543,Localization Stability,TF,Jump Angular,0,227.8
6f1d6f0061356cc30119e62ffc8bc543,Localization Stability,TF,Jump Linear,0,227.8
6f1d6f0061356cc30119e62ffc8bc543,Input Validity,Lidar,Lidar Rate,10,226.94
6f1d6f0061356cc30119e62ffc8bc543,Input Validity,Odometry,Odometry Rate,50,226.94
6f1d6f0061356cc30119e62ffc8bc543,Input Validity,TF,TF Rate,10,226.94
6f1d6f0061356cc30119e62ffc8bc543,Localization Stability,TF,Jump Angular,0,227.9
6f1d6f0061356cc30119e62ffc8bc543,Localization Stability,TF,Jump Linear,0,227.9
6f1d6f0061356cc30119e62ffc8bc543,Input Validity,Lidar,Lidar Rate,10,227.01
6f1d6f0061356cc30119e62ffc8bc543,Input Validity,Odometry,Odometry Rate,50,227.01
6f1d6f0061356cc30119e62ffc8bc543,Input Validity,TF,TF Rate,10,227.01
6f1d6f0061356cc30119e62ffc8bc543,Input Validity,Lidar,Lidar Rate,10,227.1
6f1d6f0061356cc30119e62ffc8bc543,Input Validity,Odometry,Odometry Rate,50,227.1
6f1d6f0061356cc30119e62ffc8bc543,Input Validity,TF,TF Rate,10,227.1
6f1d6f0061356cc30119e62ffc8bc543,Localization Stability,TF,Jump Angular,-0.0103604,228
6f1d6f0061356cc30119e62ffc8bc543,Localization Stability,TF,Jump Linear,0.0770774,228
6f1d6f0061356cc30119e62ffc8bc543,Input Validity,Lidar,Lidar Rate,10,227.18
6f1d6f0061356cc30119e62ffc8bc543,Input Validity,Odometry,Odometry Rate,50,227.18
6f1d6f0061356cc30119e62ffc8bc543,Input Validity,TF,TF Rate,10,227.18
6f1d6f0061356cc30119e62ffc8bc543,Localization Stability,TF,Jump Angular,0,228.1
6f1d6f0061356cc30119e62ffc8bc543,Localization Stability,TF,Jump Linear,0,228.1
6f1d6f0061356cc30119e62ffc8bc543,Input Validity,Lidar,Lidar Rate,10,227.22
6f1d6f0061356cc30119e62ffc8bc543,Input Validity,Odometry,Odometry Rate,50,227.22
6f1d6f0061356cc30119e62ffc8bc543,Input Validity,TF,TF Rate,10,227.22
6f1d6f0061356cc30119e62ffc8bc543,Localization Stability,TF,Jump Angular,0,228.2
6f1d6f0061356cc30119e62ffc8bc543,Localization Stability,TF,Jump Linear,0,228.2
6f1d6f0061356cc30119e62ffc8bc543,Input Validity,Lidar,Lidar Rate,10,227.32
6f1d6f0061356cc30119e62ffc8bc543,Input Validity,Odometry,Odometry Rate,50,227.32
6f1d6f0061356cc30119e62ffc8bc543,Input Validity,TF,TF Rate,10,227.32
6f1d6f0061356cc30119e62ffc8bc543,Input Validity,Lidar,Lidar Rate,10,227.4
6f1d6f0061356cc30119e62ffc8bc543,Input Validity,Odometry,Odometry Rate,50,227.4
6f1d6f0061356cc30119e62ffc8bc543,Input Validity,TF,TF Rate,10,227.4
6f1d6f0061356cc30119e62ffc8bc543,Localization Stability,TF,Jump Angular,0,228.3
6f1d6f0061356cc30119e62ffc8bc543,Localization Stability,TF,Jump Linear,0,228.3
6f1d6f0061356cc30119e62ffc8bc543,Input Validity,Lidar,Lidar Rate,10,227.5
6f1d6f0061356cc30119e62ffc8bc543,Input Validity,Odometry,Odometry Rate,50,227.5
6f1d6f0061356cc30119e62ffc8bc543,Input Validity,TF,TF Rate,10,227.5
6f1d6f0061356cc30119e62ffc8bc543,Localization Quality,AMCLPose,CovYawYaw,0.246009,227.4
6f1d6f0061356cc30119e62ffc8bc543,Localization Quality,AMCLPose,CovYY,0.242684,227.4
6f1d6f0061356cc30119e62ffc8bc543,Localization Quality,AMCLPose,CovXX,0.28203,227.4
6f1d6f0061356cc30119e62ffc8bc543,Localization Quality,AMCLPose,MeanYaw,2.36278,227.4
6f1d6f0061356cc30119e62ffc8bc543,Localization Quality,AMCLPose,MeanY,-2.77969,227.4
6f1d6f0061356cc30119e62ffc8bc543,Localization Quality,AMCLPose,MeanX,4.70431,227.4
6f1d6f0061356cc30119e62ffc8bc543,Localization Stability,TF,Jump Angular,-0.0026816,228.4
6f1d6f0061356cc30119e62ffc8bc543,Localization Stability,TF,Jump Linear,0.0462493,228.4
6f1d6f0061356cc30119e62ffc8bc543,Input Validity,Lidar,Lidar Rate,10,227.53
6f1d6f0061356cc30119e62ffc8bc543,Input Validity,Odometry,Odometry Rate,50,227.53
6f1d6f0061356cc30119e62ffc8bc543,Input Validity,TF,TF Rate,10,227.53
6f1d6f0061356cc30119e62ffc8bc543,Input Validity,Lidar,Lidar Rate,10,227.6
6f1d6f0061356cc30119e62ffc8bc543,Input Validity,Odometry,Odometry Rate,50,227.6
6f1d6f0061356cc30119e62ffc8bc543,Input Validity,TF,TF Rate,10,227.6
6f1d6f0061356cc30119e62ffc8bc543,Localization Stability,TF,Jump Angular,0,228.5
6f1d6f0061356cc30119e62ffc8bc543,Localization Stability,TF,Jump Linear,0,228.5
6f1d6f0061356cc30119e62ffc8bc543,Input Validity,Lidar,Lidar Rate,10,227.67
6f1d6f0061356cc30119e62ffc8bc543,Input Validity,Odometry,Odometry Rate,50,227.67
6f1d6f0061356cc30119e62ffc8bc543,Input Validity,TF,TF Rate,10,227.67
6f1d6f0061356cc30119e62ffc8bc543,Input Validity,Lidar,Lidar Rate,10,227.7
6f1d6f0061356cc30119e62ffc8bc543,Input Validity,Odometry,Odometry Rate,50,227.7
6f1d6f0061356cc30119e62ffc8bc543,Input Validity,TF,TF Rate,10,227.7
6f1d6f0061356cc30119e62ffc8bc543,Localization Stability,TF,Jump Angular,0,228.6
6f1d6f0061356cc30119e62ffc8bc543,Localization Stability,TF,Jump Linear,0,228.6
6f1d6f0061356cc30119e62ffc8bc543,Input Validity,Lidar,Lidar Rate,10,227.8
6f1d6f0061356cc30119e62ffc8bc543,Input Validity,Odometry,Odometry Rate,50,227.8
6f1d6f0061356cc30119e62ffc8bc543,Input Validity,TF,TF Rate,10,227.8
6f1d6f0061356cc30119e62ffc8bc543,Localization Quality,AMCLPose,CovYawYaw,0.250363,227.7
6f1d6f0061356cc30119e62ffc8bc543,Localization Quality,AMCLPose,CovYY,0.250682,227.7
6f1d6f0061356cc30119e62ffc8bc543,Localization Quality,AMCLPose,CovXX,0.295843,227.7
6f1d6f0061356cc30119e62ffc8bc543,Localization Quality,AMCLPose,MeanYaw,2.36958,227.7
6f1d6f0061356cc30119e62ffc8bc543,Localization Quality,AMCLPose,MeanY,-2.69777,227.7
6f1d6f0061356cc30119e62ffc8bc543,Localization Quality,AMCLPose,MeanX,4.61024,227.7
6f1d6f0061356cc30119e62ffc8bc543,Localization Stability,TF,Jump Angular,0.00868127,228.7
6f1d6f0061356cc30119e62ffc8bc543,Localization Stability,TF,Jump Linear,0.0579061,228.7
6f1d6f0061356cc30119e62ffc8bc543,Input Validity,Lidar,Lidar Rate,10,227.9
6f1d6f0061356cc30119e62ffc8bc543,Input Validity,Odometry,Odometry Rate,50,227.9
6f1d6f0061356cc30119e62ffc8bc543,Input Validity,TF,TF Rate,10,227.9
6f1d6f0061356cc30119e62ffc8bc543,Localization Stability,TF,Jump Angular,0,228.8
6f1d6f0061356cc30119e62ffc8bc543,Localization Stability,TF,Jump Linear,0,228.8
6f1d6f0061356cc30119e62ffc8bc543,Input Validity,Lidar,Lidar Rate,10,227.98
6f1d6f0061356cc30119e62ffc8bc543,Input Validity,Odometry,Odometry Rate,50,227.98
6f1d6f0061356cc30119e62ffc8bc543,Input Validity,TF,TF Rate,10,227.98
6f1d6f0061356cc30119e62ffc8bc543,Localization Stability,TF,Jump Angular,0,228.9
6f1d6f0061356cc30119e62ffc8bc543,Localization Stability,TF,Jump Linear,0,228.9
6f1d6f0061356cc30119e62ffc8bc543,Input Validity,Lidar,Lidar Rate,10,228.06
6f1d6f0061356cc30119e62ffc8bc543,Input Validity,Odometry,Odometry Rate,50,228.06
6f1d6f0061356cc30119e62ffc8bc543,Input Validity,TF,TF Rate,10,228.06
6f1d6f0061356cc30119e62ffc8bc543,Localization Quality,AMCLPose,CovYawYaw,0.243172,228
6f1d6f0061356cc30119e62ffc8bc543,Localization Quality,AMCLPose,CovYY,0.270739,228
6f1d6f0061356cc30119e62ffc8bc543,Localization Quality,AMCLPose,CovXX,0.289086,228
6f1d6f0061356cc30119e62ffc8bc543,Localization Quality,AMCLPose,MeanYaw,2.38184,228
6f1d6f0061356cc30119e62ffc8bc543,Localization Quality,AMCLPose,MeanY,-2.62309,228
6f1d6f0061356cc30119e62ffc8bc543,Localization Quality,AMCLPose,MeanX,4.51267,228
6f1d6f0061356cc30119e62ffc8bc543,Localization Stability,TF,Jump Angular,0.0135691,229
6f1d6f0061356cc30119e62ffc8bc543,Localization Stability,TF,Jump Linear,0.0897687,229
6f1d6f0061356cc30119e62ffc8bc543,Input Validity,Lidar,Lidar Rate,10,228.16
6f1d6f0061356cc30119e62ffc8bc543,Input Validity,Odometry,Odometry Rate,50,228.16
6f1d6f0061356cc30119e62ffc8bc543,Input Validity,TF,TF Rate,10,228.16
6f1d6f0061356cc30119e62ffc8bc543,Localization Stability,TF,Jump Angular,0,229.1
6f1d6f0061356cc30119e62ffc8bc543,Localization Stability,TF,Jump Linear,0,229.1
6f1d6f0061356cc30119e62ffc8bc543,Input Validity,Lidar,Lidar Rate,10,228.26
6f1d6f0061356cc30119e62ffc8bc543,Input Validity,Odometry,Odometry Rate,50,228.26
6f1d6f0061356cc30119e62ffc8bc543,Input Validity,TF,TF Rate,10,228.26
6f1d6f0061356cc30119e62ffc8bc543,Localization Stability,TF,Jump Angular,0,229.2
6f1d6f0061356cc30119e62ffc8bc543,Localization Stability,TF,Jump Linear,0,229.2
6f1d6f0061356cc30119e62ffc8bc543,Input Validity,Lidar,Lidar Rate,10,228.36
6f1d6f0061356cc30119e62ffc8bc543,Input Validity,Odometry,Odometry Rate,50,228.36
6f1d6f0061356cc30119e62ffc8bc543,Input Validity,TF,TF Rate,10,228.36
6f1d6f0061356cc30119e62ffc8bc543,Localization Quality,AMCLPose,CovYawYaw,0.234116,228.3
6f1d6f0061356cc30119e62ffc8bc543,Localization Quality,AMCLPose,CovYY,0.277421,228.3
6f1d6f0061356cc30119e62ffc8bc543,Localization Quality,AMCLPose,CovXX,0.308832,228.3
6f1d6f0061356cc30119e62ffc8bc543,Localization Quality,AMCLPose,MeanYaw,2.38338,228.3
6f1d6f0061356cc30119e62ffc8bc543,Localization Quality,AMCLPose,MeanY,-2.54193,228.3
6f1d6f0061356cc30119e62ffc8bc543,Localization Quality,AMCLPose,MeanX,4.40989,228.3
6f1d6f0061356cc30119e62ffc8bc543,Localization Stability,TF,Jump Angular,0.00225523,229.3
6f1d6f0061356cc30119e62ffc8bc543,Localization Stability,TF,Jump Linear,0.0242801,229.3
6f1d6f0061356cc30119e62ffc8bc543,Input Validity,Lidar,Lidar Rate,10,228.46
6f1d6f0061356cc30119e62ffc8bc543,Input Validity,Odometry,Odometry Rate,50,228.46
6f1d6f0061356cc30119e62ffc8bc543,Input Validity,TF,TF Rate,10,228.46
6f1d6f0061356cc30119e62ffc8bc543,Localization Stability,TF,Jump Angular,0,229.4
6f1d6f0061356cc30119e62ffc8bc543,Localization Stability,TF,Jump Linear,0,229.4
6f1d6f0061356cc30119e62ffc8bc543,Input Validity,Lidar,Lidar Rate,10,228.56
6f1d6f0061356cc30119e62ffc8bc543,Input Validity,Odometry,Odometry Rate,50,228.56
6f1d6f0061356cc30119e62ffc8bc543,Input Validity,TF,TF Rate,10,228.56
6f1d6f0061356cc30119e62ffc8bc543,Input Validity,Lidar,Lidar Rate,10,228.6
6f1d6f0061356cc30119e62ffc8bc543,Input Validity,Odometry,Odometry Rate,50,228.6
6f1d6f0061356cc30119e62ffc8bc543,Input Validity,TF,TF Rate,10,228.6
6f1d6f0061356cc30119e62ffc8bc543,Localization Stability,TF,Jump Angular,0,229.5
6f1d6f0061356cc30119e62ffc8bc543,Localization Stability,TF,Jump Linear,0,229.5
6f1d6f0061356cc30119e62ffc8bc543,Input Validity,Lidar,Lidar Rate,10,228.68
6f1d6f0061356cc30119e62ffc8bc543,Input Validity,Odometry,Odometry Rate,50,228.68
6f1d6f0061356cc30119e62ffc8bc543,Input Validity,TF,TF Rate,10,228.68
6f1d6f0061356cc30119e62ffc8bc543,Localization Quality,AMCLPose,CovYawYaw,0.24472,228.6
6f1d6f0061356cc30119e62ffc8bc543,Localization Quality,AMCLPose,CovYY,0.310317,228.6
6f1d6f0061356cc30119e62ffc8bc543,Localization Quality,AMCLPose,CovXX,0.331195,228.6
6f1d6f0061356cc30119e62ffc8bc543,Localization Quality,AMCLPose,MeanYaw,2.38493,228.6
6f1d6f0061356cc30119e62ffc8bc543,Localization Quality,AMCLPose,MeanY,-2.44979,228.6
6f1d6f0061356cc30119e62ffc8bc543,Localization Quality,AMCLPose,MeanX,4.31218,228.6
6f1d6f0061356cc30119e62ffc8bc543,Localization Stability,TF,Jump Angular,-0.00105988,229.6
6f1d6f0061356cc30119e62ffc8bc543,Localization Stability,TF,Jump Linear,0.00496834,229.6
6f1d6f0061356cc30119e62ffc8bc543,Input Validity,Lidar,Lidar Rate,10,228.75
6f1d6f0061356cc30119e62ffc8bc543,Input Validity,Odometry,Odometry Rate,50,228.75
6f1d6f0061356cc30119e62ffc8bc543,Input Validity,TF,TF Rate,10,228.75
6f1d6f0061356cc30119e62ffc8bc543,Localization Stability,TF,Jump Angular,0,229.7
6f1d6f0061356cc30119e62ffc8bc543,Localization Stability,TF,Jump Linear,0,229.7
6f1d6f0061356cc30119e62ffc8bc543,Input Validity,Lidar,Lidar Rate,10,228.85
6f1d6f0061356cc30119e62ffc8bc543,Input Validity,Odometry,Odometry Rate,50,228.85
6f1d6f0061356cc30119e62ffc8bc543,Input Validity,TF,TF Rate,10,228.85
6f1d6f0061356cc30119e62ffc8bc543,Localization Stability,TF,Jump Angular,0,229.8
6f1d6f0061356cc30119e62ffc8bc543,Localization Stability,TF,Jump Linear,0,229.8
6f1d6f0061356cc30119e62ffc8bc543,Input Validity,Lidar,Lidar Rate,10,228.94
6f1d6f0061356cc30119e62ffc8bc543,Input Validity,Odometry,Odometry Rate,50,228.94
6f1d6f0061356cc30119e62ffc8bc543,Input Validity,TF,TF Rate,10,228.94
6f1d6f0061356cc30119e62ffc8bc543,Input Validity,Lidar,Lidar Rate,10,229.01
6f1d6f0061356cc30119e62ffc8bc543,Input Validity,Odometry,Odometry Rate,50,229.01
6f1d6f0061356cc30119e62ffc8bc543,Input Validity,TF,TF Rate,10,229.01
6f1d6f0061356cc30119e62ffc8bc543,Localization Quality,AMCLPose,CovYawYaw,0.253899,228.9
6f1d6f0061356cc30119e62ffc8bc543,Localization Quality,AMCLPose,CovYY,0.343929,228.9
6f1d6f0061356cc30119e62ffc8bc543,Localization Quality,AMCLPose,CovXX,0.362553,228.9
6f1d6f0061356cc30119e62ffc8bc543,Localization Quality,AMCLPose,MeanYaw,2.38752,228.9
6f1d6f0061356cc30119e62ffc8bc543,Localization Quality,AMCLPose,MeanY,-2.37124,228.9
6f1d6f0061356cc30119e62ffc8bc543,Localization Quality,AMCLPose,MeanX,4.19435,228.9
6f1d6f0061356cc30119e62ffc8bc543,Localization Stability,TF,Jump Angular,0.00393378,229.9
6f1d6f0061356cc30119e62ffc8bc543,Localization Stability,TF,Jump Linear,0.0423277,229.9
6f1d6f0061356cc30119e62ffc8bc543,Input Validity,Lidar,Lidar Rate,10,229.1
6f1d6f0061356cc30119e62ffc8bc543,Input Validity,Odometry,Odometry Rate,50,229.1
6f1d6f0061356cc30119e62ffc8bc543,Input Validity,TF,TF Rate,10,229.1
6f1d6f0061356cc30119e62ffc8bc543,Localization Stability,TF,Jump Angular,0,230
6f1d6f0061356cc30119e62ffc8bc543,Localization Stability,TF,Jump Linear,0,230
6f1d6f0061356cc30119e62ffc8bc543,Input Validity,Lidar,Lidar Rate,10,229.15
6f1d6f0061356cc30119e62ffc8bc543,Input Validity,Odometry,Odometry Rate,50,229.15
6f1d6f0061356cc30119e62ffc8bc543,Input Validity,TF,TF Rate,10,229.15
6f1d6f0061356cc30119e62ffc8bc543,Localization Stability,TF,Jump Angular,0,230.1
6f1d6f0061356cc30119e62ffc8bc543,Localization Stability,TF,Jump Linear,0,230.1
6f1d6f0061356cc30119e62ffc8bc543,Input Validity,Lidar,Lidar Rate,10,229.22
6f1d6f0061356cc30119e62ffc8bc543,Input Validity,Odometry,Odometry Rate,50,229.22
6f1d6f0061356cc30119e62ffc8bc543,Input Validity,TF,TF Rate,10,229.22
6f1d6f0061356cc30119e62ffc8bc543,Input Validity,Lidar,Lidar Rate,10,229.3
6f1d6f0061356cc30119e62ffc8bc543,Input Validity,Odometry,Odometry Rate,50,229.3
6f1d6f0061356cc30119e62ffc8bc543,Input Validity,TF,TF Rate,10,229.3
6f1d6f0061356cc30119e62ffc8bc543,Localization Quality,AMCLPose,CovYawYaw,0.265919,229.2
6f1d6f0061356cc30119e62ffc8bc543,Localization Quality,AMCLPose,CovYY,0.365799,229.2
6f1d6f0061356cc30119e62ffc8bc543,Localization Quality,AMCLPose,CovXX,0.395649,229.2
6f1d6f0061356cc30119e62ffc8bc543,Localization Quality,AMCLPose,MeanYaw,2.38025,229.2
6f1d6f0061356cc30119e62ffc8bc543,Localization Quality,AMCLPose,MeanY,-2.30111,229.2
6f1d6f0061356cc30119e62ffc8bc543,Localization Quality,AMCLPose,MeanX,4.11428,229.2
6f1d6f0061356cc30119e62ffc8bc543,Localization Stability,TF,Jump Angular,0.00474572,230.2
6f1d6f0061356cc30119e62ffc8bc543,Localization Stability,TF,Jump Linear,0.0436238,230.2
6f1d6f0061356cc30119e62ffc8bc543,Input Validity,Lidar,Lidar Rate,10,229.36
6f1d6f0061356cc30119e62ffc8bc543,Input Validity,Odometry,Odometry Rate,50,229.36
6f1d6f0061356cc30119e62ffc8bc543,Input Validity,TF,TF Rate,10,229.36
6f1d6f0061356cc30119e62ffc8bc543,Localization Stability,TF,Jump Angular,0,230.3
6f1d6f0061356cc30119e62ffc8bc543,Localization Stability,TF,Jump Linear,0,230.3
6f1d6f0061356cc30119e62ffc8bc543,Input Validity,Lidar,Lidar Rate,10,229.46
6f1d6f0061356cc30119e62ffc8bc543,Input Validity,Odometry,Odometry Rate,50,229.46
6f1d6f0061356cc30119e62ffc8bc543,Input Validity,TF,TF Rate,10,229.46
6f1d6f0061356cc30119e62ffc8bc543,Input Validity,Lidar,Lidar Rate,10,229.5
6f1d6f0061356cc30119e62ffc8bc543,Input Validity,Odometry,Odometry Rate,50,229.5
6f1d6f0061356cc30119e62ffc8bc543,Input Validity,TF,TF Rate,10,229.5
6f1d6f0061356cc30119e62ffc8bc543,Localization Stability,TF,Jump Angular,0,230.4
6f1d6f0061356cc30119e62ffc8bc543,Localization Stability,TF,Jump Linear,0,230.4
6f1d6f0061356cc30119e62ffc8bc543,Input Validity,Lidar,Lidar Rate,10,229.59
6f1d6f0061356cc30119e62ffc8bc543,Input Validity,Odometry,Odometry Rate,50,229.59
6f1d6f0061356cc30119e62ffc8bc543,Input Validity,TF,TF Rate,10,229.59
6f1d6f0061356cc30119e62ffc8bc543,Localization Quality,AMCLPose,CovYawYaw,0.267285,229.5
6f1d6f0061356cc30119e62ffc8bc543,Localization Quality,AMCLPose,CovYY,0.419527,229.5
6f1d6f0061356cc30119e62ffc8bc543,Localization Quality,AMCLPose,CovXX,0.421438,229.5
6f1d6f0061356cc30119e62ffc8bc543,Localization Quality,AMCLPose,MeanYaw,2.36128,229.5
6f1d6f0061356cc30119e62ffc8bc543,Localization Quality,AMCLPose,MeanY,-2.21283,229.5
6f1d6f0061356cc30119e62ffc8bc543,Localization Quality,AMCLPose,MeanX,4.03765,229.5
6f1d6f0061356cc30119e62ffc8bc543,Localization Stability,TF,Jump Angular,-0.00242431,230.5
6f1d6f0061356cc30119e62ffc8bc543,Localization Stability,TF,Jump Linear,0.0257423,230.5
6f1d6f0061356cc30119e62ffc8bc543,Input Validity,Lidar,Lidar Rate,10,229.65
6f1d6f0061356cc30119e62ffc8bc543,Input Validity,Odometry,Odometry Rate,50,229.65
6f1d6f0061356cc30119e62ffc8bc543,Input Validity,TF,TF Rate,10,229.65
6f1d6f0061356cc30119e62ffc8bc543,Localization Stability,TF,Jump Angular,0,230.6
6f1d6f0061356cc30119e62ffc8bc543,Localization Stability,TF,Jump Linear,0,230.6
6f1d6f0061356cc30119e62ffc8bc543,Input Validity,Lidar,Lidar Rate,10,229.71
6f1d6f0061356cc30119e62ffc8bc543,Input Validity,Odometry,Odometry Rate,50,229.71
6f1d6f0061356cc30119e62ffc8bc543,Input Validity,TF,TF Rate,10,229.71
6f1d6f0061356cc30119e62ffc8bc543,Input Validity,Lidar,Lidar Rate,10,229.8
6f1d6f0061356cc30119e62ffc8bc543,Input Validity,Odometry,Odometry Rate,50,229.8
6f1d6f0061356cc30119e62ffc8bc543,Input Validity,TF,TF Rate,10,229.8
6f1d6f0061356cc30119e62ffc8bc543,Localization Stability,TF,Jump Angular,0,230.7
6f1d6f0061356cc30119e62ffc8bc543,Localization Stability,TF,Jump Linear,0,230.7
6f1d6f0061356cc30119e62ffc8bc543,Input Validity,Lidar,Lidar Rate,10,229.87
6f1d6f0061356cc30119e62ffc8bc543,Input Validity,Odometry,Odometry Rate,50,229.87
6f1d6f0061356cc30119e62ffc8bc543,Input Validity,TF,TF Rate,10,229.87
6f1d6f0061356cc30119e62ffc8bc543,Localization Quality,AMCLPose,CovYawYaw,0.263186,229.8
6f1d6f0061356cc30119e62ffc8bc543,Localization Quality,AMCLPose,CovYY,0.439933,229.8
6f1d6f0061356cc30119e62ffc8bc543,Localization Quality,AMCLPose,CovXX,0.463667,229.8
6f1d6f0061356cc30119e62ffc8bc543,Localization Quality,AMCLPose,MeanYaw,2.32557,229.8
6f1d6f0061356cc30119e62ffc8bc543,Localization Quality,AMCLPose,MeanY,-2.12188,229.8
6f1d6f0061356cc30119e62ffc8bc543,Localization Quality,AMCLPose,MeanX,3.96382,229.8
6f1d6f0061356cc30119e62ffc8bc543,Localization Stability,TF,Jump Angular,-0.00977844,230.8
6f1d6f0061356cc30119e62ffc8bc543,Localization Stability,TF,Jump Linear,0.053601,230.8
6f1d6f0061356cc30119e62ffc8bc543,Input Validity,Lidar,Lidar Rate,10,229.95
6f1d6f0061356cc30119e62ffc8bc543,Input Validity,Odometry,Odometry Rate,50,229.95
6f1d6f0061356cc30119e62ffc8bc543,Input Validity,TF,TF Rate,10,229.95
6f1d6f0061356cc30119e62ffc8bc543,Localization Stability,TF,Jump Angular,0,230.9
6f1d6f0061356cc30119e62ffc8bc543,Localization Stability,TF,Jump Linear,0,230.9
6f1d6f0061356cc30119e62ffc8bc543,Input Validity,Lidar,Lidar Rate,10,230.02
6f1d6f0061356cc30119e62ffc8bc543,Input Validity,Odometry,Odometry Rate,50,230.02
6f1d6f0061356cc30119e62ffc8bc543,Input Validity,TF,TF Rate,10,230.02
6f1d6f0061356cc30119e62ffc8bc543,Input Validity,Lidar,Lidar Rate,10,230.1
6f1d6f0061356cc30119e62ffc8bc543,Input Validity,Odometry,Odometry Rate,50,230.1
6f1d6f0061356cc30119e62ffc8bc543,Input Validity,TF,TF Rate,10,230.1
6f1d6f0061356cc30119e62ffc8bc543,Localization Stability,TF,Jump Angular,0,231
6f1d6f0061356cc30119e62ffc8bc543,Localization Stability,TF,Jump Linear,0,231
6f1d6f0061356cc30119e62ffc8bc543,Input Validity,Lidar,Lidar Rate,10,230.19
6f1d6f0061356cc30119e62ffc8bc543,Input Validity,Odometry,Odometry Rate,50,230.19
6f1d6f0061356cc30119e62ffc8bc543,Input Validity,TF,TF Rate,10,230.19
6f1d6f0061356cc30119e62ffc8bc543,Localization Quality,AMCLPose,CovYawYaw,0.26742,230.1
6f1d6f0061356cc30119e62ffc8bc543,Localization Quality,AMCLPose,CovYY,0.500429,230.1
6f1d6f0061356cc30119e62ffc8bc543,Localization Quality,AMCLPose,CovXX,0.498436,230.1
6f1d6f0061356cc30119e62ffc8bc543,Localization Quality,AMCLPose,MeanYaw,2.27608,230.1
6f1d6f0061356cc30119e62ffc8bc543,Localization Quality,AMCLPose,MeanY,-2.03031,230.1
6f1d6f0061356cc30119e62ffc8bc543,Localization Quality,AMCLPose,MeanX,3.89334,230.1
6f1d6f0061356cc30119e62ffc8bc543,Localization Stability,TF,Jump Angular,0.0097907,231.1
6f1d6f0061356cc30119e62ffc8bc543,Localization Stability,TF,Jump Linear,0.0482377,231.1
6f1d6f0061356cc30119e62ffc8bc543,Input Validity,Lidar,Lidar Rate,10,230.26
6f1d6f0061356cc30119e62ffc8bc543,Input Validity,Odometry,Odometry Rate,50,230.26
6f1d6f0061356cc30119e62ffc8bc543,Input Validity,TF,TF Rate,10,230.26
6f1d6f0061356cc30119e62ffc8bc543,Localization Stability,TF,Jump Angular,0,231.2
6f1d6f0061356cc30119e62ffc8bc543,Localization Stability,TF,Jump Linear,0,231.2
6f1d6f0061356cc30119e62ffc8bc543,Input Validity,Lidar,Lidar Rate,10,230.36
6f1d6f0061356cc30119e62ffc8bc543,Input Validity,Odometry,Odometry Rate,50,230.36
6f1d6f0061356cc30119e62ffc8bc543,Input Validity,TF,TF Rate,10,230.36
6f1d6f0061356cc30119e62ffc8bc543,Localization Stability,TF,Jump Angular,0,231.3
6f1d6f0061356cc30119e62ffc8bc543,Localization Stability,TF,Jump Linear,0,231.3
6f1d6f0061356cc30119e62ffc8bc543,Input Validity,Lidar,Lidar Rate,10,230.44
6f1d6f0061356cc30119e62ffc8bc543,Input Validity,Odometry,Odometry Rate,50,230.44
6f1d6f0061356cc30119e62ffc8bc543,Input Validity,TF,TF Rate,10,230.44
6f1d6f0061356cc30119e62ffc8bc543,Localization Quality,AMCLPose,CovYawYaw,0.278037,230.4
6f1d6f0061356cc30119e62ffc8bc543,Localization Quality,AMCLPose,CovYY,0.562753,230.4
6f1d6f0061356cc30119e62ffc8bc543,Localization Quality,AMCLPose,CovXX,0.559308,230.4
6f1d6f0061356cc30119e62ffc8bc543,Localization Quality,AMCLPose,MeanYaw,2.23354,230.4
6f1d6f0061356cc30119e62ffc8bc543,Localization Quality,AMCLPose,MeanY,-1.93738,230.4
6f1d6f0061356cc30119e62ffc8bc543,Localization Quality,AMCLPose,MeanX,3.82291,230.4
6f1d6f0061356cc30119e62ffc8bc543,Localization Stability,TF,Jump Angular,0.00455192,231.4
6f1d6f0061356cc30119e62ffc8bc543,Localization Stability,TF,Jump Linear,0.0303829,231.4
6f1d6f0061356cc30119e62ffc8bc543,Input Validity,Lidar,Lidar Rate,10,230.54
6f1d6f0061356cc30119e62ffc8bc543,Input Validity,Odometry,Odometry Rate,50,230.54
6f1d6f0061356cc30119e62ffc8bc543,Input Validity,TF,TF Rate,10,230.54
6f1d6f0061356cc30119e62ffc8bc543,Localization Stability,TF,Jump Angular,0,231.5
6f1d6f0061356cc30119e62ffc8bc543,Localization Stability,TF,Jump Linear,0,231.5
6f1d6f0061356cc30119e62ffc8bc543,Input Validity,Lidar,Lidar Rate,10,230.64
6f1d6f0061356cc30119e62ffc8bc543,Input Validity,Odometry,Odometry Rate,50,230.64
6f1d6f0061356cc30119e62ffc8bc543,Input Validity,TF,TF Rate,10,230.64
6f1d6f0061356cc30119e62ffc8bc543,Localization Stability,TF,Jump Angular,0,231.6
6f1d6f0061356cc30119e62ffc8bc543,Localization Stability,TF,Jump Linear,0,231.6
6f1d6f0061356cc30119e62ffc8bc543,Input Validity,Lidar,Lidar Rate,10,230.74
6f1d6f0061356cc30119e62ffc8bc543,Input Validity,Odometry,Odometry Rate,50,230.74
6f1d6f0061356cc30119e62ffc8bc543,Input Validity,TF,TF Rate,10,230.74
6f1d6f0061356cc30119e62ffc8bc543,Localization Quality,AMCLPose,CovYawYaw,0.2886,230.7
6f1d6f0061356cc30119e62ffc8bc543,Localization Quality,AMCLPose,CovYY,0.60645,230.7
6f1d6f0061356cc30119e62ffc8bc543,Localization Quality,AMCLPose,CovXX,0.635913,230.7
6f1d6f0061356cc30119e62ffc8bc543,Localization Quality,AMCLPose,MeanYaw,2.20474,230.7
6f1d6f0061356cc30119e62ffc8bc543,Localization Quality,AMCLPose,MeanY,-1.85324,230.7
6f1d6f0061356cc30119e62ffc8bc543,Localization Quality,AMCLPose,MeanX,3.77502,230.7
6f1d6f0061356cc30119e62ffc8bc543,Localization Stability,TF,Jump Angular,-0.00656447,231.7
6f1d6f0061356cc30119e62ffc8bc543,Localization Stability,TF,Jump Linear,0.0446392,231.7
6f1d6f0061356cc30119e62ffc8bc543,Input Validity,Lidar,Lidar Rate,10,230.84
6f1d6f0061356cc30119e62ffc8bc543,Input Validity,Odometry,Odometry Rate,50,230.84
6f1d6f0061356cc30119e62ffc8bc543,Input Validity,TF,TF Rate,10,230.84
6f1d6f0061356cc30119e62ffc8bc543,Localization Stability,TF,Jump Angular,0,231.8
6f1d6f0061356cc30119e62ffc8bc543,Localization Stability,TF,Jump Linear,0,231.8
6f1d6f0061356cc30119e62ffc8bc543,Input Validity,Lidar,Lidar Rate,10,230.93
6f1d6f0061356cc30119e62ffc8bc543,Input Validity,Odometry,Odometry Rate,50,230.93
6f1d6f0061356cc30119e62ffc8bc543,Input Validity,TF,TF Rate,10,230.93
6f1d6f0061356cc30119e62ffc8bc543,Localization Stability,TF,Jump Angular,0,231.9
6f1d6f0061356cc30119e62ffc8bc543,Localization Stability,TF,Jump Linear,0,231.9
6f1d6f0061356cc30119e62ffc8bc543,Input Validity,Lidar,Lidar Rate,10,231.01
6f1d6f0061356cc30119e62ffc8bc543,Input Validity,Odometry,Odometry Rate,50,231.01
6f1d6f0061356cc30119e62ffc8bc543,Input Validity,TF,TF Rate,10,231.01
6f1d6f0061356cc30119e62ffc8bc543,Localization Quality,AMCLPose,CovYawYaw,0.291272,231
6f1d6f0061356cc30119e62ffc8bc543,Localization Quality,AMCLPose,CovYY,0.667845,231
6f1d6f0061356cc30119e62ffc8bc543,Localization Quality,AMCLPose,CovXX,0.708697,231
6f1d6f0061356cc30119e62ffc8bc543,Localization Quality,AMCLPose,MeanYaw,2.18695,231
6f1d6f0061356cc30119e62ffc8bc543,Localization Quality,AMCLPose,MeanY,-1.75091,231
6f1d6f0061356cc30119e62ffc8bc543,Localization Quality,AMCLPose,MeanX,3.7377,231
6f1d6f0061356cc30119e62ffc8bc543,Localization Stability,TF,Jump Angular,-0.0119494,232
6f1d6f0061356cc30119e62ffc8bc543,Localization Stability,TF,Jump Linear,0.0717846,232
6f1d6f0061356cc30119e62ffc8bc543,Input Validity,Lidar,Lidar Rate,10,231.11
6f1d6f0061356cc30119e62ffc8bc543,Input Validity,Odometry,Odometry Rate,50,231.11
6f1d6f0061356cc30119e62ffc8bc543,Input Validity,TF,TF Rate,10,231.11
6f1d6f0061356cc30119e62ffc8bc543,Localization Stability,TF,Jump Angular,0,232.1
6f1d6f0061356cc30119e62ffc8bc543,Localization Stability,TF,Jump Linear,0,232.1
6f1d6f0061356cc30119e62ffc8bc543,Input Validity,Lidar,Lidar Rate,10,231.21
6f1d6f0061356cc30119e62ffc8bc543,Input Validity,Odometry,Odometry Rate,50,231.21
6f1d6f0061356cc30119e62ffc8bc543,Input Validity,TF,TF Rate,10,231.21
6f1d6f0061356cc30119e62ffc8bc543,Localization Stability,TF,Jump Angular,0,232.2
6f1d6f0061356cc30119e62ffc8bc543,Localization Stability,TF,Jump Linear,0,232.2
6f1d6f0061356cc30119e62ffc8bc543,Input Validity,Lidar,Lidar Rate,10,231.31
6f1d6f0061356cc30119e62ffc8bc543,Input Validity,Odometry,Odometry Rate,50,231.31
6f1d6f0061356cc30119e62ffc8bc543,Input Validity,TF,TF Rate,10,231.31
6f1d6f0061356cc30119e62ffc8bc543,Localization Quality,AMCLPose,CovYawYaw,0.297804,231.3
6f1d6f0061356cc30119e62ffc8bc543,Localization Quality,AMCLPose,CovYY,0.755458,231.3
6f1d6f0061356cc30119e62ffc8bc543,Localization Quality,AMCLPose,CovXX,0.78058,231.3
6f1d6f0061356cc30119e62ffc8bc543,Localization Quality,AMCLPose,MeanYaw,2.1842,231.3
6f1d6f0061356cc30119e62ffc8bc543,Localization Quality,AMCLPose,MeanY,-1.67229,231.3
6f1d6f0061356cc30119e62ffc8bc543,Localization Quality,AMCLPose,MeanX,3.65871,231.3
6f1d6f0061356cc30119e62ffc8bc543,Localization Stability,TF,Jump Angular,0.00367658,232.3
6f1d6f0061356cc30119e62ffc8bc543,Localization Stability,TF,Jump Linear,0.0455959,232.3
6f1d6f0061356cc30119e62ffc8bc543,Input Validity,Lidar,Lidar Rate,10,231.41
6f1d6f0061356cc30119e62ffc8bc543,Input Validity,Odometry,Odometry Rate,50,231.41
6f1d6f0061356cc30119e62ffc8bc543,Input Validity,TF,TF Rate,10,231.41
6f1d6f0061356cc30119e62ffc8bc543,Localization Stability,TF,Jump Angular,0,232.4
6f1d6f0061356cc30119e62ffc8bc543,Localization Stability,TF,Jump Linear,0,232.4
6f1d6f0061356cc30119e62ffc8bc543,Input Validity,Lidar,Lidar Rate,10,231.51
6f1d6f0061356cc30119e62ffc8bc543,Input Validity,Odometry,Odometry Rate,50,231.51
6f1d6f0061356cc30119e62ffc8bc543,Input Validity,TF,TF Rate,10,231.51
6f1d6f0061356cc30119e62ffc8bc543,Localization Stability,TF,Jump Angular,0,232.5
6f1d6f0061356cc30119e62ffc8bc543,Localization Stability,TF,Jump Linear,0,232.5
6f1d6f0061356cc30119e62ffc8bc543,Input Validity,Lidar,Lidar Rate,10,231.61
6f1d6f0061356cc30119e62ffc8bc543,Input Validity,Odometry,Odometry Rate,50,231.61
6f1d6f0061356cc30119e62ffc8bc543,Input Validity,TF,TF Rate,10,231.61
6f1d6f0061356cc30119e62ffc8bc543,Localization Quality,AMCLPose,CovYawYaw,0.222336,231.6
6f1d6f0061356cc30119e62ffc8bc543,Localization Quality,AMCLPose,CovYY,0.654065,231.6
6f1d6f0061356cc30119e62ffc8bc543,Localization Quality,AMCLPose,CovXX,0.637322,231.6
6f1d6f0061356cc30119e62ffc8bc543,Localization Quality,AMCLPose,MeanYaw,2.18326,231.6
6f1d6f0061356cc30119e62ffc8bc543,Localization Quality,AMCLPose,MeanY,-1.49492,231.6
6f1d6f0061356cc30119e62ffc8bc543,Localization Quality,AMCLPose,MeanX,3.58238,231.6
6f1d6f0061356cc30119e62ffc8bc543,Localization Stability,TF,Jump Angular,0.0144834,232.6
6f1d6f0061356cc30119e62ffc8bc543,Localization Stability,TF,Jump Linear,0.0240228,232.6
6f1d6f0061356cc30119e62ffc8bc543,Input Validity,Lidar,Lidar Rate,10,231.7
6f1d6f0061356cc30119e62ffc8bc543,Input Validity,Odometry,Odometry Rate,50,231.7
6f1d6f0061356cc30119e62ffc8bc543,Input Validity,TF,TF Rate,10,231.7
6f1d6f0061356cc30119e62ffc8bc543,Input Validity,Lidar,Lidar Rate,10,231.8
6f1d6f0061356cc30119e62ffc8bc543,Input Validity,Odometry,Odometry Rate,50,231.8
6f1d6f0061356cc30119e62ffc8bc543,Input Validity,TF,TF Rate,10,231.8
6f1d6f0061356cc30119e62ffc8bc543,Localization Stability,TF,Jump Angular,0,232.7
6f1d6f0061356cc30119e62ffc8bc543,Localization Stability,TF,Jump Linear,0,232.7
6f1d6f0061356cc30119e62ffc8bc543,Input Validity,Lidar,Lidar Rate,10,231.89
6f1d6f0061356cc30119e62ffc8bc543,Input Validity,Odometry,Odometry Rate,50,231.89
6f1d6f0061356cc30119e62ffc8bc543,Input Validity,TF,TF Rate,10,231.89
6f1d6f0061356cc30119e62ffc8bc543,Localization Stability,TF,Jump Angular,0,232.8
6f1d6f0061356cc30119e62ffc8bc543,Localization Stability,TF,Jump Linear,0,232.8
6f1d6f0061356cc30119e62ffc8bc543,Input Validity,Lidar,Lidar Rate,10,231.97
6f1d6f0061356cc30119e62ffc8bc543,Input Validity,Odometry,Odometry Rate,50,231.97
6f1d6f0061356cc30119e62ffc8bc543,Input Validity,TF,TF Rate,10,231.97
6f1d6f0061356cc30119e62ffc8bc543,Localization Quality,AMCLPose,CovYawYaw,0.161764,231.9
6f1d6f0061356cc30119e62ffc8bc543,Localization Quality,AMCLPose,CovYY,0.559241,231.9
6f1d6f0061356cc30119e62ffc8bc543,Localization Quality,AMCLPose,CovXX,0.534602,231.9
6f1d6f0061356cc30119e62ffc8bc543,Localization Quality,AMCLPose,MeanYaw,2.17052,231.9
6f1d6f0061356cc30119e62ffc8bc543,Localization Quality,AMCLPose,MeanY,-1.33686,231.9
6f1d6f0061356cc30119e62ffc8bc543,Localization Quality,AMCLPose,MeanX,3.52076,231.9
6f1d6f0061356cc30119e62ffc8bc543,Localization Stability,TF,Jump Angular,0.00612862,232.9
6f1d6f0061356cc30119e62ffc8bc543,Localization Stability,TF,Jump Linear,0.026488,232.9
6f1d6f0061356cc30119e62ffc8bc543,Input Validity,Lidar,Lidar Rate,10,232.05
6f1d6f0061356cc30119e62ffc8bc543,Input Validity,Odometry,Odometry Rate,50,232.05
6f1d6f0061356cc30119e62ffc8bc543,Input Validity,TF,TF Rate,10,232.05
6f1d6f0061356cc30119e62ffc8bc543,Localization Stability,TF,Jump Angular,0,233
6f1d6f0061356cc30119e62ffc8bc543,Localization Stability,TF,Jump Linear,0,233
6f1d6f0061356cc30119e62ffc8bc543,Input Validity,Lidar,Lidar Rate,10,232.15
6f1d6f0061356cc30119e62ffc8bc543,Input Validity,Odometry,Odometry Rate,50,232.15
6f1d6f0061356cc30119e62ffc8bc543,Input Validity,TF,TF Rate,10,232.15
6f1d6f0061356cc30119e62ffc8bc543,Localization Stability,TF,Jump Angular,0,233.1
6f1d6f0061356cc30119e62ffc8bc543,Localization Stability,TF,Jump Linear,0,233.1
6f1d6f0061356cc30119e62ffc8bc543,Input Validity,Lidar,Lidar Rate,10,232.25
6f1d6f0061356cc30119e62ffc8bc543,Input Validity,Odometry,Odometry Rate,50,232.25
6f1d6f0061356cc30119e62ffc8bc543,Input Validity,TF,TF Rate,10,232.25
6f1d6f0061356cc30119e62ffc8bc543,Localization Quality,AMCLPose,CovYawYaw,0.118971,232.2
6f1d6f0061356cc30119e62ffc8bc543,Localization Quality,AMCLPose,CovYY,0.441408,232.2
6f1d6f0061356cc30119e62ffc8bc543,Localization Quality,AMCLPose,CovXX,0.442991,232.2
6f1d6f0061356cc30119e62ffc8bc543,Localization Quality,AMCLPose,MeanYaw,2.15664,232.2
6f1d6f0061356cc30119e62ffc8bc543,Localization Quality,AMCLPose,MeanY,-1.17275,232.2
6f1d6f0061356cc30119e62ffc8bc543,Localization Quality,AMCLPose,MeanX,3.46232,232.2
6f1d6f0061356cc30119e62ffc8bc543,Localization Stability,TF,Jump Angular,-0.0038433,233.2
6f1d6f0061356cc30119e62ffc8bc543,Localization Stability,TF,Jump Linear,0.0687203,233.2
6f1d6f0061356cc30119e62ffc8bc543,Input Validity,Lidar,Lidar Rate,10,232.35
6f1d6f0061356cc30119e62ffc8bc543,Input Validity,Odometry,Odometry Rate,50,232.35
6f1d6f0061356cc30119e62ffc8bc543,Input Validity,TF,TF Rate,10,232.35
6f1d6f0061356cc30119e62ffc8bc543,Localization Stability,TF,Jump Angular,0,233.3
6f1d6f0061356cc30119e62ffc8bc543,Localization Stability,TF,Jump Linear,0,233.3
6f1d6f0061356cc30119e62ffc8bc543,Input Validity,Lidar,Lidar Rate,10,232.45
6f1d6f0061356cc30119e62ffc8bc543,Input Validity,Odometry,Odometry Rate,50,232.45
6f1d6f0061356cc30119e62ffc8bc543,Input Validity,TF,TF Rate,10,232.45
6f1d6f0061356cc30119e62ffc8bc543,Localization Stability,TF,Jump Angular,0,233.4
6f1d6f0061356cc30119e62ffc8bc543,Localization Stability,TF,Jump Linear,0,233.4
6f1d6f0061356cc30119e62ffc8bc543,Input Validity,Lidar,Lidar Rate,10,232.55
6f1d6f0061356cc30119e62ffc8bc543,Input Validity,Odometry,Odometry Rate,50,232.55
6f1d6f0061356cc30119e62ffc8bc543,Input Validity,TF,TF Rate,10,232.55
6f1d6f0061356cc30119e62ffc8bc543,Localization Quality,AMCLPose,CovYawYaw,0.0875273,232.5
6f1d6f0061356cc30119e62ffc8bc543,Localization Quality,AMCLPose,CovYY,0.360879,232.5
6f1d6f0061356cc30119e62ffc8bc543,Localization Quality,AMCLPose,CovXX,0.402743,232.5
6f1d6f0061356cc30119e62ffc8bc543,Localization Quality,AMCLPose,MeanYaw,2.13647,232.5
6f1d6f0061356cc30119e62ffc8bc543,Localization Quality,AMCLPose,MeanY,-1.00384,232.5
6f1d6f0061356cc30119e62ffc8bc543,Localization Quality,AMCLPose,MeanX,3.38001,232.5
6f1d6f0061356cc30119e62ffc8bc543,Localization Stability,TF,Jump Angular,-0.00138562,233.5
6f1d6f0061356cc30119e62ffc8bc543,Localization Stability,TF,Jump Linear,0.060893,233.5
6f1d6f0061356cc30119e62ffc8bc543,Input Validity,Lidar,Lidar Rate,10,232.63
6f1d6f0061356cc30119e62ffc8bc543,Input Validity,Odometry,Odometry Rate,50,232.63
6f1d6f0061356cc30119e62ffc8bc543,Input Validity,TF,TF Rate,10,232.63
6f1d6f0061356cc30119e62ffc8bc543,Localization Stability,TF,Jump Angular,0,233.6
6f1d6f0061356cc30119e62ffc8bc543,Localization Stability,TF,Jump Linear,0,233.6
6f1d6f0061356cc30119e62ffc8bc543,Input Validity,Lidar,Lidar Rate,10,232.73
6f1d6f0061356cc30119e62ffc8bc543,Input Validity,Odometry,Odometry Rate,50,232.73
6f1d6f0061356cc30119e62ffc8bc543,Input Validity,TF,TF Rate,10,232.73
6f1d6f0061356cc30119e62ffc8bc543,Localization Stability,TF,Jump Angular,0,233.7
6f1d6f0061356cc30119e62ffc8bc543,Localization Stability,TF,Jump Linear,0,233.7
6f1d6f0061356cc30119e62ffc8bc543,Input Validity,Lidar,Lidar Rate,10,232.83
6f1d6f0061356cc30119e62ffc8bc543,Input Validity,Odometry,Odometry Rate,50,232.83
6f1d6f0061356cc30119e62ffc8bc543,Input Validity,TF,TF Rate,10,232.83
6f1d6f0061356cc30119e62ffc8bc543,Localization Quality,AMCLPose,CovYawYaw,0.0646586,232.8
6f1d6f0061356cc30119e62ffc8bc543,Localization Quality,AMCLPose,CovYY,0.271168,232.8
6f1d6f0061356cc30119e62ffc8bc543,Localization Quality,AMCLPose,CovXX,0.365923,232.8
6f1d6f0061356cc30119e62ffc8bc543,Localization Quality,AMCLPose,MeanYaw,2.10544,232.8
6f1d6f0061356cc30119e62ffc8bc543,Localization Quality,AMCLPose,MeanY,-0.853993,232.8
6f1d6f0061356cc30119e62ffc8bc543,Localization Quality,AMCLPose,MeanX,3.3074,232.8
6f1d6f0061356cc30119e62ffc8bc543,Localization Stability,TF,Jump Angular,-0.00347764,233.8
6f1d6f0061356cc30119e62ffc8bc543,Localization Stability,TF,Jump Linear,0.0461599,233.8
6f1d6f0061356cc30119e62ffc8bc543,Input Validity,Lidar,Lidar Rate,10,232.93
6f1d6f0061356cc30119e62ffc8bc543,Input Validity,Odometry,Odometry Rate,50,232.93
6f1d6f0061356cc30119e62ffc8bc543,Input Validity,TF,TF Rate,10,232.93
6f1d6f0061356cc30119e62ffc8bc543,Localization Stability,TF,Jump Angular,0,233.9
6f1d6f0061356cc30119e62ffc8bc543,Localization Stability,TF,Jump Linear,0,233.9
6f1d6f0061356cc30119e62ffc8bc543,Input Validity,Lidar,Lidar Rate,10,233.03
6f1d6f0061356cc30119e62ffc8bc543,Input Validity,Odometry,Odometry Rate,50,233.03
6f1d6f0061356cc30119e62ffc8bc543,Input Validity,TF,TF Rate,10,233.03
6f1d6f0061356cc30119e62ffc8bc543,Localization Stability,TF,Jump Angular,0,234
6f1d6f0061356cc30119e62ffc8bc543,Localization Stability,TF,Jump Linear,0,234
6f1d6f0061356cc30119e62ffc8bc543,Input Validity,Lidar,Lidar Rate,10,233.13
6f1d6f0061356cc30119e62ffc8bc543,Input Validity,Odometry,Odometry Rate,50,233.13
6f1d6f0061356cc30119e62ffc8bc543,Input Validity,TF,TF Rate,10,233.13
6f1d6f0061356cc30119e62ffc8bc543,Localization Quality,AMCLPose,CovYawYaw,0.0485584,233.1
6f1d6f0061356cc30119e62ffc8bc543,Localization Quality,AMCLPose,CovYY,0.205543,233.1
6f1d6f0061356cc30119e62ffc8bc543,Localization Quality,AMCLPose,CovXX,0.329976,233.1
6f1d6f0061356cc30119e62ffc8bc543,Localization Quality,AMCLPose,MeanYaw,2.09966,233.1
6f1d6f0061356cc30119e62ffc8bc543,Localization Quality,AMCLPose,MeanY,-0.720239,233.1
6f1d6f0061356cc30119e62ffc8bc543,Localization Quality,AMCLPose,MeanX,3.21218,233.1
6f1d6f0061356cc30119e62ffc8bc543,Localization Stability,TF,Jump Angular,-0.0045698,234.1
6f1d6f0061356cc30119e62ffc8bc543,Localization Stability,TF,Jump Linear,0.0395837,234.1
6f1d6f0061356cc30119e62ffc8bc543,Input Validity,Lidar,Lidar Rate,10,233.23
6f1d6f0061356cc30119e62ffc8bc543,Input Validity,Odometry,Odometry Rate,50,233.23
6f1d6f0061356cc30119e62ffc8bc543,Input Validity,TF,TF Rate,10,233.23
6f1d6f0061356cc30119e62ffc8bc543,Localization Stability,TF,Jump Angular,0,234.2
6f1d6f0061356cc30119e62ffc8bc543,Localization Stability,TF,Jump Linear,0,234.2
6f1d6f0061356cc30119e62ffc8bc543,Input Validity,Lidar,Lidar Rate,10,233.32
6f1d6f0061356cc30119e62ffc8bc543,Input Validity,Odometry,Odometry Rate,50,233.32
6f1d6f0061356cc30119e62ffc8bc543,Input Validity,TF,TF Rate,10,233.32
6f1d6f0061356cc30119e62ffc8bc543,Localization Stability,TF,Jump Angular,0,234.3
6f1d6f0061356cc30119e62ffc8bc543,Localization Stability,TF,Jump Linear,0,234.3
6f1d6f0061356cc30119e62ffc8bc543,Input Validity,Lidar,Lidar Rate,10,233.42
6f1d6f0061356cc30119e62ffc8bc543,Input Validity,Odometry,Odometry Rate,50,233.42
6f1d6f0061356cc30119e62ffc8bc543,Input Validity,TF,TF Rate,10,233.42
6f1d6f0061356cc30119e62ffc8bc543,Localization Quality,AMCLPose,CovYawYaw,0.0341214,233.4
6f1d6f0061356cc30119e62ffc8bc543,Localization Quality,AMCLPose,CovYY,0.140073,233.4
6f1d6f0061356cc30119e62ffc8bc543,Localization Quality,AMCLPose,CovXX,0.292526,233.4
6f1d6f0061356cc30119e62ffc8bc543,Localization Quality,AMCLPose,MeanYaw,2.12884,233.4
6f1d6f0061356cc30119e62ffc8bc543,Localization Quality,AMCLPose,MeanY,-0.586353,233.4
6f1d6f0061356cc30119e62ffc8bc543,Localization Quality,AMCLPose,MeanX,3.13033,233.4
6f1d6f0061356cc30119e62ffc8bc543,Localization Stability,TF,Jump Angular,0.00193271,234.4
6f1d6f0061356cc30119e62ffc8bc543,Localization Stability,TF,Jump Linear,0.0182605,234.4
6f1d6f0061356cc30119e62ffc8bc543,Input Validity,Lidar,Lidar Rate,10,233.52
6f1d6f0061356cc30119e62ffc8bc543,Input Validity,Odometry,Odometry Rate,50,233.52
6f1d6f0061356cc30119e62ffc8bc543,Input Validity,TF,TF Rate,10,233.52
6f1d6f0061356cc30119e62ffc8bc543,Input Validity,Lidar,Lidar Rate,10,233.6
6f1d6f0061356cc30119e62ffc8bc543,Input Validity,Odometry,Odometry Rate,50,233.6
6f1d6f0061356cc30119e62ffc8bc543,Input Validity,TF,TF Rate,10,233.6
6f1d6f0061356cc30119e62ffc8bc543,Localization Stability,TF,Jump Angular,0,234.5
6f1d6f0061356cc30119e62ffc8bc543,Localization Stability,TF,Jump Linear,0,234.5
6f1d6f0061356cc30119e62ffc8bc543,Localization Stability,TF,Jump Angular,0,234.6
6f1d6f0061356cc30119e62ffc8bc543,Localization Stability,TF,Jump Linear,0,234.6
6f1d6f0061356cc30119e62ffc8bc543,Input Validity,Lidar,Lidar Rate,10,233.7
6f1d6f0061356cc30119e62ffc8bc543,Input Validity,Odometry,Odometry Rate,50,233.7
6f1d6f0061356cc30119e62ffc8bc543,Input Validity,TF,TF Rate,10,233.7
6f1d6f0061356cc30119e62ffc8bc543,Input Validity,Lidar,Lidar Rate,10,233.8
6f1d6f0061356cc30119e62ffc8bc543,Input Validity,Odometry,Odometry Rate,50,233.8
6f1d6f0061356cc30119e62ffc8bc543,Input Validity,TF,TF Rate,10,233.8
6f1d6f0061356cc30119e62ffc8bc543,Localization Quality,AMCLPose,CovYawYaw,0.0261952,233.7
6f1d6f0061356cc30119e62ffc8bc543,Localization Quality,AMCLPose,CovYY,0.104889,233.7
6f1d6f0061356cc30119e62ffc8bc543,Localization Quality,AMCLPose,CovXX,0.265389,233.7
6f1d6f0061356cc30119e62ffc8bc543,Localization Quality,AMCLPose,MeanYaw,2.17776,233.7
6f1d6f0061356cc30119e62ffc8bc543,Localization Quality,AMCLPose,MeanY,-0.473023,233.7
6f1d6f0061356cc30119e62ffc8bc543,Localization Quality,AMCLPose,MeanX,3.01774,233.7
6f1d6f0061356cc30119e62ffc8bc543,Localization Stability,TF,Jump Angular,0.00495171,234.7
6f1d6f0061356cc30119e62ffc8bc543,Localization Stability,TF,Jump Linear,0.043958,234.7
6f1d6f0061356cc30119e62ffc8bc543,Input Validity,Lidar,Lidar Rate,10,233.87
6f1d6f0061356cc30119e62ffc8bc543,Input Validity,Odometry,Odometry Rate,50,233.87
6f1d6f0061356cc30119e62ffc8bc543,Input Validity,TF,TF Rate,10,233.87
6f1d6f0061356cc30119e62ffc8bc543,Localization Stability,TF,Jump Angular,0,234.8
6f1d6f0061356cc30119e62ffc8bc543,Localization Stability,TF,Jump Linear,0,234.8
6f1d6f0061356cc30119e62ffc8bc543,Input Validity,Lidar,Lidar Rate,10,233.94
6f1d6f0061356cc30119e62ffc8bc543,Input Validity,Odometry,Odometry Rate,50,233.94
6f1d6f0061356cc30119e62ffc8bc543,Input Validity,TF,TF Rate,10,233.94
6f1d6f0061356cc30119e62ffc8bc543,Input Validity,Lidar,Lidar Rate,10,234
6f1d6f0061356cc30119e62ffc8bc543,Input Validity,Odometry,Odometry Rate,50,234
6f1d6f0061356cc30119e62ffc8bc543,Input Validity,TF,TF Rate,10,234
6f1d6f0061356cc30119e62ffc8bc543,Localization Stability,TF,Jump Angular,0,234.9
6f1d6f0061356cc30119e62ffc8bc543,Localization Stability,TF,Jump Linear,0,234.9
6f1d6f0061356cc30119e62ffc8bc543,Input Validity,Lidar,Lidar Rate,10,234.06
6f1d6f0061356cc30119e62ffc8bc543,Input Validity,Odometry,Odometry Rate,50,234.06
6f1d6f0061356cc30119e62ffc8bc543,Input Validity,TF,TF Rate,10,234.06
6f1d6f0061356cc30119e62ffc8bc543,Localization Quality,AMCLPose,CovYawYaw,0.0285838,234
6f1d6f0061356cc30119e62ffc8bc543,Localization Quality,AMCLPose,CovYY,0.113005,234
6f1d6f0061356cc30119e62ffc8bc543,Localization Quality,AMCLPose,CovXX,0.277649,234
6f1d6f0061356cc30119e62ffc8bc543,Localization Quality,AMCLPose,MeanYaw,2.22975,234
6f1d6f0061356cc30119e62ffc8bc543,Localization Quality,AMCLPose,MeanY,-0.37188,234
6f1d6f0061356cc30119e62ffc8bc543,Localization Quality,AMCLPose,MeanX,2.92312,234
6f1d6f0061356cc30119e62ffc8bc543,Localization Stability,TF,Jump Angular,0.00140765,235
6f1d6f0061356cc30119e62ffc8bc543,Localization Stability,TF,Jump Linear,0.0195739,235
6f1d6f0061356cc30119e62ffc8bc543,Input Validity,Lidar,Lidar Rate,10,234.15
6f1d6f0061356cc30119e62ffc8bc543,Input Validity,Odometry,Odometry Rate,50,234.15
6f1d6f0061356cc30119e62ffc8bc543,Input Validity,TF,TF Rate,10,234.15
6f1d6f0061356cc30119e62ffc8bc543,Localization Stability,TF,Jump Angular,0,235.1
6f1d6f0061356cc30119e62ffc8bc543,Localization Stability,TF,Jump Linear,0,235.1
6f1d6f0061356cc30119e62ffc8bc543,Input Validity,Lidar,Lidar Rate,10,234.22
6f1d6f0061356cc30119e62ffc8bc543,Input Validity,Odometry,Odometry Rate,50,234.22
6f1d6f0061356cc30119e62ffc8bc543,Input Validity,TF,TF Rate,10,234.22
6f1d6f0061356cc30119e62ffc8bc543,Input Validity,Lidar,Lidar Rate,10,234.3
6f1d6f0061356cc30119e62ffc8bc543,Input Validity,Odometry,Odometry Rate,50,234.3
6f1d6f0061356cc30119e62ffc8bc543,Input Validity,TF,TF Rate,10,234.3
6f1d6f0061356cc30119e62ffc8bc543,Localization Stability,TF,Jump Angular,0,235.2
6f1d6f0061356cc30119e62ffc8bc543,Localization Stability,TF,Jump Linear,0,235.2
6f1d6f0061356cc30119e62ffc8bc543,Localization Quality,AMCLPose,CovYawYaw,0.0297827,234.3
6f1d6f0061356cc30119e62ffc8bc543,Localization Quality,AMCLPose,CovYY,0.1124,234.3
6f1d6f0061356cc30119e62ffc8bc543,Localization Quality,AMCLPose,CovXX,0.293221,234.3
6f1d6f0061356cc30119e62ffc8bc543,Localization Quality,AMCLPose,MeanYaw,2.26851,234.3
6f1d6f0061356cc30119e62ffc8bc543,Localization Quality,AMCLPose,MeanY,-0.259806,234.3
6f1d6f0061356cc30119e62ffc8bc543,Localization Quality,AMCLPose,MeanX,2.85954,234.3
6f1d6f0061356cc30119e62ffc8bc543,Localization Stability,TF,Jump Angular,-0.00588604,235.3
6f1d6f0061356cc30119e62ffc8bc543,Localization Stability,TF,Jump Linear,0.0337427,235.3
6f1d6f0061356cc30119e62ffc8bc543,Input Validity,Lidar,Lidar Rate,10,234.39
6f1d6f0061356cc30119e62ffc8bc543,Input Validity,Odometry,Odometry Rate,50,234.39
6f1d6f0061356cc30119e62ffc8bc543,Input Validity,TF,TF Rate,10,234.39
6f1d6f0061356cc30119e62ffc8bc543,Localization Stability,TF,Jump Angular,0,235.4
6f1d6f0061356cc30119e62ffc8bc543,Localization Stability,TF,Jump Linear,0,235.4
6f1d6f0061356cc30119e62ffc8bc543,Input Validity,Lidar,Lidar Rate,10,234.49
6f1d6f0061356cc30119e62ffc8bc543,Input Validity,Odometry,Odometry Rate,50,234.49
6f1d6f0061356cc30119e62ffc8bc543,Input Validity,TF,TF Rate,10,234.49
6f1d6f0061356cc30119e62ffc8bc543,Input Validity,Lidar,Lidar Rate,10,234.59
6f1d6f0061356cc30119e62ffc8bc543,Input Validity,Odometry,Odometry Rate,50,234.59
6f1d6f0061356cc30119e62ffc8bc543,Input Validity,TF,TF Rate,10,234.59
6f1d6f0061356cc30119e62ffc8bc543,Localization Stability,TF,Jump Angular,0,235.5
6f1d6f0061356cc30119e62ffc8bc543,Localization Stability,TF,Jump Linear,0,235.5
6f1d6f0061356cc30119e62ffc8bc543,Input Validity,Lidar,Lidar Rate,10,234.69
6f1d6f0061356cc30119e62ffc8bc543,Input Validity,Odometry,Odometry Rate,50,234.69
6f1d6f0061356cc30119e62ffc8bc543,Input Validity,TF,TF Rate,10,234.69
6f1d6f0061356cc30119e62ffc8bc543,Localization Quality,AMCLPose,CovYawYaw,0.0318306,234.6
6f1d6f0061356cc30119e62ffc8bc543,Localization Quality,AMCLPose,CovYY,0.111268,234.6
6f1d6f0061356cc30119e62ffc8bc543,Localization Quality,AMCLPose,CovXX,0.306991,234.6
6f1d6f0061356cc30119e62ffc8bc543,Localization Quality,AMCLPose,MeanYaw,2.2948,234.6
6f1d6f0061356cc30119e62ffc8bc543,Localization Quality,AMCLPose,MeanY,-0.1547,234.6
6f1d6f0061356cc30119e62ffc8bc543,Localization Quality,AMCLPose,MeanX,2.78275,234.6
6f1d6f0061356cc30119e62ffc8bc543,Localization Stability,TF,Jump Angular,0.00238758,235.6
6f1d6f0061356cc30119e62ffc8bc543,Localization Stability,TF,Jump Linear,0.0114091,235.6
6f1d6f0061356cc30119e62ffc8bc543,Input Validity,Lidar,Lidar Rate,10,234.79
6f1d6f0061356cc30119e62ffc8bc543,Input Validity,Odometry,Odometry Rate,50,234.79
6f1d6f0061356cc30119e62ffc8bc543,Input Validity,TF,TF Rate,10,234.79
6f1d6f0061356cc30119e62ffc8bc543,Localization Stability,TF,Jump Angular,0,235.7
6f1d6f0061356cc30119e62ffc8bc543,Localization Stability,TF,Jump Linear,0,235.7
6f1d6f0061356cc30119e62ffc8bc543,Input Validity,Lidar,Lidar Rate,10,234.89
6f1d6f0061356cc30119e62ffc8bc543,Input Validity,Odometry,Odometry Rate,50,234.89
6f1d6f0061356cc30119e62ffc8bc543,Input Validity,TF,TF Rate,10,234.89
6f1d6f0061356cc30119e62ffc8bc543,Localization Stability,TF,Jump Angular,0,235.8
6f1d6f0061356cc30119e62ffc8bc543,Localization Stability,TF,Jump Linear,0,235.8
6f1d6f0061356cc30119e62ffc8bc543,Localization Quality,AMCLPose,CovYawYaw,0.0353805,234.9
6f1d6f0061356cc30119e62ffc8bc543,Localization Quality,AMCLPose,CovYY,0.121215,234.9
6f1d6f0061356cc30119e62ffc8bc543,Localization Quality,AMCLPose,CovXX,0.320507,234.9
6f1d6f0061356cc30119e62ffc8bc543,Localization Quality,AMCLPose,MeanYaw,2.30876,234.9
6f1d6f0061356cc30119e62ffc8bc543,Localization Quality,AMCLPose,MeanY,-0.063239,234.9
6f1d6f0061356cc30119e62ffc8bc543,Localization Quality,AMCLPose,MeanX,2.68271,234.9
6f1d6f0061356cc30119e62ffc8bc543,Localization Stability,TF,Jump Angular,0.00307653,235.9
6f1d6f0061356cc30119e62ffc8bc543,Localization Stability,TF,Jump Linear,0.0202128,235.9
6f1d6f0061356cc30119e62ffc8bc543,Input Validity,Lidar,Lidar Rate,10,234.99
6f1d6f0061356cc30119e62ffc8bc543,Input Validity,Odometry,Odometry Rate,50,234.99
6f1d6f0061356cc30119e62ffc8bc543,Input Validity,TF,TF Rate,10,234.99
6f1d6f0061356cc30119e62ffc8bc543,Input Validity,Lidar,Lidar Rate,10,235.09
6f1d6f0061356cc30119e62ffc8bc543,Input Validity,Odometry,Odometry Rate,50,235.09
6f1d6f0061356cc30119e62ffc8bc543,Input Validity,TF,TF Rate,10,235.09
6f1d6f0061356cc30119e62ffc8bc543,Localization Stability,TF,Jump Angular,0,236
6f1d6f0061356cc30119e62ffc8bc543,Localization Stability,TF,Jump Linear,0,236
6f1d6f0061356cc30119e62ffc8bc543,Input Validity,Lidar,Lidar Rate,10,235.16
6f1d6f0061356cc30119e62ffc8bc543,Input Validity,Odometry,Odometry Rate,50,235.16
6f1d6f0061356cc30119e62ffc8bc543,Input Validity,TF,TF Rate,10,235.16
6f1d6f0061356cc30119e62ffc8bc543,Localization Stability,TF,Jump Angular,0,236.1
6f1d6f0061356cc30119e62ffc8bc543,Localization Stability,TF,Jump Linear,0,236.1
6f1d6f0061356cc30119e62ffc8bc543,Input Validity,Lidar,Lidar Rate,10,235.25
6f1d6f0061356cc30119e62ffc8bc543,Input Validity,Odometry,Odometry Rate,50,235.25
6f1d6f0061356cc30119e62ffc8bc543,Input Validity,TF,TF Rate,10,235.25
6f1d6f0061356cc30119e62ffc8bc543,Localization Quality,AMCLPose,CovYawYaw,0.0384135,235.2
6f1d6f0061356cc30119e62ffc8bc543,Localization Quality,AMCLPose,CovYY,0.139348,235.2
6f1d6f0061356cc30119e62ffc8bc543,Localization Quality,AMCLPose,CovXX,0.35302,235.2
6f1d6f0061356cc30119e62ffc8bc543,Localization Quality,AMCLPose,MeanYaw,2.3092,235.2
6f1d6f0061356cc30119e62ffc8bc543,Localization Quality,AMCLPose,MeanY,0.0337771,235.2
6f1d6f0061356cc30119e62ffc8bc543,Localization Quality,AMCLPose,MeanX,2.58511,235.2
6f1d6f0061356cc30119e62ffc8bc543,Localization Stability,TF,Jump Angular,-0.00167504,236.2
6f1d6f0061356cc30119e62ffc8bc543,Localization Stability,TF,Jump Linear,0.00680613,236.2
6f1d6f0061356cc30119e62ffc8bc543,Input Validity,Lidar,Lidar Rate,10,235.35
6f1d6f0061356cc30119e62ffc8bc543,Input Validity,Odometry,Odometry Rate,50,235.35
6f1d6f0061356cc30119e62ffc8bc543,Input Validity,TF,TF Rate,10,235.35
6f1d6f0061356cc30119e62ffc8bc543,Localization Stability,TF,Jump Angular,0,236.3
6f1d6f0061356cc30119e62ffc8bc543,Localization Stability,TF,Jump Linear,0,236.3
6f1d6f0061356cc30119e62ffc8bc543,Input Validity,Lidar,Lidar Rate,10,235.45
6f1d6f0061356cc30119e62ffc8bc543,Input Validity,Odometry,Odometry Rate,50,235.45
6f1d6f0061356cc30119e62ffc8bc543,Input Validity,TF,TF Rate,10,235.45
6f1d6f0061356cc30119e62ffc8bc543,Localization Stability,TF,Jump Angular,0,236.4
6f1d6f0061356cc30119e62ffc8bc543,Localization Stability,TF,Jump Linear,0,236.4
6f1d6f0061356cc30119e62ffc8bc543,Input Validity,Lidar,Lidar Rate,10,235.54
6f1d6f0061356cc30119e62ffc8bc543,Input Validity,Odometry,Odometry Rate,50,235.54
6f1d6f0061356cc30119e62ffc8bc543,Input Validity,TF,TF Rate,10,235.54
6f1d6f0061356cc30119e62ffc8bc543,Localization Quality,AMCLPose,CovYawYaw,0.0434153,235.5
6f1d6f0061356cc30119e62ffc8bc543,Localization Quality,AMCLPose,CovYY,0.168367,235.5
6f1d6f0061356cc30119e62ffc8bc543,Localization Quality,AMCLPose,CovXX,0.381566,235.5
6f1d6f0061356cc30119e62ffc8bc543,Localization Quality,AMCLPose,MeanYaw,2.32836,235.5
6f1d6f0061356cc30119e62ffc8bc543,Localization Quality,AMCLPose,MeanY,0.1228,235.5
6f1d6f0061356cc30119e62ffc8bc543,Localization Quality,AMCLPose,MeanX,2.49866,235.5
6f1d6f0061356cc30119e62ffc8bc543,Localization Stability,TF,Jump Angular,-0.000536043,236.5
6f1d6f0061356cc30119e62ffc8bc543,Localization Stability,TF,Jump Linear,0.0101505,236.5
6f1d6f0061356cc30119e62ffc8bc543,Input Validity,Lidar,Lidar Rate,10,235.64
6f1d6f0061356cc30119e62ffc8bc543,Input Validity,Odometry,Odometry Rate,50,235.64
6f1d6f0061356cc30119e62ffc8bc543,Input Validity,TF,TF Rate,10,235.64
6f1d6f0061356cc30119e62ffc8bc543,Localization Stability,TF,Jump Angular,0,236.6
6f1d6f0061356cc30119e62ffc8bc543,Localization Stability,TF,Jump Linear,0,236.6
6f1d6f0061356cc30119e62ffc8bc543,Input Validity,Lidar,Lidar Rate,10,235.74
6f1d6f0061356cc30119e62ffc8bc543,Input Validity,Odometry,Odometry Rate,50,235.74
6f1d6f0061356cc30119e62ffc8bc543,Input Validity,TF,TF Rate,10,235.74
6f1d6f0061356cc30119e62ffc8bc543,Localization Stability,TF,Jump Angular,0,236.7
6f1d6f0061356cc30119e62ffc8bc543,Localization Stability,TF,Jump Linear,0,236.7
6f1d6f0061356cc30119e62ffc8bc543,Input Validity,Lidar,Lidar Rate,10,235.84
6f1d6f0061356cc30119e62ffc8bc543,Input Validity,Odometry,Odometry Rate,50,235.84
6f1d6f0061356cc30119e62ffc8bc543,Input Validity,TF,TF Rate,10,235.84
6f1d6f0061356cc30119e62ffc8bc543,Localization Quality,AMCLPose,CovYawYaw,0.0459062,235.8
6f1d6f0061356cc30119e62ffc8bc543,Localization Quality,AMCLPose,CovYY,0.190014,235.8
6f1d6f0061356cc30119e62ffc8bc543,Localization Quality,AMCLPose,CovXX,0.403108,235.8
6f1d6f0061356cc30119e62ffc8bc543,Localization Quality,AMCLPose,MeanYaw,2.3506,235.8
6f1d6f0061356cc30119e62ffc8bc543,Localization Quality,AMCLPose,MeanY,0.21318,235.8
6f1d6f0061356cc30119e62ffc8bc543,Localization Quality,AMCLPose,MeanX,2.3918,235.8
6f1d6f0061356cc30119e62ffc8bc543,Localization Stability,TF,Jump Angular,-0.00096603,236.8
6f1d6f0061356cc30119e62ffc8bc543,Localization Stability,TF,Jump Linear,0.0137875,236.8
6f1d6f0061356cc30119e62ffc8bc543,Input Validity,Lidar,Lidar Rate,10,235.94
6f1d6f0061356cc30119e62ffc8bc543,Input Validity,Odometry,Odometry Rate,50,235.94
6f1d6f0061356cc30119e62ffc8bc543,Input Validity,TF,TF Rate,10,235.94
6f1d6f0061356cc30119e62ffc8bc543,Localization Stability,TF,Jump Angular,0,236.9
6f1d6f0061356cc30119e62ffc8bc543,Localization Stability,TF,Jump Linear,0,236.9
6f1d6f0061356cc30119e62ffc8bc543,Input Validity,Lidar,Lidar Rate,10,236.03
6f1d6f0061356cc30119e62ffc8bc543,Input Validity,Odometry,Odometry Rate,50,236.03
6f1d6f0061356cc30119e62ffc8bc543,Input Validity,TF,TF Rate,10,236.03
6f1d6f0061356cc30119e62ffc8bc543,Localization Stability,TF,Jump Angular,0,237
6f1d6f0061356cc30119e62ffc8bc543,Localization Stability,TF,Jump Linear,0,237
6f1d6f0061356cc30119e62ffc8bc543,Input Validity,Lidar,Lidar Rate,10,236.13
6f1d6f0061356cc30119e62ffc8bc543,Input Validity,Odometry,Odometry Rate,50,236.13
6f1d6f0061356cc30119e62ffc8bc543,Input Validity,TF,TF Rate,10,236.13
6f1d6f0061356cc30119e62ffc8bc543,Localization Quality,AMCLPose,CovYawYaw,0.0506268,236.1
6f1d6f0061356cc30119e62ffc8bc543,Localization Quality,AMCLPose,CovYY,0.225769,236.1
6f1d6f0061356cc30119e62ffc8bc543,Localization Quality,AMCLPose,CovXX,0.442858,236.1
6f1d6f0061356cc30119e62ffc8bc543,Localization Quality,AMCLPose,MeanYaw,2.36573,236.1
6f1d6f0061356cc30119e62ffc8bc543,Localization Quality,AMCLPose,MeanY,0.301336,236.1
6f1d6f0061356cc30119e62ffc8bc543,Localization Quality,AMCLPose,MeanX,2.29705,236.1
6f1d6f0061356cc30119e62ffc8bc543,Localization Stability,TF,Jump Angular,0.00190336,237.1
6f1d6f0061356cc30119e62ffc8bc543,Localization Stability,TF,Jump Linear,0.0116582,237.1
6f1d6f0061356cc30119e62ffc8bc543,Input Validity,Lidar,Lidar Rate,10,236.22
6f1d6f0061356cc30119e62ffc8bc543,Input Validity,Odometry,Odometry Rate,50,236.22
6f1d6f0061356cc30119e62ffc8bc543,Input Validity,TF,TF Rate,10,236.22
6f1d6f0061356cc30119e62ffc8bc543,Input Validity,Lidar,Lidar Rate,10,236.3
6f1d6f0061356cc30119e62ffc8bc543,Input Validity,Odometry,Odometry Rate,50,236.3
6f1d6f0061356cc30119e62ffc8bc543,Input Validity,TF,TF Rate,10,236.3
6f1d6f0061356cc30119e62ffc8bc543,Localization Stability,TF,Jump Angular,0,237.2
6f1d6f0061356cc30119e62ffc8bc543,Localization Stability,TF,Jump Linear,0,237.2
6f1d6f0061356cc30119e62ffc8bc543,Localization Stability,TF,Jump Angular,0,237.3
6f1d6f0061356cc30119e62ffc8bc543,Localization Stability,TF,Jump Linear,0,237.3
6f1d6f0061356cc30119e62ffc8bc543,Input Validity,Lidar,Lidar Rate,10,236.4
6f1d6f0061356cc30119e62ffc8bc543,Input Validity,Odometry,Odometry Rate,50,236.4
6f1d6f0061356cc30119e62ffc8bc543,Input Validity,TF,TF Rate,10,236.4
6f1d6f0061356cc30119e62ffc8bc543,Localization Quality,AMCLPose,CovYawYaw,0.0495555,236.4
6f1d6f0061356cc30119e62ffc8bc543,Localization Quality,AMCLPose,CovYY,0.221991,236.4
6f1d6f0061356cc30119e62ffc8bc543,Localization Quality,AMCLPose,CovXX,0.449361,236.4
6f1d6f0061356cc30119e62ffc8bc543,Localization Quality,AMCLPose,MeanYaw,2.38381,236.4
6f1d6f0061356cc30119e62ffc8bc543,Localization Quality,AMCLPose,MeanY,0.398986,236.4
6f1d6f0061356cc30119e62ffc8bc543,Localization Quality,AMCLPose,MeanX,2.21527,236.4
6f1d6f0061356cc30119e62ffc8bc543,Localization Stability,TF,Jump Angular,-0.00446229,237.4
6f1d6f0061356cc30119e62ffc8bc543,Localization Stability,TF,Jump Linear,0.0193269,237.4
6f1d6f0061356cc30119e62ffc8bc543,Input Validity,Lidar,Lidar Rate,10,236.5
6f1d6f0061356cc30119e62ffc8bc543,Input Validity,Odometry,Odometry Rate,50,236.5
6f1d6f0061356cc30119e62ffc8bc543,Input Validity,TF,TF Rate,10,236.5
6f1d6f0061356cc30119e62ffc8bc543,Localization Stability,TF,Jump Angular,0,237.5
6f1d6f0061356cc30119e62ffc8bc543,Localization Stability,TF,Jump Linear,0,237.5
6f1d6f0061356cc30119e62ffc8bc543,Input Validity,Lidar,Lidar Rate,10,236.6
6f1d6f0061356cc30119e62ffc8bc543,Input Validity,Odometry,Odometry Rate,50,236.6
6f1d6f0061356cc30119e62ffc8bc543,Input Validity,TF,TF Rate,10,236.6
6f1d6f0061356cc30119e62ffc8bc543,Input Validity,Lidar,Lidar Rate,10,236.7
6f1d6f0061356cc30119e62ffc8bc543,Input Validity,Odometry,Odometry Rate,50,236.7
6f1d6f0061356cc30119e62ffc8bc543,Input Validity,TF,TF Rate,10,236.7
6f1d6f0061356cc30119e62ffc8bc543,Localization Stability,TF,Jump Angular,0,237.6
6f1d6f0061356cc30119e62ffc8bc543,Localization Stability,TF,Jump Linear,0,237.6
6f1d6f0061356cc30119e62ffc8bc543,Input Validity,Lidar,Lidar Rate,10,236.79
6f1d6f0061356cc30119e62ffc8bc543,Input Validity,Odometry,Odometry Rate,50,236.79
6f1d6f0061356cc30119e62ffc8bc543,Input Validity,TF,TF Rate,10,236.79
6f1d6f0061356cc30119e62ffc8bc543,Localization Stability,TF,Jump Angular,0,237.7
6f1d6f0061356cc30119e62ffc8bc543,Localization Stability,TF,Jump Linear,0,237.7
6f1d6f0061356cc30119e62ffc8bc543,Input Validity,Lidar,Lidar Rate,10,236.84
6f1d6f0061356cc30119e62ffc8bc543,Input Validity,Odometry,Odometry Rate,50,236.84
6f1d6f0061356cc30119e62ffc8bc543,Input Validity,TF,TF Rate,10,236.84
6f1d6f0061356cc30119e62ffc8bc543,Localization Quality,AMCLPose,CovYawYaw,0.0573413,236.8
6f1d6f0061356cc30119e62ffc8bc543,Localization Quality,AMCLPose,CovYY,0.249924,236.8
6f1d6f0061356cc30119e62ffc8bc543,Localization Quality,AMCLPose,CovXX,0.531843,236.8
6f1d6f0061356cc30119e62ffc8bc543,Localization Quality,AMCLPose,MeanYaw,2.43361,236.8
6f1d6f0061356cc30119e62ffc8bc543,Localization Quality,AMCLPose,MeanY,0.526734,236.8
6f1d6f0061356cc30119e62ffc8bc543,Localization Quality,AMCLPose,MeanX,2.10413,236.8
6f1d6f0061356cc30119e62ffc8bc543,Localization Stability,TF,Jump Angular,-0.00482739,237.8
6f1d6f0061356cc30119e62ffc8bc543,Localization Stability,TF,Jump Linear,0.0276838,237.8
6f1d6f0061356cc30119e62ffc8bc543,Input Validity,Lidar,Lidar Rate,10,236.94
6f1d6f0061356cc30119e62ffc8bc543,Input Validity,Odometry,Odometry Rate,50,236.94
6f1d6f0061356cc30119e62ffc8bc543,Input Validity,TF,TF Rate,10,236.94
6f1d6f0061356cc30119e62ffc8bc543,Localization Stability,TF,Jump Angular,0,237.9
6f1d6f0061356cc30119e62ffc8bc543,Localization Stability,TF,Jump Linear,0,237.9
6f1d6f0061356cc30119e62ffc8bc543,Input Validity,Lidar,Lidar Rate,10,237.03
6f1d6f0061356cc30119e62ffc8bc543,Input Validity,Odometry,Odometry Rate,50,237.03
6f1d6f0061356cc30119e62ffc8bc543,Input Validity,TF,TF Rate,10,237.03
6f1d6f0061356cc30119e62ffc8bc543,Localization Stability,TF,Jump Angular,0,238
6f1d6f0061356cc30119e62ffc8bc543,Localization Stability,TF,Jump Linear,0,238
6f1d6f0061356cc30119e62ffc8bc543,Input Validity,Lidar,Lidar Rate,10,237.11
6f1d6f0061356cc30119e62ffc8bc543,Input Validity,Odometry,Odometry Rate,50,237.11
6f1d6f0061356cc30119e62ffc8bc543,Input Validity,TF,TF Rate,10,237.11
6f1d6f0061356cc30119e62ffc8bc543,Localization Stability,TF,Jump Angular,0,238.1
6f1d6f0061356cc30119e62ffc8bc543,Localization Stability,TF,Jump Linear,0,238.1
6f1d6f0061356cc30119e62ffc8bc543,Input Validity,Lidar,Lidar Rate,10,237.21
6f1d6f0061356cc30119e62ffc8bc543,Input Validity,Odometry,Odometry Rate,50,237.21
6f1d6f0061356cc30119e62ffc8bc543,Input Validity,TF,TF Rate,10,237.21
6f1d6f0061356cc30119e62ffc8bc543,Input Validity,Lidar,Lidar Rate,10,237.3
6f1d6f0061356cc30119e62ffc8bc543,Input Validity,Odometry,Odometry Rate,50,237.3
6f1d6f0061356cc30119e62ffc8bc543,Input Validity,TF,TF Rate,10,237.3
6f1d6f0061356cc30119e62ffc8bc543,Localization Quality,AMCLPose,CovYawYaw,0.0612545,237.2
6f1d6f0061356cc30119e62ffc8bc543,Localization Quality,AMCLPose,CovYY,0.289583,237.2
6f1d6f0061356cc30119e62ffc8bc543,Localization Quality,AMCLPose,CovXX,0.581012,237.2
6f1d6f0061356cc30119e62ffc8bc543,Localization Quality,AMCLPose,MeanYaw,2.46748,237.2
6f1d6f0061356cc30119e62ffc8bc543,Localization Quality,AMCLPose,MeanY,0.636546,237.2
6f1d6f0061356cc30119e62ffc8bc543,Localization Quality,AMCLPose,MeanX,1.97682,237.2
6f1d6f0061356cc30119e62ffc8bc543,Localization Stability,TF,Jump Angular,0.00643502,238.2
6f1d6f0061356cc30119e62ffc8bc543,Localization Stability,TF,Jump Linear,0.0233599,238.2
6f1d6f0061356cc30119e62ffc8bc543,Input Validity,Lidar,Lidar Rate,10,237.37
6f1d6f0061356cc30119e62ffc8bc543,Input Validity,Odometry,Odometry Rate,50,237.37
6f1d6f0061356cc30119e62ffc8bc543,Input Validity,TF,TF Rate,10,237.37
6f1d6f0061356cc30119e62ffc8bc543,Localization Stability,TF,Jump Angular,0,238.3
6f1d6f0061356cc30119e62ffc8bc543,Localization Stability,TF,Jump Linear,0,238.3
6f1d6f0061356cc30119e62ffc8bc543,Input Validity,Lidar,Lidar Rate,10,237.41
6f1d6f0061356cc30119e62ffc8bc543,Input Validity,Odometry,Odometry Rate,50,237.41
6f1d6f0061356cc30119e62ffc8bc543,Input Validity,TF,TF Rate,10,237.41
6f1d6f0061356cc30119e62ffc8bc543,Localization Stability,TF,Jump Angular,0,238.4
6f1d6f0061356cc30119e62ffc8bc543,Localization Stability,TF,Jump Linear,0,238.4
6f1d6f0061356cc30119e62ffc8bc543,Input Validity,Lidar,Lidar Rate,10,237.51
6f1d6f0061356cc30119e62ffc8bc543,Input Validity,Odometry,Odometry Rate,50,237.51
6f1d6f0061356cc30119e62ffc8bc543,Input Validity,TF,TF Rate,10,237.51
6f1d6f0061356cc30119e62ffc8bc543,Localization Stability,TF,Jump Angular,0,238.5
6f1d6f0061356cc30119e62ffc8bc543,Localization Stability,TF,Jump Linear,0,238.5
6f1d6f0061356cc30119e62ffc8bc543,Input Validity,Lidar,Lidar Rate,10,237.61
6f1d6f0061356cc30119e62ffc8bc543,Input Validity,Odometry,Odometry Rate,50,237.61
6f1d6f0061356cc30119e62ffc8bc543,Input Validity,TF,TF Rate,10,237.61
6f1d6f0061356cc30119e62ffc8bc543,Input Validity,Lidar,Lidar Rate,10,237.7
6f1d6f0061356cc30119e62ffc8bc543,Input Validity,Odometry,Odometry Rate,50,237.7
6f1d6f0061356cc30119e62ffc8bc543,Input Validity,TF,TF Rate,10,237.7
6f1d6f0061356cc30119e62ffc8bc543,Localization Quality,AMCLPose,CovYawYaw,0.0633902,237.6
6f1d6f0061356cc30119e62ffc8bc543,Localization Quality,AMCLPose,CovYY,0.297235,237.6
6f1d6f0061356cc30119e62ffc8bc543,Localization Quality,AMCLPose,CovXX,0.573647,237.6
6f1d6f0061356cc30119e62ffc8bc543,Localization Quality,AMCLPose,MeanYaw,2.50348,237.6
6f1d6f0061356cc30119e62ffc8bc543,Localization Quality,AMCLPose,MeanY,0.750486,237.6
6f1d6f0061356cc30119e62ffc8bc543,Localization Quality,AMCLPose,MeanX,1.84633,237.6
6f1d6f0061356cc30119e62ffc8bc543,Localization Stability,TF,Jump Angular,-0.00026207,238.6
6f1d6f0061356cc30119e62ffc8bc543,Localization Stability,TF,Jump Linear,0.0128133,238.6
6f1d6f0061356cc30119e62ffc8bc543,Input Validity,Lidar,Lidar Rate,10,237.78
6f1d6f0061356cc30119e62ffc8bc543,Input Validity,Odometry,Odometry Rate,50,237.78
6f1d6f0061356cc30119e62ffc8bc543,Input Validity,TF,TF Rate,10,237.78
6f1d6f0061356cc30119e62ffc8bc543,Localization Stability,TF,Jump Angular,0,238.7
6f1d6f0061356cc30119e62ffc8bc543,Localization Stability,TF,Jump Linear,0,238.7
6f1d6f0061356cc30119e62ffc8bc543,Input Validity,Lidar,Lidar Rate,10,237.85
6f1d6f0061356cc30119e62ffc8bc543,Input Validity,Odometry,Odometry Rate,50,237.85
6f1d6f0061356cc30119e62ffc8bc543,Input Validity,TF,TF Rate,10,237.85
6f1d6f0061356cc30119e62ffc8bc543,Localization Stability,TF,Jump Angular,0,238.8
6f1d6f0061356cc30119e62ffc8bc543,Localization Stability,TF,Jump Linear,0,238.8
6f1d6f0061356cc30119e62ffc8bc543,Input Validity,Lidar,Lidar Rate,10,237.95
6f1d6f0061356cc30119e62ffc8bc543,Input Validity,Odometry,Odometry Rate,50,237.95
6f1d6f0061356cc30119e62ffc8bc543,Input Validity,TF,TF Rate,10,237.95
6f1d6f0061356cc30119e62ffc8bc543,Localization Quality,AMCLPose,CovYawYaw,0.0624446,237.9
6f1d6f0061356cc30119e62ffc8bc543,Localization Quality,AMCLPose,CovYY,0.304569,237.9
6f1d6f0061356cc30119e62ffc8bc543,Localization Quality,AMCLPose,CovXX,0.558803,237.9
6f1d6f0061356cc30119e62ffc8bc543,Localization Quality,AMCLPose,MeanYaw,2.52718,237.9
6f1d6f0061356cc30119e62ffc8bc543,Localization Quality,AMCLPose,MeanY,0.834171,237.9
6f1d6f0061356cc30119e62ffc8bc543,Localization Quality,AMCLPose,MeanX,1.74699,237.9
6f1d6f0061356cc30119e62ffc8bc543,Localization Stability,TF,Jump Angular,-0.00133265,238.9
6f1d6f0061356cc30119e62ffc8bc543,Localization Stability,TF,Jump Linear,0.0113249,238.9
6f1d6f0061356cc30119e62ffc8bc543,Input Validity,Lidar,Lidar Rate,10,238.05
6f1d6f0061356cc30119e62ffc8bc543,Input Validity,Odometry,Odometry Rate,50,238.05
6f1d6f0061356cc30119e62ffc8bc543,Input Validity,TF,TF Rate,10,238.05
6f1d6f0061356cc30119e62ffc8bc543,Localization Stability,TF,Jump Angular,0,239
6f1d6f0061356cc30119e62ffc8bc543,Localization Stability,TF,Jump Linear,0,239
6f1d6f0061356cc30119e62ffc8bc543,Input Validity,Lidar,Lidar Rate,10,238.15
6f1d6f0061356cc30119e62ffc8bc543,Input Validity,Odometry,Odometry Rate,50,238.15
6f1d6f0061356cc30119e62ffc8bc543,Input Validity,TF,TF Rate,10,238.15
6f1d6f0061356cc30119e62ffc8bc543,Localization Stability,TF,Jump Angular,0,239.1
6f1d6f0061356cc30119e62ffc8bc543,Localization Stability,TF,Jump Linear,0,239.1
6f1d6f0061356cc30119e62ffc8bc543,Input Validity,Lidar,Lidar Rate,10,238.25
6f1d6f0061356cc30119e62ffc8bc543,Input Validity,Odometry,Odometry Rate,50,238.25
6f1d6f0061356cc30119e62ffc8bc543,Input Validity,TF,TF Rate,10,238.25
6f1d6f0061356cc30119e62ffc8bc543,Localization Quality,AMCLPose,CovYawYaw,0.0657008,238.2
6f1d6f0061356cc30119e62ffc8bc543,Localization Quality,AMCLPose,CovYY,0.334076,238.2
6f1d6f0061356cc30119e62ffc8bc543,Localization Quality,AMCLPose,CovXX,0.594469,238.2
6f1d6f0061356cc30119e62ffc8bc543,Localization Quality,AMCLPose,MeanYaw,2.54931,238.2
6f1d6f0061356cc30119e62ffc8bc543,Localization Quality,AMCLPose,MeanY,0.905404,238.2
6f1d6f0061356cc30119e62ffc8bc543,Localization Quality,AMCLPose,MeanX,1.65488,238.2
6f1d6f0061356cc30119e62ffc8bc543,Localization Stability,TF,Jump Angular,0.00184568,239.2
6f1d6f0061356cc30119e62ffc8bc543,Localization Stability,TF,Jump Linear,0.0222879,239.2
6f1d6f0061356cc30119e62ffc8bc543,Input Validity,Lidar,Lidar Rate,10,238.35
6f1d6f0061356cc30119e62ffc8bc543,Input Validity,Odometry,Odometry Rate,50,238.35
6f1d6f0061356cc30119e62ffc8bc543,Input Validity,TF,TF Rate,10,238.35
6f1d6f0061356cc30119e62ffc8bc543,Localization Stability,TF,Jump Angular,0,239.3
6f1d6f0061356cc30119e62ffc8bc543,Localization Stability,TF,Jump Linear,0,239.3
6f1d6f0061356cc30119e62ffc8bc543,Input Validity,Lidar,Lidar Rate,10,238.45
6f1d6f0061356cc30119e62ffc8bc543,Input Validity,Odometry,Odometry Rate,50,238.45
6f1d6f0061356cc30119e62ffc8bc543,Input Validity,TF,TF Rate,10,238.45
6f1d6f0061356cc30119e62ffc8bc543,Localization Stability,TF,Jump Angular,0,239.4
6f1d6f0061356cc30119e62ffc8bc543,Localization Stability,TF,Jump Linear,0,239.4
6f1d6f0061356cc30119e62ffc8bc543,Input Validity,Lidar,Lidar Rate,10,238.55
6f1d6f0061356cc30119e62ffc8bc543,Input Validity,Odometry,Odometry Rate,50,238.55
6f1d6f0061356cc30119e62ffc8bc543,Input Validity,TF,TF Rate,10,238.55
6f1d6f0061356cc30119e62ffc8bc543,Localization Quality,AMCLPose,CovYawYaw,0.0674267,238.5
6f1d6f0061356cc30119e62ffc8bc543,Localization Quality,AMCLPose,CovYY,0.357799,238.5
6f1d6f0061356cc30119e62ffc8bc543,Localization Quality,AMCLPose,CovXX,0.61887,238.5
6f1d6f0061356cc30119e62ffc8bc543,Localization Quality,AMCLPose,MeanYaw,2.55437,238.5
6f1d6f0061356cc30119e62ffc8bc543,Localization Quality,AMCLPose,MeanY,1.0061,238.5
6f1d6f0061356cc30119e62ffc8bc543,Localization Quality,AMCLPose,MeanX,1.55344,238.5
6f1d6f0061356cc30119e62ffc8bc543,Localization Stability,TF,Jump Angular,-0.0088379,239.5
6f1d6f0061356cc30119e62ffc8bc543,Localization Stability,TF,Jump Linear,0.0394856,239.5
6f1d6f0061356cc30119e62ffc8bc543,Input Validity,Lidar,Lidar Rate,10,238.63
6f1d6f0061356cc30119e62ffc8bc543,Input Validity,Odometry,Odometry Rate,50,238.63
6f1d6f0061356cc30119e62ffc8bc543,Input Validity,TF,TF Rate,10,238.63
6f1d6f0061356cc30119e62ffc8bc543,Localization Stability,TF,Jump Angular,0,239.6
6f1d6f0061356cc30119e62ffc8bc543,Localization Stability,TF,Jump Linear,0,239.6
6f1d6f0061356cc30119e62ffc8bc543,Input Validity,Lidar,Lidar Rate,10,238.73
6f1d6f0061356cc30119e62ffc8bc543,Input Validity,Odometry,Odometry Rate,50,238.73
6f1d6f0061356cc30119e62ffc8bc543,Input Validity,TF,TF Rate,10,238.73
6f1d6f0061356cc30119e62ffc8bc543,Localization Stability,TF,Jump Angular,0,239.7
6f1d6f0061356cc30119e62ffc8bc543,Localization Stability,TF,Jump Linear,0,239.7
6f1d6f0061356cc30119e62ffc8bc543,Input Validity,Lidar,Lidar Rate,10,238.83
6f1d6f0061356cc30119e62ffc8bc543,Input Validity,Odometry,Odometry Rate,50,238.83
6f1d6f0061356cc30119e62ffc8bc543,Input Validity,TF,TF Rate,10,238.83
6f1d6f0061356cc30119e62ffc8bc543,Localization Stability,TF,Jump Angular,0,239.8
6f1d6f0061356cc30119e62ffc8bc543,Localization Stability,TF,Jump Linear,0,239.8
6f1d6f0061356cc30119e62ffc8bc543,Input Validity,Lidar,Lidar Rate,10,238.93
6f1d6f0061356cc30119e62ffc8bc543,Input Validity,Odometry,Odometry Rate,50,238.93
6f1d6f0061356cc30119e62ffc8bc543,Input Validity,TF,TF Rate,10,238.93
6f1d6f0061356cc30119e62ffc8bc543,Localization Quality,AMCLPose,CovYawYaw,0.0663957,238.9
6f1d6f0061356cc30119e62ffc8bc543,Localization Quality,AMCLPose,CovYY,0.363363,238.9
6f1d6f0061356cc30119e62ffc8bc543,Localization Quality,AMCLPose,CovXX,0.61471,238.9
6f1d6f0061356cc30119e62ffc8bc543,Localization Quality,AMCLPose,MeanYaw,2.56978,238.9
6f1d6f0061356cc30119e62ffc8bc543,Localization Quality,AMCLPose,MeanY,1.11094,238.9
6f1d6f0061356cc30119e62ffc8bc543,Localization Quality,AMCLPose,MeanX,1.42005,238.9
6f1d6f0061356cc30119e62ffc8bc543,Localization Stability,TF,Jump Angular,-0.00816694,239.9
6f1d6f0061356cc30119e62ffc8bc543,Localization Stability,TF,Jump Linear,0.0274658,239.9
6f1d6f0061356cc30119e62ffc8bc543,Input Validity,Lidar,Lidar Rate,10,239.02
6f1d6f0061356cc30119e62ffc8bc543,Input Validity,Odometry,Odometry Rate,50,239.02
6f1d6f0061356cc30119e62ffc8bc543,Input Validity,TF,TF Rate,10,239.02
6f1d6f0061356cc30119e62ffc8bc543,Input Validity,Lidar,Lidar Rate,10,239.1
6f1d6f0061356cc30119e62ffc8bc543,Input Validity,Odometry,Odometry Rate,50,239.1
6f1d6f0061356cc30119e62ffc8bc543,Input Validity,TF,TF Rate,10,239.1
6f1d6f0061356cc30119e62ffc8bc543,Localization Stability,TF,Jump Angular,0,240
6f1d6f0061356cc30119e62ffc8bc543,Localization Stability,TF,Jump Linear,0,240
6f1d6f0061356cc30119e62ffc8bc543,Localization Stability,TF,Jump Angular,0,240.1
6f1d6f0061356cc30119e62ffc8bc543,Localization Stability,TF,Jump Linear,0,240.1
6f1d6f0061356cc30119e62ffc8bc543,Input Validity,Lidar,Lidar Rate,10,239.2
6f1d6f0061356cc30119e62ffc8bc543,Input Validity,Odometry,Odometry Rate,50,239.2
6f1d6f0061356cc30119e62ffc8bc543,Input Validity,TF,TF Rate,10,239.2
6f1d6f0061356cc30119e62ffc8bc543,Localization Stability,TF,Jump Angular,0,240.2
6f1d6f0061356cc30119e62ffc8bc543,Localization Stability,TF,Jump Linear,0,240.2
6f1d6f0061356cc30119e62ffc8bc543,Input Validity,Lidar,Lidar Rate,10,239.3
6f1d6f0061356cc30119e62ffc8bc543,Input Validity,Odometry,Odometry Rate,50,239.3
6f1d6f0061356cc30119e62ffc8bc543,Input Validity,TF,TF Rate,10,239.3
6f1d6f0061356cc30119e62ffc8bc543,Localization Quality,AMCLPose,CovYawYaw,0.0519657,239.3
6f1d6f0061356cc30119e62ffc8bc543,Localization Quality,AMCLPose,CovYY,0.31738,239.3
6f1d6f0061356cc30119e62ffc8bc543,Localization Quality,AMCLPose,CovXX,0.486934,239.3
6f1d6f0061356cc30119e62ffc8bc543,Localization Quality,AMCLPose,MeanYaw,2.59027,239.3
6f1d6f0061356cc30119e62ffc8bc543,Localization Quality,AMCLPose,MeanY,1.18843,239.3
6f1d6f0061356cc30119e62ffc8bc543,Localization Quality,AMCLPose,MeanX,1.25751,239.3
6f1d6f0061356cc30119e62ffc8bc543,Localization Stability,TF,Jump Angular,-0.00598987,240.3
6f1d6f0061356cc30119e62ffc8bc543,Localization Stability,TF,Jump Linear,0.0589204,240.3
6f1d6f0061356cc30119e62ffc8bc543,Input Validity,Lidar,Lidar Rate,10,239.4
6f1d6f0061356cc30119e62ffc8bc543,Input Validity,Odometry,Odometry Rate,50,239.4
6f1d6f0061356cc30119e62ffc8bc543,Input Validity,TF,TF Rate,10,239.4
6f1d6f0061356cc30119e62ffc8bc543,Input Validity,Lidar,Lidar Rate,10,239.5
6f1d6f0061356cc30119e62ffc8bc543,Input Validity,Odometry,Odometry Rate,50,239.5
6f1d6f0061356cc30119e62ffc8bc543,Input Validity,TF,TF Rate,10,239.5
6f1d6f0061356cc30119e62ffc8bc543,Localization Stability,TF,Jump Angular,0,240.4
6f1d6f0061356cc30119e62ffc8bc543,Localization Stability,TF,Jump Linear,0,240.4
6f1d6f0061356cc30119e62ffc8bc543,Localization Stability,TF,Jump Angular,0,240.5
6f1d6f0061356cc30119e62ffc8bc543,Localization Stability,TF,Jump Linear,0,240.5
6f1d6f0061356cc30119e62ffc8bc543,Input Validity,Lidar,Lidar Rate,10,239.6
6f1d6f0061356cc30119e62ffc8bc543,Input Validity,Odometry,Odometry Rate,50,239.6
6f1d6f0061356cc30119e62ffc8bc543,Input Validity,TF,TF Rate,10,239.6
6f1d6f0061356cc30119e62ffc8bc543,Input Validity,Lidar,Lidar Rate,10,239.69
6f1d6f0061356cc30119e62ffc8bc543,Input Validity,Odometry,Odometry Rate,50,239.69
6f1d6f0061356cc30119e62ffc8bc543,Input Validity,TF,TF Rate,10,239.69
6f1d6f0061356cc30119e62ffc8bc543,Localization Stability,TF,Jump Angular,0,240.6
6f1d6f0061356cc30119e62ffc8bc543,Localization Stability,TF,Jump Linear,0,240.6
6f1d6f0061356cc30119e62ffc8bc543,Localization Stability,TF,Jump Angular,0,240.7
6f1d6f0061356cc30119e62ffc8bc543,Localization Stability,TF,Jump Linear,0,240.7
6f1d6f0061356cc30119e62ffc8bc543,Input Validity,Lidar,Lidar Rate,10,239.79
6f1d6f0061356cc30119e62ffc8bc543,Input Validity,Odometry,Odometry Rate,50,239.79
6f1d6f0061356cc30119e62ffc8bc543,Input Validity,TF,TF Rate,10,239.79
6f1d6f0061356cc30119e62ffc8bc543,Input Validity,Lidar,Lidar Rate,10,239.89
6f1d6f0061356cc30119e62ffc8bc543,Input Validity,Odometry,Odometry Rate,50,239.89
6f1d6f0061356cc30119e62ffc8bc543,Input Validity,TF,TF Rate,10,239.89
6f1d6f0061356cc30119e62ffc8bc543,Localization Quality,AMCLPose,CovYawYaw,0.0410167,239.8
6f1d6f0061356cc30119e62ffc8bc543,Localization Quality,AMCLPose,CovYY,0.267454,239.8
6f1d6f0061356cc30119e62ffc8bc543,Localization Quality,AMCLPose,CovXX,0.38464,239.8
6f1d6f0061356cc30119e62ffc8bc543,Localization Quality,AMCLPose,MeanYaw,2.63869,239.8
6f1d6f0061356cc30119e62ffc8bc543,Localization Quality,AMCLPose,MeanY,1.27626,239.8
6f1d6f0061356cc30119e62ffc8bc543,Localization Quality,AMCLPose,MeanX,1.13362,239.8
6f1d6f0061356cc30119e62ffc8bc543,Localization Stability,TF,Jump Angular,-0.0034603,240.8
6f1d6f0061356cc30119e62ffc8bc543,Localization Stability,TF,Jump Linear,0.0295101,240.8
6f1d6f0061356cc30119e62ffc8bc543,Input Validity,Lidar,Lidar Rate,10,239.98
6f1d6f0061356cc30119e62ffc8bc543,Input Validity,Odometry,Odometry Rate,50,239.98
6f1d6f0061356cc30119e62ffc8bc543,Input Validity,TF,TF Rate,10,239.98
6f1d6f0061356cc30119e62ffc8bc543,Localization Stability,TF,Jump Angular,0,240.9
6f1d6f0061356cc30119e62ffc8bc543,Localization Stability,TF,Jump Linear,0,240.9
6f1d6f0061356cc30119e62ffc8bc543,Localization Stability,TF,Jump Angular,0,241
6f1d6f0061356cc30119e62ffc8bc543,Localization Stability,TF,Jump Linear,0,241
6f1d6f0061356cc30119e62ffc8bc543,Input Validity,Lidar,Lidar Rate,10,240.08
6f1d6f0061356cc30119e62ffc8bc543,Input Validity,Odometry,Odometry Rate,50,240.08
6f1d6f0061356cc30119e62ffc8bc543,Input Validity,TF,TF Rate,10,240.08
6f1d6f0061356cc30119e62ffc8bc543,Input Validity,Lidar,Lidar Rate,10,240.18
6f1d6f0061356cc30119e62ffc8bc543,Input Validity,Odometry,Odometry Rate,50,240.18
6f1d6f0061356cc30119e62ffc8bc543,Input Validity,TF,TF Rate,10,240.18
6f1d6f0061356cc30119e62ffc8bc543,Localization Stability,TF,Jump Angular,0,241.1
6f1d6f0061356cc30119e62ffc8bc543,Localization Stability,TF,Jump Linear,0,241.1
6f1d6f0061356cc30119e62ffc8bc543,Input Validity,Lidar,Lidar Rate,10,240.27
6f1d6f0061356cc30119e62ffc8bc543,Input Validity,Odometry,Odometry Rate,50,240.27
6f1d6f0061356cc30119e62ffc8bc543,Input Validity,TF,TF Rate,10,240.27
6f1d6f0061356cc30119e62ffc8bc543,Localization Quality,AMCLPose,CovYawYaw,0.0298634,240.2
6f1d6f0061356cc30119e62ffc8bc543,Localization Quality,AMCLPose,CovYY,0.232141,240.2
6f1d6f0061356cc30119e62ffc8bc543,Localization Quality,AMCLPose,CovXX,0.274434,240.2
6f1d6f0061356cc30119e62ffc8bc543,Localization Quality,AMCLPose,MeanYaw,2.70086,240.2
6f1d6f0061356cc30119e62ffc8bc543,Localization Quality,AMCLPose,MeanY,1.32675,240.2
6f1d6f0061356cc30119e62ffc8bc543,Localization Quality,AMCLPose,MeanX,1.04018,240.2
6f1d6f0061356cc30119e62ffc8bc543,Localization Stability,TF,Jump Angular,0.000688489,241.2
6f1d6f0061356cc30119e62ffc8bc543,Localization Stability,TF,Jump Linear,0.0245836,241.2
6f1d6f0061356cc30119e62ffc8bc543,Input Validity,Lidar,Lidar Rate,10,240.37
6f1d6f0061356cc30119e62ffc8bc543,Input Validity,Odometry,Odometry Rate,50,240.37
6f1d6f0061356cc30119e62ffc8bc543,Input Validity,TF,TF Rate,10,240.37
6f1d6f0061356cc30119e62ffc8bc543,Localization Stability,TF,Jump Angular,0,241.3
6f1d6f0061356cc30119e62ffc8bc543,Localization Stability,TF,Jump Linear,0,241.3
6f1d6f0061356cc30119e62ffc8bc543,Localization Stability,TF,Jump Angular,0,241.4
6f1d6f0061356cc30119e62ffc8bc543,Localization Stability,TF,Jump Linear,0,241.4
6f1d6f0061356cc30119e62ffc8bc543,Input Validity,Lidar,Lidar Rate,10,240.47
6f1d6f0061356cc30119e62ffc8bc543,Input Validity,Odometry,Odometry Rate,50,240.47
6f1d6f0061356cc30119e62ffc8bc543,Input Validity,TF,TF Rate,10,240.47
6f1d6f0061356cc30119e62ffc8bc543,Input Validity,Lidar,Lidar Rate,10,240.56
6f1d6f0061356cc30119e62ffc8bc543,Input Validity,Odometry,Odometry Rate,50,240.56
6f1d6f0061356cc30119e62ffc8bc543,Input Validity,TF,TF Rate,10,240.56
6f1d6f0061356cc30119e62ffc8bc543,Localization Stability,TF,Jump Angular,0,241.5
6f1d6f0061356cc30119e62ffc8bc543,Localization Stability,TF,Jump Linear,0,241.5
6f1d6f0061356cc30119e62ffc8bc543,Input Validity,Lidar,Lidar Rate,10,240.65
6f1d6f0061356cc30119e62ffc8bc543,Input Validity,Odometry,Odometry Rate,50,240.65
6f1d6f0061356cc30119e62ffc8bc543,Input Validity,TF,TF Rate,10,240.65
6f1d6f0061356cc30119e62ffc8bc543,Localization Stability,TF,Jump Angular,0,241.6
6f1d6f0061356cc30119e62ffc8bc543,Localization Stability,TF,Jump Linear,0,241.6
6f1d6f0061356cc30119e62ffc8bc543,Input Validity,Lidar,Lidar Rate,10,240.74
6f1d6f0061356cc30119e62ffc8bc543,Input Validity,Odometry,Odometry Rate,50,240.74
6f1d6f0061356cc30119e62ffc8bc543,Input Validity,TF,TF Rate,10,240.74
6f1d6f0061356cc30119e62ffc8bc543,Localization Quality,AMCLPose,CovYawYaw,0.0198289,240.7
6f1d6f0061356cc30119e62ffc8bc543,Localization Quality,AMCLPose,CovYY,0.167071,240.7
6f1d6f0061356cc30119e62ffc8bc543,Localization Quality,AMCLPose,CovXX,0.19482,240.7
6f1d6f0061356cc30119e62ffc8bc543,Localization Quality,AMCLPose,MeanYaw,2.75566,240.7
6f1d6f0061356cc30119e62ffc8bc543,Localization Quality,AMCLPose,MeanY,1.37205,240.7
6f1d6f0061356cc30119e62ffc8bc543,Localization Quality,AMCLPose,MeanX,0.960887,240.7
6f1d6f0061356cc30119e62ffc8bc543,Localization Stability,TF,Jump Angular,-0.00281895,241.7
6f1d6f0061356cc30119e62ffc8bc543,Localization Stability,TF,Jump Linear,0.029621,241.7
6f1d6f0061356cc30119e62ffc8bc543,Input Validity,Lidar,Lidar Rate,10,240.84
6f1d6f0061356cc30119e62ffc8bc543,Input Validity,Odometry,Odometry Rate,50,240.84
6f1d6f0061356cc30119e62ffc8bc543,Input Validity,TF,TF Rate,10,240.84
6f1d6f0061356cc30119e62ffc8bc543,Localization Stability,TF,Jump Angular,0,241.8
6f1d6f0061356cc30119e62ffc8bc543,Localization Stability,TF,Jump Linear,0,241.8
6f1d6f0061356cc30119e62ffc8bc543,Input Validity,Lidar,Lidar Rate,10,240.94
6f1d6f0061356cc30119e62ffc8bc543,Input Validity,Odometry,Odometry Rate,50,240.94
6f1d6f0061356cc30119e62ffc8bc543,Input Validity,TF,TF Rate,10,240.94
6f1d6f0061356cc30119e62ffc8bc543,Localization Stability,TF,Jump Angular,0,241.9
6f1d6f0061356cc30119e62ffc8bc543,Localization Stability,TF,Jump Linear,0,241.9
6f1d6f0061356cc30119e62ffc8bc543,Input Validity,Lidar,Lidar Rate,10,241.04
6f1d6f0061356cc30119e62ffc8bc543,Input Validity,Odometry,Odometry Rate,50,241.04
6f1d6f0061356cc30119e62ffc8bc543,Input Validity,TF,TF Rate,10,241.04
6f1d6f0061356cc30119e62ffc8bc543,Localization Stability,TF,Jump Angular,0,242
6f1d6f0061356cc30119e62ffc8bc543,Localization Stability,TF,Jump Linear,0,242
6f1d6f0061356cc30119e62ffc8bc543,Input Validity,Lidar,Lidar Rate,10,241.14
6f1d6f0061356cc30119e62ffc8bc543,Input Validity,Odometry,Odometry Rate,50,241.14
6f1d6f0061356cc30119e62ffc8bc543,Input Validity,TF,TF Rate,10,241.14
6f1d6f0061356cc30119e62ffc8bc543,Localization Quality,AMCLPose,CovYawYaw,0.0116078,241.1
6f1d6f0061356cc30119e62ffc8bc543,Localization Quality,AMCLPose,CovYY,0.0978317,241.1
6f1d6f0061356cc30119e62ffc8bc543,Localization Quality,AMCLPose,CovXX,0.111258,241.1
6f1d6f0061356cc30119e62ffc8bc543,Localization Quality,AMCLPose,MeanYaw,2.82041,241.1
6f1d6f0061356cc30119e62ffc8bc543,Localization Quality,AMCLPose,MeanY,1.41441,241.1
6f1d6f0061356cc30119e62ffc8bc543,Localization Quality,AMCLPose,MeanX,0.905823,241.1
6f1d6f0061356cc30119e62ffc8bc543,Localization Stability,TF,Jump Angular,0.000270247,242.1
6f1d6f0061356cc30119e62ffc8bc543,Localization Stability,TF,Jump Linear,0.0368533,242.1
6f1d6f0061356cc30119e62ffc8bc543,Input Validity,Lidar,Lidar Rate,10,241.24
6f1d6f0061356cc30119e62ffc8bc543,Input Validity,Odometry,Odometry Rate,50,241.24
6f1d6f0061356cc30119e62ffc8bc543,Input Validity,TF,TF Rate,10,241.24
6f1d6f0061356cc30119e62ffc8bc543,Localization Stability,TF,Jump Angular,0,242.2
6f1d6f0061356cc30119e62ffc8bc543,Localization Stability,TF,Jump Linear,0,242.2
6f1d6f0061356cc30119e62ffc8bc543,Input Validity,Lidar,Lidar Rate,10,241.34
6f1d6f0061356cc30119e62ffc8bc543,Input Validity,Odometry,Odometry Rate,50,241.34
6f1d6f0061356cc30119e62ffc8bc543,Input Validity,TF,TF Rate,10,241.34
6f1d6f0061356cc30119e62ffc8bc543,Localization Quality,AMCLPose,CovYawYaw,0.0058691,241.3
6f1d6f0061356cc30119e62ffc8bc543,Localization Quality,AMCLPose,CovYY,0.0404683,241.3
6f1d6f0061356cc30119e62ffc8bc543,Localization Quality,AMCLPose,CovXX,0.0495592,241.3
6f1d6f0061356cc30119e62ffc8bc543,Localization Quality,AMCLPose,MeanYaw,2.86384,241.3
6f1d6f0061356cc30119e62ffc8bc543,Localization Quality,AMCLPose,MeanY,1.45403,241.3
6f1d6f0061356cc30119e62ffc8bc543,Localization Quality,AMCLPose,MeanX,0.874545,241.3
6f1d6f0061356cc30119e62ffc8bc543,Localization Stability,TF,Jump Angular,-0.00863854,242.3
6f1d6f0061356cc30119e62ffc8bc543,Localization Stability,TF,Jump Linear,0.0508687,242.3
6f1d6f0061356cc30119e62ffc8bc543,Input Validity,Lidar,Lidar Rate,10,241.44
6f1d6f0061356cc30119e62ffc8bc543,Input Validity,Odometry,Odometry Rate,50,241.44
6f1d6f0061356cc30119e62ffc8bc543,Input Validity,TF,TF Rate,10,241.44
6f1d6f0061356cc30119e62ffc8bc543,Localization Stability,TF,Jump Angular,0,242.4
6f1d6f0061356cc30119e62ffc8bc543,Localization Stability,TF,Jump Linear,0,242.4
6f1d6f0061356cc30119e62ffc8bc543,Input Validity,Lidar,Lidar Rate,10,241.53
6f1d6f0061356cc30119e62ffc8bc543,Input Validity,Odometry,Odometry Rate,50,241.53
6f1d6f0061356cc30119e62ffc8bc543,Input Validity,TF,TF Rate,10,241.53
6f1d6f0061356cc30119e62ffc8bc543,Localization Quality,AMCLPose,CovYawYaw,0.00354464,241.5
6f1d6f0061356cc30119e62ffc8bc543,Localization Quality,AMCLPose,CovYY,0.0208679,241.5
6f1d6f0061356cc30119e62ffc8bc543,Localization Quality,AMCLPose,CovXX,0.0305251,241.5
6f1d6f0061356cc30119e62ffc8bc543,Localization Quality,AMCLPose,MeanYaw,2.92726,241.5
6f1d6f0061356cc30119e62ffc8bc543,Localization Quality,AMCLPose,MeanY,1.48151,241.5
6f1d6f0061356cc30119e62ffc8bc543,Localization Quality,AMCLPose,MeanX,0.851544,241.5
6f1d6f0061356cc30119e62ffc8bc543,Localization Stability,TF,Jump Angular,-0.00484291,242.5
6f1d6f0061356cc30119e62ffc8bc543,Localization Stability,TF,Jump Linear,0.0313515,242.5
6f1d6f0061356cc30119e62ffc8bc543,Input Validity,Lidar,Lidar Rate,10,241.63
6f1d6f0061356cc30119e62ffc8bc543,Input Validity,Odometry,Odometry Rate,50,241.63
6f1d6f0061356cc30119e62ffc8bc543,Input Validity,TF,TF Rate,10,241.63
6f1d6f0061356cc30119e62ffc8bc543,Localization Stability,TF,Jump Angular,0,242.6
6f1d6f0061356cc30119e62ffc8bc543,Localization Stability,TF,Jump Linear,0,242.6
6f1d6f0061356cc30119e62ffc8bc543,Input Validity,Lidar,Lidar Rate,10,241.73
6f1d6f0061356cc30119e62ffc8bc543,Input Validity,Odometry,Odometry Rate,50,241.73
6f1d6f0061356cc30119e62ffc8bc543,Input Validity,TF,TF Rate,10,241.73
6f1d6f0061356cc30119e62ffc8bc543,Localization Quality,AMCLPose,CovYawYaw,0.00189113,241.7
6f1d6f0061356cc30119e62ffc8bc543,Localization Quality,AMCLPose,CovYY,0.00894485,241.7
6f1d6f0061356cc30119e62ffc8bc543,Localization Quality,AMCLPose,CovXX,0.0172289,241.7
6f1d6f0061356cc30119e62ffc8bc543,Localization Quality,AMCLPose,MeanYaw,2.9994,241.7
6f1d6f0061356cc30119e62ffc8bc543,Localization Quality,AMCLPose,MeanY,1.49507,241.7
6f1d6f0061356cc30119e62ffc8bc543,Localization Quality,AMCLPose,MeanX,0.826308,241.7
6f1d6f0061356cc30119e62ffc8bc543,Localization Stability,TF,Jump Angular,-0.00232845,242.7
6f1d6f0061356cc30119e62ffc8bc543,Localization Stability,TF,Jump Linear,0.0187077,242.7
6f1d6f0061356cc30119e62ffc8bc543,Input Validity,Lidar,Lidar Rate,10,241.83
6f1d6f0061356cc30119e62ffc8bc543,Input Validity,Odometry,Odometry Rate,50,241.83
6f1d6f0061356cc30119e62ffc8bc543,Input Validity,TF,TF Rate,10,241.83
6f1d6f0061356cc30119e62ffc8bc543,Localization Quality,AMCLPose,CovYawYaw,0.00120913,241.8
6f1d6f0061356cc30119e62ffc8bc543,Localization Quality,AMCLPose,CovYY,0.00424211,241.8
6f1d6f0061356cc30119e62ffc8bc543,Localization Quality,AMCLPose,CovXX,0.00926372,241.8
6f1d6f0061356cc30119e62ffc8bc543,Localization Quality,AMCLPose,MeanYaw,3.05889,241.8
6f1d6f0061356cc30119e62ffc8bc543,Localization Quality,AMCLPose,MeanY,1.50209,241.8
6f1d6f0061356cc30119e62ffc8bc543,Localization Quality,AMCLPose,MeanX,0.80367,241.8
6f1d6f0061356cc30119e62ffc8bc543,Localization Stability,TF,Jump Angular,0.00161182,242.8
6f1d6f0061356cc30119e62ffc8bc543,Localization Stability,TF,Jump Linear,0.0201869,242.8
6f1d6f0061356cc30119e62ffc8bc543,Input Validity,Lidar,Lidar Rate,10,241.93
6f1d6f0061356cc30119e62ffc8bc543,Input Validity,Odometry,Odometry Rate,50,241.93
6f1d6f0061356cc30119e62ffc8bc543,Input Validity,TF,TF Rate,10,241.93
6f1d6f0061356cc30119e62ffc8bc543,Localization Quality,AMCLPose,CovYawYaw,0.00101739,241.9
6f1d6f0061356cc30119e62ffc8bc543,Localization Quality,AMCLPose,CovYY,0.00277382,241.9
6f1d6f0061356cc30119e62ffc8bc543,Localization Quality,AMCLPose,CovXX,0.00727994,241.9
6f1d6f0061356cc30119e62ffc8bc543,Localization Quality,AMCLPose,MeanYaw,3.13678,241.9
6f1d6f0061356cc30119e62ffc8bc543,Localization Quality,AMCLPose,MeanY,1.50496,241.9
6f1d6f0061356cc30119e62ffc8bc543,Localization Quality,AMCLPose,MeanX,0.794208,241.9
6f1d6f0061356cc30119e62ffc8bc543,Localization Stability,TF,Jump Angular,0.00259934,242.9
6f1d6f0061356cc30119e62ffc8bc543,Localization Stability,TF,Jump Linear,0.00634366,242.9
6f1d6f0061356cc30119e62ffc8bc543,Input Validity,Lidar,Lidar Rate,10,242.03
6f1d6f0061356cc30119e62ffc8bc543,Input Validity,Odometry,Odometry Rate,50,242.03
6f1d6f0061356cc30119e62ffc8bc543,Input Validity,TF,TF Rate,10,242.03
6f1d6f0061356cc30119e62ffc8bc543,Localization Quality,AMCLPose,CovYawYaw,0.000960032,242
6f1d6f0061356cc30119e62ffc8bc543,Localization Quality,AMCLPose,CovYY,0.00224,242
6f1d6f0061356cc30119e62ffc8bc543,Localization Quality,AMCLPose,CovXX,0.00578044,242
6f1d6f0061356cc30119e62ffc8bc543,Localization Quality,AMCLPose,MeanYaw,-3.05399,242
6f1d6f0061356cc30119e62ffc8bc543,Localization Quality,AMCLPose,MeanY,1.5064,242
6f1d6f0061356cc30119e62ffc8bc543,Localization Quality,AMCLPose,MeanX,0.78766,242
6f1d6f0061356cc30119e62ffc8bc543,Localization Stability,TF,Jump Angular,0.000178181,243
6f1d6f0061356cc30119e62ffc8bc543,Localization Stability,TF,Jump Linear,0.00645847,243
6f1d6f0061356cc30119e62ffc8bc543,Input Validity,Lidar,Lidar Rate,10,242.13
6f1d6f0061356cc30119e62ffc8bc543,Input Validity,Odometry,Odometry Rate,50,242.13
6f1d6f0061356cc30119e62ffc8bc543,Input Validity,TF,TF Rate,10,242.13
6f1d6f0061356cc30119e62ffc8bc543,Localization Quality,AMCLPose,CovYawYaw,0.00109505,242.1
6f1d6f0061356cc30119e62ffc8bc543,Localization Quality,AMCLPose,CovYY,0.00136999,242.1
6f1d6f0061356cc30119e62ffc8bc543,Localization Quality,AMCLPose,CovXX,0.00499936,242.1
6f1d6f0061356cc30119e62ffc8bc543,Localization Quality,AMCLPose,MeanYaw,-2.9447,242.1
6f1d6f0061356cc30119e62ffc8bc543,Localization Quality,AMCLPose,MeanY,1.50621,242.1
6f1d6f0061356cc30119e62ffc8bc543,Localization Quality,AMCLPose,MeanX,0.784236,242.1
6f1d6f0061356cc30119e62ffc8bc543,Localization Stability,TF,Jump Angular,0.000103711,243.1
6f1d6f0061356cc30119e62ffc8bc543,Localization Stability,TF,Jump Linear,0.00331189,243.1
6f1d6f0061356cc30119e62ffc8bc543,Input Validity,Lidar,Lidar Rate,10,242.23
6f1d6f0061356cc30119e62ffc8bc543,Input Validity,Odometry,Odometry Rate,50,242.23
6f1d6f0061356cc30119e62ffc8bc543,Input Validity,TF,TF Rate,10,242.23
6f1d6f0061356cc30119e62ffc8bc543,Localization Quality,AMCLPose,CovYawYaw,0.00133501,242.2
6f1d6f0061356cc30119e62ffc8bc543,Localization Quality,AMCLPose,CovYY,0.00117712,242.2
6f1d6f0061356cc30119e62ffc8bc543,Localization Quality,AMCLPose,CovXX,0.004971,242.2
6f1d6f0061356cc30119e62ffc8bc543,Localization Quality,AMCLPose,MeanYaw,-2.81766,242.2
6f1d6f0061356cc30119e62ffc8bc543,Localization Quality,AMCLPose,MeanY,1.50699,242.2
6f1d6f0061356cc30119e62ffc8bc543,Localization Quality,AMCLPose,MeanX,0.780759,242.2
6f1d6f0061356cc30119e62ffc8bc543,Localization Stability,TF,Jump Angular,0.000873007,243.2
6f1d6f0061356cc30119e62ffc8bc543,Localization Stability,TF,Jump Linear,0.00242596,243.2
6f1d6f0061356cc30119e62ffc8bc543,Input Validity,Lidar,Lidar Rate,10,242.33
6f1d6f0061356cc30119e62ffc8bc543,Input Validity,Odometry,Odometry Rate,50,242.33
6f1d6f0061356cc30119e62ffc8bc543,Input Validity,TF,TF Rate,10,242.33
6f1d6f0061356cc30119e62ffc8bc543,Localization Quality,AMCLPose,CovYawYaw,0.00141956,242.3
6f1d6f0061356cc30119e62ffc8bc543,Localization Quality,AMCLPose,CovYY,0.00123636,242.3
6f1d6f0061356cc30119e62ffc8bc543,Localization Quality,AMCLPose,CovXX,0.00485822,242.3
6f1d6f0061356cc30119e62ffc8bc543,Localization Quality,AMCLPose,MeanYaw,-2.67577,242.3
6f1d6f0061356cc30119e62ffc8bc543,Localization Quality,AMCLPose,MeanY,1.50734,242.3
6f1d6f0061356cc30119e62ffc8bc543,Localization Quality,AMCLPose,MeanX,0.781259,242.3
6f1d6f0061356cc30119e62ffc8bc543,Localization Stability,TF,Jump Angular,-0.00126832,243.3
6f1d6f0061356cc30119e62ffc8bc543,Localization Stability,TF,Jump Linear,0.00188994,243.3
6f1d6f0061356cc30119e62ffc8bc543,Input Validity,Lidar,Lidar Rate,10,242.43
6f1d6f0061356cc30119e62ffc8bc543,Input Validity,Odometry,Odometry Rate,50,242.43
6f1d6f0061356cc30119e62ffc8bc543,Input Validity,TF,TF Rate,10,242.43
6f1d6f0061356cc30119e62ffc8bc543,Localization Quality,AMCLPose,CovYawYaw,0.00257898,242.4
6f1d6f0061356cc30119e62ffc8bc543,Localization Quality,AMCLPose,CovYY,0.00144865,242.4
6f1d6f0061356cc30119e62ffc8bc543,Localization Quality,AMCLPose,CovXX,0.00587142,242.4
6f1d6f0061356cc30119e62ffc8bc543,Localization Quality,AMCLPose,MeanYaw,-2.51511,242.4
6f1d6f0061356cc30119e62ffc8bc543,Localization Quality,AMCLPose,MeanY,1.50752,242.4
6f1d6f0061356cc30119e62ffc8bc543,Localization Quality,AMCLPose,MeanX,0.781776,242.4
6f1d6f0061356cc30119e62ffc8bc543,Localization Stability,TF,Jump Angular,0.000525607,243.4
6f1d6f0061356cc30119e62ffc8bc543,Localization Stability,TF,Jump Linear,0.00119621,243.4
6f1d6f0061356cc30119e62ffc8bc543,Input Validity,Lidar,Lidar Rate,10,242.53
6f1d6f0061356cc30119e62ffc8bc543,Input Validity,Odometry,Odometry Rate,50,242.53
6f1d6f0061356cc30119e62ffc8bc543,Input Validity,TF,TF Rate,10,242.53
6f1d6f0061356cc30119e62ffc8bc543,Localization Quality,AMCLPose,CovYawYaw,0.00358678,242.5
6f1d6f0061356cc30119e62ffc8bc543,Localization Quality,AMCLPose,CovYY,0.00177234,242.5
6f1d6f0061356cc30119e62ffc8bc543,Localization Quality,AMCLPose,CovXX,0.00649304,242.5
6f1d6f0061356cc30119e62ffc8bc543,Localization Quality,AMCLPose,MeanYaw,-2.37668,242.5
6f1d6f0061356cc30119e62ffc8bc543,Localization Quality,AMCLPose,MeanY,1.50622,242.5
6f1d6f0061356cc30119e62ffc8bc543,Localization Quality,AMCLPose,MeanX,0.779183,242.5
6f1d6f0061356cc30119e62ffc8bc543,Localization Stability,TF,Jump Angular,-1.58486e-05,243.5
6f1d6f0061356cc30119e62ffc8bc543,Localization Stability,TF,Jump Linear,0.00127797,243.5
6f1d6f0061356cc30119e62ffc8bc543,Input Validity,Lidar,Lidar Rate,10,242.63
6f1d6f0061356cc30119e62ffc8bc543,Input Validity,Odometry,Odometry Rate,50,242.63
6f1d6f0061356cc30119e62ffc8bc543,Input Validity,TF,TF Rate,10,242.63
6f1d6f0061356cc30119e62ffc8bc543,Localization Quality,AMCLPose,CovYawYaw,0.00401563,242.6
6f1d6f0061356cc30119e62ffc8bc543,Localization Quality,AMCLPose,CovYY,0.00194816,242.6
6f1d6f0061356cc30119e62ffc8bc543,Localization Quality,AMCLPose,CovXX,0.00660529,242.6
6f1d6f0061356cc30119e62ffc8bc543,Localization Quality,AMCLPose,MeanYaw,-2.2738,242.6
6f1d6f0061356cc30119e62ffc8bc543,Localization Quality,AMCLPose,MeanY,1.5012,242.6
6f1d6f0061356cc30119e62ffc8bc543,Localization Quality,AMCLPose,MeanX,0.774574,242.6
6f1d6f0061356cc30119e62ffc8bc543,Localization Stability,TF,Jump Angular,0.000205726,243.6
6f1d6f0061356cc30119e62ffc8bc543,Localization Stability,TF,Jump Linear,0.00123928,243.6
6f1d6f0061356cc30119e62ffc8bc543,Input Validity,Lidar,Lidar Rate,10,242.73
6f1d6f0061356cc30119e62ffc8bc543,Input Validity,Odometry,Odometry Rate,50,242.73
6f1d6f0061356cc30119e62ffc8bc543,Input Validity,TF,TF Rate,10,242.73
6f1d6f0061356cc30119e62ffc8bc543,Localization Quality,AMCLPose,CovYawYaw,0.00452857,242.7
6f1d6f0061356cc30119e62ffc8bc543,Localization Quality,AMCLPose,CovYY,0.00227127,242.7
6f1d6f0061356cc30119e62ffc8bc543,Localization Quality,AMCLPose,CovXX,0.00724172,242.7
6f1d6f0061356cc30119e62ffc8bc543,Localization Quality,AMCLPose,MeanYaw,-2.17288,242.7
6f1d6f0061356cc30119e62ffc8bc543,Localization Quality,AMCLPose,MeanY,1.49508,242.7
6f1d6f0061356cc30119e62ffc8bc543,Localization Quality,AMCLPose,MeanX,0.772472,242.7
6f1d6f0061356cc30119e62ffc8bc543,Localization Stability,TF,Jump Angular,0.000614469,243.7
6f1d6f0061356cc30119e62ffc8bc543,Localization Stability,TF,Jump Linear,0.00350563,243.7
6f1d6f0061356cc30119e62ffc8bc543,Input Validity,Lidar,Lidar Rate,10,242.82
6f1d6f0061356cc30119e62ffc8bc543,Input Validity,Odometry,Odometry Rate,50,242.82
6f1d6f0061356cc30119e62ffc8bc543,Input Validity,TF,TF Rate,10,242.82
6f1d6f0061356cc30119e62ffc8bc543,Localization Quality,AMCLPose,CovYawYaw,0.00310592,242.8
6f1d6f0061356cc30119e62ffc8bc543,Localization Quality,AMCLPose,CovYY,0.00215188,242.8
6f1d6f0061356cc30119e62ffc8bc543,Localization Quality,AMCLPose,CovXX,0.00663335,242.8
6f1d6f0061356cc30119e62ffc8bc543,Localization Quality,AMCLPose,MeanYaw,-2.07015,242.8
6f1d6f0061356cc30119e62ffc8bc543,Localization Quality,AMCLPose,MeanY,1.48819,242.8
6f1d6f0061356cc30119e62ffc8bc543,Localization Quality,AMCLPose,MeanX,0.766173,242.8
6f1d6f0061356cc30119e62ffc8bc543,Localization Stability,TF,Jump Angular,0.00102681,243.8
6f1d6f0061356cc30119e62ffc8bc543,Localization Stability,TF,Jump Linear,0.00137948,243.8
6f1d6f0061356cc30119e62ffc8bc543,Input Validity,Lidar,Lidar Rate,10,242.92
6f1d6f0061356cc30119e62ffc8bc543,Input Validity,Odometry,Odometry Rate,50,242.92
6f1d6f0061356cc30119e62ffc8bc543,Input Validity,TF,TF Rate,10,242.92
6f1d6f0061356cc30119e62ffc8bc543,Localization Quality,AMCLPose,CovYawYaw,0.00225164,242.9
6f1d6f0061356cc30119e62ffc8bc543,Localization Quality,AMCLPose,CovYY,0.00201266,242.9
6f1d6f0061356cc30119e62ffc8bc543,Localization Quality,AMCLPose,CovXX,0.0061997,242.9
6f1d6f0061356cc30119e62ffc8bc543,Localization Quality,AMCLPose,MeanYaw,-1.95133,242.9
6f1d6f0061356cc30119e62ffc8bc543,Localization Quality,AMCLPose,MeanY,1.48374,242.9
6f1d6f0061356cc30119e62ffc8bc543,Localization Quality,AMCLPose,MeanX,0.764654,242.9
6f1d6f0061356cc30119e62ffc8bc543,Localization Stability,TF,Jump Angular,0.000107113,243.9
6f1d6f0061356cc30119e62ffc8bc543,Localization Stability,TF,Jump Linear,0.000946198,243.9
6f1d6f0061356cc30119e62ffc8bc543,Input Validity,Lidar,Lidar Rate,10,243.02
6f1d6f0061356cc30119e62ffc8bc543,Input Validity,Odometry,Odometry Rate,50,243.02
6f1d6f0061356cc30119e62ffc8bc543,Input Validity,TF,TF Rate,10,243.02
6f1d6f0061356cc30119e62ffc8bc543,Localization Quality,AMCLPose,CovYawYaw,0.00197487,243
6f1d6f0061356cc30119e62ffc8bc543,Localization Quality,AMCLPose,CovYY,0.00253604,243
6f1d6f0061356cc30119e62ffc8bc543,Localization Quality,AMCLPose,CovXX,0.0049823,243
6f1d6f0061356cc30119e62ffc8bc543,Localization Quality,AMCLPose,MeanYaw,-1.81999,243
6f1d6f0061356cc30119e62ffc8bc543,Localization Quality,AMCLPose,MeanY,1.48374,243
6f1d6f0061356cc30119e62ffc8bc543,Localization Quality,AMCLPose,MeanX,0.759452,243
6f1d6f0061356cc30119e62ffc8bc543,Localization Stability,TF,Jump Angular,-0.00103859,244
6f1d6f0061356cc30119e62ffc8bc543,Localization Stability,TF,Jump Linear,0.00648021,244
6f1d6f0061356cc30119e62ffc8bc543,Input Validity,Lidar,Lidar Rate,10,243.12
6f1d6f0061356cc30119e62ffc8bc543,Input Validity,Odometry,Odometry Rate,50,243.12
6f1d6f0061356cc30119e62ffc8bc543,Input Validity,TF,TF Rate,10,243.12
6f1d6f0061356cc30119e62ffc8bc543,Localization Quality,AMCLPose,CovYawYaw,0.00169125,243.1
6f1d6f0061356cc30119e62ffc8bc543,Localization Quality,AMCLPose,CovYY,0.00271731,243.1
6f1d6f0061356cc30119e62ffc8bc543,Localization Quality,AMCLPose,CovXX,0.00403593,243.1
6f1d6f0061356cc30119e62ffc8bc543,Localization Quality,AMCLPose,MeanYaw,-1.72056,243.1
6f1d6f0061356cc30119e62ffc8bc543,Localization Quality,AMCLPose,MeanY,1.47776,243.1
6f1d6f0061356cc30119e62ffc8bc543,Localization Quality,AMCLPose,MeanX,0.753713,243.1
6f1d6f0061356cc30119e62ffc8bc543,Localization Stability,TF,Jump Angular,-0.00236671,244.1
6f1d6f0061356cc30119e62ffc8bc543,Localization Stability,TF,Jump Linear,0.00769015,244.1
6f1d6f0061356cc30119e62ffc8bc543,Input Validity,Lidar,Lidar Rate,10,243.21
6f1d6f0061356cc30119e62ffc8bc543,Input Validity,Odometry,Odometry Rate,50,243.21
6f1d6f0061356cc30119e62ffc8bc543,Input Validity,TF,TF Rate,10,243.21
6f1d6f0061356cc30119e62ffc8bc543,Localization Quality,AMCLPose,CovYawYaw,0.00144962,243.2
6f1d6f0061356cc30119e62ffc8bc543,Localization Quality,AMCLPose,CovYY,0.00253614,243.2
6f1d6f0061356cc30119e62ffc8bc543,Localization Quality,AMCLPose,CovXX,0.0035255,243.2
6f1d6f0061356cc30119e62ffc8bc543,Localization Quality,AMCLPose,MeanYaw,-1.63545,243.2
6f1d6f0061356cc30119e62ffc8bc543,Localization Quality,AMCLPose,MeanY,1.4703,243.2
6f1d6f0061356cc30119e62ffc8bc543,Localization Quality,AMCLPose,MeanX,0.749324,243.2
6f1d6f0061356cc30119e62ffc8bc543,Localization Stability,TF,Jump Angular,-0.0018222,244.2
6f1d6f0061356cc30119e62ffc8bc543,Localization Stability,TF,Jump Linear,0.00608359,244.2
6f1d6f0061356cc30119e62ffc8bc543,Input Validity,Lidar,Lidar Rate,10,243.31
6f1d6f0061356cc30119e62ffc8bc543,Input Validity,Odometry,Odometry Rate,50,243.31
6f1d6f0061356cc30119e62ffc8bc543,Input Validity,TF,TF Rate,10,243.31
6f1d6f0061356cc30119e62ffc8bc543,Localization Quality,AMCLPose,CovYawYaw,0.00122055,243.3
6f1d6f0061356cc30119e62ffc8bc543,Localization Quality,AMCLPose,CovYY,0.00258575,243.3
6f1d6f0061356cc30119e62ffc8bc543,Localization Quality,AMCLPose,CovXX,0.00305811,243.3
6f1d6f0061356cc30119e62ffc8bc543,Localization Quality,AMCLPose,MeanYaw,-1.54842,243.3
6f1d6f0061356cc30119e62ffc8bc543,Localization Quality,AMCLPose,MeanY,1.46339,243.3
6f1d6f0061356cc30119e62ffc8bc543,Localization Quality,AMCLPose,MeanX,0.745166,243.3
6f1d6f0061356cc30119e62ffc8bc543,Localization Stability,TF,Jump Angular,-5.34615e-05,244.3
6f1d6f0061356cc30119e62ffc8bc543,Localization Stability,TF,Jump Linear,0.00420739,244.3
6f1d6f0061356cc30119e62ffc8bc543,Input Validity,Lidar,Lidar Rate,10,243.41
6f1d6f0061356cc30119e62ffc8bc543,Input Validity,Odometry,Odometry Rate,50,243.41
6f1d6f0061356cc30119e62ffc8bc543,Input Validity,TF,TF Rate,10,243.41
6f1d6f0061356cc30119e62ffc8bc543,Input Validity,Lidar,Lidar Rate,10,243.51
6f1d6f0061356cc30119e62ffc8bc543,Input Validity,Odometry,Odometry Rate,50,243.51
6f1d6f0061356cc30119e62ffc8bc543,Input Validity,TF,TF Rate,10,243.51
6f1d6f0061356cc30119e62ffc8bc543,Localization Quality,AMCLPose,CovYawYaw,0.00114713,243.4
6f1d6f0061356cc30119e62ffc8bc543,Localization Quality,AMCLPose,CovYY,0.00251821,243.4
6f1d6f0061356cc30119e62ffc8bc543,Localization Quality,AMCLPose,CovXX,0.00289803,243.4
6f1d6f0061356cc30119e62ffc8bc543,Localization Quality,AMCLPose,MeanYaw,-1.46401,243.4
6f1d6f0061356cc30119e62ffc8bc543,Localization Quality,AMCLPose,MeanY,1.454,243.4
6f1d6f0061356cc30119e62ffc8bc543,Localization Quality,AMCLPose,MeanX,0.743678,243.4
6f1d6f0061356cc30119e62ffc8bc543,Localization Stability,TF,Jump Angular,-0.00223591,244.4
6f1d6f0061356cc30119e62ffc8bc543,Localization Stability,TF,Jump Linear,0.00463308,244.4
6f1d6f0061356cc30119e62ffc8bc543,Input Validity,Lidar,Lidar Rate,10,243.61
6f1d6f0061356cc30119e62ffc8bc543,Input Validity,Odometry,Odometry Rate,50,243.61
6f1d6f0061356cc30119e62ffc8bc543,Input Validity,TF,TF Rate,10,243.61
6f1d6f0061356cc30119e62ffc8bc543,Localization Quality,AMCLPose,CovYawYaw,0.00101807,243.5
6f1d6f0061356cc30119e62ffc8bc543,Localization Quality,AMCLPose,CovYY,0.0023429,243.5
6f1d6f0061356cc30119e62ffc8bc543,Localization Quality,AMCLPose,CovXX,0.00233336,243.5
6f1d6f0061356cc30119e62ffc8bc543,Localization Quality,AMCLPose,MeanYaw,-1.38058,243.5
6f1d6f0061356cc30119e62ffc8bc543,Localization Quality,AMCLPose,MeanY,1.44591,243.5
6f1d6f0061356cc30119e62ffc8bc543,Localization Quality,AMCLPose,MeanX,0.742281,243.5
6f1d6f0061356cc30119e62ffc8bc543,Localization Stability,TF,Jump Angular,-0.00232277,244.5
6f1d6f0061356cc30119e62ffc8bc543,Localization Stability,TF,Jump Linear,0.00561559,244.5
6f1d6f0061356cc30119e62ffc8bc543,Input Validity,Lidar,Lidar Rate,10,243.71
6f1d6f0061356cc30119e62ffc8bc543,Input Validity,Odometry,Odometry Rate,50,243.71
6f1d6f0061356cc30119e62ffc8bc543,Input Validity,TF,TF Rate,10,243.71
6f1d6f0061356cc30119e62ffc8bc543,Localization Quality,AMCLPose,CovYawYaw,0.000959328,243.6
6f1d6f0061356cc30119e62ffc8bc543,Localization Quality,AMCLPose,CovYY,0.00233533,243.6
6f1d6f0061356cc30119e62ffc8bc543,Localization Quality,AMCLPose,CovXX,0.00175343,243.6
6f1d6f0061356cc30119e62ffc8bc543,Localization Quality,AMCLPose,MeanYaw,-1.29754,243.6
6f1d6f0061356cc30119e62ffc8bc543,Localization Quality,AMCLPose,MeanY,1.43855,243.6
6f1d6f0061356cc30119e62ffc8bc543,Localization Quality,AMCLPose,MeanX,0.74185,243.6
6f1d6f0061356cc30119e62ffc8bc543,Localization Stability,TF,Jump Angular,-0.00071255,244.6
6f1d6f0061356cc30119e62ffc8bc543,Localization Stability,TF,Jump Linear,0.00326716,244.6
6f1d6f0061356cc30119e62ffc8bc543,Input Validity,Lidar,Lidar Rate,10,243.81
6f1d6f0061356cc30119e62ffc8bc543,Input Validity,Odometry,Odometry Rate,50,243.81
6f1d6f0061356cc30119e62ffc8bc543,Input Validity,TF,TF Rate,10,243.81
6f1d6f0061356cc30119e62ffc8bc543,Localization Quality,AMCLPose,CovYawYaw,0.000836936,243.7
6f1d6f0061356cc30119e62ffc8bc543,Localization Quality,AMCLPose,CovYY,0.00220068,243.7
6f1d6f0061356cc30119e62ffc8bc543,Localization Quality,AMCLPose,CovXX,0.00148699,243.7
6f1d6f0061356cc30119e62ffc8bc543,Localization Quality,AMCLPose,MeanYaw,-1.21591,243.7
6f1d6f0061356cc30119e62ffc8bc543,Localization Quality,AMCLPose,MeanY,1.43098,243.7
6f1d6f0061356cc30119e62ffc8bc543,Localization Quality,AMCLPose,MeanX,0.742732,243.7
6f1d6f0061356cc30119e62ffc8bc543,Localization Stability,TF,Jump Angular,0.000229296,244.7
6f1d6f0061356cc30119e62ffc8bc543,Localization Stability,TF,Jump Linear,0.00134479,244.7
6f1d6f0061356cc30119e62ffc8bc543,Localization Quality,AMCLPose,CovYawYaw,0.000946222,243.8
6f1d6f0061356cc30119e62ffc8bc543,Localization Quality,AMCLPose,CovYY,0.00194064,243.8
6f1d6f0061356cc30119e62ffc8bc543,Localization Quality,AMCLPose,CovXX,0.00141378,243.8
6f1d6f0061356cc30119e62ffc8bc543,Localization Quality,AMCLPose,MeanYaw,-1.1249,243.8
6f1d6f0061356cc30119e62ffc8bc543,Localization Quality,AMCLPose,MeanY,1.425,243.8
6f1d6f0061356cc30119e62ffc8bc543,Localization Quality,AMCLPose,MeanX,0.745581,243.8
6f1d6f0061356cc30119e62ffc8bc543,Localization Stability,TF,Jump Angular,0.00082178,244.8
6f1d6f0061356cc30119e62ffc8bc543,Localization Stability,TF,Jump Linear,0.0018898,244.8
6f1d6f0061356cc30119e62ffc8bc543,Input Validity,Lidar,Lidar Rate,10,243.91
6f1d6f0061356cc30119e62ffc8bc543,Input Validity,Odometry,Odometry Rate,50,243.91
6f1d6f0061356cc30119e62ffc8bc543,Input Validity,TF,TF Rate,10,243.91
6f1d6f0061356cc30119e62ffc8bc543,Input Validity,Lidar,Lidar Rate,10,244
6f1d6f0061356cc30119e62ffc8bc543,Input Validity,Odometry,Odometry Rate,50,244
6f1d6f0061356cc30119e62ffc8bc543,Input Validity,TF,TF Rate,10,244
6f1d6f0061356cc30119e62ffc8bc543,Localization Quality,AMCLPose,CovYawYaw,0.00115532,243.9
6f1d6f0061356cc30119e62ffc8bc543,Localization Quality,AMCLPose,CovYY,0.00198419,243.9
6f1d6f0061356cc30119e62ffc8bc543,Localization Quality,AMCLPose,CovXX,0.00139587,243.9
6f1d6f0061356cc30119e62ffc8bc543,Localization Quality,AMCLPose,MeanYaw,-1.01802,243.9
6f1d6f0061356cc30119e62ffc8bc543,Localization Quality,AMCLPose,MeanY,1.42486,243.9
6f1d6f0061356cc30119e62ffc8bc543,Localization Quality,AMCLPose,MeanX,0.746135,243.9
6f1d6f0061356cc30119e62ffc8bc543,Localization Stability,TF,Jump Angular,-0.00048029,244.9
6f1d6f0061356cc30119e62ffc8bc543,Localization Stability,TF,Jump Linear,0.000834323,244.9
6f1d6f0061356cc30119e62ffc8bc543,Input Validity,Lidar,Lidar Rate,10,244.09
6f1d6f0061356cc30119e62ffc8bc543,Input Validity,Odometry,Odometry Rate,50,244.09
6f1d6f0061356cc30119e62ffc8bc543,Input Validity,TF,TF Rate,10,244.09
6f1d6f0061356cc30119e62ffc8bc543,Localization Quality,AMCLPose,CovYawYaw,0.0019187,244
6f1d6f0061356cc30119e62ffc8bc543,Localization Quality,AMCLPose,CovYY,0.00269456,244
6f1d6f0061356cc30119e62ffc8bc543,Localization Quality,AMCLPose,CovXX,0.00161202,244
6f1d6f0061356cc30119e62ffc8bc543,Localization Quality,AMCLPose,MeanYaw,-0.892382,244
6f1d6f0061356cc30119e62ffc8bc543,Localization Quality,AMCLPose,MeanY,1.42571,244
6f1d6f0061356cc30119e62ffc8bc543,Localization Quality,AMCLPose,MeanX,0.74569,244
6f1d6f0061356cc30119e62ffc8bc543,Localization Stability,TF,Jump Angular,0.000816591,245
6f1d6f0061356cc30119e62ffc8bc543,Localization Stability,TF,Jump Linear,0.000470445,245
6f1d6f0061356cc30119e62ffc8bc543,Input Validity,Lidar,Lidar Rate,10,244.19
6f1d6f0061356cc30119e62ffc8bc543,Input Validity,Odometry,Odometry Rate,50,244.19
6f1d6f0061356cc30119e62ffc8bc543,Input Validity,TF,TF Rate,10,244.19
6f1d6f0061356cc30119e62ffc8bc543,Localization Quality,AMCLPose,CovYawYaw,0.00292666,244.1
6f1d6f0061356cc30119e62ffc8bc543,Localization Quality,AMCLPose,CovYY,0.00330737,244.1
6f1d6f0061356cc30119e62ffc8bc543,Localization Quality,AMCLPose,CovXX,0.00198078,244.1
6f1d6f0061356cc30119e62ffc8bc543,Localization Quality,AMCLPose,MeanYaw,-0.748987,244.1
6f1d6f0061356cc30119e62ffc8bc543,Localization Quality,AMCLPose,MeanY,1.42578,244.1
6f1d6f0061356cc30119e62ffc8bc543,Localization Quality,AMCLPose,MeanX,0.744495,244.1
6f1d6f0061356cc30119e62ffc8bc543,Localization Stability,TF,Jump Angular,0.000505626,245.1
6f1d6f0061356cc30119e62ffc8bc543,Localization Stability,TF,Jump Linear,0.000758752,245.1
6f1d6f0061356cc30119e62ffc8bc543,Input Validity,Lidar,Lidar Rate,10,244.29
6f1d6f0061356cc30119e62ffc8bc543,Input Validity,Odometry,Odometry Rate,50,244.29
6f1d6f0061356cc30119e62ffc8bc543,Input Validity,TF,TF Rate,10,244.29
6f1d6f0061356cc30119e62ffc8bc543,Localization Quality,AMCLPose,CovYawYaw,0.00397731,244.2
6f1d6f0061356cc30119e62ffc8bc543,Localization Quality,AMCLPose,CovYY,0.00380236,244.2
6f1d6f0061356cc30119e62ffc8bc543,Localization Quality,AMCLPose,CovXX,0.00255912,244.2
6f1d6f0061356cc30119e62ffc8bc543,Localization Quality,AMCLPose,MeanYaw,-0.600625,244.2
6f1d6f0061356cc30119e62ffc8bc543,Localization Quality,AMCLPose,MeanY,1.4234,244.2
6f1d6f0061356cc30119e62ffc8bc543,Localization Quality,AMCLPose,MeanX,0.747677,244.2
6f1d6f0061356cc30119e62ffc8bc543,Localization Stability,TF,Jump Angular,0.00101271,245.2
6f1d6f0061356cc30119e62ffc8bc543,Localization Stability,TF,Jump Linear,0.00441757,245.2
6f1d6f0061356cc30119e62ffc8bc543,Localization Responsiveness,TTC,TTC Outcome,1,244.33
6f1d6f0061356cc30119e62ffc8bc543,Localization Responsiveness,TTC,TTC,3.11,244.33
6f1d6f0061356cc30119e62ffc8bc543,Mission Outcome,Episode Event,Recoveries,0,244.33
6f1d6f0061356cc30119e62ffc8bc543,Mission Outcome,Episode Event,Collisions,0,244.33
6f1d6f0061356cc30119e62ffc8bc543,Mission Outcome,Episode Event,Navigation Time,17.94,244.33
6f1d6f0061356cc30119e62ffc8bc543,Mission Outcome,Episode Event,Goal Result,1,244.33
6f1d6f0061356cc30119e62ffc8bc543,Input Validity,AMCLPose,Pose Monotonicity,0,244.33
6f1d6f0061356cc30119e62ffc8bc543,Input Validity,Lidar,Lidar Frame Mistmatch,0,244.33
6f1d6f0061356cc30119e62ffc8bc543,Input Validity,Lidar,Lidar Monotonicity,0,244.33
6f1d6f0061356cc30119e62ffc8bc543,Input Validity,Odometry,Odometry Frame Mismatch,0,244.33
6f1d6f0061356cc30119e62ffc8bc543,Input Validity,Odometry,Odometry Monotonicity,0,244.33
6f1d6f0061356cc30119e62ffc8bc543,Input Validity,TF,TF Gap Count,0,244.33
6f1d6f0061356cc30119e62ffc8bc543,Input Validity,TF,TF Frame Drop,897,244.33
6f1d6f0061356cc30119e62ffc8bc543,Input Validity,TF,TF Monotonicity,0,244.33
6f1d6f0061356cc30119e62ffc8bc543,map,4.85657,-2.97399,140.371,0.825,1.375,-25.592,1,SUCCEEDED,2,17.94,226.39,244.33,0.0565378,0.146718,0.758569,0.0730847,0.0116878,0.108979,0.301,459.615,1984,5.87174,0.512459,0.0207333,1.62204,0,896,1
a2c73199b930a8ab3bc0d14ce413fd95,Localization Stability,TF,Jump Angular,0,251.9
a2c73199b930a8ab3bc0d14ce413fd95,Localization Stability,TF,Jump Linear,0,251.9
a2c73199b930a8ab3bc0d14ce413fd95,Input Validity,Lidar,Lidar Rate,10,251.01
a2c73199b930a8ab3bc0d14ce413fd95,Input Validity,Odometry,Odometry Rate,50,251.01
a2c73199b930a8ab3bc0d14ce413fd95,Input Validity,TF,TF Rate,10,251.01
a2c73199b930a8ab3bc0d14ce413fd95,Localization Stability,TF,Jump Angular,0,252
a2c73199b930a8ab3bc0d14ce413fd95,Localization Stability,TF,Jump Linear,0,252
a2c73199b930a8ab3bc0d14ce413fd95,Input Validity,Lidar,Lidar Rate,10,251.1
a2c73199b930a8ab3bc0d14ce413fd95,Input Validity,Odometry,Odometry Rate,50,251.1
a2c73199b930a8ab3bc0d14ce413fd95,Input Validity,TF,TF Rate,10,251.1
a2c73199b930a8ab3bc0d14ce413fd95,Localization Stability,TF,Jump Angular,-0.00486935,252.1
a2c73199b930a8ab3bc0d14ce413fd95,Localization Stability,TF,Jump Linear,0.0155106,252.1
a2c73199b930a8ab3bc0d14ce413fd95,Input Validity,Lidar,Lidar Rate,10,251.2
a2c73199b930a8ab3bc0d14ce413fd95,Input Validity,Odometry,Odometry Rate,50,251.2
a2c73199b930a8ab3bc0d14ce413fd95,Input Validity,TF,TF Rate,10,251.2
a2c73199b930a8ab3bc0d14ce413fd95,Localization Quality,AMCLPose,CovYawYaw,0.122061,251.2
a2c73199b930a8ab3bc0d14ce413fd95,Localization Quality,AMCLPose,CovYY,0.209532,251.2
a2c73199b930a8ab3bc0d14ce413fd95,Localization Quality,AMCLPose,CovXX,0.135631,251.2
a2c73199b930a8ab3bc0d14ce413fd95,Localization Quality,AMCLPose,MeanYaw,-0.617161,251.2
a2c73199b930a8ab3bc0d14ce413fd95,Localization Quality,AMCLPose,MeanY,1.39007,251.2
a2c73199b930a8ab3bc0d14ce413fd95,Localization Quality,AMCLPose,MeanX,0.526967,251.2
a2c73199b930a8ab3bc0d14ce413fd95,Localization Stability,TF,Jump Angular,-0.00158635,252.2
a2c73199b930a8ab3bc0d14ce413fd95,Localization Stability,TF,Jump Linear,0.0124952,252.2
a2c73199b930a8ab3bc0d14ce413fd95,Input Validity,Lidar,Lidar Rate,10,251.3
a2c73199b930a8ab3bc0d14ce413fd95,Input Validity,Odometry,Odometry Rate,50,251.3
a2c73199b930a8ab3bc0d14ce413fd95,Input Validity,TF,TF Rate,10,251.3
a2c73199b930a8ab3bc0d14ce413fd95,Localization Quality,AMCLPose,CovYawYaw,0.115211,251.3
a2c73199b930a8ab3bc0d14ce413fd95,Localization Quality,AMCLPose,CovYY,0.210701,251.3
a2c73199b930a8ab3bc0d14ce413fd95,Localization Quality,AMCLPose,CovXX,0.137223,251.3
a2c73199b930a8ab3bc0d14ce413fd95,Localization Quality,AMCLPose,MeanYaw,-0.692,251.3
a2c73199b930a8ab3bc0d14ce413fd95,Localization Quality,AMCLPose,MeanY,1.40982,251.3
a2c73199b930a8ab3bc0d14ce413fd95,Localization Quality,AMCLPose,MeanX,0.535223,251.3
a2c73199b930a8ab3bc0d14ce413fd95,Localization Stability,TF,Jump Angular,0.00545295,252.3
a2c73199b930a8ab3bc0d14ce413fd95,Localization Stability,TF,Jump Linear,0.0201162,252.3
a2c73199b930a8ab3bc0d14ce413fd95,Input Validity,Lidar,Lidar Rate,10,251.4
a2c73199b930a8ab3bc0d14ce413fd95,Input Validity,Odometry,Odometry Rate,50,251.4
a2c73199b930a8ab3bc0d14ce413fd95,Input Validity,TF,TF Rate,10,251.4
a2c73199b930a8ab3bc0d14ce413fd95,Localization Quality,AMCLPose,CovYawYaw,0.117901,251.4
a2c73199b930a8ab3bc0d14ce413fd95,Localization Quality,AMCLPose,CovYY,0.218817,251.4
a2c73199b930a8ab3bc0d14ce413fd95,Localization Quality,AMCLPose,CovXX,0.14941,251.4
a2c73199b930a8ab3bc0d14ce413fd95,Localization Quality,AMCLPose,MeanYaw,-0.790526,251.4
a2c73199b930a8ab3bc0d14ce413fd95,Localization Quality,AMCLPose,MeanY,1.40295,251.4
a2c73199b930a8ab3bc0d14ce413fd95,Localization Quality,AMCLPose,MeanX,0.5304,251.4
a2c73199b930a8ab3bc0d14ce413fd95,Localization Stability,TF,Jump Angular,-0.00125707,252.4
a2c73199b930a8ab3bc0d14ce413fd95,Localization Stability,TF,Jump Linear,0.00835182,252.4
a2c73199b930a8ab3bc0d14ce413fd95,Input Validity,Lidar,Lidar Rate,10,251.5
a2c73199b930a8ab3bc0d14ce413fd95,Input Validity,Odometry,Odometry Rate,50,251.5
a2c73199b930a8ab3bc0d14ce413fd95,Input Validity,TF,TF Rate,10,251.5
a2c73199b930a8ab3bc0d14ce413fd95,Localization Quality,AMCLPose,CovYawYaw,0.123975,251.5
a2c73199b930a8ab3bc0d14ce413fd95,Localization Quality,AMCLPose,CovYY,0.214986,251.5
a2c73199b930a8ab3bc0d14ce413fd95,Localization Quality,AMCLPose,CovXX,0.145578,251.5
a2c73199b930a8ab3bc0d14ce413fd95,Localization Quality,AMCLPose,MeanYaw,-0.896122,251.5
a2c73199b930a8ab3bc0d14ce413fd95,Localization Quality,AMCLPose,MeanY,1.41648,251.5
a2c73199b930a8ab3bc0d14ce413fd95,Localization Quality,AMCLPose,MeanX,0.52606,251.5
a2c73199b930a8ab3bc0d14ce413fd95,Localization Stability,TF,Jump Angular,0.00865602,252.5
a2c73199b930a8ab3bc0d14ce413fd95,Localization Stability,TF,Jump Linear,0.00706616,252.5
a2c73199b930a8ab3bc0d14ce413fd95,Input Validity,Lidar,Lidar Rate,10,251.6
a2c73199b930a8ab3bc0d14ce413fd95,Input Validity,Odometry,Odometry Rate,50,251.6
a2c73199b930a8ab3bc0d14ce413fd95,Input Validity,TF,TF Rate,10,251.6
a2c73199b930a8ab3bc0d14ce413fd95,Localization Quality,AMCLPose,CovYawYaw,0.0987465,251.6
a2c73199b930a8ab3bc0d14ce413fd95,Localization Quality,AMCLPose,CovYY,0.162813,251.6
a2c73199b930a8ab3bc0d14ce413fd95,Localization Quality,AMCLPose,CovXX,0.127575,251.6
a2c73199b930a8ab3bc0d14ce413fd95,Localization Quality,AMCLPose,MeanYaw,-0.987832,251.6
a2c73199b930a8ab3bc0d14ce413fd95,Localization Quality,AMCLPose,MeanY,1.39839,251.6
a2c73199b930a8ab3bc0d14ce413fd95,Localization Quality,AMCLPose,MeanX,0.548083,251.6
a2c73199b930a8ab3bc0d14ce413fd95,Localization Stability,TF,Jump Angular,0.0395226,252.6
a2c73199b930a8ab3bc0d14ce413fd95,Localization Stability,TF,Jump Linear,0.0868115,252.6
a2c73199b930a8ab3bc0d14ce413fd95,Input Validity,Lidar,Lidar Rate,10,251.7
a2c73199b930a8ab3bc0d14ce413fd95,Input Validity,Odometry,Odometry Rate,50,251.7
a2c73199b930a8ab3bc0d14ce413fd95,Input Validity,TF,TF Rate,10,251.7
a2c73199b930a8ab3bc0d14ce413fd95,Localization Quality,AMCLPose,CovYawYaw,0.0726427,251.7
a2c73199b930a8ab3bc0d14ce413fd95,Localization Quality,AMCLPose,CovYY,0.106639,251.7
a2c73199b930a8ab3bc0d14ce413fd95,Localization Quality,AMCLPose,CovXX,0.108038,251.7
a2c73199b930a8ab3bc0d14ce413fd95,Localization Quality,AMCLPose,MeanYaw,-1.1294,251.7
a2c73199b930a8ab3bc0d14ce413fd95,Localization Quality,AMCLPose,MeanY,1.38467,251.7
a2c73199b930a8ab3bc0d14ce413fd95,Localization Quality,AMCLPose,MeanX,0.573056,251.7
a2c73199b930a8ab3bc0d14ce413fd95,Localization Stability,TF,Jump Angular,0.006649,252.7
a2c73199b930a8ab3bc0d14ce413fd95,Localization Stability,TF,Jump Linear,0.0381727,252.7
a2c73199b930a8ab3bc0d14ce413fd95,Input Validity,Lidar,Lidar Rate,10,251.8
a2c73199b930a8ab3bc0d14ce413fd95,Input Validity,Odometry,Odometry Rate,50,251.8
a2c73199b930a8ab3bc0d14ce413fd95,Input Validity,TF,TF Rate,10,251.8
a2c73199b930a8ab3bc0d14ce413fd95,Input Validity,Lidar,Lidar Rate,10,251.9
a2c73199b930a8ab3bc0d14ce413fd95,Input Validity,Odometry,Odometry Rate,50,251.9
a2c73199b930a8ab3bc0d14ce413fd95,Input Validity,TF,TF Rate,10,251.9
a2c73199b930a8ab3bc0d14ce413fd95,Localization Quality,AMCLPose,CovYawYaw,0.0409994,251.8
a2c73199b930a8ab3bc0d14ce413fd95,Localization Quality,AMCLPose,CovYY,0.0705855,251.8
a2c73199b930a8ab3bc0d14ce413fd95,Localization Quality,AMCLPose,CovXX,0.0805022,251.8
a2c73199b930a8ab3bc0d14ce413fd95,Localization Quality,AMCLPose,MeanYaw,-1.30728,251.8
a2c73199b930a8ab3bc0d14ce413fd95,Localization Quality,AMCLPose,MeanY,1.3908,251.8
a2c73199b930a8ab3bc0d14ce413fd95,Localization Quality,AMCLPose,MeanX,0.609584,251.8
a2c73199b930a8ab3bc0d14ce413fd95,Localization Stability,TF,Jump Angular,-0.0126842,252.8
a2c73199b930a8ab3bc0d14ce413fd95,Localization Stability,TF,Jump Linear,0.0286418,252.8
a2c73199b930a8ab3bc0d14ce413fd95,Input Validity,Lidar,Lidar Rate,10,252
a2c73199b930a8ab3bc0d14ce413fd95,Input Validity,Odometry,Odometry Rate,50,252
a2c73199b930a8ab3bc0d14ce413fd95,Input Validity,TF,TF Rate,10,252
a2c73199b930a8ab3bc0d14ce413fd95,Localization Quality,AMCLPose,CovYawYaw,0.0191209,251.9
a2c73199b930a8ab3bc0d14ce413fd95,Localization Quality,AMCLPose,CovYY,0.039854,251.9
a2c73199b930a8ab3bc0d14ce413fd95,Localization Quality,AMCLPose,CovXX,0.0560319,251.9
a2c73199b930a8ab3bc0d14ce413fd95,Localization Quality,AMCLPose,MeanYaw,-1.5033,251.9
a2c73199b930a8ab3bc0d14ce413fd95,Localization Quality,AMCLPose,MeanY,1.39403,251.9
a2c73199b930a8ab3bc0d14ce413fd95,Localization Quality,AMCLPose,MeanX,0.644961,251.9
a2c73199b930a8ab3bc0d14ce413fd95,Localization Stability,TF,Jump Angular,-0.0138489,252.9
a2c73199b930a8ab3bc0d14ce413fd95,Localization Stability,TF,Jump Linear,0.025867,252.9
a2c73199b930a8ab3bc0d14ce413fd95,Input Validity,Lidar,Lidar Rate,10,252.1
a2c73199b930a8ab3bc0d14ce413fd95,Input Validity,Odometry,Odometry Rate,50,252.1
a2c73199b930a8ab3bc0d14ce413fd95,Input Validity,TF,TF Rate,10,252.1
a2c73199b930a8ab3bc0d14ce413fd95,Localization Quality,AMCLPose,CovYawYaw,0.0102368,252
a2c73199b930a8ab3bc0d14ce413fd95,Localization Quality,AMCLPose,CovYY,0.0261956,252
a2c73199b930a8ab3bc0d14ce413fd95,Localization Quality,AMCLPose,CovXX,0.0362296,252
a2c73199b930a8ab3bc0d14ce413fd95,Localization Quality,AMCLPose,MeanYaw,-1.69813,252
a2c73199b930a8ab3bc0d14ce413fd95,Localization Quality,AMCLPose,MeanY,1.40468,252
a2c73199b930a8ab3bc0d14ce413fd95,Localization Quality,AMCLPose,MeanX,0.682518,252
a2c73199b930a8ab3bc0d14ce413fd95,Localization Stability,TF,Jump Angular,-0.0011878,253
a2c73199b930a8ab3bc0d14ce413fd95,Localization Stability,TF,Jump Linear,0.0382842,253
a2c73199b930a8ab3bc0d14ce413fd95,Localization Quality,AMCLPose,CovYawYaw,0.00529025,252.1
a2c73199b930a8ab3bc0d14ce413fd95,Localization Quality,AMCLPose,CovYY,0.0164304,252.1
a2c73199b930a8ab3bc0d14ce413fd95,Localization Quality,AMCLPose,CovXX,0.023755,252.1
a2c73199b930a8ab3bc0d14ce413fd95,Localization Quality,AMCLPose,MeanYaw,-1.85641,252.1
a2c73199b930a8ab3bc0d14ce413fd95,Localization Quality,AMCLPose,MeanY,1.40319,252.1
a2c73199b930a8ab3bc0d14ce413fd95,Localization Quality,AMCLPose,MeanX,0.710661,252.1
a2c73199b930a8ab3bc0d14ce413fd95,Localization Stability,TF,Jump Angular,-0.00259989,253.1
a2c73199b930a8ab3bc0d14ce413fd95,Localization Stability,TF,Jump Linear,0.0274604,253.1
a2c73199b930a8ab3bc0d14ce413fd95,Input Validity,Lidar,Lidar Rate,10,252.2
a2c73199b930a8ab3bc0d14ce413fd95,Input Validity,Odometry,Odometry Rate,50,252.2
a2c73199b930a8ab3bc0d14ce413fd95,Input Validity,TF,TF Rate,10,252.2
a2c73199b930a8ab3bc0d14ce413fd95,Input Validity,Lidar,Lidar Rate,10,252.3
a2c73199b930a8ab3bc0d14ce413fd95,Input Validity,Odometry,Odometry Rate,50,252.3
a2c73199b930a8ab3bc0d14ce413fd95,Input Validity,TF,TF Rate,10,252.3
a2c73199b930a8ab3bc0d14ce413fd95,Localization Quality,AMCLPose,CovYawYaw,0.00301191,252.2
a2c73199b930a8ab3bc0d14ce413fd95,Localization Quality,AMCLPose,CovYY,0.0074233,252.2
a2c73199b930a8ab3bc0d14ce413fd95,Localization Quality,AMCLPose,CovXX,0.0203702,252.2
a2c73199b930a8ab3bc0d14ce413fd95,Localization Quality,AMCLPose,MeanYaw,-1.96087,252.2
a2c73199b930a8ab3bc0d14ce413fd95,Localization Quality,AMCLPose,MeanY,1.39142,252.2
a2c73199b930a8ab3bc0d14ce413fd95,Localization Quality,AMCLPose,MeanX,0.714834,252.2
a2c73199b930a8ab3bc0d14ce413fd95,Localization Stability,TF,Jump Angular,0.00120841,253.2
a2c73199b930a8ab3bc0d14ce413fd95,Localization Stability,TF,Jump Linear,0.00992671,253.2
a2c73199b930a8ab3bc0d14ce413fd95,Localization Quality,AMCLPose,CovYawYaw,0.00190739,252.3
a2c73199b930a8ab3bc0d14ce413fd95,Localization Quality,AMCLPose,CovYY,0.00444948,252.3
a2c73199b930a8ab3bc0d14ce413fd95,Localization Quality,AMCLPose,CovXX,0.0183176,252.3
a2c73199b930a8ab3bc0d14ce413fd95,Localization Quality,AMCLPose,MeanYaw,-2.01733,252.3
a2c73199b930a8ab3bc0d14ce413fd95,Localization Quality,AMCLPose,MeanY,1.37478,252.3
a2c73199b930a8ab3bc0d14ce413fd95,Localization Quality,AMCLPose,MeanX,0.716215,252.3
a2c73199b930a8ab3bc0d14ce413fd95,Localization Stability,TF,Jump Angular,-0.000374628,253.3
a2c73199b930a8ab3bc0d14ce413fd95,Localization Stability,TF,Jump Linear,0.0093747,253.3
a2c73199b930a8ab3bc0d14ce413fd95,Input Validity,Lidar,Lidar Rate,10,252.4
a2c73199b930a8ab3bc0d14ce413fd95,Input Validity,Odometry,Odometry Rate,50,252.4
a2c73199b930a8ab3bc0d14ce413fd95,Input Validity,TF,TF Rate,10,252.4
a2c73199b930a8ab3bc0d14ce413fd95,Localization Stability,TF,Jump Angular,0,253.4
a2c73199b930a8ab3bc0d14ce413fd95,Localization Stability,TF,Jump Linear,0,253.4
a2c73199b930a8ab3bc0d14ce413fd95,Input Validity,Lidar,Lidar Rate,10,252.5
a2c73199b930a8ab3bc0d14ce413fd95,Input Validity,Odometry,Odometry Rate,50,252.5
a2c73199b930a8ab3bc0d14ce413fd95,Input Validity,TF,TF Rate,10,252.5
a2c73199b930a8ab3bc0d14ce413fd95,Localization Quality,AMCLPose,CovYawYaw,0.00147801,252.5
a2c73199b930a8ab3bc0d14ce413fd95,Localization Quality,AMCLPose,CovYY,0.00320127,252.5
a2c73199b930a8ab3bc0d14ce413fd95,Localization Quality,AMCLPose,CovXX,0.0156814,252.5
a2c73199b930a8ab3bc0d14ce413fd95,Localization Quality,AMCLPose,MeanYaw,-2.08124,252.5
a2c73199b930a8ab3bc0d14ce413fd95,Localization Quality,AMCLPose,MeanY,1.32499,252.5
a2c73199b930a8ab3bc0d14ce413fd95,Localization Quality,AMCLPose,MeanX,0.70005,252.5
a2c73199b930a8ab3bc0d14ce413fd95,Localization Stability,TF,Jump Angular,0.00205692,253.5
a2c73199b930a8ab3bc0d14ce413fd95,Localization Stability,TF,Jump Linear,0.0143822,253.5
a2c73199b930a8ab3bc0d14ce413fd95,Input Validity,Lidar,Lidar Rate,10,252.6
a2c73199b930a8ab3bc0d14ce413fd95,Input Validity,Odometry,Odometry Rate,50,252.6
a2c73199b930a8ab3bc0d14ce413fd95,Input Validity,TF,TF Rate,10,252.6
a2c73199b930a8ab3bc0d14ce413fd95,Localization Stability,TF,Jump Angular,0,253.6
a2c73199b930a8ab3bc0d14ce413fd95,Localization Stability,TF,Jump Linear,0,253.6
a2c73199b930a8ab3bc0d14ce413fd95,Input Validity,Lidar,Lidar Rate,10,252.7
a2c73199b930a8ab3bc0d14ce413fd95,Input Validity,Odometry,Odometry Rate,50,252.7
a2c73199b930a8ab3bc0d14ce413fd95,Input Validity,TF,TF Rate,10,252.7
a2c73199b930a8ab3bc0d14ce413fd95,Input Validity,Lidar,Lidar Rate,10,252.79
a2c73199b930a8ab3bc0d14ce413fd95,Input Validity,Odometry,Odometry Rate,50,252.79
a2c73199b930a8ab3bc0d14ce413fd95,Input Validity,TF,TF Rate,10,252.79
a2c73199b930a8ab3bc0d14ce413fd95,Localization Quality,AMCLPose,CovYawYaw,0.00215473,252.7
a2c73199b930a8ab3bc0d14ce413fd95,Localization Quality,AMCLPose,CovYY,0.00371655,252.7
a2c73199b930a8ab3bc0d14ce413fd95,Localization Quality,AMCLPose,CovXX,0.0196431,252.7
a2c73199b930a8ab3bc0d14ce413fd95,Localization Quality,AMCLPose,MeanYaw,-2.1471,252.7
a2c73199b930a8ab3bc0d14ce413fd95,Localization Quality,AMCLPose,MeanY,1.25159,252.7
a2c73199b930a8ab3bc0d14ce413fd95,Localization Quality,AMCLPose,MeanX,0.65237,252.7
a2c73199b930a8ab3bc0d14ce413fd95,Localization Stability,TF,Jump Angular,0.000289889,253.7
a2c73199b930a8ab3bc0d14ce413fd95,Localization Stability,TF,Jump Linear,0.003025,253.7
a2c73199b930a8ab3bc0d14ce413fd95,Input Validity,Lidar,Lidar Rate,10,252.89
a2c73199b930a8ab3bc0d14ce413fd95,Input Validity,Odometry,Odometry Rate,50,252.89
a2c73199b930a8ab3bc0d14ce413fd95,Input Validity,TF,TF Rate,10,252.89
a2c73199b930a8ab3bc0d14ce413fd95,Localization Stability,TF,Jump Angular,0,253.8
a2c73199b930a8ab3bc0d14ce413fd95,Localization Stability,TF,Jump Linear,0,253.8
a2c73199b930a8ab3bc0d14ce413fd95,Input Validity,Lidar,Lidar Rate,10,252.98
a2c73199b930a8ab3bc0d14ce413fd95,Input Validity,Odometry,Odometry Rate,50,252.98
a2c73199b930a8ab3bc0d14ce413fd95,Input Validity,TF,TF Rate,10,252.98
a2c73199b930a8ab3bc0d14ce413fd95,Localization Quality,AMCLPose,CovYawYaw,0.00299336,252.9
a2c73199b930a8ab3bc0d14ce413fd95,Localization Quality,AMCLPose,CovYY,0.0039142,252.9
a2c73199b930a8ab3bc0d14ce413fd95,Localization Quality,AMCLPose,CovXX,0.019534,252.9
a2c73199b930a8ab3bc0d14ce413fd95,Localization Quality,AMCLPose,MeanYaw,-2.22204,252.9
a2c73199b930a8ab3bc0d14ce413fd95,Localization Quality,AMCLPose,MeanY,1.17938,252.9
a2c73199b930a8ab3bc0d14ce413fd95,Localization Quality,AMCLPose,MeanX,0.600557,252.9
a2c73199b930a8ab3bc0d14ce413fd95,Localization Stability,TF,Jump Angular,-0.000898841,253.9
a2c73199b930a8ab3bc0d14ce413fd95,Localization Stability,TF,Jump Linear,0.00223607,253.9
a2c73199b930a8ab3bc0d14ce413fd95,Input Validity,Lidar,Lidar Rate,10,253.07
a2c73199b930a8ab3bc0d14ce413fd95,Input Validity,Odometry,Odometry Rate,50,253.07
a2c73199b930a8ab3bc0d14ce413fd95,Input Validity,TF,TF Rate,10,253.07
a2c73199b930a8ab3bc0d14ce413fd95,Localization Stability,TF,Jump Angular,0,254
a2c73199b930a8ab3bc0d14ce413fd95,Localization Stability,TF,Jump Linear,0,254
a2c73199b930a8ab3bc0d14ce413fd95,Input Validity,Lidar,Lidar Rate,10,253.15
a2c73199b930a8ab3bc0d14ce413fd95,Input Validity,Odometry,Odometry Rate,50,253.15
a2c73199b930a8ab3bc0d14ce413fd95,Input Validity,TF,TF Rate,10,253.15
a2c73199b930a8ab3bc0d14ce413fd95,Localization Stability,TF,Jump Angular,0,254.1
a2c73199b930a8ab3bc0d14ce413fd95,Localization Stability,TF,Jump Linear,0,254.1
a2c73199b930a8ab3bc0d14ce413fd95,Input Validity,Lidar,Lidar Rate,10,253.23
a2c73199b930a8ab3bc0d14ce413fd95,Input Validity,Odometry,Odometry Rate,50,253.23
a2c73199b930a8ab3bc0d14ce413fd95,Input Validity,TF,TF Rate,10,253.23
a2c73199b930a8ab3bc0d14ce413fd95,Localization Quality,AMCLPose,CovYawYaw,0.00494572,253.2
a2c73199b930a8ab3bc0d14ce413fd95,Localization Quality,AMCLPose,CovYY,0.00478233,253.2
a2c73199b930a8ab3bc0d14ce413fd95,Localization Quality,AMCLPose,CovXX,0.0188434,253.2
a2c73199b930a8ab3bc0d14ce413fd95,Localization Quality,AMCLPose,MeanYaw,-2.27644,253.2
a2c73199b930a8ab3bc0d14ce413fd95,Localization Quality,AMCLPose,MeanY,1.07481,253.2
a2c73199b930a8ab3bc0d14ce413fd95,Localization Quality,AMCLPose,MeanX,0.517675,253.2
a2c73199b930a8ab3bc0d14ce413fd95,Localization Stability,TF,Jump Angular,-0.000620071,254.2
a2c73199b930a8ab3bc0d14ce413fd95,Localization Stability,TF,Jump Linear,0.00173714,254.2
a2c73199b930a8ab3bc0d14ce413fd95,Input Validity,Lidar,Lidar Rate,10,253.33
a2c73199b930a8ab3bc0d14ce413fd95,Input Validity,Odometry,Odometry Rate,50,253.33
a2c73199b930a8ab3bc0d14ce413fd95,Input Validity,TF,TF Rate,10,253.33
a2c73199b930a8ab3bc0d14ce413fd95,Localization Stability,TF,Jump Angular,0,254.3
a2c73199b930a8ab3bc0d14ce413fd95,Localization Stability,TF,Jump Linear,0,254.3
a2c73199b930a8ab3bc0d14ce413fd95,Input Validity,Lidar,Lidar Rate,10,253.43
a2c73199b930a8ab3bc0d14ce413fd95,Input Validity,Odometry,Odometry Rate,50,253.43
a2c73199b930a8ab3bc0d14ce413fd95,Input Validity,TF,TF Rate,10,253.43
a2c73199b930a8ab3bc0d14ce413fd95,Localization Stability,TF,Jump Angular,0,254.4
a2c73199b930a8ab3bc0d14ce413fd95,Localization Stability,TF,Jump Linear,0,254.4
a2c73199b930a8ab3bc0d14ce413fd95,Input Validity,Lidar,Lidar Rate,10,253.53
a2c73199b930a8ab3bc0d14ce413fd95,Input Validity,Odometry,Odometry Rate,50,253.53
a2c73199b930a8ab3bc0d14ce413fd95,Input Validity,TF,TF Rate,10,253.53
a2c73199b930a8ab3bc0d14ce413fd95,Localization Stability,TF,Jump Angular,0,254.5
a2c73199b930a8ab3bc0d14ce413fd95,Localization Stability,TF,Jump Linear,0,254.5
a2c73199b930a8ab3bc0d14ce413fd95,Input Validity,Lidar,Lidar Rate,10,253.63
a2c73199b930a8ab3bc0d14ce413fd95,Input Validity,Odometry,Odometry Rate,50,253.63
a2c73199b930a8ab3bc0d14ce413fd95,Input Validity,TF,TF Rate,10,253.63
a2c73199b930a8ab3bc0d14ce413fd95,Localization Quality,AMCLPose,CovYawYaw,0.00884002,253.6
a2c73199b930a8ab3bc0d14ce413fd95,Localization Quality,AMCLPose,CovYY,0.00604956,253.6
a2c73199b930a8ab3bc0d14ce413fd95,Localization Quality,AMCLPose,CovXX,0.02189,253.6
a2c73199b930a8ab3bc0d14ce413fd95,Localization Quality,AMCLPose,MeanYaw,-2.33899,253.6
a2c73199b930a8ab3bc0d14ce413fd95,Localization Quality,AMCLPose,MeanY,0.94179,253.6
a2c73199b930a8ab3bc0d14ce413fd95,Localization Quality,AMCLPose,MeanX,0.396928,253.6
a2c73199b930a8ab3bc0d14ce413fd95,Localization Stability,TF,Jump Angular,-0.000956619,254.6
a2c73199b930a8ab3bc0d14ce413fd95,Localization Stability,TF,Jump Linear,0.000837372,254.6
a2c73199b930a8ab3bc0d14ce413fd95,Input Validity,Lidar,Lidar Rate,10,253.72
a2c73199b930a8ab3bc0d14ce413fd95,Input Validity,Odometry,Odometry Rate,50,253.72
a2c73199b930a8ab3bc0d14ce413fd95,Input Validity,TF,TF Rate,10,253.72
a2c73199b930a8ab3bc0d14ce413fd95,Localization Stability,TF,Jump Angular,0,254.7
a2c73199b930a8ab3bc0d14ce413fd95,Localization Stability,TF,Jump Linear,0,254.7
a2c73199b930a8ab3bc0d14ce413fd95,Input Validity,Lidar,Lidar Rate,10,253.82
a2c73199b930a8ab3bc0d14ce413fd95,Input Validity,Odometry,Odometry Rate,50,253.82
a2c73199b930a8ab3bc0d14ce413fd95,Input Validity,TF,TF Rate,10,253.82
a2c73199b930a8ab3bc0d14ce413fd95,Localization Stability,TF,Jump Angular,0,254.8
a2c73199b930a8ab3bc0d14ce413fd95,Localization Stability,TF,Jump Linear,0,254.8
a2c73199b930a8ab3bc0d14ce413fd95,Input Validity,Lidar,Lidar Rate,10,253.92
a2c73199b930a8ab3bc0d14ce413fd95,Input Validity,Odometry,Odometry Rate,50,253.92
a2c73199b930a8ab3bc0d14ce413fd95,Input Validity,TF,TF Rate,10,253.92
a2c73199b930a8ab3bc0d14ce413fd95,Localization Quality,AMCLPose,CovYawYaw,0.0103741,253.9
a2c73199b930a8ab3bc0d14ce413fd95,Localization Quality,AMCLPose,CovYY,0.00709466,253.9
a2c73199b930a8ab3bc0d14ce413fd95,Localization Quality,AMCLPose,CovXX,0.0239382,253.9
a2c73199b930a8ab3bc0d14ce413fd95,Localization Quality,AMCLPose,MeanYaw,-2.36783,253.9
a2c73199b930a8ab3bc0d14ce413fd95,Localization Quality,AMCLPose,MeanY,0.844355,253.9
a2c73199b930a8ab3bc0d14ce413fd95,Localization Quality,AMCLPose,MeanX,0.300945,253.9
a2c73199b930a8ab3bc0d14ce413fd95,Localization Stability,TF,Jump Angular,-0.000224289,254.9
a2c73199b930a8ab3bc0d14ce413fd95,Localization Stability,TF,Jump Linear,0.00199073,254.9
a2c73199b930a8ab3bc0d14ce413fd95,Input Validity,Lidar,Lidar Rate,10,254.02
a2c73199b930a8ab3bc0d14ce413fd95,Input Validity,Odometry,Odometry Rate,50,254.02
a2c73199b930a8ab3bc0d14ce413fd95,Input Validity,TF,TF Rate,10,254.02
a2c73199b930a8ab3bc0d14ce413fd95,Localization Stability,TF,Jump Angular,0,255
a2c73199b930a8ab3bc0d14ce413fd95,Localization Stability,TF,Jump Linear,0,255
a2c73199b930a8ab3bc0d14ce413fd95,Input Validity,Lidar,Lidar Rate,10,254.12
a2c73199b930a8ab3bc0d14ce413fd95,Input Validity,Odometry,Odometry Rate,50,254.12
a2c73199b930a8ab3bc0d14ce413fd95,Input Validity,TF,TF Rate,10,254.12
a2c73199b930a8ab3bc0d14ce413fd95,Localization Stability,TF,Jump Angular,0,255.1
a2c73199b930a8ab3bc0d14ce413fd95,Localization Stability,TF,Jump Linear,0,255.1
a2c73199b930a8ab3bc0d14ce413fd95,Input Validity,Lidar,Lidar Rate,10,254.22
a2c73199b930a8ab3bc0d14ce413fd95,Input Validity,Odometry,Odometry Rate,50,254.22
a2c73199b930a8ab3bc0d14ce413fd95,Input Validity,TF,TF Rate,10,254.22
a2c73199b930a8ab3bc0d14ce413fd95,Localization Quality,AMCLPose,CovYawYaw,0.0123867,254.2
a2c73199b930a8ab3bc0d14ce413fd95,Localization Quality,AMCLPose,CovYY,0.00866732,254.2
a2c73199b930a8ab3bc0d14ce413fd95,Localization Quality,AMCLPose,CovXX,0.0281318,254.2
a2c73199b930a8ab3bc0d14ce413fd95,Localization Quality,AMCLPose,MeanYaw,-2.36598,254.2
a2c73199b930a8ab3bc0d14ce413fd95,Localization Quality,AMCLPose,MeanY,0.748296,254.2
a2c73199b930a8ab3bc0d14ce413fd95,Localization Quality,AMCLPose,MeanX,0.202139,254.2
a2c73199b930a8ab3bc0d14ce413fd95,Localization Stability,TF,Jump Angular,-9.10115e-05,255.2
a2c73199b930a8ab3bc0d14ce413fd95,Localization Stability,TF,Jump Linear,0.00285484,255.2
a2c73199b930a8ab3bc0d14ce413fd95,Input Validity,Lidar,Lidar Rate,10,254.32
a2c73199b930a8ab3bc0d14ce413fd95,Input Validity,Odometry,Odometry Rate,50,254.32
a2c73199b930a8ab3bc0d14ce413fd95,Input Validity,TF,TF Rate,10,254.32
a2c73199b930a8ab3bc0d14ce413fd95,Localization Stability,TF,Jump Angular,0,255.3
a2c73199b930a8ab3bc0d14ce413fd95,Localization Stability,TF,Jump Linear,0,255.3
a2c73199b930a8ab3bc0d14ce413fd95,Input Validity,Lidar,Lidar Rate,10,254.42
a2c73199b930a8ab3bc0d14ce413fd95,Input Validity,Odometry,Odometry Rate,50,254.42
a2c73199b930a8ab3bc0d14ce413fd95,Input Validity,TF,TF Rate,10,254.42
a2c73199b930a8ab3bc0d14ce413fd95,Localization Stability,TF,Jump Angular,0,255.4
a2c73199b930a8ab3bc0d14ce413fd95,Localization Stability,TF,Jump Linear,0,255.4
a2c73199b930a8ab3bc0d14ce413fd95,Input Validity,Lidar,Lidar Rate,10,254.52
a2c73199b930a8ab3bc0d14ce413fd95,Input Validity,Odometry,Odometry Rate,50,254.52
a2c73199b930a8ab3bc0d14ce413fd95,Input Validity,TF,TF Rate,10,254.52
a2c73199b930a8ab3bc0d14ce413fd95,Localization Quality,AMCLPose,CovYawYaw,0.0148953,254.5
a2c73199b930a8ab3bc0d14ce413fd95,Localization Quality,AMCLPose,CovYY,0.0105789,254.5
a2c73199b930a8ab3bc0d14ce413fd95,Localization Quality,AMCLPose,CovXX,0.0350399,254.5
a2c73199b930a8ab3bc0d14ce413fd95,Localization Quality,AMCLPose,MeanYaw,-2.35926,254.5
a2c73199b930a8ab3bc0d14ce413fd95,Localization Quality,AMCLPose,MeanY,0.652628,254.5
a2c73199b930a8ab3bc0d14ce413fd95,Localization Quality,AMCLPose,MeanX,0.103474,254.5
a2c73199b930a8ab3bc0d14ce413fd95,Localization Stability,TF,Jump Angular,0.00528263,255.5
a2c73199b930a8ab3bc0d14ce413fd95,Localization Stability,TF,Jump Linear,0.00290731,255.5
a2c73199b930a8ab3bc0d14ce413fd95,Input Validity,Lidar,Lidar Rate,10,254.62
a2c73199b930a8ab3bc0d14ce413fd95,Input Validity,Odometry,Odometry Rate,50,254.62
a2c73199b930a8ab3bc0d14ce413fd95,Input Validity,TF,TF Rate,10,254.62
a2c73199b930a8ab3bc0d14ce413fd95,Localization Stability,TF,Jump Angular,0,255.6
a2c73199b930a8ab3bc0d14ce413fd95,Localization Stability,TF,Jump Linear,0,255.6
a2c73199b930a8ab3bc0d14ce413fd95,Input Validity,Lidar,Lidar Rate,10,254.72
a2c73199b930a8ab3bc0d14ce413fd95,Input Validity,Odometry,Odometry Rate,50,254.72
a2c73199b930a8ab3bc0d14ce413fd95,Input Validity,TF,TF Rate,10,254.72
a2c73199b930a8ab3bc0d14ce413fd95,Localization Stability,TF,Jump Angular,0,255.7
a2c73199b930a8ab3bc0d14ce413fd95,Localization Stability,TF,Jump Linear,0,255.7
a2c73199b930a8ab3bc0d14ce413fd95,Input Validity,Lidar,Lidar Rate,10,254.82
a2c73199b930a8ab3bc0d14ce413fd95,Input Validity,Odometry,Odometry Rate,50,254.82
a2c73199b930a8ab3bc0d14ce413fd95,Input Validity,TF,TF Rate,10,254.82
a2c73199b930a8ab3bc0d14ce413fd95,Localization Quality,AMCLPose,CovYawYaw,0.0164997,254.8
a2c73199b930a8ab3bc0d14ce413fd95,Localization Quality,AMCLPose,CovYY,0.0119907,254.8
a2c73199b930a8ab3bc0d14ce413fd95,Localization Quality,AMCLPose,CovXX,0.0330372,254.8
a2c73199b930a8ab3bc0d14ce413fd95,Localization Quality,AMCLPose,MeanYaw,-2.36125,254.8
a2c73199b930a8ab3bc0d14ce413fd95,Localization Quality,AMCLPose,MeanY,0.560929,254.8
a2c73199b930a8ab3bc0d14ce413fd95,Localization Quality,AMCLPose,MeanX,0.013012,254.8
a2c73199b930a8ab3bc0d14ce413fd95,Localization Stability,TF,Jump Angular,-0.00302964,255.8
a2c73199b930a8ab3bc0d14ce413fd95,Localization Stability,TF,Jump Linear,0.00616597,255.8
a2c73199b930a8ab3bc0d14ce413fd95,Input Validity,Lidar,Lidar Rate,10,254.92
a2c73199b930a8ab3bc0d14ce413fd95,Input Validity,Odometry,Odometry Rate,50,254.92
a2c73199b930a8ab3bc0d14ce413fd95,Input Validity,TF,TF Rate,10,254.92
a2c73199b930a8ab3bc0d14ce413fd95,Input Validity,Lidar,Lidar Rate,10,255
a2c73199b930a8ab3bc0d14ce413fd95,Input Validity,Odometry,Odometry Rate,50,255
a2c73199b930a8ab3bc0d14ce413fd95,Input Validity,TF,TF Rate,10,255
a2c73199b930a8ab3bc0d14ce413fd95,Localization Stability,TF,Jump Angular,0,255.9
a2c73199b930a8ab3bc0d14ce413fd95,Localization Stability,TF,Jump Linear,0,255.9
a2c73199b930a8ab3bc0d14ce413fd95,Localization Stability,TF,Jump Angular,0,256
a2c73199b930a8ab3bc0d14ce413fd95,Localization Stability,TF,Jump Linear,0,256
a2c73199b930a8ab3bc0d14ce413fd95,Input Validity,Lidar,Lidar Rate,10,255.1
a2c73199b930a8ab3bc0d14ce413fd95,Input Validity,Odometry,Odometry Rate,50,255.1
a2c73199b930a8ab3bc0d14ce413fd95,Input Validity,TF,TF Rate,10,255.1
a2c73199b930a8ab3bc0d14ce413fd95,Localization Quality,AMCLPose,CovYawYaw,0.018209,255.1
a2c73199b930a8ab3bc0d14ce413fd95,Localization Quality,AMCLPose,CovYY,0.013669,255.1
a2c73199b930a8ab3bc0d14ce413fd95,Localization Quality,AMCLPose,CovXX,0.0355036,255.1
a2c73199b930a8ab3bc0d14ce413fd95,Localization Quality,AMCLPose,MeanYaw,-2.39892,255.1
a2c73199b930a8ab3bc0d14ce413fd95,Localization Quality,AMCLPose,MeanY,0.465821,255.1
a2c73199b930a8ab3bc0d14ce413fd95,Localization Quality,AMCLPose,MeanX,-0.0843252,255.1
a2c73199b930a8ab3bc0d14ce413fd95,Localization Stability,TF,Jump Angular,0.00131074,256.1
a2c73199b930a8ab3bc0d14ce413fd95,Localization Stability,TF,Jump Linear,0.00157659,256.1
a2c73199b930a8ab3bc0d14ce413fd95,Input Validity,Lidar,Lidar Rate,10,255.2
a2c73199b930a8ab3bc0d14ce413fd95,Input Validity,Odometry,Odometry Rate,50,255.2
a2c73199b930a8ab3bc0d14ce413fd95,Input Validity,TF,TF Rate,10,255.2
a2c73199b930a8ab3bc0d14ce413fd95,Localization Stability,TF,Jump Angular,0,256.2
a2c73199b930a8ab3bc0d14ce413fd95,Localization Stability,TF,Jump Linear,0,256.2
a2c73199b930a8ab3bc0d14ce413fd95,Input Validity,Lidar,Lidar Rate,10,255.3
a2c73199b930a8ab3bc0d14ce413fd95,Input Validity,Odometry,Odometry Rate,50,255.3
a2c73199b930a8ab3bc0d14ce413fd95,Input Validity,TF,TF Rate,10,255.3
a2c73199b930a8ab3bc0d14ce413fd95,Localization Stability,TF,Jump Angular,0,256.3
a2c73199b930a8ab3bc0d14ce413fd95,Localization Stability,TF,Jump Linear,0,256.3
a2c73199b930a8ab3bc0d14ce413fd95,Input Validity,Lidar,Lidar Rate,10,255.4
a2c73199b930a8ab3bc0d14ce413fd95,Input Validity,Odometry,Odometry Rate,50,255.4
a2c73199b930a8ab3bc0d14ce413fd95,Input Validity,TF,TF Rate,10,255.4
a2c73199b930a8ab3bc0d14ce413fd95,Input Validity,Lidar,Lidar Rate,10,255.5
a2c73199b930a8ab3bc0d14ce413fd95,Input Validity,Odometry,Odometry Rate,50,255.5
a2c73199b930a8ab3bc0d14ce413fd95,Input Validity,TF,TF Rate,10,255.5
a2c73199b930a8ab3bc0d14ce413fd95,Localization Quality,AMCLPose,CovYawYaw,0.0197486,255.4
a2c73199b930a8ab3bc0d14ce413fd95,Localization Quality,AMCLPose,CovYY,0.0160683,255.4
a2c73199b930a8ab3bc0d14ce413fd95,Localization Quality,AMCLPose,CovXX,0.0380827,255.4
a2c73199b930a8ab3bc0d14ce413fd95,Localization Quality,AMCLPose,MeanYaw,-2.44626,255.4
a2c73199b930a8ab3bc0d14ce413fd95,Localization Quality,AMCLPose,MeanY,0.379953,255.4
a2c73199b930a8ab3bc0d14ce413fd95,Localization Quality,AMCLPose,MeanX,-0.185823,255.4
a2c73199b930a8ab3bc0d14ce413fd95,Localization Stability,TF,Jump Angular,-0.000393854,256.4
a2c73199b930a8ab3bc0d14ce413fd95,Localization Stability,TF,Jump Linear,0.00293344,256.4
a2c73199b930a8ab3bc0d14ce413fd95,Localization Stability,TF,Jump Angular,0,256.5
a2c73199b930a8ab3bc0d14ce413fd95,Localization Stability,TF,Jump Linear,0,256.5
a2c73199b930a8ab3bc0d14ce413fd95,Input Validity,Lidar,Lidar Rate,10,255.59
a2c73199b930a8ab3bc0d14ce413fd95,Input Validity,Odometry,Odometry Rate,50,255.59
a2c73199b930a8ab3bc0d14ce413fd95,Input Validity,TF,TF Rate,10,255.59
a2c73199b930a8ab3bc0d14ce413fd95,Localization Stability,TF,Jump Angular,0,256.6
a2c73199b930a8ab3bc0d14ce413fd95,Localization Stability,TF,Jump Linear,0,256.6
a2c73199b930a8ab3bc0d14ce413fd95,Input Validity,Lidar,Lidar Rate,10,255.69
a2c73199b930a8ab3bc0d14ce413fd95,Input Validity,Odometry,Odometry Rate,50,255.69
a2c73199b930a8ab3bc0d14ce413fd95,Input Validity,TF,TF Rate,10,255.69
a2c73199b930a8ab3bc0d14ce413fd95,Localization Quality,AMCLPose,CovYawYaw,0.0209098,255.7
a2c73199b930a8ab3bc0d14ce413fd95,Localization Quality,AMCLPose,CovYY,0.0190674,255.7
a2c73199b930a8ab3bc0d14ce413fd95,Localization Quality,AMCLPose,CovXX,0.0407705,255.7
a2c73199b930a8ab3bc0d14ce413fd95,Localization Quality,AMCLPose,MeanYaw,-2.47871,255.7
a2c73199b930a8ab3bc0d14ce413fd95,Localization Quality,AMCLPose,MeanY,0.294559,255.7
a2c73199b930a8ab3bc0d14ce413fd95,Localization Quality,AMCLPose,MeanX,-0.29083,255.7
a2c73199b930a8ab3bc0d14ce413fd95,Localization Stability,TF,Jump Angular,-0.000318153,256.7
a2c73199b930a8ab3bc0d14ce413fd95,Localization Stability,TF,Jump Linear,0.000729103,256.7
a2c73199b930a8ab3bc0d14ce413fd95,Input Validity,Lidar,Lidar Rate,10,255.79
a2c73199b930a8ab3bc0d14ce413fd95,Input Validity,Odometry,Odometry Rate,50,255.79
a2c73199b930a8ab3bc0d14ce413fd95,Input Validity,TF,TF Rate,10,255.79
a2c73199b930a8ab3bc0d14ce413fd95,Localization Stability,TF,Jump Angular,0,256.8
a2c73199b930a8ab3bc0d14ce413fd95,Localization Stability,TF,Jump Linear,0,256.8
a2c73199b930a8ab3bc0d14ce413fd95,Input Validity,Lidar,Lidar Rate,10,255.89
a2c73199b930a8ab3bc0d14ce413fd95,Input Validity,Odometry,Odometry Rate,50,255.89
a2c73199b930a8ab3bc0d14ce413fd95,Input Validity,TF,TF Rate,10,255.89
a2c73199b930a8ab3bc0d14ce413fd95,Input Validity,Lidar,Lidar Rate,10,255.99
a2c73199b930a8ab3bc0d14ce413fd95,Input Validity,Odometry,Odometry Rate,50,255.99
a2c73199b930a8ab3bc0d14ce413fd95,Input Validity,TF,TF Rate,10,255.99
a2c73199b930a8ab3bc0d14ce413fd95,Localization Stability,TF,Jump Angular,0,256.9
a2c73199b930a8ab3bc0d14ce413fd95,Localization Stability,TF,Jump Linear,0,256.9
a2c73199b930a8ab3bc0d14ce413fd95,Input Validity,Lidar,Lidar Rate,10,256.08
a2c73199b930a8ab3bc0d14ce413fd95,Input Validity,Odometry,Odometry Rate,50,256.08
a2c73199b930a8ab3bc0d14ce413fd95,Input Validity,TF,TF Rate,10,256.08
a2c73199b930a8ab3bc0d14ce413fd95,Localization Quality,AMCLPose,CovYawYaw,0.024005,256
a2c73199b930a8ab3bc0d14ce413fd95,Localization Quality,AMCLPose,CovYY,0.0226728,256
a2c73199b930a8ab3bc0d14ce413fd95,Localization Quality,AMCLPose,CovXX,0.0400766,256
a2c73199b930a8ab3bc0d14ce413fd95,Localization Quality,AMCLPose,MeanYaw,-2.47611,256
a2c73199b930a8ab3bc0d14ce413fd95,Localization Quality,AMCLPose,MeanY,0.209215,256
a2c73199b930a8ab3bc0d14ce413fd95,Localization Quality,AMCLPose,MeanX,-0.392479,256
a2c73199b930a8ab3bc0d14ce413fd95,Localization Stability,TF,Jump Angular,0.00424201,257
a2c73199b930a8ab3bc0d14ce413fd95,Localization Stability,TF,Jump Linear,0.00536869,257
a2c73199b930a8ab3bc0d14ce413fd95,Localization Stability,TF,Jump Angular,0,257.1
a2c73199b930a8ab3bc0d14ce413fd95,Localization Stability,TF,Jump Linear,0,257.1
a2c73199b930a8ab3bc0d14ce413fd95,Input Validity,Lidar,Lidar Rate,10,256.18
a2c73199b930a8ab3bc0d14ce413fd95,Input Validity,Odometry,Odometry Rate,50,256.18
a2c73199b930a8ab3bc0d14ce413fd95,Input Validity,TF,TF Rate,10,256.18
a2c73199b930a8ab3bc0d14ce413fd95,Localization Stability,TF,Jump Angular,0,257.2
a2c73199b930a8ab3bc0d14ce413fd95,Localization Stability,TF,Jump Linear,0,257.2
a2c73199b930a8ab3bc0d14ce413fd95,Input Validity,Lidar,Lidar Rate,10,256.28
a2c73199b930a8ab3bc0d14ce413fd95,Input Validity,Odometry,Odometry Rate,50,256.28
a2c73199b930a8ab3bc0d14ce413fd95,Input Validity,TF,TF Rate,10,256.28
a2c73199b930a8ab3bc0d14ce413fd95,Input Validity,Lidar,Lidar Rate,10,256.38
a2c73199b930a8ab3bc0d14ce413fd95,Input Validity,Odometry,Odometry Rate,50,256.38
a2c73199b930a8ab3bc0d14ce413fd95,Input Validity,TF,TF Rate,10,256.38
a2c73199b930a8ab3bc0d14ce413fd95,Localization Quality,AMCLPose,CovYawYaw,0.0265419,256.3
a2c73199b930a8ab3bc0d14ce413fd95,Localization Quality,AMCLPose,CovYY,0.0270719,256.3
a2c73199b930a8ab3bc0d14ce413fd95,Localization Quality,AMCLPose,CovXX,0.0465695,256.3
a2c73199b930a8ab3bc0d14ce413fd95,Localization Quality,AMCLPose,MeanYaw,-2.46818,256.3
a2c73199b930a8ab3bc0d14ce413fd95,Localization Quality,AMCLPose,MeanY,0.129512,256.3
a2c73199b930a8ab3bc0d14ce413fd95,Localization Quality,AMCLPose,MeanX,-0.50482,256.3
a2c73199b930a8ab3bc0d14ce413fd95,Localization Stability,TF,Jump Angular,-0.00750403,257.3
a2c73199b930a8ab3bc0d14ce413fd95,Localization Stability,TF,Jump Linear,0.00606251,257.3
a2c73199b930a8ab3bc0d14ce413fd95,Localization Stability,TF,Jump Angular,0,257.4
a2c73199b930a8ab3bc0d14ce413fd95,Localization Stability,TF,Jump Linear,0,257.4
a2c73199b930a8ab3bc0d14ce413fd95,Input Validity,Lidar,Lidar Rate,10,256.48
a2c73199b930a8ab3bc0d14ce413fd95,Input Validity,Odometry,Odometry Rate,50,256.48
a2c73199b930a8ab3bc0d14ce413fd95,Input Validity,TF,TF Rate,10,256.48
a2c73199b930a8ab3bc0d14ce413fd95,Input Validity,Lidar,Lidar Rate,10,256.58
a2c73199b930a8ab3bc0d14ce413fd95,Input Validity,Odometry,Odometry Rate,50,256.58
a2c73199b930a8ab3bc0d14ce413fd95,Input Validity,TF,TF Rate,10,256.58
a2c73199b930a8ab3bc0d14ce413fd95,Localization Stability,TF,Jump Angular,0,257.5
a2c73199b930a8ab3bc0d14ce413fd95,Localization Stability,TF,Jump Linear,0,257.5
a2c73199b930a8ab3bc0d14ce413fd95,Localization Quality,AMCLPose,CovYawYaw,0.0284282,256.6
a2c73199b930a8ab3bc0d14ce413fd95,Localization Quality,AMCLPose,CovYY,0.0311599,256.6
a2c73199b930a8ab3bc0d14ce413fd95,Localization Quality,AMCLPose,CovXX,0.0457147,256.6
a2c73199b930a8ab3bc0d14ce413fd95,Localization Quality,AMCLPose,MeanYaw,-2.45114,256.6
a2c73199b930a8ab3bc0d14ce413fd95,Localization Quality,AMCLPose,MeanY,0.0354256,256.6
a2c73199b930a8ab3bc0d14ce413fd95,Localization Quality,AMCLPose,MeanX,-0.601381,256.6
a2c73199b930a8ab3bc0d14ce413fd95,Localization Stability,TF,Jump Angular,0.00691285,257.6
a2c73199b930a8ab3bc0d14ce413fd95,Localization Stability,TF,Jump Linear,0.00949759,257.6
a2c73199b930a8ab3bc0d14ce413fd95,Input Validity,Lidar,Lidar Rate,10,256.68
a2c73199b930a8ab3bc0d14ce413fd95,Input Validity,Odometry,Odometry Rate,50,256.68
a2c73199b930a8ab3bc0d14ce413fd95,Input Validity,TF,TF Rate,10,256.68
a2c73199b930a8ab3bc0d14ce413fd95,Localization Stability,TF,Jump Angular,0,257.7
a2c73199b930a8ab3bc0d14ce413fd95,Localization Stability,TF,Jump Linear,0,257.7
a2c73199b930a8ab3bc0d14ce413fd95,Input Validity,Lidar,Lidar Rate,10,256.78
a2c73199b930a8ab3bc0d14ce413fd95,Input Validity,Odometry,Odometry Rate,50,256.78
a2c73199b930a8ab3bc0d14ce413fd95,Input Validity,TF,TF Rate,10,256.78
a2c73199b930a8ab3bc0d14ce413fd95,Input Validity,Lidar,Lidar Rate,10,256.88
a2c73199b930a8ab3bc0d14ce413fd95,Input Validity,Odometry,Odometry Rate,50,256.88
a2c73199b930a8ab3bc0d14ce413fd95,Input Validity,TF,TF Rate,10,256.88
a2c73199b930a8ab3bc0d14ce413fd95,Localization Stability,TF,Jump Angular,0,257.8
a2c73199b930a8ab3bc0d14ce413fd95,Localization Stability,TF,Jump Linear,0,257.8
a2c73199b930a8ab3bc0d14ce413fd95,Localization Quality,AMCLPose,CovYawYaw,0.0299195,256.9
a2c73199b930a8ab3bc0d14ce413fd95,Localization Quality,AMCLPose,CovYY,0.0361164,256.9
a2c73199b930a8ab3bc0d14ce413fd95,Localization Quality,AMCLPose,CovXX,0.0497365,256.9
a2c73199b930a8ab3bc0d14ce413fd95,Localization Quality,AMCLPose,MeanYaw,-2.43894,256.9
a2c73199b930a8ab3bc0d14ce413fd95,Localization Quality,AMCLPose,MeanY,-0.0564387,256.9
a2c73199b930a8ab3bc0d14ce413fd95,Localization Quality,AMCLPose,MeanX,-0.709454,256.9
a2c73199b930a8ab3bc0d14ce413fd95,Localization Stability,TF,Jump Angular,0.00371573,257.9
a2c73199b930a8ab3bc0d14ce413fd95,Localization Stability,TF,Jump Linear,0.00674493,257.9
a2c73199b930a8ab3bc0d14ce413fd95,Input Validity,Lidar,Lidar Rate,10,256.98
a2c73199b930a8ab3bc0d14ce413fd95,Input Validity,Odometry,Odometry Rate,50,256.98
a2c73199b930a8ab3bc0d14ce413fd95,Input Validity,TF,TF Rate,10,256.98
a2c73199b930a8ab3bc0d14ce413fd95,Localization Stability,TF,Jump Angular,0,258
a2c73199b930a8ab3bc0d14ce413fd95,Localization Stability,TF,Jump Linear,0,258
a2c73199b930a8ab3bc0d14ce413fd95,Input Validity,Lidar,Lidar Rate,10,257.08
a2c73199b930a8ab3bc0d14ce413fd95,Input Validity,Odometry,Odometry Rate,50,257.08
a2c73199b930a8ab3bc0d14ce413fd95,Input Validity,TF,TF Rate,10,257.08
a2c73199b930a8ab3bc0d14ce413fd95,Input Validity,Lidar,Lidar Rate,10,257.18
a2c73199b930a8ab3bc0d14ce413fd95,Input Validity,Odometry,Odometry Rate,50,257.18
a2c73199b930a8ab3bc0d14ce413fd95,Input Validity,TF,TF Rate,10,257.18
a2c73199b930a8ab3bc0d14ce413fd95,Localization Stability,TF,Jump Angular,0,258.1
a2c73199b930a8ab3bc0d14ce413fd95,Localization Stability,TF,Jump Linear,0,258.1
a2c73199b930a8ab3bc0d14ce413fd95,Input Validity,Lidar,Lidar Rate,10,257.27
a2c73199b930a8ab3bc0d14ce413fd95,Input Validity,Odometry,Odometry Rate,50,257.27
a2c73199b930a8ab3bc0d14ce413fd95,Input Validity,TF,TF Rate,10,257.27
a2c73199b930a8ab3bc0d14ce413fd95,Localization Quality,AMCLPose,CovYawYaw,0.0317675,257.2
a2c73199b930a8ab3bc0d14ce413fd95,Localization Quality,AMCLPose,CovYY,0.0406409,257.2
a2c73199b930a8ab3bc0d14ce413fd95,Localization Quality,AMCLPose,CovXX,0.056861,257.2
a2c73199b930a8ab3bc0d14ce413fd95,Localization Quality,AMCLPose,MeanYaw,-2.43349,257.2
a2c73199b930a8ab3bc0d14ce413fd95,Localization Quality,AMCLPose,MeanY,-0.1448,257.2
a2c73199b930a8ab3bc0d14ce413fd95,Localization Quality,AMCLPose,MeanX,-0.812059,257.2
a2c73199b930a8ab3bc0d14ce413fd95,Localization Stability,TF,Jump Angular,-9.57679e-05,258.2
a2c73199b930a8ab3bc0d14ce413fd95,Localization Stability,TF,Jump Linear,0.000873109,258.2
a2c73199b930a8ab3bc0d14ce413fd95,Input Validity,Lidar,Lidar Rate,10,257.36
a2c73199b930a8ab3bc0d14ce413fd95,Input Validity,Odometry,Odometry Rate,50,257.36
a2c73199b930a8ab3bc0d14ce413fd95,Input Validity,TF,TF Rate,10,257.36
a2c73199b930a8ab3bc0d14ce413fd95,Localization Stability,TF,Jump Angular,0,258.3
a2c73199b930a8ab3bc0d14ce413fd95,Localization Stability,TF,Jump Linear,0,258.3
a2c73199b930a8ab3bc0d14ce413fd95,Input Validity,Lidar,Lidar Rate,10,257.45
a2c73199b930a8ab3bc0d14ce413fd95,Input Validity,Odometry,Odometry Rate,50,257.45
a2c73199b930a8ab3bc0d14ce413fd95,Input Validity,TF,TF Rate,10,257.45
a2c73199b930a8ab3bc0d14ce413fd95,Localization Stability,TF,Jump Angular,0,258.4
a2c73199b930a8ab3bc0d14ce413fd95,Localization Stability,TF,Jump Linear,0,258.4
a2c73199b930a8ab3bc0d14ce413fd95,Input Validity,Lidar,Lidar Rate,10,257.53
a2c73199b930a8ab3bc0d14ce413fd95,Input Validity,Odometry,Odometry Rate,50,257.53
a2c73199b930a8ab3bc0d14ce413fd95,Input Validity,TF,TF Rate,10,257.53
a2c73199b930a8ab3bc0d14ce413fd95,Localization Quality,AMCLPose,CovYawYaw,0.0325624,257.5
a2c73199b930a8ab3bc0d14ce413fd95,Localization Quality,AMCLPose,CovYY,0.0452345,257.5
a2c73199b930a8ab3bc0d14ce413fd95,Localization Quality,AMCLPose,CovXX,0.0637701,257.5
a2c73199b930a8ab3bc0d14ce413fd95,Localization Quality,AMCLPose,MeanYaw,-2.42528,257.5
a2c73199b930a8ab3bc0d14ce413fd95,Localization Quality,AMCLPose,MeanY,-0.224472,257.5
a2c73199b930a8ab3bc0d14ce413fd95,Localization Quality,AMCLPose,MeanX,-0.918419,257.5
a2c73199b930a8ab3bc0d14ce413fd95,Localization Stability,TF,Jump Angular,-0.00268449,258.5
a2c73199b930a8ab3bc0d14ce413fd95,Localization Stability,TF,Jump Linear,0.00732733,258.5
a2c73199b930a8ab3bc0d14ce413fd95,Input Validity,Lidar,Lidar Rate,10,257.62
a2c73199b930a8ab3bc0d14ce413fd95,Input Validity,Odometry,Odometry Rate,50,257.62
a2c73199b930a8ab3bc0d14ce413fd95,Input Validity,TF,TF Rate,10,257.62
a2c73199b930a8ab3bc0d14ce413fd95,Localization Stability,TF,Jump Angular,0,258.6
a2c73199b930a8ab3bc0d14ce413fd95,Localization Stability,TF,Jump Linear,0,258.6
a2c73199b930a8ab3bc0d14ce413fd95,Input Validity,Lidar,Lidar Rate,10,257.72
a2c73199b930a8ab3bc0d14ce413fd95,Input Validity,Odometry,Odometry Rate,50,257.72
a2c73199b930a8ab3bc0d14ce413fd95,Input Validity,TF,TF Rate,10,257.72
a2c73199b930a8ab3bc0d14ce413fd95,Localization Stability,TF,Jump Angular,0,258.7
a2c73199b930a8ab3bc0d14ce413fd95,Localization Stability,TF,Jump Linear,0,258.7
a2c73199b930a8ab3bc0d14ce413fd95,Input Validity,Lidar,Lidar Rate,10,257.82
a2c73199b930a8ab3bc0d14ce413fd95,Input Validity,Odometry,Odometry Rate,50,257.82
a2c73199b930a8ab3bc0d14ce413fd95,Input Validity,TF,TF Rate,10,257.82
a2c73199b930a8ab3bc0d14ce413fd95,Localization Quality,AMCLPose,CovYawYaw,0.0338606,257.8
a2c73199b930a8ab3bc0d14ce413fd95,Localization Quality,AMCLPose,CovYY,0.0499431,257.8
a2c73199b930a8ab3bc0d14ce413fd95,Localization Quality,AMCLPose,CovXX,0.0641855,257.8
a2c73199b930a8ab3bc0d14ce413fd95,Localization Quality,AMCLPose,MeanYaw,-2.41892,257.8
a2c73199b930a8ab3bc0d14ce413fd95,Localization Quality,AMCLPose,MeanY,-0.316538,257.8
a2c73199b930a8ab3bc0d14ce413fd95,Localization Quality,AMCLPose,MeanX,-1.01549,257.8
a2c73199b930a8ab3bc0d14ce413fd95,Localization Stability,TF,Jump Angular,-0.000682634,258.8
a2c73199b930a8ab3bc0d14ce413fd95,Localization Stability,TF,Jump Linear,0.00594309,258.8
a2c73199b930a8ab3bc0d14ce413fd95,Input Validity,Lidar,Lidar Rate,10,257.92
a2c73199b930a8ab3bc0d14ce413fd95,Input Validity,Odometry,Odometry Rate,50,257.92
a2c73199b930a8ab3bc0d14ce413fd95,Input Validity,TF,TF Rate,10,257.92
a2c73199b930a8ab3bc0d14ce413fd95,Localization Stability,TF,Jump Angular,0,258.9
a2c73199b930a8ab3bc0d14ce413fd95,Localization Stability,TF,Jump Linear,0,258.9
a2c73199b930a8ab3bc0d14ce413fd95,Input Validity,Lidar,Lidar Rate,10,258.02
a2c73199b930a8ab3bc0d14ce413fd95,Input Validity,Odometry,Odometry Rate,50,258.02
a2c73199b930a8ab3bc0d14ce413fd95,Input Validity,TF,TF Rate,10,258.02
a2c73199b930a8ab3bc0d14ce413fd95,Localization Stability,TF,Jump Angular,0,259
a2c73199b930a8ab3bc0d14ce413fd95,Localization Stability,TF,Jump Linear,0,259
a2c73199b930a8ab3bc0d14ce413fd95,Input Validity,Lidar,Lidar Rate,10,258.12
a2c73199b930a8ab3bc0d14ce413fd95,Input Validity,Odometry,Odometry Rate,50,258.12
a2c73199b930a8ab3bc0d14ce413fd95,Input Validity,TF,TF Rate,10,258.12
a2c73199b930a8ab3bc0d14ce413fd95,Localization Quality,AMCLPose,CovYawYaw,0.0343346,258.1
a2c73199b930a8ab3bc0d14ce413fd95,Localization Quality,AMCLPose,CovYY,0.0553823,258.1
a2c73199b930a8ab3bc0d14ce413fd95,Localization Quality,AMCLPose,CovXX,0.0696463,258.1
a2c73199b930a8ab3bc0d14ce413fd95,Localization Quality,AMCLPose,MeanYaw,-2.41347,258.1
a2c73199b930a8ab3bc0d14ce413fd95,Localization Quality,AMCLPose,MeanY,-0.403067,258.1
a2c73199b930a8ab3bc0d14ce413fd95,Localization Quality,AMCLPose,MeanX,-1.11637,258.1
a2c73199b930a8ab3bc0d14ce413fd95,Localization Stability,TF,Jump Angular,0.00115747,259.1
a2c73199b930a8ab3bc0d14ce413fd95,Localization Stability,TF,Jump Linear,0.00406639,259.1
a2c73199b930a8ab3bc0d14ce413fd95,Input Validity,Lidar,Lidar Rate,10,258.21
a2c73199b930a8ab3bc0d14ce413fd95,Input Validity,Odometry,Odometry Rate,50,258.21
a2c73199b930a8ab3bc0d14ce413fd95,Input Validity,TF,TF Rate,10,258.21
a2c73199b930a8ab3bc0d14ce413fd95,Localization Stability,TF,Jump Angular,0,259.2
a2c73199b930a8ab3bc0d14ce413fd95,Localization Stability,TF,Jump Linear,0,259.2
a2c73199b930a8ab3bc0d14ce413fd95,Input Validity,Lidar,Lidar Rate,10,258.31
a2c73199b930a8ab3bc0d14ce413fd95,Input Validity,Odometry,Odometry Rate,50,258.31
a2c73199b930a8ab3bc0d14ce413fd95,Input Validity,TF,TF Rate,10,258.31
a2c73199b930a8ab3bc0d14ce413fd95,Localization Stability,TF,Jump Angular,0,259.3
a2c73199b930a8ab3bc0d14ce413fd95,Localization Stability,TF,Jump Linear,0,259.3
a2c73199b930a8ab3bc0d14ce413fd95,Input Validity,Lidar,Lidar Rate,10,258.41
a2c73199b930a8ab3bc0d14ce413fd95,Input Validity,Odometry,Odometry Rate,50,258.41
a2c73199b930a8ab3bc0d14ce413fd95,Input Validity,TF,TF Rate,10,258.41
a2c73199b930a8ab3bc0d14ce413fd95,Localization Quality,AMCLPose,CovYawYaw,0.0375391,258.4
a2c73199b930a8ab3bc0d14ce413fd95,Localization Quality,AMCLPose,CovYY,0.0599809,258.4
a2c73199b930a8ab3bc0d14ce413fd95,Localization Quality,AMCLPose,CovXX,0.0801536,258.4
a2c73199b930a8ab3bc0d14ce413fd95,Localization Quality,AMCLPose,MeanYaw,-2.40894,258.4
a2c73199b930a8ab3bc0d14ce413fd95,Localization Quality,AMCLPose,MeanY,-0.49584,258.4
a2c73199b930a8ab3bc0d14ce413fd95,Localization Quality,AMCLPose,MeanX,-1.21874,258.4
a2c73199b930a8ab3bc0d14ce413fd95,Localization Stability,TF,Jump Angular,-7.48248e-06,259.4
a2c73199b930a8ab3bc0d14ce413fd95,Localization Stability,TF,Jump Linear,0.00325489,259.4
a2c73199b930a8ab3bc0d14ce413fd95,Input Validity,Lidar,Lidar Rate,10,258.51
a2c73199b930a8ab3bc0d14ce413fd95,Input Validity,Odometry,Odometry Rate,50,258.51
a2c73199b930a8ab3bc0d14ce413fd95,Input Validity,TF,TF Rate,10,258.51
a2c73199b930a8ab3bc0d14ce413fd95,Localization Stability,TF,Jump Angular,0,259.5
a2c73199b930a8ab3bc0d14ce413fd95,Localization Stability,TF,Jump Linear,0,259.5
a2c73199b930a8ab3bc0d14ce413fd95,Input Validity,Lidar,Lidar Rate,10,258.61
a2c73199b930a8ab3bc0d14ce413fd95,Input Validity,Odometry,Odometry Rate,50,258.61
a2c73199b930a8ab3bc0d14ce413fd95,Input Validity,TF,TF Rate,10,258.61
a2c73199b930a8ab3bc0d14ce413fd95,Localization Stability,TF,Jump Angular,0,259.6
a2c73199b930a8ab3bc0d14ce413fd95,Localization Stability,TF,Jump Linear,0,259.6
a2c73199b930a8ab3bc0d14ce413fd95,Input Validity,Lidar,Lidar Rate,10,258.71
a2c73199b930a8ab3bc0d14ce413fd95,Input Validity,Odometry,Odometry Rate,50,258.71
a2c73199b930a8ab3bc0d14ce413fd95,Input Validity,TF,TF Rate,10,258.71
a2c73199b930a8ab3bc0d14ce413fd95,Input Validity,Lidar,Lidar Rate,10,258.81
a2c73199b930a8ab3bc0d14ce413fd95,Input Validity,Odometry,Odometry Rate,50,258.81
a2c73199b930a8ab3bc0d14ce413fd95,Input Validity,TF,TF Rate,10,258.81
a2c73199b930a8ab3bc0d14ce413fd95,Localization Quality,AMCLPose,CovYawYaw,0.0409741,258.7
a2c73199b930a8ab3bc0d14ce413fd95,Localization Quality,AMCLPose,CovYY,0.0681266,258.7
a2c73199b930a8ab3bc0d14ce413fd95,Localization Quality,AMCLPose,CovXX,0.087153,258.7
a2c73199b930a8ab3bc0d14ce413fd95,Localization Quality,AMCLPose,MeanYaw,-2.40418,258.7
a2c73199b930a8ab3bc0d14ce413fd95,Localization Quality,AMCLPose,MeanY,-0.576751,258.7
a2c73199b930a8ab3bc0d14ce413fd95,Localization Quality,AMCLPose,MeanX,-1.3237,258.7
a2c73199b930a8ab3bc0d14ce413fd95,Localization Stability,TF,Jump Angular,-0.00301224,259.7
a2c73199b930a8ab3bc0d14ce413fd95,Localization Stability,TF,Jump Linear,0.00683417,259.7
a2c73199b930a8ab3bc0d14ce413fd95,Localization Stability,TF,Jump Angular,0,259.8
a2c73199b930a8ab3bc0d14ce413fd95,Localization Stability,TF,Jump Linear,0,259.8
a2c73199b930a8ab3bc0d14ce413fd95,Input Validity,Lidar,Lidar Rate,10,258.91
a2c73199b930a8ab3bc0d14ce413fd95,Input Validity,Odometry,Odometry Rate,50,258.91
a2c73199b930a8ab3bc0d14ce413fd95,Input Validity,TF,TF Rate,10,258.91
a2c73199b930a8ab3bc0d14ce413fd95,Localization Stability,TF,Jump Angular,0,259.9
a2c73199b930a8ab3bc0d14ce413fd95,Localization Stability,TF,Jump Linear,0,259.9
a2c73199b930a8ab3bc0d14ce413fd95,Input Validity,Lidar,Lidar Rate,10,259.01
a2c73199b930a8ab3bc0d14ce413fd95,Input Validity,Odometry,Odometry Rate,50,259.01
a2c73199b930a8ab3bc0d14ce413fd95,Input Validity,TF,TF Rate,10,259.01
a2c73199b930a8ab3bc0d14ce413fd95,Input Validity,Lidar,Lidar Rate,10,259.1
a2c73199b930a8ab3bc0d14ce413fd95,Input Validity,Odometry,Odometry Rate,50,259.1
a2c73199b930a8ab3bc0d14ce413fd95,Input Validity,TF,TF Rate,10,259.1
a2c73199b930a8ab3bc0d14ce413fd95,Localization Quality,AMCLPose,CovYawYaw,0.0413966,259
a2c73199b930a8ab3bc0d14ce413fd95,Localization Quality,AMCLPose,CovYY,0.0770493,259
a2c73199b930a8ab3bc0d14ce413fd95,Localization Quality,AMCLPose,CovXX,0.0970574,259
a2c73199b930a8ab3bc0d14ce413fd95,Localization Quality,AMCLPose,MeanYaw,-2.4004,259
a2c73199b930a8ab3bc0d14ce413fd95,Localization Quality,AMCLPose,MeanY,-0.666966,259
a2c73199b930a8ab3bc0d14ce413fd95,Localization Quality,AMCLPose,MeanX,-1.42683,259
a2c73199b930a8ab3bc0d14ce413fd95,Localization Stability,TF,Jump Angular,-0.00126738,260
a2c73199b930a8ab3bc0d14ce413fd95,Localization Stability,TF,Jump Linear,0.00233838,260
a2c73199b930a8ab3bc0d14ce413fd95,Localization Stability,TF,Jump Angular,0,260.1
a2c73199b930a8ab3bc0d14ce413fd95,Localization Stability,TF,Jump Linear,0,260.1
a2c73199b930a8ab3bc0d14ce413fd95,Input Validity,Lidar,Lidar Rate,10,259.2
a2c73199b930a8ab3bc0d14ce413fd95,Input Validity,Odometry,Odometry Rate,50,259.2
a2c73199b930a8ab3bc0d14ce413fd95,Input Validity,TF,TF Rate,10,259.2
a2c73199b930a8ab3bc0d14ce413fd95,Localization Stability,TF,Jump Angular,0,260.2
a2c73199b930a8ab3bc0d14ce413fd95,Localization Stability,TF,Jump Linear,0,260.2
a2c73199b930a8ab3bc0d14ce413fd95,Input Validity,Lidar,Lidar Rate,10,259.3
a2c73199b930a8ab3bc0d14ce413fd95,Input Validity,Odometry,Odometry Rate,50,259.3
a2c73199b930a8ab3bc0d14ce413fd95,Input Validity,TF,TF Rate,10,259.3
a2c73199b930a8ab3bc0d14ce413fd95,Localization Quality,AMCLPose,CovYawYaw,0.0425638,259.3
a2c73199b930a8ab3bc0d14ce413fd95,Localization Quality,AMCLPose,CovYY,0.0863705,259.3
a2c73199b930a8ab3bc0d14ce413fd95,Localization Quality,AMCLPose,CovXX,0.102191,259.3
a2c73199b930a8ab3bc0d14ce413fd95,Localization Quality,AMCLPose,MeanYaw,-2.39976,259.3
a2c73199b930a8ab3bc0d14ce413fd95,Localization Quality,AMCLPose,MeanY,-0.752649,259.3
a2c73199b930a8ab3bc0d14ce413fd95,Localization Quality,AMCLPose,MeanX,-1.52431,259.3
a2c73199b930a8ab3bc0d14ce413fd95,Localization Stability,TF,Jump Angular,0.000940335,260.3
a2c73199b930a8ab3bc0d14ce413fd95,Localization Stability,TF,Jump Linear,0.00679574,260.3
a2c73199b930a8ab3bc0d14ce413fd95,Input Validity,Lidar,Lidar Rate,10,259.4
a2c73199b930a8ab3bc0d14ce413fd95,Input Validity,Odometry,Odometry Rate,50,259.4
a2c73199b930a8ab3bc0d14ce413fd95,Input Validity,TF,TF Rate,10,259.4
a2c73199b930a8ab3bc0d14ce413fd95,Localization Stability,TF,Jump Angular,0,260.4
a2c73199b930a8ab3bc0d14ce413fd95,Localization Stability,TF,Jump Linear,0,260.4
a2c73199b930a8ab3bc0d14ce413fd95,Input Validity,Lidar,Lidar Rate,10,259.5
a2c73199b930a8ab3bc0d14ce413fd95,Input Validity,Odometry,Odometry Rate,50,259.5
a2c73199b930a8ab3bc0d14ce413fd95,Input Validity,TF,TF Rate,10,259.5
a2c73199b930a8ab3bc0d14ce413fd95,Localization Stability,TF,Jump Angular,0,260.5
a2c73199b930a8ab3bc0d14ce413fd95,Localization Stability,TF,Jump Linear,0,260.5
a2c73199b930a8ab3bc0d14ce413fd95,Input Validity,Lidar,Lidar Rate,10,259.6
a2c73199b930a8ab3bc0d14ce413fd95,Input Validity,Odometry,Odometry Rate,50,259.6
a2c73199b930a8ab3bc0d14ce413fd95,Input Validity,TF,TF Rate,10,259.6
a2c73199b930a8ab3bc0d14ce413fd95,Input Validity,Lidar,Lidar Rate,10,259.7
a2c73199b930a8ab3bc0d14ce413fd95,Input Validity,Odometry,Odometry Rate,50,259.7
a2c73199b930a8ab3bc0d14ce413fd95,Input Validity,TF,TF Rate,10,259.7
a2c73199b930a8ab3bc0d14ce413fd95,Localization Quality,AMCLPose,CovYawYaw,0.0427232,259.6
a2c73199b930a8ab3bc0d14ce413fd95,Localization Quality,AMCLPose,CovYY,0.0925248,259.6
a2c73199b930a8ab3bc0d14ce413fd95,Localization Quality,AMCLPose,CovXX,0.106009,259.6
a2c73199b930a8ab3bc0d14ce413fd95,Localization Quality,AMCLPose,MeanYaw,-2.40379,259.6
a2c73199b930a8ab3bc0d14ce413fd95,Localization Quality,AMCLPose,MeanY,-0.843487,259.6
a2c73199b930a8ab3bc0d14ce413fd95,Localization Quality,AMCLPose,MeanX,-1.62633,259.6
a2c73199b930a8ab3bc0d14ce413fd95,Localization Stability,TF,Jump Angular,0.00362172,260.6
a2c73199b930a8ab3bc0d14ce413fd95,Localization Stability,TF,Jump Linear,0.00817387,260.6
a2c73199b930a8ab3bc0d14ce413fd95,Localization Stability,TF,Jump Angular,0,260.7
a2c73199b930a8ab3bc0d14ce413fd95,Localization Stability,TF,Jump Linear,0,260.7
a2c73199b930a8ab3bc0d14ce413fd95,Input Validity,Lidar,Lidar Rate,10,259.8
a2c73199b930a8ab3bc0d14ce413fd95,Input Validity,Odometry,Odometry Rate,50,259.8
a2c73199b930a8ab3bc0d14ce413fd95,Input Validity,TF,TF Rate,10,259.8
a2c73199b930a8ab3bc0d14ce413fd95,Localization Stability,TF,Jump Angular,0,260.8
a2c73199b930a8ab3bc0d14ce413fd95,Localization Stability,TF,Jump Linear,0,260.8
a2c73199b930a8ab3bc0d14ce413fd95,Input Validity,Lidar,Lidar Rate,10,259.89
a2c73199b930a8ab3bc0d14ce413fd95,Input Validity,Odometry,Odometry Rate,50,259.89
a2c73199b930a8ab3bc0d14ce413fd95,Input Validity,TF,TF Rate,10,259.89
a2c73199b930a8ab3bc0d14ce413fd95,Input Validity,Lidar,Lidar Rate,10,259.99
a2c73199b930a8ab3bc0d14ce413fd95,Input Validity,Odometry,Odometry Rate,50,259.99
a2c73199b930a8ab3bc0d14ce413fd95,Input Validity,TF,TF Rate,10,259.99
a2c73199b930a8ab3bc0d14ce413fd95,Localization Stability,TF,Jump Angular,0,260.9
a2c73199b930a8ab3bc0d14ce413fd95,Localization Stability,TF,Jump Linear,0,260.9
a2c73199b930a8ab3bc0d14ce413fd95,Input Validity,Lidar,Lidar Rate,10,260.09
a2c73199b930a8ab3bc0d14ce413fd95,Input Validity,Odometry,Odometry Rate,50,260.09
a2c73199b930a8ab3bc0d14ce413fd95,Input Validity,TF,TF Rate,10,260.09
a2c73199b930a8ab3bc0d14ce413fd95,Localization Quality,AMCLPose,CovYawYaw,0.047907,260
a2c73199b930a8ab3bc0d14ce413fd95,Localization Quality,AMCLPose,CovYY,0.104423,260
a2c73199b930a8ab3bc0d14ce413fd95,Localization Quality,AMCLPose,CovXX,0.120535,260
a2c73199b930a8ab3bc0d14ce413fd95,Localization Quality,AMCLPose,MeanYaw,-2.41161,260
a2c73199b930a8ab3bc0d14ce413fd95,Localization Quality,AMCLPose,MeanY,-0.950934,260
a2c73199b930a8ab3bc0d14ce413fd95,Localization Quality,AMCLPose,MeanX,-1.73598,260
a2c73199b930a8ab3bc0d14ce413fd95,Localization Stability,TF,Jump Angular,0.000539171,261
a2c73199b930a8ab3bc0d14ce413fd95,Localization Stability,TF,Jump Linear,0.0122971,261
a2c73199b930a8ab3bc0d14ce413fd95,Input Validity,Lidar,Lidar Rate,10,260.18
a2c73199b930a8ab3bc0d14ce413fd95,Input Validity,Odometry,Odometry Rate,50,260.18
a2c73199b930a8ab3bc0d14ce413fd95,Input Validity,TF,TF Rate,10,260.18
a2c73199b930a8ab3bc0d14ce413fd95,Localization Stability,TF,Jump Angular,0,261.1
a2c73199b930a8ab3bc0d14ce413fd95,Localization Stability,TF,Jump Linear,0,261.1
a2c73199b930a8ab3bc0d14ce413fd95,Localization Stability,TF,Jump Angular,0,261.2
a2c73199b930a8ab3bc0d14ce413fd95,Localization Stability,TF,Jump Linear,0,261.2
a2c73199b930a8ab3bc0d14ce413fd95,Input Validity,Lidar,Lidar Rate,10,260.28
a2c73199b930a8ab3bc0d14ce413fd95,Input Validity,Odometry,Odometry Rate,50,260.28
a2c73199b930a8ab3bc0d14ce413fd95,Input Validity,TF,TF Rate,10,260.28
a2c73199b930a8ab3bc0d14ce413fd95,Input Validity,Lidar,Lidar Rate,10,260.38
a2c73199b930a8ab3bc0d14ce413fd95,Input Validity,Odometry,Odometry Rate,50,260.38
a2c73199b930a8ab3bc0d14ce413fd95,Input Validity,TF,TF Rate,10,260.38
a2c73199b930a8ab3bc0d14ce413fd95,Localization Stability,TF,Jump Angular,0,261.3
a2c73199b930a8ab3bc0d14ce413fd95,Localization Stability,TF,Jump Linear,0,261.3
a2c73199b930a8ab3bc0d14ce413fd95,Input Validity,Lidar,Lidar Rate,10,260.47
a2c73199b930a8ab3bc0d14ce413fd95,Input Validity,Odometry,Odometry Rate,50,260.47
a2c73199b930a8ab3bc0d14ce413fd95,Input Validity,TF,TF Rate,10,260.47
a2c73199b930a8ab3bc0d14ce413fd95,Localization Quality,AMCLPose,CovYawYaw,0.0508136,260.4
a2c73199b930a8ab3bc0d14ce413fd95,Localization Quality,AMCLPose,CovYY,0.115367,260.4
a2c73199b930a8ab3bc0d14ce413fd95,Localization Quality,AMCLPose,CovXX,0.125047,260.4
a2c73199b930a8ab3bc0d14ce413fd95,Localization Quality,AMCLPose,MeanYaw,-2.41953,260.4
a2c73199b930a8ab3bc0d14ce413fd95,Localization Quality,AMCLPose,MeanY,-1.0328,260.4
a2c73199b930a8ab3bc0d14ce413fd95,Localization Quality,AMCLPose,MeanX,-1.83211,260.4
a2c73199b930a8ab3bc0d14ce413fd95,Localization Stability,TF,Jump Angular,-0.00588211,261.4
a2c73199b930a8ab3bc0d14ce413fd95,Localization Stability,TF,Jump Linear,0.0102626,261.4
a2c73199b930a8ab3bc0d14ce413fd95,Input Validity,Lidar,Lidar Rate,10,260.57
a2c73199b930a8ab3bc0d14ce413fd95,Input Validity,Odometry,Odometry Rate,50,260.57
a2c73199b930a8ab3bc0d14ce413fd95,Input Validity,TF,TF Rate,10,260.57
a2c73199b930a8ab3bc0d14ce413fd95,Localization Stability,TF,Jump Angular,0,261.5
a2c73199b930a8ab3bc0d14ce413fd95,Localization Stability,TF,Jump Linear,0,261.5
a2c73199b930a8ab3bc0d14ce413fd95,Input Validity,Lidar,Lidar Rate,10,260.67
a2c73199b930a8ab3bc0d14ce413fd95,Input Validity,Odometry,Odometry Rate,50,260.67
a2c73199b930a8ab3bc0d14ce413fd95,Input Validity,TF,TF Rate,10,260.67
a2c73199b930a8ab3bc0d14ce413fd95,Localization Stability,TF,Jump Angular,0,261.6
a2c73199b930a8ab3bc0d14ce413fd95,Localization Stability,TF,Jump Linear,0,261.6
a2c73199b930a8ab3bc0d14ce413fd95,Input Validity,Lidar,Lidar Rate,10,260.76
a2c73199b930a8ab3bc0d14ce413fd95,Input Validity,Odometry,Odometry Rate,50,260.76
a2c73199b930a8ab3bc0d14ce413fd95,Input Validity,TF,TF Rate,10,260.76
a2c73199b930a8ab3bc0d14ce413fd95,Localization Stability,TF,Jump Angular,0,261.7
a2c73199b930a8ab3bc0d14ce413fd95,Localization Stability,TF,Jump Linear,0,261.7
a2c73199b930a8ab3bc0d14ce413fd95,Input Validity,Lidar,Lidar Rate,10,260.86
a2c73199b930a8ab3bc0d14ce413fd95,Input Validity,Odometry,Odometry Rate,50,260.86
a2c73199b930a8ab3bc0d14ce413fd95,Input Validity,TF,TF Rate,10,260.86
a2c73199b930a8ab3bc0d14ce413fd95,Localization Stability,TF,Jump Angular,0,261.8
a2c73199b930a8ab3bc0d14ce413fd95,Localization Stability,TF,Jump Linear,0,261.8
a2c73199b930a8ab3bc0d14ce413fd95,Input Validity,Lidar,Lidar Rate,10,260.96
a2c73199b930a8ab3bc0d14ce413fd95,Input Validity,Odometry,Odometry Rate,50,260.96
a2c73199b930a8ab3bc0d14ce413fd95,Input Validity,TF,TF Rate,10,260.96
a2c73199b930a8ab3bc0d14ce413fd95,Localization Stability,TF,Jump Angular,0,261.9
a2c73199b930a8ab3bc0d14ce413fd95,Localization Stability,TF,Jump Linear,0,261.9
a2c73199b930a8ab3bc0d14ce413fd95,Input Validity,Lidar,Lidar Rate,10,261.06
a2c73199b930a8ab3bc0d14ce413fd95,Input Validity,Odometry,Odometry Rate,50,261.06
a2c73199b930a8ab3bc0d14ce413fd95,Input Validity,TF,TF Rate,10,261.06
a2c73199b930a8ab3bc0d14ce413fd95,Localization Quality,AMCLPose,CovYawYaw,0.0525648,261
a2c73199b930a8ab3bc0d14ce413fd95,Localization Quality,AMCLPose,CovYY,0.129626,261
a2c73199b930a8ab3bc0d14ce413fd95,Localization Quality,AMCLPose,CovXX,0.138333,261
a2c73199b930a8ab3bc0d14ce413fd95,Localization Quality,AMCLPose,MeanYaw,-2.41498,261
a2c73199b930a8ab3bc0d14ce413fd95,Localization Quality,AMCLPose,MeanY,-1.1357,261
a2c73199b930a8ab3bc0d14ce413fd95,Localization Quality,AMCLPose,MeanX,-1.93876,261
a2c73199b930a8ab3bc0d14ce413fd95,Localization Stability,TF,Jump Angular,0.00709001,262
a2c73199b930a8ab3bc0d14ce413fd95,Localization Stability,TF,Jump Linear,0.00910831,262
a2c73199b930a8ab3bc0d14ce413fd95,Localization Stability,TF,Jump Angular,0,262.1
a2c73199b930a8ab3bc0d14ce413fd95,Localization Stability,TF,Jump Linear,0,262.1
a2c73199b930a8ab3bc0d14ce413fd95,Input Validity,Lidar,Lidar Rate,10,261.16
a2c73199b930a8ab3bc0d14ce413fd95,Input Validity,Odometry,Odometry Rate,50,261.16
a2c73199b930a8ab3bc0d14ce413fd95,Input Validity,TF,TF Rate,10,261.16
a2c73199b930a8ab3bc0d14ce413fd95,Input Validity,Lidar,Lidar Rate,10,261.26
a2c73199b930a8ab3bc0d14ce413fd95,Input Validity,Odometry,Odometry Rate,50,261.26
a2c73199b930a8ab3bc0d14ce413fd95,Input Validity,TF,TF Rate,10,261.26
a2c73199b930a8ab3bc0d14ce413fd95,Localization Stability,TF,Jump Angular,0,262.2
a2c73199b930a8ab3bc0d14ce413fd95,Localization Stability,TF,Jump Linear,0,262.2
a2c73199b930a8ab3bc0d14ce413fd95,Localization Stability,TF,Jump Angular,0,262.3
a2c73199b930a8ab3bc0d14ce413fd95,Localization Stability,TF,Jump Linear,0,262.3
a2c73199b930a8ab3bc0d14ce413fd95,Input Validity,Lidar,Lidar Rate,10,261.36
a2c73199b930a8ab3bc0d14ce413fd95,Input Validity,Odometry,Odometry Rate,50,261.36
a2c73199b930a8ab3bc0d14ce413fd95,Input Validity,TF,TF Rate,10,261.36
a2c73199b930a8ab3bc0d14ce413fd95,Input Validity,Lidar,Lidar Rate,10,261.46
a2c73199b930a8ab3bc0d14ce413fd95,Input Validity,Odometry,Odometry Rate,50,261.46
a2c73199b930a8ab3bc0d14ce413fd95,Input Validity,TF,TF Rate,10,261.46
a2c73199b930a8ab3bc0d14ce413fd95,Localization Stability,TF,Jump Angular,0,262.4
a2c73199b930a8ab3bc0d14ce413fd95,Localization Stability,TF,Jump Linear,0,262.4
a2c73199b930a8ab3bc0d14ce413fd95,Input Validity,Lidar,Lidar Rate,10,261.56
a2c73199b930a8ab3bc0d14ce413fd95,Input Validity,Odometry,Odometry Rate,50,261.56
a2c73199b930a8ab3bc0d14ce413fd95,Input Validity,TF,TF Rate,10,261.56
a2c73199b930a8ab3bc0d14ce413fd95,Localization Stability,TF,Jump Angular,0,262.5
a2c73199b930a8ab3bc0d14ce413fd95,Localization Stability,TF,Jump Linear,0,262.5
a2c73199b930a8ab3bc0d14ce413fd95,Input Validity,Lidar,Lidar Rate,10,261.66
a2c73199b930a8ab3bc0d14ce413fd95,Input Validity,Odometry,Odometry Rate,50,261.66
a2c73199b930a8ab3bc0d14ce413fd95,Input Validity,TF,TF Rate,10,261.66
a2c73199b930a8ab3bc0d14ce413fd95,Localization Stability,TF,Jump Angular,0,262.6
a2c73199b930a8ab3bc0d14ce413fd95,Localization Stability,TF,Jump Linear,0,262.6
a2c73199b930a8ab3bc0d14ce413fd95,Input Validity,Lidar,Lidar Rate,10,261.76
a2c73199b930a8ab3bc0d14ce413fd95,Input Validity,Odometry,Odometry Rate,50,261.76
a2c73199b930a8ab3bc0d14ce413fd95,Input Validity,TF,TF Rate,10,261.76
a2c73199b930a8ab3bc0d14ce413fd95,Localization Stability,TF,Jump Angular,0,262.7
a2c73199b930a8ab3bc0d14ce413fd95,Localization Stability,TF,Jump Linear,0,262.7
a2c73199b930a8ab3bc0d14ce413fd95,Input Validity,Lidar,Lidar Rate,10,261.86
a2c73199b930a8ab3bc0d14ce413fd95,Input Validity,Odometry,Odometry Rate,50,261.86
a2c73199b930a8ab3bc0d14ce413fd95,Input Validity,TF,TF Rate,10,261.86
a2c73199b930a8ab3bc0d14ce413fd95,Localization Quality,AMCLPose,CovYawYaw,0.0554577,261.8
a2c73199b930a8ab3bc0d14ce413fd95,Localization Quality,AMCLPose,CovYY,0.152405,261.8
a2c73199b930a8ab3bc0d14ce413fd95,Localization Quality,AMCLPose,CovXX,0.145907,261.8
a2c73199b930a8ab3bc0d14ce413fd95,Localization Quality,AMCLPose,MeanYaw,-2.42337,261.8
a2c73199b930a8ab3bc0d14ce413fd95,Localization Quality,AMCLPose,MeanY,-1.22941,261.8
a2c73199b930a8ab3bc0d14ce413fd95,Localization Quality,AMCLPose,MeanX,-2.02909,261.8
a2c73199b930a8ab3bc0d14ce413fd95,Localization Stability,TF,Jump Angular,-0.00139514,262.8
a2c73199b930a8ab3bc0d14ce413fd95,Localization Stability,TF,Jump Linear,0.0158324,262.8
a2c73199b930a8ab3bc0d14ce413fd95,Input Validity,Lidar,Lidar Rate,10,261.96
a2c73199b930a8ab3bc0d14ce413fd95,Input Validity,Odometry,Odometry Rate,50,261.96
a2c73199b930a8ab3bc0d14ce413fd95,Input Validity,TF,TF Rate,10,261.96
a2c73199b930a8ab3bc0d14ce413fd95,Localization Stability,TF,Jump Angular,0,262.9
a2c73199b930a8ab3bc0d14ce413fd95,Localization Stability,TF,Jump Linear,0,262.9
a2c73199b930a8ab3bc0d14ce413fd95,Input Validity,Lidar,Lidar Rate,10,262.06
a2c73199b930a8ab3bc0d14ce413fd95,Input Validity,Odometry,Odometry Rate,50,262.06
a2c73199b930a8ab3bc0d14ce413fd95,Input Validity,TF,TF Rate,10,262.06
a2c73199b930a8ab3bc0d14ce413fd95,Localization Stability,TF,Jump Angular,0,263
a2c73199b930a8ab3bc0d14ce413fd95,Localization Stability,TF,Jump Linear,0,263
a2c73199b930a8ab3bc0d14ce413fd95,Input Validity,Lidar,Lidar Rate,10,262.16
a2c73199b930a8ab3bc0d14ce413fd95,Input Validity,Odometry,Odometry Rate,50,262.16
a2c73199b930a8ab3bc0d14ce413fd95,Input Validity,TF,TF Rate,10,262.16
a2c73199b930a8ab3bc0d14ce413fd95,Localization Stability,TF,Jump Angular,0,263.1
a2c73199b930a8ab3bc0d14ce413fd95,Localization Stability,TF,Jump Linear,0,263.1
a2c73199b930a8ab3bc0d14ce413fd95,Input Validity,Lidar,Lidar Rate,10,262.25
a2c73199b930a8ab3bc0d14ce413fd95,Input Validity,Odometry,Odometry Rate,50,262.25
a2c73199b930a8ab3bc0d14ce413fd95,Input Validity,TF,TF Rate,10,262.25
a2c73199b930a8ab3bc0d14ce413fd95,Localization Stability,TF,Jump Angular,0,263.2
a2c73199b930a8ab3bc0d14ce413fd95,Localization Stability,TF,Jump Linear,0,263.2
a2c73199b930a8ab3bc0d14ce413fd95,Input Validity,Lidar,Lidar Rate,10,262.35
a2c73199b930a8ab3bc0d14ce413fd95,Input Validity,Odometry,Odometry Rate,50,262.35
a2c73199b930a8ab3bc0d14ce413fd95,Input Validity,TF,TF Rate,10,262.35
a2c73199b930a8ab3bc0d14ce413fd95,Localization Stability,TF,Jump Angular,0,263.3
a2c73199b930a8ab3bc0d14ce413fd95,Localization Stability,TF,Jump Linear,0,263.3
a2c73199b930a8ab3bc0d14ce413fd95,Input Validity,Lidar,Lidar Rate,10,262.43
a2c73199b930a8ab3bc0d14ce413fd95,Input Validity,Odometry,Odometry Rate,50,262.43
a2c73199b930a8ab3bc0d14ce413fd95,Input Validity,TF,TF Rate,10,262.43
a2c73199b930a8ab3bc0d14ce413fd95,Localization Stability,TF,Jump Angular,0,263.4
a2c73199b930a8ab3bc0d14ce413fd95,Localization Stability,TF,Jump Linear,0,263.4
a2c73199b930a8ab3bc0d14ce413fd95,Input Validity,Lidar,Lidar Rate,10,262.53
a2c73199b930a8ab3bc0d14ce413fd95,Input Validity,Odometry,Odometry Rate,50,262.53
a2c73199b930a8ab3bc0d14ce413fd95,Input Validity,TF,TF Rate,10,262.53
a2c73199b930a8ab3bc0d14ce413fd95,Localization Stability,TF,Jump Angular,0,263.5
a2c73199b930a8ab3bc0d14ce413fd95,Localization Stability,TF,Jump Linear,0,263.5
a2c73199b930a8ab3bc0d14ce413fd95,Input Validity,Lidar,Lidar Rate,10,262.63
a2c73199b930a8ab3bc0d14ce413fd95,Input Validity,Odometry,Odometry Rate,50,262.63
a2c73199b930a8ab3bc0d14ce413fd95,Input Validity,TF,TF Rate,10,262.63
a2c73199b930a8ab3bc0d14ce413fd95,Localization Stability,TF,Jump Angular,0,263.6
a2c73199b930a8ab3bc0d14ce413fd95,Localization Stability,TF,Jump Linear,0,263.6
a2c73199b930a8ab3bc0d14ce413fd95,Input Validity,Lidar,Lidar Rate,10,262.73
a2c73199b930a8ab3bc0d14ce413fd95,Input Validity,Odometry,Odometry Rate,50,262.73
a2c73199b930a8ab3bc0d14ce413fd95,Input Validity,TF,TF Rate,10,262.73
a2c73199b930a8ab3bc0d14ce413fd95,Localization Stability,TF,Jump Angular,0,263.7
a2c73199b930a8ab3bc0d14ce413fd95,Localization Stability,TF,Jump Linear,0,263.7
a2c73199b930a8ab3bc0d14ce413fd95,Input Validity,Lidar,Lidar Rate,10,262.83
a2c73199b930a8ab3bc0d14ce413fd95,Input Validity,Odometry,Odometry Rate,50,262.83
a2c73199b930a8ab3bc0d14ce413fd95,Input Validity,TF,TF Rate,10,262.83
a2c73199b930a8ab3bc0d14ce413fd95,Localization Stability,TF,Jump Angular,0,263.8
a2c73199b930a8ab3bc0d14ce413fd95,Localization Stability,TF,Jump Linear,0,263.8
a2c73199b930a8ab3bc0d14ce413fd95,Input Validity,Lidar,Lidar Rate,10,262.92
a2c73199b930a8ab3bc0d14ce413fd95,Input Validity,Odometry,Odometry Rate,50,262.92
a2c73199b930a8ab3bc0d14ce413fd95,Input Validity,TF,TF Rate,10,262.92
a2c73199b930a8ab3bc0d14ce413fd95,Localization Stability,TF,Jump Angular,0,263.9
a2c73199b930a8ab3bc0d14ce413fd95,Localization Stability,TF,Jump Linear,0,263.9
a2c73199b930a8ab3bc0d14ce413fd95,Input Validity,Lidar,Lidar Rate,10,263.02
a2c73199b930a8ab3bc0d14ce413fd95,Input Validity,Odometry,Odometry Rate,50,263.02
a2c73199b930a8ab3bc0d14ce413fd95,Input Validity,TF,TF Rate,10,263.02
a2c73199b930a8ab3bc0d14ce413fd95,Localization Quality,AMCLPose,CovYawYaw,0.0605136,263
a2c73199b930a8ab3bc0d14ce413fd95,Localization Quality,AMCLPose,CovYY,0.173487,263
a2c73199b930a8ab3bc0d14ce413fd95,Localization Quality,AMCLPose,CovXX,0.155206,263
a2c73199b930a8ab3bc0d14ce413fd95,Localization Quality,AMCLPose,MeanYaw,-2.47632,263
a2c73199b930a8ab3bc0d14ce413fd95,Localization Quality,AMCLPose,MeanY,-1.30423,263
a2c73199b930a8ab3bc0d14ce413fd95,Localization Quality,AMCLPose,MeanX,-2.10985,263
a2c73199b930a8ab3bc0d14ce413fd95,Localization Stability,TF,Jump Angular,0.000385744,264
a2c73199b930a8ab3bc0d14ce413fd95,Localization Stability,TF,Jump Linear,0.0103501,264
a2c73199b930a8ab3bc0d14ce413fd95,Input Validity,Lidar,Lidar Rate,10,263.12
a2c73199b930a8ab3bc0d14ce413fd95,Input Validity,Odometry,Odometry Rate,50,263.12
a2c73199b930a8ab3bc0d14ce413fd95,Input Validity,TF,TF Rate,10,263.12
a2c73199b930a8ab3bc0d14ce413fd95,Localization Stability,TF,Jump Angular,0,264.1
a2c73199b930a8ab3bc0d14ce413fd95,Localization Stability,TF,Jump Linear,0,264.1
a2c73199b930a8ab3bc0d14ce413fd95,Input Validity,Lidar,Lidar Rate,10,263.22
a2c73199b930a8ab3bc0d14ce413fd95,Input Validity,Odometry,Odometry Rate,50,263.22
a2c73199b930a8ab3bc0d14ce413fd95,Input Validity,TF,TF Rate,10,263.22
a2c73199b930a8ab3bc0d14ce413fd95,Localization Stability,TF,Jump Angular,0,264.2
a2c73199b930a8ab3bc0d14ce413fd95,Localization Stability,TF,Jump Linear,0,264.2
a2c73199b930a8ab3bc0d14ce413fd95,Input Validity,Lidar,Lidar Rate,10,263.32
a2c73199b930a8ab3bc0d14ce413fd95,Input Validity,Odometry,Odometry Rate,50,263.32
a2c73199b930a8ab3bc0d14ce413fd95,Input Validity,TF,TF Rate,10,263.32
a2c73199b930a8ab3bc0d14ce413fd95,Localization Stability,TF,Jump Angular,0,264.3
a2c73199b930a8ab3bc0d14ce413fd95,Localization Stability,TF,Jump Linear,0,264.3
a2c73199b930a8ab3bc0d14ce413fd95,Input Validity,Lidar,Lidar Rate,10,263.42
a2c73199b930a8ab3bc0d14ce413fd95,Input Validity,Odometry,Odometry Rate,50,263.42
a2c73199b930a8ab3bc0d14ce413fd95,Input Validity,TF,TF Rate,10,263.42
a2c73199b930a8ab3bc0d14ce413fd95,Localization Stability,TF,Jump Angular,0,264.4
a2c73199b930a8ab3bc0d14ce413fd95,Localization Stability,TF,Jump Linear,0,264.4
a2c73199b930a8ab3bc0d14ce413fd95,Input Validity,Lidar,Lidar Rate,10,263.52
a2c73199b930a8ab3bc0d14ce413fd95,Input Validity,Odometry,Odometry Rate,50,263.52
a2c73199b930a8ab3bc0d14ce413fd95,Input Validity,TF,TF Rate,10,263.52
a2c73199b930a8ab3bc0d14ce413fd95,Localization Quality,AMCLPose,CovYawYaw,0.0597827,263.5
a2c73199b930a8ab3bc0d14ce413fd95,Localization Quality,AMCLPose,CovYY,0.178356,263.5
a2c73199b930a8ab3bc0d14ce413fd95,Localization Quality,AMCLPose,CovXX,0.161623,263.5
a2c73199b930a8ab3bc0d14ce413fd95,Localization Quality,AMCLPose,MeanYaw,-2.53305,263.5
a2c73199b930a8ab3bc0d14ce413fd95,Localization Quality,AMCLPose,MeanY,-1.32038,263.5
a2c73199b930a8ab3bc0d14ce413fd95,Localization Quality,AMCLPose,MeanX,-2.15504,263.5
a2c73199b930a8ab3bc0d14ce413fd95,Localization Stability,TF,Jump Angular,-0.00148134,264.5
a2c73199b930a8ab3bc0d14ce413fd95,Localization Stability,TF,Jump Linear,0.0116406,264.5
a2c73199b930a8ab3bc0d14ce413fd95,Input Validity,Lidar,Lidar Rate,10,263.61
a2c73199b930a8ab3bc0d14ce413fd95,Input Validity,Odometry,Odometry Rate,50,263.61
a2c73199b930a8ab3bc0d14ce413fd95,Input Validity,TF,TF Rate,10,263.61
a2c73199b930a8ab3bc0d14ce413fd95,Localization Stability,TF,Jump Angular,0,264.6
a2c73199b930a8ab3bc0d14ce413fd95,Localization Stability,TF,Jump Linear,0,264.6
a2c73199b930a8ab3bc0d14ce413fd95,Input Validity,Lidar,Lidar Rate,10,263.71
a2c73199b930a8ab3bc0d14ce413fd95,Input Validity,Odometry,Odometry Rate,50,263.71
a2c73199b930a8ab3bc0d14ce413fd95,Input Validity,TF,TF Rate,10,263.71
a2c73199b930a8ab3bc0d14ce413fd95,Localization Stability,TF,Jump Angular,0,264.7
a2c73199b930a8ab3bc0d14ce413fd95,Localization Stability,TF,Jump Linear,0,264.7
a2c73199b930a8ab3bc0d14ce413fd95,Input Validity,Lidar,Lidar Rate,10,263.81
a2c73199b930a8ab3bc0d14ce413fd95,Input Validity,Odometry,Odometry Rate,50,263.81
a2c73199b930a8ab3bc0d14ce413fd95,Input Validity,TF,TF Rate,10,263.81
a2c73199b930a8ab3bc0d14ce413fd95,Localization Quality,AMCLPose,CovYawYaw,0.0457331,263.8
a2c73199b930a8ab3bc0d14ce413fd95,Localization Quality,AMCLPose,CovYY,0.141931,263.8
a2c73199b930a8ab3bc0d14ce413fd95,Localization Quality,AMCLPose,CovXX,0.115921,263.8
a2c73199b930a8ab3bc0d14ce413fd95,Localization Quality,AMCLPose,MeanYaw,-2.59754,263.8
a2c73199b930a8ab3bc0d14ce413fd95,Localization Quality,AMCLPose,MeanY,-1.35095,263.8
a2c73199b930a8ab3bc0d14ce413fd95,Localization Quality,AMCLPose,MeanX,-2.12405,263.8
a2c73199b930a8ab3bc0d14ce413fd95,Localization Stability,TF,Jump Angular,0.00577517,264.8
a2c73199b930a8ab3bc0d14ce413fd95,Localization Stability,TF,Jump Linear,0.0352556,264.8
a2c73199b930a8ab3bc0d14ce413fd95,Input Validity,Lidar,Lidar Rate,10,263.91
a2c73199b930a8ab3bc0d14ce413fd95,Input Validity,Odometry,Odometry Rate,50,263.91
a2c73199b930a8ab3bc0d14ce413fd95,Input Validity,TF,TF Rate,10,263.91
a2c73199b930a8ab3bc0d14ce413fd95,Localization Quality,AMCLPose,CovYawYaw,0.0293201,263.9
a2c73199b930a8ab3bc0d14ce413fd95,Localization Quality,AMCLPose,CovYY,0.102799,263.9
a2c73199b930a8ab3bc0d14ce413fd95,Localization Quality,AMCLPose,CovXX,0.0742653,263.9
a2c73199b930a8ab3bc0d14ce413fd95,Localization Quality,AMCLPose,MeanYaw,-2.65359,263.9
a2c73199b930a8ab3bc0d14ce413fd95,Localization Quality,AMCLPose,MeanY,-1.36694,263.9
a2c73199b930a8ab3bc0d14ce413fd95,Localization Quality,AMCLPose,MeanX,-2.11385,263.9
a2c73199b930a8ab3bc0d14ce413fd95,Localization Stability,TF,Jump Angular,-0.000472871,264.9
a2c73199b930a8ab3bc0d14ce413fd95,Localization Stability,TF,Jump Linear,0.0201674,264.9
a2c73199b930a8ab3bc0d14ce413fd95,Input Validity,Lidar,Lidar Rate,10,264.01
a2c73199b930a8ab3bc0d14ce413fd95,Input Validity,Odometry,Odometry Rate,50,264.01
a2c73199b930a8ab3bc0d14ce413fd95,Input Validity,TF,TF Rate,10,264.01
a2c73199b930a8ab3bc0d14ce413fd95,Localization Quality,AMCLPose,CovYawYaw,0.0183373,264
a2c73199b930a8ab3bc0d14ce413fd95,Localization Quality,AMCLPose,CovYY,0.0804527,264
a2c73199b930a8ab3bc0d14ce413fd95,Localization Quality,AMCLPose,CovXX,0.0433681,264
a2c73199b930a8ab3bc0d14ce413fd95,Localization Quality,AMCLPose,MeanYaw,-2.74098,264
a2c73199b930a8ab3bc0d14ce413fd95,Localization Quality,AMCLPose,MeanY,-1.36499,264
a2c73199b930a8ab3bc0d14ce413fd95,Localization Quality,AMCLPose,MeanX,-2.13337,264
a2c73199b930a8ab3bc0d14ce413fd95,Localization Stability,TF,Jump Angular,-0.0148343,265
a2c73199b930a8ab3bc0d14ce413fd95,Localization Stability,TF,Jump Linear,0.0275742,265
a2c73199b930a8ab3bc0d14ce413fd95,Input Validity,Lidar,Lidar Rate,10,264.11
a2c73199b930a8ab3bc0d14ce413fd95,Input Validity,Odometry,Odometry Rate,50,264.11
a2c73199b930a8ab3bc0d14ce413fd95,Input Validity,TF,TF Rate,10,264.11
a2c73199b930a8ab3bc0d14ce413fd95,Input Validity,Lidar,Lidar Rate,10,264.21
a2c73199b930a8ab3bc0d14ce413fd95,Input Validity,Odometry,Odometry Rate,50,264.21
a2c73199b930a8ab3bc0d14ce413fd95,Input Validity,TF,TF Rate,10,264.21
a2c73199b930a8ab3bc0d14ce413fd95,Localization Quality,AMCLPose,CovYawYaw,0.010784,264.1
a2c73199b930a8ab3bc0d14ce413fd95,Localization Quality,AMCLPose,CovYY,0.0514277,264.1
a2c73199b930a8ab3bc0d14ce413fd95,Localization Quality,AMCLPose,CovXX,0.0222372,264.1
a2c73199b930a8ab3bc0d14ce413fd95,Localization Quality,AMCLPose,MeanYaw,-2.81517,264.1
a2c73199b930a8ab3bc0d14ce413fd95,Localization Quality,AMCLPose,MeanY,-1.34938,264.1
a2c73199b930a8ab3bc0d14ce413fd95,Localization Quality,AMCLPose,MeanX,-2.14948,264.1
a2c73199b930a8ab3bc0d14ce413fd95,Localization Stability,TF,Jump Angular,-0.00647151,265.1
a2c73199b930a8ab3bc0d14ce413fd95,Localization Stability,TF,Jump Linear,0.00507702,265.1
a2c73199b930a8ab3bc0d14ce413fd95,Localization Stability,TF,Jump Angular,0,265.2
a2c73199b930a8ab3bc0d14ce413fd95,Localization Stability,TF,Jump Linear,0,265.2
a2c73199b930a8ab3bc0d14ce413fd95,Input Validity,Lidar,Lidar Rate,10,264.31
a2c73199b930a8ab3bc0d14ce413fd95,Input Validity,Odometry,Odometry Rate,50,264.31
a2c73199b930a8ab3bc0d14ce413fd95,Input Validity,TF,TF Rate,10,264.31
a2c73199b930a8ab3bc0d14ce413fd95,Input Validity,Lidar,Lidar Rate,10,264.4
a2c73199b930a8ab3bc0d14ce413fd95,Input Validity,Odometry,Odometry Rate,50,264.4
a2c73199b930a8ab3bc0d14ce413fd95,Input Validity,TF,TF Rate,10,264.4
a2c73199b930a8ab3bc0d14ce413fd95,Localization Quality,AMCLPose,CovYawYaw,0.00595815,264.3
a2c73199b930a8ab3bc0d14ce413fd95,Localization Quality,AMCLPose,CovYY,0.0317659,264.3
a2c73199b930a8ab3bc0d14ce413fd95,Localization Quality,AMCLPose,CovXX,0.0124904,264.3
a2c73199b930a8ab3bc0d14ce413fd95,Localization Quality,AMCLPose,MeanYaw,-2.92501,264.3
a2c73199b930a8ab3bc0d14ce413fd95,Localization Quality,AMCLPose,MeanY,-1.33927,264.3
a2c73199b930a8ab3bc0d14ce413fd95,Localization Quality,AMCLPose,MeanX,-2.16218,264.3
a2c73199b930a8ab3bc0d14ce413fd95,Localization Stability,TF,Jump Angular,0.00346967,265.3
a2c73199b930a8ab3bc0d14ce413fd95,Localization Stability,TF,Jump Linear,0.0229572,265.3
a2c73199b930a8ab3bc0d14ce413fd95,Input Validity,Lidar,Lidar Rate,10,264.5
a2c73199b930a8ab3bc0d14ce413fd95,Input Validity,Odometry,Odometry Rate,50,264.5
a2c73199b930a8ab3bc0d14ce413fd95,Input Validity,TF,TF Rate,10,264.5
a2c73199b930a8ab3bc0d14ce413fd95,Localization Quality,AMCLPose,CovYawYaw,0.00376109,264.4
a2c73199b930a8ab3bc0d14ce413fd95,Localization Quality,AMCLPose,CovYY,0.0214418,264.4
a2c73199b930a8ab3bc0d14ce413fd95,Localization Quality,AMCLPose,CovXX,0.00743511,264.4
a2c73199b930a8ab3bc0d14ce413fd95,Localization Quality,AMCLPose,MeanYaw,-3.00694,264.4
a2c73199b930a8ab3bc0d14ce413fd95,Localization Quality,AMCLPose,MeanY,-1.33881,264.4
a2c73199b930a8ab3bc0d14ce413fd95,Localization Quality,AMCLPose,MeanX,-2.17209,264.4
a2c73199b930a8ab3bc0d14ce413fd95,Localization Stability,TF,Jump Angular,0.00233362,265.4
a2c73199b930a8ab3bc0d14ce413fd95,Localization Stability,TF,Jump Linear,0.0146425,265.4
a2c73199b930a8ab3bc0d14ce413fd95,Input Validity,Lidar,Lidar Rate,10,264.6
a2c73199b930a8ab3bc0d14ce413fd95,Input Validity,Odometry,Odometry Rate,50,264.6
a2c73199b930a8ab3bc0d14ce413fd95,Input Validity,TF,TF Rate,10,264.6
a2c73199b930a8ab3bc0d14ce413fd95,Localization Quality,AMCLPose,CovYawYaw,0.00234872,264.5
a2c73199b930a8ab3bc0d14ce413fd95,Localization Quality,AMCLPose,CovYY,0.0132072,264.5
a2c73199b930a8ab3bc0d14ce413fd95,Localization Quality,AMCLPose,CovXX,0.00385395,264.5
a2c73199b930a8ab3bc0d14ce413fd95,Localization Quality,AMCLPose,MeanYaw,-3.10603,264.5
a2c73199b930a8ab3bc0d14ce413fd95,Localization Quality,AMCLPose,MeanY,-1.33944,264.5
a2c73199b930a8ab3bc0d14ce413fd95,Localization Quality,AMCLPose,MeanX,-2.17638,264.5
a2c73199b930a8ab3bc0d14ce413fd95,Localization Stability,TF,Jump Angular,0.00195293,265.5
a2c73199b930a8ab3bc0d14ce413fd95,Localization Stability,TF,Jump Linear,0.00815483,265.5
a2c73199b930a8ab3bc0d14ce413fd95,Input Validity,Lidar,Lidar Rate,10,264.7
a2c73199b930a8ab3bc0d14ce413fd95,Input Validity,Odometry,Odometry Rate,50,264.7
a2c73199b930a8ab3bc0d14ce413fd95,Input Validity,TF,TF Rate,10,264.7
a2c73199b930a8ab3bc0d14ce413fd95,Localization Quality,AMCLPose,CovYawYaw,0.00195211,264.6
a2c73199b930a8ab3bc0d14ce413fd95,Localization Quality,AMCLPose,CovYY,0.00950955,264.6
a2c73199b930a8ab3bc0d14ce413fd95,Localization Quality,AMCLPose,CovXX,0.00347941,264.6
a2c73199b930a8ab3bc0d14ce413fd95,Localization Quality,AMCLPose,MeanYaw,3.06344,264.6
a2c73199b930a8ab3bc0d14ce413fd95,Localization Quality,AMCLPose,MeanY,-1.34413,264.6
a2c73199b930a8ab3bc0d14ce413fd95,Localization Quality,AMCLPose,MeanX,-2.17984,264.6
a2c73199b930a8ab3bc0d14ce413fd95,Localization Stability,TF,Jump Angular,0.00424712,265.6
a2c73199b930a8ab3bc0d14ce413fd95,Localization Stability,TF,Jump Linear,0.0110725,265.6
a2c73199b930a8ab3bc0d14ce413fd95,Localization Quality,AMCLPose,CovYawYaw,0.0018241,264.7
a2c73199b930a8ab3bc0d14ce413fd95,Localization Quality,AMCLPose,CovYY,0.00677791,264.7
a2c73199b930a8ab3bc0d14ce413fd95,Localization Quality,AMCLPose,CovXX,0.00389341,264.7
a2c73199b930a8ab3bc0d14ce413fd95,Localization Quality,AMCLPose,MeanYaw,2.93328,264.7
a2c73199b930a8ab3bc0d14ce413fd95,Localization Quality,AMCLPose,MeanY,-1.34575,264.7
a2c73199b930a8ab3bc0d14ce413fd95,Localization Quality,AMCLPose,MeanX,-2.18337,264.7
a2c73199b930a8ab3bc0d14ce413fd95,Localization Stability,TF,Jump Angular,0.004788,265.7
a2c73199b930a8ab3bc0d14ce413fd95,Localization Stability,TF,Jump Linear,0.0138409,265.7
a2c73199b930a8ab3bc0d14ce413fd95,Input Validity,Lidar,Lidar Rate,10,264.8
a2c73199b930a8ab3bc0d14ce413fd95,Input Validity,Odometry,Odometry Rate,50,264.8
a2c73199b930a8ab3bc0d14ce413fd95,Input Validity,TF,TF Rate,10,264.8
a2c73199b930a8ab3bc0d14ce413fd95,Input Validity,Lidar,Lidar Rate,10,264.9
a2c73199b930a8ab3bc0d14ce413fd95,Input Validity,Odometry,Odometry Rate,50,264.9
a2c73199b930a8ab3bc0d14ce413fd95,Input Validity,TF,TF Rate,10,264.9
a2c73199b930a8ab3bc0d14ce413fd95,Localization Quality,AMCLPose,CovYawYaw,0.00186369,264.8
a2c73199b930a8ab3bc0d14ce413fd95,Localization Quality,AMCLPose,CovYY,0.00506445,264.8
a2c73199b930a8ab3bc0d14ce413fd95,Localization Quality,AMCLPose,CovXX,0.00437644,264.8
a2c73199b930a8ab3bc0d14ce413fd95,Localization Quality,AMCLPose,MeanYaw,2.78779,264.8
a2c73199b930a8ab3bc0d14ce413fd95,Localization Quality,AMCLPose,MeanY,-1.35047,264.8
a2c73199b930a8ab3bc0d14ce413fd95,Localization Quality,AMCLPose,MeanX,-2.18515,264.8
a2c73199b930a8ab3bc0d14ce413fd95,Localization Stability,TF,Jump Angular,0.000931035,265.8
a2c73199b930a8ab3bc0d14ce413fd95,Localization Stability,TF,Jump Linear,0.00421419,265.8
a2c73199b930a8ab3bc0d14ce413fd95,Input Validity,Lidar,Lidar Rate,10,264.99
a2c73199b930a8ab3bc0d14ce413fd95,Input Validity,Odometry,Odometry Rate,50,264.99
a2c73199b930a8ab3bc0d14ce413fd95,Input Validity,TF,TF Rate,10,264.99
a2c73199b930a8ab3bc0d14ce413fd95,Localization Quality,AMCLPose,CovYawYaw,0.00224088,264.9
a2c73199b930a8ab3bc0d14ce413fd95,Localization Quality,AMCLPose,CovYY,0.0050245,264.9
a2c73199b930a8ab3bc0d14ce413fd95,Localization Quality,AMCLPose,CovXX,0.00296816,264.9
a2c73199b930a8ab3bc0d14ce413fd95,Localization Quality,AMCLPose,MeanYaw,2.67964,264.9
a2c73199b930a8ab3bc0d14ce413fd95,Localization Quality,AMCLPose,MeanY,-1.34659,264.9
a2c73199b930a8ab3bc0d14ce413fd95,Localization Quality,AMCLPose,MeanX,-2.19533,264.9
a2c73199b930a8ab3bc0d14ce413fd95,Localization Stability,TF,Jump Angular,0.000300281,265.9
a2c73199b930a8ab3bc0d14ce413fd95,Localization Stability,TF,Jump Linear,0.00578569,265.9
a2c73199b930a8ab3bc0d14ce413fd95,Input Validity,Lidar,Lidar Rate,10,265.09
a2c73199b930a8ab3bc0d14ce413fd95,Input Validity,Odometry,Odometry Rate,50,265.09
a2c73199b930a8ab3bc0d14ce413fd95,Input Validity,TF,TF Rate,10,265.09
a2c73199b930a8ab3bc0d14ce413fd95,Localization Quality,AMCLPose,CovYawYaw,0.00222552,265
a2c73199b930a8ab3bc0d14ce413fd95,Localization Quality,AMCLPose,CovYY,0.00477917,265
a2c73199b930a8ab3bc0d14ce413fd95,Localization Quality,AMCLPose,CovXX,0.00209681,265
a2c73199b930a8ab3bc0d14ce413fd95,Localization Quality,AMCLPose,MeanYaw,2.62156,265
a2c73199b930a8ab3bc0d14ce413fd95,Localization Quality,AMCLPose,MeanY,-1.34384,265
a2c73199b930a8ab3bc0d14ce413fd95,Localization Quality,AMCLPose,MeanX,-2.20366,265
a2c73199b930a8ab3bc0d14ce413fd95,Localization Stability,TF,Jump Angular,0.000369544,266
a2c73199b930a8ab3bc0d14ce413fd95,Localization Stability,TF,Jump Linear,0.00193146,266
a2c73199b930a8ab3bc0d14ce413fd95,Localization Quality,AMCLPose,CovYawYaw,0.00191324,265.1
a2c73199b930a8ab3bc0d14ce413fd95,Localization Quality,AMCLPose,CovYY,0.0043262,265.1
a2c73199b930a8ab3bc0d14ce413fd95,Localization Quality,AMCLPose,CovXX,0.00168038,265.1
a2c73199b930a8ab3bc0d14ce413fd95,Localization Quality,AMCLPose,MeanYaw,2.57267,265.1
a2c73199b930a8ab3bc0d14ce413fd95,Localization Quality,AMCLPose,MeanY,-1.34308,265.1
a2c73199b930a8ab3bc0d14ce413fd95,Localization Quality,AMCLPose,MeanX,-2.20872,265.1
a2c73199b930a8ab3bc0d14ce413fd95,Localization Stability,TF,Jump Angular,0.00136633,266.1
a2c73199b930a8ab3bc0d14ce413fd95,Localization Stability,TF,Jump Linear,0.00330362,266.1
a2c73199b930a8ab3bc0d14ce413fd95,Input Validity,Lidar,Lidar Rate,10,265.19
a2c73199b930a8ab3bc0d14ce413fd95,Input Validity,Odometry,Odometry Rate,50,265.19
a2c73199b930a8ab3bc0d14ce413fd95,Input Validity,TF,TF Rate,10,265.19
a2c73199b930a8ab3bc0d14ce413fd95,Input Validity,Lidar,Lidar Rate,10,265.29
a2c73199b930a8ab3bc0d14ce413fd95,Input Validity,Odometry,Odometry Rate,50,265.29
a2c73199b930a8ab3bc0d14ce413fd95,Input Validity,TF,TF Rate,10,265.29
a2c73199b930a8ab3bc0d14ce413fd95,Localization Quality,AMCLPose,CovYawYaw,0.00200666,265.2
a2c73199b930a8ab3bc0d14ce413fd95,Localization Quality,AMCLPose,CovYY,0.00425872,265.2
a2c73199b930a8ab3bc0d14ce413fd95,Localization Quality,AMCLPose,CovXX,0.00180802,265.2
a2c73199b930a8ab3bc0d14ce413fd95,Localization Quality,AMCLPose,MeanYaw,2.50189,265.2
a2c73199b930a8ab3bc0d14ce413fd95,Localization Quality,AMCLPose,MeanY,-1.3437,265.2
a2c73199b930a8ab3bc0d14ce413fd95,Localization Quality,AMCLPose,MeanX,-2.20825,265.2
a2c73199b930a8ab3bc0d14ce413fd95,Localization Stability,TF,Jump Angular,-0.00160126,266.2
a2c73199b930a8ab3bc0d14ce413fd95,Localization Stability,TF,Jump Linear,0.00502974,266.2
a2c73199b930a8ab3bc0d14ce413fd95,Input Validity,Lidar,Lidar Rate,10,265.38
a2c73199b930a8ab3bc0d14ce413fd95,Input Validity,Odometry,Odometry Rate,50,265.38
a2c73199b930a8ab3bc0d14ce413fd95,Input Validity,TF,TF Rate,10,265.38
a2c73199b930a8ab3bc0d14ce413fd95,Localization Quality,AMCLPose,CovYawYaw,0.00236258,265.3
a2c73199b930a8ab3bc0d14ce413fd95,Localization Quality,AMCLPose,CovYY,0.00426634,265.3
a2c73199b930a8ab3bc0d14ce413fd95,Localization Quality,AMCLPose,CovXX,0.00201927,265.3
a2c73199b930a8ab3bc0d14ce413fd95,Localization Quality,AMCLPose,MeanYaw,2.4156,265.3
a2c73199b930a8ab3bc0d14ce413fd95,Localization Quality,AMCLPose,MeanY,-1.34408,265.3
a2c73199b930a8ab3bc0d14ce413fd95,Localization Quality,AMCLPose,MeanX,-2.20864,265.3
a2c73199b930a8ab3bc0d14ce413fd95,Localization Stability,TF,Jump Angular,0.000309127,266.3
a2c73199b930a8ab3bc0d14ce413fd95,Localization Stability,TF,Jump Linear,0.00092896,266.3
a2c73199b930a8ab3bc0d14ce413fd95,Localization Quality,AMCLPose,CovYawYaw,0.00304328,265.4
a2c73199b930a8ab3bc0d14ce413fd95,Localization Quality,AMCLPose,CovYY,0.00444372,265.4
a2c73199b930a8ab3bc0d14ce413fd95,Localization Quality,AMCLPose,CovXX,0.00235247,265.4
a2c73199b930a8ab3bc0d14ce413fd95,Localization Quality,AMCLPose,MeanYaw,2.31026,265.4
a2c73199b930a8ab3bc0d14ce413fd95,Localization Quality,AMCLPose,MeanY,-1.34557,265.4
a2c73199b930a8ab3bc0d14ce413fd95,Localization Quality,AMCLPose,MeanX,-2.21017,265.4
a2c73199b930a8ab3bc0d14ce413fd95,Localization Stability,TF,Jump Angular,-0.001986,266.4
a2c73199b930a8ab3bc0d14ce413fd95,Localization Stability,TF,Jump Linear,0.00569111,266.4
a2c73199b930a8ab3bc0d14ce413fd95,Input Validity,Lidar,Lidar Rate,10,265.48
a2c73199b930a8ab3bc0d14ce413fd95,Input Validity,Odometry,Odometry Rate,50,265.48
a2c73199b930a8ab3bc0d14ce413fd95,Input Validity,TF,TF Rate,10,265.48
a2c73199b930a8ab3bc0d14ce413fd95,Input Validity,Lidar,Lidar Rate,10,265.57
a2c73199b930a8ab3bc0d14ce413fd95,Input Validity,Odometry,Odometry Rate,50,265.57
a2c73199b930a8ab3bc0d14ce413fd95,Input Validity,TF,TF Rate,10,265.57
a2c73199b930a8ab3bc0d14ce413fd95,Localization Quality,AMCLPose,CovYawYaw,0.0036764,265.5
a2c73199b930a8ab3bc0d14ce413fd95,Localization Quality,AMCLPose,CovYY,0.00484364,265.5
a2c73199b930a8ab3bc0d14ce413fd95,Localization Quality,AMCLPose,CovXX,0.00278435,265.5
a2c73199b930a8ab3bc0d14ce413fd95,Localization Quality,AMCLPose,MeanYaw,2.18991,265.5
a2c73199b930a8ab3bc0d14ce413fd95,Localization Quality,AMCLPose,MeanY,-1.34712,265.5
a2c73199b930a8ab3bc0d14ce413fd95,Localization Quality,AMCLPose,MeanX,-2.20988,265.5
a2c73199b930a8ab3bc0d14ce413fd95,Localization Stability,TF,Jump Angular,0.000473614,266.5
a2c73199b930a8ab3bc0d14ce413fd95,Localization Stability,TF,Jump Linear,0.000780085,266.5
a2c73199b930a8ab3bc0d14ce413fd95,Input Validity,Lidar,Lidar Rate,10,265.67
a2c73199b930a8ab3bc0d14ce413fd95,Input Validity,Odometry,Odometry Rate,50,265.67
a2c73199b930a8ab3bc0d14ce413fd95,Input Validity,TF,TF Rate,10,265.67
a2c73199b930a8ab3bc0d14ce413fd95,Localization Quality,AMCLPose,CovYawYaw,0.00327414,265.6
a2c73199b930a8ab3bc0d14ce413fd95,Localization Quality,AMCLPose,CovYY,0.00460938,265.6
a2c73199b930a8ab3bc0d14ce413fd95,Localization Quality,AMCLPose,CovXX,0.00273589,265.6
a2c73199b930a8ab3bc0d14ce413fd95,Localization Quality,AMCLPose,MeanYaw,2.0542,265.6
a2c73199b930a8ab3bc0d14ce413fd95,Localization Quality,AMCLPose,MeanY,-1.34687,265.6
a2c73199b930a8ab3bc0d14ce413fd95,Localization Quality,AMCLPose,MeanX,-2.21043,265.6
a2c73199b930a8ab3bc0d14ce413fd95,Localization Stability,TF,Jump Angular,0.00205658,266.6
a2c73199b930a8ab3bc0d14ce413fd95,Localization Stability,TF,Jump Linear,0.00584805,266.6
a2c73199b930a8ab3bc0d14ce413fd95,Input Validity,Lidar,Lidar Rate,10,265.77
a2c73199b930a8ab3bc0d14ce413fd95,Input Validity,Odometry,Odometry Rate,50,265.77
a2c73199b930a8ab3bc0d14ce413fd95,Input Validity,TF,TF Rate,10,265.77
a2c73199b930a8ab3bc0d14ce413fd95,Localization Quality,AMCLPose,CovYawYaw,0.00286327,265.7
a2c73199b930a8ab3bc0d14ce413fd95,Localization Quality,AMCLPose,CovYY,0.00474311,265.7
a2c73199b930a8ab3bc0d14ce413fd95,Localization Quality,AMCLPose,CovXX,0.00256824,265.7
a2c73199b930a8ab3bc0d14ce413fd95,Localization Quality,AMCLPose,MeanYaw,1.91688,265.7
a2c73199b930a8ab3bc0d14ce413fd95,Localization Quality,AMCLPose,MeanY,-1.34706,265.7
a2c73199b930a8ab3bc0d14ce413fd95,Localization Quality,AMCLPose,MeanX,-2.20718,265.7
a2c73199b930a8ab3bc0d14ce413fd95,Localization Stability,TF,Jump Angular,0.0033435,266.7
a2c73199b930a8ab3bc0d14ce413fd95,Localization Stability,TF,Jump Linear,0.00680712,266.7
a2c73199b930a8ab3bc0d14ce413fd95,Input Validity,Lidar,Lidar Rate,10,265.87
a2c73199b930a8ab3bc0d14ce413fd95,Input Validity,Odometry,Odometry Rate,50,265.87
a2c73199b930a8ab3bc0d14ce413fd95,Input Validity,TF,TF Rate,10,265.87
a2c73199b930a8ab3bc0d14ce413fd95,Localization Quality,AMCLPose,CovYawYaw,0.00229595,265.8
a2c73199b930a8ab3bc0d14ce413fd95,Localization Quality,AMCLPose,CovYY,0.0044768,265.8
a2c73199b930a8ab3bc0d14ce413fd95,Localization Quality,AMCLPose,CovXX,0.00215986,265.8
a2c73199b930a8ab3bc0d14ce413fd95,Localization Quality,AMCLPose,MeanYaw,1.79691,265.8
a2c73199b930a8ab3bc0d14ce413fd95,Localization Quality,AMCLPose,MeanY,-1.34563,265.8
a2c73199b930a8ab3bc0d14ce413fd95,Localization Quality,AMCLPose,MeanX,-2.20663,265.8
a2c73199b930a8ab3bc0d14ce413fd95,Localization Stability,TF,Jump Angular,0.00305225,266.8
a2c73199b930a8ab3bc0d14ce413fd95,Localization Stability,TF,Jump Linear,0.00869422,266.8
a2c73199b930a8ab3bc0d14ce413fd95,Input Validity,Lidar,Lidar Rate,10,265.97
a2c73199b930a8ab3bc0d14ce413fd95,Input Validity,Odometry,Odometry Rate,50,265.97
a2c73199b930a8ab3bc0d14ce413fd95,Input Validity,TF,TF Rate,10,265.97
a2c73199b930a8ab3bc0d14ce413fd95,Localization Quality,AMCLPose,CovYawYaw,0.00190386,265.9
a2c73199b930a8ab3bc0d14ce413fd95,Localization Quality,AMCLPose,CovYY,0.00426293,265.9
a2c73199b930a8ab3bc0d14ce413fd95,Localization Quality,AMCLPose,CovXX,0.00183592,265.9
a2c73199b930a8ab3bc0d14ce413fd95,Localization Quality,AMCLPose,MeanYaw,1.69277,265.9
a2c73199b930a8ab3bc0d14ce413fd95,Localization Quality,AMCLPose,MeanY,-1.34697,265.9
a2c73199b930a8ab3bc0d14ce413fd95,Localization Quality,AMCLPose,MeanX,-2.20707,265.9
a2c73199b930a8ab3bc0d14ce413fd95,Localization Stability,TF,Jump Angular,0.00108393,266.9
a2c73199b930a8ab3bc0d14ce413fd95,Localization Stability,TF,Jump Linear,0.00238139,266.9
a2c73199b930a8ab3bc0d14ce413fd95,Input Validity,Lidar,Lidar Rate,10,266.07
a2c73199b930a8ab3bc0d14ce413fd95,Input Validity,Odometry,Odometry Rate,50,266.07
a2c73199b930a8ab3bc0d14ce413fd95,Input Validity,TF,TF Rate,10,266.07
a2c73199b930a8ab3bc0d14ce413fd95,Localization Quality,AMCLPose,CovYawYaw,0.00144619,266
a2c73199b930a8ab3bc0d14ce413fd95,Localization Quality,AMCLPose,CovYY,0.00373861,266
a2c73199b930a8ab3bc0d14ce413fd95,Localization Quality,AMCLPose,CovXX,0.00156647,266
a2c73199b930a8ab3bc0d14ce413fd95,Localization Quality,AMCLPose,MeanYaw,1.6043,266
a2c73199b930a8ab3bc0d14ce413fd95,Localization Quality,AMCLPose,MeanY,-1.34748,266
a2c73199b930a8ab3bc0d14ce413fd95,Localization Quality,AMCLPose,MeanX,-2.20611,266
a2c73199b930a8ab3bc0d14ce413fd95,Localization Stability,TF,Jump Angular,-0.000143647,267
a2c73199b930a8ab3bc0d14ce413fd95,Localization Stability,TF,Jump Linear,0.00143353,267
a2c73199b930a8ab3bc0d14ce413fd95,Input Validity,Lidar,Lidar Rate,10,266.17
a2c73199b930a8ab3bc0d14ce413fd95,Input Validity,Odometry,Odometry Rate,50,266.17
a2c73199b930a8ab3bc0d14ce413fd95,Input Validity,TF,TF Rate,10,266.17
a2c73199b930a8ab3bc0d14ce413fd95,Localization Quality,AMCLPose,CovYawYaw,0.00113935,266.1
a2c73199b930a8ab3bc0d14ce413fd95,Localization Quality,AMCLPose,CovYY,0.00338879,266.1
a2c73199b930a8ab3bc0d14ce413fd95,Localization Quality,AMCLPose,CovXX,0.00144118,266.1
a2c73199b930a8ab3bc0d14ce413fd95,Localization Quality,AMCLPose,MeanYaw,1.53392,266.1
a2c73199b930a8ab3bc0d14ce413fd95,Localization Quality,AMCLPose,MeanY,-1.34764,266.1
a2c73199b930a8ab3bc0d14ce413fd95,Localization Quality,AMCLPose,MeanX,-2.20552,266.1
a2c73199b930a8ab3bc0d14ce413fd95,Localization Stability,TF,Jump Angular,0.000993865,267.1
a2c73199b930a8ab3bc0d14ce413fd95,Localization Stability,TF,Jump Linear,0.0020839,267.1
a2c73199b930a8ab3bc0d14ce413fd95,Input Validity,Lidar,Lidar Rate,10,266.27
a2c73199b930a8ab3bc0d14ce413fd95,Input Validity,Odometry,Odometry Rate,50,266.27
a2c73199b930a8ab3bc0d14ce413fd95,Input Validity,TF,TF Rate,10,266.27
a2c73199b930a8ab3bc0d14ce413fd95,Localization Quality,AMCLPose,CovYawYaw,0.000870013,266.2
a2c73199b930a8ab3bc0d14ce413fd95,Localization Quality,AMCLPose,CovYY,0.0029996,266.2
a2c73199b930a8ab3bc0d14ce413fd95,Localization Quality,AMCLPose,CovXX,0.00124552,266.2
a2c73199b930a8ab3bc0d14ce413fd95,Localization Quality,AMCLPose,MeanYaw,1.48145,266.2
a2c73199b930a8ab3bc0d14ce413fd95,Localization Quality,AMCLPose,MeanY,-1.34712,266.2
a2c73199b930a8ab3bc0d14ce413fd95,Localization Quality,AMCLPose,MeanX,-2.204,266.2
a2c73199b930a8ab3bc0d14ce413fd95,Localization Stability,TF,Jump Angular,0.00190791,267.2
a2c73199b930a8ab3bc0d14ce413fd95,Localization Stability,TF,Jump Linear,0.00457636,267.2
a2c73199b930a8ab3bc0d14ce413fd95,Input Validity,Lidar,Lidar Rate,10,266.37
a2c73199b930a8ab3bc0d14ce413fd95,Input Validity,Odometry,Odometry Rate,50,266.37
a2c73199b930a8ab3bc0d14ce413fd95,Input Validity,TF,TF Rate,10,266.37
a2c73199b930a8ab3bc0d14ce413fd95,Localization Stability,TF,Jump Angular,0,267.3
a2c73199b930a8ab3bc0d14ce413fd95,Localization Stability,TF,Jump Linear,0,267.3
a2c73199b930a8ab3bc0d14ce413fd95,Input Validity,Lidar,Lidar Rate,10,266.47
a2c73199b930a8ab3bc0d14ce413fd95,Input Validity,Odometry,Odometry Rate,50,266.47
a2c73199b930a8ab3bc0d14ce413fd95,Input Validity,TF,TF Rate,10,266.47
a2c73199b930a8ab3bc0d14ce413fd95,Localization Quality,AMCLPose,CovYawYaw,0.000755928,266.4
a2c73199b930a8ab3bc0d14ce413fd95,Localization Quality,AMCLPose,CovYY,0.00279034,266.4
a2c73199b930a8ab3bc0d14ce413fd95,Localization Quality,AMCLPose,CovXX,0.00120995,266.4
a2c73199b930a8ab3bc0d14ce413fd95,Localization Quality,AMCLPose,MeanYaw,1.4239,266.4
a2c73199b930a8ab3bc0d14ce413fd95,Localization Quality,AMCLPose,MeanY,-1.34922,266.4
a2c73199b930a8ab3bc0d14ce413fd95,Localization Quality,AMCLPose,MeanX,-2.20452,266.4
a2c73199b930a8ab3bc0d14ce413fd95,Localization Stability,TF,Jump Angular,0.000271288,267.4
a2c73199b930a8ab3bc0d14ce413fd95,Localization Stability,TF,Jump Linear,0.00185046,267.4
a2c73199b930a8ab3bc0d14ce413fd95,Input Validity,Lidar,Lidar Rate,10,266.57
a2c73199b930a8ab3bc0d14ce413fd95,Input Validity,Odometry,Odometry Rate,50,266.57
a2c73199b930a8ab3bc0d14ce413fd95,Input Validity,TF,TF Rate,10,266.57
a2c73199b930a8ab3bc0d14ce413fd95,Localization Stability,TF,Jump Angular,0,267.5
a2c73199b930a8ab3bc0d14ce413fd95,Localization Stability,TF,Jump Linear,0,267.5
a2c73199b930a8ab3bc0d14ce413fd95,Localization Stability,TF,Jump Angular,0,267.6
a2c73199b930a8ab3bc0d14ce413fd95,Localization Stability,TF,Jump Linear,0,267.6
a2c73199b930a8ab3bc0d14ce413fd95,Input Validity,Lidar,Lidar Rate,10,266.67
a2c73199b930a8ab3bc0d14ce413fd95,Input Validity,Odometry,Odometry Rate,50,266.67
a2c73199b930a8ab3bc0d14ce413fd95,Input Validity,TF,TF Rate,10,266.67
a2c73199b930a8ab3bc0d14ce413fd95,Localization Stability,TF,Jump Angular,0,267.7
a2c73199b930a8ab3bc0d14ce413fd95,Localization Stability,TF,Jump Linear,0,267.7
a2c73199b930a8ab3bc0d14ce413fd95,Input Validity,Lidar,Lidar Rate,10,266.77
a2c73199b930a8ab3bc0d14ce413fd95,Input Validity,Odometry,Odometry Rate,50,266.77
a2c73199b930a8ab3bc0d14ce413fd95,Input Validity,TF,TF Rate,10,266.77
a2c73199b930a8ab3bc0d14ce413fd95,Input Validity,Lidar,Lidar Rate,10,266.87
a2c73199b930a8ab3bc0d14ce413fd95,Input Validity,Odometry,Odometry Rate,50,266.87
a2c73199b930a8ab3bc0d14ce413fd95,Input Validity,TF,TF Rate,10,266.87
a2c73199b930a8ab3bc0d14ce413fd95,Localization Quality,AMCLPose,CovYawYaw,0.000824261,266.8
a2c73199b930a8ab3bc0d14ce413fd95,Localization Quality,AMCLPose,CovYY,0.00283412,266.8
a2c73199b930a8ab3bc0d14ce413fd95,Localization Quality,AMCLPose,CovXX,0.00114804,266.8
a2c73199b930a8ab3bc0d14ce413fd95,Localization Quality,AMCLPose,MeanYaw,1.51246,266.8
a2c73199b930a8ab3bc0d14ce413fd95,Localization Quality,AMCLPose,MeanY,-1.35058,266.8
a2c73199b930a8ab3bc0d14ce413fd95,Localization Quality,AMCLPose,MeanX,-2.20489,266.8
a2c73199b930a8ab3bc0d14ce413fd95,Localization Stability,TF,Jump Angular,0.00035572,267.8
a2c73199b930a8ab3bc0d14ce413fd95,Localization Stability,TF,Jump Linear,0.00117197,267.8
a2c73199b930a8ab3bc0d14ce413fd95,Input Validity,Lidar,Lidar Rate,10,266.97
a2c73199b930a8ab3bc0d14ce413fd95,Input Validity,Odometry,Odometry Rate,50,266.97
a2c73199b930a8ab3bc0d14ce413fd95,Input Validity,TF,TF Rate,10,266.97
a2c73199b930a8ab3bc0d14ce413fd95,Localization Quality,AMCLPose,CovYawYaw,0.000723725,266.9
a2c73199b930a8ab3bc0d14ce413fd95,Localization Quality,AMCLPose,CovYY,0.00263036,266.9
a2c73199b930a8ab3bc0d14ce413fd95,Localization Quality,AMCLPose,CovXX,0.00107581,266.9
a2c73199b930a8ab3bc0d14ce413fd95,Localization Quality,AMCLPose,MeanYaw,1.57697,266.9
a2c73199b930a8ab3bc0d14ce413fd95,Localization Quality,AMCLPose,MeanY,-1.35173,266.9
a2c73199b930a8ab3bc0d14ce413fd95,Localization Quality,AMCLPose,MeanX,-2.20422,266.9
a2c73199b930a8ab3bc0d14ce413fd95,Localization Stability,TF,Jump Angular,0.000387582,267.9
a2c73199b930a8ab3bc0d14ce413fd95,Localization Stability,TF,Jump Linear,0.000392277,267.9
a2c73199b930a8ab3bc0d14ce413fd95,Input Validity,Lidar,Lidar Rate,10,267.07
a2c73199b930a8ab3bc0d14ce413fd95,Input Validity,Odometry,Odometry Rate,50,267.07
a2c73199b930a8ab3bc0d14ce413fd95,Input Validity,TF,TF Rate,10,267.07
a2c73199b930a8ab3bc0d14ce413fd95,Localization Quality,AMCLPose,CovYawYaw,0.000780835,267
a2c73199b930a8ab3bc0d14ce413fd95,Localization Quality,AMCLPose,CovYY,0.00259718,267
a2c73199b930a8ab3bc0d14ce413fd95,Localization Quality,AMCLPose,CovXX,0.000944305,267
a2c73199b930a8ab3bc0d14ce413fd95,Localization Quality,AMCLPose,MeanYaw,1.65763,267
a2c73199b930a8ab3bc0d14ce413fd95,Localization Quality,AMCLPose,MeanY,-1.35175,267
a2c73199b930a8ab3bc0d14ce413fd95,Localization Quality,AMCLPose,MeanX,-2.205,267
a2c73199b930a8ab3bc0d14ce413fd95,Localization Stability,TF,Jump Angular,-0.000149744,268
a2c73199b930a8ab3bc0d14ce413fd95,Localization Stability,TF,Jump Linear,0.000609986,268
a2c73199b930a8ab3bc0d14ce413fd95,Input Validity,Lidar,Lidar Rate,10,267.17
a2c73199b930a8ab3bc0d14ce413fd95,Input Validity,Odometry,Odometry Rate,50,267.17
a2c73199b930a8ab3bc0d14ce413fd95,Input Validity,TF,TF Rate,10,267.17
a2c73199b930a8ab3bc0d14ce413fd95,Localization Quality,AMCLPose,CovYawYaw,0.000966751,267.1
a2c73199b930a8ab3bc0d14ce413fd95,Localization Quality,AMCLPose,CovYY,0.00288633,267.1
a2c73199b930a8ab3bc0d14ce413fd95,Localization Quality,AMCLPose,CovXX,0.000865795,267.1
a2c73199b930a8ab3bc0d14ce413fd95,Localization Quality,AMCLPose,MeanYaw,1.75591,267.1
a2c73199b930a8ab3bc0d14ce413fd95,Localization Quality,AMCLPose,MeanY,-1.35048,267.1
a2c73199b930a8ab3bc0d14ce413fd95,Localization Quality,AMCLPose,MeanX,-2.20493,267.1
a2c73199b930a8ab3bc0d14ce413fd95,Localization Stability,TF,Jump Angular,0.000514683,268.1
a2c73199b930a8ab3bc0d14ce413fd95,Localization Stability,TF,Jump Linear,0.00241146,268.1
a2c73199b930a8ab3bc0d14ce413fd95,Input Validity,Lidar,Lidar Rate,10,267.26
a2c73199b930a8ab3bc0d14ce413fd95,Input Validity,Odometry,Odometry Rate,50,267.26
a2c73199b930a8ab3bc0d14ce413fd95,Input Validity,TF,TF Rate,10,267.26
a2c73199b930a8ab3bc0d14ce413fd95,Localization Quality,AMCLPose,CovYawYaw,0.00113288,267.2
a2c73199b930a8ab3bc0d14ce413fd95,Localization Quality,AMCLPose,CovYY,0.00302785,267.2
a2c73199b930a8ab3bc0d14ce413fd95,Localization Quality,AMCLPose,CovXX,0.00080194,267.2
a2c73199b930a8ab3bc0d14ce413fd95,Localization Quality,AMCLPose,MeanYaw,1.86979,267.2
a2c73199b930a8ab3bc0d14ce413fd95,Localization Quality,AMCLPose,MeanY,-1.34928,267.2
a2c73199b930a8ab3bc0d14ce413fd95,Localization Quality,AMCLPose,MeanX,-2.20555,267.2
a2c73199b930a8ab3bc0d14ce413fd95,Localization Stability,TF,Jump Angular,-0.000899506,268.2
a2c73199b930a8ab3bc0d14ce413fd95,Localization Stability,TF,Jump Linear,0.00105326,268.2
a2c73199b930a8ab3bc0d14ce413fd95,Localization Responsiveness,TTC,TTC Outcome,1,267.31
a2c73199b930a8ab3bc0d14ce413fd95,Localization Responsiveness,TTC,TTC,3.11,267.31
a2c73199b930a8ab3bc0d14ce413fd95,Mission Outcome,Episode Event,Recoveries,0,267.31
a2c73199b930a8ab3bc0d14ce413fd95,Mission Outcome,Episode Event,Collisions,0,267.31
a2c73199b930a8ab3bc0d14ce413fd95,Mission Outcome,Episode Event,Navigation Time,16.52,267.31
a2c73199b930a8ab3bc0d14ce413fd95,Mission Outcome,Episode Event,Goal Result,1,267.31
a2c73199b930a8ab3bc0d14ce413fd95,Input Validity,AMCLPose,Pose Monotonicity,0,267.31
a2c73199b930a8ab3bc0d14ce413fd95,Input Validity,Lidar,Lidar Frame Mistmatch,0,267.31
a2c73199b930a8ab3bc0d14ce413fd95,Input Validity,Lidar,Lidar Monotonicity,0,267.31
a2c73199b930a8ab3bc0d14ce413fd95,Input Validity,Odometry,Odometry Frame Mismatch,0,267.31
a2c73199b930a8ab3bc0d14ce413fd95,Input Validity,Odometry,Odometry Monotonicity,0,267.31
a2c73199b930a8ab3bc0d14ce413fd95,Input Validity,TF,TF Gap Count,0,267.31
a2c73199b930a8ab3bc0d14ce413fd95,Input Validity,TF,TF Frame Drop,826,267.31
a2c73199b930a8ab3bc0d14ce413fd95,Input Validity,TF,TF Monotonicity,0,267.31
a2c73199b930a8ab3bc0d14ce413fd95,map,0.531618,1.38968,-26.3315,-2.225,-1.375,116.916,1,SUCCEEDED,3,16.52,250.79,267.31,0.0584773,0.323002,0.531473,0.112827,0.00764879,0.0974693,0.0396665,422.257,1684,3.92581,0.334209,0.0193833,1.30599,0,825,0.994482
03711ddb7976494b29c09ac404f10f60,Localization Stability,TF,Jump Angular,0,275.7
03711ddb7976494b29c09ac404f10f60,Localization Stability,TF,Jump Linear,0,275.7
03711ddb7976494b29c09ac404f10f60,Input Validity,Lidar,Lidar Rate,10,274.89
03711ddb7976494b29c09ac404f10f60,Input Validity,Odometry,Odometry Rate,50,274.89
03711ddb7976494b29c09ac404f10f60,Input Validity,TF,TF Rate,10,274.89
03711ddb7976494b29c09ac404f10f60,Localization Stability,TF,Jump Angular,0,275.8
03711ddb7976494b29c09ac404f10f60,Localization Stability,TF,Jump Linear,0,275.8
03711ddb7976494b29c09ac404f10f60,Input Validity,Lidar,Lidar Rate,10,274.97
03711ddb7976494b29c09ac404f10f60,Input Validity,Odometry,Odometry Rate,50,274.97
03711ddb7976494b29c09ac404f10f60,Input Validity,TF,TF Rate,10,274.97
03711ddb7976494b29c09ac404f10f60,Localization Stability,TF,Jump Angular,0,275.9
03711ddb7976494b29c09ac404f10f60,Localization Stability,TF,Jump Linear,0,275.9
03711ddb7976494b29c09ac404f10f60,Input Validity,Lidar,Lidar Rate,10,275.07
03711ddb7976494b29c09ac404f10f60,Input Validity,Odometry,Odometry Rate,50,275.07
03711ddb7976494b29c09ac404f10f60,Input Validity,TF,TF Rate,10,275.07
03711ddb7976494b29c09ac404f10f60,Localization Stability,TF,Jump Angular,0.00717059,276
03711ddb7976494b29c09ac404f10f60,Localization Stability,TF,Jump Linear,0.05497,276
03711ddb7976494b29c09ac404f10f60,Input Validity,Lidar,Lidar Rate,10,275.16
03711ddb7976494b29c09ac404f10f60,Input Validity,Odometry,Odometry Rate,50,275.16
03711ddb7976494b29c09ac404f10f60,Input Validity,TF,TF Rate,10,275.16
03711ddb7976494b29c09ac404f10f60,Localization Quality,AMCLPose,CovYawYaw,0.109508,275.1
03711ddb7976494b29c09ac404f10f60,Localization Quality,AMCLPose,CovYY,0.110634,275.1
03711ddb7976494b29c09ac404f10f60,Localization Quality,AMCLPose,CovXX,0.160751,275.1
03711ddb7976494b29c09ac404f10f60,Localization Quality,AMCLPose,MeanYaw,1.99753,275.1
03711ddb7976494b29c09ac404f10f60,Localization Quality,AMCLPose,MeanY,-1.40686,275.1
03711ddb7976494b29c09ac404f10f60,Localization Quality,AMCLPose,MeanX,-2.19643,275.1
03711ddb7976494b29c09ac404f10f60,Localization Stability,TF,Jump Angular,-0.00585409,276.1
03711ddb7976494b29c09ac404f10f60,Localization Stability,TF,Jump Linear,0.0395871,276.1
03711ddb7976494b29c09ac404f10f60,Input Validity,Lidar,Lidar Rate,10,275.26
03711ddb7976494b29c09ac404f10f60,Input Validity,Odometry,Odometry Rate,50,275.26
03711ddb7976494b29c09ac404f10f60,Input Validity,TF,TF Rate,10,275.26
03711ddb7976494b29c09ac404f10f60,Localization Quality,AMCLPose,CovYawYaw,0.0543714,275.2
03711ddb7976494b29c09ac404f10f60,Localization Quality,AMCLPose,CovYY,0.0774552,275.2
03711ddb7976494b29c09ac404f10f60,Localization Quality,AMCLPose,CovXX,0.108408,275.2
03711ddb7976494b29c09ac404f10f60,Localization Quality,AMCLPose,MeanYaw,1.89359,275.2
03711ddb7976494b29c09ac404f10f60,Localization Quality,AMCLPose,MeanY,-1.38416,275.2
03711ddb7976494b29c09ac404f10f60,Localization Quality,AMCLPose,MeanX,-2.16845,275.2
03711ddb7976494b29c09ac404f10f60,Localization Stability,TF,Jump Angular,-0.0227454,276.2
03711ddb7976494b29c09ac404f10f60,Localization Stability,TF,Jump Linear,0.0691345,276.2
03711ddb7976494b29c09ac404f10f60,Input Validity,Lidar,Lidar Rate,10,275.36
03711ddb7976494b29c09ac404f10f60,Input Validity,Odometry,Odometry Rate,50,275.36
03711ddb7976494b29c09ac404f10f60,Input Validity,TF,TF Rate,10,275.36
03711ddb7976494b29c09ac404f10f60,Localization Quality,AMCLPose,CovYawYaw,0.021857,275.3
03711ddb7976494b29c09ac404f10f60,Localization Quality,AMCLPose,CovYY,0.0543544,275.3
03711ddb7976494b29c09ac404f10f60,Localization Quality,AMCLPose,CovXX,0.0648338,275.3
03711ddb7976494b29c09ac404f10f60,Localization Quality,AMCLPose,MeanYaw,1.80629,275.3
03711ddb7976494b29c09ac404f10f60,Localization Quality,AMCLPose,MeanY,-1.38785,275.3
03711ddb7976494b29c09ac404f10f60,Localization Quality,AMCLPose,MeanX,-2.16041,275.3
03711ddb7976494b29c09ac404f10f60,Localization Stability,TF,Jump Angular,0.010257,276.3
03711ddb7976494b29c09ac404f10f60,Localization Stability,TF,Jump Linear,0.0188767,276.3
03711ddb7976494b29c09ac404f10f60,Input Validity,Lidar,Lidar Rate,10,275.46
03711ddb7976494b29c09ac404f10f60,Input Validity,Odometry,Odometry Rate,50,275.46
03711ddb7976494b29c09ac404f10f60,Input Validity,TF,TF Rate,10,275.46
03711ddb7976494b29c09ac404f10f60,Localization Quality,AMCLPose,CovYawYaw,0.0106456,275.4
03711ddb7976494b29c09ac404f10f60,Localization Quality,AMCLPose,CovYY,0.0359262,275.4
03711ddb7976494b29c09ac404f10f60,Localization Quality,AMCLPose,CovXX,0.0331287,275.4
03711ddb7976494b29c09ac404f10f60,Localization Quality,AMCLPose,MeanYaw,1.69755,275.4
03711ddb7976494b29c09ac404f10f60,Localization Quality,AMCLPose,MeanY,-1.38808,275.4
03711ddb7976494b29c09ac404f10f60,Localization Quality,AMCLPose,MeanX,-2.17598,275.4
03711ddb7976494b29c09ac404f10f60,Localization Stability,TF,Jump Angular,0.005656,276.4
03711ddb7976494b29c09ac404f10f60,Localization Stability,TF,Jump Linear,0.0272042,276.4
03711ddb7976494b29c09ac404f10f60,Input Validity,Lidar,Lidar Rate,10,275.56
03711ddb7976494b29c09ac404f10f60,Input Validity,Odometry,Odometry Rate,50,275.56
03711ddb7976494b29c09ac404f10f60,Input Validity,TF,TF Rate,10,275.56
03711ddb7976494b29c09ac404f10f60,Localization Quality,AMCLPose,CovYawYaw,0.00577564,275.5
03711ddb7976494b29c09ac404f10f60,Localization Quality,AMCLPose,CovYY,0.025254,275.5
03711ddb7976494b29c09ac404f10f60,Localization Quality,AMCLPose,CovXX,0.0219206,275.5
03711ddb7976494b29c09ac404f10f60,Localization Quality,AMCLPose,MeanYaw,1.56978,275.5
03711ddb7976494b29c09ac404f10f60,Localization Quality,AMCLPose,MeanY,-1.38426,275.5
03711ddb7976494b29c09ac404f10f60,Localization Quality,AMCLPose,MeanX,-2.18222,275.5
03711ddb7976494b29c09ac404f10f60,Localization Stability,TF,Jump Angular,0.00363825,276.5
03711ddb7976494b29c09ac404f10f60,Localization Stability,TF,Jump Linear,0.0164699,276.5
03711ddb7976494b29c09ac404f10f60,Input Validity,Lidar,Lidar Rate,10,275.66
03711ddb7976494b29c09ac404f10f60,Input Validity,Odometry,Odometry Rate,50,275.66
03711ddb7976494b29c09ac404f10f60,Input Validity,TF,TF Rate,10,275.66
03711ddb7976494b29c09ac404f10f60,Localization Quality,AMCLPose,CovYawYaw,0.00382606,275.6
03711ddb7976494b29c09ac404f10f60,Localization Quality,AMCLPose,CovYY,0.0183647,275.6
03711ddb7976494b29c09ac404f10f60,Localization Quality,AMCLPose,CovXX,0.0142728,275.6
03711ddb7976494b29c09ac404f10f60,Localization Quality,AMCLPose,MeanYaw,1.42961,275.6
03711ddb7976494b29c09ac404f10f60,Localization Quality,AMCLPose,MeanY,-1.37737,275.6
03711ddb7976494b29c09ac404f10f60,Localization Quality,AMCLPose,MeanX,-2.18917,275.6
03711ddb7976494b29c09ac404f10f60,Localization Stability,TF,Jump Angular,0.00353669,276.6
03711ddb7976494b29c09ac404f10f60,Localization Stability,TF,Jump Linear,0.0187452,276.6
03711ddb7976494b29c09ac404f10f60,Input Validity,Lidar,Lidar Rate,10,275.76
03711ddb7976494b29c09ac404f10f60,Input Validity,Odometry,Odometry Rate,50,275.76
03711ddb7976494b29c09ac404f10f60,Input Validity,TF,TF Rate,10,275.76
03711ddb7976494b29c09ac404f10f60,Localization Quality,AMCLPose,CovYawYaw,0.00277746,275.7
03711ddb7976494b29c09ac404f10f60,Localization Quality,AMCLPose,CovYY,0.0128203,275.7
03711ddb7976494b29c09ac404f10f60,Localization Quality,AMCLPose,CovXX,0.00803751,275.7
03711ddb7976494b29c09ac404f10f60,Localization Quality,AMCLPose,MeanYaw,1.31758,275.7
03711ddb7976494b29c09ac404f10f60,Localization Quality,AMCLPose,MeanY,-1.36555,275.7
03711ddb7976494b29c09ac404f10f60,Localization Quality,AMCLPose,MeanX,-2.19235,275.7
03711ddb7976494b29c09ac404f10f60,Localization Stability,TF,Jump Angular,-0.00212481,276.7
03711ddb7976494b29c09ac404f10f60,Localization Stability,TF,Jump Linear,0.00263857,276.7
03711ddb7976494b29c09ac404f10f60,Input Validity,Lidar,Lidar Rate,10,275.86
03711ddb7976494b29c09ac404f10f60,Input Validity,Odometry,Odometry Rate,50,275.86
03711ddb7976494b29c09ac404f10f60,Input Validity,TF,TF Rate,10,275.86
03711ddb7976494b29c09ac404f10f60,Localization Quality,AMCLPose,CovYawYaw,0.00192493,275.8
03711ddb7976494b29c09ac404f10f60,Localization Quality,AMCLPose,CovYY,0.00976707,275.8
03711ddb7976494b29c09ac404f10f60,Localization Quality,AMCLPose,CovXX,0.00432114,275.8
03711ddb7976494b29c09ac404f10f60,Localization Quality,AMCLPose,MeanYaw,1.25351,275.8
03711ddb7976494b29c09ac404f10f60,Localization Quality,AMCLPose,MeanY,-1.35176,275.8
03711ddb7976494b29c09ac404f10f60,Localization Quality,AMCLPose,MeanX,-2.19332,275.8
03711ddb7976494b29c09ac404f10f60,Localization Stability,TF,Jump Angular,0.000296382,276.8
03711ddb7976494b29c09ac404f10f60,Localization Stability,TF,Jump Linear,0.00562598,276.8
03711ddb7976494b29c09ac404f10f60,Input Validity,Lidar,Lidar Rate,10,275.96
03711ddb7976494b29c09ac404f10f60,Input Validity,Odometry,Odometry Rate,50,275.96
03711ddb7976494b29c09ac404f10f60,Input Validity,TF,TF Rate,10,275.96
03711ddb7976494b29c09ac404f10f60,Localization Quality,AMCLPose,CovYawYaw,0.00128688,275.9
03711ddb7976494b29c09ac404f10f60,Localization Quality,AMCLPose,CovYY,0.00788925,275.9
03711ddb7976494b29c09ac404f10f60,Localization Quality,AMCLPose,CovXX,0.00274563,275.9
03711ddb7976494b29c09ac404f10f60,Localization Quality,AMCLPose,MeanYaw,1.20202,275.9
03711ddb7976494b29c09ac404f10f60,Localization Quality,AMCLPose,MeanY,-1.3338,275.9
03711ddb7976494b29c09ac404f10f60,Localization Quality,AMCLPose,MeanX,-2.18905,275.9
03711ddb7976494b29c09ac404f10f60,Localization Stability,TF,Jump Angular,0.00104829,276.9
03711ddb7976494b29c09ac404f10f60,Localization Stability,TF,Jump Linear,0.00438921,276.9
03711ddb7976494b29c09ac404f10f60,Input Validity,Lidar,Lidar Rate,10,276.05
03711ddb7976494b29c09ac404f10f60,Input Validity,Odometry,Odometry Rate,50,276.05
03711ddb7976494b29c09ac404f10f60,Input Validity,TF,TF Rate,10,276.05
03711ddb7976494b29c09ac404f10f60,Localization Stability,TF,Jump Angular,0,277
03711ddb7976494b29c09ac404f10f60,Localization Stability,TF,Jump Linear,0,277
03711ddb7976494b29c09ac404f10f60,Input Validity,Lidar,Lidar Rate,10,276.15
03711ddb7976494b29c09ac404f10f60,Input Validity,Odometry,Odometry Rate,50,276.15
03711ddb7976494b29c09ac404f10f60,Input Validity,TF,TF Rate,10,276.15
03711ddb7976494b29c09ac404f10f60,Localization Quality,AMCLPose,CovYawYaw,0.00124539,276.1
03711ddb7976494b29c09ac404f10f60,Localization Quality,AMCLPose,CovYY,0.00533738,276.1
03711ddb7976494b29c09ac404f10f60,Localization Quality,AMCLPose,CovXX,0.00208048,276.1
03711ddb7976494b29c09ac404f10f60,Localization Quality,AMCLPose,MeanYaw,1.11595,276.1
03711ddb7976494b29c09ac404f10f60,Localization Quality,AMCLPose,MeanY,-1.27606,276.1
03711ddb7976494b29c09ac404f10f60,Localization Quality,AMCLPose,MeanX,-2.16582,276.1
03711ddb7976494b29c09ac404f10f60,Localization Stability,TF,Jump Angular,0.00270482,277.1
03711ddb7976494b29c09ac404f10f60,Localization Stability,TF,Jump Linear,0.0100818,277.1
03711ddb7976494b29c09ac404f10f60,Input Validity,Lidar,Lidar Rate,10,276.25
03711ddb7976494b29c09ac404f10f60,Input Validity,Odometry,Odometry Rate,50,276.25
03711ddb7976494b29c09ac404f10f60,Input Validity,TF,TF Rate,10,276.25
03711ddb7976494b29c09ac404f10f60,Localization Stability,TF,Jump Angular,0,277.2
03711ddb7976494b29c09ac404f10f60,Localization Stability,TF,Jump Linear,0,277.2
03711ddb7976494b29c09ac404f10f60,Input Validity,Lidar,Lidar Rate,10,276.35
03711ddb7976494b29c09ac404f10f60,Input Validity,Odometry,Odometry Rate,50,276.35
03711ddb7976494b29c09ac404f10f60,Input Validity,TF,TF Rate,10,276.35
03711ddb7976494b29c09ac404f10f60,Localization Quality,AMCLPose,CovYawYaw,0.00129762,276.3
03711ddb7976494b29c09ac404f10f60,Localization Quality,AMCLPose,CovYY,0.00429441,276.3
03711ddb7976494b29c09ac404f10f60,Localization Quality,AMCLPose,CovXX,0.00218093,276.3
03711ddb7976494b29c09ac404f10f60,Localization Quality,AMCLPose,MeanYaw,1.05222,276.3
03711ddb7976494b29c09ac404f10f60,Localization Quality,AMCLPose,MeanY,-1.20047,276.3
03711ddb7976494b29c09ac404f10f60,Localization Quality,AMCLPose,MeanX,-2.12632,276.3
03711ddb7976494b29c09ac404f10f60,Localization Stability,TF,Jump Angular,0.00201305,277.3
03711ddb7976494b29c09ac404f10f60,Localization Stability,TF,Jump Linear,0.00562243,277.3
03711ddb7976494b29c09ac404f10f60,Localization Stability,TF,Jump Angular,0,277.4
03711ddb7976494b29c09ac404f10f60,Localization Stability,TF,Jump Linear,0,277.4
03711ddb7976494b29c09ac404f10f60,Input Validity,Lidar,Lidar Rate,10,276.45
03711ddb7976494b29c09ac404f10f60,Input Validity,Odometry,Odometry Rate,50,276.45
03711ddb7976494b29c09ac404f10f60,Input Validity,TF,TF Rate,10,276.45
03711ddb7976494b29c09ac404f10f60,Input Validity,Lidar,Lidar Rate,10,276.55
03711ddb7976494b29c09ac404f10f60,Input Validity,Odometry,Odometry Rate,50,276.55
03711ddb7976494b29c09ac404f10f60,Input Validity,TF,TF Rate,10,276.55
03711ddb7976494b29c09ac404f10f60,Localization Quality,AMCLPose,CovYawYaw,0.00138873,276.5
03711ddb7976494b29c09ac404f10f60,Localization Quality,AMCLPose,CovYY,0.00379674,276.5
03711ddb7976494b29c09ac404f10f60,Localization Quality,AMCLPose,CovXX,0.00181308,276.5
03711ddb7976494b29c09ac404f10f60,Localization Quality,AMCLPose,MeanYaw,0.995786,276.5
03711ddb7976494b29c09ac404f10f60,Localization Quality,AMCLPose,MeanY,-1.12336,276.5
03711ddb7976494b29c09ac404f10f60,Localization Quality,AMCLPose,MeanX,-2.07986,276.5
03711ddb7976494b29c09ac404f10f60,Localization Stability,TF,Jump Angular,0.00205153,277.5
03711ddb7976494b29c09ac404f10f60,Localization Stability,TF,Jump Linear,0.00526002,277.5
03711ddb7976494b29c09ac404f10f60,Input Validity,Lidar,Lidar Rate,10,276.65
03711ddb7976494b29c09ac404f10f60,Input Validity,Odometry,Odometry Rate,50,276.65
03711ddb7976494b29c09ac404f10f60,Input Validity,TF,TF Rate,10,276.65
03711ddb7976494b29c09ac404f10f60,Localization Stability,TF,Jump Angular,0,277.6
03711ddb7976494b29c09ac404f10f60,Localization Stability,TF,Jump Linear,0,277.6
03711ddb7976494b29c09ac404f10f60,Input Validity,Lidar,Lidar Rate,10,276.75
03711ddb7976494b29c09ac404f10f60,Input Validity,Odometry,Odometry Rate,50,276.75
03711ddb7976494b29c09ac404f10f60,Input Validity,TF,TF Rate,10,276.75
03711ddb7976494b29c09ac404f10f60,Localization Quality,AMCLPose,CovYawYaw,0.00220779,276.7
03711ddb7976494b29c09ac404f10f60,Localization Quality,AMCLPose,CovYY,0.0040113,276.7
03711ddb7976494b29c09ac404f10f60,Localization Quality,AMCLPose,CovXX,0.00209175,276.7
03711ddb7976494b29c09ac404f10f60,Localization Quality,AMCLPose,MeanYaw,0.939256,276.7
03711ddb7976494b29c09ac404f10f60,Localization Quality,AMCLPose,MeanY,-1.05124,276.7
03711ddb7976494b29c09ac404f10f60,Localization Quality,AMCLPose,MeanX,-2.02966,276.7
03711ddb7976494b29c09ac404f10f60,Localization Stability,TF,Jump Angular,0.00154055,277.7
03711ddb7976494b29c09ac404f10f60,Localization Stability,TF,Jump Linear,0.0031243,277.7
03711ddb7976494b29c09ac404f10f60,Input Validity,Lidar,Lidar Rate,10,276.85
03711ddb7976494b29c09ac404f10f60,Input Validity,Odometry,Odometry Rate,50,276.85
03711ddb7976494b29c09ac404f10f60,Input Validity,TF,TF Rate,10,276.85
03711ddb7976494b29c09ac404f10f60,Localization Stability,TF,Jump Angular,0,277.8
03711ddb7976494b29c09ac404f10f60,Localization Stability,TF,Jump Linear,0,277.8
03711ddb7976494b29c09ac404f10f60,Input Validity,Lidar,Lidar Rate,10,276.94
03711ddb7976494b29c09ac404f10f60,Input Validity,Odometry,Odometry Rate,50,276.94
03711ddb7976494b29c09ac404f10f60,Input Validity,TF,TF Rate,10,276.94
03711ddb7976494b29c09ac404f10f60,Localization Stability,TF,Jump Angular,0,277.9
03711ddb7976494b29c09ac404f10f60,Localization Stability,TF,Jump Linear,0,277.9
03711ddb7976494b29c09ac404f10f60,Input Validity,Lidar,Lidar Rate,10,277.04
03711ddb7976494b29c09ac404f10f60,Input Validity,Odometry,Odometry Rate,50,277.04
03711ddb7976494b29c09ac404f10f60,Input Validity,TF,TF Rate,10,277.04
03711ddb7976494b29c09ac404f10f60,Localization Quality,AMCLPose,CovYawYaw,0.00415031,277
03711ddb7976494b29c09ac404f10f60,Localization Quality,AMCLPose,CovYY,0.00455053,277
03711ddb7976494b29c09ac404f10f60,Localization Quality,AMCLPose,CovXX,0.0022908,277
03711ddb7976494b29c09ac404f10f60,Localization Quality,AMCLPose,MeanYaw,0.883182,277
03711ddb7976494b29c09ac404f10f60,Localization Quality,AMCLPose,MeanY,-0.944832,277
03711ddb7976494b29c09ac404f10f60,Localization Quality,AMCLPose,MeanX,-1.94822,277
03711ddb7976494b29c09ac404f10f60,Localization Stability,TF,Jump Angular,0.000590699,278
03711ddb7976494b29c09ac404f10f60,Localization Stability,TF,Jump Linear,0.00267823,278
03711ddb7976494b29c09ac404f10f60,Input Validity,Lidar,Lidar Rate,10,277.14
03711ddb7976494b29c09ac404f10f60,Input Validity,Odometry,Odometry Rate,50,277.14
03711ddb7976494b29c09ac404f10f60,Input Validity,TF,TF Rate,10,277.14
03711ddb7976494b29c09ac404f10f60,Localization Stability,TF,Jump Angular,0,278.1
03711ddb7976494b29c09ac404f10f60,Localization Stability,TF,Jump Linear,0,278.1
03711ddb7976494b29c09ac404f10f60,Input Validity,Lidar,Lidar Rate,10,277.24
03711ddb7976494b29c09ac404f10f60,Input Validity,Odometry,Odometry Rate,50,277.24
03711ddb7976494b29c09ac404f10f60,Input Validity,TF,TF Rate,10,277.24
03711ddb7976494b29c09ac404f10f60,Localization Stability,TF,Jump Angular,0,278.2
03711ddb7976494b29c09ac404f10f60,Localization Stability,TF,Jump Linear,0,278.2
03711ddb7976494b29c09ac404f10f60,Input Validity,Lidar,Lidar Rate,10,277.34
03711ddb7976494b29c09ac404f10f60,Input Validity,Odometry,Odometry Rate,50,277.34
03711ddb7976494b29c09ac404f10f60,Input Validity,TF,TF Rate,10,277.34
03711ddb7976494b29c09ac404f10f60,Localization Stability,TF,Jump Angular,0,278.3
03711ddb7976494b29c09ac404f10f60,Localization Stability,TF,Jump Linear,0,278.3
03711ddb7976494b29c09ac404f10f60,Input Validity,Lidar,Lidar Rate,10,277.43
03711ddb7976494b29c09ac404f10f60,Input Validity,Odometry,Odometry Rate,50,277.43
03711ddb7976494b29c09ac404f10f60,Input Validity,TF,TF Rate,10,277.43
03711ddb7976494b29c09ac404f10f60,Localization Quality,AMCLPose,CovYawYaw,0.00801697,277.4
03711ddb7976494b29c09ac404f10f60,Localization Quality,AMCLPose,CovYY,0.00588772,277.4
03711ddb7976494b29c09ac404f10f60,Localization Quality,AMCLPose,CovXX,0.00323544,277.4
03711ddb7976494b29c09ac404f10f60,Localization Quality,AMCLPose,MeanYaw,0.828288,277.4
03711ddb7976494b29c09ac404f10f60,Localization Quality,AMCLPose,MeanY,-0.810408,277.4
03711ddb7976494b29c09ac404f10f60,Localization Quality,AMCLPose,MeanX,-1.83031,277.4
03711ddb7976494b29c09ac404f10f60,Localization Stability,TF,Jump Angular,-0.00096634,278.4
03711ddb7976494b29c09ac404f10f60,Localization Stability,TF,Jump Linear,0.00308053,278.4
03711ddb7976494b29c09ac404f10f60,Input Validity,Lidar,Lidar Rate,10,277.53
03711ddb7976494b29c09ac404f10f60,Input Validity,Odometry,Odometry Rate,50,277.53
03711ddb7976494b29c09ac404f10f60,Input Validity,TF,TF Rate,10,277.53
03711ddb7976494b29c09ac404f10f60,Localization Stability,TF,Jump Angular,0,278.5
03711ddb7976494b29c09ac404f10f60,Localization Stability,TF,Jump Linear,0,278.5
03711ddb7976494b29c09ac404f10f60,Input Validity,Lidar,Lidar Rate,10,277.63
03711ddb7976494b29c09ac404f10f60,Input Validity,Odometry,Odometry Rate,50,277.63
03711ddb7976494b29c09ac404f10f60,Input Validity,TF,TF Rate,10,277.63
03711ddb7976494b29c09ac404f10f60,Localization Stability,TF,Jump Angular,0,278.6
03711ddb7976494b29c09ac404f10f60,Localization Stability,TF,Jump Linear,0,278.6
03711ddb7976494b29c09ac404f10f60,Input Validity,Lidar,Lidar Rate,10,277.73
03711ddb7976494b29c09ac404f10f60,Input Validity,Odometry,Odometry Rate,50,277.73
03711ddb7976494b29c09ac404f10f60,Input Validity,TF,TF Rate,10,277.73
03711ddb7976494b29c09ac404f10f60,Localization Quality,AMCLPose,CovYawYaw,0.00950135,277.7
03711ddb7976494b29c09ac404f10f60,Localization Quality,AMCLPose,CovYY,0.00712045,277.7
03711ddb7976494b29c09ac404f10f60,Localization Quality,AMCLPose,CovXX,0.00412335,277.7
03711ddb7976494b29c09ac404f10f60,Localization Quality,AMCLPose,MeanYaw,0.795442,277.7
03711ddb7976494b29c09ac404f10f60,Localization Quality,AMCLPose,MeanY,-0.716158,277.7
03711ddb7976494b29c09ac404f10f60,Localization Quality,AMCLPose,MeanX,-1.73696,277.7
03711ddb7976494b29c09ac404f10f60,Localization Stability,TF,Jump Angular,-0.000345043,278.7
03711ddb7976494b29c09ac404f10f60,Localization Stability,TF,Jump Linear,0.0042475,278.7
03711ddb7976494b29c09ac404f10f60,Input Validity,Lidar,Lidar Rate,10,277.83
03711ddb7976494b29c09ac404f10f60,Input Validity,Odometry,Odometry Rate,50,277.83
03711ddb7976494b29c09ac404f10f60,Input Validity,TF,TF Rate,10,277.83
03711ddb7976494b29c09ac404f10f60,Localization Stability,TF,Jump Angular,0,278.8
03711ddb7976494b29c09ac404f10f60,Localization Stability,TF,Jump Linear,0,278.8
03711ddb7976494b29c09ac404f10f60,Input Validity,Lidar,Lidar Rate,10,277.93
03711ddb7976494b29c09ac404f10f60,Input Validity,Odometry,Odometry Rate,50,277.93
03711ddb7976494b29c09ac404f10f60,Input Validity,TF,TF Rate,10,277.93
03711ddb7976494b29c09ac404f10f60,Localization Stability,TF,Jump Angular,0,278.9
03711ddb7976494b29c09ac404f10f60,Localization Stability,TF,Jump Linear,0,278.9
03711ddb7976494b29c09ac404f10f60,Input Validity,Lidar,Lidar Rate,10,278.03
03711ddb7976494b29c09ac404f10f60,Input Validity,Odometry,Odometry Rate,50,278.03
03711ddb7976494b29c09ac404f10f60,Input Validity,TF,TF Rate,10,278.03
03711ddb7976494b29c09ac404f10f60,Localization Quality,AMCLPose,CovYawYaw,0.0113347,278
03711ddb7976494b29c09ac404f10f60,Localization Quality,AMCLPose,CovYY,0.00868043,278
03711ddb7976494b29c09ac404f10f60,Localization Quality,AMCLPose,CovXX,0.00507215,278
03711ddb7976494b29c09ac404f10f60,Localization Quality,AMCLPose,MeanYaw,0.78602,278
03711ddb7976494b29c09ac404f10f60,Localization Quality,AMCLPose,MeanY,-0.622376,278
03711ddb7976494b29c09ac404f10f60,Localization Quality,AMCLPose,MeanX,-1.64508,278
03711ddb7976494b29c09ac404f10f60,Localization Stability,TF,Jump Angular,0.00279033,279
03711ddb7976494b29c09ac404f10f60,Localization Stability,TF,Jump Linear,0.00627642,279
03711ddb7976494b29c09ac404f10f60,Input Validity,Lidar,Lidar Rate,10,278.12
03711ddb7976494b29c09ac404f10f60,Input Validity,Odometry,Odometry Rate,50,278.12
03711ddb7976494b29c09ac404f10f60,Input Validity,TF,TF Rate,10,278.12
03711ddb7976494b29c09ac404f10f60,Localization Stability,TF,Jump Angular,0,279.1
03711ddb7976494b29c09ac404f10f60,Localization Stability,TF,Jump Linear,0,279.1
03711ddb7976494b29c09ac404f10f60,Input Validity,Lidar,Lidar Rate,10,278.21
03711ddb7976494b29c09ac404f10f60,Input Validity,Odometry,Odometry Rate,50,278.21
03711ddb7976494b29c09ac404f10f60,Input Validity,TF,TF Rate,10,278.21
03711ddb7976494b29c09ac404f10f60,Localization Stability,TF,Jump Angular,0,279.2
03711ddb7976494b29c09ac404f10f60,Localization Stability,TF,Jump Linear,0,279.2
03711ddb7976494b29c09ac404f10f60,Input Validity,Lidar,Lidar Rate,10,278.32
03711ddb7976494b29c09ac404f10f60,Input Validity,Odometry,Odometry Rate,50,278.32
03711ddb7976494b29c09ac404f10f60,Input Validity,TF,TF Rate,10,278.32
03711ddb7976494b29c09ac404f10f60,Localization Quality,AMCLPose,CovYawYaw,0.0134537,278.3
03711ddb7976494b29c09ac404f10f60,Localization Quality,AMCLPose,CovYY,0.00993843,278.3
03711ddb7976494b29c09ac404f10f60,Localization Quality,AMCLPose,CovXX,0.00595937,278.3
03711ddb7976494b29c09ac404f10f60,Localization Quality,AMCLPose,MeanYaw,0.778536,278.3
03711ddb7976494b29c09ac404f10f60,Localization Quality,AMCLPose,MeanY,-0.529527,278.3
03711ddb7976494b29c09ac404f10f60,Localization Quality,AMCLPose,MeanX,-1.54897,278.3
03711ddb7976494b29c09ac404f10f60,Localization Stability,TF,Jump Angular,-0.000370205,279.3
03711ddb7976494b29c09ac404f10f60,Localization Stability,TF,Jump Linear,0.0028702,279.3
03711ddb7976494b29c09ac404f10f60,Input Validity,Lidar,Lidar Rate,10,278.42
03711ddb7976494b29c09ac404f10f60,Input Validity,Odometry,Odometry Rate,50,278.42
03711ddb7976494b29c09ac404f10f60,Input Validity,TF,TF Rate,10,278.42
03711ddb7976494b29c09ac404f10f60,Localization Stability,TF,Jump Angular,0,279.4
03711ddb7976494b29c09ac404f10f60,Localization Stability,TF,Jump Linear,0,279.4
03711ddb7976494b29c09ac404f10f60,Input Validity,Lidar,Lidar Rate,10,278.52
03711ddb7976494b29c09ac404f10f60,Input Validity,Odometry,Odometry Rate,50,278.52
03711ddb7976494b29c09ac404f10f60,Input Validity,TF,TF Rate,10,278.52
03711ddb7976494b29c09ac404f10f60,Localization Stability,TF,Jump Angular,0,279.5
03711ddb7976494b29c09ac404f10f60,Localization Stability,TF,Jump Linear,0,279.5
03711ddb7976494b29c09ac404f10f60,Input Validity,Lidar,Lidar Rate,10,278.62
03711ddb7976494b29c09ac404f10f60,Input Validity,Odometry,Odometry Rate,50,278.62
03711ddb7976494b29c09ac404f10f60,Input Validity,TF,TF Rate,10,278.62
03711ddb7976494b29c09ac404f10f60,Localization Quality,AMCLPose,CovYawYaw,0.0151743,278.6
03711ddb7976494b29c09ac404f10f60,Localization Quality,AMCLPose,CovYY,0.0113239,278.6
03711ddb7976494b29c09ac404f10f60,Localization Quality,AMCLPose,CovXX,0.0071252,278.6
03711ddb7976494b29c09ac404f10f60,Localization Quality,AMCLPose,MeanYaw,0.77569,278.6
03711ddb7976494b29c09ac404f10f60,Localization Quality,AMCLPose,MeanY,-0.433308,278.6
03711ddb7976494b29c09ac404f10f60,Localization Quality,AMCLPose,MeanX,-1.45277,278.6
03711ddb7976494b29c09ac404f10f60,Localization Stability,TF,Jump Angular,0.00187264,279.6
03711ddb7976494b29c09ac404f10f60,Localization Stability,TF,Jump Linear,0.00419796,279.6
03711ddb7976494b29c09ac404f10f60,Input Validity,Lidar,Lidar Rate,10,278.72
03711ddb7976494b29c09ac404f10f60,Input Validity,Odometry,Odometry Rate,50,278.72
03711ddb7976494b29c09ac404f10f60,Input Validity,TF,TF Rate,10,278.72
03711ddb7976494b29c09ac404f10f60,Localization Stability,TF,Jump Angular,0,279.7
03711ddb7976494b29c09ac404f10f60,Localization Stability,TF,Jump Linear,0,279.7
03711ddb7976494b29c09ac404f10f60,Input Validity,Lidar,Lidar Rate,10,278.82
03711ddb7976494b29c09ac404f10f60,Input Validity,Odometry,Odometry Rate,50,278.82
03711ddb7976494b29c09ac404f10f60,Input Validity,TF,TF Rate,10,278.82
03711ddb7976494b29c09ac404f10f60,Localization Stability,TF,Jump Angular,0,279.8
03711ddb7976494b29c09ac404f10f60,Localization Stability,TF,Jump Linear,0,279.8
03711ddb7976494b29c09ac404f10f60,Input Validity,Lidar,Lidar Rate,10,278.91
03711ddb7976494b29c09ac404f10f60,Input Validity,Odometry,Odometry Rate,50,278.91
03711ddb7976494b29c09ac404f10f60,Input Validity,TF,TF Rate,10,278.91
03711ddb7976494b29c09ac404f10f60,Localization Quality,AMCLPose,CovYawYaw,0.0181014,278.9
03711ddb7976494b29c09ac404f10f60,Localization Quality,AMCLPose,CovYY,0.0136194,278.9
03711ddb7976494b29c09ac404f10f60,Localization Quality,AMCLPose,CovXX,0.00915528,278.9
03711ddb7976494b29c09ac404f10f60,Localization Quality,AMCLPose,MeanYaw,0.743863,278.9
03711ddb7976494b29c09ac404f10f60,Localization Quality,AMCLPose,MeanY,-0.342406,278.9
03711ddb7976494b29c09ac404f10f60,Localization Quality,AMCLPose,MeanX,-1.35577,278.9
03711ddb7976494b29c09ac404f10f60,Localization Stability,TF,Jump Angular,-0.00203861,279.9
03711ddb7976494b29c09ac404f10f60,Localization Stability,TF,Jump Linear,0.00545067,279.9
03711ddb7976494b29c09ac404f10f60,Input Validity,Lidar,Lidar Rate,10,279.01
03711ddb7976494b29c09ac404f10f60,Input Validity,Odometry,Odometry Rate,50,279.01
03711ddb7976494b29c09ac404f10f60,Input Validity,TF,TF Rate,10,279.01
03711ddb7976494b29c09ac404f10f60,Localization Stability,TF,Jump Angular,0,280
03711ddb7976494b29c09ac404f10f60,Localization Stability,TF,Jump Linear,0,280
03711ddb7976494b29c09ac404f10f60,Input Validity,Lidar,Lidar Rate,10,279.11
03711ddb7976494b29c09ac404f10f60,Input Validity,Odometry,Odometry Rate,50,279.11
03711ddb7976494b29c09ac404f10f60,Input Validity,TF,TF Rate,10,279.11
03711ddb7976494b29c09ac404f10f60,Localization Stability,TF,Jump Angular,0,280.1
03711ddb7976494b29c09ac404f10f60,Localization Stability,TF,Jump Linear,0,280.1
03711ddb7976494b29c09ac404f10f60,Input Validity,Lidar,Lidar Rate,10,279.21
03711ddb7976494b29c09ac404f10f60,Input Validity,Odometry,Odometry Rate,50,279.21
03711ddb7976494b29c09ac404f10f60,Input Validity,TF,TF Rate,10,279.21
03711ddb7976494b29c09ac404f10f60,Localization Quality,AMCLPose,CovYawYaw,0.0207153,279.2
03711ddb7976494b29c09ac404f10f60,Localization Quality,AMCLPose,CovYY,0.0160834,279.2
03711ddb7976494b29c09ac404f10f60,Localization Quality,AMCLPose,CovXX,0.01104,279.2
03711ddb7976494b29c09ac404f10f60,Localization Quality,AMCLPose,MeanYaw,0.668131,279.2
03711ddb7976494b29c09ac404f10f60,Localization Quality,AMCLPose,MeanY,-0.257554,279.2
03711ddb7976494b29c09ac404f10f60,Localization Quality,AMCLPose,MeanX,-1.25045,279.2
03711ddb7976494b29c09ac404f10f60,Localization Stability,TF,Jump Angular,-0.00555051,280.2
03711ddb7976494b29c09ac404f10f60,Localization Stability,TF,Jump Linear,0.0101186,280.2
03711ddb7976494b29c09ac404f10f60,Input Validity,Lidar,Lidar Rate,10,279.31
03711ddb7976494b29c09ac404f10f60,Input Validity,Odometry,Odometry Rate,50,279.31
03711ddb7976494b29c09ac404f10f60,Input Validity,TF,TF Rate,10,279.31
03711ddb7976494b29c09ac404f10f60,Localization Stability,TF,Jump Angular,0,280.3
03711ddb7976494b29c09ac404f10f60,Localization Stability,TF,Jump Linear,0,280.3
03711ddb7976494b29c09ac404f10f60,Input Validity,Lidar,Lidar Rate,10,279.41
03711ddb7976494b29c09ac404f10f60,Input Validity,Odometry,Odometry Rate,50,279.41
03711ddb7976494b29c09ac404f10f60,Input Validity,TF,TF Rate,10,279.41
03711ddb7976494b29c09ac404f10f60,Localization Stability,TF,Jump Angular,0,280.4
03711ddb7976494b29c09ac404f10f60,Localization Stability,TF,Jump Linear,0,280.4
03711ddb7976494b29c09ac404f10f60,Input Validity,Lidar,Lidar Rate,10,279.51
03711ddb7976494b29c09ac404f10f60,Input Validity,Odometry,Odometry Rate,50,279.51
03711ddb7976494b29c09ac404f10f60,Input Validity,TF,TF Rate,10,279.51
03711ddb7976494b29c09ac404f10f60,Localization Quality,AMCLPose,CovYawYaw,0.0232302,279.5
03711ddb7976494b29c09ac404f10f60,Localization Quality,AMCLPose,CovYY,0.0201918,279.5
03711ddb7976494b29c09ac404f10f60,Localization Quality,AMCLPose,CovXX,0.0139388,279.5
03711ddb7976494b29c09ac404f10f60,Localization Quality,AMCLPose,MeanYaw,0.627885,279.5
03711ddb7976494b29c09ac404f10f60,Localization Quality,AMCLPose,MeanY,-0.178997,279.5
03711ddb7976494b29c09ac404f10f60,Localization Quality,AMCLPose,MeanX,-1.14648,279.5
03711ddb7976494b29c09ac404f10f60,Localization Stability,TF,Jump Angular,0.00476482,280.5
03711ddb7976494b29c09ac404f10f60,Localization Stability,TF,Jump Linear,0.00653922,280.5
03711ddb7976494b29c09ac404f10f60,Input Validity,Lidar,Lidar Rate,10,279.61
03711ddb7976494b29c09ac404f10f60,Input Validity,Odometry,Odometry Rate,50,279.61
03711ddb7976494b29c09ac404f10f60,Input Validity,TF,TF Rate,10,279.61
03711ddb7976494b29c09ac404f10f60,Localization Stability,TF,Jump Angular,0,280.6
03711ddb7976494b29c09ac404f10f60,Localization Stability,TF,Jump Linear,0,280.6
03711ddb7976494b29c09ac404f10f60,Input Validity,Lidar,Lidar Rate,10,279.71
03711ddb7976494b29c09ac404f10f60,Input Validity,Odometry,Odometry Rate,50,279.71
03711ddb7976494b29c09ac404f10f60,Input Validity,TF,TF Rate,10,279.71
03711ddb7976494b29c09ac404f10f60,Localization Stability,TF,Jump Angular,0,280.7
03711ddb7976494b29c09ac404f10f60,Localization Stability,TF,Jump Linear,0,280.7
03711ddb7976494b29c09ac404f10f60,Input Validity,Lidar,Lidar Rate,10,279.81
03711ddb7976494b29c09ac404f10f60,Input Validity,Odometry,Odometry Rate,50,279.81
03711ddb7976494b29c09ac404f10f60,Input Validity,TF,TF Rate,10,279.81
03711ddb7976494b29c09ac404f10f60,Localization Quality,AMCLPose,CovYawYaw,0.0242709,279.8
03711ddb7976494b29c09ac404f10f60,Localization Quality,AMCLPose,CovYY,0.0243163,279.8
03711ddb7976494b29c09ac404f10f60,Localization Quality,AMCLPose,CovXX,0.0160584,279.8
03711ddb7976494b29c09ac404f10f60,Localization Quality,AMCLPose,MeanYaw,0.596638,279.8
03711ddb7976494b29c09ac404f10f60,Localization Quality,AMCLPose,MeanY,-0.103103,279.8
03711ddb7976494b29c09ac404f10f60,Localization Quality,AMCLPose,MeanX,-1.03352,279.8
03711ddb7976494b29c09ac404f10f60,Localization Stability,TF,Jump Angular,-0.00304263,280.8
03711ddb7976494b29c09ac404f10f60,Localization Stability,TF,Jump Linear,0.00564132,280.8
03711ddb7976494b29c09ac404f10f60,Input Validity,Lidar,Lidar Rate,10,279.91
03711ddb7976494b29c09ac404f10f60,Input Validity,Odometry,Odometry Rate,50,279.91
03711ddb7976494b29c09ac404f10f60,Input Validity,TF,TF Rate,10,279.91
03711ddb7976494b29c09ac404f10f60,Localization Stability,TF,Jump Angular,0,280.9
03711ddb7976494b29c09ac404f10f60,Localization Stability,TF,Jump Linear,0,280.9
03711ddb7976494b29c09ac404f10f60,Input Validity,Lidar,Lidar Rate,10,280.01
03711ddb7976494b29c09ac404f10f60,Input Validity,Odometry,Odometry Rate,50,280.01
03711ddb7976494b29c09ac404f10f60,Input Validity,TF,TF Rate,10,280.01
03711ddb7976494b29c09ac404f10f60,Localization Quality,AMCLPose,CovYawYaw,0.0120462,280
03711ddb7976494b29c09ac404f10f60,Localization Quality,AMCLPose,CovYY,0.01991,280
03711ddb7976494b29c09ac404f10f60,Localization Quality,AMCLPose,CovXX,0.012148,280
03711ddb7976494b29c09ac404f10f60,Localization Quality,AMCLPose,MeanYaw,0.520855,280
03711ddb7976494b29c09ac404f10f60,Localization Quality,AMCLPose,MeanY,-0.0596816,280
03711ddb7976494b29c09ac404f10f60,Localization Quality,AMCLPose,MeanX,-0.961943,280
03711ddb7976494b29c09ac404f10f60,Localization Stability,TF,Jump Angular,-0.000265484,281
03711ddb7976494b29c09ac404f10f60,Localization Stability,TF,Jump Linear,0.00644498,281
03711ddb7976494b29c09ac404f10f60,Input Validity,Lidar,Lidar Rate,10,280.11
03711ddb7976494b29c09ac404f10f60,Input Validity,Odometry,Odometry Rate,50,280.11
03711ddb7976494b29c09ac404f10f60,Input Validity,TF,TF Rate,10,280.11
03711ddb7976494b29c09ac404f10f60,Localization Stability,TF,Jump Angular,0,281.1
03711ddb7976494b29c09ac404f10f60,Localization Stability,TF,Jump Linear,0,281.1
03711ddb7976494b29c09ac404f10f60,Input Validity,Lidar,Lidar Rate,10,280.21
03711ddb7976494b29c09ac404f10f60,Input Validity,Odometry,Odometry Rate,50,280.21
03711ddb7976494b29c09ac404f10f60,Input Validity,TF,TF Rate,10,280.21
03711ddb7976494b29c09ac404f10f60,Localization Quality,AMCLPose,CovYawYaw,0.00515123,280.2
03711ddb7976494b29c09ac404f10f60,Localization Quality,AMCLPose,CovYY,0.0184344,280.2
03711ddb7976494b29c09ac404f10f60,Localization Quality,AMCLPose,CovXX,0.00909681,280.2
03711ddb7976494b29c09ac404f10f60,Localization Quality,AMCLPose,MeanYaw,0.466762,280.2
03711ddb7976494b29c09ac404f10f60,Localization Quality,AMCLPose,MeanY,-0.0158818,280.2
03711ddb7976494b29c09ac404f10f60,Localization Quality,AMCLPose,MeanX,-0.891079,280.2
03711ddb7976494b29c09ac404f10f60,Localization Stability,TF,Jump Angular,0.00636453,281.2
03711ddb7976494b29c09ac404f10f60,Localization Stability,TF,Jump Linear,0.0119223,281.2
03711ddb7976494b29c09ac404f10f60,Input Validity,Lidar,Lidar Rate,10,280.31
03711ddb7976494b29c09ac404f10f60,Input Validity,Odometry,Odometry Rate,50,280.31
03711ddb7976494b29c09ac404f10f60,Input Validity,TF,TF Rate,10,280.31
03711ddb7976494b29c09ac404f10f60,Localization Stability,TF,Jump Angular,0,281.3
03711ddb7976494b29c09ac404f10f60,Localization Stability,TF,Jump Linear,0,281.3
03711ddb7976494b29c09ac404f10f60,Input Validity,Lidar,Lidar Rate,10,280.4
03711ddb7976494b29c09ac404f10f60,Input Validity,Odometry,Odometry Rate,50,280.4
03711ddb7976494b29c09ac404f10f60,Input Validity,TF,TF Rate,10,280.4
03711ddb7976494b29c09ac404f10f60,Input Validity,Lidar,Lidar Rate,10,280.5
03711ddb7976494b29c09ac404f10f60,Input Validity,Odometry,Odometry Rate,50,280.5
03711ddb7976494b29c09ac404f10f60,Input Validity,TF,TF Rate,10,280.5
03711ddb7976494b29c09ac404f10f60,Localization Stability,TF,Jump Angular,0,281.4
03711ddb7976494b29c09ac404f10f60,Localization Stability,TF,Jump Linear,0,281.4
03711ddb7976494b29c09ac404f10f60,Input Validity,Lidar,Lidar Rate,10,280.6
03711ddb7976494b29c09ac404f10f60,Input Validity,Odometry,Odometry Rate,50,280.6
03711ddb7976494b29c09ac404f10f60,Input Validity,TF,TF Rate,10,280.6
03711ddb7976494b29c09ac404f10f60,Localization Quality,AMCLPose,CovYawYaw,0.00318569,280.5
03711ddb7976494b29c09ac404f10f60,Localization Quality,AMCLPose,CovYY,0.0171025,280.5
03711ddb7976494b29c09ac404f10f60,Localization Quality,AMCLPose,CovXX,0.00749689,280.5
03711ddb7976494b29c09ac404f10f60,Localization Quality,AMCLPose,MeanYaw,0.419857,280.5
03711ddb7976494b29c09ac404f10f60,Localization Quality,AMCLPose,MeanY,0.0452052,280.5
03711ddb7976494b29c09ac404f10f60,Localization Quality,AMCLPose,MeanX,-0.771836,280.5
03711ddb7976494b29c09ac404f10f60,Localization Stability,TF,Jump Angular,0.00480372,281.5
03711ddb7976494b29c09ac404f10f60,Localization Stability,TF,Jump Linear,0.00757324,281.5
03711ddb7976494b29c09ac404f10f60,Localization Stability,TF,Jump Angular,0,281.6
03711ddb7976494b29c09ac404f10f60,Localization Stability,TF,Jump Linear,0,281.6
03711ddb7976494b29c09ac404f10f60,Input Validity,Lidar,Lidar Rate,10,280.7
03711ddb7976494b29c09ac404f10f60,Input Validity,Odometry,Odometry Rate,50,280.7
03711ddb7976494b29c09ac404f10f60,Input Validity,TF,TF Rate,10,280.7
03711ddb7976494b29c09ac404f10f60,Localization Stability,TF,Jump Angular,0,281.7
03711ddb7976494b29c09ac404f10f60,Localization Stability,TF,Jump Linear,0,281.7
03711ddb7976494b29c09ac404f10f60,Input Validity,Lidar,Lidar Rate,10,280.8
03711ddb7976494b29c09ac404f10f60,Input Validity,Odometry,Odometry Rate,50,280.8
03711ddb7976494b29c09ac404f10f60,Input Validity,TF,TF Rate,10,280.8
03711ddb7976494b29c09ac404f10f60,Localization Quality,AMCLPose,CovYawYaw,0.00238837,280.8
03711ddb7976494b29c09ac404f10f60,Localization Quality,AMCLPose,CovYY,0.0167203,280.8
03711ddb7976494b29c09ac404f10f60,Localization Quality,AMCLPose,CovXX,0.00663411,280.8
03711ddb7976494b29c09ac404f10f60,Localization Quality,AMCLPose,MeanYaw,0.399065,280.8
03711ddb7976494b29c09ac404f10f60,Localization Quality,AMCLPose,MeanY,0.0982966,280.8
03711ddb7976494b29c09ac404f10f60,Localization Quality,AMCLPose,MeanX,-0.650085,280.8
03711ddb7976494b29c09ac404f10f60,Localization Stability,TF,Jump Angular,0.00040579,281.8
03711ddb7976494b29c09ac404f10f60,Localization Stability,TF,Jump Linear,0.00231618,281.8
03711ddb7976494b29c09ac404f10f60,Input Validity,Lidar,Lidar Rate,10,280.9
03711ddb7976494b29c09ac404f10f60,Input Validity,Odometry,Odometry Rate,50,280.9
03711ddb7976494b29c09ac404f10f60,Input Validity,TF,TF Rate,10,280.9
03711ddb7976494b29c09ac404f10f60,Localization Stability,TF,Jump Angular,0,281.9
03711ddb7976494b29c09ac404f10f60,Localization Stability,TF,Jump Linear,0,281.9
03711ddb7976494b29c09ac404f10f60,Input Validity,Lidar,Lidar Rate,10,281
03711ddb7976494b29c09ac404f10f60,Input Validity,Odometry,Odometry Rate,50,281
03711ddb7976494b29c09ac404f10f60,Input Validity,TF,TF Rate,10,281
03711ddb7976494b29c09ac404f10f60,Input Validity,Lidar,Lidar Rate,10,281.1
03711ddb7976494b29c09ac404f10f60,Input Validity,Odometry,Odometry Rate,50,281.1
03711ddb7976494b29c09ac404f10f60,Input Validity,TF,TF Rate,10,281.1
03711ddb7976494b29c09ac404f10f60,Localization Quality,AMCLPose,CovYawYaw,0.00227326,281
03711ddb7976494b29c09ac404f10f60,Localization Quality,AMCLPose,CovYY,0.0131336,281
03711ddb7976494b29c09ac404f10f60,Localization Quality,AMCLPose,CovXX,0.00591077,281
03711ddb7976494b29c09ac404f10f60,Localization Quality,AMCLPose,MeanYaw,0.342338,281
03711ddb7976494b29c09ac404f10f60,Localization Quality,AMCLPose,MeanY,0.138425,281
03711ddb7976494b29c09ac404f10f60,Localization Quality,AMCLPose,MeanX,-0.5724,281
03711ddb7976494b29c09ac404f10f60,Localization Stability,TF,Jump Angular,0.00409058,282
03711ddb7976494b29c09ac404f10f60,Localization Stability,TF,Jump Linear,0.0107,282
03711ddb7976494b29c09ac404f10f60,Localization Stability,TF,Jump Angular,0,282.1
03711ddb7976494b29c09ac404f10f60,Localization Stability,TF,Jump Linear,0,282.1
03711ddb7976494b29c09ac404f10f60,Input Validity,Lidar,Lidar Rate,10,281.2
03711ddb7976494b29c09ac404f10f60,Input Validity,Odometry,Odometry Rate,50,281.2
03711ddb7976494b29c09ac404f10f60,Input Validity,TF,TF Rate,10,281.2
03711ddb7976494b29c09ac404f10f60,Input Validity,Lidar,Lidar Rate,10,281.3
03711ddb7976494b29c09ac404f10f60,Input Validity,Odometry,Odometry Rate,50,281.3
03711ddb7976494b29c09ac404f10f60,Input Validity,TF,TF Rate,10,281.3
03711ddb7976494b29c09ac404f10f60,Localization Quality,AMCLPose,CovYawYaw,0.00204201,281.2
03711ddb7976494b29c09ac404f10f60,Localization Quality,AMCLPose,CovYY,0.00934808,281.2
03711ddb7976494b29c09ac404f10f60,Localization Quality,AMCLPose,CovXX,0.00559379,281.2
03711ddb7976494b29c09ac404f10f60,Localization Quality,AMCLPose,MeanYaw,0.277782,281.2
03711ddb7976494b29c09ac404f10f60,Localization Quality,AMCLPose,MeanY,0.178071,281.2
03711ddb7976494b29c09ac404f10f60,Localization Quality,AMCLPose,MeanX,-0.488059,281.2
03711ddb7976494b29c09ac404f10f60,Localization Stability,TF,Jump Angular,0.00408469,282.2
03711ddb7976494b29c09ac404f10f60,Localization Stability,TF,Jump Linear,0.013456,282.2
03711ddb7976494b29c09ac404f10f60,Input Validity,Lidar,Lidar Rate,10,281.39
03711ddb7976494b29c09ac404f10f60,Input Validity,Odometry,Odometry Rate,50,281.39
03711ddb7976494b29c09ac404f10f60,Input Validity,TF,TF Rate,10,281.39
03711ddb7976494b29c09ac404f10f60,Localization Stability,TF,Jump Angular,0,282.3
03711ddb7976494b29c09ac404f10f60,Localization Stability,TF,Jump Linear,0,282.3
03711ddb7976494b29c09ac404f10f60,Input Validity,Lidar,Lidar Rate,10,281.47
03711ddb7976494b29c09ac404f10f60,Input Validity,Odometry,Odometry Rate,50,281.47
03711ddb7976494b29c09ac404f10f60,Input Validity,TF,TF Rate,10,281.47
03711ddb7976494b29c09ac404f10f60,Localization Quality,AMCLPose,CovYawYaw,0.00191129,281.4
03711ddb7976494b29c09ac404f10f60,Localization Quality,AMCLPose,CovYY,0.00664117,281.4
03711ddb7976494b29c09ac404f10f60,Localization Quality,AMCLPose,CovXX,0.00557835,281.4
03711ddb7976494b29c09ac404f10f60,Localization Quality,AMCLPose,MeanYaw,0.226332,281.4
03711ddb7976494b29c09ac404f10f60,Localization Quality,AMCLPose,MeanY,0.207756,281.4
03711ddb7976494b29c09ac404f10f60,Localization Quality,AMCLPose,MeanX,-0.40181,281.4
03711ddb7976494b29c09ac404f10f60,Localization Stability,TF,Jump Angular,0.00233796,282.4
03711ddb7976494b29c09ac404f10f60,Localization Stability,TF,Jump Linear,0.00784736,282.4
03711ddb7976494b29c09ac404f10f60,Localization Stability,TF,Jump Angular,0,282.5
03711ddb7976494b29c09ac404f10f60,Localization Stability,TF,Jump Linear,0,282.5
03711ddb7976494b29c09ac404f10f60,Input Validity,Lidar,Lidar Rate,10,281.57
03711ddb7976494b29c09ac404f10f60,Input Validity,Odometry,Odometry Rate,50,281.57
03711ddb7976494b29c09ac404f10f60,Input Validity,TF,TF Rate,10,281.57
03711ddb7976494b29c09ac404f10f60,Input Validity,Lidar,Lidar Rate,10,281.67
03711ddb7976494b29c09ac404f10f60,Input Validity,Odometry,Odometry Rate,50,281.67
03711ddb7976494b29c09ac404f10f60,Input Validity,TF,TF Rate,10,281.67
03711ddb7976494b29c09ac404f10f60,Localization Stability,TF,Jump Angular,0,282.6
03711ddb7976494b29c09ac404f10f60,Localization Stability,TF,Jump Linear,0,282.6
03711ddb7976494b29c09ac404f10f60,Input Validity,Lidar,Lidar Rate,10,281.77
03711ddb7976494b29c09ac404f10f60,Input Validity,Odometry,Odometry Rate,50,281.77
03711ddb7976494b29c09ac404f10f60,Input Validity,TF,TF Rate,10,281.77
03711ddb7976494b29c09ac404f10f60,Localization Quality,AMCLPose,CovYawYaw,0.00269466,281.7
03711ddb7976494b29c09ac404f10f60,Localization Quality,AMCLPose,CovYY,0.00495605,281.7
03711ddb7976494b29c09ac404f10f60,Localization Quality,AMCLPose,CovXX,0.00570738,281.7
03711ddb7976494b29c09ac404f10f60,Localization Quality,AMCLPose,MeanYaw,0.181465,281.7
03711ddb7976494b29c09ac404f10f60,Localization Quality,AMCLPose,MeanY,0.238485,281.7
03711ddb7976494b29c09ac404f10f60,Localization Quality,AMCLPose,MeanX,-0.270913,281.7
03711ddb7976494b29c09ac404f10f60,Localization Stability,TF,Jump Angular,0.00135979,282.7
03711ddb7976494b29c09ac404f10f60,Localization Stability,TF,Jump Linear,0.00418364,282.7
03711ddb7976494b29c09ac404f10f60,Input Validity,Lidar,Lidar Rate,10,281.87
03711ddb7976494b29c09ac404f10f60,Input Validity,Odometry,Odometry Rate,50,281.87
03711ddb7976494b29c09ac404f10f60,Input Validity,TF,TF Rate,10,281.87
03711ddb7976494b29c09ac404f10f60,Localization Stability,TF,Jump Angular,0,282.8
03711ddb7976494b29c09ac404f10f60,Localization Stability,TF,Jump Linear,0,282.8
03711ddb7976494b29c09ac404f10f60,Input Validity,Lidar,Lidar Rate,10,281.97
03711ddb7976494b29c09ac404f10f60,Input Validity,Odometry,Odometry Rate,50,281.97
03711ddb7976494b29c09ac404f10f60,Input Validity,TF,TF Rate,10,281.97
03711ddb7976494b29c09ac404f10f60,Localization Stability,TF,Jump Angular,0,282.9
03711ddb7976494b29c09ac404f10f60,Localization Stability,TF,Jump Linear,0,282.9
03711ddb7976494b29c09ac404f10f60,Input Validity,Lidar,Lidar Rate,10,282.07
03711ddb7976494b29c09ac404f10f60,Input Validity,Odometry,Odometry Rate,50,282.07
03711ddb7976494b29c09ac404f10f60,Input Validity,TF,TF Rate,10,282.07
03711ddb7976494b29c09ac404f10f60,Localization Quality,AMCLPose,CovYawYaw,0.00302195,282
03711ddb7976494b29c09ac404f10f60,Localization Quality,AMCLPose,CovYY,0.00369529,282
03711ddb7976494b29c09ac404f10f60,Localization Quality,AMCLPose,CovXX,0.00601068,282
03711ddb7976494b29c09ac404f10f60,Localization Quality,AMCLPose,MeanYaw,0.151134,282
03711ddb7976494b29c09ac404f10f60,Localization Quality,AMCLPose,MeanY,0.266224,282
03711ddb7976494b29c09ac404f10f60,Localization Quality,AMCLPose,MeanX,-0.136947,282
03711ddb7976494b29c09ac404f10f60,Localization Stability,TF,Jump Angular,0.0019187,283
03711ddb7976494b29c09ac404f10f60,Localization Stability,TF,Jump Linear,0.00479009,283
03711ddb7976494b29c09ac404f10f60,Input Validity,Lidar,Lidar Rate,10,282.17
03711ddb7976494b29c09ac404f10f60,Input Validity,Odometry,Odometry Rate,50,282.17
03711ddb7976494b29c09ac404f10f60,Input Validity,TF,TF Rate,10,282.17
03711ddb7976494b29c09ac404f10f60,Localization Stability,TF,Jump Angular,0,283.1
03711ddb7976494b29c09ac404f10f60,Localization Stability,TF,Jump Linear,0,283.1
03711ddb7976494b29c09ac404f10f60,Localization Stability,TF,Jump Angular,0,283.2
03711ddb7976494b29c09ac404f10f60,Localization Stability,TF,Jump Linear,0,283.2
03711ddb7976494b29c09ac404f10f60,Input Validity,Lidar,Lidar Rate,10,282.27
03711ddb7976494b29c09ac404f10f60,Input Validity,Odometry,Odometry Rate,50,282.27
03711ddb7976494b29c09ac404f10f60,Input Validity,TF,TF Rate,10,282.27
03711ddb7976494b29c09ac404f10f60,Input Validity,Lidar,Lidar Rate,10,282.37
03711ddb7976494b29c09ac404f10f60,Input Validity,Odometry,Odometry Rate,50,282.37
03711ddb7976494b29c09ac404f10f60,Input Validity,TF,TF Rate,10,282.37
03711ddb7976494b29c09ac404f10f60,Localization Quality,AMCLPose,CovYawYaw,0.00328084,282.3
03711ddb7976494b29c09ac404f10f60,Localization Quality,AMCLPose,CovYY,0.00300572,282.3
03711ddb7976494b29c09ac404f10f60,Localization Quality,AMCLPose,CovXX,0.00641476,282.3
03711ddb7976494b29c09ac404f10f60,Localization Quality,AMCLPose,MeanYaw,0.103519,282.3
03711ddb7976494b29c09ac404f10f60,Localization Quality,AMCLPose,MeanY,0.285009,282.3
03711ddb7976494b29c09ac404f10f60,Localization Quality,AMCLPose,MeanX,-0.00138189,282.3
03711ddb7976494b29c09ac404f10f60,Localization Stability,TF,Jump Angular,-0.00022778,283.3
03711ddb7976494b29c09ac404f10f60,Localization Stability,TF,Jump Linear,0.002409,283.3
03711ddb7976494b29c09ac404f10f60,Localization Stability,TF,Jump Angular,0,283.4
03711ddb7976494b29c09ac404f10f60,Localization Stability,TF,Jump Linear,0,283.4
03711ddb7976494b29c09ac404f10f60,Input Validity,Lidar,Lidar Rate,10,282.47
03711ddb7976494b29c09ac404f10f60,Input Validity,Odometry,Odometry Rate,50,282.47
03711ddb7976494b29c09ac404f10f60,Input Validity,TF,TF Rate,10,282.47
03711ddb7976494b29c09ac404f10f60,Localization Stability,TF,Jump Angular,0,283.5
03711ddb7976494b29c09ac404f10f60,Localization Stability,TF,Jump Linear,0,283.5
03711ddb7976494b29c09ac404f10f60,Input Validity,Lidar,Lidar Rate,10,282.57
03711ddb7976494b29c09ac404f10f60,Input Validity,Odometry,Odometry Rate,50,282.57
03711ddb7976494b29c09ac404f10f60,Input Validity,TF,TF Rate,10,282.57
03711ddb7976494b29c09ac404f10f60,Input Validity,Lidar,Lidar Rate,10,282.67
03711ddb7976494b29c09ac404f10f60,Input Validity,Odometry,Odometry Rate,50,282.67
03711ddb7976494b29c09ac404f10f60,Input Validity,TF,TF Rate,10,282.67
03711ddb7976494b29c09ac404f10f60,Localization Quality,AMCLPose,CovYawYaw,0.00334619,282.6
03711ddb7976494b29c09ac404f10f60,Localization Quality,AMCLPose,CovYY,0.00249147,282.6
03711ddb7976494b29c09ac404f10f60,Localization Quality,AMCLPose,CovXX,0.00661919,282.6
03711ddb7976494b29c09ac404f10f60,Localization Quality,AMCLPose,MeanYaw,0.0661884,282.6
03711ddb7976494b29c09ac404f10f60,Localization Quality,AMCLPose,MeanY,0.298775,282.6
03711ddb7976494b29c09ac404f10f60,Localization Quality,AMCLPose,MeanX,0.133001,282.6
03711ddb7976494b29c09ac404f10f60,Localization Stability,TF,Jump Angular,0.000852041,283.6
03711ddb7976494b29c09ac404f10f60,Localization Stability,TF,Jump Linear,0.0022042,283.6
03711ddb7976494b29c09ac404f10f60,Localization Stability,TF,Jump Angular,0,283.7
03711ddb7976494b29c09ac404f10f60,Localization Stability,TF,Jump Linear,0,283.7
03711ddb7976494b29c09ac404f10f60,Input Validity,Lidar,Lidar Rate,10,282.77
03711ddb7976494b29c09ac404f10f60,Input Validity,Odometry,Odometry Rate,50,282.77
03711ddb7976494b29c09ac404f10f60,Input Validity,TF,TF Rate,10,282.77
03711ddb7976494b29c09ac404f10f60,Input Validity,Lidar,Lidar Rate,10,282.87
03711ddb7976494b29c09ac404f10f60,Input Validity,Odometry,Odometry Rate,50,282.87
03711ddb7976494b29c09ac404f10f60,Input Validity,TF,TF Rate,10,282.87
03711ddb7976494b29c09ac404f10f60,Localization Stability,TF,Jump Angular,0,283.8
03711ddb7976494b29c09ac404f10f60,Localization Stability,TF,Jump Linear,0,283.8
03711ddb7976494b29c09ac404f10f60,Input Validity,Lidar,Lidar Rate,10,282.97
03711ddb7976494b29c09ac404f10f60,Input Validity,Odometry,Odometry Rate,50,282.97
03711ddb7976494b29c09ac404f10f60,Input Validity,TF,TF Rate,10,282.97
03711ddb7976494b29c09ac404f10f60,Localization Quality,AMCLPose,CovYawYaw,0.0029783,282.9
03711ddb7976494b29c09ac404f10f60,Localization Quality,AMCLPose,CovYY,0.00193785,282.9
03711ddb7976494b29c09ac404f10f60,Localization Quality,AMCLPose,CovXX,0.00647485,282.9
03711ddb7976494b29c09ac404f10f60,Localization Quality,AMCLPose,MeanYaw,0.0486946,282.9
03711ddb7976494b29c09ac404f10f60,Localization Quality,AMCLPose,MeanY,0.309056,282.9
03711ddb7976494b29c09ac404f10f60,Localization Quality,AMCLPose,MeanX,0.269911,282.9
03711ddb7976494b29c09ac404f10f60,Localization Stability,TF,Jump Angular,0.00237835,283.9
03711ddb7976494b29c09ac404f10f60,Localization Stability,TF,Jump Linear,0.00249363,283.9
03711ddb7976494b29c09ac404f10f60,Localization Stability,TF,Jump Angular,0,284
03711ddb7976494b29c09ac404f10f60,Localization Stability,TF,Jump Linear,0,284
03711ddb7976494b29c09ac404f10f60,Input Validity,Lidar,Lidar Rate,10,283.07
03711ddb7976494b29c09ac404f10f60,Input Validity,Odometry,Odometry Rate,50,283.07
03711ddb7976494b29c09ac404f10f60,Input Validity,TF,TF Rate,10,283.07
03711ddb7976494b29c09ac404f10f60,Localization Stability,TF,Jump Angular,0,284.1
03711ddb7976494b29c09ac404f10f60,Localization Stability,TF,Jump Linear,0,284.1
03711ddb7976494b29c09ac404f10f60,Input Validity,Lidar,Lidar Rate,10,283.16
03711ddb7976494b29c09ac404f10f60,Input Validity,Odometry,Odometry Rate,50,283.16
03711ddb7976494b29c09ac404f10f60,Input Validity,TF,TF Rate,10,283.16
03711ddb7976494b29c09ac404f10f60,Input Validity,Lidar,Lidar Rate,10,283.26
03711ddb7976494b29c09ac404f10f60,Input Validity,Odometry,Odometry Rate,50,283.26
03711ddb7976494b29c09ac404f10f60,Input Validity,TF,TF Rate,10,283.26
03711ddb7976494b29c09ac404f10f60,Localization Quality,AMCLPose,CovYawYaw,0.00313249,283.2
03711ddb7976494b29c09ac404f10f60,Localization Quality,AMCLPose,CovYY,0.0016191,283.2
03711ddb7976494b29c09ac404f10f60,Localization Quality,AMCLPose,CovXX,0.00685834,283.2
03711ddb7976494b29c09ac404f10f60,Localization Quality,AMCLPose,MeanYaw,0.0332375,283.2
03711ddb7976494b29c09ac404f10f60,Localization Quality,AMCLPose,MeanY,0.31734,283.2
03711ddb7976494b29c09ac404f10f60,Localization Quality,AMCLPose,MeanX,0.403633,283.2
03711ddb7976494b29c09ac404f10f60,Localization Stability,TF,Jump Angular,0.00269895,284.2
03711ddb7976494b29c09ac404f10f60,Localization Stability,TF,Jump Linear,0.00172106,284.2
03711ddb7976494b29c09ac404f10f60,Localization Stability,TF,Jump Angular,0,284.3
03711ddb7976494b29c09ac404f10f60,Localization Stability,TF,Jump Linear,0,284.3
03711ddb7976494b29c09ac404f10f60,Input Validity,Lidar,Lidar Rate,10,283.36
03711ddb7976494b29c09ac404f10f60,Input Validity,Odometry,Odometry Rate,50,283.36
03711ddb7976494b29c09ac404f10f60,Input Validity,TF,TF Rate,10,283.36
03711ddb7976494b29c09ac404f10f60,Input Validity,Lidar,Lidar Rate,10,283.46
03711ddb7976494b29c09ac404f10f60,Input Validity,Odometry,Odometry Rate,50,283.46
03711ddb7976494b29c09ac404f10f60,Input Validity,TF,TF Rate,10,283.46
03711ddb7976494b29c09ac404f10f60,Localization Stability,TF,Jump Angular,0,284.4
03711ddb7976494b29c09ac404f10f60,Localization Stability,TF,Jump Linear,0,284.4
03711ddb7976494b29c09ac404f10f60,Input Validity,Lidar,Lidar Rate,10,283.56
03711ddb7976494b29c09ac404f10f60,Input Validity,Odometry,Odometry Rate,50,283.56
03711ddb7976494b29c09ac404f10f60,Input Validity,TF,TF Rate,10,283.56
03711ddb7976494b29c09ac404f10f60,Localization Quality,AMCLPose,CovYawYaw,0.00316625,283.5
03711ddb7976494b29c09ac404f10f60,Localization Quality,AMCLPose,CovYY,0.00144095,283.5
03711ddb7976494b29c09ac404f10f60,Localization Quality,AMCLPose,CovXX,0.00683054,283.5
03711ddb7976494b29c09ac404f10f60,Localization Quality,AMCLPose,MeanYaw,0.0283905,283.5
03711ddb7976494b29c09ac404f10f60,Localization Quality,AMCLPose,MeanY,0.32267,283.5
03711ddb7976494b29c09ac404f10f60,Localization Quality,AMCLPose,MeanX,0.542481,283.5
03711ddb7976494b29c09ac404f10f60,Localization Stability,TF,Jump Angular,-0.000825333,284.5
03711ddb7976494b29c09ac404f10f60,Localization Stability,TF,Jump Linear,0.004415,284.5
03711ddb7976494b29c09ac404f10f60,Input Validity,Lidar,Lidar Rate,10,283.66
03711ddb7976494b29c09ac404f10f60,Input Validity,Odometry,Odometry Rate,50,283.66
03711ddb7976494b29c09ac404f10f60,Input Validity,TF,TF Rate,10,283.66
03711ddb7976494b29c09ac404f10f60,Localization Stability,TF,Jump Angular,0,284.6
03711ddb7976494b29c09ac404f10f60,Localization Stability,TF,Jump Linear,0,284.6
03711ddb7976494b29c09ac404f10f60,Localization Stability,TF,Jump Angular,0,284.7
03711ddb7976494b29c09ac404f10f60,Localization Stability,TF,Jump Linear,0,284.7
03711ddb7976494b29c09ac404f10f60,Input Validity,Lidar,Lidar Rate,10,283.76
03711ddb7976494b29c09ac404f10f60,Input Validity,Odometry,Odometry Rate,50,283.76
03711ddb7976494b29c09ac404f10f60,Input Validity,TF,TF Rate,10,283.76
03711ddb7976494b29c09ac404f10f60,Input Validity,Lidar,Lidar Rate,10,283.86
03711ddb7976494b29c09ac404f10f60,Input Validity,Odometry,Odometry Rate,50,283.86
03711ddb7976494b29c09ac404f10f60,Input Validity,TF,TF Rate,10,283.86
03711ddb7976494b29c09ac404f10f60,Localization Quality,AMCLPose,CovYawYaw,0.00313799,283.8
03711ddb7976494b29c09ac404f10f60,Localization Quality,AMCLPose,CovYY,0.00137968,283.8
03711ddb7976494b29c09ac404f10f60,Localization Quality,AMCLPose,CovXX,0.0067173,283.8
03711ddb7976494b29c09ac404f10f60,Localization Quality,AMCLPose,MeanYaw,0.0445876,283.8
03711ddb7976494b29c09ac404f10f60,Localization Quality,AMCLPose,MeanY,0.327553,283.8
03711ddb7976494b29c09ac404f10f60,Localization Quality,AMCLPose,MeanX,0.680229,283.8
03711ddb7976494b29c09ac404f10f60,Localization Stability,TF,Jump Angular,-0.000966656,284.8
03711ddb7976494b29c09ac404f10f60,Localization Stability,TF,Jump Linear,0.00305282,284.8
03711ddb7976494b29c09ac404f10f60,Input Validity,Lidar,Lidar Rate,10,283.96
03711ddb7976494b29c09ac404f10f60,Input Validity,Odometry,Odometry Rate,50,283.96
03711ddb7976494b29c09ac404f10f60,Input Validity,TF,TF Rate,10,283.96
03711ddb7976494b29c09ac404f10f60,Localization Stability,TF,Jump Angular,0,284.9
03711ddb7976494b29c09ac404f10f60,Localization Stability,TF,Jump Linear,0,284.9
03711ddb7976494b29c09ac404f10f60,Input Validity,Lidar,Lidar Rate,10,284.06
03711ddb7976494b29c09ac404f10f60,Input Validity,Odometry,Odometry Rate,50,284.06
03711ddb7976494b29c09ac404f10f60,Input Validity,TF,TF Rate,10,284.06
03711ddb7976494b29c09ac404f10f60,Localization Stability,TF,Jump Angular,0,285
03711ddb7976494b29c09ac404f10f60,Localization Stability,TF,Jump Linear,0,285
03711ddb7976494b29c09ac404f10f60,Input Validity,Lidar,Lidar Rate,10,284.16
03711ddb7976494b29c09ac404f10f60,Input Validity,Odometry,Odometry Rate,50,284.16
03711ddb7976494b29c09ac404f10f60,Input Validity,TF,TF Rate,10,284.16
03711ddb7976494b29c09ac404f10f60,Localization Quality,AMCLPose,CovYawYaw,0.00312622,284.1
03711ddb7976494b29c09ac404f10f60,Localization Quality,AMCLPose,CovYY,0.00137727,284.1
03711ddb7976494b29c09ac404f10f60,Localization Quality,AMCLPose,CovXX,0.00676088,284.1
03711ddb7976494b29c09ac404f10f60,Localization Quality,AMCLPose,MeanYaw,0.0434393,284.1
03711ddb7976494b29c09ac404f10f60,Localization Quality,AMCLPose,MeanY,0.333101,284.1
03711ddb7976494b29c09ac404f10f60,Localization Quality,AMCLPose,MeanX,0.814598,284.1
03711ddb7976494b29c09ac404f10f60,Localization Stability,TF,Jump Angular,-0.000339963,285.1
03711ddb7976494b29c09ac404f10f60,Localization Stability,TF,Jump Linear,0.000832285,285.1
03711ddb7976494b29c09ac404f10f60,Input Validity,Lidar,Lidar Rate,10,284.26
03711ddb7976494b29c09ac404f10f60,Input Validity,Odometry,Odometry Rate,50,284.26
03711ddb7976494b29c09ac404f10f60,Input Validity,TF,TF Rate,10,284.26
03711ddb7976494b29c09ac404f10f60,Localization Stability,TF,Jump Angular,0,285.2
03711ddb7976494b29c09ac404f10f60,Localization Stability,TF,Jump Linear,0,285.2
03711ddb7976494b29c09ac404f10f60,Localization Stability,TF,Jump Angular,0,285.3
03711ddb7976494b29c09ac404f10f60,Localization Stability,TF,Jump Linear,0,285.3
03711ddb7976494b29c09ac404f10f60,Input Validity,Lidar,Lidar Rate,10,284.36
03711ddb7976494b29c09ac404f10f60,Input Validity,Odometry,Odometry Rate,50,284.36
03711ddb7976494b29c09ac404f10f60,Input Validity,TF,TF Rate,10,284.36
03711ddb7976494b29c09ac404f10f60,Input Validity,Lidar,Lidar Rate,10,284.46
03711ddb7976494b29c09ac404f10f60,Input Validity,Odometry,Odometry Rate,50,284.46
03711ddb7976494b29c09ac404f10f60,Input Validity,TF,TF Rate,10,284.46
03711ddb7976494b29c09ac404f10f60,Localization Quality,AMCLPose,CovYawYaw,0.0032757,284.4
03711ddb7976494b29c09ac404f10f60,Localization Quality,AMCLPose,CovYY,0.00141485,284.4
03711ddb7976494b29c09ac404f10f60,Localization Quality,AMCLPose,CovXX,0.00675672,284.4
03711ddb7976494b29c09ac404f10f60,Localization Quality,AMCLPose,MeanYaw,0.0300036,284.4
03711ddb7976494b29c09ac404f10f60,Localization Quality,AMCLPose,MeanY,0.337612,284.4
03711ddb7976494b29c09ac404f10f60,Localization Quality,AMCLPose,MeanX,0.954668,284.4
03711ddb7976494b29c09ac404f10f60,Localization Stability,TF,Jump Angular,-0.00181132,285.4
03711ddb7976494b29c09ac404f10f60,Localization Stability,TF,Jump Linear,0.00546952,285.4
03711ddb7976494b29c09ac404f10f60,Input Validity,Lidar,Lidar Rate,10,284.56
03711ddb7976494b29c09ac404f10f60,Input Validity,Odometry,Odometry Rate,50,284.56
03711ddb7976494b29c09ac404f10f60,Input Validity,TF,TF Rate,10,284.56
03711ddb7976494b29c09ac404f10f60,Localization Stability,TF,Jump Angular,0,285.5
03711ddb7976494b29c09ac404f10f60,Localization Stability,TF,Jump Linear,0,285.5
03711ddb7976494b29c09ac404f10f60,Localization Stability,TF,Jump Angular,0,285.6
03711ddb7976494b29c09ac404f10f60,Localization Stability,TF,Jump Linear,0,285.6
03711ddb7976494b29c09ac404f10f60,Input Validity,Lidar,Lidar Rate,10,284.66
03711ddb7976494b29c09ac404f10f60,Input Validity,Odometry,Odometry Rate,50,284.66
03711ddb7976494b29c09ac404f10f60,Input Validity,TF,TF Rate,10,284.66
03711ddb7976494b29c09ac404f10f60,Input Validity,Lidar,Lidar Rate,10,284.75
03711ddb7976494b29c09ac404f10f60,Input Validity,Odometry,Odometry Rate,50,284.75
03711ddb7976494b29c09ac404f10f60,Input Validity,TF,TF Rate,10,284.75
03711ddb7976494b29c09ac404f10f60,Localization Quality,AMCLPose,CovYawYaw,0.00372387,284.7
03711ddb7976494b29c09ac404f10f60,Localization Quality,AMCLPose,CovYY,0.00136112,284.7
03711ddb7976494b29c09ac404f10f60,Localization Quality,AMCLPose,CovXX,0.00676081,284.7
03711ddb7976494b29c09ac404f10f60,Localization Quality,AMCLPose,MeanYaw,0.0293334,284.7
03711ddb7976494b29c09ac404f10f60,Localization Quality,AMCLPose,MeanY,0.340911,284.7
03711ddb7976494b29c09ac404f10f60,Localization Quality,AMCLPose,MeanX,1.08621,284.7
03711ddb7976494b29c09ac404f10f60,Localization Stability,TF,Jump Angular,-0.00054721,285.7
03711ddb7976494b29c09ac404f10f60,Localization Stability,TF,Jump Linear,0.0033978,285.7
03711ddb7976494b29c09ac404f10f60,Input Validity,Lidar,Lidar Rate,10,284.85
03711ddb7976494b29c09ac404f10f60,Input Validity,Odometry,Odometry Rate,50,284.85
03711ddb7976494b29c09ac404f10f60,Input Validity,TF,TF Rate,10,284.85
03711ddb7976494b29c09ac404f10f60,Localization Stability,TF,Jump Angular,0,285.8
03711ddb7976494b29c09ac404f10f60,Localization Stability,TF,Jump Linear,0,285.8
03711ddb7976494b29c09ac404f10f60,Localization Stability,TF,Jump Angular,0,285.9
03711ddb7976494b29c09ac404f10f60,Localization Stability,TF,Jump Linear,0,285.9
03711ddb7976494b29c09ac404f10f60,Input Validity,Lidar,Lidar Rate,10,284.95
03711ddb7976494b29c09ac404f10f60,Input Validity,Odometry,Odometry Rate,50,284.95
03711ddb7976494b29c09ac404f10f60,Input Validity,TF,TF Rate,10,284.95
03711ddb7976494b29c09ac404f10f60,Input Validity,Lidar,Lidar Rate,10,285.05
03711ddb7976494b29c09ac404f10f60,Input Validity,Odometry,Odometry Rate,50,285.05
03711ddb7976494b29c09ac404f10f60,Input Validity,TF,TF Rate,10,285.05
03711ddb7976494b29c09ac404f10f60,Localization Quality,AMCLPose,CovYawYaw,0.00366661,285
03711ddb7976494b29c09ac404f10f60,Localization Quality,AMCLPose,CovYY,0.00140075,285
03711ddb7976494b29c09ac404f10f60,Localization Quality,AMCLPose,CovXX,0.00640956,285
03711ddb7976494b29c09ac404f10f60,Localization Quality,AMCLPose,MeanYaw,0.028179,285
03711ddb7976494b29c09ac404f10f60,Localization Quality,AMCLPose,MeanY,0.345665,285
03711ddb7976494b29c09ac404f10f60,Localization Quality,AMCLPose,MeanX,1.22378,285
03711ddb7976494b29c09ac404f10f60,Localization Stability,TF,Jump Angular,-0.00165427,286
03711ddb7976494b29c09ac404f10f60,Localization Stability,TF,Jump Linear,0.00380229,286
03711ddb7976494b29c09ac404f10f60,Localization Stability,TF,Jump Angular,0,286.1
03711ddb7976494b29c09ac404f10f60,Localization Stability,TF,Jump Linear,0,286.1
03711ddb7976494b29c09ac404f10f60,Input Validity,Lidar,Lidar Rate,10,285.15
03711ddb7976494b29c09ac404f10f60,Input Validity,Odometry,Odometry Rate,50,285.15
03711ddb7976494b29c09ac404f10f60,Input Validity,TF,TF Rate,10,285.15
03711ddb7976494b29c09ac404f10f60,Input Validity,Lidar,Lidar Rate,10,285.25
03711ddb7976494b29c09ac404f10f60,Input Validity,Odometry,Odometry Rate,50,285.25
03711ddb7976494b29c09ac404f10f60,Input Validity,TF,TF Rate,10,285.25
03711ddb7976494b29c09ac404f10f60,Localization Stability,TF,Jump Angular,0,286.2
03711ddb7976494b29c09ac404f10f60,Localization Stability,TF,Jump Linear,0,286.2
03711ddb7976494b29c09ac404f10f60,Input Validity,Lidar,Lidar Rate,10,285.35
03711ddb7976494b29c09ac404f10f60,Input Validity,Odometry,Odometry Rate,50,285.35
03711ddb7976494b29c09ac404f10f60,Input Validity,TF,TF Rate,10,285.35
03711ddb7976494b29c09ac404f10f60,Localization Quality,AMCLPose,CovYawYaw,0.00346536,285.3
03711ddb7976494b29c09ac404f10f60,Localization Quality,AMCLPose,CovYY,0.00136215,285.3
03711ddb7976494b29c09ac404f10f60,Localization Quality,AMCLPose,CovXX,0.00597528,285.3
03711ddb7976494b29c09ac404f10f60,Localization Quality,AMCLPose,MeanYaw,0.0117408,285.3
03711ddb7976494b29c09ac404f10f60,Localization Quality,AMCLPose,MeanY,0.34708,285.3
03711ddb7976494b29c09ac404f10f60,Localization Quality,AMCLPose,MeanX,1.36202,285.3
03711ddb7976494b29c09ac404f10f60,Localization Stability,TF,Jump Angular,-0.00152973,286.3
03711ddb7976494b29c09ac404f10f60,Localization Stability,TF,Jump Linear,0.0035081,286.3
03711ddb7976494b29c09ac404f10f60,Localization Stability,TF,Jump Angular,0,286.4
03711ddb7976494b29c09ac404f10f60,Localization Stability,TF,Jump Linear,0,286.4
03711ddb7976494b29c09ac404f10f60,Input Validity,Lidar,Lidar Rate,10,285.45
03711ddb7976494b29c09ac404f10f60,Input Validity,Odometry,Odometry Rate,50,285.45
03711ddb7976494b29c09ac404f10f60,Input Validity,TF,TF Rate,10,285.45
03711ddb7976494b29c09ac404f10f60,Input Validity,Lidar,Lidar Rate,10,285.55
03711ddb7976494b29c09ac404f10f60,Input Validity,Odometry,Odometry Rate,50,285.55
03711ddb7976494b29c09ac404f10f60,Input Validity,TF,TF Rate,10,285.55
03711ddb7976494b29c09ac404f10f60,Localization Stability,TF,Jump Angular,0,286.5
03711ddb7976494b29c09ac404f10f60,Localization Stability,TF,Jump Linear,0,286.5
03711ddb7976494b29c09ac404f10f60,Input Validity,Lidar,Lidar Rate,10,285.65
03711ddb7976494b29c09ac404f10f60,Input Validity,Odometry,Odometry Rate,50,285.65
03711ddb7976494b29c09ac404f10f60,Input Validity,TF,TF Rate,10,285.65
03711ddb7976494b29c09ac404f10f60,Localization Quality,AMCLPose,CovYawYaw,0.00351162,285.6
03711ddb7976494b29c09ac404f10f60,Localization Quality,AMCLPose,CovYY,0.00138458,285.6
03711ddb7976494b29c09ac404f10f60,Localization Quality,AMCLPose,CovXX,0.00634533,285.6
03711ddb7976494b29c09ac404f10f60,Localization Quality,AMCLPose,MeanYaw,0.00906469,285.6
03711ddb7976494b29c09ac404f10f60,Localization Quality,AMCLPose,MeanY,0.348157,285.6
03711ddb7976494b29c09ac404f10f60,Localization Quality,AMCLPose,MeanX,1.49901,285.6
03711ddb7976494b29c09ac404f10f60,Localization Stability,TF,Jump Angular,-0.000407515,286.6
03711ddb7976494b29c09ac404f10f60,Localization Stability,TF,Jump Linear,0.00206666,286.6
03711ddb7976494b29c09ac404f10f60,Localization Stability,TF,Jump Angular,0,286.7
03711ddb7976494b29c09ac404f10f60,Localization Stability,TF,Jump Linear,0,286.7
03711ddb7976494b29c09ac404f10f60,Input Validity,Lidar,Lidar Rate,10,285.75
03711ddb7976494b29c09ac404f10f60,Input Validity,Odometry,Odometry Rate,50,285.75
03711ddb7976494b29c09ac404f10f60,Input Validity,TF,TF Rate,10,285.75
03711ddb7976494b29c09ac404f10f60,Input Validity,Lidar,Lidar Rate,10,285.85
03711ddb7976494b29c09ac404f10f60,Input Validity,Odometry,Odometry Rate,50,285.85
03711ddb7976494b29c09ac404f10f60,Input Validity,TF,TF Rate,10,285.85
03711ddb7976494b29c09ac404f10f60,Localization Stability,TF,Jump Angular,0,286.8
03711ddb7976494b29c09ac404f10f60,Localization Stability,TF,Jump Linear,0,286.8
03711ddb7976494b29c09ac404f10f60,Input Validity,Lidar,Lidar Rate,10,285.95
03711ddb7976494b29c09ac404f10f60,Input Validity,Odometry,Odometry Rate,50,285.95
03711ddb7976494b29c09ac404f10f60,Input Validity,TF,TF Rate,10,285.95
03711ddb7976494b29c09ac404f10f60,Localization Quality,AMCLPose,CovYawYaw,0.0033977,285.9
03711ddb7976494b29c09ac404f10f60,Localization Quality,AMCLPose,CovYY,0.00150017,285.9
03711ddb7976494b29c09ac404f10f60,Localization Quality,AMCLPose,CovXX,0.00647703,285.9
03711ddb7976494b29c09ac404f10f60,Localization Quality,AMCLPose,MeanYaw,0.0249908,285.9
03711ddb7976494b29c09ac404f10f60,Localization Quality,AMCLPose,MeanY,0.350422,285.9
03711ddb7976494b29c09ac404f10f60,Localization Quality,AMCLPose,MeanX,1.63251,285.9
03711ddb7976494b29c09ac404f10f60,Localization Stability,TF,Jump Angular,0.000161991,286.9
03711ddb7976494b29c09ac404f10f60,Localization Stability,TF,Jump Linear,0.00148959,286.9
03711ddb7976494b29c09ac404f10f60,Localization Stability,TF,Jump Angular,0,287
03711ddb7976494b29c09ac404f10f60,Localization Stability,TF,Jump Linear,0,287
03711ddb7976494b29c09ac404f10f60,Input Validity,Lidar,Lidar Rate,10,286.05
03711ddb7976494b29c09ac404f10f60,Input Validity,Odometry,Odometry Rate,50,286.05
03711ddb7976494b29c09ac404f10f60,Input Validity,TF,TF Rate,10,286.05
03711ddb7976494b29c09ac404f10f60,Input Validity,Lidar,Lidar Rate,10,286.15
03711ddb7976494b29c09ac404f10f60,Input Validity,Odometry,Odometry Rate,50,286.15
03711ddb7976494b29c09ac404f10f60,Input Validity,TF,TF Rate,10,286.15
03711ddb7976494b29c09ac404f10f60,Localization Stability,TF,Jump Angular,0,287.1
03711ddb7976494b29c09ac404f10f60,Localization Stability,TF,Jump Linear,0,287.1
03711ddb7976494b29c09ac404f10f60,Input Validity,Lidar,Lidar Rate,10,286.25
03711ddb7976494b29c09ac404f10f60,Input Validity,Odometry,Odometry Rate,50,286.25
03711ddb7976494b29c09ac404f10f60,Input Validity,TF,TF Rate,10,286.25
03711ddb7976494b29c09ac404f10f60,Localization Quality,AMCLPose,CovYawYaw,0.00331651,286.2
03711ddb7976494b29c09ac404f10f60,Localization Quality,AMCLPose,CovYY,0.00159583,286.2
03711ddb7976494b29c09ac404f10f60,Localization Quality,AMCLPose,CovXX,0.00603492,286.2
03711ddb7976494b29c09ac404f10f60,Localization Quality,AMCLPose,MeanYaw,0.031217,286.2
03711ddb7976494b29c09ac404f10f60,Localization Quality,AMCLPose,MeanY,0.35517,286.2
03711ddb7976494b29c09ac404f10f60,Localization Quality,AMCLPose,MeanX,1.76891,286.2
03711ddb7976494b29c09ac404f10f60,Localization Stability,TF,Jump Angular,0.00117987,287.2
03711ddb7976494b29c09ac404f10f60,Localization Stability,TF,Jump Linear,0.00206061,287.2
03711ddb7976494b29c09ac404f10f60,Input Validity,Lidar,Lidar Rate,10,286.35
03711ddb7976494b29c09ac404f10f60,Input Validity,Odometry,Odometry Rate,50,286.35
03711ddb7976494b29c09ac404f10f60,Input Validity,TF,TF Rate,10,286.35
03711ddb7976494b29c09ac404f10f60,Localization Stability,TF,Jump Angular,0,287.3
03711ddb7976494b29c09ac404f10f60,Localization Stability,TF,Jump Linear,0,287.3
03711ddb7976494b29c09ac404f10f60,Input Validity,Lidar,Lidar Rate,10,286.45
03711ddb7976494b29c09ac404f10f60,Input Validity,Odometry,Odometry Rate,50,286.45
03711ddb7976494b29c09ac404f10f60,Input Validity,TF,TF Rate,10,286.45
03711ddb7976494b29c09ac404f10f60,Localization Stability,TF,Jump Angular,0,287.4
03711ddb7976494b29c09ac404f10f60,Localization Stability,TF,Jump Linear,0,287.4
03711ddb7976494b29c09ac404f10f60,Input Validity,Lidar,Lidar Rate,10,286.54
03711ddb7976494b29c09ac404f10f60,Input Validity,Odometry,Odometry Rate,50,286.54
03711ddb7976494b29c09ac404f10f60,Input Validity,TF,TF Rate,10,286.54
03711ddb7976494b29c09ac404f10f60,Localization Quality,AMCLPose,CovYawYaw,0.00313427,286.5
03711ddb7976494b29c09ac404f10f60,Localization Quality,AMCLPose,CovYY,0.0015946,286.5
03711ddb7976494b29c09ac404f10f60,Localization Quality,AMCLPose,CovXX,0.00602932,286.5
03711ddb7976494b29c09ac404f10f60,Localization Quality,AMCLPose,MeanYaw,0.0414761,286.5
03711ddb7976494b29c09ac404f10f60,Localization Quality,AMCLPose,MeanY,0.360471,286.5
03711ddb7976494b29c09ac404f10f60,Localization Quality,AMCLPose,MeanX,1.90417,286.5
03711ddb7976494b29c09ac404f10f60,Localization Stability,TF,Jump Angular,0.00122414,287.5
03711ddb7976494b29c09ac404f10f60,Localization Stability,TF,Jump Linear,0.00211045,287.5
03711ddb7976494b29c09ac404f10f60,Input Validity,Lidar,Lidar Rate,10,286.64
03711ddb7976494b29c09ac404f10f60,Input Validity,Odometry,Odometry Rate,50,286.64
03711ddb7976494b29c09ac404f10f60,Input Validity,TF,TF Rate,10,286.64
03711ddb7976494b29c09ac404f10f60,Localization Stability,TF,Jump Angular,0,287.6
03711ddb7976494b29c09ac404f10f60,Localization Stability,TF,Jump Linear,0,287.6
03711ddb7976494b29c09ac404f10f60,Input Validity,Lidar,Lidar Rate,10,286.74
03711ddb7976494b29c09ac404f10f60,Input Validity,Odometry,Odometry Rate,50,286.74
03711ddb7976494b29c09ac404f10f60,Input Validity,TF,TF Rate,10,286.74
03711ddb7976494b29c09ac404f10f60,Localization Stability,TF,Jump Angular,0,287.7
03711ddb7976494b29c09ac404f10f60,Localization Stability,TF,Jump Linear,0,287.7
03711ddb7976494b29c09ac404f10f60,Input Validity,Lidar,Lidar Rate,10,286.84
03711ddb7976494b29c09ac404f10f60,Input Validity,Odometry,Odometry Rate,50,286.84
03711ddb7976494b29c09ac404f10f60,Input Validity,TF,TF Rate,10,286.84
03711ddb7976494b29c09ac404f10f60,Input Validity,Lidar,Lidar Rate,10,286.94
03711ddb7976494b29c09ac404f10f60,Input Validity,Odometry,Odometry Rate,50,286.94
03711ddb7976494b29c09ac404f10f60,Input Validity,TF,TF Rate,10,286.94
03711ddb7976494b29c09ac404f10f60,Localization Quality,AMCLPose,CovYawYaw,0.003213,286.8
03711ddb7976494b29c09ac404f10f60,Localization Quality,AMCLPose,CovYY,0.00162907,286.8
03711ddb7976494b29c09ac404f10f60,Localization Quality,AMCLPose,CovXX,0.00623878,286.8
03711ddb7976494b29c09ac404f10f60,Localization Quality,AMCLPose,MeanYaw,0.0596163,286.8
03711ddb7976494b29c09ac404f10f60,Localization Quality,AMCLPose,MeanY,0.367016,286.8
03711ddb7976494b29c09ac404f10f60,Localization Quality,AMCLPose,MeanX,2.03816,286.8
03711ddb7976494b29c09ac404f10f60,Localization Stability,TF,Jump Angular,-0.000929068,287.8
03711ddb7976494b29c09ac404f10f60,Localization Stability,TF,Jump Linear,0.00210993,287.8
03711ddb7976494b29c09ac404f10f60,Localization Stability,TF,Jump Angular,0,287.9
03711ddb7976494b29c09ac404f10f60,Localization Stability,TF,Jump Linear,0,287.9
03711ddb7976494b29c09ac404f10f60,Input Validity,Lidar,Lidar Rate,10,287.04
03711ddb7976494b29c09ac404f10f60,Input Validity,Odometry,Odometry Rate,50,287.04
03711ddb7976494b29c09ac404f10f60,Input Validity,TF,TF Rate,10,287.04
03711ddb7976494b29c09ac404f10f60,Localization Stability,TF,Jump Angular,0,288
03711ddb7976494b29c09ac404f10f60,Localization Stability,TF,Jump Linear,0,288
03711ddb7976494b29c09ac404f10f60,Input Validity,Lidar,Lidar Rate,10,287.14
03711ddb7976494b29c09ac404f10f60,Input Validity,Odometry,Odometry Rate,50,287.14
03711ddb7976494b29c09ac404f10f60,Input Validity,TF,TF Rate,10,287.14
03711ddb7976494b29c09ac404f10f60,Localization Quality,AMCLPose,CovYawYaw,0.00289645,287.1
03711ddb7976494b29c09ac404f10f60,Localization Quality,AMCLPose,CovYY,0.00175001,287.1
03711ddb7976494b29c09ac404f10f60,Localization Quality,AMCLPose,CovXX,0.00613002,287.1
03711ddb7976494b29c09ac404f10f60,Localization Quality,AMCLPose,MeanYaw,0.0866857,287.1
03711ddb7976494b29c09ac404f10f60,Localization Quality,AMCLPose,MeanY,0.375875,287.1
03711ddb7976494b29c09ac404f10f60,Localization Quality,AMCLPose,MeanX,2.17197,287.1
03711ddb7976494b29c09ac404f10f60,Localization Stability,TF,Jump Angular,-0.0026275,288.1
03711ddb7976494b29c09ac404f10f60,Localization Stability,TF,Jump Linear,0.00541104,288.1
03711ddb7976494b29c09ac404f10f60,Input Validity,Lidar,Lidar Rate,10,287.23
03711ddb7976494b29c09ac404f10f60,Input Validity,Odometry,Odometry Rate,50,287.23
03711ddb7976494b29c09ac404f10f60,Input Validity,TF,TF Rate,10,287.23
03711ddb7976494b29c09ac404f10f60,Localization Stability,TF,Jump Angular,0,288.2
03711ddb7976494b29c09ac404f10f60,Localization Stability,TF,Jump Linear,0,288.2
03711ddb7976494b29c09ac404f10f60,Input Validity,Lidar,Lidar Rate,10,287.33
03711ddb7976494b29c09ac404f10f60,Input Validity,Odometry,Odometry Rate,50,287.33
03711ddb7976494b29c09ac404f10f60,Input Validity,TF,TF Rate,10,287.33
03711ddb7976494b29c09ac404f10f60,Localization Stability,TF,Jump Angular,0,288.3
03711ddb7976494b29c09ac404f10f60,Localization Stability,TF,Jump Linear,0,288.3
03711ddb7976494b29c09ac404f10f60,Input Validity,Lidar,Lidar Rate,10,287.43
03711ddb7976494b29c09ac404f10f60,Input Validity,Odometry,Odometry Rate,50,287.43
03711ddb7976494b29c09ac404f10f60,Input Validity,TF,TF Rate,10,287.43
03711ddb7976494b29c09ac404f10f60,Localization Quality,AMCLPose,CovYawYaw,0.00294944,287.4
03711ddb7976494b29c09ac404f10f60,Localization Quality,AMCLPose,CovYY,0.00177433,287.4
03711ddb7976494b29c09ac404f10f60,Localization Quality,AMCLPose,CovXX,0.00657124,287.4
03711ddb7976494b29c09ac404f10f60,Localization Quality,AMCLPose,MeanYaw,0.126067,287.4
03711ddb7976494b29c09ac404f10f60,Localization Quality,AMCLPose,MeanY,0.391486,287.4
03711ddb7976494b29c09ac404f10f60,Localization Quality,AMCLPose,MeanX,2.30047,287.4
03711ddb7976494b29c09ac404f10f60,Localization Stability,TF,Jump Angular,0.00224905,288.4
03711ddb7976494b29c09ac404f10f60,Localization Stability,TF,Jump Linear,0.00712868,288.4
03711ddb7976494b29c09ac404f10f60,Input Validity,Lidar,Lidar Rate,10,287.53
03711ddb7976494b29c09ac404f10f60,Input Validity,Odometry,Odometry Rate,50,287.53
03711ddb7976494b29c09ac404f10f60,Input Validity,TF,TF Rate,10,287.53
03711ddb7976494b29c09ac404f10f60,Localization Stability,TF,Jump Angular,0,288.5
03711ddb7976494b29c09ac404f10f60,Localization Stability,TF,Jump Linear,0,288.5
03711ddb7976494b29c09ac404f10f60,Input Validity,Lidar,Lidar Rate,10,287.63
03711ddb7976494b29c09ac404f10f60,Input Validity,Odometry,Odometry Rate,50,287.63
03711ddb7976494b29c09ac404f10f60,Input Validity,TF,TF Rate,10,287.63
03711ddb7976494b29c09ac404f10f60,Localization Stability,TF,Jump Angular,0,288.6
03711ddb7976494b29c09ac404f10f60,Localization Stability,TF,Jump Linear,0,288.6
03711ddb7976494b29c09ac404f10f60,Input Validity,Lidar,Lidar Rate,10,287.73
03711ddb7976494b29c09ac404f10f60,Input Validity,Odometry,Odometry Rate,50,287.73
03711ddb7976494b29c09ac404f10f60,Input Validity,TF,TF Rate,10,287.73
03711ddb7976494b29c09ac404f10f60,Localization Quality,AMCLPose,CovYawYaw,0.00299849,287.7
03711ddb7976494b29c09ac404f10f60,Localization Quality,AMCLPose,CovYY,0.00189858,287.7
03711ddb7976494b29c09ac404f10f60,Localization Quality,AMCLPose,CovXX,0.006702,287.7
03711ddb7976494b29c09ac404f10f60,Localization Quality,AMCLPose,MeanYaw,0.166456,287.7
03711ddb7976494b29c09ac404f10f60,Localization Quality,AMCLPose,MeanY,0.409853,287.7
03711ddb7976494b29c09ac404f10f60,Localization Quality,AMCLPose,MeanX,2.43284,287.7
03711ddb7976494b29c09ac404f10f60,Localization Stability,TF,Jump Angular,0.000222296,288.7
03711ddb7976494b29c09ac404f10f60,Localization Stability,TF,Jump Linear,0.00206048,288.7
03711ddb7976494b29c09ac404f10f60,Input Validity,Lidar,Lidar Rate,10,287.83
03711ddb7976494b29c09ac404f10f60,Input Validity,Odometry,Odometry Rate,50,287.83
03711ddb7976494b29c09ac404f10f60,Input Validity,TF,TF Rate,10,287.83
03711ddb7976494b29c09ac404f10f60,Localization Stability,TF,Jump Angular,0,288.8
03711ddb7976494b29c09ac404f10f60,Localization Stability,TF,Jump Linear,0,288.8
03711ddb7976494b29c09ac404f10f60,Input Validity,Lidar,Lidar Rate,10,287.93
03711ddb7976494b29c09ac404f10f60,Input Validity,Odometry,Odometry Rate,50,287.93
03711ddb7976494b29c09ac404f10f60,Input Validity,TF,TF Rate,10,287.93
03711ddb7976494b29c09ac404f10f60,Localization Stability,TF,Jump Angular,0,288.9
03711ddb7976494b29c09ac404f10f60,Localization Stability,TF,Jump Linear,0,288.9
03711ddb7976494b29c09ac404f10f60,Input Validity,Lidar,Lidar Rate,10,288.03
03711ddb7976494b29c09ac404f10f60,Input Validity,Odometry,Odometry Rate,50,288.03
03711ddb7976494b29c09ac404f10f60,Input Validity,TF,TF Rate,10,288.03
03711ddb7976494b29c09ac404f10f60,Localization Quality,AMCLPose,CovYawYaw,0.00290655,288
03711ddb7976494b29c09ac404f10f60,Localization Quality,AMCLPose,CovYY,0.0017493,288
03711ddb7976494b29c09ac404f10f60,Localization Quality,AMCLPose,CovXX,0.00634221,288
03711ddb7976494b29c09ac404f10f60,Localization Quality,AMCLPose,MeanYaw,0.205342,288
03711ddb7976494b29c09ac404f10f60,Localization Quality,AMCLPose,MeanY,0.432392,288
03711ddb7976494b29c09ac404f10f60,Localization Quality,AMCLPose,MeanX,2.54548,288
03711ddb7976494b29c09ac404f10f60,Localization Stability,TF,Jump Angular,0.00204108,289
03711ddb7976494b29c09ac404f10f60,Localization Stability,TF,Jump Linear,0.00876475,289
03711ddb7976494b29c09ac404f10f60,Input Validity,Lidar,Lidar Rate,10,288.13
03711ddb7976494b29c09ac404f10f60,Input Validity,Odometry,Odometry Rate,50,288.13
03711ddb7976494b29c09ac404f10f60,Input Validity,TF,TF Rate,10,288.13
03711ddb7976494b29c09ac404f10f60,Localization Stability,TF,Jump Angular,0,289.1
03711ddb7976494b29c09ac404f10f60,Localization Stability,TF,Jump Linear,0,289.1
03711ddb7976494b29c09ac404f10f60,Input Validity,Lidar,Lidar Rate,10,288.23
03711ddb7976494b29c09ac404f10f60,Input Validity,Odometry,Odometry Rate,50,288.23
03711ddb7976494b29c09ac404f10f60,Input Validity,TF,TF Rate,10,288.23
03711ddb7976494b29c09ac404f10f60,Localization Stability,TF,Jump Angular,0,289.2
03711ddb7976494b29c09ac404f10f60,Localization Stability,TF,Jump Linear,0,289.2
03711ddb7976494b29c09ac404f10f60,Input Validity,Lidar,Lidar Rate,10,288.32
03711ddb7976494b29c09ac404f10f60,Input Validity,Odometry,Odometry Rate,50,288.32
03711ddb7976494b29c09ac404f10f60,Input Validity,TF,TF Rate,10,288.32
03711ddb7976494b29c09ac404f10f60,Input Validity,Lidar,Lidar Rate,10,288.42
03711ddb7976494b29c09ac404f10f60,Input Validity,Odometry,Odometry Rate,50,288.42
03711ddb7976494b29c09ac404f10f60,Input Validity,TF,TF Rate,10,288.42
03711ddb7976494b29c09ac404f10f60,Localization Quality,AMCLPose,CovYawYaw,0.00238474,288.3
03711ddb7976494b29c09ac404f10f60,Localization Quality,AMCLPose,CovYY,0.00166581,288.3
03711ddb7976494b29c09ac404f10f60,Localization Quality,AMCLPose,CovXX,0.00592314,288.3
03711ddb7976494b29c09ac404f10f60,Localization Quality,AMCLPose,MeanYaw,0.237186,288.3
03711ddb7976494b29c09ac404f10f60,Localization Quality,AMCLPose,MeanY,0.454115,288.3
03711ddb7976494b29c09ac404f10f60,Localization Quality,AMCLPose,MeanX,2.64623,288.3
03711ddb7976494b29c09ac404f10f60,Localization Stability,TF,Jump Angular,-0.000607667,289.3
03711ddb7976494b29c09ac404f10f60,Localization Stability,TF,Jump Linear,0.00120537,289.3
03711ddb7976494b29c09ac404f10f60,Localization Stability,TF,Jump Angular,0,289.4
03711ddb7976494b29c09ac404f10f60,Localization Stability,TF,Jump Linear,0,289.4
03711ddb7976494b29c09ac404f10f60,Input Validity,Lidar,Lidar Rate,10,288.52
03711ddb7976494b29c09ac404f10f60,Input Validity,Odometry,Odometry Rate,50,288.52
03711ddb7976494b29c09ac404f10f60,Input Validity,TF,TF Rate,10,288.52
03711ddb7976494b29c09ac404f10f60,Localization Stability,TF,Jump Angular,0,289.5
03711ddb7976494b29c09ac404f10f60,Localization Stability,TF,Jump Linear,0,289.5
03711ddb7976494b29c09ac404f10f60,Input Validity,Lidar,Lidar Rate,10,288.62
03711ddb7976494b29c09ac404f10f60,Input Validity,Odometry,Odometry Rate,50,288.62
03711ddb7976494b29c09ac404f10f60,Input Validity,TF,TF Rate,10,288.62
03711ddb7976494b29c09ac404f10f60,Localization Stability,TF,Jump Angular,0,289.6
03711ddb7976494b29c09ac404f10f60,Localization Stability,TF,Jump Linear,0,289.6
03711ddb7976494b29c09ac404f10f60,Input Validity,Lidar,Lidar Rate,10,288.72
03711ddb7976494b29c09ac404f10f60,Input Validity,Odometry,Odometry Rate,50,288.72
03711ddb7976494b29c09ac404f10f60,Input Validity,TF,TF Rate,10,288.72
03711ddb7976494b29c09ac404f10f60,Localization Quality,AMCLPose,CovYawYaw,0.00240959,288.7
03711ddb7976494b29c09ac404f10f60,Localization Quality,AMCLPose,CovYY,0.00168277,288.7
03711ddb7976494b29c09ac404f10f60,Localization Quality,AMCLPose,CovXX,0.00583352,288.7
03711ddb7976494b29c09ac404f10f60,Localization Quality,AMCLPose,MeanYaw,0.268589,288.7
03711ddb7976494b29c09ac404f10f60,Localization Quality,AMCLPose,MeanY,0.479998,288.7
03711ddb7976494b29c09ac404f10f60,Localization Quality,AMCLPose,MeanX,2.75547,288.7
03711ddb7976494b29c09ac404f10f60,Localization Stability,TF,Jump Angular,-0.00145992,289.7
03711ddb7976494b29c09ac404f10f60,Localization Stability,TF,Jump Linear,0.00200117,289.7
03711ddb7976494b29c09ac404f10f60,Input Validity,Lidar,Lidar Rate,10,288.82
03711ddb7976494b29c09ac404f10f60,Input Validity,Odometry,Odometry Rate,50,288.82
03711ddb7976494b29c09ac404f10f60,Input Validity,TF,TF Rate,10,288.82
03711ddb7976494b29c09ac404f10f60,Localization Stability,TF,Jump Angular,0,289.8
03711ddb7976494b29c09ac404f10f60,Localization Stability,TF,Jump Linear,0,289.8
03711ddb7976494b29c09ac404f10f60,Input Validity,Lidar,Lidar Rate,10,288.92
03711ddb7976494b29c09ac404f10f60,Input Validity,Odometry,Odometry Rate,50,288.92
03711ddb7976494b29c09ac404f10f60,Input Validity,TF,TF Rate,10,288.92
03711ddb7976494b29c09ac404f10f60,Localization Stability,TF,Jump Angular,0,289.9
03711ddb7976494b29c09ac404f10f60,Localization Stability,TF,Jump Linear,0,289.9
03711ddb7976494b29c09ac404f10f60,Input Validity,Lidar,Lidar Rate,10,289.02
03711ddb7976494b29c09ac404f10f60,Input Validity,Odometry,Odometry Rate,50,289.02
03711ddb7976494b29c09ac404f10f60,Input Validity,TF,TF Rate,10,289.02
03711ddb7976494b29c09ac404f10f60,Localization Stability,TF,Jump Angular,0,290
03711ddb7976494b29c09ac404f10f60,Localization Stability,TF,Jump Linear,0,290
03711ddb7976494b29c09ac404f10f60,Input Validity,Lidar,Lidar Rate,10,289.12
03711ddb7976494b29c09ac404f10f60,Input Validity,Odometry,Odometry Rate,50,289.12
03711ddb7976494b29c09ac404f10f60,Input Validity,TF,TF Rate,10,289.12
03711ddb7976494b29c09ac404f10f60,Localization Stability,TF,Jump Angular,0,290.1
03711ddb7976494b29c09ac404f10f60,Localization Stability,TF,Jump Linear,0,290.1
03711ddb7976494b29c09ac404f10f60,Input Validity,Lidar,Lidar Rate,10,289.22
03711ddb7976494b29c09ac404f10f60,Input Validity,Odometry,Odometry Rate,50,289.22
03711ddb7976494b29c09ac404f10f60,Input Validity,TF,TF Rate,10,289.22
03711ddb7976494b29c09ac404f10f60,Input Validity,Lidar,Lidar Rate,10,289.31
03711ddb7976494b29c09ac404f10f60,Input Validity,Odometry,Odometry Rate,50,289.31
03711ddb7976494b29c09ac404f10f60,Input Validity,TF,TF Rate,10,289.31
03711ddb7976494b29c09ac404f10f60,Localization Quality,AMCLPose,CovYawYaw,0.00229252,289.2
03711ddb7976494b29c09ac404f10f60,Localization Quality,AMCLPose,CovYY,0.00182411,289.2
03711ddb7976494b29c09ac404f10f60,Localization Quality,AMCLPose,CovXX,0.00582978,289.2
03711ddb7976494b29c09ac404f10f60,Localization Quality,AMCLPose,MeanYaw,0.297641,289.2
03711ddb7976494b29c09ac404f10f60,Localization Quality,AMCLPose,MeanY,0.510301,289.2
03711ddb7976494b29c09ac404f10f60,Localization Quality,AMCLPose,MeanX,2.8605,289.2
03711ddb7976494b29c09ac404f10f60,Localization Stability,TF,Jump Angular,-0.000135805,290.2
03711ddb7976494b29c09ac404f10f60,Localization Stability,TF,Jump Linear,0.000838573,290.2
03711ddb7976494b29c09ac404f10f60,Localization Stability,TF,Jump Angular,0,290.3
03711ddb7976494b29c09ac404f10f60,Localization Stability,TF,Jump Linear,0,290.3
03711ddb7976494b29c09ac404f10f60,Input Validity,Lidar,Lidar Rate,10,289.41
03711ddb7976494b29c09ac404f10f60,Input Validity,Odometry,Odometry Rate,50,289.41
03711ddb7976494b29c09ac404f10f60,Input Validity,TF,TF Rate,10,289.41
03711ddb7976494b29c09ac404f10f60,Localization Stability,TF,Jump Angular,0,290.4
03711ddb7976494b29c09ac404f10f60,Localization Stability,TF,Jump Linear,0,290.4
03711ddb7976494b29c09ac404f10f60,Input Validity,Lidar,Lidar Rate,10,289.51
03711ddb7976494b29c09ac404f10f60,Input Validity,Odometry,Odometry Rate,50,289.51
03711ddb7976494b29c09ac404f10f60,Input Validity,TF,TF Rate,10,289.51
03711ddb7976494b29c09ac404f10f60,Localization Stability,TF,Jump Angular,0,290.5
03711ddb7976494b29c09ac404f10f60,Localization Stability,TF,Jump Linear,0,290.5
03711ddb7976494b29c09ac404f10f60,Input Validity,Lidar,Lidar Rate,10,289.61
03711ddb7976494b29c09ac404f10f60,Input Validity,Odometry,Odometry Rate,50,289.61
03711ddb7976494b29c09ac404f10f60,Input Validity,TF,TF Rate,10,289.61
03711ddb7976494b29c09ac404f10f60,Localization Stability,TF,Jump Angular,0,290.6
03711ddb7976494b29c09ac404f10f60,Localization Stability,TF,Jump Linear,0,290.6
03711ddb7976494b29c09ac404f10f60,Input Validity,Lidar,Lidar Rate,10,289.71
03711ddb7976494b29c09ac404f10f60,Input Validity,Odometry,Odometry Rate,50,289.71
03711ddb7976494b29c09ac404f10f60,Input Validity,TF,TF Rate,10,289.71
03711ddb7976494b29c09ac404f10f60,Localization Stability,TF,Jump Angular,0,290.7
03711ddb7976494b29c09ac404f10f60,Localization Stability,TF,Jump Linear,0,290.7
03711ddb7976494b29c09ac404f10f60,Input Validity,Lidar,Lidar Rate,10,289.81
03711ddb7976494b29c09ac404f10f60,Input Validity,Odometry,Odometry Rate,50,289.81
03711ddb7976494b29c09ac404f10f60,Input Validity,TF,TF Rate,10,289.81
03711ddb7976494b29c09ac404f10f60,Localization Stability,TF,Jump Angular,0,290.8
03711ddb7976494b29c09ac404f10f60,Localization Stability,TF,Jump Linear,0,290.8
03711ddb7976494b29c09ac404f10f60,Input Validity,Lidar,Lidar Rate,10,289.91
03711ddb7976494b29c09ac404f10f60,Input Validity,Odometry,Odometry Rate,50,289.91
03711ddb7976494b29c09ac404f10f60,Input Validity,TF,TF Rate,10,289.91
03711ddb7976494b29c09ac404f10f60,Input Validity,Lidar,Lidar Rate,10,290.01
03711ddb7976494b29c09ac404f10f60,Input Validity,Odometry,Odometry Rate,50,290.01
03711ddb7976494b29c09ac404f10f60,Input Validity,TF,TF Rate,10,290.01
03711ddb7976494b29c09ac404f10f60,Localization Quality,AMCLPose,CovYawYaw,0.0022444,289.9
03711ddb7976494b29c09ac404f10f60,Localization Quality,AMCLPose,CovYY,0.00186244,289.9
03711ddb7976494b29c09ac404f10f60,Localization Quality,AMCLPose,CovXX,0.00574699,289.9
03711ddb7976494b29c09ac404f10f60,Localization Quality,AMCLPose,MeanYaw,0.326953,289.9
03711ddb7976494b29c09ac404f10f60,Localization Quality,AMCLPose,MeanY,0.543479,289.9
03711ddb7976494b29c09ac404f10f60,Localization Quality,AMCLPose,MeanX,2.96665,289.9
03711ddb7976494b29c09ac404f10f60,Localization Stability,TF,Jump Angular,-0.0011501,290.9
03711ddb7976494b29c09ac404f10f60,Localization Stability,TF,Jump Linear,0.00307703,290.9
03711ddb7976494b29c09ac404f10f60,Localization Stability,TF,Jump Angular,0,291
03711ddb7976494b29c09ac404f10f60,Localization Stability,TF,Jump Linear,0,291
03711ddb7976494b29c09ac404f10f60,Input Validity,Lidar,Lidar Rate,10,290.11
03711ddb7976494b29c09ac404f10f60,Input Validity,Odometry,Odometry Rate,50,290.11
03711ddb7976494b29c09ac404f10f60,Input Validity,TF,TF Rate,10,290.11
03711ddb7976494b29c09ac404f10f60,Localization Stability,TF,Jump Angular,0,291.1
03711ddb7976494b29c09ac404f10f60,Localization Stability,TF,Jump Linear,0,291.1
03711ddb7976494b29c09ac404f10f60,Input Validity,Lidar,Lidar Rate,10,290.21
03711ddb7976494b29c09ac404f10f60,Input Validity,Odometry,Odometry Rate,50,290.21
03711ddb7976494b29c09ac404f10f60,Input Validity,TF,TF Rate,10,290.21
03711ddb7976494b29c09ac404f10f60,Localization Stability,TF,Jump Angular,0,291.2
03711ddb7976494b29c09ac404f10f60,Localization Stability,TF,Jump Linear,0,291.2
03711ddb7976494b29c09ac404f10f60,Input Validity,Lidar,Lidar Rate,10,290.31
03711ddb7976494b29c09ac404f10f60,Input Validity,Odometry,Odometry Rate,50,290.31
03711ddb7976494b29c09ac404f10f60,Input Validity,TF,TF Rate,10,290.31
03711ddb7976494b29c09ac404f10f60,Localization Stability,TF,Jump Angular,0,291.3
03711ddb7976494b29c09ac404f10f60,Localization Stability,TF,Jump Linear,0,291.3
03711ddb7976494b29c09ac404f10f60,Input Validity,Lidar,Lidar Rate,10,290.4
03711ddb7976494b29c09ac404f10f60,Input Validity,Odometry,Odometry Rate,50,290.4
03711ddb7976494b29c09ac404f10f60,Input Validity,TF,TF Rate,10,290.4
03711ddb7976494b29c09ac404f10f60,Localization Stability,TF,Jump Angular,0,291.4
03711ddb7976494b29c09ac404f10f60,Localization Stability,TF,Jump Linear,0,291.4
03711ddb7976494b29c09ac404f10f60,Input Validity,Lidar,Lidar Rate,10,290.51
03711ddb7976494b29c09ac404f10f60,Input Validity,Odometry,Odometry Rate,50,290.51
03711ddb7976494b29c09ac404f10f60,Input Validity,TF,TF Rate,10,290.51
03711ddb7976494b29c09ac404f10f60,Localization Stability,TF,Jump Angular,0,291.5
03711ddb7976494b29c09ac404f10f60,Localization Stability,TF,Jump Linear,0,291.5
03711ddb7976494b29c09ac404f10f60,Input Validity,Lidar,Lidar Rate,10,290.61
03711ddb7976494b29c09ac404f10f60,Input Validity,Odometry,Odometry Rate,50,290.61
03711ddb7976494b29c09ac404f10f60,Input Validity,TF,TF Rate,10,290.61
03711ddb7976494b29c09ac404f10f60,Localization Stability,TF,Jump Angular,0,291.6
03711ddb7976494b29c09ac404f10f60,Localization Stability,TF,Jump Linear,0,291.6
03711ddb7976494b29c09ac404f10f60,Input Validity,Lidar,Lidar Rate,10,290.7
03711ddb7976494b29c09ac404f10f60,Input Validity,Odometry,Odometry Rate,50,290.7
03711ddb7976494b29c09ac404f10f60,Input Validity,TF,TF Rate,10,290.7
03711ddb7976494b29c09ac404f10f60,Localization Stability,TF,Jump Angular,0,291.7
03711ddb7976494b29c09ac404f10f60,Localization Stability,TF,Jump Linear,0,291.7
03711ddb7976494b29c09ac404f10f60,Input Validity,Lidar,Lidar Rate,10,290.8
03711ddb7976494b29c09ac404f10f60,Input Validity,Odometry,Odometry Rate,50,290.8
03711ddb7976494b29c09ac404f10f60,Input Validity,TF,TF Rate,10,290.8
03711ddb7976494b29c09ac404f10f60,Localization Stability,TF,Jump Angular,0,291.8
03711ddb7976494b29c09ac404f10f60,Localization Stability,TF,Jump Linear,0,291.8
03711ddb7976494b29c09ac404f10f60,Input Validity,Lidar,Lidar Rate,10,290.9
03711ddb7976494b29c09ac404f10f60,Input Validity,Odometry,Odometry Rate,50,290.9
03711ddb7976494b29c09ac404f10f60,Input Validity,TF,TF Rate,10,290.9
03711ddb7976494b29c09ac404f10f60,Localization Stability,TF,Jump Angular,0,291.9
03711ddb7976494b29c09ac404f10f60,Localization Stability,TF,Jump Linear,0,291.9
03711ddb7976494b29c09ac404f10f60,Input Validity,Lidar,Lidar Rate,10,291
03711ddb7976494b29c09ac404f10f60,Input Validity,Odometry,Odometry Rate,50,291
03711ddb7976494b29c09ac404f10f60,Input Validity,TF,TF Rate,10,291
03711ddb7976494b29c09ac404f10f60,Input Validity,Lidar,Lidar Rate,10,291.1
03711ddb7976494b29c09ac404f10f60,Input Validity,Odometry,Odometry Rate,50,291.1
03711ddb7976494b29c09ac404f10f60,Input Validity,TF,TF Rate,10,291.1
03711ddb7976494b29c09ac404f10f60,Localization Quality,AMCLPose,CovYawYaw,0.00215262,291
03711ddb7976494b29c09ac404f10f60,Localization Quality,AMCLPose,CovYY,0.00199885,291
03711ddb7976494b29c09ac404f10f60,Localization Quality,AMCLPose,CovXX,0.00556829,291
03711ddb7976494b29c09ac404f10f60,Localization Quality,AMCLPose,MeanYaw,0.367112,291
03711ddb7976494b29c09ac404f10f60,Localization Quality,AMCLPose,MeanY,0.578621,291
03711ddb7976494b29c09ac404f10f60,Localization Quality,AMCLPose,MeanX,3.06496,291
03711ddb7976494b29c09ac404f10f60,Localization Stability,TF,Jump Angular,0.000420911,292
03711ddb7976494b29c09ac404f10f60,Localization Stability,TF,Jump Linear,0.00318451,292
03711ddb7976494b29c09ac404f10f60,Localization Stability,TF,Jump Angular,0,292.1
03711ddb7976494b29c09ac404f10f60,Localization Stability,TF,Jump Linear,0,292.1
03711ddb7976494b29c09ac404f10f60,Input Validity,Lidar,Lidar Rate,10,291.2
03711ddb7976494b29c09ac404f10f60,Input Validity,Odometry,Odometry Rate,50,291.2
03711ddb7976494b29c09ac404f10f60,Input Validity,TF,TF Rate,10,291.2
03711ddb7976494b29c09ac404f10f60,Localization Stability,TF,Jump Angular,0,292.2
03711ddb7976494b29c09ac404f10f60,Localization Stability,TF,Jump Linear,0,292.2
03711ddb7976494b29c09ac404f10f60,Input Validity,Lidar,Lidar Rate,10,291.3
03711ddb7976494b29c09ac404f10f60,Input Validity,Odometry,Odometry Rate,50,291.3
03711ddb7976494b29c09ac404f10f60,Input Validity,TF,TF Rate,10,291.3
03711ddb7976494b29c09ac404f10f60,Localization Stability,TF,Jump Angular,0,292.3
03711ddb7976494b29c09ac404f10f60,Localization Stability,TF,Jump Linear,0,292.3
03711ddb7976494b29c09ac404f10f60,Input Validity,Lidar,Lidar Rate,10,291.4
03711ddb7976494b29c09ac404f10f60,Input Validity,Odometry,Odometry Rate,50,291.4
03711ddb7976494b29c09ac404f10f60,Input Validity,TF,TF Rate,10,291.4
03711ddb7976494b29c09ac404f10f60,Localization Stability,TF,Jump Angular,0,292.4
03711ddb7976494b29c09ac404f10f60,Localization Stability,TF,Jump Linear,0,292.4
03711ddb7976494b29c09ac404f10f60,Input Validity,Lidar,Lidar Rate,10,291.5
03711ddb7976494b29c09ac404f10f60,Input Validity,Odometry,Odometry Rate,50,291.5
03711ddb7976494b29c09ac404f10f60,Input Validity,TF,TF Rate,10,291.5
03711ddb7976494b29c09ac404f10f60,Localization Stability,TF,Jump Angular,0,292.5
03711ddb7976494b29c09ac404f10f60,Localization Stability,TF,Jump Linear,0,292.5
03711ddb7976494b29c09ac404f10f60,Input Validity,Lidar,Lidar Rate,10,291.59
03711ddb7976494b29c09ac404f10f60,Input Validity,Odometry,Odometry Rate,50,291.59
03711ddb7976494b29c09ac404f10f60,Input Validity,TF,TF Rate,10,291.59
03711ddb7976494b29c09ac404f10f60,Localization Stability,TF,Jump Angular,0,292.6
03711ddb7976494b29c09ac404f10f60,Localization Stability,TF,Jump Linear,0,292.6
03711ddb7976494b29c09ac404f10f60,Input Validity,Lidar,Lidar Rate,10,291.7
03711ddb7976494b29c09ac404f10f60,Input Validity,Odometry,Odometry Rate,50,291.7
03711ddb7976494b29c09ac404f10f60,Input Validity,TF,TF Rate,10,291.7
03711ddb7976494b29c09ac404f10f60,Localization Stability,TF,Jump Angular,0,292.7
03711ddb7976494b29c09ac404f10f60,Localization Stability,TF,Jump Linear,0,292.7
03711ddb7976494b29c09ac404f10f60,Input Validity,Lidar,Lidar Rate,10,291.8
03711ddb7976494b29c09ac404f10f60,Input Validity,Odometry,Odometry Rate,50,291.8
03711ddb7976494b29c09ac404f10f60,Input Validity,TF,TF Rate,10,291.8
03711ddb7976494b29c09ac404f10f60,Input Validity,Lidar,Lidar Rate,10,291.9
03711ddb7976494b29c09ac404f10f60,Input Validity,Odometry,Odometry Rate,50,291.9
03711ddb7976494b29c09ac404f10f60,Input Validity,TF,TF Rate,10,291.9
03711ddb7976494b29c09ac404f10f60,Localization Quality,AMCLPose,CovYawYaw,0.00172181,291.8
03711ddb7976494b29c09ac404f10f60,Localization Quality,AMCLPose,CovYY,0.0018696,291.8
03711ddb7976494b29c09ac404f10f60,Localization Quality,AMCLPose,CovXX,0.00515163,291.8
03711ddb7976494b29c09ac404f10f60,Localization Quality,AMCLPose,MeanYaw,0.313054,291.8
03711ddb7976494b29c09ac404f10f60,Localization Quality,AMCLPose,MeanY,0.594509,291.8
03711ddb7976494b29c09ac404f10f60,Localization Quality,AMCLPose,MeanX,3.10721,291.8
03711ddb7976494b29c09ac404f10f60,Localization Stability,TF,Jump Angular,-0.00060213,292.8
03711ddb7976494b29c09ac404f10f60,Localization Stability,TF,Jump Linear,0.00109335,292.8
03711ddb7976494b29c09ac404f10f60,Input Validity,Lidar,Lidar Rate,10,292
03711ddb7976494b29c09ac404f10f60,Input Validity,Odometry,Odometry Rate,50,292
03711ddb7976494b29c09ac404f10f60,Input Validity,TF,TF Rate,10,292
03711ddb7976494b29c09ac404f10f60,Localization Quality,AMCLPose,CovYawYaw,0.00121931,291.9
03711ddb7976494b29c09ac404f10f60,Localization Quality,AMCLPose,CovYY,0.00169062,291.9
03711ddb7976494b29c09ac404f10f60,Localization Quality,AMCLPose,CovXX,0.0044366,291.9
03711ddb7976494b29c09ac404f10f60,Localization Quality,AMCLPose,MeanYaw,0.25329,291.9
03711ddb7976494b29c09ac404f10f60,Localization Quality,AMCLPose,MeanY,0.593404,291.9
03711ddb7976494b29c09ac404f10f60,Localization Quality,AMCLPose,MeanX,3.10693,291.9
03711ddb7976494b29c09ac404f10f60,Localization Stability,TF,Jump Angular,-0.00230656,292.9
03711ddb7976494b29c09ac404f10f60,Localization Stability,TF,Jump Linear,0.00677307,292.9
03711ddb7976494b29c09ac404f10f60,Input Validity,Lidar,Lidar Rate,10,292.1
03711ddb7976494b29c09ac404f10f60,Input Validity,Odometry,Odometry Rate,50,292.1
03711ddb7976494b29c09ac404f10f60,Input Validity,TF,TF Rate,10,292.1
03711ddb7976494b29c09ac404f10f60,Localization Quality,AMCLPose,CovYawYaw,0.00101393,292
03711ddb7976494b29c09ac404f10f60,Localization Quality,AMCLPose,CovYY,0.00156606,292
03711ddb7976494b29c09ac404f10f60,Localization Quality,AMCLPose,CovXX,0.00416481,292
03711ddb7976494b29c09ac404f10f60,Localization Quality,AMCLPose,MeanYaw,0.179769,292
03711ddb7976494b29c09ac404f10f60,Localization Quality,AMCLPose,MeanY,0.59219,292
03711ddb7976494b29c09ac404f10f60,Localization Quality,AMCLPose,MeanX,3.10774,292
03711ddb7976494b29c09ac404f10f60,Localization Stability,TF,Jump Angular,0.000259201,293
03711ddb7976494b29c09ac404f10f60,Localization Stability,TF,Jump Linear,0.00227081,293
03711ddb7976494b29c09ac404f10f60,Input Validity,Lidar,Lidar Rate,10,292.2
03711ddb7976494b29c09ac404f10f60,Input Validity,Odometry,Odometry Rate,50,292.2
03711ddb7976494b29c09ac404f10f60,Input Validity,TF,TF Rate,10,292.2
03711ddb7976494b29c09ac404f10f60,Localization Quality,AMCLPose,CovYawYaw,0.00100832,292.1
03711ddb7976494b29c09ac404f10f60,Localization Quality,AMCLPose,CovYY,0.00137827,292.1
03711ddb7976494b29c09ac404f10f60,Localization Quality,AMCLPose,CovXX,0.00383881,292.1
03711ddb7976494b29c09ac404f10f60,Localization Quality,AMCLPose,MeanYaw,0.0906654,292.1
03711ddb7976494b29c09ac404f10f60,Localization Quality,AMCLPose,MeanY,0.590926,292.1
03711ddb7976494b29c09ac404f10f60,Localization Quality,AMCLPose,MeanX,3.10923,292.1
03711ddb7976494b29c09ac404f10f60,Localization Stability,TF,Jump Angular,0.000674033,293.1
03711ddb7976494b29c09ac404f10f60,Localization Stability,TF,Jump Linear,0.00391277,293.1
03711ddb7976494b29c09ac404f10f60,Input Validity,Lidar,Lidar Rate,10,292.29
03711ddb7976494b29c09ac404f10f60,Input Validity,Odometry,Odometry Rate,50,292.29
03711ddb7976494b29c09ac404f10f60,Input Validity,TF,TF Rate,10,292.29
03711ddb7976494b29c09ac404f10f60,Localization Quality,AMCLPose,CovYawYaw,0.00107811,292.2
03711ddb7976494b29c09ac404f10f60,Localization Quality,AMCLPose,CovYY,0.00134773,292.2
03711ddb7976494b29c09ac404f10f60,Localization Quality,AMCLPose,CovXX,0.0038053,292.2
03711ddb7976494b29c09ac404f10f60,Localization Quality,AMCLPose,MeanYaw,-0.0143291,292.2
03711ddb7976494b29c09ac404f10f60,Localization Quality,AMCLPose,MeanY,0.591226,292.2
03711ddb7976494b29c09ac404f10f60,Localization Quality,AMCLPose,MeanX,3.11264,292.2
03711ddb7976494b29c09ac404f10f60,Localization Stability,TF,Jump Angular,0.00188021,293.2
03711ddb7976494b29c09ac404f10f60,Localization Stability,TF,Jump Linear,0.00720405,293.2
03711ddb7976494b29c09ac404f10f60,Input Validity,Lidar,Lidar Rate,10,292.39
03711ddb7976494b29c09ac404f10f60,Input Validity,Odometry,Odometry Rate,50,292.39
03711ddb7976494b29c09ac404f10f60,Input Validity,TF,TF Rate,10,292.39
03711ddb7976494b29c09ac404f10f60,Localization Quality,AMCLPose,CovYawYaw,0.00125657,292.3
03711ddb7976494b29c09ac404f10f60,Localization Quality,AMCLPose,CovYY,0.00124888,292.3
03711ddb7976494b29c09ac404f10f60,Localization Quality,AMCLPose,CovXX,0.00424291,292.3
03711ddb7976494b29c09ac404f10f60,Localization Quality,AMCLPose,MeanYaw,-0.137539,292.3
03711ddb7976494b29c09ac404f10f60,Localization Quality,AMCLPose,MeanY,0.590833,292.3
03711ddb7976494b29c09ac404f10f60,Localization Quality,AMCLPose,MeanX,3.11262,292.3
03711ddb7976494b29c09ac404f10f60,Localization Stability,TF,Jump Angular,0.000734408,293.3
03711ddb7976494b29c09ac404f10f60,Localization Stability,TF,Jump Linear,0.00288973,293.3
03711ddb7976494b29c09ac404f10f60,Input Validity,Lidar,Lidar Rate,10,292.49
03711ddb7976494b29c09ac404f10f60,Input Validity,Odometry,Odometry Rate,50,292.49
03711ddb7976494b29c09ac404f10f60,Input Validity,TF,TF Rate,10,292.49
03711ddb7976494b29c09ac404f10f60,Localization Quality,AMCLPose,CovYawYaw,0.00161414,292.4
03711ddb7976494b29c09ac404f10f60,Localization Quality,AMCLPose,CovYY,0.00121151,292.4
03711ddb7976494b29c09ac404f10f60,Localization Quality,AMCLPose,CovXX,0.00489801,292.4
03711ddb7976494b29c09ac404f10f60,Localization Quality,AMCLPose,MeanYaw,-0.276812,292.4
03711ddb7976494b29c09ac404f10f60,Localization Quality,AMCLPose,MeanY,0.591098,292.4
03711ddb7976494b29c09ac404f10f60,Localization Quality,AMCLPose,MeanX,3.11157,292.4
03711ddb7976494b29c09ac404f10f60,Localization Stability,TF,Jump Angular,0.00164661,293.4
03711ddb7976494b29c09ac404f10f60,Localization Stability,TF,Jump Linear,0.00536035,293.4
03711ddb7976494b29c09ac404f10f60,Input Validity,Lidar,Lidar Rate,10,292.59
03711ddb7976494b29c09ac404f10f60,Input Validity,Odometry,Odometry Rate,50,292.59
03711ddb7976494b29c09ac404f10f60,Input Validity,TF,TF Rate,10,292.59
03711ddb7976494b29c09ac404f10f60,Localization Quality,AMCLPose,CovYawYaw,0.00175611,292.5
03711ddb7976494b29c09ac404f10f60,Localization Quality,AMCLPose,CovYY,0.00117579,292.5
03711ddb7976494b29c09ac404f10f60,Localization Quality,AMCLPose,CovXX,0.0051259,292.5
03711ddb7976494b29c09ac404f10f60,Localization Quality,AMCLPose,MeanYaw,-0.435799,292.5
03711ddb7976494b29c09ac404f10f60,Localization Quality,AMCLPose,MeanY,0.590718,292.5
03711ddb7976494b29c09ac404f10f60,Localization Quality,AMCLPose,MeanX,3.11386,292.5
03711ddb7976494b29c09ac404f10f60,Localization Stability,TF,Jump Angular,-0.00109607,293.5
03711ddb7976494b29c09ac404f10f60,Localization Stability,TF,Jump Linear,0.00390328,293.5
03711ddb7976494b29c09ac404f10f60,Localization Quality,AMCLPose,CovYawYaw,0.00312849,292.6
03711ddb7976494b29c09ac404f10f60,Localization Quality,AMCLPose,CovYY,0.00144055,292.6
03711ddb7976494b29c09ac404f10f60,Localization Quality,AMCLPose,CovXX,0.00630377,292.6
03711ddb7976494b29c09ac404f10f60,Localization Quality,AMCLPose,MeanYaw,-0.609378,292.6
03711ddb7976494b29c09ac404f10f60,Localization Quality,AMCLPose,MeanY,0.590956,292.6
03711ddb7976494b29c09ac404f10f60,Localization Quality,AMCLPose,MeanX,3.11049,292.6
03711ddb7976494b29c09ac404f10f60,Localization Stability,TF,Jump Angular,0.00129438,293.6
03711ddb7976494b29c09ac404f10f60,Localization Stability,TF,Jump Linear,0.00515381,293.6
03711ddb7976494b29c09ac404f10f60,Input Validity,Lidar,Lidar Rate,10,292.69
03711ddb7976494b29c09ac404f10f60,Input Validity,Odometry,Odometry Rate,50,292.69
03711ddb7976494b29c09ac404f10f60,Input Validity,TF,TF Rate,10,292.69
03711ddb7976494b29c09ac404f10f60,Localization Quality,AMCLPose,CovYawYaw,0.00506111,292.7
03711ddb7976494b29c09ac404f10f60,Localization Quality,AMCLPose,CovYY,0.00192711,292.7
03711ddb7976494b29c09ac404f10f60,Localization Quality,AMCLPose,CovXX,0.00738713,292.7
03711ddb7976494b29c09ac404f10f60,Localization Quality,AMCLPose,MeanYaw,-0.803968,292.7
03711ddb7976494b29c09ac404f10f60,Localization Quality,AMCLPose,MeanY,0.591367,292.7
03711ddb7976494b29c09ac404f10f60,Localization Quality,AMCLPose,MeanX,3.10742,292.7
03711ddb7976494b29c09ac404f10f60,Localization Stability,TF,Jump Angular,-0.00273485,293.7
03711ddb7976494b29c09ac404f10f60,Localization Stability,TF,Jump Linear,0.0103878,293.7
03711ddb7976494b29c09ac404f10f60,Input Validity,Lidar,Lidar Rate,10,292.79
03711ddb7976494b29c09ac404f10f60,Input Validity,Odometry,Odometry Rate,50,292.79
03711ddb7976494b29c09ac404f10f60,Input Validity,TF,TF Rate,10,292.79
03711ddb7976494b29c09ac404f10f60,Localization Quality,AMCLPose,CovYawYaw,0.00446474,292.8
03711ddb7976494b29c09ac404f10f60,Localization Quality,AMCLPose,CovYY,0.0026318,292.8
03711ddb7976494b29c09ac404f10f60,Localization Quality,AMCLPose,CovXX,0.00753963,292.8
03711ddb7976494b29c09ac404f10f60,Localization Quality,AMCLPose,MeanYaw,-1.00761,292.8
03711ddb7976494b29c09ac404f10f60,Localization Quality,AMCLPose,MeanY,0.593112,292.8
03711ddb7976494b29c09ac404f10f60,Localization Quality,AMCLPose,MeanX,3.10701,292.8
03711ddb7976494b29c09ac404f10f60,Localization Stability,TF,Jump Angular,0.00519428,293.8
03711ddb7976494b29c09ac404f10f60,Localization Stability,TF,Jump Linear,0.0159027,293.8
03711ddb7976494b29c09ac404f10f60,Input Validity,Lidar,Lidar Rate,10,292.89
03711ddb7976494b29c09ac404f10f60,Input Validity,Odometry,Odometry Rate,50,292.89
03711ddb7976494b29c09ac404f10f60,Input Validity,TF,TF Rate,10,292.89
03711ddb7976494b29c09ac404f10f60,Input Validity,Lidar,Lidar Rate,10,292.99
03711ddb7976494b29c09ac404f10f60,Input Validity,Odometry,Odometry Rate,50,292.99
03711ddb7976494b29c09ac404f10f60,Input Validity,TF,TF Rate,10,292.99
03711ddb7976494b29c09ac404f10f60,Localization Quality,AMCLPose,CovYawYaw,0.00421025,292.9
03711ddb7976494b29c09ac404f10f60,Localization Quality,AMCLPose,CovYY,0.00384971,292.9
03711ddb7976494b29c09ac404f10f60,Localization Quality,AMCLPose,CovXX,0.00710702,292.9
03711ddb7976494b29c09ac404f10f60,Localization Quality,AMCLPose,MeanYaw,-1.22489,292.9
03711ddb7976494b29c09ac404f10f60,Localization Quality,AMCLPose,MeanY,0.592173,292.9
03711ddb7976494b29c09ac404f10f60,Localization Quality,AMCLPose,MeanX,3.10821,292.9
03711ddb7976494b29c09ac404f10f60,Localization Stability,TF,Jump Angular,0.00215201,293.9
03711ddb7976494b29c09ac404f10f60,Localization Stability,TF,Jump Linear,0.00842448,293.9
03711ddb7976494b29c09ac404f10f60,Input Validity,Lidar,Lidar Rate,10,293.09
03711ddb7976494b29c09ac404f10f60,Input Validity,Odometry,Odometry Rate,50,293.09
03711ddb7976494b29c09ac404f10f60,Input Validity,TF,TF Rate,10,293.09
03711ddb7976494b29c09ac404f10f60,Localization Quality,AMCLPose,CovYawYaw,0.00429878,293
03711ddb7976494b29c09ac404f10f60,Localization Quality,AMCLPose,CovYY,0.00552215,293
03711ddb7976494b29c09ac404f10f60,Localization Quality,AMCLPose,CovXX,0.00670864,293
03711ddb7976494b29c09ac404f10f60,Localization Quality,AMCLPose,MeanYaw,-1.44561,293
03711ddb7976494b29c09ac404f10f60,Localization Quality,AMCLPose,MeanY,0.592521,293
03711ddb7976494b29c09ac404f10f60,Localization Quality,AMCLPose,MeanX,3.11122,293
03711ddb7976494b29c09ac404f10f60,Localization Stability,TF,Jump Angular,-0.000718398,294
03711ddb7976494b29c09ac404f10f60,Localization Stability,TF,Jump Linear,0.00396396,294
03711ddb7976494b29c09ac404f10f60,Input Validity,Lidar,Lidar Rate,10,293.19
03711ddb7976494b29c09ac404f10f60,Input Validity,Odometry,Odometry Rate,50,293.19
03711ddb7976494b29c09ac404f10f60,Input Validity,TF,TF Rate,10,293.19
03711ddb7976494b29c09ac404f10f60,Localization Quality,AMCLPose,CovYawYaw,0.004249,293.1
03711ddb7976494b29c09ac404f10f60,Localization Quality,AMCLPose,CovYY,0.00646339,293.1
03711ddb7976494b29c09ac404f10f60,Localization Quality,AMCLPose,CovXX,0.00572475,293.1
03711ddb7976494b29c09ac404f10f60,Localization Quality,AMCLPose,MeanYaw,-1.66387,293.1
03711ddb7976494b29c09ac404f10f60,Localization Quality,AMCLPose,MeanY,0.595683,293.1
03711ddb7976494b29c09ac404f10f60,Localization Quality,AMCLPose,MeanX,3.1133,293.1
03711ddb7976494b29c09ac404f10f60,Localization Stability,TF,Jump Angular,0.00173116,294.1
03711ddb7976494b29c09ac404f10f60,Localization Stability,TF,Jump Linear,0.00371313,294.1
03711ddb7976494b29c09ac404f10f60,Input Validity,Lidar,Lidar Rate,10,293.29
03711ddb7976494b29c09ac404f10f60,Input Validity,Odometry,Odometry Rate,50,293.29
03711ddb7976494b29c09ac404f10f60,Input Validity,TF,TF Rate,10,293.29
03711ddb7976494b29c09ac404f10f60,Localization Quality,AMCLPose,CovYawYaw,0.00412029,293.2
03711ddb7976494b29c09ac404f10f60,Localization Quality,AMCLPose,CovYY,0.0072281,293.2
03711ddb7976494b29c09ac404f10f60,Localization Quality,AMCLPose,CovXX,0.00519839,293.2
03711ddb7976494b29c09ac404f10f60,Localization Quality,AMCLPose,MeanYaw,-1.88475,293.2
03711ddb7976494b29c09ac404f10f60,Localization Quality,AMCLPose,MeanY,0.594228,293.2
03711ddb7976494b29c09ac404f10f60,Localization Quality,AMCLPose,MeanX,3.11598,293.2
03711ddb7976494b29c09ac404f10f60,Localization Stability,TF,Jump Angular,-0.000876666,294.2
03711ddb7976494b29c09ac404f10f60,Localization Stability,TF,Jump Linear,0.00287647,294.2
03711ddb7976494b29c09ac404f10f60,Localization Quality,AMCLPose,CovYawYaw,0.00318973,293.3
03711ddb7976494b29c09ac404f10f60,Localization Quality,AMCLPose,CovYY,0.00743327,293.3
03711ddb7976494b29c09ac404f10f60,Localization Quality,AMCLPose,CovXX,0.00493866,293.3
03711ddb7976494b29c09ac404f10f60,Localization Quality,AMCLPose,MeanYaw,-2.10563,293.3
03711ddb7976494b29c09ac404f10f60,Localization Quality,AMCLPose,MeanY,0.602156,293.3
03711ddb7976494b29c09ac404f10f60,Localization Quality,AMCLPose,MeanX,3.11843,293.3
03711ddb7976494b29c09ac404f10f60,Localization Stability,TF,Jump Angular,-0.000875784,294.3
03711ddb7976494b29c09ac404f10f60,Localization Stability,TF,Jump Linear,0.0111234,294.3
03711ddb7976494b29c09ac404f10f60,Input Validity,Lidar,Lidar Rate,10,293.39
03711ddb7976494b29c09ac404f10f60,Input Validity,Odometry,Odometry Rate,50,293.39
03711ddb7976494b29c09ac404f10f60,Input Validity,TF,TF Rate,10,293.39
03711ddb7976494b29c09ac404f10f60,Localization Responsiveness,TTC,TTC Outcome,1,293.49
03711ddb7976494b29c09ac404f10f60,Localization Responsiveness,TTC,TTC,2.7,293.49
03711ddb7976494b29c09ac404f10f60,Mission Outcome,Episode Event,Recoveries,0,293.49
03711ddb7976494b29c09ac404f10f60,Mission Outcome,Episode Event,Collisions,0,293.49
03711ddb7976494b29c09ac404f10f60,Mission Outcome,Episode Event,Navigation Time,18.79,293.49
03711ddb7976494b29c09ac404f10f60,Mission Outcome,Episode Event,Goal Result,1,293.49
03711ddb7976494b29c09ac404f10f60,Input Validity,AMCLPose,Pose Monotonicity,0,293.49
03711ddb7976494b29c09ac404f10f60,Input Validity,Lidar,Lidar Frame Mistmatch,0,293.49
03711ddb7976494b29c09ac404f10f60,Input Validity,Lidar,Lidar Monotonicity,0,293.49
03711ddb7976494b29c09ac404f10f60,Input Validity,Odometry,Odometry Frame Mismatch,0,293.49
03711ddb7976494b29c09ac404f10f60,Input Validity,Odometry,Odometry Monotonicity,0,293.49
03711ddb7976494b29c09ac404f10f60,Input Validity,TF,TF Gap Count,0,293.49
03711ddb7976494b29c09ac404f10f60,Input Validity,TF,TF Frame Drop,939,293.49
03711ddb7976494b29c09ac404f10f60,Input Validity,TF,TF Monotonicity,0,293.49
03711ddb7976494b29c09ac404f10f60,map,-2.28571,-1.42371,122.767,3.175,0.625,-142.553,1,SUCCEEDED,4,18.79,274.7,293.49,0.0537131,0.136626,0.700369,0.0895208,0.00285738,0.066024,0.0344021,574.405,1899,5.91379,0.564862,0.035108,0.987645,0,939,0.986233
f0b71bf2240c12c1205d280c81b9721f,Localization Stability,TF,Jump Angular,0,302.1
f0b71bf2240c12c1205d280c81b9721f,Localization Stability,TF,Jump Linear,0,302.1
f0b71bf2240c12c1205d280c81b9721f,Input Validity,Lidar,Lidar Rate,10,301.22
f0b71bf2240c12c1205d280c81b9721f,Input Validity,Odometry,Odometry Rate,50,301.22
f0b71bf2240c12c1205d280c81b9721f,Input Validity,TF,TF Rate,10,301.22
f0b71bf2240c12c1205d280c81b9721f,Localization Stability,TF,Jump Angular,0,302.2
f0b71bf2240c12c1205d280c81b9721f,Localization Stability,TF,Jump Linear,0,302.2
f0b71bf2240c12c1205d280c81b9721f,Input Validity,Lidar,Lidar Rate,10,301.32
f0b71bf2240c12c1205d280c81b9721f,Input Validity,Odometry,Odometry Rate,50,301.32
f0b71bf2240c12c1205d280c81b9721f,Input Validity,TF,TF Rate,10,301.32
f0b71bf2240c12c1205d280c81b9721f,Input Validity,Lidar,Lidar Rate,10,301.42
f0b71bf2240c12c1205d280c81b9721f,Input Validity,Odometry,Odometry Rate,50,301.42
f0b71bf2240c12c1205d280c81b9721f,Input Validity,TF,TF Rate,10,301.42
f0b71bf2240c12c1205d280c81b9721f,Localization Stability,TF,Jump Angular,0.00621018,302.3
f0b71bf2240c12c1205d280c81b9721f,Localization Stability,TF,Jump Linear,0.0665846,302.3
f0b71bf2240c12c1205d280c81b9721f,Localization Stability,TF,Jump Angular,0,302.4
f0b71bf2240c12c1205d280c81b9721f,Localization Stability,TF,Jump Linear,0,302.4
f0b71bf2240c12c1205d280c81b9721f,Input Validity,Lidar,Lidar Rate,10,301.52
f0b71bf2240c12c1205d280c81b9721f,Input Validity,Odometry,Odometry Rate,50,301.52
f0b71bf2240c12c1205d280c81b9721f,Input Validity,TF,TF Rate,10,301.52
f0b71bf2240c12c1205d280c81b9721f,Input Validity,Lidar,Lidar Rate,10,301.62
f0b71bf2240c12c1205d280c81b9721f,Input Validity,Odometry,Odometry Rate,50,301.62
f0b71bf2240c12c1205d280c81b9721f,Input Validity,TF,TF Rate,10,301.62
f0b71bf2240c12c1205d280c81b9721f,Localization Quality,AMCLPose,CovYawYaw,0.087089,301.5
f0b71bf2240c12c1205d280c81b9721f,Localization Quality,AMCLPose,CovYY,0.14961,301.5
f0b71bf2240c12c1205d280c81b9721f,Localization Quality,AMCLPose,CovXX,0.158055,301.5
f0b71bf2240c12c1205d280c81b9721f,Localization Quality,AMCLPose,MeanYaw,-2.80279,301.5
f0b71bf2240c12c1205d280c81b9721f,Localization Quality,AMCLPose,MeanY,0.689402,301.5
f0b71bf2240c12c1205d280c81b9721f,Localization Quality,AMCLPose,MeanX,3.12879,301.5
f0b71bf2240c12c1205d280c81b9721f,Localization Stability,TF,Jump Angular,0.0152452,302.5
f0b71bf2240c12c1205d280c81b9721f,Localization Stability,TF,Jump Linear,0.0948638,302.5
f0b71bf2240c12c1205d280c81b9721f,Localization Stability,TF,Jump Angular,0,302.6
f0b71bf2240c12c1205d280c81b9721f,Localization Stability,TF,Jump Linear,0,302.6
f0b71bf2240c12c1205d280c81b9721f,Input Validity,Lidar,Lidar Rate,10,301.72
f0b71bf2240c12c1205d280c81b9721f,Input Validity,Odometry,Odometry Rate,50,301.72
f0b71bf2240c12c1205d280c81b9721f,Input Validity,TF,TF Rate,10,301.72
f0b71bf2240c12c1205d280c81b9721f,Localization Stability,TF,Jump Angular,0,302.7
f0b71bf2240c12c1205d280c81b9721f,Localization Stability,TF,Jump Linear,0,302.7
f0b71bf2240c12c1205d280c81b9721f,Input Validity,Lidar,Lidar Rate,10,301.82
f0b71bf2240c12c1205d280c81b9721f,Input Validity,Odometry,Odometry Rate,50,301.82
f0b71bf2240c12c1205d280c81b9721f,Input Validity,TF,TF Rate,10,301.82
f0b71bf2240c12c1205d280c81b9721f,Input Validity,Lidar,Lidar Rate,10,301.91
f0b71bf2240c12c1205d280c81b9721f,Input Validity,Odometry,Odometry Rate,50,301.91
f0b71bf2240c12c1205d280c81b9721f,Input Validity,TF,TF Rate,10,301.91
f0b71bf2240c12c1205d280c81b9721f,Localization Quality,AMCLPose,CovYawYaw,0.0563052,301.8
f0b71bf2240c12c1205d280c81b9721f,Localization Quality,AMCLPose,CovYY,0.113239,301.8
f0b71bf2240c12c1205d280c81b9721f,Localization Quality,AMCLPose,CovXX,0.0968007,301.8
f0b71bf2240c12c1205d280c81b9721f,Localization Quality,AMCLPose,MeanYaw,-2.74288,301.8
f0b71bf2240c12c1205d280c81b9721f,Localization Quality,AMCLPose,MeanY,0.609621,301.8
f0b71bf2240c12c1205d280c81b9721f,Localization Quality,AMCLPose,MeanX,3.01075,301.8
f0b71bf2240c12c1205d280c81b9721f,Localization Stability,TF,Jump Angular,-0.0108477,302.8
f0b71bf2240c12c1205d280c81b9721f,Localization Stability,TF,Jump Linear,0.00504756,302.8
f0b71bf2240c12c1205d280c81b9721f,Localization Stability,TF,Jump Angular,0,302.9
f0b71bf2240c12c1205d280c81b9721f,Localization Stability,TF,Jump Linear,0,302.9
f0b71bf2240c12c1205d280c81b9721f,Input Validity,Lidar,Lidar Rate,10,302.01
f0b71bf2240c12c1205d280c81b9721f,Input Validity,Odometry,Odometry Rate,50,302.01
f0b71bf2240c12c1205d280c81b9721f,Input Validity,TF,TF Rate,10,302.01
f0b71bf2240c12c1205d280c81b9721f,Localization Stability,TF,Jump Angular,0,303
f0b71bf2240c12c1205d280c81b9721f,Localization Stability,TF,Jump Linear,0,303
f0b71bf2240c12c1205d280c81b9721f,Input Validity,Lidar,Lidar Rate,10,302.11
f0b71bf2240c12c1205d280c81b9721f,Input Validity,Odometry,Odometry Rate,50,302.11
f0b71bf2240c12c1205d280c81b9721f,Input Validity,TF,TF Rate,10,302.11
f0b71bf2240c12c1205d280c81b9721f,Localization Quality,AMCLPose,CovYawYaw,0.027089,302.1
f0b71bf2240c12c1205d280c81b9721f,Localization Quality,AMCLPose,CovYY,0.0837473,302.1
f0b71bf2240c12c1205d280c81b9721f,Localization Quality,AMCLPose,CovXX,0.0667462,302.1
f0b71bf2240c12c1205d280c81b9721f,Localization Quality,AMCLPose,MeanYaw,-2.68189,302.1
f0b71bf2240c12c1205d280c81b9721f,Localization Quality,AMCLPose,MeanY,0.528531,302.1
f0b71bf2240c12c1205d280c81b9721f,Localization Quality,AMCLPose,MeanX,2.89417,302.1
f0b71bf2240c12c1205d280c81b9721f,Localization Stability,TF,Jump Angular,-0.00468508,303.1
f0b71bf2240c12c1205d280c81b9721f,Localization Stability,TF,Jump Linear,0.0113365,303.1
f0b71bf2240c12c1205d280c81b9721f,Input Validity,Lidar,Lidar Rate,10,302.21
f0b71bf2240c12c1205d280c81b9721f,Input Validity,Odometry,Odometry Rate,50,302.21
f0b71bf2240c12c1205d280c81b9721f,Input Validity,TF,TF Rate,10,302.21
f0b71bf2240c12c1205d280c81b9721f,Localization Stability,TF,Jump Angular,0,303.2
f0b71bf2240c12c1205d280c81b9721f,Localization Stability,TF,Jump Linear,0,303.2
f0b71bf2240c12c1205d280c81b9721f,Input Validity,Lidar,Lidar Rate,10,302.31
f0b71bf2240c12c1205d280c81b9721f,Input Validity,Odometry,Odometry Rate,50,302.31
f0b71bf2240c12c1205d280c81b9721f,Input Validity,TF,TF Rate,10,302.31
f0b71bf2240c12c1205d280c81b9721f,Localization Stability,TF,Jump Angular,0,303.3
f0b71bf2240c12c1205d280c81b9721f,Localization Stability,TF,Jump Linear,0,303.3
f0b71bf2240c12c1205d280c81b9721f,Input Validity,Lidar,Lidar Rate,10,302.41
f0b71bf2240c12c1205d280c81b9721f,Input Validity,Odometry,Odometry Rate,50,302.41
f0b71bf2240c12c1205d280c81b9721f,Input Validity,TF,TF Rate,10,302.41
f0b71bf2240c12c1205d280c81b9721f,Localization Quality,AMCLPose,CovYawYaw,0.0124839,302.4
f0b71bf2240c12c1205d280c81b9721f,Localization Quality,AMCLPose,CovYY,0.0597657,302.4
f0b71bf2240c12c1205d280c81b9721f,Localization Quality,AMCLPose,CovXX,0.0384766,302.4
f0b71bf2240c12c1205d280c81b9721f,Localization Quality,AMCLPose,MeanYaw,-2.74136,302.4
f0b71bf2240c12c1205d280c81b9721f,Localization Quality,AMCLPose,MeanY,0.461214,302.4
f0b71bf2240c12c1205d280c81b9721f,Localization Quality,AMCLPose,MeanX,2.75905,302.4
f0b71bf2240c12c1205d280c81b9721f,Localization Stability,TF,Jump Angular,-0.00369984,303.4
f0b71bf2240c12c1205d280c81b9721f,Localization Stability,TF,Jump Linear,0.0129086,303.4
f0b71bf2240c12c1205d280c81b9721f,Input Validity,Lidar,Lidar Rate,10,302.5
f0b71bf2240c12c1205d280c81b9721f,Input Validity,Odometry,Odometry Rate,50,302.5
f0b71bf2240c12c1205d280c81b9721f,Input Validity,TF,TF Rate,10,302.5
f0b71bf2240c12c1205d280c81b9721f,Localization Stability,TF,Jump Angular,0,303.5
f0b71bf2240c12c1205d280c81b9721f,Localization Stability,TF,Jump Linear,0,303.5
f0b71bf2240c12c1205d280c81b9721f,Input Validity,Lidar,Lidar Rate,10,302.6
f0b71bf2240c12c1205d280c81b9721f,Input Validity,Odometry,Odometry Rate,50,302.6
f0b71bf2240c12c1205d280c81b9721f,Input Validity,TF,TF Rate,10,302.6
f0b71bf2240c12c1205d280c81b9721f,Localization Stability,TF,Jump Angular,0,303.6
f0b71bf2240c12c1205d280c81b9721f,Localization Stability,TF,Jump Linear,0,303.6
f0b71bf2240c12c1205d280c81b9721f,Input Validity,Lidar,Lidar Rate,10,302.7
f0b71bf2240c12c1205d280c81b9721f,Input Validity,Odometry,Odometry Rate,50,302.7
f0b71bf2240c12c1205d280c81b9721f,Input Validity,TF,TF Rate,10,302.7
f0b71bf2240c12c1205d280c81b9721f,Input Validity,Lidar,Lidar Rate,10,302.8
f0b71bf2240c12c1205d280c81b9721f,Input Validity,Odometry,Odometry Rate,50,302.8
f0b71bf2240c12c1205d280c81b9721f,Input Validity,TF,TF Rate,10,302.8
f0b71bf2240c12c1205d280c81b9721f,Localization Quality,AMCLPose,CovYawYaw,0.00649688,302.7
f0b71bf2240c12c1205d280c81b9721f,Localization Quality,AMCLPose,CovYY,0.0316622,302.7
f0b71bf2240c12c1205d280c81b9721f,Localization Quality,AMCLPose,CovXX,0.0278678,302.7
f0b71bf2240c12c1205d280c81b9721f,Localization Quality,AMCLPose,MeanYaw,-2.79272,302.7
f0b71bf2240c12c1205d280c81b9721f,Localization Quality,AMCLPose,MeanY,0.369739,302.7
f0b71bf2240c12c1205d280c81b9721f,Localization Quality,AMCLPose,MeanX,2.62359,302.7
f0b71bf2240c12c1205d280c81b9721f,Localization Stability,TF,Jump Angular,0.00414676,303.7
f0b71bf2240c12c1205d280c81b9721f,Localization Stability,TF,Jump Linear,0.0550767,303.7
f0b71bf2240c12c1205d280c81b9721f,Localization Stability,TF,Jump Angular,0,303.8
f0b71bf2240c12c1205d280c81b9721f,Localization Stability,TF,Jump Linear,0,303.8
f0b71bf2240c12c1205d280c81b9721f,Input Validity,Lidar,Lidar Rate,10,302.9
f0b71bf2240c12c1205d280c81b9721f,Input Validity,Odometry,Odometry Rate,50,302.9
f0b71bf2240c12c1205d280c81b9721f,Input Validity,TF,TF Rate,10,302.9
f0b71bf2240c12c1205d280c81b9721f,Localization Stability,TF,Jump Angular,0,303.9
f0b71bf2240c12c1205d280c81b9721f,Localization Stability,TF,Jump Linear,0,303.9
f0b71bf2240c12c1205d280c81b9721f,Input Validity,Lidar,Lidar Rate,10,303
f0b71bf2240c12c1205d280c81b9721f,Input Validity,Odometry,Odometry Rate,50,303
f0b71bf2240c12c1205d280c81b9721f,Input Validity,TF,TF Rate,10,303
f0b71bf2240c12c1205d280c81b9721f,Input Validity,Lidar,Lidar Rate,10,303.1
f0b71bf2240c12c1205d280c81b9721f,Input Validity,Odometry,Odometry Rate,50,303.1
f0b71bf2240c12c1205d280c81b9721f,Input Validity,TF,TF Rate,10,303.1
f0b71bf2240c12c1205d280c81b9721f,Localization Quality,AMCLPose,CovYawYaw,0.00546466,303
f0b71bf2240c12c1205d280c81b9721f,Localization Quality,AMCLPose,CovYY,0.019599,303
f0b71bf2240c12c1205d280c81b9721f,Localization Quality,AMCLPose,CovXX,0.0206917,303
f0b71bf2240c12c1205d280c81b9721f,Localization Quality,AMCLPose,MeanYaw,-2.82513,303
f0b71bf2240c12c1205d280c81b9721f,Localization Quality,AMCLPose,MeanY,0.313032,303
f0b71bf2240c12c1205d280c81b9721f,Localization Quality,AMCLPose,MeanX,2.49127,303
f0b71bf2240c12c1205d280c81b9721f,Localization Stability,TF,Jump Angular,-0.00434802,304
f0b71bf2240c12c1205d280c81b9721f,Localization Stability,TF,Jump Linear,0.00463551,304
f0b71bf2240c12c1205d280c81b9721f,Localization Stability,TF,Jump Angular,0,304.1
f0b71bf2240c12c1205d280c81b9721f,Localization Stability,TF,Jump Linear,0,304.1
f0b71bf2240c12c1205d280c81b9721f,Input Validity,Lidar,Lidar Rate,10,303.2
f0b71bf2240c12c1205d280c81b9721f,Input Validity,Odometry,Odometry Rate,50,303.2
f0b71bf2240c12c1205d280c81b9721f,Input Validity,TF,TF Rate,10,303.2
f0b71bf2240c12c1205d280c81b9721f,Localization Stability,TF,Jump Angular,0,304.2
f0b71bf2240c12c1205d280c81b9721f,Localization Stability,TF,Jump Linear,0,304.2
f0b71bf2240c12c1205d280c81b9721f,Input Validity,Lidar,Lidar Rate,10,303.3
f0b71bf2240c12c1205d280c81b9721f,Input Validity,Odometry,Odometry Rate,50,303.3
f0b71bf2240c12c1205d280c81b9721f,Input Validity,TF,TF Rate,10,303.3
f0b71bf2240c12c1205d280c81b9721f,Input Validity,Lidar,Lidar Rate,10,303.4
f0b71bf2240c12c1205d280c81b9721f,Input Validity,Odometry,Odometry Rate,50,303.4
f0b71bf2240c12c1205d280c81b9721f,Input Validity,TF,TF Rate,10,303.4
f0b71bf2240c12c1205d280c81b9721f,Localization Quality,AMCLPose,CovYawYaw,0.00410832,303.3
f0b71bf2240c12c1205d280c81b9721f,Localization Quality,AMCLPose,CovYY,0.0119919,303.3
f0b71bf2240c12c1205d280c81b9721f,Localization Quality,AMCLPose,CovXX,0.0154519,303.3
f0b71bf2240c12c1205d280c81b9721f,Localization Quality,AMCLPose,MeanYaw,-2.88472,303.3
f0b71bf2240c12c1205d280c81b9721f,Localization Quality,AMCLPose,MeanY,0.270076,303.3
f0b71bf2240c12c1205d280c81b9721f,Localization Quality,AMCLPose,MeanX,2.35556,303.3
f0b71bf2240c12c1205d280c81b9721f,Localization Stability,TF,Jump Angular,-0.00523574,304.3
f0b71bf2240c12c1205d280c81b9721f,Localization Stability,TF,Jump Linear,0.0121128,304.3
f0b71bf2240c12c1205d280c81b9721f,Localization Stability,TF,Jump Angular,0,304.4
f0b71bf2240c12c1205d280c81b9721f,Localization Stability,TF,Jump Linear,0,304.4
f0b71bf2240c12c1205d280c81b9721f,Input Validity,Lidar,Lidar Rate,10,303.5
f0b71bf2240c12c1205d280c81b9721f,Input Validity,Odometry,Odometry Rate,50,303.5
f0b71bf2240c12c1205d280c81b9721f,Input Validity,TF,TF Rate,10,303.5
f0b71bf2240c12c1205d280c81b9721f,Localization Quality,AMCLPose,CovYawYaw,0.00307214,303.5
f0b71bf2240c12c1205d280c81b9721f,Localization Quality,AMCLPose,CovYY,0.00737012,303.5
f0b71bf2240c12c1205d280c81b9721f,Localization Quality,AMCLPose,CovXX,0.0112646,303.5
f0b71bf2240c12c1205d280c81b9721f,Localization Quality,AMCLPose,MeanYaw,-2.93976,303.5
f0b71bf2240c12c1205d280c81b9721f,Localization Quality,AMCLPose,MeanY,0.249857,303.5
f0b71bf2240c12c1205d280c81b9721f,Localization Quality,AMCLPose,MeanX,2.25858,303.5
f0b71bf2240c12c1205d280c81b9721f,Localization Stability,TF,Jump Angular,-0.00310099,304.5
f0b71bf2240c12c1205d280c81b9721f,Localization Stability,TF,Jump Linear,0.012011,304.5
f0b71bf2240c12c1205d280c81b9721f,Input Validity,Lidar,Lidar Rate,10,303.6
f0b71bf2240c12c1205d280c81b9721f,Input Validity,Odometry,Odometry Rate,50,303.6
f0b71bf2240c12c1205d280c81b9721f,Input Validity,TF,TF Rate,10,303.6
f0b71bf2240c12c1205d280c81b9721f,Localization Stability,TF,Jump Angular,0,304.6
f0b71bf2240c12c1205d280c81b9721f,Localization Stability,TF,Jump Linear,0,304.6
f0b71bf2240c12c1205d280c81b9721f,Input Validity,Lidar,Lidar Rate,10,303.7
f0b71bf2240c12c1205d280c81b9721f,Input Validity,Odometry,Odometry Rate,50,303.7
f0b71bf2240c12c1205d280c81b9721f,Input Validity,TF,TF Rate,10,303.7
f0b71bf2240c12c1205d280c81b9721f,Input Validity,Lidar,Lidar Rate,10,303.8
f0b71bf2240c12c1205d280c81b9721f,Input Validity,Odometry,Odometry Rate,50,303.8
f0b71bf2240c12c1205d280c81b9721f,Input Validity,TF,TF Rate,10,303.8
f0b71bf2240c12c1205d280c81b9721f,Localization Stability,TF,Jump Angular,0,304.7
f0b71bf2240c12c1205d280c81b9721f,Localization Stability,TF,Jump Linear,0,304.7
f0b71bf2240c12c1205d280c81b9721f,Localization Quality,AMCLPose,CovYawYaw,0.00318924,303.8
f0b71bf2240c12c1205d280c81b9721f,Localization Quality,AMCLPose,CovYY,0.0052284,303.8
f0b71bf2240c12c1205d280c81b9721f,Localization Quality,AMCLPose,CovXX,0.0104803,303.8
f0b71bf2240c12c1205d280c81b9721f,Localization Quality,AMCLPose,MeanYaw,-2.99783,303.8
f0b71bf2240c12c1205d280c81b9721f,Localization Quality,AMCLPose,MeanY,0.231577,303.8
f0b71bf2240c12c1205d280c81b9721f,Localization Quality,AMCLPose,MeanX,2.11888,303.8
f0b71bf2240c12c1205d280c81b9721f,Localization Stability,TF,Jump Angular,-0.00714252,304.8
f0b71bf2240c12c1205d280c81b9721f,Localization Stability,TF,Jump Linear,0.0226923,304.8
f0b71bf2240c12c1205d280c81b9721f,Input Validity,Lidar,Lidar Rate,10,303.9
f0b71bf2240c12c1205d280c81b9721f,Input Validity,Odometry,Odometry Rate,50,303.9
f0b71bf2240c12c1205d280c81b9721f,Input Validity,TF,TF Rate,10,303.9
f0b71bf2240c12c1205d280c81b9721f,Localization Stability,TF,Jump Angular,0,304.9
f0b71bf2240c12c1205d280c81b9721f,Localization Stability,TF,Jump Linear,0,304.9
f0b71bf2240c12c1205d280c81b9721f,Input Validity,Lidar,Lidar Rate,10,304
f0b71bf2240c12c1205d280c81b9721f,Input Validity,Odometry,Odometry Rate,50,304
f0b71bf2240c12c1205d280c81b9721f,Input Validity,TF,TF Rate,10,304
f0b71bf2240c12c1205d280c81b9721f,Localization Stability,TF,Jump Angular,0,305
f0b71bf2240c12c1205d280c81b9721f,Localization Stability,TF,Jump Linear,0,305
f0b71bf2240c12c1205d280c81b9721f,Input Validity,Lidar,Lidar Rate,10,304.09
f0b71bf2240c12c1205d280c81b9721f,Input Validity,Odometry,Odometry Rate,50,304.09
f0b71bf2240c12c1205d280c81b9721f,Input Validity,TF,TF Rate,10,304.09
f0b71bf2240c12c1205d280c81b9721f,Localization Quality,AMCLPose,CovYawYaw,0.00330618,304.1
f0b71bf2240c12c1205d280c81b9721f,Localization Quality,AMCLPose,CovYY,0.00416554,304.1
f0b71bf2240c12c1205d280c81b9721f,Localization Quality,AMCLPose,CovXX,0.00874878,304.1
f0b71bf2240c12c1205d280c81b9721f,Localization Quality,AMCLPose,MeanYaw,-3.0191,304.1
f0b71bf2240c12c1205d280c81b9721f,Localization Quality,AMCLPose,MeanY,0.220981,304.1
f0b71bf2240c12c1205d280c81b9721f,Localization Quality,AMCLPose,MeanX,1.98269,304.1
f0b71bf2240c12c1205d280c81b9721f,Localization Stability,TF,Jump Angular,-0.00415429,305.1
f0b71bf2240c12c1205d280c81b9721f,Localization Stability,TF,Jump Linear,0.0164609,305.1
f0b71bf2240c12c1205d280c81b9721f,Input Validity,Lidar,Lidar Rate,10,304.19
f0b71bf2240c12c1205d280c81b9721f,Input Validity,Odometry,Odometry Rate,50,304.19
f0b71bf2240c12c1205d280c81b9721f,Input Validity,TF,TF Rate,10,304.19
f0b71bf2240c12c1205d280c81b9721f,Localization Stability,TF,Jump Angular,0,305.2
f0b71bf2240c12c1205d280c81b9721f,Localization Stability,TF,Jump Linear,0,305.2
f0b71bf2240c12c1205d280c81b9721f,Input Validity,Lidar,Lidar Rate,10,304.29
f0b71bf2240c12c1205d280c81b9721f,Input Validity,Odometry,Odometry Rate,50,304.29
f0b71bf2240c12c1205d280c81b9721f,Input Validity,TF,TF Rate,10,304.29
f0b71bf2240c12c1205d280c81b9721f,Localization Stability,TF,Jump Angular,0,305.3
f0b71bf2240c12c1205d280c81b9721f,Localization Stability,TF,Jump Linear,0,305.3
f0b71bf2240c12c1205d280c81b9721f,Input Validity,Lidar,Lidar Rate,10,304.39
f0b71bf2240c12c1205d280c81b9721f,Input Validity,Odometry,Odometry Rate,50,304.39
f0b71bf2240c12c1205d280c81b9721f,Input Validity,TF,TF Rate,10,304.39
f0b71bf2240c12c1205d280c81b9721f,Input Validity,Lidar,Lidar Rate,10,304.49
f0b71bf2240c12c1205d280c81b9721f,Input Validity,Odometry,Odometry Rate,50,304.49
f0b71bf2240c12c1205d280c81b9721f,Input Validity,TF,TF Rate,10,304.49
f0b71bf2240c12c1205d280c81b9721f,Localization Quality,AMCLPose,CovYawYaw,0.00338114,304.4
f0b71bf2240c12c1205d280c81b9721f,Localization Quality,AMCLPose,CovYY,0.00314933,304.4
f0b71bf2240c12c1205d280c81b9721f,Localization Quality,AMCLPose,CovXX,0.00841871,304.4
f0b71bf2240c12c1205d280c81b9721f,Localization Quality,AMCLPose,MeanYaw,-3.06874,304.4
f0b71bf2240c12c1205d280c81b9721f,Localization Quality,AMCLPose,MeanY,0.211037,304.4
f0b71bf2240c12c1205d280c81b9721f,Localization Quality,AMCLPose,MeanX,1.84284,304.4
f0b71bf2240c12c1205d280c81b9721f,Localization Stability,TF,Jump Angular,-0.00393706,305.4
f0b71bf2240c12c1205d280c81b9721f,Localization Stability,TF,Jump Linear,0.0127091,305.4
f0b71bf2240c12c1205d280c81b9721f,Localization Stability,TF,Jump Angular,0,305.5
f0b71bf2240c12c1205d280c81b9721f,Localization Stability,TF,Jump Linear,0,305.5
f0b71bf2240c12c1205d280c81b9721f,Input Validity,Lidar,Lidar Rate,10,304.59
f0b71bf2240c12c1205d280c81b9721f,Input Validity,Odometry,Odometry Rate,50,304.59
f0b71bf2240c12c1205d280c81b9721f,Input Validity,TF,TF Rate,10,304.59
f0b71bf2240c12c1205d280c81b9721f,Localization Stability,TF,Jump Angular,0,305.6
f0b71bf2240c12c1205d280c81b9721f,Localization Stability,TF,Jump Linear,0,305.6
f0b71bf2240c12c1205d280c81b9721f,Input Validity,Lidar,Lidar Rate,10,304.69
f0b71bf2240c12c1205d280c81b9721f,Input Validity,Odometry,Odometry Rate,50,304.69
f0b71bf2240c12c1205d280c81b9721f,Input Validity,TF,TF Rate,10,304.69
f0b71bf2240c12c1205d280c81b9721f,Input Validity,Lidar,Lidar Rate,10,304.79
f0b71bf2240c12c1205d280c81b9721f,Input Validity,Odometry,Odometry Rate,50,304.79
f0b71bf2240c12c1205d280c81b9721f,Input Validity,TF,TF Rate,10,304.79
f0b71bf2240c12c1205d280c81b9721f,Localization Quality,AMCLPose,CovYawYaw,0.00329465,304.7
f0b71bf2240c12c1205d280c81b9721f,Localization Quality,AMCLPose,CovYY,0.00227062,304.7
f0b71bf2240c12c1205d280c81b9721f,Localization Quality,AMCLPose,CovXX,0.00724087,304.7
f0b71bf2240c12c1205d280c81b9721f,Localization Quality,AMCLPose,MeanYaw,-3.10469,304.7
f0b71bf2240c12c1205d280c81b9721f,Localization Quality,AMCLPose,MeanY,0.207098,304.7
f0b71bf2240c12c1205d280c81b9721f,Localization Quality,AMCLPose,MeanX,1.70204,304.7
f0b71bf2240c12c1205d280c81b9721f,Localization Stability,TF,Jump Angular,-0.00252456,305.7
f0b71bf2240c12c1205d280c81b9721f,Localization Stability,TF,Jump Linear,0.00996331,305.7
f0b71bf2240c12c1205d280c81b9721f,Localization Stability,TF,Jump Angular,0,305.8
f0b71bf2240c12c1205d280c81b9721f,Localization Stability,TF,Jump Linear,0,305.8
f0b71bf2240c12c1205d280c81b9721f,Input Validity,Lidar,Lidar Rate,10,304.89
f0b71bf2240c12c1205d280c81b9721f,Input Validity,Odometry,Odometry Rate,50,304.89
f0b71bf2240c12c1205d280c81b9721f,Input Validity,TF,TF Rate,10,304.89
f0b71bf2240c12c1205d280c81b9721f,Localization Stability,TF,Jump Angular,0,305.9
f0b71bf2240c12c1205d280c81b9721f,Localization Stability,TF,Jump Linear,0,305.9
f0b71bf2240c12c1205d280c81b9721f,Input Validity,Lidar,Lidar Rate,10,304.99
f0b71bf2240c12c1205d280c81b9721f,Input Validity,Odometry,Odometry Rate,50,304.99
f0b71bf2240c12c1205d280c81b9721f,Input Validity,TF,TF Rate,10,304.99
f0b71bf2240c12c1205d280c81b9721f,Input Validity,Lidar,Lidar Rate,10,305.09
f0b71bf2240c12c1205d280c81b9721f,Input Validity,Odometry,Odometry Rate,50,305.09
f0b71bf2240c12c1205d280c81b9721f,Input Validity,TF,TF Rate,10,305.09
f0b71bf2240c12c1205d280c81b9721f,Localization Quality,AMCLPose,CovYawYaw,0.00344868,305
f0b71bf2240c12c1205d280c81b9721f,Localization Quality,AMCLPose,CovYY,0.00186942,305
f0b71bf2240c12c1205d280c81b9721f,Localization Quality,AMCLPose,CovXX,0.00682297,305
f0b71bf2240c12c1205d280c81b9721f,Localization Quality,AMCLPose,MeanYaw,-3.11379,305
f0b71bf2240c12c1205d280c81b9721f,Localization Quality,AMCLPose,MeanY,0.206369,305
f0b71bf2240c12c1205d280c81b9721f,Localization Quality,AMCLPose,MeanX,1.56536,305
f0b71bf2240c12c1205d280c81b9721f,Localization Stability,TF,Jump Angular,-0.000401419,306
f0b71bf2240c12c1205d280c81b9721f,Localization Stability,TF,Jump Linear,0.00437667,306
f0b71bf2240c12c1205d280c81b9721f,Localization Stability,TF,Jump Angular,0,306.1
f0b71bf2240c12c1205d280c81b9721f,Localization Stability,TF,Jump Linear,0,306.1
f0b71bf2240c12c1205d280c81b9721f,Input Validity,Lidar,Lidar Rate,10,305.19
f0b71bf2240c12c1205d280c81b9721f,Input Validity,Odometry,Odometry Rate,50,305.19
f0b71bf2240c12c1205d280c81b9721f,Input Validity,TF,TF Rate,10,305.19
f0b71bf2240c12c1205d280c81b9721f,Localization Stability,TF,Jump Angular,0,306.2
f0b71bf2240c12c1205d280c81b9721f,Localization Stability,TF,Jump Linear,0,306.2
f0b71bf2240c12c1205d280c81b9721f,Input Validity,Lidar,Lidar Rate,10,305.29
f0b71bf2240c12c1205d280c81b9721f,Input Validity,Odometry,Odometry Rate,50,305.29
f0b71bf2240c12c1205d280c81b9721f,Input Validity,TF,TF Rate,10,305.29
f0b71bf2240c12c1205d280c81b9721f,Input Validity,Lidar,Lidar Rate,10,305.39
f0b71bf2240c12c1205d280c81b9721f,Input Validity,Odometry,Odometry Rate,50,305.39
f0b71bf2240c12c1205d280c81b9721f,Input Validity,TF,TF Rate,10,305.39
f0b71bf2240c12c1205d280c81b9721f,Localization Quality,AMCLPose,CovYawYaw,0.00342649,305.3
f0b71bf2240c12c1205d280c81b9721f,Localization Quality,AMCLPose,CovYY,0.00177058,305.3
f0b71bf2240c12c1205d280c81b9721f,Localization Quality,AMCLPose,CovXX,0.00667768,305.3
f0b71bf2240c12c1205d280c81b9721f,Localization Quality,AMCLPose,MeanYaw,-3.10893,305.3
f0b71bf2240c12c1205d280c81b9721f,Localization Quality,AMCLPose,MeanY,0.202278,305.3
f0b71bf2240c12c1205d280c81b9721f,Localization Quality,AMCLPose,MeanX,1.4256,305.3
f0b71bf2240c12c1205d280c81b9721f,Localization Stability,TF,Jump Angular,-0.000173669,306.3
f0b71bf2240c12c1205d280c81b9721f,Localization Stability,TF,Jump Linear,0.00482014,306.3
f0b71bf2240c12c1205d280c81b9721f,Localization Stability,TF,Jump Angular,0,306.4
f0b71bf2240c12c1205d280c81b9721f,Localization Stability,TF,Jump Linear,0,306.4
f0b71bf2240c12c1205d280c81b9721f,Input Validity,Lidar,Lidar Rate,10,305.49
f0b71bf2240c12c1205d280c81b9721f,Input Validity,Odometry,Odometry Rate,50,305.49
f0b71bf2240c12c1205d280c81b9721f,Input Validity,TF,TF Rate,10,305.49
f0b71bf2240c12c1205d280c81b9721f,Localization Stability,TF,Jump Angular,0,306.5
f0b71bf2240c12c1205d280c81b9721f,Localization Stability,TF,Jump Linear,0,306.5
f0b71bf2240c12c1205d280c81b9721f,Input Validity,Lidar,Lidar Rate,10,305.59
f0b71bf2240c12c1205d280c81b9721f,Input Validity,Odometry,Odometry Rate,50,305.59
f0b71bf2240c12c1205d280c81b9721f,Input Validity,TF,TF Rate,10,305.59
f0b71bf2240c12c1205d280c81b9721f,Input Validity,Lidar,Lidar Rate,10,305.69
f0b71bf2240c12c1205d280c81b9721f,Input Validity,Odometry,Odometry Rate,50,305.69
f0b71bf2240c12c1205d280c81b9721f,Input Validity,TF,TF Rate,10,305.69
f0b71bf2240c12c1205d280c81b9721f,Localization Quality,AMCLPose,CovYawYaw,0.00336984,305.6
f0b71bf2240c12c1205d280c81b9721f,Localization Quality,AMCLPose,CovYY,0.00176254,305.6
f0b71bf2240c12c1205d280c81b9721f,Localization Quality,AMCLPose,CovXX,0.00648831,305.6
f0b71bf2240c12c1205d280c81b9721f,Localization Quality,AMCLPose,MeanYaw,-3.1137,305.6
f0b71bf2240c12c1205d280c81b9721f,Localization Quality,AMCLPose,MeanY,0.199344,305.6
f0b71bf2240c12c1205d280c81b9721f,Localization Quality,AMCLPose,MeanX,1.28593,305.6
f0b71bf2240c12c1205d280c81b9721f,Localization Stability,TF,Jump Angular,-0.00301226,306.6
f0b71bf2240c12c1205d280c81b9721f,Localization Stability,TF,Jump Linear,0.0071441,306.6
f0b71bf2240c12c1205d280c81b9721f,Localization Stability,TF,Jump Angular,0,306.7
f0b71bf2240c12c1205d280c81b9721f,Localization Stability,TF,Jump Linear,0,306.7
f0b71bf2240c12c1205d280c81b9721f,Input Validity,Lidar,Lidar Rate,10,305.78
f0b71bf2240c12c1205d280c81b9721f,Input Validity,Odometry,Odometry Rate,50,305.78
f0b71bf2240c12c1205d280c81b9721f,Input Validity,TF,TF Rate,10,305.78
f0b71bf2240c12c1205d280c81b9721f,Localization Stability,TF,Jump Angular,0,306.8
f0b71bf2240c12c1205d280c81b9721f,Localization Stability,TF,Jump Linear,0,306.8
f0b71bf2240c12c1205d280c81b9721f,Input Validity,Lidar,Lidar Rate,10,305.88
f0b71bf2240c12c1205d280c81b9721f,Input Validity,Odometry,Odometry Rate,50,305.88
f0b71bf2240c12c1205d280c81b9721f,Input Validity,TF,TF Rate,10,305.88
f0b71bf2240c12c1205d280c81b9721f,Localization Quality,AMCLPose,CovYawYaw,0.00321985,305.9
f0b71bf2240c12c1205d280c81b9721f,Localization Quality,AMCLPose,CovYY,0.00167135,305.9
f0b71bf2240c12c1205d280c81b9721f,Localization Quality,AMCLPose,CovXX,0.00643381,305.9
f0b71bf2240c12c1205d280c81b9721f,Localization Quality,AMCLPose,MeanYaw,-3.10761,305.9
f0b71bf2240c12c1205d280c81b9721f,Localization Quality,AMCLPose,MeanY,0.195663,305.9
f0b71bf2240c12c1205d280c81b9721f,Localization Quality,AMCLPose,MeanX,1.14764,305.9
f0b71bf2240c12c1205d280c81b9721f,Localization Stability,TF,Jump Angular,-0.00149926,306.9
f0b71bf2240c12c1205d280c81b9721f,Localization Stability,TF,Jump Linear,0.00392561,306.9
f0b71bf2240c12c1205d280c81b9721f,Input Validity,Lidar,Lidar Rate,10,305.98
f0b71bf2240c12c1205d280c81b9721f,Input Validity,Odometry,Odometry Rate,50,305.98
f0b71bf2240c12c1205d280c81b9721f,Input Validity,TF,TF Rate,10,305.98
f0b71bf2240c12c1205d280c81b9721f,Localization Stability,TF,Jump Angular,0,307
f0b71bf2240c12c1205d280c81b9721f,Localization Stability,TF,Jump Linear,0,307
f0b71bf2240c12c1205d280c81b9721f,Input Validity,Lidar,Lidar Rate,10,306.08
f0b71bf2240c12c1205d280c81b9721f,Input Validity,Odometry,Odometry Rate,50,306.08
f0b71bf2240c12c1205d280c81b9721f,Input Validity,TF,TF Rate,10,306.08
f0b71bf2240c12c1205d280c81b9721f,Localization Stability,TF,Jump Angular,0,307.1
f0b71bf2240c12c1205d280c81b9721f,Localization Stability,TF,Jump Linear,0,307.1
f0b71bf2240c12c1205d280c81b9721f,Input Validity,Lidar,Lidar Rate,10,306.18
f0b71bf2240c12c1205d280c81b9721f,Input Validity,Odometry,Odometry Rate,50,306.18
f0b71bf2240c12c1205d280c81b9721f,Input Validity,TF,TF Rate,10,306.18
f0b71bf2240c12c1205d280c81b9721f,Input Validity,Lidar,Lidar Rate,10,306.28
f0b71bf2240c12c1205d280c81b9721f,Input Validity,Odometry,Odometry Rate,50,306.28
f0b71bf2240c12c1205d280c81b9721f,Input Validity,TF,TF Rate,10,306.28
f0b71bf2240c12c1205d280c81b9721f,Localization Quality,AMCLPose,CovYawYaw,0.00327118,306.2
f0b71bf2240c12c1205d280c81b9721f,Localization Quality,AMCLPose,CovYY,0.00164342,306.2
f0b71bf2240c12c1205d280c81b9721f,Localization Quality,AMCLPose,CovXX,0.00646815,306.2
f0b71bf2240c12c1205d280c81b9721f,Localization Quality,AMCLPose,MeanYaw,-3.08875,306.2
f0b71bf2240c12c1205d280c81b9721f,Localization Quality,AMCLPose,MeanY,0.189683,306.2
f0b71bf2240c12c1205d280c81b9721f,Localization Quality,AMCLPose,MeanX,1.01231,306.2
f0b71bf2240c12c1205d280c81b9721f,Localization Stability,TF,Jump Angular,0.00228917,307.2
f0b71bf2240c12c1205d280c81b9721f,Localization Stability,TF,Jump Linear,0.00323719,307.2
f0b71bf2240c12c1205d280c81b9721f,Localization Stability,TF,Jump Angular,0,307.3
f0b71bf2240c12c1205d280c81b9721f,Localization Stability,TF,Jump Linear,0,307.3
f0b71bf2240c12c1205d280c81b9721f,Input Validity,Lidar,Lidar Rate,10,306.38
f0b71bf2240c12c1205d280c81b9721f,Input Validity,Odometry,Odometry Rate,50,306.38
f0b71bf2240c12c1205d280c81b9721f,Input Validity,TF,TF Rate,10,306.38
f0b71bf2240c12c1205d280c81b9721f,Localization Stability,TF,Jump Angular,0,307.4
f0b71bf2240c12c1205d280c81b9721f,Localization Stability,TF,Jump Linear,0,307.4
f0b71bf2240c12c1205d280c81b9721f,Input Validity,Lidar,Lidar Rate,10,306.48
f0b71bf2240c12c1205d280c81b9721f,Input Validity,Odometry,Odometry Rate,50,306.48
f0b71bf2240c12c1205d280c81b9721f,Input Validity,TF,TF Rate,10,306.48
f0b71bf2240c12c1205d280c81b9721f,Input Validity,Lidar,Lidar Rate,10,306.58
f0b71bf2240c12c1205d280c81b9721f,Input Validity,Odometry,Odometry Rate,50,306.58
f0b71bf2240c12c1205d280c81b9721f,Input Validity,TF,TF Rate,10,306.58
f0b71bf2240c12c1205d280c81b9721f,Localization Quality,AMCLPose,CovYawYaw,0.00304173,306.5
f0b71bf2240c12c1205d280c81b9721f,Localization Quality,AMCLPose,CovYY,0.00150695,306.5
f0b71bf2240c12c1205d280c81b9721f,Localization Quality,AMCLPose,CovXX,0.00670613,306.5
f0b71bf2240c12c1205d280c81b9721f,Localization Quality,AMCLPose,MeanYaw,-3.09573,306.5
f0b71bf2240c12c1205d280c81b9721f,Localization Quality,AMCLPose,MeanY,0.183683,306.5
f0b71bf2240c12c1205d280c81b9721f,Localization Quality,AMCLPose,MeanX,0.87672,306.5
f0b71bf2240c12c1205d280c81b9721f,Localization Stability,TF,Jump Angular,-0.000174809,307.5
f0b71bf2240c12c1205d280c81b9721f,Localization Stability,TF,Jump Linear,0.00105148,307.5
f0b71bf2240c12c1205d280c81b9721f,Input Validity,Lidar,Lidar Rate,10,306.68
f0b71bf2240c12c1205d280c81b9721f,Input Validity,Odometry,Odometry Rate,50,306.68
f0b71bf2240c12c1205d280c81b9721f,Input Validity,TF,TF Rate,10,306.68
f0b71bf2240c12c1205d280c81b9721f,Localization Stability,TF,Jump Angular,0,307.6
f0b71bf2240c12c1205d280c81b9721f,Localization Stability,TF,Jump Linear,0,307.6
f0b71bf2240c12c1205d280c81b9721f,Localization Stability,TF,Jump Angular,0,307.7
f0b71bf2240c12c1205d280c81b9721f,Localization Stability,TF,Jump Linear,0,307.7
f0b71bf2240c12c1205d280c81b9721f,Input Validity,Lidar,Lidar Rate,10,306.78
f0b71bf2240c12c1205d280c81b9721f,Input Validity,Odometry,Odometry Rate,50,306.78
f0b71bf2240c12c1205d280c81b9721f,Input Validity,TF,TF Rate,10,306.78
f0b71bf2240c12c1205d280c81b9721f,Input Validity,Lidar,Lidar Rate,10,306.88
f0b71bf2240c12c1205d280c81b9721f,Input Validity,Odometry,Odometry Rate,50,306.88
f0b71bf2240c12c1205d280c81b9721f,Input Validity,TF,TF Rate,10,306.88
f0b71bf2240c12c1205d280c81b9721f,Localization Quality,AMCLPose,CovYawYaw,0.00304021,306.8
f0b71bf2240c12c1205d280c81b9721f,Localization Quality,AMCLPose,CovYY,0.00139758,306.8
f0b71bf2240c12c1205d280c81b9721f,Localization Quality,AMCLPose,CovXX,0.00642267,306.8
f0b71bf2240c12c1205d280c81b9721f,Localization Quality,AMCLPose,MeanYaw,-3.08883,306.8
f0b71bf2240c12c1205d280c81b9721f,Localization Quality,AMCLPose,MeanY,0.178899,306.8
f0b71bf2240c12c1205d280c81b9721f,Localization Quality,AMCLPose,MeanX,0.73933,306.8
f0b71bf2240c12c1205d280c81b9721f,Localization Stability,TF,Jump Angular,0.000304213,307.8
f0b71bf2240c12c1205d280c81b9721f,Localization Stability,TF,Jump Linear,0.00294638,307.8
f0b71bf2240c12c1205d280c81b9721f,Localization Stability,TF,Jump Angular,0,307.9
f0b71bf2240c12c1205d280c81b9721f,Localization Stability,TF,Jump Linear,0,307.9
f0b71bf2240c12c1205d280c81b9721f,Input Validity,Lidar,Lidar Rate,10,306.98
f0b71bf2240c12c1205d280c81b9721f,Input Validity,Odometry,Odometry Rate,50,306.98
f0b71bf2240c12c1205d280c81b9721f,Input Validity,TF,TF Rate,10,306.98
f0b71bf2240c12c1205d280c81b9721f,Input Validity,Lidar,Lidar Rate,10,307.08
f0b71bf2240c12c1205d280c81b9721f,Input Validity,Odometry,Odometry Rate,50,307.08
f0b71bf2240c12c1205d280c81b9721f,Input Validity,TF,TF Rate,10,307.08
f0b71bf2240c12c1205d280c81b9721f,Localization Stability,TF,Jump Angular,0,308
f0b71bf2240c12c1205d280c81b9721f,Localization Stability,TF,Jump Linear,0,308
f0b71bf2240c12c1205d280c81b9721f,Input Validity,Lidar,Lidar Rate,10,307.18
f0b71bf2240c12c1205d280c81b9721f,Input Validity,Odometry,Odometry Rate,50,307.18
f0b71bf2240c12c1205d280c81b9721f,Input Validity,TF,TF Rate,10,307.18
f0b71bf2240c12c1205d280c81b9721f,Localization Quality,AMCLPose,CovYawYaw,0.00325213,307.1
f0b71bf2240c12c1205d280c81b9721f,Localization Quality,AMCLPose,CovYY,0.00141324,307.1
f0b71bf2240c12c1205d280c81b9721f,Localization Quality,AMCLPose,CovXX,0.0067047,307.1
f0b71bf2240c12c1205d280c81b9721f,Localization Quality,AMCLPose,MeanYaw,-3.06021,307.1
f0b71bf2240c12c1205d280c81b9721f,Localization Quality,AMCLPose,MeanY,0.17104,307.1
f0b71bf2240c12c1205d280c81b9721f,Localization Quality,AMCLPose,MeanX,0.604326,307.1
f0b71bf2240c12c1205d280c81b9721f,Localization Stability,TF,Jump Angular,0.00236141,308.1
f0b71bf2240c12c1205d280c81b9721f,Localization Stability,TF,Jump Linear,0.00158054,308.1
f0b71bf2240c12c1205d280c81b9721f,Localization Stability,TF,Jump Angular,0,308.2
f0b71bf2240c12c1205d280c81b9721f,Localization Stability,TF,Jump Linear,0,308.2
f0b71bf2240c12c1205d280c81b9721f,Input Validity,Lidar,Lidar Rate,10,307.28
f0b71bf2240c12c1205d280c81b9721f,Input Validity,Odometry,Odometry Rate,50,307.28
f0b71bf2240c12c1205d280c81b9721f,Input Validity,TF,TF Rate,10,307.28
f0b71bf2240c12c1205d280c81b9721f,Input Validity,Lidar,Lidar Rate,10,307.37
f0b71bf2240c12c1205d280c81b9721f,Input Validity,Odometry,Odometry Rate,50,307.37
f0b71bf2240c12c1205d280c81b9721f,Input Validity,TF,TF Rate,10,307.37
f0b71bf2240c12c1205d280c81b9721f,Localization Stability,TF,Jump Angular,0,308.3
f0b71bf2240c12c1205d280c81b9721f,Localization Stability,TF,Jump Linear,0,308.3
f0b71bf2240c12c1205d280c81b9721f,Input Validity,Lidar,Lidar Rate,10,307.47
f0b71bf2240c12c1205d280c81b9721f,Input Validity,Odometry,Odometry Rate,50,307.47
f0b71bf2240c12c1205d280c81b9721f,Input Validity,TF,TF Rate,10,307.47
f0b71bf2240c12c1205d280c81b9721f,Localization Quality,AMCLPose,CovYawYaw,0.00331284,307.4
f0b71bf2240c12c1205d280c81b9721f,Localization Quality,AMCLPose,CovYY,0.0014138,307.4
f0b71bf2240c12c1205d280c81b9721f,Localization Quality,AMCLPose,CovXX,0.00696653,307.4
f0b71bf2240c12c1205d280c81b9721f,Localization Quality,AMCLPose,MeanYaw,-3.06653,307.4
f0b71bf2240c12c1205d280c81b9721f,Localization Quality,AMCLPose,MeanY,0.158817,307.4
f0b71bf2240c12c1205d280c81b9721f,Localization Quality,AMCLPose,MeanX,0.473017,307.4
f0b71bf2240c12c1205d280c81b9721f,Localization Stability,TF,Jump Angular,-0.00100091,308.4
f0b71bf2240c12c1205d280c81b9721f,Localization Stability,TF,Jump Linear,0.00347535,308.4
f0b71bf2240c12c1205d280c81b9721f,Input Validity,Lidar,Lidar Rate,10,307.57
f0b71bf2240c12c1205d280c81b9721f,Input Validity,Odometry,Odometry Rate,50,307.57
f0b71bf2240c12c1205d280c81b9721f,Input Validity,TF,TF Rate,10,307.57
f0b71bf2240c12c1205d280c81b9721f,Localization Stability,TF,Jump Angular,0,308.5
f0b71bf2240c12c1205d280c81b9721f,Localization Stability,TF,Jump Linear,0,308.5
f0b71bf2240c12c1205d280c81b9721f,Localization Stability,TF,Jump Angular,0,308.6
f0b71bf2240c12c1205d280c81b9721f,Localization Stability,TF,Jump Linear,0,308.6
f0b71bf2240c12c1205d280c81b9721f,Input Validity,Lidar,Lidar Rate,10,307.67
f0b71bf2240c12c1205d280c81b9721f,Input Validity,Odometry,Odometry Rate,50,307.67
f0b71bf2240c12c1205d280c81b9721f,Input Validity,TF,TF Rate,10,307.67
f0b71bf2240c12c1205d280c81b9721f,Input Validity,Lidar,Lidar Rate,10,307.77
f0b71bf2240c12c1205d280c81b9721f,Input Validity,Odometry,Odometry Rate,50,307.77
f0b71bf2240c12c1205d280c81b9721f,Input Validity,TF,TF Rate,10,307.77
f0b71bf2240c12c1205d280c81b9721f,Localization Quality,AMCLPose,CovYawYaw,0.00320525,307.7
f0b71bf2240c12c1205d280c81b9721f,Localization Quality,AMCLPose,CovYY,0.001406,307.7
f0b71bf2240c12c1205d280c81b9721f,Localization Quality,AMCLPose,CovXX,0.0068541,307.7
f0b71bf2240c12c1205d280c81b9721f,Localization Quality,AMCLPose,MeanYaw,-3.08623,307.7
f0b71bf2240c12c1205d280c81b9721f,Localization Quality,AMCLPose,MeanY,0.150639,307.7
f0b71bf2240c12c1205d280c81b9721f,Localization Quality,AMCLPose,MeanX,0.337203,307.7
f0b71bf2240c12c1205d280c81b9721f,Localization Stability,TF,Jump Angular,0.0007465,308.7
f0b71bf2240c12c1205d280c81b9721f,Localization Stability,TF,Jump Linear,0.00131036,308.7
f0b71bf2240c12c1205d280c81b9721f,Input Validity,Lidar,Lidar Rate,10,307.87
f0b71bf2240c12c1205d280c81b9721f,Input Validity,Odometry,Odometry Rate,50,307.87
f0b71bf2240c12c1205d280c81b9721f,Input Validity,TF,TF Rate,10,307.87
f0b71bf2240c12c1205d280c81b9721f,Localization Stability,TF,Jump Angular,0,308.8
f0b71bf2240c12c1205d280c81b9721f,Localization Stability,TF,Jump Linear,0,308.8
f0b71bf2240c12c1205d280c81b9721f,Localization Stability,TF,Jump Angular,0,308.9
f0b71bf2240c12c1205d280c81b9721f,Localization Stability,TF,Jump Linear,0,308.9
f0b71bf2240c12c1205d280c81b9721f,Input Validity,Lidar,Lidar Rate,10,307.97
f0b71bf2240c12c1205d280c81b9721f,Input Validity,Odometry,Odometry Rate,50,307.97
f0b71bf2240c12c1205d280c81b9721f,Input Validity,TF,TF Rate,10,307.97
f0b71bf2240c12c1205d280c81b9721f,Input Validity,Lidar,Lidar Rate,10,308.07
f0b71bf2240c12c1205d280c81b9721f,Input Validity,Odometry,Odometry Rate,50,308.07
f0b71bf2240c12c1205d280c81b9721f,Input Validity,TF,TF Rate,10,308.07
f0b71bf2240c12c1205d280c81b9721f,Localization Quality,AMCLPose,CovYawYaw,0.00341458,308
f0b71bf2240c12c1205d280c81b9721f,Localization Quality,AMCLPose,CovYY,0.00143473,308
f0b71bf2240c12c1205d280c81b9721f,Localization Quality,AMCLPose,CovXX,0.00669647,308
f0b71bf2240c12c1205d280c81b9721f,Localization Quality,AMCLPose,MeanYaw,-3.08661,308
f0b71bf2240c12c1205d280c81b9721f,Localization Quality,AMCLPose,MeanY,0.143684,308
f0b71bf2240c12c1205d280c81b9721f,Localization Quality,AMCLPose,MeanX,0.200719,308
f0b71bf2240c12c1205d280c81b9721f,Localization Stability,TF,Jump Angular,0.000105754,309
f0b71bf2240c12c1205d280c81b9721f,Localization Stability,TF,Jump Linear,0.00171471,309
f0b71bf2240c12c1205d280c81b9721f,Input Validity,Lidar,Lidar Rate,10,308.17
f0b71bf2240c12c1205d280c81b9721f,Input Validity,Odometry,Odometry Rate,50,308.17
f0b71bf2240c12c1205d280c81b9721f,Input Validity,TF,TF Rate,10,308.17
f0b71bf2240c12c1205d280c81b9721f,Localization Stability,TF,Jump Angular,0,309.1
f0b71bf2240c12c1205d280c81b9721f,Localization Stability,TF,Jump Linear,0,309.1
f0b71bf2240c12c1205d280c81b9721f,Localization Stability,TF,Jump Angular,0,309.2
f0b71bf2240c12c1205d280c81b9721f,Localization Stability,TF,Jump Linear,0,309.2
f0b71bf2240c12c1205d280c81b9721f,Input Validity,Lidar,Lidar Rate,10,308.27
f0b71bf2240c12c1205d280c81b9721f,Input Validity,Odometry,Odometry Rate,50,308.27
f0b71bf2240c12c1205d280c81b9721f,Input Validity,TF,TF Rate,10,308.27
f0b71bf2240c12c1205d280c81b9721f,Input Validity,Lidar,Lidar Rate,10,308.37
f0b71bf2240c12c1205d280c81b9721f,Input Validity,Odometry,Odometry Rate,50,308.37
f0b71bf2240c12c1205d280c81b9721f,Input Validity,TF,TF Rate,10,308.37
f0b71bf2240c12c1205d280c81b9721f,Localization Quality,AMCLPose,CovYawYaw,0.00337682,308.3
f0b71bf2240c12c1205d280c81b9721f,Localization Quality,AMCLPose,CovYY,0.00145674,308.3
f0b71bf2240c12c1205d280c81b9721f,Localization Quality,AMCLPose,CovXX,0.00725161,308.3
f0b71bf2240c12c1205d280c81b9721f,Localization Quality,AMCLPose,MeanYaw,-3.06395,308.3
f0b71bf2240c12c1205d280c81b9721f,Localization Quality,AMCLPose,MeanY,0.133737,308.3
f0b71bf2240c12c1205d280c81b9721f,Localization Quality,AMCLPose,MeanX,0.0676649,308.3
f0b71bf2240c12c1205d280c81b9721f,Localization Stability,TF,Jump Angular,0.00246583,309.3
f0b71bf2240c12c1205d280c81b9721f,Localization Stability,TF,Jump Linear,0.00226809,309.3
f0b71bf2240c12c1205d280c81b9721f,Localization Stability,TF,Jump Angular,0,309.4
f0b71bf2240c12c1205d280c81b9721f,Localization Stability,TF,Jump Linear,0,309.4
f0b71bf2240c12c1205d280c81b9721f,Input Validity,Lidar,Lidar Rate,10,308.47
f0b71bf2240c12c1205d280c81b9721f,Input Validity,Odometry,Odometry Rate,50,308.47
f0b71bf2240c12c1205d280c81b9721f,Input Validity,TF,TF Rate,10,308.47
f0b71bf2240c12c1205d280c81b9721f,Localization Stability,TF,Jump Angular,0,309.5
f0b71bf2240c12c1205d280c81b9721f,Localization Stability,TF,Jump Linear,0,309.5
f0b71bf2240c12c1205d280c81b9721f,Input Validity,Lidar,Lidar Rate,10,308.57
f0b71bf2240c12c1205d280c81b9721f,Input Validity,Odometry,Odometry Rate,50,308.57
f0b71bf2240c12c1205d280c81b9721f,Input Validity,TF,TF Rate,10,308.57
f0b71bf2240c12c1205d280c81b9721f,Input Validity,Lidar,Lidar Rate,10,308.67
f0b71bf2240c12c1205d280c81b9721f,Input Validity,Odometry,Odometry Rate,50,308.67
f0b71bf2240c12c1205d280c81b9721f,Input Validity,TF,TF Rate,10,308.67
f0b71bf2240c12c1205d280c81b9721f,Localization Quality,AMCLPose,CovYawYaw,0.00347562,308.6
f0b71bf2240c12c1205d280c81b9721f,Localization Quality,AMCLPose,CovYY,0.00146305,308.6
f0b71bf2240c12c1205d280c81b9721f,Localization Quality,AMCLPose,CovXX,0.00684443,308.6
f0b71bf2240c12c1205d280c81b9721f,Localization Quality,AMCLPose,MeanYaw,-3.0334,308.6
f0b71bf2240c12c1205d280c81b9721f,Localization Quality,AMCLPose,MeanY,0.121597,308.6
f0b71bf2240c12c1205d280c81b9721f,Localization Quality,AMCLPose,MeanX,-0.0659255,308.6
f0b71bf2240c12c1205d280c81b9721f,Localization Stability,TF,Jump Angular,0.000672312,309.6
f0b71bf2240c12c1205d280c81b9721f,Localization Stability,TF,Jump Linear,0.000631633,309.6
f0b71bf2240c12c1205d280c81b9721f,Localization Stability,TF,Jump Angular,0,309.7
f0b71bf2240c12c1205d280c81b9721f,Localization Stability,TF,Jump Linear,0,309.7
f0b71bf2240c12c1205d280c81b9721f,Input Validity,Lidar,Lidar Rate,10,308.77
f0b71bf2240c12c1205d280c81b9721f,Input Validity,Odometry,Odometry Rate,50,308.77
f0b71bf2240c12c1205d280c81b9721f,Input Validity,TF,TF Rate,10,308.77
f0b71bf2240c12c1205d280c81b9721f,Input Validity,Lidar,Lidar Rate,10,308.87
f0b71bf2240c12c1205d280c81b9721f,Input Validity,Odometry,Odometry Rate,50,308.87
f0b71bf2240c12c1205d280c81b9721f,Input Validity,TF,TF Rate,10,308.87
f0b71bf2240c12c1205d280c81b9721f,Localization Stability,TF,Jump Angular,0,309.8
f0b71bf2240c12c1205d280c81b9721f,Localization Stability,TF,Jump Linear,0,309.8
f0b71bf2240c12c1205d280c81b9721f,Input Validity,Lidar,Lidar Rate,10,308.97
f0b71bf2240c12c1205d280c81b9721f,Input Validity,Odometry,Odometry Rate,50,308.97
f0b71bf2240c12c1205d280c81b9721f,Input Validity,TF,TF Rate,10,308.97
f0b71bf2240c12c1205d280c81b9721f,Localization Quality,AMCLPose,CovYawYaw,0.00345218,308.9
f0b71bf2240c12c1205d280c81b9721f,Localization Quality,AMCLPose,CovYY,0.0016045,308.9
f0b71bf2240c12c1205d280c81b9721f,Localization Quality,AMCLPose,CovXX,0.00745339,308.9
f0b71bf2240c12c1205d280c81b9721f,Localization Quality,AMCLPose,MeanYaw,-2.98595,308.9
f0b71bf2240c12c1205d280c81b9721f,Localization Quality,AMCLPose,MeanY,0.105225,308.9
f0b71bf2240c12c1205d280c81b9721f,Localization Quality,AMCLPose,MeanX,-0.199453,308.9
f0b71bf2240c12c1205d280c81b9721f,Localization Stability,TF,Jump Angular,-0.00236357,309.9
f0b71bf2240c12c1205d280c81b9721f,Localization Stability,TF,Jump Linear,0.00184732,309.9
f0b71bf2240c12c1205d280c81b9721f,Input Validity,Lidar,Lidar Rate,10,309.06
f0b71bf2240c12c1205d280c81b9721f,Input Validity,Odometry,Odometry Rate,50,309.06
f0b71bf2240c12c1205d280c81b9721f,Input Validity,TF,TF Rate,10,309.06
f0b71bf2240c12c1205d280c81b9721f,Localization Stability,TF,Jump Angular,0,310
f0b71bf2240c12c1205d280c81b9721f,Localization Stability,TF,Jump Linear,0,310
f0b71bf2240c12c1205d280c81b9721f,Localization Stability,TF,Jump Angular,0,310.1
f0b71bf2240c12c1205d280c81b9721f,Localization Stability,TF,Jump Linear,0,310.1
f0b71bf2240c12c1205d280c81b9721f,Input Validity,Lidar,Lidar Rate,10,309.16
f0b71bf2240c12c1205d280c81b9721f,Input Validity,Odometry,Odometry Rate,50,309.16
f0b71bf2240c12c1205d280c81b9721f,Input Validity,TF,TF Rate,10,309.16
f0b71bf2240c12c1205d280c81b9721f,Input Validity,Lidar,Lidar Rate,10,309.26
f0b71bf2240c12c1205d280c81b9721f,Input Validity,Odometry,Odometry Rate,50,309.26
f0b71bf2240c12c1205d280c81b9721f,Input Validity,TF,TF Rate,10,309.26
f0b71bf2240c12c1205d280c81b9721f,Localization Quality,AMCLPose,CovYawYaw,0.0034523,309.2
f0b71bf2240c12c1205d280c81b9721f,Localization Quality,AMCLPose,CovYY,0.00159674,309.2
f0b71bf2240c12c1205d280c81b9721f,Localization Quality,AMCLPose,CovXX,0.00755714,309.2
f0b71bf2240c12c1205d280c81b9721f,Localization Quality,AMCLPose,MeanYaw,-2.9218,309.2
f0b71bf2240c12c1205d280c81b9721f,Localization Quality,AMCLPose,MeanY,0.0817804,309.2
f0b71bf2240c12c1205d280c81b9721f,Localization Quality,AMCLPose,MeanX,-0.331484,309.2
f0b71bf2240c12c1205d280c81b9721f,Localization Stability,TF,Jump Angular,0.00058868,310.2
f0b71bf2240c12c1205d280c81b9721f,Localization Stability,TF,Jump Linear,0.00168626,310.2
f0b71bf2240c12c1205d280c81b9721f,Input Validity,Lidar,Lidar Rate,10,309.36
f0b71bf2240c12c1205d280c81b9721f,Input Validity,Odometry,Odometry Rate,50,309.36
f0b71bf2240c12c1205d280c81b9721f,Input Validity,TF,TF Rate,10,309.36
f0b71bf2240c12c1205d280c81b9721f,Localization Stability,TF,Jump Angular,0,310.3
f0b71bf2240c12c1205d280c81b9721f,Localization Stability,TF,Jump Linear,0,310.3
f0b71bf2240c12c1205d280c81b9721f,Input Validity,Lidar,Lidar Rate,10,309.46
f0b71bf2240c12c1205d280c81b9721f,Input Validity,Odometry,Odometry Rate,50,309.46
f0b71bf2240c12c1205d280c81b9721f,Input Validity,TF,TF Rate,10,309.46
f0b71bf2240c12c1205d280c81b9721f,Localization Quality,AMCLPose,CovYawYaw,0.00276975,309.4
f0b71bf2240c12c1205d280c81b9721f,Localization Quality,AMCLPose,CovYY,0.00143395,309.4
f0b71bf2240c12c1205d280c81b9721f,Localization Quality,AMCLPose,CovXX,0.00644477,309.4
f0b71bf2240c12c1205d280c81b9721f,Localization Quality,AMCLPose,MeanYaw,-2.86552,309.4
f0b71bf2240c12c1205d280c81b9721f,Localization Quality,AMCLPose,MeanY,0.0617877,309.4
f0b71bf2240c12c1205d280c81b9721f,Localization Quality,AMCLPose,MeanX,-0.417619,309.4
f0b71bf2240c12c1205d280c81b9721f,Localization Stability,TF,Jump Angular,-0.000736142,310.4
f0b71bf2240c12c1205d280c81b9721f,Localization Stability,TF,Jump Linear,0.0023804,310.4
f0b71bf2240c12c1205d280c81b9721f,Input Validity,Lidar,Lidar Rate,10,309.56
f0b71bf2240c12c1205d280c81b9721f,Input Validity,Odometry,Odometry Rate,50,309.56
f0b71bf2240c12c1205d280c81b9721f,Input Validity,TF,TF Rate,10,309.56
f0b71bf2240c12c1205d280c81b9721f,Localization Stability,TF,Jump Angular,0,310.5
f0b71bf2240c12c1205d280c81b9721f,Localization Stability,TF,Jump Linear,0,310.5
f0b71bf2240c12c1205d280c81b9721f,Input Validity,Lidar,Lidar Rate,10,309.66
f0b71bf2240c12c1205d280c81b9721f,Input Validity,Odometry,Odometry Rate,50,309.66
f0b71bf2240c12c1205d280c81b9721f,Input Validity,TF,TF Rate,10,309.66
f0b71bf2240c12c1205d280c81b9721f,Localization Quality,AMCLPose,CovYawYaw,0.00237675,309.6
f0b71bf2240c12c1205d280c81b9721f,Localization Quality,AMCLPose,CovYY,0.00137218,309.6
f0b71bf2240c12c1205d280c81b9721f,Localization Quality,AMCLPose,CovXX,0.00592241,309.6
f0b71bf2240c12c1205d280c81b9721f,Localization Quality,AMCLPose,MeanYaw,-2.80716,309.6
f0b71bf2240c12c1205d280c81b9721f,Localization Quality,AMCLPose,MeanY,0.0355688,309.6
f0b71bf2240c12c1205d280c81b9721f,Localization Quality,AMCLPose,MeanX,-0.503039,309.6
f0b71bf2240c12c1205d280c81b9721f,Localization Stability,TF,Jump Angular,3.56228e-05,310.6
f0b71bf2240c12c1205d280c81b9721f,Localization Stability,TF,Jump Linear,0.000928873,310.6
f0b71bf2240c12c1205d280c81b9721f,Input Validity,Lidar,Lidar Rate,10,309.76
f0b71bf2240c12c1205d280c81b9721f,Input Validity,Odometry,Odometry Rate,50,309.76
f0b71bf2240c12c1205d280c81b9721f,Input Validity,TF,TF Rate,10,309.76
f0b71bf2240c12c1205d280c81b9721f,Localization Stability,TF,Jump Angular,0,310.7
f0b71bf2240c12c1205d280c81b9721f,Localization Stability,TF,Jump Linear,0,310.7
f0b71bf2240c12c1205d280c81b9721f,Input Validity,Lidar,Lidar Rate,10,309.86
f0b71bf2240c12c1205d280c81b9721f,Input Validity,Odometry,Odometry Rate,50,309.86
f0b71bf2240c12c1205d280c81b9721f,Input Validity,TF,TF Rate,10,309.86
f0b71bf2240c12c1205d280c81b9721f,Localization Quality,AMCLPose,CovYawYaw,0.00207823,309.8
f0b71bf2240c12c1205d280c81b9721f,Localization Quality,AMCLPose,CovYY,0.00134511,309.8
f0b71bf2240c12c1205d280c81b9721f,Localization Quality,AMCLPose,CovXX,0.00560471,309.8
f0b71bf2240c12c1205d280c81b9721f,Localization Quality,AMCLPose,MeanYaw,-2.7504,309.8
f0b71bf2240c12c1205d280c81b9721f,Localization Quality,AMCLPose,MeanY,0.00239915,309.8
f0b71bf2240c12c1205d280c81b9721f,Localization Quality,AMCLPose,MeanX,-0.586112,309.8
f0b71bf2240c12c1205d280c81b9721f,Localization Stability,TF,Jump Angular,0.000553193,310.8
f0b71bf2240c12c1205d280c81b9721f,Localization Stability,TF,Jump Linear,0.0013337,310.8
f0b71bf2240c12c1205d280c81b9721f,Input Validity,Lidar,Lidar Rate,10,309.95
f0b71bf2240c12c1205d280c81b9721f,Input Validity,Odometry,Odometry Rate,50,309.95
f0b71bf2240c12c1205d280c81b9721f,Input Validity,TF,TF Rate,10,309.95
f0b71bf2240c12c1205d280c81b9721f,Localization Stability,TF,Jump Angular,0,310.9
f0b71bf2240c12c1205d280c81b9721f,Localization Stability,TF,Jump Linear,0,310.9
f0b71bf2240c12c1205d280c81b9721f,Input Validity,Lidar,Lidar Rate,10,310.03
f0b71bf2240c12c1205d280c81b9721f,Input Validity,Odometry,Odometry Rate,50,310.03
f0b71bf2240c12c1205d280c81b9721f,Input Validity,TF,TF Rate,10,310.03
f0b71bf2240c12c1205d280c81b9721f,Localization Quality,AMCLPose,CovYawYaw,0.00158083,310
f0b71bf2240c12c1205d280c81b9721f,Localization Quality,AMCLPose,CovYY,0.00152391,310
f0b71bf2240c12c1205d280c81b9721f,Localization Quality,AMCLPose,CovXX,0.00503347,310
f0b71bf2240c12c1205d280c81b9721f,Localization Quality,AMCLPose,MeanYaw,-2.69867,310
f0b71bf2240c12c1205d280c81b9721f,Localization Quality,AMCLPose,MeanY,-0.0330186,310
f0b71bf2240c12c1205d280c81b9721f,Localization Quality,AMCLPose,MeanX,-0.665258,310
f0b71bf2240c12c1205d280c81b9721f,Localization Stability,TF,Jump Angular,-0.00216032,311
f0b71bf2240c12c1205d280c81b9721f,Localization Stability,TF,Jump Linear,0.00413328,311
f0b71bf2240c12c1205d280c81b9721f,Input Validity,Lidar,Lidar Rate,10,310.13
f0b71bf2240c12c1205d280c81b9721f,Input Validity,Odometry,Odometry Rate,50,310.13
f0b71bf2240c12c1205d280c81b9721f,Input Validity,TF,TF Rate,10,310.13
f0b71bf2240c12c1205d280c81b9721f,Localization Stability,TF,Jump Angular,0,311.1
f0b71bf2240c12c1205d280c81b9721f,Localization Stability,TF,Jump Linear,0,311.1
f0b71bf2240c12c1205d280c81b9721f,Input Validity,Lidar,Lidar Rate,10,310.23
f0b71bf2240c12c1205d280c81b9721f,Input Validity,Odometry,Odometry Rate,50,310.23
f0b71bf2240c12c1205d280c81b9721f,Input Validity,TF,TF Rate,10,310.23
f0b71bf2240c12c1205d280c81b9721f,Localization Quality,AMCLPose,CovYawYaw,0.00135545,310.2
f0b71bf2240c12c1205d280c81b9721f,Localization Quality,AMCLPose,CovYY,0.00163975,310.2
f0b71bf2240c12c1205d280c81b9721f,Localization Quality,AMCLPose,CovXX,0.00486558,310.2
f0b71bf2240c12c1205d280c81b9721f,Localization Quality,AMCLPose,MeanYaw,-2.64909,310.2
f0b71bf2240c12c1205d280c81b9721f,Localization Quality,AMCLPose,MeanY,-0.0724101,310.2
f0b71bf2240c12c1205d280c81b9721f,Localization Quality,AMCLPose,MeanX,-0.744855,310.2
f0b71bf2240c12c1205d280c81b9721f,Localization Stability,TF,Jump Angular,-0.000775071,311.2
f0b71bf2240c12c1205d280c81b9721f,Localization Stability,TF,Jump Linear,0.00139865,311.2
f0b71bf2240c12c1205d280c81b9721f,Input Validity,Lidar,Lidar Rate,10,310.33
f0b71bf2240c12c1205d280c81b9721f,Input Validity,Odometry,Odometry Rate,50,310.33
f0b71bf2240c12c1205d280c81b9721f,Input Validity,TF,TF Rate,10,310.33
f0b71bf2240c12c1205d280c81b9721f,Localization Stability,TF,Jump Angular,0,311.3
f0b71bf2240c12c1205d280c81b9721f,Localization Stability,TF,Jump Linear,0,311.3
f0b71bf2240c12c1205d280c81b9721f,Input Validity,Lidar,Lidar Rate,10,310.43
f0b71bf2240c12c1205d280c81b9721f,Input Validity,Odometry,Odometry Rate,50,310.43
f0b71bf2240c12c1205d280c81b9721f,Input Validity,TF,TF Rate,10,310.43
f0b71bf2240c12c1205d280c81b9721f,Localization Stability,TF,Jump Angular,0,311.4
f0b71bf2240c12c1205d280c81b9721f,Localization Stability,TF,Jump Linear,0,311.4
f0b71bf2240c12c1205d280c81b9721f,Input Validity,Lidar,Lidar Rate,10,310.53
f0b71bf2240c12c1205d280c81b9721f,Input Validity,Odometry,Odometry Rate,50,310.53
f0b71bf2240c12c1205d280c81b9721f,Input Validity,TF,TF Rate,10,310.53
f0b71bf2240c12c1205d280c81b9721f,Localization Quality,AMCLPose,CovYawYaw,0.00150708,310.5
f0b71bf2240c12c1205d280c81b9721f,Localization Quality,AMCLPose,CovYY,0.00194661,310.5
f0b71bf2240c12c1205d280c81b9721f,Localization Quality,AMCLPose,CovXX,0.00481998,310.5
f0b71bf2240c12c1205d280c81b9721f,Localization Quality,AMCLPose,MeanYaw,-2.60687,310.5
f0b71bf2240c12c1205d280c81b9721f,Localization Quality,AMCLPose,MeanY,-0.139941,310.5
f0b71bf2240c12c1205d280c81b9721f,Localization Quality,AMCLPose,MeanX,-0.857154,310.5
f0b71bf2240c12c1205d280c81b9721f,Localization Stability,TF,Jump Angular,0.000988153,311.5
f0b71bf2240c12c1205d280c81b9721f,Localization Stability,TF,Jump Linear,0.00454717,311.5
f0b71bf2240c12c1205d280c81b9721f,Input Validity,Lidar,Lidar Rate,10,310.63
f0b71bf2240c12c1205d280c81b9721f,Input Validity,Odometry,Odometry Rate,50,310.63
f0b71bf2240c12c1205d280c81b9721f,Input Validity,TF,TF Rate,10,310.63
f0b71bf2240c12c1205d280c81b9721f,Localization Stability,TF,Jump Angular,0,311.6
f0b71bf2240c12c1205d280c81b9721f,Localization Stability,TF,Jump Linear,0,311.6
f0b71bf2240c12c1205d280c81b9721f,Input Validity,Lidar,Lidar Rate,10,310.73
f0b71bf2240c12c1205d280c81b9721f,Input Validity,Odometry,Odometry Rate,50,310.73
f0b71bf2240c12c1205d280c81b9721f,Input Validity,TF,TF Rate,10,310.73
f0b71bf2240c12c1205d280c81b9721f,Localization Stability,TF,Jump Angular,0,311.7
f0b71bf2240c12c1205d280c81b9721f,Localization Stability,TF,Jump Linear,0,311.7
f0b71bf2240c12c1205d280c81b9721f,Input Validity,Lidar,Lidar Rate,10,310.83
f0b71bf2240c12c1205d280c81b9721f,Input Validity,Odometry,Odometry Rate,50,310.83
f0b71bf2240c12c1205d280c81b9721f,Input Validity,TF,TF Rate,10,310.83
f0b71bf2240c12c1205d280c81b9721f,Localization Quality,AMCLPose,CovYawYaw,0.00180739,310.8
f0b71bf2240c12c1205d280c81b9721f,Localization Quality,AMCLPose,CovYY,0.00235662,310.8
f0b71bf2240c12c1205d280c81b9721f,Localization Quality,AMCLPose,CovXX,0.00475072,310.8
f0b71bf2240c12c1205d280c81b9721f,Localization Quality,AMCLPose,MeanYaw,-2.57498,310.8
f0b71bf2240c12c1205d280c81b9721f,Localization Quality,AMCLPose,MeanY,-0.208836,310.8
f0b71bf2240c12c1205d280c81b9721f,Localization Quality,AMCLPose,MeanX,-0.96957,310.8
f0b71bf2240c12c1205d280c81b9721f,Localization Stability,TF,Jump Angular,-0.00228938,311.8
f0b71bf2240c12c1205d280c81b9721f,Localization Stability,TF,Jump Linear,0.00405154,311.8
f0b71bf2240c12c1205d280c81b9721f,Input Validity,Lidar,Lidar Rate,10,310.93
f0b71bf2240c12c1205d280c81b9721f,Input Validity,Odometry,Odometry Rate,50,310.93
f0b71bf2240c12c1205d280c81b9721f,Input Validity,TF,TF Rate,10,310.93
f0b71bf2240c12c1205d280c81b9721f,Localization Stability,TF,Jump Angular,0,311.9
f0b71bf2240c12c1205d280c81b9721f,Localization Stability,TF,Jump Linear,0,311.9
f0b71bf2240c12c1205d280c81b9721f,Input Validity,Lidar,Lidar Rate,10,311.03
f0b71bf2240c12c1205d280c81b9721f,Input Validity,Odometry,Odometry Rate,50,311.03
f0b71bf2240c12c1205d280c81b9721f,Input Validity,TF,TF Rate,10,311.03
f0b71bf2240c12c1205d280c81b9721f,Localization Stability,TF,Jump Angular,0,312
f0b71bf2240c12c1205d280c81b9721f,Localization Stability,TF,Jump Linear,0,312
f0b71bf2240c12c1205d280c81b9721f,Input Validity,Lidar,Lidar Rate,10,311.13
f0b71bf2240c12c1205d280c81b9721f,Input Validity,Odometry,Odometry Rate,50,311.13
f0b71bf2240c12c1205d280c81b9721f,Input Validity,TF,TF Rate,10,311.13
f0b71bf2240c12c1205d280c81b9721f,Localization Quality,AMCLPose,CovYawYaw,0.003409,311.1
f0b71bf2240c12c1205d280c81b9721f,Localization Quality,AMCLPose,CovYY,0.00266616,311.1
f0b71bf2240c12c1205d280c81b9721f,Localization Quality,AMCLPose,CovXX,0.00561163,311.1
f0b71bf2240c12c1205d280c81b9721f,Localization Quality,AMCLPose,MeanYaw,-2.54257,311.1
f0b71bf2240c12c1205d280c81b9721f,Localization Quality,AMCLPose,MeanY,-0.28301,311.1
f0b71bf2240c12c1205d280c81b9721f,Localization Quality,AMCLPose,MeanX,-1.08022,311.1
f0b71bf2240c12c1205d280c81b9721f,Localization Stability,TF,Jump Angular,0.000305943,312.1
f0b71bf2240c12c1205d280c81b9721f,Localization Stability,TF,Jump Linear,0.00187022,312.1
f0b71bf2240c12c1205d280c81b9721f,Input Validity,Lidar,Lidar Rate,10,311.23
f0b71bf2240c12c1205d280c81b9721f,Input Validity,Odometry,Odometry Rate,50,311.23
f0b71bf2240c12c1205d280c81b9721f,Input Validity,TF,TF Rate,10,311.23
f0b71bf2240c12c1205d280c81b9721f,Localization Stability,TF,Jump Angular,0,312.2
f0b71bf2240c12c1205d280c81b9721f,Localization Stability,TF,Jump Linear,0,312.2
f0b71bf2240c12c1205d280c81b9721f,Input Validity,Lidar,Lidar Rate,10,311.33
f0b71bf2240c12c1205d280c81b9721f,Input Validity,Odometry,Odometry Rate,50,311.33
f0b71bf2240c12c1205d280c81b9721f,Input Validity,TF,TF Rate,10,311.33
f0b71bf2240c12c1205d280c81b9721f,Localization Stability,TF,Jump Angular,0,312.3
f0b71bf2240c12c1205d280c81b9721f,Localization Stability,TF,Jump Linear,0,312.3
f0b71bf2240c12c1205d280c81b9721f,Input Validity,Lidar,Lidar Rate,10,311.43
f0b71bf2240c12c1205d280c81b9721f,Input Validity,Odometry,Odometry Rate,50,311.43
f0b71bf2240c12c1205d280c81b9721f,Input Validity,TF,TF Rate,10,311.43
f0b71bf2240c12c1205d280c81b9721f,Localization Quality,AMCLPose,CovYawYaw,0.00510971,311.4
f0b71bf2240c12c1205d280c81b9721f,Localization Quality,AMCLPose,CovYY,0.00341058,311.4
f0b71bf2240c12c1205d280c81b9721f,Localization Quality,AMCLPose,CovXX,0.00636723,311.4
f0b71bf2240c12c1205d280c81b9721f,Localization Quality,AMCLPose,MeanYaw,-2.49579,311.4
f0b71bf2240c12c1205d280c81b9721f,Localization Quality,AMCLPose,MeanY,-0.361491,311.4
f0b71bf2240c12c1205d280c81b9721f,Localization Quality,AMCLPose,MeanX,-1.18801,311.4
f0b71bf2240c12c1205d280c81b9721f,Localization Stability,TF,Jump Angular,0.000316839,312.4
f0b71bf2240c12c1205d280c81b9721f,Localization Stability,TF,Jump Linear,0.00194708,312.4
f0b71bf2240c12c1205d280c81b9721f,Input Validity,Lidar,Lidar Rate,10,311.52
f0b71bf2240c12c1205d280c81b9721f,Input Validity,Odometry,Odometry Rate,50,311.52
f0b71bf2240c12c1205d280c81b9721f,Input Validity,TF,TF Rate,10,311.52
f0b71bf2240c12c1205d280c81b9721f,Localization Stability,TF,Jump Angular,0,312.5
f0b71bf2240c12c1205d280c81b9721f,Localization Stability,TF,Jump Linear,0,312.5
f0b71bf2240c12c1205d280c81b9721f,Input Validity,Lidar,Lidar Rate,10,311.62
f0b71bf2240c12c1205d280c81b9721f,Input Validity,Odometry,Odometry Rate,50,311.62
f0b71bf2240c12c1205d280c81b9721f,Input Validity,TF,TF Rate,10,311.62
f0b71bf2240c12c1205d280c81b9721f,Localization Stability,TF,Jump Angular,0,312.6
f0b71bf2240c12c1205d280c81b9721f,Localization Stability,TF,Jump Linear,0,312.6
f0b71bf2240c12c1205d280c81b9721f,Input Validity,Lidar,Lidar Rate,10,311.72
f0b71bf2240c12c1205d280c81b9721f,Input Validity,Odometry,Odometry Rate,50,311.72
f0b71bf2240c12c1205d280c81b9721f,Input Validity,TF,TF Rate,10,311.72
f0b71bf2240c12c1205d280c81b9721f,Localization Quality,AMCLPose,CovYawYaw,0.0064918,311.7
f0b71bf2240c12c1205d280c81b9721f,Localization Quality,AMCLPose,CovYY,0.00427883,311.7
f0b71bf2240c12c1205d280c81b9721f,Localization Quality,AMCLPose,CovXX,0.00735144,311.7
f0b71bf2240c12c1205d280c81b9721f,Localization Quality,AMCLPose,MeanYaw,-2.44455,311.7
f0b71bf2240c12c1205d280c81b9721f,Localization Quality,AMCLPose,MeanY,-0.445542,311.7
f0b71bf2240c12c1205d280c81b9721f,Localization Quality,AMCLPose,MeanX,-1.29272,311.7
f0b71bf2240c12c1205d280c81b9721f,Localization Stability,TF,Jump Angular,-0.000502512,312.7
f0b71bf2240c12c1205d280c81b9721f,Localization Stability,TF,Jump Linear,0.00138366,312.7
f0b71bf2240c12c1205d280c81b9721f,Input Validity,Lidar,Lidar Rate,10,311.82
f0b71bf2240c12c1205d280c81b9721f,Input Validity,Odometry,Odometry Rate,50,311.82
f0b71bf2240c12c1205d280c81b9721f,Input Validity,TF,TF Rate,10,311.82
f0b71bf2240c12c1205d280c81b9721f,Localization Stability,TF,Jump Angular,0,312.8
f0b71bf2240c12c1205d280c81b9721f,Localization Stability,TF,Jump Linear,0,312.8
f0b71bf2240c12c1205d280c81b9721f,Input Validity,Lidar,Lidar Rate,10,311.92
f0b71bf2240c12c1205d280c81b9721f,Input Validity,Odometry,Odometry Rate,50,311.92
f0b71bf2240c12c1205d280c81b9721f,Input Validity,TF,TF Rate,10,311.92
f0b71bf2240c12c1205d280c81b9721f,Input Validity,Lidar,Lidar Rate,10,312
f0b71bf2240c12c1205d280c81b9721f,Input Validity,Odometry,Odometry Rate,50,312
f0b71bf2240c12c1205d280c81b9721f,Input Validity,TF,TF Rate,10,312
f0b71bf2240c12c1205d280c81b9721f,Localization Stability,TF,Jump Angular,0,312.9
f0b71bf2240c12c1205d280c81b9721f,Localization Stability,TF,Jump Linear,0,312.9
f0b71bf2240c12c1205d280c81b9721f,Input Validity,Lidar,Lidar Rate,10,312.1
f0b71bf2240c12c1205d280c81b9721f,Input Validity,Odometry,Odometry Rate,50,312.1
f0b71bf2240c12c1205d280c81b9721f,Input Validity,TF,TF Rate,10,312.1
f0b71bf2240c12c1205d280c81b9721f,Localization Quality,AMCLPose,CovYawYaw,0.00811588,312
f0b71bf2240c12c1205d280c81b9721f,Localization Quality,AMCLPose,CovYY,0.0053931,312
f0b71bf2240c12c1205d280c81b9721f,Localization Quality,AMCLPose,CovXX,0.00821386,312
f0b71bf2240c12c1205d280c81b9721f,Localization Quality,AMCLPose,MeanYaw,-2.404,312
f0b71bf2240c12c1205d280c81b9721f,Localization Quality,AMCLPose,MeanY,-0.535311,312
f0b71bf2240c12c1205d280c81b9721f,Localization Quality,AMCLPose,MeanX,-1.39324,312
f0b71bf2240c12c1205d280c81b9721f,Localization Stability,TF,Jump Angular,-0.000242073,313
f0b71bf2240c12c1205d280c81b9721f,Localization Stability,TF,Jump Linear,0.00182531,313
f0b71bf2240c12c1205d280c81b9721f,Input Validity,Lidar,Lidar Rate,10,312.19
f0b71bf2240c12c1205d280c81b9721f,Input Validity,Odometry,Odometry Rate,50,312.19
f0b71bf2240c12c1205d280c81b9721f,Input Validity,TF,TF Rate,10,312.19
f0b71bf2240c12c1205d280c81b9721f,Localization Stability,TF,Jump Angular,0,313.1
f0b71bf2240c12c1205d280c81b9721f,Localization Stability,TF,Jump Linear,0,313.1
f0b71bf2240c12c1205d280c81b9721f,Localization Stability,TF,Jump Angular,0,313.2
f0b71bf2240c12c1205d280c81b9721f,Localization Stability,TF,Jump Linear,0,313.2
f0b71bf2240c12c1205d280c81b9721f,Input Validity,Lidar,Lidar Rate,10,312.28
f0b71bf2240c12c1205d280c81b9721f,Input Validity,Odometry,Odometry Rate,50,312.28
f0b71bf2240c12c1205d280c81b9721f,Input Validity,TF,TF Rate,10,312.28
f0b71bf2240c12c1205d280c81b9721f,Localization Quality,AMCLPose,CovYawYaw,0.00989791,312.3
f0b71bf2240c12c1205d280c81b9721f,Localization Quality,AMCLPose,CovYY,0.00650407,312.3
f0b71bf2240c12c1205d280c81b9721f,Localization Quality,AMCLPose,CovXX,0.00903869,312.3
f0b71bf2240c12c1205d280c81b9721f,Localization Quality,AMCLPose,MeanYaw,-2.37939,312.3
f0b71bf2240c12c1205d280c81b9721f,Localization Quality,AMCLPose,MeanY,-0.626545,312.3
f0b71bf2240c12c1205d280c81b9721f,Localization Quality,AMCLPose,MeanX,-1.49057,312.3
f0b71bf2240c12c1205d280c81b9721f,Localization Stability,TF,Jump Angular,-0.000483435,313.3
f0b71bf2240c12c1205d280c81b9721f,Localization Stability,TF,Jump Linear,0.00174879,313.3
f0b71bf2240c12c1205d280c81b9721f,Input Validity,Lidar,Lidar Rate,10,312.38
f0b71bf2240c12c1205d280c81b9721f,Input Validity,Odometry,Odometry Rate,50,312.38
f0b71bf2240c12c1205d280c81b9721f,Input Validity,TF,TF Rate,10,312.38
f0b71bf2240c12c1205d280c81b9721f,Input Validity,Lidar,Lidar Rate,10,312.48
f0b71bf2240c12c1205d280c81b9721f,Input Validity,Odometry,Odometry Rate,50,312.48
f0b71bf2240c12c1205d280c81b9721f,Input Validity,TF,TF Rate,10,312.48
f0b71bf2240c12c1205d280c81b9721f,Localization Stability,TF,Jump Angular,0,313.4
f0b71bf2240c12c1205d280c81b9721f,Localization Stability,TF,Jump Linear,0,313.4
f0b71bf2240c12c1205d280c81b9721f,Localization Stability,TF,Jump Angular,0,313.5
f0b71bf2240c12c1205d280c81b9721f,Localization Stability,TF,Jump Linear,0,313.5
f0b71bf2240c12c1205d280c81b9721f,Input Validity,Lidar,Lidar Rate,10,312.57
f0b71bf2240c12c1205d280c81b9721f,Input Validity,Odometry,Odometry Rate,50,312.57
f0b71bf2240c12c1205d280c81b9721f,Input Validity,TF,TF Rate,10,312.57
f0b71bf2240c12c1205d280c81b9721f,Input Validity,Lidar,Lidar Rate,10,312.67
f0b71bf2240c12c1205d280c81b9721f,Input Validity,Odometry,Odometry Rate,50,312.67
f0b71bf2240c12c1205d280c81b9721f,Input Validity,TF,TF Rate,10,312.67
f0b71bf2240c12c1205d280c81b9721f,Localization Quality,AMCLPose,CovYawYaw,0.0125627,312.6
f0b71bf2240c12c1205d280c81b9721f,Localization Quality,AMCLPose,CovYY,0.00794612,312.6
f0b71bf2240c12c1205d280c81b9721f,Localization Quality,AMCLPose,CovXX,0.0100438,312.6
f0b71bf2240c12c1205d280c81b9721f,Localization Quality,AMCLPose,MeanYaw,-2.38211,312.6
f0b71bf2240c12c1205d280c81b9721f,Localization Quality,AMCLPose,MeanY,-0.720199,312.6
f0b71bf2240c12c1205d280c81b9721f,Localization Quality,AMCLPose,MeanX,-1.5897,312.6
f0b71bf2240c12c1205d280c81b9721f,Localization Stability,TF,Jump Angular,-0.000985479,313.6
f0b71bf2240c12c1205d280c81b9721f,Localization Stability,TF,Jump Linear,0.0018709,313.6
f0b71bf2240c12c1205d280c81b9721f,Input Validity,Lidar,Lidar Rate,10,312.77
f0b71bf2240c12c1205d280c81b9721f,Input Validity,Odometry,Odometry Rate,50,312.77
f0b71bf2240c12c1205d280c81b9721f,Input Validity,TF,TF Rate,10,312.77
f0b71bf2240c12c1205d280c81b9721f,Localization Stability,TF,Jump Angular,0,313.7
f0b71bf2240c12c1205d280c81b9721f,Localization Stability,TF,Jump Linear,0,313.7
f0b71bf2240c12c1205d280c81b9721f,Input Validity,Lidar,Lidar Rate,10,312.87
f0b71bf2240c12c1205d280c81b9721f,Input Validity,Odometry,Odometry Rate,50,312.87
f0b71bf2240c12c1205d280c81b9721f,Input Validity,TF,TF Rate,10,312.87
f0b71bf2240c12c1205d280c81b9721f,Localization Stability,TF,Jump Angular,0,313.8
f0b71bf2240c12c1205d280c81b9721f,Localization Stability,TF,Jump Linear,0,313.8
f0b71bf2240c12c1205d280c81b9721f,Input Validity,Lidar,Lidar Rate,10,312.97
f0b71bf2240c12c1205d280c81b9721f,Input Validity,Odometry,Odometry Rate,50,312.97
f0b71bf2240c12c1205d280c81b9721f,Input Validity,TF,TF Rate,10,312.97
f0b71bf2240c12c1205d280c81b9721f,Localization Quality,AMCLPose,CovYawYaw,0.0145905,312.9
f0b71bf2240c12c1205d280c81b9721f,Localization Quality,AMCLPose,CovYY,0.00994231,312.9
f0b71bf2240c12c1205d280c81b9721f,Localization Quality,AMCLPose,CovXX,0.0110043,312.9
f0b71bf2240c12c1205d280c81b9721f,Localization Quality,AMCLPose,MeanYaw,-2.37988,312.9
f0b71bf2240c12c1205d280c81b9721f,Localization Quality,AMCLPose,MeanY,-0.812403,312.9
f0b71bf2240c12c1205d280c81b9721f,Localization Quality,AMCLPose,MeanX,-1.68687,312.9
f0b71bf2240c12c1205d280c81b9721f,Localization Stability,TF,Jump Angular,0.00277416,313.9
f0b71bf2240c12c1205d280c81b9721f,Localization Stability,TF,Jump Linear,0.00546127,313.9
f0b71bf2240c12c1205d280c81b9721f,Localization Stability,TF,Jump Angular,0,314
f0b71bf2240c12c1205d280c81b9721f,Localization Stability,TF,Jump Linear,0,314
f0b71bf2240c12c1205d280c81b9721f,Input Validity,Lidar,Lidar Rate,10,313.07
f0b71bf2240c12c1205d280c81b9721f,Input Validity,Odometry,Odometry Rate,50,313.07
f0b71bf2240c12c1205d280c81b9721f,Input Validity,TF,TF Rate,10,313.07
f0b71bf2240c12c1205d280c81b9721f,Input Validity,Lidar,Lidar Rate,10,313.17
f0b71bf2240c12c1205d280c81b9721f,Input Validity,Odometry,Odometry Rate,50,313.17
f0b71bf2240c12c1205d280c81b9721f,Input Validity,TF,TF Rate,10,313.17
f0b71bf2240c12c1205d280c81b9721f,Localization Stability,TF,Jump Angular,0,314.1
f0b71bf2240c12c1205d280c81b9721f,Localization Stability,TF,Jump Linear,0,314.1
f0b71bf2240c12c1205d280c81b9721f,Localization Quality,AMCLPose,CovYawYaw,0.0175364,313.2
f0b71bf2240c12c1205d280c81b9721f,Localization Quality,AMCLPose,CovYY,0.0120313,313.2
f0b71bf2240c12c1205d280c81b9721f,Localization Quality,AMCLPose,CovXX,0.0128495,313.2
f0b71bf2240c12c1205d280c81b9721f,Localization Quality,AMCLPose,MeanYaw,-2.37614,313.2
f0b71bf2240c12c1205d280c81b9721f,Localization Quality,AMCLPose,MeanY,-0.907623,313.2
f0b71bf2240c12c1205d280c81b9721f,Localization Quality,AMCLPose,MeanX,-1.78369,313.2
f0b71bf2240c12c1205d280c81b9721f,Localization Stability,TF,Jump Angular,0.00403699,314.2
f0b71bf2240c12c1205d280c81b9721f,Localization Stability,TF,Jump Linear,0.00621093,314.2
f0b71bf2240c12c1205d280c81b9721f,Input Validity,Lidar,Lidar Rate,10,313.27
f0b71bf2240c12c1205d280c81b9721f,Input Validity,Odometry,Odometry Rate,50,313.27
f0b71bf2240c12c1205d280c81b9721f,Input Validity,TF,TF Rate,10,313.27
f0b71bf2240c12c1205d280c81b9721f,Input Validity,Lidar,Lidar Rate,10,313.37
f0b71bf2240c12c1205d280c81b9721f,Input Validity,Odometry,Odometry Rate,50,313.37
f0b71bf2240c12c1205d280c81b9721f,Input Validity,TF,TF Rate,10,313.37
f0b71bf2240c12c1205d280c81b9721f,Localization Stability,TF,Jump Angular,0,314.3
f0b71bf2240c12c1205d280c81b9721f,Localization Stability,TF,Jump Linear,0,314.3
f0b71bf2240c12c1205d280c81b9721f,Input Validity,Lidar,Lidar Rate,10,313.47
f0b71bf2240c12c1205d280c81b9721f,Input Validity,Odometry,Odometry Rate,50,313.47
f0b71bf2240c12c1205d280c81b9721f,Input Validity,TF,TF Rate,10,313.47
f0b71bf2240c12c1205d280c81b9721f,Localization Stability,TF,Jump Angular,0,314.4
f0b71bf2240c12c1205d280c81b9721f,Localization Stability,TF,Jump Linear,0,314.4
f0b71bf2240c12c1205d280c81b9721f,Input Validity,Lidar,Lidar Rate,10,313.55
f0b71bf2240c12c1205d280c81b9721f,Input Validity,Odometry,Odometry Rate,50,313.55
f0b71bf2240c12c1205d280c81b9721f,Input Validity,TF,TF Rate,10,313.55
f0b71bf2240c12c1205d280c81b9721f,Localization Quality,AMCLPose,CovYawYaw,0.0197477,313.5
f0b71bf2240c12c1205d280c81b9721f,Localization Quality,AMCLPose,CovYY,0.0137238,313.5
f0b71bf2240c12c1205d280c81b9721f,Localization Quality,AMCLPose,CovXX,0.0156744,313.5
f0b71bf2240c12c1205d280c81b9721f,Localization Quality,AMCLPose,MeanYaw,-2.36501,313.5
f0b71bf2240c12c1205d280c81b9721f,Localization Quality,AMCLPose,MeanY,-0.998629,313.5
f0b71bf2240c12c1205d280c81b9721f,Localization Quality,AMCLPose,MeanX,-1.88548,313.5
f0b71bf2240c12c1205d280c81b9721f,Localization Stability,TF,Jump Angular,-0.00241749,314.5
f0b71bf2240c12c1205d280c81b9721f,Localization Stability,TF,Jump Linear,0.00171283,314.5
f0b71bf2240c12c1205d280c81b9721f,Input Validity,Lidar,Lidar Rate,10,313.65
f0b71bf2240c12c1205d280c81b9721f,Input Validity,Odometry,Odometry Rate,50,313.65
f0b71bf2240c12c1205d280c81b9721f,Input Validity,TF,TF Rate,10,313.65
f0b71bf2240c12c1205d280c81b9721f,Localization Stability,TF,Jump Angular,0,314.6
f0b71bf2240c12c1205d280c81b9721f,Localization Stability,TF,Jump Linear,0,314.6
f0b71bf2240c12c1205d280c81b9721f,Input Validity,Lidar,Lidar Rate,10,313.75
f0b71bf2240c12c1205d280c81b9721f,Input Validity,Odometry,Odometry Rate,50,313.75
f0b71bf2240c12c1205d280c81b9721f,Input Validity,TF,TF Rate,10,313.75
f0b71bf2240c12c1205d280c81b9721f,Localization Stability,TF,Jump Angular,0,314.7
f0b71bf2240c12c1205d280c81b9721f,Localization Stability,TF,Jump Linear,0,314.7
f0b71bf2240c12c1205d280c81b9721f,Input Validity,Lidar,Lidar Rate,10,313.84
f0b71bf2240c12c1205d280c81b9721f,Input Validity,Odometry,Odometry Rate,50,313.84
f0b71bf2240c12c1205d280c81b9721f,Input Validity,TF,TF Rate,10,313.84
f0b71bf2240c12c1205d280c81b9721f,Localization Quality,AMCLPose,CovYawYaw,0.0214898,313.8
f0b71bf2240c12c1205d280c81b9721f,Localization Quality,AMCLPose,CovYY,0.015522,313.8
f0b71bf2240c12c1205d280c81b9721f,Localization Quality,AMCLPose,CovXX,0.0179418,313.8
f0b71bf2240c12c1205d280c81b9721f,Localization Quality,AMCLPose,MeanYaw,-2.35649,313.8
f0b71bf2240c12c1205d280c81b9721f,Localization Quality,AMCLPose,MeanY,-1.09114,313.8
f0b71bf2240c12c1205d280c81b9721f,Localization Quality,AMCLPose,MeanX,-1.9835,313.8
f0b71bf2240c12c1205d280c81b9721f,Localization Stability,TF,Jump Angular,-0.00401159,314.8
f0b71bf2240c12c1205d280c81b9721f,Localization Stability,TF,Jump Linear,0.00572852,314.8
f0b71bf2240c12c1205d280c81b9721f,Input Validity,Lidar,Lidar Rate,10,313.94
f0b71bf2240c12c1205d280c81b9721f,Input Validity,Odometry,Odometry Rate,50,313.94
f0b71bf2240c12c1205d280c81b9721f,Input Validity,TF,TF Rate,10,313.94
f0b71bf2240c12c1205d280c81b9721f,Localization Stability,TF,Jump Angular,0,314.9
f0b71bf2240c12c1205d280c81b9721f,Localization Stability,TF,Jump Linear,0,314.9
f0b71bf2240c12c1205d280c81b9721f,Input Validity,Lidar,Lidar Rate,10,314.04
f0b71bf2240c12c1205d280c81b9721f,Input Validity,Odometry,Odometry Rate,50,314.04
f0b71bf2240c12c1205d280c81b9721f,Input Validity,TF,TF Rate,10,314.04
f0b71bf2240c12c1205d280c81b9721f,Localization Stability,TF,Jump Angular,0,315
f0b71bf2240c12c1205d280c81b9721f,Localization Stability,TF,Jump Linear,0,315
f0b71bf2240c12c1205d280c81b9721f,Input Validity,Lidar,Lidar Rate,10,314.14
f0b71bf2240c12c1205d280c81b9721f,Input Validity,Odometry,Odometry Rate,50,314.14
f0b71bf2240c12c1205d280c81b9721f,Input Validity,TF,TF Rate,10,314.14
f0b71bf2240c12c1205d280c81b9721f,Localization Quality,AMCLPose,CovYawYaw,0.0230345,314.1
f0b71bf2240c12c1205d280c81b9721f,Localization Quality,AMCLPose,CovYY,0.0184033,314.1
f0b71bf2240c12c1205d280c81b9721f,Localization Quality,AMCLPose,CovXX,0.0207926,314.1
f0b71bf2240c12c1205d280c81b9721f,Localization Quality,AMCLPose,MeanYaw,-2.34778,314.1
f0b71bf2240c12c1205d280c81b9721f,Localization Quality,AMCLPose,MeanY,-1.18642,314.1
f0b71bf2240c12c1205d280c81b9721f,Localization Quality,AMCLPose,MeanX,-2.0752,314.1
f0b71bf2240c12c1205d280c81b9721f,Localization Stability,TF,Jump Angular,0.00123348,315.1
f0b71bf2240c12c1205d280c81b9721f,Localization Stability,TF,Jump Linear,0.00312965,315.1
f0b71bf2240c12c1205d280c81b9721f,Input Validity,Lidar,Lidar Rate,10,314.24
f0b71bf2240c12c1205d280c81b9721f,Input Validity,Odometry,Odometry Rate,50,314.24
f0b71bf2240c12c1205d280c81b9721f,Input Validity,TF,TF Rate,10,314.24
f0b71bf2240c12c1205d280c81b9721f,Localization Stability,TF,Jump Angular,0,315.2
f0b71bf2240c12c1205d280c81b9721f,Localization Stability,TF,Jump Linear,0,315.2
f0b71bf2240c12c1205d280c81b9721f,Input Validity,Lidar,Lidar Rate,10,314.34
f0b71bf2240c12c1205d280c81b9721f,Input Validity,Odometry,Odometry Rate,50,314.34
f0b71bf2240c12c1205d280c81b9721f,Input Validity,TF,TF Rate,10,314.34
f0b71bf2240c12c1205d280c81b9721f,Localization Stability,TF,Jump Angular,0,315.3
f0b71bf2240c12c1205d280c81b9721f,Localization Stability,TF,Jump Linear,0,315.3
f0b71bf2240c12c1205d280c81b9721f,Input Validity,Lidar,Lidar Rate,10,314.44
f0b71bf2240c12c1205d280c81b9721f,Input Validity,Odometry,Odometry Rate,50,314.44
f0b71bf2240c12c1205d280c81b9721f,Input Validity,TF,TF Rate,10,314.44
f0b71bf2240c12c1205d280c81b9721f,Localization Quality,AMCLPose,CovYawYaw,0.0262463,314.4
f0b71bf2240c12c1205d280c81b9721f,Localization Quality,AMCLPose,CovYY,0.0227492,314.4
f0b71bf2240c12c1205d280c81b9721f,Localization Quality,AMCLPose,CovXX,0.0242237,314.4
f0b71bf2240c12c1205d280c81b9721f,Localization Quality,AMCLPose,MeanYaw,-2.35296,314.4
f0b71bf2240c12c1205d280c81b9721f,Localization Quality,AMCLPose,MeanY,-1.28141,314.4
f0b71bf2240c12c1205d280c81b9721f,Localization Quality,AMCLPose,MeanX,-2.16982,314.4
f0b71bf2240c12c1205d280c81b9721f,Localization Stability,TF,Jump Angular,-0.000967505,315.4
f0b71bf2240c12c1205d280c81b9721f,Localization Stability,TF,Jump Linear,0.00183162,315.4
f0b71bf2240c12c1205d280c81b9721f,Input Validity,Lidar,Lidar Rate,10,314.54
f0b71bf2240c12c1205d280c81b9721f,Input Validity,Odometry,Odometry Rate,50,314.54
f0b71bf2240c12c1205d280c81b9721f,Input Validity,TF,TF Rate,10,314.54
f0b71bf2240c12c1205d280c81b9721f,Localization Stability,TF,Jump Angular,0,315.5
f0b71bf2240c12c1205d280c81b9721f,Localization Stability,TF,Jump Linear,0,315.5
f0b71bf2240c12c1205d280c81b9721f,Input Validity,Lidar,Lidar Rate,10,314.64
f0b71bf2240c12c1205d280c81b9721f,Input Validity,Odometry,Odometry Rate,50,314.64
f0b71bf2240c12c1205d280c81b9721f,Input Validity,TF,TF Rate,10,314.64
f0b71bf2240c12c1205d280c81b9721f,Localization Stability,TF,Jump Angular,0,315.6
f0b71bf2240c12c1205d280c81b9721f,Localization Stability,TF,Jump Linear,0,315.6
f0b71bf2240c12c1205d280c81b9721f,Input Validity,Lidar,Lidar Rate,10,314.74
f0b71bf2240c12c1205d280c81b9721f,Input Validity,Odometry,Odometry Rate,50,314.74
f0b71bf2240c12c1205d280c81b9721f,Input Validity,TF,TF Rate,10,314.74
f0b71bf2240c12c1205d280c81b9721f,Localization Quality,AMCLPose,CovYawYaw,0.0298943,314.7
f0b71bf2240c12c1205d280c81b9721f,Localization Quality,AMCLPose,CovYY,0.0273894,314.7
f0b71bf2240c12c1205d280c81b9721f,Localization Quality,AMCLPose,CovXX,0.0283822,314.7
f0b71bf2240c12c1205d280c81b9721f,Localization Quality,AMCLPose,MeanYaw,-2.3599,314.7
f0b71bf2240c12c1205d280c81b9721f,Localization Quality,AMCLPose,MeanY,-1.37496,314.7
f0b71bf2240c12c1205d280c81b9721f,Localization Quality,AMCLPose,MeanX,-2.26223,314.7
f0b71bf2240c12c1205d280c81b9721f,Localization Stability,TF,Jump Angular,0.000715548,315.7
f0b71bf2240c12c1205d280c81b9721f,Localization Stability,TF,Jump Linear,0.00373579,315.7
f0b71bf2240c12c1205d280c81b9721f,Input Validity,Lidar,Lidar Rate,10,314.84
f0b71bf2240c12c1205d280c81b9721f,Input Validity,Odometry,Odometry Rate,50,314.84
f0b71bf2240c12c1205d280c81b9721f,Input Validity,TF,TF Rate,10,314.84
f0b71bf2240c12c1205d280c81b9721f,Localization Stability,TF,Jump Angular,0,315.8
f0b71bf2240c12c1205d280c81b9721f,Localization Stability,TF,Jump Linear,0,315.8
f0b71bf2240c12c1205d280c81b9721f,Input Validity,Lidar,Lidar Rate,10,314.94
f0b71bf2240c12c1205d280c81b9721f,Input Validity,Odometry,Odometry Rate,50,314.94
f0b71bf2240c12c1205d280c81b9721f,Input Validity,TF,TF Rate,10,314.94
f0b71bf2240c12c1205d280c81b9721f,Localization Stability,TF,Jump Angular,0,315.9
f0b71bf2240c12c1205d280c81b9721f,Localization Stability,TF,Jump Linear,0,315.9
f0b71bf2240c12c1205d280c81b9721f,Input Validity,Lidar,Lidar Rate,10,315.03
f0b71bf2240c12c1205d280c81b9721f,Input Validity,Odometry,Odometry Rate,50,315.03
f0b71bf2240c12c1205d280c81b9721f,Input Validity,TF,TF Rate,10,315.03
f0b71bf2240c12c1205d280c81b9721f,Localization Quality,AMCLPose,CovYawYaw,0.0323782,315
f0b71bf2240c12c1205d280c81b9721f,Localization Quality,AMCLPose,CovYY,0.0317036,315
f0b71bf2240c12c1205d280c81b9721f,Localization Quality,AMCLPose,CovXX,0.0321288,315
f0b71bf2240c12c1205d280c81b9721f,Localization Quality,AMCLPose,MeanYaw,-2.36031,315
f0b71bf2240c12c1205d280c81b9721f,Localization Quality,AMCLPose,MeanY,-1.46998,315
f0b71bf2240c12c1205d280c81b9721f,Localization Quality,AMCLPose,MeanX,-2.35488,315
f0b71bf2240c12c1205d280c81b9721f,Localization Stability,TF,Jump Angular,0.00200878,316
f0b71bf2240c12c1205d280c81b9721f,Localization Stability,TF,Jump Linear,0.00422651,316
f0b71bf2240c12c1205d280c81b9721f,Input Validity,Lidar,Lidar Rate,10,315.13
f0b71bf2240c12c1205d280c81b9721f,Input Validity,Odometry,Odometry Rate,50,315.13
f0b71bf2240c12c1205d280c81b9721f,Input Validity,TF,TF Rate,10,315.13
f0b71bf2240c12c1205d280c81b9721f,Localization Stability,TF,Jump Angular,0,316.1
f0b71bf2240c12c1205d280c81b9721f,Localization Stability,TF,Jump Linear,0,316.1
f0b71bf2240c12c1205d280c81b9721f,Input Validity,Lidar,Lidar Rate,10,315.23
f0b71bf2240c12c1205d280c81b9721f,Input Validity,Odometry,Odometry Rate,50,315.23
f0b71bf2240c12c1205d280c81b9721f,Input Validity,TF,TF Rate,10,315.23
f0b71bf2240c12c1205d280c81b9721f,Localization Stability,TF,Jump Angular,0,316.2
f0b71bf2240c12c1205d280c81b9721f,Localization Stability,TF,Jump Linear,0,316.2
f0b71bf2240c12c1205d280c81b9721f,Input Validity,Lidar,Lidar Rate,10,315.31
f0b71bf2240c12c1205d280c81b9721f,Input Validity,Odometry,Odometry Rate,50,315.31
f0b71bf2240c12c1205d280c81b9721f,Input Validity,TF,TF Rate,10,315.31
f0b71bf2240c12c1205d280c81b9721f,Localization Quality,AMCLPose,CovYawYaw,0.0356452,315.3
f0b71bf2240c12c1205d280c81b9721f,Localization Quality,AMCLPose,CovYY,0.037772,315.3
f0b71bf2240c12c1205d280c81b9721f,Localization Quality,AMCLPose,CovXX,0.0391151,315.3
f0b71bf2240c12c1205d280c81b9721f,Localization Quality,AMCLPose,MeanYaw,-2.36863,315.3
f0b71bf2240c12c1205d280c81b9721f,Localization Quality,AMCLPose,MeanY,-1.55901,315.3
f0b71bf2240c12c1205d280c81b9721f,Localization Quality,AMCLPose,MeanX,-2.45323,315.3
f0b71bf2240c12c1205d280c81b9721f,Localization Stability,TF,Jump Angular,-0.00584635,316.3
f0b71bf2240c12c1205d280c81b9721f,Localization Stability,TF,Jump Linear,0.0117409,316.3
f0b71bf2240c12c1205d280c81b9721f,Input Validity,Lidar,Lidar Rate,10,315.41
f0b71bf2240c12c1205d280c81b9721f,Input Validity,Odometry,Odometry Rate,50,315.41
f0b71bf2240c12c1205d280c81b9721f,Input Validity,TF,TF Rate,10,315.41
f0b71bf2240c12c1205d280c81b9721f,Localization Stability,TF,Jump Angular,0,316.4
f0b71bf2240c12c1205d280c81b9721f,Localization Stability,TF,Jump Linear,0,316.4
f0b71bf2240c12c1205d280c81b9721f,Input Validity,Lidar,Lidar Rate,10,315.51
f0b71bf2240c12c1205d280c81b9721f,Input Validity,Odometry,Odometry Rate,50,315.51
f0b71bf2240c12c1205d280c81b9721f,Input Validity,TF,TF Rate,10,315.51
f0b71bf2240c12c1205d280c81b9721f,Localization Quality,AMCLPose,CovYawYaw,0.0368991,315.5
f0b71bf2240c12c1205d280c81b9721f,Localization Quality,AMCLPose,CovYY,0.042948,315.5
f0b71bf2240c12c1205d280c81b9721f,Localization Quality,AMCLPose,CovXX,0.0430979,315.5
f0b71bf2240c12c1205d280c81b9721f,Localization Quality,AMCLPose,MeanYaw,-2.45536,315.5
f0b71bf2240c12c1205d280c81b9721f,Localization Quality,AMCLPose,MeanY,-1.61648,315.5
f0b71bf2240c12c1205d280c81b9721f,Localization Quality,AMCLPose,MeanX,-2.52636,315.5
f0b71bf2240c12c1205d280c81b9721f,Localization Stability,TF,Jump Angular,-0.00299058,316.5
f0b71bf2240c12c1205d280c81b9721f,Localization Stability,TF,Jump Linear,0.00371022,316.5
f0b71bf2240c12c1205d280c81b9721f,Input Validity,Lidar,Lidar Rate,10,315.61
f0b71bf2240c12c1205d280c81b9721f,Input Validity,Odometry,Odometry Rate,50,315.61
f0b71bf2240c12c1205d280c81b9721f,Input Validity,TF,TF Rate,10,315.61
f0b71bf2240c12c1205d280c81b9721f,Localization Stability,TF,Jump Angular,0,316.6
f0b71bf2240c12c1205d280c81b9721f,Localization Stability,TF,Jump Linear,0,316.6
f0b71bf2240c12c1205d280c81b9721f,Input Validity,Lidar,Lidar Rate,10,315.71
f0b71bf2240c12c1205d280c81b9721f,Input Validity,Odometry,Odometry Rate,50,315.71
f0b71bf2240c12c1205d280c81b9721f,Input Validity,TF,TF Rate,10,315.71
f0b71bf2240c12c1205d280c81b9721f,Localization Quality,AMCLPose,CovYawYaw,0.0357861,315.7
f0b71bf2240c12c1205d280c81b9721f,Localization Quality,AMCLPose,CovYY,0.0462725,315.7
f0b71bf2240c12c1205d280c81b9721f,Localization Quality,AMCLPose,CovXX,0.0426437,315.7
f0b71bf2240c12c1205d280c81b9721f,Localization Quality,AMCLPose,MeanYaw,-2.5374,315.7
f0b71bf2240c12c1205d280c81b9721f,Localization Quality,AMCLPose,MeanY,-1.67946,315.7
f0b71bf2240c12c1205d280c81b9721f,Localization Quality,AMCLPose,MeanX,-2.59287,315.7
f0b71bf2240c12c1205d280c81b9721f,Localization Stability,TF,Jump Angular,0.0125048,316.7
f0b71bf2240c12c1205d280c81b9721f,Localization Stability,TF,Jump Linear,0.0288997,316.7
f0b71bf2240c12c1205d280c81b9721f,Input Validity,Lidar,Lidar Rate,10,315.81
f0b71bf2240c12c1205d280c81b9721f,Input Validity,Odometry,Odometry Rate,50,315.81
f0b71bf2240c12c1205d280c81b9721f,Input Validity,TF,TF Rate,10,315.81
f0b71bf2240c12c1205d280c81b9721f,Localization Stability,TF,Jump Angular,0,316.8
f0b71bf2240c12c1205d280c81b9721f,Localization Stability,TF,Jump Linear,0,316.8
f0b71bf2240c12c1205d280c81b9721f,Input Validity,Lidar,Lidar Rate,10,315.91
f0b71bf2240c12c1205d280c81b9721f,Input Validity,Odometry,Odometry Rate,50,315.91
f0b71bf2240c12c1205d280c81b9721f,Input Validity,TF,TF Rate,10,315.91
f0b71bf2240c12c1205d280c81b9721f,Localization Quality,AMCLPose,CovYawYaw,0.0256644,315.9
f0b71bf2240c12c1205d280c81b9721f,Localization Quality,AMCLPose,CovYY,0.0456994,315.9
f0b71bf2240c12c1205d280c81b9721f,Localization Quality,AMCLPose,CovXX,0.0243272,315.9
f0b71bf2240c12c1205d280c81b9721f,Localization Quality,AMCLPose,MeanYaw,-2.61907,315.9
f0b71bf2240c12c1205d280c81b9721f,Localization Quality,AMCLPose,MeanY,-1.73069,315.9
f0b71bf2240c12c1205d280c81b9721f,Localization Quality,AMCLPose,MeanX,-2.68779,315.9
f0b71bf2240c12c1205d280c81b9721f,Localization Stability,TF,Jump Angular,-0.00808037,316.9
f0b71bf2240c12c1205d280c81b9721f,Localization Stability,TF,Jump Linear,0.0226415,316.9
f0b71bf2240c12c1205d280c81b9721f,Input Validity,Lidar,Lidar Rate,10,316.01
f0b71bf2240c12c1205d280c81b9721f,Input Validity,Odometry,Odometry Rate,50,316.01
f0b71bf2240c12c1205d280c81b9721f,Input Validity,TF,TF Rate,10,316.01
f0b71bf2240c12c1205d280c81b9721f,Localization Stability,TF,Jump Angular,0,317
f0b71bf2240c12c1205d280c81b9721f,Localization Stability,TF,Jump Linear,0,317
f0b71bf2240c12c1205d280c81b9721f,Input Validity,Lidar,Lidar Rate,10,316.11
f0b71bf2240c12c1205d280c81b9721f,Input Validity,Odometry,Odometry Rate,50,316.11
f0b71bf2240c12c1205d280c81b9721f,Input Validity,TF,TF Rate,10,316.11
f0b71bf2240c12c1205d280c81b9721f,Input Validity,Lidar,Lidar Rate,10,316.2
f0b71bf2240c12c1205d280c81b9721f,Input Validity,Odometry,Odometry Rate,50,316.2
f0b71bf2240c12c1205d280c81b9721f,Input Validity,TF,TF Rate,10,316.2
f0b71bf2240c12c1205d280c81b9721f,Localization Quality,AMCLPose,CovYawYaw,0.016394,316.1
f0b71bf2240c12c1205d280c81b9721f,Localization Quality,AMCLPose,CovYY,0.0396362,316.1
f0b71bf2240c12c1205d280c81b9721f,Localization Quality,AMCLPose,CovXX,0.0122843,316.1
f0b71bf2240c12c1205d280c81b9721f,Localization Quality,AMCLPose,MeanYaw,-2.67651,316.1
f0b71bf2240c12c1205d280c81b9721f,Localization Quality,AMCLPose,MeanY,-1.78127,316.1
f0b71bf2240c12c1205d280c81b9721f,Localization Quality,AMCLPose,MeanX,-2.78259,316.1
f0b71bf2240c12c1205d280c81b9721f,Localization Stability,TF,Jump Angular,-0.00190755,317.1
f0b71bf2240c12c1205d280c81b9721f,Localization Stability,TF,Jump Linear,0.0170667,317.1
f0b71bf2240c12c1205d280c81b9721f,Localization Stability,TF,Jump Angular,0,317.2
f0b71bf2240c12c1205d280c81b9721f,Localization Stability,TF,Jump Linear,0,317.2
f0b71bf2240c12c1205d280c81b9721f,Input Validity,Lidar,Lidar Rate,10,316.31
f0b71bf2240c12c1205d280c81b9721f,Input Validity,Odometry,Odometry Rate,50,316.31
f0b71bf2240c12c1205d280c81b9721f,Input Validity,TF,TF Rate,10,316.31
f0b71bf2240c12c1205d280c81b9721f,Localization Stability,TF,Jump Angular,0,317.3
f0b71bf2240c12c1205d280c81b9721f,Localization Stability,TF,Jump Linear,0,317.3
f0b71bf2240c12c1205d280c81b9721f,Input Validity,Lidar,Lidar Rate,10,316.4
f0b71bf2240c12c1205d280c81b9721f,Input Validity,Odometry,Odometry Rate,50,316.4
f0b71bf2240c12c1205d280c81b9721f,Input Validity,TF,TF Rate,10,316.4
f0b71bf2240c12c1205d280c81b9721f,Localization Quality,AMCLPose,CovYawYaw,0.0111318,316.4
f0b71bf2240c12c1205d280c81b9721f,Localization Quality,AMCLPose,CovYY,0.0360907,316.4
f0b71bf2240c12c1205d280c81b9721f,Localization Quality,AMCLPose,CovXX,0.00684767,316.4
f0b71bf2240c12c1205d280c81b9721f,Localization Quality,AMCLPose,MeanYaw,-2.72806,316.4
f0b71bf2240c12c1205d280c81b9721f,Localization Quality,AMCLPose,MeanY,-1.84787,316.4
f0b71bf2240c12c1205d280c81b9721f,Localization Quality,AMCLPose,MeanX,-2.91618,316.4
f0b71bf2240c12c1205d280c81b9721f,Localization Stability,TF,Jump Angular,0.000773677,317.4
f0b71bf2240c12c1205d280c81b9721f,Localization Stability,TF,Jump Linear,0.0150216,317.4
f0b71bf2240c12c1205d280c81b9721f,Input Validity,Lidar,Lidar Rate,10,316.5
f0b71bf2240c12c1205d280c81b9721f,Input Validity,Odometry,Odometry Rate,50,316.5
f0b71bf2240c12c1205d280c81b9721f,Input Validity,TF,TF Rate,10,316.5
f0b71bf2240c12c1205d280c81b9721f,Localization Stability,TF,Jump Angular,0,317.5
f0b71bf2240c12c1205d280c81b9721f,Localization Stability,TF,Jump Linear,0,317.5
f0b71bf2240c12c1205d280c81b9721f,Input Validity,Lidar,Lidar Rate,10,316.6
f0b71bf2240c12c1205d280c81b9721f,Input Validity,Odometry,Odometry Rate,50,316.6
f0b71bf2240c12c1205d280c81b9721f,Input Validity,TF,TF Rate,10,316.6
f0b71bf2240c12c1205d280c81b9721f,Localization Stability,TF,Jump Angular,0,317.6
f0b71bf2240c12c1205d280c81b9721f,Localization Stability,TF,Jump Linear,0,317.6
f0b71bf2240c12c1205d280c81b9721f,Input Validity,Lidar,Lidar Rate,10,316.7
f0b71bf2240c12c1205d280c81b9721f,Input Validity,Odometry,Odometry Rate,50,316.7
f0b71bf2240c12c1205d280c81b9721f,Input Validity,TF,TF Rate,10,316.7
f0b71bf2240c12c1205d280c81b9721f,Input Validity,Lidar,Lidar Rate,10,316.8
f0b71bf2240c12c1205d280c81b9721f,Input Validity,Odometry,Odometry Rate,50,316.8
f0b71bf2240c12c1205d280c81b9721f,Input Validity,TF,TF Rate,10,316.8
f0b71bf2240c12c1205d280c81b9721f,Localization Quality,AMCLPose,CovYawYaw,0.00945367,316.7
f0b71bf2240c12c1205d280c81b9721f,Localization Quality,AMCLPose,CovYY,0.0365038,316.7
f0b71bf2240c12c1205d280c81b9721f,Localization Quality,AMCLPose,CovXX,0.00453175,316.7
f0b71bf2240c12c1205d280c81b9721f,Localization Quality,AMCLPose,MeanYaw,-2.75304,316.7
f0b71bf2240c12c1205d280c81b9721f,Localization Quality,AMCLPose,MeanY,-1.90522,316.7
f0b71bf2240c12c1205d280c81b9721f,Localization Quality,AMCLPose,MeanX,-3.0458,316.7
f0b71bf2240c12c1205d280c81b9721f,Localization Stability,TF,Jump Angular,0.00161752,317.7
f0b71bf2240c12c1205d280c81b9721f,Localization Stability,TF,Jump Linear,0.00901155,317.7
f0b71bf2240c12c1205d280c81b9721f,Input Validity,Lidar,Lidar Rate,10,316.9
f0b71bf2240c12c1205d280c81b9721f,Input Validity,Odometry,Odometry Rate,50,316.9
f0b71bf2240c12c1205d280c81b9721f,Input Validity,TF,TF Rate,10,316.9
f0b71bf2240c12c1205d280c81b9721f,Localization Stability,TF,Jump Angular,0,317.8
f0b71bf2240c12c1205d280c81b9721f,Localization Stability,TF,Jump Linear,0,317.8
f0b71bf2240c12c1205d280c81b9721f,Localization Stability,TF,Jump Angular,0,317.9
f0b71bf2240c12c1205d280c81b9721f,Localization Stability,TF,Jump Linear,0,317.9
f0b71bf2240c12c1205d280c81b9721f,Input Validity,Lidar,Lidar Rate,10,317
f0b71bf2240c12c1205d280c81b9721f,Input Validity,Odometry,Odometry Rate,50,317
f0b71bf2240c12c1205d280c81b9721f,Input Validity,TF,TF Rate,10,317
f0b71bf2240c12c1205d280c81b9721f,Input Validity,Lidar,Lidar Rate,10,317.1
f0b71bf2240c12c1205d280c81b9721f,Input Validity,Odometry,Odometry Rate,50,317.1
f0b71bf2240c12c1205d280c81b9721f,Input Validity,TF,TF Rate,10,317.1
f0b71bf2240c12c1205d280c81b9721f,Localization Quality,AMCLPose,CovYawYaw,0.00611214,317
f0b71bf2240c12c1205d280c81b9721f,Localization Quality,AMCLPose,CovYY,0.027089,317
f0b71bf2240c12c1205d280c81b9721f,Localization Quality,AMCLPose,CovXX,0.0037689,317
f0b71bf2240c12c1205d280c81b9721f,Localization Quality,AMCLPose,MeanYaw,-2.78016,317
f0b71bf2240c12c1205d280c81b9721f,Localization Quality,AMCLPose,MeanY,-1.94493,317
f0b71bf2240c12c1205d280c81b9721f,Localization Quality,AMCLPose,MeanX,-3.17286,317
f0b71bf2240c12c1205d280c81b9721f,Localization Stability,TF,Jump Angular,-0.00337949,318
f0b71bf2240c12c1205d280c81b9721f,Localization Stability,TF,Jump Linear,0.00656322,318
f0b71bf2240c12c1205d280c81b9721f,Localization Stability,TF,Jump Angular,0,318.1
f0b71bf2240c12c1205d280c81b9721f,Localization Stability,TF,Jump Linear,0,318.1
f0b71bf2240c12c1205d280c81b9721f,Input Validity,Lidar,Lidar Rate,10,317.2
f0b71bf2240c12c1205d280c81b9721f,Input Validity,Odometry,Odometry Rate,50,317.2
f0b71bf2240c12c1205d280c81b9721f,Input Validity,TF,TF Rate,10,317.2
f0b71bf2240c12c1205d280c81b9721f,Localization Stability,TF,Jump Angular,0,318.2
f0b71bf2240c12c1205d280c81b9721f,Localization Stability,TF,Jump Linear,0,318.2
f0b71bf2240c12c1205d280c81b9721f,Input Validity,Lidar,Lidar Rate,10,317.3
f0b71bf2240c12c1205d280c81b9721f,Input Validity,Odometry,Odometry Rate,50,317.3
f0b71bf2240c12c1205d280c81b9721f,Input Validity,TF,TF Rate,10,317.3
f0b71bf2240c12c1205d280c81b9721f,Input Validity,Lidar,Lidar Rate,10,317.4
f0b71bf2240c12c1205d280c81b9721f,Input Validity,Odometry,Odometry Rate,50,317.4
f0b71bf2240c12c1205d280c81b9721f,Input Validity,TF,TF Rate,10,317.4
f0b71bf2240c12c1205d280c81b9721f,Localization Quality,AMCLPose,CovYawYaw,0.00488891,317.3
f0b71bf2240c12c1205d280c81b9721f,Localization Quality,AMCLPose,CovYY,0.020575,317.3
f0b71bf2240c12c1205d280c81b9721f,Localization Quality,AMCLPose,CovXX,0.00371838,317.3
f0b71bf2240c12c1205d280c81b9721f,Localization Quality,AMCLPose,MeanYaw,-2.79856,317.3
f0b71bf2240c12c1205d280c81b9721f,Localization Quality,AMCLPose,MeanY,-1.98879,317.3
f0b71bf2240c12c1205d280c81b9721f,Localization Quality,AMCLPose,MeanX,-3.29934,317.3
f0b71bf2240c12c1205d280c81b9721f,Localization Stability,TF,Jump Angular,-0.000538569,318.3
f0b71bf2240c12c1205d280c81b9721f,Localization Stability,TF,Jump Linear,0.00188912,318.3
f0b71bf2240c12c1205d280c81b9721f,Localization Stability,TF,Jump Angular,0,318.4
f0b71bf2240c12c1205d280c81b9721f,Localization Stability,TF,Jump Linear,0,318.4
f0b71bf2240c12c1205d280c81b9721f,Input Validity,Lidar,Lidar Rate,10,317.5
f0b71bf2240c12c1205d280c81b9721f,Input Validity,Odometry,Odometry Rate,50,317.5
f0b71bf2240c12c1205d280c81b9721f,Input Validity,TF,TF Rate,10,317.5
f0b71bf2240c12c1205d280c81b9721f,Localization Stability,TF,Jump Angular,0,318.5
f0b71bf2240c12c1205d280c81b9721f,Localization Stability,TF,Jump Linear,0,318.5
f0b71bf2240c12c1205d280c81b9721f,Input Validity,Lidar,Lidar Rate,10,317.6
f0b71bf2240c12c1205d280c81b9721f,Input Validity,Odometry,Odometry Rate,50,317.6
f0b71bf2240c12c1205d280c81b9721f,Input Validity,TF,TF Rate,10,317.6
f0b71bf2240c12c1205d280c81b9721f,Input Validity,Lidar,Lidar Rate,10,317.7
f0b71bf2240c12c1205d280c81b9721f,Input Validity,Odometry,Odometry Rate,50,317.7
f0b71bf2240c12c1205d280c81b9721f,Input Validity,TF,TF Rate,10,317.7
f0b71bf2240c12c1205d280c81b9721f,Localization Quality,AMCLPose,CovYawYaw,0.00430735,317.6
f0b71bf2240c12c1205d280c81b9721f,Localization Quality,AMCLPose,CovYY,0.0147288,317.6
f0b71bf2240c12c1205d280c81b9721f,Localization Quality,AMCLPose,CovXX,0.00375822,317.6
f0b71bf2240c12c1205d280c81b9721f,Localization Quality,AMCLPose,MeanYaw,-2.80989,317.6
f0b71bf2240c12c1205d280c81b9721f,Localization Quality,AMCLPose,MeanY,-2.02872,317.6
f0b71bf2240c12c1205d280c81b9721f,Localization Quality,AMCLPose,MeanX,-3.42632,317.6
f0b71bf2240c12c1205d280c81b9721f,Localization Stability,TF,Jump Angular,-0.00163211,318.6
f0b71bf2240c12c1205d280c81b9721f,Localization Stability,TF,Jump Linear,0.00436407,318.6
f0b71bf2240c12c1205d280c81b9721f,Localization Stability,TF,Jump Angular,0,318.7
f0b71bf2240c12c1205d280c81b9721f,Localization Stability,TF,Jump Linear,0,318.7
f0b71bf2240c12c1205d280c81b9721f,Input Validity,Lidar,Lidar Rate,10,317.8
f0b71bf2240c12c1205d280c81b9721f,Input Validity,Odometry,Odometry Rate,50,317.8
f0b71bf2240c12c1205d280c81b9721f,Input Validity,TF,TF Rate,10,317.8
f0b71bf2240c12c1205d280c81b9721f,Localization Stability,TF,Jump Angular,0,318.8
f0b71bf2240c12c1205d280c81b9721f,Localization Stability,TF,Jump Linear,0,318.8
f0b71bf2240c12c1205d280c81b9721f,Input Validity,Lidar,Lidar Rate,10,317.9
f0b71bf2240c12c1205d280c81b9721f,Input Validity,Odometry,Odometry Rate,50,317.9
f0b71bf2240c12c1205d280c81b9721f,Input Validity,TF,TF Rate,10,317.9
f0b71bf2240c12c1205d280c81b9721f,Localization Quality,AMCLPose,CovYawYaw,0.00423746,317.9
f0b71bf2240c12c1205d280c81b9721f,Localization Quality,AMCLPose,CovYY,0.0105948,317.9
f0b71bf2240c12c1205d280c81b9721f,Localization Quality,AMCLPose,CovXX,0.00402906,317.9
f0b71bf2240c12c1205d280c81b9721f,Localization Quality,AMCLPose,MeanYaw,-2.83051,317.9
f0b71bf2240c12c1205d280c81b9721f,Localization Quality,AMCLPose,MeanY,-2.06823,317.9
f0b71bf2240c12c1205d280c81b9721f,Localization Quality,AMCLPose,MeanX,-3.55401,317.9
f0b71bf2240c12c1205d280c81b9721f,Localization Stability,TF,Jump Angular,0.00132759,318.9
f0b71bf2240c12c1205d280c81b9721f,Localization Stability,TF,Jump Linear,0.00810109,318.9
f0b71bf2240c12c1205d280c81b9721f,Input Validity,Lidar,Lidar Rate,10,318
f0b71bf2240c12c1205d280c81b9721f,Input Validity,Odometry,Odometry Rate,50,318
f0b71bf2240c12c1205d280c81b9721f,Input Validity,TF,TF Rate,10,318
f0b71bf2240c12c1205d280c81b9721f,Localization Stability,TF,Jump Angular,0,319
f0b71bf2240c12c1205d280c81b9721f,Localization Stability,TF,Jump Linear,0,319
f0b71bf2240c12c1205d280c81b9721f,Input Validity,Lidar,Lidar Rate,10,318.1
f0b71bf2240c12c1205d280c81b9721f,Input Validity,Odometry,Odometry Rate,50,318.1
f0b71bf2240c12c1205d280c81b9721f,Input Validity,TF,TF Rate,10,318.1
f0b71bf2240c12c1205d280c81b9721f,Localization Stability,TF,Jump Angular,0,319.1
f0b71bf2240c12c1205d280c81b9721f,Localization Stability,TF,Jump Linear,0,319.1
f0b71bf2240c12c1205d280c81b9721f,Input Validity,Lidar,Lidar Rate,10,318.19
f0b71bf2240c12c1205d280c81b9721f,Input Validity,Odometry,Odometry Rate,50,318.19
f0b71bf2240c12c1205d280c81b9721f,Input Validity,TF,TF Rate,10,318.19
f0b71bf2240c12c1205d280c81b9721f,Localization Quality,AMCLPose,CovYawYaw,0.00450849,318.2
f0b71bf2240c12c1205d280c81b9721f,Localization Quality,AMCLPose,CovYY,0.00709005,318.2
f0b71bf2240c12c1205d280c81b9721f,Localization Quality,AMCLPose,CovXX,0.00431748,318.2
f0b71bf2240c12c1205d280c81b9721f,Localization Quality,AMCLPose,MeanYaw,-2.85987,318.2
f0b71bf2240c12c1205d280c81b9721f,Localization Quality,AMCLPose,MeanY,-2.10112,318.2
f0b71bf2240c12c1205d280c81b9721f,Localization Quality,AMCLPose,MeanX,-3.68115,318.2
f0b71bf2240c12c1205d280c81b9721f,Localization Stability,TF,Jump Angular,-0.00217841,319.2
f0b71bf2240c12c1205d280c81b9721f,Localization Stability,TF,Jump Linear,0.00750039,319.2
f0b71bf2240c12c1205d280c81b9721f,Input Validity,Lidar,Lidar Rate,10,318.29
f0b71bf2240c12c1205d280c81b9721f,Input Validity,Odometry,Odometry Rate,50,318.29
f0b71bf2240c12c1205d280c81b9721f,Input Validity,TF,TF Rate,10,318.29
f0b71bf2240c12c1205d280c81b9721f,Localization Stability,TF,Jump Angular,0,319.3
f0b71bf2240c12c1205d280c81b9721f,Localization Stability,TF,Jump Linear,0,319.3
f0b71bf2240c12c1205d280c81b9721f,Input Validity,Lidar,Lidar Rate,10,318.39
f0b71bf2240c12c1205d280c81b9721f,Input Validity,Odometry,Odometry Rate,50,318.39
f0b71bf2240c12c1205d280c81b9721f,Input Validity,TF,TF Rate,10,318.39
f0b71bf2240c12c1205d280c81b9721f,Localization Stability,TF,Jump Angular,0,319.4
f0b71bf2240c12c1205d280c81b9721f,Localization Stability,TF,Jump Linear,0,319.4
f0b71bf2240c12c1205d280c81b9721f,Input Validity,Lidar,Lidar Rate,10,318.49
f0b71bf2240c12c1205d280c81b9721f,Input Validity,Odometry,Odometry Rate,50,318.49
f0b71bf2240c12c1205d280c81b9721f,Input Validity,TF,TF Rate,10,318.49
f0b71bf2240c12c1205d280c81b9721f,Input Validity,Lidar,Lidar Rate,10,318.59
f0b71bf2240c12c1205d280c81b9721f,Input Validity,Odometry,Odometry Rate,50,318.59
f0b71bf2240c12c1205d280c81b9721f,Input Validity,TF,TF Rate,10,318.59
f0b71bf2240c12c1205d280c81b9721f,Localization Quality,AMCLPose,CovYawYaw,0.00439945,318.5
f0b71bf2240c12c1205d280c81b9721f,Localization Quality,AMCLPose,CovYY,0.00467513,318.5
f0b71bf2240c12c1205d280c81b9721f,Localization Quality,AMCLPose,CovXX,0.00458043,318.5
f0b71bf2240c12c1205d280c81b9721f,Localization Quality,AMCLPose,MeanYaw,-2.90394,318.5
f0b71bf2240c12c1205d280c81b9721f,Localization Quality,AMCLPose,MeanY,-2.133,318.5
f0b71bf2240c12c1205d280c81b9721f,Localization Quality,AMCLPose,MeanX,-3.80796,318.5
f0b71bf2240c12c1205d280c81b9721f,Localization Stability,TF,Jump Angular,-0.000779461,319.5
f0b71bf2240c12c1205d280c81b9721f,Localization Stability,TF,Jump Linear,0.00556605,319.5
f0b71bf2240c12c1205d280c81b9721f,Localization Stability,TF,Jump Angular,0,319.6
f0b71bf2240c12c1205d280c81b9721f,Localization Stability,TF,Jump Linear,0,319.6
f0b71bf2240c12c1205d280c81b9721f,Input Validity,Lidar,Lidar Rate,10,318.69
f0b71bf2240c12c1205d280c81b9721f,Input Validity,Odometry,Odometry Rate,50,318.69
f0b71bf2240c12c1205d280c81b9721f,Input Validity,TF,TF Rate,10,318.69
f0b71bf2240c12c1205d280c81b9721f,Localization Stability,TF,Jump Angular,0,319.7
f0b71bf2240c12c1205d280c81b9721f,Localization Stability,TF,Jump Linear,0,319.7
f0b71bf2240c12c1205d280c81b9721f,Input Validity,Lidar,Lidar Rate,10,318.79
f0b71bf2240c12c1205d280c81b9721f,Input Validity,Odometry,Odometry Rate,50,318.79
f0b71bf2240c12c1205d280c81b9721f,Input Validity,TF,TF Rate,10,318.79
f0b71bf2240c12c1205d280c81b9721f,Input Validity,Lidar,Lidar Rate,10,318.89
f0b71bf2240c12c1205d280c81b9721f,Input Validity,Odometry,Odometry Rate,50,318.89
f0b71bf2240c12c1205d280c81b9721f,Input Validity,TF,TF Rate,10,318.89
f0b71bf2240c12c1205d280c81b9721f,Localization Quality,AMCLPose,CovYawYaw,0.0047307,318.8
f0b71bf2240c12c1205d280c81b9721f,Localization Quality,AMCLPose,CovYY,0.00364816,318.8
f0b71bf2240c12c1205d280c81b9721f,Localization Quality,AMCLPose,CovXX,0.00473847,318.8
f0b71bf2240c12c1205d280c81b9721f,Localization Quality,AMCLPose,MeanYaw,-2.95137,318.8
f0b71bf2240c12c1205d280c81b9721f,Localization Quality,AMCLPose,MeanY,-2.15886,318.8
f0b71bf2240c12c1205d280c81b9721f,Localization Quality,AMCLPose,MeanX,-3.94157,318.8
f0b71bf2240c12c1205d280c81b9721f,Localization Stability,TF,Jump Angular,-0.000626283,319.8
f0b71bf2240c12c1205d280c81b9721f,Localization Stability,TF,Jump Linear,0.000461535,319.8
f0b71bf2240c12c1205d280c81b9721f,Localization Stability,TF,Jump Angular,0,319.9
f0b71bf2240c12c1205d280c81b9721f,Localization Stability,TF,Jump Linear,0,319.9
f0b71bf2240c12c1205d280c81b9721f,Input Validity,Lidar,Lidar Rate,10,318.99
f0b71bf2240c12c1205d280c81b9721f,Input Validity,Odometry,Odometry Rate,50,318.99
f0b71bf2240c12c1205d280c81b9721f,Input Validity,TF,TF Rate,10,318.99
f0b71bf2240c12c1205d280c81b9721f,Localization Stability,TF,Jump Angular,0,320
f0b71bf2240c12c1205d280c81b9721f,Localization Stability,TF,Jump Linear,0,320
f0b71bf2240c12c1205d280c81b9721f,Input Validity,Lidar,Lidar Rate,10,319.09
f0b71bf2240c12c1205d280c81b9721f,Input Validity,Odometry,Odometry Rate,50,319.09
f0b71bf2240c12c1205d280c81b9721f,Input Validity,TF,TF Rate,10,319.09
f0b71bf2240c12c1205d280c81b9721f,Input Validity,Lidar,Lidar Rate,10,319.19
f0b71bf2240c12c1205d280c81b9721f,Input Validity,Odometry,Odometry Rate,50,319.19
f0b71bf2240c12c1205d280c81b9721f,Input Validity,TF,TF Rate,10,319.19
f0b71bf2240c12c1205d280c81b9721f,Localization Quality,AMCLPose,CovYawYaw,0.00452386,319.1
f0b71bf2240c12c1205d280c81b9721f,Localization Quality,AMCLPose,CovYY,0.00270427,319.1
f0b71bf2240c12c1205d280c81b9721f,Localization Quality,AMCLPose,CovXX,0.0053088,319.1
f0b71bf2240c12c1205d280c81b9721f,Localization Quality,AMCLPose,MeanYaw,-2.99122,319.1
f0b71bf2240c12c1205d280c81b9721f,Localization Quality,AMCLPose,MeanY,-2.18124,319.1
f0b71bf2240c12c1205d280c81b9721f,Localization Quality,AMCLPose,MeanX,-4.07334,319.1
f0b71bf2240c12c1205d280c81b9721f,Localization Stability,TF,Jump Angular,0.00182337,320.1
f0b71bf2240c12c1205d280c81b9721f,Localization Stability,TF,Jump Linear,0.00805918,320.1
f0b71bf2240c12c1205d280c81b9721f,Localization Stability,TF,Jump Angular,0,320.2
f0b71bf2240c12c1205d280c81b9721f,Localization Stability,TF,Jump Linear,0,320.2
f0b71bf2240c12c1205d280c81b9721f,Input Validity,Lidar,Lidar Rate,10,319.29
f0b71bf2240c12c1205d280c81b9721f,Input Validity,Odometry,Odometry Rate,50,319.29
f0b71bf2240c12c1205d280c81b9721f,Input Validity,TF,TF Rate,10,319.29
f0b71bf2240c12c1205d280c81b9721f,Localization Stability,TF,Jump Angular,0,320.3
f0b71bf2240c12c1205d280c81b9721f,Localization Stability,TF,Jump Linear,0,320.3
f0b71bf2240c12c1205d280c81b9721f,Input Validity,Lidar,Lidar Rate,10,319.39
f0b71bf2240c12c1205d280c81b9721f,Input Validity,Odometry,Odometry Rate,50,319.39
f0b71bf2240c12c1205d280c81b9721f,Input Validity,TF,TF Rate,10,319.39
f0b71bf2240c12c1205d280c81b9721f,Localization Quality,AMCLPose,CovYawYaw,0.00457076,319.4
f0b71bf2240c12c1205d280c81b9721f,Localization Quality,AMCLPose,CovYY,0.00241601,319.4
f0b71bf2240c12c1205d280c81b9721f,Localization Quality,AMCLPose,CovXX,0.00550867,319.4
f0b71bf2240c12c1205d280c81b9721f,Localization Quality,AMCLPose,MeanYaw,-3.02582,319.4
f0b71bf2240c12c1205d280c81b9721f,Localization Quality,AMCLPose,MeanY,-2.19796,319.4
f0b71bf2240c12c1205d280c81b9721f,Localization Quality,AMCLPose,MeanX,-4.20748,319.4
f0b71bf2240c12c1205d280c81b9721f,Localization Stability,TF,Jump Angular,-0.000134795,320.4
f0b71bf2240c12c1205d280c81b9721f,Localization Stability,TF,Jump Linear,0.000573837,320.4
f0b71bf2240c12c1205d280c81b9721f,Input Validity,Lidar,Lidar Rate,10,319.49
f0b71bf2240c12c1205d280c81b9721f,Input Validity,Odometry,Odometry Rate,50,319.49
f0b71bf2240c12c1205d280c81b9721f,Input Validity,TF,TF Rate,10,319.49
f0b71bf2240c12c1205d280c81b9721f,Localization Stability,TF,Jump Angular,0,320.5
f0b71bf2240c12c1205d280c81b9721f,Localization Stability,TF,Jump Linear,0,320.5
f0b71bf2240c12c1205d280c81b9721f,Input Validity,Lidar,Lidar Rate,10,319.59
f0b71bf2240c12c1205d280c81b9721f,Input Validity,Odometry,Odometry Rate,50,319.59
f0b71bf2240c12c1205d280c81b9721f,Input Validity,TF,TF Rate,10,319.59
f0b71bf2240c12c1205d280c81b9721f,Localization Stability,TF,Jump Angular,0,320.6
f0b71bf2240c12c1205d280c81b9721f,Localization Stability,TF,Jump Linear,0,320.6
f0b71bf2240c12c1205d280c81b9721f,Input Validity,Lidar,Lidar Rate,10,319.69
f0b71bf2240c12c1205d280c81b9721f,Input Validity,Odometry,Odometry Rate,50,319.69
f0b71bf2240c12c1205d280c81b9721f,Input Validity,TF,TF Rate,10,319.69
f0b71bf2240c12c1205d280c81b9721f,Input Validity,Lidar,Lidar Rate,10,319.79
f0b71bf2240c12c1205d280c81b9721f,Input Validity,Odometry,Odometry Rate,50,319.79
f0b71bf2240c12c1205d280c81b9721f,Input Validity,TF,TF Rate,10,319.79
f0b71bf2240c12c1205d280c81b9721f,Localization Quality,AMCLPose,CovYawYaw,0.0047604,319.7
f0b71bf2240c12c1205d280c81b9721f,Localization Quality,AMCLPose,CovYY,0.00233256,319.7
f0b71bf2240c12c1205d280c81b9721f,Localization Quality,AMCLPose,CovXX,0.00580604,319.7
f0b71bf2240c12c1205d280c81b9721f,Localization Quality,AMCLPose,MeanYaw,-3.05521,319.7
f0b71bf2240c12c1205d280c81b9721f,Localization Quality,AMCLPose,MeanY,-2.2114,319.7
f0b71bf2240c12c1205d280c81b9721f,Localization Quality,AMCLPose,MeanX,-4.34048,319.7
f0b71bf2240c12c1205d280c81b9721f,Localization Stability,TF,Jump Angular,-0.00132076,320.7
f0b71bf2240c12c1205d280c81b9721f,Localization Stability,TF,Jump Linear,0.00707102,320.7
f0b71bf2240c12c1205d280c81b9721f,Localization Stability,TF,Jump Angular,0,320.8
f0b71bf2240c12c1205d280c81b9721f,Localization Stability,TF,Jump Linear,0,320.8
f0b71bf2240c12c1205d280c81b9721f,Input Validity,Lidar,Lidar Rate,10,319.88
f0b71bf2240c12c1205d280c81b9721f,Input Validity,Odometry,Odometry Rate,50,319.88
f0b71bf2240c12c1205d280c81b9721f,Input Validity,TF,TF Rate,10,319.88
f0b71bf2240c12c1205d280c81b9721f,Localization Stability,TF,Jump Angular,0,320.9
f0b71bf2240c12c1205d280c81b9721f,Localization Stability,TF,Jump Linear,0,320.9
f0b71bf2240c12c1205d280c81b9721f,Input Validity,Lidar,Lidar Rate,10,319.98
f0b71bf2240c12c1205d280c81b9721f,Input Validity,Odometry,Odometry Rate,50,319.98
f0b71bf2240c12c1205d280c81b9721f,Input Validity,TF,TF Rate,10,319.98
f0b71bf2240c12c1205d280c81b9721f,Input Validity,Lidar,Lidar Rate,10,320.08
f0b71bf2240c12c1205d280c81b9721f,Input Validity,Odometry,Odometry Rate,50,320.08
f0b71bf2240c12c1205d280c81b9721f,Input Validity,TF,TF Rate,10,320.08
f0b71bf2240c12c1205d280c81b9721f,Localization Quality,AMCLPose,CovYawYaw,0.00486301,320
f0b71bf2240c12c1205d280c81b9721f,Localization Quality,AMCLPose,CovYY,0.0021731,320
f0b71bf2240c12c1205d280c81b9721f,Localization Quality,AMCLPose,CovXX,0.0060248,320
f0b71bf2240c12c1205d280c81b9721f,Localization Quality,AMCLPose,MeanYaw,-3.07645,320
f0b71bf2240c12c1205d280c81b9721f,Localization Quality,AMCLPose,MeanY,-2.22088,320
f0b71bf2240c12c1205d280c81b9721f,Localization Quality,AMCLPose,MeanX,-4.47675,320
f0b71bf2240c12c1205d280c81b9721f,Localization Stability,TF,Jump Angular,0.00140774,321
f0b71bf2240c12c1205d280c81b9721f,Localization Stability,TF,Jump Linear,0.00845634,321
f0b71bf2240c12c1205d280c81b9721f,Localization Stability,TF,Jump Angular,0,321.1
f0b71bf2240c12c1205d280c81b9721f,Localization Stability,TF,Jump Linear,0,321.1
f0b71bf2240c12c1205d280c81b9721f,Input Validity,Lidar,Lidar Rate,10,320.18
f0b71bf2240c12c1205d280c81b9721f,Input Validity,Odometry,Odometry Rate,50,320.18
f0b71bf2240c12c1205d280c81b9721f,Input Validity,TF,TF Rate,10,320.18
f0b71bf2240c12c1205d280c81b9721f,Localization Stability,TF,Jump Angular,0,321.2
f0b71bf2240c12c1205d280c81b9721f,Localization Stability,TF,Jump Linear,0,321.2
f0b71bf2240c12c1205d280c81b9721f,Input Validity,Lidar,Lidar Rate,10,320.28
f0b71bf2240c12c1205d280c81b9721f,Input Validity,Odometry,Odometry Rate,50,320.28
f0b71bf2240c12c1205d280c81b9721f,Input Validity,TF,TF Rate,10,320.28
f0b71bf2240c12c1205d280c81b9721f,Input Validity,Lidar,Lidar Rate,10,320.38
f0b71bf2240c12c1205d280c81b9721f,Input Validity,Odometry,Odometry Rate,50,320.38
f0b71bf2240c12c1205d280c81b9721f,Input Validity,TF,TF Rate,10,320.38
f0b71bf2240c12c1205d280c81b9721f,Localization Quality,AMCLPose,CovYawYaw,0.00505531,320.3
f0b71bf2240c12c1205d280c81b9721f,Localization Quality,AMCLPose,CovYY,0.00214481,320.3
f0b71bf2240c12c1205d280c81b9721f,Localization Quality,AMCLPose,CovXX,0.00637345,320.3
f0b71bf2240c12c1205d280c81b9721f,Localization Quality,AMCLPose,MeanYaw,-3.09542,320.3
f0b71bf2240c12c1205d280c81b9721f,Localization Quality,AMCLPose,MeanY,-2.22773,320.3
f0b71bf2240c12c1205d280c81b9721f,Localization Quality,AMCLPose,MeanX,-4.61215,320.3
f0b71bf2240c12c1205d280c81b9721f,Localization Stability,TF,Jump Angular,-0.000285342,321.3
f0b71bf2240c12c1205d280c81b9721f,Localization Stability,TF,Jump Linear,0.000620187,321.3
f0b71bf2240c12c1205d280c81b9721f,Localization Stability,TF,Jump Angular,0,321.4
f0b71bf2240c12c1205d280c81b9721f,Localization Stability,TF,Jump Linear,0,321.4
f0b71bf2240c12c1205d280c81b9721f,Input Validity,Lidar,Lidar Rate,10,320.48
f0b71bf2240c12c1205d280c81b9721f,Input Validity,Odometry,Odometry Rate,50,320.48
f0b71bf2240c12c1205d280c81b9721f,Input Validity,TF,TF Rate,10,320.48
f0b71bf2240c12c1205d280c81b9721f,Localization Stability,TF,Jump Angular,0,321.5
f0b71bf2240c12c1205d280c81b9721f,Localization Stability,TF,Jump Linear,0,321.5
f0b71bf2240c12c1205d280c81b9721f,Input Validity,Lidar,Lidar Rate,10,320.58
f0b71bf2240c12c1205d280c81b9721f,Input Validity,Odometry,Odometry Rate,50,320.58
f0b71bf2240c12c1205d280c81b9721f,Input Validity,TF,TF Rate,10,320.58
f0b71bf2240c12c1205d280c81b9721f,Input Validity,Lidar,Lidar Rate,10,320.68
f0b71bf2240c12c1205d280c81b9721f,Input Validity,Odometry,Odometry Rate,50,320.68
f0b71bf2240c12c1205d280c81b9721f,Input Validity,TF,TF Rate,10,320.68
f0b71bf2240c12c1205d280c81b9721f,Localization Quality,AMCLPose,CovYawYaw,0.00502086,320.6
f0b71bf2240c12c1205d280c81b9721f,Localization Quality,AMCLPose,CovYY,0.00200421,320.6
f0b71bf2240c12c1205d280c81b9721f,Localization Quality,AMCLPose,CovXX,0.00678426,320.6
f0b71bf2240c12c1205d280c81b9721f,Localization Quality,AMCLPose,MeanYaw,-3.11064,320.6
f0b71bf2240c12c1205d280c81b9721f,Localization Quality,AMCLPose,MeanY,-2.23408,320.6
f0b71bf2240c12c1205d280c81b9721f,Localization Quality,AMCLPose,MeanX,-4.7473,320.6
f0b71bf2240c12c1205d280c81b9721f,Localization Stability,TF,Jump Angular,0.000354498,321.6
f0b71bf2240c12c1205d280c81b9721f,Localization Stability,TF,Jump Linear,0.00126895,321.6
f0b71bf2240c12c1205d280c81b9721f,Localization Stability,TF,Jump Angular,0,321.7
f0b71bf2240c12c1205d280c81b9721f,Localization Stability,TF,Jump Linear,0,321.7
f0b71bf2240c12c1205d280c81b9721f,Input Validity,Lidar,Lidar Rate,10,320.78
f0b71bf2240c12c1205d280c81b9721f,Input Validity,Odometry,Odometry Rate,50,320.78
f0b71bf2240c12c1205d280c81b9721f,Input Validity,TF,TF Rate,10,320.78
f0b71bf2240c12c1205d280c81b9721f,Localization Stability,TF,Jump Angular,0,321.8
f0b71bf2240c12c1205d280c81b9721f,Localization Stability,TF,Jump Linear,0,321.8
f0b71bf2240c12c1205d280c81b9721f,Input Validity,Lidar,Lidar Rate,10,320.88
f0b71bf2240c12c1205d280c81b9721f,Input Validity,Odometry,Odometry Rate,50,320.88
f0b71bf2240c12c1205d280c81b9721f,Input Validity,TF,TF Rate,10,320.88
f0b71bf2240c12c1205d280c81b9721f,Input Validity,Lidar,Lidar Rate,10,320.98
f0b71bf2240c12c1205d280c81b9721f,Input Validity,Odometry,Odometry Rate,50,320.98
f0b71bf2240c12c1205d280c81b9721f,Input Validity,TF,TF Rate,10,320.98
f0b71bf2240c12c1205d280c81b9721f,Localization Quality,AMCLPose,CovYawYaw,0.00492849,320.9
f0b71bf2240c12c1205d280c81b9721f,Localization Quality,AMCLPose,CovYY,0.0019264,320.9
f0b71bf2240c12c1205d280c81b9721f,Localization Quality,AMCLPose,CovXX,0.00739908,320.9
f0b71bf2240c12c1205d280c81b9721f,Localization Quality,AMCLPose,MeanYaw,-3.12227,320.9
f0b71bf2240c12c1205d280c81b9721f,Localization Quality,AMCLPose,MeanY,-2.24135,320.9
f0b71bf2240c12c1205d280c81b9721f,Localization Quality,AMCLPose,MeanX,-4.88298,320.9
f0b71bf2240c12c1205d280c81b9721f,Localization Stability,TF,Jump Angular,0.000247516,321.9
f0b71bf2240c12c1205d280c81b9721f,Localization Stability,TF,Jump Linear,0.0031325,321.9
f0b71bf2240c12c1205d280c81b9721f,Localization Stability,TF,Jump Angular,0,322
f0b71bf2240c12c1205d280c81b9721f,Localization Stability,TF,Jump Linear,0,322
f0b71bf2240c12c1205d280c81b9721f,Input Validity,Lidar,Lidar Rate,10,321.08
f0b71bf2240c12c1205d280c81b9721f,Input Validity,Odometry,Odometry Rate,50,321.08
f0b71bf2240c12c1205d280c81b9721f,Input Validity,TF,TF Rate,10,321.08
f0b71bf2240c12c1205d280c81b9721f,Localization Stability,TF,Jump Angular,0,322.1
f0b71bf2240c12c1205d280c81b9721f,Localization Stability,TF,Jump Linear,0,322.1
f0b71bf2240c12c1205d280c81b9721f,Input Validity,Lidar,Lidar Rate,10,321.18
f0b71bf2240c12c1205d280c81b9721f,Input Validity,Odometry,Odometry Rate,50,321.18
f0b71bf2240c12c1205d280c81b9721f,Input Validity,TF,TF Rate,10,321.18
f0b71bf2240c12c1205d280c81b9721f,Input Validity,Lidar,Lidar Rate,10,321.27
f0b71bf2240c12c1205d280c81b9721f,Input Validity,Odometry,Odometry Rate,50,321.27
f0b71bf2240c12c1205d280c81b9721f,Input Validity,TF,TF Rate,10,321.27
f0b71bf2240c12c1205d280c81b9721f,Localization Quality,AMCLPose,CovYawYaw,0.00496612,321.2
f0b71bf2240c12c1205d280c81b9721f,Localization Quality,AMCLPose,CovYY,0.00187975,321.2
f0b71bf2240c12c1205d280c81b9721f,Localization Quality,AMCLPose,CovXX,0.00689578,321.2
f0b71bf2240c12c1205d280c81b9721f,Localization Quality,AMCLPose,MeanYaw,-3.1318,321.2
f0b71bf2240c12c1205d280c81b9721f,Localization Quality,AMCLPose,MeanY,-2.2434,321.2
f0b71bf2240c12c1205d280c81b9721f,Localization Quality,AMCLPose,MeanX,-5.01761,321.2
f0b71bf2240c12c1205d280c81b9721f,Localization Stability,TF,Jump Angular,-0.00240487,322.2
f0b71bf2240c12c1205d280c81b9721f,Localization Stability,TF,Jump Linear,0.0132694,322.2
f0b71bf2240c12c1205d280c81b9721f,Localization Stability,TF,Jump Angular,0,322.3
f0b71bf2240c12c1205d280c81b9721f,Localization Stability,TF,Jump Linear,0,322.3
f0b71bf2240c12c1205d280c81b9721f,Input Validity,Lidar,Lidar Rate,10,321.38
f0b71bf2240c12c1205d280c81b9721f,Input Validity,Odometry,Odometry Rate,50,321.38
f0b71bf2240c12c1205d280c81b9721f,Input Validity,TF,TF Rate,10,321.38
f0b71bf2240c12c1205d280c81b9721f,Localization Stability,TF,Jump Angular,0,322.4
f0b71bf2240c12c1205d280c81b9721f,Localization Stability,TF,Jump Linear,0,322.4
f0b71bf2240c12c1205d280c81b9721f,Input Validity,Lidar,Lidar Rate,10,321.48
f0b71bf2240c12c1205d280c81b9721f,Input Validity,Odometry,Odometry Rate,50,321.48
f0b71bf2240c12c1205d280c81b9721f,Input Validity,TF,TF Rate,10,321.48
f0b71bf2240c12c1205d280c81b9721f,Input Validity,Lidar,Lidar Rate,10,321.57
f0b71bf2240c12c1205d280c81b9721f,Input Validity,Odometry,Odometry Rate,50,321.57
f0b71bf2240c12c1205d280c81b9721f,Input Validity,TF,TF Rate,10,321.57
f0b71bf2240c12c1205d280c81b9721f,Localization Quality,AMCLPose,CovYawYaw,0.00489503,321.5
f0b71bf2240c12c1205d280c81b9721f,Localization Quality,AMCLPose,CovYY,0.00189765,321.5
f0b71bf2240c12c1205d280c81b9721f,Localization Quality,AMCLPose,CovXX,0.00712616,321.5
f0b71bf2240c12c1205d280c81b9721f,Localization Quality,AMCLPose,MeanYaw,-3.13593,321.5
f0b71bf2240c12c1205d280c81b9721f,Localization Quality,AMCLPose,MeanY,-2.24428,321.5
f0b71bf2240c12c1205d280c81b9721f,Localization Quality,AMCLPose,MeanX,-5.15095,321.5
f0b71bf2240c12c1205d280c81b9721f,Localization Stability,TF,Jump Angular,-0.000144186,322.5
f0b71bf2240c12c1205d280c81b9721f,Localization Stability,TF,Jump Linear,0.00208995,322.5
f0b71bf2240c12c1205d280c81b9721f,Localization Stability,TF,Jump Angular,0,322.6
f0b71bf2240c12c1205d280c81b9721f,Localization Stability,TF,Jump Linear,0,322.6
f0b71bf2240c12c1205d280c81b9721f,Input Validity,Lidar,Lidar Rate,10,321.67
f0b71bf2240c12c1205d280c81b9721f,Input Validity,Odometry,Odometry Rate,50,321.67
f0b71bf2240c12c1205d280c81b9721f,Input Validity,TF,TF Rate,10,321.67
f0b71bf2240c12c1205d280c81b9721f,Localization Stability,TF,Jump Angular,0,322.7
f0b71bf2240c12c1205d280c81b9721f,Localization Stability,TF,Jump Linear,0,322.7
f0b71bf2240c12c1205d280c81b9721f,Input Validity,Lidar,Lidar Rate,10,321.77
f0b71bf2240c12c1205d280c81b9721f,Input Validity,Odometry,Odometry Rate,50,321.77
f0b71bf2240c12c1205d280c81b9721f,Input Validity,TF,TF Rate,10,321.77
f0b71bf2240c12c1205d280c81b9721f,Input Validity,Lidar,Lidar Rate,10,321.87
f0b71bf2240c12c1205d280c81b9721f,Input Validity,Odometry,Odometry Rate,50,321.87
f0b71bf2240c12c1205d280c81b9721f,Input Validity,TF,TF Rate,10,321.87
f0b71bf2240c12c1205d280c81b9721f,Localization Quality,AMCLPose,CovYawYaw,0.00500412,321.8
f0b71bf2240c12c1205d280c81b9721f,Localization Quality,AMCLPose,CovYY,0.00181697,321.8
f0b71bf2240c12c1205d280c81b9721f,Localization Quality,AMCLPose,CovXX,0.00721376,321.8
f0b71bf2240c12c1205d280c81b9721f,Localization Quality,AMCLPose,MeanYaw,3.13672,321.8
f0b71bf2240c12c1205d280c81b9721f,Localization Quality,AMCLPose,MeanY,-2.24441,321.8
f0b71bf2240c12c1205d280c81b9721f,Localization Quality,AMCLPose,MeanX,-5.28604,321.8
f0b71bf2240c12c1205d280c81b9721f,Localization Stability,TF,Jump Angular,-0.00285934,322.8
f0b71bf2240c12c1205d280c81b9721f,Localization Stability,TF,Jump Linear,0.0161604,322.8
f0b71bf2240c12c1205d280c81b9721f,Localization Stability,TF,Jump Angular,0,322.9
f0b71bf2240c12c1205d280c81b9721f,Localization Stability,TF,Jump Linear,0,322.9
f0b71bf2240c12c1205d280c81b9721f,Input Validity,Lidar,Lidar Rate,10,321.97
f0b71bf2240c12c1205d280c81b9721f,Input Validity,Odometry,Odometry Rate,50,321.97
f0b71bf2240c12c1205d280c81b9721f,Input Validity,TF,TF Rate,10,321.97
f0b71bf2240c12c1205d280c81b9721f,Localization Stability,TF,Jump Angular,0,323
f0b71bf2240c12c1205d280c81b9721f,Localization Stability,TF,Jump Linear,0,323
f0b71bf2240c12c1205d280c81b9721f,Input Validity,Lidar,Lidar Rate,10,322.07
f0b71bf2240c12c1205d280c81b9721f,Input Validity,Odometry,Odometry Rate,50,322.07
f0b71bf2240c12c1205d280c81b9721f,Input Validity,TF,TF Rate,10,322.07
f0b71bf2240c12c1205d280c81b9721f,Input Validity,Lidar,Lidar Rate,10,322.17
f0b71bf2240c12c1205d280c81b9721f,Input Validity,Odometry,Odometry Rate,50,322.17
f0b71bf2240c12c1205d280c81b9721f,Input Validity,TF,TF Rate,10,322.17
f0b71bf2240c12c1205d280c81b9721f,Localization Quality,AMCLPose,CovYawYaw,0.0051249,322.1
f0b71bf2240c12c1205d280c81b9721f,Localization Quality,AMCLPose,CovYY,0.00191179,322.1
f0b71bf2240c12c1205d280c81b9721f,Localization Quality,AMCLPose,CovXX,0.00724852,322.1
f0b71bf2240c12c1205d280c81b9721f,Localization Quality,AMCLPose,MeanYaw,3.13158,322.1
f0b71bf2240c12c1205d280c81b9721f,Localization Quality,AMCLPose,MeanY,-2.24387,322.1
f0b71bf2240c12c1205d280c81b9721f,Localization Quality,AMCLPose,MeanX,-5.41868,322.1
f0b71bf2240c12c1205d280c81b9721f,Localization Stability,TF,Jump Angular,5.15623e-05,323.1
f0b71bf2240c12c1205d280c81b9721f,Localization Stability,TF,Jump Linear,0.00223272,323.1
f0b71bf2240c12c1205d280c81b9721f,Input Validity,Lidar,Lidar Rate,10,322.27
f0b71bf2240c12c1205d280c81b9721f,Input Validity,Odometry,Odometry Rate,50,322.27
f0b71bf2240c12c1205d280c81b9721f,Input Validity,TF,TF Rate,10,322.27
f0b71bf2240c12c1205d280c81b9721f,Localization Stability,TF,Jump Angular,0,323.2
f0b71bf2240c12c1205d280c81b9721f,Localization Stability,TF,Jump Linear,0,323.2
f0b71bf2240c12c1205d280c81b9721f,Localization Stability,TF,Jump Angular,0,323.3
f0b71bf2240c12c1205d280c81b9721f,Localization Stability,TF,Jump Linear,0,323.3
f0b71bf2240c12c1205d280c81b9721f,Input Validity,Lidar,Lidar Rate,10,322.37
f0b71bf2240c12c1205d280c81b9721f,Input Validity,Odometry,Odometry Rate,50,322.37
f0b71bf2240c12c1205d280c81b9721f,Input Validity,TF,TF Rate,10,322.37
f0b71bf2240c12c1205d280c81b9721f,Localization Quality,AMCLPose,CovYawYaw,0.00519046,322.4
f0b71bf2240c12c1205d280c81b9721f,Localization Quality,AMCLPose,CovYY,0.00208555,322.4
f0b71bf2240c12c1205d280c81b9721f,Localization Quality,AMCLPose,CovXX,0.00729455,322.4
f0b71bf2240c12c1205d280c81b9721f,Localization Quality,AMCLPose,MeanYaw,3.13206,322.4
f0b71bf2240c12c1205d280c81b9721f,Localization Quality,AMCLPose,MeanY,-2.24195,322.4
f0b71bf2240c12c1205d280c81b9721f,Localization Quality,AMCLPose,MeanX,-5.55431,322.4
f0b71bf2240c12c1205d280c81b9721f,Input Validity,Lidar,Lidar Rate,10,322.47
f0b71bf2240c12c1205d280c81b9721f,Input Validity,Odometry,Odometry Rate,50,322.47
f0b71bf2240c12c1205d280c81b9721f,Input Validity,TF,TF Rate,10,322.47
f0b71bf2240c12c1205d280c81b9721f,Localization Stability,TF,Jump Angular,-0.00130943,323.4
f0b71bf2240c12c1205d280c81b9721f,Localization Stability,TF,Jump Linear,0.00696162,323.4
f0b71bf2240c12c1205d280c81b9721f,Localization Stability,TF,Jump Angular,0,323.5
f0b71bf2240c12c1205d280c81b9721f,Localization Stability,TF,Jump Linear,0,323.5
f0b71bf2240c12c1205d280c81b9721f,Input Validity,Lidar,Lidar Rate,10,322.57
f0b71bf2240c12c1205d280c81b9721f,Input Validity,Odometry,Odometry Rate,50,322.57
f0b71bf2240c12c1205d280c81b9721f,Input Validity,TF,TF Rate,10,322.57
f0b71bf2240c12c1205d280c81b9721f,Localization Stability,TF,Jump Angular,0,323.6
f0b71bf2240c12c1205d280c81b9721f,Localization Stability,TF,Jump Linear,0,323.6
f0b71bf2240c12c1205d280c81b9721f,Input Validity,Lidar,Lidar Rate,10,322.67
f0b71bf2240c12c1205d280c81b9721f,Input Validity,Odometry,Odometry Rate,50,322.67
f0b71bf2240c12c1205d280c81b9721f,Input Validity,TF,TF Rate,10,322.67
f0b71bf2240c12c1205d280c81b9721f,Input Validity,Lidar,Lidar Rate,10,322.77
f0b71bf2240c12c1205d280c81b9721f,Input Validity,Odometry,Odometry Rate,50,322.77
f0b71bf2240c12c1205d280c81b9721f,Input Validity,TF,TF Rate,10,322.77
f0b71bf2240c12c1205d280c81b9721f,Localization Quality,AMCLPose,CovYawYaw,0.00525954,322.7
f0b71bf2240c12c1205d280c81b9721f,Localization Quality,AMCLPose,CovYY,0.00223753,322.7
f0b71bf2240c12c1205d280c81b9721f,Localization Quality,AMCLPose,CovXX,0.00738115,322.7
f0b71bf2240c12c1205d280c81b9721f,Localization Quality,AMCLPose,MeanYaw,3.13213,322.7
f0b71bf2240c12c1205d280c81b9721f,Localization Quality,AMCLPose,MeanY,-2.24135,322.7
f0b71bf2240c12c1205d280c81b9721f,Localization Quality,AMCLPose,MeanX,-5.68712,322.7
f0b71bf2240c12c1205d280c81b9721f,Localization Stability,TF,Jump Angular,0.00335441,323.7
f0b71bf2240c12c1205d280c81b9721f,Localization Stability,TF,Jump Linear,0.0186566,323.7
f0b71bf2240c12c1205d280c81b9721f,Input Validity,Lidar,Lidar Rate,10,322.87
f0b71bf2240c12c1205d280c81b9721f,Input Validity,Odometry,Odometry Rate,50,322.87
f0b71bf2240c12c1205d280c81b9721f,Input Validity,TF,TF Rate,10,322.87
f0b71bf2240c12c1205d280c81b9721f,Localization Stability,TF,Jump Angular,0,323.8
f0b71bf2240c12c1205d280c81b9721f,Localization Stability,TF,Jump Linear,0,323.8
f0b71bf2240c12c1205d280c81b9721f,Input Validity,Lidar,Lidar Rate,10,322.97
f0b71bf2240c12c1205d280c81b9721f,Input Validity,Odometry,Odometry Rate,50,322.97
f0b71bf2240c12c1205d280c81b9721f,Input Validity,TF,TF Rate,10,322.97
f0b71bf2240c12c1205d280c81b9721f,Localization Stability,TF,Jump Angular,0,323.9
f0b71bf2240c12c1205d280c81b9721f,Localization Stability,TF,Jump Linear,0,323.9
f0b71bf2240c12c1205d280c81b9721f,Input Validity,Lidar,Lidar Rate,10,323.07
f0b71bf2240c12c1205d280c81b9721f,Input Validity,Odometry,Odometry Rate,50,323.07
f0b71bf2240c12c1205d280c81b9721f,Input Validity,TF,TF Rate,10,323.07
f0b71bf2240c12c1205d280c81b9721f,Localization Quality,AMCLPose,CovYawYaw,0.00542485,323
f0b71bf2240c12c1205d280c81b9721f,Localization Quality,AMCLPose,CovYY,0.00235633,323
f0b71bf2240c12c1205d280c81b9721f,Localization Quality,AMCLPose,CovXX,0.0075633,323
f0b71bf2240c12c1205d280c81b9721f,Localization Quality,AMCLPose,MeanYaw,3.13265,323
f0b71bf2240c12c1205d280c81b9721f,Localization Quality,AMCLPose,MeanY,-2.24064,323
f0b71bf2240c12c1205d280c81b9721f,Localization Quality,AMCLPose,MeanX,-5.82308,323
f0b71bf2240c12c1205d280c81b9721f,Localization Stability,TF,Jump Angular,0.00176359,324
f0b71bf2240c12c1205d280c81b9721f,Localization Stability,TF,Jump Linear,0.0107303,324
f0b71bf2240c12c1205d280c81b9721f,Localization Stability,TF,Jump Angular,0,324.1
f0b71bf2240c12c1205d280c81b9721f,Localization Stability,TF,Jump Linear,0,324.1
f0b71bf2240c12c1205d280c81b9721f,Input Validity,Lidar,Lidar Rate,10,323.17
f0b71bf2240c12c1205d280c81b9721f,Input Validity,Odometry,Odometry Rate,50,323.17
f0b71bf2240c12c1205d280c81b9721f,Input Validity,TF,TF Rate,10,323.17
f0b71bf2240c12c1205d280c81b9721f,Localization Stability,TF,Jump Angular,0,324.2
f0b71bf2240c12c1205d280c81b9721f,Localization Stability,TF,Jump Linear,0,324.2
f0b71bf2240c12c1205d280c81b9721f,Input Validity,Lidar,Lidar Rate,10,323.26
f0b71bf2240c12c1205d280c81b9721f,Input Validity,Odometry,Odometry Rate,50,323.26
f0b71bf2240c12c1205d280c81b9721f,Input Validity,TF,TF Rate,10,323.26
f0b71bf2240c12c1205d280c81b9721f,Input Validity,Lidar,Lidar Rate,10,323.36
f0b71bf2240c12c1205d280c81b9721f,Input Validity,Odometry,Odometry Rate,50,323.36
f0b71bf2240c12c1205d280c81b9721f,Input Validity,TF,TF Rate,10,323.36
f0b71bf2240c12c1205d280c81b9721f,Localization Quality,AMCLPose,CovYawYaw,0.00551418,323.3
f0b71bf2240c12c1205d280c81b9721f,Localization Quality,AMCLPose,CovYY,0.00243787,323.3
f0b71bf2240c12c1205d280c81b9721f,Localization Quality,AMCLPose,CovXX,0.00724868,323.3
f0b71bf2240c12c1205d280c81b9721f,Localization Quality,AMCLPose,MeanYaw,3.13756,323.3
f0b71bf2240c12c1205d280c81b9721f,Localization Quality,AMCLPose,MeanY,-2.24164,323.3
f0b71bf2240c12c1205d280c81b9721f,Localization Quality,AMCLPose,MeanX,-5.95832,323.3
f0b71bf2240c12c1205d280c81b9721f,Localization Stability,TF,Jump Angular,0.00156242,324.3
f0b71bf2240c12c1205d280c81b9721f,Localization Stability,TF,Jump Linear,0.00816223,324.3
f0b71bf2240c12c1205d280c81b9721f,Localization Stability,TF,Jump Angular,0,324.4
f0b71bf2240c12c1205d280c81b9721f,Localization Stability,TF,Jump Linear,0,324.4
f0b71bf2240c12c1205d280c81b9721f,Input Validity,Lidar,Lidar Rate,10,323.46
f0b71bf2240c12c1205d280c81b9721f,Input Validity,Odometry,Odometry Rate,50,323.46
f0b71bf2240c12c1205d280c81b9721f,Input Validity,TF,TF Rate,10,323.46
f0b71bf2240c12c1205d280c81b9721f,Input Validity,Lidar,Lidar Rate,10,323.56
f0b71bf2240c12c1205d280c81b9721f,Input Validity,Odometry,Odometry Rate,50,323.56
f0b71bf2240c12c1205d280c81b9721f,Input Validity,TF,TF Rate,10,323.56
f0b71bf2240c12c1205d280c81b9721f,Localization Stability,TF,Jump Angular,0,324.5
f0b71bf2240c12c1205d280c81b9721f,Localization Stability,TF,Jump Linear,0,324.5
f0b71bf2240c12c1205d280c81b9721f,Input Validity,Lidar,Lidar Rate,10,323.66
f0b71bf2240c12c1205d280c81b9721f,Input Validity,Odometry,Odometry Rate,50,323.66
f0b71bf2240c12c1205d280c81b9721f,Input Validity,TF,TF Rate,10,323.66
f0b71bf2240c12c1205d280c81b9721f,Localization Quality,AMCLPose,CovYawYaw,0.00551263,323.6
f0b71bf2240c12c1205d280c81b9721f,Localization Quality,AMCLPose,CovYY,0.00271556,323.6
f0b71bf2240c12c1205d280c81b9721f,Localization Quality,AMCLPose,CovXX,0.00744586,323.6
f0b71bf2240c12c1205d280c81b9721f,Localization Quality,AMCLPose,MeanYaw,3.13683,323.6
f0b71bf2240c12c1205d280c81b9721f,Localization Quality,AMCLPose,MeanY,-2.24121,323.6
f0b71bf2240c12c1205d280c81b9721f,Localization Quality,AMCLPose,MeanX,-6.09157,323.6
f0b71bf2240c12c1205d280c81b9721f,Localization Stability,TF,Jump Angular,-0.00412243,324.6
f0b71bf2240c12c1205d280c81b9721f,Localization Stability,TF,Jump Linear,0.0270076,324.6
f0b71bf2240c12c1205d280c81b9721f,Input Validity,Lidar,Lidar Rate,10,323.76
f0b71bf2240c12c1205d280c81b9721f,Input Validity,Odometry,Odometry Rate,50,323.76
f0b71bf2240c12c1205d280c81b9721f,Input Validity,TF,TF Rate,10,323.76
f0b71bf2240c12c1205d280c81b9721f,Localization Stability,TF,Jump Angular,0,324.7
f0b71bf2240c12c1205d280c81b9721f,Localization Stability,TF,Jump Linear,0,324.7
f0b71bf2240c12c1205d280c81b9721f,Localization Stability,TF,Jump Angular,0,324.8
f0b71bf2240c12c1205d280c81b9721f,Localization Stability,TF,Jump Linear,0,324.8
f0b71bf2240c12c1205d280c81b9721f,Input Validity,Lidar,Lidar Rate,10,323.86
f0b71bf2240c12c1205d280c81b9721f,Input Validity,Odometry,Odometry Rate,50,323.86
f0b71bf2240c12c1205d280c81b9721f,Input Validity,TF,TF Rate,10,323.86
f0b71bf2240c12c1205d280c81b9721f,Input Validity,Lidar,Lidar Rate,10,323.96
f0b71bf2240c12c1205d280c81b9721f,Input Validity,Odometry,Odometry Rate,50,323.96
f0b71bf2240c12c1205d280c81b9721f,Input Validity,TF,TF Rate,10,323.96
f0b71bf2240c12c1205d280c81b9721f,Localization Quality,AMCLPose,CovYawYaw,0.00544638,323.9
f0b71bf2240c12c1205d280c81b9721f,Localization Quality,AMCLPose,CovYY,0.00287633,323.9
f0b71bf2240c12c1205d280c81b9721f,Localization Quality,AMCLPose,CovXX,0.00705312,323.9
f0b71bf2240c12c1205d280c81b9721f,Localization Quality,AMCLPose,MeanYaw,3.1354,323.9
f0b71bf2240c12c1205d280c81b9721f,Localization Quality,AMCLPose,MeanY,-2.24054,323.9
f0b71bf2240c12c1205d280c81b9721f,Localization Quality,AMCLPose,MeanX,-6.22696,323.9
f0b71bf2240c12c1205d280c81b9721f,Localization Stability,TF,Jump Angular,-0.00263093,324.9
f0b71bf2240c12c1205d280c81b9721f,Localization Stability,TF,Jump Linear,0.0169789,324.9
f0b71bf2240c12c1205d280c81b9721f,Input Validity,Lidar,Lidar Rate,10,324.06
f0b71bf2240c12c1205d280c81b9721f,Input Validity,Odometry,Odometry Rate,50,324.06
f0b71bf2240c12c1205d280c81b9721f,Input Validity,TF,TF Rate,10,324.06
f0b71bf2240c12c1205d280c81b9721f,Localization Stability,TF,Jump Angular,0,325
f0b71bf2240c12c1205d280c81b9721f,Localization Stability,TF,Jump Linear,0,325
f0b71bf2240c12c1205d280c81b9721f,Input Validity,Lidar,Lidar Rate,10,324.16
f0b71bf2240c12c1205d280c81b9721f,Input Validity,Odometry,Odometry Rate,50,324.16
f0b71bf2240c12c1205d280c81b9721f,Input Validity,TF,TF Rate,10,324.16
f0b71bf2240c12c1205d280c81b9721f,Localization Stability,TF,Jump Angular,0,325.1
f0b71bf2240c12c1205d280c81b9721f,Localization Stability,TF,Jump Linear,0,325.1
f0b71bf2240c12c1205d280c81b9721f,Input Validity,Lidar,Lidar Rate,10,324.26
f0b71bf2240c12c1205d280c81b9721f,Input Validity,Odometry,Odometry Rate,50,324.26
f0b71bf2240c12c1205d280c81b9721f,Input Validity,TF,TF Rate,10,324.26
f0b71bf2240c12c1205d280c81b9721f,Localization Quality,AMCLPose,CovYawYaw,0.00520619,324.2
f0b71bf2240c12c1205d280c81b9721f,Localization Quality,AMCLPose,CovYY,0.00288552,324.2
f0b71bf2240c12c1205d280c81b9721f,Localization Quality,AMCLPose,CovXX,0.00686392,324.2
f0b71bf2240c12c1205d280c81b9721f,Localization Quality,AMCLPose,MeanYaw,-3.13975,324.2
f0b71bf2240c12c1205d280c81b9721f,Localization Quality,AMCLPose,MeanY,-2.24074,324.2
f0b71bf2240c12c1205d280c81b9721f,Localization Quality,AMCLPose,MeanX,-6.36264,324.2
f0b71bf2240c12c1205d280c81b9721f,Localization Stability,TF,Jump Angular,0.000585998,325.2
f0b71bf2240c12c1205d280c81b9721f,Localization Stability,TF,Jump Linear,0.00369701,325.2
f0b71bf2240c12c1205d280c81b9721f,Localization Stability,TF,Jump Angular,0,325.3
f0b71bf2240c12c1205d280c81b9721f,Localization Stability,TF,Jump Linear,0,325.3
f0b71bf2240c12c1205d280c81b9721f,Input Validity,Lidar,Lidar Rate,10,324.36
f0b71bf2240c12c1205d280c81b9721f,Input Validity,Odometry,Odometry Rate,50,324.36
f0b71bf2240c12c1205d280c81b9721f,Input Validity,TF,TF Rate,10,324.36
f0b71bf2240c12c1205d280c81b9721f,Localization Stability,TF,Jump Angular,0,325.4
f0b71bf2240c12c1205d280c81b9721f,Localization Stability,TF,Jump Linear,0,325.4
f0b71bf2240c12c1205d280c81b9721f,Input Validity,Lidar,Lidar Rate,10,324.46
f0b71bf2240c12c1205d280c81b9721f,Input Validity,Odometry,Odometry Rate,50,324.46
f0b71bf2240c12c1205d280c81b9721f,Input Validity,TF,TF Rate,10,324.46
f0b71bf2240c12c1205d280c81b9721f,Input Validity,Lidar,Lidar Rate,10,324.56
f0b71bf2240c12c1205d280c81b9721f,Input Validity,Odometry,Odometry Rate,50,324.56
f0b71bf2240c12c1205d280c81b9721f,Input Validity,TF,TF Rate,10,324.56
f0b71bf2240c12c1205d280c81b9721f,Localization Quality,AMCLPose,CovYawYaw,0.00542975,324.5
f0b71bf2240c12c1205d280c81b9721f,Localization Quality,AMCLPose,CovYY,0.00318607,324.5
f0b71bf2240c12c1205d280c81b9721f,Localization Quality,AMCLPose,CovXX,0.00673702,324.5
f0b71bf2240c12c1205d280c81b9721f,Localization Quality,AMCLPose,MeanYaw,-3.12153,324.5
f0b71bf2240c12c1205d280c81b9721f,Localization Quality,AMCLPose,MeanY,-2.24297,324.5
f0b71bf2240c12c1205d280c81b9721f,Localization Quality,AMCLPose,MeanX,-6.50127,324.5
f0b71bf2240c12c1205d280c81b9721f,Localization Stability,TF,Jump Angular,0.000767864,325.5
f0b71bf2240c12c1205d280c81b9721f,Localization Stability,TF,Jump Linear,0.00687828,325.5
f0b71bf2240c12c1205d280c81b9721f,Localization Stability,TF,Jump Angular,0,325.6
f0b71bf2240c12c1205d280c81b9721f,Localization Stability,TF,Jump Linear,0,325.6
f0b71bf2240c12c1205d280c81b9721f,Input Validity,Lidar,Lidar Rate,10,324.66
f0b71bf2240c12c1205d280c81b9721f,Input Validity,Odometry,Odometry Rate,50,324.66
f0b71bf2240c12c1205d280c81b9721f,Input Validity,TF,TF Rate,10,324.66
f0b71bf2240c12c1205d280c81b9721f,Input Validity,Lidar,Lidar Rate,10,324.76
f0b71bf2240c12c1205d280c81b9721f,Input Validity,Odometry,Odometry Rate,50,324.76
f0b71bf2240c12c1205d280c81b9721f,Input Validity,TF,TF Rate,10,324.76
f0b71bf2240c12c1205d280c81b9721f,Localization Stability,TF,Jump Angular,0,325.7
f0b71bf2240c12c1205d280c81b9721f,Localization Stability,TF,Jump Linear,0,325.7
f0b71bf2240c12c1205d280c81b9721f,Input Validity,Lidar,Lidar Rate,10,324.86
f0b71bf2240c12c1205d280c81b9721f,Input Validity,Odometry,Odometry Rate,50,324.86
f0b71bf2240c12c1205d280c81b9721f,Input Validity,TF,TF Rate,10,324.86
f0b71bf2240c12c1205d280c81b9721f,Localization Quality,AMCLPose,CovYawYaw,0.00502108,324.8
f0b71bf2240c12c1205d280c81b9721f,Localization Quality,AMCLPose,CovYY,0.00327797,324.8
f0b71bf2240c12c1205d280c81b9721f,Localization Quality,AMCLPose,CovXX,0.00595801,324.8
f0b71bf2240c12c1205d280c81b9721f,Localization Quality,AMCLPose,MeanYaw,-3.08828,324.8
f0b71bf2240c12c1205d280c81b9721f,Localization Quality,AMCLPose,MeanY,-2.2492,324.8
f0b71bf2240c12c1205d280c81b9721f,Localization Quality,AMCLPose,MeanX,-6.64049,324.8
f0b71bf2240c12c1205d280c81b9721f,Localization Stability,TF,Jump Angular,0.00310362,325.8
f0b71bf2240c12c1205d280c81b9721f,Localization Stability,TF,Jump Linear,0.0220937,325.8
f0b71bf2240c12c1205d280c81b9721f,Input Validity,Lidar,Lidar Rate,10,324.95
f0b71bf2240c12c1205d280c81b9721f,Input Validity,Odometry,Odometry Rate,50,324.95
f0b71bf2240c12c1205d280c81b9721f,Input Validity,TF,TF Rate,10,324.95
f0b71bf2240c12c1205d280c81b9721f,Localization Stability,TF,Jump Angular,0,325.9
f0b71bf2240c12c1205d280c81b9721f,Localization Stability,TF,Jump Linear,0,325.9
f0b71bf2240c12c1205d280c81b9721f,Localization Stability,TF,Jump Angular,0,326
f0b71bf2240c12c1205d280c81b9721f,Localization Stability,TF,Jump Linear,0,326
f0b71bf2240c12c1205d280c81b9721f,Input Validity,Lidar,Lidar Rate,10,325.05
f0b71bf2240c12c1205d280c81b9721f,Input Validity,Odometry,Odometry Rate,50,325.05
f0b71bf2240c12c1205d280c81b9721f,Input Validity,TF,TF Rate,10,325.05
f0b71bf2240c12c1205d280c81b9721f,Input Validity,Lidar,Lidar Rate,10,325.15
f0b71bf2240c12c1205d280c81b9721f,Input Validity,Odometry,Odometry Rate,50,325.15
f0b71bf2240c12c1205d280c81b9721f,Input Validity,TF,TF Rate,10,325.15
f0b71bf2240c12c1205d280c81b9721f,Localization Quality,AMCLPose,CovYawYaw,0.00468109,325.1
f0b71bf2240c12c1205d280c81b9721f,Localization Quality,AMCLPose,CovYY,0.00326655,325.1
f0b71bf2240c12c1205d280c81b9721f,Localization Quality,AMCLPose,CovXX,0.00556848,325.1
f0b71bf2240c12c1205d280c81b9721f,Localization Quality,AMCLPose,MeanYaw,-3.05242,325.1
f0b71bf2240c12c1205d280c81b9721f,Localization Quality,AMCLPose,MeanY,-2.25533,325.1
f0b71bf2240c12c1205d280c81b9721f,Localization Quality,AMCLPose,MeanX,-6.77108,325.1
f0b71bf2240c12c1205d280c81b9721f,Localization Stability,TF,Jump Angular,0.000666987,326.1
f0b71bf2240c12c1205d280c81b9721f,Localization Stability,TF,Jump Linear,0.00892768,326.1
f0b71bf2240c12c1205d280c81b9721f,Input Validity,Lidar,Lidar Rate,10,325.25
f0b71bf2240c12c1205d280c81b9721f,Input Validity,Odometry,Odometry Rate,50,325.25
f0b71bf2240c12c1205d280c81b9721f,Input Validity,TF,TF Rate,10,325.25
f0b71bf2240c12c1205d280c81b9721f,Localization Stability,TF,Jump Angular,0,326.2
f0b71bf2240c12c1205d280c81b9721f,Localization Stability,TF,Jump Linear,0,326.2
f0b71bf2240c12c1205d280c81b9721f,Input Validity,Lidar,Lidar Rate,10,325.35
f0b71bf2240c12c1205d280c81b9721f,Input Validity,Odometry,Odometry Rate,50,325.35
f0b71bf2240c12c1205d280c81b9721f,Input Validity,TF,TF Rate,10,325.35
f0b71bf2240c12c1205d280c81b9721f,Localization Stability,TF,Jump Angular,0,326.3
f0b71bf2240c12c1205d280c81b9721f,Localization Stability,TF,Jump Linear,0,326.3
f0b71bf2240c12c1205d280c81b9721f,Input Validity,Lidar,Lidar Rate,10,325.45
f0b71bf2240c12c1205d280c81b9721f,Input Validity,Odometry,Odometry Rate,50,325.45
f0b71bf2240c12c1205d280c81b9721f,Input Validity,TF,TF Rate,10,325.45
f0b71bf2240c12c1205d280c81b9721f,Localization Quality,AMCLPose,CovYawYaw,0.00443524,325.4
f0b71bf2240c12c1205d280c81b9721f,Localization Quality,AMCLPose,CovYY,0.00310067,325.4
f0b71bf2240c12c1205d280c81b9721f,Localization Quality,AMCLPose,CovXX,0.00565929,325.4
f0b71bf2240c12c1205d280c81b9721f,Localization Quality,AMCLPose,MeanYaw,-3.02202,325.4
f0b71bf2240c12c1205d280c81b9721f,Localization Quality,AMCLPose,MeanY,-2.26754,325.4
f0b71bf2240c12c1205d280c81b9721f,Localization Quality,AMCLPose,MeanX,-6.87717,325.4
f0b71bf2240c12c1205d280c81b9721f,Localization Stability,TF,Jump Angular,0.000575452,326.4
f0b71bf2240c12c1205d280c81b9721f,Localization Stability,TF,Jump Linear,0.0028657,326.4
f0b71bf2240c12c1205d280c81b9721f,Input Validity,Lidar,Lidar Rate,10,325.55
f0b71bf2240c12c1205d280c81b9721f,Input Validity,Odometry,Odometry Rate,50,325.55
f0b71bf2240c12c1205d280c81b9721f,Input Validity,TF,TF Rate,10,325.55
f0b71bf2240c12c1205d280c81b9721f,Localization Stability,TF,Jump Angular,0,326.5
f0b71bf2240c12c1205d280c81b9721f,Localization Stability,TF,Jump Linear,0,326.5
f0b71bf2240c12c1205d280c81b9721f,Input Validity,Lidar,Lidar Rate,10,325.65
f0b71bf2240c12c1205d280c81b9721f,Input Validity,Odometry,Odometry Rate,50,325.65
f0b71bf2240c12c1205d280c81b9721f,Input Validity,TF,TF Rate,10,325.65
f0b71bf2240c12c1205d280c81b9721f,Localization Stability,TF,Jump Angular,0,326.6
f0b71bf2240c12c1205d280c81b9721f,Localization Stability,TF,Jump Linear,0,326.6
f0b71bf2240c12c1205d280c81b9721f,Localization Stability,TF,Jump Angular,0,326.7
f0b71bf2240c12c1205d280c81b9721f,Localization Stability,TF,Jump Linear,0,326.7
f0b71bf2240c12c1205d280c81b9721f,Input Validity,Lidar,Lidar Rate,10,325.75
f0b71bf2240c12c1205d280c81b9721f,Input Validity,Odometry,Odometry Rate,50,325.75
f0b71bf2240c12c1205d280c81b9721f,Input Validity,TF,TF Rate,10,325.75
f0b71bf2240c12c1205d280c81b9721f,Input Validity,Lidar,Lidar Rate,10,325.85
f0b71bf2240c12c1205d280c81b9721f,Input Validity,Odometry,Odometry Rate,50,325.85
f0b71bf2240c12c1205d280c81b9721f,Input Validity,TF,TF Rate,10,325.85
f0b71bf2240c12c1205d280c81b9721f,Localization Quality,AMCLPose,CovYawYaw,0.00449421,325.8
f0b71bf2240c12c1205d280c81b9721f,Localization Quality,AMCLPose,CovYY,0.00321794,325.8
f0b71bf2240c12c1205d280c81b9721f,Localization Quality,AMCLPose,CovXX,0.00589084,325.8
f0b71bf2240c12c1205d280c81b9721f,Localization Quality,AMCLPose,MeanYaw,-2.99052,325.8
f0b71bf2240c12c1205d280c81b9721f,Localization Quality,AMCLPose,MeanY,-2.28395,325.8
f0b71bf2240c12c1205d280c81b9721f,Localization Quality,AMCLPose,MeanX,-6.99177,325.8
f0b71bf2240c12c1205d280c81b9721f,Localization Stability,TF,Jump Angular,-0.000194486,326.8
f0b71bf2240c12c1205d280c81b9721f,Localization Stability,TF,Jump Linear,0.00240822,326.8
f0b71bf2240c12c1205d280c81b9721f,Input Validity,Lidar,Lidar Rate,10,325.95
f0b71bf2240c12c1205d280c81b9721f,Input Validity,Odometry,Odometry Rate,50,325.95
f0b71bf2240c12c1205d280c81b9721f,Input Validity,TF,TF Rate,10,325.95
f0b71bf2240c12c1205d280c81b9721f,Localization Stability,TF,Jump Angular,0,326.9
f0b71bf2240c12c1205d280c81b9721f,Localization Stability,TF,Jump Linear,0,326.9
f0b71bf2240c12c1205d280c81b9721f,Input Validity,Lidar,Lidar Rate,10,326.05
f0b71bf2240c12c1205d280c81b9721f,Input Validity,Odometry,Odometry Rate,50,326.05
f0b71bf2240c12c1205d280c81b9721f,Input Validity,TF,TF Rate,10,326.05
f0b71bf2240c12c1205d280c81b9721f,Localization Stability,TF,Jump Angular,0,327
f0b71bf2240c12c1205d280c81b9721f,Localization Stability,TF,Jump Linear,0,327
f0b71bf2240c12c1205d280c81b9721f,Input Validity,Lidar,Lidar Rate,10,326.15
f0b71bf2240c12c1205d280c81b9721f,Input Validity,Odometry,Odometry Rate,50,326.15
f0b71bf2240c12c1205d280c81b9721f,Input Validity,TF,TF Rate,10,326.15
f0b71bf2240c12c1205d280c81b9721f,Localization Stability,TF,Jump Angular,0,327.1
f0b71bf2240c12c1205d280c81b9721f,Localization Stability,TF,Jump Linear,0,327.1
f0b71bf2240c12c1205d280c81b9721f,Input Validity,Lidar,Lidar Rate,10,326.25
f0b71bf2240c12c1205d280c81b9721f,Input Validity,Odometry,Odometry Rate,50,326.25
f0b71bf2240c12c1205d280c81b9721f,Input Validity,TF,TF Rate,10,326.25
f0b71bf2240c12c1205d280c81b9721f,Localization Stability,TF,Jump Angular,0,327.2
f0b71bf2240c12c1205d280c81b9721f,Localization Stability,TF,Jump Linear,0,327.2
f0b71bf2240c12c1205d280c81b9721f,Input Validity,Lidar,Lidar Rate,10,326.35
f0b71bf2240c12c1205d280c81b9721f,Input Validity,Odometry,Odometry Rate,50,326.35
f0b71bf2240c12c1205d280c81b9721f,Input Validity,TF,TF Rate,10,326.35
f0b71bf2240c12c1205d280c81b9721f,Localization Quality,AMCLPose,CovYawYaw,0.00427242,326.3
f0b71bf2240c12c1205d280c81b9721f,Localization Quality,AMCLPose,CovYY,0.00319029,326.3
f0b71bf2240c12c1205d280c81b9721f,Localization Quality,AMCLPose,CovXX,0.00616006,326.3
f0b71bf2240c12c1205d280c81b9721f,Localization Quality,AMCLPose,MeanYaw,-2.9617,326.3
f0b71bf2240c12c1205d280c81b9721f,Localization Quality,AMCLPose,MeanY,-2.30077,326.3
f0b71bf2240c12c1205d280c81b9721f,Localization Quality,AMCLPose,MeanX,-7.09959,326.3
f0b71bf2240c12c1205d280c81b9721f,Localization Stability,TF,Jump Angular,-0.000174484,327.3
f0b71bf2240c12c1205d280c81b9721f,Localization Stability,TF,Jump Linear,0.00209268,327.3
f0b71bf2240c12c1205d280c81b9721f,Input Validity,Lidar,Lidar Rate,10,326.44
f0b71bf2240c12c1205d280c81b9721f,Input Validity,Odometry,Odometry Rate,50,326.44
f0b71bf2240c12c1205d280c81b9721f,Input Validity,TF,TF Rate,10,326.44
f0b71bf2240c12c1205d280c81b9721f,Localization Stability,TF,Jump Angular,0,327.4
f0b71bf2240c12c1205d280c81b9721f,Localization Stability,TF,Jump Linear,0,327.4
f0b71bf2240c12c1205d280c81b9721f,Input Validity,Lidar,Lidar Rate,10,326.54
f0b71bf2240c12c1205d280c81b9721f,Input Validity,Odometry,Odometry Rate,50,326.54
f0b71bf2240c12c1205d280c81b9721f,Input Validity,TF,TF Rate,10,326.54
f0b71bf2240c12c1205d280c81b9721f,Localization Stability,TF,Jump Angular,0,327.5
f0b71bf2240c12c1205d280c81b9721f,Localization Stability,TF,Jump Linear,0,327.5
f0b71bf2240c12c1205d280c81b9721f,Input Validity,Lidar,Lidar Rate,10,326.64
f0b71bf2240c12c1205d280c81b9721f,Input Validity,Odometry,Odometry Rate,50,326.64
f0b71bf2240c12c1205d280c81b9721f,Input Validity,TF,TF Rate,10,326.64
f0b71bf2240c12c1205d280c81b9721f,Localization Stability,TF,Jump Angular,0,327.6
f0b71bf2240c12c1205d280c81b9721f,Localization Stability,TF,Jump Linear,0,327.6
f0b71bf2240c12c1205d280c81b9721f,Input Validity,Lidar,Lidar Rate,10,326.74
f0b71bf2240c12c1205d280c81b9721f,Input Validity,Odometry,Odometry Rate,50,326.74
f0b71bf2240c12c1205d280c81b9721f,Input Validity,TF,TF Rate,10,326.74
f0b71bf2240c12c1205d280c81b9721f,Localization Stability,TF,Jump Angular,0,327.7
f0b71bf2240c12c1205d280c81b9721f,Localization Stability,TF,Jump Linear,0,327.7
f0b71bf2240c12c1205d280c81b9721f,Input Validity,Lidar,Lidar Rate,10,326.84
f0b71bf2240c12c1205d280c81b9721f,Input Validity,Odometry,Odometry Rate,50,326.84
f0b71bf2240c12c1205d280c81b9721f,Input Validity,TF,TF Rate,10,326.84
f0b71bf2240c12c1205d280c81b9721f,Localization Stability,TF,Jump Angular,0,327.8
f0b71bf2240c12c1205d280c81b9721f,Localization Stability,TF,Jump Linear,0,327.8
f0b71bf2240c12c1205d280c81b9721f,Input Validity,Lidar,Lidar Rate,10,326.94
f0b71bf2240c12c1205d280c81b9721f,Input Validity,Odometry,Odometry Rate,50,326.94
f0b71bf2240c12c1205d280c81b9721f,Input Validity,TF,TF Rate,10,326.94
f0b71bf2240c12c1205d280c81b9721f,Localization Stability,TF,Jump Angular,0,327.9
f0b71bf2240c12c1205d280c81b9721f,Localization Stability,TF,Jump Linear,0,327.9
f0b71bf2240c12c1205d280c81b9721f,Input Validity,Lidar,Lidar Rate,10,327.04
f0b71bf2240c12c1205d280c81b9721f,Input Validity,Odometry,Odometry Rate,50,327.04
f0b71bf2240c12c1205d280c81b9721f,Input Validity,TF,TF Rate,10,327.04
f0b71bf2240c12c1205d280c81b9721f,Localization Quality,AMCLPose,CovYawYaw,0.00407177,327
f0b71bf2240c12c1205d280c81b9721f,Localization Quality,AMCLPose,CovYY,0.00302916,327
f0b71bf2240c12c1205d280c81b9721f,Localization Quality,AMCLPose,CovXX,0.00631904,327
f0b71bf2240c12c1205d280c81b9721f,Localization Quality,AMCLPose,MeanYaw,-2.93419,327
f0b71bf2240c12c1205d280c81b9721f,Localization Quality,AMCLPose,MeanY,-2.3219,327
f0b71bf2240c12c1205d280c81b9721f,Localization Quality,AMCLPose,MeanX,-7.20743,327
f0b71bf2240c12c1205d280c81b9721f,Localization Stability,TF,Jump Angular,-0.000804313,328
f0b71bf2240c12c1205d280c81b9721f,Localization Stability,TF,Jump Linear,0.00590338,328
f0b71bf2240c12c1205d280c81b9721f,Input Validity,Lidar,Lidar Rate,10,327.14
f0b71bf2240c12c1205d280c81b9721f,Input Validity,Odometry,Odometry Rate,50,327.14
f0b71bf2240c12c1205d280c81b9721f,Input Validity,TF,TF Rate,10,327.14
f0b71bf2240c12c1205d280c81b9721f,Localization Stability,TF,Jump Angular,0,328.1
f0b71bf2240c12c1205d280c81b9721f,Localization Stability,TF,Jump Linear,0,328.1
f0b71bf2240c12c1205d280c81b9721f,Input Validity,Lidar,Lidar Rate,10,327.24
f0b71bf2240c12c1205d280c81b9721f,Input Validity,Odometry,Odometry Rate,50,327.24
f0b71bf2240c12c1205d280c81b9721f,Input Validity,TF,TF Rate,10,327.24
f0b71bf2240c12c1205d280c81b9721f,Localization Stability,TF,Jump Angular,0,328.2
f0b71bf2240c12c1205d280c81b9721f,Localization Stability,TF,Jump Linear,0,328.2
f0b71bf2240c12c1205d280c81b9721f,Input Validity,Lidar,Lidar Rate,10,327.34
f0b71bf2240c12c1205d280c81b9721f,Input Validity,Odometry,Odometry Rate,50,327.34
f0b71bf2240c12c1205d280c81b9721f,Input Validity,TF,TF Rate,10,327.34
f0b71bf2240c12c1205d280c81b9721f,Localization Stability,TF,Jump Angular,0,328.3
f0b71bf2240c12c1205d280c81b9721f,Localization Stability,TF,Jump Linear,0,328.3
f0b71bf2240c12c1205d280c81b9721f,Input Validity,Lidar,Lidar Rate,10,327.44
f0b71bf2240c12c1205d280c81b9721f,Input Validity,Odometry,Odometry Rate,50,327.44
f0b71bf2240c12c1205d280c81b9721f,Input Validity,TF,TF Rate,10,327.44
f0b71bf2240c12c1205d280c81b9721f,Localization Stability,TF,Jump Angular,0,328.4
f0b71bf2240c12c1205d280c81b9721f,Localization Stability,TF,Jump Linear,0,328.4
f0b71bf2240c12c1205d280c81b9721f,Input Validity,Lidar,Lidar Rate,10,327.54
f0b71bf2240c12c1205d280c81b9721f,Input Validity,Odometry,Odometry Rate,50,327.54
f0b71bf2240c12c1205d280c81b9721f,Input Validity,TF,TF Rate,10,327.54
f0b71bf2240c12c1205d280c81b9721f,Localization Stability,TF,Jump Angular,0,328.5
f0b71bf2240c12c1205d280c81b9721f,Localization Stability,TF,Jump Linear,0,328.5
f0b71bf2240c12c1205d280c81b9721f,Input Validity,Lidar,Lidar Rate,10,327.64
f0b71bf2240c12c1205d280c81b9721f,Input Validity,Odometry,Odometry Rate,50,327.64
f0b71bf2240c12c1205d280c81b9721f,Input Validity,TF,TF Rate,10,327.64
f0b71bf2240c12c1205d280c81b9721f,Localization Stability,TF,Jump Angular,0,328.6
f0b71bf2240c12c1205d280c81b9721f,Localization Stability,TF,Jump Linear,0,328.6
f0b71bf2240c12c1205d280c81b9721f,Input Validity,Lidar,Lidar Rate,10,327.74
f0b71bf2240c12c1205d280c81b9721f,Input Validity,Odometry,Odometry Rate,50,327.74
f0b71bf2240c12c1205d280c81b9721f,Input Validity,TF,TF Rate,10,327.74
f0b71bf2240c12c1205d280c81b9721f,Localization Stability,TF,Jump Angular,0,328.7
f0b71bf2240c12c1205d280c81b9721f,Localization Stability,TF,Jump Linear,0,328.7
f0b71bf2240c12c1205d280c81b9721f,Input Validity,Lidar,Lidar Rate,10,327.84
f0b71bf2240c12c1205d280c81b9721f,Input Validity,Odometry,Odometry Rate,50,327.84
f0b71bf2240c12c1205d280c81b9721f,Input Validity,TF,TF Rate,10,327.84
f0b71bf2240c12c1205d280c81b9721f,Localization Stability,TF,Jump Angular,0,328.8
f0b71bf2240c12c1205d280c81b9721f,Localization Stability,TF,Jump Linear,0,328.8
f0b71bf2240c12c1205d280c81b9721f,Input Validity,Lidar,Lidar Rate,10,327.94
f0b71bf2240c12c1205d280c81b9721f,Input Validity,Odometry,Odometry Rate,50,327.94
f0b71bf2240c12c1205d280c81b9721f,Input Validity,TF,TF Rate,10,327.94
f0b71bf2240c12c1205d280c81b9721f,Localization Stability,TF,Jump Angular,0,328.9
f0b71bf2240c12c1205d280c81b9721f,Localization Stability,TF,Jump Linear,0,328.9
f0b71bf2240c12c1205d280c81b9721f,Input Validity,Lidar,Lidar Rate,10,328.04
f0b71bf2240c12c1205d280c81b9721f,Input Validity,Odometry,Odometry Rate,50,328.04
f0b71bf2240c12c1205d280c81b9721f,Input Validity,TF,TF Rate,10,328.04
f0b71bf2240c12c1205d280c81b9721f,Localization Stability,TF,Jump Angular,0,329
f0b71bf2240c12c1205d280c81b9721f,Localization Stability,TF,Jump Linear,0,329
f0b71bf2240c12c1205d280c81b9721f,Input Validity,Lidar,Lidar Rate,10,328.13
f0b71bf2240c12c1205d280c81b9721f,Input Validity,Odometry,Odometry Rate,50,328.13
f0b71bf2240c12c1205d280c81b9721f,Input Validity,TF,TF Rate,10,328.13
f0b71bf2240c12c1205d280c81b9721f,Localization Quality,AMCLPose,CovYawYaw,0.0041788,328.1
f0b71bf2240c12c1205d280c81b9721f,Localization Quality,AMCLPose,CovYY,0.00290528,328.1
f0b71bf2240c12c1205d280c81b9721f,Localization Quality,AMCLPose,CovXX,0.0060881,328.1
f0b71bf2240c12c1205d280c81b9721f,Localization Quality,AMCLPose,MeanYaw,-2.90416,328.1
f0b71bf2240c12c1205d280c81b9721f,Localization Quality,AMCLPose,MeanY,-2.34522,328.1
f0b71bf2240c12c1205d280c81b9721f,Localization Quality,AMCLPose,MeanX,-7.30857,328.1
f0b71bf2240c12c1205d280c81b9721f,Localization Stability,TF,Jump Angular,0.000783998,329.1
f0b71bf2240c12c1205d280c81b9721f,Localization Stability,TF,Jump Linear,0.00557473,329.1
f0b71bf2240c12c1205d280c81b9721f,Input Validity,Lidar,Lidar Rate,10,328.23
f0b71bf2240c12c1205d280c81b9721f,Input Validity,Odometry,Odometry Rate,50,328.23
f0b71bf2240c12c1205d280c81b9721f,Input Validity,TF,TF Rate,10,328.23
f0b71bf2240c12c1205d280c81b9721f,Localization Stability,TF,Jump Angular,0,329.2
f0b71bf2240c12c1205d280c81b9721f,Localization Stability,TF,Jump Linear,0,329.2
f0b71bf2240c12c1205d280c81b9721f,Input Validity,Lidar,Lidar Rate,10,328.33
f0b71bf2240c12c1205d280c81b9721f,Input Validity,Odometry,Odometry Rate,50,328.33
f0b71bf2240c12c1205d280c81b9721f,Input Validity,TF,TF Rate,10,328.33
f0b71bf2240c12c1205d280c81b9721f,Localization Stability,TF,Jump Angular,0,329.3
f0b71bf2240c12c1205d280c81b9721f,Localization Stability,TF,Jump Linear,0,329.3
f0b71bf2240c12c1205d280c81b9721f,Input Validity,Lidar,Lidar Rate,10,328.43
f0b71bf2240c12c1205d280c81b9721f,Input Validity,Odometry,Odometry Rate,50,328.43
f0b71bf2240c12c1205d280c81b9721f,Input Validity,TF,TF Rate,10,328.43
f0b71bf2240c12c1205d280c81b9721f,Localization Stability,TF,Jump Angular,0,329.4
f0b71bf2240c12c1205d280c81b9721f,Localization Stability,TF,Jump Linear,0,329.4
f0b71bf2240c12c1205d280c81b9721f,Input Validity,Lidar,Lidar Rate,10,328.53
f0b71bf2240c12c1205d280c81b9721f,Input Validity,Odometry,Odometry Rate,50,328.53
f0b71bf2240c12c1205d280c81b9721f,Input Validity,TF,TF Rate,10,328.53
f0b71bf2240c12c1205d280c81b9721f,Localization Stability,TF,Jump Angular,0,329.5
f0b71bf2240c12c1205d280c81b9721f,Localization Stability,TF,Jump Linear,0,329.5
f0b71bf2240c12c1205d280c81b9721f,Input Validity,Lidar,Lidar Rate,10,328.63
f0b71bf2240c12c1205d280c81b9721f,Input Validity,Odometry,Odometry Rate,50,328.63
f0b71bf2240c12c1205d280c81b9721f,Input Validity,TF,TF Rate,10,328.63
f0b71bf2240c12c1205d280c81b9721f,Localization Stability,TF,Jump Angular,0,329.6
f0b71bf2240c12c1205d280c81b9721f,Localization Stability,TF,Jump Linear,0,329.6
f0b71bf2240c12c1205d280c81b9721f,Input Validity,Lidar,Lidar Rate,10,328.73
f0b71bf2240c12c1205d280c81b9721f,Input Validity,Odometry,Odometry Rate,50,328.73
f0b71bf2240c12c1205d280c81b9721f,Input Validity,TF,TF Rate,10,328.73
f0b71bf2240c12c1205d280c81b9721f,Localization Stability,TF,Jump Angular,0,329.7
f0b71bf2240c12c1205d280c81b9721f,Localization Stability,TF,Jump Linear,0,329.7
f0b71bf2240c12c1205d280c81b9721f,Input Validity,Lidar,Lidar Rate,10,328.83
f0b71bf2240c12c1205d280c81b9721f,Input Validity,Odometry,Odometry Rate,50,328.83
f0b71bf2240c12c1205d280c81b9721f,Input Validity,TF,TF Rate,10,328.83
f0b71bf2240c12c1205d280c81b9721f,Localization Stability,TF,Jump Angular,0,329.8
f0b71bf2240c12c1205d280c81b9721f,Localization Stability,TF,Jump Linear,0,329.8
f0b71bf2240c12c1205d280c81b9721f,Input Validity,Lidar,Lidar Rate,10,328.93
f0b71bf2240c12c1205d280c81b9721f,Input Validity,Odometry,Odometry Rate,50,328.93
f0b71bf2240c12c1205d280c81b9721f,Input Validity,TF,TF Rate,10,328.93
f0b71bf2240c12c1205d280c81b9721f,Localization Quality,AMCLPose,CovYawYaw,0.00349514,328.9
f0b71bf2240c12c1205d280c81b9721f,Localization Quality,AMCLPose,CovYY,0.00261801,328.9
f0b71bf2240c12c1205d280c81b9721f,Localization Quality,AMCLPose,CovXX,0.00608648,328.9
f0b71bf2240c12c1205d280c81b9721f,Localization Quality,AMCLPose,MeanYaw,-2.98212,328.9
f0b71bf2240c12c1205d280c81b9721f,Localization Quality,AMCLPose,MeanY,-2.35587,328.9
f0b71bf2240c12c1205d280c81b9721f,Localization Quality,AMCLPose,MeanX,-7.35285,328.9
f0b71bf2240c12c1205d280c81b9721f,Localization Stability,TF,Jump Angular,8.72926e-05,329.9
f0b71bf2240c12c1205d280c81b9721f,Localization Stability,TF,Jump Linear,0.00178109,329.9
f0b71bf2240c12c1205d280c81b9721f,Input Validity,Lidar,Lidar Rate,10,329.03
f0b71bf2240c12c1205d280c81b9721f,Input Validity,Odometry,Odometry Rate,50,329.03
f0b71bf2240c12c1205d280c81b9721f,Input Validity,TF,TF Rate,10,329.03
f0b71bf2240c12c1205d280c81b9721f,Localization Quality,AMCLPose,CovYawYaw,0.00298117,329
f0b71bf2240c12c1205d280c81b9721f,Localization Quality,AMCLPose,CovYY,0.00225773,329
f0b71bf2240c12c1205d280c81b9721f,Localization Quality,AMCLPose,CovXX,0.00541954,329
f0b71bf2240c12c1205d280c81b9721f,Localization Quality,AMCLPose,MeanYaw,-3.04602,329
f0b71bf2240c12c1205d280c81b9721f,Localization Quality,AMCLPose,MeanY,-2.35717,329
f0b71bf2240c12c1205d280c81b9721f,Localization Quality,AMCLPose,MeanX,-7.35409,329
f0b71bf2240c12c1205d280c81b9721f,Localization Stability,TF,Jump Angular,0.000186936,330
f0b71bf2240c12c1205d280c81b9721f,Localization Stability,TF,Jump Linear,0.00176047,330
f0b71bf2240c12c1205d280c81b9721f,Localization Responsiveness,TTC,TTC Outcome,1,329.13
f0b71bf2240c12c1205d280c81b9721f,Localization Responsiveness,TTC,TTC,2.49,329.13
f0b71bf2240c12c1205d280c81b9721f,Mission Outcome,Episode Event,Recoveries,0,329.13
f0b71bf2240c12c1205d280c81b9721f,Mission Outcome,Episode Event,Collisions,0,329.13
f0b71bf2240c12c1205d280c81b9721f,Mission Outcome,Episode Event,Navigation Time,28.12,329.13
f0b71bf2240c12c1205d280c81b9721f,Mission Outcome,Episode Event,Goal Result,1,329.13
f0b71bf2240c12c1205d280c81b9721f,Input Validity,AMCLPose,Pose Monotonicity,0,329.13
f0b71bf2240c12c1205d280c81b9721f,Input Validity,Lidar,Lidar Frame Mistmatch,0,329.13
f0b71bf2240c12c1205d280c81b9721f,Input Validity,Lidar,Lidar Monotonicity,0,329.13
f0b71bf2240c12c1205d280c81b9721f,Input Validity,Odometry,Odometry Frame Mismatch,0,329.13
f0b71bf2240c12c1205d280c81b9721f,Input Validity,Odometry,Odometry Monotonicity,0,329.13
f0b71bf2240c12c1205d280c81b9721f,Input Validity,TF,TF Gap Count,0,329.13
f0b71bf2240c12c1205d280c81b9721f,Input Validity,TF,TF Frame Drop,1405,329.13
f0b71bf2240c12c1205d280c81b9721f,Input Validity,TF,TF Monotonicity,0,329.13
f0b71bf2240c12c1205d280c81b9721f,map,3.18605,0.799003,-168.699,-7.425,-2.375,177.686,1,SUCCEEDED,5,28.12,301.01,329.13,0.0451746,0.0650978,0.884114,0,0.0018946,0.0550119,0.0359128,526.377,2839,11.1664,0.440129,0.0255902,0.532256,0,1405,0.991868
