GoalID,Metric Class,Metric Source,Metric Name,Metric Value,Timestamp
463867efa1f44771e6bf1625ee2f02f1,Localization Stability,TF,Jump Angular,0,52.7
463867efa1f44771e6bf1625ee2f02f1,Localization Stability,TF,Jump Linear,0,52.7
463867efa1f44771e6bf1625ee2f02f1,Input Validity,Lidar,Lidar Rate,10,51.82
463867efa1f44771e6bf1625ee2f02f1,Input Validity,Odometry,Odometry Rate,50,51.82
463867efa1f44771e6bf1625ee2f02f1,Input Validity,TF,TF Rate,10,51.82
463867efa1f44771e6bf1625ee2f02f1,Localization Stability,TF,Jump Angular,0,52.8
463867efa1f44771e6bf1625ee2f02f1,Localization Stability,TF,Jump Linear,0,52.8
463867efa1f44771e6bf1625ee2f02f1,Input Validity,Lidar,Lidar Rate,10,51.91
463867efa1f44771e6bf1625ee2f02f1,Input Validity,Odometry,Odometry Rate,50,51.91
463867efa1f44771e6bf1625ee2f02f1,Input Validity,TF,TF Rate,10,51.91
463867efa1f44771e6bf1625ee2f02f1,Localization Stability,TF,Jump Angular,0,52.9
463867efa1f44771e6bf1625ee2f02f1,Localization Stability,TF,Jump Linear,0,52.9
463867efa1f44771e6bf1625ee2f02f1,Input Validity,Lidar,Lidar Rate,10,52.01
463867efa1f44771e6bf1625ee2f02f1,Input Validity,Odometry,Odometry Rate,50,52.01
463867efa1f44771e6bf1625ee2f02f1,Input Validity,TF,TF Rate,10,52.01
463867efa1f44771e6bf1625ee2f02f1,Input Validity,Lidar,Lidar Rate,10,52.11
463867efa1f44771e6bf1625ee2f02f1,Input Validity,Odometry,Odometry Rate,50,52.11
463867efa1f44771e6bf1625ee2f02f1,Input Validity,TF,TF Rate,10,52.11
463867efa1f44771e6bf1625ee2f02f1,Localization Stability,TF,Jump Angular,-0.000131932,53
463867efa1f44771e6bf1625ee2f02f1,Localization Stability,TF,Jump Linear,0.0201182,53
463867efa1f44771e6bf1625ee2f02f1,Input Validity,Lidar,Lidar Rate,10,52.21
463867efa1f44771e6bf1625ee2f02f1,Input Validity,Odometry,Odometry Rate,50,52.21
463867efa1f44771e6bf1625ee2f02f1,Input Validity,TF,TF Rate,10,52.21
463867efa1f44771e6bf1625ee2f02f1,Localization Quality,AMCLPose,CovYawYaw,0.0798972,52.1
463867efa1f44771e6bf1625ee2f02f1,Localization Quality,AMCLPose,CovYY,0.133063,52.1
463867efa1f44771e6bf1625ee2f02f1,Localization Quality,AMCLPose,CovXX,0.142632,52.1
463867efa1f44771e6bf1625ee2f02f1,Localization Quality,AMCLPose,MeanYaw,-0.158219,52.1
463867efa1f44771e6bf1625ee2f02f1,Localization Quality,AMCLPose,MeanY,-0.16363,52.1
463867efa1f44771e6bf1625ee2f02f1,Localization Quality,AMCLPose,MeanX,0.0272498,52.1
463867efa1f44771e6bf1625ee2f02f1,Localization Stability,TF,Jump Angular,0.0153651,53.1
463867efa1f44771e6bf1625ee2f02f1,Localization Stability,TF,Jump Linear,0.0386839,53.1
463867efa1f44771e6bf1625ee2f02f1,Input Validity,Lidar,Lidar Rate,10,52.31
463867efa1f44771e6bf1625ee2f02f1,Input Validity,Odometry,Odometry Rate,50,52.31
463867efa1f44771e6bf1625ee2f02f1,Input Validity,TF,TF Rate,10,52.31
463867efa1f44771e6bf1625ee2f02f1,Localization Quality,AMCLPose,CovYawYaw,0.0476257,52.2
463867efa1f44771e6bf1625ee2f02f1,Localization Quality,AMCLPose,CovYY,0.0834882,52.2
463867efa1f44771e6bf1625ee2f02f1,Localization Quality,AMCLPose,CovXX,0.10245,52.2
463867efa1f44771e6bf1625ee2f02f1,Localization Quality,AMCLPose,MeanYaw,-0.225616,52.2
463867efa1f44771e6bf1625ee2f02f1,Localization Quality,AMCLPose,MeanY,-0.12727,52.2
463867efa1f44771e6bf1625ee2f02f1,Localization Quality,AMCLPose,MeanX,0.00616583,52.2
463867efa1f44771e6bf1625ee2f02f1,Localization Stability,TF,Jump Angular,0.0144536,53.2
463867efa1f44771e6bf1625ee2f02f1,Localization Stability,TF,Jump Linear,0.0420308,53.2
463867efa1f44771e6bf1625ee2f02f1,Input Validity,Lidar,Lidar Rate,10,52.4
463867efa1f44771e6bf1625ee2f02f1,Input Validity,Odometry,Odometry Rate,50,52.4
463867efa1f44771e6bf1625ee2f02f1,Input Validity,TF,TF Rate,10,52.4
463867efa1f44771e6bf1625ee2f02f1,Localization Quality,AMCLPose,CovYawYaw,0.0182648,52.3
463867efa1f44771e6bf1625ee2f02f1,Localization Quality,AMCLPose,CovYY,0.0430475,52.3
463867efa1f44771e6bf1625ee2f02f1,Localization Quality,AMCLPose,CovXX,0.0615897,52.3
463867efa1f44771e6bf1625ee2f02f1,Localization Quality,AMCLPose,MeanYaw,-0.323272,52.3
463867efa1f44771e6bf1625ee2f02f1,Localization Quality,AMCLPose,MeanY,-0.0732633,52.3
463867efa1f44771e6bf1625ee2f02f1,Localization Quality,AMCLPose,MeanX,-0.0121883,52.3
463867efa1f44771e6bf1625ee2f02f1,Localization Stability,TF,Jump Angular,0.00117364,53.3
463867efa1f44771e6bf1625ee2f02f1,Localization Stability,TF,Jump Linear,0.05704,53.3
463867efa1f44771e6bf1625ee2f02f1,Input Validity,Lidar,Lidar Rate,10,52.5
463867efa1f44771e6bf1625ee2f02f1,Input Validity,Odometry,Odometry Rate,50,52.5
463867efa1f44771e6bf1625ee2f02f1,Input Validity,TF,TF Rate,10,52.5
463867efa1f44771e6bf1625ee2f02f1,Localization Quality,AMCLPose,CovYawYaw,0.00644813,52.4
463867efa1f44771e6bf1625ee2f02f1,Localization Quality,AMCLPose,CovYY,0.0250837,52.4
463867efa1f44771e6bf1625ee2f02f1,Localization Quality,AMCLPose,CovXX,0.0269942,52.4
463867efa1f44771e6bf1625ee2f02f1,Localization Quality,AMCLPose,MeanYaw,-0.443041,52.4
463867efa1f44771e6bf1625ee2f02f1,Localization Quality,AMCLPose,MeanY,-0.0497531,52.4
463867efa1f44771e6bf1625ee2f02f1,Localization Quality,AMCLPose,MeanX,-0.0302554,52.4
463867efa1f44771e6bf1625ee2f02f1,Localization Stability,TF,Jump Angular,-0.00395707,53.4
463867efa1f44771e6bf1625ee2f02f1,Localization Stability,TF,Jump Linear,0.0296505,53.4
463867efa1f44771e6bf1625ee2f02f1,Localization Quality,AMCLPose,CovYawYaw,0.00810367,52.5
463867efa1f44771e6bf1625ee2f02f1,Localization Quality,AMCLPose,CovYY,0.0272231,52.5
463867efa1f44771e6bf1625ee2f02f1,Localization Quality,AMCLPose,CovXX,0.027118,52.5
463867efa1f44771e6bf1625ee2f02f1,Localization Quality,AMCLPose,MeanYaw,-0.573375,52.5
463867efa1f44771e6bf1625ee2f02f1,Localization Quality,AMCLPose,MeanY,-0.0548144,52.5
463867efa1f44771e6bf1625ee2f02f1,Localization Quality,AMCLPose,MeanX,-0.0274774,52.5
463867efa1f44771e6bf1625ee2f02f1,Localization Stability,TF,Jump Angular,0.00245857,53.5
463867efa1f44771e6bf1625ee2f02f1,Localization Stability,TF,Jump Linear,0.00577363,53.5
463867efa1f44771e6bf1625ee2f02f1,Input Validity,Lidar,Lidar Rate,10,52.6
463867efa1f44771e6bf1625ee2f02f1,Input Validity,Odometry,Odometry Rate,50,52.6
463867efa1f44771e6bf1625ee2f02f1,Input Validity,TF,TF Rate,10,52.6
463867efa1f44771e6bf1625ee2f02f1,Localization Quality,AMCLPose,CovYawYaw,0.00917294,52.6
463867efa1f44771e6bf1625ee2f02f1,Localization Quality,AMCLPose,CovYY,0.028994,52.6
463867efa1f44771e6bf1625ee2f02f1,Localization Quality,AMCLPose,CovXX,0.0276759,52.6
463867efa1f44771e6bf1625ee2f02f1,Localization Quality,AMCLPose,MeanYaw,-0.725307,52.6
463867efa1f44771e6bf1625ee2f02f1,Localization Quality,AMCLPose,MeanY,-0.0557883,52.6
463867efa1f44771e6bf1625ee2f02f1,Localization Quality,AMCLPose,MeanX,-0.0279691,52.6
463867efa1f44771e6bf1625ee2f02f1,Localization Stability,TF,Jump Angular,-0.00165762,53.6
463867efa1f44771e6bf1625ee2f02f1,Localization Stability,TF,Jump Linear,0.00109096,53.6
463867efa1f44771e6bf1625ee2f02f1,Input Validity,Lidar,Lidar Rate,10,52.7
463867efa1f44771e6bf1625ee2f02f1,Input Validity,Odometry,Odometry Rate,50,52.7
463867efa1f44771e6bf1625ee2f02f1,Input Validity,TF,TF Rate,10,52.7
463867efa1f44771e6bf1625ee2f02f1,Localization Quality,AMCLPose,CovYawYaw,0.010568,52.7
463867efa1f44771e6bf1625ee2f02f1,Localization Quality,AMCLPose,CovYY,0.0294958,52.7
463867efa1f44771e6bf1625ee2f02f1,Localization Quality,AMCLPose,CovXX,0.0273906,52.7
463867efa1f44771e6bf1625ee2f02f1,Localization Quality,AMCLPose,MeanYaw,-0.893649,52.7
463867efa1f44771e6bf1625ee2f02f1,Localization Quality,AMCLPose,MeanY,-0.056878,52.7
463867efa1f44771e6bf1625ee2f02f1,Localization Quality,AMCLPose,MeanX,-0.0295545,52.7
463867efa1f44771e6bf1625ee2f02f1,Localization Stability,TF,Jump Angular,-0.0011195,53.7
463867efa1f44771e6bf1625ee2f02f1,Localization Stability,TF,Jump Linear,0.00192377,53.7
463867efa1f44771e6bf1625ee2f02f1,Input Validity,Lidar,Lidar Rate,10,52.8
463867efa1f44771e6bf1625ee2f02f1,Input Validity,Odometry,Odometry Rate,50,52.8
463867efa1f44771e6bf1625ee2f02f1,Input Validity,TF,TF Rate,10,52.8
463867efa1f44771e6bf1625ee2f02f1,Localization Quality,AMCLPose,CovYawYaw,0.00678912,52.8
463867efa1f44771e6bf1625ee2f02f1,Localization Quality,AMCLPose,CovYY,0.0149291,52.8
463867efa1f44771e6bf1625ee2f02f1,Localization Quality,AMCLPose,CovXX,0.0207203,52.8
463867efa1f44771e6bf1625ee2f02f1,Localization Quality,AMCLPose,MeanYaw,-1.07326,52.8
463867efa1f44771e6bf1625ee2f02f1,Localization Quality,AMCLPose,MeanY,-0.044837,52.8
463867efa1f44771e6bf1625ee2f02f1,Localization Quality,AMCLPose,MeanX,-0.0370614,52.8
463867efa1f44771e6bf1625ee2f02f1,Localization Stability,TF,Jump Angular,0.00463766,53.8
463867efa1f44771e6bf1625ee2f02f1,Localization Stability,TF,Jump Linear,0.0141894,53.8
463867efa1f44771e6bf1625ee2f02f1,Input Validity,Lidar,Lidar Rate,10,52.9
463867efa1f44771e6bf1625ee2f02f1,Input Validity,Odometry,Odometry Rate,50,52.9
463867efa1f44771e6bf1625ee2f02f1,Input Validity,TF,TF Rate,10,52.9
463867efa1f44771e6bf1625ee2f02f1,Input Validity,Lidar,Lidar Rate,10,53
463867efa1f44771e6bf1625ee2f02f1,Input Validity,Odometry,Odometry Rate,50,53
463867efa1f44771e6bf1625ee2f02f1,Input Validity,TF,TF Rate,10,53
463867efa1f44771e6bf1625ee2f02f1,Localization Quality,AMCLPose,CovYawYaw,0.00535225,52.9
463867efa1f44771e6bf1625ee2f02f1,Localization Quality,AMCLPose,CovYY,0.0123762,52.9
463867efa1f44771e6bf1625ee2f02f1,Localization Quality,AMCLPose,CovXX,0.0158141,52.9
463867efa1f44771e6bf1625ee2f02f1,Localization Quality,AMCLPose,MeanYaw,-1.27536,52.9
463867efa1f44771e6bf1625ee2f02f1,Localization Quality,AMCLPose,MeanY,-0.0412338,52.9
463867efa1f44771e6bf1625ee2f02f1,Localization Quality,AMCLPose,MeanX,-0.0302668,52.9
463867efa1f44771e6bf1625ee2f02f1,Localization Stability,TF,Jump Angular,-0.000864413,53.9
463867efa1f44771e6bf1625ee2f02f1,Localization Stability,TF,Jump Linear,0.00769082,53.9
463867efa1f44771e6bf1625ee2f02f1,Input Validity,Lidar,Lidar Rate,10,53.09
463867efa1f44771e6bf1625ee2f02f1,Input Validity,Odometry,Odometry Rate,50,53.09
463867efa1f44771e6bf1625ee2f02f1,Input Validity,TF,TF Rate,10,53.09
463867efa1f44771e6bf1625ee2f02f1,Localization Quality,AMCLPose,CovYawYaw,0.00483514,53
463867efa1f44771e6bf1625ee2f02f1,Localization Quality,AMCLPose,CovYY,0.00876702,53
463867efa1f44771e6bf1625ee2f02f1,Localization Quality,AMCLPose,CovXX,0.0104451,53
463867efa1f44771e6bf1625ee2f02f1,Localization Quality,AMCLPose,MeanYaw,-1.49454,53
463867efa1f44771e6bf1625ee2f02f1,Localization Quality,AMCLPose,MeanY,-0.0410564,53
463867efa1f44771e6bf1625ee2f02f1,Localization Quality,AMCLPose,MeanX,-0.0232832,53
463867efa1f44771e6bf1625ee2f02f1,Localization Stability,TF,Jump Angular,-0.00178886,54
463867efa1f44771e6bf1625ee2f02f1,Localization Stability,TF,Jump Linear,0.00698592,54
463867efa1f44771e6bf1625ee2f02f1,Input Validity,Lidar,Lidar Rate,10,53.19
463867efa1f44771e6bf1625ee2f02f1,Input Validity,Odometry,Odometry Rate,50,53.19
463867efa1f44771e6bf1625ee2f02f1,Input Validity,TF,TF Rate,10,53.19
463867efa1f44771e6bf1625ee2f02f1,Localization Quality,AMCLPose,CovYawYaw,0.00465765,53.1
463867efa1f44771e6bf1625ee2f02f1,Localization Quality,AMCLPose,CovYY,0.00886116,53.1
463867efa1f44771e6bf1625ee2f02f1,Localization Quality,AMCLPose,CovXX,0.00838797,53.1
463867efa1f44771e6bf1625ee2f02f1,Localization Quality,AMCLPose,MeanYaw,-1.71703,53.1
463867efa1f44771e6bf1625ee2f02f1,Localization Quality,AMCLPose,MeanY,-0.0391657,53.1
463867efa1f44771e6bf1625ee2f02f1,Localization Quality,AMCLPose,MeanX,-0.01917,53.1
463867efa1f44771e6bf1625ee2f02f1,Localization Stability,TF,Jump Angular,-0.00248678,54.1
463867efa1f44771e6bf1625ee2f02f1,Localization Stability,TF,Jump Linear,0.00452689,54.1
463867efa1f44771e6bf1625ee2f02f1,Localization Quality,AMCLPose,CovYawYaw,0.00420119,53.2
463867efa1f44771e6bf1625ee2f02f1,Localization Quality,AMCLPose,CovYY,0.0111671,53.2
463867efa1f44771e6bf1625ee2f02f1,Localization Quality,AMCLPose,CovXX,0.00684545,53.2
463867efa1f44771e6bf1625ee2f02f1,Localization Quality,AMCLPose,MeanYaw,-1.93507,53.2
463867efa1f44771e6bf1625ee2f02f1,Localization Quality,AMCLPose,MeanY,-0.0371748,53.2
463867efa1f44771e6bf1625ee2f02f1,Localization Quality,AMCLPose,MeanX,-0.0220257,53.2
463867efa1f44771e6bf1625ee2f02f1,Localization Stability,TF,Jump Angular,0.00196075,54.2
463867efa1f44771e6bf1625ee2f02f1,Localization Stability,TF,Jump Linear,0.00348117,54.2
463867efa1f44771e6bf1625ee2f02f1,Input Validity,Lidar,Lidar Rate,10,53.29
463867efa1f44771e6bf1625ee2f02f1,Input Validity,Odometry,Odometry Rate,50,53.29
463867efa1f44771e6bf1625ee2f02f1,Input Validity,TF,TF Rate,10,53.29
463867efa1f44771e6bf1625ee2f02f1,Localization Quality,AMCLPose,CovYawYaw,0.00709661,53.3
463867efa1f44771e6bf1625ee2f02f1,Localization Quality,AMCLPose,CovYY,0.0127237,53.3
463867efa1f44771e6bf1625ee2f02f1,Localization Quality,AMCLPose,CovXX,0.00762305,53.3
463867efa1f44771e6bf1625ee2f02f1,Localization Quality,AMCLPose,MeanYaw,-2.15629,53.3
463867efa1f44771e6bf1625ee2f02f1,Localization Quality,AMCLPose,MeanY,-0.0348005,53.3
463867efa1f44771e6bf1625ee2f02f1,Localization Quality,AMCLPose,MeanX,-0.0243683,53.3
463867efa1f44771e6bf1625ee2f02f1,Localization Stability,TF,Jump Angular,-0.00122804,54.3
463867efa1f44771e6bf1625ee2f02f1,Localization Stability,TF,Jump Linear,0.00333538,54.3
463867efa1f44771e6bf1625ee2f02f1,Input Validity,Lidar,Lidar Rate,10,53.39
463867efa1f44771e6bf1625ee2f02f1,Input Validity,Odometry,Odometry Rate,50,53.39
463867efa1f44771e6bf1625ee2f02f1,Input Validity,TF,TF Rate,10,53.39
463867efa1f44771e6bf1625ee2f02f1,Localization Quality,AMCLPose,CovYawYaw,0.00922321,53.4
463867efa1f44771e6bf1625ee2f02f1,Localization Quality,AMCLPose,CovYY,0.0132111,53.4
463867efa1f44771e6bf1625ee2f02f1,Localization Quality,AMCLPose,CovXX,0.00806047,53.4
463867efa1f44771e6bf1625ee2f02f1,Localization Quality,AMCLPose,MeanYaw,-2.36973,53.4
463867efa1f44771e6bf1625ee2f02f1,Localization Quality,AMCLPose,MeanY,-0.0330887,53.4
463867efa1f44771e6bf1625ee2f02f1,Localization Quality,AMCLPose,MeanX,-0.0271323,53.4
463867efa1f44771e6bf1625ee2f02f1,Localization Stability,TF,Jump Angular,-0.00393901,54.4
463867efa1f44771e6bf1625ee2f02f1,Localization Stability,TF,Jump Linear,0.00328818,54.4
463867efa1f44771e6bf1625ee2f02f1,Input Validity,Lidar,Lidar Rate,10,53.49
463867efa1f44771e6bf1625ee2f02f1,Input Validity,Odometry,Odometry Rate,50,53.49
463867efa1f44771e6bf1625ee2f02f1,Input Validity,TF,TF Rate,10,53.49
463867efa1f44771e6bf1625ee2f02f1,Localization Quality,AMCLPose,CovYawYaw,0.0104595,53.5
463867efa1f44771e6bf1625ee2f02f1,Localization Quality,AMCLPose,CovYY,0.0134578,53.5
463867efa1f44771e6bf1625ee2f02f1,Localization Quality,AMCLPose,CovXX,0.00847377,53.5
463867efa1f44771e6bf1625ee2f02f1,Localization Quality,AMCLPose,MeanYaw,-2.53378,53.5
463867efa1f44771e6bf1625ee2f02f1,Localization Quality,AMCLPose,MeanY,-0.0384283,53.5
463867efa1f44771e6bf1625ee2f02f1,Localization Quality,AMCLPose,MeanX,-0.0340817,53.5
463867efa1f44771e6bf1625ee2f02f1,Localization Stability,TF,Jump Angular,-0.00154836,54.5
463867efa1f44771e6bf1625ee2f02f1,Localization Stability,TF,Jump Linear,0.000737129,54.5
463867efa1f44771e6bf1625ee2f02f1,Input Validity,Lidar,Lidar Rate,10,53.59
463867efa1f44771e6bf1625ee2f02f1,Input Validity,Odometry,Odometry Rate,50,53.59
463867efa1f44771e6bf1625ee2f02f1,Input Validity,TF,TF Rate,10,53.59
463867efa1f44771e6bf1625ee2f02f1,Input Validity,Lidar,Lidar Rate,10,53.69
463867efa1f44771e6bf1625ee2f02f1,Input Validity,Odometry,Odometry Rate,50,53.69
463867efa1f44771e6bf1625ee2f02f1,Input Validity,TF,TF Rate,10,53.69
463867efa1f44771e6bf1625ee2f02f1,Localization Quality,AMCLPose,CovYawYaw,0.00579865,53.6
463867efa1f44771e6bf1625ee2f02f1,Localization Quality,AMCLPose,CovYY,0.0126988,53.6
463867efa1f44771e6bf1625ee2f02f1,Localization Quality,AMCLPose,CovXX,0.00720516,53.6
463867efa1f44771e6bf1625ee2f02f1,Localization Quality,AMCLPose,MeanYaw,-2.63925,53.6
463867efa1f44771e6bf1625ee2f02f1,Localization Quality,AMCLPose,MeanY,-0.0467658,53.6
463867efa1f44771e6bf1625ee2f02f1,Localization Quality,AMCLPose,MeanX,-0.0332907,53.6
463867efa1f44771e6bf1625ee2f02f1,Localization Stability,TF,Jump Angular,0.00703186,54.6
463867efa1f44771e6bf1625ee2f02f1,Localization Stability,TF,Jump Linear,0.0135774,54.6
463867efa1f44771e6bf1625ee2f02f1,Localization Quality,AMCLPose,CovYawYaw,0.00304038,53.7
463867efa1f44771e6bf1625ee2f02f1,Localization Quality,AMCLPose,CovYY,0.0105163,53.7
463867efa1f44771e6bf1625ee2f02f1,Localization Quality,AMCLPose,CovXX,0.00601845,53.7
463867efa1f44771e6bf1625ee2f02f1,Localization Quality,AMCLPose,MeanYaw,-2.69614,53.7
463867efa1f44771e6bf1625ee2f02f1,Localization Quality,AMCLPose,MeanY,-0.0582447,53.7
463867efa1f44771e6bf1625ee2f02f1,Localization Quality,AMCLPose,MeanX,-0.0417727,53.7
463867efa1f44771e6bf1625ee2f02f1,Localization Stability,TF,Jump Angular,0.00561341,54.7
463867efa1f44771e6bf1625ee2f02f1,Localization Stability,TF,Jump Linear,0.0111691,54.7
463867efa1f44771e6bf1625ee2f02f1,Input Validity,Lidar,Lidar Rate,10,53.79
463867efa1f44771e6bf1625ee2f02f1,Input Validity,Odometry,Odometry Rate,50,53.79
463867efa1f44771e6bf1625ee2f02f1,Input Validity,TF,TF Rate,10,53.79
463867efa1f44771e6bf1625ee2f02f1,Localization Stability,TF,Jump Angular,0,54.8
463867efa1f44771e6bf1625ee2f02f1,Localization Stability,TF,Jump Linear,0,54.8
463867efa1f44771e6bf1625ee2f02f1,Input Validity,Lidar,Lidar Rate,10,53.89
463867efa1f44771e6bf1625ee2f02f1,Input Validity,Odometry,Odometry Rate,50,53.89
463867efa1f44771e6bf1625ee2f02f1,Input Validity,TF,TF Rate,10,53.89
463867efa1f44771e6bf1625ee2f02f1,Input Validity,Lidar,Lidar Rate,10,53.99
463867efa1f44771e6bf1625ee2f02f1,Input Validity,Odometry,Odometry Rate,50,53.99
463867efa1f44771e6bf1625ee2f02f1,Input Validity,TF,TF Rate,10,53.99
463867efa1f44771e6bf1625ee2f02f1,Localization Stability,TF,Jump Angular,0,54.9
463867efa1f44771e6bf1625ee2f02f1,Localization Stability,TF,Jump Linear,0,54.9
463867efa1f44771e6bf1625ee2f02f1,Input Validity,Lidar,Lidar Rate,10,54.09
463867efa1f44771e6bf1625ee2f02f1,Input Validity,Odometry,Odometry Rate,50,54.09
463867efa1f44771e6bf1625ee2f02f1,Input Validity,TF,TF Rate,10,54.09
463867efa1f44771e6bf1625ee2f02f1,Localization Quality,AMCLPose,CovYawYaw,0.0027022,54
463867efa1f44771e6bf1625ee2f02f1,Localization Quality,AMCLPose,CovYY,0.0102523,54
463867efa1f44771e6bf1625ee2f02f1,Localization Quality,AMCLPose,CovXX,0.00591863,54
463867efa1f44771e6bf1625ee2f02f1,Localization Quality,AMCLPose,MeanYaw,-2.75044,54
463867efa1f44771e6bf1625ee2f02f1,Localization Quality,AMCLPose,MeanY,-0.0959217,54
463867efa1f44771e6bf1625ee2f02f1,Localization Quality,AMCLPose,MeanX,-0.134677,54
463867efa1f44771e6bf1625ee2f02f1,Localization Stability,TF,Jump Angular,0.00388905,55
463867efa1f44771e6bf1625ee2f02f1,Localization Stability,TF,Jump Linear,0.00833749,55
463867efa1f44771e6bf1625ee2f02f1,Localization Stability,TF,Jump Angular,0,55.1
463867efa1f44771e6bf1625ee2f02f1,Localization Stability,TF,Jump Linear,0,55.1
463867efa1f44771e6bf1625ee2f02f1,Input Validity,Lidar,Lidar Rate,10,54.19
463867efa1f44771e6bf1625ee2f02f1,Input Validity,Odometry,Odometry Rate,50,54.19
463867efa1f44771e6bf1625ee2f02f1,Input Validity,TF,TF Rate,10,54.19
463867efa1f44771e6bf1625ee2f02f1,Input Validity,Lidar,Lidar Rate,10,54.29
463867efa1f44771e6bf1625ee2f02f1,Input Validity,Odometry,Odometry Rate,50,54.29
463867efa1f44771e6bf1625ee2f02f1,Input Validity,TF,TF Rate,10,54.29
463867efa1f44771e6bf1625ee2f02f1,Localization Stability,TF,Jump Angular,0,55.2
463867efa1f44771e6bf1625ee2f02f1,Localization Stability,TF,Jump Linear,0,55.2
463867efa1f44771e6bf1625ee2f02f1,Input Validity,Lidar,Lidar Rate,10,54.39
463867efa1f44771e6bf1625ee2f02f1,Input Validity,Odometry,Odometry Rate,50,54.39
463867efa1f44771e6bf1625ee2f02f1,Input Validity,TF,TF Rate,10,54.39
463867efa1f44771e6bf1625ee2f02f1,Localization Quality,AMCLPose,CovYawYaw,0.00331826,54.3
463867efa1f44771e6bf1625ee2f02f1,Localization Quality,AMCLPose,CovYY,0.00762407,54.3
463867efa1f44771e6bf1625ee2f02f1,Localization Quality,AMCLPose,CovXX,0.00593453,54.3
463867efa1f44771e6bf1625ee2f02f1,Localization Quality,AMCLPose,MeanYaw,-2.78468,54.3
463867efa1f44771e6bf1625ee2f02f1,Localization Quality,AMCLPose,MeanY,-0.148678,54.3
463867efa1f44771e6bf1625ee2f02f1,Localization Quality,AMCLPose,MeanX,-0.260646,54.3
463867efa1f44771e6bf1625ee2f02f1,Localization Stability,TF,Jump Angular,0.00214045,55.3
463867efa1f44771e6bf1625ee2f02f1,Localization Stability,TF,Jump Linear,0.00324957,55.3
463867efa1f44771e6bf1625ee2f02f1,Localization Stability,TF,Jump Angular,0,55.4
463867efa1f44771e6bf1625ee2f02f1,Localization Stability,TF,Jump Linear,0,55.4
463867efa1f44771e6bf1625ee2f02f1,Input Validity,Lidar,Lidar Rate,10,54.49
463867efa1f44771e6bf1625ee2f02f1,Input Validity,Odometry,Odometry Rate,50,54.49
463867efa1f44771e6bf1625ee2f02f1,Input Validity,TF,TF Rate,10,54.49
463867efa1f44771e6bf1625ee2f02f1,Localization Stability,TF,Jump Angular,0,55.5
463867efa1f44771e6bf1625ee2f02f1,Localization Stability,TF,Jump Linear,0,55.5
463867efa1f44771e6bf1625ee2f02f1,Input Validity,Lidar,Lidar Rate,10,54.59
463867efa1f44771e6bf1625ee2f02f1,Input Validity,Odometry,Odometry Rate,50,54.59
463867efa1f44771e6bf1625ee2f02f1,Input Validity,TF,TF Rate,10,54.59
463867efa1f44771e6bf1625ee2f02f1,Input Validity,Lidar,Lidar Rate,10,54.68
463867efa1f44771e6bf1625ee2f02f1,Input Validity,Odometry,Odometry Rate,50,54.68
463867efa1f44771e6bf1625ee2f02f1,Input Validity,TF,TF Rate,10,54.68
463867efa1f44771e6bf1625ee2f02f1,Localization Quality,AMCLPose,CovYawYaw,0.00374984,54.6
463867efa1f44771e6bf1625ee2f02f1,Localization Quality,AMCLPose,CovYY,0.00640152,54.6
463867efa1f44771e6bf1625ee2f02f1,Localization Quality,AMCLPose,CovXX,0.0062035,54.6
463867efa1f44771e6bf1625ee2f02f1,Localization Quality,AMCLPose,MeanYaw,-2.79458,54.6
463867efa1f44771e6bf1625ee2f02f1,Localization Quality,AMCLPose,MeanY,-0.198122,54.6
463867efa1f44771e6bf1625ee2f02f1,Localization Quality,AMCLPose,MeanX,-0.387043,54.6
463867efa1f44771e6bf1625ee2f02f1,Localization Stability,TF,Jump Angular,0.00230653,55.6
463867efa1f44771e6bf1625ee2f02f1,Localization Stability,TF,Jump Linear,0.00240243,55.6
463867efa1f44771e6bf1625ee2f02f1,Input Validity,Lidar,Lidar Rate,10,54.78
463867efa1f44771e6bf1625ee2f02f1,Input Validity,Odometry,Odometry Rate,50,54.78
463867efa1f44771e6bf1625ee2f02f1,Input Validity,TF,TF Rate,10,54.78
463867efa1f44771e6bf1625ee2f02f1,Localization Stability,TF,Jump Angular,0,55.7
463867efa1f44771e6bf1625ee2f02f1,Localization Stability,TF,Jump Linear,0,55.7
463867efa1f44771e6bf1625ee2f02f1,Localization Stability,TF,Jump Angular,0,55.8
463867efa1f44771e6bf1625ee2f02f1,Localization Stability,TF,Jump Linear,0,55.8
463867efa1f44771e6bf1625ee2f02f1,Input Validity,Lidar,Lidar Rate,10,54.88
463867efa1f44771e6bf1625ee2f02f1,Input Validity,Odometry,Odometry Rate,50,54.88
463867efa1f44771e6bf1625ee2f02f1,Input Validity,TF,TF Rate,10,54.88
463867efa1f44771e6bf1625ee2f02f1,Input Validity,Lidar,Lidar Rate,10,54.98
463867efa1f44771e6bf1625ee2f02f1,Input Validity,Odometry,Odometry Rate,50,54.98
463867efa1f44771e6bf1625ee2f02f1,Input Validity,TF,TF Rate,10,54.98
463867efa1f44771e6bf1625ee2f02f1,Localization Quality,AMCLPose,CovYawYaw,0.00377378,54.9
463867efa1f44771e6bf1625ee2f02f1,Localization Quality,AMCLPose,CovYY,0.00522237,54.9
463867efa1f44771e6bf1625ee2f02f1,Localization Quality,AMCLPose,CovXX,0.00629792,54.9
463867efa1f44771e6bf1625ee2f02f1,Localization Quality,AMCLPose,MeanYaw,-2.79321,54.9
463867efa1f44771e6bf1625ee2f02f1,Localization Quality,AMCLPose,MeanY,-0.244095,54.9
463867efa1f44771e6bf1625ee2f02f1,Localization Quality,AMCLPose,MeanX,-0.515222,54.9
463867efa1f44771e6bf1625ee2f02f1,Localization Stability,TF,Jump Angular,0.00205712,55.9
463867efa1f44771e6bf1625ee2f02f1,Localization Stability,TF,Jump Linear,0.00179298,55.9
463867efa1f44771e6bf1625ee2f02f1,Localization Stability,TF,Jump Angular,0,56
463867efa1f44771e6bf1625ee2f02f1,Localization Stability,TF,Jump Linear,0,56
463867efa1f44771e6bf1625ee2f02f1,Input Validity,Lidar,Lidar Rate,10,55.08
463867efa1f44771e6bf1625ee2f02f1,Input Validity,Odometry,Odometry Rate,50,55.08
463867efa1f44771e6bf1625ee2f02f1,Input Validity,TF,TF Rate,10,55.08
463867efa1f44771e6bf1625ee2f02f1,Input Validity,Lidar,Lidar Rate,10,55.18
463867efa1f44771e6bf1625ee2f02f1,Input Validity,Odometry,Odometry Rate,50,55.18
463867efa1f44771e6bf1625ee2f02f1,Input Validity,TF,TF Rate,10,55.18
463867efa1f44771e6bf1625ee2f02f1,Localization Stability,TF,Jump Angular,0,56.1
463867efa1f44771e6bf1625ee2f02f1,Localization Stability,TF,Jump Linear,0,56.1
463867efa1f44771e6bf1625ee2f02f1,Input Validity,Lidar,Lidar Rate,10,55.27
463867efa1f44771e6bf1625ee2f02f1,Input Validity,Odometry,Odometry Rate,50,55.27
463867efa1f44771e6bf1625ee2f02f1,Input Validity,TF,TF Rate,10,55.27
463867efa1f44771e6bf1625ee2f02f1,Localization Quality,AMCLPose,CovYawYaw,0.00377388,55.2
463867efa1f44771e6bf1625ee2f02f1,Localization Quality,AMCLPose,CovYY,0.00417321,55.2
463867efa1f44771e6bf1625ee2f02f1,Localization Quality,AMCLPose,CovXX,0.00659314,55.2
463867efa1f44771e6bf1625ee2f02f1,Localization Quality,AMCLPose,MeanYaw,-2.7768,55.2
463867efa1f44771e6bf1625ee2f02f1,Localization Quality,AMCLPose,MeanY,-0.289343,55.2
463867efa1f44771e6bf1625ee2f02f1,Localization Quality,AMCLPose,MeanX,-0.646378,55.2
463867efa1f44771e6bf1625ee2f02f1,Localization Stability,TF,Jump Angular,0.000116771,56.2
463867efa1f44771e6bf1625ee2f02f1,Localization Stability,TF,Jump Linear,0.00494078,56.2
463867efa1f44771e6bf1625ee2f02f1,Input Validity,Lidar,Lidar Rate,10,55.37
463867efa1f44771e6bf1625ee2f02f1,Input Validity,Odometry,Odometry Rate,50,55.37
463867efa1f44771e6bf1625ee2f02f1,Input Validity,TF,TF Rate,10,55.37
463867efa1f44771e6bf1625ee2f02f1,Localization Stability,TF,Jump Angular,0,56.3
463867efa1f44771e6bf1625ee2f02f1,Localization Stability,TF,Jump Linear,0,56.3
463867efa1f44771e6bf1625ee2f02f1,Input Validity,Lidar,Lidar Rate,10,55.47
463867efa1f44771e6bf1625ee2f02f1,Input Validity,Odometry,Odometry Rate,50,55.47
463867efa1f44771e6bf1625ee2f02f1,Input Validity,TF,TF Rate,10,55.47
463867efa1f44771e6bf1625ee2f02f1,Localization Stability,TF,Jump Angular,0,56.4
463867efa1f44771e6bf1625ee2f02f1,Localization Stability,TF,Jump Linear,0,56.4
463867efa1f44771e6bf1625ee2f02f1,Localization Quality,AMCLPose,CovYawYaw,0.00284229,55.5
463867efa1f44771e6bf1625ee2f02f1,Localization Quality,AMCLPose,CovYY,0.00436881,55.5
463867efa1f44771e6bf1625ee2f02f1,Localization Quality,AMCLPose,CovXX,0.00641139,55.5
463867efa1f44771e6bf1625ee2f02f1,Localization Quality,AMCLPose,MeanYaw,-2.75028,55.5
463867efa1f44771e6bf1625ee2f02f1,Localization Quality,AMCLPose,MeanY,-0.337091,55.5
463867efa1f44771e6bf1625ee2f02f1,Localization Quality,AMCLPose,MeanX,-0.768466,55.5
463867efa1f44771e6bf1625ee2f02f1,Localization Stability,TF,Jump Angular,-0.00366221,56.5
463867efa1f44771e6bf1625ee2f02f1,Localization Stability,TF,Jump Linear,0.00449524,56.5
463867efa1f44771e6bf1625ee2f02f1,Input Validity,Lidar,Lidar Rate,10,55.57
463867efa1f44771e6bf1625ee2f02f1,Input Validity,Odometry,Odometry Rate,50,55.57
463867efa1f44771e6bf1625ee2f02f1,Input Validity,TF,TF Rate,10,55.57
463867efa1f44771e6bf1625ee2f02f1,Localization Stability,TF,Jump Angular,0,56.6
463867efa1f44771e6bf1625ee2f02f1,Localization Stability,TF,Jump Linear,0,56.6
463867efa1f44771e6bf1625ee2f02f1,Input Validity,Lidar,Lidar Rate,10,55.67
463867efa1f44771e6bf1625ee2f02f1,Input Validity,Odometry,Odometry Rate,50,55.67
463867efa1f44771e6bf1625ee2f02f1,Input Validity,TF,TF Rate,10,55.67
463867efa1f44771e6bf1625ee2f02f1,Input Validity,Lidar,Lidar Rate,10,55.77
463867efa1f44771e6bf1625ee2f02f1,Input Validity,Odometry,Odometry Rate,50,55.77
463867efa1f44771e6bf1625ee2f02f1,Input Validity,TF,TF Rate,10,55.77
463867efa1f44771e6bf1625ee2f02f1,Localization Stability,TF,Jump Angular,0,56.7
463867efa1f44771e6bf1625ee2f02f1,Localization Stability,TF,Jump Linear,0,56.7
463867efa1f44771e6bf1625ee2f02f1,Input Validity,Lidar,Lidar Rate,10,55.87
463867efa1f44771e6bf1625ee2f02f1,Input Validity,Odometry,Odometry Rate,50,55.87
463867efa1f44771e6bf1625ee2f02f1,Input Validity,TF,TF Rate,10,55.87
463867efa1f44771e6bf1625ee2f02f1,Localization Quality,AMCLPose,CovYawYaw,0.00258154,55.8
463867efa1f44771e6bf1625ee2f02f1,Localization Quality,AMCLPose,CovYY,0.00457822,55.8
463867efa1f44771e6bf1625ee2f02f1,Localization Quality,AMCLPose,CovXX,0.00632711,55.8
463867efa1f44771e6bf1625ee2f02f1,Localization Quality,AMCLPose,MeanYaw,-2.70809,55.8
463867efa1f44771e6bf1625ee2f02f1,Localization Quality,AMCLPose,MeanY,-0.388209,55.8
463867efa1f44771e6bf1625ee2f02f1,Localization Quality,AMCLPose,MeanX,-0.886725,55.8
463867efa1f44771e6bf1625ee2f02f1,Localization Stability,TF,Jump Angular,0.00333475,56.8
463867efa1f44771e6bf1625ee2f02f1,Localization Stability,TF,Jump Linear,0.00715752,56.8
463867efa1f44771e6bf1625ee2f02f1,Input Validity,Lidar,Lidar Rate,10,55.97
463867efa1f44771e6bf1625ee2f02f1,Input Validity,Odometry,Odometry Rate,50,55.97
463867efa1f44771e6bf1625ee2f02f1,Input Validity,TF,TF Rate,10,55.97
463867efa1f44771e6bf1625ee2f02f1,Localization Stability,TF,Jump Angular,0,56.9
463867efa1f44771e6bf1625ee2f02f1,Localization Stability,TF,Jump Linear,0,56.9
463867efa1f44771e6bf1625ee2f02f1,Localization Stability,TF,Jump Angular,0,57
463867efa1f44771e6bf1625ee2f02f1,Localization Stability,TF,Jump Linear,0,57
463867efa1f44771e6bf1625ee2f02f1,Input Validity,Lidar,Lidar Rate,10,56.07
463867efa1f44771e6bf1625ee2f02f1,Input Validity,Odometry,Odometry Rate,50,56.07
463867efa1f44771e6bf1625ee2f02f1,Input Validity,TF,TF Rate,10,56.07
463867efa1f44771e6bf1625ee2f02f1,Input Validity,Lidar,Lidar Rate,10,56.17
463867efa1f44771e6bf1625ee2f02f1,Input Validity,Odometry,Odometry Rate,50,56.17
463867efa1f44771e6bf1625ee2f02f1,Input Validity,TF,TF Rate,10,56.17
463867efa1f44771e6bf1625ee2f02f1,Localization Quality,AMCLPose,CovYawYaw,0.00214068,56.1
463867efa1f44771e6bf1625ee2f02f1,Localization Quality,AMCLPose,CovYY,0.00478231,56.1
463867efa1f44771e6bf1625ee2f02f1,Localization Quality,AMCLPose,CovXX,0.00619245,56.1
463867efa1f44771e6bf1625ee2f02f1,Localization Quality,AMCLPose,MeanYaw,-2.66327,56.1
463867efa1f44771e6bf1625ee2f02f1,Localization Quality,AMCLPose,MeanY,-0.444278,56.1
463867efa1f44771e6bf1625ee2f02f1,Localization Quality,AMCLPose,MeanX,-1.0033,56.1
463867efa1f44771e6bf1625ee2f02f1,Localization Stability,TF,Jump Angular,0.000713569,57.1
463867efa1f44771e6bf1625ee2f02f1,Localization Stability,TF,Jump Linear,0.00592695,57.1
463867efa1f44771e6bf1625ee2f02f1,Localization Stability,TF,Jump Angular,0,57.2
463867efa1f44771e6bf1625ee2f02f1,Localization Stability,TF,Jump Linear,0,57.2
463867efa1f44771e6bf1625ee2f02f1,Input Validity,Lidar,Lidar Rate,10,56.27
463867efa1f44771e6bf1625ee2f02f1,Input Validity,Odometry,Odometry Rate,50,56.27
463867efa1f44771e6bf1625ee2f02f1,Input Validity,TF,TF Rate,10,56.27
463867efa1f44771e6bf1625ee2f02f1,Input Validity,Lidar,Lidar Rate,10,56.37
463867efa1f44771e6bf1625ee2f02f1,Input Validity,Odometry,Odometry Rate,50,56.37
463867efa1f44771e6bf1625ee2f02f1,Input Validity,TF,TF Rate,10,56.37
463867efa1f44771e6bf1625ee2f02f1,Localization Stability,TF,Jump Angular,0,57.3
463867efa1f44771e6bf1625ee2f02f1,Localization Stability,TF,Jump Linear,0,57.3
463867efa1f44771e6bf1625ee2f02f1,Input Validity,Lidar,Lidar Rate,10,56.47
463867efa1f44771e6bf1625ee2f02f1,Input Validity,Odometry,Odometry Rate,50,56.47
463867efa1f44771e6bf1625ee2f02f1,Input Validity,TF,TF Rate,10,56.47
463867efa1f44771e6bf1625ee2f02f1,Localization Quality,AMCLPose,CovYawYaw,0.00198738,56.4
463867efa1f44771e6bf1625ee2f02f1,Localization Quality,AMCLPose,CovYY,0.00508712,56.4
463867efa1f44771e6bf1625ee2f02f1,Localization Quality,AMCLPose,CovXX,0.00613468,56.4
463867efa1f44771e6bf1625ee2f02f1,Localization Quality,AMCLPose,MeanYaw,-2.6147,56.4
463867efa1f44771e6bf1625ee2f02f1,Localization Quality,AMCLPose,MeanY,-0.50893,56.4
463867efa1f44771e6bf1625ee2f02f1,Localization Quality,AMCLPose,MeanX,-1.1235,56.4
463867efa1f44771e6bf1625ee2f02f1,Localization Stability,TF,Jump Angular,0.00103944,57.4
463867efa1f44771e6bf1625ee2f02f1,Localization Stability,TF,Jump Linear,0.00277697,57.4
463867efa1f44771e6bf1625ee2f02f1,Localization Stability,TF,Jump Angular,0,57.5
463867efa1f44771e6bf1625ee2f02f1,Localization Stability,TF,Jump Linear,0,57.5
463867efa1f44771e6bf1625ee2f02f1,Input Validity,Lidar,Lidar Rate,10,56.57
463867efa1f44771e6bf1625ee2f02f1,Input Validity,Odometry,Odometry Rate,50,56.57
463867efa1f44771e6bf1625ee2f02f1,Input Validity,TF,TF Rate,10,56.57
463867efa1f44771e6bf1625ee2f02f1,Input Validity,Lidar,Lidar Rate,10,56.67
463867efa1f44771e6bf1625ee2f02f1,Input Validity,Odometry,Odometry Rate,50,56.67
463867efa1f44771e6bf1625ee2f02f1,Input Validity,TF,TF Rate,10,56.67
463867efa1f44771e6bf1625ee2f02f1,Localization Stability,TF,Jump Angular,0,57.6
463867efa1f44771e6bf1625ee2f02f1,Localization Stability,TF,Jump Linear,0,57.6
463867efa1f44771e6bf1625ee2f02f1,Input Validity,Lidar,Lidar Rate,10,56.77
463867efa1f44771e6bf1625ee2f02f1,Input Validity,Odometry,Odometry Rate,50,56.77
463867efa1f44771e6bf1625ee2f02f1,Input Validity,TF,TF Rate,10,56.77
463867efa1f44771e6bf1625ee2f02f1,Localization Quality,AMCLPose,CovYawYaw,0.00190817,56.7
463867efa1f44771e6bf1625ee2f02f1,Localization Quality,AMCLPose,CovYY,0.00526534,56.7
463867efa1f44771e6bf1625ee2f02f1,Localization Quality,AMCLPose,CovXX,0.00629753,56.7
463867efa1f44771e6bf1625ee2f02f1,Localization Quality,AMCLPose,MeanYaw,-2.56676,56.7
463867efa1f44771e6bf1625ee2f02f1,Localization Quality,AMCLPose,MeanY,-0.577682,56.7
463867efa1f44771e6bf1625ee2f02f1,Localization Quality,AMCLPose,MeanX,-1.23271,56.7
463867efa1f44771e6bf1625ee2f02f1,Localization Stability,TF,Jump Angular,-0.000102379,57.7
463867efa1f44771e6bf1625ee2f02f1,Localization Stability,TF,Jump Linear,0.00612284,57.7
463867efa1f44771e6bf1625ee2f02f1,Input Validity,Lidar,Lidar Rate,10,56.86
463867efa1f44771e6bf1625ee2f02f1,Input Validity,Odometry,Odometry Rate,50,56.86
463867efa1f44771e6bf1625ee2f02f1,Input Validity,TF,TF Rate,10,56.86
463867efa1f44771e6bf1625ee2f02f1,Localization Stability,TF,Jump Angular,0,57.8
463867efa1f44771e6bf1625ee2f02f1,Localization Stability,TF,Jump Linear,0,57.8
463867efa1f44771e6bf1625ee2f02f1,Input Validity,Lidar,Lidar Rate,10,56.96
463867efa1f44771e6bf1625ee2f02f1,Input Validity,Odometry,Odometry Rate,50,56.96
463867efa1f44771e6bf1625ee2f02f1,Input Validity,TF,TF Rate,10,56.96
463867efa1f44771e6bf1625ee2f02f1,Localization Stability,TF,Jump Angular,0,57.9
463867efa1f44771e6bf1625ee2f02f1,Localization Stability,TF,Jump Linear,0,57.9
463867efa1f44771e6bf1625ee2f02f1,Input Validity,Lidar,Lidar Rate,10,57.06
463867efa1f44771e6bf1625ee2f02f1,Input Validity,Odometry,Odometry Rate,50,57.06
463867efa1f44771e6bf1625ee2f02f1,Input Validity,TF,TF Rate,10,57.06
463867efa1f44771e6bf1625ee2f02f1,Localization Quality,AMCLPose,CovYawYaw,0.00397284,57
463867efa1f44771e6bf1625ee2f02f1,Localization Quality,AMCLPose,CovYY,0.00587641,57
463867efa1f44771e6bf1625ee2f02f1,Localization Quality,AMCLPose,CovXX,0.0068567,57
463867efa1f44771e6bf1625ee2f02f1,Localization Quality,AMCLPose,MeanYaw,-2.5057,57
463867efa1f44771e6bf1625ee2f02f1,Localization Quality,AMCLPose,MeanY,-0.652414,57
463867efa1f44771e6bf1625ee2f02f1,Localization Quality,AMCLPose,MeanX,-1.34503,57
463867efa1f44771e6bf1625ee2f02f1,Localization Stability,TF,Jump Angular,0.000551299,58
463867efa1f44771e6bf1625ee2f02f1,Localization Stability,TF,Jump Linear,0.00291366,58
463867efa1f44771e6bf1625ee2f02f1,Input Validity,Lidar,Lidar Rate,10,57.16
463867efa1f44771e6bf1625ee2f02f1,Input Validity,Odometry,Odometry Rate,50,57.16
463867efa1f44771e6bf1625ee2f02f1,Input Validity,TF,TF Rate,10,57.16
463867efa1f44771e6bf1625ee2f02f1,Localization Stability,TF,Jump Angular,0,58.1
463867efa1f44771e6bf1625ee2f02f1,Localization Stability,TF,Jump Linear,0,58.1
463867efa1f44771e6bf1625ee2f02f1,Localization Stability,TF,Jump Angular,0,58.2
463867efa1f44771e6bf1625ee2f02f1,Localization Stability,TF,Jump Linear,0,58.2
463867efa1f44771e6bf1625ee2f02f1,Input Validity,Lidar,Lidar Rate,10,57.26
463867efa1f44771e6bf1625ee2f02f1,Input Validity,Odometry,Odometry Rate,50,57.26
463867efa1f44771e6bf1625ee2f02f1,Input Validity,TF,TF Rate,10,57.26
463867efa1f44771e6bf1625ee2f02f1,Input Validity,Lidar,Lidar Rate,10,57.36
463867efa1f44771e6bf1625ee2f02f1,Input Validity,Odometry,Odometry Rate,50,57.36
463867efa1f44771e6bf1625ee2f02f1,Input Validity,TF,TF Rate,10,57.36
463867efa1f44771e6bf1625ee2f02f1,Localization Quality,AMCLPose,CovYawYaw,0.00564119,57.3
463867efa1f44771e6bf1625ee2f02f1,Localization Quality,AMCLPose,CovYY,0.00689505,57.3
463867efa1f44771e6bf1625ee2f02f1,Localization Quality,AMCLPose,CovXX,0.00773517,57.3
463867efa1f44771e6bf1625ee2f02f1,Localization Quality,AMCLPose,MeanYaw,-2.45117,57.3
463867efa1f44771e6bf1625ee2f02f1,Localization Quality,AMCLPose,MeanY,-0.733635,57.3
463867efa1f44771e6bf1625ee2f02f1,Localization Quality,AMCLPose,MeanX,-1.45015,57.3
463867efa1f44771e6bf1625ee2f02f1,Localization Stability,TF,Jump Angular,-0.00382152,58.3
463867efa1f44771e6bf1625ee2f02f1,Localization Stability,TF,Jump Linear,0.00504966,58.3
463867efa1f44771e6bf1625ee2f02f1,Input Validity,Lidar,Lidar Rate,10,57.46
463867efa1f44771e6bf1625ee2f02f1,Input Validity,Odometry,Odometry Rate,50,57.46
463867efa1f44771e6bf1625ee2f02f1,Input Validity,TF,TF Rate,10,57.46
463867efa1f44771e6bf1625ee2f02f1,Localization Stability,TF,Jump Angular,0,58.4
463867efa1f44771e6bf1625ee2f02f1,Localization Stability,TF,Jump Linear,0,58.4
463867efa1f44771e6bf1625ee2f02f1,Input Validity,Lidar,Lidar Rate,10,57.56
463867efa1f44771e6bf1625ee2f02f1,Input Validity,Odometry,Odometry Rate,50,57.56
463867efa1f44771e6bf1625ee2f02f1,Input Validity,TF,TF Rate,10,57.56
463867efa1f44771e6bf1625ee2f02f1,Localization Stability,TF,Jump Angular,0,58.5
463867efa1f44771e6bf1625ee2f02f1,Localization Stability,TF,Jump Linear,0,58.5
463867efa1f44771e6bf1625ee2f02f1,Input Validity,Lidar,Lidar Rate,10,57.66
463867efa1f44771e6bf1625ee2f02f1,Input Validity,Odometry,Odometry Rate,50,57.66
463867efa1f44771e6bf1625ee2f02f1,Input Validity,TF,TF Rate,10,57.66
463867efa1f44771e6bf1625ee2f02f1,Localization Quality,AMCLPose,CovYawYaw,0.00752661,57.6
463867efa1f44771e6bf1625ee2f02f1,Localization Quality,AMCLPose,CovYY,0.00796783,57.6
463867efa1f44771e6bf1625ee2f02f1,Localization Quality,AMCLPose,CovXX,0.00854089,57.6
463867efa1f44771e6bf1625ee2f02f1,Localization Quality,AMCLPose,MeanYaw,-2.40961,57.6
463867efa1f44771e6bf1625ee2f02f1,Localization Quality,AMCLPose,MeanY,-0.82014,57.6
463867efa1f44771e6bf1625ee2f02f1,Localization Quality,AMCLPose,MeanX,-1.5511,57.6
463867efa1f44771e6bf1625ee2f02f1,Localization Stability,TF,Jump Angular,-0.0040252,58.6
463867efa1f44771e6bf1625ee2f02f1,Localization Stability,TF,Jump Linear,0.00612978,58.6
463867efa1f44771e6bf1625ee2f02f1,Input Validity,Lidar,Lidar Rate,10,57.76
463867efa1f44771e6bf1625ee2f02f1,Input Validity,Odometry,Odometry Rate,50,57.76
463867efa1f44771e6bf1625ee2f02f1,Input Validity,TF,TF Rate,10,57.76
463867efa1f44771e6bf1625ee2f02f1,Localization Stability,TF,Jump Angular,0,58.7
463867efa1f44771e6bf1625ee2f02f1,Localization Stability,TF,Jump Linear,0,58.7
463867efa1f44771e6bf1625ee2f02f1,Input Validity,Lidar,Lidar Rate,10,57.86
463867efa1f44771e6bf1625ee2f02f1,Input Validity,Odometry,Odometry Rate,50,57.86
463867efa1f44771e6bf1625ee2f02f1,Input Validity,TF,TF Rate,10,57.86
463867efa1f44771e6bf1625ee2f02f1,Localization Stability,TF,Jump Angular,0,58.8
463867efa1f44771e6bf1625ee2f02f1,Localization Stability,TF,Jump Linear,0,58.8
463867efa1f44771e6bf1625ee2f02f1,Input Validity,Lidar,Lidar Rate,10,57.96
463867efa1f44771e6bf1625ee2f02f1,Input Validity,Odometry,Odometry Rate,50,57.96
463867efa1f44771e6bf1625ee2f02f1,Input Validity,TF,TF Rate,10,57.96
463867efa1f44771e6bf1625ee2f02f1,Localization Quality,AMCLPose,CovYawYaw,0.00960915,57.9
463867efa1f44771e6bf1625ee2f02f1,Localization Quality,AMCLPose,CovYY,0.00946318,57.9
463867efa1f44771e6bf1625ee2f02f1,Localization Quality,AMCLPose,CovXX,0.00946424,57.9
463867efa1f44771e6bf1625ee2f02f1,Localization Quality,AMCLPose,MeanYaw,-2.37878,57.9
463867efa1f44771e6bf1625ee2f02f1,Localization Quality,AMCLPose,MeanY,-0.913951,57.9
463867efa1f44771e6bf1625ee2f02f1,Localization Quality,AMCLPose,MeanX,-1.65023,57.9
463867efa1f44771e6bf1625ee2f02f1,Localization Stability,TF,Jump Angular,0.00175293,58.9
463867efa1f44771e6bf1625ee2f02f1,Localization Stability,TF,Jump Linear,0.00213948,58.9
463867efa1f44771e6bf1625ee2f02f1,Input Validity,Lidar,Lidar Rate,10,58.06
463867efa1f44771e6bf1625ee2f02f1,Input Validity,Odometry,Odometry Rate,50,58.06
463867efa1f44771e6bf1625ee2f02f1,Input Validity,TF,TF Rate,10,58.06
463867efa1f44771e6bf1625ee2f02f1,Localization Stability,TF,Jump Angular,0,59
463867efa1f44771e6bf1625ee2f02f1,Localization Stability,TF,Jump Linear,0,59
463867efa1f44771e6bf1625ee2f02f1,Localization Stability,TF,Jump Angular,0,59.1
463867efa1f44771e6bf1625ee2f02f1,Localization Stability,TF,Jump Linear,0,59.1
463867efa1f44771e6bf1625ee2f02f1,Input Validity,Lidar,Lidar Rate,10,58.16
463867efa1f44771e6bf1625ee2f02f1,Input Validity,Odometry,Odometry Rate,50,58.16
463867efa1f44771e6bf1625ee2f02f1,Input Validity,TF,TF Rate,10,58.16
463867efa1f44771e6bf1625ee2f02f1,Input Validity,Lidar,Lidar Rate,10,58.26
463867efa1f44771e6bf1625ee2f02f1,Input Validity,Odometry,Odometry Rate,50,58.26
463867efa1f44771e6bf1625ee2f02f1,Input Validity,TF,TF Rate,10,58.26
463867efa1f44771e6bf1625ee2f02f1,Localization Stability,TF,Jump Angular,0,59.2
463867efa1f44771e6bf1625ee2f02f1,Localization Stability,TF,Jump Linear,0,59.2
463867efa1f44771e6bf1625ee2f02f1,Input Validity,Lidar,Lidar Rate,10,58.36
463867efa1f44771e6bf1625ee2f02f1,Input Validity,Odometry,Odometry Rate,50,58.36
463867efa1f44771e6bf1625ee2f02f1,Input Validity,TF,TF Rate,10,58.36
463867efa1f44771e6bf1625ee2f02f1,Localization Quality,AMCLPose,CovYawYaw,0.0128557,58.3
463867efa1f44771e6bf1625ee2f02f1,Localization Quality,AMCLPose,CovYY,0.0113461,58.3
463867efa1f44771e6bf1625ee2f02f1,Localization Quality,AMCLPose,CovXX,0.0108855,58.3
463867efa1f44771e6bf1625ee2f02f1,Localization Quality,AMCLPose,MeanYaw,-2.37938,58.3
463867efa1f44771e6bf1625ee2f02f1,Localization Quality,AMCLPose,MeanY,-1.03598,58.3
463867efa1f44771e6bf1625ee2f02f1,Localization Quality,AMCLPose,MeanX,-1.77707,58.3
463867efa1f44771e6bf1625ee2f02f1,Localization Stability,TF,Jump Angular,-0.00170039,59.3
463867efa1f44771e6bf1625ee2f02f1,Localization Stability,TF,Jump Linear,0.00500638,59.3
463867efa1f44771e6bf1625ee2f02f1,Input Validity,Lidar,Lidar Rate,10,58.45
463867efa1f44771e6bf1625ee2f02f1,Input Validity,Odometry,Odometry Rate,50,58.45
463867efa1f44771e6bf1625ee2f02f1,Input Validity,TF,TF Rate,10,58.45
463867efa1f44771e6bf1625ee2f02f1,Localization Stability,TF,Jump Angular,0,59.4
463867efa1f44771e6bf1625ee2f02f1,Localization Stability,TF,Jump Linear,0,59.4
463867efa1f44771e6bf1625ee2f02f1,Input Validity,Lidar,Lidar Rate,10,58.54
463867efa1f44771e6bf1625ee2f02f1,Input Validity,Odometry,Odometry Rate,50,58.54
463867efa1f44771e6bf1625ee2f02f1,Input Validity,TF,TF Rate,10,58.54
463867efa1f44771e6bf1625ee2f02f1,Localization Stability,TF,Jump Angular,0,59.5
463867efa1f44771e6bf1625ee2f02f1,Localization Stability,TF,Jump Linear,0,59.5
463867efa1f44771e6bf1625ee2f02f1,Input Validity,Lidar,Lidar Rate,10,58.63
463867efa1f44771e6bf1625ee2f02f1,Input Validity,Odometry,Odometry Rate,50,58.63
463867efa1f44771e6bf1625ee2f02f1,Input Validity,TF,TF Rate,10,58.63
463867efa1f44771e6bf1625ee2f02f1,Localization Stability,TF,Jump Angular,0,59.6
463867efa1f44771e6bf1625ee2f02f1,Localization Stability,TF,Jump Linear,0,59.6
463867efa1f44771e6bf1625ee2f02f1,Input Validity,Lidar,Lidar Rate,10,58.73
463867efa1f44771e6bf1625ee2f02f1,Input Validity,Odometry,Odometry Rate,50,58.73
463867efa1f44771e6bf1625ee2f02f1,Input Validity,TF,TF Rate,10,58.73
463867efa1f44771e6bf1625ee2f02f1,Localization Quality,AMCLPose,CovYawYaw,0.0152441,58.7
463867efa1f44771e6bf1625ee2f02f1,Localization Quality,AMCLPose,CovYY,0.0134296,58.7
463867efa1f44771e6bf1625ee2f02f1,Localization Quality,AMCLPose,CovXX,0.0133571,58.7
463867efa1f44771e6bf1625ee2f02f1,Localization Quality,AMCLPose,MeanYaw,-2.37584,58.7
463867efa1f44771e6bf1625ee2f02f1,Localization Quality,AMCLPose,MeanY,-1.15884,58.7
463867efa1f44771e6bf1625ee2f02f1,Localization Quality,AMCLPose,MeanX,-1.90684,58.7
463867efa1f44771e6bf1625ee2f02f1,Localization Stability,TF,Jump Angular,-0.00118446,59.7
463867efa1f44771e6bf1625ee2f02f1,Localization Stability,TF,Jump Linear,0.00160766,59.7
463867efa1f44771e6bf1625ee2f02f1,Input Validity,Lidar,Lidar Rate,10,58.83
463867efa1f44771e6bf1625ee2f02f1,Input Validity,Odometry,Odometry Rate,50,58.83
463867efa1f44771e6bf1625ee2f02f1,Input Validity,TF,TF Rate,10,58.83
463867efa1f44771e6bf1625ee2f02f1,Localization Stability,TF,Jump Angular,0,59.8
463867efa1f44771e6bf1625ee2f02f1,Localization Stability,TF,Jump Linear,0,59.8
463867efa1f44771e6bf1625ee2f02f1,Input Validity,Lidar,Lidar Rate,10,58.93
463867efa1f44771e6bf1625ee2f02f1,Input Validity,Odometry,Odometry Rate,50,58.93
463867efa1f44771e6bf1625ee2f02f1,Input Validity,TF,TF Rate,10,58.93
463867efa1f44771e6bf1625ee2f02f1,Localization Stability,TF,Jump Angular,0,59.9
463867efa1f44771e6bf1625ee2f02f1,Localization Stability,TF,Jump Linear,0,59.9
463867efa1f44771e6bf1625ee2f02f1,Input Validity,Lidar,Lidar Rate,10,59.03
463867efa1f44771e6bf1625ee2f02f1,Input Validity,Odometry,Odometry Rate,50,59.03
463867efa1f44771e6bf1625ee2f02f1,Input Validity,TF,TF Rate,10,59.03
463867efa1f44771e6bf1625ee2f02f1,Localization Stability,TF,Jump Angular,0,60
463867efa1f44771e6bf1625ee2f02f1,Localization Stability,TF,Jump Linear,0,60
463867efa1f44771e6bf1625ee2f02f1,Input Validity,Lidar,Lidar Rate,10,59.11
463867efa1f44771e6bf1625ee2f02f1,Input Validity,Odometry,Odometry Rate,50,59.11
463867efa1f44771e6bf1625ee2f02f1,Input Validity,TF,TF Rate,10,59.11
463867efa1f44771e6bf1625ee2f02f1,Localization Quality,AMCLPose,CovYawYaw,0.0185154,59.1
463867efa1f44771e6bf1625ee2f02f1,Localization Quality,AMCLPose,CovYY,0.0165919,59.1
463867efa1f44771e6bf1625ee2f02f1,Localization Quality,AMCLPose,CovXX,0.0166237,59.1
463867efa1f44771e6bf1625ee2f02f1,Localization Quality,AMCLPose,MeanYaw,-2.36955,59.1
463867efa1f44771e6bf1625ee2f02f1,Localization Quality,AMCLPose,MeanY,-1.28619,59.1
463867efa1f44771e6bf1625ee2f02f1,Localization Quality,AMCLPose,MeanX,-2.03723,59.1
463867efa1f44771e6bf1625ee2f02f1,Localization Stability,TF,Jump Angular,0.000930079,60.1
463867efa1f44771e6bf1625ee2f02f1,Localization Stability,TF,Jump Linear,0.00216745,60.1
463867efa1f44771e6bf1625ee2f02f1,Input Validity,Lidar,Lidar Rate,10,59.21
463867efa1f44771e6bf1625ee2f02f1,Input Validity,Odometry,Odometry Rate,50,59.21
463867efa1f44771e6bf1625ee2f02f1,Input Validity,TF,TF Rate,10,59.21
463867efa1f44771e6bf1625ee2f02f1,Localization Stability,TF,Jump Angular,0,60.2
463867efa1f44771e6bf1625ee2f02f1,Localization Stability,TF,Jump Linear,0,60.2
463867efa1f44771e6bf1625ee2f02f1,Input Validity,Lidar,Lidar Rate,10,59.31
463867efa1f44771e6bf1625ee2f02f1,Input Validity,Odometry,Odometry Rate,50,59.31
463867efa1f44771e6bf1625ee2f02f1,Input Validity,TF,TF Rate,10,59.31
463867efa1f44771e6bf1625ee2f02f1,Localization Stability,TF,Jump Angular,0,60.3
463867efa1f44771e6bf1625ee2f02f1,Localization Stability,TF,Jump Linear,0,60.3
463867efa1f44771e6bf1625ee2f02f1,Input Validity,Lidar,Lidar Rate,10,59.41
463867efa1f44771e6bf1625ee2f02f1,Input Validity,Odometry,Odometry Rate,50,59.41
463867efa1f44771e6bf1625ee2f02f1,Input Validity,TF,TF Rate,10,59.41
463867efa1f44771e6bf1625ee2f02f1,Localization Stability,TF,Jump Angular,0,60.4
463867efa1f44771e6bf1625ee2f02f1,Localization Stability,TF,Jump Linear,0,60.4
463867efa1f44771e6bf1625ee2f02f1,Input Validity,Lidar,Lidar Rate,10,59.51
463867efa1f44771e6bf1625ee2f02f1,Input Validity,Odometry,Odometry Rate,50,59.51
463867efa1f44771e6bf1625ee2f02f1,Input Validity,TF,TF Rate,10,59.51
463867efa1f44771e6bf1625ee2f02f1,Localization Quality,AMCLPose,CovYawYaw,0.0218948,59.5
463867efa1f44771e6bf1625ee2f02f1,Localization Quality,AMCLPose,CovYY,0.0203103,59.5
463867efa1f44771e6bf1625ee2f02f1,Localization Quality,AMCLPose,CovXX,0.0199164,59.5
463867efa1f44771e6bf1625ee2f02f1,Localization Quality,AMCLPose,MeanYaw,-2.36275,59.5
463867efa1f44771e6bf1625ee2f02f1,Localization Quality,AMCLPose,MeanY,-1.40965,59.5
463867efa1f44771e6bf1625ee2f02f1,Localization Quality,AMCLPose,MeanX,-2.16566,59.5
463867efa1f44771e6bf1625ee2f02f1,Localization Stability,TF,Jump Angular,0.00221496,60.5
463867efa1f44771e6bf1625ee2f02f1,Localization Stability,TF,Jump Linear,0.0077922,60.5
463867efa1f44771e6bf1625ee2f02f1,Input Validity,Lidar,Lidar Rate,10,59.61
463867efa1f44771e6bf1625ee2f02f1,Input Validity,Odometry,Odometry Rate,50,59.61
463867efa1f44771e6bf1625ee2f02f1,Input Validity,TF,TF Rate,10,59.61
463867efa1f44771e6bf1625ee2f02f1,Input Validity,Lidar,Lidar Rate,10,59.7
463867efa1f44771e6bf1625ee2f02f1,Input Validity,Odometry,Odometry Rate,50,59.7
463867efa1f44771e6bf1625ee2f02f1,Input Validity,TF,TF Rate,10,59.7
463867efa1f44771e6bf1625ee2f02f1,Localization Stability,TF,Jump Angular,0,60.6
463867efa1f44771e6bf1625ee2f02f1,Localization Stability,TF,Jump Linear,0,60.6
463867efa1f44771e6bf1625ee2f02f1,Input Validity,Lidar,Lidar Rate,10,59.8
463867efa1f44771e6bf1625ee2f02f1,Input Validity,Odometry,Odometry Rate,50,59.8
463867efa1f44771e6bf1625ee2f02f1,Input Validity,TF,TF Rate,10,59.8
463867efa1f44771e6bf1625ee2f02f1,Localization Stability,TF,Jump Angular,0,60.7
463867efa1f44771e6bf1625ee2f02f1,Localization Stability,TF,Jump Linear,0,60.7
463867efa1f44771e6bf1625ee2f02f1,Input Validity,Lidar,Lidar Rate,10,59.88
463867efa1f44771e6bf1625ee2f02f1,Input Validity,Odometry,Odometry Rate,50,59.88
463867efa1f44771e6bf1625ee2f02f1,Input Validity,TF,TF Rate,10,59.88
463867efa1f44771e6bf1625ee2f02f1,Localization Stability,TF,Jump Angular,0,60.8
463867efa1f44771e6bf1625ee2f02f1,Localization Stability,TF,Jump Linear,0,60.8
463867efa1f44771e6bf1625ee2f02f1,Input Validity,Lidar,Lidar Rate,10,59.97
463867efa1f44771e6bf1625ee2f02f1,Input Validity,Odometry,Odometry Rate,50,59.97
463867efa1f44771e6bf1625ee2f02f1,Input Validity,TF,TF Rate,10,59.97
463867efa1f44771e6bf1625ee2f02f1,Localization Quality,AMCLPose,CovYawYaw,0.0258361,59.9
463867efa1f44771e6bf1625ee2f02f1,Localization Quality,AMCLPose,CovYY,0.0255794,59.9
463867efa1f44771e6bf1625ee2f02f1,Localization Quality,AMCLPose,CovXX,0.0242372,59.9
463867efa1f44771e6bf1625ee2f02f1,Localization Quality,AMCLPose,MeanYaw,-2.36457,59.9
463867efa1f44771e6bf1625ee2f02f1,Localization Quality,AMCLPose,MeanY,-1.52993,59.9
463867efa1f44771e6bf1625ee2f02f1,Localization Quality,AMCLPose,MeanX,-2.28951,59.9
463867efa1f44771e6bf1625ee2f02f1,Localization Stability,TF,Jump Angular,-0.00552344,60.9
463867efa1f44771e6bf1625ee2f02f1,Localization Stability,TF,Jump Linear,0.0139713,60.9
463867efa1f44771e6bf1625ee2f02f1,Input Validity,Lidar,Lidar Rate,10,60.07
463867efa1f44771e6bf1625ee2f02f1,Input Validity,Odometry,Odometry Rate,50,60.07
463867efa1f44771e6bf1625ee2f02f1,Input Validity,TF,TF Rate,10,60.07
463867efa1f44771e6bf1625ee2f02f1,Localization Stability,TF,Jump Angular,0,61
463867efa1f44771e6bf1625ee2f02f1,Localization Stability,TF,Jump Linear,0,61
463867efa1f44771e6bf1625ee2f02f1,Input Validity,Lidar,Lidar Rate,10,60.17
463867efa1f44771e6bf1625ee2f02f1,Input Validity,Odometry,Odometry Rate,50,60.17
463867efa1f44771e6bf1625ee2f02f1,Input Validity,TF,TF Rate,10,60.17
463867efa1f44771e6bf1625ee2f02f1,Localization Stability,TF,Jump Angular,0,61.1
463867efa1f44771e6bf1625ee2f02f1,Localization Stability,TF,Jump Linear,0,61.1
463867efa1f44771e6bf1625ee2f02f1,Localization Stability,TF,Jump Angular,0,61.2
463867efa1f44771e6bf1625ee2f02f1,Localization Stability,TF,Jump Linear,0,61.2
463867efa1f44771e6bf1625ee2f02f1,Input Validity,Lidar,Lidar Rate,10,60.27
463867efa1f44771e6bf1625ee2f02f1,Input Validity,Odometry,Odometry Rate,50,60.27
463867efa1f44771e6bf1625ee2f02f1,Input Validity,TF,TF Rate,10,60.27
463867efa1f44771e6bf1625ee2f02f1,Input Validity,Lidar,Lidar Rate,10,60.37
463867efa1f44771e6bf1625ee2f02f1,Input Validity,Odometry,Odometry Rate,50,60.37
463867efa1f44771e6bf1625ee2f02f1,Input Validity,TF,TF Rate,10,60.37
463867efa1f44771e6bf1625ee2f02f1,Localization Quality,AMCLPose,CovYawYaw,0.0291264,60.3
463867efa1f44771e6bf1625ee2f02f1,Localization Quality,AMCLPose,CovYY,0.0323358,60.3
463867efa1f44771e6bf1625ee2f02f1,Localization Quality,AMCLPose,CovXX,0.0287109,60.3
463867efa1f44771e6bf1625ee2f02f1,Localization Quality,AMCLPose,MeanYaw,-2.36156,60.3
463867efa1f44771e6bf1625ee2f02f1,Localization Quality,AMCLPose,MeanY,-1.65516,60.3
463867efa1f44771e6bf1625ee2f02f1,Localization Quality,AMCLPose,MeanX,-2.41601,60.3
463867efa1f44771e6bf1625ee2f02f1,Localization Stability,TF,Jump Angular,-0.00108352,61.3
463867efa1f44771e6bf1625ee2f02f1,Localization Stability,TF,Jump Linear,0.0035869,61.3
463867efa1f44771e6bf1625ee2f02f1,Input Validity,Lidar,Lidar Rate,10,60.47
463867efa1f44771e6bf1625ee2f02f1,Input Validity,Odometry,Odometry Rate,50,60.47
463867efa1f44771e6bf1625ee2f02f1,Input Validity,TF,TF Rate,10,60.47
463867efa1f44771e6bf1625ee2f02f1,Localization Stability,TF,Jump Angular,0,61.4
463867efa1f44771e6bf1625ee2f02f1,Localization Stability,TF,Jump Linear,0,61.4
463867efa1f44771e6bf1625ee2f02f1,Input Validity,Lidar,Lidar Rate,10,60.57
463867efa1f44771e6bf1625ee2f02f1,Input Validity,Odometry,Odometry Rate,50,60.57
463867efa1f44771e6bf1625ee2f02f1,Input Validity,TF,TF Rate,10,60.57
463867efa1f44771e6bf1625ee2f02f1,Localization Stability,TF,Jump Angular,0,61.5
463867efa1f44771e6bf1625ee2f02f1,Localization Stability,TF,Jump Linear,0,61.5
463867efa1f44771e6bf1625ee2f02f1,Input Validity,Lidar,Lidar Rate,10,60.67
463867efa1f44771e6bf1625ee2f02f1,Input Validity,Odometry,Odometry Rate,50,60.67
463867efa1f44771e6bf1625ee2f02f1,Input Validity,TF,TF Rate,10,60.67
463867efa1f44771e6bf1625ee2f02f1,Localization Stability,TF,Jump Angular,0,61.6
463867efa1f44771e6bf1625ee2f02f1,Localization Stability,TF,Jump Linear,0,61.6
463867efa1f44771e6bf1625ee2f02f1,Input Validity,Lidar,Lidar Rate,10,60.77
463867efa1f44771e6bf1625ee2f02f1,Input Validity,Odometry,Odometry Rate,50,60.77
463867efa1f44771e6bf1625ee2f02f1,Input Validity,TF,TF Rate,10,60.77
463867efa1f44771e6bf1625ee2f02f1,Localization Quality,AMCLPose,CovYawYaw,0.0319159,60.7
463867efa1f44771e6bf1625ee2f02f1,Localization Quality,AMCLPose,CovYY,0.0391591,60.7
463867efa1f44771e6bf1625ee2f02f1,Localization Quality,AMCLPose,CovXX,0.0333836,60.7
463867efa1f44771e6bf1625ee2f02f1,Localization Quality,AMCLPose,MeanYaw,-2.36935,60.7
463867efa1f44771e6bf1625ee2f02f1,Localization Quality,AMCLPose,MeanY,-1.77089,60.7
463867efa1f44771e6bf1625ee2f02f1,Localization Quality,AMCLPose,MeanX,-2.5534,60.7
463867efa1f44771e6bf1625ee2f02f1,Localization Stability,TF,Jump Angular,-0.00906019,61.7
463867efa1f44771e6bf1625ee2f02f1,Localization Stability,TF,Jump Linear,0.0139498,61.7
463867efa1f44771e6bf1625ee2f02f1,Input Validity,Lidar,Lidar Rate,10,60.87
463867efa1f44771e6bf1625ee2f02f1,Input Validity,Odometry,Odometry Rate,50,60.87
463867efa1f44771e6bf1625ee2f02f1,Input Validity,TF,TF Rate,10,60.87
463867efa1f44771e6bf1625ee2f02f1,Localization Stability,TF,Jump Angular,0,61.8
463867efa1f44771e6bf1625ee2f02f1,Localization Stability,TF,Jump Linear,0,61.8
463867efa1f44771e6bf1625ee2f02f1,Input Validity,Lidar,Lidar Rate,10,60.97
463867efa1f44771e6bf1625ee2f02f1,Input Validity,Odometry,Odometry Rate,50,60.97
463867efa1f44771e6bf1625ee2f02f1,Input Validity,TF,TF Rate,10,60.97
463867efa1f44771e6bf1625ee2f02f1,Localization Stability,TF,Jump Angular,0,61.9
463867efa1f44771e6bf1625ee2f02f1,Localization Stability,TF,Jump Linear,0,61.9
463867efa1f44771e6bf1625ee2f02f1,Input Validity,Lidar,Lidar Rate,10,61.07
463867efa1f44771e6bf1625ee2f02f1,Input Validity,Odometry,Odometry Rate,50,61.07
463867efa1f44771e6bf1625ee2f02f1,Input Validity,TF,TF Rate,10,61.07
463867efa1f44771e6bf1625ee2f02f1,Localization Stability,TF,Jump Angular,0,62
463867efa1f44771e6bf1625ee2f02f1,Localization Stability,TF,Jump Linear,0,62
463867efa1f44771e6bf1625ee2f02f1,Localization Quality,AMCLPose,CovYawYaw,0.0369734,61.1
463867efa1f44771e6bf1625ee2f02f1,Localization Quality,AMCLPose,CovYY,0.0479923,61.1
463867efa1f44771e6bf1625ee2f02f1,Localization Quality,AMCLPose,CovXX,0.0395918,61.1
463867efa1f44771e6bf1625ee2f02f1,Localization Quality,AMCLPose,MeanYaw,-2.36367,61.1
463867efa1f44771e6bf1625ee2f02f1,Localization Quality,AMCLPose,MeanY,-1.89478,61.1
463867efa1f44771e6bf1625ee2f02f1,Localization Quality,AMCLPose,MeanX,-2.67841,61.1
463867efa1f44771e6bf1625ee2f02f1,Localization Stability,TF,Jump Angular,0.00287411,62.1
463867efa1f44771e6bf1625ee2f02f1,Localization Stability,TF,Jump Linear,0.0097193,62.1
463867efa1f44771e6bf1625ee2f02f1,Input Validity,Lidar,Lidar Rate,10,61.17
463867efa1f44771e6bf1625ee2f02f1,Input Validity,Odometry,Odometry Rate,50,61.17
463867efa1f44771e6bf1625ee2f02f1,Input Validity,TF,TF Rate,10,61.17
463867efa1f44771e6bf1625ee2f02f1,Input Validity,Lidar,Lidar Rate,10,61.26
463867efa1f44771e6bf1625ee2f02f1,Input Validity,Odometry,Odometry Rate,50,61.26
463867efa1f44771e6bf1625ee2f02f1,Input Validity,TF,TF Rate,10,61.26
463867efa1f44771e6bf1625ee2f02f1,Localization Stability,TF,Jump Angular,0,62.2
463867efa1f44771e6bf1625ee2f02f1,Localization Stability,TF,Jump Linear,0,62.2
463867efa1f44771e6bf1625ee2f02f1,Input Validity,Lidar,Lidar Rate,10,61.36
463867efa1f44771e6bf1625ee2f02f1,Input Validity,Odometry,Odometry Rate,50,61.36
463867efa1f44771e6bf1625ee2f02f1,Input Validity,TF,TF Rate,10,61.36
463867efa1f44771e6bf1625ee2f02f1,Localization Stability,TF,Jump Angular,0,62.3
463867efa1f44771e6bf1625ee2f02f1,Localization Stability,TF,Jump Linear,0,62.3
463867efa1f44771e6bf1625ee2f02f1,Input Validity,Lidar,Lidar Rate,10,61.46
463867efa1f44771e6bf1625ee2f02f1,Input Validity,Odometry,Odometry Rate,50,61.46
463867efa1f44771e6bf1625ee2f02f1,Input Validity,TF,TF Rate,10,61.46
463867efa1f44771e6bf1625ee2f02f1,Localization Stability,TF,Jump Angular,0,62.4
463867efa1f44771e6bf1625ee2f02f1,Localization Stability,TF,Jump Linear,0,62.4
463867efa1f44771e6bf1625ee2f02f1,Input Validity,Lidar,Lidar Rate,10,61.56
463867efa1f44771e6bf1625ee2f02f1,Input Validity,Odometry,Odometry Rate,50,61.56
463867efa1f44771e6bf1625ee2f02f1,Input Validity,TF,TF Rate,10,61.56
463867efa1f44771e6bf1625ee2f02f1,Localization Quality,AMCLPose,CovYawYaw,0.0438309,61.5
463867efa1f44771e6bf1625ee2f02f1,Localization Quality,AMCLPose,CovYY,0.0564654,61.5
463867efa1f44771e6bf1625ee2f02f1,Localization Quality,AMCLPose,CovXX,0.0514011,61.5
463867efa1f44771e6bf1625ee2f02f1,Localization Quality,AMCLPose,MeanYaw,-2.35372,61.5
463867efa1f44771e6bf1625ee2f02f1,Localization Quality,AMCLPose,MeanY,-2.0243,61.5
463867efa1f44771e6bf1625ee2f02f1,Localization Quality,AMCLPose,MeanX,-2.79717,61.5
463867efa1f44771e6bf1625ee2f02f1,Localization Stability,TF,Jump Angular,0.00590617,62.5
463867efa1f44771e6bf1625ee2f02f1,Localization Stability,TF,Jump Linear,0.01411,62.5
463867efa1f44771e6bf1625ee2f02f1,Input Validity,Lidar,Lidar Rate,10,61.66
463867efa1f44771e6bf1625ee2f02f1,Input Validity,Odometry,Odometry Rate,50,61.66
463867efa1f44771e6bf1625ee2f02f1,Input Validity,TF,TF Rate,10,61.66
463867efa1f44771e6bf1625ee2f02f1,Localization Stability,TF,Jump Angular,0,62.6
463867efa1f44771e6bf1625ee2f02f1,Localization Stability,TF,Jump Linear,0,62.6
463867efa1f44771e6bf1625ee2f02f1,Input Validity,Lidar,Lidar Rate,10,61.76
463867efa1f44771e6bf1625ee2f02f1,Input Validity,Odometry,Odometry Rate,50,61.76
463867efa1f44771e6bf1625ee2f02f1,Input Validity,TF,TF Rate,10,61.76
463867efa1f44771e6bf1625ee2f02f1,Localization Stability,TF,Jump Angular,0,62.7
463867efa1f44771e6bf1625ee2f02f1,Localization Stability,TF,Jump Linear,0,62.7
463867efa1f44771e6bf1625ee2f02f1,Input Validity,Lidar,Lidar Rate,10,61.86
463867efa1f44771e6bf1625ee2f02f1,Input Validity,Odometry,Odometry Rate,50,61.86
463867efa1f44771e6bf1625ee2f02f1,Input Validity,TF,TF Rate,10,61.86
463867efa1f44771e6bf1625ee2f02f1,Localization Stability,TF,Jump Angular,0,62.8
463867efa1f44771e6bf1625ee2f02f1,Localization Stability,TF,Jump Linear,0,62.8
463867efa1f44771e6bf1625ee2f02f1,Input Validity,Lidar,Lidar Rate,10,61.96
463867efa1f44771e6bf1625ee2f02f1,Input Validity,Odometry,Odometry Rate,50,61.96
463867efa1f44771e6bf1625ee2f02f1,Input Validity,TF,TF Rate,10,61.96
463867efa1f44771e6bf1625ee2f02f1,Localization Quality,AMCLPose,CovYawYaw,0.0461523,61.9
463867efa1f44771e6bf1625ee2f02f1,Localization Quality,AMCLPose,CovYY,0.0681338,61.9
463867efa1f44771e6bf1625ee2f02f1,Localization Quality,AMCLPose,CovXX,0.060696,61.9
463867efa1f44771e6bf1625ee2f02f1,Localization Quality,AMCLPose,MeanYaw,-2.35648,61.9
463867efa1f44771e6bf1625ee2f02f1,Localization Quality,AMCLPose,MeanY,-2.14225,61.9
463867efa1f44771e6bf1625ee2f02f1,Localization Quality,AMCLPose,MeanX,-2.92518,61.9
463867efa1f44771e6bf1625ee2f02f1,Localization Stability,TF,Jump Angular,-0.00364788,62.9
463867efa1f44771e6bf1625ee2f02f1,Localization Stability,TF,Jump Linear,0.00646714,62.9
463867efa1f44771e6bf1625ee2f02f1,Input Validity,Lidar,Lidar Rate,10,62.06
463867efa1f44771e6bf1625ee2f02f1,Input Validity,Odometry,Odometry Rate,50,62.06
463867efa1f44771e6bf1625ee2f02f1,Input Validity,TF,TF Rate,10,62.06
463867efa1f44771e6bf1625ee2f02f1,Localization Stability,TF,Jump Angular,0,63
463867efa1f44771e6bf1625ee2f02f1,Localization Stability,TF,Jump Linear,0,63
463867efa1f44771e6bf1625ee2f02f1,Localization Stability,TF,Jump Angular,0,63.1
463867efa1f44771e6bf1625ee2f02f1,Localization Stability,TF,Jump Linear,0,63.1
463867efa1f44771e6bf1625ee2f02f1,Input Validity,Lidar,Lidar Rate,10,62.16
463867efa1f44771e6bf1625ee2f02f1,Input Validity,Odometry,Odometry Rate,50,62.16
463867efa1f44771e6bf1625ee2f02f1,Input Validity,TF,TF Rate,10,62.16
463867efa1f44771e6bf1625ee2f02f1,Input Validity,Lidar,Lidar Rate,10,62.26
463867efa1f44771e6bf1625ee2f02f1,Input Validity,Odometry,Odometry Rate,50,62.26
463867efa1f44771e6bf1625ee2f02f1,Input Validity,TF,TF Rate,10,62.26
463867efa1f44771e6bf1625ee2f02f1,Localization Quality,AMCLPose,CovYawYaw,0.0453313,62.2
463867efa1f44771e6bf1625ee2f02f1,Localization Quality,AMCLPose,CovYY,0.0756211,62.2
463867efa1f44771e6bf1625ee2f02f1,Localization Quality,AMCLPose,CovXX,0.0630404,62.2
463867efa1f44771e6bf1625ee2f02f1,Localization Quality,AMCLPose,MeanYaw,-2.41303,62.2
463867efa1f44771e6bf1625ee2f02f1,Localization Quality,AMCLPose,MeanY,-2.24109,62.2
463867efa1f44771e6bf1625ee2f02f1,Localization Quality,AMCLPose,MeanX,-3.01513,62.2
463867efa1f44771e6bf1625ee2f02f1,Localization Stability,TF,Jump Angular,0.00731971,63.2
463867efa1f44771e6bf1625ee2f02f1,Localization Stability,TF,Jump Linear,0.0175024,63.2
463867efa1f44771e6bf1625ee2f02f1,Input Validity,Lidar,Lidar Rate,10,62.35
463867efa1f44771e6bf1625ee2f02f1,Input Validity,Odometry,Odometry Rate,50,62.35
463867efa1f44771e6bf1625ee2f02f1,Input Validity,TF,TF Rate,10,62.35
463867efa1f44771e6bf1625ee2f02f1,Localization Stability,TF,Jump Angular,0,63.3
463867efa1f44771e6bf1625ee2f02f1,Localization Stability,TF,Jump Linear,0,63.3
463867efa1f44771e6bf1625ee2f02f1,Input Validity,Lidar,Lidar Rate,10,62.45
463867efa1f44771e6bf1625ee2f02f1,Input Validity,Odometry,Odometry Rate,50,62.45
463867efa1f44771e6bf1625ee2f02f1,Input Validity,TF,TF Rate,10,62.45
463867efa1f44771e6bf1625ee2f02f1,Localization Stability,TF,Jump Angular,0,63.4
463867efa1f44771e6bf1625ee2f02f1,Localization Stability,TF,Jump Linear,0,63.4
463867efa1f44771e6bf1625ee2f02f1,Input Validity,Lidar,Lidar Rate,10,62.55
463867efa1f44771e6bf1625ee2f02f1,Input Validity,Odometry,Odometry Rate,50,62.55
463867efa1f44771e6bf1625ee2f02f1,Input Validity,TF,TF Rate,10,62.55
463867efa1f44771e6bf1625ee2f02f1,Input Validity,Lidar,Lidar Rate,10,62.6
463867efa1f44771e6bf1625ee2f02f1,Input Validity,Odometry,Odometry Rate,50,62.6
463867efa1f44771e6bf1625ee2f02f1,Input Validity,TF,TF Rate,10,62.6
463867efa1f44771e6bf1625ee2f02f1,Localization Quality,AMCLPose,CovYawYaw,0.0466054,62.5
463867efa1f44771e6bf1625ee2f02f1,Localization Quality,AMCLPose,CovYY,0.0865784,62.5
463867efa1f44771e6bf1625ee2f02f1,Localization Quality,AMCLPose,CovXX,0.0729926,62.5
463867efa1f44771e6bf1625ee2f02f1,Localization Quality,AMCLPose,MeanYaw,-2.46026,62.5
463867efa1f44771e6bf1625ee2f02f1,Localization Quality,AMCLPose,MeanY,-2.33007,62.5
463867efa1f44771e6bf1625ee2f02f1,Localization Quality,AMCLPose,MeanX,-3.12106,62.5
463867efa1f44771e6bf1625ee2f02f1,Localization Stability,TF,Jump Angular,-0.00105983,63.5
463867efa1f44771e6bf1625ee2f02f1,Localization Stability,TF,Jump Linear,0.00496267,63.5
463867efa1f44771e6bf1625ee2f02f1,Input Validity,Lidar,Lidar Rate,10,62.7
463867efa1f44771e6bf1625ee2f02f1,Input Validity,Odometry,Odometry Rate,50,62.7
463867efa1f44771e6bf1625ee2f02f1,Input Validity,TF,TF Rate,10,62.7
463867efa1f44771e6bf1625ee2f02f1,Localization Stability,TF,Jump Angular,0,63.6
463867efa1f44771e6bf1625ee2f02f1,Localization Stability,TF,Jump Linear,0,63.6
463867efa1f44771e6bf1625ee2f02f1,Input Validity,Lidar,Lidar Rate,10,62.77
463867efa1f44771e6bf1625ee2f02f1,Input Validity,Odometry,Odometry Rate,50,62.77
463867efa1f44771e6bf1625ee2f02f1,Input Validity,TF,TF Rate,10,62.77
463867efa1f44771e6bf1625ee2f02f1,Localization Stability,TF,Jump Angular,0,63.7
463867efa1f44771e6bf1625ee2f02f1,Localization Stability,TF,Jump Linear,0,63.7
463867efa1f44771e6bf1625ee2f02f1,Input Validity,Lidar,Lidar Rate,10,62.87
463867efa1f44771e6bf1625ee2f02f1,Input Validity,Odometry,Odometry Rate,50,62.87
463867efa1f44771e6bf1625ee2f02f1,Input Validity,TF,TF Rate,10,62.87
463867efa1f44771e6bf1625ee2f02f1,Localization Quality,AMCLPose,CovYawYaw,0.0501687,62.8
463867efa1f44771e6bf1625ee2f02f1,Localization Quality,AMCLPose,CovYY,0.096846,62.8
463867efa1f44771e6bf1625ee2f02f1,Localization Quality,AMCLPose,CovXX,0.0843194,62.8
463867efa1f44771e6bf1625ee2f02f1,Localization Quality,AMCLPose,MeanYaw,-2.49167,62.8
463867efa1f44771e6bf1625ee2f02f1,Localization Quality,AMCLPose,MeanY,-2.40884,62.8
463867efa1f44771e6bf1625ee2f02f1,Localization Quality,AMCLPose,MeanX,-3.21964,62.8
463867efa1f44771e6bf1625ee2f02f1,Localization Stability,TF,Jump Angular,0.00331651,63.8
463867efa1f44771e6bf1625ee2f02f1,Localization Stability,TF,Jump Linear,0.0150984,63.8
463867efa1f44771e6bf1625ee2f02f1,Input Validity,Lidar,Lidar Rate,10,62.95
463867efa1f44771e6bf1625ee2f02f1,Input Validity,Odometry,Odometry Rate,50,62.95
463867efa1f44771e6bf1625ee2f02f1,Input Validity,TF,TF Rate,10,62.95
463867efa1f44771e6bf1625ee2f02f1,Localization Stability,TF,Jump Angular,0,63.9
463867efa1f44771e6bf1625ee2f02f1,Localization Stability,TF,Jump Linear,0,63.9
463867efa1f44771e6bf1625ee2f02f1,Input Validity,Lidar,Lidar Rate,10,63.04
463867efa1f44771e6bf1625ee2f02f1,Input Validity,Odometry,Odometry Rate,50,63.04
463867efa1f44771e6bf1625ee2f02f1,Input Validity,TF,TF Rate,10,63.04
463867efa1f44771e6bf1625ee2f02f1,Localization Quality,AMCLPose,CovYawYaw,0.052504,63
463867efa1f44771e6bf1625ee2f02f1,Localization Quality,AMCLPose,CovYY,0.110526,63
463867efa1f44771e6bf1625ee2f02f1,Localization Quality,AMCLPose,CovXX,0.0902338,63
463867efa1f44771e6bf1625ee2f02f1,Localization Quality,AMCLPose,MeanYaw,-2.56157,63
463867efa1f44771e6bf1625ee2f02f1,Localization Quality,AMCLPose,MeanY,-2.45737,63
463867efa1f44771e6bf1625ee2f02f1,Localization Quality,AMCLPose,MeanX,-3.28966,63
463867efa1f44771e6bf1625ee2f02f1,Localization Stability,TF,Jump Angular,-0.0025927,64
463867efa1f44771e6bf1625ee2f02f1,Localization Stability,TF,Jump Linear,0.0106707,64
463867efa1f44771e6bf1625ee2f02f1,Input Validity,Lidar,Lidar Rate,10,63.14
463867efa1f44771e6bf1625ee2f02f1,Input Validity,Odometry,Odometry Rate,50,63.14
463867efa1f44771e6bf1625ee2f02f1,Input Validity,TF,TF Rate,10,63.14
463867efa1f44771e6bf1625ee2f02f1,Localization Stability,TF,Jump Angular,0,64.1
463867efa1f44771e6bf1625ee2f02f1,Localization Stability,TF,Jump Linear,0,64.1
463867efa1f44771e6bf1625ee2f02f1,Input Validity,Lidar,Lidar Rate,10,63.24
463867efa1f44771e6bf1625ee2f02f1,Input Validity,Odometry,Odometry Rate,50,63.24
463867efa1f44771e6bf1625ee2f02f1,Input Validity,TF,TF Rate,10,63.24
463867efa1f44771e6bf1625ee2f02f1,Localization Quality,AMCLPose,CovYawYaw,0.0376377,63.2
463867efa1f44771e6bf1625ee2f02f1,Localization Quality,AMCLPose,CovYY,0.100689,63.2
463867efa1f44771e6bf1625ee2f02f1,Localization Quality,AMCLPose,CovXX,0.0559888,63.2
463867efa1f44771e6bf1625ee2f02f1,Localization Quality,AMCLPose,MeanYaw,-2.63791,63.2
463867efa1f44771e6bf1625ee2f02f1,Localization Quality,AMCLPose,MeanY,-2.51226,63.2
463867efa1f44771e6bf1625ee2f02f1,Localization Quality,AMCLPose,MeanX,-3.3906,63.2
463867efa1f44771e6bf1625ee2f02f1,Localization Stability,TF,Jump Angular,-0.0090044,64.2
463867efa1f44771e6bf1625ee2f02f1,Localization Stability,TF,Jump Linear,0.0390901,64.2
463867efa1f44771e6bf1625ee2f02f1,Input Validity,Lidar,Lidar Rate,10,63.34
463867efa1f44771e6bf1625ee2f02f1,Input Validity,Odometry,Odometry Rate,50,63.34
463867efa1f44771e6bf1625ee2f02f1,Input Validity,TF,TF Rate,10,63.34
463867efa1f44771e6bf1625ee2f02f1,Localization Stability,TF,Jump Angular,0,64.3
463867efa1f44771e6bf1625ee2f02f1,Localization Stability,TF,Jump Linear,0,64.3
463867efa1f44771e6bf1625ee2f02f1,Input Validity,Lidar,Lidar Rate,10,63.44
463867efa1f44771e6bf1625ee2f02f1,Input Validity,Odometry,Odometry Rate,50,63.44
463867efa1f44771e6bf1625ee2f02f1,Input Validity,TF,TF Rate,10,63.44
463867efa1f44771e6bf1625ee2f02f1,Localization Quality,AMCLPose,CovYawYaw,0.0243769,63.4
463867efa1f44771e6bf1625ee2f02f1,Localization Quality,AMCLPose,CovYY,0.0788766,63.4
463867efa1f44771e6bf1625ee2f02f1,Localization Quality,AMCLPose,CovXX,0.032105,63.4
463867efa1f44771e6bf1625ee2f02f1,Localization Quality,AMCLPose,MeanYaw,-2.68798,63.4
463867efa1f44771e6bf1625ee2f02f1,Localization Quality,AMCLPose,MeanY,-2.57386,63.4
463867efa1f44771e6bf1625ee2f02f1,Localization Quality,AMCLPose,MeanX,-3.48144,63.4
463867efa1f44771e6bf1625ee2f02f1,Localization Stability,TF,Jump Angular,0.00296413,64.4
463867efa1f44771e6bf1625ee2f02f1,Localization Stability,TF,Jump Linear,0.0208713,64.4
463867efa1f44771e6bf1625ee2f02f1,Input Validity,Lidar,Lidar Rate,10,63.54
463867efa1f44771e6bf1625ee2f02f1,Input Validity,Odometry,Odometry Rate,50,63.54
463867efa1f44771e6bf1625ee2f02f1,Input Validity,TF,TF Rate,10,63.54
463867efa1f44771e6bf1625ee2f02f1,Localization Stability,TF,Jump Angular,0,64.5
463867efa1f44771e6bf1625ee2f02f1,Localization Stability,TF,Jump Linear,0,64.5
463867efa1f44771e6bf1625ee2f02f1,Input Validity,Lidar,Lidar Rate,10,63.63
463867efa1f44771e6bf1625ee2f02f1,Input Validity,Odometry,Odometry Rate,50,63.63
463867efa1f44771e6bf1625ee2f02f1,Input Validity,TF,TF Rate,10,63.63
463867efa1f44771e6bf1625ee2f02f1,Localization Stability,TF,Jump Angular,0,64.6
463867efa1f44771e6bf1625ee2f02f1,Localization Stability,TF,Jump Linear,0,64.6
463867efa1f44771e6bf1625ee2f02f1,Input Validity,Lidar,Lidar Rate,10,63.73
463867efa1f44771e6bf1625ee2f02f1,Input Validity,Odometry,Odometry Rate,50,63.73
463867efa1f44771e6bf1625ee2f02f1,Input Validity,TF,TF Rate,10,63.73
463867efa1f44771e6bf1625ee2f02f1,Localization Quality,AMCLPose,CovYawYaw,0.0149372,63.7
463867efa1f44771e6bf1625ee2f02f1,Localization Quality,AMCLPose,CovYY,0.0622643,63.7
463867efa1f44771e6bf1625ee2f02f1,Localization Quality,AMCLPose,CovXX,0.0160602,63.7
463867efa1f44771e6bf1625ee2f02f1,Localization Quality,AMCLPose,MeanYaw,-2.73204,63.7
463867efa1f44771e6bf1625ee2f02f1,Localization Quality,AMCLPose,MeanY,-2.64183,63.7
463867efa1f44771e6bf1625ee2f02f1,Localization Quality,AMCLPose,MeanX,-3.61148,63.7
463867efa1f44771e6bf1625ee2f02f1,Localization Stability,TF,Jump Angular,0.00241003,64.7
463867efa1f44771e6bf1625ee2f02f1,Localization Stability,TF,Jump Linear,0.0138274,64.7
463867efa1f44771e6bf1625ee2f02f1,Input Validity,Lidar,Lidar Rate,10,63.83
463867efa1f44771e6bf1625ee2f02f1,Input Validity,Odometry,Odometry Rate,50,63.83
463867efa1f44771e6bf1625ee2f02f1,Input Validity,TF,TF Rate,10,63.83
463867efa1f44771e6bf1625ee2f02f1,Localization Stability,TF,Jump Angular,0,64.8
463867efa1f44771e6bf1625ee2f02f1,Localization Stability,TF,Jump Linear,0,64.8
463867efa1f44771e6bf1625ee2f02f1,Input Validity,Lidar,Lidar Rate,10,63.93
463867efa1f44771e6bf1625ee2f02f1,Input Validity,Odometry,Odometry Rate,50,63.93
463867efa1f44771e6bf1625ee2f02f1,Input Validity,TF,TF Rate,10,63.93
463867efa1f44771e6bf1625ee2f02f1,Localization Stability,TF,Jump Angular,0,64.9
463867efa1f44771e6bf1625ee2f02f1,Localization Stability,TF,Jump Linear,0,64.9
463867efa1f44771e6bf1625ee2f02f1,Input Validity,Lidar,Lidar Rate,10,64.03
463867efa1f44771e6bf1625ee2f02f1,Input Validity,Odometry,Odometry Rate,50,64.03
463867efa1f44771e6bf1625ee2f02f1,Input Validity,TF,TF Rate,10,64.03
463867efa1f44771e6bf1625ee2f02f1,Localization Quality,AMCLPose,CovYawYaw,0.00761223,64
463867efa1f44771e6bf1625ee2f02f1,Localization Quality,AMCLPose,CovYY,0.0318371,64
463867efa1f44771e6bf1625ee2f02f1,Localization Quality,AMCLPose,CovXX,0.00808004,64
463867efa1f44771e6bf1625ee2f02f1,Localization Quality,AMCLPose,MeanYaw,-2.80896,64
463867efa1f44771e6bf1625ee2f02f1,Localization Quality,AMCLPose,MeanY,-2.70219,64
463867efa1f44771e6bf1625ee2f02f1,Localization Quality,AMCLPose,MeanX,-3.73598,64
463867efa1f44771e6bf1625ee2f02f1,Localization Stability,TF,Jump Angular,0.0053401,65
463867efa1f44771e6bf1625ee2f02f1,Localization Stability,TF,Jump Linear,0.0162276,65
463867efa1f44771e6bf1625ee2f02f1,Input Validity,Lidar,Lidar Rate,10,64.13
463867efa1f44771e6bf1625ee2f02f1,Input Validity,Odometry,Odometry Rate,50,64.13
463867efa1f44771e6bf1625ee2f02f1,Input Validity,TF,TF Rate,10,64.13
463867efa1f44771e6bf1625ee2f02f1,Localization Stability,TF,Jump Angular,0,65.1
463867efa1f44771e6bf1625ee2f02f1,Localization Stability,TF,Jump Linear,0,65.1
463867efa1f44771e6bf1625ee2f02f1,Input Validity,Lidar,Lidar Rate,10,64.23
463867efa1f44771e6bf1625ee2f02f1,Input Validity,Odometry,Odometry Rate,50,64.23
463867efa1f44771e6bf1625ee2f02f1,Input Validity,TF,TF Rate,10,64.23
463867efa1f44771e6bf1625ee2f02f1,Localization Quality,AMCLPose,CovYawYaw,0.00469436,64.2
463867efa1f44771e6bf1625ee2f02f1,Localization Quality,AMCLPose,CovYY,0.0150891,64.2
463867efa1f44771e6bf1625ee2f02f1,Localization Quality,AMCLPose,CovXX,0.00542759,64.2
463867efa1f44771e6bf1625ee2f02f1,Localization Quality,AMCLPose,MeanYaw,-2.86452,64.2
463867efa1f44771e6bf1625ee2f02f1,Localization Quality,AMCLPose,MeanY,-2.72485,64.2
463867efa1f44771e6bf1625ee2f02f1,Localization Quality,AMCLPose,MeanX,-3.82136,64.2
463867efa1f44771e6bf1625ee2f02f1,Localization Stability,TF,Jump Angular,0.00337245,65.2
463867efa1f44771e6bf1625ee2f02f1,Localization Stability,TF,Jump Linear,0.0189684,65.2
463867efa1f44771e6bf1625ee2f02f1,Input Validity,Lidar,Lidar Rate,10,64.33
463867efa1f44771e6bf1625ee2f02f1,Input Validity,Odometry,Odometry Rate,50,64.33
463867efa1f44771e6bf1625ee2f02f1,Input Validity,TF,TF Rate,10,64.33
463867efa1f44771e6bf1625ee2f02f1,Localization Stability,TF,Jump Angular,0,65.3
463867efa1f44771e6bf1625ee2f02f1,Localization Stability,TF,Jump Linear,0,65.3
463867efa1f44771e6bf1625ee2f02f1,Input Validity,Lidar,Lidar Rate,10,64.43
463867efa1f44771e6bf1625ee2f02f1,Input Validity,Odometry,Odometry Rate,50,64.43
463867efa1f44771e6bf1625ee2f02f1,Input Validity,TF,TF Rate,10,64.43
463867efa1f44771e6bf1625ee2f02f1,Localization Stability,TF,Jump Angular,0,65.4
463867efa1f44771e6bf1625ee2f02f1,Localization Stability,TF,Jump Linear,0,65.4
463867efa1f44771e6bf1625ee2f02f1,Input Validity,Lidar,Lidar Rate,10,64.53
463867efa1f44771e6bf1625ee2f02f1,Input Validity,Odometry,Odometry Rate,50,64.53
463867efa1f44771e6bf1625ee2f02f1,Input Validity,TF,TF Rate,10,64.53
463867efa1f44771e6bf1625ee2f02f1,Localization Quality,AMCLPose,CovYawYaw,0.00466775,64.5
463867efa1f44771e6bf1625ee2f02f1,Localization Quality,AMCLPose,CovYY,0.00945933,64.5
463867efa1f44771e6bf1625ee2f02f1,Localization Quality,AMCLPose,CovXX,0.00509602,64.5
463867efa1f44771e6bf1625ee2f02f1,Localization Quality,AMCLPose,MeanYaw,-2.91345,64.5
463867efa1f44771e6bf1625ee2f02f1,Localization Quality,AMCLPose,MeanY,-2.76039,64.5
463867efa1f44771e6bf1625ee2f02f1,Localization Quality,AMCLPose,MeanX,-3.95219,64.5
463867efa1f44771e6bf1625ee2f02f1,Localization Stability,TF,Jump Angular,0.00105347,65.5
463867efa1f44771e6bf1625ee2f02f1,Localization Stability,TF,Jump Linear,0.00344308,65.5
463867efa1f44771e6bf1625ee2f02f1,Input Validity,Lidar,Lidar Rate,10,64.63
463867efa1f44771e6bf1625ee2f02f1,Input Validity,Odometry,Odometry Rate,50,64.63
463867efa1f44771e6bf1625ee2f02f1,Input Validity,TF,TF Rate,10,64.63
463867efa1f44771e6bf1625ee2f02f1,Localization Stability,TF,Jump Angular,0,65.6
463867efa1f44771e6bf1625ee2f02f1,Localization Stability,TF,Jump Linear,0,65.6
463867efa1f44771e6bf1625ee2f02f1,Input Validity,Lidar,Lidar Rate,10,64.72
463867efa1f44771e6bf1625ee2f02f1,Input Validity,Odometry,Odometry Rate,50,64.72
463867efa1f44771e6bf1625ee2f02f1,Input Validity,TF,TF Rate,10,64.72
463867efa1f44771e6bf1625ee2f02f1,Localization Stability,TF,Jump Angular,0,65.7
463867efa1f44771e6bf1625ee2f02f1,Localization Stability,TF,Jump Linear,0,65.7
463867efa1f44771e6bf1625ee2f02f1,Input Validity,Lidar,Lidar Rate,10,64.82
463867efa1f44771e6bf1625ee2f02f1,Input Validity,Odometry,Odometry Rate,50,64.82
463867efa1f44771e6bf1625ee2f02f1,Input Validity,TF,TF Rate,10,64.82
463867efa1f44771e6bf1625ee2f02f1,Localization Quality,AMCLPose,CovYawYaw,0.00494482,64.8
463867efa1f44771e6bf1625ee2f02f1,Localization Quality,AMCLPose,CovYY,0.00632921,64.8
463867efa1f44771e6bf1625ee2f02f1,Localization Quality,AMCLPose,CovXX,0.00519851,64.8
463867efa1f44771e6bf1625ee2f02f1,Localization Quality,AMCLPose,MeanYaw,-2.92667,64.8
463867efa1f44771e6bf1625ee2f02f1,Localization Quality,AMCLPose,MeanY,-2.79003,64.8
463867efa1f44771e6bf1625ee2f02f1,Localization Quality,AMCLPose,MeanX,-4.08377,64.8
463867efa1f44771e6bf1625ee2f02f1,Localization Stability,TF,Jump Angular,0.00127427,65.8
463867efa1f44771e6bf1625ee2f02f1,Localization Stability,TF,Jump Linear,0.00582341,65.8
463867efa1f44771e6bf1625ee2f02f1,Input Validity,Lidar,Lidar Rate,10,64.92
463867efa1f44771e6bf1625ee2f02f1,Input Validity,Odometry,Odometry Rate,50,64.92
463867efa1f44771e6bf1625ee2f02f1,Input Validity,TF,TF Rate,10,64.92
463867efa1f44771e6bf1625ee2f02f1,Localization Stability,TF,Jump Angular,0,65.9
463867efa1f44771e6bf1625ee2f02f1,Localization Stability,TF,Jump Linear,0,65.9
463867efa1f44771e6bf1625ee2f02f1,Input Validity,Lidar,Lidar Rate,10,65.02
463867efa1f44771e6bf1625ee2f02f1,Input Validity,Odometry,Odometry Rate,50,65.02
463867efa1f44771e6bf1625ee2f02f1,Input Validity,TF,TF Rate,10,65.02
463867efa1f44771e6bf1625ee2f02f1,Localization Stability,TF,Jump Angular,0,66
463867efa1f44771e6bf1625ee2f02f1,Localization Stability,TF,Jump Linear,0,66
463867efa1f44771e6bf1625ee2f02f1,Input Validity,Lidar,Lidar Rate,10,65.12
463867efa1f44771e6bf1625ee2f02f1,Input Validity,Odometry,Odometry Rate,50,65.12
463867efa1f44771e6bf1625ee2f02f1,Input Validity,TF,TF Rate,10,65.12
463867efa1f44771e6bf1625ee2f02f1,Localization Quality,AMCLPose,CovYawYaw,0.00536029,65.1
463867efa1f44771e6bf1625ee2f02f1,Localization Quality,AMCLPose,CovYY,0.00544544,65.1
463867efa1f44771e6bf1625ee2f02f1,Localization Quality,AMCLPose,CovXX,0.00510632,65.1
463867efa1f44771e6bf1625ee2f02f1,Localization Quality,AMCLPose,MeanYaw,-2.9768,65.1
463867efa1f44771e6bf1625ee2f02f1,Localization Quality,AMCLPose,MeanY,-2.814,65.1
463867efa1f44771e6bf1625ee2f02f1,Localization Quality,AMCLPose,MeanX,-4.21885,65.1
463867efa1f44771e6bf1625ee2f02f1,Localization Stability,TF,Jump Angular,3.54708e-05,66.1
463867efa1f44771e6bf1625ee2f02f1,Localization Stability,TF,Jump Linear,0.00333287,66.1
463867efa1f44771e6bf1625ee2f02f1,Input Validity,Lidar,Lidar Rate,10,65.22
463867efa1f44771e6bf1625ee2f02f1,Input Validity,Odometry,Odometry Rate,50,65.22
463867efa1f44771e6bf1625ee2f02f1,Input Validity,TF,TF Rate,10,65.22
463867efa1f44771e6bf1625ee2f02f1,Localization Stability,TF,Jump Angular,0,66.2
463867efa1f44771e6bf1625ee2f02f1,Localization Stability,TF,Jump Linear,0,66.2
463867efa1f44771e6bf1625ee2f02f1,Input Validity,Lidar,Lidar Rate,10,65.32
463867efa1f44771e6bf1625ee2f02f1,Input Validity,Odometry,Odometry Rate,50,65.32
463867efa1f44771e6bf1625ee2f02f1,Input Validity,TF,TF Rate,10,65.32
463867efa1f44771e6bf1625ee2f02f1,Localization Stability,TF,Jump Angular,0,66.3
463867efa1f44771e6bf1625ee2f02f1,Localization Stability,TF,Jump Linear,0,66.3
463867efa1f44771e6bf1625ee2f02f1,Input Validity,Lidar,Lidar Rate,10,65.42
463867efa1f44771e6bf1625ee2f02f1,Input Validity,Odometry,Odometry Rate,50,65.42
463867efa1f44771e6bf1625ee2f02f1,Input Validity,TF,TF Rate,10,65.42
463867efa1f44771e6bf1625ee2f02f1,Localization Quality,AMCLPose,CovYawYaw,0.00556555,65.4
463867efa1f44771e6bf1625ee2f02f1,Localization Quality,AMCLPose,CovYY,0.0042069,65.4
463867efa1f44771e6bf1625ee2f02f1,Localization Quality,AMCLPose,CovXX,0.00532835,65.4
463867efa1f44771e6bf1625ee2f02f1,Localization Quality,AMCLPose,MeanYaw,-3.01677,65.4
463867efa1f44771e6bf1625ee2f02f1,Localization Quality,AMCLPose,MeanY,-2.83426,65.4
463867efa1f44771e6bf1625ee2f02f1,Localization Quality,AMCLPose,MeanX,-4.35089,65.4
463867efa1f44771e6bf1625ee2f02f1,Localization Stability,TF,Jump Angular,-0.00100271,66.4
463867efa1f44771e6bf1625ee2f02f1,Localization Stability,TF,Jump Linear,0.00691426,66.4
463867efa1f44771e6bf1625ee2f02f1,Input Validity,Lidar,Lidar Rate,10,65.52
463867efa1f44771e6bf1625ee2f02f1,Input Validity,Odometry,Odometry Rate,50,65.52
463867efa1f44771e6bf1625ee2f02f1,Input Validity,TF,TF Rate,10,65.52
463867efa1f44771e6bf1625ee2f02f1,Localization Stability,TF,Jump Angular,0,66.5
463867efa1f44771e6bf1625ee2f02f1,Localization Stability,TF,Jump Linear,0,66.5
463867efa1f44771e6bf1625ee2f02f1,Input Validity,Lidar,Lidar Rate,10,65.62
463867efa1f44771e6bf1625ee2f02f1,Input Validity,Odometry,Odometry Rate,50,65.62
463867efa1f44771e6bf1625ee2f02f1,Input Validity,TF,TF Rate,10,65.62
463867efa1f44771e6bf1625ee2f02f1,Localization Stability,TF,Jump Angular,0,66.6
463867efa1f44771e6bf1625ee2f02f1,Localization Stability,TF,Jump Linear,0,66.6
463867efa1f44771e6bf1625ee2f02f1,Input Validity,Lidar,Lidar Rate,10,65.72
463867efa1f44771e6bf1625ee2f02f1,Input Validity,Odometry,Odometry Rate,50,65.72
463867efa1f44771e6bf1625ee2f02f1,Input Validity,TF,TF Rate,10,65.72
463867efa1f44771e6bf1625ee2f02f1,Input Validity,Lidar,Lidar Rate,10,65.82
463867efa1f44771e6bf1625ee2f02f1,Input Validity,Odometry,Odometry Rate,50,65.82
463867efa1f44771e6bf1625ee2f02f1,Input Validity,TF,TF Rate,10,65.82
463867efa1f44771e6bf1625ee2f02f1,Localization Quality,AMCLPose,CovYawYaw,0.00490095,65.7
463867efa1f44771e6bf1625ee2f02f1,Localization Quality,AMCLPose,CovYY,0.00359112,65.7
463867efa1f44771e6bf1625ee2f02f1,Localization Quality,AMCLPose,CovXX,0.00526044,65.7
463867efa1f44771e6bf1625ee2f02f1,Localization Quality,AMCLPose,MeanYaw,-3.02918,65.7
463867efa1f44771e6bf1625ee2f02f1,Localization Quality,AMCLPose,MeanY,-2.8528,65.7
463867efa1f44771e6bf1625ee2f02f1,Localization Quality,AMCLPose,MeanX,-4.48268,65.7
463867efa1f44771e6bf1625ee2f02f1,Localization Stability,TF,Jump Angular,0.0026645,66.7
463867efa1f44771e6bf1625ee2f02f1,Localization Stability,TF,Jump Linear,0.0103402,66.7
463867efa1f44771e6bf1625ee2f02f1,Localization Stability,TF,Jump Angular,0,66.8
463867efa1f44771e6bf1625ee2f02f1,Localization Stability,TF,Jump Linear,0,66.8
463867efa1f44771e6bf1625ee2f02f1,Input Validity,Lidar,Lidar Rate,10,65.92
463867efa1f44771e6bf1625ee2f02f1,Input Validity,Odometry,Odometry Rate,50,65.92
463867efa1f44771e6bf1625ee2f02f1,Input Validity,TF,TF Rate,10,65.92
463867efa1f44771e6bf1625ee2f02f1,Localization Stability,TF,Jump Angular,0,66.9
463867efa1f44771e6bf1625ee2f02f1,Localization Stability,TF,Jump Linear,0,66.9
463867efa1f44771e6bf1625ee2f02f1,Input Validity,Lidar,Lidar Rate,10,66.01
463867efa1f44771e6bf1625ee2f02f1,Input Validity,Odometry,Odometry Rate,50,66.01
463867efa1f44771e6bf1625ee2f02f1,Input Validity,TF,TF Rate,10,66.01
463867efa1f44771e6bf1625ee2f02f1,Input Validity,Lidar,Lidar Rate,10,66.11
463867efa1f44771e6bf1625ee2f02f1,Input Validity,Odometry,Odometry Rate,50,66.11
463867efa1f44771e6bf1625ee2f02f1,Input Validity,TF,TF Rate,10,66.11
463867efa1f44771e6bf1625ee2f02f1,Localization Quality,AMCLPose,CovYawYaw,0.00476139,66
463867efa1f44771e6bf1625ee2f02f1,Localization Quality,AMCLPose,CovYY,0.00310895,66
463867efa1f44771e6bf1625ee2f02f1,Localization Quality,AMCLPose,CovXX,0.00525076,66
463867efa1f44771e6bf1625ee2f02f1,Localization Quality,AMCLPose,MeanYaw,-3.02256,66
463867efa1f44771e6bf1625ee2f02f1,Localization Quality,AMCLPose,MeanY,-2.87115,66
463867efa1f44771e6bf1625ee2f02f1,Localization Quality,AMCLPose,MeanX,-4.61835,66
463867efa1f44771e6bf1625ee2f02f1,Localization Stability,TF,Jump Angular,0.0023182,67
463867efa1f44771e6bf1625ee2f02f1,Localization Stability,TF,Jump Linear,0.0111751,67
463867efa1f44771e6bf1625ee2f02f1,Localization Stability,TF,Jump Angular,0,67.1
463867efa1f44771e6bf1625ee2f02f1,Localization Stability,TF,Jump Linear,0,67.1
463867efa1f44771e6bf1625ee2f02f1,Input Validity,Lidar,Lidar Rate,10,66.21
463867efa1f44771e6bf1625ee2f02f1,Input Validity,Odometry,Odometry Rate,50,66.21
463867efa1f44771e6bf1625ee2f02f1,Input Validity,TF,TF Rate,10,66.21
463867efa1f44771e6bf1625ee2f02f1,Localization Stability,TF,Jump Angular,0,67.2
463867efa1f44771e6bf1625ee2f02f1,Localization Stability,TF,Jump Linear,0,67.2
463867efa1f44771e6bf1625ee2f02f1,Input Validity,Lidar,Lidar Rate,10,66.31
463867efa1f44771e6bf1625ee2f02f1,Input Validity,Odometry,Odometry Rate,50,66.31
463867efa1f44771e6bf1625ee2f02f1,Input Validity,TF,TF Rate,10,66.31
463867efa1f44771e6bf1625ee2f02f1,Input Validity,Lidar,Lidar Rate,10,66.41
463867efa1f44771e6bf1625ee2f02f1,Input Validity,Odometry,Odometry Rate,50,66.41
463867efa1f44771e6bf1625ee2f02f1,Input Validity,TF,TF Rate,10,66.41
463867efa1f44771e6bf1625ee2f02f1,Localization Quality,AMCLPose,CovYawYaw,0.00491321,66.3
463867efa1f44771e6bf1625ee2f02f1,Localization Quality,AMCLPose,CovYY,0.00280609,66.3
463867efa1f44771e6bf1625ee2f02f1,Localization Quality,AMCLPose,CovXX,0.00603896,66.3
463867efa1f44771e6bf1625ee2f02f1,Localization Quality,AMCLPose,MeanYaw,-3.00508,66.3
463867efa1f44771e6bf1625ee2f02f1,Localization Quality,AMCLPose,MeanY,-2.88929,66.3
463867efa1f44771e6bf1625ee2f02f1,Localization Quality,AMCLPose,MeanX,-4.75445,66.3
463867efa1f44771e6bf1625ee2f02f1,Localization Stability,TF,Jump Angular,0.000517748,67.3
463867efa1f44771e6bf1625ee2f02f1,Localization Stability,TF,Jump Linear,0.00391347,67.3
463867efa1f44771e6bf1625ee2f02f1,Localization Stability,TF,Jump Angular,0,67.4
463867efa1f44771e6bf1625ee2f02f1,Localization Stability,TF,Jump Linear,0,67.4
463867efa1f44771e6bf1625ee2f02f1,Input Validity,Lidar,Lidar Rate,10,66.51
463867efa1f44771e6bf1625ee2f02f1,Input Validity,Odometry,Odometry Rate,50,66.51
463867efa1f44771e6bf1625ee2f02f1,Input Validity,TF,TF Rate,10,66.51
463867efa1f44771e6bf1625ee2f02f1,Localization Stability,TF,Jump Angular,0,67.5
463867efa1f44771e6bf1625ee2f02f1,Localization Stability,TF,Jump Linear,0,67.5
463867efa1f44771e6bf1625ee2f02f1,Input Validity,Lidar,Lidar Rate,10,66.61
463867efa1f44771e6bf1625ee2f02f1,Input Validity,Odometry,Odometry Rate,50,66.61
463867efa1f44771e6bf1625ee2f02f1,Input Validity,TF,TF Rate,10,66.61
463867efa1f44771e6bf1625ee2f02f1,Localization Quality,AMCLPose,CovYawYaw,0.00499663,66.6
463867efa1f44771e6bf1625ee2f02f1,Localization Quality,AMCLPose,CovYY,0.00257585,66.6
463867efa1f44771e6bf1625ee2f02f1,Localization Quality,AMCLPose,CovXX,0.00600002,66.6
463867efa1f44771e6bf1625ee2f02f1,Localization Quality,AMCLPose,MeanYaw,-2.97853,66.6
463867efa1f44771e6bf1625ee2f02f1,Localization Quality,AMCLPose,MeanY,-2.90951,66.6
463867efa1f44771e6bf1625ee2f02f1,Localization Quality,AMCLPose,MeanX,-4.88625,66.6
463867efa1f44771e6bf1625ee2f02f1,Localization Stability,TF,Jump Angular,-0.000236502,67.6
463867efa1f44771e6bf1625ee2f02f1,Localization Stability,TF,Jump Linear,0.00271254,67.6
463867efa1f44771e6bf1625ee2f02f1,Input Validity,Lidar,Lidar Rate,10,66.71
463867efa1f44771e6bf1625ee2f02f1,Input Validity,Odometry,Odometry Rate,50,66.71
463867efa1f44771e6bf1625ee2f02f1,Input Validity,TF,TF Rate,10,66.71
463867efa1f44771e6bf1625ee2f02f1,Localization Stability,TF,Jump Angular,0,67.7
463867efa1f44771e6bf1625ee2f02f1,Localization Stability,TF,Jump Linear,0,67.7
463867efa1f44771e6bf1625ee2f02f1,Input Validity,Lidar,Lidar Rate,10,66.81
463867efa1f44771e6bf1625ee2f02f1,Input Validity,Odometry,Odometry Rate,50,66.81
463867efa1f44771e6bf1625ee2f02f1,Input Validity,TF,TF Rate,10,66.81
463867efa1f44771e6bf1625ee2f02f1,Localization Stability,TF,Jump Angular,0,67.8
463867efa1f44771e6bf1625ee2f02f1,Localization Stability,TF,Jump Linear,0,67.8
463867efa1f44771e6bf1625ee2f02f1,Input Validity,Lidar,Lidar Rate,10,66.91
463867efa1f44771e6bf1625ee2f02f1,Input Validity,Odometry,Odometry Rate,50,66.91
463867efa1f44771e6bf1625ee2f02f1,Input Validity,TF,TF Rate,10,66.91
463867efa1f44771e6bf1625ee2f02f1,Localization Quality,AMCLPose,CovYawYaw,0.00510389,66.9
463867efa1f44771e6bf1625ee2f02f1,Localization Quality,AMCLPose,CovYY,0.00248223,66.9
463867efa1f44771e6bf1625ee2f02f1,Localization Quality,AMCLPose,CovXX,0.00620091,66.9
463867efa1f44771e6bf1625ee2f02f1,Localization Quality,AMCLPose,MeanYaw,-2.94681,66.9
463867efa1f44771e6bf1625ee2f02f1,Localization Quality,AMCLPose,MeanY,-2.93397,66.9
463867efa1f44771e6bf1625ee2f02f1,Localization Quality,AMCLPose,MeanX,-5.01818,66.9
463867efa1f44771e6bf1625ee2f02f1,Localization Stability,TF,Jump Angular,0.00211465,67.9
463867efa1f44771e6bf1625ee2f02f1,Localization Stability,TF,Jump Linear,0.0116682,67.9
463867efa1f44771e6bf1625ee2f02f1,Input Validity,Lidar,Lidar Rate,10,67.01
463867efa1f44771e6bf1625ee2f02f1,Input Validity,Odometry,Odometry Rate,50,67.01
463867efa1f44771e6bf1625ee2f02f1,Input Validity,TF,TF Rate,10,67.01
463867efa1f44771e6bf1625ee2f02f1,Localization Stability,TF,Jump Angular,0,68
463867efa1f44771e6bf1625ee2f02f1,Localization Stability,TF,Jump Linear,0,68
463867efa1f44771e6bf1625ee2f02f1,Input Validity,Lidar,Lidar Rate,10,67.11
463867efa1f44771e6bf1625ee2f02f1,Input Validity,Odometry,Odometry Rate,50,67.11
463867efa1f44771e6bf1625ee2f02f1,Input Validity,TF,TF Rate,10,67.11
463867efa1f44771e6bf1625ee2f02f1,Localization Stability,TF,Jump Angular,0,68.1
463867efa1f44771e6bf1625ee2f02f1,Localization Stability,TF,Jump Linear,0,68.1
463867efa1f44771e6bf1625ee2f02f1,Input Validity,Lidar,Lidar Rate,10,67.21
463867efa1f44771e6bf1625ee2f02f1,Input Validity,Odometry,Odometry Rate,50,67.21
463867efa1f44771e6bf1625ee2f02f1,Input Validity,TF,TF Rate,10,67.21
463867efa1f44771e6bf1625ee2f02f1,Input Validity,Lidar,Lidar Rate,10,67.31
463867efa1f44771e6bf1625ee2f02f1,Input Validity,Odometry,Odometry Rate,50,67.31
463867efa1f44771e6bf1625ee2f02f1,Input Validity,TF,TF Rate,10,67.31
463867efa1f44771e6bf1625ee2f02f1,Localization Quality,AMCLPose,CovYawYaw,0.00475539,67.2
463867efa1f44771e6bf1625ee2f02f1,Localization Quality,AMCLPose,CovYY,0.00222845,67.2
463867efa1f44771e6bf1625ee2f02f1,Localization Quality,AMCLPose,CovXX,0.0056541,67.2
463867efa1f44771e6bf1625ee2f02f1,Localization Quality,AMCLPose,MeanYaw,-2.92149,67.2
463867efa1f44771e6bf1625ee2f02f1,Localization Quality,AMCLPose,MeanY,-2.9609,67.2
463867efa1f44771e6bf1625ee2f02f1,Localization Quality,AMCLPose,MeanX,-5.13189,67.2
463867efa1f44771e6bf1625ee2f02f1,Localization Stability,TF,Jump Angular,0.0012433,68.2
463867efa1f44771e6bf1625ee2f02f1,Localization Stability,TF,Jump Linear,0.00462648,68.2
463867efa1f44771e6bf1625ee2f02f1,Localization Stability,TF,Jump Angular,0,68.3
463867efa1f44771e6bf1625ee2f02f1,Localization Stability,TF,Jump Linear,0,68.3
463867efa1f44771e6bf1625ee2f02f1,Input Validity,Lidar,Lidar Rate,10,67.41
463867efa1f44771e6bf1625ee2f02f1,Input Validity,Odometry,Odometry Rate,50,67.41
463867efa1f44771e6bf1625ee2f02f1,Input Validity,TF,TF Rate,10,67.41
463867efa1f44771e6bf1625ee2f02f1,Localization Stability,TF,Jump Angular,0,68.4
463867efa1f44771e6bf1625ee2f02f1,Localization Stability,TF,Jump Linear,0,68.4
463867efa1f44771e6bf1625ee2f02f1,Input Validity,Lidar,Lidar Rate,10,67.51
463867efa1f44771e6bf1625ee2f02f1,Input Validity,Odometry,Odometry Rate,50,67.51
463867efa1f44771e6bf1625ee2f02f1,Input Validity,TF,TF Rate,10,67.51
463867efa1f44771e6bf1625ee2f02f1,Localization Stability,TF,Jump Angular,0,68.5
463867efa1f44771e6bf1625ee2f02f1,Localization Stability,TF,Jump Linear,0,68.5
463867efa1f44771e6bf1625ee2f02f1,Input Validity,Lidar,Lidar Rate,10,67.61
463867efa1f44771e6bf1625ee2f02f1,Input Validity,Odometry,Odometry Rate,50,67.61
463867efa1f44771e6bf1625ee2f02f1,Input Validity,TF,TF Rate,10,67.61
463867efa1f44771e6bf1625ee2f02f1,Localization Quality,AMCLPose,CovYawYaw,0.00482047,67.6
463867efa1f44771e6bf1625ee2f02f1,Localization Quality,AMCLPose,CovYY,0.00219864,67.6
463867efa1f44771e6bf1625ee2f02f1,Localization Quality,AMCLPose,CovXX,0.00583105,67.6
463867efa1f44771e6bf1625ee2f02f1,Localization Quality,AMCLPose,MeanYaw,-2.89657,67.6
463867efa1f44771e6bf1625ee2f02f1,Localization Quality,AMCLPose,MeanY,-2.99196,67.6
463867efa1f44771e6bf1625ee2f02f1,Localization Quality,AMCLPose,MeanX,-5.25269,67.6
463867efa1f44771e6bf1625ee2f02f1,Localization Stability,TF,Jump Angular,8.07642e-05,68.6
463867efa1f44771e6bf1625ee2f02f1,Localization Stability,TF,Jump Linear,0.00264437,68.6
463867efa1f44771e6bf1625ee2f02f1,Input Validity,Lidar,Lidar Rate,10,67.71
463867efa1f44771e6bf1625ee2f02f1,Input Validity,Odometry,Odometry Rate,50,67.71
463867efa1f44771e6bf1625ee2f02f1,Input Validity,TF,TF Rate,10,67.71
463867efa1f44771e6bf1625ee2f02f1,Localization Stability,TF,Jump Angular,0,68.7
463867efa1f44771e6bf1625ee2f02f1,Localization Stability,TF,Jump Linear,0,68.7
463867efa1f44771e6bf1625ee2f02f1,Input Validity,Lidar,Lidar Rate,10,67.8
463867efa1f44771e6bf1625ee2f02f1,Input Validity,Odometry,Odometry Rate,50,67.8
463867efa1f44771e6bf1625ee2f02f1,Input Validity,TF,TF Rate,10,67.8
463867efa1f44771e6bf1625ee2f02f1,Localization Stability,TF,Jump Angular,0,68.8
463867efa1f44771e6bf1625ee2f02f1,Localization Stability,TF,Jump Linear,0,68.8
463867efa1f44771e6bf1625ee2f02f1,Input Validity,Lidar,Lidar Rate,10,67.9
463867efa1f44771e6bf1625ee2f02f1,Input Validity,Odometry,Odometry Rate,50,67.9
463867efa1f44771e6bf1625ee2f02f1,Input Validity,TF,TF Rate,10,67.9
463867efa1f44771e6bf1625ee2f02f1,Localization Stability,TF,Jump Angular,0,68.9
463867efa1f44771e6bf1625ee2f02f1,Localization Stability,TF,Jump Linear,0,68.9
463867efa1f44771e6bf1625ee2f02f1,Input Validity,Lidar,Lidar Rate,10,68
463867efa1f44771e6bf1625ee2f02f1,Input Validity,Odometry,Odometry Rate,50,68
463867efa1f44771e6bf1625ee2f02f1,Input Validity,TF,TF Rate,10,68
463867efa1f44771e6bf1625ee2f02f1,Localization Stability,TF,Jump Angular,0,69
463867efa1f44771e6bf1625ee2f02f1,Localization Stability,TF,Jump Linear,0,69
463867efa1f44771e6bf1625ee2f02f1,Input Validity,Lidar,Lidar Rate,10,68.1
463867efa1f44771e6bf1625ee2f02f1,Input Validity,Odometry,Odometry Rate,50,68.1
463867efa1f44771e6bf1625ee2f02f1,Input Validity,TF,TF Rate,10,68.1
463867efa1f44771e6bf1625ee2f02f1,Localization Quality,AMCLPose,CovYawYaw,0.00445509,68.1
463867efa1f44771e6bf1625ee2f02f1,Localization Quality,AMCLPose,CovYY,0.00201729,68.1
463867efa1f44771e6bf1625ee2f02f1,Localization Quality,AMCLPose,CovXX,0.00607046,68.1
463867efa1f44771e6bf1625ee2f02f1,Localization Quality,AMCLPose,MeanYaw,-2.8757,68.1
463867efa1f44771e6bf1625ee2f02f1,Localization Quality,AMCLPose,MeanY,-3.02378,68.1
463867efa1f44771e6bf1625ee2f02f1,Localization Quality,AMCLPose,MeanX,-5.36924,68.1
463867efa1f44771e6bf1625ee2f02f1,Localization Stability,TF,Jump Angular,-0.00135004,69.1
463867efa1f44771e6bf1625ee2f02f1,Localization Stability,TF,Jump Linear,0.00995103,69.1
463867efa1f44771e6bf1625ee2f02f1,Input Validity,Lidar,Lidar Rate,10,68.2
463867efa1f44771e6bf1625ee2f02f1,Input Validity,Odometry,Odometry Rate,50,68.2
463867efa1f44771e6bf1625ee2f02f1,Input Validity,TF,TF Rate,10,68.2
463867efa1f44771e6bf1625ee2f02f1,Localization Stability,TF,Jump Angular,0,69.2
463867efa1f44771e6bf1625ee2f02f1,Localization Stability,TF,Jump Linear,0,69.2
463867efa1f44771e6bf1625ee2f02f1,Input Validity,Lidar,Lidar Rate,10,68.3
463867efa1f44771e6bf1625ee2f02f1,Input Validity,Odometry,Odometry Rate,50,68.3
463867efa1f44771e6bf1625ee2f02f1,Input Validity,TF,TF Rate,10,68.3
463867efa1f44771e6bf1625ee2f02f1,Localization Stability,TF,Jump Angular,0,69.3
463867efa1f44771e6bf1625ee2f02f1,Localization Stability,TF,Jump Linear,0,69.3
463867efa1f44771e6bf1625ee2f02f1,Input Validity,Lidar,Lidar Rate,10,68.4
463867efa1f44771e6bf1625ee2f02f1,Input Validity,Odometry,Odometry Rate,50,68.4
463867efa1f44771e6bf1625ee2f02f1,Input Validity,TF,TF Rate,10,68.4
463867efa1f44771e6bf1625ee2f02f1,Localization Stability,TF,Jump Angular,0,69.4
463867efa1f44771e6bf1625ee2f02f1,Localization Stability,TF,Jump Linear,0,69.4
463867efa1f44771e6bf1625ee2f02f1,Input Validity,Lidar,Lidar Rate,10,68.5
463867efa1f44771e6bf1625ee2f02f1,Input Validity,Odometry,Odometry Rate,50,68.5
463867efa1f44771e6bf1625ee2f02f1,Input Validity,TF,TF Rate,10,68.5
463867efa1f44771e6bf1625ee2f02f1,Localization Stability,TF,Jump Angular,0,69.5
463867efa1f44771e6bf1625ee2f02f1,Localization Stability,TF,Jump Linear,0,69.5
463867efa1f44771e6bf1625ee2f02f1,Input Validity,Lidar,Lidar Rate,10,68.6
463867efa1f44771e6bf1625ee2f02f1,Input Validity,Odometry,Odometry Rate,50,68.6
463867efa1f44771e6bf1625ee2f02f1,Input Validity,TF,TF Rate,10,68.6
463867efa1f44771e6bf1625ee2f02f1,Localization Stability,TF,Jump Angular,0,69.6
463867efa1f44771e6bf1625ee2f02f1,Localization Stability,TF,Jump Linear,0,69.6
463867efa1f44771e6bf1625ee2f02f1,Input Validity,Lidar,Lidar Rate,10,68.7
463867efa1f44771e6bf1625ee2f02f1,Input Validity,Odometry,Odometry Rate,50,68.7
463867efa1f44771e6bf1625ee2f02f1,Input Validity,TF,TF Rate,10,68.7
463867efa1f44771e6bf1625ee2f02f1,Input Validity,Lidar,Lidar Rate,10,68.8
463867efa1f44771e6bf1625ee2f02f1,Input Validity,Odometry,Odometry Rate,50,68.8
463867efa1f44771e6bf1625ee2f02f1,Input Validity,TF,TF Rate,10,68.8
463867efa1f44771e6bf1625ee2f02f1,Localization Quality,AMCLPose,CovYawYaw,0.00424023,68.7
463867efa1f44771e6bf1625ee2f02f1,Localization Quality,AMCLPose,CovYY,0.00187305,68.7
463867efa1f44771e6bf1625ee2f02f1,Localization Quality,AMCLPose,CovXX,0.0061098,68.7
463867efa1f44771e6bf1625ee2f02f1,Localization Quality,AMCLPose,MeanYaw,-2.86521,68.7
463867efa1f44771e6bf1625ee2f02f1,Localization Quality,AMCLPose,MeanY,-3.05356,68.7
463867efa1f44771e6bf1625ee2f02f1,Localization Quality,AMCLPose,MeanX,-5.47278,68.7
463867efa1f44771e6bf1625ee2f02f1,Localization Stability,TF,Jump Angular,-0.000818615,69.7
463867efa1f44771e6bf1625ee2f02f1,Localization Stability,TF,Jump Linear,0.00583889,69.7
463867efa1f44771e6bf1625ee2f02f1,Localization Stability,TF,Jump Angular,0,69.8
463867efa1f44771e6bf1625ee2f02f1,Localization Stability,TF,Jump Linear,0,69.8
463867efa1f44771e6bf1625ee2f02f1,Input Validity,Lidar,Lidar Rate,10,68.9
463867efa1f44771e6bf1625ee2f02f1,Input Validity,Odometry,Odometry Rate,50,68.9
463867efa1f44771e6bf1625ee2f02f1,Input Validity,TF,TF Rate,10,68.9
463867efa1f44771e6bf1625ee2f02f1,Localization Stability,TF,Jump Angular,0,69.9
463867efa1f44771e6bf1625ee2f02f1,Localization Stability,TF,Jump Linear,0,69.9
463867efa1f44771e6bf1625ee2f02f1,Input Validity,Lidar,Lidar Rate,10,69
463867efa1f44771e6bf1625ee2f02f1,Input Validity,Odometry,Odometry Rate,50,69
463867efa1f44771e6bf1625ee2f02f1,Input Validity,TF,TF Rate,10,69
463867efa1f44771e6bf1625ee2f02f1,Localization Stability,TF,Jump Angular,0,70
463867efa1f44771e6bf1625ee2f02f1,Localization Stability,TF,Jump Linear,0,70
463867efa1f44771e6bf1625ee2f02f1,Input Validity,Lidar,Lidar Rate,10,69.1
463867efa1f44771e6bf1625ee2f02f1,Input Validity,Odometry,Odometry Rate,50,69.1
463867efa1f44771e6bf1625ee2f02f1,Input Validity,TF,TF Rate,10,69.1
463867efa1f44771e6bf1625ee2f02f1,Localization Stability,TF,Jump Angular,0,70.1
463867efa1f44771e6bf1625ee2f02f1,Localization Stability,TF,Jump Linear,0,70.1
463867efa1f44771e6bf1625ee2f02f1,Input Validity,Lidar,Lidar Rate,10,69.2
463867efa1f44771e6bf1625ee2f02f1,Input Validity,Odometry,Odometry Rate,50,69.2
463867efa1f44771e6bf1625ee2f02f1,Input Validity,TF,TF Rate,10,69.2
463867efa1f44771e6bf1625ee2f02f1,Localization Stability,TF,Jump Angular,0,70.2
463867efa1f44771e6bf1625ee2f02f1,Localization Stability,TF,Jump Linear,0,70.2
463867efa1f44771e6bf1625ee2f02f1,Input Validity,Lidar,Lidar Rate,10,69.3
463867efa1f44771e6bf1625ee2f02f1,Input Validity,Odometry,Odometry Rate,50,69.3
463867efa1f44771e6bf1625ee2f02f1,Input Validity,TF,TF Rate,10,69.3
463867efa1f44771e6bf1625ee2f02f1,Localization Stability,TF,Jump Angular,0,70.3
463867efa1f44771e6bf1625ee2f02f1,Localization Stability,TF,Jump Linear,0,70.3
463867efa1f44771e6bf1625ee2f02f1,Input Validity,Lidar,Lidar Rate,10,69.39
463867efa1f44771e6bf1625ee2f02f1,Input Validity,Odometry,Odometry Rate,50,69.39
463867efa1f44771e6bf1625ee2f02f1,Input Validity,TF,TF Rate,10,69.39
463867efa1f44771e6bf1625ee2f02f1,Localization Stability,TF,Jump Angular,0,70.4
463867efa1f44771e6bf1625ee2f02f1,Localization Stability,TF,Jump Linear,0,70.4
463867efa1f44771e6bf1625ee2f02f1,Input Validity,Lidar,Lidar Rate,10,69.49
463867efa1f44771e6bf1625ee2f02f1,Input Validity,Odometry,Odometry Rate,50,69.49
463867efa1f44771e6bf1625ee2f02f1,Input Validity,TF,TF Rate,10,69.49
463867efa1f44771e6bf1625ee2f02f1,Input Validity,Lidar,Lidar Rate,10,69.59
463867efa1f44771e6bf1625ee2f02f1,Input Validity,Odometry,Odometry Rate,50,69.59
463867efa1f44771e6bf1625ee2f02f1,Input Validity,TF,TF Rate,10,69.59
463867efa1f44771e6bf1625ee2f02f1,Localization Stability,TF,Jump Angular,0,70.5
463867efa1f44771e6bf1625ee2f02f1,Localization Stability,TF,Jump Linear,0,70.5
463867efa1f44771e6bf1625ee2f02f1,Input Validity,Lidar,Lidar Rate,10,69.69
463867efa1f44771e6bf1625ee2f02f1,Input Validity,Odometry,Odometry Rate,50,69.69
463867efa1f44771e6bf1625ee2f02f1,Input Validity,TF,TF Rate,10,69.69
463867efa1f44771e6bf1625ee2f02f1,Localization Quality,AMCLPose,CovYawYaw,0.00382626,69.6
463867efa1f44771e6bf1625ee2f02f1,Localization Quality,AMCLPose,CovYY,0.00171291,69.6
463867efa1f44771e6bf1625ee2f02f1,Localization Quality,AMCLPose,CovXX,0.00638119,69.6
463867efa1f44771e6bf1625ee2f02f1,Localization Quality,AMCLPose,MeanYaw,-2.86408,69.6
463867efa1f44771e6bf1625ee2f02f1,Localization Quality,AMCLPose,MeanY,-3.08426,69.6
463867efa1f44771e6bf1625ee2f02f1,Localization Quality,AMCLPose,MeanX,-5.57458,69.6
463867efa1f44771e6bf1625ee2f02f1,Localization Stability,TF,Jump Angular,-0.000939849,70.6
463867efa1f44771e6bf1625ee2f02f1,Localization Stability,TF,Jump Linear,0.00746965,70.6
463867efa1f44771e6bf1625ee2f02f1,Localization Stability,TF,Jump Angular,0,70.7
463867efa1f44771e6bf1625ee2f02f1,Localization Stability,TF,Jump Linear,0,70.7
463867efa1f44771e6bf1625ee2f02f1,Input Validity,Lidar,Lidar Rate,10,69.79
463867efa1f44771e6bf1625ee2f02f1,Input Validity,Odometry,Odometry Rate,50,69.79
463867efa1f44771e6bf1625ee2f02f1,Input Validity,TF,TF Rate,10,69.79
463867efa1f44771e6bf1625ee2f02f1,Localization Stability,TF,Jump Angular,0,70.8
463867efa1f44771e6bf1625ee2f02f1,Localization Stability,TF,Jump Linear,0,70.8
463867efa1f44771e6bf1625ee2f02f1,Input Validity,Lidar,Lidar Rate,10,69.89
463867efa1f44771e6bf1625ee2f02f1,Input Validity,Odometry,Odometry Rate,50,69.89
463867efa1f44771e6bf1625ee2f02f1,Input Validity,TF,TF Rate,10,69.89
463867efa1f44771e6bf1625ee2f02f1,Localization Stability,TF,Jump Angular,0,70.9
463867efa1f44771e6bf1625ee2f02f1,Localization Stability,TF,Jump Linear,0,70.9
463867efa1f44771e6bf1625ee2f02f1,Input Validity,Lidar,Lidar Rate,10,69.99
463867efa1f44771e6bf1625ee2f02f1,Input Validity,Odometry,Odometry Rate,50,69.99
463867efa1f44771e6bf1625ee2f02f1,Input Validity,TF,TF Rate,10,69.99
463867efa1f44771e6bf1625ee2f02f1,Localization Stability,TF,Jump Angular,0,71
463867efa1f44771e6bf1625ee2f02f1,Localization Stability,TF,Jump Linear,0,71
463867efa1f44771e6bf1625ee2f02f1,Input Validity,Lidar,Lidar Rate,10,70.09
463867efa1f44771e6bf1625ee2f02f1,Input Validity,Odometry,Odometry Rate,50,70.09
463867efa1f44771e6bf1625ee2f02f1,Input Validity,TF,TF Rate,10,70.09
463867efa1f44771e6bf1625ee2f02f1,Localization Stability,TF,Jump Angular,0,71.1
463867efa1f44771e6bf1625ee2f02f1,Localization Stability,TF,Jump Linear,0,71.1
463867efa1f44771e6bf1625ee2f02f1,Input Validity,Lidar,Lidar Rate,10,70.19
463867efa1f44771e6bf1625ee2f02f1,Input Validity,Odometry,Odometry Rate,50,70.19
463867efa1f44771e6bf1625ee2f02f1,Input Validity,TF,TF Rate,10,70.19
463867efa1f44771e6bf1625ee2f02f1,Localization Stability,TF,Jump Angular,0,71.2
463867efa1f44771e6bf1625ee2f02f1,Localization Stability,TF,Jump Linear,0,71.2
463867efa1f44771e6bf1625ee2f02f1,Input Validity,Lidar,Lidar Rate,10,70.29
463867efa1f44771e6bf1625ee2f02f1,Input Validity,Odometry,Odometry Rate,50,70.29
463867efa1f44771e6bf1625ee2f02f1,Input Validity,TF,TF Rate,10,70.29
463867efa1f44771e6bf1625ee2f02f1,Localization Stability,TF,Jump Angular,0,71.3
463867efa1f44771e6bf1625ee2f02f1,Localization Stability,TF,Jump Linear,0,71.3
463867efa1f44771e6bf1625ee2f02f1,Input Validity,Lidar,Lidar Rate,10,70.39
463867efa1f44771e6bf1625ee2f02f1,Input Validity,Odometry,Odometry Rate,50,70.39
463867efa1f44771e6bf1625ee2f02f1,Input Validity,TF,TF Rate,10,70.39
463867efa1f44771e6bf1625ee2f02f1,Localization Stability,TF,Jump Angular,0,71.4
463867efa1f44771e6bf1625ee2f02f1,Localization Stability,TF,Jump Linear,0,71.4
463867efa1f44771e6bf1625ee2f02f1,Input Validity,Lidar,Lidar Rate,10,70.49
463867efa1f44771e6bf1625ee2f02f1,Input Validity,Odometry,Odometry Rate,50,70.49
463867efa1f44771e6bf1625ee2f02f1,Input Validity,TF,TF Rate,10,70.49
463867efa1f44771e6bf1625ee2f02f1,Localization Stability,TF,Jump Angular,0,71.5
463867efa1f44771e6bf1625ee2f02f1,Localization Stability,TF,Jump Linear,0,71.5
463867efa1f44771e6bf1625ee2f02f1,Input Validity,Lidar,Lidar Rate,10,70.59
463867efa1f44771e6bf1625ee2f02f1,Input Validity,Odometry,Odometry Rate,50,70.59
463867efa1f44771e6bf1625ee2f02f1,Input Validity,TF,TF Rate,10,70.59
463867efa1f44771e6bf1625ee2f02f1,Localization Stability,TF,Jump Angular,0,71.6
463867efa1f44771e6bf1625ee2f02f1,Localization Stability,TF,Jump Linear,0,71.6
463867efa1f44771e6bf1625ee2f02f1,Input Validity,Lidar,Lidar Rate,10,70.69
463867efa1f44771e6bf1625ee2f02f1,Input Validity,Odometry,Odometry Rate,50,70.69
463867efa1f44771e6bf1625ee2f02f1,Input Validity,TF,TF Rate,10,70.69
463867efa1f44771e6bf1625ee2f02f1,Localization Stability,TF,Jump Angular,0,71.7
463867efa1f44771e6bf1625ee2f02f1,Localization Stability,TF,Jump Linear,0,71.7
463867efa1f44771e6bf1625ee2f02f1,Input Validity,Lidar,Lidar Rate,10,70.79
463867efa1f44771e6bf1625ee2f02f1,Input Validity,Odometry,Odometry Rate,50,70.79
463867efa1f44771e6bf1625ee2f02f1,Input Validity,TF,TF Rate,10,70.79
463867efa1f44771e6bf1625ee2f02f1,Localization Quality,AMCLPose,CovYawYaw,0.00356686,70.8
463867efa1f44771e6bf1625ee2f02f1,Localization Quality,AMCLPose,CovYY,0.00158201,70.8
463867efa1f44771e6bf1625ee2f02f1,Localization Quality,AMCLPose,CovXX,0.00627435,70.8
463867efa1f44771e6bf1625ee2f02f1,Localization Quality,AMCLPose,MeanYaw,-2.92983,70.8
463867efa1f44771e6bf1625ee2f02f1,Localization Quality,AMCLPose,MeanY,-3.10713,70.8
463867efa1f44771e6bf1625ee2f02f1,Localization Quality,AMCLPose,MeanX,-5.65597,70.8
463867efa1f44771e6bf1625ee2f02f1,Localization Stability,TF,Jump Angular,-0.00134656,71.8
463867efa1f44771e6bf1625ee2f02f1,Localization Stability,TF,Jump Linear,0.00836243,71.8
463867efa1f44771e6bf1625ee2f02f1,Input Validity,Lidar,Lidar Rate,10,70.89
463867efa1f44771e6bf1625ee2f02f1,Input Validity,Odometry,Odometry Rate,50,70.89
463867efa1f44771e6bf1625ee2f02f1,Input Validity,TF,TF Rate,10,70.89
463867efa1f44771e6bf1625ee2f02f1,Localization Quality,AMCLPose,CovYawYaw,0.00268479,70.9
463867efa1f44771e6bf1625ee2f02f1,Localization Quality,AMCLPose,CovYY,0.00126402,70.9
463867efa1f44771e6bf1625ee2f02f1,Localization Quality,AMCLPose,CovXX,0.00575569,70.9
463867efa1f44771e6bf1625ee2f02f1,Localization Quality,AMCLPose,MeanYaw,-2.98512,70.9
463867efa1f44771e6bf1625ee2f02f1,Localization Quality,AMCLPose,MeanY,-3.10712,70.9
463867efa1f44771e6bf1625ee2f02f1,Localization Quality,AMCLPose,MeanX,-5.65568,70.9
463867efa1f44771e6bf1625ee2f02f1,Localization Stability,TF,Jump Angular,-0.00127416,71.9
463867efa1f44771e6bf1625ee2f02f1,Localization Stability,TF,Jump Linear,0.00832442,71.9
463867efa1f44771e6bf1625ee2f02f1,Input Validity,Lidar,Lidar Rate,10,70.99
463867efa1f44771e6bf1625ee2f02f1,Input Validity,Odometry,Odometry Rate,50,70.99
463867efa1f44771e6bf1625ee2f02f1,Input Validity,TF,TF Rate,10,70.99
463867efa1f44771e6bf1625ee2f02f1,Input Validity,Lidar,Lidar Rate,10,71.09
463867efa1f44771e6bf1625ee2f02f1,Input Validity,Odometry,Odometry Rate,50,71.09
463867efa1f44771e6bf1625ee2f02f1,Input Validity,TF,TF Rate,10,71.09
463867efa1f44771e6bf1625ee2f02f1,Localization Quality,AMCLPose,CovYawYaw,0.00217056,71
463867efa1f44771e6bf1625ee2f02f1,Localization Quality,AMCLPose,CovYY,0.00113317,71
463867efa1f44771e6bf1625ee2f02f1,Localization Quality,AMCLPose,CovXX,0.00522501,71
463867efa1f44771e6bf1625ee2f02f1,Localization Quality,AMCLPose,MeanYaw,-3.05769,71
463867efa1f44771e6bf1625ee2f02f1,Localization Quality,AMCLPose,MeanY,-3.10689,71
463867efa1f44771e6bf1625ee2f02f1,Localization Quality,AMCLPose,MeanX,-5.65876,71
463867efa1f44771e6bf1625ee2f02f1,Localization Stability,TF,Jump Angular,-0.00149966,72
463867efa1f44771e6bf1625ee2f02f1,Localization Stability,TF,Jump Linear,0.00837253,72
463867efa1f44771e6bf1625ee2f02f1,Input Validity,Lidar,Lidar Rate,10,71.18
463867efa1f44771e6bf1625ee2f02f1,Input Validity,Odometry,Odometry Rate,50,71.18
463867efa1f44771e6bf1625ee2f02f1,Input Validity,TF,TF Rate,10,71.18
463867efa1f44771e6bf1625ee2f02f1,Localization Quality,AMCLPose,CovYawYaw,0.00200892,71.1
463867efa1f44771e6bf1625ee2f02f1,Localization Quality,AMCLPose,CovYY,0.00099097,71.1
463867efa1f44771e6bf1625ee2f02f1,Localization Quality,AMCLPose,CovXX,0.00482828,71.1
463867efa1f44771e6bf1625ee2f02f1,Localization Quality,AMCLPose,MeanYaw,3.13689,71.1
463867efa1f44771e6bf1625ee2f02f1,Localization Quality,AMCLPose,MeanY,-3.10635,71.1
463867efa1f44771e6bf1625ee2f02f1,Localization Quality,AMCLPose,MeanX,-5.65838,71.1
463867efa1f44771e6bf1625ee2f02f1,Localization Stability,TF,Jump Angular,-0.000541111,72.1
463867efa1f44771e6bf1625ee2f02f1,Localization Stability,TF,Jump Linear,0.0032389,72.1
463867efa1f44771e6bf1625ee2f02f1,Input Validity,Lidar,Lidar Rate,10,71.28
463867efa1f44771e6bf1625ee2f02f1,Input Validity,Odometry,Odometry Rate,50,71.28
463867efa1f44771e6bf1625ee2f02f1,Input Validity,TF,TF Rate,10,71.28
463867efa1f44771e6bf1625ee2f02f1,Localization Quality,AMCLPose,CovYawYaw,0.00194951,71.2
463867efa1f44771e6bf1625ee2f02f1,Localization Quality,AMCLPose,CovYY,0.00081663,71.2
463867efa1f44771e6bf1625ee2f02f1,Localization Quality,AMCLPose,CovXX,0.00494923,71.2
463867efa1f44771e6bf1625ee2f02f1,Localization Quality,AMCLPose,MeanYaw,3.03412,71.2
463867efa1f44771e6bf1625ee2f02f1,Localization Quality,AMCLPose,MeanY,-3.10671,71.2
463867efa1f44771e6bf1625ee2f02f1,Localization Quality,AMCLPose,MeanX,-5.6585,71.2
463867efa1f44771e6bf1625ee2f02f1,Localization Stability,TF,Jump Angular,0.00227873,72.2
463867efa1f44771e6bf1625ee2f02f1,Localization Stability,TF,Jump Linear,0.0143865,72.2
463867efa1f44771e6bf1625ee2f02f1,Localization Responsiveness,TTC,TTC Outcome,1,71.36
463867efa1f44771e6bf1625ee2f02f1,Localization Responsiveness,TTC,TTC,2.62,71.36
463867efa1f44771e6bf1625ee2f02f1,Mission Outcome,Episode Event,Recoveries,0,71.36
463867efa1f44771e6bf1625ee2f02f1,Mission Outcome,Episode Event,Collisions,0,71.36
463867efa1f44771e6bf1625ee2f02f1,Mission Outcome,Episode Event,Navigation Time,19.68,71.36
463867efa1f44771e6bf1625ee2f02f1,Mission Outcome,Episode Event,Goal Result,1,71.36
463867efa1f44771e6bf1625ee2f02f1,Input Validity,AMCLPose,Pose Monotonicity,0,71.36
463867efa1f44771e6bf1625ee2f02f1,Input Validity,Lidar,Lidar Frame Mistmatch,0,71.36
463867efa1f44771e6bf1625ee2f02f1,Input Validity,Lidar,Lidar Monotonicity,0,71.36
463867efa1f44771e6bf1625ee2f02f1,Input Validity,Odometry,Odometry Frame Mismatch,0,71.36
463867efa1f44771e6bf1625ee2f02f1,Input Validity,Odometry,Odometry Monotonicity,0,71.36
463867efa1f44771e6bf1625ee2f02f1,Input Validity,TF,TF Gap Count,0,71.36
463867efa1f44771e6bf1625ee2f02f1,Input Validity,TF,TF Frame Drop,984,71.36
463867efa1f44771e6bf1625ee2f02f1,Input Validity,TF,TF Monotonicity,0,71.36
Goal_ID,Reference Frame,Start Pose_X (m),Start Pose_Y (m),Start Pose_Yaw (deg),Goal Pose_X (m),Goal Pose_Y (m),Goal Pose_Yaw (deg),Goal Result Code,Goal Result,Success Count,Nav Time (sec),Nav Time Start (sec),Nav Time End (sec),Tracking RMS_V (m/s),Tracking RMS_W (rad/s),Saturation Frac_V,Saturation Frac_W,Slip Mean,Slip Std Deviation,Slip 95_Percentile,Control Energy,Control Samples,Path Length (m),Absolute Path Error RMS (m),Relative Pose Error (Drift),Min Clearance (m),Collision Count,Trajectory Samples,SPL
463867efa1f44771e6bf1625ee2f02f1,map,0.0413194,-0.178211,-0.92636,-5.725,-3.125,162.257,1,SUCCEEDED,1,19.68,51.68,71.36,0.0529129,0.183387,0.74037,0.0650325,0.00282972,0.0649412,0.0353383,555.096,1999,6.51517,0.104448,0.0103591,0.547488,0,984,0.993934
d1e65632e94660b64cafd4779bc1f692,Localization Stability,TF,Jump Angular,0,80
d1e65632e94660b64cafd4779bc1f692,Localization Stability,TF,Jump Linear,0,80
d1e65632e94660b64cafd4779bc1f692,Input Validity,Lidar,Lidar Rate,10,79.12
d1e65632e94660b64cafd4779bc1f692,Input Validity,Odometry,Odometry Rate,50,79.12
d1e65632e94660b64cafd4779bc1f692,Input Validity,TF,TF Rate,10,79.12
d1e65632e94660b64cafd4779bc1f692,Localization Stability,TF,Jump Angular,0,80.1
d1e65632e94660b64cafd4779bc1f692,Localization Stability,TF,Jump Linear,0,80.1
d1e65632e94660b64cafd4779bc1f692,Input Validity,Lidar,Lidar Rate,10,79.22
d1e65632e94660b64cafd4779bc1f692,Input Validity,Odometry,Odometry Rate,50,79.22
d1e65632e94660b64cafd4779bc1f692,Input Validity,TF,TF Rate,10,79.22
d1e65632e94660b64cafd4779bc1f692,Localization Stability,TF,Jump Angular,-0.00873418,80.2
d1e65632e94660b64cafd4779bc1f692,Localization Stability,TF,Jump Linear,0.0526337,80.2
d1e65632e94660b64cafd4779bc1f692,Input Validity,Lidar,Lidar Rate,10,79.32
d1e65632e94660b64cafd4779bc1f692,Input Validity,Odometry,Odometry Rate,50,79.32
d1e65632e94660b64cafd4779bc1f692,Input Validity,TF,TF Rate,10,79.32
d1e65632e94660b64cafd4779bc1f692,Localization Quality,AMCLPose,CovYawYaw,0.110923,79.3
d1e65632e94660b64cafd4779bc1f692,Localization Quality,AMCLPose,CovYY,0.177373,79.3
d1e65632e94660b64cafd4779bc1f692,Localization Quality,AMCLPose,CovXX,0.150949,79.3
d1e65632e94660b64cafd4779bc1f692,Localization Quality,AMCLPose,MeanYaw,2.54939,79.3
d1e65632e94660b64cafd4779bc1f692,Localization Quality,AMCLPose,MeanY,-3.19784,79.3
d1e65632e94660b64cafd4779bc1f692,Localization Quality,AMCLPose,MeanX,-5.47454,79.3
d1e65632e94660b64cafd4779bc1f692,Localization Stability,TF,Jump Angular,-0.010151,80.3
d1e65632e94660b64cafd4779bc1f692,Localization Stability,TF,Jump Linear,0.0551052,80.3
d1e65632e94660b64cafd4779bc1f692,Input Validity,Lidar,Lidar Rate,10,79.42
d1e65632e94660b64cafd4779bc1f692,Input Validity,Odometry,Odometry Rate,50,79.42
d1e65632e94660b64cafd4779bc1f692,Input Validity,TF,TF Rate,10,79.42
d1e65632e94660b64cafd4779bc1f692,Localization Quality,AMCLPose,CovYawYaw,0.115845,79.4
d1e65632e94660b64cafd4779bc1f692,Localization Quality,AMCLPose,CovYY,0.177313,79.4
d1e65632e94660b64cafd4779bc1f692,Localization Quality,AMCLPose,CovXX,0.149587,79.4
d1e65632e94660b64cafd4779bc1f692,Localization Quality,AMCLPose,MeanYaw,2.47757,79.4
d1e65632e94660b64cafd4779bc1f692,Localization Quality,AMCLPose,MeanY,-3.20009,79.4
d1e65632e94660b64cafd4779bc1f692,Localization Quality,AMCLPose,MeanX,-5.48211,79.4
d1e65632e94660b64cafd4779bc1f692,Localization Stability,TF,Jump Angular,0.00909393,80.4
d1e65632e94660b64cafd4779bc1f692,Localization Stability,TF,Jump Linear,0.0605934,80.4
d1e65632e94660b64cafd4779bc1f692,Input Validity,Lidar,Lidar Rate,10,79.52
d1e65632e94660b64cafd4779bc1f692,Input Validity,Odometry,Odometry Rate,50,79.52
d1e65632e94660b64cafd4779bc1f692,Input Validity,TF,TF Rate,10,79.52
d1e65632e94660b64cafd4779bc1f692,Localization Quality,AMCLPose,CovYawYaw,0.113772,79.5
d1e65632e94660b64cafd4779bc1f692,Localization Quality,AMCLPose,CovYY,0.182649,79.5
d1e65632e94660b64cafd4779bc1f692,Localization Quality,AMCLPose,CovXX,0.151766,79.5
d1e65632e94660b64cafd4779bc1f692,Localization Quality,AMCLPose,MeanYaw,2.39327,79.5
d1e65632e94660b64cafd4779bc1f692,Localization Quality,AMCLPose,MeanY,-3.20045,79.5
d1e65632e94660b64cafd4779bc1f692,Localization Quality,AMCLPose,MeanX,-5.49561,79.5
d1e65632e94660b64cafd4779bc1f692,Localization Stability,TF,Jump Angular,0.0136031,80.5
d1e65632e94660b64cafd4779bc1f692,Localization Stability,TF,Jump Linear,0.0944718,80.5
d1e65632e94660b64cafd4779bc1f692,Input Validity,Lidar,Lidar Rate,10,79.62
d1e65632e94660b64cafd4779bc1f692,Input Validity,Odometry,Odometry Rate,50,79.62
d1e65632e94660b64cafd4779bc1f692,Input Validity,TF,TF Rate,10,79.62
d1e65632e94660b64cafd4779bc1f692,Localization Quality,AMCLPose,CovYawYaw,0.108066,79.6
d1e65632e94660b64cafd4779bc1f692,Localization Quality,AMCLPose,CovYY,0.185703,79.6
d1e65632e94660b64cafd4779bc1f692,Localization Quality,AMCLPose,CovXX,0.160103,79.6
d1e65632e94660b64cafd4779bc1f692,Localization Quality,AMCLPose,MeanYaw,2.26407,79.6
d1e65632e94660b64cafd4779bc1f692,Localization Quality,AMCLPose,MeanY,-3.19477,79.6
d1e65632e94660b64cafd4779bc1f692,Localization Quality,AMCLPose,MeanX,-5.48849,79.6
d1e65632e94660b64cafd4779bc1f692,Localization Stability,TF,Jump Angular,-0.0143116,80.6
d1e65632e94660b64cafd4779bc1f692,Localization Stability,TF,Jump Linear,0.0909465,80.6
d1e65632e94660b64cafd4779bc1f692,Input Validity,Lidar,Lidar Rate,10,79.71
d1e65632e94660b64cafd4779bc1f692,Input Validity,Odometry,Odometry Rate,50,79.71
d1e65632e94660b64cafd4779bc1f692,Input Validity,TF,TF Rate,10,79.71
d1e65632e94660b64cafd4779bc1f692,Localization Quality,AMCLPose,CovYawYaw,0.0648071,79.7
d1e65632e94660b64cafd4779bc1f692,Localization Quality,AMCLPose,CovYY,0.120903,79.7
d1e65632e94660b64cafd4779bc1f692,Localization Quality,AMCLPose,CovXX,0.138041,79.7
d1e65632e94660b64cafd4779bc1f692,Localization Quality,AMCLPose,MeanYaw,2.16578,79.7
d1e65632e94660b64cafd4779bc1f692,Localization Quality,AMCLPose,MeanY,-3.18104,79.7
d1e65632e94660b64cafd4779bc1f692,Localization Quality,AMCLPose,MeanX,-5.4902,79.7
d1e65632e94660b64cafd4779bc1f692,Localization Stability,TF,Jump Angular,0.0335844,80.7
d1e65632e94660b64cafd4779bc1f692,Localization Stability,TF,Jump Linear,0.228636,80.7
d1e65632e94660b64cafd4779bc1f692,Input Validity,Lidar,Lidar Rate,10,79.81
d1e65632e94660b64cafd4779bc1f692,Input Validity,Odometry,Odometry Rate,50,79.81
d1e65632e94660b64cafd4779bc1f692,Input Validity,TF,TF Rate,10,79.81
d1e65632e94660b64cafd4779bc1f692,Localization Quality,AMCLPose,CovYawYaw,0.0376689,79.8
d1e65632e94660b64cafd4779bc1f692,Localization Quality,AMCLPose,CovYY,0.0651574,79.8
d1e65632e94660b64cafd4779bc1f692,Localization Quality,AMCLPose,CovXX,0.12083,79.8
d1e65632e94660b64cafd4779bc1f692,Localization Quality,AMCLPose,MeanYaw,2.02401,79.8
d1e65632e94660b64cafd4779bc1f692,Localization Quality,AMCLPose,MeanY,-3.17069,79.8
d1e65632e94660b64cafd4779bc1f692,Localization Quality,AMCLPose,MeanX,-5.51642,79.8
d1e65632e94660b64cafd4779bc1f692,Localization Stability,TF,Jump Angular,0.0070913,80.8
d1e65632e94660b64cafd4779bc1f692,Localization Stability,TF,Jump Linear,0.0700803,80.8
d1e65632e94660b64cafd4779bc1f692,Input Validity,Lidar,Lidar Rate,10,79.91
d1e65632e94660b64cafd4779bc1f692,Input Validity,Odometry,Odometry Rate,50,79.91
d1e65632e94660b64cafd4779bc1f692,Input Validity,TF,TF Rate,10,79.91
d1e65632e94660b64cafd4779bc1f692,Localization Quality,AMCLPose,CovYawYaw,0.0185107,79.9
d1e65632e94660b64cafd4779bc1f692,Localization Quality,AMCLPose,CovYY,0.0349176,79.9
d1e65632e94660b64cafd4779bc1f692,Localization Quality,AMCLPose,CovXX,0.079198,79.9
d1e65632e94660b64cafd4779bc1f692,Localization Quality,AMCLPose,MeanYaw,1.85647,79.9
d1e65632e94660b64cafd4779bc1f692,Localization Quality,AMCLPose,MeanY,-3.16501,79.9
d1e65632e94660b64cafd4779bc1f692,Localization Quality,AMCLPose,MeanX,-5.56631,79.9
d1e65632e94660b64cafd4779bc1f692,Localization Stability,TF,Jump Angular,-0.00170746,80.9
d1e65632e94660b64cafd4779bc1f692,Localization Stability,TF,Jump Linear,0.0443666,80.9
d1e65632e94660b64cafd4779bc1f692,Input Validity,Lidar,Lidar Rate,10,80.01
d1e65632e94660b64cafd4779bc1f692,Input Validity,Odometry,Odometry Rate,50,80.01
d1e65632e94660b64cafd4779bc1f692,Input Validity,TF,TF Rate,10,80.01
d1e65632e94660b64cafd4779bc1f692,Localization Quality,AMCLPose,CovYawYaw,0.010327,80
d1e65632e94660b64cafd4779bc1f692,Localization Quality,AMCLPose,CovYY,0.0149221,80
d1e65632e94660b64cafd4779bc1f692,Localization Quality,AMCLPose,CovXX,0.0470896,80
d1e65632e94660b64cafd4779bc1f692,Localization Quality,AMCLPose,MeanYaw,1.66019,80
d1e65632e94660b64cafd4779bc1f692,Localization Quality,AMCLPose,MeanY,-3.13573,80
d1e65632e94660b64cafd4779bc1f692,Localization Quality,AMCLPose,MeanX,-5.61138,80
d1e65632e94660b64cafd4779bc1f692,Localization Stability,TF,Jump Angular,-0.013461,81
d1e65632e94660b64cafd4779bc1f692,Localization Stability,TF,Jump Linear,0.0450833,81
d1e65632e94660b64cafd4779bc1f692,Input Validity,Lidar,Lidar Rate,10,80.11
d1e65632e94660b64cafd4779bc1f692,Input Validity,Odometry,Odometry Rate,50,80.11
d1e65632e94660b64cafd4779bc1f692,Input Validity,TF,TF Rate,10,80.11
d1e65632e94660b64cafd4779bc1f692,Localization Quality,AMCLPose,CovYawYaw,0.00686864,80.1
d1e65632e94660b64cafd4779bc1f692,Localization Quality,AMCLPose,CovYY,0.0103175,80.1
d1e65632e94660b64cafd4779bc1f692,Localization Quality,AMCLPose,CovXX,0.0252395,80.1
d1e65632e94660b64cafd4779bc1f692,Localization Quality,AMCLPose,MeanYaw,1.45484,80.1
d1e65632e94660b64cafd4779bc1f692,Localization Quality,AMCLPose,MeanY,-3.12498,80.1
d1e65632e94660b64cafd4779bc1f692,Localization Quality,AMCLPose,MeanX,-5.639,80.1
d1e65632e94660b64cafd4779bc1f692,Localization Stability,TF,Jump Angular,-0.0130898,81.1
d1e65632e94660b64cafd4779bc1f692,Localization Stability,TF,Jump Linear,0.0644322,81.1
d1e65632e94660b64cafd4779bc1f692,Input Validity,Lidar,Lidar Rate,10,80.21
d1e65632e94660b64cafd4779bc1f692,Input Validity,Odometry,Odometry Rate,50,80.21
d1e65632e94660b64cafd4779bc1f692,Input Validity,TF,TF Rate,10,80.21
d1e65632e94660b64cafd4779bc1f692,Localization Quality,AMCLPose,CovYawYaw,0.00479253,80.2
d1e65632e94660b64cafd4779bc1f692,Localization Quality,AMCLPose,CovYY,0.00854561,80.2
d1e65632e94660b64cafd4779bc1f692,Localization Quality,AMCLPose,CovXX,0.015619,80.2
d1e65632e94660b64cafd4779bc1f692,Localization Quality,AMCLPose,MeanYaw,1.29383,80.2
d1e65632e94660b64cafd4779bc1f692,Localization Quality,AMCLPose,MeanY,-3.11217,80.2
d1e65632e94660b64cafd4779bc1f692,Localization Quality,AMCLPose,MeanX,-5.65326,80.2
d1e65632e94660b64cafd4779bc1f692,Localization Stability,TF,Jump Angular,-0.00968803,81.2
d1e65632e94660b64cafd4779bc1f692,Localization Stability,TF,Jump Linear,0.0501778,81.2
d1e65632e94660b64cafd4779bc1f692,Input Validity,Lidar,Lidar Rate,10,80.31
d1e65632e94660b64cafd4779bc1f692,Input Validity,Odometry,Odometry Rate,50,80.31
d1e65632e94660b64cafd4779bc1f692,Input Validity,TF,TF Rate,10,80.31
d1e65632e94660b64cafd4779bc1f692,Localization Quality,AMCLPose,CovYawYaw,0.00345739,80.3
d1e65632e94660b64cafd4779bc1f692,Localization Quality,AMCLPose,CovYY,0.00387641,80.3
d1e65632e94660b64cafd4779bc1f692,Localization Quality,AMCLPose,CovXX,0.010181,80.3
d1e65632e94660b64cafd4779bc1f692,Localization Quality,AMCLPose,MeanYaw,1.18675,80.3
d1e65632e94660b64cafd4779bc1f692,Localization Quality,AMCLPose,MeanY,-3.09039,80.3
d1e65632e94660b64cafd4779bc1f692,Localization Quality,AMCLPose,MeanX,-5.65342,80.3
d1e65632e94660b64cafd4779bc1f692,Localization Stability,TF,Jump Angular,-0.00576328,81.3
d1e65632e94660b64cafd4779bc1f692,Localization Stability,TF,Jump Linear,0.0269153,81.3
d1e65632e94660b64cafd4779bc1f692,Input Validity,Lidar,Lidar Rate,10,80.41
d1e65632e94660b64cafd4779bc1f692,Input Validity,Odometry,Odometry Rate,50,80.41
d1e65632e94660b64cafd4779bc1f692,Input Validity,TF,TF Rate,10,80.41
d1e65632e94660b64cafd4779bc1f692,Localization Quality,AMCLPose,CovYawYaw,0.00267911,80.4
d1e65632e94660b64cafd4779bc1f692,Localization Quality,AMCLPose,CovYY,0.00278952,80.4
d1e65632e94660b64cafd4779bc1f692,Localization Quality,AMCLPose,CovXX,0.00789645,80.4
d1e65632e94660b64cafd4779bc1f692,Localization Quality,AMCLPose,MeanYaw,1.13155,80.4
d1e65632e94660b64cafd4779bc1f692,Localization Quality,AMCLPose,MeanY,-3.06802,80.4
d1e65632e94660b64cafd4779bc1f692,Localization Quality,AMCLPose,MeanX,-5.64246,80.4
d1e65632e94660b64cafd4779bc1f692,Localization Stability,TF,Jump Angular,-0.000219261,81.4
d1e65632e94660b64cafd4779bc1f692,Localization Stability,TF,Jump Linear,0.00398304,81.4
d1e65632e94660b64cafd4779bc1f692,Input Validity,Lidar,Lidar Rate,10,80.51
d1e65632e94660b64cafd4779bc1f692,Input Validity,Odometry,Odometry Rate,50,80.51
d1e65632e94660b64cafd4779bc1f692,Input Validity,TF,TF Rate,10,80.51
d1e65632e94660b64cafd4779bc1f692,Localization Stability,TF,Jump Angular,0,81.5
d1e65632e94660b64cafd4779bc1f692,Localization Stability,TF,Jump Linear,0,81.5
d1e65632e94660b64cafd4779bc1f692,Input Validity,Lidar,Lidar Rate,10,80.61
d1e65632e94660b64cafd4779bc1f692,Input Validity,Odometry,Odometry Rate,50,80.61
d1e65632e94660b64cafd4779bc1f692,Input Validity,TF,TF Rate,10,80.61
d1e65632e94660b64cafd4779bc1f692,Localization Quality,AMCLPose,CovYawYaw,0.00230017,80.6
d1e65632e94660b64cafd4779bc1f692,Localization Quality,AMCLPose,CovYY,0.00228812,80.6
d1e65632e94660b64cafd4779bc1f692,Localization Quality,AMCLPose,CovXX,0.00489628,80.6
d1e65632e94660b64cafd4779bc1f692,Localization Quality,AMCLPose,MeanYaw,1.04331,80.6
d1e65632e94660b64cafd4779bc1f692,Localization Quality,AMCLPose,MeanY,-3.01158,80.6
d1e65632e94660b64cafd4779bc1f692,Localization Quality,AMCLPose,MeanX,-5.61803,80.6
d1e65632e94660b64cafd4779bc1f692,Localization Stability,TF,Jump Angular,-0.00171317,81.6
d1e65632e94660b64cafd4779bc1f692,Localization Stability,TF,Jump Linear,0.00821342,81.6
d1e65632e94660b64cafd4779bc1f692,Input Validity,Lidar,Lidar Rate,10,80.71
d1e65632e94660b64cafd4779bc1f692,Input Validity,Odometry,Odometry Rate,50,80.71
d1e65632e94660b64cafd4779bc1f692,Input Validity,TF,TF Rate,10,80.71
d1e65632e94660b64cafd4779bc1f692,Localization Stability,TF,Jump Angular,0,81.7
d1e65632e94660b64cafd4779bc1f692,Localization Stability,TF,Jump Linear,0,81.7
d1e65632e94660b64cafd4779bc1f692,Input Validity,Lidar,Lidar Rate,10,80.81
d1e65632e94660b64cafd4779bc1f692,Input Validity,Odometry,Odometry Rate,50,80.81
d1e65632e94660b64cafd4779bc1f692,Input Validity,TF,TF Rate,10,80.81
d1e65632e94660b64cafd4779bc1f692,Localization Quality,AMCLPose,CovYawYaw,0.00329162,80.8
d1e65632e94660b64cafd4779bc1f692,Localization Quality,AMCLPose,CovYY,0.00277282,80.8
d1e65632e94660b64cafd4779bc1f692,Localization Quality,AMCLPose,CovXX,0.00506803,80.8
d1e65632e94660b64cafd4779bc1f692,Localization Quality,AMCLPose,MeanYaw,0.962441,80.8
d1e65632e94660b64cafd4779bc1f692,Localization Quality,AMCLPose,MeanY,-2.93755,80.8
d1e65632e94660b64cafd4779bc1f692,Localization Quality,AMCLPose,MeanX,-5.57049,80.8
d1e65632e94660b64cafd4779bc1f692,Localization Stability,TF,Jump Angular,9.56075e-05,81.8
d1e65632e94660b64cafd4779bc1f692,Localization Stability,TF,Jump Linear,0.00168,81.8
d1e65632e94660b64cafd4779bc1f692,Input Validity,Lidar,Lidar Rate,10,80.91
d1e65632e94660b64cafd4779bc1f692,Input Validity,Odometry,Odometry Rate,50,80.91
d1e65632e94660b64cafd4779bc1f692,Input Validity,TF,TF Rate,10,80.91
d1e65632e94660b64cafd4779bc1f692,Localization Stability,TF,Jump Angular,0,81.9
d1e65632e94660b64cafd4779bc1f692,Localization Stability,TF,Jump Linear,0,81.9
d1e65632e94660b64cafd4779bc1f692,Input Validity,Lidar,Lidar Rate,10,81.01
d1e65632e94660b64cafd4779bc1f692,Input Validity,Odometry,Odometry Rate,50,81.01
d1e65632e94660b64cafd4779bc1f692,Input Validity,TF,TF Rate,10,81.01
d1e65632e94660b64cafd4779bc1f692,Localization Quality,AMCLPose,CovYawYaw,0.00416094,81
d1e65632e94660b64cafd4779bc1f692,Localization Quality,AMCLPose,CovYY,0.00322545,81
d1e65632e94660b64cafd4779bc1f692,Localization Quality,AMCLPose,CovXX,0.00551722,81
d1e65632e94660b64cafd4779bc1f692,Localization Quality,AMCLPose,MeanYaw,0.875474,81
d1e65632e94660b64cafd4779bc1f692,Localization Quality,AMCLPose,MeanY,-2.86652,81
d1e65632e94660b64cafd4779bc1f692,Localization Quality,AMCLPose,MeanX,-5.51591,81
d1e65632e94660b64cafd4779bc1f692,Localization Stability,TF,Jump Angular,0.000847579,82
d1e65632e94660b64cafd4779bc1f692,Localization Stability,TF,Jump Linear,0.00479356,82
d1e65632e94660b64cafd4779bc1f692,Input Validity,Lidar,Lidar Rate,10,81.1
d1e65632e94660b64cafd4779bc1f692,Input Validity,Odometry,Odometry Rate,50,81.1
d1e65632e94660b64cafd4779bc1f692,Input Validity,TF,TF Rate,10,81.1
d1e65632e94660b64cafd4779bc1f692,Localization Stability,TF,Jump Angular,0,82.1
d1e65632e94660b64cafd4779bc1f692,Localization Stability,TF,Jump Linear,0,82.1
d1e65632e94660b64cafd4779bc1f692,Input Validity,Lidar,Lidar Rate,10,81.21
d1e65632e94660b64cafd4779bc1f692,Input Validity,Odometry,Odometry Rate,50,81.21
d1e65632e94660b64cafd4779bc1f692,Input Validity,TF,TF Rate,10,81.21
d1e65632e94660b64cafd4779bc1f692,Localization Quality,AMCLPose,CovYawYaw,0.0051181,81.2
d1e65632e94660b64cafd4779bc1f692,Localization Quality,AMCLPose,CovYY,0.00358968,81.2
d1e65632e94660b64cafd4779bc1f692,Localization Quality,AMCLPose,CovXX,0.00598793,81.2
d1e65632e94660b64cafd4779bc1f692,Localization Quality,AMCLPose,MeanYaw,0.801416,81.2
d1e65632e94660b64cafd4779bc1f692,Localization Quality,AMCLPose,MeanY,-2.79776,81.2
d1e65632e94660b64cafd4779bc1f692,Localization Quality,AMCLPose,MeanX,-5.45513,81.2
d1e65632e94660b64cafd4779bc1f692,Localization Stability,TF,Jump Angular,0.000604594,82.2
d1e65632e94660b64cafd4779bc1f692,Localization Stability,TF,Jump Linear,0.00529832,82.2
d1e65632e94660b64cafd4779bc1f692,Input Validity,Lidar,Lidar Rate,10,81.3
d1e65632e94660b64cafd4779bc1f692,Input Validity,Odometry,Odometry Rate,50,81.3
d1e65632e94660b64cafd4779bc1f692,Input Validity,TF,TF Rate,10,81.3
d1e65632e94660b64cafd4779bc1f692,Localization Stability,TF,Jump Angular,0,82.3
d1e65632e94660b64cafd4779bc1f692,Localization Stability,TF,Jump Linear,0,82.3
d1e65632e94660b64cafd4779bc1f692,Input Validity,Lidar,Lidar Rate,10,81.4
d1e65632e94660b64cafd4779bc1f692,Input Validity,Odometry,Odometry Rate,50,81.4
d1e65632e94660b64cafd4779bc1f692,Input Validity,TF,TF Rate,10,81.4
d1e65632e94660b64cafd4779bc1f692,Input Validity,Lidar,Lidar Rate,10,81.5
d1e65632e94660b64cafd4779bc1f692,Input Validity,Odometry,Odometry Rate,50,81.5
d1e65632e94660b64cafd4779bc1f692,Input Validity,TF,TF Rate,10,81.5
d1e65632e94660b64cafd4779bc1f692,Localization Quality,AMCLPose,CovYawYaw,0.0055209,81.4
d1e65632e94660b64cafd4779bc1f692,Localization Quality,AMCLPose,CovYY,0.00394294,81.4
d1e65632e94660b64cafd4779bc1f692,Localization Quality,AMCLPose,CovXX,0.00694562,81.4
d1e65632e94660b64cafd4779bc1f692,Localization Quality,AMCLPose,MeanYaw,0.738046,81.4
d1e65632e94660b64cafd4779bc1f692,Localization Quality,AMCLPose,MeanY,-2.73424,81.4
d1e65632e94660b64cafd4779bc1f692,Localization Quality,AMCLPose,MeanX,-5.38923,81.4
d1e65632e94660b64cafd4779bc1f692,Localization Stability,TF,Jump Angular,0.0036096,82.4
d1e65632e94660b64cafd4779bc1f692,Localization Stability,TF,Jump Linear,0.0222064,82.4
d1e65632e94660b64cafd4779bc1f692,Input Validity,Lidar,Lidar Rate,10,81.6
d1e65632e94660b64cafd4779bc1f692,Input Validity,Odometry,Odometry Rate,50,81.6
d1e65632e94660b64cafd4779bc1f692,Input Validity,TF,TF Rate,10,81.6
d1e65632e94660b64cafd4779bc1f692,Localization Stability,TF,Jump Angular,0,82.5
d1e65632e94660b64cafd4779bc1f692,Localization Stability,TF,Jump Linear,0,82.5
d1e65632e94660b64cafd4779bc1f692,Input Validity,Lidar,Lidar Rate,10,81.7
d1e65632e94660b64cafd4779bc1f692,Input Validity,Odometry,Odometry Rate,50,81.7
d1e65632e94660b64cafd4779bc1f692,Input Validity,TF,TF Rate,10,81.7
d1e65632e94660b64cafd4779bc1f692,Localization Quality,AMCLPose,CovYawYaw,0.00626554,81.6
d1e65632e94660b64cafd4779bc1f692,Localization Quality,AMCLPose,CovYY,0.00440736,81.6
d1e65632e94660b64cafd4779bc1f692,Localization Quality,AMCLPose,CovXX,0.0085609,81.6
d1e65632e94660b64cafd4779bc1f692,Localization Quality,AMCLPose,MeanYaw,0.680336,81.6
d1e65632e94660b64cafd4779bc1f692,Localization Quality,AMCLPose,MeanY,-2.67767,81.6
d1e65632e94660b64cafd4779bc1f692,Localization Quality,AMCLPose,MeanX,-5.32125,81.6
d1e65632e94660b64cafd4779bc1f692,Localization Stability,TF,Jump Angular,-0.000156118,82.6
d1e65632e94660b64cafd4779bc1f692,Localization Stability,TF,Jump Linear,0.00281592,82.6
d1e65632e94660b64cafd4779bc1f692,Input Validity,Lidar,Lidar Rate,10,81.78
d1e65632e94660b64cafd4779bc1f692,Input Validity,Odometry,Odometry Rate,50,81.78
d1e65632e94660b64cafd4779bc1f692,Input Validity,TF,TF Rate,10,81.78
d1e65632e94660b64cafd4779bc1f692,Localization Stability,TF,Jump Angular,0,82.7
d1e65632e94660b64cafd4779bc1f692,Localization Stability,TF,Jump Linear,0,82.7
d1e65632e94660b64cafd4779bc1f692,Localization Stability,TF,Jump Angular,0,82.8
d1e65632e94660b64cafd4779bc1f692,Localization Stability,TF,Jump Linear,0,82.8
d1e65632e94660b64cafd4779bc1f692,Input Validity,Lidar,Lidar Rate,10,81.88
d1e65632e94660b64cafd4779bc1f692,Input Validity,Odometry,Odometry Rate,50,81.88
d1e65632e94660b64cafd4779bc1f692,Input Validity,TF,TF Rate,10,81.88
d1e65632e94660b64cafd4779bc1f692,Input Validity,Lidar,Lidar Rate,10,81.98
d1e65632e94660b64cafd4779bc1f692,Input Validity,Odometry,Odometry Rate,50,81.98
d1e65632e94660b64cafd4779bc1f692,Input Validity,TF,TF Rate,10,81.98
d1e65632e94660b64cafd4779bc1f692,Localization Quality,AMCLPose,CovYawYaw,0.00798019,81.9
d1e65632e94660b64cafd4779bc1f692,Localization Quality,AMCLPose,CovYY,0.00531013,81.9
d1e65632e94660b64cafd4779bc1f692,Localization Quality,AMCLPose,CovXX,0.0102359,81.9
d1e65632e94660b64cafd4779bc1f692,Localization Quality,AMCLPose,MeanYaw,0.607189,81.9
d1e65632e94660b64cafd4779bc1f692,Localization Quality,AMCLPose,MeanY,-2.59697,81.9
d1e65632e94660b64cafd4779bc1f692,Localization Quality,AMCLPose,MeanX,-5.21513,81.9
d1e65632e94660b64cafd4779bc1f692,Localization Stability,TF,Jump Angular,-0.00143213,82.9
d1e65632e94660b64cafd4779bc1f692,Localization Stability,TF,Jump Linear,0.00789974,82.9
d1e65632e94660b64cafd4779bc1f692,Input Validity,Lidar,Lidar Rate,10,82.08
d1e65632e94660b64cafd4779bc1f692,Input Validity,Odometry,Odometry Rate,50,82.08
d1e65632e94660b64cafd4779bc1f692,Input Validity,TF,TF Rate,10,82.08
d1e65632e94660b64cafd4779bc1f692,Localization Stability,TF,Jump Angular,0,83
d1e65632e94660b64cafd4779bc1f692,Localization Stability,TF,Jump Linear,0,83
d1e65632e94660b64cafd4779bc1f692,Input Validity,Lidar,Lidar Rate,10,82.18
d1e65632e94660b64cafd4779bc1f692,Input Validity,Odometry,Odometry Rate,50,82.18
d1e65632e94660b64cafd4779bc1f692,Input Validity,TF,TF Rate,10,82.18
d1e65632e94660b64cafd4779bc1f692,Localization Stability,TF,Jump Angular,0,83.1
d1e65632e94660b64cafd4779bc1f692,Localization Stability,TF,Jump Linear,0,83.1
d1e65632e94660b64cafd4779bc1f692,Localization Quality,AMCLPose,CovYawYaw,0.00638665,82.2
d1e65632e94660b64cafd4779bc1f692,Localization Quality,AMCLPose,CovYY,0.00530533,82.2
d1e65632e94660b64cafd4779bc1f692,Localization Quality,AMCLPose,CovXX,0.00710892,82.2
d1e65632e94660b64cafd4779bc1f692,Localization Quality,AMCLPose,MeanYaw,0.549592,82.2
d1e65632e94660b64cafd4779bc1f692,Localization Quality,AMCLPose,MeanY,-2.52,82.2
d1e65632e94660b64cafd4779bc1f692,Localization Quality,AMCLPose,MeanX,-5.11572,82.2
d1e65632e94660b64cafd4779bc1f692,Localization Stability,TF,Jump Angular,0.00850423,83.2
d1e65632e94660b64cafd4779bc1f692,Localization Stability,TF,Jump Linear,0.0586715,83.2
d1e65632e94660b64cafd4779bc1f692,Input Validity,Lidar,Lidar Rate,10,82.28
d1e65632e94660b64cafd4779bc1f692,Input Validity,Odometry,Odometry Rate,50,82.28
d1e65632e94660b64cafd4779bc1f692,Input Validity,TF,TF Rate,10,82.28
d1e65632e94660b64cafd4779bc1f692,Localization Stability,TF,Jump Angular,0,83.3
d1e65632e94660b64cafd4779bc1f692,Localization Stability,TF,Jump Linear,0,83.3
d1e65632e94660b64cafd4779bc1f692,Input Validity,Lidar,Lidar Rate,10,82.38
d1e65632e94660b64cafd4779bc1f692,Input Validity,Odometry,Odometry Rate,50,82.38
d1e65632e94660b64cafd4779bc1f692,Input Validity,TF,TF Rate,10,82.38
d1e65632e94660b64cafd4779bc1f692,Input Validity,Lidar,Lidar Rate,10,82.48
d1e65632e94660b64cafd4779bc1f692,Input Validity,Odometry,Odometry Rate,50,82.48
d1e65632e94660b64cafd4779bc1f692,Input Validity,TF,TF Rate,10,82.48
d1e65632e94660b64cafd4779bc1f692,Localization Stability,TF,Jump Angular,0,83.4
d1e65632e94660b64cafd4779bc1f692,Localization Stability,TF,Jump Linear,0,83.4
d1e65632e94660b64cafd4779bc1f692,Input Validity,Lidar,Lidar Rate,10,82.58
d1e65632e94660b64cafd4779bc1f692,Input Validity,Odometry,Odometry Rate,50,82.58
d1e65632e94660b64cafd4779bc1f692,Input Validity,TF,TF Rate,10,82.58
d1e65632e94660b64cafd4779bc1f692,Localization Quality,AMCLPose,CovYawYaw,0.00498689,82.5
d1e65632e94660b64cafd4779bc1f692,Localization Quality,AMCLPose,CovYY,0.00583528,82.5
d1e65632e94660b64cafd4779bc1f692,Localization Quality,AMCLPose,CovXX,0.00479962,82.5
d1e65632e94660b64cafd4779bc1f692,Localization Quality,AMCLPose,MeanYaw,0.488277,82.5
d1e65632e94660b64cafd4779bc1f692,Localization Quality,AMCLPose,MeanY,-2.44669,82.5
d1e65632e94660b64cafd4779bc1f692,Localization Quality,AMCLPose,MeanX,-5.00665,82.5
d1e65632e94660b64cafd4779bc1f692,Localization Stability,TF,Jump Angular,0.00269752,83.5
d1e65632e94660b64cafd4779bc1f692,Localization Stability,TF,Jump Linear,0.0248366,83.5
d1e65632e94660b64cafd4779bc1f692,Localization Stability,TF,Jump Angular,0,83.6
d1e65632e94660b64cafd4779bc1f692,Localization Stability,TF,Jump Linear,0,83.6
d1e65632e94660b64cafd4779bc1f692,Input Validity,Lidar,Lidar Rate,10,82.68
d1e65632e94660b64cafd4779bc1f692,Input Validity,Odometry,Odometry Rate,50,82.68
d1e65632e94660b64cafd4779bc1f692,Input Validity,TF,TF Rate,10,82.68
d1e65632e94660b64cafd4779bc1f692,Input Validity,Lidar,Lidar Rate,10,82.78
d1e65632e94660b64cafd4779bc1f692,Input Validity,Odometry,Odometry Rate,50,82.78
d1e65632e94660b64cafd4779bc1f692,Input Validity,TF,TF Rate,10,82.78
d1e65632e94660b64cafd4779bc1f692,Localization Stability,TF,Jump Angular,0,83.7
d1e65632e94660b64cafd4779bc1f692,Localization Stability,TF,Jump Linear,0,83.7
d1e65632e94660b64cafd4779bc1f692,Input Validity,Lidar,Lidar Rate,10,82.87
d1e65632e94660b64cafd4779bc1f692,Input Validity,Odometry,Odometry Rate,50,82.87
d1e65632e94660b64cafd4779bc1f692,Input Validity,TF,TF Rate,10,82.87
d1e65632e94660b64cafd4779bc1f692,Localization Quality,AMCLPose,CovYawYaw,0.00404588,82.8
d1e65632e94660b64cafd4779bc1f692,Localization Quality,AMCLPose,CovYY,0.0063125,82.8
d1e65632e94660b64cafd4779bc1f692,Localization Quality,AMCLPose,CovXX,0.00411708,82.8
d1e65632e94660b64cafd4779bc1f692,Localization Quality,AMCLPose,MeanYaw,0.426416,82.8
d1e65632e94660b64cafd4779bc1f692,Localization Quality,AMCLPose,MeanY,-2.38376,82.8
d1e65632e94660b64cafd4779bc1f692,Localization Quality,AMCLPose,MeanX,-4.89137,82.8
d1e65632e94660b64cafd4779bc1f692,Localization Stability,TF,Jump Angular,0.00082557,83.8
d1e65632e94660b64cafd4779bc1f692,Localization Stability,TF,Jump Linear,0.0108085,83.8
d1e65632e94660b64cafd4779bc1f692,Localization Stability,TF,Jump Angular,0,83.9
d1e65632e94660b64cafd4779bc1f692,Localization Stability,TF,Jump Linear,0,83.9
d1e65632e94660b64cafd4779bc1f692,Input Validity,Lidar,Lidar Rate,10,82.97
d1e65632e94660b64cafd4779bc1f692,Input Validity,Odometry,Odometry Rate,50,82.97
d1e65632e94660b64cafd4779bc1f692,Input Validity,TF,TF Rate,10,82.97
d1e65632e94660b64cafd4779bc1f692,Localization Stability,TF,Jump Angular,0,84
d1e65632e94660b64cafd4779bc1f692,Localization Stability,TF,Jump Linear,0,84
d1e65632e94660b64cafd4779bc1f692,Input Validity,Lidar,Lidar Rate,10,83.07
d1e65632e94660b64cafd4779bc1f692,Input Validity,Odometry,Odometry Rate,50,83.07
d1e65632e94660b64cafd4779bc1f692,Input Validity,TF,TF Rate,10,83.07
d1e65632e94660b64cafd4779bc1f692,Input Validity,Lidar,Lidar Rate,10,83.17
d1e65632e94660b64cafd4779bc1f692,Input Validity,Odometry,Odometry Rate,50,83.17
d1e65632e94660b64cafd4779bc1f692,Input Validity,TF,TF Rate,10,83.17
d1e65632e94660b64cafd4779bc1f692,Localization Quality,AMCLPose,CovYawYaw,0.00406477,83.1
d1e65632e94660b64cafd4779bc1f692,Localization Quality,AMCLPose,CovYY,0.00582026,83.1
d1e65632e94660b64cafd4779bc1f692,Localization Quality,AMCLPose,CovXX,0.00445086,83.1
d1e65632e94660b64cafd4779bc1f692,Localization Quality,AMCLPose,MeanYaw,0.372237,83.1
d1e65632e94660b64cafd4779bc1f692,Localization Quality,AMCLPose,MeanY,-2.33329,83.1
d1e65632e94660b64cafd4779bc1f692,Localization Quality,AMCLPose,MeanX,-4.76795,83.1
d1e65632e94660b64cafd4779bc1f692,Localization Stability,TF,Jump Angular,0.00368913,84.1
d1e65632e94660b64cafd4779bc1f692,Localization Stability,TF,Jump Linear,0.018435,84.1
d1e65632e94660b64cafd4779bc1f692,Localization Stability,TF,Jump Angular,0,84.2
d1e65632e94660b64cafd4779bc1f692,Localization Stability,TF,Jump Linear,0,84.2
d1e65632e94660b64cafd4779bc1f692,Input Validity,Lidar,Lidar Rate,10,83.27
d1e65632e94660b64cafd4779bc1f692,Input Validity,Odometry,Odometry Rate,50,83.27
d1e65632e94660b64cafd4779bc1f692,Input Validity,TF,TF Rate,10,83.27
d1e65632e94660b64cafd4779bc1f692,Localization Stability,TF,Jump Angular,0,84.3
d1e65632e94660b64cafd4779bc1f692,Localization Stability,TF,Jump Linear,0,84.3
d1e65632e94660b64cafd4779bc1f692,Input Validity,Lidar,Lidar Rate,10,83.37
d1e65632e94660b64cafd4779bc1f692,Input Validity,Odometry,Odometry Rate,50,83.37
d1e65632e94660b64cafd4779bc1f692,Input Validity,TF,TF Rate,10,83.37
d1e65632e94660b64cafd4779bc1f692,Input Validity,Lidar,Lidar Rate,10,83.47
d1e65632e94660b64cafd4779bc1f692,Input Validity,Odometry,Odometry Rate,50,83.47
d1e65632e94660b64cafd4779bc1f692,Input Validity,TF,TF Rate,10,83.47
d1e65632e94660b64cafd4779bc1f692,Localization Quality,AMCLPose,CovYawYaw,0.00492263,83.4
d1e65632e94660b64cafd4779bc1f692,Localization Quality,AMCLPose,CovYY,0.00532902,83.4
d1e65632e94660b64cafd4779bc1f692,Localization Quality,AMCLPose,CovXX,0.00497114,83.4
d1e65632e94660b64cafd4779bc1f692,Localization Quality,AMCLPose,MeanYaw,0.322253,83.4
d1e65632e94660b64cafd4779bc1f692,Localization Quality,AMCLPose,MeanY,-2.28007,83.4
d1e65632e94660b64cafd4779bc1f692,Localization Quality,AMCLPose,MeanX,-4.64124,83.4
d1e65632e94660b64cafd4779bc1f692,Localization Stability,TF,Jump Angular,0.00315365,84.4
d1e65632e94660b64cafd4779bc1f692,Localization Stability,TF,Jump Linear,0.0232015,84.4
d1e65632e94660b64cafd4779bc1f692,Localization Stability,TF,Jump Angular,0,84.5
d1e65632e94660b64cafd4779bc1f692,Localization Stability,TF,Jump Linear,0,84.5
d1e65632e94660b64cafd4779bc1f692,Input Validity,Lidar,Lidar Rate,10,83.57
d1e65632e94660b64cafd4779bc1f692,Input Validity,Odometry,Odometry Rate,50,83.57
d1e65632e94660b64cafd4779bc1f692,Input Validity,TF,TF Rate,10,83.57
d1e65632e94660b64cafd4779bc1f692,Input Validity,Lidar,Lidar Rate,10,83.67
d1e65632e94660b64cafd4779bc1f692,Input Validity,Odometry,Odometry Rate,50,83.67
d1e65632e94660b64cafd4779bc1f692,Input Validity,TF,TF Rate,10,83.67
d1e65632e94660b64cafd4779bc1f692,Localization Stability,TF,Jump Angular,0,84.6
d1e65632e94660b64cafd4779bc1f692,Localization Stability,TF,Jump Linear,0,84.6
d1e65632e94660b64cafd4779bc1f692,Input Validity,Lidar,Lidar Rate,10,83.77
d1e65632e94660b64cafd4779bc1f692,Input Validity,Odometry,Odometry Rate,50,83.77
d1e65632e94660b64cafd4779bc1f692,Input Validity,TF,TF Rate,10,83.77
d1e65632e94660b64cafd4779bc1f692,Localization Quality,AMCLPose,CovYawYaw,0.00508415,83.7
d1e65632e94660b64cafd4779bc1f692,Localization Quality,AMCLPose,CovYY,0.0048531,83.7
d1e65632e94660b64cafd4779bc1f692,Localization Quality,AMCLPose,CovXX,0.00531411,83.7
d1e65632e94660b64cafd4779bc1f692,Localization Quality,AMCLPose,MeanYaw,0.283271,83.7
d1e65632e94660b64cafd4779bc1f692,Localization Quality,AMCLPose,MeanY,-2.23727,83.7
d1e65632e94660b64cafd4779bc1f692,Localization Quality,AMCLPose,MeanX,-4.51113,83.7
d1e65632e94660b64cafd4779bc1f692,Localization Stability,TF,Jump Angular,0.00374926,84.7
d1e65632e94660b64cafd4779bc1f692,Localization Stability,TF,Jump Linear,0.0208976,84.7
d1e65632e94660b64cafd4779bc1f692,Localization Stability,TF,Jump Angular,0,84.8
d1e65632e94660b64cafd4779bc1f692,Localization Stability,TF,Jump Linear,0,84.8
d1e65632e94660b64cafd4779bc1f692,Input Validity,Lidar,Lidar Rate,10,83.87
d1e65632e94660b64cafd4779bc1f692,Input Validity,Odometry,Odometry Rate,50,83.87
d1e65632e94660b64cafd4779bc1f692,Input Validity,TF,TF Rate,10,83.87
d1e65632e94660b64cafd4779bc1f692,Localization Stability,TF,Jump Angular,0,84.9
d1e65632e94660b64cafd4779bc1f692,Localization Stability,TF,Jump Linear,0,84.9
d1e65632e94660b64cafd4779bc1f692,Input Validity,Lidar,Lidar Rate,10,83.97
d1e65632e94660b64cafd4779bc1f692,Input Validity,Odometry,Odometry Rate,50,83.97
d1e65632e94660b64cafd4779bc1f692,Input Validity,TF,TF Rate,10,83.97
d1e65632e94660b64cafd4779bc1f692,Input Validity,Lidar,Lidar Rate,10,84.07
d1e65632e94660b64cafd4779bc1f692,Input Validity,Odometry,Odometry Rate,50,84.07
d1e65632e94660b64cafd4779bc1f692,Input Validity,TF,TF Rate,10,84.07
d1e65632e94660b64cafd4779bc1f692,Localization Quality,AMCLPose,CovYawYaw,0.00564845,84
d1e65632e94660b64cafd4779bc1f692,Localization Quality,AMCLPose,CovYY,0.0045891,84
d1e65632e94660b64cafd4779bc1f692,Localization Quality,AMCLPose,CovXX,0.0059389,84
d1e65632e94660b64cafd4779bc1f692,Localization Quality,AMCLPose,MeanYaw,0.26093,84
d1e65632e94660b64cafd4779bc1f692,Localization Quality,AMCLPose,MeanY,-2.19985,84
d1e65632e94660b64cafd4779bc1f692,Localization Quality,AMCLPose,MeanX,-4.38256,84
d1e65632e94660b64cafd4779bc1f692,Localization Stability,TF,Jump Angular,0.00277895,85
d1e65632e94660b64cafd4779bc1f692,Localization Stability,TF,Jump Linear,0.0156031,85
d1e65632e94660b64cafd4779bc1f692,Localization Stability,TF,Jump Angular,0,85.1
d1e65632e94660b64cafd4779bc1f692,Localization Stability,TF,Jump Linear,0,85.1
d1e65632e94660b64cafd4779bc1f692,Input Validity,Lidar,Lidar Rate,10,84.17
d1e65632e94660b64cafd4779bc1f692,Input Validity,Odometry,Odometry Rate,50,84.17
d1e65632e94660b64cafd4779bc1f692,Input Validity,TF,TF Rate,10,84.17
d1e65632e94660b64cafd4779bc1f692,Localization Stability,TF,Jump Angular,0,85.2
d1e65632e94660b64cafd4779bc1f692,Localization Stability,TF,Jump Linear,0,85.2
d1e65632e94660b64cafd4779bc1f692,Input Validity,Lidar,Lidar Rate,10,84.27
d1e65632e94660b64cafd4779bc1f692,Input Validity,Odometry,Odometry Rate,50,84.27
d1e65632e94660b64cafd4779bc1f692,Input Validity,TF,TF Rate,10,84.27
d1e65632e94660b64cafd4779bc1f692,Input Validity,Lidar,Lidar Rate,10,84.37
d1e65632e94660b64cafd4779bc1f692,Input Validity,Odometry,Odometry Rate,50,84.37
d1e65632e94660b64cafd4779bc1f692,Input Validity,TF,TF Rate,10,84.37
d1e65632e94660b64cafd4779bc1f692,Localization Quality,AMCLPose,CovYawYaw,0.00570983,84.3
d1e65632e94660b64cafd4779bc1f692,Localization Quality,AMCLPose,CovYY,0.00442145,84.3
d1e65632e94660b64cafd4779bc1f692,Localization Quality,AMCLPose,CovXX,0.00630798,84.3
d1e65632e94660b64cafd4779bc1f692,Localization Quality,AMCLPose,MeanYaw,0.259462,84.3
d1e65632e94660b64cafd4779bc1f692,Localization Quality,AMCLPose,MeanY,-2.16488,84.3
d1e65632e94660b64cafd4779bc1f692,Localization Quality,AMCLPose,MeanX,-4.2535,84.3
d1e65632e94660b64cafd4779bc1f692,Localization Stability,TF,Jump Angular,0.00174142,85.3
d1e65632e94660b64cafd4779bc1f692,Localization Stability,TF,Jump Linear,0.00953326,85.3
d1e65632e94660b64cafd4779bc1f692,Localization Stability,TF,Jump Angular,0,85.4
d1e65632e94660b64cafd4779bc1f692,Localization Stability,TF,Jump Linear,0,85.4
d1e65632e94660b64cafd4779bc1f692,Input Validity,Lidar,Lidar Rate,10,84.47
d1e65632e94660b64cafd4779bc1f692,Input Validity,Odometry,Odometry Rate,50,84.47
d1e65632e94660b64cafd4779bc1f692,Input Validity,TF,TF Rate,10,84.47
d1e65632e94660b64cafd4779bc1f692,Localization Stability,TF,Jump Angular,0,85.5
d1e65632e94660b64cafd4779bc1f692,Localization Stability,TF,Jump Linear,0,85.5
d1e65632e94660b64cafd4779bc1f692,Input Validity,Lidar,Lidar Rate,10,84.57
d1e65632e94660b64cafd4779bc1f692,Input Validity,Odometry,Odometry Rate,50,84.57
d1e65632e94660b64cafd4779bc1f692,Input Validity,TF,TF Rate,10,84.57
d1e65632e94660b64cafd4779bc1f692,Input Validity,Lidar,Lidar Rate,10,84.66
d1e65632e94660b64cafd4779bc1f692,Input Validity,Odometry,Odometry Rate,50,84.66
d1e65632e94660b64cafd4779bc1f692,Input Validity,TF,TF Rate,10,84.66
d1e65632e94660b64cafd4779bc1f692,Localization Quality,AMCLPose,CovYawYaw,0.00541321,84.6
d1e65632e94660b64cafd4779bc1f692,Localization Quality,AMCLPose,CovYY,0.00450229,84.6
d1e65632e94660b64cafd4779bc1f692,Localization Quality,AMCLPose,CovXX,0.00624636,84.6
d1e65632e94660b64cafd4779bc1f692,Localization Quality,AMCLPose,MeanYaw,0.271831,84.6
d1e65632e94660b64cafd4779bc1f692,Localization Quality,AMCLPose,MeanY,-2.13113,84.6
d1e65632e94660b64cafd4779bc1f692,Localization Quality,AMCLPose,MeanX,-4.12227,84.6
d1e65632e94660b64cafd4779bc1f692,Localization Stability,TF,Jump Angular,-0.0041709,85.6
d1e65632e94660b64cafd4779bc1f692,Localization Stability,TF,Jump Linear,0.0212177,85.6
d1e65632e94660b64cafd4779bc1f692,Input Validity,Lidar,Lidar Rate,10,84.76
d1e65632e94660b64cafd4779bc1f692,Input Validity,Odometry,Odometry Rate,50,84.76
d1e65632e94660b64cafd4779bc1f692,Input Validity,TF,TF Rate,10,84.76
d1e65632e94660b64cafd4779bc1f692,Localization Stability,TF,Jump Angular,0,85.7
d1e65632e94660b64cafd4779bc1f692,Localization Stability,TF,Jump Linear,0,85.7
d1e65632e94660b64cafd4779bc1f692,Localization Stability,TF,Jump Angular,0,85.8
d1e65632e94660b64cafd4779bc1f692,Localization Stability,TF,Jump Linear,0,85.8
d1e65632e94660b64cafd4779bc1f692,Input Validity,Lidar,Lidar Rate,10,84.86
d1e65632e94660b64cafd4779bc1f692,Input Validity,Odometry,Odometry Rate,50,84.86
d1e65632e94660b64cafd4779bc1f692,Input Validity,TF,TF Rate,10,84.86
d1e65632e94660b64cafd4779bc1f692,Input Validity,Lidar,Lidar Rate,10,84.96
d1e65632e94660b64cafd4779bc1f692,Input Validity,Odometry,Odometry Rate,50,84.96
d1e65632e94660b64cafd4779bc1f692,Input Validity,TF,TF Rate,10,84.96
d1e65632e94660b64cafd4779bc1f692,Localization Quality,AMCLPose,CovYawYaw,0.00522769,84.9
d1e65632e94660b64cafd4779bc1f692,Localization Quality,AMCLPose,CovYY,0.00435049,84.9
d1e65632e94660b64cafd4779bc1f692,Localization Quality,AMCLPose,CovXX,0.00650477,84.9
d1e65632e94660b64cafd4779bc1f692,Localization Quality,AMCLPose,MeanYaw,0.305847,84.9
d1e65632e94660b64cafd4779bc1f692,Localization Quality,AMCLPose,MeanY,-2.09338,84.9
d1e65632e94660b64cafd4779bc1f692,Localization Quality,AMCLPose,MeanX,-3.99261,84.9
d1e65632e94660b64cafd4779bc1f692,Localization Stability,TF,Jump Angular,0.000729226,85.9
d1e65632e94660b64cafd4779bc1f692,Localization Stability,TF,Jump Linear,0.00272604,85.9
d1e65632e94660b64cafd4779bc1f692,Input Validity,Lidar,Lidar Rate,10,85.06
d1e65632e94660b64cafd4779bc1f692,Input Validity,Odometry,Odometry Rate,50,85.06
d1e65632e94660b64cafd4779bc1f692,Input Validity,TF,TF Rate,10,85.06
d1e65632e94660b64cafd4779bc1f692,Localization Stability,TF,Jump Angular,0,86
d1e65632e94660b64cafd4779bc1f692,Localization Stability,TF,Jump Linear,0,86
d1e65632e94660b64cafd4779bc1f692,Input Validity,Lidar,Lidar Rate,10,85.16
d1e65632e94660b64cafd4779bc1f692,Input Validity,Odometry,Odometry Rate,50,85.16
d1e65632e94660b64cafd4779bc1f692,Input Validity,TF,TF Rate,10,85.16
d1e65632e94660b64cafd4779bc1f692,Localization Stability,TF,Jump Angular,0,86.1
d1e65632e94660b64cafd4779bc1f692,Localization Stability,TF,Jump Linear,0,86.1
d1e65632e94660b64cafd4779bc1f692,Input Validity,Lidar,Lidar Rate,10,85.26
d1e65632e94660b64cafd4779bc1f692,Input Validity,Odometry,Odometry Rate,50,85.26
d1e65632e94660b64cafd4779bc1f692,Input Validity,TF,TF Rate,10,85.26
d1e65632e94660b64cafd4779bc1f692,Localization Quality,AMCLPose,CovYawYaw,0.00558979,85.2
d1e65632e94660b64cafd4779bc1f692,Localization Quality,AMCLPose,CovYY,0.00447807,85.2
d1e65632e94660b64cafd4779bc1f692,Localization Quality,AMCLPose,CovXX,0.00653017,85.2
d1e65632e94660b64cafd4779bc1f692,Localization Quality,AMCLPose,MeanYaw,0.354064,85.2
d1e65632e94660b64cafd4779bc1f692,Localization Quality,AMCLPose,MeanY,-2.0497,85.2
d1e65632e94660b64cafd4779bc1f692,Localization Quality,AMCLPose,MeanX,-3.86586,85.2
d1e65632e94660b64cafd4779bc1f692,Localization Stability,TF,Jump Angular,0.00328352,86.2
d1e65632e94660b64cafd4779bc1f692,Localization Stability,TF,Jump Linear,0.0149811,86.2
d1e65632e94660b64cafd4779bc1f692,Localization Stability,TF,Jump Angular,0,86.3
d1e65632e94660b64cafd4779bc1f692,Localization Stability,TF,Jump Linear,0,86.3
d1e65632e94660b64cafd4779bc1f692,Input Validity,Lidar,Lidar Rate,10,85.36
d1e65632e94660b64cafd4779bc1f692,Input Validity,Odometry,Odometry Rate,50,85.36
d1e65632e94660b64cafd4779bc1f692,Input Validity,TF,TF Rate,10,85.36
d1e65632e94660b64cafd4779bc1f692,Input Validity,Lidar,Lidar Rate,10,85.46
d1e65632e94660b64cafd4779bc1f692,Input Validity,Odometry,Odometry Rate,50,85.46
d1e65632e94660b64cafd4779bc1f692,Input Validity,TF,TF Rate,10,85.46
d1e65632e94660b64cafd4779bc1f692,Localization Stability,TF,Jump Angular,0,86.4
d1e65632e94660b64cafd4779bc1f692,Localization Stability,TF,Jump Linear,0,86.4
d1e65632e94660b64cafd4779bc1f692,Input Validity,Lidar,Lidar Rate,10,85.55
d1e65632e94660b64cafd4779bc1f692,Input Validity,Odometry,Odometry Rate,50,85.55
d1e65632e94660b64cafd4779bc1f692,Input Validity,TF,TF Rate,10,85.55
d1e65632e94660b64cafd4779bc1f692,Localization Quality,AMCLPose,CovYawYaw,0.00387218,85.5
d1e65632e94660b64cafd4779bc1f692,Localization Quality,AMCLPose,CovYY,0.00480507,85.5
d1e65632e94660b64cafd4779bc1f692,Localization Quality,AMCLPose,CovXX,0.00596335,85.5
d1e65632e94660b64cafd4779bc1f692,Localization Quality,AMCLPose,MeanYaw,0.399271,85.5
d1e65632e94660b64cafd4779bc1f692,Localization Quality,AMCLPose,MeanY,-2.00147,85.5
d1e65632e94660b64cafd4779bc1f692,Localization Quality,AMCLPose,MeanX,-3.74018,85.5
d1e65632e94660b64cafd4779bc1f692,Localization Stability,TF,Jump Angular,-0.00651718,86.5
d1e65632e94660b64cafd4779bc1f692,Localization Stability,TF,Jump Linear,0.0290674,86.5
d1e65632e94660b64cafd4779bc1f692,Input Validity,Lidar,Lidar Rate,10,85.65
d1e65632e94660b64cafd4779bc1f692,Input Validity,Odometry,Odometry Rate,50,85.65
d1e65632e94660b64cafd4779bc1f692,Input Validity,TF,TF Rate,10,85.65
d1e65632e94660b64cafd4779bc1f692,Localization Stability,TF,Jump Angular,0,86.6
d1e65632e94660b64cafd4779bc1f692,Localization Stability,TF,Jump Linear,0,86.6
d1e65632e94660b64cafd4779bc1f692,Input Validity,Lidar,Lidar Rate,10,85.75
d1e65632e94660b64cafd4779bc1f692,Input Validity,Odometry,Odometry Rate,50,85.75
d1e65632e94660b64cafd4779bc1f692,Input Validity,TF,TF Rate,10,85.75
d1e65632e94660b64cafd4779bc1f692,Localization Stability,TF,Jump Angular,0,86.7
d1e65632e94660b64cafd4779bc1f692,Localization Stability,TF,Jump Linear,0,86.7
d1e65632e94660b64cafd4779bc1f692,Input Validity,Lidar,Lidar Rate,10,85.85
d1e65632e94660b64cafd4779bc1f692,Input Validity,Odometry,Odometry Rate,50,85.85
d1e65632e94660b64cafd4779bc1f692,Input Validity,TF,TF Rate,10,85.85
d1e65632e94660b64cafd4779bc1f692,Localization Quality,AMCLPose,CovYawYaw,0.00320546,85.8
d1e65632e94660b64cafd4779bc1f692,Localization Quality,AMCLPose,CovYY,0.00479704,85.8
d1e65632e94660b64cafd4779bc1f692,Localization Quality,AMCLPose,CovXX,0.00563614,85.8
d1e65632e94660b64cafd4779bc1f692,Localization Quality,AMCLPose,MeanYaw,0.452703,85.8
d1e65632e94660b64cafd4779bc1f692,Localization Quality,AMCLPose,MeanY,-1.947,85.8
d1e65632e94660b64cafd4779bc1f692,Localization Quality,AMCLPose,MeanX,-3.61976,85.8
d1e65632e94660b64cafd4779bc1f692,Localization Stability,TF,Jump Angular,-0.00368875,86.8
d1e65632e94660b64cafd4779bc1f692,Localization Stability,TF,Jump Linear,0.0153281,86.8
d1e65632e94660b64cafd4779bc1f692,Input Validity,Lidar,Lidar Rate,10,85.94
d1e65632e94660b64cafd4779bc1f692,Input Validity,Odometry,Odometry Rate,50,85.94
d1e65632e94660b64cafd4779bc1f692,Input Validity,TF,TF Rate,10,85.94
d1e65632e94660b64cafd4779bc1f692,Localization Stability,TF,Jump Angular,0,86.9
d1e65632e94660b64cafd4779bc1f692,Localization Stability,TF,Jump Linear,0,86.9
d1e65632e94660b64cafd4779bc1f692,Input Validity,Lidar,Lidar Rate,10,86.04
d1e65632e94660b64cafd4779bc1f692,Input Validity,Odometry,Odometry Rate,50,86.04
d1e65632e94660b64cafd4779bc1f692,Input Validity,TF,TF Rate,10,86.04
d1e65632e94660b64cafd4779bc1f692,Localization Stability,TF,Jump Angular,0,87
d1e65632e94660b64cafd4779bc1f692,Localization Stability,TF,Jump Linear,0,87
d1e65632e94660b64cafd4779bc1f692,Input Validity,Lidar,Lidar Rate,10,86.13
d1e65632e94660b64cafd4779bc1f692,Input Validity,Odometry,Odometry Rate,50,86.13
d1e65632e94660b64cafd4779bc1f692,Input Validity,TF,TF Rate,10,86.13
d1e65632e94660b64cafd4779bc1f692,Localization Quality,AMCLPose,CovYawYaw,0.00297188,86.1
d1e65632e94660b64cafd4779bc1f692,Localization Quality,AMCLPose,CovYY,0.00475455,86.1
d1e65632e94660b64cafd4779bc1f692,Localization Quality,AMCLPose,CovXX,0.00510032,86.1
d1e65632e94660b64cafd4779bc1f692,Localization Quality,AMCLPose,MeanYaw,0.510733,86.1
d1e65632e94660b64cafd4779bc1f692,Localization Quality,AMCLPose,MeanY,-1.88762,86.1
d1e65632e94660b64cafd4779bc1f692,Localization Quality,AMCLPose,MeanX,-3.50214,86.1
d1e65632e94660b64cafd4779bc1f692,Localization Stability,TF,Jump Angular,0.000724069,87.1
d1e65632e94660b64cafd4779bc1f692,Localization Stability,TF,Jump Linear,0.00351295,87.1
d1e65632e94660b64cafd4779bc1f692,Input Validity,Lidar,Lidar Rate,10,86.23
d1e65632e94660b64cafd4779bc1f692,Input Validity,Odometry,Odometry Rate,50,86.23
d1e65632e94660b64cafd4779bc1f692,Input Validity,TF,TF Rate,10,86.23
d1e65632e94660b64cafd4779bc1f692,Localization Stability,TF,Jump Angular,0,87.2
d1e65632e94660b64cafd4779bc1f692,Localization Stability,TF,Jump Linear,0,87.2
d1e65632e94660b64cafd4779bc1f692,Input Validity,Lidar,Lidar Rate,10,86.33
d1e65632e94660b64cafd4779bc1f692,Input Validity,Odometry,Odometry Rate,50,86.33
d1e65632e94660b64cafd4779bc1f692,Input Validity,TF,TF Rate,10,86.33
d1e65632e94660b64cafd4779bc1f692,Localization Stability,TF,Jump Angular,0,87.3
d1e65632e94660b64cafd4779bc1f692,Localization Stability,TF,Jump Linear,0,87.3
d1e65632e94660b64cafd4779bc1f692,Input Validity,Lidar,Lidar Rate,10,86.43
d1e65632e94660b64cafd4779bc1f692,Input Validity,Odometry,Odometry Rate,50,86.43
d1e65632e94660b64cafd4779bc1f692,Input Validity,TF,TF Rate,10,86.43
d1e65632e94660b64cafd4779bc1f692,Localization Quality,AMCLPose,CovYawYaw,0.0028002,86.4
d1e65632e94660b64cafd4779bc1f692,Localization Quality,AMCLPose,CovYY,0.00462646,86.4
d1e65632e94660b64cafd4779bc1f692,Localization Quality,AMCLPose,CovXX,0.00512728,86.4
d1e65632e94660b64cafd4779bc1f692,Localization Quality,AMCLPose,MeanYaw,0.562489,86.4
d1e65632e94660b64cafd4779bc1f692,Localization Quality,AMCLPose,MeanY,-1.81971,86.4
d1e65632e94660b64cafd4779bc1f692,Localization Quality,AMCLPose,MeanX,-3.38717,86.4
d1e65632e94660b64cafd4779bc1f692,Localization Stability,TF,Jump Angular,-0.000885649,87.4
d1e65632e94660b64cafd4779bc1f692,Localization Stability,TF,Jump Linear,0.00417944,87.4
d1e65632e94660b64cafd4779bc1f692,Input Validity,Lidar,Lidar Rate,10,86.53
d1e65632e94660b64cafd4779bc1f692,Input Validity,Odometry,Odometry Rate,50,86.53
d1e65632e94660b64cafd4779bc1f692,Input Validity,TF,TF Rate,10,86.53
d1e65632e94660b64cafd4779bc1f692,Localization Stability,TF,Jump Angular,0,87.5
d1e65632e94660b64cafd4779bc1f692,Localization Stability,TF,Jump Linear,0,87.5
d1e65632e94660b64cafd4779bc1f692,Input Validity,Lidar,Lidar Rate,10,86.63
d1e65632e94660b64cafd4779bc1f692,Input Validity,Odometry,Odometry Rate,50,86.63
d1e65632e94660b64cafd4779bc1f692,Input Validity,TF,TF Rate,10,86.63
d1e65632e94660b64cafd4779bc1f692,Localization Stability,TF,Jump Angular,0,87.6
d1e65632e94660b64cafd4779bc1f692,Localization Stability,TF,Jump Linear,0,87.6
d1e65632e94660b64cafd4779bc1f692,Input Validity,Lidar,Lidar Rate,10,86.73
d1e65632e94660b64cafd4779bc1f692,Input Validity,Odometry,Odometry Rate,50,86.73
d1e65632e94660b64cafd4779bc1f692,Input Validity,TF,TF Rate,10,86.73
d1e65632e94660b64cafd4779bc1f692,Localization Quality,AMCLPose,CovYawYaw,0.00467962,86.7
d1e65632e94660b64cafd4779bc1f692,Localization Quality,AMCLPose,CovYY,0.00549872,86.7
d1e65632e94660b64cafd4779bc1f692,Localization Quality,AMCLPose,CovXX,0.00592618,86.7
d1e65632e94660b64cafd4779bc1f692,Localization Quality,AMCLPose,MeanYaw,0.610376,86.7
d1e65632e94660b64cafd4779bc1f692,Localization Quality,AMCLPose,MeanY,-1.7455,86.7
d1e65632e94660b64cafd4779bc1f692,Localization Quality,AMCLPose,MeanX,-3.27415,86.7
d1e65632e94660b64cafd4779bc1f692,Localization Stability,TF,Jump Angular,-0.00210433,87.7
d1e65632e94660b64cafd4779bc1f692,Localization Stability,TF,Jump Linear,0.0085799,87.7
d1e65632e94660b64cafd4779bc1f692,Input Validity,Lidar,Lidar Rate,10,86.83
d1e65632e94660b64cafd4779bc1f692,Input Validity,Odometry,Odometry Rate,50,86.83
d1e65632e94660b64cafd4779bc1f692,Input Validity,TF,TF Rate,10,86.83
d1e65632e94660b64cafd4779bc1f692,Localization Stability,TF,Jump Angular,0,87.8
d1e65632e94660b64cafd4779bc1f692,Localization Stability,TF,Jump Linear,0,87.8
d1e65632e94660b64cafd4779bc1f692,Input Validity,Lidar,Lidar Rate,10,86.93
d1e65632e94660b64cafd4779bc1f692,Input Validity,Odometry,Odometry Rate,50,86.93
d1e65632e94660b64cafd4779bc1f692,Input Validity,TF,TF Rate,10,86.93
d1e65632e94660b64cafd4779bc1f692,Localization Stability,TF,Jump Angular,0,87.9
d1e65632e94660b64cafd4779bc1f692,Localization Stability,TF,Jump Linear,0,87.9
d1e65632e94660b64cafd4779bc1f692,Input Validity,Lidar,Lidar Rate,10,87.03
d1e65632e94660b64cafd4779bc1f692,Input Validity,Odometry,Odometry Rate,50,87.03
d1e65632e94660b64cafd4779bc1f692,Input Validity,TF,TF Rate,10,87.03
d1e65632e94660b64cafd4779bc1f692,Localization Quality,AMCLPose,CovYawYaw,0.0069771,87
d1e65632e94660b64cafd4779bc1f692,Localization Quality,AMCLPose,CovYY,0.00666408,87
d1e65632e94660b64cafd4779bc1f692,Localization Quality,AMCLPose,CovXX,0.0071032,87
d1e65632e94660b64cafd4779bc1f692,Localization Quality,AMCLPose,MeanYaw,0.656592,87
d1e65632e94660b64cafd4779bc1f692,Localization Quality,AMCLPose,MeanY,-1.66827,87
d1e65632e94660b64cafd4779bc1f692,Localization Quality,AMCLPose,MeanX,-3.16522,87
d1e65632e94660b64cafd4779bc1f692,Localization Stability,TF,Jump Angular,0.000301405,88
d1e65632e94660b64cafd4779bc1f692,Localization Stability,TF,Jump Linear,0.00183284,88
d1e65632e94660b64cafd4779bc1f692,Input Validity,Lidar,Lidar Rate,10,87.13
d1e65632e94660b64cafd4779bc1f692,Input Validity,Odometry,Odometry Rate,50,87.13
d1e65632e94660b64cafd4779bc1f692,Input Validity,TF,TF Rate,10,87.13
d1e65632e94660b64cafd4779bc1f692,Localization Stability,TF,Jump Angular,0,88.1
d1e65632e94660b64cafd4779bc1f692,Localization Stability,TF,Jump Linear,0,88.1
d1e65632e94660b64cafd4779bc1f692,Input Validity,Lidar,Lidar Rate,10,87.23
d1e65632e94660b64cafd4779bc1f692,Input Validity,Odometry,Odometry Rate,50,87.23
d1e65632e94660b64cafd4779bc1f692,Input Validity,TF,TF Rate,10,87.23
d1e65632e94660b64cafd4779bc1f692,Localization Stability,TF,Jump Angular,0,88.2
d1e65632e94660b64cafd4779bc1f692,Localization Stability,TF,Jump Linear,0,88.2
d1e65632e94660b64cafd4779bc1f692,Input Validity,Lidar,Lidar Rate,10,87.33
d1e65632e94660b64cafd4779bc1f692,Input Validity,Odometry,Odometry Rate,50,87.33
d1e65632e94660b64cafd4779bc1f692,Input Validity,TF,TF Rate,10,87.33
d1e65632e94660b64cafd4779bc1f692,Localization Quality,AMCLPose,CovYawYaw,0.00880194,87.3
d1e65632e94660b64cafd4779bc1f692,Localization Quality,AMCLPose,CovYY,0.00808619,87.3
d1e65632e94660b64cafd4779bc1f692,Localization Quality,AMCLPose,CovXX,0.00790266,87.3
d1e65632e94660b64cafd4779bc1f692,Localization Quality,AMCLPose,MeanYaw,0.70109,87.3
d1e65632e94660b64cafd4779bc1f692,Localization Quality,AMCLPose,MeanY,-1.5816,87.3
d1e65632e94660b64cafd4779bc1f692,Localization Quality,AMCLPose,MeanX,-3.06252,87.3
d1e65632e94660b64cafd4779bc1f692,Localization Stability,TF,Jump Angular,0.00529472,88.3
d1e65632e94660b64cafd4779bc1f692,Localization Stability,TF,Jump Linear,0.0211053,88.3
d1e65632e94660b64cafd4779bc1f692,Input Validity,Lidar,Lidar Rate,10,87.43
d1e65632e94660b64cafd4779bc1f692,Input Validity,Odometry,Odometry Rate,50,87.43
d1e65632e94660b64cafd4779bc1f692,Input Validity,TF,TF Rate,10,87.43
d1e65632e94660b64cafd4779bc1f692,Localization Stability,TF,Jump Angular,0,88.4
d1e65632e94660b64cafd4779bc1f692,Localization Stability,TF,Jump Linear,0,88.4
d1e65632e94660b64cafd4779bc1f692,Input Validity,Lidar,Lidar Rate,10,87.52
d1e65632e94660b64cafd4779bc1f692,Input Validity,Odometry,Odometry Rate,50,87.52
d1e65632e94660b64cafd4779bc1f692,Input Validity,TF,TF Rate,10,87.52
d1e65632e94660b64cafd4779bc1f692,Input Validity,Lidar,Lidar Rate,10,87.6
d1e65632e94660b64cafd4779bc1f692,Input Validity,Odometry,Odometry Rate,50,87.6
d1e65632e94660b64cafd4779bc1f692,Input Validity,TF,TF Rate,10,87.6
d1e65632e94660b64cafd4779bc1f692,Localization Stability,TF,Jump Angular,0,88.5
d1e65632e94660b64cafd4779bc1f692,Localization Stability,TF,Jump Linear,0,88.5
d1e65632e94660b64cafd4779bc1f692,Input Validity,Lidar,Lidar Rate,10,87.7
d1e65632e94660b64cafd4779bc1f692,Input Validity,Odometry,Odometry Rate,50,87.7
d1e65632e94660b64cafd4779bc1f692,Input Validity,TF,TF Rate,10,87.7
d1e65632e94660b64cafd4779bc1f692,Localization Quality,AMCLPose,CovYawYaw,0.0111481,87.6
d1e65632e94660b64cafd4779bc1f692,Localization Quality,AMCLPose,CovYY,0.0099783,87.6
d1e65632e94660b64cafd4779bc1f692,Localization Quality,AMCLPose,CovXX,0.00925205,87.6
d1e65632e94660b64cafd4779bc1f692,Localization Quality,AMCLPose,MeanYaw,0.735462,87.6
d1e65632e94660b64cafd4779bc1f692,Localization Quality,AMCLPose,MeanY,-1.48979,87.6
d1e65632e94660b64cafd4779bc1f692,Localization Quality,AMCLPose,MeanX,-2.96233,87.6
d1e65632e94660b64cafd4779bc1f692,Localization Stability,TF,Jump Angular,0.00189923,88.6
d1e65632e94660b64cafd4779bc1f692,Localization Stability,TF,Jump Linear,0.00955832,88.6
d1e65632e94660b64cafd4779bc1f692,Input Validity,Lidar,Lidar Rate,10,87.78
d1e65632e94660b64cafd4779bc1f692,Input Validity,Odometry,Odometry Rate,50,87.78
d1e65632e94660b64cafd4779bc1f692,Input Validity,TF,TF Rate,10,87.78
d1e65632e94660b64cafd4779bc1f692,Localization Stability,TF,Jump Angular,0,88.7
d1e65632e94660b64cafd4779bc1f692,Localization Stability,TF,Jump Linear,0,88.7
d1e65632e94660b64cafd4779bc1f692,Localization Stability,TF,Jump Angular,0,88.8
d1e65632e94660b64cafd4779bc1f692,Localization Stability,TF,Jump Linear,0,88.8
d1e65632e94660b64cafd4779bc1f692,Input Validity,Lidar,Lidar Rate,10,87.88
d1e65632e94660b64cafd4779bc1f692,Input Validity,Odometry,Odometry Rate,50,87.88
d1e65632e94660b64cafd4779bc1f692,Input Validity,TF,TF Rate,10,87.88
d1e65632e94660b64cafd4779bc1f692,Input Validity,Lidar,Lidar Rate,10,87.98
d1e65632e94660b64cafd4779bc1f692,Input Validity,Odometry,Odometry Rate,50,87.98
d1e65632e94660b64cafd4779bc1f692,Input Validity,TF,TF Rate,10,87.98
d1e65632e94660b64cafd4779bc1f692,Localization Quality,AMCLPose,CovYawYaw,0.013046,87.9
d1e65632e94660b64cafd4779bc1f692,Localization Quality,AMCLPose,CovYY,0.0110705,87.9
d1e65632e94660b64cafd4779bc1f692,Localization Quality,AMCLPose,CovXX,0.0102771,87.9
d1e65632e94660b64cafd4779bc1f692,Localization Quality,AMCLPose,MeanYaw,0.761431,87.9
d1e65632e94660b64cafd4779bc1f692,Localization Quality,AMCLPose,MeanY,-1.39775,87.9
d1e65632e94660b64cafd4779bc1f692,Localization Quality,AMCLPose,MeanX,-2.8627,87.9
d1e65632e94660b64cafd4779bc1f692,Localization Stability,TF,Jump Angular,-0.000888869,88.9
d1e65632e94660b64cafd4779bc1f692,Localization Stability,TF,Jump Linear,0.0031737,88.9
d1e65632e94660b64cafd4779bc1f692,Input Validity,Lidar,Lidar Rate,10,88.08
d1e65632e94660b64cafd4779bc1f692,Input Validity,Odometry,Odometry Rate,50,88.08
d1e65632e94660b64cafd4779bc1f692,Input Validity,TF,TF Rate,10,88.08
d1e65632e94660b64cafd4779bc1f692,Localization Stability,TF,Jump Angular,0,89
d1e65632e94660b64cafd4779bc1f692,Localization Stability,TF,Jump Linear,0,89
d1e65632e94660b64cafd4779bc1f692,Input Validity,Lidar,Lidar Rate,10,88.18
d1e65632e94660b64cafd4779bc1f692,Input Validity,Odometry,Odometry Rate,50,88.18
d1e65632e94660b64cafd4779bc1f692,Input Validity,TF,TF Rate,10,88.18
d1e65632e94660b64cafd4779bc1f692,Localization Stability,TF,Jump Angular,0,89.1
d1e65632e94660b64cafd4779bc1f692,Localization Stability,TF,Jump Linear,0,89.1
d1e65632e94660b64cafd4779bc1f692,Input Validity,Lidar,Lidar Rate,10,88.27
d1e65632e94660b64cafd4779bc1f692,Input Validity,Odometry,Odometry Rate,50,88.27
d1e65632e94660b64cafd4779bc1f692,Input Validity,TF,TF Rate,10,88.27
d1e65632e94660b64cafd4779bc1f692,Localization Quality,AMCLPose,CovYawYaw,0.0149759,88.2
d1e65632e94660b64cafd4779bc1f692,Localization Quality,AMCLPose,CovYY,0.0126026,88.2
d1e65632e94660b64cafd4779bc1f692,Localization Quality,AMCLPose,CovXX,0.0112259,88.2
d1e65632e94660b64cafd4779bc1f692,Localization Quality,AMCLPose,MeanYaw,0.782011,88.2
d1e65632e94660b64cafd4779bc1f692,Localization Quality,AMCLPose,MeanY,-1.3033,88.2
d1e65632e94660b64cafd4779bc1f692,Localization Quality,AMCLPose,MeanX,-2.76844,88.2
d1e65632e94660b64cafd4779bc1f692,Localization Stability,TF,Jump Angular,0.00492345,89.2
d1e65632e94660b64cafd4779bc1f692,Localization Stability,TF,Jump Linear,0.0163991,89.2
d1e65632e94660b64cafd4779bc1f692,Localization Stability,TF,Jump Angular,0,89.3
d1e65632e94660b64cafd4779bc1f692,Localization Stability,TF,Jump Linear,0,89.3
d1e65632e94660b64cafd4779bc1f692,Input Validity,Lidar,Lidar Rate,10,88.37
d1e65632e94660b64cafd4779bc1f692,Input Validity,Odometry,Odometry Rate,50,88.37
d1e65632e94660b64cafd4779bc1f692,Input Validity,TF,TF Rate,10,88.37
d1e65632e94660b64cafd4779bc1f692,Localization Stability,TF,Jump Angular,0,89.4
d1e65632e94660b64cafd4779bc1f692,Localization Stability,TF,Jump Linear,0,89.4
d1e65632e94660b64cafd4779bc1f692,Input Validity,Lidar,Lidar Rate,10,88.47
d1e65632e94660b64cafd4779bc1f692,Input Validity,Odometry,Odometry Rate,50,88.47
d1e65632e94660b64cafd4779bc1f692,Input Validity,TF,TF Rate,10,88.47
d1e65632e94660b64cafd4779bc1f692,Input Validity,Lidar,Lidar Rate,10,88.57
d1e65632e94660b64cafd4779bc1f692,Input Validity,Odometry,Odometry Rate,50,88.57
d1e65632e94660b64cafd4779bc1f692,Input Validity,TF,TF Rate,10,88.57
d1e65632e94660b64cafd4779bc1f692,Localization Quality,AMCLPose,CovYawYaw,0.0168347,88.5
d1e65632e94660b64cafd4779bc1f692,Localization Quality,AMCLPose,CovYY,0.0147205,88.5
d1e65632e94660b64cafd4779bc1f692,Localization Quality,AMCLPose,CovXX,0.0129723,88.5
d1e65632e94660b64cafd4779bc1f692,Localization Quality,AMCLPose,MeanYaw,0.788069,88.5
d1e65632e94660b64cafd4779bc1f692,Localization Quality,AMCLPose,MeanY,-1.20612,88.5
d1e65632e94660b64cafd4779bc1f692,Localization Quality,AMCLPose,MeanX,-2.67413,88.5
d1e65632e94660b64cafd4779bc1f692,Localization Stability,TF,Jump Angular,0.00423402,89.5
d1e65632e94660b64cafd4779bc1f692,Localization Stability,TF,Jump Linear,0.0144778,89.5
d1e65632e94660b64cafd4779bc1f692,Input Validity,Lidar,Lidar Rate,10,88.67
d1e65632e94660b64cafd4779bc1f692,Input Validity,Odometry,Odometry Rate,50,88.67
d1e65632e94660b64cafd4779bc1f692,Input Validity,TF,TF Rate,10,88.67
d1e65632e94660b64cafd4779bc1f692,Localization Stability,TF,Jump Angular,0,89.6
d1e65632e94660b64cafd4779bc1f692,Localization Stability,TF,Jump Linear,0,89.6
d1e65632e94660b64cafd4779bc1f692,Input Validity,Lidar,Lidar Rate,10,88.77
d1e65632e94660b64cafd4779bc1f692,Input Validity,Odometry,Odometry Rate,50,88.77
d1e65632e94660b64cafd4779bc1f692,Input Validity,TF,TF Rate,10,88.77
d1e65632e94660b64cafd4779bc1f692,Localization Stability,TF,Jump Angular,0,89.7
d1e65632e94660b64cafd4779bc1f692,Localization Stability,TF,Jump Linear,0,89.7
d1e65632e94660b64cafd4779bc1f692,Input Validity,Lidar,Lidar Rate,10,88.86
d1e65632e94660b64cafd4779bc1f692,Input Validity,Odometry,Odometry Rate,50,88.86
d1e65632e94660b64cafd4779bc1f692,Input Validity,TF,TF Rate,10,88.86
d1e65632e94660b64cafd4779bc1f692,Localization Quality,AMCLPose,CovYawYaw,0.0177972,88.8
d1e65632e94660b64cafd4779bc1f692,Localization Quality,AMCLPose,CovYY,0.0173317,88.8
d1e65632e94660b64cafd4779bc1f692,Localization Quality,AMCLPose,CovXX,0.01465,88.8
d1e65632e94660b64cafd4779bc1f692,Localization Quality,AMCLPose,MeanYaw,0.783593,88.8
d1e65632e94660b64cafd4779bc1f692,Localization Quality,AMCLPose,MeanY,-1.11143,88.8
d1e65632e94660b64cafd4779bc1f692,Localization Quality,AMCLPose,MeanX,-2.57921,88.8
d1e65632e94660b64cafd4779bc1f692,Localization Stability,TF,Jump Angular,-0.00364318,89.8
d1e65632e94660b64cafd4779bc1f692,Localization Stability,TF,Jump Linear,0.0107711,89.8
d1e65632e94660b64cafd4779bc1f692,Input Validity,Lidar,Lidar Rate,10,88.94
d1e65632e94660b64cafd4779bc1f692,Input Validity,Odometry,Odometry Rate,50,88.94
d1e65632e94660b64cafd4779bc1f692,Input Validity,TF,TF Rate,10,88.94
d1e65632e94660b64cafd4779bc1f692,Localization Stability,TF,Jump Angular,0,89.9
d1e65632e94660b64cafd4779bc1f692,Localization Stability,TF,Jump Linear,0,89.9
d1e65632e94660b64cafd4779bc1f692,Input Validity,Lidar,Lidar Rate,10,89.04
d1e65632e94660b64cafd4779bc1f692,Input Validity,Odometry,Odometry Rate,50,89.04
d1e65632e94660b64cafd4779bc1f692,Input Validity,TF,TF Rate,10,89.04
d1e65632e94660b64cafd4779bc1f692,Localization Stability,TF,Jump Angular,0,90
d1e65632e94660b64cafd4779bc1f692,Localization Stability,TF,Jump Linear,0,90
d1e65632e94660b64cafd4779bc1f692,Input Validity,Lidar,Lidar Rate,10,89.13
d1e65632e94660b64cafd4779bc1f692,Input Validity,Odometry,Odometry Rate,50,89.13
d1e65632e94660b64cafd4779bc1f692,Input Validity,TF,TF Rate,10,89.13
d1e65632e94660b64cafd4779bc1f692,Localization Quality,AMCLPose,CovYawYaw,0.0198038,89.1
d1e65632e94660b64cafd4779bc1f692,Localization Quality,AMCLPose,CovYY,0.0201668,89.1
d1e65632e94660b64cafd4779bc1f692,Localization Quality,AMCLPose,CovXX,0.0175705,89.1
d1e65632e94660b64cafd4779bc1f692,Localization Quality,AMCLPose,MeanYaw,0.7833,89.1
d1e65632e94660b64cafd4779bc1f692,Localization Quality,AMCLPose,MeanY,-1.01665,89.1
d1e65632e94660b64cafd4779bc1f692,Localization Quality,AMCLPose,MeanX,-2.48616,89.1
d1e65632e94660b64cafd4779bc1f692,Localization Stability,TF,Jump Angular,7.64777e-05,90.1
d1e65632e94660b64cafd4779bc1f692,Localization Stability,TF,Jump Linear,0.00271768,90.1
d1e65632e94660b64cafd4779bc1f692,Input Validity,Lidar,Lidar Rate,10,89.23
d1e65632e94660b64cafd4779bc1f692,Input Validity,Odometry,Odometry Rate,50,89.23
d1e65632e94660b64cafd4779bc1f692,Input Validity,TF,TF Rate,10,89.23
d1e65632e94660b64cafd4779bc1f692,Localization Stability,TF,Jump Angular,0,90.2
d1e65632e94660b64cafd4779bc1f692,Localization Stability,TF,Jump Linear,0,90.2
d1e65632e94660b64cafd4779bc1f692,Input Validity,Lidar,Lidar Rate,10,89.33
d1e65632e94660b64cafd4779bc1f692,Input Validity,Odometry,Odometry Rate,50,89.33
d1e65632e94660b64cafd4779bc1f692,Input Validity,TF,TF Rate,10,89.33
d1e65632e94660b64cafd4779bc1f692,Localization Stability,TF,Jump Angular,0,90.3
d1e65632e94660b64cafd4779bc1f692,Localization Stability,TF,Jump Linear,0,90.3
d1e65632e94660b64cafd4779bc1f692,Input Validity,Lidar,Lidar Rate,10,89.43
d1e65632e94660b64cafd4779bc1f692,Input Validity,Odometry,Odometry Rate,50,89.43
d1e65632e94660b64cafd4779bc1f692,Input Validity,TF,TF Rate,10,89.43
d1e65632e94660b64cafd4779bc1f692,Localization Quality,AMCLPose,CovYawYaw,0.0220441,89.4
d1e65632e94660b64cafd4779bc1f692,Localization Quality,AMCLPose,CovYY,0.0238123,89.4
d1e65632e94660b64cafd4779bc1f692,Localization Quality,AMCLPose,CovXX,0.0190012,89.4
d1e65632e94660b64cafd4779bc1f692,Localization Quality,AMCLPose,MeanYaw,0.782397,89.4
d1e65632e94660b64cafd4779bc1f692,Localization Quality,AMCLPose,MeanY,-0.925079,89.4
d1e65632e94660b64cafd4779bc1f692,Localization Quality,AMCLPose,MeanX,-2.39652,89.4
d1e65632e94660b64cafd4779bc1f692,Localization Stability,TF,Jump Angular,0.00107614,90.4
d1e65632e94660b64cafd4779bc1f692,Localization Stability,TF,Jump Linear,0.00730721,90.4
d1e65632e94660b64cafd4779bc1f692,Input Validity,Lidar,Lidar Rate,10,89.53
d1e65632e94660b64cafd4779bc1f692,Input Validity,Odometry,Odometry Rate,50,89.53
d1e65632e94660b64cafd4779bc1f692,Input Validity,TF,TF Rate,10,89.53
d1e65632e94660b64cafd4779bc1f692,Localization Stability,TF,Jump Angular,0,90.5
d1e65632e94660b64cafd4779bc1f692,Localization Stability,TF,Jump Linear,0,90.5
d1e65632e94660b64cafd4779bc1f692,Input Validity,Lidar,Lidar Rate,10,89.63
d1e65632e94660b64cafd4779bc1f692,Input Validity,Odometry,Odometry Rate,50,89.63
d1e65632e94660b64cafd4779bc1f692,Input Validity,TF,TF Rate,10,89.63
d1e65632e94660b64cafd4779bc1f692,Localization Stability,TF,Jump Angular,0,90.6
d1e65632e94660b64cafd4779bc1f692,Localization Stability,TF,Jump Linear,0,90.6
d1e65632e94660b64cafd4779bc1f692,Input Validity,Lidar,Lidar Rate,10,89.73
d1e65632e94660b64cafd4779bc1f692,Input Validity,Odometry,Odometry Rate,50,89.73
d1e65632e94660b64cafd4779bc1f692,Input Validity,TF,TF Rate,10,89.73
d1e65632e94660b64cafd4779bc1f692,Localization Quality,AMCLPose,CovYawYaw,0.0235055,89.7
d1e65632e94660b64cafd4779bc1f692,Localization Quality,AMCLPose,CovYY,0.0271708,89.7
d1e65632e94660b64cafd4779bc1f692,Localization Quality,AMCLPose,CovXX,0.0215552,89.7
d1e65632e94660b64cafd4779bc1f692,Localization Quality,AMCLPose,MeanYaw,0.779943,89.7
d1e65632e94660b64cafd4779bc1f692,Localization Quality,AMCLPose,MeanY,-0.832289,89.7
d1e65632e94660b64cafd4779bc1f692,Localization Quality,AMCLPose,MeanX,-2.30068,89.7
d1e65632e94660b64cafd4779bc1f692,Localization Stability,TF,Jump Angular,0.00160291,90.7
d1e65632e94660b64cafd4779bc1f692,Localization Stability,TF,Jump Linear,0.00204261,90.7
d1e65632e94660b64cafd4779bc1f692,Input Validity,Lidar,Lidar Rate,10,89.82
d1e65632e94660b64cafd4779bc1f692,Input Validity,Odometry,Odometry Rate,50,89.82
d1e65632e94660b64cafd4779bc1f692,Input Validity,TF,TF Rate,10,89.82
d1e65632e94660b64cafd4779bc1f692,Localization Stability,TF,Jump Angular,0,90.8
d1e65632e94660b64cafd4779bc1f692,Localization Stability,TF,Jump Linear,0,90.8
d1e65632e94660b64cafd4779bc1f692,Input Validity,Lidar,Lidar Rate,10,89.92
d1e65632e94660b64cafd4779bc1f692,Input Validity,Odometry,Odometry Rate,50,89.92
d1e65632e94660b64cafd4779bc1f692,Input Validity,TF,TF Rate,10,89.92
d1e65632e94660b64cafd4779bc1f692,Localization Stability,TF,Jump Angular,0,90.9
d1e65632e94660b64cafd4779bc1f692,Localization Stability,TF,Jump Linear,0,90.9
d1e65632e94660b64cafd4779bc1f692,Input Validity,Lidar,Lidar Rate,10,90.02
d1e65632e94660b64cafd4779bc1f692,Input Validity,Odometry,Odometry Rate,50,90.02
d1e65632e94660b64cafd4779bc1f692,Input Validity,TF,TF Rate,10,90.02
d1e65632e94660b64cafd4779bc1f692,Localization Quality,AMCLPose,CovYawYaw,0.0251758,90
d1e65632e94660b64cafd4779bc1f692,Localization Quality,AMCLPose,CovYY,0.0315318,90
d1e65632e94660b64cafd4779bc1f692,Localization Quality,AMCLPose,CovXX,0.0254441,90
d1e65632e94660b64cafd4779bc1f692,Localization Quality,AMCLPose,MeanYaw,0.78168,90
d1e65632e94660b64cafd4779bc1f692,Localization Quality,AMCLPose,MeanY,-0.735469,90
d1e65632e94660b64cafd4779bc1f692,Localization Quality,AMCLPose,MeanX,-2.20732,90
d1e65632e94660b64cafd4779bc1f692,Localization Stability,TF,Jump Angular,0.00370209,91
d1e65632e94660b64cafd4779bc1f692,Localization Stability,TF,Jump Linear,0.0113264,91
d1e65632e94660b64cafd4779bc1f692,Input Validity,Lidar,Lidar Rate,10,90.11
d1e65632e94660b64cafd4779bc1f692,Input Validity,Odometry,Odometry Rate,50,90.11
d1e65632e94660b64cafd4779bc1f692,Input Validity,TF,TF Rate,10,90.11
d1e65632e94660b64cafd4779bc1f692,Localization Stability,TF,Jump Angular,0,91.1
d1e65632e94660b64cafd4779bc1f692,Localization Stability,TF,Jump Linear,0,91.1
d1e65632e94660b64cafd4779bc1f692,Input Validity,Lidar,Lidar Rate,10,90.21
d1e65632e94660b64cafd4779bc1f692,Input Validity,Odometry,Odometry Rate,50,90.21
d1e65632e94660b64cafd4779bc1f692,Input Validity,TF,TF Rate,10,90.21
d1e65632e94660b64cafd4779bc1f692,Localization Stability,TF,Jump Angular,0,91.2
d1e65632e94660b64cafd4779bc1f692,Localization Stability,TF,Jump Linear,0,91.2
d1e65632e94660b64cafd4779bc1f692,Input Validity,Lidar,Lidar Rate,10,90.31
d1e65632e94660b64cafd4779bc1f692,Input Validity,Odometry,Odometry Rate,50,90.31
d1e65632e94660b64cafd4779bc1f692,Input Validity,TF,TF Rate,10,90.31
d1e65632e94660b64cafd4779bc1f692,Localization Quality,AMCLPose,CovYawYaw,0.0262094,90.3
d1e65632e94660b64cafd4779bc1f692,Localization Quality,AMCLPose,CovYY,0.0371881,90.3
d1e65632e94660b64cafd4779bc1f692,Localization Quality,AMCLPose,CovXX,0.0282378,90.3
d1e65632e94660b64cafd4779bc1f692,Localization Quality,AMCLPose,MeanYaw,0.777229,90.3
d1e65632e94660b64cafd4779bc1f692,Localization Quality,AMCLPose,MeanY,-0.64434,90.3
d1e65632e94660b64cafd4779bc1f692,Localization Quality,AMCLPose,MeanX,-2.10943,90.3
d1e65632e94660b64cafd4779bc1f692,Localization Stability,TF,Jump Angular,-0.00359832,91.3
d1e65632e94660b64cafd4779bc1f692,Localization Stability,TF,Jump Linear,0.0120072,91.3
d1e65632e94660b64cafd4779bc1f692,Input Validity,Lidar,Lidar Rate,10,90.41
d1e65632e94660b64cafd4779bc1f692,Input Validity,Odometry,Odometry Rate,50,90.41
d1e65632e94660b64cafd4779bc1f692,Input Validity,TF,TF Rate,10,90.41
d1e65632e94660b64cafd4779bc1f692,Localization Stability,TF,Jump Angular,0,91.4
d1e65632e94660b64cafd4779bc1f692,Localization Stability,TF,Jump Linear,0,91.4
d1e65632e94660b64cafd4779bc1f692,Input Validity,Lidar,Lidar Rate,10,90.51
d1e65632e94660b64cafd4779bc1f692,Input Validity,Odometry,Odometry Rate,50,90.51
d1e65632e94660b64cafd4779bc1f692,Input Validity,TF,TF Rate,10,90.51
d1e65632e94660b64cafd4779bc1f692,Localization Stability,TF,Jump Angular,0,91.5
d1e65632e94660b64cafd4779bc1f692,Localization Stability,TF,Jump Linear,0,91.5
d1e65632e94660b64cafd4779bc1f692,Input Validity,Lidar,Lidar Rate,10,90.61
d1e65632e94660b64cafd4779bc1f692,Input Validity,Odometry,Odometry Rate,50,90.61
d1e65632e94660b64cafd4779bc1f692,Input Validity,TF,TF Rate,10,90.61
d1e65632e94660b64cafd4779bc1f692,Localization Quality,AMCLPose,CovYawYaw,0.0277733,90.6
d1e65632e94660b64cafd4779bc1f692,Localization Quality,AMCLPose,CovYY,0.042192,90.6
d1e65632e94660b64cafd4779bc1f692,Localization Quality,AMCLPose,CovXX,0.0311312,90.6
d1e65632e94660b64cafd4779bc1f692,Localization Quality,AMCLPose,MeanYaw,0.777944,90.6
d1e65632e94660b64cafd4779bc1f692,Localization Quality,AMCLPose,MeanY,-0.550279,90.6
d1e65632e94660b64cafd4779bc1f692,Localization Quality,AMCLPose,MeanX,-2.01276,90.6
d1e65632e94660b64cafd4779bc1f692,Localization Stability,TF,Jump Angular,0.00177695,91.6
d1e65632e94660b64cafd4779bc1f692,Localization Stability,TF,Jump Linear,0.00286827,91.6
d1e65632e94660b64cafd4779bc1f692,Input Validity,Lidar,Lidar Rate,10,90.71
d1e65632e94660b64cafd4779bc1f692,Input Validity,Odometry,Odometry Rate,50,90.71
d1e65632e94660b64cafd4779bc1f692,Input Validity,TF,TF Rate,10,90.71
d1e65632e94660b64cafd4779bc1f692,Localization Stability,TF,Jump Angular,0,91.7
d1e65632e94660b64cafd4779bc1f692,Localization Stability,TF,Jump Linear,0,91.7
d1e65632e94660b64cafd4779bc1f692,Input Validity,Lidar,Lidar Rate,10,90.81
d1e65632e94660b64cafd4779bc1f692,Input Validity,Odometry,Odometry Rate,50,90.81
d1e65632e94660b64cafd4779bc1f692,Input Validity,TF,TF Rate,10,90.81
d1e65632e94660b64cafd4779bc1f692,Localization Stability,TF,Jump Angular,0,91.8
d1e65632e94660b64cafd4779bc1f692,Localization Stability,TF,Jump Linear,0,91.8
d1e65632e94660b64cafd4779bc1f692,Input Validity,Lidar,Lidar Rate,10,90.91
d1e65632e94660b64cafd4779bc1f692,Input Validity,Odometry,Odometry Rate,50,90.91
d1e65632e94660b64cafd4779bc1f692,Input Validity,TF,TF Rate,10,90.91
d1e65632e94660b64cafd4779bc1f692,Localization Quality,AMCLPose,CovYawYaw,0.0289529,90.9
d1e65632e94660b64cafd4779bc1f692,Localization Quality,AMCLPose,CovYY,0.0476301,90.9
d1e65632e94660b64cafd4779bc1f692,Localization Quality,AMCLPose,CovXX,0.0356001,90.9
d1e65632e94660b64cafd4779bc1f692,Localization Quality,AMCLPose,MeanYaw,0.778181,90.9
d1e65632e94660b64cafd4779bc1f692,Localization Quality,AMCLPose,MeanY,-0.452297,90.9
d1e65632e94660b64cafd4779bc1f692,Localization Quality,AMCLPose,MeanX,-1.91449,90.9
d1e65632e94660b64cafd4779bc1f692,Localization Stability,TF,Jump Angular,0.000895794,91.9
d1e65632e94660b64cafd4779bc1f692,Localization Stability,TF,Jump Linear,0.00510166,91.9
d1e65632e94660b64cafd4779bc1f692,Input Validity,Lidar,Lidar Rate,10,91.01
d1e65632e94660b64cafd4779bc1f692,Input Validity,Odometry,Odometry Rate,50,91.01
d1e65632e94660b64cafd4779bc1f692,Input Validity,TF,TF Rate,10,91.01
d1e65632e94660b64cafd4779bc1f692,Input Validity,Lidar,Lidar Rate,10,91.1
d1e65632e94660b64cafd4779bc1f692,Input Validity,Odometry,Odometry Rate,50,91.1
d1e65632e94660b64cafd4779bc1f692,Input Validity,TF,TF Rate,10,91.1
d1e65632e94660b64cafd4779bc1f692,Localization Stability,TF,Jump Angular,0,92
d1e65632e94660b64cafd4779bc1f692,Localization Stability,TF,Jump Linear,0,92
d1e65632e94660b64cafd4779bc1f692,Localization Stability,TF,Jump Angular,0,92.1
d1e65632e94660b64cafd4779bc1f692,Localization Stability,TF,Jump Linear,0,92.1
d1e65632e94660b64cafd4779bc1f692,Input Validity,Lidar,Lidar Rate,10,91.2
d1e65632e94660b64cafd4779bc1f692,Input Validity,Odometry,Odometry Rate,50,91.2
d1e65632e94660b64cafd4779bc1f692,Input Validity,TF,TF Rate,10,91.2
d1e65632e94660b64cafd4779bc1f692,Localization Quality,AMCLPose,CovYawYaw,0.0308725,91.2
d1e65632e94660b64cafd4779bc1f692,Localization Quality,AMCLPose,CovYY,0.0522997,91.2
d1e65632e94660b64cafd4779bc1f692,Localization Quality,AMCLPose,CovXX,0.0394479,91.2
d1e65632e94660b64cafd4779bc1f692,Localization Quality,AMCLPose,MeanYaw,0.774123,91.2
d1e65632e94660b64cafd4779bc1f692,Localization Quality,AMCLPose,MeanY,-0.361153,91.2
d1e65632e94660b64cafd4779bc1f692,Localization Quality,AMCLPose,MeanX,-1.81005,91.2
d1e65632e94660b64cafd4779bc1f692,Localization Stability,TF,Jump Angular,-0.00186075,92.2
d1e65632e94660b64cafd4779bc1f692,Localization Stability,TF,Jump Linear,0.0112871,92.2
d1e65632e94660b64cafd4779bc1f692,Input Validity,Lidar,Lidar Rate,10,91.3
d1e65632e94660b64cafd4779bc1f692,Input Validity,Odometry,Odometry Rate,50,91.3
d1e65632e94660b64cafd4779bc1f692,Input Validity,TF,TF Rate,10,91.3
d1e65632e94660b64cafd4779bc1f692,Localization Stability,TF,Jump Angular,0,92.3
d1e65632e94660b64cafd4779bc1f692,Localization Stability,TF,Jump Linear,0,92.3
d1e65632e94660b64cafd4779bc1f692,Input Validity,Lidar,Lidar Rate,10,91.4
d1e65632e94660b64cafd4779bc1f692,Input Validity,Odometry,Odometry Rate,50,91.4
d1e65632e94660b64cafd4779bc1f692,Input Validity,TF,TF Rate,10,91.4
d1e65632e94660b64cafd4779bc1f692,Input Validity,Lidar,Lidar Rate,10,91.5
d1e65632e94660b64cafd4779bc1f692,Input Validity,Odometry,Odometry Rate,50,91.5
d1e65632e94660b64cafd4779bc1f692,Input Validity,TF,TF Rate,10,91.5
d1e65632e94660b64cafd4779bc1f692,Localization Stability,TF,Jump Angular,0,92.4
d1e65632e94660b64cafd4779bc1f692,Localization Stability,TF,Jump Linear,0,92.4
d1e65632e94660b64cafd4779bc1f692,Localization Quality,AMCLPose,CovYawYaw,0.0326086,91.5
d1e65632e94660b64cafd4779bc1f692,Localization Quality,AMCLPose,CovYY,0.0562974,91.5
d1e65632e94660b64cafd4779bc1f692,Localization Quality,AMCLPose,CovXX,0.0447297,91.5
d1e65632e94660b64cafd4779bc1f692,Localization Quality,AMCLPose,MeanYaw,0.775853,91.5
d1e65632e94660b64cafd4779bc1f692,Localization Quality,AMCLPose,MeanY,-0.266217,91.5
d1e65632e94660b64cafd4779bc1f692,Localization Quality,AMCLPose,MeanX,-1.71777,91.5
d1e65632e94660b64cafd4779bc1f692,Localization Stability,TF,Jump Angular,0.00125882,92.5
d1e65632e94660b64cafd4779bc1f692,Localization Stability,TF,Jump Linear,0.00540867,92.5
d1e65632e94660b64cafd4779bc1f692,Input Validity,Lidar,Lidar Rate,10,91.6
d1e65632e94660b64cafd4779bc1f692,Input Validity,Odometry,Odometry Rate,50,91.6
d1e65632e94660b64cafd4779bc1f692,Input Validity,TF,TF Rate,10,91.6
d1e65632e94660b64cafd4779bc1f692,Localization Stability,TF,Jump Angular,0,92.6
d1e65632e94660b64cafd4779bc1f692,Localization Stability,TF,Jump Linear,0,92.6
d1e65632e94660b64cafd4779bc1f692,Input Validity,Lidar,Lidar Rate,10,91.7
d1e65632e94660b64cafd4779bc1f692,Input Validity,Odometry,Odometry Rate,50,91.7
d1e65632e94660b64cafd4779bc1f692,Input Validity,TF,TF Rate,10,91.7
d1e65632e94660b64cafd4779bc1f692,Localization Stability,TF,Jump Angular,0,92.7
d1e65632e94660b64cafd4779bc1f692,Localization Stability,TF,Jump Linear,0,92.7
d1e65632e94660b64cafd4779bc1f692,Input Validity,Lidar,Lidar Rate,10,91.8
d1e65632e94660b64cafd4779bc1f692,Input Validity,Odometry,Odometry Rate,50,91.8
d1e65632e94660b64cafd4779bc1f692,Input Validity,TF,TF Rate,10,91.8
d1e65632e94660b64cafd4779bc1f692,Localization Quality,AMCLPose,CovYawYaw,0.0358078,91.8
d1e65632e94660b64cafd4779bc1f692,Localization Quality,AMCLPose,CovYY,0.0633349,91.8
d1e65632e94660b64cafd4779bc1f692,Localization Quality,AMCLPose,CovXX,0.0531973,91.8
d1e65632e94660b64cafd4779bc1f692,Localization Quality,AMCLPose,MeanYaw,0.783113,91.8
d1e65632e94660b64cafd4779bc1f692,Localization Quality,AMCLPose,MeanY,-0.162416,91.8
d1e65632e94660b64cafd4779bc1f692,Localization Quality,AMCLPose,MeanX,-1.63119,91.8
d1e65632e94660b64cafd4779bc1f692,Localization Stability,TF,Jump Angular,0.00591131,92.8
d1e65632e94660b64cafd4779bc1f692,Localization Stability,TF,Jump Linear,0.0213178,92.8
d1e65632e94660b64cafd4779bc1f692,Input Validity,Lidar,Lidar Rate,10,91.9
d1e65632e94660b64cafd4779bc1f692,Input Validity,Odometry,Odometry Rate,50,91.9
d1e65632e94660b64cafd4779bc1f692,Input Validity,TF,TF Rate,10,91.9
d1e65632e94660b64cafd4779bc1f692,Localization Stability,TF,Jump Angular,0,92.9
d1e65632e94660b64cafd4779bc1f692,Localization Stability,TF,Jump Linear,0,92.9
d1e65632e94660b64cafd4779bc1f692,Input Validity,Lidar,Lidar Rate,10,91.99
d1e65632e94660b64cafd4779bc1f692,Input Validity,Odometry,Odometry Rate,50,91.99
d1e65632e94660b64cafd4779bc1f692,Input Validity,TF,TF Rate,10,91.99
d1e65632e94660b64cafd4779bc1f692,Localization Stability,TF,Jump Angular,0,93
d1e65632e94660b64cafd4779bc1f692,Localization Stability,TF,Jump Linear,0,93
d1e65632e94660b64cafd4779bc1f692,Input Validity,Lidar,Lidar Rate,10,92.09
d1e65632e94660b64cafd4779bc1f692,Input Validity,Odometry,Odometry Rate,50,92.09
d1e65632e94660b64cafd4779bc1f692,Input Validity,TF,TF Rate,10,92.09
d1e65632e94660b64cafd4779bc1f692,Localization Quality,AMCLPose,CovYawYaw,0.0372765,92.1
d1e65632e94660b64cafd4779bc1f692,Localization Quality,AMCLPose,CovYY,0.0711649,92.1
d1e65632e94660b64cafd4779bc1f692,Localization Quality,AMCLPose,CovXX,0.0620931,92.1
d1e65632e94660b64cafd4779bc1f692,Localization Quality,AMCLPose,MeanYaw,0.79115,92.1
d1e65632e94660b64cafd4779bc1f692,Localization Quality,AMCLPose,MeanY,-0.0575727,92.1
d1e65632e94660b64cafd4779bc1f692,Localization Quality,AMCLPose,MeanX,-1.54526,92.1
d1e65632e94660b64cafd4779bc1f692,Localization Stability,TF,Jump Angular,0.00734507,93.1
d1e65632e94660b64cafd4779bc1f692,Localization Stability,TF,Jump Linear,0.0227459,93.1
d1e65632e94660b64cafd4779bc1f692,Input Validity,Lidar,Lidar Rate,10,92.19
d1e65632e94660b64cafd4779bc1f692,Input Validity,Odometry,Odometry Rate,50,92.19
d1e65632e94660b64cafd4779bc1f692,Input Validity,TF,TF Rate,10,92.19
d1e65632e94660b64cafd4779bc1f692,Localization Stability,TF,Jump Angular,0,93.2
d1e65632e94660b64cafd4779bc1f692,Localization Stability,TF,Jump Linear,0,93.2
d1e65632e94660b64cafd4779bc1f692,Input Validity,Lidar,Lidar Rate,10,92.29
d1e65632e94660b64cafd4779bc1f692,Input Validity,Odometry,Odometry Rate,50,92.29
d1e65632e94660b64cafd4779bc1f692,Input Validity,TF,TF Rate,10,92.29
d1e65632e94660b64cafd4779bc1f692,Localization Stability,TF,Jump Angular,0,93.3
d1e65632e94660b64cafd4779bc1f692,Localization Stability,TF,Jump Linear,0,93.3
d1e65632e94660b64cafd4779bc1f692,Input Validity,Lidar,Lidar Rate,10,92.39
d1e65632e94660b64cafd4779bc1f692,Input Validity,Odometry,Odometry Rate,50,92.39
d1e65632e94660b64cafd4779bc1f692,Input Validity,TF,TF Rate,10,92.39
d1e65632e94660b64cafd4779bc1f692,Input Validity,Lidar,Lidar Rate,10,92.49
d1e65632e94660b64cafd4779bc1f692,Input Validity,Odometry,Odometry Rate,50,92.49
d1e65632e94660b64cafd4779bc1f692,Input Validity,TF,TF Rate,10,92.49
d1e65632e94660b64cafd4779bc1f692,Localization Quality,AMCLPose,CovYawYaw,0.040946,92.4
d1e65632e94660b64cafd4779bc1f692,Localization Quality,AMCLPose,CovYY,0.0794603,92.4
d1e65632e94660b64cafd4779bc1f692,Localization Quality,AMCLPose,CovXX,0.0703963,92.4
d1e65632e94660b64cafd4779bc1f692,Localization Quality,AMCLPose,MeanYaw,0.796767,92.4
d1e65632e94660b64cafd4779bc1f692,Localization Quality,AMCLPose,MeanY,0.0399789,92.4
d1e65632e94660b64cafd4779bc1f692,Localization Quality,AMCLPose,MeanX,-1.45939,92.4
d1e65632e94660b64cafd4779bc1f692,Localization Stability,TF,Jump Angular,0.00207415,93.4
d1e65632e94660b64cafd4779bc1f692,Localization Stability,TF,Jump Linear,0.0100478,93.4
d1e65632e94660b64cafd4779bc1f692,Localization Stability,TF,Jump Angular,0,93.5
d1e65632e94660b64cafd4779bc1f692,Localization Stability,TF,Jump Linear,0,93.5
d1e65632e94660b64cafd4779bc1f692,Input Validity,Lidar,Lidar Rate,10,92.59
d1e65632e94660b64cafd4779bc1f692,Input Validity,Odometry,Odometry Rate,50,92.59
d1e65632e94660b64cafd4779bc1f692,Input Validity,TF,TF Rate,10,92.59
d1e65632e94660b64cafd4779bc1f692,Localization Stability,TF,Jump Angular,0,93.6
d1e65632e94660b64cafd4779bc1f692,Localization Stability,TF,Jump Linear,0,93.6
d1e65632e94660b64cafd4779bc1f692,Input Validity,Lidar,Lidar Rate,10,92.69
d1e65632e94660b64cafd4779bc1f692,Input Validity,Odometry,Odometry Rate,50,92.69
d1e65632e94660b64cafd4779bc1f692,Input Validity,TF,TF Rate,10,92.69
d1e65632e94660b64cafd4779bc1f692,Localization Quality,AMCLPose,CovYawYaw,0.0429147,92.7
d1e65632e94660b64cafd4779bc1f692,Localization Quality,AMCLPose,CovYY,0.089354,92.7
d1e65632e94660b64cafd4779bc1f692,Localization Quality,AMCLPose,CovXX,0.0775344,92.7
d1e65632e94660b64cafd4779bc1f692,Localization Quality,AMCLPose,MeanYaw,0.797064,92.7
d1e65632e94660b64cafd4779bc1f692,Localization Quality,AMCLPose,MeanY,0.131015,92.7
d1e65632e94660b64cafd4779bc1f692,Localization Quality,AMCLPose,MeanX,-1.36842,92.7
d1e65632e94660b64cafd4779bc1f692,Localization Stability,TF,Jump Angular,-0.00216823,93.7
d1e65632e94660b64cafd4779bc1f692,Localization Stability,TF,Jump Linear,0.00882711,93.7
d1e65632e94660b64cafd4779bc1f692,Input Validity,Lidar,Lidar Rate,10,92.79
d1e65632e94660b64cafd4779bc1f692,Input Validity,Odometry,Odometry Rate,50,92.79
d1e65632e94660b64cafd4779bc1f692,Input Validity,TF,TF Rate,10,92.79
d1e65632e94660b64cafd4779bc1f692,Localization Stability,TF,Jump Angular,0,93.8
d1e65632e94660b64cafd4779bc1f692,Localization Stability,TF,Jump Linear,0,93.8
d1e65632e94660b64cafd4779bc1f692,Input Validity,Lidar,Lidar Rate,10,92.89
d1e65632e94660b64cafd4779bc1f692,Input Validity,Odometry,Odometry Rate,50,92.89
d1e65632e94660b64cafd4779bc1f692,Input Validity,TF,TF Rate,10,92.89
d1e65632e94660b64cafd4779bc1f692,Input Validity,Lidar,Lidar Rate,10,92.99
d1e65632e94660b64cafd4779bc1f692,Input Validity,Odometry,Odometry Rate,50,92.99
d1e65632e94660b64cafd4779bc1f692,Input Validity,TF,TF Rate,10,92.99
d1e65632e94660b64cafd4779bc1f692,Localization Stability,TF,Jump Angular,0,93.9
d1e65632e94660b64cafd4779bc1f692,Localization Stability,TF,Jump Linear,0,93.9
d1e65632e94660b64cafd4779bc1f692,Input Validity,Lidar,Lidar Rate,10,93.08
d1e65632e94660b64cafd4779bc1f692,Input Validity,Odometry,Odometry Rate,50,93.08
d1e65632e94660b64cafd4779bc1f692,Input Validity,TF,TF Rate,10,93.08
d1e65632e94660b64cafd4779bc1f692,Localization Quality,AMCLPose,CovYawYaw,0.0459417,93
d1e65632e94660b64cafd4779bc1f692,Localization Quality,AMCLPose,CovYY,0.104923,93
d1e65632e94660b64cafd4779bc1f692,Localization Quality,AMCLPose,CovXX,0.0882352,93
d1e65632e94660b64cafd4779bc1f692,Localization Quality,AMCLPose,MeanYaw,0.797983,93
d1e65632e94660b64cafd4779bc1f692,Localization Quality,AMCLPose,MeanY,0.231295,93
d1e65632e94660b64cafd4779bc1f692,Localization Quality,AMCLPose,MeanX,-1.28506,93
d1e65632e94660b64cafd4779bc1f692,Localization Stability,TF,Jump Angular,0.00526203,94
d1e65632e94660b64cafd4779bc1f692,Localization Stability,TF,Jump Linear,0.0144618,94
d1e65632e94660b64cafd4779bc1f692,Input Validity,Lidar,Lidar Rate,10,93.18
d1e65632e94660b64cafd4779bc1f692,Input Validity,Odometry,Odometry Rate,50,93.18
d1e65632e94660b64cafd4779bc1f692,Input Validity,TF,TF Rate,10,93.18
d1e65632e94660b64cafd4779bc1f692,Localization Stability,TF,Jump Angular,0,94.1
d1e65632e94660b64cafd4779bc1f692,Localization Stability,TF,Jump Linear,0,94.1
d1e65632e94660b64cafd4779bc1f692,Input Validity,Lidar,Lidar Rate,10,93.28
d1e65632e94660b64cafd4779bc1f692,Input Validity,Odometry,Odometry Rate,50,93.28
d1e65632e94660b64cafd4779bc1f692,Input Validity,TF,TF Rate,10,93.28
d1e65632e94660b64cafd4779bc1f692,Localization Stability,TF,Jump Angular,0,94.2
d1e65632e94660b64cafd4779bc1f692,Localization Stability,TF,Jump Linear,0,94.2
d1e65632e94660b64cafd4779bc1f692,Input Validity,Lidar,Lidar Rate,10,93.38
d1e65632e94660b64cafd4779bc1f692,Input Validity,Odometry,Odometry Rate,50,93.38
d1e65632e94660b64cafd4779bc1f692,Input Validity,TF,TF Rate,10,93.38
d1e65632e94660b64cafd4779bc1f692,Localization Quality,AMCLPose,CovYawYaw,0.0440709,93.3
d1e65632e94660b64cafd4779bc1f692,Localization Quality,AMCLPose,CovYY,0.110455,93.3
d1e65632e94660b64cafd4779bc1f692,Localization Quality,AMCLPose,CovXX,0.095741,93.3
d1e65632e94660b64cafd4779bc1f692,Localization Quality,AMCLPose,MeanYaw,0.782386,93.3
d1e65632e94660b64cafd4779bc1f692,Localization Quality,AMCLPose,MeanY,0.324741,93.3
d1e65632e94660b64cafd4779bc1f692,Localization Quality,AMCLPose,MeanX,-1.18628,93.3
d1e65632e94660b64cafd4779bc1f692,Localization Stability,TF,Jump Angular,-0.00419708,94.3
d1e65632e94660b64cafd4779bc1f692,Localization Stability,TF,Jump Linear,0.00773228,94.3
d1e65632e94660b64cafd4779bc1f692,Localization Stability,TF,Jump Angular,0,94.4
d1e65632e94660b64cafd4779bc1f692,Localization Stability,TF,Jump Linear,0,94.4
d1e65632e94660b64cafd4779bc1f692,Input Validity,Lidar,Lidar Rate,10,93.47
d1e65632e94660b64cafd4779bc1f692,Input Validity,Odometry,Odometry Rate,50,93.47
d1e65632e94660b64cafd4779bc1f692,Input Validity,TF,TF Rate,10,93.47
d1e65632e94660b64cafd4779bc1f692,Input Validity,Lidar,Lidar Rate,10,93.57
d1e65632e94660b64cafd4779bc1f692,Input Validity,Odometry,Odometry Rate,50,93.57
d1e65632e94660b64cafd4779bc1f692,Input Validity,TF,TF Rate,10,93.57
d1e65632e94660b64cafd4779bc1f692,Localization Stability,TF,Jump Angular,0,94.5
d1e65632e94660b64cafd4779bc1f692,Localization Stability,TF,Jump Linear,0,94.5
d1e65632e94660b64cafd4779bc1f692,Localization Quality,AMCLPose,CovYawYaw,0.0466304,93.6
d1e65632e94660b64cafd4779bc1f692,Localization Quality,AMCLPose,CovYY,0.118788,93.6
d1e65632e94660b64cafd4779bc1f692,Localization Quality,AMCLPose,CovXX,0.100781,93.6
d1e65632e94660b64cafd4779bc1f692,Localization Quality,AMCLPose,MeanYaw,0.766882,93.6
d1e65632e94660b64cafd4779bc1f692,Localization Quality,AMCLPose,MeanY,0.416102,93.6
d1e65632e94660b64cafd4779bc1f692,Localization Quality,AMCLPose,MeanX,-1.08674,93.6
d1e65632e94660b64cafd4779bc1f692,Localization Stability,TF,Jump Angular,-0.00266453,94.6
d1e65632e94660b64cafd4779bc1f692,Localization Stability,TF,Jump Linear,0.006143,94.6
d1e65632e94660b64cafd4779bc1f692,Input Validity,Lidar,Lidar Rate,10,93.67
d1e65632e94660b64cafd4779bc1f692,Input Validity,Odometry,Odometry Rate,50,93.67
d1e65632e94660b64cafd4779bc1f692,Input Validity,TF,TF Rate,10,93.67
d1e65632e94660b64cafd4779bc1f692,Localization Stability,TF,Jump Angular,0,94.7
d1e65632e94660b64cafd4779bc1f692,Localization Stability,TF,Jump Linear,0,94.7
d1e65632e94660b64cafd4779bc1f692,Input Validity,Lidar,Lidar Rate,10,93.77
d1e65632e94660b64cafd4779bc1f692,Input Validity,Odometry,Odometry Rate,50,93.77
d1e65632e94660b64cafd4779bc1f692,Input Validity,TF,TF Rate,10,93.77
d1e65632e94660b64cafd4779bc1f692,Localization Stability,TF,Jump Angular,0,94.8
d1e65632e94660b64cafd4779bc1f692,Localization Stability,TF,Jump Linear,0,94.8
d1e65632e94660b64cafd4779bc1f692,Input Validity,Lidar,Lidar Rate,10,93.87
d1e65632e94660b64cafd4779bc1f692,Input Validity,Odometry,Odometry Rate,50,93.87
d1e65632e94660b64cafd4779bc1f692,Input Validity,TF,TF Rate,10,93.87
d1e65632e94660b64cafd4779bc1f692,Localization Quality,AMCLPose,CovYawYaw,0.0515208,93.9
d1e65632e94660b64cafd4779bc1f692,Localization Quality,AMCLPose,CovYY,0.128143,93.9
d1e65632e94660b64cafd4779bc1f692,Localization Quality,AMCLPose,CovXX,0.116441,93.9
d1e65632e94660b64cafd4779bc1f692,Localization Quality,AMCLPose,MeanYaw,0.763992,93.9
d1e65632e94660b64cafd4779bc1f692,Localization Quality,AMCLPose,MeanY,0.502065,93.9
d1e65632e94660b64cafd4779bc1f692,Localization Quality,AMCLPose,MeanX,-0.993686,93.9
d1e65632e94660b64cafd4779bc1f692,Localization Stability,TF,Jump Angular,0.00523599,94.9
d1e65632e94660b64cafd4779bc1f692,Localization Stability,TF,Jump Linear,0.00408872,94.9
d1e65632e94660b64cafd4779bc1f692,Input Validity,Lidar,Lidar Rate,10,93.97
d1e65632e94660b64cafd4779bc1f692,Input Validity,Odometry,Odometry Rate,50,93.97
d1e65632e94660b64cafd4779bc1f692,Input Validity,TF,TF Rate,10,93.97
d1e65632e94660b64cafd4779bc1f692,Input Validity,Lidar,Lidar Rate,10,94.07
d1e65632e94660b64cafd4779bc1f692,Input Validity,Odometry,Odometry Rate,50,94.07
d1e65632e94660b64cafd4779bc1f692,Input Validity,TF,TF Rate,10,94.07
d1e65632e94660b64cafd4779bc1f692,Localization Stability,TF,Jump Angular,0,95
d1e65632e94660b64cafd4779bc1f692,Localization Stability,TF,Jump Linear,0,95
d1e65632e94660b64cafd4779bc1f692,Input Validity,Lidar,Lidar Rate,10,94.17
d1e65632e94660b64cafd4779bc1f692,Input Validity,Odometry,Odometry Rate,50,94.17
d1e65632e94660b64cafd4779bc1f692,Input Validity,TF,TF Rate,10,94.17
d1e65632e94660b64cafd4779bc1f692,Localization Stability,TF,Jump Angular,0,95.1
d1e65632e94660b64cafd4779bc1f692,Localization Stability,TF,Jump Linear,0,95.1
d1e65632e94660b64cafd4779bc1f692,Input Validity,Lidar,Lidar Rate,10,94.26
d1e65632e94660b64cafd4779bc1f692,Input Validity,Odometry,Odometry Rate,50,94.26
d1e65632e94660b64cafd4779bc1f692,Input Validity,TF,TF Rate,10,94.26
d1e65632e94660b64cafd4779bc1f692,Localization Quality,AMCLPose,CovYawYaw,0.0544394,94.2
d1e65632e94660b64cafd4779bc1f692,Localization Quality,AMCLPose,CovYY,0.140661,94.2
d1e65632e94660b64cafd4779bc1f692,Localization Quality,AMCLPose,CovXX,0.131465,94.2
d1e65632e94660b64cafd4779bc1f692,Localization Quality,AMCLPose,MeanYaw,0.761682,94.2
d1e65632e94660b64cafd4779bc1f692,Localization Quality,AMCLPose,MeanY,0.599251,94.2
d1e65632e94660b64cafd4779bc1f692,Localization Quality,AMCLPose,MeanX,-0.897477,94.2
d1e65632e94660b64cafd4779bc1f692,Localization Stability,TF,Jump Angular,0.00260963,95.2
d1e65632e94660b64cafd4779bc1f692,Localization Stability,TF,Jump Linear,0.00601688,95.2
d1e65632e94660b64cafd4779bc1f692,Input Validity,Lidar,Lidar Rate,10,94.36
d1e65632e94660b64cafd4779bc1f692,Input Validity,Odometry,Odometry Rate,50,94.36
d1e65632e94660b64cafd4779bc1f692,Input Validity,TF,TF Rate,10,94.36
d1e65632e94660b64cafd4779bc1f692,Localization Stability,TF,Jump Angular,0,95.3
d1e65632e94660b64cafd4779bc1f692,Localization Stability,TF,Jump Linear,0,95.3
d1e65632e94660b64cafd4779bc1f692,Input Validity,Lidar,Lidar Rate,10,94.46
d1e65632e94660b64cafd4779bc1f692,Input Validity,Odometry,Odometry Rate,50,94.46
d1e65632e94660b64cafd4779bc1f692,Input Validity,TF,TF Rate,10,94.46
d1e65632e94660b64cafd4779bc1f692,Localization Stability,TF,Jump Angular,0,95.4
d1e65632e94660b64cafd4779bc1f692,Localization Stability,TF,Jump Linear,0,95.4
d1e65632e94660b64cafd4779bc1f692,Input Validity,Lidar,Lidar Rate,10,94.56
d1e65632e94660b64cafd4779bc1f692,Input Validity,Odometry,Odometry Rate,50,94.56
d1e65632e94660b64cafd4779bc1f692,Input Validity,TF,TF Rate,10,94.56
d1e65632e94660b64cafd4779bc1f692,Localization Quality,AMCLPose,CovYawYaw,0.0564192,94.5
d1e65632e94660b64cafd4779bc1f692,Localization Quality,AMCLPose,CovYY,0.15664,94.5
d1e65632e94660b64cafd4779bc1f692,Localization Quality,AMCLPose,CovXX,0.152157,94.5
d1e65632e94660b64cafd4779bc1f692,Localization Quality,AMCLPose,MeanYaw,0.771489,94.5
d1e65632e94660b64cafd4779bc1f692,Localization Quality,AMCLPose,MeanY,0.686689,94.5
d1e65632e94660b64cafd4779bc1f692,Localization Quality,AMCLPose,MeanX,-0.805216,94.5
d1e65632e94660b64cafd4779bc1f692,Localization Stability,TF,Jump Angular,0.00166965,95.5
d1e65632e94660b64cafd4779bc1f692,Localization Stability,TF,Jump Linear,0.00657896,95.5
d1e65632e94660b64cafd4779bc1f692,Input Validity,Lidar,Lidar Rate,10,94.66
d1e65632e94660b64cafd4779bc1f692,Input Validity,Odometry,Odometry Rate,50,94.66
d1e65632e94660b64cafd4779bc1f692,Input Validity,TF,TF Rate,10,94.66
d1e65632e94660b64cafd4779bc1f692,Localization Stability,TF,Jump Angular,0,95.6
d1e65632e94660b64cafd4779bc1f692,Localization Stability,TF,Jump Linear,0,95.6
d1e65632e94660b64cafd4779bc1f692,Input Validity,Lidar,Lidar Rate,10,94.76
d1e65632e94660b64cafd4779bc1f692,Input Validity,Odometry,Odometry Rate,50,94.76
d1e65632e94660b64cafd4779bc1f692,Input Validity,TF,TF Rate,10,94.76
d1e65632e94660b64cafd4779bc1f692,Localization Stability,TF,Jump Angular,0,95.7
d1e65632e94660b64cafd4779bc1f692,Localization Stability,TF,Jump Linear,0,95.7
d1e65632e94660b64cafd4779bc1f692,Input Validity,Lidar,Lidar Rate,10,94.86
d1e65632e94660b64cafd4779bc1f692,Input Validity,Odometry,Odometry Rate,50,94.86
d1e65632e94660b64cafd4779bc1f692,Input Validity,TF,TF Rate,10,94.86
d1e65632e94660b64cafd4779bc1f692,Localization Quality,AMCLPose,CovYawYaw,0.0588098,94.8
d1e65632e94660b64cafd4779bc1f692,Localization Quality,AMCLPose,CovYY,0.165329,94.8
d1e65632e94660b64cafd4779bc1f692,Localization Quality,AMCLPose,CovXX,0.174662,94.8
d1e65632e94660b64cafd4779bc1f692,Localization Quality,AMCLPose,MeanYaw,0.791634,94.8
d1e65632e94660b64cafd4779bc1f692,Localization Quality,AMCLPose,MeanY,0.790115,94.8
d1e65632e94660b64cafd4779bc1f692,Localization Quality,AMCLPose,MeanX,-0.729466,94.8
d1e65632e94660b64cafd4779bc1f692,Localization Stability,TF,Jump Angular,0.0102031,95.8
d1e65632e94660b64cafd4779bc1f692,Localization Stability,TF,Jump Linear,0.020104,95.8
d1e65632e94660b64cafd4779bc1f692,Localization Stability,TF,Jump Angular,0,95.9
d1e65632e94660b64cafd4779bc1f692,Localization Stability,TF,Jump Linear,0,95.9
d1e65632e94660b64cafd4779bc1f692,Input Validity,Lidar,Lidar Rate,10,94.96
d1e65632e94660b64cafd4779bc1f692,Input Validity,Odometry,Odometry Rate,50,94.96
d1e65632e94660b64cafd4779bc1f692,Input Validity,TF,TF Rate,10,94.96
d1e65632e94660b64cafd4779bc1f692,Input Validity,Lidar,Lidar Rate,10,95.06
d1e65632e94660b64cafd4779bc1f692,Input Validity,Odometry,Odometry Rate,50,95.06
d1e65632e94660b64cafd4779bc1f692,Input Validity,TF,TF Rate,10,95.06
d1e65632e94660b64cafd4779bc1f692,Localization Stability,TF,Jump Angular,0,96
d1e65632e94660b64cafd4779bc1f692,Localization Stability,TF,Jump Linear,0,96
d1e65632e94660b64cafd4779bc1f692,Input Validity,Lidar,Lidar Rate,10,95.16
d1e65632e94660b64cafd4779bc1f692,Input Validity,Odometry,Odometry Rate,50,95.16
d1e65632e94660b64cafd4779bc1f692,Input Validity,TF,TF Rate,10,95.16
d1e65632e94660b64cafd4779bc1f692,Localization Quality,AMCLPose,CovYawYaw,0.0603928,95.1
d1e65632e94660b64cafd4779bc1f692,Localization Quality,AMCLPose,CovYY,0.183648,95.1
d1e65632e94660b64cafd4779bc1f692,Localization Quality,AMCLPose,CovXX,0.188843,95.1
d1e65632e94660b64cafd4779bc1f692,Localization Quality,AMCLPose,MeanYaw,0.795212,95.1
d1e65632e94660b64cafd4779bc1f692,Localization Quality,AMCLPose,MeanY,0.87398,95.1
d1e65632e94660b64cafd4779bc1f692,Localization Quality,AMCLPose,MeanX,-0.637308,95.1
d1e65632e94660b64cafd4779bc1f692,Localization Stability,TF,Jump Angular,-0.00361027,96.1
d1e65632e94660b64cafd4779bc1f692,Localization Stability,TF,Jump Linear,0.0149548,96.1
d1e65632e94660b64cafd4779bc1f692,Input Validity,Lidar,Lidar Rate,10,95.26
d1e65632e94660b64cafd4779bc1f692,Input Validity,Odometry,Odometry Rate,50,95.26
d1e65632e94660b64cafd4779bc1f692,Input Validity,TF,TF Rate,10,95.26
d1e65632e94660b64cafd4779bc1f692,Localization Stability,TF,Jump Angular,0,96.2
d1e65632e94660b64cafd4779bc1f692,Localization Stability,TF,Jump Linear,0,96.2
d1e65632e94660b64cafd4779bc1f692,Input Validity,Lidar,Lidar Rate,10,95.36
d1e65632e94660b64cafd4779bc1f692,Input Validity,Odometry,Odometry Rate,50,95.36
d1e65632e94660b64cafd4779bc1f692,Input Validity,TF,TF Rate,10,95.36
d1e65632e94660b64cafd4779bc1f692,Localization Stability,TF,Jump Angular,0,96.3
d1e65632e94660b64cafd4779bc1f692,Localization Stability,TF,Jump Linear,0,96.3
d1e65632e94660b64cafd4779bc1f692,Localization Quality,AMCLPose,CovYawYaw,0.0634584,95.4
d1e65632e94660b64cafd4779bc1f692,Localization Quality,AMCLPose,CovYY,0.198772,95.4
d1e65632e94660b64cafd4779bc1f692,Localization Quality,AMCLPose,CovXX,0.225963,95.4
d1e65632e94660b64cafd4779bc1f692,Localization Quality,AMCLPose,MeanYaw,0.808379,95.4
d1e65632e94660b64cafd4779bc1f692,Localization Quality,AMCLPose,MeanY,0.979456,95.4
d1e65632e94660b64cafd4779bc1f692,Localization Quality,AMCLPose,MeanX,-0.560165,95.4
d1e65632e94660b64cafd4779bc1f692,Localization Stability,TF,Jump Angular,0.0104775,96.4
d1e65632e94660b64cafd4779bc1f692,Localization Stability,TF,Jump Linear,0.0152296,96.4
d1e65632e94660b64cafd4779bc1f692,Input Validity,Lidar,Lidar Rate,10,95.46
d1e65632e94660b64cafd4779bc1f692,Input Validity,Odometry,Odometry Rate,50,95.46
d1e65632e94660b64cafd4779bc1f692,Input Validity,TF,TF Rate,10,95.46
d1e65632e94660b64cafd4779bc1f692,Input Validity,Lidar,Lidar Rate,10,95.56
d1e65632e94660b64cafd4779bc1f692,Input Validity,Odometry,Odometry Rate,50,95.56
d1e65632e94660b64cafd4779bc1f692,Input Validity,TF,TF Rate,10,95.56
d1e65632e94660b64cafd4779bc1f692,Localization Stability,TF,Jump Angular,0,96.5
d1e65632e94660b64cafd4779bc1f692,Localization Stability,TF,Jump Linear,0,96.5
d1e65632e94660b64cafd4779bc1f692,Input Validity,Lidar,Lidar Rate,10,95.66
d1e65632e94660b64cafd4779bc1f692,Input Validity,Odometry,Odometry Rate,50,95.66
d1e65632e94660b64cafd4779bc1f692,Input Validity,TF,TF Rate,10,95.66
d1e65632e94660b64cafd4779bc1f692,Localization Stability,TF,Jump Angular,0,96.6
d1e65632e94660b64cafd4779bc1f692,Localization Stability,TF,Jump Linear,0,96.6
d1e65632e94660b64cafd4779bc1f692,Input Validity,Lidar,Lidar Rate,10,95.76
d1e65632e94660b64cafd4779bc1f692,Input Validity,Odometry,Odometry Rate,50,95.76
d1e65632e94660b64cafd4779bc1f692,Input Validity,TF,TF Rate,10,95.76
d1e65632e94660b64cafd4779bc1f692,Localization Quality,AMCLPose,CovYawYaw,0.0642407,95.7
d1e65632e94660b64cafd4779bc1f692,Localization Quality,AMCLPose,CovYY,0.215247,95.7
d1e65632e94660b64cafd4779bc1f692,Localization Quality,AMCLPose,CovXX,0.238861,95.7
d1e65632e94660b64cafd4779bc1f692,Localization Quality,AMCLPose,MeanYaw,0.804422,95.7
d1e65632e94660b64cafd4779bc1f692,Localization Quality,AMCLPose,MeanY,1.07302,95.7
d1e65632e94660b64cafd4779bc1f692,Localization Quality,AMCLPose,MeanX,-0.469089,95.7
d1e65632e94660b64cafd4779bc1f692,Localization Stability,TF,Jump Angular,-0.00451845,96.7
d1e65632e94660b64cafd4779bc1f692,Localization Stability,TF,Jump Linear,0.00813348,96.7
d1e65632e94660b64cafd4779bc1f692,Input Validity,Lidar,Lidar Rate,10,95.85
d1e65632e94660b64cafd4779bc1f692,Input Validity,Odometry,Odometry Rate,50,95.85
d1e65632e94660b64cafd4779bc1f692,Input Validity,TF,TF Rate,10,95.85
d1e65632e94660b64cafd4779bc1f692,Localization Stability,TF,Jump Angular,0,96.8
d1e65632e94660b64cafd4779bc1f692,Localization Stability,TF,Jump Linear,0,96.8
d1e65632e94660b64cafd4779bc1f692,Input Validity,Lidar,Lidar Rate,10,95.95
d1e65632e94660b64cafd4779bc1f692,Input Validity,Odometry,Odometry Rate,50,95.95
d1e65632e94660b64cafd4779bc1f692,Input Validity,TF,TF Rate,10,95.95
d1e65632e94660b64cafd4779bc1f692,Localization Stability,TF,Jump Angular,0,96.9
d1e65632e94660b64cafd4779bc1f692,Localization Stability,TF,Jump Linear,0,96.9
d1e65632e94660b64cafd4779bc1f692,Input Validity,Lidar,Lidar Rate,10,96.05
d1e65632e94660b64cafd4779bc1f692,Input Validity,Odometry,Odometry Rate,50,96.05
d1e65632e94660b64cafd4779bc1f692,Input Validity,TF,TF Rate,10,96.05
d1e65632e94660b64cafd4779bc1f692,Localization Quality,AMCLPose,CovYawYaw,0.0645404,96
d1e65632e94660b64cafd4779bc1f692,Localization Quality,AMCLPose,CovYY,0.229065,96
d1e65632e94660b64cafd4779bc1f692,Localization Quality,AMCLPose,CovXX,0.258388,96
d1e65632e94660b64cafd4779bc1f692,Localization Quality,AMCLPose,MeanYaw,0.805627,96
d1e65632e94660b64cafd4779bc1f692,Localization Quality,AMCLPose,MeanY,1.17957,96
d1e65632e94660b64cafd4779bc1f692,Localization Quality,AMCLPose,MeanX,-0.398345,96
d1e65632e94660b64cafd4779bc1f692,Localization Stability,TF,Jump Angular,0.0104833,97
d1e65632e94660b64cafd4779bc1f692,Localization Stability,TF,Jump Linear,0.0169785,97
d1e65632e94660b64cafd4779bc1f692,Input Validity,Lidar,Lidar Rate,10,96.15
d1e65632e94660b64cafd4779bc1f692,Input Validity,Odometry,Odometry Rate,50,96.15
d1e65632e94660b64cafd4779bc1f692,Input Validity,TF,TF Rate,10,96.15
d1e65632e94660b64cafd4779bc1f692,Localization Stability,TF,Jump Angular,0,97.1
d1e65632e94660b64cafd4779bc1f692,Localization Stability,TF,Jump Linear,0,97.1
d1e65632e94660b64cafd4779bc1f692,Input Validity,Lidar,Lidar Rate,10,96.25
d1e65632e94660b64cafd4779bc1f692,Input Validity,Odometry,Odometry Rate,50,96.25
d1e65632e94660b64cafd4779bc1f692,Input Validity,TF,TF Rate,10,96.25
d1e65632e94660b64cafd4779bc1f692,Localization Stability,TF,Jump Angular,0,97.2
d1e65632e94660b64cafd4779bc1f692,Localization Stability,TF,Jump Linear,0,97.2
d1e65632e94660b64cafd4779bc1f692,Input Validity,Lidar,Lidar Rate,10,96.35
d1e65632e94660b64cafd4779bc1f692,Input Validity,Odometry,Odometry Rate,50,96.35
d1e65632e94660b64cafd4779bc1f692,Input Validity,TF,TF Rate,10,96.35
d1e65632e94660b64cafd4779bc1f692,Localization Quality,AMCLPose,CovYawYaw,0.0660678,96.3
d1e65632e94660b64cafd4779bc1f692,Localization Quality,AMCLPose,CovYY,0.250236,96.3
d1e65632e94660b64cafd4779bc1f692,Localization Quality,AMCLPose,CovXX,0.282754,96.3
d1e65632e94660b64cafd4779bc1f692,Localization Quality,AMCLPose,MeanYaw,0.798931,96.3
d1e65632e94660b64cafd4779bc1f692,Localization Quality,AMCLPose,MeanY,1.26809,96.3
d1e65632e94660b64cafd4779bc1f692,Localization Quality,AMCLPose,MeanX,-0.301284,96.3
d1e65632e94660b64cafd4779bc1f692,Localization Stability,TF,Jump Angular,-0.00666034,97.3
d1e65632e94660b64cafd4779bc1f692,Localization Stability,TF,Jump Linear,0.00992301,97.3
d1e65632e94660b64cafd4779bc1f692,Input Validity,Lidar,Lidar Rate,10,96.45
d1e65632e94660b64cafd4779bc1f692,Input Validity,Odometry,Odometry Rate,50,96.45
d1e65632e94660b64cafd4779bc1f692,Input Validity,TF,TF Rate,10,96.45
d1e65632e94660b64cafd4779bc1f692,Localization Stability,TF,Jump Angular,0,97.4
d1e65632e94660b64cafd4779bc1f692,Localization Stability,TF,Jump Linear,0,97.4
d1e65632e94660b64cafd4779bc1f692,Input Validity,Lidar,Lidar Rate,10,96.55
d1e65632e94660b64cafd4779bc1f692,Input Validity,Odometry,Odometry Rate,50,96.55
d1e65632e94660b64cafd4779bc1f692,Input Validity,TF,TF Rate,10,96.55
d1e65632e94660b64cafd4779bc1f692,Localization Stability,TF,Jump Angular,0,97.5
d1e65632e94660b64cafd4779bc1f692,Localization Stability,TF,Jump Linear,0,97.5
d1e65632e94660b64cafd4779bc1f692,Input Validity,Lidar,Lidar Rate,10,96.65
d1e65632e94660b64cafd4779bc1f692,Input Validity,Odometry,Odometry Rate,50,96.65
d1e65632e94660b64cafd4779bc1f692,Input Validity,TF,TF Rate,10,96.65
d1e65632e94660b64cafd4779bc1f692,Localization Quality,AMCLPose,CovYawYaw,0.0688376,96.6
d1e65632e94660b64cafd4779bc1f692,Localization Quality,AMCLPose,CovYY,0.259815,96.6
d1e65632e94660b64cafd4779bc1f692,Localization Quality,AMCLPose,CovXX,0.303838,96.6
d1e65632e94660b64cafd4779bc1f692,Localization Quality,AMCLPose,MeanYaw,0.802838,96.6
d1e65632e94660b64cafd4779bc1f692,Localization Quality,AMCLPose,MeanY,1.37202,96.6
d1e65632e94660b64cafd4779bc1f692,Localization Quality,AMCLPose,MeanX,-0.218831,96.6
d1e65632e94660b64cafd4779bc1f692,Localization Stability,TF,Jump Angular,0.00556119,97.6
d1e65632e94660b64cafd4779bc1f692,Localization Stability,TF,Jump Linear,0.00858813,97.6
d1e65632e94660b64cafd4779bc1f692,Input Validity,Lidar,Lidar Rate,10,96.75
d1e65632e94660b64cafd4779bc1f692,Input Validity,Odometry,Odometry Rate,50,96.75
d1e65632e94660b64cafd4779bc1f692,Input Validity,TF,TF Rate,10,96.75
d1e65632e94660b64cafd4779bc1f692,Localization Stability,TF,Jump Angular,0,97.7
d1e65632e94660b64cafd4779bc1f692,Localization Stability,TF,Jump Linear,0,97.7
d1e65632e94660b64cafd4779bc1f692,Input Validity,Lidar,Lidar Rate,10,96.85
d1e65632e94660b64cafd4779bc1f692,Input Validity,Odometry,Odometry Rate,50,96.85
d1e65632e94660b64cafd4779bc1f692,Input Validity,TF,TF Rate,10,96.85
d1e65632e94660b64cafd4779bc1f692,Localization Stability,TF,Jump Angular,0,97.8
d1e65632e94660b64cafd4779bc1f692,Localization Stability,TF,Jump Linear,0,97.8
d1e65632e94660b64cafd4779bc1f692,Input Validity,Lidar,Lidar Rate,10,96.95
d1e65632e94660b64cafd4779bc1f692,Input Validity,Odometry,Odometry Rate,50,96.95
d1e65632e94660b64cafd4779bc1f692,Input Validity,TF,TF Rate,10,96.95
d1e65632e94660b64cafd4779bc1f692,Localization Quality,AMCLPose,CovYawYaw,0.0728644,96.9
d1e65632e94660b64cafd4779bc1f692,Localization Quality,AMCLPose,CovYY,0.277222,96.9
d1e65632e94660b64cafd4779bc1f692,Localization Quality,AMCLPose,CovXX,0.340404,96.9
d1e65632e94660b64cafd4779bc1f692,Localization Quality,AMCLPose,MeanYaw,0.799661,96.9
d1e65632e94660b64cafd4779bc1f692,Localization Quality,AMCLPose,MeanY,1.45843,96.9
d1e65632e94660b64cafd4779bc1f692,Localization Quality,AMCLPose,MeanX,-0.129996,96.9
d1e65632e94660b64cafd4779bc1f692,Localization Stability,TF,Jump Angular,0.000153305,97.9
d1e65632e94660b64cafd4779bc1f692,Localization Stability,TF,Jump Linear,0.011632,97.9
d1e65632e94660b64cafd4779bc1f692,Input Validity,Lidar,Lidar Rate,10,97.05
d1e65632e94660b64cafd4779bc1f692,Input Validity,Odometry,Odometry Rate,50,97.05
d1e65632e94660b64cafd4779bc1f692,Input Validity,TF,TF Rate,10,97.05
d1e65632e94660b64cafd4779bc1f692,Localization Stability,TF,Jump Angular,0,98
d1e65632e94660b64cafd4779bc1f692,Localization Stability,TF,Jump Linear,0,98
d1e65632e94660b64cafd4779bc1f692,Input Validity,Lidar,Lidar Rate,10,97.15
d1e65632e94660b64cafd4779bc1f692,Input Validity,Odometry,Odometry Rate,50,97.15
d1e65632e94660b64cafd4779bc1f692,Input Validity,TF,TF Rate,10,97.15
d1e65632e94660b64cafd4779bc1f692,Localization Stability,TF,Jump Angular,0,98.1
d1e65632e94660b64cafd4779bc1f692,Localization Stability,TF,Jump Linear,0,98.1
d1e65632e94660b64cafd4779bc1f692,Input Validity,Lidar,Lidar Rate,10,97.25
d1e65632e94660b64cafd4779bc1f692,Input Validity,Odometry,Odometry Rate,50,97.25
d1e65632e94660b64cafd4779bc1f692,Input Validity,TF,TF Rate,10,97.25
d1e65632e94660b64cafd4779bc1f692,Localization Quality,AMCLPose,CovYawYaw,0.075154,97.2
d1e65632e94660b64cafd4779bc1f692,Localization Quality,AMCLPose,CovYY,0.298588,97.2
d1e65632e94660b64cafd4779bc1f692,Localization Quality,AMCLPose,CovXX,0.363783,97.2
d1e65632e94660b64cafd4779bc1f692,Localization Quality,AMCLPose,MeanYaw,0.785499,97.2
d1e65632e94660b64cafd4779bc1f692,Localization Quality,AMCLPose,MeanY,1.54233,97.2
d1e65632e94660b64cafd4779bc1f692,Localization Quality,AMCLPose,MeanX,-0.0291928,97.2
d1e65632e94660b64cafd4779bc1f692,Localization Stability,TF,Jump Angular,-0.000991371,98.2
d1e65632e94660b64cafd4779bc1f692,Localization Stability,TF,Jump Linear,0.0131605,98.2
d1e65632e94660b64cafd4779bc1f692,Input Validity,Lidar,Lidar Rate,10,97.35
d1e65632e94660b64cafd4779bc1f692,Input Validity,Odometry,Odometry Rate,50,97.35
d1e65632e94660b64cafd4779bc1f692,Input Validity,TF,TF Rate,10,97.35
d1e65632e94660b64cafd4779bc1f692,Localization Stability,TF,Jump Angular,0,98.3
d1e65632e94660b64cafd4779bc1f692,Localization Stability,TF,Jump Linear,0,98.3
d1e65632e94660b64cafd4779bc1f692,Input Validity,Lidar,Lidar Rate,10,97.45
d1e65632e94660b64cafd4779bc1f692,Input Validity,Odometry,Odometry Rate,50,97.45
d1e65632e94660b64cafd4779bc1f692,Input Validity,TF,TF Rate,10,97.45
d1e65632e94660b64cafd4779bc1f692,Localization Stability,TF,Jump Angular,0,98.4
d1e65632e94660b64cafd4779bc1f692,Localization Stability,TF,Jump Linear,0,98.4
d1e65632e94660b64cafd4779bc1f692,Input Validity,Lidar,Lidar Rate,10,97.55
d1e65632e94660b64cafd4779bc1f692,Input Validity,Odometry,Odometry Rate,50,97.55
d1e65632e94660b64cafd4779bc1f692,Input Validity,TF,TF Rate,10,97.55
d1e65632e94660b64cafd4779bc1f692,Localization Quality,AMCLPose,CovYawYaw,0.078084,97.5
d1e65632e94660b64cafd4779bc1f692,Localization Quality,AMCLPose,CovYY,0.324704,97.5
d1e65632e94660b64cafd4779bc1f692,Localization Quality,AMCLPose,CovXX,0.399387,97.5
d1e65632e94660b64cafd4779bc1f692,Localization Quality,AMCLPose,MeanYaw,0.72516,97.5
d1e65632e94660b64cafd4779bc1f692,Localization Quality,AMCLPose,MeanY,1.63871,97.5
d1e65632e94660b64cafd4779bc1f692,Localization Quality,AMCLPose,MeanX,0.0672359,97.5
d1e65632e94660b64cafd4779bc1f692,Localization Stability,TF,Jump Angular,0.00377464,98.5
d1e65632e94660b64cafd4779bc1f692,Localization Stability,TF,Jump Linear,0.00458062,98.5
d1e65632e94660b64cafd4779bc1f692,Input Validity,Lidar,Lidar Rate,10,97.64
d1e65632e94660b64cafd4779bc1f692,Input Validity,Odometry,Odometry Rate,50,97.64
d1e65632e94660b64cafd4779bc1f692,Input Validity,TF,TF Rate,10,97.64
d1e65632e94660b64cafd4779bc1f692,Localization Stability,TF,Jump Angular,0,98.6
d1e65632e94660b64cafd4779bc1f692,Localization Stability,TF,Jump Linear,0,98.6
d1e65632e94660b64cafd4779bc1f692,Input Validity,Lidar,Lidar Rate,10,97.74
d1e65632e94660b64cafd4779bc1f692,Input Validity,Odometry,Odometry Rate,50,97.74
d1e65632e94660b64cafd4779bc1f692,Input Validity,TF,TF Rate,10,97.74
d1e65632e94660b64cafd4779bc1f692,Localization Stability,TF,Jump Angular,0,98.7
d1e65632e94660b64cafd4779bc1f692,Localization Stability,TF,Jump Linear,0,98.7
d1e65632e94660b64cafd4779bc1f692,Input Validity,Lidar,Lidar Rate,10,97.84
d1e65632e94660b64cafd4779bc1f692,Input Validity,Odometry,Odometry Rate,50,97.84
d1e65632e94660b64cafd4779bc1f692,Input Validity,TF,TF Rate,10,97.84
d1e65632e94660b64cafd4779bc1f692,Localization Quality,AMCLPose,CovYawYaw,0.0862443,97.8
d1e65632e94660b64cafd4779bc1f692,Localization Quality,AMCLPose,CovYY,0.400411,97.8
d1e65632e94660b64cafd4779bc1f692,Localization Quality,AMCLPose,CovXX,0.568852,97.8
d1e65632e94660b64cafd4779bc1f692,Localization Quality,AMCLPose,MeanYaw,0.672579,97.8
d1e65632e94660b64cafd4779bc1f692,Localization Quality,AMCLPose,MeanY,1.71666,97.8
d1e65632e94660b64cafd4779bc1f692,Localization Quality,AMCLPose,MeanX,0.173219,97.8
d1e65632e94660b64cafd4779bc1f692,Localization Stability,TF,Jump Angular,-0.000979882,98.8
d1e65632e94660b64cafd4779bc1f692,Localization Stability,TF,Jump Linear,0.00853959,98.8
d1e65632e94660b64cafd4779bc1f692,Input Validity,Lidar,Lidar Rate,10,97.94
d1e65632e94660b64cafd4779bc1f692,Input Validity,Odometry,Odometry Rate,50,97.94
d1e65632e94660b64cafd4779bc1f692,Input Validity,TF,TF Rate,10,97.94
d1e65632e94660b64cafd4779bc1f692,Localization Stability,TF,Jump Angular,0,98.9
d1e65632e94660b64cafd4779bc1f692,Localization Stability,TF,Jump Linear,0,98.9
d1e65632e94660b64cafd4779bc1f692,Input Validity,Lidar,Lidar Rate,10,98.04
d1e65632e94660b64cafd4779bc1f692,Input Validity,Odometry,Odometry Rate,50,98.04
d1e65632e94660b64cafd4779bc1f692,Input Validity,TF,TF Rate,10,98.04
d1e65632e94660b64cafd4779bc1f692,Localization Stability,TF,Jump Angular,0,99
d1e65632e94660b64cafd4779bc1f692,Localization Stability,TF,Jump Linear,0,99
d1e65632e94660b64cafd4779bc1f692,Input Validity,Lidar,Lidar Rate,10,98.14
d1e65632e94660b64cafd4779bc1f692,Input Validity,Odometry,Odometry Rate,50,98.14
d1e65632e94660b64cafd4779bc1f692,Input Validity,TF,TF Rate,10,98.14
d1e65632e94660b64cafd4779bc1f692,Localization Quality,AMCLPose,CovYawYaw,0.0857095,98.1
d1e65632e94660b64cafd4779bc1f692,Localization Quality,AMCLPose,CovYY,0.409683,98.1
d1e65632e94660b64cafd4779bc1f692,Localization Quality,AMCLPose,CovXX,0.617667,98.1
d1e65632e94660b64cafd4779bc1f692,Localization Quality,AMCLPose,MeanYaw,0.637749,98.1
d1e65632e94660b64cafd4779bc1f692,Localization Quality,AMCLPose,MeanY,1.79742,98.1
d1e65632e94660b64cafd4779bc1f692,Localization Quality,AMCLPose,MeanX,0.265705,98.1
d1e65632e94660b64cafd4779bc1f692,Localization Stability,TF,Jump Angular,-2.12346e-06,99.1
d1e65632e94660b64cafd4779bc1f692,Localization Stability,TF,Jump Linear,0.0147463,99.1
d1e65632e94660b64cafd4779bc1f692,Input Validity,Lidar,Lidar Rate,10,98.24
d1e65632e94660b64cafd4779bc1f692,Input Validity,Odometry,Odometry Rate,50,98.24
d1e65632e94660b64cafd4779bc1f692,Input Validity,TF,TF Rate,10,98.24
d1e65632e94660b64cafd4779bc1f692,Localization Stability,TF,Jump Angular,0,99.2
d1e65632e94660b64cafd4779bc1f692,Localization Stability,TF,Jump Linear,0,99.2
d1e65632e94660b64cafd4779bc1f692,Input Validity,Lidar,Lidar Rate,10,98.34
d1e65632e94660b64cafd4779bc1f692,Input Validity,Odometry,Odometry Rate,50,98.34
d1e65632e94660b64cafd4779bc1f692,Input Validity,TF,TF Rate,10,98.34
d1e65632e94660b64cafd4779bc1f692,Localization Stability,TF,Jump Angular,0,99.3
d1e65632e94660b64cafd4779bc1f692,Localization Stability,TF,Jump Linear,0,99.3
d1e65632e94660b64cafd4779bc1f692,Input Validity,Lidar,Lidar Rate,10,98.44
d1e65632e94660b64cafd4779bc1f692,Input Validity,Odometry,Odometry Rate,50,98.44
d1e65632e94660b64cafd4779bc1f692,Input Validity,TF,TF Rate,10,98.44
d1e65632e94660b64cafd4779bc1f692,Localization Quality,AMCLPose,CovYawYaw,0.0445707,98.4
d1e65632e94660b64cafd4779bc1f692,Localization Quality,AMCLPose,CovYY,0.259291,98.4
d1e65632e94660b64cafd4779bc1f692,Localization Quality,AMCLPose,CovXX,0.318453,98.4
d1e65632e94660b64cafd4779bc1f692,Localization Quality,AMCLPose,MeanYaw,0.574226,98.4
d1e65632e94660b64cafd4779bc1f692,Localization Quality,AMCLPose,MeanY,1.81868,98.4
d1e65632e94660b64cafd4779bc1f692,Localization Quality,AMCLPose,MeanX,0.482659,98.4
d1e65632e94660b64cafd4779bc1f692,Localization Stability,TF,Jump Angular,-0.049161,99.4
d1e65632e94660b64cafd4779bc1f692,Localization Stability,TF,Jump Linear,0.0343708,99.4
d1e65632e94660b64cafd4779bc1f692,Input Validity,Lidar,Lidar Rate,10,98.54
d1e65632e94660b64cafd4779bc1f692,Input Validity,Odometry,Odometry Rate,50,98.54
d1e65632e94660b64cafd4779bc1f692,Input Validity,TF,TF Rate,10,98.54
d1e65632e94660b64cafd4779bc1f692,Localization Stability,TF,Jump Angular,0,99.5
d1e65632e94660b64cafd4779bc1f692,Localization Stability,TF,Jump Linear,0,99.5
d1e65632e94660b64cafd4779bc1f692,Input Validity,Lidar,Lidar Rate,10,98.64
d1e65632e94660b64cafd4779bc1f692,Input Validity,Odometry,Odometry Rate,50,98.64
d1e65632e94660b64cafd4779bc1f692,Input Validity,TF,TF Rate,10,98.64
d1e65632e94660b64cafd4779bc1f692,Localization Stability,TF,Jump Angular,0,99.6
d1e65632e94660b64cafd4779bc1f692,Localization Stability,TF,Jump Linear,0,99.6
d1e65632e94660b64cafd4779bc1f692,Input Validity,Lidar,Lidar Rate,10,98.74
d1e65632e94660b64cafd4779bc1f692,Input Validity,Odometry,Odometry Rate,50,98.74
d1e65632e94660b64cafd4779bc1f692,Input Validity,TF,TF Rate,10,98.74
d1e65632e94660b64cafd4779bc1f692,Localization Quality,AMCLPose,CovYawYaw,0.02595,98.7
d1e65632e94660b64cafd4779bc1f692,Localization Quality,AMCLPose,CovYY,0.165095,98.7
d1e65632e94660b64cafd4779bc1f692,Localization Quality,AMCLPose,CovXX,0.183334,98.7
d1e65632e94660b64cafd4779bc1f692,Localization Quality,AMCLPose,MeanYaw,0.555316,98.7
d1e65632e94660b64cafd4779bc1f692,Localization Quality,AMCLPose,MeanY,1.90195,98.7
d1e65632e94660b64cafd4779bc1f692,Localization Quality,AMCLPose,MeanX,0.613973,98.7
d1e65632e94660b64cafd4779bc1f692,Localization Stability,TF,Jump Angular,-0.00711958,99.7
d1e65632e94660b64cafd4779bc1f692,Localization Stability,TF,Jump Linear,0.0172136,99.7
d1e65632e94660b64cafd4779bc1f692,Input Validity,Lidar,Lidar Rate,10,98.84
d1e65632e94660b64cafd4779bc1f692,Input Validity,Odometry,Odometry Rate,50,98.84
d1e65632e94660b64cafd4779bc1f692,Input Validity,TF,TF Rate,10,98.84
d1e65632e94660b64cafd4779bc1f692,Localization Stability,TF,Jump Angular,0,99.8
d1e65632e94660b64cafd4779bc1f692,Localization Stability,TF,Jump Linear,0,99.8
d1e65632e94660b64cafd4779bc1f692,Input Validity,Lidar,Lidar Rate,10,98.94
d1e65632e94660b64cafd4779bc1f692,Input Validity,Odometry,Odometry Rate,50,98.94
d1e65632e94660b64cafd4779bc1f692,Input Validity,TF,TF Rate,10,98.94
d1e65632e94660b64cafd4779bc1f692,Localization Stability,TF,Jump Angular,0,99.9
d1e65632e94660b64cafd4779bc1f692,Localization Stability,TF,Jump Linear,0,99.9
d1e65632e94660b64cafd4779bc1f692,Input Validity,Lidar,Lidar Rate,10,99.04
d1e65632e94660b64cafd4779bc1f692,Input Validity,Odometry,Odometry Rate,50,99.04
d1e65632e94660b64cafd4779bc1f692,Input Validity,TF,TF Rate,10,99.04
d1e65632e94660b64cafd4779bc1f692,Localization Quality,AMCLPose,CovYawYaw,0.0149612,99
d1e65632e94660b64cafd4779bc1f692,Localization Quality,AMCLPose,CovYY,0.107857,99
d1e65632e94660b64cafd4779bc1f692,Localization Quality,AMCLPose,CovXX,0.0615793,99
d1e65632e94660b64cafd4779bc1f692,Localization Quality,AMCLPose,MeanYaw,0.543523,99
d1e65632e94660b64cafd4779bc1f692,Localization Quality,AMCLPose,MeanY,1.97403,99
d1e65632e94660b64cafd4779bc1f692,Localization Quality,AMCLPose,MeanX,0.749364,99
d1e65632e94660b64cafd4779bc1f692,Localization Stability,TF,Jump Angular,0.000292474,100
d1e65632e94660b64cafd4779bc1f692,Localization Stability,TF,Jump Linear,0.0208196,100
d1e65632e94660b64cafd4779bc1f692,Input Validity,Lidar,Lidar Rate,10,99.14
d1e65632e94660b64cafd4779bc1f692,Input Validity,Odometry,Odometry Rate,50,99.14
d1e65632e94660b64cafd4779bc1f692,Input Validity,TF,TF Rate,10,99.14
d1e65632e94660b64cafd4779bc1f692,Localization Stability,TF,Jump Angular,0,100.1
d1e65632e94660b64cafd4779bc1f692,Localization Stability,TF,Jump Linear,0,100.1
d1e65632e94660b64cafd4779bc1f692,Input Validity,Lidar,Lidar Rate,10,99.23
d1e65632e94660b64cafd4779bc1f692,Input Validity,Odometry,Odometry Rate,50,99.23
d1e65632e94660b64cafd4779bc1f692,Input Validity,TF,TF Rate,10,99.23
d1e65632e94660b64cafd4779bc1f692,Localization Stability,TF,Jump Angular,0,100.2
d1e65632e94660b64cafd4779bc1f692,Localization Stability,TF,Jump Linear,0,100.2
d1e65632e94660b64cafd4779bc1f692,Input Validity,Lidar,Lidar Rate,10,99.33
d1e65632e94660b64cafd4779bc1f692,Input Validity,Odometry,Odometry Rate,50,99.33
d1e65632e94660b64cafd4779bc1f692,Input Validity,TF,TF Rate,10,99.33
d1e65632e94660b64cafd4779bc1f692,Localization Quality,AMCLPose,CovYawYaw,0.0110296,99.3
d1e65632e94660b64cafd4779bc1f692,Localization Quality,AMCLPose,CovYY,0.074172,99.3
d1e65632e94660b64cafd4779bc1f692,Localization Quality,AMCLPose,CovXX,0.0369788,99.3
d1e65632e94660b64cafd4779bc1f692,Localization Quality,AMCLPose,MeanYaw,0.530853,99.3
d1e65632e94660b64cafd4779bc1f692,Localization Quality,AMCLPose,MeanY,2.0391,99.3
d1e65632e94660b64cafd4779bc1f692,Localization Quality,AMCLPose,MeanX,0.878738,99.3
d1e65632e94660b64cafd4779bc1f692,Localization Stability,TF,Jump Angular,0.00324558,100.3
d1e65632e94660b64cafd4779bc1f692,Localization Stability,TF,Jump Linear,0.0208444,100.3
d1e65632e94660b64cafd4779bc1f692,Input Validity,Lidar,Lidar Rate,10,99.43
d1e65632e94660b64cafd4779bc1f692,Input Validity,Odometry,Odometry Rate,50,99.43
d1e65632e94660b64cafd4779bc1f692,Input Validity,TF,TF Rate,10,99.43
d1e65632e94660b64cafd4779bc1f692,Localization Stability,TF,Jump Angular,0,100.4
d1e65632e94660b64cafd4779bc1f692,Localization Stability,TF,Jump Linear,0,100.4
d1e65632e94660b64cafd4779bc1f692,Input Validity,Lidar,Lidar Rate,10,99.53
d1e65632e94660b64cafd4779bc1f692,Input Validity,Odometry,Odometry Rate,50,99.53
d1e65632e94660b64cafd4779bc1f692,Input Validity,TF,TF Rate,10,99.53
d1e65632e94660b64cafd4779bc1f692,Localization Stability,TF,Jump Angular,0,100.5
d1e65632e94660b64cafd4779bc1f692,Localization Stability,TF,Jump Linear,0,100.5
d1e65632e94660b64cafd4779bc1f692,Input Validity,Lidar,Lidar Rate,10,99.63
d1e65632e94660b64cafd4779bc1f692,Input Validity,Odometry,Odometry Rate,50,99.63
d1e65632e94660b64cafd4779bc1f692,Input Validity,TF,TF Rate,10,99.63
d1e65632e94660b64cafd4779bc1f692,Localization Quality,AMCLPose,CovYawYaw,0.00823305,99.6
d1e65632e94660b64cafd4779bc1f692,Localization Quality,AMCLPose,CovYY,0.0598072,99.6
d1e65632e94660b64cafd4779bc1f692,Localization Quality,AMCLPose,CovXX,0.027969,99.6
d1e65632e94660b64cafd4779bc1f692,Localization Quality,AMCLPose,MeanYaw,0.558801,99.6
d1e65632e94660b64cafd4779bc1f692,Localization Quality,AMCLPose,MeanY,2.08546,99.6
d1e65632e94660b64cafd4779bc1f692,Localization Quality,AMCLPose,MeanX,1.00513,99.6
d1e65632e94660b64cafd4779bc1f692,Localization Stability,TF,Jump Angular,-0.00318748,100.6
d1e65632e94660b64cafd4779bc1f692,Localization Stability,TF,Jump Linear,0.0189843,100.6
d1e65632e94660b64cafd4779bc1f692,Input Validity,Lidar,Lidar Rate,10,99.73
d1e65632e94660b64cafd4779bc1f692,Input Validity,Odometry,Odometry Rate,50,99.73
d1e65632e94660b64cafd4779bc1f692,Input Validity,TF,TF Rate,10,99.73
d1e65632e94660b64cafd4779bc1f692,Localization Stability,TF,Jump Angular,0,100.7
d1e65632e94660b64cafd4779bc1f692,Localization Stability,TF,Jump Linear,0,100.7
d1e65632e94660b64cafd4779bc1f692,Input Validity,Lidar,Lidar Rate,10,99.83
d1e65632e94660b64cafd4779bc1f692,Input Validity,Odometry,Odometry Rate,50,99.83
d1e65632e94660b64cafd4779bc1f692,Input Validity,TF,TF Rate,10,99.83
d1e65632e94660b64cafd4779bc1f692,Localization Stability,TF,Jump Angular,0,100.8
d1e65632e94660b64cafd4779bc1f692,Localization Stability,TF,Jump Linear,0,100.8
d1e65632e94660b64cafd4779bc1f692,Input Validity,Lidar,Lidar Rate,10,99.93
d1e65632e94660b64cafd4779bc1f692,Input Validity,Odometry,Odometry Rate,50,99.93
d1e65632e94660b64cafd4779bc1f692,Input Validity,TF,TF Rate,10,99.93
d1e65632e94660b64cafd4779bc1f692,Localization Quality,AMCLPose,CovYawYaw,0.00935856,99.9
d1e65632e94660b64cafd4779bc1f692,Localization Quality,AMCLPose,CovYY,0.0609897,99.9
d1e65632e94660b64cafd4779bc1f692,Localization Quality,AMCLPose,CovXX,0.0302661,99.9
d1e65632e94660b64cafd4779bc1f692,Localization Quality,AMCLPose,MeanYaw,0.611127,99.9
d1e65632e94660b64cafd4779bc1f692,Localization Quality,AMCLPose,MeanY,2.14615,99.9
d1e65632e94660b64cafd4779bc1f692,Localization Quality,AMCLPose,MeanX,1.08797,99.9
d1e65632e94660b64cafd4779bc1f692,Localization Stability,TF,Jump Angular,0.000424857,100.9
d1e65632e94660b64cafd4779bc1f692,Localization Stability,TF,Jump Linear,0.00432666,100.9
d1e65632e94660b64cafd4779bc1f692,Input Validity,Lidar,Lidar Rate,10,100.03
d1e65632e94660b64cafd4779bc1f692,Input Validity,Odometry,Odometry Rate,50,100.03
d1e65632e94660b64cafd4779bc1f692,Input Validity,TF,TF Rate,10,100.03
d1e65632e94660b64cafd4779bc1f692,Localization Stability,TF,Jump Angular,0,101
d1e65632e94660b64cafd4779bc1f692,Localization Stability,TF,Jump Linear,0,101
d1e65632e94660b64cafd4779bc1f692,Input Validity,Lidar,Lidar Rate,10,100.13
d1e65632e94660b64cafd4779bc1f692,Input Validity,Odometry,Odometry Rate,50,100.13
d1e65632e94660b64cafd4779bc1f692,Input Validity,TF,TF Rate,10,100.13
d1e65632e94660b64cafd4779bc1f692,Localization Stability,TF,Jump Angular,0,101.1
d1e65632e94660b64cafd4779bc1f692,Localization Stability,TF,Jump Linear,0,101.1
d1e65632e94660b64cafd4779bc1f692,Input Validity,Lidar,Lidar Rate,10,100.23
d1e65632e94660b64cafd4779bc1f692,Input Validity,Odometry,Odometry Rate,50,100.23
d1e65632e94660b64cafd4779bc1f692,Input Validity,TF,TF Rate,10,100.23
d1e65632e94660b64cafd4779bc1f692,Localization Quality,AMCLPose,CovYawYaw,0.0100295,100.2
d1e65632e94660b64cafd4779bc1f692,Localization Quality,AMCLPose,CovYY,0.0638786,100.2
d1e65632e94660b64cafd4779bc1f692,Localization Quality,AMCLPose,CovXX,0.0300288,100.2
d1e65632e94660b64cafd4779bc1f692,Localization Quality,AMCLPose,MeanYaw,0.658269,100.2
d1e65632e94660b64cafd4779bc1f692,Localization Quality,AMCLPose,MeanY,2.18822,100.2
d1e65632e94660b64cafd4779bc1f692,Localization Quality,AMCLPose,MeanX,1.15536,100.2
d1e65632e94660b64cafd4779bc1f692,Localization Stability,TF,Jump Angular,-0.00404121,101.2
d1e65632e94660b64cafd4779bc1f692,Localization Stability,TF,Jump Linear,0.00776611,101.2
d1e65632e94660b64cafd4779bc1f692,Input Validity,Lidar,Lidar Rate,10,100.33
d1e65632e94660b64cafd4779bc1f692,Input Validity,Odometry,Odometry Rate,50,100.33
d1e65632e94660b64cafd4779bc1f692,Input Validity,TF,TF Rate,10,100.33
d1e65632e94660b64cafd4779bc1f692,Localization Stability,TF,Jump Angular,0,101.3
d1e65632e94660b64cafd4779bc1f692,Localization Stability,TF,Jump Linear,0,101.3
d1e65632e94660b64cafd4779bc1f692,Input Validity,Lidar,Lidar Rate,10,100.43
d1e65632e94660b64cafd4779bc1f692,Input Validity,Odometry,Odometry Rate,50,100.43
d1e65632e94660b64cafd4779bc1f692,Input Validity,TF,TF Rate,10,100.43
d1e65632e94660b64cafd4779bc1f692,Localization Stability,TF,Jump Angular,0,101.4
d1e65632e94660b64cafd4779bc1f692,Localization Stability,TF,Jump Linear,0,101.4
d1e65632e94660b64cafd4779bc1f692,Input Validity,Lidar,Lidar Rate,10,100.53
d1e65632e94660b64cafd4779bc1f692,Input Validity,Odometry,Odometry Rate,50,100.53
d1e65632e94660b64cafd4779bc1f692,Input Validity,TF,TF Rate,10,100.53
d1e65632e94660b64cafd4779bc1f692,Localization Quality,AMCLPose,CovYawYaw,0.0103951,100.5
d1e65632e94660b64cafd4779bc1f692,Localization Quality,AMCLPose,CovYY,0.0658388,100.5
d1e65632e94660b64cafd4779bc1f692,Localization Quality,AMCLPose,CovXX,0.02953,100.5
d1e65632e94660b64cafd4779bc1f692,Localization Quality,AMCLPose,MeanYaw,0.711667,100.5
d1e65632e94660b64cafd4779bc1f692,Localization Quality,AMCLPose,MeanY,2.24038,100.5
d1e65632e94660b64cafd4779bc1f692,Localization Quality,AMCLPose,MeanX,1.20367,100.5
d1e65632e94660b64cafd4779bc1f692,Localization Stability,TF,Jump Angular,0.00241327,101.5
d1e65632e94660b64cafd4779bc1f692,Localization Stability,TF,Jump Linear,0.00579182,101.5
d1e65632e94660b64cafd4779bc1f692,Input Validity,Lidar,Lidar Rate,10,100.63
d1e65632e94660b64cafd4779bc1f692,Input Validity,Odometry,Odometry Rate,50,100.63
d1e65632e94660b64cafd4779bc1f692,Input Validity,TF,TF Rate,10,100.63
d1e65632e94660b64cafd4779bc1f692,Localization Stability,TF,Jump Angular,0,101.6
d1e65632e94660b64cafd4779bc1f692,Localization Stability,TF,Jump Linear,0,101.6
d1e65632e94660b64cafd4779bc1f692,Input Validity,Lidar,Lidar Rate,10,100.72
d1e65632e94660b64cafd4779bc1f692,Input Validity,Odometry,Odometry Rate,50,100.72
d1e65632e94660b64cafd4779bc1f692,Input Validity,TF,TF Rate,10,100.72
d1e65632e94660b64cafd4779bc1f692,Localization Stability,TF,Jump Angular,0,101.7
d1e65632e94660b64cafd4779bc1f692,Localization Stability,TF,Jump Linear,0,101.7
d1e65632e94660b64cafd4779bc1f692,Input Validity,Lidar,Lidar Rate,10,100.82
d1e65632e94660b64cafd4779bc1f692,Input Validity,Odometry,Odometry Rate,50,100.82
d1e65632e94660b64cafd4779bc1f692,Input Validity,TF,TF Rate,10,100.82
d1e65632e94660b64cafd4779bc1f692,Localization Quality,AMCLPose,CovYawYaw,0.0105037,100.8
d1e65632e94660b64cafd4779bc1f692,Localization Quality,AMCLPose,CovYY,0.066843,100.8
d1e65632e94660b64cafd4779bc1f692,Localization Quality,AMCLPose,CovXX,0.0297241,100.8
d1e65632e94660b64cafd4779bc1f692,Localization Quality,AMCLPose,MeanYaw,0.77422,100.8
d1e65632e94660b64cafd4779bc1f692,Localization Quality,AMCLPose,MeanY,2.2848,100.8
d1e65632e94660b64cafd4779bc1f692,Localization Quality,AMCLPose,MeanX,1.24236,100.8
d1e65632e94660b64cafd4779bc1f692,Localization Stability,TF,Jump Angular,-0.000813255,101.8
d1e65632e94660b64cafd4779bc1f692,Localization Stability,TF,Jump Linear,0.00873357,101.8
d1e65632e94660b64cafd4779bc1f692,Input Validity,Lidar,Lidar Rate,10,100.92
d1e65632e94660b64cafd4779bc1f692,Input Validity,Odometry,Odometry Rate,50,100.92
d1e65632e94660b64cafd4779bc1f692,Input Validity,TF,TF Rate,10,100.92
d1e65632e94660b64cafd4779bc1f692,Localization Stability,TF,Jump Angular,0,101.9
d1e65632e94660b64cafd4779bc1f692,Localization Stability,TF,Jump Linear,0,101.9
d1e65632e94660b64cafd4779bc1f692,Input Validity,Lidar,Lidar Rate,10,101.02
d1e65632e94660b64cafd4779bc1f692,Input Validity,Odometry,Odometry Rate,50,101.02
d1e65632e94660b64cafd4779bc1f692,Input Validity,TF,TF Rate,10,101.02
d1e65632e94660b64cafd4779bc1f692,Localization Stability,TF,Jump Angular,0,102
d1e65632e94660b64cafd4779bc1f692,Localization Stability,TF,Jump Linear,0,102
d1e65632e94660b64cafd4779bc1f692,Input Validity,Lidar,Lidar Rate,10,101.12
d1e65632e94660b64cafd4779bc1f692,Input Validity,Odometry,Odometry Rate,50,101.12
d1e65632e94660b64cafd4779bc1f692,Input Validity,TF,TF Rate,10,101.12
d1e65632e94660b64cafd4779bc1f692,Localization Quality,AMCLPose,CovYawYaw,0.0107862,101.1
d1e65632e94660b64cafd4779bc1f692,Localization Quality,AMCLPose,CovYY,0.0666454,101.1
d1e65632e94660b64cafd4779bc1f692,Localization Quality,AMCLPose,CovXX,0.0304908,101.1
d1e65632e94660b64cafd4779bc1f692,Localization Quality,AMCLPose,MeanYaw,0.830943,101.1
d1e65632e94660b64cafd4779bc1f692,Localization Quality,AMCLPose,MeanY,2.32173,101.1
d1e65632e94660b64cafd4779bc1f692,Localization Quality,AMCLPose,MeanX,1.27648,101.1
d1e65632e94660b64cafd4779bc1f692,Localization Stability,TF,Jump Angular,-0.000790205,102.1
d1e65632e94660b64cafd4779bc1f692,Localization Stability,TF,Jump Linear,0.00349267,102.1
d1e65632e94660b64cafd4779bc1f692,Input Validity,Lidar,Lidar Rate,10,101.21
d1e65632e94660b64cafd4779bc1f692,Input Validity,Odometry,Odometry Rate,50,101.21
d1e65632e94660b64cafd4779bc1f692,Input Validity,TF,TF Rate,10,101.21
d1e65632e94660b64cafd4779bc1f692,Localization Stability,TF,Jump Angular,0,102.2
d1e65632e94660b64cafd4779bc1f692,Localization Stability,TF,Jump Linear,0,102.2
d1e65632e94660b64cafd4779bc1f692,Input Validity,Lidar,Lidar Rate,10,101.31
d1e65632e94660b64cafd4779bc1f692,Input Validity,Odometry,Odometry Rate,50,101.31
d1e65632e94660b64cafd4779bc1f692,Input Validity,TF,TF Rate,10,101.31
d1e65632e94660b64cafd4779bc1f692,Localization Stability,TF,Jump Angular,0,102.3
d1e65632e94660b64cafd4779bc1f692,Localization Stability,TF,Jump Linear,0,102.3
d1e65632e94660b64cafd4779bc1f692,Input Validity,Lidar,Lidar Rate,10,101.41
d1e65632e94660b64cafd4779bc1f692,Input Validity,Odometry,Odometry Rate,50,101.41
d1e65632e94660b64cafd4779bc1f692,Input Validity,TF,TF Rate,10,101.41
d1e65632e94660b64cafd4779bc1f692,Input Validity,Lidar,Lidar Rate,10,101.5
d1e65632e94660b64cafd4779bc1f692,Input Validity,Odometry,Odometry Rate,50,101.5
d1e65632e94660b64cafd4779bc1f692,Input Validity,TF,TF Rate,10,101.5
d1e65632e94660b64cafd4779bc1f692,Localization Quality,AMCLPose,CovYawYaw,0.0112265,101.4
d1e65632e94660b64cafd4779bc1f692,Localization Quality,AMCLPose,CovYY,0.0652577,101.4
d1e65632e94660b64cafd4779bc1f692,Localization Quality,AMCLPose,CovXX,0.0314276,101.4
d1e65632e94660b64cafd4779bc1f692,Localization Quality,AMCLPose,MeanYaw,0.881837,101.4
d1e65632e94660b64cafd4779bc1f692,Localization Quality,AMCLPose,MeanY,2.34746,101.4
d1e65632e94660b64cafd4779bc1f692,Localization Quality,AMCLPose,MeanX,1.30508,101.4
d1e65632e94660b64cafd4779bc1f692,Localization Stability,TF,Jump Angular,-0.00183547,102.4
d1e65632e94660b64cafd4779bc1f692,Localization Stability,TF,Jump Linear,0.00372497,102.4
d1e65632e94660b64cafd4779bc1f692,Input Validity,Lidar,Lidar Rate,10,101.6
d1e65632e94660b64cafd4779bc1f692,Input Validity,Odometry,Odometry Rate,50,101.6
d1e65632e94660b64cafd4779bc1f692,Input Validity,TF,TF Rate,10,101.6
d1e65632e94660b64cafd4779bc1f692,Localization Stability,TF,Jump Angular,0,102.5
d1e65632e94660b64cafd4779bc1f692,Localization Stability,TF,Jump Linear,0,102.5
d1e65632e94660b64cafd4779bc1f692,Input Validity,Lidar,Lidar Rate,10,101.68
d1e65632e94660b64cafd4779bc1f692,Input Validity,Odometry,Odometry Rate,50,101.68
d1e65632e94660b64cafd4779bc1f692,Input Validity,TF,TF Rate,10,101.68
d1e65632e94660b64cafd4779bc1f692,Localization Stability,TF,Jump Angular,0,102.6
d1e65632e94660b64cafd4779bc1f692,Localization Stability,TF,Jump Linear,0,102.6
d1e65632e94660b64cafd4779bc1f692,Localization Stability,TF,Jump Angular,0,102.7
d1e65632e94660b64cafd4779bc1f692,Localization Stability,TF,Jump Linear,0,102.7
d1e65632e94660b64cafd4779bc1f692,Input Validity,Lidar,Lidar Rate,10,101.78
d1e65632e94660b64cafd4779bc1f692,Input Validity,Odometry,Odometry Rate,50,101.78
d1e65632e94660b64cafd4779bc1f692,Input Validity,TF,TF Rate,10,101.78
d1e65632e94660b64cafd4779bc1f692,Input Validity,Lidar,Lidar Rate,10,101.88
d1e65632e94660b64cafd4779bc1f692,Input Validity,Odometry,Odometry Rate,50,101.88
d1e65632e94660b64cafd4779bc1f692,Input Validity,TF,TF Rate,10,101.88
d1e65632e94660b64cafd4779bc1f692,Localization Stability,TF,Jump Angular,0,102.8
d1e65632e94660b64cafd4779bc1f692,Localization Stability,TF,Jump Linear,0,102.8
d1e65632e94660b64cafd4779bc1f692,Input Validity,Lidar,Lidar Rate,10,101.98
d1e65632e94660b64cafd4779bc1f692,Input Validity,Odometry,Odometry Rate,50,101.98
d1e65632e94660b64cafd4779bc1f692,Input Validity,TF,TF Rate,10,101.98
d1e65632e94660b64cafd4779bc1f692,Localization Quality,AMCLPose,CovYawYaw,0.0116001,101.9
d1e65632e94660b64cafd4779bc1f692,Localization Quality,AMCLPose,CovYY,0.0666614,101.9
d1e65632e94660b64cafd4779bc1f692,Localization Quality,AMCLPose,CovXX,0.0329482,101.9
d1e65632e94660b64cafd4779bc1f692,Localization Quality,AMCLPose,MeanYaw,0.934808,101.9
d1e65632e94660b64cafd4779bc1f692,Localization Quality,AMCLPose,MeanY,2.39916,101.9
d1e65632e94660b64cafd4779bc1f692,Localization Quality,AMCLPose,MeanX,1.33429,101.9
d1e65632e94660b64cafd4779bc1f692,Localization Stability,TF,Jump Angular,0.00295231,102.9
d1e65632e94660b64cafd4779bc1f692,Localization Stability,TF,Jump Linear,0.00542473,102.9
d1e65632e94660b64cafd4779bc1f692,Input Validity,Lidar,Lidar Rate,10,102.08
d1e65632e94660b64cafd4779bc1f692,Input Validity,Odometry,Odometry Rate,50,102.08
d1e65632e94660b64cafd4779bc1f692,Input Validity,TF,TF Rate,10,102.08
d1e65632e94660b64cafd4779bc1f692,Localization Stability,TF,Jump Angular,0,103
d1e65632e94660b64cafd4779bc1f692,Localization Stability,TF,Jump Linear,0,103
d1e65632e94660b64cafd4779bc1f692,Input Validity,Lidar,Lidar Rate,10,102.17
d1e65632e94660b64cafd4779bc1f692,Input Validity,Odometry,Odometry Rate,50,102.17
d1e65632e94660b64cafd4779bc1f692,Input Validity,TF,TF Rate,10,102.17
d1e65632e94660b64cafd4779bc1f692,Localization Stability,TF,Jump Angular,0,103.1
d1e65632e94660b64cafd4779bc1f692,Localization Stability,TF,Jump Linear,0,103.1
d1e65632e94660b64cafd4779bc1f692,Input Validity,Lidar,Lidar Rate,10,102.26
d1e65632e94660b64cafd4779bc1f692,Input Validity,Odometry,Odometry Rate,50,102.26
d1e65632e94660b64cafd4779bc1f692,Input Validity,TF,TF Rate,10,102.26
d1e65632e94660b64cafd4779bc1f692,Localization Stability,TF,Jump Angular,0,103.2
d1e65632e94660b64cafd4779bc1f692,Localization Stability,TF,Jump Linear,0,103.2
d1e65632e94660b64cafd4779bc1f692,Input Validity,Lidar,Lidar Rate,10,102.36
d1e65632e94660b64cafd4779bc1f692,Input Validity,Odometry,Odometry Rate,50,102.36
d1e65632e94660b64cafd4779bc1f692,Input Validity,TF,TF Rate,10,102.36
d1e65632e94660b64cafd4779bc1f692,Localization Stability,TF,Jump Angular,0,103.3
d1e65632e94660b64cafd4779bc1f692,Localization Stability,TF,Jump Linear,0,103.3
d1e65632e94660b64cafd4779bc1f692,Input Validity,Lidar,Lidar Rate,10,102.46
d1e65632e94660b64cafd4779bc1f692,Input Validity,Odometry,Odometry Rate,50,102.46
d1e65632e94660b64cafd4779bc1f692,Input Validity,TF,TF Rate,10,102.46
d1e65632e94660b64cafd4779bc1f692,Localization Stability,TF,Jump Angular,0,103.4
d1e65632e94660b64cafd4779bc1f692,Localization Stability,TF,Jump Linear,0,103.4
d1e65632e94660b64cafd4779bc1f692,Input Validity,Lidar,Lidar Rate,10,102.56
d1e65632e94660b64cafd4779bc1f692,Input Validity,Odometry,Odometry Rate,50,102.56
d1e65632e94660b64cafd4779bc1f692,Input Validity,TF,TF Rate,10,102.56
d1e65632e94660b64cafd4779bc1f692,Localization Stability,TF,Jump Angular,0,103.5
d1e65632e94660b64cafd4779bc1f692,Localization Stability,TF,Jump Linear,0,103.5
d1e65632e94660b64cafd4779bc1f692,Input Validity,Lidar,Lidar Rate,10,102.66
d1e65632e94660b64cafd4779bc1f692,Input Validity,Odometry,Odometry Rate,50,102.66
d1e65632e94660b64cafd4779bc1f692,Input Validity,TF,TF Rate,10,102.66
d1e65632e94660b64cafd4779bc1f692,Localization Stability,TF,Jump Angular,0,103.6
d1e65632e94660b64cafd4779bc1f692,Localization Stability,TF,Jump Linear,0,103.6
d1e65632e94660b64cafd4779bc1f692,Input Validity,Lidar,Lidar Rate,10,102.75
d1e65632e94660b64cafd4779bc1f692,Input Validity,Odometry,Odometry Rate,50,102.75
d1e65632e94660b64cafd4779bc1f692,Input Validity,TF,TF Rate,10,102.75
d1e65632e94660b64cafd4779bc1f692,Localization Stability,TF,Jump Angular,0,103.7
d1e65632e94660b64cafd4779bc1f692,Localization Stability,TF,Jump Linear,0,103.7
d1e65632e94660b64cafd4779bc1f692,Input Validity,Lidar,Lidar Rate,10,102.85
d1e65632e94660b64cafd4779bc1f692,Input Validity,Odometry,Odometry Rate,50,102.85
d1e65632e94660b64cafd4779bc1f692,Input Validity,TF,TF Rate,10,102.85
d1e65632e94660b64cafd4779bc1f692,Localization Quality,AMCLPose,CovYawYaw,0.0124659,102.8
d1e65632e94660b64cafd4779bc1f692,Localization Quality,AMCLPose,CovYY,0.069124,102.8
d1e65632e94660b64cafd4779bc1f692,Localization Quality,AMCLPose,CovXX,0.0361353,102.8
d1e65632e94660b64cafd4779bc1f692,Localization Quality,AMCLPose,MeanYaw,0.988805,102.8
d1e65632e94660b64cafd4779bc1f692,Localization Quality,AMCLPose,MeanY,2.45168,102.8
d1e65632e94660b64cafd4779bc1f692,Localization Quality,AMCLPose,MeanX,1.37589,102.8
d1e65632e94660b64cafd4779bc1f692,Localization Stability,TF,Jump Angular,-0.00206243,103.8
d1e65632e94660b64cafd4779bc1f692,Localization Stability,TF,Jump Linear,0.00678439,103.8
d1e65632e94660b64cafd4779bc1f692,Input Validity,Lidar,Lidar Rate,10,102.95
d1e65632e94660b64cafd4779bc1f692,Input Validity,Odometry,Odometry Rate,50,102.95
d1e65632e94660b64cafd4779bc1f692,Input Validity,TF,TF Rate,10,102.95
d1e65632e94660b64cafd4779bc1f692,Localization Stability,TF,Jump Angular,0,103.9
d1e65632e94660b64cafd4779bc1f692,Localization Stability,TF,Jump Linear,0,103.9
d1e65632e94660b64cafd4779bc1f692,Input Validity,Lidar,Lidar Rate,10,103.03
d1e65632e94660b64cafd4779bc1f692,Input Validity,Odometry,Odometry Rate,50,103.03
d1e65632e94660b64cafd4779bc1f692,Input Validity,TF,TF Rate,10,103.03
d1e65632e94660b64cafd4779bc1f692,Localization Stability,TF,Jump Angular,0,104
d1e65632e94660b64cafd4779bc1f692,Localization Stability,TF,Jump Linear,0,104
d1e65632e94660b64cafd4779bc1f692,Input Validity,Lidar,Lidar Rate,10,103.12
d1e65632e94660b64cafd4779bc1f692,Input Validity,Odometry,Odometry Rate,50,103.12
d1e65632e94660b64cafd4779bc1f692,Input Validity,TF,TF Rate,10,103.12
d1e65632e94660b64cafd4779bc1f692,Localization Quality,AMCLPose,CovYawYaw,0.00902766,103.1
d1e65632e94660b64cafd4779bc1f692,Localization Quality,AMCLPose,CovYY,0.0445989,103.1
d1e65632e94660b64cafd4779bc1f692,Localization Quality,AMCLPose,CovXX,0.0263157,103.1
d1e65632e94660b64cafd4779bc1f692,Localization Quality,AMCLPose,MeanYaw,1.0472,103.1
d1e65632e94660b64cafd4779bc1f692,Localization Quality,AMCLPose,MeanY,2.43955,103.1
d1e65632e94660b64cafd4779bc1f692,Localization Quality,AMCLPose,MeanX,1.40686,103.1
d1e65632e94660b64cafd4779bc1f692,Localization Stability,TF,Jump Angular,-0.00257295,104.1
d1e65632e94660b64cafd4779bc1f692,Localization Stability,TF,Jump Linear,0.0259114,104.1
d1e65632e94660b64cafd4779bc1f692,Input Validity,Lidar,Lidar Rate,10,103.22
d1e65632e94660b64cafd4779bc1f692,Input Validity,Odometry,Odometry Rate,50,103.22
d1e65632e94660b64cafd4779bc1f692,Input Validity,TF,TF Rate,10,103.22
d1e65632e94660b64cafd4779bc1f692,Localization Quality,AMCLPose,CovYawYaw,0.0051882,103.2
d1e65632e94660b64cafd4779bc1f692,Localization Quality,AMCLPose,CovYY,0.0267771,103.2
d1e65632e94660b64cafd4779bc1f692,Localization Quality,AMCLPose,CovXX,0.0181701,103.2
d1e65632e94660b64cafd4779bc1f692,Localization Quality,AMCLPose,MeanYaw,1.10079,103.2
d1e65632e94660b64cafd4779bc1f692,Localization Quality,AMCLPose,MeanY,2.42681,103.2
d1e65632e94660b64cafd4779bc1f692,Localization Quality,AMCLPose,MeanX,1.42649,103.2
d1e65632e94660b64cafd4779bc1f692,Localization Stability,TF,Jump Angular,-0.00121615,104.2
d1e65632e94660b64cafd4779bc1f692,Localization Stability,TF,Jump Linear,0.0199735,104.2
d1e65632e94660b64cafd4779bc1f692,Input Validity,Lidar,Lidar Rate,10,103.32
d1e65632e94660b64cafd4779bc1f692,Input Validity,Odometry,Odometry Rate,50,103.32
d1e65632e94660b64cafd4779bc1f692,Input Validity,TF,TF Rate,10,103.32
d1e65632e94660b64cafd4779bc1f692,Localization Responsiveness,TTC,TTC Outcome,1,103.39
d1e65632e94660b64cafd4779bc1f692,Localization Responsiveness,TTC,TTC,2.51,103.39
d1e65632e94660b64cafd4779bc1f692,Mission Outcome,Episode Event,Recoveries,0,103.39
d1e65632e94660b64cafd4779bc1f692,Mission Outcome,Episode Event,Collisions,0,103.39
d1e65632e94660b64cafd4779bc1f692,Mission Outcome,Episode Event,Navigation Time,24.5,103.39
d1e65632e94660b64cafd4779bc1f692,Mission Outcome,Episode Event,Goal Result,1,103.39
d1e65632e94660b64cafd4779bc1f692,Input Validity,AMCLPose,Pose Monotonicity,0,103.39
d1e65632e94660b64cafd4779bc1f692,Input Validity,Lidar,Lidar Frame Mistmatch,0,103.39
d1e65632e94660b64cafd4779bc1f692,Input Validity,Lidar,Lidar Monotonicity,0,103.39
d1e65632e94660b64cafd4779bc1f692,Input Validity,Odometry,Odometry Frame Mismatch,0,103.39
d1e65632e94660b64cafd4779bc1f692,Input Validity,Odometry,Odometry Monotonicity,0,103.39
d1e65632e94660b64cafd4779bc1f692,Input Validity,TF,TF Gap Count,0,103.39
d1e65632e94660b64cafd4779bc1f692,Input Validity,TF,TF Frame Drop,1225,103.39
d1e65632e94660b64cafd4779bc1f692,Input Validity,TF,TF Monotonicity,0,103.39
d1e65632e94660b64cafd4779bc1f692,map,-5.4591,-3.20803,155.903,1.425,2.525,74.9061,1,SUCCEEDED,2,24.5,78.89,103.39,0.046295,0.120176,0.821615,0.0241061,0.00215385,0.0579342,0.0394413,538.68,2489,9.07342,0.170608,0.0210275,0.467886,0,1224,0.987358
479db97d29218a8841488e693875407b,Localization Stability,TF,Jump Angular,0,111.9
479db97d29218a8841488e693875407b,Localization Stability,TF,Jump Linear,0,111.9
479db97d29218a8841488e693875407b,Input Validity,Lidar,Lidar Rate,10,110.96
479db97d29218a8841488e693875407b,Input Validity,Odometry,Odometry Rate,50,110.96
479db97d29218a8841488e693875407b,Input Validity,TF,TF Rate,10,110.96
479db97d29218a8841488e693875407b,Input Validity,Lidar,Lidar Rate,10,111.06
479db97d29218a8841488e693875407b,Input Validity,Odometry,Odometry Rate,50,111.06
479db97d29218a8841488e693875407b,Input Validity,TF,TF Rate,10,111.06
479db97d29218a8841488e693875407b,Localization Stability,TF,Jump Angular,0,112
479db97d29218a8841488e693875407b,Localization Stability,TF,Jump Linear,0,112
479db97d29218a8841488e693875407b,Input Validity,Lidar,Lidar Rate,10,111.16
479db97d29218a8841488e693875407b,Input Validity,Odometry,Odometry Rate,50,111.16
479db97d29218a8841488e693875407b,Input Validity,TF,TF Rate,10,111.16
479db97d29218a8841488e693875407b,Localization Stability,TF,Jump Angular,0.00781848,112.1
479db97d29218a8841488e693875407b,Localization Stability,TF,Jump Linear,0.0578164,112.1
479db97d29218a8841488e693875407b,Input Validity,Lidar,Lidar Rate,10,111.26
479db97d29218a8841488e693875407b,Input Validity,Odometry,Odometry Rate,50,111.26
479db97d29218a8841488e693875407b,Input Validity,TF,TF Rate,10,111.26
479db97d29218a8841488e693875407b,Localization Quality,AMCLPose,CovYawYaw,0.0548419,111.2
479db97d29218a8841488e693875407b,Localization Quality,AMCLPose,CovYY,0.152457,111.2
479db97d29218a8841488e693875407b,Localization Quality,AMCLPose,CovXX,0.100017,111.2
479db97d29218a8841488e693875407b,Localization Quality,AMCLPose,MeanYaw,1.46891,111.2
479db97d29218a8841488e693875407b,Localization Quality,AMCLPose,MeanY,2.36065,111.2
479db97d29218a8841488e693875407b,Localization Quality,AMCLPose,MeanX,1.31687,111.2
479db97d29218a8841488e693875407b,Localization Stability,TF,Jump Angular,0.00126487,112.2
479db97d29218a8841488e693875407b,Localization Stability,TF,Jump Linear,0.0296975,112.2
479db97d29218a8841488e693875407b,Input Validity,Lidar,Lidar Rate,10,111.36
479db97d29218a8841488e693875407b,Input Validity,Odometry,Odometry Rate,50,111.36
479db97d29218a8841488e693875407b,Input Validity,TF,TF Rate,10,111.36
479db97d29218a8841488e693875407b,Input Validity,Lidar,Lidar Rate,10,111.45
479db97d29218a8841488e693875407b,Input Validity,Odometry,Odometry Rate,50,111.45
479db97d29218a8841488e693875407b,Input Validity,TF,TF Rate,10,111.45
479db97d29218a8841488e693875407b,Localization Quality,AMCLPose,CovYawYaw,0.026606,111.3
479db97d29218a8841488e693875407b,Localization Quality,AMCLPose,CovYY,0.100304,111.3
479db97d29218a8841488e693875407b,Localization Quality,AMCLPose,CovXX,0.069289,111.3
479db97d29218a8841488e693875407b,Localization Quality,AMCLPose,MeanYaw,1.5354,111.3
479db97d29218a8841488e693875407b,Localization Quality,AMCLPose,MeanY,2.37071,111.3
479db97d29218a8841488e693875407b,Localization Quality,AMCLPose,MeanX,1.35823,111.3
479db97d29218a8841488e693875407b,Localization Stability,TF,Jump Angular,-0.00856975,112.3
479db97d29218a8841488e693875407b,Localization Stability,TF,Jump Linear,0.0309774,112.3
479db97d29218a8841488e693875407b,Localization Quality,AMCLPose,CovYawYaw,0.0135877,111.4
479db97d29218a8841488e693875407b,Localization Quality,AMCLPose,CovYY,0.0510085,111.4
479db97d29218a8841488e693875407b,Localization Quality,AMCLPose,CovXX,0.0419376,111.4
479db97d29218a8841488e693875407b,Localization Quality,AMCLPose,MeanYaw,1.61729,111.4
479db97d29218a8841488e693875407b,Localization Quality,AMCLPose,MeanY,2.40051,111.4
479db97d29218a8841488e693875407b,Localization Quality,AMCLPose,MeanX,1.40903,111.4
479db97d29218a8841488e693875407b,Localization Stability,TF,Jump Angular,-0.0101432,112.4
479db97d29218a8841488e693875407b,Localization Stability,TF,Jump Linear,0.0524651,112.4
479db97d29218a8841488e693875407b,Input Validity,Lidar,Lidar Rate,10,111.55
479db97d29218a8841488e693875407b,Input Validity,Odometry,Odometry Rate,50,111.55
479db97d29218a8841488e693875407b,Input Validity,TF,TF Rate,10,111.55
479db97d29218a8841488e693875407b,Localization Quality,AMCLPose,CovYawYaw,0.00876442,111.5
479db97d29218a8841488e693875407b,Localization Quality,AMCLPose,CovYY,0.0303128,111.5
479db97d29218a8841488e693875407b,Localization Quality,AMCLPose,CovXX,0.0223707,111.5
479db97d29218a8841488e693875407b,Localization Quality,AMCLPose,MeanYaw,1.71973,111.5
479db97d29218a8841488e693875407b,Localization Quality,AMCLPose,MeanY,2.40943,111.5
479db97d29218a8841488e693875407b,Localization Quality,AMCLPose,MeanX,1.44424,111.5
479db97d29218a8841488e693875407b,Localization Stability,TF,Jump Angular,-0.0065806,112.5
479db97d29218a8841488e693875407b,Localization Stability,TF,Jump Linear,0.0273685,112.5
479db97d29218a8841488e693875407b,Input Validity,Lidar,Lidar Rate,10,111.65
479db97d29218a8841488e693875407b,Input Validity,Odometry,Odometry Rate,50,111.65
479db97d29218a8841488e693875407b,Input Validity,TF,TF Rate,10,111.65
479db97d29218a8841488e693875407b,Input Validity,Lidar,Lidar Rate,10,111.75
479db97d29218a8841488e693875407b,Input Validity,Odometry,Odometry Rate,50,111.75
479db97d29218a8841488e693875407b,Input Validity,TF,TF Rate,10,111.75
479db97d29218a8841488e693875407b,Localization Quality,AMCLPose,CovYawYaw,0.00563214,111.6
479db97d29218a8841488e693875407b,Localization Quality,AMCLPose,CovYY,0.0205924,111.6
479db97d29218a8841488e693875407b,Localization Quality,AMCLPose,CovXX,0.0122987,111.6
479db97d29218a8841488e693875407b,Localization Quality,AMCLPose,MeanYaw,1.8427,111.6
479db97d29218a8841488e693875407b,Localization Quality,AMCLPose,MeanY,2.41537,111.6
479db97d29218a8841488e693875407b,Localization Quality,AMCLPose,MeanX,1.46163,111.6
479db97d29218a8841488e693875407b,Localization Stability,TF,Jump Angular,-0.00302898,112.6
479db97d29218a8841488e693875407b,Localization Stability,TF,Jump Linear,0.0147686,112.6
479db97d29218a8841488e693875407b,Localization Quality,AMCLPose,CovYawYaw,0.00444552,111.7
479db97d29218a8841488e693875407b,Localization Quality,AMCLPose,CovYY,0.0105999,111.7
479db97d29218a8841488e693875407b,Localization Quality,AMCLPose,CovXX,0.00932896,111.7
479db97d29218a8841488e693875407b,Localization Quality,AMCLPose,MeanYaw,1.98511,111.7
479db97d29218a8841488e693875407b,Localization Quality,AMCLPose,MeanY,2.42704,111.7
479db97d29218a8841488e693875407b,Localization Quality,AMCLPose,MeanX,1.465,111.7
479db97d29218a8841488e693875407b,Localization Stability,TF,Jump Angular,-0.00057238,112.7
479db97d29218a8841488e693875407b,Localization Stability,TF,Jump Linear,0.0127212,112.7
479db97d29218a8841488e693875407b,Input Validity,Lidar,Lidar Rate,10,111.82
479db97d29218a8841488e693875407b,Input Validity,Odometry,Odometry Rate,50,111.82
479db97d29218a8841488e693875407b,Input Validity,TF,TF Rate,10,111.82
479db97d29218a8841488e693875407b,Localization Quality,AMCLPose,CovYawYaw,0.00330104,111.8
479db97d29218a8841488e693875407b,Localization Quality,AMCLPose,CovYY,0.00745129,111.8
479db97d29218a8841488e693875407b,Localization Quality,AMCLPose,CovXX,0.00575803,111.8
479db97d29218a8841488e693875407b,Localization Quality,AMCLPose,MeanYaw,2.14251,111.8
479db97d29218a8841488e693875407b,Localization Quality,AMCLPose,MeanY,2.42883,111.8
479db97d29218a8841488e693875407b,Localization Quality,AMCLPose,MeanX,1.46916,111.8
479db97d29218a8841488e693875407b,Localization Stability,TF,Jump Angular,-0.00240509,112.8
479db97d29218a8841488e693875407b,Localization Stability,TF,Jump Linear,0.00571898,112.8
479db97d29218a8841488e693875407b,Input Validity,Lidar,Lidar Rate,10,111.92
479db97d29218a8841488e693875407b,Input Validity,Odometry,Odometry Rate,50,111.92
479db97d29218a8841488e693875407b,Input Validity,TF,TF Rate,10,111.92
479db97d29218a8841488e693875407b,Localization Quality,AMCLPose,CovYawYaw,0.00474433,111.9
479db97d29218a8841488e693875407b,Localization Quality,AMCLPose,CovYY,0.00820067,111.9
479db97d29218a8841488e693875407b,Localization Quality,AMCLPose,CovXX,0.00537454,111.9
479db97d29218a8841488e693875407b,Localization Quality,AMCLPose,MeanYaw,2.31775,111.9
479db97d29218a8841488e693875407b,Localization Quality,AMCLPose,MeanY,2.43309,111.9
479db97d29218a8841488e693875407b,Localization Quality,AMCLPose,MeanX,1.46819,111.9
479db97d29218a8841488e693875407b,Localization Stability,TF,Jump Angular,-0.00244755,112.9
479db97d29218a8841488e693875407b,Localization Stability,TF,Jump Linear,0.0104864,112.9
479db97d29218a8841488e693875407b,Input Validity,Lidar,Lidar Rate,10,112.02
479db97d29218a8841488e693875407b,Input Validity,Odometry,Odometry Rate,50,112.02
479db97d29218a8841488e693875407b,Input Validity,TF,TF Rate,10,112.02
479db97d29218a8841488e693875407b,Localization Quality,AMCLPose,CovYawYaw,0.00584169,112
479db97d29218a8841488e693875407b,Localization Quality,AMCLPose,CovYY,0.00872841,112
479db97d29218a8841488e693875407b,Localization Quality,AMCLPose,CovXX,0.00664217,112
479db97d29218a8841488e693875407b,Localization Quality,AMCLPose,MeanYaw,2.513,112
479db97d29218a8841488e693875407b,Localization Quality,AMCLPose,MeanY,2.43549,112
479db97d29218a8841488e693875407b,Localization Quality,AMCLPose,MeanX,1.46895,112
479db97d29218a8841488e693875407b,Localization Stability,TF,Jump Angular,0.000859282,113
479db97d29218a8841488e693875407b,Localization Stability,TF,Jump Linear,0.00296482,113
479db97d29218a8841488e693875407b,Input Validity,Lidar,Lidar Rate,10,112.12
479db97d29218a8841488e693875407b,Input Validity,Odometry,Odometry Rate,50,112.12
479db97d29218a8841488e693875407b,Input Validity,TF,TF Rate,10,112.12
479db97d29218a8841488e693875407b,Localization Quality,AMCLPose,CovYawYaw,0.00596882,112.1
479db97d29218a8841488e693875407b,Localization Quality,AMCLPose,CovYY,0.0071562,112.1
479db97d29218a8841488e693875407b,Localization Quality,AMCLPose,CovXX,0.00446672,112.1
479db97d29218a8841488e693875407b,Localization Quality,AMCLPose,MeanYaw,2.72569,112.1
479db97d29218a8841488e693875407b,Localization Quality,AMCLPose,MeanY,2.42653,112.1
479db97d29218a8841488e693875407b,Localization Quality,AMCLPose,MeanX,1.48231,112.1
479db97d29218a8841488e693875407b,Localization Stability,TF,Jump Angular,0.00149105,113.1
479db97d29218a8841488e693875407b,Localization Stability,TF,Jump Linear,0.0202799,113.1
479db97d29218a8841488e693875407b,Input Validity,Lidar,Lidar Rate,10,112.22
479db97d29218a8841488e693875407b,Input Validity,Odometry,Odometry Rate,50,112.22
479db97d29218a8841488e693875407b,Input Validity,TF,TF Rate,10,112.22
479db97d29218a8841488e693875407b,Localization Quality,AMCLPose,CovYawYaw,0.00508969,112.2
479db97d29218a8841488e693875407b,Localization Quality,AMCLPose,CovYY,0.00534539,112.2
479db97d29218a8841488e693875407b,Localization Quality,AMCLPose,CovXX,0.00531664,112.2
479db97d29218a8841488e693875407b,Localization Quality,AMCLPose,MeanYaw,2.94506,112.2
479db97d29218a8841488e693875407b,Localization Quality,AMCLPose,MeanY,2.43118,112.2
479db97d29218a8841488e693875407b,Localization Quality,AMCLPose,MeanX,1.47899,112.2
479db97d29218a8841488e693875407b,Localization Stability,TF,Jump Angular,-0.000629874,113.2
479db97d29218a8841488e693875407b,Localization Stability,TF,Jump Linear,0.00739635,113.2
479db97d29218a8841488e693875407b,Input Validity,Lidar,Lidar Rate,10,112.32
479db97d29218a8841488e693875407b,Input Validity,Odometry,Odometry Rate,50,112.32
479db97d29218a8841488e693875407b,Input Validity,TF,TF Rate,10,112.32
479db97d29218a8841488e693875407b,Localization Quality,AMCLPose,CovYawYaw,0.00453251,112.3
479db97d29218a8841488e693875407b,Localization Quality,AMCLPose,CovYY,0.00421751,112.3
479db97d29218a8841488e693875407b,Localization Quality,AMCLPose,CovXX,0.00630173,112.3
479db97d29218a8841488e693875407b,Localization Quality,AMCLPose,MeanYaw,-3.12368,112.3
479db97d29218a8841488e693875407b,Localization Quality,AMCLPose,MeanY,2.43428,112.3
479db97d29218a8841488e693875407b,Localization Quality,AMCLPose,MeanX,1.47618,112.3
479db97d29218a8841488e693875407b,Localization Stability,TF,Jump Angular,-0.00255395,113.3
479db97d29218a8841488e693875407b,Localization Stability,TF,Jump Linear,0.0109638,113.3
479db97d29218a8841488e693875407b,Input Validity,Lidar,Lidar Rate,10,112.42
479db97d29218a8841488e693875407b,Input Validity,Odometry,Odometry Rate,50,112.42
479db97d29218a8841488e693875407b,Input Validity,TF,TF Rate,10,112.42
479db97d29218a8841488e693875407b,Localization Quality,AMCLPose,CovYawYaw,0.00385891,112.4
479db97d29218a8841488e693875407b,Localization Quality,AMCLPose,CovYY,0.00329497,112.4
479db97d29218a8841488e693875407b,Localization Quality,AMCLPose,CovXX,0.00727581,112.4
479db97d29218a8841488e693875407b,Localization Quality,AMCLPose,MeanYaw,-2.94589,112.4
479db97d29218a8841488e693875407b,Localization Quality,AMCLPose,MeanY,2.43778,112.4
479db97d29218a8841488e693875407b,Localization Quality,AMCLPose,MeanX,1.46803,112.4
479db97d29218a8841488e693875407b,Localization Stability,TF,Jump Angular,0.000288474,113.4
479db97d29218a8841488e693875407b,Localization Stability,TF,Jump Linear,0.00412352,113.4
479db97d29218a8841488e693875407b,Input Validity,Lidar,Lidar Rate,10,112.52
479db97d29218a8841488e693875407b,Input Validity,Odometry,Odometry Rate,50,112.52
479db97d29218a8841488e693875407b,Input Validity,TF,TF Rate,10,112.52
479db97d29218a8841488e693875407b,Localization Quality,AMCLPose,CovYawYaw,0.00282616,112.5
479db97d29218a8841488e693875407b,Localization Quality,AMCLPose,CovYY,0.0027931,112.5
479db97d29218a8841488e693875407b,Localization Quality,AMCLPose,CovXX,0.00671553,112.5
479db97d29218a8841488e693875407b,Localization Quality,AMCLPose,MeanYaw,-2.81951,112.5
479db97d29218a8841488e693875407b,Localization Quality,AMCLPose,MeanY,2.43602,112.5
479db97d29218a8841488e693875407b,Localization Quality,AMCLPose,MeanX,1.45559,112.5
479db97d29218a8841488e693875407b,Localization Stability,TF,Jump Angular,-0.00112455,113.5
479db97d29218a8841488e693875407b,Localization Stability,TF,Jump Linear,0.00428184,113.5
479db97d29218a8841488e693875407b,Input Validity,Lidar,Lidar Rate,10,112.62
479db97d29218a8841488e693875407b,Input Validity,Odometry,Odometry Rate,50,112.62
479db97d29218a8841488e693875407b,Input Validity,TF,TF Rate,10,112.62
479db97d29218a8841488e693875407b,Localization Quality,AMCLPose,CovYawYaw,0.00222793,112.6
479db97d29218a8841488e693875407b,Localization Quality,AMCLPose,CovYY,0.00255789,112.6
479db97d29218a8841488e693875407b,Localization Quality,AMCLPose,CovXX,0.00514896,112.6
479db97d29218a8841488e693875407b,Localization Quality,AMCLPose,MeanYaw,-2.74018,112.6
479db97d29218a8841488e693875407b,Localization Quality,AMCLPose,MeanY,2.42791,112.6
479db97d29218a8841488e693875407b,Localization Quality,AMCLPose,MeanX,1.44329,112.6
479db97d29218a8841488e693875407b,Localization Stability,TF,Jump Angular,0.00182979,113.6
479db97d29218a8841488e693875407b,Localization Stability,TF,Jump Linear,0.011205,113.6
479db97d29218a8841488e693875407b,Input Validity,Lidar,Lidar Rate,10,112.72
479db97d29218a8841488e693875407b,Input Validity,Odometry,Odometry Rate,50,112.72
479db97d29218a8841488e693875407b,Input Validity,TF,TF Rate,10,112.72
479db97d29218a8841488e693875407b,Localization Stability,TF,Jump Angular,0,113.7
479db97d29218a8841488e693875407b,Localization Stability,TF,Jump Linear,0,113.7
479db97d29218a8841488e693875407b,Input Validity,Lidar,Lidar Rate,10,112.82
479db97d29218a8841488e693875407b,Input Validity,Odometry,Odometry Rate,50,112.82
479db97d29218a8841488e693875407b,Input Validity,TF,TF Rate,10,112.82
479db97d29218a8841488e693875407b,Localization Quality,AMCLPose,CovYawYaw,0.00208315,112.8
479db97d29218a8841488e693875407b,Localization Quality,AMCLPose,CovYY,0.00225134,112.8
479db97d29218a8841488e693875407b,Localization Quality,AMCLPose,CovXX,0.00457738,112.8
479db97d29218a8841488e693875407b,Localization Quality,AMCLPose,MeanYaw,-2.67629,112.8
479db97d29218a8841488e693875407b,Localization Quality,AMCLPose,MeanY,2.4041,112.8
479db97d29218a8841488e693875407b,Localization Quality,AMCLPose,MeanX,1.39159,112.8
479db97d29218a8841488e693875407b,Localization Stability,TF,Jump Angular,0.000758315,113.8
479db97d29218a8841488e693875407b,Localization Stability,TF,Jump Linear,0.00527139,113.8
479db97d29218a8841488e693875407b,Input Validity,Lidar,Lidar Rate,10,112.92
479db97d29218a8841488e693875407b,Input Validity,Odometry,Odometry Rate,50,112.92
479db97d29218a8841488e693875407b,Input Validity,TF,TF Rate,10,112.92
479db97d29218a8841488e693875407b,Localization Stability,TF,Jump Angular,0,113.9
479db97d29218a8841488e693875407b,Localization Stability,TF,Jump Linear,0,113.9
479db97d29218a8841488e693875407b,Input Validity,Lidar,Lidar Rate,10,113.01
479db97d29218a8841488e693875407b,Input Validity,Odometry,Odometry Rate,50,113.01
479db97d29218a8841488e693875407b,Input Validity,TF,TF Rate,10,113.01
479db97d29218a8841488e693875407b,Localization Quality,AMCLPose,CovYawYaw,0.00206593,113
479db97d29218a8841488e693875407b,Localization Quality,AMCLPose,CovYY,0.00235705,113
479db97d29218a8841488e693875407b,Localization Quality,AMCLPose,CovXX,0.00447945,113
479db97d29218a8841488e693875407b,Localization Quality,AMCLPose,MeanYaw,-2.61536,113
479db97d29218a8841488e693875407b,Localization Quality,AMCLPose,MeanY,2.36447,113
479db97d29218a8841488e693875407b,Localization Quality,AMCLPose,MeanX,1.31962,113
479db97d29218a8841488e693875407b,Localization Stability,TF,Jump Angular,-0.000683575,114
479db97d29218a8841488e693875407b,Localization Stability,TF,Jump Linear,0.00298616,114
479db97d29218a8841488e693875407b,Input Validity,Lidar,Lidar Rate,10,113.11
479db97d29218a8841488e693875407b,Input Validity,Odometry,Odometry Rate,50,113.11
479db97d29218a8841488e693875407b,Input Validity,TF,TF Rate,10,113.11
479db97d29218a8841488e693875407b,Localization Stability,TF,Jump Angular,0,114.1
479db97d29218a8841488e693875407b,Localization Stability,TF,Jump Linear,0,114.1
479db97d29218a8841488e693875407b,Input Validity,Lidar,Lidar Rate,10,113.21
479db97d29218a8841488e693875407b,Input Validity,Odometry,Odometry Rate,50,113.21
479db97d29218a8841488e693875407b,Input Validity,TF,TF Rate,10,113.21
479db97d29218a8841488e693875407b,Localization Quality,AMCLPose,CovYawYaw,0.0020987,113.2
479db97d29218a8841488e693875407b,Localization Quality,AMCLPose,CovYY,0.00246112,113.2
479db97d29218a8841488e693875407b,Localization Quality,AMCLPose,CovXX,0.00428303,113.2
479db97d29218a8841488e693875407b,Localization Quality,AMCLPose,MeanYaw,-2.55337,113.2
479db97d29218a8841488e693875407b,Localization Quality,AMCLPose,MeanY,2.31731,113.2
479db97d29218a8841488e693875407b,Localization Quality,AMCLPose,MeanX,1.2441,113.2
479db97d29218a8841488e693875407b,Localization Stability,TF,Jump Angular,-0.00132887,114.2
479db97d29218a8841488e693875407b,Localization Stability,TF,Jump Linear,0.00317814,114.2
479db97d29218a8841488e693875407b,Input Validity,Lidar,Lidar Rate,10,113.31
479db97d29218a8841488e693875407b,Input Validity,Odometry,Odometry Rate,50,113.31
479db97d29218a8841488e693875407b,Input Validity,TF,TF Rate,10,113.31
479db97d29218a8841488e693875407b,Localization Stability,TF,Jump Angular,0,114.3
479db97d29218a8841488e693875407b,Localization Stability,TF,Jump Linear,0,114.3
479db97d29218a8841488e693875407b,Input Validity,Lidar,Lidar Rate,10,113.41
479db97d29218a8841488e693875407b,Input Validity,Odometry,Odometry Rate,50,113.41
479db97d29218a8841488e693875407b,Input Validity,TF,TF Rate,10,113.41
479db97d29218a8841488e693875407b,Localization Quality,AMCLPose,CovYawYaw,0.00288399,113.4
479db97d29218a8841488e693875407b,Localization Quality,AMCLPose,CovYY,0.00282573,113.4
479db97d29218a8841488e693875407b,Localization Quality,AMCLPose,CovXX,0.00473339,113.4
479db97d29218a8841488e693875407b,Localization Quality,AMCLPose,MeanYaw,-2.49637,113.4
479db97d29218a8841488e693875407b,Localization Quality,AMCLPose,MeanY,2.26417,113.4
479db97d29218a8841488e693875407b,Localization Quality,AMCLPose,MeanX,1.16929,113.4
479db97d29218a8841488e693875407b,Localization Stability,TF,Jump Angular,0.00125262,114.4
479db97d29218a8841488e693875407b,Localization Stability,TF,Jump Linear,0.00297816,114.4
479db97d29218a8841488e693875407b,Input Validity,Lidar,Lidar Rate,10,113.51
479db97d29218a8841488e693875407b,Input Validity,Odometry,Odometry Rate,50,113.51
479db97d29218a8841488e693875407b,Input Validity,TF,TF Rate,10,113.51
479db97d29218a8841488e693875407b,Localization Stability,TF,Jump Angular,0,114.5
479db97d29218a8841488e693875407b,Localization Stability,TF,Jump Linear,0,114.5
479db97d29218a8841488e693875407b,Input Validity,Lidar,Lidar Rate,10,113.61
479db97d29218a8841488e693875407b,Input Validity,Odometry,Odometry Rate,50,113.61
479db97d29218a8841488e693875407b,Input Validity,TF,TF Rate,10,113.61
479db97d29218a8841488e693875407b,Localization Stability,TF,Jump Angular,0,114.6
479db97d29218a8841488e693875407b,Localization Stability,TF,Jump Linear,0,114.6
479db97d29218a8841488e693875407b,Input Validity,Lidar,Lidar Rate,10,113.71
479db97d29218a8841488e693875407b,Input Validity,Odometry,Odometry Rate,50,113.71
479db97d29218a8841488e693875407b,Input Validity,TF,TF Rate,10,113.71
479db97d29218a8841488e693875407b,Localization Quality,AMCLPose,CovYawYaw,0.00488701,113.7
479db97d29218a8841488e693875407b,Localization Quality,AMCLPose,CovYY,0.00357348,113.7
479db97d29218a8841488e693875407b,Localization Quality,AMCLPose,CovXX,0.0053647,113.7
479db97d29218a8841488e693875407b,Localization Quality,AMCLPose,MeanYaw,-2.42508,113.7
479db97d29218a8841488e693875407b,Localization Quality,AMCLPose,MeanY,2.17757,113.7
479db97d29218a8841488e693875407b,Localization Quality,AMCLPose,MeanX,1.0642,113.7
479db97d29218a8841488e693875407b,Localization Stability,TF,Jump Angular,0.000122278,114.7
479db97d29218a8841488e693875407b,Localization Stability,TF,Jump Linear,0.00160588,114.7
479db97d29218a8841488e693875407b,Input Validity,Lidar,Lidar Rate,10,113.81
479db97d29218a8841488e693875407b,Input Validity,Odometry,Odometry Rate,50,113.81
479db97d29218a8841488e693875407b,Input Validity,TF,TF Rate,10,113.81
479db97d29218a8841488e693875407b,Localization Stability,TF,Jump Angular,0,114.8
479db97d29218a8841488e693875407b,Localization Stability,TF,Jump Linear,0,114.8
479db97d29218a8841488e693875407b,Input Validity,Lidar,Lidar Rate,10,113.91
479db97d29218a8841488e693875407b,Input Validity,Odometry,Odometry Rate,50,113.91
479db97d29218a8841488e693875407b,Input Validity,TF,TF Rate,10,113.91
479db97d29218a8841488e693875407b,Localization Stability,TF,Jump Angular,0,114.9
479db97d29218a8841488e693875407b,Localization Stability,TF,Jump Linear,0,114.9
479db97d29218a8841488e693875407b,Input Validity,Lidar,Lidar Rate,10,114.01
479db97d29218a8841488e693875407b,Input Validity,Odometry,Odometry Rate,50,114.01
479db97d29218a8841488e693875407b,Input Validity,TF,TF Rate,10,114.01
479db97d29218a8841488e693875407b,Localization Quality,AMCLPose,CovYawYaw,0.00691398,114
479db97d29218a8841488e693875407b,Localization Quality,AMCLPose,CovYY,0.00439238,114
479db97d29218a8841488e693875407b,Localization Quality,AMCLPose,CovXX,0.00609985,114
479db97d29218a8841488e693875407b,Localization Quality,AMCLPose,MeanYaw,-2.3847,114
479db97d29218a8841488e693875407b,Localization Quality,AMCLPose,MeanY,2.08599,114
479db97d29218a8841488e693875407b,Localization Quality,AMCLPose,MeanX,0.96506,114
479db97d29218a8841488e693875407b,Localization Stability,TF,Jump Angular,-0.00255324,115
479db97d29218a8841488e693875407b,Localization Stability,TF,Jump Linear,0.00528963,115
479db97d29218a8841488e693875407b,Input Validity,Lidar,Lidar Rate,10,114.11
479db97d29218a8841488e693875407b,Input Validity,Odometry,Odometry Rate,50,114.11
479db97d29218a8841488e693875407b,Input Validity,TF,TF Rate,10,114.11
479db97d29218a8841488e693875407b,Localization Stability,TF,Jump Angular,0,115.1
479db97d29218a8841488e693875407b,Localization Stability,TF,Jump Linear,0,115.1
479db97d29218a8841488e693875407b,Input Validity,Lidar,Lidar Rate,10,114.21
479db97d29218a8841488e693875407b,Input Validity,Odometry,Odometry Rate,50,114.21
479db97d29218a8841488e693875407b,Input Validity,TF,TF Rate,10,114.21
479db97d29218a8841488e693875407b,Localization Stability,TF,Jump Angular,0,115.2
479db97d29218a8841488e693875407b,Localization Stability,TF,Jump Linear,0,115.2
479db97d29218a8841488e693875407b,Input Validity,Lidar,Lidar Rate,10,114.31
479db97d29218a8841488e693875407b,Input Validity,Odometry,Odometry Rate,50,114.31
479db97d29218a8841488e693875407b,Input Validity,TF,TF Rate,10,114.31
479db97d29218a8841488e693875407b,Localization Quality,AMCLPose,CovYawYaw,0.00852738,114.3
479db97d29218a8841488e693875407b,Localization Quality,AMCLPose,CovYY,0.00525661,114.3
479db97d29218a8841488e693875407b,Localization Quality,AMCLPose,CovXX,0.00695233,114.3
479db97d29218a8841488e693875407b,Localization Quality,AMCLPose,MeanYaw,-2.37144,114.3
479db97d29218a8841488e693875407b,Localization Quality,AMCLPose,MeanY,1.99393,114.3
479db97d29218a8841488e693875407b,Localization Quality,AMCLPose,MeanX,0.867022,114.3
479db97d29218a8841488e693875407b,Localization Stability,TF,Jump Angular,-0.00105516,115.3
479db97d29218a8841488e693875407b,Localization Stability,TF,Jump Linear,0.00349369,115.3
479db97d29218a8841488e693875407b,Input Validity,Lidar,Lidar Rate,10,114.4
479db97d29218a8841488e693875407b,Input Validity,Odometry,Odometry Rate,50,114.4
479db97d29218a8841488e693875407b,Input Validity,TF,TF Rate,10,114.4
479db97d29218a8841488e693875407b,Localization Stability,TF,Jump Angular,0,115.4
479db97d29218a8841488e693875407b,Localization Stability,TF,Jump Linear,0,115.4
479db97d29218a8841488e693875407b,Input Validity,Lidar,Lidar Rate,10,114.5
479db97d29218a8841488e693875407b,Input Validity,Odometry,Odometry Rate,50,114.5
479db97d29218a8841488e693875407b,Input Validity,TF,TF Rate,10,114.5
479db97d29218a8841488e693875407b,Localization Stability,TF,Jump Angular,0,115.5
479db97d29218a8841488e693875407b,Localization Stability,TF,Jump Linear,0,115.5
479db97d29218a8841488e693875407b,Input Validity,Lidar,Lidar Rate,10,114.6
479db97d29218a8841488e693875407b,Input Validity,Odometry,Odometry Rate,50,114.6
479db97d29218a8841488e693875407b,Input Validity,TF,TF Rate,10,114.6
479db97d29218a8841488e693875407b,Localization Quality,AMCLPose,CovYawYaw,0.0105996,114.6
479db97d29218a8841488e693875407b,Localization Quality,AMCLPose,CovYY,0.00642438,114.6
479db97d29218a8841488e693875407b,Localization Quality,AMCLPose,CovXX,0.00823481,114.6
479db97d29218a8841488e693875407b,Localization Quality,AMCLPose,MeanYaw,-2.3594,114.6
479db97d29218a8841488e693875407b,Localization Quality,AMCLPose,MeanY,1.90054,114.6
479db97d29218a8841488e693875407b,Localization Quality,AMCLPose,MeanX,0.772223,114.6
479db97d29218a8841488e693875407b,Localization Stability,TF,Jump Angular,0.00131945,115.6
479db97d29218a8841488e693875407b,Localization Stability,TF,Jump Linear,0.00393594,115.6
479db97d29218a8841488e693875407b,Input Validity,Lidar,Lidar Rate,10,114.7
479db97d29218a8841488e693875407b,Input Validity,Odometry,Odometry Rate,50,114.7
479db97d29218a8841488e693875407b,Input Validity,TF,TF Rate,10,114.7
479db97d29218a8841488e693875407b,Localization Stability,TF,Jump Angular,0,115.7
479db97d29218a8841488e693875407b,Localization Stability,TF,Jump Linear,0,115.7
479db97d29218a8841488e693875407b,Input Validity,Lidar,Lidar Rate,10,114.8
479db97d29218a8841488e693875407b,Input Validity,Odometry,Odometry Rate,50,114.8
479db97d29218a8841488e693875407b,Input Validity,TF,TF Rate,10,114.8
479db97d29218a8841488e693875407b,Localization Stability,TF,Jump Angular,0,115.8
479db97d29218a8841488e693875407b,Localization Stability,TF,Jump Linear,0,115.8
479db97d29218a8841488e693875407b,Input Validity,Lidar,Lidar Rate,10,114.9
479db97d29218a8841488e693875407b,Input Validity,Odometry,Odometry Rate,50,114.9
479db97d29218a8841488e693875407b,Input Validity,TF,TF Rate,10,114.9
479db97d29218a8841488e693875407b,Localization Quality,AMCLPose,CovYawYaw,0.011939,114.9
479db97d29218a8841488e693875407b,Localization Quality,AMCLPose,CovYY,0.00790579,114.9
479db97d29218a8841488e693875407b,Localization Quality,AMCLPose,CovXX,0.00961335,114.9
479db97d29218a8841488e693875407b,Localization Quality,AMCLPose,MeanYaw,-2.35362,114.9
479db97d29218a8841488e693875407b,Localization Quality,AMCLPose,MeanY,1.80614,114.9
479db97d29218a8841488e693875407b,Localization Quality,AMCLPose,MeanX,0.678319,114.9
479db97d29218a8841488e693875407b,Localization Stability,TF,Jump Angular,-0.00146679,115.9
479db97d29218a8841488e693875407b,Localization Stability,TF,Jump Linear,0.00243834,115.9
479db97d29218a8841488e693875407b,Input Validity,Lidar,Lidar Rate,10,115
479db97d29218a8841488e693875407b,Input Validity,Odometry,Odometry Rate,50,115
479db97d29218a8841488e693875407b,Input Validity,TF,TF Rate,10,115
479db97d29218a8841488e693875407b,Input Validity,Lidar,Lidar Rate,10,115.1
479db97d29218a8841488e693875407b,Input Validity,Odometry,Odometry Rate,50,115.1
479db97d29218a8841488e693875407b,Input Validity,TF,TF Rate,10,115.1
479db97d29218a8841488e693875407b,Localization Stability,TF,Jump Angular,0,116
479db97d29218a8841488e693875407b,Localization Stability,TF,Jump Linear,0,116
479db97d29218a8841488e693875407b,Localization Stability,TF,Jump Angular,0,116.1
479db97d29218a8841488e693875407b,Localization Stability,TF,Jump Linear,0,116.1
479db97d29218a8841488e693875407b,Input Validity,Lidar,Lidar Rate,10,115.2
479db97d29218a8841488e693875407b,Input Validity,Odometry,Odometry Rate,50,115.2
479db97d29218a8841488e693875407b,Input Validity,TF,TF Rate,10,115.2
479db97d29218a8841488e693875407b,Localization Quality,AMCLPose,CovYawYaw,0.0136846,115.2
479db97d29218a8841488e693875407b,Localization Quality,AMCLPose,CovYY,0.009204,115.2
479db97d29218a8841488e693875407b,Localization Quality,AMCLPose,CovXX,0.0111015,115.2
479db97d29218a8841488e693875407b,Localization Quality,AMCLPose,MeanYaw,-2.36028,115.2
479db97d29218a8841488e693875407b,Localization Quality,AMCLPose,MeanY,1.71266,115.2
479db97d29218a8841488e693875407b,Localization Quality,AMCLPose,MeanX,0.582181,115.2
479db97d29218a8841488e693875407b,Localization Stability,TF,Jump Angular,-0.000911379,116.2
479db97d29218a8841488e693875407b,Localization Stability,TF,Jump Linear,0.00342208,116.2
479db97d29218a8841488e693875407b,Input Validity,Lidar,Lidar Rate,10,115.3
479db97d29218a8841488e693875407b,Input Validity,Odometry,Odometry Rate,50,115.3
479db97d29218a8841488e693875407b,Input Validity,TF,TF Rate,10,115.3
479db97d29218a8841488e693875407b,Localization Stability,TF,Jump Angular,0,116.3
479db97d29218a8841488e693875407b,Localization Stability,TF,Jump Linear,0,116.3
479db97d29218a8841488e693875407b,Input Validity,Lidar,Lidar Rate,10,115.4
479db97d29218a8841488e693875407b,Input Validity,Odometry,Odometry Rate,50,115.4
479db97d29218a8841488e693875407b,Input Validity,TF,TF Rate,10,115.4
479db97d29218a8841488e693875407b,Localization Stability,TF,Jump Angular,0,116.4
479db97d29218a8841488e693875407b,Localization Stability,TF,Jump Linear,0,116.4
479db97d29218a8841488e693875407b,Input Validity,Lidar,Lidar Rate,10,115.5
479db97d29218a8841488e693875407b,Input Validity,Odometry,Odometry Rate,50,115.5
479db97d29218a8841488e693875407b,Input Validity,TF,TF Rate,10,115.5
479db97d29218a8841488e693875407b,Localization Quality,AMCLPose,CovYawYaw,0.0156552,115.5
479db97d29218a8841488e693875407b,Localization Quality,AMCLPose,CovYY,0.0108186,115.5
479db97d29218a8841488e693875407b,Localization Quality,AMCLPose,CovXX,0.0123516,115.5
479db97d29218a8841488e693875407b,Localization Quality,AMCLPose,MeanYaw,-2.36603,115.5
479db97d29218a8841488e693875407b,Localization Quality,AMCLPose,MeanY,1.62121,115.5
479db97d29218a8841488e693875407b,Localization Quality,AMCLPose,MeanX,0.484555,115.5
479db97d29218a8841488e693875407b,Localization Stability,TF,Jump Angular,-0.000878617,116.5
479db97d29218a8841488e693875407b,Localization Stability,TF,Jump Linear,0.00479329,116.5
479db97d29218a8841488e693875407b,Input Validity,Lidar,Lidar Rate,10,115.6
479db97d29218a8841488e693875407b,Input Validity,Odometry,Odometry Rate,50,115.6
479db97d29218a8841488e693875407b,Input Validity,TF,TF Rate,10,115.6
479db97d29218a8841488e693875407b,Localization Stability,TF,Jump Angular,0,116.6
479db97d29218a8841488e693875407b,Localization Stability,TF,Jump Linear,0,116.6
479db97d29218a8841488e693875407b,Input Validity,Lidar,Lidar Rate,10,115.7
479db97d29218a8841488e693875407b,Input Validity,Odometry,Odometry Rate,50,115.7
479db97d29218a8841488e693875407b,Input Validity,TF,TF Rate,10,115.7
479db97d29218a8841488e693875407b,Localization Stability,TF,Jump Angular,0,116.7
479db97d29218a8841488e693875407b,Localization Stability,TF,Jump Linear,0,116.7
479db97d29218a8841488e693875407b,Input Validity,Lidar,Lidar Rate,10,115.8
479db97d29218a8841488e693875407b,Input Validity,Odometry,Odometry Rate,50,115.8
479db97d29218a8841488e693875407b,Input Validity,TF,TF Rate,10,115.8
479db97d29218a8841488e693875407b,Localization Quality,AMCLPose,CovYawYaw,0.017404,115.8
479db97d29218a8841488e693875407b,Localization Quality,AMCLPose,CovYY,0.0120885,115.8
479db97d29218a8841488e693875407b,Localization Quality,AMCLPose,CovXX,0.0141137,115.8
479db97d29218a8841488e693875407b,Localization Quality,AMCLPose,MeanYaw,-2.36899,115.8
479db97d29218a8841488e693875407b,Localization Quality,AMCLPose,MeanY,1.52666,115.8
479db97d29218a8841488e693875407b,Localization Quality,AMCLPose,MeanX,0.388534,115.8
479db97d29218a8841488e693875407b,Localization Stability,TF,Jump Angular,0.000365163,116.8
479db97d29218a8841488e693875407b,Localization Stability,TF,Jump Linear,0.00111455,116.8
479db97d29218a8841488e693875407b,Input Validity,Lidar,Lidar Rate,10,115.9
479db97d29218a8841488e693875407b,Input Validity,Odometry,Odometry Rate,50,115.9
479db97d29218a8841488e693875407b,Input Validity,TF,TF Rate,10,115.9
479db97d29218a8841488e693875407b,Localization Stability,TF,Jump Angular,0,116.9
479db97d29218a8841488e693875407b,Localization Stability,TF,Jump Linear,0,116.9
479db97d29218a8841488e693875407b,Input Validity,Lidar,Lidar Rate,10,116
479db97d29218a8841488e693875407b,Input Validity,Odometry,Odometry Rate,50,116
479db97d29218a8841488e693875407b,Input Validity,TF,TF Rate,10,116
479db97d29218a8841488e693875407b,Localization Stability,TF,Jump Angular,0,117
479db97d29218a8841488e693875407b,Localization Stability,TF,Jump Linear,0,117
479db97d29218a8841488e693875407b,Input Validity,Lidar,Lidar Rate,10,116.1
479db97d29218a8841488e693875407b,Input Validity,Odometry,Odometry Rate,50,116.1
479db97d29218a8841488e693875407b,Input Validity,TF,TF Rate,10,116.1
479db97d29218a8841488e693875407b,Input Validity,Lidar,Lidar Rate,10,116.19
479db97d29218a8841488e693875407b,Input Validity,Odometry,Odometry Rate,50,116.19
479db97d29218a8841488e693875407b,Input Validity,TF,TF Rate,10,116.19
479db97d29218a8841488e693875407b,Localization Quality,AMCLPose,CovYawYaw,0.0200134,116.1
479db97d29218a8841488e693875407b,Localization Quality,AMCLPose,CovYY,0.0143083,116.1
479db97d29218a8841488e693875407b,Localization Quality,AMCLPose,CovXX,0.0166203,116.1
479db97d29218a8841488e693875407b,Localization Quality,AMCLPose,MeanYaw,-2.36683,116.1
479db97d29218a8841488e693875407b,Localization Quality,AMCLPose,MeanY,1.437,116.1
479db97d29218a8841488e693875407b,Localization Quality,AMCLPose,MeanX,0.288744,116.1
479db97d29218a8841488e693875407b,Localization Stability,TF,Jump Angular,-0.00376532,117.1
479db97d29218a8841488e693875407b,Localization Stability,TF,Jump Linear,0.0101961,117.1
479db97d29218a8841488e693875407b,Localization Stability,TF,Jump Angular,0,117.2
479db97d29218a8841488e693875407b,Localization Stability,TF,Jump Linear,0,117.2
479db97d29218a8841488e693875407b,Input Validity,Lidar,Lidar Rate,10,116.29
479db97d29218a8841488e693875407b,Input Validity,Odometry,Odometry Rate,50,116.29
479db97d29218a8841488e693875407b,Input Validity,TF,TF Rate,10,116.29
479db97d29218a8841488e693875407b,Localization Stability,TF,Jump Angular,0,117.3
479db97d29218a8841488e693875407b,Localization Stability,TF,Jump Linear,0,117.3
479db97d29218a8841488e693875407b,Input Validity,Lidar,Lidar Rate,10,116.39
479db97d29218a8841488e693875407b,Input Validity,Odometry,Odometry Rate,50,116.39
479db97d29218a8841488e693875407b,Input Validity,TF,TF Rate,10,116.39
479db97d29218a8841488e693875407b,Localization Quality,AMCLPose,CovYawYaw,0.0221396,116.4
479db97d29218a8841488e693875407b,Localization Quality,AMCLPose,CovYY,0.0179114,116.4
479db97d29218a8841488e693875407b,Localization Quality,AMCLPose,CovXX,0.019472,116.4
479db97d29218a8841488e693875407b,Localization Quality,AMCLPose,MeanYaw,-2.35493,116.4
479db97d29218a8841488e693875407b,Localization Quality,AMCLPose,MeanY,1.34292,116.4
479db97d29218a8841488e693875407b,Localization Quality,AMCLPose,MeanX,0.197816,116.4
479db97d29218a8841488e693875407b,Localization Stability,TF,Jump Angular,0.000785917,117.4
479db97d29218a8841488e693875407b,Localization Stability,TF,Jump Linear,0.00599839,117.4
479db97d29218a8841488e693875407b,Input Validity,Lidar,Lidar Rate,10,116.49
479db97d29218a8841488e693875407b,Input Validity,Odometry,Odometry Rate,50,116.49
479db97d29218a8841488e693875407b,Input Validity,TF,TF Rate,10,116.49
479db97d29218a8841488e693875407b,Localization Stability,TF,Jump Angular,0,117.5
479db97d29218a8841488e693875407b,Localization Stability,TF,Jump Linear,0,117.5
479db97d29218a8841488e693875407b,Input Validity,Lidar,Lidar Rate,10,116.59
479db97d29218a8841488e693875407b,Input Validity,Odometry,Odometry Rate,50,116.59
479db97d29218a8841488e693875407b,Input Validity,TF,TF Rate,10,116.59
479db97d29218a8841488e693875407b,Input Validity,Lidar,Lidar Rate,10,116.69
479db97d29218a8841488e693875407b,Input Validity,Odometry,Odometry Rate,50,116.69
479db97d29218a8841488e693875407b,Input Validity,TF,TF Rate,10,116.69
479db97d29218a8841488e693875407b,Localization Stability,TF,Jump Angular,0,117.6
479db97d29218a8841488e693875407b,Localization Stability,TF,Jump Linear,0,117.6
479db97d29218a8841488e693875407b,Localization Stability,TF,Jump Angular,0,117.7
479db97d29218a8841488e693875407b,Localization Stability,TF,Jump Linear,0,117.7
479db97d29218a8841488e693875407b,Input Validity,Lidar,Lidar Rate,10,116.79
479db97d29218a8841488e693875407b,Input Validity,Odometry,Odometry Rate,50,116.79
479db97d29218a8841488e693875407b,Input Validity,TF,TF Rate,10,116.79
479db97d29218a8841488e693875407b,Input Validity,Lidar,Lidar Rate,10,116.89
479db97d29218a8841488e693875407b,Input Validity,Odometry,Odometry Rate,50,116.89
479db97d29218a8841488e693875407b,Input Validity,TF,TF Rate,10,116.89
479db97d29218a8841488e693875407b,Localization Quality,AMCLPose,CovYawYaw,0.0245571,116.8
479db97d29218a8841488e693875407b,Localization Quality,AMCLPose,CovYY,0.0225898,116.8
479db97d29218a8841488e693875407b,Localization Quality,AMCLPose,CovXX,0.0234965,116.8
479db97d29218a8841488e693875407b,Localization Quality,AMCLPose,MeanYaw,-2.34384,116.8
479db97d29218a8841488e693875407b,Localization Quality,AMCLPose,MeanY,1.21301,116.8
479db97d29218a8841488e693875407b,Localization Quality,AMCLPose,MeanX,0.0744437,116.8
479db97d29218a8841488e693875407b,Localization Stability,TF,Jump Angular,-0.000532889,117.8
479db97d29218a8841488e693875407b,Localization Stability,TF,Jump Linear,0.00287537,117.8
479db97d29218a8841488e693875407b,Localization Stability,TF,Jump Angular,0,117.9
479db97d29218a8841488e693875407b,Localization Stability,TF,Jump Linear,0,117.9
479db97d29218a8841488e693875407b,Input Validity,Lidar,Lidar Rate,10,116.99
479db97d29218a8841488e693875407b,Input Validity,Odometry,Odometry Rate,50,116.99
479db97d29218a8841488e693875407b,Input Validity,TF,TF Rate,10,116.99
479db97d29218a8841488e693875407b,Localization Stability,TF,Jump Angular,0,118
479db97d29218a8841488e693875407b,Localization Stability,TF,Jump Linear,0,118
479db97d29218a8841488e693875407b,Input Validity,Lidar,Lidar Rate,10,117.09
479db97d29218a8841488e693875407b,Input Validity,Odometry,Odometry Rate,50,117.09
479db97d29218a8841488e693875407b,Input Validity,TF,TF Rate,10,117.09
479db97d29218a8841488e693875407b,Localization Stability,TF,Jump Angular,0,118.1
479db97d29218a8841488e693875407b,Localization Stability,TF,Jump Linear,0,118.1
479db97d29218a8841488e693875407b,Input Validity,Lidar,Lidar Rate,10,117.19
479db97d29218a8841488e693875407b,Input Validity,Odometry,Odometry Rate,50,117.19
479db97d29218a8841488e693875407b,Input Validity,TF,TF Rate,10,117.19
479db97d29218a8841488e693875407b,Localization Quality,AMCLPose,CovYawYaw,0.0278191,117.2
479db97d29218a8841488e693875407b,Localization Quality,AMCLPose,CovYY,0.0286675,117.2
479db97d29218a8841488e693875407b,Localization Quality,AMCLPose,CovXX,0.0281216,117.2
479db97d29218a8841488e693875407b,Localization Quality,AMCLPose,MeanYaw,-2.34287,117.2
479db97d29218a8841488e693875407b,Localization Quality,AMCLPose,MeanY,1.08007,117.2
479db97d29218a8841488e693875407b,Localization Quality,AMCLPose,MeanX,-0.045103,117.2
479db97d29218a8841488e693875407b,Localization Stability,TF,Jump Angular,0.00342239,118.2
479db97d29218a8841488e693875407b,Localization Stability,TF,Jump Linear,0.0102065,118.2
479db97d29218a8841488e693875407b,Input Validity,Lidar,Lidar Rate,10,117.29
479db97d29218a8841488e693875407b,Input Validity,Odometry,Odometry Rate,50,117.29
479db97d29218a8841488e693875407b,Input Validity,TF,TF Rate,10,117.29
479db97d29218a8841488e693875407b,Input Validity,Lidar,Lidar Rate,10,117.39
479db97d29218a8841488e693875407b,Input Validity,Odometry,Odometry Rate,50,117.39
479db97d29218a8841488e693875407b,Input Validity,TF,TF Rate,10,117.39
479db97d29218a8841488e693875407b,Localization Stability,TF,Jump Angular,0,118.3
479db97d29218a8841488e693875407b,Localization Stability,TF,Jump Linear,0,118.3
479db97d29218a8841488e693875407b,Localization Stability,TF,Jump Angular,0,118.4
479db97d29218a8841488e693875407b,Localization Stability,TF,Jump Linear,0,118.4
479db97d29218a8841488e693875407b,Input Validity,Lidar,Lidar Rate,10,117.49
479db97d29218a8841488e693875407b,Input Validity,Odometry,Odometry Rate,50,117.49
479db97d29218a8841488e693875407b,Input Validity,TF,TF Rate,10,117.49
479db97d29218a8841488e693875407b,Localization Stability,TF,Jump Angular,0,118.5
479db97d29218a8841488e693875407b,Localization Stability,TF,Jump Linear,0,118.5
479db97d29218a8841488e693875407b,Input Validity,Lidar,Lidar Rate,10,117.59
479db97d29218a8841488e693875407b,Input Validity,Odometry,Odometry Rate,50,117.59
479db97d29218a8841488e693875407b,Input Validity,TF,TF Rate,10,117.59
479db97d29218a8841488e693875407b,Localization Quality,AMCLPose,CovYawYaw,0.0313152,117.6
479db97d29218a8841488e693875407b,Localization Quality,AMCLPose,CovYY,0.035892,117.6
479db97d29218a8841488e693875407b,Localization Quality,AMCLPose,CovXX,0.0334731,117.6
479db97d29218a8841488e693875407b,Localization Quality,AMCLPose,MeanYaw,-2.35273,117.6
479db97d29218a8841488e693875407b,Localization Quality,AMCLPose,MeanY,0.957984,117.6
479db97d29218a8841488e693875407b,Localization Quality,AMCLPose,MeanX,-0.173073,117.6
479db97d29218a8841488e693875407b,Localization Stability,TF,Jump Angular,-0.00296573,118.6
479db97d29218a8841488e693875407b,Localization Stability,TF,Jump Linear,0.00759898,118.6
479db97d29218a8841488e693875407b,Input Validity,Lidar,Lidar Rate,10,117.69
479db97d29218a8841488e693875407b,Input Validity,Odometry,Odometry Rate,50,117.69
479db97d29218a8841488e693875407b,Input Validity,TF,TF Rate,10,117.69
479db97d29218a8841488e693875407b,Localization Stability,TF,Jump Angular,0,118.7
479db97d29218a8841488e693875407b,Localization Stability,TF,Jump Linear,0,118.7
479db97d29218a8841488e693875407b,Input Validity,Lidar,Lidar Rate,10,117.78
479db97d29218a8841488e693875407b,Input Validity,Odometry,Odometry Rate,50,117.78
479db97d29218a8841488e693875407b,Input Validity,TF,TF Rate,10,117.78
479db97d29218a8841488e693875407b,Localization Stability,TF,Jump Angular,0,118.8
479db97d29218a8841488e693875407b,Localization Stability,TF,Jump Linear,0,118.8
479db97d29218a8841488e693875407b,Input Validity,Lidar,Lidar Rate,10,117.88
479db97d29218a8841488e693875407b,Input Validity,Odometry,Odometry Rate,50,117.88
479db97d29218a8841488e693875407b,Input Validity,TF,TF Rate,10,117.88
479db97d29218a8841488e693875407b,Input Validity,Lidar,Lidar Rate,10,117.98
479db97d29218a8841488e693875407b,Input Validity,Odometry,Odometry Rate,50,117.98
479db97d29218a8841488e693875407b,Input Validity,TF,TF Rate,10,117.98
479db97d29218a8841488e693875407b,Localization Stability,TF,Jump Angular,0,118.9
479db97d29218a8841488e693875407b,Localization Stability,TF,Jump Linear,0,118.9
479db97d29218a8841488e693875407b,Localization Quality,AMCLPose,CovYawYaw,0.0344495,118
479db97d29218a8841488e693875407b,Localization Quality,AMCLPose,CovYY,0.0447554,118
479db97d29218a8841488e693875407b,Localization Quality,AMCLPose,CovXX,0.0382808,118
479db97d29218a8841488e693875407b,Localization Quality,AMCLPose,MeanYaw,-2.35605,118
479db97d29218a8841488e693875407b,Localization Quality,AMCLPose,MeanY,0.830536,118
479db97d29218a8841488e693875407b,Localization Quality,AMCLPose,MeanX,-0.294668,118
479db97d29218a8841488e693875407b,Localization Stability,TF,Jump Angular,0.00180676,119
479db97d29218a8841488e693875407b,Localization Stability,TF,Jump Linear,0.00692346,119
479db97d29218a8841488e693875407b,Input Validity,Lidar,Lidar Rate,10,118.08
479db97d29218a8841488e693875407b,Input Validity,Odometry,Odometry Rate,50,118.08
479db97d29218a8841488e693875407b,Input Validity,TF,TF Rate,10,118.08
479db97d29218a8841488e693875407b,Localization Stability,TF,Jump Angular,0,119.1
479db97d29218a8841488e693875407b,Localization Stability,TF,Jump Linear,0,119.1
479db97d29218a8841488e693875407b,Input Validity,Lidar,Lidar Rate,10,118.18
479db97d29218a8841488e693875407b,Input Validity,Odometry,Odometry Rate,50,118.18
479db97d29218a8841488e693875407b,Input Validity,TF,TF Rate,10,118.18
479db97d29218a8841488e693875407b,Input Validity,Lidar,Lidar Rate,10,118.28
479db97d29218a8841488e693875407b,Input Validity,Odometry,Odometry Rate,50,118.28
479db97d29218a8841488e693875407b,Input Validity,TF,TF Rate,10,118.28
479db97d29218a8841488e693875407b,Localization Stability,TF,Jump Angular,0,119.2
479db97d29218a8841488e693875407b,Localization Stability,TF,Jump Linear,0,119.2
479db97d29218a8841488e693875407b,Localization Stability,TF,Jump Angular,0,119.3
479db97d29218a8841488e693875407b,Localization Stability,TF,Jump Linear,0,119.3
479db97d29218a8841488e693875407b,Input Validity,Lidar,Lidar Rate,10,118.38
479db97d29218a8841488e693875407b,Input Validity,Odometry,Odometry Rate,50,118.38
479db97d29218a8841488e693875407b,Input Validity,TF,TF Rate,10,118.38
479db97d29218a8841488e693875407b,Localization Quality,AMCLPose,CovYawYaw,0.0383709,118.4
479db97d29218a8841488e693875407b,Localization Quality,AMCLPose,CovYY,0.0550013,118.4
479db97d29218a8841488e693875407b,Localization Quality,AMCLPose,CovXX,0.0465247,118.4
479db97d29218a8841488e693875407b,Localization Quality,AMCLPose,MeanYaw,-2.34703,118.4
479db97d29218a8841488e693875407b,Localization Quality,AMCLPose,MeanY,0.70402,118.4
479db97d29218a8841488e693875407b,Localization Quality,AMCLPose,MeanX,-0.416259,118.4
479db97d29218a8841488e693875407b,Localization Stability,TF,Jump Angular,0.000345549,119.4
479db97d29218a8841488e693875407b,Localization Stability,TF,Jump Linear,0.00540979,119.4
479db97d29218a8841488e693875407b,Input Validity,Lidar,Lidar Rate,10,118.48
479db97d29218a8841488e693875407b,Input Validity,Odometry,Odometry Rate,50,118.48
479db97d29218a8841488e693875407b,Input Validity,TF,TF Rate,10,118.48
479db97d29218a8841488e693875407b,Localization Stability,TF,Jump Angular,0,119.5
479db97d29218a8841488e693875407b,Localization Stability,TF,Jump Linear,0,119.5
479db97d29218a8841488e693875407b,Input Validity,Lidar,Lidar Rate,10,118.58
479db97d29218a8841488e693875407b,Input Validity,Odometry,Odometry Rate,50,118.58
479db97d29218a8841488e693875407b,Input Validity,TF,TF Rate,10,118.58
479db97d29218a8841488e693875407b,Input Validity,Lidar,Lidar Rate,10,118.68
479db97d29218a8841488e693875407b,Input Validity,Odometry,Odometry Rate,50,118.68
479db97d29218a8841488e693875407b,Input Validity,TF,TF Rate,10,118.68
479db97d29218a8841488e693875407b,Localization Stability,TF,Jump Angular,0,119.6
479db97d29218a8841488e693875407b,Localization Stability,TF,Jump Linear,0,119.6
479db97d29218a8841488e693875407b,Input Validity,Lidar,Lidar Rate,10,118.78
479db97d29218a8841488e693875407b,Input Validity,Odometry,Odometry Rate,50,118.78
479db97d29218a8841488e693875407b,Input Validity,TF,TF Rate,10,118.78
479db97d29218a8841488e693875407b,Localization Stability,TF,Jump Angular,0,119.7
479db97d29218a8841488e693875407b,Localization Stability,TF,Jump Linear,0,119.7
479db97d29218a8841488e693875407b,Input Validity,Lidar,Lidar Rate,10,118.88
479db97d29218a8841488e693875407b,Input Validity,Odometry,Odometry Rate,50,118.88
479db97d29218a8841488e693875407b,Input Validity,TF,TF Rate,10,118.88
479db97d29218a8841488e693875407b,Localization Quality,AMCLPose,CovYawYaw,0.0421387,118.8
479db97d29218a8841488e693875407b,Localization Quality,AMCLPose,CovYY,0.0646498,118.8
479db97d29218a8841488e693875407b,Localization Quality,AMCLPose,CovXX,0.0570059,118.8
479db97d29218a8841488e693875407b,Localization Quality,AMCLPose,MeanYaw,-2.34388,118.8
479db97d29218a8841488e693875407b,Localization Quality,AMCLPose,MeanY,0.579002,118.8
479db97d29218a8841488e693875407b,Localization Quality,AMCLPose,MeanX,-0.542123,118.8
479db97d29218a8841488e693875407b,Localization Stability,TF,Jump Angular,-0.00170468,119.8
479db97d29218a8841488e693875407b,Localization Stability,TF,Jump Linear,0.00297528,119.8
479db97d29218a8841488e693875407b,Localization Stability,TF,Jump Angular,0,119.9
479db97d29218a8841488e693875407b,Localization Stability,TF,Jump Linear,0,119.9
479db97d29218a8841488e693875407b,Input Validity,Lidar,Lidar Rate,10,118.98
479db97d29218a8841488e693875407b,Input Validity,Odometry,Odometry Rate,50,118.98
479db97d29218a8841488e693875407b,Input Validity,TF,TF Rate,10,118.98
479db97d29218a8841488e693875407b,Localization Stability,TF,Jump Angular,0,120
479db97d29218a8841488e693875407b,Localization Stability,TF,Jump Linear,0,120
479db97d29218a8841488e693875407b,Input Validity,Lidar,Lidar Rate,10,119.08
479db97d29218a8841488e693875407b,Input Validity,Odometry,Odometry Rate,50,119.08
479db97d29218a8841488e693875407b,Input Validity,TF,TF Rate,10,119.08
479db97d29218a8841488e693875407b,Localization Stability,TF,Jump Angular,0,120.1
479db97d29218a8841488e693875407b,Localization Stability,TF,Jump Linear,0,120.1
479db97d29218a8841488e693875407b,Input Validity,Lidar,Lidar Rate,10,119.18
479db97d29218a8841488e693875407b,Input Validity,Odometry,Odometry Rate,50,119.18
479db97d29218a8841488e693875407b,Input Validity,TF,TF Rate,10,119.18
479db97d29218a8841488e693875407b,Localization Quality,AMCLPose,CovYawYaw,0.0448524,119.2
479db97d29218a8841488e693875407b,Localization Quality,AMCLPose,CovYY,0.0774972,119.2
479db97d29218a8841488e693875407b,Localization Quality,AMCLPose,CovXX,0.0696702,119.2
479db97d29218a8841488e693875407b,Localization Quality,AMCLPose,MeanYaw,-2.34551,119.2
479db97d29218a8841488e693875407b,Localization Quality,AMCLPose,MeanY,0.455766,119.2
479db97d29218a8841488e693875407b,Localization Quality,AMCLPose,MeanX,-0.660583,119.2
479db97d29218a8841488e693875407b,Localization Stability,TF,Jump Angular,-0.00367128,120.2
479db97d29218a8841488e693875407b,Localization Stability,TF,Jump Linear,0.00685467,120.2
479db97d29218a8841488e693875407b,Input Validity,Lidar,Lidar Rate,10,119.28
479db97d29218a8841488e693875407b,Input Validity,Odometry,Odometry Rate,50,119.28
479db97d29218a8841488e693875407b,Input Validity,TF,TF Rate,10,119.28
479db97d29218a8841488e693875407b,Input Validity,Lidar,Lidar Rate,10,119.38
479db97d29218a8841488e693875407b,Input Validity,Odometry,Odometry Rate,50,119.38
479db97d29218a8841488e693875407b,Input Validity,TF,TF Rate,10,119.38
479db97d29218a8841488e693875407b,Localization Stability,TF,Jump Angular,0,120.3
479db97d29218a8841488e693875407b,Localization Stability,TF,Jump Linear,0,120.3
479db97d29218a8841488e693875407b,Input Validity,Lidar,Lidar Rate,10,119.47
479db97d29218a8841488e693875407b,Input Validity,Odometry,Odometry Rate,50,119.47
479db97d29218a8841488e693875407b,Input Validity,TF,TF Rate,10,119.47
479db97d29218a8841488e693875407b,Localization Stability,TF,Jump Angular,0,120.4
479db97d29218a8841488e693875407b,Localization Stability,TF,Jump Linear,0,120.4
479db97d29218a8841488e693875407b,Input Validity,Lidar,Lidar Rate,10,119.55
479db97d29218a8841488e693875407b,Input Validity,Odometry,Odometry Rate,50,119.55
479db97d29218a8841488e693875407b,Input Validity,TF,TF Rate,10,119.55
479db97d29218a8841488e693875407b,Localization Stability,TF,Jump Angular,0,120.5
479db97d29218a8841488e693875407b,Localization Stability,TF,Jump Linear,0,120.5
479db97d29218a8841488e693875407b,Input Validity,Lidar,Lidar Rate,10,119.65
479db97d29218a8841488e693875407b,Input Validity,Odometry,Odometry Rate,50,119.65
479db97d29218a8841488e693875407b,Input Validity,TF,TF Rate,10,119.65
479db97d29218a8841488e693875407b,Localization Quality,AMCLPose,CovYawYaw,0.0482037,119.6
479db97d29218a8841488e693875407b,Localization Quality,AMCLPose,CovYY,0.0920479,119.6
479db97d29218a8841488e693875407b,Localization Quality,AMCLPose,CovXX,0.083827,119.6
479db97d29218a8841488e693875407b,Localization Quality,AMCLPose,MeanYaw,-2.34481,119.6
479db97d29218a8841488e693875407b,Localization Quality,AMCLPose,MeanY,0.323234,119.6
479db97d29218a8841488e693875407b,Localization Quality,AMCLPose,MeanX,-0.777213,119.6
479db97d29218a8841488e693875407b,Localization Stability,TF,Jump Angular,0.00277672,120.6
479db97d29218a8841488e693875407b,Localization Stability,TF,Jump Linear,0.0101142,120.6
479db97d29218a8841488e693875407b,Input Validity,Lidar,Lidar Rate,10,119.75
479db97d29218a8841488e693875407b,Input Validity,Odometry,Odometry Rate,50,119.75
479db97d29218a8841488e693875407b,Input Validity,TF,TF Rate,10,119.75
479db97d29218a8841488e693875407b,Localization Stability,TF,Jump Angular,0,120.7
479db97d29218a8841488e693875407b,Localization Stability,TF,Jump Linear,0,120.7
479db97d29218a8841488e693875407b,Input Validity,Lidar,Lidar Rate,10,119.85
479db97d29218a8841488e693875407b,Input Validity,Odometry,Odometry Rate,50,119.85
479db97d29218a8841488e693875407b,Input Validity,TF,TF Rate,10,119.85
479db97d29218a8841488e693875407b,Localization Stability,TF,Jump Angular,0,120.8
479db97d29218a8841488e693875407b,Localization Stability,TF,Jump Linear,0,120.8
479db97d29218a8841488e693875407b,Input Validity,Lidar,Lidar Rate,10,119.95
479db97d29218a8841488e693875407b,Input Validity,Odometry,Odometry Rate,50,119.95
479db97d29218a8841488e693875407b,Input Validity,TF,TF Rate,10,119.95
479db97d29218a8841488e693875407b,Localization Stability,TF,Jump Angular,0,120.9
479db97d29218a8841488e693875407b,Localization Stability,TF,Jump Linear,0,120.9
479db97d29218a8841488e693875407b,Input Validity,Lidar,Lidar Rate,10,120.05
479db97d29218a8841488e693875407b,Input Validity,Odometry,Odometry Rate,50,120.05
479db97d29218a8841488e693875407b,Input Validity,TF,TF Rate,10,120.05
479db97d29218a8841488e693875407b,Localization Quality,AMCLPose,CovYawYaw,0.0519363,120
479db97d29218a8841488e693875407b,Localization Quality,AMCLPose,CovYY,0.105565,120
479db97d29218a8841488e693875407b,Localization Quality,AMCLPose,CovXX,0.099672,120
479db97d29218a8841488e693875407b,Localization Quality,AMCLPose,MeanYaw,-2.35196,120
479db97d29218a8841488e693875407b,Localization Quality,AMCLPose,MeanY,0.211434,120
479db97d29218a8841488e693875407b,Localization Quality,AMCLPose,MeanX,-0.905417,120
479db97d29218a8841488e693875407b,Localization Stability,TF,Jump Angular,-0.0037081,121
479db97d29218a8841488e693875407b,Localization Stability,TF,Jump Linear,0.0137585,121
479db97d29218a8841488e693875407b,Input Validity,Lidar,Lidar Rate,10,120.15
479db97d29218a8841488e693875407b,Input Validity,Odometry,Odometry Rate,50,120.15
479db97d29218a8841488e693875407b,Input Validity,TF,TF Rate,10,120.15
479db97d29218a8841488e693875407b,Localization Stability,TF,Jump Angular,0,121.1
479db97d29218a8841488e693875407b,Localization Stability,TF,Jump Linear,0,121.1
479db97d29218a8841488e693875407b,Input Validity,Lidar,Lidar Rate,10,120.24
479db97d29218a8841488e693875407b,Input Validity,Odometry,Odometry Rate,50,120.24
479db97d29218a8841488e693875407b,Input Validity,TF,TF Rate,10,120.24
479db97d29218a8841488e693875407b,Localization Stability,TF,Jump Angular,0,121.2
479db97d29218a8841488e693875407b,Localization Stability,TF,Jump Linear,0,121.2
479db97d29218a8841488e693875407b,Input Validity,Lidar,Lidar Rate,10,120.34
479db97d29218a8841488e693875407b,Input Validity,Odometry,Odometry Rate,50,120.34
479db97d29218a8841488e693875407b,Input Validity,TF,TF Rate,10,120.34
479db97d29218a8841488e693875407b,Localization Stability,TF,Jump Angular,0,121.3
479db97d29218a8841488e693875407b,Localization Stability,TF,Jump Linear,0,121.3
479db97d29218a8841488e693875407b,Input Validity,Lidar,Lidar Rate,10,120.44
479db97d29218a8841488e693875407b,Input Validity,Odometry,Odometry Rate,50,120.44
479db97d29218a8841488e693875407b,Input Validity,TF,TF Rate,10,120.44
479db97d29218a8841488e693875407b,Localization Quality,AMCLPose,CovYawYaw,0.0586954,120.4
479db97d29218a8841488e693875407b,Localization Quality,AMCLPose,CovYY,0.124329,120.4
479db97d29218a8841488e693875407b,Localization Quality,AMCLPose,CovXX,0.122803,120.4
479db97d29218a8841488e693875407b,Localization Quality,AMCLPose,MeanYaw,-2.36701,120.4
479db97d29218a8841488e693875407b,Localization Quality,AMCLPose,MeanY,0.0877783,120.4
479db97d29218a8841488e693875407b,Localization Quality,AMCLPose,MeanX,-1.02457,120.4
479db97d29218a8841488e693875407b,Localization Stability,TF,Jump Angular,0.000366215,121.4
479db97d29218a8841488e693875407b,Localization Stability,TF,Jump Linear,0.00930891,121.4
479db97d29218a8841488e693875407b,Input Validity,Lidar,Lidar Rate,10,120.54
479db97d29218a8841488e693875407b,Input Validity,Odometry,Odometry Rate,50,120.54
479db97d29218a8841488e693875407b,Input Validity,TF,TF Rate,10,120.54
479db97d29218a8841488e693875407b,Localization Stability,TF,Jump Angular,0,121.5
479db97d29218a8841488e693875407b,Localization Stability,TF,Jump Linear,0,121.5
479db97d29218a8841488e693875407b,Input Validity,Lidar,Lidar Rate,10,120.64
479db97d29218a8841488e693875407b,Input Validity,Odometry,Odometry Rate,50,120.64
479db97d29218a8841488e693875407b,Input Validity,TF,TF Rate,10,120.64
479db97d29218a8841488e693875407b,Localization Stability,TF,Jump Angular,0,121.6
479db97d29218a8841488e693875407b,Localization Stability,TF,Jump Linear,0,121.6
479db97d29218a8841488e693875407b,Input Validity,Lidar,Lidar Rate,10,120.73
479db97d29218a8841488e693875407b,Input Validity,Odometry,Odometry Rate,50,120.73
479db97d29218a8841488e693875407b,Input Validity,TF,TF Rate,10,120.73
479db97d29218a8841488e693875407b,Localization Quality,AMCLPose,CovYawYaw,0.0589445,120.7
479db97d29218a8841488e693875407b,Localization Quality,AMCLPose,CovYY,0.13912,120.7
479db97d29218a8841488e693875407b,Localization Quality,AMCLPose,CovXX,0.137588,120.7
479db97d29218a8841488e693875407b,Localization Quality,AMCLPose,MeanYaw,-2.37294,120.7
479db97d29218a8841488e693875407b,Localization Quality,AMCLPose,MeanY,-0.00731407,120.7
479db97d29218a8841488e693875407b,Localization Quality,AMCLPose,MeanX,-1.11264,120.7
479db97d29218a8841488e693875407b,Localization Stability,TF,Jump Angular,0.00296724,121.7
479db97d29218a8841488e693875407b,Localization Stability,TF,Jump Linear,0.00862139,121.7
479db97d29218a8841488e693875407b,Input Validity,Lidar,Lidar Rate,10,120.83
479db97d29218a8841488e693875407b,Input Validity,Odometry,Odometry Rate,50,120.83
479db97d29218a8841488e693875407b,Input Validity,TF,TF Rate,10,120.83
479db97d29218a8841488e693875407b,Localization Stability,TF,Jump Angular,0,121.8
479db97d29218a8841488e693875407b,Localization Stability,TF,Jump Linear,0,121.8
479db97d29218a8841488e693875407b,Input Validity,Lidar,Lidar Rate,10,120.93
479db97d29218a8841488e693875407b,Input Validity,Odometry,Odometry Rate,50,120.93
479db97d29218a8841488e693875407b,Input Validity,TF,TF Rate,10,120.93
479db97d29218a8841488e693875407b,Localization Stability,TF,Jump Angular,0,121.9
479db97d29218a8841488e693875407b,Localization Stability,TF,Jump Linear,0,121.9
479db97d29218a8841488e693875407b,Input Validity,Lidar,Lidar Rate,10,121.03
479db97d29218a8841488e693875407b,Input Validity,Odometry,Odometry Rate,50,121.03
479db97d29218a8841488e693875407b,Input Validity,TF,TF Rate,10,121.03
479db97d29218a8841488e693875407b,Localization Quality,AMCLPose,CovYawYaw,0.0608394,121
479db97d29218a8841488e693875407b,Localization Quality,AMCLPose,CovYY,0.156938,121
479db97d29218a8841488e693875407b,Localization Quality,AMCLPose,CovXX,0.150299,121
479db97d29218a8841488e693875407b,Localization Quality,AMCLPose,MeanYaw,-2.38542,121
479db97d29218a8841488e693875407b,Localization Quality,AMCLPose,MeanY,-0.0994206,121
479db97d29218a8841488e693875407b,Localization Quality,AMCLPose,MeanX,-1.21031,121
479db97d29218a8841488e693875407b,Localization Stability,TF,Jump Angular,-0.00363756,122
479db97d29218a8841488e693875407b,Localization Stability,TF,Jump Linear,0.0030888,122
479db97d29218a8841488e693875407b,Input Validity,Lidar,Lidar Rate,10,121.13
479db97d29218a8841488e693875407b,Input Validity,Odometry,Odometry Rate,50,121.13
479db97d29218a8841488e693875407b,Input Validity,TF,TF Rate,10,121.13
479db97d29218a8841488e693875407b,Localization Stability,TF,Jump Angular,0,122.1
479db97d29218a8841488e693875407b,Localization Stability,TF,Jump Linear,0,122.1
479db97d29218a8841488e693875407b,Input Validity,Lidar,Lidar Rate,10,121.22
479db97d29218a8841488e693875407b,Input Validity,Odometry,Odometry Rate,50,121.22
479db97d29218a8841488e693875407b,Input Validity,TF,TF Rate,10,121.22
479db97d29218a8841488e693875407b,Localization Stability,TF,Jump Angular,0,122.2
479db97d29218a8841488e693875407b,Localization Stability,TF,Jump Linear,0,122.2
479db97d29218a8841488e693875407b,Input Validity,Lidar,Lidar Rate,10,121.32
479db97d29218a8841488e693875407b,Input Validity,Odometry,Odometry Rate,50,121.32
479db97d29218a8841488e693875407b,Input Validity,TF,TF Rate,10,121.32
479db97d29218a8841488e693875407b,Localization Quality,AMCLPose,CovYawYaw,0.0618726,121.3
479db97d29218a8841488e693875407b,Localization Quality,AMCLPose,CovYY,0.168754,121.3
479db97d29218a8841488e693875407b,Localization Quality,AMCLPose,CovXX,0.161884,121.3
479db97d29218a8841488e693875407b,Localization Quality,AMCLPose,MeanYaw,-2.37992,121.3
479db97d29218a8841488e693875407b,Localization Quality,AMCLPose,MeanY,-0.190736,121.3
479db97d29218a8841488e693875407b,Localization Quality,AMCLPose,MeanX,-1.30052,121.3
479db97d29218a8841488e693875407b,Localization Stability,TF,Jump Angular,0.00329286,122.3
479db97d29218a8841488e693875407b,Localization Stability,TF,Jump Linear,0.00881458,122.3
479db97d29218a8841488e693875407b,Input Validity,Lidar,Lidar Rate,10,121.42
479db97d29218a8841488e693875407b,Input Validity,Odometry,Odometry Rate,50,121.42
479db97d29218a8841488e693875407b,Input Validity,TF,TF Rate,10,121.42
479db97d29218a8841488e693875407b,Localization Stability,TF,Jump Angular,0,122.4
479db97d29218a8841488e693875407b,Localization Stability,TF,Jump Linear,0,122.4
479db97d29218a8841488e693875407b,Input Validity,Lidar,Lidar Rate,10,121.52
479db97d29218a8841488e693875407b,Input Validity,Odometry,Odometry Rate,50,121.52
479db97d29218a8841488e693875407b,Input Validity,TF,TF Rate,10,121.52
479db97d29218a8841488e693875407b,Localization Stability,TF,Jump Angular,0,122.5
479db97d29218a8841488e693875407b,Localization Stability,TF,Jump Linear,0,122.5
479db97d29218a8841488e693875407b,Input Validity,Lidar,Lidar Rate,10,121.62
479db97d29218a8841488e693875407b,Input Validity,Odometry,Odometry Rate,50,121.62
479db97d29218a8841488e693875407b,Input Validity,TF,TF Rate,10,121.62
479db97d29218a8841488e693875407b,Localization Quality,AMCLPose,CovYawYaw,0.0622574,121.6
479db97d29218a8841488e693875407b,Localization Quality,AMCLPose,CovYY,0.177692,121.6
479db97d29218a8841488e693875407b,Localization Quality,AMCLPose,CovXX,0.171949,121.6
479db97d29218a8841488e693875407b,Localization Quality,AMCLPose,MeanYaw,-2.38385,121.6
479db97d29218a8841488e693875407b,Localization Quality,AMCLPose,MeanY,-0.27042,121.6
479db97d29218a8841488e693875407b,Localization Quality,AMCLPose,MeanX,-1.40984,121.6
479db97d29218a8841488e693875407b,Localization Stability,TF,Jump Angular,-0.0058035,122.6
479db97d29218a8841488e693875407b,Localization Stability,TF,Jump Linear,0.010819,122.6
479db97d29218a8841488e693875407b,Input Validity,Lidar,Lidar Rate,10,121.72
479db97d29218a8841488e693875407b,Input Validity,Odometry,Odometry Rate,50,121.72
479db97d29218a8841488e693875407b,Input Validity,TF,TF Rate,10,121.72
479db97d29218a8841488e693875407b,Localization Stability,TF,Jump Angular,0,122.7
479db97d29218a8841488e693875407b,Localization Stability,TF,Jump Linear,0,122.7
479db97d29218a8841488e693875407b,Input Validity,Lidar,Lidar Rate,10,121.82
479db97d29218a8841488e693875407b,Input Validity,Odometry,Odometry Rate,50,121.82
479db97d29218a8841488e693875407b,Input Validity,TF,TF Rate,10,121.82
479db97d29218a8841488e693875407b,Localization Stability,TF,Jump Angular,0,122.8
479db97d29218a8841488e693875407b,Localization Stability,TF,Jump Linear,0,122.8
479db97d29218a8841488e693875407b,Input Validity,Lidar,Lidar Rate,10,121.92
479db97d29218a8841488e693875407b,Input Validity,Odometry,Odometry Rate,50,121.92
479db97d29218a8841488e693875407b,Input Validity,TF,TF Rate,10,121.92
479db97d29218a8841488e693875407b,Localization Quality,AMCLPose,CovYawYaw,0.0641536,121.9
479db97d29218a8841488e693875407b,Localization Quality,AMCLPose,CovYY,0.197691,121.9
479db97d29218a8841488e693875407b,Localization Quality,AMCLPose,CovXX,0.18213,121.9
479db97d29218a8841488e693875407b,Localization Quality,AMCLPose,MeanYaw,-2.38223,121.9
479db97d29218a8841488e693875407b,Localization Quality,AMCLPose,MeanY,-0.35395,121.9
479db97d29218a8841488e693875407b,Localization Quality,AMCLPose,MeanX,-1.5094,121.9
479db97d29218a8841488e693875407b,Localization Stability,TF,Jump Angular,0.00301866,122.9
479db97d29218a8841488e693875407b,Localization Stability,TF,Jump Linear,0.013999,122.9
479db97d29218a8841488e693875407b,Input Validity,Lidar,Lidar Rate,10,122.02
479db97d29218a8841488e693875407b,Input Validity,Odometry,Odometry Rate,50,122.02
479db97d29218a8841488e693875407b,Input Validity,TF,TF Rate,10,122.02
479db97d29218a8841488e693875407b,Localization Stability,TF,Jump Angular,0,123
479db97d29218a8841488e693875407b,Localization Stability,TF,Jump Linear,0,123
479db97d29218a8841488e693875407b,Input Validity,Lidar,Lidar Rate,10,122.12
479db97d29218a8841488e693875407b,Input Validity,Odometry,Odometry Rate,50,122.12
479db97d29218a8841488e693875407b,Input Validity,TF,TF Rate,10,122.12
479db97d29218a8841488e693875407b,Localization Stability,TF,Jump Angular,0,123.1
479db97d29218a8841488e693875407b,Localization Stability,TF,Jump Linear,0,123.1
479db97d29218a8841488e693875407b,Input Validity,Lidar,Lidar Rate,10,122.22
479db97d29218a8841488e693875407b,Input Validity,Odometry,Odometry Rate,50,122.22
479db97d29218a8841488e693875407b,Input Validity,TF,TF Rate,10,122.22
479db97d29218a8841488e693875407b,Localization Quality,AMCLPose,CovYawYaw,0.0647231,122.2
479db97d29218a8841488e693875407b,Localization Quality,AMCLPose,CovYY,0.208929,122.2
479db97d29218a8841488e693875407b,Localization Quality,AMCLPose,CovXX,0.192206,122.2
479db97d29218a8841488e693875407b,Localization Quality,AMCLPose,MeanYaw,-2.36783,122.2
479db97d29218a8841488e693875407b,Localization Quality,AMCLPose,MeanY,-0.454584,122.2
479db97d29218a8841488e693875407b,Localization Quality,AMCLPose,MeanX,-1.59252,122.2
479db97d29218a8841488e693875407b,Localization Stability,TF,Jump Angular,0.00472677,123.2
479db97d29218a8841488e693875407b,Localization Stability,TF,Jump Linear,0.0116126,123.2
479db97d29218a8841488e693875407b,Input Validity,Lidar,Lidar Rate,10,122.31
479db97d29218a8841488e693875407b,Input Validity,Odometry,Odometry Rate,50,122.31
479db97d29218a8841488e693875407b,Input Validity,TF,TF Rate,10,122.31
479db97d29218a8841488e693875407b,Localization Stability,TF,Jump Angular,0,123.3
479db97d29218a8841488e693875407b,Localization Stability,TF,Jump Linear,0,123.3
479db97d29218a8841488e693875407b,Input Validity,Lidar,Lidar Rate,10,122.41
479db97d29218a8841488e693875407b,Input Validity,Odometry,Odometry Rate,50,122.41
479db97d29218a8841488e693875407b,Input Validity,TF,TF Rate,10,122.41
479db97d29218a8841488e693875407b,Localization Stability,TF,Jump Angular,0,123.4
479db97d29218a8841488e693875407b,Localization Stability,TF,Jump Linear,0,123.4
479db97d29218a8841488e693875407b,Input Validity,Lidar,Lidar Rate,10,122.51
479db97d29218a8841488e693875407b,Input Validity,Odometry,Odometry Rate,50,122.51
479db97d29218a8841488e693875407b,Input Validity,TF,TF Rate,10,122.51
479db97d29218a8841488e693875407b,Localization Quality,AMCLPose,CovYawYaw,0.0669528,122.5
479db97d29218a8841488e693875407b,Localization Quality,AMCLPose,CovYY,0.232665,122.5
479db97d29218a8841488e693875407b,Localization Quality,AMCLPose,CovXX,0.208235,122.5
479db97d29218a8841488e693875407b,Localization Quality,AMCLPose,MeanYaw,-2.36229,122.5
479db97d29218a8841488e693875407b,Localization Quality,AMCLPose,MeanY,-0.542956,122.5
479db97d29218a8841488e693875407b,Localization Quality,AMCLPose,MeanX,-1.69503,122.5
479db97d29218a8841488e693875407b,Localization Stability,TF,Jump Angular,-0.00519685,123.5
479db97d29218a8841488e693875407b,Localization Stability,TF,Jump Linear,0.00350137,123.5
479db97d29218a8841488e693875407b,Input Validity,Lidar,Lidar Rate,10,122.61
479db97d29218a8841488e693875407b,Input Validity,Odometry,Odometry Rate,50,122.61
479db97d29218a8841488e693875407b,Input Validity,TF,TF Rate,10,122.61
479db97d29218a8841488e693875407b,Localization Stability,TF,Jump Angular,0,123.6
479db97d29218a8841488e693875407b,Localization Stability,TF,Jump Linear,0,123.6
479db97d29218a8841488e693875407b,Input Validity,Lidar,Lidar Rate,10,122.71
479db97d29218a8841488e693875407b,Input Validity,Odometry,Odometry Rate,50,122.71
479db97d29218a8841488e693875407b,Input Validity,TF,TF Rate,10,122.71
479db97d29218a8841488e693875407b,Localization Stability,TF,Jump Angular,0,123.7
479db97d29218a8841488e693875407b,Localization Stability,TF,Jump Linear,0,123.7
479db97d29218a8841488e693875407b,Input Validity,Lidar,Lidar Rate,10,122.81
479db97d29218a8841488e693875407b,Input Validity,Odometry,Odometry Rate,50,122.81
479db97d29218a8841488e693875407b,Input Validity,TF,TF Rate,10,122.81
479db97d29218a8841488e693875407b,Localization Stability,TF,Jump Angular,0,123.8
479db97d29218a8841488e693875407b,Localization Stability,TF,Jump Linear,0,123.8
479db97d29218a8841488e693875407b,Input Validity,Lidar,Lidar Rate,10,122.91
479db97d29218a8841488e693875407b,Input Validity,Odometry,Odometry Rate,50,122.91
479db97d29218a8841488e693875407b,Input Validity,TF,TF Rate,10,122.91
479db97d29218a8841488e693875407b,Localization Quality,AMCLPose,CovYawYaw,0.0709776,122.9
479db97d29218a8841488e693875407b,Localization Quality,AMCLPose,CovYY,0.262054,122.9
479db97d29218a8841488e693875407b,Localization Quality,AMCLPose,CovXX,0.243162,122.9
479db97d29218a8841488e693875407b,Localization Quality,AMCLPose,MeanYaw,-2.34358,122.9
479db97d29218a8841488e693875407b,Localization Quality,AMCLPose,MeanY,-0.666968,122.9
479db97d29218a8841488e693875407b,Localization Quality,AMCLPose,MeanX,-1.81819,122.9
479db97d29218a8841488e693875407b,Localization Stability,TF,Jump Angular,0.000988142,123.9
479db97d29218a8841488e693875407b,Localization Stability,TF,Jump Linear,0.00611044,123.9
479db97d29218a8841488e693875407b,Input Validity,Lidar,Lidar Rate,10,123.01
479db97d29218a8841488e693875407b,Input Validity,Odometry,Odometry Rate,50,123.01
479db97d29218a8841488e693875407b,Input Validity,TF,TF Rate,10,123.01
479db97d29218a8841488e693875407b,Input Validity,Lidar,Lidar Rate,10,123.1
479db97d29218a8841488e693875407b,Input Validity,Odometry,Odometry Rate,50,123.1
479db97d29218a8841488e693875407b,Input Validity,TF,TF Rate,10,123.1
479db97d29218a8841488e693875407b,Localization Stability,TF,Jump Angular,0,124
479db97d29218a8841488e693875407b,Localization Stability,TF,Jump Linear,0,124
479db97d29218a8841488e693875407b,Localization Stability,TF,Jump Angular,0,124.1
479db97d29218a8841488e693875407b,Localization Stability,TF,Jump Linear,0,124.1
479db97d29218a8841488e693875407b,Input Validity,Lidar,Lidar Rate,10,123.21
479db97d29218a8841488e693875407b,Input Validity,Odometry,Odometry Rate,50,123.21
479db97d29218a8841488e693875407b,Input Validity,TF,TF Rate,10,123.21
479db97d29218a8841488e693875407b,Localization Stability,TF,Jump Angular,0,124.2
479db97d29218a8841488e693875407b,Localization Stability,TF,Jump Linear,0,124.2
479db97d29218a8841488e693875407b,Input Validity,Lidar,Lidar Rate,10,123.3
479db97d29218a8841488e693875407b,Input Validity,Odometry,Odometry Rate,50,123.3
479db97d29218a8841488e693875407b,Input Validity,TF,TF Rate,10,123.3
479db97d29218a8841488e693875407b,Localization Quality,AMCLPose,CovYawYaw,0.073442,123.3
479db97d29218a8841488e693875407b,Localization Quality,AMCLPose,CovYY,0.292723,123.3
479db97d29218a8841488e693875407b,Localization Quality,AMCLPose,CovXX,0.26889,123.3
479db97d29218a8841488e693875407b,Localization Quality,AMCLPose,MeanYaw,-2.34527,123.3
479db97d29218a8841488e693875407b,Localization Quality,AMCLPose,MeanY,-0.797813,123.3
479db97d29218a8841488e693875407b,Localization Quality,AMCLPose,MeanX,-1.93879,123.3
479db97d29218a8841488e693875407b,Localization Stability,TF,Jump Angular,-0.00167739,124.3
479db97d29218a8841488e693875407b,Localization Stability,TF,Jump Linear,0.0078376,124.3
479db97d29218a8841488e693875407b,Input Validity,Lidar,Lidar Rate,10,123.4
479db97d29218a8841488e693875407b,Input Validity,Odometry,Odometry Rate,50,123.4
479db97d29218a8841488e693875407b,Input Validity,TF,TF Rate,10,123.4
479db97d29218a8841488e693875407b,Input Validity,Lidar,Lidar Rate,10,123.5
479db97d29218a8841488e693875407b,Input Validity,Odometry,Odometry Rate,50,123.5
479db97d29218a8841488e693875407b,Input Validity,TF,TF Rate,10,123.5
479db97d29218a8841488e693875407b,Localization Stability,TF,Jump Angular,0,124.4
479db97d29218a8841488e693875407b,Localization Stability,TF,Jump Linear,0,124.4
479db97d29218a8841488e693875407b,Localization Stability,TF,Jump Angular,0,124.5
479db97d29218a8841488e693875407b,Localization Stability,TF,Jump Linear,0,124.5
479db97d29218a8841488e693875407b,Input Validity,Lidar,Lidar Rate,10,123.6
479db97d29218a8841488e693875407b,Input Validity,Odometry,Odometry Rate,50,123.6
479db97d29218a8841488e693875407b,Input Validity,TF,TF Rate,10,123.6
479db97d29218a8841488e693875407b,Localization Stability,TF,Jump Angular,0,124.6
479db97d29218a8841488e693875407b,Localization Stability,TF,Jump Linear,0,124.6
479db97d29218a8841488e693875407b,Input Validity,Lidar,Lidar Rate,10,123.7
479db97d29218a8841488e693875407b,Input Validity,Odometry,Odometry Rate,50,123.7
479db97d29218a8841488e693875407b,Input Validity,TF,TF Rate,10,123.7
479db97d29218a8841488e693875407b,Localization Quality,AMCLPose,CovYawYaw,0.0739374,123.7
479db97d29218a8841488e693875407b,Localization Quality,AMCLPose,CovYY,0.304224,123.7
479db97d29218a8841488e693875407b,Localization Quality,AMCLPose,CovXX,0.296449,123.7
479db97d29218a8841488e693875407b,Localization Quality,AMCLPose,MeanYaw,-2.3539,123.7
479db97d29218a8841488e693875407b,Localization Quality,AMCLPose,MeanY,-0.914517,123.7
479db97d29218a8841488e693875407b,Localization Quality,AMCLPose,MeanX,-2.06951,123.7
479db97d29218a8841488e693875407b,Localization Stability,TF,Jump Angular,0.000261605,124.7
479db97d29218a8841488e693875407b,Localization Stability,TF,Jump Linear,0.0125566,124.7
479db97d29218a8841488e693875407b,Input Validity,Lidar,Lidar Rate,10,123.8
479db97d29218a8841488e693875407b,Input Validity,Odometry,Odometry Rate,50,123.8
479db97d29218a8841488e693875407b,Input Validity,TF,TF Rate,10,123.8
479db97d29218a8841488e693875407b,Localization Stability,TF,Jump Angular,0,124.8
479db97d29218a8841488e693875407b,Localization Stability,TF,Jump Linear,0,124.8
479db97d29218a8841488e693875407b,Input Validity,Lidar,Lidar Rate,10,123.9
479db97d29218a8841488e693875407b,Input Validity,Odometry,Odometry Rate,50,123.9
479db97d29218a8841488e693875407b,Input Validity,TF,TF Rate,10,123.9
479db97d29218a8841488e693875407b,Input Validity,Lidar,Lidar Rate,10,124
479db97d29218a8841488e693875407b,Input Validity,Odometry,Odometry Rate,50,124
479db97d29218a8841488e693875407b,Input Validity,TF,TF Rate,10,124
479db97d29218a8841488e693875407b,Localization Stability,TF,Jump Angular,0,124.9
479db97d29218a8841488e693875407b,Localization Stability,TF,Jump Linear,0,124.9
479db97d29218a8841488e693875407b,Localization Stability,TF,Jump Angular,0,125
479db97d29218a8841488e693875407b,Localization Stability,TF,Jump Linear,0,125
479db97d29218a8841488e693875407b,Input Validity,Lidar,Lidar Rate,10,124.09
479db97d29218a8841488e693875407b,Input Validity,Odometry,Odometry Rate,50,124.09
479db97d29218a8841488e693875407b,Input Validity,TF,TF Rate,10,124.09
479db97d29218a8841488e693875407b,Localization Quality,AMCLPose,CovYawYaw,0.0769931,124.1
479db97d29218a8841488e693875407b,Localization Quality,AMCLPose,CovYY,0.339804,124.1
479db97d29218a8841488e693875407b,Localization Quality,AMCLPose,CovXX,0.338279,124.1
479db97d29218a8841488e693875407b,Localization Quality,AMCLPose,MeanYaw,-2.35182,124.1
479db97d29218a8841488e693875407b,Localization Quality,AMCLPose,MeanY,-1.03559,124.1
479db97d29218a8841488e693875407b,Localization Quality,AMCLPose,MeanX,-2.19653,124.1
479db97d29218a8841488e693875407b,Localization Stability,TF,Jump Angular,0.0062946,125.1
479db97d29218a8841488e693875407b,Localization Stability,TF,Jump Linear,0.021254,125.1
479db97d29218a8841488e693875407b,Input Validity,Lidar,Lidar Rate,10,124.19
479db97d29218a8841488e693875407b,Input Validity,Odometry,Odometry Rate,50,124.19
479db97d29218a8841488e693875407b,Input Validity,TF,TF Rate,10,124.19
479db97d29218a8841488e693875407b,Localization Stability,TF,Jump Angular,0,125.2
479db97d29218a8841488e693875407b,Localization Stability,TF,Jump Linear,0,125.2
479db97d29218a8841488e693875407b,Input Validity,Lidar,Lidar Rate,10,124.29
479db97d29218a8841488e693875407b,Input Validity,Odometry,Odometry Rate,50,124.29
479db97d29218a8841488e693875407b,Input Validity,TF,TF Rate,10,124.29
479db97d29218a8841488e693875407b,Localization Stability,TF,Jump Angular,0,125.3
479db97d29218a8841488e693875407b,Localization Stability,TF,Jump Linear,0,125.3
479db97d29218a8841488e693875407b,Input Validity,Lidar,Lidar Rate,10,124.39
479db97d29218a8841488e693875407b,Input Validity,Odometry,Odometry Rate,50,124.39
479db97d29218a8841488e693875407b,Input Validity,TF,TF Rate,10,124.39
479db97d29218a8841488e693875407b,Input Validity,Lidar,Lidar Rate,10,124.49
479db97d29218a8841488e693875407b,Input Validity,Odometry,Odometry Rate,50,124.49
479db97d29218a8841488e693875407b,Input Validity,TF,TF Rate,10,124.49
479db97d29218a8841488e693875407b,Localization Stability,TF,Jump Angular,0,125.4
479db97d29218a8841488e693875407b,Localization Stability,TF,Jump Linear,0,125.4
479db97d29218a8841488e693875407b,Input Validity,Lidar,Lidar Rate,10,124.58
479db97d29218a8841488e693875407b,Input Validity,Odometry,Odometry Rate,50,124.58
479db97d29218a8841488e693875407b,Input Validity,TF,TF Rate,10,124.58
479db97d29218a8841488e693875407b,Localization Quality,AMCLPose,CovYawYaw,0.159575,124.5
479db97d29218a8841488e693875407b,Localization Quality,AMCLPose,CovYY,0.595027,124.5
479db97d29218a8841488e693875407b,Localization Quality,AMCLPose,CovXX,1.26679,124.5
479db97d29218a8841488e693875407b,Localization Quality,AMCLPose,MeanYaw,-2.35193,124.5
479db97d29218a8841488e693875407b,Localization Quality,AMCLPose,MeanY,-1.15708,124.5
479db97d29218a8841488e693875407b,Localization Quality,AMCLPose,MeanX,-2.32556,124.5
479db97d29218a8841488e693875407b,Localization Stability,TF,Jump Angular,0.00217848,125.5
479db97d29218a8841488e693875407b,Localization Stability,TF,Jump Linear,0.0123282,125.5
479db97d29218a8841488e693875407b,Input Validity,Lidar,Lidar Rate,10,124.68
479db97d29218a8841488e693875407b,Input Validity,Odometry,Odometry Rate,50,124.68
479db97d29218a8841488e693875407b,Input Validity,TF,TF Rate,10,124.68
479db97d29218a8841488e693875407b,Localization Stability,TF,Jump Angular,0,125.6
479db97d29218a8841488e693875407b,Localization Stability,TF,Jump Linear,0,125.6
479db97d29218a8841488e693875407b,Input Validity,Lidar,Lidar Rate,10,124.74
479db97d29218a8841488e693875407b,Input Validity,Odometry,Odometry Rate,50,124.74
479db97d29218a8841488e693875407b,Input Validity,TF,TF Rate,10,124.74
479db97d29218a8841488e693875407b,Localization Stability,TF,Jump Angular,0,125.7
479db97d29218a8841488e693875407b,Localization Stability,TF,Jump Linear,0,125.7
479db97d29218a8841488e693875407b,Input Validity,Lidar,Lidar Rate,10,124.84
479db97d29218a8841488e693875407b,Input Validity,Odometry,Odometry Rate,50,124.84
479db97d29218a8841488e693875407b,Input Validity,TF,TF Rate,10,124.84
479db97d29218a8841488e693875407b,Localization Stability,TF,Jump Angular,0,125.8
479db97d29218a8841488e693875407b,Localization Stability,TF,Jump Linear,0,125.8
479db97d29218a8841488e693875407b,Input Validity,Lidar,Lidar Rate,10,124.93
479db97d29218a8841488e693875407b,Input Validity,Odometry,Odometry Rate,50,124.93
479db97d29218a8841488e693875407b,Input Validity,TF,TF Rate,10,124.93
479db97d29218a8841488e693875407b,Input Validity,Lidar,Lidar Rate,10,125.01
479db97d29218a8841488e693875407b,Input Validity,Odometry,Odometry Rate,50,125.01
479db97d29218a8841488e693875407b,Input Validity,TF,TF Rate,10,125.01
479db97d29218a8841488e693875407b,Localization Quality,AMCLPose,CovYawYaw,0.179304,124.9
479db97d29218a8841488e693875407b,Localization Quality,AMCLPose,CovYY,0.695722,124.9
479db97d29218a8841488e693875407b,Localization Quality,AMCLPose,CovXX,1.56909,124.9
479db97d29218a8841488e693875407b,Localization Quality,AMCLPose,MeanYaw,-2.34885,124.9
479db97d29218a8841488e693875407b,Localization Quality,AMCLPose,MeanY,-1.27246,124.9
479db97d29218a8841488e693875407b,Localization Quality,AMCLPose,MeanX,-2.44849,124.9
479db97d29218a8841488e693875407b,Localization Stability,TF,Jump Angular,0.00234602,125.9
479db97d29218a8841488e693875407b,Localization Stability,TF,Jump Linear,0.0180616,125.9
479db97d29218a8841488e693875407b,Localization Stability,TF,Jump Angular,0,126
479db97d29218a8841488e693875407b,Localization Stability,TF,Jump Linear,0,126
479db97d29218a8841488e693875407b,Input Validity,Lidar,Lidar Rate,10,125.11
479db97d29218a8841488e693875407b,Input Validity,Odometry,Odometry Rate,50,125.11
479db97d29218a8841488e693875407b,Input Validity,TF,TF Rate,10,125.11
479db97d29218a8841488e693875407b,Localization Stability,TF,Jump Angular,0,126.1
479db97d29218a8841488e693875407b,Localization Stability,TF,Jump Linear,0,126.1
479db97d29218a8841488e693875407b,Input Validity,Lidar,Lidar Rate,10,125.21
479db97d29218a8841488e693875407b,Input Validity,Odometry,Odometry Rate,50,125.21
479db97d29218a8841488e693875407b,Input Validity,TF,TF Rate,10,125.21
479db97d29218a8841488e693875407b,Localization Stability,TF,Jump Angular,0,126.2
479db97d29218a8841488e693875407b,Localization Stability,TF,Jump Linear,0,126.2
479db97d29218a8841488e693875407b,Input Validity,Lidar,Lidar Rate,10,125.31
479db97d29218a8841488e693875407b,Input Validity,Odometry,Odometry Rate,50,125.31
479db97d29218a8841488e693875407b,Input Validity,TF,TF Rate,10,125.31
479db97d29218a8841488e693875407b,Localization Quality,AMCLPose,CovYawYaw,0.174858,125.3
479db97d29218a8841488e693875407b,Localization Quality,AMCLPose,CovYY,0.724378,125.3
479db97d29218a8841488e693875407b,Localization Quality,AMCLPose,CovXX,1.51817,125.3
479db97d29218a8841488e693875407b,Localization Quality,AMCLPose,MeanYaw,-2.33872,125.3
479db97d29218a8841488e693875407b,Localization Quality,AMCLPose,MeanY,-1.4186,125.3
479db97d29218a8841488e693875407b,Localization Quality,AMCLPose,MeanX,-2.54526,125.3
479db97d29218a8841488e693875407b,Localization Stability,TF,Jump Angular,0.00803135,126.3
479db97d29218a8841488e693875407b,Localization Stability,TF,Jump Linear,0.0164633,126.3
479db97d29218a8841488e693875407b,Input Validity,Lidar,Lidar Rate,10,125.41
479db97d29218a8841488e693875407b,Input Validity,Odometry,Odometry Rate,50,125.41
479db97d29218a8841488e693875407b,Input Validity,TF,TF Rate,10,125.41
479db97d29218a8841488e693875407b,Localization Stability,TF,Jump Angular,0,126.4
479db97d29218a8841488e693875407b,Localization Stability,TF,Jump Linear,0,126.4
479db97d29218a8841488e693875407b,Input Validity,Lidar,Lidar Rate,10,125.51
479db97d29218a8841488e693875407b,Input Validity,Odometry,Odometry Rate,50,125.51
479db97d29218a8841488e693875407b,Input Validity,TF,TF Rate,10,125.51
479db97d29218a8841488e693875407b,Localization Stability,TF,Jump Angular,0,126.5
479db97d29218a8841488e693875407b,Localization Stability,TF,Jump Linear,0,126.5
479db97d29218a8841488e693875407b,Input Validity,Lidar,Lidar Rate,10,125.61
479db97d29218a8841488e693875407b,Input Validity,Odometry,Odometry Rate,50,125.61
479db97d29218a8841488e693875407b,Input Validity,TF,TF Rate,10,125.61
479db97d29218a8841488e693875407b,Localization Stability,TF,Jump Angular,0,126.6
479db97d29218a8841488e693875407b,Localization Stability,TF,Jump Linear,0,126.6
479db97d29218a8841488e693875407b,Input Validity,Lidar,Lidar Rate,10,125.71
479db97d29218a8841488e693875407b,Input Validity,Odometry,Odometry Rate,50,125.71
479db97d29218a8841488e693875407b,Input Validity,TF,TF Rate,10,125.71
479db97d29218a8841488e693875407b,Localization Quality,AMCLPose,CovYawYaw,0.164365,125.7
479db97d29218a8841488e693875407b,Localization Quality,AMCLPose,CovYY,0.746556,125.7
479db97d29218a8841488e693875407b,Localization Quality,AMCLPose,CovXX,1.28538,125.7
479db97d29218a8841488e693875407b,Localization Quality,AMCLPose,MeanYaw,-2.33805,125.7
479db97d29218a8841488e693875407b,Localization Quality,AMCLPose,MeanY,-1.55031,125.7
479db97d29218a8841488e693875407b,Localization Quality,AMCLPose,MeanX,-2.67019,125.7
479db97d29218a8841488e693875407b,Localization Stability,TF,Jump Angular,-0.000483011,126.7
479db97d29218a8841488e693875407b,Localization Stability,TF,Jump Linear,0.00354926,126.7
479db97d29218a8841488e693875407b,Input Validity,Lidar,Lidar Rate,10,125.8
479db97d29218a8841488e693875407b,Input Validity,Odometry,Odometry Rate,50,125.8
479db97d29218a8841488e693875407b,Input Validity,TF,TF Rate,10,125.8
479db97d29218a8841488e693875407b,Localization Stability,TF,Jump Angular,0,126.8
479db97d29218a8841488e693875407b,Localization Stability,TF,Jump Linear,0,126.8
479db97d29218a8841488e693875407b,Input Validity,Lidar,Lidar Rate,10,125.9
479db97d29218a8841488e693875407b,Input Validity,Odometry,Odometry Rate,50,125.9
479db97d29218a8841488e693875407b,Input Validity,TF,TF Rate,10,125.9
479db97d29218a8841488e693875407b,Localization Stability,TF,Jump Angular,0,126.9
479db97d29218a8841488e693875407b,Localization Stability,TF,Jump Linear,0,126.9
479db97d29218a8841488e693875407b,Input Validity,Lidar,Lidar Rate,10,126
479db97d29218a8841488e693875407b,Input Validity,Odometry,Odometry Rate,50,126
479db97d29218a8841488e693875407b,Input Validity,TF,TF Rate,10,126
479db97d29218a8841488e693875407b,Localization Stability,TF,Jump Angular,0,127
479db97d29218a8841488e693875407b,Localization Stability,TF,Jump Linear,0,127
479db97d29218a8841488e693875407b,Input Validity,Lidar,Lidar Rate,10,126.1
479db97d29218a8841488e693875407b,Input Validity,Odometry,Odometry Rate,50,126.1
479db97d29218a8841488e693875407b,Input Validity,TF,TF Rate,10,126.1
479db97d29218a8841488e693875407b,Localization Quality,AMCLPose,CovYawYaw,0.164562,126.1
479db97d29218a8841488e693875407b,Localization Quality,AMCLPose,CovYY,0.831959,126.1
479db97d29218a8841488e693875407b,Localization Quality,AMCLPose,CovXX,1.32535,126.1
479db97d29218a8841488e693875407b,Localization Quality,AMCLPose,MeanYaw,-2.33392,126.1
479db97d29218a8841488e693875407b,Localization Quality,AMCLPose,MeanY,-1.68353,126.1
479db97d29218a8841488e693875407b,Localization Quality,AMCLPose,MeanX,-2.77192,126.1
479db97d29218a8841488e693875407b,Localization Stability,TF,Jump Angular,0.00355866,127.1
479db97d29218a8841488e693875407b,Localization Stability,TF,Jump Linear,0.0175419,127.1
479db97d29218a8841488e693875407b,Input Validity,Lidar,Lidar Rate,10,126.2
479db97d29218a8841488e693875407b,Input Validity,Odometry,Odometry Rate,50,126.2
479db97d29218a8841488e693875407b,Input Validity,TF,TF Rate,10,126.2
479db97d29218a8841488e693875407b,Localization Stability,TF,Jump Angular,0,127.2
479db97d29218a8841488e693875407b,Localization Stability,TF,Jump Linear,0,127.2
479db97d29218a8841488e693875407b,Input Validity,Lidar,Lidar Rate,10,126.3
479db97d29218a8841488e693875407b,Input Validity,Odometry,Odometry Rate,50,126.3
479db97d29218a8841488e693875407b,Input Validity,TF,TF Rate,10,126.3
479db97d29218a8841488e693875407b,Localization Stability,TF,Jump Angular,0,127.3
479db97d29218a8841488e693875407b,Localization Stability,TF,Jump Linear,0,127.3
479db97d29218a8841488e693875407b,Input Validity,Lidar,Lidar Rate,10,126.4
479db97d29218a8841488e693875407b,Input Validity,Odometry,Odometry Rate,50,126.4
479db97d29218a8841488e693875407b,Input Validity,TF,TF Rate,10,126.4
479db97d29218a8841488e693875407b,Localization Stability,TF,Jump Angular,0,127.4
479db97d29218a8841488e693875407b,Localization Stability,TF,Jump Linear,0,127.4
479db97d29218a8841488e693875407b,Input Validity,Lidar,Lidar Rate,10,126.5
479db97d29218a8841488e693875407b,Input Validity,Odometry,Odometry Rate,50,126.5
479db97d29218a8841488e693875407b,Input Validity,TF,TF Rate,10,126.5
479db97d29218a8841488e693875407b,Input Validity,Lidar,Lidar Rate,10,126.6
479db97d29218a8841488e693875407b,Input Validity,Odometry,Odometry Rate,50,126.6
479db97d29218a8841488e693875407b,Input Validity,TF,TF Rate,10,126.6
479db97d29218a8841488e693875407b,Localization Quality,AMCLPose,CovYawYaw,0.15071,126.5
479db97d29218a8841488e693875407b,Localization Quality,AMCLPose,CovYY,0.89259,126.5
479db97d29218a8841488e693875407b,Localization Quality,AMCLPose,CovXX,1.37736,126.5
479db97d29218a8841488e693875407b,Localization Quality,AMCLPose,MeanYaw,-2.33721,126.5
479db97d29218a8841488e693875407b,Localization Quality,AMCLPose,MeanY,-1.81367,126.5
479db97d29218a8841488e693875407b,Localization Quality,AMCLPose,MeanX,-2.88348,126.5
479db97d29218a8841488e693875407b,Localization Stability,TF,Jump Angular,0.0072843,127.5
479db97d29218a8841488e693875407b,Localization Stability,TF,Jump Linear,0.0207288,127.5
479db97d29218a8841488e693875407b,Input Validity,Lidar,Lidar Rate,10,126.69
479db97d29218a8841488e693875407b,Input Validity,Odometry,Odometry Rate,50,126.69
479db97d29218a8841488e693875407b,Input Validity,TF,TF Rate,10,126.69
479db97d29218a8841488e693875407b,Localization Stability,TF,Jump Angular,0,127.6
479db97d29218a8841488e693875407b,Localization Stability,TF,Jump Linear,0,127.6
479db97d29218a8841488e693875407b,Input Validity,Lidar,Lidar Rate,10,126.78
479db97d29218a8841488e693875407b,Input Validity,Odometry,Odometry Rate,50,126.78
479db97d29218a8841488e693875407b,Input Validity,TF,TF Rate,10,126.78
479db97d29218a8841488e693875407b,Localization Stability,TF,Jump Angular,0,127.7
479db97d29218a8841488e693875407b,Localization Stability,TF,Jump Linear,0,127.7
479db97d29218a8841488e693875407b,Localization Quality,AMCLPose,CovYawYaw,0.15919,126.8
479db97d29218a8841488e693875407b,Localization Quality,AMCLPose,CovYY,0.866135,126.8
479db97d29218a8841488e693875407b,Localization Quality,AMCLPose,CovXX,1.23574,126.8
479db97d29218a8841488e693875407b,Localization Quality,AMCLPose,MeanYaw,-2.34641,126.8
479db97d29218a8841488e693875407b,Localization Quality,AMCLPose,MeanY,-1.92895,126.8
479db97d29218a8841488e693875407b,Localization Quality,AMCLPose,MeanX,-2.95328,126.8
479db97d29218a8841488e693875407b,Localization Stability,TF,Jump Angular,0.00406085,127.8
479db97d29218a8841488e693875407b,Localization Stability,TF,Jump Linear,0.0170292,127.8
479db97d29218a8841488e693875407b,Input Validity,Lidar,Lidar Rate,10,126.87
479db97d29218a8841488e693875407b,Input Validity,Odometry,Odometry Rate,50,126.87
479db97d29218a8841488e693875407b,Input Validity,TF,TF Rate,10,126.87
479db97d29218a8841488e693875407b,Input Validity,Lidar,Lidar Rate,10,126.97
479db97d29218a8841488e693875407b,Input Validity,Odometry,Odometry Rate,50,126.97
479db97d29218a8841488e693875407b,Input Validity,TF,TF Rate,10,126.97
479db97d29218a8841488e693875407b,Localization Stability,TF,Jump Angular,0,127.9
479db97d29218a8841488e693875407b,Localization Stability,TF,Jump Linear,0,127.9
479db97d29218a8841488e693875407b,Input Validity,Lidar,Lidar Rate,10,127.07
479db97d29218a8841488e693875407b,Input Validity,Odometry,Odometry Rate,50,127.07
479db97d29218a8841488e693875407b,Input Validity,TF,TF Rate,10,127.07
479db97d29218a8841488e693875407b,Localization Stability,TF,Jump Angular,0,128
479db97d29218a8841488e693875407b,Localization Stability,TF,Jump Linear,0,128
479db97d29218a8841488e693875407b,Input Validity,Lidar,Lidar Rate,10,127.17
479db97d29218a8841488e693875407b,Input Validity,Odometry,Odometry Rate,50,127.17
479db97d29218a8841488e693875407b,Input Validity,TF,TF Rate,10,127.17
479db97d29218a8841488e693875407b,Localization Quality,AMCLPose,CovYawYaw,0.148367,127.1
479db97d29218a8841488e693875407b,Localization Quality,AMCLPose,CovYY,0.884521,127.1
479db97d29218a8841488e693875407b,Localization Quality,AMCLPose,CovXX,1.19042,127.1
479db97d29218a8841488e693875407b,Localization Quality,AMCLPose,MeanYaw,-2.34973,127.1
479db97d29218a8841488e693875407b,Localization Quality,AMCLPose,MeanY,-2.04034,127.1
479db97d29218a8841488e693875407b,Localization Quality,AMCLPose,MeanX,-3.03109,127.1
479db97d29218a8841488e693875407b,Localization Stability,TF,Jump Angular,0.0025755,128.1
479db97d29218a8841488e693875407b,Localization Stability,TF,Jump Linear,0.0136109,128.1
479db97d29218a8841488e693875407b,Input Validity,Lidar,Lidar Rate,10,127.27
479db97d29218a8841488e693875407b,Input Validity,Odometry,Odometry Rate,50,127.27
479db97d29218a8841488e693875407b,Input Validity,TF,TF Rate,10,127.27
479db97d29218a8841488e693875407b,Localization Stability,TF,Jump Angular,0,128.2
479db97d29218a8841488e693875407b,Localization Stability,TF,Jump Linear,0,128.2
479db97d29218a8841488e693875407b,Localization Stability,TF,Jump Angular,0,128.3
479db97d29218a8841488e693875407b,Localization Stability,TF,Jump Linear,0,128.3
479db97d29218a8841488e693875407b,Input Validity,Lidar,Lidar Rate,10,127.37
479db97d29218a8841488e693875407b,Input Validity,Odometry,Odometry Rate,50,127.37
479db97d29218a8841488e693875407b,Input Validity,TF,TF Rate,10,127.37
479db97d29218a8841488e693875407b,Input Validity,Lidar,Lidar Rate,10,127.47
479db97d29218a8841488e693875407b,Input Validity,Odometry,Odometry Rate,50,127.47
479db97d29218a8841488e693875407b,Input Validity,TF,TF Rate,10,127.47
479db97d29218a8841488e693875407b,Localization Quality,AMCLPose,CovYawYaw,0.143164,127.4
479db97d29218a8841488e693875407b,Localization Quality,AMCLPose,CovYY,0.920439,127.4
479db97d29218a8841488e693875407b,Localization Quality,AMCLPose,CovXX,1.14765,127.4
479db97d29218a8841488e693875407b,Localization Quality,AMCLPose,MeanYaw,-2.36681,127.4
479db97d29218a8841488e693875407b,Localization Quality,AMCLPose,MeanY,-2.0905,127.4
479db97d29218a8841488e693875407b,Localization Quality,AMCLPose,MeanX,-3.17548,127.4
479db97d29218a8841488e693875407b,Localization Stability,TF,Jump Angular,-0.0151651,128.4
479db97d29218a8841488e693875407b,Localization Stability,TF,Jump Linear,0.0139674,128.4
479db97d29218a8841488e693875407b,Localization Stability,TF,Jump Angular,0,128.5
479db97d29218a8841488e693875407b,Localization Stability,TF,Jump Linear,0,128.5
479db97d29218a8841488e693875407b,Input Validity,Lidar,Lidar Rate,10,127.56
479db97d29218a8841488e693875407b,Input Validity,Odometry,Odometry Rate,50,127.56
479db97d29218a8841488e693875407b,Input Validity,TF,TF Rate,10,127.56
479db97d29218a8841488e693875407b,Input Validity,Lidar,Lidar Rate,10,127.66
479db97d29218a8841488e693875407b,Input Validity,Odometry,Odometry Rate,50,127.66
479db97d29218a8841488e693875407b,Input Validity,TF,TF Rate,10,127.66
479db97d29218a8841488e693875407b,Localization Stability,TF,Jump Angular,0,128.6
479db97d29218a8841488e693875407b,Localization Stability,TF,Jump Linear,0,128.6
479db97d29218a8841488e693875407b,Input Validity,Lidar,Lidar Rate,10,127.76
479db97d29218a8841488e693875407b,Input Validity,Odometry,Odometry Rate,50,127.76
479db97d29218a8841488e693875407b,Input Validity,TF,TF Rate,10,127.76
479db97d29218a8841488e693875407b,Localization Quality,AMCLPose,CovYawYaw,0.13689,127.7
479db97d29218a8841488e693875407b,Localization Quality,AMCLPose,CovYY,0.925286,127.7
479db97d29218a8841488e693875407b,Localization Quality,AMCLPose,CovXX,1.21278,127.7
479db97d29218a8841488e693875407b,Localization Quality,AMCLPose,MeanYaw,-2.36903,127.7
479db97d29218a8841488e693875407b,Localization Quality,AMCLPose,MeanY,-2.18632,127.7
479db97d29218a8841488e693875407b,Localization Quality,AMCLPose,MeanX,-3.26134,127.7
479db97d29218a8841488e693875407b,Localization Stability,TF,Jump Angular,0.00421517,128.7
479db97d29218a8841488e693875407b,Localization Stability,TF,Jump Linear,0.0121864,128.7
479db97d29218a8841488e693875407b,Input Validity,Lidar,Lidar Rate,10,127.86
479db97d29218a8841488e693875407b,Input Validity,Odometry,Odometry Rate,50,127.86
479db97d29218a8841488e693875407b,Input Validity,TF,TF Rate,10,127.86
479db97d29218a8841488e693875407b,Localization Stability,TF,Jump Angular,0,128.8
479db97d29218a8841488e693875407b,Localization Stability,TF,Jump Linear,0,128.8
479db97d29218a8841488e693875407b,Input Validity,Lidar,Lidar Rate,10,127.96
479db97d29218a8841488e693875407b,Input Validity,Odometry,Odometry Rate,50,127.96
479db97d29218a8841488e693875407b,Input Validity,TF,TF Rate,10,127.96
479db97d29218a8841488e693875407b,Localization Stability,TF,Jump Angular,0,128.9
479db97d29218a8841488e693875407b,Localization Stability,TF,Jump Linear,0,128.9
479db97d29218a8841488e693875407b,Input Validity,Lidar,Lidar Rate,10,128.06
479db97d29218a8841488e693875407b,Input Validity,Odometry,Odometry Rate,50,128.06
479db97d29218a8841488e693875407b,Input Validity,TF,TF Rate,10,128.06
479db97d29218a8841488e693875407b,Localization Quality,AMCLPose,CovYawYaw,0.129599,128
479db97d29218a8841488e693875407b,Localization Quality,AMCLPose,CovYY,1.00942,128
479db97d29218a8841488e693875407b,Localization Quality,AMCLPose,CovXX,1.14361,128
479db97d29218a8841488e693875407b,Localization Quality,AMCLPose,MeanYaw,-2.38377,128
479db97d29218a8841488e693875407b,Localization Quality,AMCLPose,MeanY,-2.25589,128
479db97d29218a8841488e693875407b,Localization Quality,AMCLPose,MeanX,-3.37572,128
479db97d29218a8841488e693875407b,Localization Stability,TF,Jump Angular,0.00158747,129
479db97d29218a8841488e693875407b,Localization Stability,TF,Jump Linear,0.0360994,129
479db97d29218a8841488e693875407b,Input Validity,Lidar,Lidar Rate,10,128.16
479db97d29218a8841488e693875407b,Input Validity,Odometry,Odometry Rate,50,128.16
479db97d29218a8841488e693875407b,Input Validity,TF,TF Rate,10,128.16
479db97d29218a8841488e693875407b,Localization Stability,TF,Jump Angular,0,129.1
479db97d29218a8841488e693875407b,Localization Stability,TF,Jump Linear,0,129.1
479db97d29218a8841488e693875407b,Input Validity,Lidar,Lidar Rate,10,128.26
479db97d29218a8841488e693875407b,Input Validity,Odometry,Odometry Rate,50,128.26
479db97d29218a8841488e693875407b,Input Validity,TF,TF Rate,10,128.26
479db97d29218a8841488e693875407b,Localization Stability,TF,Jump Angular,0,129.2
479db97d29218a8841488e693875407b,Localization Stability,TF,Jump Linear,0,129.2
479db97d29218a8841488e693875407b,Input Validity,Lidar,Lidar Rate,10,128.36
479db97d29218a8841488e693875407b,Input Validity,Odometry,Odometry Rate,50,128.36
479db97d29218a8841488e693875407b,Input Validity,TF,TF Rate,10,128.36
479db97d29218a8841488e693875407b,Localization Quality,AMCLPose,CovYawYaw,0.142766,128.3
479db97d29218a8841488e693875407b,Localization Quality,AMCLPose,CovYY,1.0738,128.3
479db97d29218a8841488e693875407b,Localization Quality,AMCLPose,CovXX,1.15632,128.3
479db97d29218a8841488e693875407b,Localization Quality,AMCLPose,MeanYaw,-2.45812,128.3
479db97d29218a8841488e693875407b,Localization Quality,AMCLPose,MeanY,-2.34954,128.3
479db97d29218a8841488e693875407b,Localization Quality,AMCLPose,MeanX,-3.46745,128.3
479db97d29218a8841488e693875407b,Localization Stability,TF,Jump Angular,-0.001732,129.3
479db97d29218a8841488e693875407b,Localization Stability,TF,Jump Linear,0.0168845,129.3
479db97d29218a8841488e693875407b,Input Validity,Lidar,Lidar Rate,10,128.46
479db97d29218a8841488e693875407b,Input Validity,Odometry,Odometry Rate,50,128.46
479db97d29218a8841488e693875407b,Input Validity,TF,TF Rate,10,128.46
479db97d29218a8841488e693875407b,Localization Stability,TF,Jump Angular,0,129.4
479db97d29218a8841488e693875407b,Localization Stability,TF,Jump Linear,0,129.4
479db97d29218a8841488e693875407b,Input Validity,Lidar,Lidar Rate,10,128.54
479db97d29218a8841488e693875407b,Input Validity,Odometry,Odometry Rate,50,128.54
479db97d29218a8841488e693875407b,Input Validity,TF,TF Rate,10,128.54
479db97d29218a8841488e693875407b,Localization Stability,TF,Jump Angular,0,129.5
479db97d29218a8841488e693875407b,Localization Stability,TF,Jump Linear,0,129.5
479db97d29218a8841488e693875407b,Input Validity,Lidar,Lidar Rate,10,128.63
479db97d29218a8841488e693875407b,Input Validity,Odometry,Odometry Rate,50,128.63
479db97d29218a8841488e693875407b,Input Validity,TF,TF Rate,10,128.63
479db97d29218a8841488e693875407b,Input Validity,Lidar,Lidar Rate,10,128.71
479db97d29218a8841488e693875407b,Input Validity,Odometry,Odometry Rate,50,128.71
479db97d29218a8841488e693875407b,Input Validity,TF,TF Rate,10,128.71
479db97d29218a8841488e693875407b,Localization Quality,AMCLPose,CovYawYaw,0.128578,128.6
479db97d29218a8841488e693875407b,Localization Quality,AMCLPose,CovYY,1.04706,128.6
479db97d29218a8841488e693875407b,Localization Quality,AMCLPose,CovXX,1.19063,128.6
479db97d29218a8841488e693875407b,Localization Quality,AMCLPose,MeanYaw,-2.49507,128.6
479db97d29218a8841488e693875407b,Localization Quality,AMCLPose,MeanY,-2.44075,128.6
479db97d29218a8841488e693875407b,Localization Quality,AMCLPose,MeanX,-3.5669,128.6
479db97d29218a8841488e693875407b,Localization Stability,TF,Jump Angular,0.0036075,129.6
479db97d29218a8841488e693875407b,Localization Stability,TF,Jump Linear,0.0048279,129.6
479db97d29218a8841488e693875407b,Input Validity,Lidar,Lidar Rate,10,128.8
479db97d29218a8841488e693875407b,Input Validity,Odometry,Odometry Rate,50,128.8
479db97d29218a8841488e693875407b,Input Validity,TF,TF Rate,10,128.8
479db97d29218a8841488e693875407b,Localization Stability,TF,Jump Angular,0,129.7
479db97d29218a8841488e693875407b,Localization Stability,TF,Jump Linear,0,129.7
479db97d29218a8841488e693875407b,Localization Stability,TF,Jump Angular,0,129.8
479db97d29218a8841488e693875407b,Localization Stability,TF,Jump Linear,0,129.8
479db97d29218a8841488e693875407b,Input Validity,Lidar,Lidar Rate,10,128.89
479db97d29218a8841488e693875407b,Input Validity,Odometry,Odometry Rate,50,128.89
479db97d29218a8841488e693875407b,Input Validity,TF,TF Rate,10,128.89
479db97d29218a8841488e693875407b,Localization Quality,AMCLPose,CovYawYaw,0.125209,128.9
479db97d29218a8841488e693875407b,Localization Quality,AMCLPose,CovYY,1.08625,128.9
479db97d29218a8841488e693875407b,Localization Quality,AMCLPose,CovXX,1.29639,128.9
479db97d29218a8841488e693875407b,Localization Quality,AMCLPose,MeanYaw,-2.52057,128.9
479db97d29218a8841488e693875407b,Localization Quality,AMCLPose,MeanY,-2.47833,128.9
479db97d29218a8841488e693875407b,Localization Quality,AMCLPose,MeanX,-3.7116,128.9
479db97d29218a8841488e693875407b,Localization Stability,TF,Jump Angular,-0.00822819,129.9
479db97d29218a8841488e693875407b,Localization Stability,TF,Jump Linear,0.0182423,129.9
479db97d29218a8841488e693875407b,Input Validity,Lidar,Lidar Rate,10,128.99
479db97d29218a8841488e693875407b,Input Validity,Odometry,Odometry Rate,50,128.99
479db97d29218a8841488e693875407b,Input Validity,TF,TF Rate,10,128.99
479db97d29218a8841488e693875407b,Localization Stability,TF,Jump Angular,0,130
479db97d29218a8841488e693875407b,Localization Stability,TF,Jump Linear,0,130
479db97d29218a8841488e693875407b,Input Validity,Lidar,Lidar Rate,10,129.09
479db97d29218a8841488e693875407b,Input Validity,Odometry,Odometry Rate,50,129.09
479db97d29218a8841488e693875407b,Input Validity,TF,TF Rate,10,129.09
479db97d29218a8841488e693875407b,Input Validity,Lidar,Lidar Rate,10,129.19
479db97d29218a8841488e693875407b,Input Validity,Odometry,Odometry Rate,50,129.19
479db97d29218a8841488e693875407b,Input Validity,TF,TF Rate,10,129.19
479db97d29218a8841488e693875407b,Localization Stability,TF,Jump Angular,0,130.1
479db97d29218a8841488e693875407b,Localization Stability,TF,Jump Linear,0,130.1
479db97d29218a8841488e693875407b,Input Validity,Lidar,Lidar Rate,10,129.29
479db97d29218a8841488e693875407b,Input Validity,Odometry,Odometry Rate,50,129.29
479db97d29218a8841488e693875407b,Input Validity,TF,TF Rate,10,129.29
479db97d29218a8841488e693875407b,Localization Quality,AMCLPose,CovYawYaw,0.0982389,129.2
479db97d29218a8841488e693875407b,Localization Quality,AMCLPose,CovYY,0.917682,129.2
479db97d29218a8841488e693875407b,Localization Quality,AMCLPose,CovXX,1.2382,129.2
479db97d29218a8841488e693875407b,Localization Quality,AMCLPose,MeanYaw,-2.54941,129.2
479db97d29218a8841488e693875407b,Localization Quality,AMCLPose,MeanY,-2.66914,129.2
479db97d29218a8841488e693875407b,Localization Quality,AMCLPose,MeanX,-3.70134,129.2
479db97d29218a8841488e693875407b,Localization Stability,TF,Jump Angular,0.0276176,130.2
479db97d29218a8841488e693875407b,Localization Stability,TF,Jump Linear,0.0423613,130.2
479db97d29218a8841488e693875407b,Localization Stability,TF,Jump Angular,0,130.3
479db97d29218a8841488e693875407b,Localization Stability,TF,Jump Linear,0,130.3
479db97d29218a8841488e693875407b,Input Validity,Lidar,Lidar Rate,10,129.39
479db97d29218a8841488e693875407b,Input Validity,Odometry,Odometry Rate,50,129.39
479db97d29218a8841488e693875407b,Input Validity,TF,TF Rate,10,129.39
479db97d29218a8841488e693875407b,Input Validity,Lidar,Lidar Rate,10,129.49
479db97d29218a8841488e693875407b,Input Validity,Odometry,Odometry Rate,50,129.49
479db97d29218a8841488e693875407b,Input Validity,TF,TF Rate,10,129.49
479db97d29218a8841488e693875407b,Localization Quality,AMCLPose,CovYawYaw,0.0850165,129.4
479db97d29218a8841488e693875407b,Localization Quality,AMCLPose,CovYY,0.825998,129.4
479db97d29218a8841488e693875407b,Localization Quality,AMCLPose,CovXX,1.05423,129.4
479db97d29218a8841488e693875407b,Localization Quality,AMCLPose,MeanYaw,-2.63495,129.4
479db97d29218a8841488e693875407b,Localization Quality,AMCLPose,MeanY,-2.72537,129.4
479db97d29218a8841488e693875407b,Localization Quality,AMCLPose,MeanX,-3.76469,129.4
479db97d29218a8841488e693875407b,Localization Stability,TF,Jump Angular,-0.0102132,130.4
479db97d29218a8841488e693875407b,Localization Stability,TF,Jump Linear,0.0648083,130.4
479db97d29218a8841488e693875407b,Localization Stability,TF,Jump Angular,0,130.5
479db97d29218a8841488e693875407b,Localization Stability,TF,Jump Linear,0,130.5
479db97d29218a8841488e693875407b,Input Validity,Lidar,Lidar Rate,10,129.59
479db97d29218a8841488e693875407b,Input Validity,Odometry,Odometry Rate,50,129.59
479db97d29218a8841488e693875407b,Input Validity,TF,TF Rate,10,129.59
479db97d29218a8841488e693875407b,Localization Quality,AMCLPose,CovYawYaw,0.0618936,129.6
479db97d29218a8841488e693875407b,Localization Quality,AMCLPose,CovYY,0.556597,129.6
479db97d29218a8841488e693875407b,Localization Quality,AMCLPose,CovXX,0.770659,129.6
479db97d29218a8841488e693875407b,Localization Quality,AMCLPose,MeanYaw,-2.71223,129.6
479db97d29218a8841488e693875407b,Localization Quality,AMCLPose,MeanY,-2.72753,129.6
479db97d29218a8841488e693875407b,Localization Quality,AMCLPose,MeanX,-3.94497,129.6
479db97d29218a8841488e693875407b,Localization Stability,TF,Jump Angular,-0.0215861,130.6
479db97d29218a8841488e693875407b,Localization Stability,TF,Jump Linear,0.058815,130.6
479db97d29218a8841488e693875407b,Input Validity,Lidar,Lidar Rate,10,129.69
479db97d29218a8841488e693875407b,Input Validity,Odometry,Odometry Rate,50,129.69
479db97d29218a8841488e693875407b,Input Validity,TF,TF Rate,10,129.69
479db97d29218a8841488e693875407b,Localization Stability,TF,Jump Angular,0,130.7
479db97d29218a8841488e693875407b,Localization Stability,TF,Jump Linear,0,130.7
479db97d29218a8841488e693875407b,Input Validity,Lidar,Lidar Rate,10,129.79
479db97d29218a8841488e693875407b,Input Validity,Odometry,Odometry Rate,50,129.79
479db97d29218a8841488e693875407b,Input Validity,TF,TF Rate,10,129.79
479db97d29218a8841488e693875407b,Localization Stability,TF,Jump Angular,0,130.8
479db97d29218a8841488e693875407b,Localization Stability,TF,Jump Linear,0,130.8
479db97d29218a8841488e693875407b,Input Validity,Lidar,Lidar Rate,10,129.89
479db97d29218a8841488e693875407b,Input Validity,Odometry,Odometry Rate,50,129.89
479db97d29218a8841488e693875407b,Input Validity,TF,TF Rate,10,129.89
479db97d29218a8841488e693875407b,Input Validity,Lidar,Lidar Rate,10,129.99
479db97d29218a8841488e693875407b,Input Validity,Odometry,Odometry Rate,50,129.99
479db97d29218a8841488e693875407b,Input Validity,TF,TF Rate,10,129.99
479db97d29218a8841488e693875407b,Localization Quality,AMCLPose,CovYawYaw,0.0320502,129.9
479db97d29218a8841488e693875407b,Localization Quality,AMCLPose,CovYY,0.267132,129.9
479db97d29218a8841488e693875407b,Localization Quality,AMCLPose,CovXX,0.397287,129.9
479db97d29218a8841488e693875407b,Localization Quality,AMCLPose,MeanYaw,-2.78473,129.9
479db97d29218a8841488e693875407b,Localization Quality,AMCLPose,MeanY,-2.73736,129.9
479db97d29218a8841488e693875407b,Localization Quality,AMCLPose,MeanX,-4.23682,129.9
479db97d29218a8841488e693875407b,Localization Stability,TF,Jump Angular,-0.020593,130.9
479db97d29218a8841488e693875407b,Localization Stability,TF,Jump Linear,0.115461,130.9
479db97d29218a8841488e693875407b,Localization Stability,TF,Jump Angular,0,131
479db97d29218a8841488e693875407b,Localization Stability,TF,Jump Linear,0,131
479db97d29218a8841488e693875407b,Input Validity,Lidar,Lidar Rate,10,130.09
479db97d29218a8841488e693875407b,Input Validity,Odometry,Odometry Rate,50,130.09
479db97d29218a8841488e693875407b,Input Validity,TF,TF Rate,10,130.09
479db97d29218a8841488e693875407b,Localization Stability,TF,Jump Angular,0,131.1
479db97d29218a8841488e693875407b,Localization Stability,TF,Jump Linear,0,131.1
479db97d29218a8841488e693875407b,Input Validity,Lidar,Lidar Rate,10,130.19
479db97d29218a8841488e693875407b,Input Validity,Odometry,Odometry Rate,50,130.19
479db97d29218a8841488e693875407b,Input Validity,TF,TF Rate,10,130.19
479db97d29218a8841488e693875407b,Input Validity,Lidar,Lidar Rate,10,130.29
479db97d29218a8841488e693875407b,Input Validity,Odometry,Odometry Rate,50,130.29
479db97d29218a8841488e693875407b,Input Validity,TF,TF Rate,10,130.29
479db97d29218a8841488e693875407b,Localization Quality,AMCLPose,CovYawYaw,0.0141712,130.2
479db97d29218a8841488e693875407b,Localization Quality,AMCLPose,CovYY,0.0968802,130.2
479db97d29218a8841488e693875407b,Localization Quality,AMCLPose,CovXX,0.121652,130.2
479db97d29218a8841488e693875407b,Localization Quality,AMCLPose,MeanYaw,-2.85312,130.2
479db97d29218a8841488e693875407b,Localization Quality,AMCLPose,MeanY,-2.73313,130.2
479db97d29218a8841488e693875407b,Localization Quality,AMCLPose,MeanX,-4.46695,130.2
479db97d29218a8841488e693875407b,Localization Stability,TF,Jump Angular,-0.0139286,131.2
479db97d29218a8841488e693875407b,Localization Stability,TF,Jump Linear,0.0636039,131.2
479db97d29218a8841488e693875407b,Input Validity,Lidar,Lidar Rate,10,130.38
479db97d29218a8841488e693875407b,Input Validity,Odometry,Odometry Rate,50,130.38
479db97d29218a8841488e693875407b,Input Validity,TF,TF Rate,10,130.38
479db97d29218a8841488e693875407b,Localization Quality,AMCLPose,CovYawYaw,0.00721353,130.3
479db97d29218a8841488e693875407b,Localization Quality,AMCLPose,CovYY,0.0274453,130.3
479db97d29218a8841488e693875407b,Localization Quality,AMCLPose,CovXX,0.0310548,130.3
479db97d29218a8841488e693875407b,Localization Quality,AMCLPose,MeanYaw,-2.90985,130.3
479db97d29218a8841488e693875407b,Localization Quality,AMCLPose,MeanY,-2.72012,130.3
479db97d29218a8841488e693875407b,Localization Quality,AMCLPose,MeanX,-4.55031,130.3
479db97d29218a8841488e693875407b,Localization Stability,TF,Jump Angular,-0.00504057,131.3
479db97d29218a8841488e693875407b,Localization Stability,TF,Jump Linear,0.0256252,131.3
479db97d29218a8841488e693875407b,Input Validity,Lidar,Lidar Rate,10,130.48
479db97d29218a8841488e693875407b,Input Validity,Odometry,Odometry Rate,50,130.48
479db97d29218a8841488e693875407b,Input Validity,TF,TF Rate,10,130.48
479db97d29218a8841488e693875407b,Localization Quality,AMCLPose,CovYawYaw,0.00487311,130.4
479db97d29218a8841488e693875407b,Localization Quality,AMCLPose,CovYY,0.0145227,130.4
479db97d29218a8841488e693875407b,Localization Quality,AMCLPose,CovXX,0.0148788,130.4
479db97d29218a8841488e693875407b,Localization Quality,AMCLPose,MeanYaw,-2.95857,130.4
479db97d29218a8841488e693875407b,Localization Quality,AMCLPose,MeanY,-2.72971,130.4
479db97d29218a8841488e693875407b,Localization Quality,AMCLPose,MeanX,-4.59303,130.4
479db97d29218a8841488e693875407b,Localization Stability,TF,Jump Angular,0.00140823,131.4
479db97d29218a8841488e693875407b,Localization Stability,TF,Jump Linear,0.00646204,131.4
479db97d29218a8841488e693875407b,Localization Stability,TF,Jump Angular,0,131.5
479db97d29218a8841488e693875407b,Localization Stability,TF,Jump Linear,0,131.5
479db97d29218a8841488e693875407b,Input Validity,Lidar,Lidar Rate,10,130.58
479db97d29218a8841488e693875407b,Input Validity,Odometry,Odometry Rate,50,130.58
479db97d29218a8841488e693875407b,Input Validity,TF,TF Rate,10,130.58
479db97d29218a8841488e693875407b,Input Validity,Lidar,Lidar Rate,10,130.68
479db97d29218a8841488e693875407b,Input Validity,Odometry,Odometry Rate,50,130.68
479db97d29218a8841488e693875407b,Input Validity,TF,TF Rate,10,130.68
479db97d29218a8841488e693875407b,Localization Quality,AMCLPose,CovYawYaw,0.00385666,130.6
479db97d29218a8841488e693875407b,Localization Quality,AMCLPose,CovYY,0.00572538,130.6
479db97d29218a8841488e693875407b,Localization Quality,AMCLPose,CovXX,0.00538544,130.6
479db97d29218a8841488e693875407b,Localization Quality,AMCLPose,MeanYaw,-3.04235,130.6
479db97d29218a8841488e693875407b,Localization Quality,AMCLPose,MeanY,-2.74004,130.6
479db97d29218a8841488e693875407b,Localization Quality,AMCLPose,MeanX,-4.67951,130.6
479db97d29218a8841488e693875407b,Localization Stability,TF,Jump Angular,-0.00156457,131.6
479db97d29218a8841488e693875407b,Localization Stability,TF,Jump Linear,0.00867633,131.6
479db97d29218a8841488e693875407b,Localization Stability,TF,Jump Angular,0,131.7
479db97d29218a8841488e693875407b,Localization Stability,TF,Jump Linear,0,131.7
479db97d29218a8841488e693875407b,Input Validity,Lidar,Lidar Rate,10,130.78
479db97d29218a8841488e693875407b,Input Validity,Odometry,Odometry Rate,50,130.78
479db97d29218a8841488e693875407b,Input Validity,TF,TF Rate,10,130.78
479db97d29218a8841488e693875407b,Localization Stability,TF,Jump Angular,0,131.8
479db97d29218a8841488e693875407b,Localization Stability,TF,Jump Linear,0,131.8
479db97d29218a8841488e693875407b,Input Validity,Lidar,Lidar Rate,10,130.88
479db97d29218a8841488e693875407b,Input Validity,Odometry,Odometry Rate,50,130.88
479db97d29218a8841488e693875407b,Input Validity,TF,TF Rate,10,130.88
479db97d29218a8841488e693875407b,Input Validity,Lidar,Lidar Rate,10,130.98
479db97d29218a8841488e693875407b,Input Validity,Odometry,Odometry Rate,50,130.98
479db97d29218a8841488e693875407b,Input Validity,TF,TF Rate,10,130.98
479db97d29218a8841488e693875407b,Localization Quality,AMCLPose,CovYawYaw,0.0041934,130.9
479db97d29218a8841488e693875407b,Localization Quality,AMCLPose,CovYY,0.00421735,130.9
479db97d29218a8841488e693875407b,Localization Quality,AMCLPose,CovXX,0.00540659,130.9
479db97d29218a8841488e693875407b,Localization Quality,AMCLPose,MeanYaw,-3.0742,130.9
479db97d29218a8841488e693875407b,Localization Quality,AMCLPose,MeanY,-2.75143,130.9
479db97d29218a8841488e693875407b,Localization Quality,AMCLPose,MeanX,-4.81438,130.9
479db97d29218a8841488e693875407b,Localization Stability,TF,Jump Angular,-0.000142238,131.9
479db97d29218a8841488e693875407b,Localization Stability,TF,Jump Linear,0.0018105,131.9
479db97d29218a8841488e693875407b,Localization Stability,TF,Jump Angular,0,132
479db97d29218a8841488e693875407b,Localization Stability,TF,Jump Linear,0,132
479db97d29218a8841488e693875407b,Input Validity,Lidar,Lidar Rate,10,131.08
479db97d29218a8841488e693875407b,Input Validity,Odometry,Odometry Rate,50,131.08
479db97d29218a8841488e693875407b,Input Validity,TF,TF Rate,10,131.08
479db97d29218a8841488e693875407b,Localization Stability,TF,Jump Angular,0,132.1
479db97d29218a8841488e693875407b,Localization Stability,TF,Jump Linear,0,132.1
479db97d29218a8841488e693875407b,Input Validity,Lidar,Lidar Rate,10,131.18
479db97d29218a8841488e693875407b,Input Validity,Odometry,Odometry Rate,50,131.18
479db97d29218a8841488e693875407b,Input Validity,TF,TF Rate,10,131.18
479db97d29218a8841488e693875407b,Input Validity,Lidar,Lidar Rate,10,131.28
479db97d29218a8841488e693875407b,Input Validity,Odometry,Odometry Rate,50,131.28
479db97d29218a8841488e693875407b,Input Validity,TF,TF Rate,10,131.28
479db97d29218a8841488e693875407b,Localization Quality,AMCLPose,CovYawYaw,0.0047343,131.2
479db97d29218a8841488e693875407b,Localization Quality,AMCLPose,CovYY,0.00362324,131.2
479db97d29218a8841488e693875407b,Localization Quality,AMCLPose,CovXX,0.00603755,131.2
479db97d29218a8841488e693875407b,Localization Quality,AMCLPose,MeanYaw,-3.03881,131.2
479db97d29218a8841488e693875407b,Localization Quality,AMCLPose,MeanY,-2.7673,131.2
479db97d29218a8841488e693875407b,Localization Quality,AMCLPose,MeanX,-4.9455,131.2
479db97d29218a8841488e693875407b,Localization Stability,TF,Jump Angular,-0.00110204,132.2
479db97d29218a8841488e693875407b,Localization Stability,TF,Jump Linear,0.0105878,132.2
479db97d29218a8841488e693875407b,Localization Stability,TF,Jump Angular,0,132.3
479db97d29218a8841488e693875407b,Localization Stability,TF,Jump Linear,0,132.3
479db97d29218a8841488e693875407b,Input Validity,Lidar,Lidar Rate,10,131.38
479db97d29218a8841488e693875407b,Input Validity,Odometry,Odometry Rate,50,131.38
479db97d29218a8841488e693875407b,Input Validity,TF,TF Rate,10,131.38
479db97d29218a8841488e693875407b,Localization Stability,TF,Jump Angular,0,132.4
479db97d29218a8841488e693875407b,Localization Stability,TF,Jump Linear,0,132.4
479db97d29218a8841488e693875407b,Input Validity,Lidar,Lidar Rate,10,131.48
479db97d29218a8841488e693875407b,Input Validity,Odometry,Odometry Rate,50,131.48
479db97d29218a8841488e693875407b,Input Validity,TF,TF Rate,10,131.48
479db97d29218a8841488e693875407b,Input Validity,Lidar,Lidar Rate,10,131.58
479db97d29218a8841488e693875407b,Input Validity,Odometry,Odometry Rate,50,131.58
479db97d29218a8841488e693875407b,Input Validity,TF,TF Rate,10,131.58
479db97d29218a8841488e693875407b,Localization Quality,AMCLPose,CovYawYaw,0.00532149,131.5
479db97d29218a8841488e693875407b,Localization Quality,AMCLPose,CovYY,0.00309526,131.5
479db97d29218a8841488e693875407b,Localization Quality,AMCLPose,CovXX,0.00634094,131.5
479db97d29218a8841488e693875407b,Localization Quality,AMCLPose,MeanYaw,-3.02776,131.5
479db97d29218a8841488e693875407b,Localization Quality,AMCLPose,MeanY,-2.7836,131.5
479db97d29218a8841488e693875407b,Localization Quality,AMCLPose,MeanX,-5.07549,131.5
479db97d29218a8841488e693875407b,Localization Stability,TF,Jump Angular,0.00429744,132.5
479db97d29218a8841488e693875407b,Localization Stability,TF,Jump Linear,0.020427,132.5
479db97d29218a8841488e693875407b,Localization Stability,TF,Jump Angular,0,132.6
479db97d29218a8841488e693875407b,Localization Stability,TF,Jump Linear,0,132.6
479db97d29218a8841488e693875407b,Input Validity,Lidar,Lidar Rate,10,131.68
479db97d29218a8841488e693875407b,Input Validity,Odometry,Odometry Rate,50,131.68
479db97d29218a8841488e693875407b,Input Validity,TF,TF Rate,10,131.68
479db97d29218a8841488e693875407b,Localization Stability,TF,Jump Angular,0,132.7
479db97d29218a8841488e693875407b,Localization Stability,TF,Jump Linear,0,132.7
479db97d29218a8841488e693875407b,Input Validity,Lidar,Lidar Rate,10,131.78
479db97d29218a8841488e693875407b,Input Validity,Odometry,Odometry Rate,50,131.78
479db97d29218a8841488e693875407b,Input Validity,TF,TF Rate,10,131.78
479db97d29218a8841488e693875407b,Input Validity,Lidar,Lidar Rate,10,131.88
479db97d29218a8841488e693875407b,Input Validity,Odometry,Odometry Rate,50,131.88
479db97d29218a8841488e693875407b,Input Validity,TF,TF Rate,10,131.88
479db97d29218a8841488e693875407b,Localization Quality,AMCLPose,CovYawYaw,0.00536231,131.8
479db97d29218a8841488e693875407b,Localization Quality,AMCLPose,CovYY,0.00298949,131.8
479db97d29218a8841488e693875407b,Localization Quality,AMCLPose,CovXX,0.00657216,131.8
479db97d29218a8841488e693875407b,Localization Quality,AMCLPose,MeanYaw,-2.99596,131.8
479db97d29218a8841488e693875407b,Localization Quality,AMCLPose,MeanY,-2.80136,131.8
479db97d29218a8841488e693875407b,Localization Quality,AMCLPose,MeanX,-5.20648,131.8
479db97d29218a8841488e693875407b,Localization Stability,TF,Jump Angular,0.00331732,132.8
479db97d29218a8841488e693875407b,Localization Stability,TF,Jump Linear,0.0174323,132.8
479db97d29218a8841488e693875407b,Localization Stability,TF,Jump Angular,0,132.9
479db97d29218a8841488e693875407b,Localization Stability,TF,Jump Linear,0,132.9
479db97d29218a8841488e693875407b,Input Validity,Lidar,Lidar Rate,10,131.98
479db97d29218a8841488e693875407b,Input Validity,Odometry,Odometry Rate,50,131.98
479db97d29218a8841488e693875407b,Input Validity,TF,TF Rate,10,131.98
479db97d29218a8841488e693875407b,Input Validity,Lidar,Lidar Rate,10,132.07
479db97d29218a8841488e693875407b,Input Validity,Odometry,Odometry Rate,50,132.07
479db97d29218a8841488e693875407b,Input Validity,TF,TF Rate,10,132.07
479db97d29218a8841488e693875407b,Localization Stability,TF,Jump Angular,0,133
479db97d29218a8841488e693875407b,Localization Stability,TF,Jump Linear,0,133
479db97d29218a8841488e693875407b,Input Validity,Lidar,Lidar Rate,10,132.17
479db97d29218a8841488e693875407b,Input Validity,Odometry,Odometry Rate,50,132.17
479db97d29218a8841488e693875407b,Input Validity,TF,TF Rate,10,132.17
479db97d29218a8841488e693875407b,Localization Quality,AMCLPose,CovYawYaw,0.00504914,132.1
479db97d29218a8841488e693875407b,Localization Quality,AMCLPose,CovYY,0.00282613,132.1
479db97d29218a8841488e693875407b,Localization Quality,AMCLPose,CovXX,0.0067017,132.1
479db97d29218a8841488e693875407b,Localization Quality,AMCLPose,MeanYaw,-2.95607,132.1
479db97d29218a8841488e693875407b,Localization Quality,AMCLPose,MeanY,-2.82657,132.1
479db97d29218a8841488e693875407b,Localization Quality,AMCLPose,MeanX,-5.33832,132.1
479db97d29218a8841488e693875407b,Localization Stability,TF,Jump Angular,0.000778579,133.1
479db97d29218a8841488e693875407b,Localization Stability,TF,Jump Linear,0.00149778,133.1
479db97d29218a8841488e693875407b,Localization Stability,TF,Jump Angular,0,133.2
479db97d29218a8841488e693875407b,Localization Stability,TF,Jump Linear,0,133.2
479db97d29218a8841488e693875407b,Input Validity,Lidar,Lidar Rate,10,132.27
479db97d29218a8841488e693875407b,Input Validity,Odometry,Odometry Rate,50,132.27
479db97d29218a8841488e693875407b,Input Validity,TF,TF Rate,10,132.27
479db97d29218a8841488e693875407b,Localization Stability,TF,Jump Angular,0,133.3
479db97d29218a8841488e693875407b,Localization Stability,TF,Jump Linear,0,133.3
479db97d29218a8841488e693875407b,Input Validity,Lidar,Lidar Rate,10,132.37
479db97d29218a8841488e693875407b,Input Validity,Odometry,Odometry Rate,50,132.37
479db97d29218a8841488e693875407b,Input Validity,TF,TF Rate,10,132.37
479db97d29218a8841488e693875407b,Input Validity,Lidar,Lidar Rate,10,132.47
479db97d29218a8841488e693875407b,Input Validity,Odometry,Odometry Rate,50,132.47
479db97d29218a8841488e693875407b,Input Validity,TF,TF Rate,10,132.47
479db97d29218a8841488e693875407b,Localization Quality,AMCLPose,CovYawYaw,0.00547599,132.4
479db97d29218a8841488e693875407b,Localization Quality,AMCLPose,CovYY,0.00280068,132.4
479db97d29218a8841488e693875407b,Localization Quality,AMCLPose,CovXX,0.00705227,132.4
479db97d29218a8841488e693875407b,Localization Quality,AMCLPose,MeanYaw,-2.99186,132.4
479db97d29218a8841488e693875407b,Localization Quality,AMCLPose,MeanY,-2.85024,132.4
479db97d29218a8841488e693875407b,Localization Quality,AMCLPose,MeanX,-5.47064,132.4
479db97d29218a8841488e693875407b,Localization Stability,TF,Jump Angular,-0.000160628,133.4
479db97d29218a8841488e693875407b,Localization Stability,TF,Jump Linear,0.00247439,133.4
479db97d29218a8841488e693875407b,Localization Stability,TF,Jump Angular,0,133.5
479db97d29218a8841488e693875407b,Localization Stability,TF,Jump Linear,0,133.5
479db97d29218a8841488e693875407b,Input Validity,Lidar,Lidar Rate,10,132.57
479db97d29218a8841488e693875407b,Input Validity,Odometry,Odometry Rate,50,132.57
479db97d29218a8841488e693875407b,Input Validity,TF,TF Rate,10,132.57
479db97d29218a8841488e693875407b,Localization Stability,TF,Jump Angular,0,133.6
479db97d29218a8841488e693875407b,Localization Stability,TF,Jump Linear,0,133.6
479db97d29218a8841488e693875407b,Input Validity,Lidar,Lidar Rate,10,132.67
479db97d29218a8841488e693875407b,Input Validity,Odometry,Odometry Rate,50,132.67
479db97d29218a8841488e693875407b,Input Validity,TF,TF Rate,10,132.67
479db97d29218a8841488e693875407b,Input Validity,Lidar,Lidar Rate,10,132.77
479db97d29218a8841488e693875407b,Input Validity,Odometry,Odometry Rate,50,132.77
479db97d29218a8841488e693875407b,Input Validity,TF,TF Rate,10,132.77
479db97d29218a8841488e693875407b,Localization Quality,AMCLPose,CovYawYaw,0.00532405,132.7
479db97d29218a8841488e693875407b,Localization Quality,AMCLPose,CovYY,0.00281787,132.7
479db97d29218a8841488e693875407b,Localization Quality,AMCLPose,CovXX,0.0074455,132.7
479db97d29218a8841488e693875407b,Localization Quality,AMCLPose,MeanYaw,-3.00428,132.7
479db97d29218a8841488e693875407b,Localization Quality,AMCLPose,MeanY,-2.86888,132.7
479db97d29218a8841488e693875407b,Localization Quality,AMCLPose,MeanX,-5.60168,132.7
479db97d29218a8841488e693875407b,Localization Stability,TF,Jump Angular,0.00191474,133.7
479db97d29218a8841488e693875407b,Localization Stability,TF,Jump Linear,0.0111262,133.7
479db97d29218a8841488e693875407b,Localization Stability,TF,Jump Angular,0,133.8
479db97d29218a8841488e693875407b,Localization Stability,TF,Jump Linear,0,133.8
479db97d29218a8841488e693875407b,Input Validity,Lidar,Lidar Rate,10,132.87
479db97d29218a8841488e693875407b,Input Validity,Odometry,Odometry Rate,50,132.87
479db97d29218a8841488e693875407b,Input Validity,TF,TF Rate,10,132.87
479db97d29218a8841488e693875407b,Localization Stability,TF,Jump Angular,0,133.9
479db97d29218a8841488e693875407b,Localization Stability,TF,Jump Linear,0,133.9
479db97d29218a8841488e693875407b,Input Validity,Lidar,Lidar Rate,10,132.97
479db97d29218a8841488e693875407b,Input Validity,Odometry,Odometry Rate,50,132.97
479db97d29218a8841488e693875407b,Input Validity,TF,TF Rate,10,132.97
479db97d29218a8841488e693875407b,Input Validity,Lidar,Lidar Rate,10,133.07
479db97d29218a8841488e693875407b,Input Validity,Odometry,Odometry Rate,50,133.07
479db97d29218a8841488e693875407b,Input Validity,TF,TF Rate,10,133.07
479db97d29218a8841488e693875407b,Localization Quality,AMCLPose,CovYawYaw,0.00537743,133
479db97d29218a8841488e693875407b,Localization Quality,AMCLPose,CovYY,0.00297958,133
479db97d29218a8841488e693875407b,Localization Quality,AMCLPose,CovXX,0.00815946,133
479db97d29218a8841488e693875407b,Localization Quality,AMCLPose,MeanYaw,-2.98979,133
479db97d29218a8841488e693875407b,Localization Quality,AMCLPose,MeanY,-2.88843,133
479db97d29218a8841488e693875407b,Localization Quality,AMCLPose,MeanX,-5.73386,133
479db97d29218a8841488e693875407b,Localization Stability,TF,Jump Angular,0.00147513,134
479db97d29218a8841488e693875407b,Localization Stability,TF,Jump Linear,0.00830722,134
479db97d29218a8841488e693875407b,Localization Stability,TF,Jump Angular,0,134.1
479db97d29218a8841488e693875407b,Localization Stability,TF,Jump Linear,0,134.1
479db97d29218a8841488e693875407b,Input Validity,Lidar,Lidar Rate,10,133.17
479db97d29218a8841488e693875407b,Input Validity,Odometry,Odometry Rate,50,133.17
479db97d29218a8841488e693875407b,Input Validity,TF,TF Rate,10,133.17
479db97d29218a8841488e693875407b,Localization Stability,TF,Jump Angular,0,134.2
479db97d29218a8841488e693875407b,Localization Stability,TF,Jump Linear,0,134.2
479db97d29218a8841488e693875407b,Input Validity,Lidar,Lidar Rate,10,133.27
479db97d29218a8841488e693875407b,Input Validity,Odometry,Odometry Rate,50,133.27
479db97d29218a8841488e693875407b,Input Validity,TF,TF Rate,10,133.27
479db97d29218a8841488e693875407b,Input Validity,Lidar,Lidar Rate,10,133.36
479db97d29218a8841488e693875407b,Input Validity,Odometry,Odometry Rate,50,133.36
479db97d29218a8841488e693875407b,Input Validity,TF,TF Rate,10,133.36
479db97d29218a8841488e693875407b,Localization Quality,AMCLPose,CovYawYaw,0.00551221,133.3
479db97d29218a8841488e693875407b,Localization Quality,AMCLPose,CovYY,0.0028011,133.3
479db97d29218a8841488e693875407b,Localization Quality,AMCLPose,CovXX,0.00816199,133.3
479db97d29218a8841488e693875407b,Localization Quality,AMCLPose,MeanYaw,-3.00625,133.3
479db97d29218a8841488e693875407b,Localization Quality,AMCLPose,MeanY,-2.90959,133.3
479db97d29218a8841488e693875407b,Localization Quality,AMCLPose,MeanX,-5.86511,133.3
479db97d29218a8841488e693875407b,Localization Stability,TF,Jump Angular,0.00148904,134.3
479db97d29218a8841488e693875407b,Localization Stability,TF,Jump Linear,0.00828963,134.3
479db97d29218a8841488e693875407b,Localization Stability,TF,Jump Angular,0,134.4
479db97d29218a8841488e693875407b,Localization Stability,TF,Jump Linear,0,134.4
479db97d29218a8841488e693875407b,Input Validity,Lidar,Lidar Rate,10,133.46
479db97d29218a8841488e693875407b,Input Validity,Odometry,Odometry Rate,50,133.46
479db97d29218a8841488e693875407b,Input Validity,TF,TF Rate,10,133.46
479db97d29218a8841488e693875407b,Localization Stability,TF,Jump Angular,0,134.5
479db97d29218a8841488e693875407b,Localization Stability,TF,Jump Linear,0,134.5
479db97d29218a8841488e693875407b,Input Validity,Lidar,Lidar Rate,10,133.56
479db97d29218a8841488e693875407b,Input Validity,Odometry,Odometry Rate,50,133.56
479db97d29218a8841488e693875407b,Input Validity,TF,TF Rate,10,133.56
479db97d29218a8841488e693875407b,Input Validity,Lidar,Lidar Rate,10,133.66
479db97d29218a8841488e693875407b,Input Validity,Odometry,Odometry Rate,50,133.66
479db97d29218a8841488e693875407b,Input Validity,TF,TF Rate,10,133.66
479db97d29218a8841488e693875407b,Localization Quality,AMCLPose,CovYawYaw,0.00502909,133.6
479db97d29218a8841488e693875407b,Localization Quality,AMCLPose,CovYY,0.00259253,133.6
479db97d29218a8841488e693875407b,Localization Quality,AMCLPose,CovXX,0.00793353,133.6
479db97d29218a8841488e693875407b,Localization Quality,AMCLPose,MeanYaw,-3.05246,133.6
479db97d29218a8841488e693875407b,Localization Quality,AMCLPose,MeanY,-2.92531,133.6
479db97d29218a8841488e693875407b,Localization Quality,AMCLPose,MeanX,-5.99778,133.6
479db97d29218a8841488e693875407b,Localization Stability,TF,Jump Angular,-0.00186156,134.6
479db97d29218a8841488e693875407b,Localization Stability,TF,Jump Linear,0.0136295,134.6
479db97d29218a8841488e693875407b,Localization Stability,TF,Jump Angular,0,134.7
479db97d29218a8841488e693875407b,Localization Stability,TF,Jump Linear,0,134.7
479db97d29218a8841488e693875407b,Input Validity,Lidar,Lidar Rate,10,133.76
479db97d29218a8841488e693875407b,Input Validity,Odometry,Odometry Rate,50,133.76
479db97d29218a8841488e693875407b,Input Validity,TF,TF Rate,10,133.76
479db97d29218a8841488e693875407b,Localization Stability,TF,Jump Angular,0,134.8
479db97d29218a8841488e693875407b,Localization Stability,TF,Jump Linear,0,134.8
479db97d29218a8841488e693875407b,Input Validity,Lidar,Lidar Rate,10,133.86
479db97d29218a8841488e693875407b,Input Validity,Odometry,Odometry Rate,50,133.86
479db97d29218a8841488e693875407b,Input Validity,TF,TF Rate,10,133.86
479db97d29218a8841488e693875407b,Input Validity,Lidar,Lidar Rate,10,133.96
479db97d29218a8841488e693875407b,Input Validity,Odometry,Odometry Rate,50,133.96
479db97d29218a8841488e693875407b,Input Validity,TF,TF Rate,10,133.96
479db97d29218a8841488e693875407b,Localization Quality,AMCLPose,CovYawYaw,0.00485695,133.9
479db97d29218a8841488e693875407b,Localization Quality,AMCLPose,CovYY,0.00258953,133.9
479db97d29218a8841488e693875407b,Localization Quality,AMCLPose,CovXX,0.0071984,133.9
479db97d29218a8841488e693875407b,Localization Quality,AMCLPose,MeanYaw,-3.07641,133.9
479db97d29218a8841488e693875407b,Localization Quality,AMCLPose,MeanY,-2.93513,133.9
479db97d29218a8841488e693875407b,Localization Quality,AMCLPose,MeanX,-6.13077,133.9
479db97d29218a8841488e693875407b,Localization Stability,TF,Jump Angular,-0.00258013,134.9
479db97d29218a8841488e693875407b,Localization Stability,TF,Jump Linear,0.0177575,134.9
479db97d29218a8841488e693875407b,Localization Stability,TF,Jump Angular,0,135
479db97d29218a8841488e693875407b,Localization Stability,TF,Jump Linear,0,135
479db97d29218a8841488e693875407b,Input Validity,Lidar,Lidar Rate,10,134.06
479db97d29218a8841488e693875407b,Input Validity,Odometry,Odometry Rate,50,134.06
479db97d29218a8841488e693875407b,Input Validity,TF,TF Rate,10,134.06
479db97d29218a8841488e693875407b,Input Validity,Lidar,Lidar Rate,10,134.16
479db97d29218a8841488e693875407b,Input Validity,Odometry,Odometry Rate,50,134.16
479db97d29218a8841488e693875407b,Input Validity,TF,TF Rate,10,134.16
479db97d29218a8841488e693875407b,Localization Stability,TF,Jump Angular,0,135.1
479db97d29218a8841488e693875407b,Localization Stability,TF,Jump Linear,0,135.1
479db97d29218a8841488e693875407b,Input Validity,Lidar,Lidar Rate,10,134.26
479db97d29218a8841488e693875407b,Input Validity,Odometry,Odometry Rate,50,134.26
479db97d29218a8841488e693875407b,Input Validity,TF,TF Rate,10,134.26
479db97d29218a8841488e693875407b,Localization Quality,AMCLPose,CovYawYaw,0.00485994,134.2
479db97d29218a8841488e693875407b,Localization Quality,AMCLPose,CovYY,0.00254367,134.2
479db97d29218a8841488e693875407b,Localization Quality,AMCLPose,CovXX,0.00670355,134.2
479db97d29218a8841488e693875407b,Localization Quality,AMCLPose,MeanYaw,-3.07675,134.2
479db97d29218a8841488e693875407b,Localization Quality,AMCLPose,MeanY,-2.94482,134.2
479db97d29218a8841488e693875407b,Localization Quality,AMCLPose,MeanX,-6.26912,134.2
479db97d29218a8841488e693875407b,Localization Stability,TF,Jump Angular,-0.000920439,135.2
479db97d29218a8841488e693875407b,Localization Stability,TF,Jump Linear,0.0065,135.2
479db97d29218a8841488e693875407b,Input Validity,Lidar,Lidar Rate,10,134.36
479db97d29218a8841488e693875407b,Input Validity,Odometry,Odometry Rate,50,134.36
479db97d29218a8841488e693875407b,Input Validity,TF,TF Rate,10,134.36
479db97d29218a8841488e693875407b,Localization Stability,TF,Jump Angular,0,135.3
479db97d29218a8841488e693875407b,Localization Stability,TF,Jump Linear,0,135.3
479db97d29218a8841488e693875407b,Localization Stability,TF,Jump Angular,0,135.4
479db97d29218a8841488e693875407b,Localization Stability,TF,Jump Linear,0,135.4
479db97d29218a8841488e693875407b,Input Validity,Lidar,Lidar Rate,10,134.46
479db97d29218a8841488e693875407b,Input Validity,Odometry,Odometry Rate,50,134.46
479db97d29218a8841488e693875407b,Input Validity,TF,TF Rate,10,134.46
479db97d29218a8841488e693875407b,Input Validity,Lidar,Lidar Rate,10,134.56
479db97d29218a8841488e693875407b,Input Validity,Odometry,Odometry Rate,50,134.56
479db97d29218a8841488e693875407b,Input Validity,TF,TF Rate,10,134.56
479db97d29218a8841488e693875407b,Localization Quality,AMCLPose,CovYawYaw,0.00468309,134.5
479db97d29218a8841488e693875407b,Localization Quality,AMCLPose,CovYY,0.00257645,134.5
479db97d29218a8841488e693875407b,Localization Quality,AMCLPose,CovXX,0.00627083,134.5
479db97d29218a8841488e693875407b,Localization Quality,AMCLPose,MeanYaw,-3.09099,134.5
479db97d29218a8841488e693875407b,Localization Quality,AMCLPose,MeanY,-2.95174,134.5
479db97d29218a8841488e693875407b,Localization Quality,AMCLPose,MeanX,-6.40349,134.5
479db97d29218a8841488e693875407b,Localization Stability,TF,Jump Angular,-0.00103481,135.5
479db97d29218a8841488e693875407b,Localization Stability,TF,Jump Linear,0.00674249,135.5
479db97d29218a8841488e693875407b,Localization Stability,TF,Jump Angular,0,135.6
479db97d29218a8841488e693875407b,Localization Stability,TF,Jump Linear,0,135.6
479db97d29218a8841488e693875407b,Input Validity,Lidar,Lidar Rate,10,134.66
479db97d29218a8841488e693875407b,Input Validity,Odometry,Odometry Rate,50,134.66
479db97d29218a8841488e693875407b,Input Validity,TF,TF Rate,10,134.66
479db97d29218a8841488e693875407b,Localization Stability,TF,Jump Angular,0,135.7
479db97d29218a8841488e693875407b,Localization Stability,TF,Jump Linear,0,135.7
479db97d29218a8841488e693875407b,Input Validity,Lidar,Lidar Rate,10,134.76
479db97d29218a8841488e693875407b,Input Validity,Odometry,Odometry Rate,50,134.76
479db97d29218a8841488e693875407b,Input Validity,TF,TF Rate,10,134.76
479db97d29218a8841488e693875407b,Input Validity,Lidar,Lidar Rate,10,134.86
479db97d29218a8841488e693875407b,Input Validity,Odometry,Odometry Rate,50,134.86
479db97d29218a8841488e693875407b,Input Validity,TF,TF Rate,10,134.86
479db97d29218a8841488e693875407b,Localization Quality,AMCLPose,CovYawYaw,0.0048092,134.8
479db97d29218a8841488e693875407b,Localization Quality,AMCLPose,CovYY,0.00273826,134.8
479db97d29218a8841488e693875407b,Localization Quality,AMCLPose,CovXX,0.00591283,134.8
479db97d29218a8841488e693875407b,Localization Quality,AMCLPose,MeanYaw,-3.08626,134.8
479db97d29218a8841488e693875407b,Localization Quality,AMCLPose,MeanY,-2.95758,134.8
479db97d29218a8841488e693875407b,Localization Quality,AMCLPose,MeanX,-6.53821,134.8
479db97d29218a8841488e693875407b,Localization Stability,TF,Jump Angular,0.000251598,135.8
479db97d29218a8841488e693875407b,Localization Stability,TF,Jump Linear,0.00277279,135.8
479db97d29218a8841488e693875407b,Input Validity,Lidar,Lidar Rate,10,134.96
479db97d29218a8841488e693875407b,Input Validity,Odometry,Odometry Rate,50,134.96
479db97d29218a8841488e693875407b,Input Validity,TF,TF Rate,10,134.96
479db97d29218a8841488e693875407b,Localization Stability,TF,Jump Angular,0,135.9
479db97d29218a8841488e693875407b,Localization Stability,TF,Jump Linear,0,135.9
479db97d29218a8841488e693875407b,Localization Stability,TF,Jump Angular,0,136
479db97d29218a8841488e693875407b,Localization Stability,TF,Jump Linear,0,136
479db97d29218a8841488e693875407b,Input Validity,Lidar,Lidar Rate,10,135.06
479db97d29218a8841488e693875407b,Input Validity,Odometry,Odometry Rate,50,135.06
479db97d29218a8841488e693875407b,Input Validity,TF,TF Rate,10,135.06
479db97d29218a8841488e693875407b,Input Validity,Lidar,Lidar Rate,10,135.15
479db97d29218a8841488e693875407b,Input Validity,Odometry,Odometry Rate,50,135.15
479db97d29218a8841488e693875407b,Input Validity,TF,TF Rate,10,135.15
479db97d29218a8841488e693875407b,Localization Quality,AMCLPose,CovYawYaw,0.00457805,135.1
479db97d29218a8841488e693875407b,Localization Quality,AMCLPose,CovYY,0.00268898,135.1
479db97d29218a8841488e693875407b,Localization Quality,AMCLPose,CovXX,0.00590299,135.1
479db97d29218a8841488e693875407b,Localization Quality,AMCLPose,MeanYaw,-3.06484,135.1
479db97d29218a8841488e693875407b,Localization Quality,AMCLPose,MeanY,-2.96417,135.1
479db97d29218a8841488e693875407b,Localization Quality,AMCLPose,MeanX,-6.67458,135.1
479db97d29218a8841488e693875407b,Localization Stability,TF,Jump Angular,-0.000929272,136.1
479db97d29218a8841488e693875407b,Localization Stability,TF,Jump Linear,0.00405546,136.1
479db97d29218a8841488e693875407b,Localization Stability,TF,Jump Angular,0,136.2
479db97d29218a8841488e693875407b,Localization Stability,TF,Jump Linear,0,136.2
479db97d29218a8841488e693875407b,Input Validity,Lidar,Lidar Rate,10,135.25
479db97d29218a8841488e693875407b,Input Validity,Odometry,Odometry Rate,50,135.25
479db97d29218a8841488e693875407b,Input Validity,TF,TF Rate,10,135.25
479db97d29218a8841488e693875407b,Localization Stability,TF,Jump Angular,0,136.3
479db97d29218a8841488e693875407b,Localization Stability,TF,Jump Linear,0,136.3
479db97d29218a8841488e693875407b,Input Validity,Lidar,Lidar Rate,10,135.35
479db97d29218a8841488e693875407b,Input Validity,Odometry,Odometry Rate,50,135.35
479db97d29218a8841488e693875407b,Input Validity,TF,TF Rate,10,135.35
479db97d29218a8841488e693875407b,Input Validity,Lidar,Lidar Rate,10,135.45
479db97d29218a8841488e693875407b,Input Validity,Odometry,Odometry Rate,50,135.45
479db97d29218a8841488e693875407b,Input Validity,TF,TF Rate,10,135.45
479db97d29218a8841488e693875407b,Localization Quality,AMCLPose,CovYawYaw,0.00448145,135.4
479db97d29218a8841488e693875407b,Localization Quality,AMCLPose,CovYY,0.00277319,135.4
479db97d29218a8841488e693875407b,Localization Quality,AMCLPose,CovXX,0.00654129,135.4
479db97d29218a8841488e693875407b,Localization Quality,AMCLPose,MeanYaw,-3.03693,135.4
479db97d29218a8841488e693875407b,Localization Quality,AMCLPose,MeanY,-2.97499,135.4
479db97d29218a8841488e693875407b,Localization Quality,AMCLPose,MeanX,-6.80923,135.4
479db97d29218a8841488e693875407b,Localization Stability,TF,Jump Angular,-0.00280152,136.4
479db97d29218a8841488e693875407b,Localization Stability,TF,Jump Linear,0.0190963,136.4
479db97d29218a8841488e693875407b,Localization Stability,TF,Jump Angular,0,136.5
479db97d29218a8841488e693875407b,Localization Stability,TF,Jump Linear,0,136.5
479db97d29218a8841488e693875407b,Input Validity,Lidar,Lidar Rate,10,135.55
479db97d29218a8841488e693875407b,Input Validity,Odometry,Odometry Rate,50,135.55
479db97d29218a8841488e693875407b,Input Validity,TF,TF Rate,10,135.55
479db97d29218a8841488e693875407b,Input Validity,Lidar,Lidar Rate,10,135.65
479db97d29218a8841488e693875407b,Input Validity,Odometry,Odometry Rate,50,135.65
479db97d29218a8841488e693875407b,Input Validity,TF,TF Rate,10,135.65
479db97d29218a8841488e693875407b,Localization Stability,TF,Jump Angular,0,136.6
479db97d29218a8841488e693875407b,Localization Stability,TF,Jump Linear,0,136.6
479db97d29218a8841488e693875407b,Input Validity,Lidar,Lidar Rate,10,135.75
479db97d29218a8841488e693875407b,Input Validity,Odometry,Odometry Rate,50,135.75
479db97d29218a8841488e693875407b,Input Validity,TF,TF Rate,10,135.75
479db97d29218a8841488e693875407b,Localization Quality,AMCLPose,CovYawYaw,0.0044293,135.7
479db97d29218a8841488e693875407b,Localization Quality,AMCLPose,CovYY,0.002518,135.7
479db97d29218a8841488e693875407b,Localization Quality,AMCLPose,CovXX,0.00666568,135.7
479db97d29218a8841488e693875407b,Localization Quality,AMCLPose,MeanYaw,-3.00038,135.7
479db97d29218a8841488e693875407b,Localization Quality,AMCLPose,MeanY,-2.98986,135.7
479db97d29218a8841488e693875407b,Localization Quality,AMCLPose,MeanX,-6.94147,135.7
479db97d29218a8841488e693875407b,Localization Stability,TF,Jump Angular,-0.000508309,136.7
479db97d29218a8841488e693875407b,Localization Stability,TF,Jump Linear,0.00377971,136.7
479db97d29218a8841488e693875407b,Input Validity,Lidar,Lidar Rate,10,135.85
479db97d29218a8841488e693875407b,Input Validity,Odometry,Odometry Rate,50,135.85
479db97d29218a8841488e693875407b,Input Validity,TF,TF Rate,10,135.85
479db97d29218a8841488e693875407b,Localization Stability,TF,Jump Angular,0,136.8
479db97d29218a8841488e693875407b,Localization Stability,TF,Jump Linear,0,136.8
479db97d29218a8841488e693875407b,Input Validity,Lidar,Lidar Rate,10,135.95
479db97d29218a8841488e693875407b,Input Validity,Odometry,Odometry Rate,50,135.95
479db97d29218a8841488e693875407b,Input Validity,TF,TF Rate,10,135.95
479db97d29218a8841488e693875407b,Localization Stability,TF,Jump Angular,0,136.9
479db97d29218a8841488e693875407b,Localization Stability,TF,Jump Linear,0,136.9
479db97d29218a8841488e693875407b,Input Validity,Lidar,Lidar Rate,10,136.05
479db97d29218a8841488e693875407b,Input Validity,Odometry,Odometry Rate,50,136.05
479db97d29218a8841488e693875407b,Input Validity,TF,TF Rate,10,136.05
479db97d29218a8841488e693875407b,Localization Quality,AMCLPose,CovYawYaw,0.00437932,136
479db97d29218a8841488e693875407b,Localization Quality,AMCLPose,CovYY,0.00235174,136
479db97d29218a8841488e693875407b,Localization Quality,AMCLPose,CovXX,0.00701279,136
479db97d29218a8841488e693875407b,Localization Quality,AMCLPose,MeanYaw,-2.96032,136
479db97d29218a8841488e693875407b,Localization Quality,AMCLPose,MeanY,-3.01112,136
479db97d29218a8841488e693875407b,Localization Quality,AMCLPose,MeanX,-7.07398,136
479db97d29218a8841488e693875407b,Localization Stability,TF,Jump Angular,-0.000637782,137
479db97d29218a8841488e693875407b,Localization Stability,TF,Jump Linear,0.00482338,137
479db97d29218a8841488e693875407b,Input Validity,Lidar,Lidar Rate,10,136.15
479db97d29218a8841488e693875407b,Input Validity,Odometry,Odometry Rate,50,136.15
479db97d29218a8841488e693875407b,Input Validity,TF,TF Rate,10,136.15
479db97d29218a8841488e693875407b,Localization Stability,TF,Jump Angular,0,137.1
479db97d29218a8841488e693875407b,Localization Stability,TF,Jump Linear,0,137.1
479db97d29218a8841488e693875407b,Input Validity,Lidar,Lidar Rate,10,136.25
479db97d29218a8841488e693875407b,Input Validity,Odometry,Odometry Rate,50,136.25
479db97d29218a8841488e693875407b,Input Validity,TF,TF Rate,10,136.25
479db97d29218a8841488e693875407b,Localization Stability,TF,Jump Angular,0,137.2
479db97d29218a8841488e693875407b,Localization Stability,TF,Jump Linear,0,137.2
479db97d29218a8841488e693875407b,Input Validity,Lidar,Lidar Rate,10,136.35
479db97d29218a8841488e693875407b,Input Validity,Odometry,Odometry Rate,50,136.35
479db97d29218a8841488e693875407b,Input Validity,TF,TF Rate,10,136.35
479db97d29218a8841488e693875407b,Localization Quality,AMCLPose,CovYawYaw,0.00446453,136.3
479db97d29218a8841488e693875407b,Localization Quality,AMCLPose,CovYY,0.00231482,136.3
479db97d29218a8841488e693875407b,Localization Quality,AMCLPose,CovXX,0.00700767,136.3
479db97d29218a8841488e693875407b,Localization Quality,AMCLPose,MeanYaw,-2.91967,136.3
479db97d29218a8841488e693875407b,Localization Quality,AMCLPose,MeanY,-3.03686,136.3
479db97d29218a8841488e693875407b,Localization Quality,AMCLPose,MeanX,-7.20628,136.3
479db97d29218a8841488e693875407b,Localization Stability,TF,Jump Angular,-0.00156021,137.3
479db97d29218a8841488e693875407b,Localization Stability,TF,Jump Linear,0.0107996,137.3
479db97d29218a8841488e693875407b,Input Validity,Lidar,Lidar Rate,10,136.45
479db97d29218a8841488e693875407b,Input Validity,Odometry,Odometry Rate,50,136.45
479db97d29218a8841488e693875407b,Input Validity,TF,TF Rate,10,136.45
479db97d29218a8841488e693875407b,Localization Stability,TF,Jump Angular,0,137.4
479db97d29218a8841488e693875407b,Localization Stability,TF,Jump Linear,0,137.4
479db97d29218a8841488e693875407b,Input Validity,Lidar,Lidar Rate,10,136.55
479db97d29218a8841488e693875407b,Input Validity,Odometry,Odometry Rate,50,136.55
479db97d29218a8841488e693875407b,Input Validity,TF,TF Rate,10,136.55
479db97d29218a8841488e693875407b,Localization Stability,TF,Jump Angular,0,137.5
479db97d29218a8841488e693875407b,Localization Stability,TF,Jump Linear,0,137.5
479db97d29218a8841488e693875407b,Input Validity,Lidar,Lidar Rate,10,136.65
479db97d29218a8841488e693875407b,Input Validity,Odometry,Odometry Rate,50,136.65
479db97d29218a8841488e693875407b,Input Validity,TF,TF Rate,10,136.65
479db97d29218a8841488e693875407b,Localization Quality,AMCLPose,CovYawYaw,0.00430997,136.6
479db97d29218a8841488e693875407b,Localization Quality,AMCLPose,CovYY,0.00211263,136.6
479db97d29218a8841488e693875407b,Localization Quality,AMCLPose,CovXX,0.00712069,136.6
479db97d29218a8841488e693875407b,Localization Quality,AMCLPose,MeanYaw,-2.8753,136.6
479db97d29218a8841488e693875407b,Localization Quality,AMCLPose,MeanY,-3.06876,136.6
479db97d29218a8841488e693875407b,Localization Quality,AMCLPose,MeanX,-7.33118,136.6
479db97d29218a8841488e693875407b,Localization Stability,TF,Jump Angular,0.00344525,137.6
479db97d29218a8841488e693875407b,Localization Stability,TF,Jump Linear,0.0259687,137.6
479db97d29218a8841488e693875407b,Input Validity,Lidar,Lidar Rate,10,136.75
479db97d29218a8841488e693875407b,Input Validity,Odometry,Odometry Rate,50,136.75
479db97d29218a8841488e693875407b,Input Validity,TF,TF Rate,10,136.75
479db97d29218a8841488e693875407b,Localization Stability,TF,Jump Angular,0,137.7
479db97d29218a8841488e693875407b,Localization Stability,TF,Jump Linear,0,137.7
479db97d29218a8841488e693875407b,Input Validity,Lidar,Lidar Rate,10,136.84
479db97d29218a8841488e693875407b,Input Validity,Odometry,Odometry Rate,50,136.84
479db97d29218a8841488e693875407b,Input Validity,TF,TF Rate,10,136.84
479db97d29218a8841488e693875407b,Localization Stability,TF,Jump Angular,0,137.8
479db97d29218a8841488e693875407b,Localization Stability,TF,Jump Linear,0,137.8
479db97d29218a8841488e693875407b,Input Validity,Lidar,Lidar Rate,10,136.94
479db97d29218a8841488e693875407b,Input Validity,Odometry,Odometry Rate,50,136.94
479db97d29218a8841488e693875407b,Input Validity,TF,TF Rate,10,136.94
479db97d29218a8841488e693875407b,Localization Quality,AMCLPose,CovYawYaw,0.00393736,136.9
479db97d29218a8841488e693875407b,Localization Quality,AMCLPose,CovYY,0.00195122,136.9
479db97d29218a8841488e693875407b,Localization Quality,AMCLPose,CovXX,0.00689889,136.9
479db97d29218a8841488e693875407b,Localization Quality,AMCLPose,MeanYaw,-2.83757,136.9
479db97d29218a8841488e693875407b,Localization Quality,AMCLPose,MeanY,-3.09806,136.9
479db97d29218a8841488e693875407b,Localization Quality,AMCLPose,MeanX,-7.43765,136.9
479db97d29218a8841488e693875407b,Localization Stability,TF,Jump Angular,0.00219826,137.9
479db97d29218a8841488e693875407b,Localization Stability,TF,Jump Linear,0.0193221,137.9
479db97d29218a8841488e693875407b,Input Validity,Lidar,Lidar Rate,10,137.04
479db97d29218a8841488e693875407b,Input Validity,Odometry,Odometry Rate,50,137.04
479db97d29218a8841488e693875407b,Input Validity,TF,TF Rate,10,137.04
479db97d29218a8841488e693875407b,Localization Stability,TF,Jump Angular,0,138
479db97d29218a8841488e693875407b,Localization Stability,TF,Jump Linear,0,138
479db97d29218a8841488e693875407b,Input Validity,Lidar,Lidar Rate,10,137.14
479db97d29218a8841488e693875407b,Input Validity,Odometry,Odometry Rate,50,137.14
479db97d29218a8841488e693875407b,Input Validity,TF,TF Rate,10,137.14
479db97d29218a8841488e693875407b,Localization Stability,TF,Jump Angular,0,138.1
479db97d29218a8841488e693875407b,Localization Stability,TF,Jump Linear,0,138.1
479db97d29218a8841488e693875407b,Input Validity,Lidar,Lidar Rate,10,137.24
479db97d29218a8841488e693875407b,Input Validity,Odometry,Odometry Rate,50,137.24
479db97d29218a8841488e693875407b,Input Validity,TF,TF Rate,10,137.24
479db97d29218a8841488e693875407b,Localization Stability,TF,Jump Angular,0,138.2
479db97d29218a8841488e693875407b,Localization Stability,TF,Jump Linear,0,138.2
479db97d29218a8841488e693875407b,Input Validity,Lidar,Lidar Rate,10,137.34
479db97d29218a8841488e693875407b,Input Validity,Odometry,Odometry Rate,50,137.34
479db97d29218a8841488e693875407b,Input Validity,TF,TF Rate,10,137.34
479db97d29218a8841488e693875407b,Localization Quality,AMCLPose,CovYawYaw,0.0043182,137.3
479db97d29218a8841488e693875407b,Localization Quality,AMCLPose,CovYY,0.00202417,137.3
479db97d29218a8841488e693875407b,Localization Quality,AMCLPose,CovXX,0.00723492,137.3
479db97d29218a8841488e693875407b,Localization Quality,AMCLPose,MeanYaw,-2.79596,137.3
479db97d29218a8841488e693875407b,Localization Quality,AMCLPose,MeanY,-3.13597,137.3
479db97d29218a8841488e693875407b,Localization Quality,AMCLPose,MeanX,-7.55123,137.3
479db97d29218a8841488e693875407b,Localization Stability,TF,Jump Angular,0.00199941,138.3
479db97d29218a8841488e693875407b,Localization Stability,TF,Jump Linear,0.016361,138.3
479db97d29218a8841488e693875407b,Input Validity,Lidar,Lidar Rate,10,137.44
479db97d29218a8841488e693875407b,Input Validity,Odometry,Odometry Rate,50,137.44
479db97d29218a8841488e693875407b,Input Validity,TF,TF Rate,10,137.44
479db97d29218a8841488e693875407b,Localization Stability,TF,Jump Angular,0,138.4
479db97d29218a8841488e693875407b,Localization Stability,TF,Jump Linear,0,138.4
479db97d29218a8841488e693875407b,Input Validity,Lidar,Lidar Rate,10,137.54
479db97d29218a8841488e693875407b,Input Validity,Odometry,Odometry Rate,50,137.54
479db97d29218a8841488e693875407b,Input Validity,TF,TF Rate,10,137.54
479db97d29218a8841488e693875407b,Localization Stability,TF,Jump Angular,0,138.5
479db97d29218a8841488e693875407b,Localization Stability,TF,Jump Linear,0,138.5
479db97d29218a8841488e693875407b,Input Validity,Lidar,Lidar Rate,10,137.64
479db97d29218a8841488e693875407b,Input Validity,Odometry,Odometry Rate,50,137.64
479db97d29218a8841488e693875407b,Input Validity,TF,TF Rate,10,137.64
479db97d29218a8841488e693875407b,Localization Stability,TF,Jump Angular,0,138.6
479db97d29218a8841488e693875407b,Localization Stability,TF,Jump Linear,0,138.6
479db97d29218a8841488e693875407b,Input Validity,Lidar,Lidar Rate,10,137.74
479db97d29218a8841488e693875407b,Input Validity,Odometry,Odometry Rate,50,137.74
479db97d29218a8841488e693875407b,Input Validity,TF,TF Rate,10,137.74
479db97d29218a8841488e693875407b,Localization Stability,TF,Jump Angular,0,138.7
479db97d29218a8841488e693875407b,Localization Stability,TF,Jump Linear,0,138.7
479db97d29218a8841488e693875407b,Input Validity,Lidar,Lidar Rate,10,137.84
479db97d29218a8841488e693875407b,Input Validity,Odometry,Odometry Rate,50,137.84
479db97d29218a8841488e693875407b,Input Validity,TF,TF Rate,10,137.84
479db97d29218a8841488e693875407b,Localization Quality,AMCLPose,CovYawYaw,0.00408801,137.8
479db97d29218a8841488e693875407b,Localization Quality,AMCLPose,CovYY,0.00234371,137.8
479db97d29218a8841488e693875407b,Localization Quality,AMCLPose,CovXX,0.00633238,137.8
479db97d29218a8841488e693875407b,Localization Quality,AMCLPose,MeanYaw,-2.7493,137.8
479db97d29218a8841488e693875407b,Localization Quality,AMCLPose,MeanY,-3.17888,137.8
479db97d29218a8841488e693875407b,Localization Quality,AMCLPose,MeanX,-7.65863,137.8
479db97d29218a8841488e693875407b,Localization Stability,TF,Jump Angular,0.00750962,138.8
479db97d29218a8841488e693875407b,Localization Stability,TF,Jump Linear,0.0599735,138.8
479db97d29218a8841488e693875407b,Input Validity,Lidar,Lidar Rate,10,137.94
479db97d29218a8841488e693875407b,Input Validity,Odometry,Odometry Rate,50,137.94
479db97d29218a8841488e693875407b,Input Validity,TF,TF Rate,10,137.94
479db97d29218a8841488e693875407b,Localization Stability,TF,Jump Angular,0,138.9
479db97d29218a8841488e693875407b,Localization Stability,TF,Jump Linear,0,138.9
479db97d29218a8841488e693875407b,Input Validity,Lidar,Lidar Rate,10,138.04
479db97d29218a8841488e693875407b,Input Validity,Odometry,Odometry Rate,50,138.04
479db97d29218a8841488e693875407b,Input Validity,TF,TF Rate,10,138.04
479db97d29218a8841488e693875407b,Localization Stability,TF,Jump Angular,0,139
479db97d29218a8841488e693875407b,Localization Stability,TF,Jump Linear,0,139
479db97d29218a8841488e693875407b,Input Validity,Lidar,Lidar Rate,10,138.14
479db97d29218a8841488e693875407b,Input Validity,Odometry,Odometry Rate,50,138.14
479db97d29218a8841488e693875407b,Input Validity,TF,TF Rate,10,138.14
479db97d29218a8841488e693875407b,Localization Stability,TF,Jump Angular,0,139.1
479db97d29218a8841488e693875407b,Localization Stability,TF,Jump Linear,0,139.1
479db97d29218a8841488e693875407b,Input Validity,Lidar,Lidar Rate,10,138.24
479db97d29218a8841488e693875407b,Input Validity,Odometry,Odometry Rate,50,138.24
479db97d29218a8841488e693875407b,Input Validity,TF,TF Rate,10,138.24
479db97d29218a8841488e693875407b,Localization Stability,TF,Jump Angular,0,139.2
479db97d29218a8841488e693875407b,Localization Stability,TF,Jump Linear,0,139.2
479db97d29218a8841488e693875407b,Input Validity,Lidar,Lidar Rate,10,138.34
479db97d29218a8841488e693875407b,Input Validity,Odometry,Odometry Rate,50,138.34
479db97d29218a8841488e693875407b,Input Validity,TF,TF Rate,10,138.34
479db97d29218a8841488e693875407b,Localization Stability,TF,Jump Angular,0,139.3
479db97d29218a8841488e693875407b,Localization Stability,TF,Jump Linear,0,139.3
479db97d29218a8841488e693875407b,Input Validity,Lidar,Lidar Rate,10,138.44
479db97d29218a8841488e693875407b,Input Validity,Odometry,Odometry Rate,50,138.44
479db97d29218a8841488e693875407b,Input Validity,TF,TF Rate,10,138.44
479db97d29218a8841488e693875407b,Localization Stability,TF,Jump Angular,0,139.4
479db97d29218a8841488e693875407b,Localization Stability,TF,Jump Linear,0,139.4
479db97d29218a8841488e693875407b,Input Validity,Lidar,Lidar Rate,10,138.54
479db97d29218a8841488e693875407b,Input Validity,Odometry,Odometry Rate,50,138.54
479db97d29218a8841488e693875407b,Input Validity,TF,TF Rate,10,138.54
479db97d29218a8841488e693875407b,Localization Quality,AMCLPose,CovYawYaw,0.00403855,138.5
479db97d29218a8841488e693875407b,Localization Quality,AMCLPose,CovYY,0.00262118,138.5
479db97d29218a8841488e693875407b,Localization Quality,AMCLPose,CovXX,0.00586568,138.5
479db97d29218a8841488e693875407b,Localization Quality,AMCLPose,MeanYaw,-2.71123,138.5
479db97d29218a8841488e693875407b,Localization Quality,AMCLPose,MeanY,-3.2239,138.5
479db97d29218a8841488e693875407b,Localization Quality,AMCLPose,MeanX,-7.76264,138.5
479db97d29218a8841488e693875407b,Localization Stability,TF,Jump Angular,0.00233025,139.5
479db97d29218a8841488e693875407b,Localization Stability,TF,Jump Linear,0.0196874,139.5
479db97d29218a8841488e693875407b,Input Validity,Lidar,Lidar Rate,10,138.63
479db97d29218a8841488e693875407b,Input Validity,Odometry,Odometry Rate,50,138.63
479db97d29218a8841488e693875407b,Input Validity,TF,TF Rate,10,138.63
479db97d29218a8841488e693875407b,Localization Stability,TF,Jump Angular,0,139.6
479db97d29218a8841488e693875407b,Localization Stability,TF,Jump Linear,0,139.6
479db97d29218a8841488e693875407b,Input Validity,Lidar,Lidar Rate,10,138.73
479db97d29218a8841488e693875407b,Input Validity,Odometry,Odometry Rate,50,138.73
479db97d29218a8841488e693875407b,Input Validity,TF,TF Rate,10,138.73
479db97d29218a8841488e693875407b,Localization Stability,TF,Jump Angular,0,139.7
479db97d29218a8841488e693875407b,Localization Stability,TF,Jump Linear,0,139.7
479db97d29218a8841488e693875407b,Input Validity,Lidar,Lidar Rate,10,138.83
479db97d29218a8841488e693875407b,Input Validity,Odometry,Odometry Rate,50,138.83
479db97d29218a8841488e693875407b,Input Validity,TF,TF Rate,10,138.83
479db97d29218a8841488e693875407b,Localization Stability,TF,Jump Angular,0,139.8
479db97d29218a8841488e693875407b,Localization Stability,TF,Jump Linear,0,139.8
479db97d29218a8841488e693875407b,Input Validity,Lidar,Lidar Rate,10,138.93
479db97d29218a8841488e693875407b,Input Validity,Odometry,Odometry Rate,50,138.93
479db97d29218a8841488e693875407b,Input Validity,TF,TF Rate,10,138.93
479db97d29218a8841488e693875407b,Localization Stability,TF,Jump Angular,0,139.9
479db97d29218a8841488e693875407b,Localization Stability,TF,Jump Linear,0,139.9
479db97d29218a8841488e693875407b,Input Validity,Lidar,Lidar Rate,10,139.03
479db97d29218a8841488e693875407b,Input Validity,Odometry,Odometry Rate,50,139.03
479db97d29218a8841488e693875407b,Input Validity,TF,TF Rate,10,139.03
479db97d29218a8841488e693875407b,Localization Stability,TF,Jump Angular,0,140
479db97d29218a8841488e693875407b,Localization Stability,TF,Jump Linear,0,140
479db97d29218a8841488e693875407b,Input Validity,Lidar,Lidar Rate,10,139.13
479db97d29218a8841488e693875407b,Input Validity,Odometry,Odometry Rate,50,139.13
479db97d29218a8841488e693875407b,Input Validity,TF,TF Rate,10,139.13
479db97d29218a8841488e693875407b,Localization Stability,TF,Jump Angular,0,140.1
479db97d29218a8841488e693875407b,Localization Stability,TF,Jump Linear,0,140.1
479db97d29218a8841488e693875407b,Input Validity,Lidar,Lidar Rate,10,139.23
479db97d29218a8841488e693875407b,Input Validity,Odometry,Odometry Rate,50,139.23
479db97d29218a8841488e693875407b,Input Validity,TF,TF Rate,10,139.23
479db97d29218a8841488e693875407b,Localization Stability,TF,Jump Angular,0,140.2
479db97d29218a8841488e693875407b,Localization Stability,TF,Jump Linear,0,140.2
479db97d29218a8841488e693875407b,Input Validity,Lidar,Lidar Rate,10,139.33
479db97d29218a8841488e693875407b,Input Validity,Odometry,Odometry Rate,50,139.33
479db97d29218a8841488e693875407b,Input Validity,TF,TF Rate,10,139.33
479db97d29218a8841488e693875407b,Localization Stability,TF,Jump Angular,0,140.3
479db97d29218a8841488e693875407b,Localization Stability,TF,Jump Linear,0,140.3
479db97d29218a8841488e693875407b,Input Validity,Lidar,Lidar Rate,10,139.43
479db97d29218a8841488e693875407b,Input Validity,Odometry,Odometry Rate,50,139.43
479db97d29218a8841488e693875407b,Input Validity,TF,TF Rate,10,139.43
479db97d29218a8841488e693875407b,Localization Stability,TF,Jump Angular,0,140.4
479db97d29218a8841488e693875407b,Localization Stability,TF,Jump Linear,0,140.4
479db97d29218a8841488e693875407b,Input Validity,Lidar,Lidar Rate,10,139.53
479db97d29218a8841488e693875407b,Input Validity,Odometry,Odometry Rate,50,139.53
479db97d29218a8841488e693875407b,Input Validity,TF,TF Rate,10,139.53
479db97d29218a8841488e693875407b,Localization Stability,TF,Jump Angular,0,140.5
479db97d29218a8841488e693875407b,Localization Stability,TF,Jump Linear,0,140.5
479db97d29218a8841488e693875407b,Input Validity,Lidar,Lidar Rate,10,139.63
479db97d29218a8841488e693875407b,Input Validity,Odometry,Odometry Rate,50,139.63
479db97d29218a8841488e693875407b,Input Validity,TF,TF Rate,10,139.63
479db97d29218a8841488e693875407b,Localization Quality,AMCLPose,CovYawYaw,0.00390986,139.6
479db97d29218a8841488e693875407b,Localization Quality,AMCLPose,CovYY,0.00283705,139.6
479db97d29218a8841488e693875407b,Localization Quality,AMCLPose,CovXX,0.0060505,139.6
479db97d29218a8841488e693875407b,Localization Quality,AMCLPose,MeanYaw,-2.69352,139.6
479db97d29218a8841488e693875407b,Localization Quality,AMCLPose,MeanY,-3.26954,139.6
479db97d29218a8841488e693875407b,Localization Quality,AMCLPose,MeanX,-7.85993,139.6
479db97d29218a8841488e693875407b,Localization Stability,TF,Jump Angular,0.00224616,140.6
479db97d29218a8841488e693875407b,Localization Stability,TF,Jump Linear,0.0194211,140.6
479db97d29218a8841488e693875407b,Input Validity,Lidar,Lidar Rate,10,139.73
479db97d29218a8841488e693875407b,Input Validity,Odometry,Odometry Rate,50,139.73
479db97d29218a8841488e693875407b,Input Validity,TF,TF Rate,10,139.73
479db97d29218a8841488e693875407b,Localization Stability,TF,Jump Angular,0,140.7
479db97d29218a8841488e693875407b,Localization Stability,TF,Jump Linear,0,140.7
479db97d29218a8841488e693875407b,Input Validity,Lidar,Lidar Rate,10,139.83
479db97d29218a8841488e693875407b,Input Validity,Odometry,Odometry Rate,50,139.83
479db97d29218a8841488e693875407b,Input Validity,TF,TF Rate,10,139.83
479db97d29218a8841488e693875407b,Localization Stability,TF,Jump Angular,0,140.8
479db97d29218a8841488e693875407b,Localization Stability,TF,Jump Linear,0,140.8
479db97d29218a8841488e693875407b,Input Validity,Lidar,Lidar Rate,10,139.93
479db97d29218a8841488e693875407b,Input Validity,Odometry,Odometry Rate,50,139.93
479db97d29218a8841488e693875407b,Input Validity,TF,TF Rate,10,139.93
479db97d29218a8841488e693875407b,Localization Stability,TF,Jump Angular,0,140.9
479db97d29218a8841488e693875407b,Localization Stability,TF,Jump Linear,0,140.9
479db97d29218a8841488e693875407b,Input Validity,Lidar,Lidar Rate,10,140.03
479db97d29218a8841488e693875407b,Input Validity,Odometry,Odometry Rate,50,140.03
479db97d29218a8841488e693875407b,Input Validity,TF,TF Rate,10,140.03
479db97d29218a8841488e693875407b,Localization Stability,TF,Jump Angular,0,141
479db97d29218a8841488e693875407b,Localization Stability,TF,Jump Linear,0,141
479db97d29218a8841488e693875407b,Input Validity,Lidar,Lidar Rate,10,140.13
479db97d29218a8841488e693875407b,Input Validity,Odometry,Odometry Rate,50,140.13
479db97d29218a8841488e693875407b,Input Validity,TF,TF Rate,10,140.13
479db97d29218a8841488e693875407b,Localization Stability,TF,Jump Angular,0,141.1
479db97d29218a8841488e693875407b,Localization Stability,TF,Jump Linear,0,141.1
479db97d29218a8841488e693875407b,Input Validity,Lidar,Lidar Rate,10,140.23
479db97d29218a8841488e693875407b,Input Validity,Odometry,Odometry Rate,50,140.23
479db97d29218a8841488e693875407b,Input Validity,TF,TF Rate,10,140.23
479db97d29218a8841488e693875407b,Localization Stability,TF,Jump Angular,0,141.2
479db97d29218a8841488e693875407b,Localization Stability,TF,Jump Linear,0,141.2
479db97d29218a8841488e693875407b,Input Validity,Lidar,Lidar Rate,10,140.32
479db97d29218a8841488e693875407b,Input Validity,Odometry,Odometry Rate,50,140.32
479db97d29218a8841488e693875407b,Input Validity,TF,TF Rate,10,140.32
479db97d29218a8841488e693875407b,Localization Stability,TF,Jump Angular,0,141.3
479db97d29218a8841488e693875407b,Localization Stability,TF,Jump Linear,0,141.3
479db97d29218a8841488e693875407b,Input Validity,Lidar,Lidar Rate,10,140.42
479db97d29218a8841488e693875407b,Input Validity,Odometry,Odometry Rate,50,140.42
479db97d29218a8841488e693875407b,Input Validity,TF,TF Rate,10,140.42
479db97d29218a8841488e693875407b,Localization Stability,TF,Jump Angular,0,141.4
479db97d29218a8841488e693875407b,Localization Stability,TF,Jump Linear,0,141.4
479db97d29218a8841488e693875407b,Input Validity,Lidar,Lidar Rate,10,140.52
479db97d29218a8841488e693875407b,Input Validity,Odometry,Odometry Rate,50,140.52
479db97d29218a8841488e693875407b,Input Validity,TF,TF Rate,10,140.52
479db97d29218a8841488e693875407b,Localization Quality,AMCLPose,CovYawYaw,0.00335475,140.5
479db97d29218a8841488e693875407b,Localization Quality,AMCLPose,CovYY,0.00285532,140.5
479db97d29218a8841488e693875407b,Localization Quality,AMCLPose,CovXX,0.00553283,140.5
479db97d29218a8841488e693875407b,Localization Quality,AMCLPose,MeanYaw,-2.60026,140.5
479db97d29218a8841488e693875407b,Localization Quality,AMCLPose,MeanY,-3.29245,140.5
479db97d29218a8841488e693875407b,Localization Quality,AMCLPose,MeanX,-7.90684,140.5
479db97d29218a8841488e693875407b,Localization Stability,TF,Jump Angular,0.00283613,141.5
479db97d29218a8841488e693875407b,Localization Stability,TF,Jump Linear,0.0238934,141.5
479db97d29218a8841488e693875407b,Input Validity,Lidar,Lidar Rate,10,140.61
479db97d29218a8841488e693875407b,Input Validity,Odometry,Odometry Rate,50,140.61
479db97d29218a8841488e693875407b,Input Validity,TF,TF Rate,10,140.61
479db97d29218a8841488e693875407b,Input Validity,Lidar,Lidar Rate,10,140.71
479db97d29218a8841488e693875407b,Input Validity,Odometry,Odometry Rate,50,140.71
479db97d29218a8841488e693875407b,Input Validity,TF,TF Rate,10,140.71
479db97d29218a8841488e693875407b,Localization Quality,AMCLPose,CovYawYaw,0.00346949,140.6
479db97d29218a8841488e693875407b,Localization Quality,AMCLPose,CovYY,0.00279337,140.6
479db97d29218a8841488e693875407b,Localization Quality,AMCLPose,CovXX,0.00565716,140.6
479db97d29218a8841488e693875407b,Localization Quality,AMCLPose,MeanYaw,-2.53608,140.6
479db97d29218a8841488e693875407b,Localization Quality,AMCLPose,MeanY,-3.29207,140.6
479db97d29218a8841488e693875407b,Localization Quality,AMCLPose,MeanX,-7.90686,140.6
479db97d29218a8841488e693875407b,Localization Stability,TF,Jump Angular,-4.39958e-05,141.6
479db97d29218a8841488e693875407b,Localization Stability,TF,Jump Linear,0.000146003,141.6
479db97d29218a8841488e693875407b,Localization Quality,AMCLPose,CovYawYaw,0.00393317,140.7
479db97d29218a8841488e693875407b,Localization Quality,AMCLPose,CovYY,0.00287065,140.7
479db97d29218a8841488e693875407b,Localization Quality,AMCLPose,CovXX,0.00587702,140.7
479db97d29218a8841488e693875407b,Localization Quality,AMCLPose,MeanYaw,-2.45345,140.7
479db97d29218a8841488e693875407b,Localization Quality,AMCLPose,MeanY,-3.29135,140.7
479db97d29218a8841488e693875407b,Localization Quality,AMCLPose,MeanX,-7.90588,140.7
479db97d29218a8841488e693875407b,Localization Stability,TF,Jump Angular,0.00152208,141.7
479db97d29218a8841488e693875407b,Localization Stability,TF,Jump Linear,0.0132227,141.7
479db97d29218a8841488e693875407b,Input Validity,Lidar,Lidar Rate,10,140.81
479db97d29218a8841488e693875407b,Input Validity,Odometry,Odometry Rate,50,140.81
479db97d29218a8841488e693875407b,Input Validity,TF,TF Rate,10,140.81
479db97d29218a8841488e693875407b,Localization Quality,AMCLPose,CovYawYaw,0.0041895,140.8
479db97d29218a8841488e693875407b,Localization Quality,AMCLPose,CovYY,0.00303365,140.8
479db97d29218a8841488e693875407b,Localization Quality,AMCLPose,CovXX,0.00624145,140.8
479db97d29218a8841488e693875407b,Localization Quality,AMCLPose,MeanYaw,-2.35625,140.8
479db97d29218a8841488e693875407b,Localization Quality,AMCLPose,MeanY,-3.29167,140.8
479db97d29218a8841488e693875407b,Localization Quality,AMCLPose,MeanX,-7.90704,140.8
479db97d29218a8841488e693875407b,Localization Stability,TF,Jump Angular,-0.00158153,141.8
479db97d29218a8841488e693875407b,Localization Stability,TF,Jump Linear,0.0132833,141.8
479db97d29218a8841488e693875407b,Input Validity,Lidar,Lidar Rate,10,140.91
479db97d29218a8841488e693875407b,Input Validity,Odometry,Odometry Rate,50,140.91
479db97d29218a8841488e693875407b,Input Validity,TF,TF Rate,10,140.91
479db97d29218a8841488e693875407b,Input Validity,Lidar,Lidar Rate,10,141
479db97d29218a8841488e693875407b,Input Validity,Odometry,Odometry Rate,50,141
479db97d29218a8841488e693875407b,Input Validity,TF,TF Rate,10,141
479db97d29218a8841488e693875407b,Localization Quality,AMCLPose,CovYawYaw,0.0047254,140.9
479db97d29218a8841488e693875407b,Localization Quality,AMCLPose,CovYY,0.00352968,140.9
479db97d29218a8841488e693875407b,Localization Quality,AMCLPose,CovXX,0.00655314,140.9
479db97d29218a8841488e693875407b,Localization Quality,AMCLPose,MeanYaw,-2.2413,140.9
479db97d29218a8841488e693875407b,Localization Quality,AMCLPose,MeanY,-3.2931,140.9
479db97d29218a8841488e693875407b,Localization Quality,AMCLPose,MeanX,-7.90781,140.9
479db97d29218a8841488e693875407b,Localization Stability,TF,Jump Angular,-0.000805611,141.9
479db97d29218a8841488e693875407b,Localization Stability,TF,Jump Linear,0.00792621,141.9
479db97d29218a8841488e693875407b,Localization Quality,AMCLPose,CovYawYaw,0.00457637,141
479db97d29218a8841488e693875407b,Localization Quality,AMCLPose,CovYY,0.00347207,141
479db97d29218a8841488e693875407b,Localization Quality,AMCLPose,CovXX,0.00671384,141
479db97d29218a8841488e693875407b,Localization Quality,AMCLPose,MeanYaw,-2.1091,141
479db97d29218a8841488e693875407b,Localization Quality,AMCLPose,MeanY,-3.28757,141
479db97d29218a8841488e693875407b,Localization Quality,AMCLPose,MeanX,-7.90737,141
479db97d29218a8841488e693875407b,Localization Stability,TF,Jump Angular,-0.000463974,142
479db97d29218a8841488e693875407b,Localization Stability,TF,Jump Linear,0.0028647,142
479db97d29218a8841488e693875407b,Input Validity,Lidar,Lidar Rate,10,141.1
479db97d29218a8841488e693875407b,Input Validity,Odometry,Odometry Rate,50,141.1
479db97d29218a8841488e693875407b,Input Validity,TF,TF Rate,10,141.1
479db97d29218a8841488e693875407b,Localization Quality,AMCLPose,CovYawYaw,0.00455142,141.1
479db97d29218a8841488e693875407b,Localization Quality,AMCLPose,CovYY,0.00380472,141.1
479db97d29218a8841488e693875407b,Localization Quality,AMCLPose,CovXX,0.00682418,141.1
479db97d29218a8841488e693875407b,Localization Quality,AMCLPose,MeanYaw,-1.96066,141.1
479db97d29218a8841488e693875407b,Localization Quality,AMCLPose,MeanY,-3.2833,141.1
479db97d29218a8841488e693875407b,Localization Quality,AMCLPose,MeanX,-7.90643,141.1
479db97d29218a8841488e693875407b,Localization Stability,TF,Jump Angular,-0.00124795,142.1
479db97d29218a8841488e693875407b,Localization Stability,TF,Jump Linear,0.00759207,142.1
479db97d29218a8841488e693875407b,Input Validity,Lidar,Lidar Rate,10,141.2
479db97d29218a8841488e693875407b,Input Validity,Odometry,Odometry Rate,50,141.2
479db97d29218a8841488e693875407b,Input Validity,TF,TF Rate,10,141.2
479db97d29218a8841488e693875407b,Localization Quality,AMCLPose,CovYawYaw,0.00434361,141.2
479db97d29218a8841488e693875407b,Localization Quality,AMCLPose,CovYY,0.00456261,141.2
479db97d29218a8841488e693875407b,Localization Quality,AMCLPose,CovXX,0.00562324,141.2
479db97d29218a8841488e693875407b,Localization Quality,AMCLPose,MeanYaw,-1.79632,141.2
479db97d29218a8841488e693875407b,Localization Quality,AMCLPose,MeanY,-3.28296,141.2
479db97d29218a8841488e693875407b,Localization Quality,AMCLPose,MeanX,-7.91192,141.2
479db97d29218a8841488e693875407b,Localization Stability,TF,Jump Angular,-0.00233516,142.2
479db97d29218a8841488e693875407b,Localization Stability,TF,Jump Linear,0.0178982,142.2
479db97d29218a8841488e693875407b,Input Validity,Lidar,Lidar Rate,10,141.3
479db97d29218a8841488e693875407b,Input Validity,Odometry,Odometry Rate,50,141.3
479db97d29218a8841488e693875407b,Input Validity,TF,TF Rate,10,141.3
479db97d29218a8841488e693875407b,Localization Quality,AMCLPose,CovYawYaw,0.00477109,141.3
479db97d29218a8841488e693875407b,Localization Quality,AMCLPose,CovYY,0.00517205,141.3
479db97d29218a8841488e693875407b,Localization Quality,AMCLPose,CovXX,0.00429679,141.3
479db97d29218a8841488e693875407b,Localization Quality,AMCLPose,MeanYaw,-1.61633,141.3
479db97d29218a8841488e693875407b,Localization Quality,AMCLPose,MeanY,-3.28237,141.3
479db97d29218a8841488e693875407b,Localization Quality,AMCLPose,MeanX,-7.91556,141.3
479db97d29218a8841488e693875407b,Localization Stability,TF,Jump Angular,-0.00366678,142.3
479db97d29218a8841488e693875407b,Localization Stability,TF,Jump Linear,0.029242,142.3
479db97d29218a8841488e693875407b,Input Validity,Lidar,Lidar Rate,10,141.4
479db97d29218a8841488e693875407b,Input Validity,Odometry,Odometry Rate,50,141.4
479db97d29218a8841488e693875407b,Input Validity,TF,TF Rate,10,141.4
479db97d29218a8841488e693875407b,Localization Quality,AMCLPose,CovYawYaw,0.00430279,141.4
479db97d29218a8841488e693875407b,Localization Quality,AMCLPose,CovYY,0.00610636,141.4
479db97d29218a8841488e693875407b,Localization Quality,AMCLPose,CovXX,0.00339386,141.4
479db97d29218a8841488e693875407b,Localization Quality,AMCLPose,MeanYaw,-1.41717,141.4
479db97d29218a8841488e693875407b,Localization Quality,AMCLPose,MeanY,-3.27997,141.4
479db97d29218a8841488e693875407b,Localization Quality,AMCLPose,MeanX,-7.92203,141.4
479db97d29218a8841488e693875407b,Localization Stability,TF,Jump Angular,-0.00147436,142.4
479db97d29218a8841488e693875407b,Localization Stability,TF,Jump Linear,0.00910142,142.4
479db97d29218a8841488e693875407b,Input Validity,Lidar,Lidar Rate,10,141.5
479db97d29218a8841488e693875407b,Input Validity,Odometry,Odometry Rate,50,141.5
479db97d29218a8841488e693875407b,Input Validity,TF,TF Rate,10,141.5
479db97d29218a8841488e693875407b,Localization Quality,AMCLPose,CovYawYaw,0.0045925,141.5
479db97d29218a8841488e693875407b,Localization Quality,AMCLPose,CovYY,0.00752123,141.5
479db97d29218a8841488e693875407b,Localization Quality,AMCLPose,CovXX,0.00289434,141.5
479db97d29218a8841488e693875407b,Localization Quality,AMCLPose,MeanYaw,-1.20073,141.5
479db97d29218a8841488e693875407b,Localization Quality,AMCLPose,MeanY,-3.27722,141.5
479db97d29218a8841488e693875407b,Localization Quality,AMCLPose,MeanX,-7.92365,141.5
479db97d29218a8841488e693875407b,Localization Stability,TF,Jump Angular,0.000174408,142.5
479db97d29218a8841488e693875407b,Localization Stability,TF,Jump Linear,0.00466526,142.5
479db97d29218a8841488e693875407b,Input Validity,Lidar,Lidar Rate,10,141.6
479db97d29218a8841488e693875407b,Input Validity,Odometry,Odometry Rate,50,141.6
479db97d29218a8841488e693875407b,Input Validity,TF,TF Rate,10,141.6
479db97d29218a8841488e693875407b,Localization Quality,AMCLPose,CovYawYaw,0.00724154,141.6
479db97d29218a8841488e693875407b,Localization Quality,AMCLPose,CovYY,0.00994557,141.6
479db97d29218a8841488e693875407b,Localization Quality,AMCLPose,CovXX,0.00313287,141.6
479db97d29218a8841488e693875407b,Localization Quality,AMCLPose,MeanYaw,-0.97939,141.6
479db97d29218a8841488e693875407b,Localization Quality,AMCLPose,MeanY,-3.2797,141.6
479db97d29218a8841488e693875407b,Localization Quality,AMCLPose,MeanX,-7.92374,141.6
479db97d29218a8841488e693875407b,Localization Stability,TF,Jump Angular,0.00134089,142.6
479db97d29218a8841488e693875407b,Localization Stability,TF,Jump Linear,0.00923251,142.6
479db97d29218a8841488e693875407b,Input Validity,Lidar,Lidar Rate,10,141.7
479db97d29218a8841488e693875407b,Input Validity,Odometry,Odometry Rate,50,141.7
479db97d29218a8841488e693875407b,Input Validity,TF,TF Rate,10,141.7
479db97d29218a8841488e693875407b,Localization Quality,AMCLPose,CovYawYaw,0.00932306,141.7
479db97d29218a8841488e693875407b,Localization Quality,AMCLPose,CovYY,0.0113507,141.7
479db97d29218a8841488e693875407b,Localization Quality,AMCLPose,CovXX,0.00383852,141.7
479db97d29218a8841488e693875407b,Localization Quality,AMCLPose,MeanYaw,-0.755614,141.7
479db97d29218a8841488e693875407b,Localization Quality,AMCLPose,MeanY,-3.28022,141.7
479db97d29218a8841488e693875407b,Localization Quality,AMCLPose,MeanX,-7.92303,141.7
479db97d29218a8841488e693875407b,Localization Stability,TF,Jump Angular,0.00377539,142.7
479db97d29218a8841488e693875407b,Localization Stability,TF,Jump Linear,0.0312936,142.7
479db97d29218a8841488e693875407b,Input Validity,Lidar,Lidar Rate,10,141.8
479db97d29218a8841488e693875407b,Input Validity,Odometry,Odometry Rate,50,141.8
479db97d29218a8841488e693875407b,Input Validity,TF,TF Rate,10,141.8
479db97d29218a8841488e693875407b,Localization Quality,AMCLPose,CovYawYaw,0.00843876,141.8
479db97d29218a8841488e693875407b,Localization Quality,AMCLPose,CovYY,0.0122849,141.8
479db97d29218a8841488e693875407b,Localization Quality,AMCLPose,CovXX,0.00343508,141.8
479db97d29218a8841488e693875407b,Localization Quality,AMCLPose,MeanYaw,-0.531166,141.8
479db97d29218a8841488e693875407b,Localization Quality,AMCLPose,MeanY,-3.27521,141.8
479db97d29218a8841488e693875407b,Localization Quality,AMCLPose,MeanX,-7.93365,141.8
479db97d29218a8841488e693875407b,Localization Stability,TF,Jump Angular,0.00444783,142.8
479db97d29218a8841488e693875407b,Localization Stability,TF,Jump Linear,0.0473686,142.8
479db97d29218a8841488e693875407b,Input Validity,Lidar,Lidar Rate,10,141.9
479db97d29218a8841488e693875407b,Input Validity,Odometry,Odometry Rate,50,141.9
479db97d29218a8841488e693875407b,Input Validity,TF,TF Rate,10,141.9
479db97d29218a8841488e693875407b,Localization Responsiveness,TTC,TTC Outcome,1,141.92
479db97d29218a8841488e693875407b,Localization Responsiveness,TTC,TTC,2.38,141.92
479db97d29218a8841488e693875407b,Mission Outcome,Episode Event,Recoveries,0,141.92
479db97d29218a8841488e693875407b,Mission Outcome,Episode Event,Collisions,0,141.92
479db97d29218a8841488e693875407b,Mission Outcome,Episode Event,Navigation Time,31.1,141.92
479db97d29218a8841488e693875407b,Mission Outcome,Episode Event,Goal Result,1,141.92
479db97d29218a8841488e693875407b,Input Validity,AMCLPose,Pose Monotonicity,0,141.92
479db97d29218a8841488e693875407b,Input Validity,Lidar,Lidar Frame Mistmatch,0,141.92
479db97d29218a8841488e693875407b,Input Validity,Lidar,Lidar Monotonicity,0,141.92
479db97d29218a8841488e693875407b,Input Validity,Odometry,Odometry Frame Mismatch,0,141.92
479db97d29218a8841488e693875407b,Input Validity,Odometry,Odometry Monotonicity,0,141.92
479db97d29218a8841488e693875407b,Input Validity,TF,TF Gap Count,0,141.92
479db97d29218a8841488e693875407b,Input Validity,TF,TF Frame Drop,1555,141.92
479db97d29218a8841488e693875407b,Input Validity,TF,TF Monotonicity,0,141.92
479db97d29218a8841488e693875407b,map,1.26336,2.38992,76.2397,-7.975,-3.325,-15.8148,1,SUCCEEDED,3,31.1,110.82,141.92,0.0412703,0.158713,0.810082,0.0649968,0.00173551,0.0509521,0.0358,911.05,3154,11.3162,0.176187,0.00951422,0.848851,0,1555,0.959967
0a59a905bcd7ce3466f0dfc3d1f10e00,Localization Stability,TF,Jump Angular,0,150.4
0a59a905bcd7ce3466f0dfc3d1f10e00,Localization Stability,TF,Jump Linear,0,150.4
0a59a905bcd7ce3466f0dfc3d1f10e00,Input Validity,Lidar,Lidar Rate,10,149.53
0a59a905bcd7ce3466f0dfc3d1f10e00,Input Validity,Odometry,Odometry Rate,50,149.53
0a59a905bcd7ce3466f0dfc3d1f10e00,Input Validity,TF,TF Rate,10,149.53
0a59a905bcd7ce3466f0dfc3d1f10e00,Input Validity,Lidar,Lidar Rate,10,149.63
0a59a905bcd7ce3466f0dfc3d1f10e00,Input Validity,Odometry,Odometry Rate,50,149.63
0a59a905bcd7ce3466f0dfc3d1f10e00,Input Validity,TF,TF Rate,10,149.63
0a59a905bcd7ce3466f0dfc3d1f10e00,Localization Stability,TF,Jump Angular,0.00566791,150.5
0a59a905bcd7ce3466f0dfc3d1f10e00,Localization Stability,TF,Jump Linear,0.0791991,150.5
0a59a905bcd7ce3466f0dfc3d1f10e00,Localization Stability,TF,Jump Angular,0,150.6
0a59a905bcd7ce3466f0dfc3d1f10e00,Localization Stability,TF,Jump Linear,0,150.6
0a59a905bcd7ce3466f0dfc3d1f10e00,Input Validity,Lidar,Lidar Rate,10,149.73
0a59a905bcd7ce3466f0dfc3d1f10e00,Input Validity,Odometry,Odometry Rate,50,149.73
0a59a905bcd7ce3466f0dfc3d1f10e00,Input Validity,TF,TF Rate,10,149.73
0a59a905bcd7ce3466f0dfc3d1f10e00,Localization Quality,AMCLPose,CovYawYaw,0.0772839,149.7
0a59a905bcd7ce3466f0dfc3d1f10e00,Localization Quality,AMCLPose,CovYY,0.0848612,149.7
0a59a905bcd7ce3466f0dfc3d1f10e00,Localization Quality,AMCLPose,CovXX,0.0883114,149.7
0a59a905bcd7ce3466f0dfc3d1f10e00,Localization Quality,AMCLPose,MeanYaw,0.236025,149.7
0a59a905bcd7ce3466f0dfc3d1f10e00,Localization Quality,AMCLPose,MeanY,-3.26459,149.7
0a59a905bcd7ce3466f0dfc3d1f10e00,Localization Quality,AMCLPose,MeanX,-7.89636,149.7
0a59a905bcd7ce3466f0dfc3d1f10e00,Localization Stability,TF,Jump Angular,0.012287,150.7
0a59a905bcd7ce3466f0dfc3d1f10e00,Localization Stability,TF,Jump Linear,0.104843,150.7
0a59a905bcd7ce3466f0dfc3d1f10e00,Input Validity,Lidar,Lidar Rate,10,149.83
0a59a905bcd7ce3466f0dfc3d1f10e00,Input Validity,Odometry,Odometry Rate,50,149.83
0a59a905bcd7ce3466f0dfc3d1f10e00,Input Validity,TF,TF Rate,10,149.83
0a59a905bcd7ce3466f0dfc3d1f10e00,Localization Stability,TF,Jump Angular,0,150.8
0a59a905bcd7ce3466f0dfc3d1f10e00,Localization Stability,TF,Jump Linear,0,150.8
0a59a905bcd7ce3466f0dfc3d1f10e00,Input Validity,Lidar,Lidar Rate,10,149.93
0a59a905bcd7ce3466f0dfc3d1f10e00,Input Validity,Odometry,Odometry Rate,50,149.93
0a59a905bcd7ce3466f0dfc3d1f10e00,Input Validity,TF,TF Rate,10,149.93
0a59a905bcd7ce3466f0dfc3d1f10e00,Localization Quality,AMCLPose,CovYawYaw,0.0393455,149.9
0a59a905bcd7ce3466f0dfc3d1f10e00,Localization Quality,AMCLPose,CovYY,0.049936,149.9
0a59a905bcd7ce3466f0dfc3d1f10e00,Localization Quality,AMCLPose,CovXX,0.0474138,149.9
0a59a905bcd7ce3466f0dfc3d1f10e00,Localization Quality,AMCLPose,MeanYaw,0.323048,149.9
0a59a905bcd7ce3466f0dfc3d1f10e00,Localization Quality,AMCLPose,MeanY,-3.24477,149.9
0a59a905bcd7ce3466f0dfc3d1f10e00,Localization Quality,AMCLPose,MeanX,-7.82865,149.9
0a59a905bcd7ce3466f0dfc3d1f10e00,Localization Stability,TF,Jump Angular,0.00767736,150.9
0a59a905bcd7ce3466f0dfc3d1f10e00,Localization Stability,TF,Jump Linear,0.0644094,150.9
0a59a905bcd7ce3466f0dfc3d1f10e00,Input Validity,Lidar,Lidar Rate,10,150.03
0a59a905bcd7ce3466f0dfc3d1f10e00,Input Validity,Odometry,Odometry Rate,50,150.03
0a59a905bcd7ce3466f0dfc3d1f10e00,Input Validity,TF,TF Rate,10,150.03
0a59a905bcd7ce3466f0dfc3d1f10e00,Localization Stability,TF,Jump Angular,0,151
0a59a905bcd7ce3466f0dfc3d1f10e00,Localization Stability,TF,Jump Linear,0,151
0a59a905bcd7ce3466f0dfc3d1f10e00,Input Validity,Lidar,Lidar Rate,10,150.13
0a59a905bcd7ce3466f0dfc3d1f10e00,Input Validity,Odometry,Odometry Rate,50,150.13
0a59a905bcd7ce3466f0dfc3d1f10e00,Input Validity,TF,TF Rate,10,150.13
0a59a905bcd7ce3466f0dfc3d1f10e00,Localization Quality,AMCLPose,CovYawYaw,0.0210991,150.1
0a59a905bcd7ce3466f0dfc3d1f10e00,Localization Quality,AMCLPose,CovYY,0.0500633,150.1
0a59a905bcd7ce3466f0dfc3d1f10e00,Localization Quality,AMCLPose,CovXX,0.0113695,150.1
0a59a905bcd7ce3466f0dfc3d1f10e00,Localization Quality,AMCLPose,MeanYaw,0.414585,150.1
0a59a905bcd7ce3466f0dfc3d1f10e00,Localization Quality,AMCLPose,MeanY,-3.20881,150.1
0a59a905bcd7ce3466f0dfc3d1f10e00,Localization Quality,AMCLPose,MeanX,-7.75482,150.1
0a59a905bcd7ce3466f0dfc3d1f10e00,Localization Stability,TF,Jump Angular,0.0208461,151.1
0a59a905bcd7ce3466f0dfc3d1f10e00,Localization Stability,TF,Jump Linear,0.180796,151.1
0a59a905bcd7ce3466f0dfc3d1f10e00,Input Validity,Lidar,Lidar Rate,10,150.23
0a59a905bcd7ce3466f0dfc3d1f10e00,Input Validity,Odometry,Odometry Rate,50,150.23
0a59a905bcd7ce3466f0dfc3d1f10e00,Input Validity,TF,TF Rate,10,150.23
0a59a905bcd7ce3466f0dfc3d1f10e00,Localization Stability,TF,Jump Angular,0,151.2
0a59a905bcd7ce3466f0dfc3d1f10e00,Localization Stability,TF,Jump Linear,0,151.2
0a59a905bcd7ce3466f0dfc3d1f10e00,Input Validity,Lidar,Lidar Rate,10,150.33
0a59a905bcd7ce3466f0dfc3d1f10e00,Input Validity,Odometry,Odometry Rate,50,150.33
0a59a905bcd7ce3466f0dfc3d1f10e00,Input Validity,TF,TF Rate,10,150.33
0a59a905bcd7ce3466f0dfc3d1f10e00,Localization Quality,AMCLPose,CovYawYaw,0.0107208,150.3
0a59a905bcd7ce3466f0dfc3d1f10e00,Localization Quality,AMCLPose,CovYY,0.041355,150.3
0a59a905bcd7ce3466f0dfc3d1f10e00,Localization Quality,AMCLPose,CovXX,0.00537574,150.3
0a59a905bcd7ce3466f0dfc3d1f10e00,Localization Quality,AMCLPose,MeanYaw,0.482474,150.3
0a59a905bcd7ce3466f0dfc3d1f10e00,Localization Quality,AMCLPose,MeanY,-3.15791,150.3
0a59a905bcd7ce3466f0dfc3d1f10e00,Localization Quality,AMCLPose,MeanX,-7.67729,150.3
0a59a905bcd7ce3466f0dfc3d1f10e00,Localization Stability,TF,Jump Angular,0.00380021,151.3
0a59a905bcd7ce3466f0dfc3d1f10e00,Localization Stability,TF,Jump Linear,0.0436235,151.3
0a59a905bcd7ce3466f0dfc3d1f10e00,Input Validity,Lidar,Lidar Rate,10,150.43
0a59a905bcd7ce3466f0dfc3d1f10e00,Input Validity,Odometry,Odometry Rate,50,150.43
0a59a905bcd7ce3466f0dfc3d1f10e00,Input Validity,TF,TF Rate,10,150.43
0a59a905bcd7ce3466f0dfc3d1f10e00,Localization Stability,TF,Jump Angular,0,151.4
0a59a905bcd7ce3466f0dfc3d1f10e00,Localization Stability,TF,Jump Linear,0,151.4
0a59a905bcd7ce3466f0dfc3d1f10e00,Input Validity,Lidar,Lidar Rate,10,150.53
0a59a905bcd7ce3466f0dfc3d1f10e00,Input Validity,Odometry,Odometry Rate,50,150.53
0a59a905bcd7ce3466f0dfc3d1f10e00,Input Validity,TF,TF Rate,10,150.53
0a59a905bcd7ce3466f0dfc3d1f10e00,Localization Stability,TF,Jump Angular,0,151.5
0a59a905bcd7ce3466f0dfc3d1f10e00,Localization Stability,TF,Jump Linear,0,151.5
0a59a905bcd7ce3466f0dfc3d1f10e00,Input Validity,Lidar,Lidar Rate,10,150.63
0a59a905bcd7ce3466f0dfc3d1f10e00,Input Validity,Odometry,Odometry Rate,50,150.63
0a59a905bcd7ce3466f0dfc3d1f10e00,Input Validity,TF,TF Rate,10,150.63
0a59a905bcd7ce3466f0dfc3d1f10e00,Localization Quality,AMCLPose,CovYawYaw,0.00769375,150.6
0a59a905bcd7ce3466f0dfc3d1f10e00,Localization Quality,AMCLPose,CovYY,0.0353515,150.6
0a59a905bcd7ce3466f0dfc3d1f10e00,Localization Quality,AMCLPose,CovXX,0.00325992,150.6
0a59a905bcd7ce3466f0dfc3d1f10e00,Localization Quality,AMCLPose,MeanYaw,0.54204,150.6
0a59a905bcd7ce3466f0dfc3d1f10e00,Localization Quality,AMCLPose,MeanY,-3.08793,150.6
0a59a905bcd7ce3466f0dfc3d1f10e00,Localization Quality,AMCLPose,MeanX,-7.56256,150.6
0a59a905bcd7ce3466f0dfc3d1f10e00,Localization Stability,TF,Jump Angular,0.000438807,151.6
0a59a905bcd7ce3466f0dfc3d1f10e00,Localization Stability,TF,Jump Linear,0.00772173,151.6
0a59a905bcd7ce3466f0dfc3d1f10e00,Input Validity,Lidar,Lidar Rate,10,150.72
0a59a905bcd7ce3466f0dfc3d1f10e00,Input Validity,Odometry,Odometry Rate,50,150.72
0a59a905bcd7ce3466f0dfc3d1f10e00,Input Validity,TF,TF Rate,10,150.72
0a59a905bcd7ce3466f0dfc3d1f10e00,Localization Stability,TF,Jump Angular,0,151.7
0a59a905bcd7ce3466f0dfc3d1f10e00,Localization Stability,TF,Jump Linear,0,151.7
0a59a905bcd7ce3466f0dfc3d1f10e00,Input Validity,Lidar,Lidar Rate,10,150.82
0a59a905bcd7ce3466f0dfc3d1f10e00,Input Validity,Odometry,Odometry Rate,50,150.82
0a59a905bcd7ce3466f0dfc3d1f10e00,Input Validity,TF,TF Rate,10,150.82
0a59a905bcd7ce3466f0dfc3d1f10e00,Localization Stability,TF,Jump Angular,0,151.8
0a59a905bcd7ce3466f0dfc3d1f10e00,Localization Stability,TF,Jump Linear,0,151.8
0a59a905bcd7ce3466f0dfc3d1f10e00,Input Validity,Lidar,Lidar Rate,10,150.92
0a59a905bcd7ce3466f0dfc3d1f10e00,Input Validity,Odometry,Odometry Rate,50,150.92
0a59a905bcd7ce3466f0dfc3d1f10e00,Input Validity,TF,TF Rate,10,150.92
0a59a905bcd7ce3466f0dfc3d1f10e00,Localization Quality,AMCLPose,CovYawYaw,0.00867263,150.9
0a59a905bcd7ce3466f0dfc3d1f10e00,Localization Quality,AMCLPose,CovYY,0.0256294,150.9
0a59a905bcd7ce3466f0dfc3d1f10e00,Localization Quality,AMCLPose,CovXX,0.00323334,150.9
0a59a905bcd7ce3466f0dfc3d1f10e00,Localization Quality,AMCLPose,MeanYaw,0.58792,150.9
0a59a905bcd7ce3466f0dfc3d1f10e00,Localization Quality,AMCLPose,MeanY,-3.02003,150.9
0a59a905bcd7ce3466f0dfc3d1f10e00,Localization Quality,AMCLPose,MeanX,-7.44906,150.9
0a59a905bcd7ce3466f0dfc3d1f10e00,Localization Stability,TF,Jump Angular,0.00461434,151.9
0a59a905bcd7ce3466f0dfc3d1f10e00,Localization Stability,TF,Jump Linear,0.0330757,151.9
0a59a905bcd7ce3466f0dfc3d1f10e00,Input Validity,Lidar,Lidar Rate,10,151.02
0a59a905bcd7ce3466f0dfc3d1f10e00,Input Validity,Odometry,Odometry Rate,50,151.02
0a59a905bcd7ce3466f0dfc3d1f10e00,Input Validity,TF,TF Rate,10,151.02
0a59a905bcd7ce3466f0dfc3d1f10e00,Localization Stability,TF,Jump Angular,0,152
0a59a905bcd7ce3466f0dfc3d1f10e00,Localization Stability,TF,Jump Linear,0,152
0a59a905bcd7ce3466f0dfc3d1f10e00,Input Validity,Lidar,Lidar Rate,10,151.12
0a59a905bcd7ce3466f0dfc3d1f10e00,Input Validity,Odometry,Odometry Rate,50,151.12
0a59a905bcd7ce3466f0dfc3d1f10e00,Input Validity,TF,TF Rate,10,151.12
0a59a905bcd7ce3466f0dfc3d1f10e00,Localization Stability,TF,Jump Angular,0,152.1
0a59a905bcd7ce3466f0dfc3d1f10e00,Localization Stability,TF,Jump Linear,0,152.1
0a59a905bcd7ce3466f0dfc3d1f10e00,Input Validity,Lidar,Lidar Rate,10,151.22
0a59a905bcd7ce3466f0dfc3d1f10e00,Input Validity,Odometry,Odometry Rate,50,151.22
0a59a905bcd7ce3466f0dfc3d1f10e00,Input Validity,TF,TF Rate,10,151.22
0a59a905bcd7ce3466f0dfc3d1f10e00,Localization Quality,AMCLPose,CovYawYaw,0.0102454,151.2
0a59a905bcd7ce3466f0dfc3d1f10e00,Localization Quality,AMCLPose,CovYY,0.0313135,151.2
0a59a905bcd7ce3466f0dfc3d1f10e00,Localization Quality,AMCLPose,CovXX,0.00403351,151.2
0a59a905bcd7ce3466f0dfc3d1f10e00,Localization Quality,AMCLPose,MeanYaw,0.616627,151.2
0a59a905bcd7ce3466f0dfc3d1f10e00,Localization Quality,AMCLPose,MeanY,-2.94698,151.2
0a59a905bcd7ce3466f0dfc3d1f10e00,Localization Quality,AMCLPose,MeanX,-7.33906,151.2
0a59a905bcd7ce3466f0dfc3d1f10e00,Localization Stability,TF,Jump Angular,-3.3274e-05,152.2
0a59a905bcd7ce3466f0dfc3d1f10e00,Localization Stability,TF,Jump Linear,0.00401527,152.2
0a59a905bcd7ce3466f0dfc3d1f10e00,Input Validity,Lidar,Lidar Rate,10,151.32
0a59a905bcd7ce3466f0dfc3d1f10e00,Input Validity,Odometry,Odometry Rate,50,151.32
0a59a905bcd7ce3466f0dfc3d1f10e00,Input Validity,TF,TF Rate,10,151.32
0a59a905bcd7ce3466f0dfc3d1f10e00,Localization Stability,TF,Jump Angular,0,152.3
0a59a905bcd7ce3466f0dfc3d1f10e00,Localization Stability,TF,Jump Linear,0,152.3
0a59a905bcd7ce3466f0dfc3d1f10e00,Input Validity,Lidar,Lidar Rate,10,151.42
0a59a905bcd7ce3466f0dfc3d1f10e00,Input Validity,Odometry,Odometry Rate,50,151.42
0a59a905bcd7ce3466f0dfc3d1f10e00,Input Validity,TF,TF Rate,10,151.42
0a59a905bcd7ce3466f0dfc3d1f10e00,Localization Stability,TF,Jump Angular,0,152.4
0a59a905bcd7ce3466f0dfc3d1f10e00,Localization Stability,TF,Jump Linear,0,152.4
0a59a905bcd7ce3466f0dfc3d1f10e00,Input Validity,Lidar,Lidar Rate,10,151.52
0a59a905bcd7ce3466f0dfc3d1f10e00,Input Validity,Odometry,Odometry Rate,50,151.52
0a59a905bcd7ce3466f0dfc3d1f10e00,Input Validity,TF,TF Rate,10,151.52
0a59a905bcd7ce3466f0dfc3d1f10e00,Localization Quality,AMCLPose,CovYawYaw,0.0137729,151.5
0a59a905bcd7ce3466f0dfc3d1f10e00,Localization Quality,AMCLPose,CovYY,0.0311081,151.5
0a59a905bcd7ce3466f0dfc3d1f10e00,Localization Quality,AMCLPose,CovXX,0.00488422,151.5
0a59a905bcd7ce3466f0dfc3d1f10e00,Localization Quality,AMCLPose,MeanYaw,0.620559,151.5
0a59a905bcd7ce3466f0dfc3d1f10e00,Localization Quality,AMCLPose,MeanY,-2.86232,151.5
0a59a905bcd7ce3466f0dfc3d1f10e00,Localization Quality,AMCLPose,MeanX,-7.22941,151.5
0a59a905bcd7ce3466f0dfc3d1f10e00,Localization Stability,TF,Jump Angular,0.000459681,152.5
0a59a905bcd7ce3466f0dfc3d1f10e00,Localization Stability,TF,Jump Linear,0.00929823,152.5
0a59a905bcd7ce3466f0dfc3d1f10e00,Input Validity,Lidar,Lidar Rate,10,151.62
0a59a905bcd7ce3466f0dfc3d1f10e00,Input Validity,Odometry,Odometry Rate,50,151.62
0a59a905bcd7ce3466f0dfc3d1f10e00,Input Validity,TF,TF Rate,10,151.62
0a59a905bcd7ce3466f0dfc3d1f10e00,Localization Stability,TF,Jump Angular,0,152.6
0a59a905bcd7ce3466f0dfc3d1f10e00,Localization Stability,TF,Jump Linear,0,152.6
0a59a905bcd7ce3466f0dfc3d1f10e00,Input Validity,Lidar,Lidar Rate,10,151.72
0a59a905bcd7ce3466f0dfc3d1f10e00,Input Validity,Odometry,Odometry Rate,50,151.72
0a59a905bcd7ce3466f0dfc3d1f10e00,Input Validity,TF,TF Rate,10,151.72
0a59a905bcd7ce3466f0dfc3d1f10e00,Localization Stability,TF,Jump Angular,0,152.7
0a59a905bcd7ce3466f0dfc3d1f10e00,Localization Stability,TF,Jump Linear,0,152.7
0a59a905bcd7ce3466f0dfc3d1f10e00,Input Validity,Lidar,Lidar Rate,10,151.82
0a59a905bcd7ce3466f0dfc3d1f10e00,Input Validity,Odometry,Odometry Rate,50,151.82
0a59a905bcd7ce3466f0dfc3d1f10e00,Input Validity,TF,TF Rate,10,151.82
0a59a905bcd7ce3466f0dfc3d1f10e00,Localization Quality,AMCLPose,CovYawYaw,0.0111644,151.8
0a59a905bcd7ce3466f0dfc3d1f10e00,Localization Quality,AMCLPose,CovYY,0.0315489,151.8
0a59a905bcd7ce3466f0dfc3d1f10e00,Localization Quality,AMCLPose,CovXX,0.00581335,151.8
0a59a905bcd7ce3466f0dfc3d1f10e00,Localization Quality,AMCLPose,MeanYaw,0.595294,151.8
0a59a905bcd7ce3466f0dfc3d1f10e00,Localization Quality,AMCLPose,MeanY,-2.79303,151.8
0a59a905bcd7ce3466f0dfc3d1f10e00,Localization Quality,AMCLPose,MeanX,-7.12059,151.8
0a59a905bcd7ce3466f0dfc3d1f10e00,Localization Stability,TF,Jump Angular,0.00187335,152.8
0a59a905bcd7ce3466f0dfc3d1f10e00,Localization Stability,TF,Jump Linear,0.00921215,152.8
0a59a905bcd7ce3466f0dfc3d1f10e00,Input Validity,Lidar,Lidar Rate,10,151.92
0a59a905bcd7ce3466f0dfc3d1f10e00,Input Validity,Odometry,Odometry Rate,50,151.92
0a59a905bcd7ce3466f0dfc3d1f10e00,Input Validity,TF,TF Rate,10,151.92
0a59a905bcd7ce3466f0dfc3d1f10e00,Localization Stability,TF,Jump Angular,0,152.9
0a59a905bcd7ce3466f0dfc3d1f10e00,Localization Stability,TF,Jump Linear,0,152.9
0a59a905bcd7ce3466f0dfc3d1f10e00,Input Validity,Lidar,Lidar Rate,10,152.02
0a59a905bcd7ce3466f0dfc3d1f10e00,Input Validity,Odometry,Odometry Rate,50,152.02
0a59a905bcd7ce3466f0dfc3d1f10e00,Input Validity,TF,TF Rate,10,152.02
0a59a905bcd7ce3466f0dfc3d1f10e00,Localization Stability,TF,Jump Angular,0,153
0a59a905bcd7ce3466f0dfc3d1f10e00,Localization Stability,TF,Jump Linear,0,153
0a59a905bcd7ce3466f0dfc3d1f10e00,Input Validity,Lidar,Lidar Rate,10,152.12
0a59a905bcd7ce3466f0dfc3d1f10e00,Input Validity,Odometry,Odometry Rate,50,152.12
0a59a905bcd7ce3466f0dfc3d1f10e00,Input Validity,TF,TF Rate,10,152.12
0a59a905bcd7ce3466f0dfc3d1f10e00,Localization Quality,AMCLPose,CovYawYaw,0.00940477,152.1
0a59a905bcd7ce3466f0dfc3d1f10e00,Localization Quality,AMCLPose,CovYY,0.0285549,152.1
0a59a905bcd7ce3466f0dfc3d1f10e00,Localization Quality,AMCLPose,CovXX,0.0052679,152.1
0a59a905bcd7ce3466f0dfc3d1f10e00,Localization Quality,AMCLPose,MeanYaw,0.579387,152.1
0a59a905bcd7ce3466f0dfc3d1f10e00,Localization Quality,AMCLPose,MeanY,-2.71758,152.1
0a59a905bcd7ce3466f0dfc3d1f10e00,Localization Quality,AMCLPose,MeanX,-7.0123,152.1
0a59a905bcd7ce3466f0dfc3d1f10e00,Localization Stability,TF,Jump Angular,0.0111527,153.1
0a59a905bcd7ce3466f0dfc3d1f10e00,Localization Stability,TF,Jump Linear,0.0855545,153.1
0a59a905bcd7ce3466f0dfc3d1f10e00,Input Validity,Lidar,Lidar Rate,10,152.22
0a59a905bcd7ce3466f0dfc3d1f10e00,Input Validity,Odometry,Odometry Rate,50,152.22
0a59a905bcd7ce3466f0dfc3d1f10e00,Input Validity,TF,TF Rate,10,152.22
0a59a905bcd7ce3466f0dfc3d1f10e00,Localization Stability,TF,Jump Angular,0,153.2
0a59a905bcd7ce3466f0dfc3d1f10e00,Localization Stability,TF,Jump Linear,0,153.2
0a59a905bcd7ce3466f0dfc3d1f10e00,Input Validity,Lidar,Lidar Rate,10,152.32
0a59a905bcd7ce3466f0dfc3d1f10e00,Input Validity,Odometry,Odometry Rate,50,152.32
0a59a905bcd7ce3466f0dfc3d1f10e00,Input Validity,TF,TF Rate,10,152.32
0a59a905bcd7ce3466f0dfc3d1f10e00,Localization Stability,TF,Jump Angular,0,153.3
0a59a905bcd7ce3466f0dfc3d1f10e00,Localization Stability,TF,Jump Linear,0,153.3
0a59a905bcd7ce3466f0dfc3d1f10e00,Input Validity,Lidar,Lidar Rate,10,152.42
0a59a905bcd7ce3466f0dfc3d1f10e00,Input Validity,Odometry,Odometry Rate,50,152.42
0a59a905bcd7ce3466f0dfc3d1f10e00,Input Validity,TF,TF Rate,10,152.42
0a59a905bcd7ce3466f0dfc3d1f10e00,Localization Quality,AMCLPose,CovYawYaw,0.00758826,152.4
0a59a905bcd7ce3466f0dfc3d1f10e00,Localization Quality,AMCLPose,CovYY,0.0237169,152.4
0a59a905bcd7ce3466f0dfc3d1f10e00,Localization Quality,AMCLPose,CovXX,0.00472605,152.4
0a59a905bcd7ce3466f0dfc3d1f10e00,Localization Quality,AMCLPose,MeanYaw,0.560828,152.4
0a59a905bcd7ce3466f0dfc3d1f10e00,Localization Quality,AMCLPose,MeanY,-2.64326,152.4
0a59a905bcd7ce3466f0dfc3d1f10e00,Localization Quality,AMCLPose,MeanX,-6.90119,152.4
0a59a905bcd7ce3466f0dfc3d1f10e00,Localization Stability,TF,Jump Angular,0.00846024,153.4
0a59a905bcd7ce3466f0dfc3d1f10e00,Localization Stability,TF,Jump Linear,0.0644319,153.4
0a59a905bcd7ce3466f0dfc3d1f10e00,Input Validity,Lidar,Lidar Rate,10,152.51
0a59a905bcd7ce3466f0dfc3d1f10e00,Input Validity,Odometry,Odometry Rate,50,152.51
0a59a905bcd7ce3466f0dfc3d1f10e00,Input Validity,TF,TF Rate,10,152.51
0a59a905bcd7ce3466f0dfc3d1f10e00,Localization Stability,TF,Jump Angular,0,153.5
0a59a905bcd7ce3466f0dfc3d1f10e00,Localization Stability,TF,Jump Linear,0,153.5
0a59a905bcd7ce3466f0dfc3d1f10e00,Input Validity,Lidar,Lidar Rate,10,152.61
0a59a905bcd7ce3466f0dfc3d1f10e00,Input Validity,Odometry,Odometry Rate,50,152.61
0a59a905bcd7ce3466f0dfc3d1f10e00,Input Validity,TF,TF Rate,10,152.61
0a59a905bcd7ce3466f0dfc3d1f10e00,Localization Stability,TF,Jump Angular,0,153.6
0a59a905bcd7ce3466f0dfc3d1f10e00,Localization Stability,TF,Jump Linear,0,153.6
0a59a905bcd7ce3466f0dfc3d1f10e00,Input Validity,Lidar,Lidar Rate,10,152.71
0a59a905bcd7ce3466f0dfc3d1f10e00,Input Validity,Odometry,Odometry Rate,50,152.71
0a59a905bcd7ce3466f0dfc3d1f10e00,Input Validity,TF,TF Rate,10,152.71
0a59a905bcd7ce3466f0dfc3d1f10e00,Localization Quality,AMCLPose,CovYawYaw,0.00588662,152.7
0a59a905bcd7ce3466f0dfc3d1f10e00,Localization Quality,AMCLPose,CovYY,0.0199275,152.7
0a59a905bcd7ce3466f0dfc3d1f10e00,Localization Quality,AMCLPose,CovXX,0.00419242,152.7
0a59a905bcd7ce3466f0dfc3d1f10e00,Localization Quality,AMCLPose,MeanYaw,0.525928,152.7
0a59a905bcd7ce3466f0dfc3d1f10e00,Localization Quality,AMCLPose,MeanY,-2.57306,152.7
0a59a905bcd7ce3466f0dfc3d1f10e00,Localization Quality,AMCLPose,MeanX,-6.78726,152.7
0a59a905bcd7ce3466f0dfc3d1f10e00,Localization Stability,TF,Jump Angular,0.00378809,153.7
0a59a905bcd7ce3466f0dfc3d1f10e00,Localization Stability,TF,Jump Linear,0.0283562,153.7
0a59a905bcd7ce3466f0dfc3d1f10e00,Input Validity,Lidar,Lidar Rate,10,152.81
0a59a905bcd7ce3466f0dfc3d1f10e00,Input Validity,Odometry,Odometry Rate,50,152.81
0a59a905bcd7ce3466f0dfc3d1f10e00,Input Validity,TF,TF Rate,10,152.81
0a59a905bcd7ce3466f0dfc3d1f10e00,Localization Stability,TF,Jump Angular,0,153.8
0a59a905bcd7ce3466f0dfc3d1f10e00,Localization Stability,TF,Jump Linear,0,153.8
0a59a905bcd7ce3466f0dfc3d1f10e00,Input Validity,Lidar,Lidar Rate,10,152.91
0a59a905bcd7ce3466f0dfc3d1f10e00,Input Validity,Odometry,Odometry Rate,50,152.91
0a59a905bcd7ce3466f0dfc3d1f10e00,Input Validity,TF,TF Rate,10,152.91
0a59a905bcd7ce3466f0dfc3d1f10e00,Localization Stability,TF,Jump Angular,0,153.9
0a59a905bcd7ce3466f0dfc3d1f10e00,Localization Stability,TF,Jump Linear,0,153.9
0a59a905bcd7ce3466f0dfc3d1f10e00,Input Validity,Lidar,Lidar Rate,10,153.01
0a59a905bcd7ce3466f0dfc3d1f10e00,Input Validity,Odometry,Odometry Rate,50,153.01
0a59a905bcd7ce3466f0dfc3d1f10e00,Input Validity,TF,TF Rate,10,153.01
0a59a905bcd7ce3466f0dfc3d1f10e00,Localization Quality,AMCLPose,CovYawYaw,0.00516875,153
0a59a905bcd7ce3466f0dfc3d1f10e00,Localization Quality,AMCLPose,CovYY,0.0160034,153
0a59a905bcd7ce3466f0dfc3d1f10e00,Localization Quality,AMCLPose,CovXX,0.00388188,153
0a59a905bcd7ce3466f0dfc3d1f10e00,Localization Quality,AMCLPose,MeanYaw,0.492451,153
0a59a905bcd7ce3466f0dfc3d1f10e00,Localization Quality,AMCLPose,MeanY,-2.49984,153
0a59a905bcd7ce3466f0dfc3d1f10e00,Localization Quality,AMCLPose,MeanX,-6.66715,153
0a59a905bcd7ce3466f0dfc3d1f10e00,Localization Stability,TF,Jump Angular,0.00236807,154
0a59a905bcd7ce3466f0dfc3d1f10e00,Localization Stability,TF,Jump Linear,0.0231736,154
0a59a905bcd7ce3466f0dfc3d1f10e00,Input Validity,Lidar,Lidar Rate,10,153.11
0a59a905bcd7ce3466f0dfc3d1f10e00,Input Validity,Odometry,Odometry Rate,50,153.11
0a59a905bcd7ce3466f0dfc3d1f10e00,Input Validity,TF,TF Rate,10,153.11
0a59a905bcd7ce3466f0dfc3d1f10e00,Localization Stability,TF,Jump Angular,0,154.1
0a59a905bcd7ce3466f0dfc3d1f10e00,Localization Stability,TF,Jump Linear,0,154.1
0a59a905bcd7ce3466f0dfc3d1f10e00,Input Validity,Lidar,Lidar Rate,10,153.21
0a59a905bcd7ce3466f0dfc3d1f10e00,Input Validity,Odometry,Odometry Rate,50,153.21
0a59a905bcd7ce3466f0dfc3d1f10e00,Input Validity,TF,TF Rate,10,153.21
0a59a905bcd7ce3466f0dfc3d1f10e00,Localization Stability,TF,Jump Angular,0,154.2
0a59a905bcd7ce3466f0dfc3d1f10e00,Localization Stability,TF,Jump Linear,0,154.2
0a59a905bcd7ce3466f0dfc3d1f10e00,Input Validity,Lidar,Lidar Rate,10,153.31
0a59a905bcd7ce3466f0dfc3d1f10e00,Input Validity,Odometry,Odometry Rate,50,153.31
0a59a905bcd7ce3466f0dfc3d1f10e00,Input Validity,TF,TF Rate,10,153.31
0a59a905bcd7ce3466f0dfc3d1f10e00,Input Validity,Lidar,Lidar Rate,10,153.41
0a59a905bcd7ce3466f0dfc3d1f10e00,Input Validity,Odometry,Odometry Rate,50,153.41
0a59a905bcd7ce3466f0dfc3d1f10e00,Input Validity,TF,TF Rate,10,153.41
0a59a905bcd7ce3466f0dfc3d1f10e00,Localization Quality,AMCLPose,CovYawYaw,0.00474529,153.3
0a59a905bcd7ce3466f0dfc3d1f10e00,Localization Quality,AMCLPose,CovYY,0.0139836,153.3
0a59a905bcd7ce3466f0dfc3d1f10e00,Localization Quality,AMCLPose,CovXX,0.0036164,153.3
0a59a905bcd7ce3466f0dfc3d1f10e00,Localization Quality,AMCLPose,MeanYaw,0.447424,153.3
0a59a905bcd7ce3466f0dfc3d1f10e00,Localization Quality,AMCLPose,MeanY,-2.43969,153.3
0a59a905bcd7ce3466f0dfc3d1f10e00,Localization Quality,AMCLPose,MeanX,-6.54505,153.3
0a59a905bcd7ce3466f0dfc3d1f10e00,Localization Stability,TF,Jump Angular,-0.000526668,154.3
0a59a905bcd7ce3466f0dfc3d1f10e00,Localization Stability,TF,Jump Linear,0.00554855,154.3
0a59a905bcd7ce3466f0dfc3d1f10e00,Localization Stability,TF,Jump Angular,0,154.4
0a59a905bcd7ce3466f0dfc3d1f10e00,Localization Stability,TF,Jump Linear,0,154.4
0a59a905bcd7ce3466f0dfc3d1f10e00,Input Validity,Lidar,Lidar Rate,10,153.51
0a59a905bcd7ce3466f0dfc3d1f10e00,Input Validity,Odometry,Odometry Rate,50,153.51
0a59a905bcd7ce3466f0dfc3d1f10e00,Input Validity,TF,TF Rate,10,153.51
0a59a905bcd7ce3466f0dfc3d1f10e00,Localization Stability,TF,Jump Angular,0,154.5
0a59a905bcd7ce3466f0dfc3d1f10e00,Localization Stability,TF,Jump Linear,0,154.5
0a59a905bcd7ce3466f0dfc3d1f10e00,Input Validity,Lidar,Lidar Rate,10,153.61
0a59a905bcd7ce3466f0dfc3d1f10e00,Input Validity,Odometry,Odometry Rate,50,153.61
0a59a905bcd7ce3466f0dfc3d1f10e00,Input Validity,TF,TF Rate,10,153.61
0a59a905bcd7ce3466f0dfc3d1f10e00,Input Validity,Lidar,Lidar Rate,10,153.71
0a59a905bcd7ce3466f0dfc3d1f10e00,Input Validity,Odometry,Odometry Rate,50,153.71
0a59a905bcd7ce3466f0dfc3d1f10e00,Input Validity,TF,TF Rate,10,153.71
0a59a905bcd7ce3466f0dfc3d1f10e00,Localization Quality,AMCLPose,CovYawYaw,0.00448994,153.6
0a59a905bcd7ce3466f0dfc3d1f10e00,Localization Quality,AMCLPose,CovYY,0.0120399,153.6
0a59a905bcd7ce3466f0dfc3d1f10e00,Localization Quality,AMCLPose,CovXX,0.00347323,153.6
0a59a905bcd7ce3466f0dfc3d1f10e00,Localization Quality,AMCLPose,MeanYaw,0.389668,153.6
0a59a905bcd7ce3466f0dfc3d1f10e00,Localization Quality,AMCLPose,MeanY,-2.3846,153.6
0a59a905bcd7ce3466f0dfc3d1f10e00,Localization Quality,AMCLPose,MeanX,-6.41684,153.6
0a59a905bcd7ce3466f0dfc3d1f10e00,Localization Stability,TF,Jump Angular,-0.00142723,154.6
0a59a905bcd7ce3466f0dfc3d1f10e00,Localization Stability,TF,Jump Linear,0.0124427,154.6
0a59a905bcd7ce3466f0dfc3d1f10e00,Localization Stability,TF,Jump Angular,0,154.7
0a59a905bcd7ce3466f0dfc3d1f10e00,Localization Stability,TF,Jump Linear,0,154.7
0a59a905bcd7ce3466f0dfc3d1f10e00,Input Validity,Lidar,Lidar Rate,10,153.81
0a59a905bcd7ce3466f0dfc3d1f10e00,Input Validity,Odometry,Odometry Rate,50,153.81
0a59a905bcd7ce3466f0dfc3d1f10e00,Input Validity,TF,TF Rate,10,153.81
0a59a905bcd7ce3466f0dfc3d1f10e00,Localization Stability,TF,Jump Angular,0,154.8
0a59a905bcd7ce3466f0dfc3d1f10e00,Localization Stability,TF,Jump Linear,0,154.8
0a59a905bcd7ce3466f0dfc3d1f10e00,Input Validity,Lidar,Lidar Rate,10,153.91
0a59a905bcd7ce3466f0dfc3d1f10e00,Input Validity,Odometry,Odometry Rate,50,153.91
0a59a905bcd7ce3466f0dfc3d1f10e00,Input Validity,TF,TF Rate,10,153.91
0a59a905bcd7ce3466f0dfc3d1f10e00,Localization Quality,AMCLPose,CovYawYaw,0.00521548,153.9
0a59a905bcd7ce3466f0dfc3d1f10e00,Localization Quality,AMCLPose,CovYY,0.00980222,153.9
0a59a905bcd7ce3466f0dfc3d1f10e00,Localization Quality,AMCLPose,CovXX,0.00409725,153.9
0a59a905bcd7ce3466f0dfc3d1f10e00,Localization Quality,AMCLPose,MeanYaw,0.329277,153.9
0a59a905bcd7ce3466f0dfc3d1f10e00,Localization Quality,AMCLPose,MeanY,-2.34129,153.9
0a59a905bcd7ce3466f0dfc3d1f10e00,Localization Quality,AMCLPose,MeanX,-6.28769,153.9
0a59a905bcd7ce3466f0dfc3d1f10e00,Localization Stability,TF,Jump Angular,0.000403261,154.9
0a59a905bcd7ce3466f0dfc3d1f10e00,Localization Stability,TF,Jump Linear,0.00244594,154.9
0a59a905bcd7ce3466f0dfc3d1f10e00,Input Validity,Lidar,Lidar Rate,10,154.01
0a59a905bcd7ce3466f0dfc3d1f10e00,Input Validity,Odometry,Odometry Rate,50,154.01
0a59a905bcd7ce3466f0dfc3d1f10e00,Input Validity,TF,TF Rate,10,154.01
0a59a905bcd7ce3466f0dfc3d1f10e00,Localization Stability,TF,Jump Angular,0,155
0a59a905bcd7ce3466f0dfc3d1f10e00,Localization Stability,TF,Jump Linear,0,155
0a59a905bcd7ce3466f0dfc3d1f10e00,Input Validity,Lidar,Lidar Rate,10,154.1
0a59a905bcd7ce3466f0dfc3d1f10e00,Input Validity,Odometry,Odometry Rate,50,154.1
0a59a905bcd7ce3466f0dfc3d1f10e00,Input Validity,TF,TF Rate,10,154.1
0a59a905bcd7ce3466f0dfc3d1f10e00,Localization Stability,TF,Jump Angular,0,155.1
0a59a905bcd7ce3466f0dfc3d1f10e00,Localization Stability,TF,Jump Linear,0,155.1
0a59a905bcd7ce3466f0dfc3d1f10e00,Input Validity,Lidar,Lidar Rate,10,154.2
0a59a905bcd7ce3466f0dfc3d1f10e00,Input Validity,Odometry,Odometry Rate,50,154.2
0a59a905bcd7ce3466f0dfc3d1f10e00,Input Validity,TF,TF Rate,10,154.2
0a59a905bcd7ce3466f0dfc3d1f10e00,Input Validity,Lidar,Lidar Rate,10,154.3
0a59a905bcd7ce3466f0dfc3d1f10e00,Input Validity,Odometry,Odometry Rate,50,154.3
0a59a905bcd7ce3466f0dfc3d1f10e00,Input Validity,TF,TF Rate,10,154.3
0a59a905bcd7ce3466f0dfc3d1f10e00,Localization Quality,AMCLPose,CovYawYaw,0.00540067,154.2
0a59a905bcd7ce3466f0dfc3d1f10e00,Localization Quality,AMCLPose,CovYY,0.00806476,154.2
0a59a905bcd7ce3466f0dfc3d1f10e00,Localization Quality,AMCLPose,CovXX,0.0045194,154.2
0a59a905bcd7ce3466f0dfc3d1f10e00,Localization Quality,AMCLPose,MeanYaw,0.268667,154.2
0a59a905bcd7ce3466f0dfc3d1f10e00,Localization Quality,AMCLPose,MeanY,-2.30354,154.2
0a59a905bcd7ce3466f0dfc3d1f10e00,Localization Quality,AMCLPose,MeanX,-6.15684,154.2
0a59a905bcd7ce3466f0dfc3d1f10e00,Localization Stability,TF,Jump Angular,0.00155098,155.2
0a59a905bcd7ce3466f0dfc3d1f10e00,Localization Stability,TF,Jump Linear,0.00757651,155.2
0a59a905bcd7ce3466f0dfc3d1f10e00,Localization Stability,TF,Jump Angular,0,155.3
0a59a905bcd7ce3466f0dfc3d1f10e00,Localization Stability,TF,Jump Linear,0,155.3
0a59a905bcd7ce3466f0dfc3d1f10e00,Input Validity,Lidar,Lidar Rate,10,154.4
0a59a905bcd7ce3466f0dfc3d1f10e00,Input Validity,Odometry,Odometry Rate,50,154.4
0a59a905bcd7ce3466f0dfc3d1f10e00,Input Validity,TF,TF Rate,10,154.4
0a59a905bcd7ce3466f0dfc3d1f10e00,Localization Stability,TF,Jump Angular,0,155.4
0a59a905bcd7ce3466f0dfc3d1f10e00,Localization Stability,TF,Jump Linear,0,155.4
0a59a905bcd7ce3466f0dfc3d1f10e00,Input Validity,Lidar,Lidar Rate,10,154.5
0a59a905bcd7ce3466f0dfc3d1f10e00,Input Validity,Odometry,Odometry Rate,50,154.5
0a59a905bcd7ce3466f0dfc3d1f10e00,Input Validity,TF,TF Rate,10,154.5
0a59a905bcd7ce3466f0dfc3d1f10e00,Localization Quality,AMCLPose,CovYawYaw,0.00551757,154.5
0a59a905bcd7ce3466f0dfc3d1f10e00,Localization Quality,AMCLPose,CovYY,0.00695777,154.5
0a59a905bcd7ce3466f0dfc3d1f10e00,Localization Quality,AMCLPose,CovXX,0.00485659,154.5
0a59a905bcd7ce3466f0dfc3d1f10e00,Localization Quality,AMCLPose,MeanYaw,0.20791,154.5
0a59a905bcd7ce3466f0dfc3d1f10e00,Localization Quality,AMCLPose,MeanY,-2.279,154.5
0a59a905bcd7ce3466f0dfc3d1f10e00,Localization Quality,AMCLPose,MeanX,-6.02363,154.5
0a59a905bcd7ce3466f0dfc3d1f10e00,Localization Stability,TF,Jump Angular,-0.00290409,155.5
0a59a905bcd7ce3466f0dfc3d1f10e00,Localization Stability,TF,Jump Linear,0.0260443,155.5
0a59a905bcd7ce3466f0dfc3d1f10e00,Input Validity,Lidar,Lidar Rate,10,154.6
0a59a905bcd7ce3466f0dfc3d1f10e00,Input Validity,Odometry,Odometry Rate,50,154.6
0a59a905bcd7ce3466f0dfc3d1f10e00,Input Validity,TF,TF Rate,10,154.6
0a59a905bcd7ce3466f0dfc3d1f10e00,Localization Stability,TF,Jump Angular,0,155.6
0a59a905bcd7ce3466f0dfc3d1f10e00,Localization Stability,TF,Jump Linear,0,155.6
0a59a905bcd7ce3466f0dfc3d1f10e00,Input Validity,Lidar,Lidar Rate,10,154.7
0a59a905bcd7ce3466f0dfc3d1f10e00,Input Validity,Odometry,Odometry Rate,50,154.7
0a59a905bcd7ce3466f0dfc3d1f10e00,Input Validity,TF,TF Rate,10,154.7
0a59a905bcd7ce3466f0dfc3d1f10e00,Localization Stability,TF,Jump Angular,0,155.7
0a59a905bcd7ce3466f0dfc3d1f10e00,Localization Stability,TF,Jump Linear,0,155.7
0a59a905bcd7ce3466f0dfc3d1f10e00,Input Validity,Lidar,Lidar Rate,10,154.8
0a59a905bcd7ce3466f0dfc3d1f10e00,Input Validity,Odometry,Odometry Rate,50,154.8
0a59a905bcd7ce3466f0dfc3d1f10e00,Input Validity,TF,TF Rate,10,154.8
0a59a905bcd7ce3466f0dfc3d1f10e00,Input Validity,Lidar,Lidar Rate,10,154.9
0a59a905bcd7ce3466f0dfc3d1f10e00,Input Validity,Odometry,Odometry Rate,50,154.9
0a59a905bcd7ce3466f0dfc3d1f10e00,Input Validity,TF,TF Rate,10,154.9
0a59a905bcd7ce3466f0dfc3d1f10e00,Localization Quality,AMCLPose,CovYawYaw,0.00567902,154.8
0a59a905bcd7ce3466f0dfc3d1f10e00,Localization Quality,AMCLPose,CovYY,0.0063402,154.8
0a59a905bcd7ce3466f0dfc3d1f10e00,Localization Quality,AMCLPose,CovXX,0.00525564,154.8
0a59a905bcd7ce3466f0dfc3d1f10e00,Localization Quality,AMCLPose,MeanYaw,0.156178,154.8
0a59a905bcd7ce3466f0dfc3d1f10e00,Localization Quality,AMCLPose,MeanY,-2.26126,154.8
0a59a905bcd7ce3466f0dfc3d1f10e00,Localization Quality,AMCLPose,MeanX,-5.88924,154.8
0a59a905bcd7ce3466f0dfc3d1f10e00,Localization Stability,TF,Jump Angular,-0.000911181,155.8
0a59a905bcd7ce3466f0dfc3d1f10e00,Localization Stability,TF,Jump Linear,0.0124648,155.8
0a59a905bcd7ce3466f0dfc3d1f10e00,Localization Stability,TF,Jump Angular,0,155.9
0a59a905bcd7ce3466f0dfc3d1f10e00,Localization Stability,TF,Jump Linear,0,155.9
0a59a905bcd7ce3466f0dfc3d1f10e00,Input Validity,Lidar,Lidar Rate,10,155
0a59a905bcd7ce3466f0dfc3d1f10e00,Input Validity,Odometry,Odometry Rate,50,155
0a59a905bcd7ce3466f0dfc3d1f10e00,Input Validity,TF,TF Rate,10,155
0a59a905bcd7ce3466f0dfc3d1f10e00,Localization Stability,TF,Jump Angular,0,156
0a59a905bcd7ce3466f0dfc3d1f10e00,Localization Stability,TF,Jump Linear,0,156
0a59a905bcd7ce3466f0dfc3d1f10e00,Input Validity,Lidar,Lidar Rate,10,155.1
0a59a905bcd7ce3466f0dfc3d1f10e00,Input Validity,Odometry,Odometry Rate,50,155.1
0a59a905bcd7ce3466f0dfc3d1f10e00,Input Validity,TF,TF Rate,10,155.1
0a59a905bcd7ce3466f0dfc3d1f10e00,Input Validity,Lidar,Lidar Rate,10,155.2
0a59a905bcd7ce3466f0dfc3d1f10e00,Input Validity,Odometry,Odometry Rate,50,155.2
0a59a905bcd7ce3466f0dfc3d1f10e00,Input Validity,TF,TF Rate,10,155.2
0a59a905bcd7ce3466f0dfc3d1f10e00,Localization Quality,AMCLPose,CovYawYaw,0.00552586,155.1
0a59a905bcd7ce3466f0dfc3d1f10e00,Localization Quality,AMCLPose,CovYY,0.00618549,155.1
0a59a905bcd7ce3466f0dfc3d1f10e00,Localization Quality,AMCLPose,CovXX,0.00571079,155.1
0a59a905bcd7ce3466f0dfc3d1f10e00,Localization Quality,AMCLPose,MeanYaw,0.112807,155.1
0a59a905bcd7ce3466f0dfc3d1f10e00,Localization Quality,AMCLPose,MeanY,-2.24739,155.1
0a59a905bcd7ce3466f0dfc3d1f10e00,Localization Quality,AMCLPose,MeanX,-5.75355,155.1
0a59a905bcd7ce3466f0dfc3d1f10e00,Localization Stability,TF,Jump Angular,-0.000573042,156.1
0a59a905bcd7ce3466f0dfc3d1f10e00,Localization Stability,TF,Jump Linear,0.00806464,156.1
0a59a905bcd7ce3466f0dfc3d1f10e00,Localization Stability,TF,Jump Angular,0,156.2
0a59a905bcd7ce3466f0dfc3d1f10e00,Localization Stability,TF,Jump Linear,0,156.2
0a59a905bcd7ce3466f0dfc3d1f10e00,Input Validity,Lidar,Lidar Rate,10,155.3
0a59a905bcd7ce3466f0dfc3d1f10e00,Input Validity,Odometry,Odometry Rate,50,155.3
0a59a905bcd7ce3466f0dfc3d1f10e00,Input Validity,TF,TF Rate,10,155.3
0a59a905bcd7ce3466f0dfc3d1f10e00,Localization Stability,TF,Jump Angular,0,156.3
0a59a905bcd7ce3466f0dfc3d1f10e00,Localization Stability,TF,Jump Linear,0,156.3
0a59a905bcd7ce3466f0dfc3d1f10e00,Input Validity,Lidar,Lidar Rate,10,155.4
0a59a905bcd7ce3466f0dfc3d1f10e00,Input Validity,Odometry,Odometry Rate,50,155.4
0a59a905bcd7ce3466f0dfc3d1f10e00,Input Validity,TF,TF Rate,10,155.4
0a59a905bcd7ce3466f0dfc3d1f10e00,Localization Quality,AMCLPose,CovYawYaw,0.0055743,155.4
0a59a905bcd7ce3466f0dfc3d1f10e00,Localization Quality,AMCLPose,CovYY,0.00601967,155.4
0a59a905bcd7ce3466f0dfc3d1f10e00,Localization Quality,AMCLPose,CovXX,0.00584861,155.4
0a59a905bcd7ce3466f0dfc3d1f10e00,Localization Quality,AMCLPose,MeanYaw,0.0793504,155.4
0a59a905bcd7ce3466f0dfc3d1f10e00,Localization Quality,AMCLPose,MeanY,-2.23576,155.4
0a59a905bcd7ce3466f0dfc3d1f10e00,Localization Quality,AMCLPose,MeanX,-5.617,155.4
0a59a905bcd7ce3466f0dfc3d1f10e00,Localization Stability,TF,Jump Angular,0.00205637,156.4
0a59a905bcd7ce3466f0dfc3d1f10e00,Localization Stability,TF,Jump Linear,0.0104075,156.4
0a59a905bcd7ce3466f0dfc3d1f10e00,Input Validity,Lidar,Lidar Rate,10,155.5
0a59a905bcd7ce3466f0dfc3d1f10e00,Input Validity,Odometry,Odometry Rate,50,155.5
0a59a905bcd7ce3466f0dfc3d1f10e00,Input Validity,TF,TF Rate,10,155.5
0a59a905bcd7ce3466f0dfc3d1f10e00,Localization Stability,TF,Jump Angular,0,156.5
0a59a905bcd7ce3466f0dfc3d1f10e00,Localization Stability,TF,Jump Linear,0,156.5
0a59a905bcd7ce3466f0dfc3d1f10e00,Input Validity,Lidar,Lidar Rate,10,155.6
0a59a905bcd7ce3466f0dfc3d1f10e00,Input Validity,Odometry,Odometry Rate,50,155.6
0a59a905bcd7ce3466f0dfc3d1f10e00,Input Validity,TF,TF Rate,10,155.6
0a59a905bcd7ce3466f0dfc3d1f10e00,Localization Stability,TF,Jump Angular,0,156.6
0a59a905bcd7ce3466f0dfc3d1f10e00,Localization Stability,TF,Jump Linear,0,156.6
0a59a905bcd7ce3466f0dfc3d1f10e00,Input Validity,Lidar,Lidar Rate,10,155.7
0a59a905bcd7ce3466f0dfc3d1f10e00,Input Validity,Odometry,Odometry Rate,50,155.7
0a59a905bcd7ce3466f0dfc3d1f10e00,Input Validity,TF,TF Rate,10,155.7
0a59a905bcd7ce3466f0dfc3d1f10e00,Input Validity,Lidar,Lidar Rate,10,155.79
0a59a905bcd7ce3466f0dfc3d1f10e00,Input Validity,Odometry,Odometry Rate,50,155.79
0a59a905bcd7ce3466f0dfc3d1f10e00,Input Validity,TF,TF Rate,10,155.79
0a59a905bcd7ce3466f0dfc3d1f10e00,Localization Quality,AMCLPose,CovYawYaw,0.00559777,155.7
0a59a905bcd7ce3466f0dfc3d1f10e00,Localization Quality,AMCLPose,CovYY,0.00547285,155.7
0a59a905bcd7ce3466f0dfc3d1f10e00,Localization Quality,AMCLPose,CovXX,0.00621383,155.7
0a59a905bcd7ce3466f0dfc3d1f10e00,Localization Quality,AMCLPose,MeanYaw,0.0691755,155.7
0a59a905bcd7ce3466f0dfc3d1f10e00,Localization Quality,AMCLPose,MeanY,-2.2296,155.7
0a59a905bcd7ce3466f0dfc3d1f10e00,Localization Quality,AMCLPose,MeanX,-5.48338,155.7
0a59a905bcd7ce3466f0dfc3d1f10e00,Localization Stability,TF,Jump Angular,0.00281208,156.7
0a59a905bcd7ce3466f0dfc3d1f10e00,Localization Stability,TF,Jump Linear,0.0140439,156.7
0a59a905bcd7ce3466f0dfc3d1f10e00,Localization Stability,TF,Jump Angular,0,156.8
0a59a905bcd7ce3466f0dfc3d1f10e00,Localization Stability,TF,Jump Linear,0,156.8
0a59a905bcd7ce3466f0dfc3d1f10e00,Input Validity,Lidar,Lidar Rate,10,155.89
0a59a905bcd7ce3466f0dfc3d1f10e00,Input Validity,Odometry,Odometry Rate,50,155.89
0a59a905bcd7ce3466f0dfc3d1f10e00,Input Validity,TF,TF Rate,10,155.89
0a59a905bcd7ce3466f0dfc3d1f10e00,Localization Stability,TF,Jump Angular,0,156.9
0a59a905bcd7ce3466f0dfc3d1f10e00,Localization Stability,TF,Jump Linear,0,156.9
0a59a905bcd7ce3466f0dfc3d1f10e00,Input Validity,Lidar,Lidar Rate,10,155.99
0a59a905bcd7ce3466f0dfc3d1f10e00,Input Validity,Odometry,Odometry Rate,50,155.99
0a59a905bcd7ce3466f0dfc3d1f10e00,Input Validity,TF,TF Rate,10,155.99
0a59a905bcd7ce3466f0dfc3d1f10e00,Input Validity,Lidar,Lidar Rate,10,156.09
0a59a905bcd7ce3466f0dfc3d1f10e00,Input Validity,Odometry,Odometry Rate,50,156.09
0a59a905bcd7ce3466f0dfc3d1f10e00,Input Validity,TF,TF Rate,10,156.09
0a59a905bcd7ce3466f0dfc3d1f10e00,Localization Quality,AMCLPose,CovYawYaw,0.00546835,156
0a59a905bcd7ce3466f0dfc3d1f10e00,Localization Quality,AMCLPose,CovYY,0.00516794,156
0a59a905bcd7ce3466f0dfc3d1f10e00,Localization Quality,AMCLPose,CovXX,0.00641823,156
0a59a905bcd7ce3466f0dfc3d1f10e00,Localization Quality,AMCLPose,MeanYaw,0.0632664,156
0a59a905bcd7ce3466f0dfc3d1f10e00,Localization Quality,AMCLPose,MeanY,-2.22367,156
0a59a905bcd7ce3466f0dfc3d1f10e00,Localization Quality,AMCLPose,MeanX,-5.34585,156
0a59a905bcd7ce3466f0dfc3d1f10e00,Localization Stability,TF,Jump Angular,-0.00174935,157
0a59a905bcd7ce3466f0dfc3d1f10e00,Localization Stability,TF,Jump Linear,0.0140352,157
0a59a905bcd7ce3466f0dfc3d1f10e00,Localization Stability,TF,Jump Angular,0,157.1
0a59a905bcd7ce3466f0dfc3d1f10e00,Localization Stability,TF,Jump Linear,0,157.1
0a59a905bcd7ce3466f0dfc3d1f10e00,Input Validity,Lidar,Lidar Rate,10,156.19
0a59a905bcd7ce3466f0dfc3d1f10e00,Input Validity,Odometry,Odometry Rate,50,156.19
0a59a905bcd7ce3466f0dfc3d1f10e00,Input Validity,TF,TF Rate,10,156.19
0a59a905bcd7ce3466f0dfc3d1f10e00,Localization Stability,TF,Jump Angular,0,157.2
0a59a905bcd7ce3466f0dfc3d1f10e00,Localization Stability,TF,Jump Linear,0,157.2
0a59a905bcd7ce3466f0dfc3d1f10e00,Input Validity,Lidar,Lidar Rate,10,156.29
0a59a905bcd7ce3466f0dfc3d1f10e00,Input Validity,Odometry,Odometry Rate,50,156.29
0a59a905bcd7ce3466f0dfc3d1f10e00,Input Validity,TF,TF Rate,10,156.29
0a59a905bcd7ce3466f0dfc3d1f10e00,Input Validity,Lidar,Lidar Rate,10,156.39
0a59a905bcd7ce3466f0dfc3d1f10e00,Input Validity,Odometry,Odometry Rate,50,156.39
0a59a905bcd7ce3466f0dfc3d1f10e00,Input Validity,TF,TF Rate,10,156.39
0a59a905bcd7ce3466f0dfc3d1f10e00,Localization Quality,AMCLPose,CovYawYaw,0.00540086,156.3
0a59a905bcd7ce3466f0dfc3d1f10e00,Localization Quality,AMCLPose,CovYY,0.0049526,156.3
0a59a905bcd7ce3466f0dfc3d1f10e00,Localization Quality,AMCLPose,CovXX,0.00641711,156.3
0a59a905bcd7ce3466f0dfc3d1f10e00,Localization Quality,AMCLPose,MeanYaw,0.0618346,156.3
0a59a905bcd7ce3466f0dfc3d1f10e00,Localization Quality,AMCLPose,MeanY,-2.21875,156.3
0a59a905bcd7ce3466f0dfc3d1f10e00,Localization Quality,AMCLPose,MeanX,-5.20836,156.3
0a59a905bcd7ce3466f0dfc3d1f10e00,Localization Stability,TF,Jump Angular,0.00241819,157.3
0a59a905bcd7ce3466f0dfc3d1f10e00,Localization Stability,TF,Jump Linear,0.00927311,157.3
0a59a905bcd7ce3466f0dfc3d1f10e00,Localization Stability,TF,Jump Angular,0,157.4
0a59a905bcd7ce3466f0dfc3d1f10e00,Localization Stability,TF,Jump Linear,0,157.4
0a59a905bcd7ce3466f0dfc3d1f10e00,Input Validity,Lidar,Lidar Rate,10,156.49
0a59a905bcd7ce3466f0dfc3d1f10e00,Input Validity,Odometry,Odometry Rate,50,156.49
0a59a905bcd7ce3466f0dfc3d1f10e00,Input Validity,TF,TF Rate,10,156.49
0a59a905bcd7ce3466f0dfc3d1f10e00,Localization Stability,TF,Jump Angular,0,157.5
0a59a905bcd7ce3466f0dfc3d1f10e00,Localization Stability,TF,Jump Linear,0,157.5
0a59a905bcd7ce3466f0dfc3d1f10e00,Input Validity,Lidar,Lidar Rate,10,156.59
0a59a905bcd7ce3466f0dfc3d1f10e00,Input Validity,Odometry,Odometry Rate,50,156.59
0a59a905bcd7ce3466f0dfc3d1f10e00,Input Validity,TF,TF Rate,10,156.59
0a59a905bcd7ce3466f0dfc3d1f10e00,Input Validity,Lidar,Lidar Rate,10,156.69
0a59a905bcd7ce3466f0dfc3d1f10e00,Input Validity,Odometry,Odometry Rate,50,156.69
0a59a905bcd7ce3466f0dfc3d1f10e00,Input Validity,TF,TF Rate,10,156.69
0a59a905bcd7ce3466f0dfc3d1f10e00,Localization Quality,AMCLPose,CovYawYaw,0.00508465,156.6
0a59a905bcd7ce3466f0dfc3d1f10e00,Localization Quality,AMCLPose,CovYY,0.00430978,156.6
0a59a905bcd7ce3466f0dfc3d1f10e00,Localization Quality,AMCLPose,CovXX,0.00645078,156.6
0a59a905bcd7ce3466f0dfc3d1f10e00,Localization Quality,AMCLPose,MeanYaw,0.0586386,156.6
0a59a905bcd7ce3466f0dfc3d1f10e00,Localization Quality,AMCLPose,MeanY,-2.21523,156.6
0a59a905bcd7ce3466f0dfc3d1f10e00,Localization Quality,AMCLPose,MeanX,-5.07164,156.6
0a59a905bcd7ce3466f0dfc3d1f10e00,Localization Stability,TF,Jump Angular,0.0021153,157.6
0a59a905bcd7ce3466f0dfc3d1f10e00,Localization Stability,TF,Jump Linear,0.00663499,157.6
0a59a905bcd7ce3466f0dfc3d1f10e00,Localization Stability,TF,Jump Angular,0,157.7
0a59a905bcd7ce3466f0dfc3d1f10e00,Localization Stability,TF,Jump Linear,0,157.7
0a59a905bcd7ce3466f0dfc3d1f10e00,Input Validity,Lidar,Lidar Rate,10,156.79
0a59a905bcd7ce3466f0dfc3d1f10e00,Input Validity,Odometry,Odometry Rate,50,156.79
0a59a905bcd7ce3466f0dfc3d1f10e00,Input Validity,TF,TF Rate,10,156.79
0a59a905bcd7ce3466f0dfc3d1f10e00,Localization Stability,TF,Jump Angular,0,157.8
0a59a905bcd7ce3466f0dfc3d1f10e00,Localization Stability,TF,Jump Linear,0,157.8
0a59a905bcd7ce3466f0dfc3d1f10e00,Input Validity,Lidar,Lidar Rate,10,156.89
0a59a905bcd7ce3466f0dfc3d1f10e00,Input Validity,Odometry,Odometry Rate,50,156.89
0a59a905bcd7ce3466f0dfc3d1f10e00,Input Validity,TF,TF Rate,10,156.89
0a59a905bcd7ce3466f0dfc3d1f10e00,Input Validity,Lidar,Lidar Rate,10,156.99
0a59a905bcd7ce3466f0dfc3d1f10e00,Input Validity,Odometry,Odometry Rate,50,156.99
0a59a905bcd7ce3466f0dfc3d1f10e00,Input Validity,TF,TF Rate,10,156.99
0a59a905bcd7ce3466f0dfc3d1f10e00,Localization Quality,AMCLPose,CovYawYaw,0.00550406,156.9
0a59a905bcd7ce3466f0dfc3d1f10e00,Localization Quality,AMCLPose,CovYY,0.00397444,156.9
0a59a905bcd7ce3466f0dfc3d1f10e00,Localization Quality,AMCLPose,CovXX,0.00647627,156.9
0a59a905bcd7ce3466f0dfc3d1f10e00,Localization Quality,AMCLPose,MeanYaw,0.0517081,156.9
0a59a905bcd7ce3466f0dfc3d1f10e00,Localization Quality,AMCLPose,MeanY,-2.21266,156.9
0a59a905bcd7ce3466f0dfc3d1f10e00,Localization Quality,AMCLPose,MeanX,-4.93632,156.9
0a59a905bcd7ce3466f0dfc3d1f10e00,Localization Stability,TF,Jump Angular,-0.000774147,157.9
0a59a905bcd7ce3466f0dfc3d1f10e00,Localization Stability,TF,Jump Linear,0.00890525,157.9
0a59a905bcd7ce3466f0dfc3d1f10e00,Localization Stability,TF,Jump Angular,0,158
0a59a905bcd7ce3466f0dfc3d1f10e00,Localization Stability,TF,Jump Linear,0,158
0a59a905bcd7ce3466f0dfc3d1f10e00,Input Validity,Lidar,Lidar Rate,10,157.09
0a59a905bcd7ce3466f0dfc3d1f10e00,Input Validity,Odometry,Odometry Rate,50,157.09
0a59a905bcd7ce3466f0dfc3d1f10e00,Input Validity,TF,TF Rate,10,157.09
0a59a905bcd7ce3466f0dfc3d1f10e00,Localization Stability,TF,Jump Angular,0,158.1
0a59a905bcd7ce3466f0dfc3d1f10e00,Localization Stability,TF,Jump Linear,0,158.1
0a59a905bcd7ce3466f0dfc3d1f10e00,Input Validity,Lidar,Lidar Rate,10,157.19
0a59a905bcd7ce3466f0dfc3d1f10e00,Input Validity,Odometry,Odometry Rate,50,157.19
0a59a905bcd7ce3466f0dfc3d1f10e00,Input Validity,TF,TF Rate,10,157.19
0a59a905bcd7ce3466f0dfc3d1f10e00,Input Validity,Lidar,Lidar Rate,10,157.29
0a59a905bcd7ce3466f0dfc3d1f10e00,Input Validity,Odometry,Odometry Rate,50,157.29
0a59a905bcd7ce3466f0dfc3d1f10e00,Input Validity,TF,TF Rate,10,157.29
0a59a905bcd7ce3466f0dfc3d1f10e00,Localization Quality,AMCLPose,CovYawYaw,0.00550412,157.2
0a59a905bcd7ce3466f0dfc3d1f10e00,Localization Quality,AMCLPose,CovYY,0.00350528,157.2
0a59a905bcd7ce3466f0dfc3d1f10e00,Localization Quality,AMCLPose,CovXX,0.00663456,157.2
0a59a905bcd7ce3466f0dfc3d1f10e00,Localization Quality,AMCLPose,MeanYaw,0.0461738,157.2
0a59a905bcd7ce3466f0dfc3d1f10e00,Localization Quality,AMCLPose,MeanY,-2.20897,157.2
0a59a905bcd7ce3466f0dfc3d1f10e00,Localization Quality,AMCLPose,MeanX,-4.79988,157.2
0a59a905bcd7ce3466f0dfc3d1f10e00,Localization Stability,TF,Jump Angular,-0.00194173,158.2
0a59a905bcd7ce3466f0dfc3d1f10e00,Localization Stability,TF,Jump Linear,0.0134908,158.2
0a59a905bcd7ce3466f0dfc3d1f10e00,Localization Stability,TF,Jump Angular,0,158.3
0a59a905bcd7ce3466f0dfc3d1f10e00,Localization Stability,TF,Jump Linear,0,158.3
0a59a905bcd7ce3466f0dfc3d1f10e00,Input Validity,Lidar,Lidar Rate,10,157.38
0a59a905bcd7ce3466f0dfc3d1f10e00,Input Validity,Odometry,Odometry Rate,50,157.38
0a59a905bcd7ce3466f0dfc3d1f10e00,Input Validity,TF,TF Rate,10,157.38
0a59a905bcd7ce3466f0dfc3d1f10e00,Localization Stability,TF,Jump Angular,0,158.4
0a59a905bcd7ce3466f0dfc3d1f10e00,Localization Stability,TF,Jump Linear,0,158.4
0a59a905bcd7ce3466f0dfc3d1f10e00,Input Validity,Lidar,Lidar Rate,10,157.48
0a59a905bcd7ce3466f0dfc3d1f10e00,Input Validity,Odometry,Odometry Rate,50,157.48
0a59a905bcd7ce3466f0dfc3d1f10e00,Input Validity,TF,TF Rate,10,157.48
0a59a905bcd7ce3466f0dfc3d1f10e00,Input Validity,Lidar,Lidar Rate,10,157.58
0a59a905bcd7ce3466f0dfc3d1f10e00,Input Validity,Odometry,Odometry Rate,50,157.58
0a59a905bcd7ce3466f0dfc3d1f10e00,Input Validity,TF,TF Rate,10,157.58
0a59a905bcd7ce3466f0dfc3d1f10e00,Localization Quality,AMCLPose,CovYawYaw,0.00583834,157.5
0a59a905bcd7ce3466f0dfc3d1f10e00,Localization Quality,AMCLPose,CovYY,0.00353351,157.5
0a59a905bcd7ce3466f0dfc3d1f10e00,Localization Quality,AMCLPose,CovXX,0.00667041,157.5
0a59a905bcd7ce3466f0dfc3d1f10e00,Localization Quality,AMCLPose,MeanYaw,0.0515726,157.5
0a59a905bcd7ce3466f0dfc3d1f10e00,Localization Quality,AMCLPose,MeanY,-2.20153,157.5
0a59a905bcd7ce3466f0dfc3d1f10e00,Localization Quality,AMCLPose,MeanX,-4.66176,157.5
0a59a905bcd7ce3466f0dfc3d1f10e00,Localization Stability,TF,Jump Angular,0.00446507,158.5
0a59a905bcd7ce3466f0dfc3d1f10e00,Localization Stability,TF,Jump Linear,0.0223966,158.5
0a59a905bcd7ce3466f0dfc3d1f10e00,Localization Stability,TF,Jump Angular,0,158.6
0a59a905bcd7ce3466f0dfc3d1f10e00,Localization Stability,TF,Jump Linear,0,158.6
0a59a905bcd7ce3466f0dfc3d1f10e00,Input Validity,Lidar,Lidar Rate,10,157.68
0a59a905bcd7ce3466f0dfc3d1f10e00,Input Validity,Odometry,Odometry Rate,50,157.68
0a59a905bcd7ce3466f0dfc3d1f10e00,Input Validity,TF,TF Rate,10,157.68
0a59a905bcd7ce3466f0dfc3d1f10e00,Localization Stability,TF,Jump Angular,0,158.7
0a59a905bcd7ce3466f0dfc3d1f10e00,Localization Stability,TF,Jump Linear,0,158.7
0a59a905bcd7ce3466f0dfc3d1f10e00,Input Validity,Lidar,Lidar Rate,10,157.78
0a59a905bcd7ce3466f0dfc3d1f10e00,Input Validity,Odometry,Odometry Rate,50,157.78
0a59a905bcd7ce3466f0dfc3d1f10e00,Input Validity,TF,TF Rate,10,157.78
0a59a905bcd7ce3466f0dfc3d1f10e00,Input Validity,Lidar,Lidar Rate,10,157.88
0a59a905bcd7ce3466f0dfc3d1f10e00,Input Validity,Odometry,Odometry Rate,50,157.88
0a59a905bcd7ce3466f0dfc3d1f10e00,Input Validity,TF,TF Rate,10,157.88
0a59a905bcd7ce3466f0dfc3d1f10e00,Localization Quality,AMCLPose,CovYawYaw,0.0054928,157.8
0a59a905bcd7ce3466f0dfc3d1f10e00,Localization Quality,AMCLPose,CovYY,0.00348505,157.8
0a59a905bcd7ce3466f0dfc3d1f10e00,Localization Quality,AMCLPose,CovXX,0.00651607,157.8
0a59a905bcd7ce3466f0dfc3d1f10e00,Localization Quality,AMCLPose,MeanYaw,0.0603735,157.8
0a59a905bcd7ce3466f0dfc3d1f10e00,Localization Quality,AMCLPose,MeanY,-2.19431,157.8
0a59a905bcd7ce3466f0dfc3d1f10e00,Localization Quality,AMCLPose,MeanX,-4.52635,157.8
0a59a905bcd7ce3466f0dfc3d1f10e00,Localization Stability,TF,Jump Angular,-0.000682359,158.8
0a59a905bcd7ce3466f0dfc3d1f10e00,Localization Stability,TF,Jump Linear,0.00393951,158.8
0a59a905bcd7ce3466f0dfc3d1f10e00,Localization Stability,TF,Jump Angular,0,158.9
0a59a905bcd7ce3466f0dfc3d1f10e00,Localization Stability,TF,Jump Linear,0,158.9
0a59a905bcd7ce3466f0dfc3d1f10e00,Input Validity,Lidar,Lidar Rate,10,157.98
0a59a905bcd7ce3466f0dfc3d1f10e00,Input Validity,Odometry,Odometry Rate,50,157.98
0a59a905bcd7ce3466f0dfc3d1f10e00,Input Validity,TF,TF Rate,10,157.98
0a59a905bcd7ce3466f0dfc3d1f10e00,Localization Stability,TF,Jump Angular,0,159
0a59a905bcd7ce3466f0dfc3d1f10e00,Localization Stability,TF,Jump Linear,0,159
0a59a905bcd7ce3466f0dfc3d1f10e00,Input Validity,Lidar,Lidar Rate,10,158.08
0a59a905bcd7ce3466f0dfc3d1f10e00,Input Validity,Odometry,Odometry Rate,50,158.08
0a59a905bcd7ce3466f0dfc3d1f10e00,Input Validity,TF,TF Rate,10,158.08
0a59a905bcd7ce3466f0dfc3d1f10e00,Input Validity,Lidar,Lidar Rate,10,158.18
0a59a905bcd7ce3466f0dfc3d1f10e00,Input Validity,Odometry,Odometry Rate,50,158.18
0a59a905bcd7ce3466f0dfc3d1f10e00,Input Validity,TF,TF Rate,10,158.18
0a59a905bcd7ce3466f0dfc3d1f10e00,Localization Quality,AMCLPose,CovYawYaw,0.00529622,158.1
0a59a905bcd7ce3466f0dfc3d1f10e00,Localization Quality,AMCLPose,CovYY,0.00337912,158.1
0a59a905bcd7ce3466f0dfc3d1f10e00,Localization Quality,AMCLPose,CovXX,0.00657928,158.1
0a59a905bcd7ce3466f0dfc3d1f10e00,Localization Quality,AMCLPose,MeanYaw,0.0828542,158.1
0a59a905bcd7ce3466f0dfc3d1f10e00,Localization Quality,AMCLPose,MeanY,-2.18648,158.1
0a59a905bcd7ce3466f0dfc3d1f10e00,Localization Quality,AMCLPose,MeanX,-4.39082,158.1
0a59a905bcd7ce3466f0dfc3d1f10e00,Localization Stability,TF,Jump Angular,-0.000918927,159.1
0a59a905bcd7ce3466f0dfc3d1f10e00,Localization Stability,TF,Jump Linear,0.00635103,159.1
0a59a905bcd7ce3466f0dfc3d1f10e00,Input Validity,Lidar,Lidar Rate,10,158.28
0a59a905bcd7ce3466f0dfc3d1f10e00,Input Validity,Odometry,Odometry Rate,50,158.28
0a59a905bcd7ce3466f0dfc3d1f10e00,Input Validity,TF,TF Rate,10,158.28
0a59a905bcd7ce3466f0dfc3d1f10e00,Localization Stability,TF,Jump Angular,0,159.2
0a59a905bcd7ce3466f0dfc3d1f10e00,Localization Stability,TF,Jump Linear,0,159.2
0a59a905bcd7ce3466f0dfc3d1f10e00,Localization Stability,TF,Jump Angular,0,159.3
0a59a905bcd7ce3466f0dfc3d1f10e00,Localization Stability,TF,Jump Linear,0,159.3
0a59a905bcd7ce3466f0dfc3d1f10e00,Input Validity,Lidar,Lidar Rate,10,158.38
0a59a905bcd7ce3466f0dfc3d1f10e00,Input Validity,Odometry,Odometry Rate,50,158.38
0a59a905bcd7ce3466f0dfc3d1f10e00,Input Validity,TF,TF Rate,10,158.38
0a59a905bcd7ce3466f0dfc3d1f10e00,Input Validity,Lidar,Lidar Rate,10,158.48
0a59a905bcd7ce3466f0dfc3d1f10e00,Input Validity,Odometry,Odometry Rate,50,158.48
0a59a905bcd7ce3466f0dfc3d1f10e00,Input Validity,TF,TF Rate,10,158.48
0a59a905bcd7ce3466f0dfc3d1f10e00,Localization Quality,AMCLPose,CovYawYaw,0.0053849,158.4
0a59a905bcd7ce3466f0dfc3d1f10e00,Localization Quality,AMCLPose,CovYY,0.00348165,158.4
0a59a905bcd7ce3466f0dfc3d1f10e00,Localization Quality,AMCLPose,CovXX,0.0068896,158.4
0a59a905bcd7ce3466f0dfc3d1f10e00,Localization Quality,AMCLPose,MeanYaw,0.126282,158.4
0a59a905bcd7ce3466f0dfc3d1f10e00,Localization Quality,AMCLPose,MeanY,-2.17422,158.4
0a59a905bcd7ce3466f0dfc3d1f10e00,Localization Quality,AMCLPose,MeanX,-4.25597,158.4
0a59a905bcd7ce3466f0dfc3d1f10e00,Localization Stability,TF,Jump Angular,0.000355147,159.4
0a59a905bcd7ce3466f0dfc3d1f10e00,Localization Stability,TF,Jump Linear,0.00032577,159.4
0a59a905bcd7ce3466f0dfc3d1f10e00,Input Validity,Lidar,Lidar Rate,10,158.58
0a59a905bcd7ce3466f0dfc3d1f10e00,Input Validity,Odometry,Odometry Rate,50,158.58
0a59a905bcd7ce3466f0dfc3d1f10e00,Input Validity,TF,TF Rate,10,158.58
0a59a905bcd7ce3466f0dfc3d1f10e00,Localization Stability,TF,Jump Angular,0,159.5
0a59a905bcd7ce3466f0dfc3d1f10e00,Localization Stability,TF,Jump Linear,0,159.5
0a59a905bcd7ce3466f0dfc3d1f10e00,Input Validity,Lidar,Lidar Rate,10,158.68
0a59a905bcd7ce3466f0dfc3d1f10e00,Input Validity,Odometry,Odometry Rate,50,158.68
0a59a905bcd7ce3466f0dfc3d1f10e00,Input Validity,TF,TF Rate,10,158.68
0a59a905bcd7ce3466f0dfc3d1f10e00,Localization Stability,TF,Jump Angular,0,159.6
0a59a905bcd7ce3466f0dfc3d1f10e00,Localization Stability,TF,Jump Linear,0,159.6
0a59a905bcd7ce3466f0dfc3d1f10e00,Input Validity,Lidar,Lidar Rate,10,158.77
0a59a905bcd7ce3466f0dfc3d1f10e00,Input Validity,Odometry,Odometry Rate,50,158.77
0a59a905bcd7ce3466f0dfc3d1f10e00,Input Validity,TF,TF Rate,10,158.77
0a59a905bcd7ce3466f0dfc3d1f10e00,Localization Quality,AMCLPose,CovYawYaw,0.00564311,158.7
0a59a905bcd7ce3466f0dfc3d1f10e00,Localization Quality,AMCLPose,CovYY,0.00349341,158.7
0a59a905bcd7ce3466f0dfc3d1f10e00,Localization Quality,AMCLPose,CovXX,0.00733781,158.7
0a59a905bcd7ce3466f0dfc3d1f10e00,Localization Quality,AMCLPose,MeanYaw,0.185888,158.7
0a59a905bcd7ce3466f0dfc3d1f10e00,Localization Quality,AMCLPose,MeanY,-2.15646,158.7
0a59a905bcd7ce3466f0dfc3d1f10e00,Localization Quality,AMCLPose,MeanX,-4.12695,158.7
0a59a905bcd7ce3466f0dfc3d1f10e00,Localization Stability,TF,Jump Angular,-0.00196147,159.7
0a59a905bcd7ce3466f0dfc3d1f10e00,Localization Stability,TF,Jump Linear,0.0108448,159.7
0a59a905bcd7ce3466f0dfc3d1f10e00,Localization Stability,TF,Jump Angular,0,159.8
0a59a905bcd7ce3466f0dfc3d1f10e00,Localization Stability,TF,Jump Linear,0,159.8
0a59a905bcd7ce3466f0dfc3d1f10e00,Input Validity,Lidar,Lidar Rate,10,158.87
0a59a905bcd7ce3466f0dfc3d1f10e00,Input Validity,Odometry,Odometry Rate,50,158.87
0a59a905bcd7ce3466f0dfc3d1f10e00,Input Validity,TF,TF Rate,10,158.87
0a59a905bcd7ce3466f0dfc3d1f10e00,Input Validity,Lidar,Lidar Rate,10,158.97
0a59a905bcd7ce3466f0dfc3d1f10e00,Input Validity,Odometry,Odometry Rate,50,158.97
0a59a905bcd7ce3466f0dfc3d1f10e00,Input Validity,TF,TF Rate,10,158.97
0a59a905bcd7ce3466f0dfc3d1f10e00,Localization Stability,TF,Jump Angular,0,159.9
0a59a905bcd7ce3466f0dfc3d1f10e00,Localization Stability,TF,Jump Linear,0,159.9
0a59a905bcd7ce3466f0dfc3d1f10e00,Input Validity,Lidar,Lidar Rate,10,159.07
0a59a905bcd7ce3466f0dfc3d1f10e00,Input Validity,Odometry,Odometry Rate,50,159.07
0a59a905bcd7ce3466f0dfc3d1f10e00,Input Validity,TF,TF Rate,10,159.07
0a59a905bcd7ce3466f0dfc3d1f10e00,Localization Quality,AMCLPose,CovYawYaw,0.00533814,159
0a59a905bcd7ce3466f0dfc3d1f10e00,Localization Quality,AMCLPose,CovYY,0.00350644,159
0a59a905bcd7ce3466f0dfc3d1f10e00,Localization Quality,AMCLPose,CovXX,0.00739374,159
0a59a905bcd7ce3466f0dfc3d1f10e00,Localization Quality,AMCLPose,MeanYaw,0.263129,159
0a59a905bcd7ce3466f0dfc3d1f10e00,Localization Quality,AMCLPose,MeanY,-2.12884,159
0a59a905bcd7ce3466f0dfc3d1f10e00,Localization Quality,AMCLPose,MeanX,-3.99543,159
0a59a905bcd7ce3466f0dfc3d1f10e00,Localization Stability,TF,Jump Angular,0.00115712,160
0a59a905bcd7ce3466f0dfc3d1f10e00,Localization Stability,TF,Jump Linear,0.00360475,160
0a59a905bcd7ce3466f0dfc3d1f10e00,Input Validity,Lidar,Lidar Rate,10,159.17
0a59a905bcd7ce3466f0dfc3d1f10e00,Input Validity,Odometry,Odometry Rate,50,159.17
0a59a905bcd7ce3466f0dfc3d1f10e00,Input Validity,TF,TF Rate,10,159.17
0a59a905bcd7ce3466f0dfc3d1f10e00,Localization Stability,TF,Jump Angular,0,160.1
0a59a905bcd7ce3466f0dfc3d1f10e00,Localization Stability,TF,Jump Linear,0,160.1
0a59a905bcd7ce3466f0dfc3d1f10e00,Input Validity,Lidar,Lidar Rate,10,159.27
0a59a905bcd7ce3466f0dfc3d1f10e00,Input Validity,Odometry,Odometry Rate,50,159.27
0a59a905bcd7ce3466f0dfc3d1f10e00,Input Validity,TF,TF Rate,10,159.27
0a59a905bcd7ce3466f0dfc3d1f10e00,Localization Quality,AMCLPose,CovYawYaw,0.0046297,159.2
0a59a905bcd7ce3466f0dfc3d1f10e00,Localization Quality,AMCLPose,CovYY,0.00329483,159.2
0a59a905bcd7ce3466f0dfc3d1f10e00,Localization Quality,AMCLPose,CovXX,0.0069603,159.2
0a59a905bcd7ce3466f0dfc3d1f10e00,Localization Quality,AMCLPose,MeanYaw,0.316568,159.2
0a59a905bcd7ce3466f0dfc3d1f10e00,Localization Quality,AMCLPose,MeanY,-2.10807,159.2
0a59a905bcd7ce3466f0dfc3d1f10e00,Localization Quality,AMCLPose,MeanX,-3.90624,159.2
0a59a905bcd7ce3466f0dfc3d1f10e00,Localization Stability,TF,Jump Angular,-0.00370062,160.2
0a59a905bcd7ce3466f0dfc3d1f10e00,Localization Stability,TF,Jump Linear,0.0220798,160.2
0a59a905bcd7ce3466f0dfc3d1f10e00,Localization Stability,TF,Jump Angular,0,160.3
0a59a905bcd7ce3466f0dfc3d1f10e00,Localization Stability,TF,Jump Linear,0,160.3
0a59a905bcd7ce3466f0dfc3d1f10e00,Input Validity,Lidar,Lidar Rate,10,159.37
0a59a905bcd7ce3466f0dfc3d1f10e00,Input Validity,Odometry,Odometry Rate,50,159.37
0a59a905bcd7ce3466f0dfc3d1f10e00,Input Validity,TF,TF Rate,10,159.37
0a59a905bcd7ce3466f0dfc3d1f10e00,Input Validity,Lidar,Lidar Rate,10,159.47
0a59a905bcd7ce3466f0dfc3d1f10e00,Input Validity,Odometry,Odometry Rate,50,159.47
0a59a905bcd7ce3466f0dfc3d1f10e00,Input Validity,TF,TF Rate,10,159.47
0a59a905bcd7ce3466f0dfc3d1f10e00,Localization Quality,AMCLPose,CovYawYaw,0.00399275,159.4
0a59a905bcd7ce3466f0dfc3d1f10e00,Localization Quality,AMCLPose,CovYY,0.0028884,159.4
0a59a905bcd7ce3466f0dfc3d1f10e00,Localization Quality,AMCLPose,CovXX,0.00656085,159.4
0a59a905bcd7ce3466f0dfc3d1f10e00,Localization Quality,AMCLPose,MeanYaw,0.373292,159.4
0a59a905bcd7ce3466f0dfc3d1f10e00,Localization Quality,AMCLPose,MeanY,-2.08245,159.4
0a59a905bcd7ce3466f0dfc3d1f10e00,Localization Quality,AMCLPose,MeanX,-3.82188,159.4
0a59a905bcd7ce3466f0dfc3d1f10e00,Localization Stability,TF,Jump Angular,-0.00270675,160.4
0a59a905bcd7ce3466f0dfc3d1f10e00,Localization Stability,TF,Jump Linear,0.0158412,160.4
0a59a905bcd7ce3466f0dfc3d1f10e00,Input Validity,Lidar,Lidar Rate,10,159.57
0a59a905bcd7ce3466f0dfc3d1f10e00,Input Validity,Odometry,Odometry Rate,50,159.57
0a59a905bcd7ce3466f0dfc3d1f10e00,Input Validity,TF,TF Rate,10,159.57
0a59a905bcd7ce3466f0dfc3d1f10e00,Localization Stability,TF,Jump Angular,0,160.5
0a59a905bcd7ce3466f0dfc3d1f10e00,Localization Stability,TF,Jump Linear,0,160.5
0a59a905bcd7ce3466f0dfc3d1f10e00,Input Validity,Lidar,Lidar Rate,10,159.67
0a59a905bcd7ce3466f0dfc3d1f10e00,Input Validity,Odometry,Odometry Rate,50,159.67
0a59a905bcd7ce3466f0dfc3d1f10e00,Input Validity,TF,TF Rate,10,159.67
0a59a905bcd7ce3466f0dfc3d1f10e00,Localization Quality,AMCLPose,CovYawYaw,0.0026765,159.6
0a59a905bcd7ce3466f0dfc3d1f10e00,Localization Quality,AMCLPose,CovYY,0.00298655,159.6
0a59a905bcd7ce3466f0dfc3d1f10e00,Localization Quality,AMCLPose,CovXX,0.00536667,159.6
0a59a905bcd7ce3466f0dfc3d1f10e00,Localization Quality,AMCLPose,MeanYaw,0.432331,159.6
0a59a905bcd7ce3466f0dfc3d1f10e00,Localization Quality,AMCLPose,MeanY,-2.05038,159.6
0a59a905bcd7ce3466f0dfc3d1f10e00,Localization Quality,AMCLPose,MeanX,-3.74111,159.6
0a59a905bcd7ce3466f0dfc3d1f10e00,Localization Stability,TF,Jump Angular,-0.00565088,160.6
0a59a905bcd7ce3466f0dfc3d1f10e00,Localization Stability,TF,Jump Linear,0.0256315,160.6
0a59a905bcd7ce3466f0dfc3d1f10e00,Input Validity,Lidar,Lidar Rate,10,159.76
0a59a905bcd7ce3466f0dfc3d1f10e00,Input Validity,Odometry,Odometry Rate,50,159.76
0a59a905bcd7ce3466f0dfc3d1f10e00,Input Validity,TF,TF Rate,10,159.76
0a59a905bcd7ce3466f0dfc3d1f10e00,Localization Stability,TF,Jump Angular,0,160.7
0a59a905bcd7ce3466f0dfc3d1f10e00,Localization Stability,TF,Jump Linear,0,160.7
0a59a905bcd7ce3466f0dfc3d1f10e00,Input Validity,Lidar,Lidar Rate,10,159.84
0a59a905bcd7ce3466f0dfc3d1f10e00,Input Validity,Odometry,Odometry Rate,50,159.84
0a59a905bcd7ce3466f0dfc3d1f10e00,Input Validity,TF,TF Rate,10,159.84
0a59a905bcd7ce3466f0dfc3d1f10e00,Localization Quality,AMCLPose,CovYawYaw,0.00208515,159.8
0a59a905bcd7ce3466f0dfc3d1f10e00,Localization Quality,AMCLPose,CovYY,0.00295972,159.8
0a59a905bcd7ce3466f0dfc3d1f10e00,Localization Quality,AMCLPose,CovXX,0.0048527,159.8
0a59a905bcd7ce3466f0dfc3d1f10e00,Localization Quality,AMCLPose,MeanYaw,0.526724,159.8
0a59a905bcd7ce3466f0dfc3d1f10e00,Localization Quality,AMCLPose,MeanY,-2.00865,159.8
0a59a905bcd7ce3466f0dfc3d1f10e00,Localization Quality,AMCLPose,MeanX,-3.66201,159.8
0a59a905bcd7ce3466f0dfc3d1f10e00,Localization Stability,TF,Jump Angular,-0.000151036,160.8
0a59a905bcd7ce3466f0dfc3d1f10e00,Localization Stability,TF,Jump Linear,0.000484788,160.8
0a59a905bcd7ce3466f0dfc3d1f10e00,Input Validity,Lidar,Lidar Rate,10,159.94
0a59a905bcd7ce3466f0dfc3d1f10e00,Input Validity,Odometry,Odometry Rate,50,159.94
0a59a905bcd7ce3466f0dfc3d1f10e00,Input Validity,TF,TF Rate,10,159.94
0a59a905bcd7ce3466f0dfc3d1f10e00,Localization Stability,TF,Jump Angular,0,160.9
0a59a905bcd7ce3466f0dfc3d1f10e00,Localization Stability,TF,Jump Linear,0,160.9
0a59a905bcd7ce3466f0dfc3d1f10e00,Input Validity,Lidar,Lidar Rate,10,160.02
0a59a905bcd7ce3466f0dfc3d1f10e00,Input Validity,Odometry,Odometry Rate,50,160.02
0a59a905bcd7ce3466f0dfc3d1f10e00,Input Validity,TF,TF Rate,10,160.02
0a59a905bcd7ce3466f0dfc3d1f10e00,Input Validity,Lidar,Lidar Rate,10,160.1
0a59a905bcd7ce3466f0dfc3d1f10e00,Input Validity,Odometry,Odometry Rate,50,160.1
0a59a905bcd7ce3466f0dfc3d1f10e00,Input Validity,TF,TF Rate,10,160.1
0a59a905bcd7ce3466f0dfc3d1f10e00,Localization Quality,AMCLPose,CovYawYaw,0.00292989,160
0a59a905bcd7ce3466f0dfc3d1f10e00,Localization Quality,AMCLPose,CovYY,0.00316611,160
0a59a905bcd7ce3466f0dfc3d1f10e00,Localization Quality,AMCLPose,CovXX,0.00547454,160
0a59a905bcd7ce3466f0dfc3d1f10e00,Localization Quality,AMCLPose,MeanYaw,0.614287,160
0a59a905bcd7ce3466f0dfc3d1f10e00,Localization Quality,AMCLPose,MeanY,-1.96097,160
0a59a905bcd7ce3466f0dfc3d1f10e00,Localization Quality,AMCLPose,MeanX,-3.58549,160
0a59a905bcd7ce3466f0dfc3d1f10e00,Localization Stability,TF,Jump Angular,-0.00246981,161
0a59a905bcd7ce3466f0dfc3d1f10e00,Localization Stability,TF,Jump Linear,0.0112796,161
0a59a905bcd7ce3466f0dfc3d1f10e00,Localization Stability,TF,Jump Angular,0,161.1
0a59a905bcd7ce3466f0dfc3d1f10e00,Localization Stability,TF,Jump Linear,0,161.1
0a59a905bcd7ce3466f0dfc3d1f10e00,Input Validity,Lidar,Lidar Rate,10,160.2
0a59a905bcd7ce3466f0dfc3d1f10e00,Input Validity,Odometry,Odometry Rate,50,160.2
0a59a905bcd7ce3466f0dfc3d1f10e00,Input Validity,TF,TF Rate,10,160.2
0a59a905bcd7ce3466f0dfc3d1f10e00,Input Validity,Lidar,Lidar Rate,10,160.3
0a59a905bcd7ce3466f0dfc3d1f10e00,Input Validity,Odometry,Odometry Rate,50,160.3
0a59a905bcd7ce3466f0dfc3d1f10e00,Input Validity,TF,TF Rate,10,160.3
0a59a905bcd7ce3466f0dfc3d1f10e00,Localization Quality,AMCLPose,CovYawYaw,0.00399515,160.2
0a59a905bcd7ce3466f0dfc3d1f10e00,Localization Quality,AMCLPose,CovYY,0.00354113,160.2
0a59a905bcd7ce3466f0dfc3d1f10e00,Localization Quality,AMCLPose,CovXX,0.00597581,160.2
0a59a905bcd7ce3466f0dfc3d1f10e00,Localization Quality,AMCLPose,MeanYaw,0.69763,160.2
0a59a905bcd7ce3466f0dfc3d1f10e00,Localization Quality,AMCLPose,MeanY,-1.90848,160.2
0a59a905bcd7ce3466f0dfc3d1f10e00,Localization Quality,AMCLPose,MeanX,-3.51798,160.2
0a59a905bcd7ce3466f0dfc3d1f10e00,Localization Stability,TF,Jump Angular,-0.000816464,161.2
0a59a905bcd7ce3466f0dfc3d1f10e00,Localization Stability,TF,Jump Linear,0.00552406,161.2
0a59a905bcd7ce3466f0dfc3d1f10e00,Localization Stability,TF,Jump Angular,0,161.3
0a59a905bcd7ce3466f0dfc3d1f10e00,Localization Stability,TF,Jump Linear,0,161.3
0a59a905bcd7ce3466f0dfc3d1f10e00,Input Validity,Lidar,Lidar Rate,10,160.4
0a59a905bcd7ce3466f0dfc3d1f10e00,Input Validity,Odometry,Odometry Rate,50,160.4
0a59a905bcd7ce3466f0dfc3d1f10e00,Input Validity,TF,TF Rate,10,160.4
0a59a905bcd7ce3466f0dfc3d1f10e00,Localization Quality,AMCLPose,CovYawYaw,0.00512172,160.4
0a59a905bcd7ce3466f0dfc3d1f10e00,Localization Quality,AMCLPose,CovYY,0.00409935,160.4
0a59a905bcd7ce3466f0dfc3d1f10e00,Localization Quality,AMCLPose,CovXX,0.00656353,160.4
0a59a905bcd7ce3466f0dfc3d1f10e00,Localization Quality,AMCLPose,MeanYaw,0.778176,160.4
0a59a905bcd7ce3466f0dfc3d1f10e00,Localization Quality,AMCLPose,MeanY,-1.84773,160.4
0a59a905bcd7ce3466f0dfc3d1f10e00,Localization Quality,AMCLPose,MeanX,-3.45137,160.4
0a59a905bcd7ce3466f0dfc3d1f10e00,Localization Stability,TF,Jump Angular,0.0013379,161.4
0a59a905bcd7ce3466f0dfc3d1f10e00,Localization Stability,TF,Jump Linear,0.00532131,161.4
0a59a905bcd7ce3466f0dfc3d1f10e00,Input Validity,Lidar,Lidar Rate,10,160.5
0a59a905bcd7ce3466f0dfc3d1f10e00,Input Validity,Odometry,Odometry Rate,50,160.5
0a59a905bcd7ce3466f0dfc3d1f10e00,Input Validity,TF,TF Rate,10,160.5
0a59a905bcd7ce3466f0dfc3d1f10e00,Localization Stability,TF,Jump Angular,0,161.5
0a59a905bcd7ce3466f0dfc3d1f10e00,Localization Stability,TF,Jump Linear,0,161.5
0a59a905bcd7ce3466f0dfc3d1f10e00,Input Validity,Lidar,Lidar Rate,10,160.6
0a59a905bcd7ce3466f0dfc3d1f10e00,Input Validity,Odometry,Odometry Rate,50,160.6
0a59a905bcd7ce3466f0dfc3d1f10e00,Input Validity,TF,TF Rate,10,160.6
0a59a905bcd7ce3466f0dfc3d1f10e00,Localization Quality,AMCLPose,CovYawYaw,0.00589558,160.6
0a59a905bcd7ce3466f0dfc3d1f10e00,Localization Quality,AMCLPose,CovYY,0.00514237,160.6
0a59a905bcd7ce3466f0dfc3d1f10e00,Localization Quality,AMCLPose,CovXX,0.00718275,160.6
0a59a905bcd7ce3466f0dfc3d1f10e00,Localization Quality,AMCLPose,MeanYaw,0.849244,160.6
0a59a905bcd7ce3466f0dfc3d1f10e00,Localization Quality,AMCLPose,MeanY,-1.78188,160.6
0a59a905bcd7ce3466f0dfc3d1f10e00,Localization Quality,AMCLPose,MeanX,-3.39007,160.6
0a59a905bcd7ce3466f0dfc3d1f10e00,Localization Stability,TF,Jump Angular,-0.000323883,161.6
0a59a905bcd7ce3466f0dfc3d1f10e00,Localization Stability,TF,Jump Linear,0.00069384,161.6
0a59a905bcd7ce3466f0dfc3d1f10e00,Input Validity,Lidar,Lidar Rate,10,160.7
0a59a905bcd7ce3466f0dfc3d1f10e00,Input Validity,Odometry,Odometry Rate,50,160.7
0a59a905bcd7ce3466f0dfc3d1f10e00,Input Validity,TF,TF Rate,10,160.7
0a59a905bcd7ce3466f0dfc3d1f10e00,Localization Stability,TF,Jump Angular,0,161.7
0a59a905bcd7ce3466f0dfc3d1f10e00,Localization Stability,TF,Jump Linear,0,161.7
0a59a905bcd7ce3466f0dfc3d1f10e00,Input Validity,Lidar,Lidar Rate,10,160.8
0a59a905bcd7ce3466f0dfc3d1f10e00,Input Validity,Odometry,Odometry Rate,50,160.8
0a59a905bcd7ce3466f0dfc3d1f10e00,Input Validity,TF,TF Rate,10,160.8
0a59a905bcd7ce3466f0dfc3d1f10e00,Localization Quality,AMCLPose,CovYawYaw,0.00675652,160.8
0a59a905bcd7ce3466f0dfc3d1f10e00,Localization Quality,AMCLPose,CovYY,0.00613833,160.8
0a59a905bcd7ce3466f0dfc3d1f10e00,Localization Quality,AMCLPose,CovXX,0.00772886,160.8
0a59a905bcd7ce3466f0dfc3d1f10e00,Localization Quality,AMCLPose,MeanYaw,0.913641,160.8
0a59a905bcd7ce3466f0dfc3d1f10e00,Localization Quality,AMCLPose,MeanY,-1.71052,160.8
0a59a905bcd7ce3466f0dfc3d1f10e00,Localization Quality,AMCLPose,MeanX,-3.33373,160.8
0a59a905bcd7ce3466f0dfc3d1f10e00,Localization Stability,TF,Jump Angular,0.000829861,161.8
0a59a905bcd7ce3466f0dfc3d1f10e00,Localization Stability,TF,Jump Linear,0.00515179,161.8
0a59a905bcd7ce3466f0dfc3d1f10e00,Input Validity,Lidar,Lidar Rate,10,160.9
0a59a905bcd7ce3466f0dfc3d1f10e00,Input Validity,Odometry,Odometry Rate,50,160.9
0a59a905bcd7ce3466f0dfc3d1f10e00,Input Validity,TF,TF Rate,10,160.9
0a59a905bcd7ce3466f0dfc3d1f10e00,Localization Stability,TF,Jump Angular,0,161.9
0a59a905bcd7ce3466f0dfc3d1f10e00,Localization Stability,TF,Jump Linear,0,161.9
0a59a905bcd7ce3466f0dfc3d1f10e00,Input Validity,Lidar,Lidar Rate,10,160.99
0a59a905bcd7ce3466f0dfc3d1f10e00,Input Validity,Odometry,Odometry Rate,50,160.99
0a59a905bcd7ce3466f0dfc3d1f10e00,Input Validity,TF,TF Rate,10,160.99
0a59a905bcd7ce3466f0dfc3d1f10e00,Localization Quality,AMCLPose,CovYawYaw,0.00688882,161
0a59a905bcd7ce3466f0dfc3d1f10e00,Localization Quality,AMCLPose,CovYY,0.00698394,161
0a59a905bcd7ce3466f0dfc3d1f10e00,Localization Quality,AMCLPose,CovXX,0.00831291,161
0a59a905bcd7ce3466f0dfc3d1f10e00,Localization Quality,AMCLPose,MeanYaw,0.971522,161
0a59a905bcd7ce3466f0dfc3d1f10e00,Localization Quality,AMCLPose,MeanY,-1.63509,161
0a59a905bcd7ce3466f0dfc3d1f10e00,Localization Quality,AMCLPose,MeanX,-3.27972,161
0a59a905bcd7ce3466f0dfc3d1f10e00,Localization Stability,TF,Jump Angular,-2.62407e-05,162
0a59a905bcd7ce3466f0dfc3d1f10e00,Localization Stability,TF,Jump Linear,0.0027901,162
0a59a905bcd7ce3466f0dfc3d1f10e00,Input Validity,Lidar,Lidar Rate,10,161.09
0a59a905bcd7ce3466f0dfc3d1f10e00,Input Validity,Odometry,Odometry Rate,50,161.09
0a59a905bcd7ce3466f0dfc3d1f10e00,Input Validity,TF,TF Rate,10,161.09
0a59a905bcd7ce3466f0dfc3d1f10e00,Localization Stability,TF,Jump Angular,0,162.1
0a59a905bcd7ce3466f0dfc3d1f10e00,Localization Stability,TF,Jump Linear,0,162.1
0a59a905bcd7ce3466f0dfc3d1f10e00,Input Validity,Lidar,Lidar Rate,10,161.19
0a59a905bcd7ce3466f0dfc3d1f10e00,Input Validity,Odometry,Odometry Rate,50,161.19
0a59a905bcd7ce3466f0dfc3d1f10e00,Input Validity,TF,TF Rate,10,161.19
0a59a905bcd7ce3466f0dfc3d1f10e00,Localization Quality,AMCLPose,CovYawYaw,0.0046108,161.2
0a59a905bcd7ce3466f0dfc3d1f10e00,Localization Quality,AMCLPose,CovYY,0.00554673,161.2
0a59a905bcd7ce3466f0dfc3d1f10e00,Localization Quality,AMCLPose,CovXX,0.0079925,161.2
0a59a905bcd7ce3466f0dfc3d1f10e00,Localization Quality,AMCLPose,MeanYaw,1.03055,161.2
0a59a905bcd7ce3466f0dfc3d1f10e00,Localization Quality,AMCLPose,MeanY,-1.56014,161.2
0a59a905bcd7ce3466f0dfc3d1f10e00,Localization Quality,AMCLPose,MeanX,-3.22743,161.2
0a59a905bcd7ce3466f0dfc3d1f10e00,Localization Stability,TF,Jump Angular,0.00619026,162.2
0a59a905bcd7ce3466f0dfc3d1f10e00,Localization Stability,TF,Jump Linear,0.0194724,162.2
0a59a905bcd7ce3466f0dfc3d1f10e00,Input Validity,Lidar,Lidar Rate,10,161.29
0a59a905bcd7ce3466f0dfc3d1f10e00,Input Validity,Odometry,Odometry Rate,50,161.29
0a59a905bcd7ce3466f0dfc3d1f10e00,Input Validity,TF,TF Rate,10,161.29
0a59a905bcd7ce3466f0dfc3d1f10e00,Localization Stability,TF,Jump Angular,0,162.3
0a59a905bcd7ce3466f0dfc3d1f10e00,Localization Stability,TF,Jump Linear,0,162.3
0a59a905bcd7ce3466f0dfc3d1f10e00,Input Validity,Lidar,Lidar Rate,10,161.39
0a59a905bcd7ce3466f0dfc3d1f10e00,Input Validity,Odometry,Odometry Rate,50,161.39
0a59a905bcd7ce3466f0dfc3d1f10e00,Input Validity,TF,TF Rate,10,161.39
0a59a905bcd7ce3466f0dfc3d1f10e00,Localization Stability,TF,Jump Angular,0,162.4
0a59a905bcd7ce3466f0dfc3d1f10e00,Localization Stability,TF,Jump Linear,0,162.4
0a59a905bcd7ce3466f0dfc3d1f10e00,Input Validity,Lidar,Lidar Rate,10,161.49
0a59a905bcd7ce3466f0dfc3d1f10e00,Input Validity,Odometry,Odometry Rate,50,161.49
0a59a905bcd7ce3466f0dfc3d1f10e00,Input Validity,TF,TF Rate,10,161.49
0a59a905bcd7ce3466f0dfc3d1f10e00,Localization Quality,AMCLPose,CovYawYaw,0.00345238,161.5
0a59a905bcd7ce3466f0dfc3d1f10e00,Localization Quality,AMCLPose,CovYY,0.00494393,161.5
0a59a905bcd7ce3466f0dfc3d1f10e00,Localization Quality,AMCLPose,CovXX,0.00814596,161.5
0a59a905bcd7ce3466f0dfc3d1f10e00,Localization Quality,AMCLPose,MeanYaw,1.1014,161.5
0a59a905bcd7ce3466f0dfc3d1f10e00,Localization Quality,AMCLPose,MeanY,-1.45128,161.5
0a59a905bcd7ce3466f0dfc3d1f10e00,Localization Quality,AMCLPose,MeanX,-3.16592,161.5
0a59a905bcd7ce3466f0dfc3d1f10e00,Localization Stability,TF,Jump Angular,0.00295414,162.5
0a59a905bcd7ce3466f0dfc3d1f10e00,Localization Stability,TF,Jump Linear,0.00935776,162.5
0a59a905bcd7ce3466f0dfc3d1f10e00,Input Validity,Lidar,Lidar Rate,10,161.59
0a59a905bcd7ce3466f0dfc3d1f10e00,Input Validity,Odometry,Odometry Rate,50,161.59
0a59a905bcd7ce3466f0dfc3d1f10e00,Input Validity,TF,TF Rate,10,161.59
0a59a905bcd7ce3466f0dfc3d1f10e00,Input Validity,Lidar,Lidar Rate,10,161.69
0a59a905bcd7ce3466f0dfc3d1f10e00,Input Validity,Odometry,Odometry Rate,50,161.69
0a59a905bcd7ce3466f0dfc3d1f10e00,Input Validity,TF,TF Rate,10,161.69
0a59a905bcd7ce3466f0dfc3d1f10e00,Localization Stability,TF,Jump Angular,0,162.6
0a59a905bcd7ce3466f0dfc3d1f10e00,Localization Stability,TF,Jump Linear,0,162.6
0a59a905bcd7ce3466f0dfc3d1f10e00,Localization Stability,TF,Jump Angular,0,162.7
0a59a905bcd7ce3466f0dfc3d1f10e00,Localization Stability,TF,Jump Linear,0,162.7
0a59a905bcd7ce3466f0dfc3d1f10e00,Input Validity,Lidar,Lidar Rate,10,161.79
0a59a905bcd7ce3466f0dfc3d1f10e00,Input Validity,Odometry,Odometry Rate,50,161.79
0a59a905bcd7ce3466f0dfc3d1f10e00,Input Validity,TF,TF Rate,10,161.79
0a59a905bcd7ce3466f0dfc3d1f10e00,Input Validity,Lidar,Lidar Rate,10,161.89
0a59a905bcd7ce3466f0dfc3d1f10e00,Input Validity,Odometry,Odometry Rate,50,161.89
0a59a905bcd7ce3466f0dfc3d1f10e00,Input Validity,TF,TF Rate,10,161.89
0a59a905bcd7ce3466f0dfc3d1f10e00,Localization Quality,AMCLPose,CovYawYaw,0.00293879,161.8
0a59a905bcd7ce3466f0dfc3d1f10e00,Localization Quality,AMCLPose,CovYY,0.00437225,161.8
0a59a905bcd7ce3466f0dfc3d1f10e00,Localization Quality,AMCLPose,CovXX,0.00762515,161.8
0a59a905bcd7ce3466f0dfc3d1f10e00,Localization Quality,AMCLPose,MeanYaw,1.15631,161.8
0a59a905bcd7ce3466f0dfc3d1f10e00,Localization Quality,AMCLPose,MeanY,-1.35836,161.8
0a59a905bcd7ce3466f0dfc3d1f10e00,Localization Quality,AMCLPose,MeanX,-3.12078,161.8
0a59a905bcd7ce3466f0dfc3d1f10e00,Localization Stability,TF,Jump Angular,-0.00172978,162.8
0a59a905bcd7ce3466f0dfc3d1f10e00,Localization Stability,TF,Jump Linear,0.00762297,162.8
0a59a905bcd7ce3466f0dfc3d1f10e00,Localization Stability,TF,Jump Angular,0,162.9
0a59a905bcd7ce3466f0dfc3d1f10e00,Localization Stability,TF,Jump Linear,0,162.9
0a59a905bcd7ce3466f0dfc3d1f10e00,Input Validity,Lidar,Lidar Rate,10,161.99
0a59a905bcd7ce3466f0dfc3d1f10e00,Input Validity,Odometry,Odometry Rate,50,161.99
0a59a905bcd7ce3466f0dfc3d1f10e00,Input Validity,TF,TF Rate,10,161.99
0a59a905bcd7ce3466f0dfc3d1f10e00,Localization Stability,TF,Jump Angular,0,163
0a59a905bcd7ce3466f0dfc3d1f10e00,Localization Stability,TF,Jump Linear,0,163
0a59a905bcd7ce3466f0dfc3d1f10e00,Input Validity,Lidar,Lidar Rate,10,162.09
0a59a905bcd7ce3466f0dfc3d1f10e00,Input Validity,Odometry,Odometry Rate,50,162.09
0a59a905bcd7ce3466f0dfc3d1f10e00,Input Validity,TF,TF Rate,10,162.09
0a59a905bcd7ce3466f0dfc3d1f10e00,Localization Stability,TF,Jump Angular,0,163.1
0a59a905bcd7ce3466f0dfc3d1f10e00,Localization Stability,TF,Jump Linear,0,163.1
0a59a905bcd7ce3466f0dfc3d1f10e00,Input Validity,Lidar,Lidar Rate,10,162.19
0a59a905bcd7ce3466f0dfc3d1f10e00,Input Validity,Odometry,Odometry Rate,50,162.19
0a59a905bcd7ce3466f0dfc3d1f10e00,Input Validity,TF,TF Rate,10,162.19
0a59a905bcd7ce3466f0dfc3d1f10e00,Input Validity,Lidar,Lidar Rate,10,162.29
0a59a905bcd7ce3466f0dfc3d1f10e00,Input Validity,Odometry,Odometry Rate,50,162.29
0a59a905bcd7ce3466f0dfc3d1f10e00,Input Validity,TF,TF Rate,10,162.29
0a59a905bcd7ce3466f0dfc3d1f10e00,Localization Quality,AMCLPose,CovYawYaw,0.00274934,162.2
0a59a905bcd7ce3466f0dfc3d1f10e00,Localization Quality,AMCLPose,CovYY,0.00438971,162.2
0a59a905bcd7ce3466f0dfc3d1f10e00,Localization Quality,AMCLPose,CovXX,0.00657204,162.2
0a59a905bcd7ce3466f0dfc3d1f10e00,Localization Quality,AMCLPose,MeanYaw,1.21575,162.2
0a59a905bcd7ce3466f0dfc3d1f10e00,Localization Quality,AMCLPose,MeanY,-1.25465,162.2
0a59a905bcd7ce3466f0dfc3d1f10e00,Localization Quality,AMCLPose,MeanX,-3.07232,162.2
0a59a905bcd7ce3466f0dfc3d1f10e00,Localization Stability,TF,Jump Angular,-0.00120247,163.2
0a59a905bcd7ce3466f0dfc3d1f10e00,Localization Stability,TF,Jump Linear,0.00926423,163.2
0a59a905bcd7ce3466f0dfc3d1f10e00,Localization Stability,TF,Jump Angular,0,163.3
0a59a905bcd7ce3466f0dfc3d1f10e00,Localization Stability,TF,Jump Linear,0,163.3
0a59a905bcd7ce3466f0dfc3d1f10e00,Input Validity,Lidar,Lidar Rate,10,162.39
0a59a905bcd7ce3466f0dfc3d1f10e00,Input Validity,Odometry,Odometry Rate,50,162.39
0a59a905bcd7ce3466f0dfc3d1f10e00,Input Validity,TF,TF Rate,10,162.39
0a59a905bcd7ce3466f0dfc3d1f10e00,Localization Stability,TF,Jump Angular,0,163.4
0a59a905bcd7ce3466f0dfc3d1f10e00,Localization Stability,TF,Jump Linear,0,163.4
0a59a905bcd7ce3466f0dfc3d1f10e00,Input Validity,Lidar,Lidar Rate,10,162.49
0a59a905bcd7ce3466f0dfc3d1f10e00,Input Validity,Odometry,Odometry Rate,50,162.49
0a59a905bcd7ce3466f0dfc3d1f10e00,Input Validity,TF,TF Rate,10,162.49
0a59a905bcd7ce3466f0dfc3d1f10e00,Localization Stability,TF,Jump Angular,0,163.5
0a59a905bcd7ce3466f0dfc3d1f10e00,Localization Stability,TF,Jump Linear,0,163.5
0a59a905bcd7ce3466f0dfc3d1f10e00,Input Validity,Lidar,Lidar Rate,10,162.58
0a59a905bcd7ce3466f0dfc3d1f10e00,Input Validity,Odometry,Odometry Rate,50,162.58
0a59a905bcd7ce3466f0dfc3d1f10e00,Input Validity,TF,TF Rate,10,162.58
0a59a905bcd7ce3466f0dfc3d1f10e00,Localization Stability,TF,Jump Angular,0,163.6
0a59a905bcd7ce3466f0dfc3d1f10e00,Localization Stability,TF,Jump Linear,0,163.6
0a59a905bcd7ce3466f0dfc3d1f10e00,Input Validity,Lidar,Lidar Rate,10,162.68
0a59a905bcd7ce3466f0dfc3d1f10e00,Input Validity,Odometry,Odometry Rate,50,162.68
0a59a905bcd7ce3466f0dfc3d1f10e00,Input Validity,TF,TF Rate,10,162.68
0a59a905bcd7ce3466f0dfc3d1f10e00,Localization Quality,AMCLPose,CovYawYaw,0.00282845,162.7
0a59a905bcd7ce3466f0dfc3d1f10e00,Localization Quality,AMCLPose,CovYY,0.00464778,162.7
0a59a905bcd7ce3466f0dfc3d1f10e00,Localization Quality,AMCLPose,CovXX,0.0057285,162.7
0a59a905bcd7ce3466f0dfc3d1f10e00,Localization Quality,AMCLPose,MeanYaw,1.27262,162.7
0a59a905bcd7ce3466f0dfc3d1f10e00,Localization Quality,AMCLPose,MeanY,-1.1529,162.7
0a59a905bcd7ce3466f0dfc3d1f10e00,Localization Quality,AMCLPose,MeanX,-3.03512,162.7
0a59a905bcd7ce3466f0dfc3d1f10e00,Localization Stability,TF,Jump Angular,-0.000238867,163.7
0a59a905bcd7ce3466f0dfc3d1f10e00,Localization Stability,TF,Jump Linear,0.00368667,163.7
0a59a905bcd7ce3466f0dfc3d1f10e00,Input Validity,Lidar,Lidar Rate,10,162.78
0a59a905bcd7ce3466f0dfc3d1f10e00,Input Validity,Odometry,Odometry Rate,50,162.78
0a59a905bcd7ce3466f0dfc3d1f10e00,Input Validity,TF,TF Rate,10,162.78
0a59a905bcd7ce3466f0dfc3d1f10e00,Localization Stability,TF,Jump Angular,0,163.8
0a59a905bcd7ce3466f0dfc3d1f10e00,Localization Stability,TF,Jump Linear,0,163.8
0a59a905bcd7ce3466f0dfc3d1f10e00,Input Validity,Lidar,Lidar Rate,10,162.88
0a59a905bcd7ce3466f0dfc3d1f10e00,Input Validity,Odometry,Odometry Rate,50,162.88
0a59a905bcd7ce3466f0dfc3d1f10e00,Input Validity,TF,TF Rate,10,162.88
0a59a905bcd7ce3466f0dfc3d1f10e00,Localization Stability,TF,Jump Angular,0,163.9
0a59a905bcd7ce3466f0dfc3d1f10e00,Localization Stability,TF,Jump Linear,0,163.9
0a59a905bcd7ce3466f0dfc3d1f10e00,Input Validity,Lidar,Lidar Rate,10,162.98
0a59a905bcd7ce3466f0dfc3d1f10e00,Input Validity,Odometry,Odometry Rate,50,162.98
0a59a905bcd7ce3466f0dfc3d1f10e00,Input Validity,TF,TF Rate,10,162.98
0a59a905bcd7ce3466f0dfc3d1f10e00,Localization Stability,TF,Jump Angular,0,164
0a59a905bcd7ce3466f0dfc3d1f10e00,Localization Stability,TF,Jump Linear,0,164
0a59a905bcd7ce3466f0dfc3d1f10e00,Input Validity,Lidar,Lidar Rate,10,163.08
0a59a905bcd7ce3466f0dfc3d1f10e00,Input Validity,Odometry,Odometry Rate,50,163.08
0a59a905bcd7ce3466f0dfc3d1f10e00,Input Validity,TF,TF Rate,10,163.08
0a59a905bcd7ce3466f0dfc3d1f10e00,Localization Stability,TF,Jump Angular,0,164.1
0a59a905bcd7ce3466f0dfc3d1f10e00,Localization Stability,TF,Jump Linear,0,164.1
0a59a905bcd7ce3466f0dfc3d1f10e00,Input Validity,Lidar,Lidar Rate,10,163.18
0a59a905bcd7ce3466f0dfc3d1f10e00,Input Validity,Odometry,Odometry Rate,50,163.18
0a59a905bcd7ce3466f0dfc3d1f10e00,Input Validity,TF,TF Rate,10,163.18
0a59a905bcd7ce3466f0dfc3d1f10e00,Localization Stability,TF,Jump Angular,0,164.2
0a59a905bcd7ce3466f0dfc3d1f10e00,Localization Stability,TF,Jump Linear,0,164.2
0a59a905bcd7ce3466f0dfc3d1f10e00,Input Validity,Lidar,Lidar Rate,10,163.28
0a59a905bcd7ce3466f0dfc3d1f10e00,Input Validity,Odometry,Odometry Rate,50,163.28
0a59a905bcd7ce3466f0dfc3d1f10e00,Input Validity,TF,TF Rate,10,163.28
0a59a905bcd7ce3466f0dfc3d1f10e00,Input Validity,Lidar,Lidar Rate,10,163.38
0a59a905bcd7ce3466f0dfc3d1f10e00,Input Validity,Odometry,Odometry Rate,50,163.38
0a59a905bcd7ce3466f0dfc3d1f10e00,Input Validity,TF,TF Rate,10,163.38
0a59a905bcd7ce3466f0dfc3d1f10e00,Localization Quality,AMCLPose,CovYawYaw,0.00266369,163.3
0a59a905bcd7ce3466f0dfc3d1f10e00,Localization Quality,AMCLPose,CovYY,0.00443579,163.3
0a59a905bcd7ce3466f0dfc3d1f10e00,Localization Quality,AMCLPose,CovXX,0.00498234,163.3
0a59a905bcd7ce3466f0dfc3d1f10e00,Localization Quality,AMCLPose,MeanYaw,1.32735,163.3
0a59a905bcd7ce3466f0dfc3d1f10e00,Localization Quality,AMCLPose,MeanY,-1.06164,163.3
0a59a905bcd7ce3466f0dfc3d1f10e00,Localization Quality,AMCLPose,MeanX,-3.0073,163.3
0a59a905bcd7ce3466f0dfc3d1f10e00,Localization Stability,TF,Jump Angular,-0.000268862,164.3
0a59a905bcd7ce3466f0dfc3d1f10e00,Localization Stability,TF,Jump Linear,0.00347714,164.3
0a59a905bcd7ce3466f0dfc3d1f10e00,Localization Stability,TF,Jump Angular,0,164.4
0a59a905bcd7ce3466f0dfc3d1f10e00,Localization Stability,TF,Jump Linear,0,164.4
0a59a905bcd7ce3466f0dfc3d1f10e00,Input Validity,Lidar,Lidar Rate,10,163.48
0a59a905bcd7ce3466f0dfc3d1f10e00,Input Validity,Odometry,Odometry Rate,50,163.48
0a59a905bcd7ce3466f0dfc3d1f10e00,Input Validity,TF,TF Rate,10,163.48
0a59a905bcd7ce3466f0dfc3d1f10e00,Localization Stability,TF,Jump Angular,0,164.5
0a59a905bcd7ce3466f0dfc3d1f10e00,Localization Stability,TF,Jump Linear,0,164.5
0a59a905bcd7ce3466f0dfc3d1f10e00,Input Validity,Lidar,Lidar Rate,10,163.58
0a59a905bcd7ce3466f0dfc3d1f10e00,Input Validity,Odometry,Odometry Rate,50,163.58
0a59a905bcd7ce3466f0dfc3d1f10e00,Input Validity,TF,TF Rate,10,163.58
0a59a905bcd7ce3466f0dfc3d1f10e00,Localization Stability,TF,Jump Angular,0,164.6
0a59a905bcd7ce3466f0dfc3d1f10e00,Localization Stability,TF,Jump Linear,0,164.6
0a59a905bcd7ce3466f0dfc3d1f10e00,Input Validity,Lidar,Lidar Rate,10,163.68
0a59a905bcd7ce3466f0dfc3d1f10e00,Input Validity,Odometry,Odometry Rate,50,163.68
0a59a905bcd7ce3466f0dfc3d1f10e00,Input Validity,TF,TF Rate,10,163.68
0a59a905bcd7ce3466f0dfc3d1f10e00,Localization Stability,TF,Jump Angular,0,164.7
0a59a905bcd7ce3466f0dfc3d1f10e00,Localization Stability,TF,Jump Linear,0,164.7
0a59a905bcd7ce3466f0dfc3d1f10e00,Input Validity,Lidar,Lidar Rate,10,163.78
0a59a905bcd7ce3466f0dfc3d1f10e00,Input Validity,Odometry,Odometry Rate,50,163.78
0a59a905bcd7ce3466f0dfc3d1f10e00,Input Validity,TF,TF Rate,10,163.78
0a59a905bcd7ce3466f0dfc3d1f10e00,Localization Stability,TF,Jump Angular,0,164.8
0a59a905bcd7ce3466f0dfc3d1f10e00,Localization Stability,TF,Jump Linear,0,164.8
0a59a905bcd7ce3466f0dfc3d1f10e00,Input Validity,Lidar,Lidar Rate,10,163.88
0a59a905bcd7ce3466f0dfc3d1f10e00,Input Validity,Odometry,Odometry Rate,50,163.88
0a59a905bcd7ce3466f0dfc3d1f10e00,Input Validity,TF,TF Rate,10,163.88
0a59a905bcd7ce3466f0dfc3d1f10e00,Input Validity,Lidar,Lidar Rate,10,163.98
0a59a905bcd7ce3466f0dfc3d1f10e00,Input Validity,Odometry,Odometry Rate,50,163.98
0a59a905bcd7ce3466f0dfc3d1f10e00,Input Validity,TF,TF Rate,10,163.98
0a59a905bcd7ce3466f0dfc3d1f10e00,Localization Quality,AMCLPose,CovYawYaw,0.00209378,163.9
0a59a905bcd7ce3466f0dfc3d1f10e00,Localization Quality,AMCLPose,CovYY,0.00428398,163.9
0a59a905bcd7ce3466f0dfc3d1f10e00,Localization Quality,AMCLPose,CovXX,0.00407499,163.9
0a59a905bcd7ce3466f0dfc3d1f10e00,Localization Quality,AMCLPose,MeanYaw,1.38043,163.9
0a59a905bcd7ce3466f0dfc3d1f10e00,Localization Quality,AMCLPose,MeanY,-0.993789,163.9
0a59a905bcd7ce3466f0dfc3d1f10e00,Localization Quality,AMCLPose,MeanX,-2.99094,163.9
0a59a905bcd7ce3466f0dfc3d1f10e00,Localization Stability,TF,Jump Angular,-0.00148986,164.9
0a59a905bcd7ce3466f0dfc3d1f10e00,Localization Stability,TF,Jump Linear,0.00492826,164.9
0a59a905bcd7ce3466f0dfc3d1f10e00,Localization Stability,TF,Jump Angular,0,165
0a59a905bcd7ce3466f0dfc3d1f10e00,Localization Stability,TF,Jump Linear,0,165
0a59a905bcd7ce3466f0dfc3d1f10e00,Input Validity,Lidar,Lidar Rate,10,164.08
0a59a905bcd7ce3466f0dfc3d1f10e00,Input Validity,Odometry,Odometry Rate,50,164.08
0a59a905bcd7ce3466f0dfc3d1f10e00,Input Validity,TF,TF Rate,10,164.08
0a59a905bcd7ce3466f0dfc3d1f10e00,Localization Stability,TF,Jump Angular,0,165.1
0a59a905bcd7ce3466f0dfc3d1f10e00,Localization Stability,TF,Jump Linear,0,165.1
0a59a905bcd7ce3466f0dfc3d1f10e00,Input Validity,Lidar,Lidar Rate,10,164.18
0a59a905bcd7ce3466f0dfc3d1f10e00,Input Validity,Odometry,Odometry Rate,50,164.18
0a59a905bcd7ce3466f0dfc3d1f10e00,Input Validity,TF,TF Rate,10,164.18
0a59a905bcd7ce3466f0dfc3d1f10e00,Localization Stability,TF,Jump Angular,0,165.2
0a59a905bcd7ce3466f0dfc3d1f10e00,Localization Stability,TF,Jump Linear,0,165.2
0a59a905bcd7ce3466f0dfc3d1f10e00,Input Validity,Lidar,Lidar Rate,10,164.27
0a59a905bcd7ce3466f0dfc3d1f10e00,Input Validity,Odometry,Odometry Rate,50,164.27
0a59a905bcd7ce3466f0dfc3d1f10e00,Input Validity,TF,TF Rate,10,164.27
0a59a905bcd7ce3466f0dfc3d1f10e00,Localization Stability,TF,Jump Angular,0,165.3
0a59a905bcd7ce3466f0dfc3d1f10e00,Localization Stability,TF,Jump Linear,0,165.3
0a59a905bcd7ce3466f0dfc3d1f10e00,Input Validity,Lidar,Lidar Rate,10,164.37
0a59a905bcd7ce3466f0dfc3d1f10e00,Input Validity,Odometry,Odometry Rate,50,164.37
0a59a905bcd7ce3466f0dfc3d1f10e00,Input Validity,TF,TF Rate,10,164.37
0a59a905bcd7ce3466f0dfc3d1f10e00,Input Validity,Lidar,Lidar Rate,10,164.47
0a59a905bcd7ce3466f0dfc3d1f10e00,Input Validity,Odometry,Odometry Rate,50,164.47
0a59a905bcd7ce3466f0dfc3d1f10e00,Input Validity,TF,TF Rate,10,164.47
0a59a905bcd7ce3466f0dfc3d1f10e00,Localization Stability,TF,Jump Angular,0,165.4
0a59a905bcd7ce3466f0dfc3d1f10e00,Localization Stability,TF,Jump Linear,0,165.4
0a59a905bcd7ce3466f0dfc3d1f10e00,Localization Stability,TF,Jump Angular,0,165.5
0a59a905bcd7ce3466f0dfc3d1f10e00,Localization Stability,TF,Jump Linear,0,165.5
0a59a905bcd7ce3466f0dfc3d1f10e00,Input Validity,Lidar,Lidar Rate,10,164.57
0a59a905bcd7ce3466f0dfc3d1f10e00,Input Validity,Odometry,Odometry Rate,50,164.57
0a59a905bcd7ce3466f0dfc3d1f10e00,Input Validity,TF,TF Rate,10,164.57
0a59a905bcd7ce3466f0dfc3d1f10e00,Input Validity,Lidar,Lidar Rate,10,164.67
0a59a905bcd7ce3466f0dfc3d1f10e00,Input Validity,Odometry,Odometry Rate,50,164.67
0a59a905bcd7ce3466f0dfc3d1f10e00,Input Validity,TF,TF Rate,10,164.67
0a59a905bcd7ce3466f0dfc3d1f10e00,Localization Quality,AMCLPose,CovYawYaw,0.00173719,164.6
0a59a905bcd7ce3466f0dfc3d1f10e00,Localization Quality,AMCLPose,CovYY,0.00394199,164.6
0a59a905bcd7ce3466f0dfc3d1f10e00,Localization Quality,AMCLPose,CovXX,0.00363076,164.6
0a59a905bcd7ce3466f0dfc3d1f10e00,Localization Quality,AMCLPose,MeanYaw,1.43816,164.6
0a59a905bcd7ce3466f0dfc3d1f10e00,Localization Quality,AMCLPose,MeanY,-0.936424,164.6
0a59a905bcd7ce3466f0dfc3d1f10e00,Localization Quality,AMCLPose,MeanX,-2.98397,164.6
0a59a905bcd7ce3466f0dfc3d1f10e00,Localization Stability,TF,Jump Angular,0.00101205,165.6
0a59a905bcd7ce3466f0dfc3d1f10e00,Localization Stability,TF,Jump Linear,0.00437678,165.6
0a59a905bcd7ce3466f0dfc3d1f10e00,Input Validity,Lidar,Lidar Rate,10,164.77
0a59a905bcd7ce3466f0dfc3d1f10e00,Input Validity,Odometry,Odometry Rate,50,164.77
0a59a905bcd7ce3466f0dfc3d1f10e00,Input Validity,TF,TF Rate,10,164.77
0a59a905bcd7ce3466f0dfc3d1f10e00,Localization Stability,TF,Jump Angular,0,165.7
0a59a905bcd7ce3466f0dfc3d1f10e00,Localization Stability,TF,Jump Linear,0,165.7
0a59a905bcd7ce3466f0dfc3d1f10e00,Input Validity,Lidar,Lidar Rate,10,164.87
0a59a905bcd7ce3466f0dfc3d1f10e00,Input Validity,Odometry,Odometry Rate,50,164.87
0a59a905bcd7ce3466f0dfc3d1f10e00,Input Validity,TF,TF Rate,10,164.87
0a59a905bcd7ce3466f0dfc3d1f10e00,Localization Stability,TF,Jump Angular,0,165.8
0a59a905bcd7ce3466f0dfc3d1f10e00,Localization Stability,TF,Jump Linear,0,165.8
0a59a905bcd7ce3466f0dfc3d1f10e00,Localization Stability,TF,Jump Angular,0,165.9
0a59a905bcd7ce3466f0dfc3d1f10e00,Localization Stability,TF,Jump Linear,0,165.9
0a59a905bcd7ce3466f0dfc3d1f10e00,Input Validity,Lidar,Lidar Rate,10,164.97
0a59a905bcd7ce3466f0dfc3d1f10e00,Input Validity,Odometry,Odometry Rate,50,164.97
0a59a905bcd7ce3466f0dfc3d1f10e00,Input Validity,TF,TF Rate,10,164.97
0a59a905bcd7ce3466f0dfc3d1f10e00,Input Validity,Lidar,Lidar Rate,10,165.07
0a59a905bcd7ce3466f0dfc3d1f10e00,Input Validity,Odometry,Odometry Rate,50,165.07
0a59a905bcd7ce3466f0dfc3d1f10e00,Input Validity,TF,TF Rate,10,165.07
0a59a905bcd7ce3466f0dfc3d1f10e00,Localization Stability,TF,Jump Angular,0,166
0a59a905bcd7ce3466f0dfc3d1f10e00,Localization Stability,TF,Jump Linear,0,166
0a59a905bcd7ce3466f0dfc3d1f10e00,Input Validity,Lidar,Lidar Rate,10,165.17
0a59a905bcd7ce3466f0dfc3d1f10e00,Input Validity,Odometry,Odometry Rate,50,165.17
0a59a905bcd7ce3466f0dfc3d1f10e00,Input Validity,TF,TF Rate,10,165.17
0a59a905bcd7ce3466f0dfc3d1f10e00,Input Validity,Lidar,Lidar Rate,10,165.24
0a59a905bcd7ce3466f0dfc3d1f10e00,Input Validity,Odometry,Odometry Rate,50,165.24
0a59a905bcd7ce3466f0dfc3d1f10e00,Input Validity,TF,TF Rate,10,165.24
0a59a905bcd7ce3466f0dfc3d1f10e00,Localization Quality,AMCLPose,CovYawYaw,0.00132446,165.1
0a59a905bcd7ce3466f0dfc3d1f10e00,Localization Quality,AMCLPose,CovYY,0.00331242,165.1
0a59a905bcd7ce3466f0dfc3d1f10e00,Localization Quality,AMCLPose,CovXX,0.00323791,165.1
0a59a905bcd7ce3466f0dfc3d1f10e00,Localization Quality,AMCLPose,MeanYaw,1.49843,165.1
0a59a905bcd7ce3466f0dfc3d1f10e00,Localization Quality,AMCLPose,MeanY,-0.898689,165.1
0a59a905bcd7ce3466f0dfc3d1f10e00,Localization Quality,AMCLPose,MeanX,-2.97754,165.1
0a59a905bcd7ce3466f0dfc3d1f10e00,Localization Stability,TF,Jump Angular,-0.00230974,166.1
0a59a905bcd7ce3466f0dfc3d1f10e00,Localization Stability,TF,Jump Linear,0.00768204,166.1
0a59a905bcd7ce3466f0dfc3d1f10e00,Localization Stability,TF,Jump Angular,0,166.2
0a59a905bcd7ce3466f0dfc3d1f10e00,Localization Stability,TF,Jump Linear,0,166.2
0a59a905bcd7ce3466f0dfc3d1f10e00,Input Validity,Lidar,Lidar Rate,10,165.34
0a59a905bcd7ce3466f0dfc3d1f10e00,Input Validity,Odometry,Odometry Rate,50,165.34
0a59a905bcd7ce3466f0dfc3d1f10e00,Input Validity,TF,TF Rate,10,165.34
0a59a905bcd7ce3466f0dfc3d1f10e00,Localization Quality,AMCLPose,CovYawYaw,0.00118369,165.3
0a59a905bcd7ce3466f0dfc3d1f10e00,Localization Quality,AMCLPose,CovYY,0.00323264,165.3
0a59a905bcd7ce3466f0dfc3d1f10e00,Localization Quality,AMCLPose,CovXX,0.00287026,165.3
0a59a905bcd7ce3466f0dfc3d1f10e00,Localization Quality,AMCLPose,MeanYaw,1.59687,165.3
0a59a905bcd7ce3466f0dfc3d1f10e00,Localization Quality,AMCLPose,MeanY,-0.898898,165.3
0a59a905bcd7ce3466f0dfc3d1f10e00,Localization Quality,AMCLPose,MeanX,-2.97634,165.3
0a59a905bcd7ce3466f0dfc3d1f10e00,Localization Stability,TF,Jump Angular,-0.00139047,166.3
0a59a905bcd7ce3466f0dfc3d1f10e00,Localization Stability,TF,Jump Linear,0.00515043,166.3
0a59a905bcd7ce3466f0dfc3d1f10e00,Input Validity,Lidar,Lidar Rate,10,165.44
0a59a905bcd7ce3466f0dfc3d1f10e00,Input Validity,Odometry,Odometry Rate,50,165.44
0a59a905bcd7ce3466f0dfc3d1f10e00,Input Validity,TF,TF Rate,10,165.44
0a59a905bcd7ce3466f0dfc3d1f10e00,Input Validity,Lidar,Lidar Rate,10,165.54
0a59a905bcd7ce3466f0dfc3d1f10e00,Input Validity,Odometry,Odometry Rate,50,165.54
0a59a905bcd7ce3466f0dfc3d1f10e00,Input Validity,TF,TF Rate,10,165.54
0a59a905bcd7ce3466f0dfc3d1f10e00,Localization Quality,AMCLPose,CovYawYaw,0.00107633,165.4
0a59a905bcd7ce3466f0dfc3d1f10e00,Localization Quality,AMCLPose,CovYY,0.00320386,165.4
0a59a905bcd7ce3466f0dfc3d1f10e00,Localization Quality,AMCLPose,CovXX,0.00254798,165.4
0a59a905bcd7ce3466f0dfc3d1f10e00,Localization Quality,AMCLPose,MeanYaw,1.67251,165.4
0a59a905bcd7ce3466f0dfc3d1f10e00,Localization Quality,AMCLPose,MeanY,-0.898222,165.4
0a59a905bcd7ce3466f0dfc3d1f10e00,Localization Quality,AMCLPose,MeanX,-2.97482,165.4
0a59a905bcd7ce3466f0dfc3d1f10e00,Localization Stability,TF,Jump Angular,-0.000397069,166.4
0a59a905bcd7ce3466f0dfc3d1f10e00,Localization Stability,TF,Jump Linear,0.00201478,166.4
0a59a905bcd7ce3466f0dfc3d1f10e00,Localization Quality,AMCLPose,CovYawYaw,0.000994617,165.5
0a59a905bcd7ce3466f0dfc3d1f10e00,Localization Quality,AMCLPose,CovYY,0.00314179,165.5
0a59a905bcd7ce3466f0dfc3d1f10e00,Localization Quality,AMCLPose,CovXX,0.00208807,165.5
0a59a905bcd7ce3466f0dfc3d1f10e00,Localization Quality,AMCLPose,MeanYaw,1.76666,165.5
0a59a905bcd7ce3466f0dfc3d1f10e00,Localization Quality,AMCLPose,MeanY,-0.895609,165.5
0a59a905bcd7ce3466f0dfc3d1f10e00,Localization Quality,AMCLPose,MeanX,-2.97656,165.5
0a59a905bcd7ce3466f0dfc3d1f10e00,Localization Stability,TF,Jump Angular,0.00117236,166.5
0a59a905bcd7ce3466f0dfc3d1f10e00,Localization Stability,TF,Jump Linear,0.00661499,166.5
0a59a905bcd7ce3466f0dfc3d1f10e00,Input Validity,Lidar,Lidar Rate,10,165.64
0a59a905bcd7ce3466f0dfc3d1f10e00,Input Validity,Odometry,Odometry Rate,50,165.64
0a59a905bcd7ce3466f0dfc3d1f10e00,Input Validity,TF,TF Rate,10,165.64
0a59a905bcd7ce3466f0dfc3d1f10e00,Localization Quality,AMCLPose,CovYawYaw,0.00110051,165.6
0a59a905bcd7ce3466f0dfc3d1f10e00,Localization Quality,AMCLPose,CovYY,0.00307664,165.6
0a59a905bcd7ce3466f0dfc3d1f10e00,Localization Quality,AMCLPose,CovXX,0.00186609,165.6
0a59a905bcd7ce3466f0dfc3d1f10e00,Localization Quality,AMCLPose,MeanYaw,1.87855,165.6
0a59a905bcd7ce3466f0dfc3d1f10e00,Localization Quality,AMCLPose,MeanY,-0.896085,165.6
0a59a905bcd7ce3466f0dfc3d1f10e00,Localization Quality,AMCLPose,MeanX,-2.97605,165.6
0a59a905bcd7ce3466f0dfc3d1f10e00,Localization Stability,TF,Jump Angular,0.00188767,166.6
0a59a905bcd7ce3466f0dfc3d1f10e00,Localization Stability,TF,Jump Linear,0.00502185,166.6
0a59a905bcd7ce3466f0dfc3d1f10e00,Input Validity,Lidar,Lidar Rate,10,165.74
0a59a905bcd7ce3466f0dfc3d1f10e00,Input Validity,Odometry,Odometry Rate,50,165.74
0a59a905bcd7ce3466f0dfc3d1f10e00,Input Validity,TF,TF Rate,10,165.74
0a59a905bcd7ce3466f0dfc3d1f10e00,Localization Quality,AMCLPose,CovYawYaw,0.00135203,165.7
0a59a905bcd7ce3466f0dfc3d1f10e00,Localization Quality,AMCLPose,CovYY,0.00304407,165.7
0a59a905bcd7ce3466f0dfc3d1f10e00,Localization Quality,AMCLPose,CovXX,0.00181717,165.7
0a59a905bcd7ce3466f0dfc3d1f10e00,Localization Quality,AMCLPose,MeanYaw,2.00553,165.7
0a59a905bcd7ce3466f0dfc3d1f10e00,Localization Quality,AMCLPose,MeanY,-0.895864,165.7
0a59a905bcd7ce3466f0dfc3d1f10e00,Localization Quality,AMCLPose,MeanX,-2.97592,165.7
0a59a905bcd7ce3466f0dfc3d1f10e00,Localization Stability,TF,Jump Angular,8.58585e-07,166.7
0a59a905bcd7ce3466f0dfc3d1f10e00,Localization Stability,TF,Jump Linear,0.000258203,166.7
0a59a905bcd7ce3466f0dfc3d1f10e00,Input Validity,Lidar,Lidar Rate,10,165.84
0a59a905bcd7ce3466f0dfc3d1f10e00,Input Validity,Odometry,Odometry Rate,50,165.84
0a59a905bcd7ce3466f0dfc3d1f10e00,Input Validity,TF,TF Rate,10,165.84
0a59a905bcd7ce3466f0dfc3d1f10e00,Localization Responsiveness,TTC,TTC Outcome,1,165.87
0a59a905bcd7ce3466f0dfc3d1f10e00,Localization Responsiveness,TTC,TTC,2.5,165.87
0a59a905bcd7ce3466f0dfc3d1f10e00,Mission Outcome,Episode Event,Recoveries,0,165.87
0a59a905bcd7ce3466f0dfc3d1f10e00,Mission Outcome,Episode Event,Collisions,0,165.87
0a59a905bcd7ce3466f0dfc3d1f10e00,Mission Outcome,Episode Event,Navigation Time,16.57,165.87
0a59a905bcd7ce3466f0dfc3d1f10e00,Mission Outcome,Episode Event,Goal Result,1,165.87
0a59a905bcd7ce3466f0dfc3d1f10e00,Input Validity,AMCLPose,Pose Monotonicity,0,165.87
0a59a905bcd7ce3466f0dfc3d1f10e00,Input Validity,Lidar,Lidar Frame Mistmatch,0,165.87
0a59a905bcd7ce3466f0dfc3d1f10e00,Input Validity,Lidar,Lidar Monotonicity,0,165.87
0a59a905bcd7ce3466f0dfc3d1f10e00,Input Validity,Odometry,Odometry Frame Mismatch,0,165.87
0a59a905bcd7ce3466f0dfc3d1f10e00,Input Validity,Odometry,Odometry Monotonicity,0,165.87
0a59a905bcd7ce3466f0dfc3d1f10e00,Input Validity,TF,TF Gap Count,0,165.87
0a59a905bcd7ce3466f0dfc3d1f10e00,Input Validity,TF,TF Frame Drop,828,165.87
0a59a905bcd7ce3466f0dfc3d1f10e00,Input Validity,TF,TF Monotonicity,0,165.87
0a59a905bcd7ce3466f0dfc3d1f10e00,map,-7.99999,-3.31006,3.57017,-2.975,-0.825,129.579,1,SUCCEEDED,4,16.57,149.3,165.87,0.0588709,0.0897914,0.77957,0.020908,0.00328743,0.0703857,0.0356288,321.101,1674,5.80792,0.149813,0.0136781,0.501097,0,828,0.965215
0df20d742ebf81b18a726ad029d633c0,Localization Stability,TF,Jump Angular,0,173.4
0df20d742ebf81b18a726ad029d633c0,Localization Stability,TF,Jump Linear,0,173.4
0df20d742ebf81b18a726ad029d633c0,Input Validity,Lidar,Lidar Rate,10,172.47
0df20d742ebf81b18a726ad029d633c0,Input Validity,Odometry,Odometry Rate,50,172.47
0df20d742ebf81b18a726ad029d633c0,Input Validity,TF,TF Rate,10,172.47
0df20d742ebf81b18a726ad029d633c0,Localization Stability,TF,Jump Angular,0,173.5
0df20d742ebf81b18a726ad029d633c0,Localization Stability,TF,Jump Linear,0,173.5
0df20d742ebf81b18a726ad029d633c0,Input Validity,Lidar,Lidar Rate,10,172.57
0df20d742ebf81b18a726ad029d633c0,Input Validity,Odometry,Odometry Rate,50,172.57
0df20d742ebf81b18a726ad029d633c0,Input Validity,TF,TF Rate,10,172.57
0df20d742ebf81b18a726ad029d633c0,Input Validity,Lidar,Lidar Rate,10,172.67
0df20d742ebf81b18a726ad029d633c0,Input Validity,Odometry,Odometry Rate,50,172.67
0df20d742ebf81b18a726ad029d633c0,Input Validity,TF,TF Rate,10,172.67
0df20d742ebf81b18a726ad029d633c0,Localization Stability,TF,Jump Angular,-0.0185714,173.6
0df20d742ebf81b18a726ad029d633c0,Localization Stability,TF,Jump Linear,0.0621297,173.6
0df20d742ebf81b18a726ad029d633c0,Localization Quality,AMCLPose,CovYawYaw,0.251939,172.7
0df20d742ebf81b18a726ad029d633c0,Localization Quality,AMCLPose,CovYY,0.239673,172.7
0df20d742ebf81b18a726ad029d633c0,Localization Quality,AMCLPose,CovXX,0.265859,172.7
0df20d742ebf81b18a726ad029d633c0,Localization Quality,AMCLPose,MeanYaw,2.26468,172.7
0df20d742ebf81b18a726ad029d633c0,Localization Quality,AMCLPose,MeanY,-0.649818,172.7
0df20d742ebf81b18a726ad029d633c0,Localization Quality,AMCLPose,MeanX,-2.91959,172.7
0df20d742ebf81b18a726ad029d633c0,Localization Stability,TF,Jump Angular,-0.0046032,173.7
0df20d742ebf81b18a726ad029d633c0,Localization Stability,TF,Jump Linear,0.0216604,173.7
0df20d742ebf81b18a726ad029d633c0,Input Validity,Lidar,Lidar Rate,10,172.77
0df20d742ebf81b18a726ad029d633c0,Input Validity,Odometry,Odometry Rate,50,172.77
0df20d742ebf81b18a726ad029d633c0,Input Validity,TF,TF Rate,10,172.77
0df20d742ebf81b18a726ad029d633c0,Input Validity,Lidar,Lidar Rate,10,172.87
0df20d742ebf81b18a726ad029d633c0,Input Validity,Odometry,Odometry Rate,50,172.87
0df20d742ebf81b18a726ad029d633c0,Input Validity,TF,TF Rate,10,172.87
0df20d742ebf81b18a726ad029d633c0,Localization Quality,AMCLPose,CovYawYaw,0.248519,172.8
0df20d742ebf81b18a726ad029d633c0,Localization Quality,AMCLPose,CovYY,0.22795,172.8
0df20d742ebf81b18a726ad029d633c0,Localization Quality,AMCLPose,CovXX,0.265782,172.8
0df20d742ebf81b18a726ad029d633c0,Localization Quality,AMCLPose,MeanYaw,2.20239,172.8
0df20d742ebf81b18a726ad029d633c0,Localization Quality,AMCLPose,MeanY,-0.649547,172.8
0df20d742ebf81b18a726ad029d633c0,Localization Quality,AMCLPose,MeanX,-2.92386,172.8
0df20d742ebf81b18a726ad029d633c0,Localization Stability,TF,Jump Angular,0.00936632,173.8
0df20d742ebf81b18a726ad029d633c0,Localization Stability,TF,Jump Linear,0.0299379,173.8
0df20d742ebf81b18a726ad029d633c0,Input Validity,Lidar,Lidar Rate,10,172.97
0df20d742ebf81b18a726ad029d633c0,Input Validity,Odometry,Odometry Rate,50,172.97
0df20d742ebf81b18a726ad029d633c0,Input Validity,TF,TF Rate,10,172.97
0df20d742ebf81b18a726ad029d633c0,Localization Quality,AMCLPose,CovYawYaw,0.258504,172.9
0df20d742ebf81b18a726ad029d633c0,Localization Quality,AMCLPose,CovYY,0.226191,172.9
0df20d742ebf81b18a726ad029d633c0,Localization Quality,AMCLPose,CovXX,0.270037,172.9
0df20d742ebf81b18a726ad029d633c0,Localization Quality,AMCLPose,MeanYaw,2.10543,172.9
0df20d742ebf81b18a726ad029d633c0,Localization Quality,AMCLPose,MeanY,-0.64335,172.9
0df20d742ebf81b18a726ad029d633c0,Localization Quality,AMCLPose,MeanX,-2.91658,172.9
0df20d742ebf81b18a726ad029d633c0,Localization Stability,TF,Jump Angular,-0.00832634,173.9
0df20d742ebf81b18a726ad029d633c0,Localization Stability,TF,Jump Linear,0.0232264,173.9
0df20d742ebf81b18a726ad029d633c0,Input Validity,Lidar,Lidar Rate,10,173.07
0df20d742ebf81b18a726ad029d633c0,Input Validity,Odometry,Odometry Rate,50,173.07
0df20d742ebf81b18a726ad029d633c0,Input Validity,TF,TF Rate,10,173.07
0df20d742ebf81b18a726ad029d633c0,Localization Quality,AMCLPose,CovYawYaw,0.210217,173
0df20d742ebf81b18a726ad029d633c0,Localization Quality,AMCLPose,CovYY,0.181093,173
0df20d742ebf81b18a726ad029d633c0,Localization Quality,AMCLPose,CovXX,0.248432,173
0df20d742ebf81b18a726ad029d633c0,Localization Quality,AMCLPose,MeanYaw,2.04921,173
0df20d742ebf81b18a726ad029d633c0,Localization Quality,AMCLPose,MeanY,-0.683225,173
0df20d742ebf81b18a726ad029d633c0,Localization Quality,AMCLPose,MeanX,-2.89851,173
0df20d742ebf81b18a726ad029d633c0,Localization Stability,TF,Jump Angular,0.0494055,174
0df20d742ebf81b18a726ad029d633c0,Localization Stability,TF,Jump Linear,0.104155,174
0df20d742ebf81b18a726ad029d633c0,Input Validity,Lidar,Lidar Rate,10,173.17
0df20d742ebf81b18a726ad029d633c0,Input Validity,Odometry,Odometry Rate,50,173.17
0df20d742ebf81b18a726ad029d633c0,Input Validity,TF,TF Rate,10,173.17
0df20d742ebf81b18a726ad029d633c0,Localization Quality,AMCLPose,CovYawYaw,0.140755,173.1
0df20d742ebf81b18a726ad029d633c0,Localization Quality,AMCLPose,CovYY,0.150816,173.1
0df20d742ebf81b18a726ad029d633c0,Localization Quality,AMCLPose,CovXX,0.215701,173.1
0df20d742ebf81b18a726ad029d633c0,Localization Quality,AMCLPose,MeanYaw,1.91925,173.1
0df20d742ebf81b18a726ad029d633c0,Localization Quality,AMCLPose,MeanY,-0.724132,173.1
0df20d742ebf81b18a726ad029d633c0,Localization Quality,AMCLPose,MeanX,-2.89267,173.1
0df20d742ebf81b18a726ad029d633c0,Localization Stability,TF,Jump Angular,-0.00735471,174.1
0df20d742ebf81b18a726ad029d633c0,Localization Stability,TF,Jump Linear,0.0629276,174.1
0df20d742ebf81b18a726ad029d633c0,Input Validity,Lidar,Lidar Rate,10,173.27
0df20d742ebf81b18a726ad029d633c0,Input Validity,Odometry,Odometry Rate,50,173.27
0df20d742ebf81b18a726ad029d633c0,Input Validity,TF,TF Rate,10,173.27
0df20d742ebf81b18a726ad029d633c0,Localization Quality,AMCLPose,CovYawYaw,0.0790315,173.2
0df20d742ebf81b18a726ad029d633c0,Localization Quality,AMCLPose,CovYY,0.109742,173.2
0df20d742ebf81b18a726ad029d633c0,Localization Quality,AMCLPose,CovXX,0.157827,173.2
0df20d742ebf81b18a726ad029d633c0,Localization Quality,AMCLPose,MeanYaw,1.8029,173.2
0df20d742ebf81b18a726ad029d633c0,Localization Quality,AMCLPose,MeanY,-0.772347,173.2
0df20d742ebf81b18a726ad029d633c0,Localization Quality,AMCLPose,MeanX,-2.88981,173.2
0df20d742ebf81b18a726ad029d633c0,Localization Stability,TF,Jump Angular,0.0225816,174.2
0df20d742ebf81b18a726ad029d633c0,Localization Stability,TF,Jump Linear,0.0266797,174.2
0df20d742ebf81b18a726ad029d633c0,Input Validity,Lidar,Lidar Rate,10,173.37
0df20d742ebf81b18a726ad029d633c0,Input Validity,Odometry,Odometry Rate,50,173.37
0df20d742ebf81b18a726ad029d633c0,Input Validity,TF,TF Rate,10,173.37
0df20d742ebf81b18a726ad029d633c0,Localization Quality,AMCLPose,CovYawYaw,0.0348352,173.3
0df20d742ebf81b18a726ad029d633c0,Localization Quality,AMCLPose,CovYY,0.0681062,173.3
0df20d742ebf81b18a726ad029d633c0,Localization Quality,AMCLPose,CovXX,0.0891016,173.3
0df20d742ebf81b18a726ad029d633c0,Localization Quality,AMCLPose,MeanYaw,1.64936,173.3
0df20d742ebf81b18a726ad029d633c0,Localization Quality,AMCLPose,MeanY,-0.810684,173.3
0df20d742ebf81b18a726ad029d633c0,Localization Quality,AMCLPose,MeanX,-2.91961,173.3
0df20d742ebf81b18a726ad029d633c0,Localization Stability,TF,Jump Angular,0.000663865,174.3
0df20d742ebf81b18a726ad029d633c0,Localization Stability,TF,Jump Linear,0.0476083,174.3
0df20d742ebf81b18a726ad029d633c0,Input Validity,Lidar,Lidar Rate,10,173.47
0df20d742ebf81b18a726ad029d633c0,Input Validity,Odometry,Odometry Rate,50,173.47
0df20d742ebf81b18a726ad029d633c0,Input Validity,TF,TF Rate,10,173.47
0df20d742ebf81b18a726ad029d633c0,Localization Quality,AMCLPose,CovYawYaw,0.0144879,173.4
0df20d742ebf81b18a726ad029d633c0,Localization Quality,AMCLPose,CovYY,0.0359556,173.4
0df20d742ebf81b18a726ad029d633c0,Localization Quality,AMCLPose,CovXX,0.048744,173.4
0df20d742ebf81b18a726ad029d633c0,Localization Quality,AMCLPose,MeanYaw,1.47204,173.4
0df20d742ebf81b18a726ad029d633c0,Localization Quality,AMCLPose,MeanY,-0.846285,173.4
0df20d742ebf81b18a726ad029d633c0,Localization Quality,AMCLPose,MeanX,-2.93773,173.4
0df20d742ebf81b18a726ad029d633c0,Localization Stability,TF,Jump Angular,-0.00591222,174.4
0df20d742ebf81b18a726ad029d633c0,Localization Stability,TF,Jump Linear,0.0531651,174.4
0df20d742ebf81b18a726ad029d633c0,Input Validity,Lidar,Lidar Rate,10,173.57
0df20d742ebf81b18a726ad029d633c0,Input Validity,Odometry,Odometry Rate,50,173.57
0df20d742ebf81b18a726ad029d633c0,Input Validity,TF,TF Rate,10,173.57
0df20d742ebf81b18a726ad029d633c0,Localization Quality,AMCLPose,CovYawYaw,0.00765475,173.5
0df20d742ebf81b18a726ad029d633c0,Localization Quality,AMCLPose,CovYY,0.0198284,173.5
0df20d742ebf81b18a726ad029d633c0,Localization Quality,AMCLPose,CovXX,0.0255822,173.5
0df20d742ebf81b18a726ad029d633c0,Localization Quality,AMCLPose,MeanYaw,1.28677,173.5
0df20d742ebf81b18a726ad029d633c0,Localization Quality,AMCLPose,MeanY,-0.864712,173.5
0df20d742ebf81b18a726ad029d633c0,Localization Quality,AMCLPose,MeanX,-2.95674,173.5
0df20d742ebf81b18a726ad029d633c0,Localization Stability,TF,Jump Angular,0.0031271,174.5
0df20d742ebf81b18a726ad029d633c0,Localization Stability,TF,Jump Linear,0.0246075,174.5
0df20d742ebf81b18a726ad029d633c0,Input Validity,Lidar,Lidar Rate,10,173.67
0df20d742ebf81b18a726ad029d633c0,Input Validity,Odometry,Odometry Rate,50,173.67
0df20d742ebf81b18a726ad029d633c0,Input Validity,TF,TF Rate,10,173.67
0df20d742ebf81b18a726ad029d633c0,Localization Quality,AMCLPose,CovYawYaw,0.00488135,173.6
0df20d742ebf81b18a726ad029d633c0,Localization Quality,AMCLPose,CovYY,0.0117114,173.6
0df20d742ebf81b18a726ad029d633c0,Localization Quality,AMCLPose,CovXX,0.0133554,173.6
0df20d742ebf81b18a726ad029d633c0,Localization Quality,AMCLPose,MeanYaw,1.11785,173.6
0df20d742ebf81b18a726ad029d633c0,Localization Quality,AMCLPose,MeanY,-0.874086,173.6
0df20d742ebf81b18a726ad029d633c0,Localization Quality,AMCLPose,MeanX,-2.96411,173.6
0df20d742ebf81b18a726ad029d633c0,Localization Stability,TF,Jump Angular,0.00273632,174.6
0df20d742ebf81b18a726ad029d633c0,Localization Stability,TF,Jump Linear,0.012652,174.6
0df20d742ebf81b18a726ad029d633c0,Input Validity,Lidar,Lidar Rate,10,173.77
0df20d742ebf81b18a726ad029d633c0,Input Validity,Odometry,Odometry Rate,50,173.77
0df20d742ebf81b18a726ad029d633c0,Input Validity,TF,TF Rate,10,173.77
0df20d742ebf81b18a726ad029d633c0,Localization Quality,AMCLPose,CovYawYaw,0.00476934,173.7
0df20d742ebf81b18a726ad029d633c0,Localization Quality,AMCLPose,CovYY,0.0127951,173.7
0df20d742ebf81b18a726ad029d633c0,Localization Quality,AMCLPose,CovXX,0.0137442,173.7
0df20d742ebf81b18a726ad029d633c0,Localization Quality,AMCLPose,MeanYaw,0.997974,173.7
0df20d742ebf81b18a726ad029d633c0,Localization Quality,AMCLPose,MeanY,-0.866481,173.7
0df20d742ebf81b18a726ad029d633c0,Localization Quality,AMCLPose,MeanX,-2.95946,173.7
0df20d742ebf81b18a726ad029d633c0,Localization Stability,TF,Jump Angular,0.00178941,174.7
0df20d742ebf81b18a726ad029d633c0,Localization Stability,TF,Jump Linear,0.00450283,174.7
0df20d742ebf81b18a726ad029d633c0,Input Validity,Lidar,Lidar Rate,10,173.87
0df20d742ebf81b18a726ad029d633c0,Input Validity,Odometry,Odometry Rate,50,173.87
0df20d742ebf81b18a726ad029d633c0,Input Validity,TF,TF Rate,10,173.87
0df20d742ebf81b18a726ad029d633c0,Localization Quality,AMCLPose,CovYawYaw,0.00507603,173.8
0df20d742ebf81b18a726ad029d633c0,Localization Quality,AMCLPose,CovYY,0.0131684,173.8
0df20d742ebf81b18a726ad029d633c0,Localization Quality,AMCLPose,CovXX,0.0129825,173.8
0df20d742ebf81b18a726ad029d633c0,Localization Quality,AMCLPose,MeanYaw,0.927061,173.8
0df20d742ebf81b18a726ad029d633c0,Localization Quality,AMCLPose,MeanY,-0.855372,173.8
0df20d742ebf81b18a726ad029d633c0,Localization Quality,AMCLPose,MeanX,-2.95181,173.8
0df20d742ebf81b18a726ad029d633c0,Localization Stability,TF,Jump Angular,0.000749485,174.8
0df20d742ebf81b18a726ad029d633c0,Localization Stability,TF,Jump Linear,0.00320603,174.8
0df20d742ebf81b18a726ad029d633c0,Input Validity,Lidar,Lidar Rate,10,173.96
0df20d742ebf81b18a726ad029d633c0,Input Validity,Odometry,Odometry Rate,50,173.96
0df20d742ebf81b18a726ad029d633c0,Input Validity,TF,TF Rate,10,173.96
0df20d742ebf81b18a726ad029d633c0,Localization Stability,TF,Jump Angular,0,174.9
0df20d742ebf81b18a726ad029d633c0,Localization Stability,TF,Jump Linear,0,174.9
0df20d742ebf81b18a726ad029d633c0,Input Validity,Lidar,Lidar Rate,10,174.04
0df20d742ebf81b18a726ad029d633c0,Input Validity,Odometry,Odometry Rate,50,174.04
0df20d742ebf81b18a726ad029d633c0,Input Validity,TF,TF Rate,10,174.04
0df20d742ebf81b18a726ad029d633c0,Localization Quality,AMCLPose,CovYawYaw,0.00582603,174
0df20d742ebf81b18a726ad029d633c0,Localization Quality,AMCLPose,CovYY,0.0137774,174
0df20d742ebf81b18a726ad029d633c0,Localization Quality,AMCLPose,CovXX,0.0138006,174
0df20d742ebf81b18a726ad029d633c0,Localization Quality,AMCLPose,MeanYaw,0.851289,174
0df20d742ebf81b18a726ad029d633c0,Localization Quality,AMCLPose,MeanY,-0.812023,174
0df20d742ebf81b18a726ad029d633c0,Localization Quality,AMCLPose,MeanX,-2.91689,174
0df20d742ebf81b18a726ad029d633c0,Localization Stability,TF,Jump Angular,0.00107734,175
0df20d742ebf81b18a726ad029d633c0,Localization Stability,TF,Jump Linear,0.00375646,175
0df20d742ebf81b18a726ad029d633c0,Input Validity,Lidar,Lidar Rate,10,174.14
0df20d742ebf81b18a726ad029d633c0,Input Validity,Odometry,Odometry Rate,50,174.14
0df20d742ebf81b18a726ad029d633c0,Input Validity,TF,TF Rate,10,174.14
0df20d742ebf81b18a726ad029d633c0,Input Validity,Lidar,Lidar Rate,10,174.2
0df20d742ebf81b18a726ad029d633c0,Input Validity,Odometry,Odometry Rate,50,174.2
0df20d742ebf81b18a726ad029d633c0,Input Validity,TF,TF Rate,10,174.2
0df20d742ebf81b18a726ad029d633c0,Localization Stability,TF,Jump Angular,0,175.1
0df20d742ebf81b18a726ad029d633c0,Localization Stability,TF,Jump Linear,0,175.1
0df20d742ebf81b18a726ad029d633c0,Input Validity,Lidar,Lidar Rate,10,174.28
0df20d742ebf81b18a726ad029d633c0,Input Validity,Odometry,Odometry Rate,50,174.28
0df20d742ebf81b18a726ad029d633c0,Input Validity,TF,TF Rate,10,174.28
0df20d742ebf81b18a726ad029d633c0,Localization Quality,AMCLPose,CovYawYaw,0.00649264,174.2
0df20d742ebf81b18a726ad029d633c0,Localization Quality,AMCLPose,CovYY,0.0156524,174.2
0df20d742ebf81b18a726ad029d633c0,Localization Quality,AMCLPose,CovXX,0.016806,174.2
0df20d742ebf81b18a726ad029d633c0,Localization Quality,AMCLPose,MeanYaw,0.792773,174.2
0df20d742ebf81b18a726ad029d633c0,Localization Quality,AMCLPose,MeanY,-0.75008,174.2
0df20d742ebf81b18a726ad029d633c0,Localization Quality,AMCLPose,MeanX,-2.85804,174.2
0df20d742ebf81b18a726ad029d633c0,Localization Stability,TF,Jump Angular,-0.00340402,175.2
0df20d742ebf81b18a726ad029d633c0,Localization Stability,TF,Jump Linear,0.00955631,175.2
0df20d742ebf81b18a726ad029d633c0,Input Validity,Lidar,Lidar Rate,10,174.38
0df20d742ebf81b18a726ad029d633c0,Input Validity,Odometry,Odometry Rate,50,174.38
0df20d742ebf81b18a726ad029d633c0,Input Validity,TF,TF Rate,10,174.38
0df20d742ebf81b18a726ad029d633c0,Localization Stability,TF,Jump Angular,0,175.3
0df20d742ebf81b18a726ad029d633c0,Localization Stability,TF,Jump Linear,0,175.3
0df20d742ebf81b18a726ad029d633c0,Input Validity,Lidar,Lidar Rate,10,174.48
0df20d742ebf81b18a726ad029d633c0,Input Validity,Odometry,Odometry Rate,50,174.48
0df20d742ebf81b18a726ad029d633c0,Input Validity,TF,TF Rate,10,174.48
0df20d742ebf81b18a726ad029d633c0,Localization Stability,TF,Jump Angular,0,175.4
0df20d742ebf81b18a726ad029d633c0,Localization Stability,TF,Jump Linear,0,175.4
0df20d742ebf81b18a726ad029d633c0,Input Validity,Lidar,Lidar Rate,10,174.58
0df20d742ebf81b18a726ad029d633c0,Input Validity,Odometry,Odometry Rate,50,174.58
0df20d742ebf81b18a726ad029d633c0,Input Validity,TF,TF Rate,10,174.58
0df20d742ebf81b18a726ad029d633c0,Localization Quality,AMCLPose,CovYawYaw,0.00755544,174.5
0df20d742ebf81b18a726ad029d633c0,Localization Quality,AMCLPose,CovYY,0.0157624,174.5
0df20d742ebf81b18a726ad029d633c0,Localization Quality,AMCLPose,CovXX,0.0178148,174.5
0df20d742ebf81b18a726ad029d633c0,Localization Quality,AMCLPose,MeanYaw,0.764065,174.5
0df20d742ebf81b18a726ad029d633c0,Localization Quality,AMCLPose,MeanY,-0.655522,174.5
0df20d742ebf81b18a726ad029d633c0,Localization Quality,AMCLPose,MeanX,-2.76363,174.5
0df20d742ebf81b18a726ad029d633c0,Localization Stability,TF,Jump Angular,0.00179138,175.5
0df20d742ebf81b18a726ad029d633c0,Localization Stability,TF,Jump Linear,0.00665184,175.5
0df20d742ebf81b18a726ad029d633c0,Input Validity,Lidar,Lidar Rate,10,174.68
0df20d742ebf81b18a726ad029d633c0,Input Validity,Odometry,Odometry Rate,50,174.68
0df20d742ebf81b18a726ad029d633c0,Input Validity,TF,TF Rate,10,174.68
0df20d742ebf81b18a726ad029d633c0,Localization Stability,TF,Jump Angular,0,175.6
0df20d742ebf81b18a726ad029d633c0,Localization Stability,TF,Jump Linear,0,175.6
0df20d742ebf81b18a726ad029d633c0,Localization Stability,TF,Jump Angular,0,175.7
0df20d742ebf81b18a726ad029d633c0,Localization Stability,TF,Jump Linear,0,175.7
0df20d742ebf81b18a726ad029d633c0,Input Validity,Lidar,Lidar Rate,10,174.78
0df20d742ebf81b18a726ad029d633c0,Input Validity,Odometry,Odometry Rate,50,174.78
0df20d742ebf81b18a726ad029d633c0,Input Validity,TF,TF Rate,10,174.78
0df20d742ebf81b18a726ad029d633c0,Input Validity,Lidar,Lidar Rate,10,174.87
0df20d742ebf81b18a726ad029d633c0,Input Validity,Odometry,Odometry Rate,50,174.87
0df20d742ebf81b18a726ad029d633c0,Input Validity,TF,TF Rate,10,174.87
0df20d742ebf81b18a726ad029d633c0,Localization Quality,AMCLPose,CovYawYaw,0.00974708,174.8
0df20d742ebf81b18a726ad029d633c0,Localization Quality,AMCLPose,CovYY,0.0180028,174.8
0df20d742ebf81b18a726ad029d633c0,Localization Quality,AMCLPose,CovXX,0.0192379,174.8
0df20d742ebf81b18a726ad029d633c0,Localization Quality,AMCLPose,MeanYaw,0.767532,174.8
0df20d742ebf81b18a726ad029d633c0,Localization Quality,AMCLPose,MeanY,-0.565155,174.8
0df20d742ebf81b18a726ad029d633c0,Localization Quality,AMCLPose,MeanX,-2.66827,174.8
0df20d742ebf81b18a726ad029d633c0,Localization Stability,TF,Jump Angular,-0.00204681,175.8
0df20d742ebf81b18a726ad029d633c0,Localization Stability,TF,Jump Linear,0.00835221,175.8
0df20d742ebf81b18a726ad029d633c0,Input Validity,Lidar,Lidar Rate,10,174.96
0df20d742ebf81b18a726ad029d633c0,Input Validity,Odometry,Odometry Rate,50,174.96
0df20d742ebf81b18a726ad029d633c0,Input Validity,TF,TF Rate,10,174.96
0df20d742ebf81b18a726ad029d633c0,Localization Stability,TF,Jump Angular,0,175.9
0df20d742ebf81b18a726ad029d633c0,Localization Stability,TF,Jump Linear,0,175.9
0df20d742ebf81b18a726ad029d633c0,Input Validity,Lidar,Lidar Rate,10,175.05
0df20d742ebf81b18a726ad029d633c0,Input Validity,Odometry,Odometry Rate,50,175.05
0df20d742ebf81b18a726ad029d633c0,Input Validity,TF,TF Rate,10,175.05
0df20d742ebf81b18a726ad029d633c0,Localization Stability,TF,Jump Angular,0,176
0df20d742ebf81b18a726ad029d633c0,Localization Stability,TF,Jump Linear,0,176
0df20d742ebf81b18a726ad029d633c0,Input Validity,Lidar,Lidar Rate,10,175.13
0df20d742ebf81b18a726ad029d633c0,Input Validity,Odometry,Odometry Rate,50,175.13
0df20d742ebf81b18a726ad029d633c0,Input Validity,TF,TF Rate,10,175.13
0df20d742ebf81b18a726ad029d633c0,Localization Quality,AMCLPose,CovYawYaw,0.0116498,175.1
0df20d742ebf81b18a726ad029d633c0,Localization Quality,AMCLPose,CovYY,0.0194429,175.1
0df20d742ebf81b18a726ad029d633c0,Localization Quality,AMCLPose,CovXX,0.01926,175.1
0df20d742ebf81b18a726ad029d633c0,Localization Quality,AMCLPose,MeanYaw,0.773819,175.1
0df20d742ebf81b18a726ad029d633c0,Localization Quality,AMCLPose,MeanY,-0.473464,175.1
0df20d742ebf81b18a726ad029d633c0,Localization Quality,AMCLPose,MeanX,-2.57257,175.1
0df20d742ebf81b18a726ad029d633c0,Localization Stability,TF,Jump Angular,0.00267989,176.1
0df20d742ebf81b18a726ad029d633c0,Localization Stability,TF,Jump Linear,0.00522741,176.1
0df20d742ebf81b18a726ad029d633c0,Input Validity,Lidar,Lidar Rate,10,175.23
0df20d742ebf81b18a726ad029d633c0,Input Validity,Odometry,Odometry Rate,50,175.23
0df20d742ebf81b18a726ad029d633c0,Input Validity,TF,TF Rate,10,175.23
0df20d742ebf81b18a726ad029d633c0,Localization Stability,TF,Jump Angular,0,176.2
0df20d742ebf81b18a726ad029d633c0,Localization Stability,TF,Jump Linear,0,176.2
0df20d742ebf81b18a726ad029d633c0,Input Validity,Lidar,Lidar Rate,10,175.33
0df20d742ebf81b18a726ad029d633c0,Input Validity,Odometry,Odometry Rate,50,175.33
0df20d742ebf81b18a726ad029d633c0,Input Validity,TF,TF Rate,10,175.33
0df20d742ebf81b18a726ad029d633c0,Localization Stability,TF,Jump Angular,0,176.3
0df20d742ebf81b18a726ad029d633c0,Localization Stability,TF,Jump Linear,0,176.3
0df20d742ebf81b18a726ad029d633c0,Input Validity,Lidar,Lidar Rate,10,175.43
0df20d742ebf81b18a726ad029d633c0,Input Validity,Odometry,Odometry Rate,50,175.43
0df20d742ebf81b18a726ad029d633c0,Input Validity,TF,TF Rate,10,175.43
0df20d742ebf81b18a726ad029d633c0,Localization Quality,AMCLPose,CovYawYaw,0.0123124,175.4
0df20d742ebf81b18a726ad029d633c0,Localization Quality,AMCLPose,CovYY,0.0210627,175.4
0df20d742ebf81b18a726ad029d633c0,Localization Quality,AMCLPose,CovXX,0.020245,175.4
0df20d742ebf81b18a726ad029d633c0,Localization Quality,AMCLPose,MeanYaw,0.779318,175.4
0df20d742ebf81b18a726ad029d633c0,Localization Quality,AMCLPose,MeanY,-0.377866,175.4
0df20d742ebf81b18a726ad029d633c0,Localization Quality,AMCLPose,MeanX,-2.4741,175.4
0df20d742ebf81b18a726ad029d633c0,Localization Stability,TF,Jump Angular,0.00176409,176.4
0df20d742ebf81b18a726ad029d633c0,Localization Stability,TF,Jump Linear,0.00516183,176.4
0df20d742ebf81b18a726ad029d633c0,Input Validity,Lidar,Lidar Rate,10,175.53
0df20d742ebf81b18a726ad029d633c0,Input Validity,Odometry,Odometry Rate,50,175.53
0df20d742ebf81b18a726ad029d633c0,Input Validity,TF,TF Rate,10,175.53
0df20d742ebf81b18a726ad029d633c0,Localization Stability,TF,Jump Angular,0,176.5
0df20d742ebf81b18a726ad029d633c0,Localization Stability,TF,Jump Linear,0,176.5
0df20d742ebf81b18a726ad029d633c0,Input Validity,Lidar,Lidar Rate,10,175.62
0df20d742ebf81b18a726ad029d633c0,Input Validity,Odometry,Odometry Rate,50,175.62
0df20d742ebf81b18a726ad029d633c0,Input Validity,TF,TF Rate,10,175.62
0df20d742ebf81b18a726ad029d633c0,Localization Stability,TF,Jump Angular,0,176.6
0df20d742ebf81b18a726ad029d633c0,Localization Stability,TF,Jump Linear,0,176.6
0df20d742ebf81b18a726ad029d633c0,Input Validity,Lidar,Lidar Rate,10,175.72
0df20d742ebf81b18a726ad029d633c0,Input Validity,Odometry,Odometry Rate,50,175.72
0df20d742ebf81b18a726ad029d633c0,Input Validity,TF,TF Rate,10,175.72
0df20d742ebf81b18a726ad029d633c0,Localization Quality,AMCLPose,CovYawYaw,0.0140266,175.7
0df20d742ebf81b18a726ad029d633c0,Localization Quality,AMCLPose,CovYY,0.0240792,175.7
0df20d742ebf81b18a726ad029d633c0,Localization Quality,AMCLPose,CovXX,0.0229324,175.7
0df20d742ebf81b18a726ad029d633c0,Localization Quality,AMCLPose,MeanYaw,0.777404,175.7
0df20d742ebf81b18a726ad029d633c0,Localization Quality,AMCLPose,MeanY,-0.289244,175.7
0df20d742ebf81b18a726ad029d633c0,Localization Quality,AMCLPose,MeanX,-2.37324,175.7
0df20d742ebf81b18a726ad029d633c0,Localization Stability,TF,Jump Angular,-0.00483139,176.7
0df20d742ebf81b18a726ad029d633c0,Localization Stability,TF,Jump Linear,0.0185541,176.7
0df20d742ebf81b18a726ad029d633c0,Input Validity,Lidar,Lidar Rate,10,175.82
0df20d742ebf81b18a726ad029d633c0,Input Validity,Odometry,Odometry Rate,50,175.82
0df20d742ebf81b18a726ad029d633c0,Input Validity,TF,TF Rate,10,175.82
0df20d742ebf81b18a726ad029d633c0,Localization Stability,TF,Jump Angular,0,176.8
0df20d742ebf81b18a726ad029d633c0,Localization Stability,TF,Jump Linear,0,176.8
0df20d742ebf81b18a726ad029d633c0,Input Validity,Lidar,Lidar Rate,10,175.92
0df20d742ebf81b18a726ad029d633c0,Input Validity,Odometry,Odometry Rate,50,175.92
0df20d742ebf81b18a726ad029d633c0,Input Validity,TF,TF Rate,10,175.92
0df20d742ebf81b18a726ad029d633c0,Localization Stability,TF,Jump Angular,0,176.9
0df20d742ebf81b18a726ad029d633c0,Localization Stability,TF,Jump Linear,0,176.9
0df20d742ebf81b18a726ad029d633c0,Input Validity,Lidar,Lidar Rate,10,176.02
0df20d742ebf81b18a726ad029d633c0,Input Validity,Odometry,Odometry Rate,50,176.02
0df20d742ebf81b18a726ad029d633c0,Input Validity,TF,TF Rate,10,176.02
0df20d742ebf81b18a726ad029d633c0,Localization Quality,AMCLPose,CovYawYaw,0.0156156,176
0df20d742ebf81b18a726ad029d633c0,Localization Quality,AMCLPose,CovYY,0.0270684,176
0df20d742ebf81b18a726ad029d633c0,Localization Quality,AMCLPose,CovXX,0.026055,176
0df20d742ebf81b18a726ad029d633c0,Localization Quality,AMCLPose,MeanYaw,0.781978,176
0df20d742ebf81b18a726ad029d633c0,Localization Quality,AMCLPose,MeanY,-0.194923,176
0df20d742ebf81b18a726ad029d633c0,Localization Quality,AMCLPose,MeanX,-2.27891,176
0df20d742ebf81b18a726ad029d633c0,Localization Stability,TF,Jump Angular,0.00204127,177
0df20d742ebf81b18a726ad029d633c0,Localization Stability,TF,Jump Linear,0.00462029,177
0df20d742ebf81b18a726ad029d633c0,Input Validity,Lidar,Lidar Rate,10,176.12
0df20d742ebf81b18a726ad029d633c0,Input Validity,Odometry,Odometry Rate,50,176.12
0df20d742ebf81b18a726ad029d633c0,Input Validity,TF,TF Rate,10,176.12
0df20d742ebf81b18a726ad029d633c0,Localization Stability,TF,Jump Angular,0,177.1
0df20d742ebf81b18a726ad029d633c0,Localization Stability,TF,Jump Linear,0,177.1
0df20d742ebf81b18a726ad029d633c0,Input Validity,Lidar,Lidar Rate,10,176.22
0df20d742ebf81b18a726ad029d633c0,Input Validity,Odometry,Odometry Rate,50,176.22
0df20d742ebf81b18a726ad029d633c0,Input Validity,TF,TF Rate,10,176.22
0df20d742ebf81b18a726ad029d633c0,Localization Stability,TF,Jump Angular,0,177.2
0df20d742ebf81b18a726ad029d633c0,Localization Stability,TF,Jump Linear,0,177.2
0df20d742ebf81b18a726ad029d633c0,Input Validity,Lidar,Lidar Rate,10,176.32
0df20d742ebf81b18a726ad029d633c0,Input Validity,Odometry,Odometry Rate,50,176.32
0df20d742ebf81b18a726ad029d633c0,Input Validity,TF,TF Rate,10,176.32
0df20d742ebf81b18a726ad029d633c0,Localization Quality,AMCLPose,CovYawYaw,0.0175588,176.3
0df20d742ebf81b18a726ad029d633c0,Localization Quality,AMCLPose,CovYY,0.02957,176.3
0df20d742ebf81b18a726ad029d633c0,Localization Quality,AMCLPose,CovXX,0.0293254,176.3
0df20d742ebf81b18a726ad029d633c0,Localization Quality,AMCLPose,MeanYaw,0.782442,176.3
0df20d742ebf81b18a726ad029d633c0,Localization Quality,AMCLPose,MeanY,-0.0988199,176.3
0df20d742ebf81b18a726ad029d633c0,Localization Quality,AMCLPose,MeanX,-2.17725,176.3
0df20d742ebf81b18a726ad029d633c0,Localization Stability,TF,Jump Angular,-0.000278077,177.3
0df20d742ebf81b18a726ad029d633c0,Localization Stability,TF,Jump Linear,0.00605045,177.3
0df20d742ebf81b18a726ad029d633c0,Input Validity,Lidar,Lidar Rate,10,176.42
0df20d742ebf81b18a726ad029d633c0,Input Validity,Odometry,Odometry Rate,50,176.42
0df20d742ebf81b18a726ad029d633c0,Input Validity,TF,TF Rate,10,176.42
0df20d742ebf81b18a726ad029d633c0,Localization Stability,TF,Jump Angular,0,177.4
0df20d742ebf81b18a726ad029d633c0,Localization Stability,TF,Jump Linear,0,177.4
0df20d742ebf81b18a726ad029d633c0,Input Validity,Lidar,Lidar Rate,10,176.51
0df20d742ebf81b18a726ad029d633c0,Input Validity,Odometry,Odometry Rate,50,176.51
0df20d742ebf81b18a726ad029d633c0,Input Validity,TF,TF Rate,10,176.51
0df20d742ebf81b18a726ad029d633c0,Localization Stability,TF,Jump Angular,0,177.5
0df20d742ebf81b18a726ad029d633c0,Localization Stability,TF,Jump Linear,0,177.5
0df20d742ebf81b18a726ad029d633c0,Input Validity,Lidar,Lidar Rate,10,176.61
0df20d742ebf81b18a726ad029d633c0,Input Validity,Odometry,Odometry Rate,50,176.61
0df20d742ebf81b18a726ad029d633c0,Input Validity,TF,TF Rate,10,176.61
0df20d742ebf81b18a726ad029d633c0,Localization Quality,AMCLPose,CovYawYaw,0.0199681,176.6
0df20d742ebf81b18a726ad029d633c0,Localization Quality,AMCLPose,CovYY,0.0346366,176.6
0df20d742ebf81b18a726ad029d633c0,Localization Quality,AMCLPose,CovXX,0.0295467,176.6
0df20d742ebf81b18a726ad029d633c0,Localization Quality,AMCLPose,MeanYaw,0.772865,176.6
0df20d742ebf81b18a726ad029d633c0,Localization Quality,AMCLPose,MeanY,-0.00345078,176.6
0df20d742ebf81b18a726ad029d633c0,Localization Quality,AMCLPose,MeanX,-2.08532,176.6
0df20d742ebf81b18a726ad029d633c0,Localization Stability,TF,Jump Angular,0.000376454,177.6
0df20d742ebf81b18a726ad029d633c0,Localization Stability,TF,Jump Linear,0.00451183,177.6
0df20d742ebf81b18a726ad029d633c0,Input Validity,Lidar,Lidar Rate,10,176.71
0df20d742ebf81b18a726ad029d633c0,Input Validity,Odometry,Odometry Rate,50,176.71
0df20d742ebf81b18a726ad029d633c0,Input Validity,TF,TF Rate,10,176.71
0df20d742ebf81b18a726ad029d633c0,Localization Stability,TF,Jump Angular,0,177.7
0df20d742ebf81b18a726ad029d633c0,Localization Stability,TF,Jump Linear,0,177.7
0df20d742ebf81b18a726ad029d633c0,Input Validity,Lidar,Lidar Rate,10,176.81
0df20d742ebf81b18a726ad029d633c0,Input Validity,Odometry,Odometry Rate,50,176.81
0df20d742ebf81b18a726ad029d633c0,Input Validity,TF,TF Rate,10,176.81
0df20d742ebf81b18a726ad029d633c0,Localization Stability,TF,Jump Angular,0,177.8
0df20d742ebf81b18a726ad029d633c0,Localization Stability,TF,Jump Linear,0,177.8
0df20d742ebf81b18a726ad029d633c0,Input Validity,Lidar,Lidar Rate,10,176.91
0df20d742ebf81b18a726ad029d633c0,Input Validity,Odometry,Odometry Rate,50,176.91
0df20d742ebf81b18a726ad029d633c0,Input Validity,TF,TF Rate,10,176.91
0df20d742ebf81b18a726ad029d633c0,Input Validity,Lidar,Lidar Rate,10,177.01
0df20d742ebf81b18a726ad029d633c0,Input Validity,Odometry,Odometry Rate,50,177.01
0df20d742ebf81b18a726ad029d633c0,Input Validity,TF,TF Rate,10,177.01
0df20d742ebf81b18a726ad029d633c0,Localization Quality,AMCLPose,CovYawYaw,0.021665,176.9
0df20d742ebf81b18a726ad029d633c0,Localization Quality,AMCLPose,CovYY,0.0376084,176.9
0df20d742ebf81b18a726ad029d633c0,Localization Quality,AMCLPose,CovXX,0.0326874,176.9
0df20d742ebf81b18a726ad029d633c0,Localization Quality,AMCLPose,MeanYaw,0.765472,176.9
0df20d742ebf81b18a726ad029d633c0,Localization Quality,AMCLPose,MeanY,0.083237,176.9
0df20d742ebf81b18a726ad029d633c0,Localization Quality,AMCLPose,MeanX,-1.98736,176.9
0df20d742ebf81b18a726ad029d633c0,Localization Stability,TF,Jump Angular,-0.00242247,177.9
0df20d742ebf81b18a726ad029d633c0,Localization Stability,TF,Jump Linear,0.0116555,177.9
0df20d742ebf81b18a726ad029d633c0,Input Validity,Lidar,Lidar Rate,10,177.1
0df20d742ebf81b18a726ad029d633c0,Input Validity,Odometry,Odometry Rate,50,177.1
0df20d742ebf81b18a726ad029d633c0,Input Validity,TF,TF Rate,10,177.1
0df20d742ebf81b18a726ad029d633c0,Localization Stability,TF,Jump Angular,0,178
0df20d742ebf81b18a726ad029d633c0,Localization Stability,TF,Jump Linear,0,178
0df20d742ebf81b18a726ad029d633c0,Input Validity,Lidar,Lidar Rate,10,177.2
0df20d742ebf81b18a726ad029d633c0,Input Validity,Odometry,Odometry Rate,50,177.2
0df20d742ebf81b18a726ad029d633c0,Input Validity,TF,TF Rate,10,177.2
0df20d742ebf81b18a726ad029d633c0,Localization Stability,TF,Jump Angular,0,178.1
0df20d742ebf81b18a726ad029d633c0,Localization Stability,TF,Jump Linear,0,178.1
0df20d742ebf81b18a726ad029d633c0,Input Validity,Lidar,Lidar Rate,10,177.28
0df20d742ebf81b18a726ad029d633c0,Input Validity,Odometry,Odometry Rate,50,177.28
0df20d742ebf81b18a726ad029d633c0,Input Validity,TF,TF Rate,10,177.28
0df20d742ebf81b18a726ad029d633c0,Localization Quality,AMCLPose,CovYawYaw,0.0234298,177.2
0df20d742ebf81b18a726ad029d633c0,Localization Quality,AMCLPose,CovYY,0.04293,177.2
0df20d742ebf81b18a726ad029d633c0,Localization Quality,AMCLPose,CovXX,0.0385894,177.2
0df20d742ebf81b18a726ad029d633c0,Localization Quality,AMCLPose,MeanYaw,0.755855,177.2
0df20d742ebf81b18a726ad029d633c0,Localization Quality,AMCLPose,MeanY,0.173624,177.2
0df20d742ebf81b18a726ad029d633c0,Localization Quality,AMCLPose,MeanX,-1.88203,177.2
0df20d742ebf81b18a726ad029d633c0,Localization Stability,TF,Jump Angular,-0.00688157,178.2
0df20d742ebf81b18a726ad029d633c0,Localization Stability,TF,Jump Linear,0.0168655,178.2
0df20d742ebf81b18a726ad029d633c0,Localization Stability,TF,Jump Angular,0,178.3
0df20d742ebf81b18a726ad029d633c0,Localization Stability,TF,Jump Linear,0,178.3
0df20d742ebf81b18a726ad029d633c0,Input Validity,Lidar,Lidar Rate,10,177.38
0df20d742ebf81b18a726ad029d633c0,Input Validity,Odometry,Odometry Rate,50,177.38
0df20d742ebf81b18a726ad029d633c0,Input Validity,TF,TF Rate,10,177.38
0df20d742ebf81b18a726ad029d633c0,Input Validity,Lidar,Lidar Rate,10,177.48
0df20d742ebf81b18a726ad029d633c0,Input Validity,Odometry,Odometry Rate,50,177.48
0df20d742ebf81b18a726ad029d633c0,Input Validity,TF,TF Rate,10,177.48
0df20d742ebf81b18a726ad029d633c0,Localization Stability,TF,Jump Angular,0,178.4
0df20d742ebf81b18a726ad029d633c0,Localization Stability,TF,Jump Linear,0,178.4
0df20d742ebf81b18a726ad029d633c0,Input Validity,Lidar,Lidar Rate,10,177.58
0df20d742ebf81b18a726ad029d633c0,Input Validity,Odometry,Odometry Rate,50,177.58
0df20d742ebf81b18a726ad029d633c0,Input Validity,TF,TF Rate,10,177.58
0df20d742ebf81b18a726ad029d633c0,Localization Quality,AMCLPose,CovYawYaw,0.0253608,177.5
0df20d742ebf81b18a726ad029d633c0,Localization Quality,AMCLPose,CovYY,0.0466086,177.5
0df20d742ebf81b18a726ad029d633c0,Localization Quality,AMCLPose,CovXX,0.0429542,177.5
0df20d742ebf81b18a726ad029d633c0,Localization Quality,AMCLPose,MeanYaw,0.762382,177.5
0df20d742ebf81b18a726ad029d633c0,Localization Quality,AMCLPose,MeanY,0.272512,177.5
0df20d742ebf81b18a726ad029d633c0,Localization Quality,AMCLPose,MeanX,-1.78632,177.5
0df20d742ebf81b18a726ad029d633c0,Localization Stability,TF,Jump Angular,-0.00127157,178.5
0df20d742ebf81b18a726ad029d633c0,Localization Stability,TF,Jump Linear,0.00475627,178.5
0df20d742ebf81b18a726ad029d633c0,Input Validity,Lidar,Lidar Rate,10,177.68
0df20d742ebf81b18a726ad029d633c0,Input Validity,Odometry,Odometry Rate,50,177.68
0df20d742ebf81b18a726ad029d633c0,Input Validity,TF,TF Rate,10,177.68
0df20d742ebf81b18a726ad029d633c0,Localization Stability,TF,Jump Angular,0,178.6
0df20d742ebf81b18a726ad029d633c0,Localization Stability,TF,Jump Linear,0,178.6
0df20d742ebf81b18a726ad029d633c0,Input Validity,Lidar,Lidar Rate,10,177.77
0df20d742ebf81b18a726ad029d633c0,Input Validity,Odometry,Odometry Rate,50,177.77
0df20d742ebf81b18a726ad029d633c0,Input Validity,TF,TF Rate,10,177.77
0df20d742ebf81b18a726ad029d633c0,Localization Stability,TF,Jump Angular,0,178.7
0df20d742ebf81b18a726ad029d633c0,Localization Stability,TF,Jump Linear,0,178.7
0df20d742ebf81b18a726ad029d633c0,Input Validity,Lidar,Lidar Rate,10,177.87
0df20d742ebf81b18a726ad029d633c0,Input Validity,Odometry,Odometry Rate,50,177.87
0df20d742ebf81b18a726ad029d633c0,Input Validity,TF,TF Rate,10,177.87
0df20d742ebf81b18a726ad029d633c0,Localization Quality,AMCLPose,CovYawYaw,0.0277832,177.8
0df20d742ebf81b18a726ad029d633c0,Localization Quality,AMCLPose,CovYY,0.0515326,177.8
0df20d742ebf81b18a726ad029d633c0,Localization Quality,AMCLPose,CovXX,0.047698,177.8
0df20d742ebf81b18a726ad029d633c0,Localization Quality,AMCLPose,MeanYaw,0.773915,177.8
0df20d742ebf81b18a726ad029d633c0,Localization Quality,AMCLPose,MeanY,0.362693,177.8
0df20d742ebf81b18a726ad029d633c0,Localization Quality,AMCLPose,MeanX,-1.68565,177.8
0df20d742ebf81b18a726ad029d633c0,Localization Stability,TF,Jump Angular,6.82498e-05,178.8
0df20d742ebf81b18a726ad029d633c0,Localization Stability,TF,Jump Linear,0.0050815,178.8
0df20d742ebf81b18a726ad029d633c0,Input Validity,Lidar,Lidar Rate,10,177.97
0df20d742ebf81b18a726ad029d633c0,Input Validity,Odometry,Odometry Rate,50,177.97
0df20d742ebf81b18a726ad029d633c0,Input Validity,TF,TF Rate,10,177.97
0df20d742ebf81b18a726ad029d633c0,Localization Stability,TF,Jump Angular,0,178.9
0df20d742ebf81b18a726ad029d633c0,Localization Stability,TF,Jump Linear,0,178.9
0df20d742ebf81b18a726ad029d633c0,Input Validity,Lidar,Lidar Rate,10,178.07
0df20d742ebf81b18a726ad029d633c0,Input Validity,Odometry,Odometry Rate,50,178.07
0df20d742ebf81b18a726ad029d633c0,Input Validity,TF,TF Rate,10,178.07
0df20d742ebf81b18a726ad029d633c0,Localization Stability,TF,Jump Angular,0,179
0df20d742ebf81b18a726ad029d633c0,Localization Stability,TF,Jump Linear,0,179
0df20d742ebf81b18a726ad029d633c0,Input Validity,Lidar,Lidar Rate,10,178.17
0df20d742ebf81b18a726ad029d633c0,Input Validity,Odometry,Odometry Rate,50,178.17
0df20d742ebf81b18a726ad029d633c0,Input Validity,TF,TF Rate,10,178.17
0df20d742ebf81b18a726ad029d633c0,Localization Stability,TF,Jump Angular,0,179.1
0df20d742ebf81b18a726ad029d633c0,Localization Stability,TF,Jump Linear,0,179.1
0df20d742ebf81b18a726ad029d633c0,Input Validity,Lidar,Lidar Rate,10,178.27
0df20d742ebf81b18a726ad029d633c0,Input Validity,Odometry,Odometry Rate,50,178.27
0df20d742ebf81b18a726ad029d633c0,Input Validity,TF,TF Rate,10,178.27
0df20d742ebf81b18a726ad029d633c0,Localization Quality,AMCLPose,CovYawYaw,0.0300873,178.2
0df20d742ebf81b18a726ad029d633c0,Localization Quality,AMCLPose,CovYY,0.059301,178.2
0df20d742ebf81b18a726ad029d633c0,Localization Quality,AMCLPose,CovXX,0.0574067,178.2
0df20d742ebf81b18a726ad029d633c0,Localization Quality,AMCLPose,MeanYaw,0.789866,178.2
0df20d742ebf81b18a726ad029d633c0,Localization Quality,AMCLPose,MeanY,0.497535,178.2
0df20d742ebf81b18a726ad029d633c0,Localization Quality,AMCLPose,MeanX,-1.56151,178.2
0df20d742ebf81b18a726ad029d633c0,Localization Stability,TF,Jump Angular,0.00311412,179.2
0df20d742ebf81b18a726ad029d633c0,Localization Stability,TF,Jump Linear,0.0128064,179.2
0df20d742ebf81b18a726ad029d633c0,Input Validity,Lidar,Lidar Rate,10,178.37
0df20d742ebf81b18a726ad029d633c0,Input Validity,Odometry,Odometry Rate,50,178.37
0df20d742ebf81b18a726ad029d633c0,Input Validity,TF,TF Rate,10,178.37
0df20d742ebf81b18a726ad029d633c0,Localization Stability,TF,Jump Angular,0,179.3
0df20d742ebf81b18a726ad029d633c0,Localization Stability,TF,Jump Linear,0,179.3
0df20d742ebf81b18a726ad029d633c0,Input Validity,Lidar,Lidar Rate,10,178.46
0df20d742ebf81b18a726ad029d633c0,Input Validity,Odometry,Odometry Rate,50,178.46
0df20d742ebf81b18a726ad029d633c0,Input Validity,TF,TF Rate,10,178.46
0df20d742ebf81b18a726ad029d633c0,Localization Stability,TF,Jump Angular,0,179.4
0df20d742ebf81b18a726ad029d633c0,Localization Stability,TF,Jump Linear,0,179.4
0df20d742ebf81b18a726ad029d633c0,Input Validity,Lidar,Lidar Rate,10,178.56
0df20d742ebf81b18a726ad029d633c0,Input Validity,Odometry,Odometry Rate,50,178.56
0df20d742ebf81b18a726ad029d633c0,Input Validity,TF,TF Rate,10,178.56
0df20d742ebf81b18a726ad029d633c0,Localization Stability,TF,Jump Angular,0,179.5
0df20d742ebf81b18a726ad029d633c0,Localization Stability,TF,Jump Linear,0,179.5
0df20d742ebf81b18a726ad029d633c0,Localization Quality,AMCLPose,CovYawYaw,0.032784,178.6
0df20d742ebf81b18a726ad029d633c0,Localization Quality,AMCLPose,CovYY,0.0636553,178.6
0df20d742ebf81b18a726ad029d633c0,Localization Quality,AMCLPose,CovXX,0.0656047,178.6
0df20d742ebf81b18a726ad029d633c0,Localization Quality,AMCLPose,MeanYaw,0.732246,178.6
0df20d742ebf81b18a726ad029d633c0,Localization Quality,AMCLPose,MeanY,0.618538,178.6
0df20d742ebf81b18a726ad029d633c0,Localization Quality,AMCLPose,MeanX,-1.43537,178.6
0df20d742ebf81b18a726ad029d633c0,Localization Stability,TF,Jump Angular,0.00322767,179.6
0df20d742ebf81b18a726ad029d633c0,Localization Stability,TF,Jump Linear,0.00155855,179.6
0df20d742ebf81b18a726ad029d633c0,Input Validity,Lidar,Lidar Rate,10,178.66
0df20d742ebf81b18a726ad029d633c0,Input Validity,Odometry,Odometry Rate,50,178.66
0df20d742ebf81b18a726ad029d633c0,Input Validity,TF,TF Rate,10,178.66
0df20d742ebf81b18a726ad029d633c0,Input Validity,Lidar,Lidar Rate,10,178.76
0df20d742ebf81b18a726ad029d633c0,Input Validity,Odometry,Odometry Rate,50,178.76
0df20d742ebf81b18a726ad029d633c0,Input Validity,TF,TF Rate,10,178.76
0df20d742ebf81b18a726ad029d633c0,Localization Stability,TF,Jump Angular,0,179.7
0df20d742ebf81b18a726ad029d633c0,Localization Stability,TF,Jump Linear,0,179.7
0df20d742ebf81b18a726ad029d633c0,Input Validity,Lidar,Lidar Rate,10,178.86
0df20d742ebf81b18a726ad029d633c0,Input Validity,Odometry,Odometry Rate,50,178.86
0df20d742ebf81b18a726ad029d633c0,Input Validity,TF,TF Rate,10,178.86
0df20d742ebf81b18a726ad029d633c0,Localization Quality,AMCLPose,CovYawYaw,0.0319662,178.8
0df20d742ebf81b18a726ad029d633c0,Localization Quality,AMCLPose,CovYY,0.0645333,178.8
0df20d742ebf81b18a726ad029d633c0,Localization Quality,AMCLPose,CovXX,0.0677383,178.8
0df20d742ebf81b18a726ad029d633c0,Localization Quality,AMCLPose,MeanYaw,0.678766,178.8
0df20d742ebf81b18a726ad029d633c0,Localization Quality,AMCLPose,MeanY,0.676877,178.8
0df20d742ebf81b18a726ad029d633c0,Localization Quality,AMCLPose,MeanX,-1.36654,178.8
0df20d742ebf81b18a726ad029d633c0,Localization Stability,TF,Jump Angular,-0.000551887,179.8
0df20d742ebf81b18a726ad029d633c0,Localization Stability,TF,Jump Linear,0.000595911,179.8
0df20d742ebf81b18a726ad029d633c0,Input Validity,Lidar,Lidar Rate,10,178.95
0df20d742ebf81b18a726ad029d633c0,Input Validity,Odometry,Odometry Rate,50,178.95
0df20d742ebf81b18a726ad029d633c0,Input Validity,TF,TF Rate,10,178.95
0df20d742ebf81b18a726ad029d633c0,Localization Stability,TF,Jump Angular,0,179.9
0df20d742ebf81b18a726ad029d633c0,Localization Stability,TF,Jump Linear,0,179.9
0df20d742ebf81b18a726ad029d633c0,Input Validity,Lidar,Lidar Rate,10,179.05
0df20d742ebf81b18a726ad029d633c0,Input Validity,Odometry,Odometry Rate,50,179.05
0df20d742ebf81b18a726ad029d633c0,Input Validity,TF,TF Rate,10,179.05
0df20d742ebf81b18a726ad029d633c0,Localization Stability,TF,Jump Angular,0,180
0df20d742ebf81b18a726ad029d633c0,Localization Stability,TF,Jump Linear,0,180
0df20d742ebf81b18a726ad029d633c0,Input Validity,Lidar,Lidar Rate,10,179.15
0df20d742ebf81b18a726ad029d633c0,Input Validity,Odometry,Odometry Rate,50,179.15
0df20d742ebf81b18a726ad029d633c0,Input Validity,TF,TF Rate,10,179.15
0df20d742ebf81b18a726ad029d633c0,Localization Quality,AMCLPose,CovYawYaw,0.0347367,179.1
0df20d742ebf81b18a726ad029d633c0,Localization Quality,AMCLPose,CovYY,0.0705062,179.1
0df20d742ebf81b18a726ad029d633c0,Localization Quality,AMCLPose,CovXX,0.0712848,179.1
0df20d742ebf81b18a726ad029d633c0,Localization Quality,AMCLPose,MeanYaw,0.619906,179.1
0df20d742ebf81b18a726ad029d633c0,Localization Quality,AMCLPose,MeanY,0.752723,179.1
0df20d742ebf81b18a726ad029d633c0,Localization Quality,AMCLPose,MeanX,-1.25501,179.1
0df20d742ebf81b18a726ad029d633c0,Localization Stability,TF,Jump Angular,-0.00507481,180.1
0df20d742ebf81b18a726ad029d633c0,Localization Stability,TF,Jump Linear,0.0112876,180.1
0df20d742ebf81b18a726ad029d633c0,Input Validity,Lidar,Lidar Rate,10,179.25
0df20d742ebf81b18a726ad029d633c0,Input Validity,Odometry,Odometry Rate,50,179.25
0df20d742ebf81b18a726ad029d633c0,Input Validity,TF,TF Rate,10,179.25
0df20d742ebf81b18a726ad029d633c0,Localization Stability,TF,Jump Angular,0,180.2
0df20d742ebf81b18a726ad029d633c0,Localization Stability,TF,Jump Linear,0,180.2
0df20d742ebf81b18a726ad029d633c0,Input Validity,Lidar,Lidar Rate,10,179.35
0df20d742ebf81b18a726ad029d633c0,Input Validity,Odometry,Odometry Rate,50,179.35
0df20d742ebf81b18a726ad029d633c0,Input Validity,TF,TF Rate,10,179.35
0df20d742ebf81b18a726ad029d633c0,Localization Stability,TF,Jump Angular,0,180.3
0df20d742ebf81b18a726ad029d633c0,Localization Stability,TF,Jump Linear,0,180.3
0df20d742ebf81b18a726ad029d633c0,Input Validity,Lidar,Lidar Rate,10,179.45
0df20d742ebf81b18a726ad029d633c0,Input Validity,Odometry,Odometry Rate,50,179.45
0df20d742ebf81b18a726ad029d633c0,Input Validity,TF,TF Rate,10,179.45
0df20d742ebf81b18a726ad029d633c0,Localization Quality,AMCLPose,CovYawYaw,0.0359477,179.4
0df20d742ebf81b18a726ad029d633c0,Localization Quality,AMCLPose,CovYY,0.074161,179.4
0df20d742ebf81b18a726ad029d633c0,Localization Quality,AMCLPose,CovXX,0.0727643,179.4
0df20d742ebf81b18a726ad029d633c0,Localization Quality,AMCLPose,MeanYaw,0.576521,179.4
0df20d742ebf81b18a726ad029d633c0,Localization Quality,AMCLPose,MeanY,0.830379,179.4
0df20d742ebf81b18a726ad029d633c0,Localization Quality,AMCLPose,MeanX,-1.14478,179.4
0df20d742ebf81b18a726ad029d633c0,Localization Stability,TF,Jump Angular,-0.000261677,180.4
0df20d742ebf81b18a726ad029d633c0,Localization Stability,TF,Jump Linear,0.00168497,180.4
0df20d742ebf81b18a726ad029d633c0,Input Validity,Lidar,Lidar Rate,10,179.55
0df20d742ebf81b18a726ad029d633c0,Input Validity,Odometry,Odometry Rate,50,179.55
0df20d742ebf81b18a726ad029d633c0,Input Validity,TF,TF Rate,10,179.55
0df20d742ebf81b18a726ad029d633c0,Localization Quality,AMCLPose,CovYawYaw,0.0189305,179.5
0df20d742ebf81b18a726ad029d633c0,Localization Quality,AMCLPose,CovYY,0.0552664,179.5
0df20d742ebf81b18a726ad029d633c0,Localization Quality,AMCLPose,CovXX,0.0384249,179.5
0df20d742ebf81b18a726ad029d633c0,Localization Quality,AMCLPose,MeanYaw,0.541459,179.5
0df20d742ebf81b18a726ad029d633c0,Localization Quality,AMCLPose,MeanY,0.891468,179.5
0df20d742ebf81b18a726ad029d633c0,Localization Quality,AMCLPose,MeanX,-1.14502,179.5
0df20d742ebf81b18a726ad029d633c0,Localization Stability,TF,Jump Angular,0.0195919,180.5
0df20d742ebf81b18a726ad029d633c0,Localization Stability,TF,Jump Linear,0.0615975,180.5
0df20d742ebf81b18a726ad029d633c0,Input Validity,Lidar,Lidar Rate,10,179.65
0df20d742ebf81b18a726ad029d633c0,Input Validity,Odometry,Odometry Rate,50,179.65
0df20d742ebf81b18a726ad029d633c0,Input Validity,TF,TF Rate,10,179.65
0df20d742ebf81b18a726ad029d633c0,Localization Quality,AMCLPose,CovYawYaw,0.00949632,179.6
0df20d742ebf81b18a726ad029d633c0,Localization Quality,AMCLPose,CovYY,0.0419228,179.6
0df20d742ebf81b18a726ad029d633c0,Localization Quality,AMCLPose,CovXX,0.0208598,179.6
0df20d742ebf81b18a726ad029d633c0,Localization Quality,AMCLPose,MeanYaw,0.496985,179.6
0df20d742ebf81b18a726ad029d633c0,Localization Quality,AMCLPose,MeanY,0.933953,179.6
0df20d742ebf81b18a726ad029d633c0,Localization Quality,AMCLPose,MeanX,-1.12415,179.6
0df20d742ebf81b18a726ad029d633c0,Localization Stability,TF,Jump Angular,0.011058,180.6
0df20d742ebf81b18a726ad029d633c0,Localization Stability,TF,Jump Linear,0.0323128,180.6
0df20d742ebf81b18a726ad029d633c0,Input Validity,Lidar,Lidar Rate,10,179.75
0df20d742ebf81b18a726ad029d633c0,Input Validity,Odometry,Odometry Rate,50,179.75
0df20d742ebf81b18a726ad029d633c0,Input Validity,TF,TF Rate,10,179.75
0df20d742ebf81b18a726ad029d633c0,Localization Quality,AMCLPose,CovYawYaw,0.00662026,179.7
0df20d742ebf81b18a726ad029d633c0,Localization Quality,AMCLPose,CovYY,0.0341182,179.7
0df20d742ebf81b18a726ad029d633c0,Localization Quality,AMCLPose,CovXX,0.0133341,179.7
0df20d742ebf81b18a726ad029d633c0,Localization Quality,AMCLPose,MeanYaw,0.445951,179.7
0df20d742ebf81b18a726ad029d633c0,Localization Quality,AMCLPose,MeanY,0.954272,179.7
0df20d742ebf81b18a726ad029d633c0,Localization Quality,AMCLPose,MeanX,-1.08767,179.7
0df20d742ebf81b18a726ad029d633c0,Localization Stability,TF,Jump Angular,-0.000132497,180.7
0df20d742ebf81b18a726ad029d633c0,Localization Stability,TF,Jump Linear,0.00370547,180.7
0df20d742ebf81b18a726ad029d633c0,Input Validity,Lidar,Lidar Rate,10,179.85
0df20d742ebf81b18a726ad029d633c0,Input Validity,Odometry,Odometry Rate,50,179.85
0df20d742ebf81b18a726ad029d633c0,Input Validity,TF,TF Rate,10,179.85
0df20d742ebf81b18a726ad029d633c0,Localization Stability,TF,Jump Angular,0,180.8
0df20d742ebf81b18a726ad029d633c0,Localization Stability,TF,Jump Linear,0,180.8
0df20d742ebf81b18a726ad029d633c0,Input Validity,Lidar,Lidar Rate,10,179.93
0df20d742ebf81b18a726ad029d633c0,Input Validity,Odometry,Odometry Rate,50,179.93
0df20d742ebf81b18a726ad029d633c0,Input Validity,TF,TF Rate,10,179.93
0df20d742ebf81b18a726ad029d633c0,Localization Quality,AMCLPose,CovYawYaw,0.00440781,179.9
0df20d742ebf81b18a726ad029d633c0,Localization Quality,AMCLPose,CovYY,0.0261384,179.9
0df20d742ebf81b18a726ad029d633c0,Localization Quality,AMCLPose,CovXX,0.00973406,179.9
0df20d742ebf81b18a726ad029d633c0,Localization Quality,AMCLPose,MeanYaw,0.3556,179.9
0df20d742ebf81b18a726ad029d633c0,Localization Quality,AMCLPose,MeanY,0.976191,179.9
0df20d742ebf81b18a726ad029d633c0,Localization Quality,AMCLPose,MeanX,-1.0025,179.9
0df20d742ebf81b18a726ad029d633c0,Localization Stability,TF,Jump Angular,-0.00399208,180.9
0df20d742ebf81b18a726ad029d633c0,Localization Stability,TF,Jump Linear,0.0162485,180.9
0df20d742ebf81b18a726ad029d633c0,Input Validity,Lidar,Lidar Rate,10,180.03
0df20d742ebf81b18a726ad029d633c0,Input Validity,Odometry,Odometry Rate,50,180.03
0df20d742ebf81b18a726ad029d633c0,Input Validity,TF,TF Rate,10,180.03
0df20d742ebf81b18a726ad029d633c0,Localization Stability,TF,Jump Angular,0,181
0df20d742ebf81b18a726ad029d633c0,Localization Stability,TF,Jump Linear,0,181
0df20d742ebf81b18a726ad029d633c0,Input Validity,Lidar,Lidar Rate,10,180.13
0df20d742ebf81b18a726ad029d633c0,Input Validity,Odometry,Odometry Rate,50,180.13
0df20d742ebf81b18a726ad029d633c0,Input Validity,TF,TF Rate,10,180.13
0df20d742ebf81b18a726ad029d633c0,Localization Quality,AMCLPose,CovYawYaw,0.00333196,180.1
0df20d742ebf81b18a726ad029d633c0,Localization Quality,AMCLPose,CovYY,0.0195012,180.1
0df20d742ebf81b18a726ad029d633c0,Localization Quality,AMCLPose,CovXX,0.0086133,180.1
0df20d742ebf81b18a726ad029d633c0,Localization Quality,AMCLPose,MeanYaw,0.287783,180.1
0df20d742ebf81b18a726ad029d633c0,Localization Quality,AMCLPose,MeanY,0.994594,180.1
0df20d742ebf81b18a726ad029d633c0,Localization Quality,AMCLPose,MeanX,-0.914226,180.1
0df20d742ebf81b18a726ad029d633c0,Localization Stability,TF,Jump Angular,-0.00477214,181.1
0df20d742ebf81b18a726ad029d633c0,Localization Stability,TF,Jump Linear,0.0133038,181.1
0df20d742ebf81b18a726ad029d633c0,Input Validity,Lidar,Lidar Rate,10,180.23
0df20d742ebf81b18a726ad029d633c0,Input Validity,Odometry,Odometry Rate,50,180.23
0df20d742ebf81b18a726ad029d633c0,Input Validity,TF,TF Rate,10,180.23
0df20d742ebf81b18a726ad029d633c0,Localization Stability,TF,Jump Angular,0,181.2
0df20d742ebf81b18a726ad029d633c0,Localization Stability,TF,Jump Linear,0,181.2
0df20d742ebf81b18a726ad029d633c0,Input Validity,Lidar,Lidar Rate,10,180.33
0df20d742ebf81b18a726ad029d633c0,Input Validity,Odometry,Odometry Rate,50,180.33
0df20d742ebf81b18a726ad029d633c0,Input Validity,TF,TF Rate,10,180.33
0df20d742ebf81b18a726ad029d633c0,Localization Stability,TF,Jump Angular,0,181.3
0df20d742ebf81b18a726ad029d633c0,Localization Stability,TF,Jump Linear,0,181.3
0df20d742ebf81b18a726ad029d633c0,Input Validity,Lidar,Lidar Rate,10,180.43
0df20d742ebf81b18a726ad029d633c0,Input Validity,Odometry,Odometry Rate,50,180.43
0df20d742ebf81b18a726ad029d633c0,Input Validity,TF,TF Rate,10,180.43
0df20d742ebf81b18a726ad029d633c0,Localization Quality,AMCLPose,CovYawYaw,0.00351907,180.4
0df20d742ebf81b18a726ad029d633c0,Localization Quality,AMCLPose,CovYY,0.014197,180.4
0df20d742ebf81b18a726ad029d633c0,Localization Quality,AMCLPose,CovXX,0.00716199,180.4
0df20d742ebf81b18a726ad029d633c0,Localization Quality,AMCLPose,MeanYaw,0.236818,180.4
0df20d742ebf81b18a726ad029d633c0,Localization Quality,AMCLPose,MeanY,1.02196,180.4
0df20d742ebf81b18a726ad029d633c0,Localization Quality,AMCLPose,MeanX,-0.775204,180.4
0df20d742ebf81b18a726ad029d633c0,Localization Stability,TF,Jump Angular,-0.000752275,181.4
0df20d742ebf81b18a726ad029d633c0,Localization Stability,TF,Jump Linear,0.0110942,181.4
0df20d742ebf81b18a726ad029d633c0,Input Validity,Lidar,Lidar Rate,10,180.53
0df20d742ebf81b18a726ad029d633c0,Input Validity,Odometry,Odometry Rate,50,180.53
0df20d742ebf81b18a726ad029d633c0,Input Validity,TF,TF Rate,10,180.53
0df20d742ebf81b18a726ad029d633c0,Localization Stability,TF,Jump Angular,0,181.5
0df20d742ebf81b18a726ad029d633c0,Localization Stability,TF,Jump Linear,0,181.5
0df20d742ebf81b18a726ad029d633c0,Input Validity,Lidar,Lidar Rate,10,180.63
0df20d742ebf81b18a726ad029d633c0,Input Validity,Odometry,Odometry Rate,50,180.63
0df20d742ebf81b18a726ad029d633c0,Input Validity,TF,TF Rate,10,180.63
0df20d742ebf81b18a726ad029d633c0,Localization Quality,AMCLPose,CovYawYaw,0.00276627,180.6
0df20d742ebf81b18a726ad029d633c0,Localization Quality,AMCLPose,CovYY,0.00896867,180.6
0df20d742ebf81b18a726ad029d633c0,Localization Quality,AMCLPose,CovXX,0.00679003,180.6
0df20d742ebf81b18a726ad029d633c0,Localization Quality,AMCLPose,MeanYaw,0.177783,180.6
0df20d742ebf81b18a726ad029d633c0,Localization Quality,AMCLPose,MeanY,1.04038,180.6
0df20d742ebf81b18a726ad029d633c0,Localization Quality,AMCLPose,MeanX,-0.682016,180.6
0df20d742ebf81b18a726ad029d633c0,Localization Stability,TF,Jump Angular,-0.00112889,181.6
0df20d742ebf81b18a726ad029d633c0,Localization Stability,TF,Jump Linear,0.00439744,181.6
0df20d742ebf81b18a726ad029d633c0,Input Validity,Lidar,Lidar Rate,10,180.73
0df20d742ebf81b18a726ad029d633c0,Input Validity,Odometry,Odometry Rate,50,180.73
0df20d742ebf81b18a726ad029d633c0,Input Validity,TF,TF Rate,10,180.73
0df20d742ebf81b18a726ad029d633c0,Localization Stability,TF,Jump Angular,0,181.7
0df20d742ebf81b18a726ad029d633c0,Localization Stability,TF,Jump Linear,0,181.7
0df20d742ebf81b18a726ad029d633c0,Input Validity,Lidar,Lidar Rate,10,180.83
0df20d742ebf81b18a726ad029d633c0,Input Validity,Odometry,Odometry Rate,50,180.83
0df20d742ebf81b18a726ad029d633c0,Input Validity,TF,TF Rate,10,180.83
0df20d742ebf81b18a726ad029d633c0,Localization Quality,AMCLPose,CovYawYaw,0.00255142,180.8
0df20d742ebf81b18a726ad029d633c0,Localization Quality,AMCLPose,CovYY,0.00621559,180.8
0df20d742ebf81b18a726ad029d633c0,Localization Quality,AMCLPose,CovXX,0.0063347,180.8
0df20d742ebf81b18a726ad029d633c0,Localization Quality,AMCLPose,MeanYaw,0.11385,180.8
0df20d742ebf81b18a726ad029d633c0,Localization Quality,AMCLPose,MeanY,1.05056,180.8
0df20d742ebf81b18a726ad029d633c0,Localization Quality,AMCLPose,MeanX,-0.590729,180.8
0df20d742ebf81b18a726ad029d633c0,Localization Stability,TF,Jump Angular,0.000127619,181.8
0df20d742ebf81b18a726ad029d633c0,Localization Stability,TF,Jump Linear,0.00363229,181.8
0df20d742ebf81b18a726ad029d633c0,Input Validity,Lidar,Lidar Rate,10,180.93
0df20d742ebf81b18a726ad029d633c0,Input Validity,Odometry,Odometry Rate,50,180.93
0df20d742ebf81b18a726ad029d633c0,Input Validity,TF,TF Rate,10,180.93
0df20d742ebf81b18a726ad029d633c0,Localization Stability,TF,Jump Angular,0,181.9
0df20d742ebf81b18a726ad029d633c0,Localization Stability,TF,Jump Linear,0,181.9
0df20d742ebf81b18a726ad029d633c0,Input Validity,Lidar,Lidar Rate,10,181.03
0df20d742ebf81b18a726ad029d633c0,Input Validity,Odometry,Odometry Rate,50,181.03
0df20d742ebf81b18a726ad029d633c0,Input Validity,TF,TF Rate,10,181.03
0df20d742ebf81b18a726ad029d633c0,Localization Stability,TF,Jump Angular,0,182
0df20d742ebf81b18a726ad029d633c0,Localization Stability,TF,Jump Linear,0,182
0df20d742ebf81b18a726ad029d633c0,Input Validity,Lidar,Lidar Rate,10,181.13
0df20d742ebf81b18a726ad029d633c0,Input Validity,Odometry,Odometry Rate,50,181.13
0df20d742ebf81b18a726ad029d633c0,Input Validity,TF,TF Rate,10,181.13
0df20d742ebf81b18a726ad029d633c0,Localization Quality,AMCLPose,CovYawYaw,0.00300016,181.1
0df20d742ebf81b18a726ad029d633c0,Localization Quality,AMCLPose,CovYY,0.00463127,181.1
0df20d742ebf81b18a726ad029d633c0,Localization Quality,AMCLPose,CovXX,0.00636874,181.1
0df20d742ebf81b18a726ad029d633c0,Localization Quality,AMCLPose,MeanYaw,0.0439745,181.1
0df20d742ebf81b18a726ad029d633c0,Localization Quality,AMCLPose,MeanY,1.05812,181.1
0df20d742ebf81b18a726ad029d633c0,Localization Quality,AMCLPose,MeanX,-0.452898,181.1
0df20d742ebf81b18a726ad029d633c0,Localization Stability,TF,Jump Angular,-0.00111329,182.1
0df20d742ebf81b18a726ad029d633c0,Localization Stability,TF,Jump Linear,0.00381251,182.1
0df20d742ebf81b18a726ad029d633c0,Input Validity,Lidar,Lidar Rate,10,181.23
0df20d742ebf81b18a726ad029d633c0,Input Validity,Odometry,Odometry Rate,50,181.23
0df20d742ebf81b18a726ad029d633c0,Input Validity,TF,TF Rate,10,181.23
0df20d742ebf81b18a726ad029d633c0,Localization Stability,TF,Jump Angular,0,182.2
0df20d742ebf81b18a726ad029d633c0,Localization Stability,TF,Jump Linear,0,182.2
0df20d742ebf81b18a726ad029d633c0,Input Validity,Lidar,Lidar Rate,10,181.33
0df20d742ebf81b18a726ad029d633c0,Input Validity,Odometry,Odometry Rate,50,181.33
0df20d742ebf81b18a726ad029d633c0,Input Validity,TF,TF Rate,10,181.33
0df20d742ebf81b18a726ad029d633c0,Localization Stability,TF,Jump Angular,0,182.3
0df20d742ebf81b18a726ad029d633c0,Localization Stability,TF,Jump Linear,0,182.3
0df20d742ebf81b18a726ad029d633c0,Input Validity,Lidar,Lidar Rate,10,181.43
0df20d742ebf81b18a726ad029d633c0,Input Validity,Odometry,Odometry Rate,50,181.43
0df20d742ebf81b18a726ad029d633c0,Input Validity,TF,TF Rate,10,181.43
0df20d742ebf81b18a726ad029d633c0,Input Validity,Lidar,Lidar Rate,10,181.52
0df20d742ebf81b18a726ad029d633c0,Input Validity,Odometry,Odometry Rate,50,181.52
0df20d742ebf81b18a726ad029d633c0,Input Validity,TF,TF Rate,10,181.52
0df20d742ebf81b18a726ad029d633c0,Localization Quality,AMCLPose,CovYawYaw,0.00319259,181.4
0df20d742ebf81b18a726ad029d633c0,Localization Quality,AMCLPose,CovYY,0.00355748,181.4
0df20d742ebf81b18a726ad029d633c0,Localization Quality,AMCLPose,CovXX,0.00620229,181.4
0df20d742ebf81b18a726ad029d633c0,Localization Quality,AMCLPose,MeanYaw,0.0143995,181.4
0df20d742ebf81b18a726ad029d633c0,Localization Quality,AMCLPose,MeanY,1.06223,181.4
0df20d742ebf81b18a726ad029d633c0,Localization Quality,AMCLPose,MeanX,-0.314486,181.4
0df20d742ebf81b18a726ad029d633c0,Localization Stability,TF,Jump Angular,0.00137614,182.4
0df20d742ebf81b18a726ad029d633c0,Localization Stability,TF,Jump Linear,0.00459433,182.4
0df20d742ebf81b18a726ad029d633c0,Localization Stability,TF,Jump Angular,0,182.5
0df20d742ebf81b18a726ad029d633c0,Localization Stability,TF,Jump Linear,0,182.5
0df20d742ebf81b18a726ad029d633c0,Input Validity,Lidar,Lidar Rate,10,181.62
0df20d742ebf81b18a726ad029d633c0,Input Validity,Odometry,Odometry Rate,50,181.62
0df20d742ebf81b18a726ad029d633c0,Input Validity,TF,TF Rate,10,181.62
0df20d742ebf81b18a726ad029d633c0,Localization Stability,TF,Jump Angular,0,182.6
0df20d742ebf81b18a726ad029d633c0,Localization Stability,TF,Jump Linear,0,182.6
0df20d742ebf81b18a726ad029d633c0,Input Validity,Lidar,Lidar Rate,10,181.72
0df20d742ebf81b18a726ad029d633c0,Input Validity,Odometry,Odometry Rate,50,181.72
0df20d742ebf81b18a726ad029d633c0,Input Validity,TF,TF Rate,10,181.72
0df20d742ebf81b18a726ad029d633c0,Input Validity,Lidar,Lidar Rate,10,181.82
0df20d742ebf81b18a726ad029d633c0,Input Validity,Odometry,Odometry Rate,50,181.82
0df20d742ebf81b18a726ad029d633c0,Input Validity,TF,TF Rate,10,181.82
0df20d742ebf81b18a726ad029d633c0,Localization Quality,AMCLPose,CovYawYaw,0.00287857,181.7
0df20d742ebf81b18a726ad029d633c0,Localization Quality,AMCLPose,CovYY,0.002644,181.7
0df20d742ebf81b18a726ad029d633c0,Localization Quality,AMCLPose,CovXX,0.00637791,181.7
0df20d742ebf81b18a726ad029d633c0,Localization Quality,AMCLPose,MeanYaw,0.0150056,181.7
0df20d742ebf81b18a726ad029d633c0,Localization Quality,AMCLPose,MeanY,1.06372,181.7
0df20d742ebf81b18a726ad029d633c0,Localization Quality,AMCLPose,MeanX,-0.178386,181.7
0df20d742ebf81b18a726ad029d633c0,Localization Stability,TF,Jump Angular,0.000767628,182.7
0df20d742ebf81b18a726ad029d633c0,Localization Stability,TF,Jump Linear,0.00175027,182.7
0df20d742ebf81b18a726ad029d633c0,Localization Stability,TF,Jump Angular,0,182.8
0df20d742ebf81b18a726ad029d633c0,Localization Stability,TF,Jump Linear,0,182.8
0df20d742ebf81b18a726ad029d633c0,Input Validity,Lidar,Lidar Rate,10,181.92
0df20d742ebf81b18a726ad029d633c0,Input Validity,Odometry,Odometry Rate,50,181.92
0df20d742ebf81b18a726ad029d633c0,Input Validity,TF,TF Rate,10,181.92
0df20d742ebf81b18a726ad029d633c0,Localization Stability,TF,Jump Angular,0,182.9
0df20d742ebf81b18a726ad029d633c0,Localization Stability,TF,Jump Linear,0,182.9
0df20d742ebf81b18a726ad029d633c0,Input Validity,Lidar,Lidar Rate,10,182.02
0df20d742ebf81b18a726ad029d633c0,Input Validity,Odometry,Odometry Rate,50,182.02
0df20d742ebf81b18a726ad029d633c0,Input Validity,TF,TF Rate,10,182.02
0df20d742ebf81b18a726ad029d633c0,Localization Quality,AMCLPose,CovYawYaw,0.00295743,182
0df20d742ebf81b18a726ad029d633c0,Localization Quality,AMCLPose,CovYY,0.0022807,182
0df20d742ebf81b18a726ad029d633c0,Localization Quality,AMCLPose,CovXX,0.00653543,182
0df20d742ebf81b18a726ad029d633c0,Localization Quality,AMCLPose,MeanYaw,0.0225566,182
0df20d742ebf81b18a726ad029d633c0,Localization Quality,AMCLPose,MeanY,1.06686,182
0df20d742ebf81b18a726ad029d633c0,Localization Quality,AMCLPose,MeanX,-0.0447967,182
0df20d742ebf81b18a726ad029d633c0,Localization Stability,TF,Jump Angular,0.00084427,183
0df20d742ebf81b18a726ad029d633c0,Localization Stability,TF,Jump Linear,0.000954979,183
0df20d742ebf81b18a726ad029d633c0,Input Validity,Lidar,Lidar Rate,10,182.12
0df20d742ebf81b18a726ad029d633c0,Input Validity,Odometry,Odometry Rate,50,182.12
0df20d742ebf81b18a726ad029d633c0,Input Validity,TF,TF Rate,10,182.12
0df20d742ebf81b18a726ad029d633c0,Localization Stability,TF,Jump Angular,0,183.1
0df20d742ebf81b18a726ad029d633c0,Localization Stability,TF,Jump Linear,0,183.1
0df20d742ebf81b18a726ad029d633c0,Input Validity,Lidar,Lidar Rate,10,182.22
0df20d742ebf81b18a726ad029d633c0,Input Validity,Odometry,Odometry Rate,50,182.22
0df20d742ebf81b18a726ad029d633c0,Input Validity,TF,TF Rate,10,182.22
0df20d742ebf81b18a726ad029d633c0,Localization Stability,TF,Jump Angular,0,183.2
0df20d742ebf81b18a726ad029d633c0,Localization Stability,TF,Jump Linear,0,183.2
0df20d742ebf81b18a726ad029d633c0,Input Validity,Lidar,Lidar Rate,10,182.32
0df20d742ebf81b18a726ad029d633c0,Input Validity,Odometry,Odometry Rate,50,182.32
0df20d742ebf81b18a726ad029d633c0,Input Validity,TF,TF Rate,10,182.32
0df20d742ebf81b18a726ad029d633c0,Localization Quality,AMCLPose,CovYawYaw,0.00293607,182.3
0df20d742ebf81b18a726ad029d633c0,Localization Quality,AMCLPose,CovYY,0.00209273,182.3
0df20d742ebf81b18a726ad029d633c0,Localization Quality,AMCLPose,CovXX,0.0066253,182.3
0df20d742ebf81b18a726ad029d633c0,Localization Quality,AMCLPose,MeanYaw,0.0426184,182.3
0df20d742ebf81b18a726ad029d633c0,Localization Quality,AMCLPose,MeanY,1.07168,182.3
0df20d742ebf81b18a726ad029d633c0,Localization Quality,AMCLPose,MeanX,0.0916838,182.3
0df20d742ebf81b18a726ad029d633c0,Localization Stability,TF,Jump Angular,0.000842998,183.3
0df20d742ebf81b18a726ad029d633c0,Localization Stability,TF,Jump Linear,0.00224608,183.3
0df20d742ebf81b18a726ad029d633c0,Input Validity,Lidar,Lidar Rate,10,182.42
0df20d742ebf81b18a726ad029d633c0,Input Validity,Odometry,Odometry Rate,50,182.42
0df20d742ebf81b18a726ad029d633c0,Input Validity,TF,TF Rate,10,182.42
0df20d742ebf81b18a726ad029d633c0,Localization Stability,TF,Jump Angular,0,183.4
0df20d742ebf81b18a726ad029d633c0,Localization Stability,TF,Jump Linear,0,183.4
0df20d742ebf81b18a726ad029d633c0,Input Validity,Lidar,Lidar Rate,10,182.52
0df20d742ebf81b18a726ad029d633c0,Input Validity,Odometry,Odometry Rate,50,182.52
0df20d742ebf81b18a726ad029d633c0,Input Validity,TF,TF Rate,10,182.52
0df20d742ebf81b18a726ad029d633c0,Localization Stability,TF,Jump Angular,0,183.5
0df20d742ebf81b18a726ad029d633c0,Localization Stability,TF,Jump Linear,0,183.5
0df20d742ebf81b18a726ad029d633c0,Input Validity,Lidar,Lidar Rate,10,182.62
0df20d742ebf81b18a726ad029d633c0,Input Validity,Odometry,Odometry Rate,50,182.62
0df20d742ebf81b18a726ad029d633c0,Input Validity,TF,TF Rate,10,182.62
0df20d742ebf81b18a726ad029d633c0,Input Validity,Lidar,Lidar Rate,10,182.72
0df20d742ebf81b18a726ad029d633c0,Input Validity,Odometry,Odometry Rate,50,182.72
0df20d742ebf81b18a726ad029d633c0,Input Validity,TF,TF Rate,10,182.72
0df20d742ebf81b18a726ad029d633c0,Localization Quality,AMCLPose,CovYawYaw,0.00294036,182.6
0df20d742ebf81b18a726ad029d633c0,Localization Quality,AMCLPose,CovYY,0.00190422,182.6
0df20d742ebf81b18a726ad029d633c0,Localization Quality,AMCLPose,CovXX,0.00728442,182.6
0df20d742ebf81b18a726ad029d633c0,Localization Quality,AMCLPose,MeanYaw,0.0461374,182.6
0df20d742ebf81b18a726ad029d633c0,Localization Quality,AMCLPose,MeanY,1.07889,182.6
0df20d742ebf81b18a726ad029d633c0,Localization Quality,AMCLPose,MeanX,0.226697,182.6
0df20d742ebf81b18a726ad029d633c0,Localization Stability,TF,Jump Angular,-6.50166e-05,183.6
0df20d742ebf81b18a726ad029d633c0,Localization Stability,TF,Jump Linear,0.00053191,183.6
0df20d742ebf81b18a726ad029d633c0,Localization Stability,TF,Jump Angular,0,183.7
0df20d742ebf81b18a726ad029d633c0,Localization Stability,TF,Jump Linear,0,183.7
0df20d742ebf81b18a726ad029d633c0,Input Validity,Lidar,Lidar Rate,10,182.82
0df20d742ebf81b18a726ad029d633c0,Input Validity,Odometry,Odometry Rate,50,182.82
0df20d742ebf81b18a726ad029d633c0,Input Validity,TF,TF Rate,10,182.82
0df20d742ebf81b18a726ad029d633c0,Localization Stability,TF,Jump Angular,0,183.8
0df20d742ebf81b18a726ad029d633c0,Localization Stability,TF,Jump Linear,0,183.8
0df20d742ebf81b18a726ad029d633c0,Input Validity,Lidar,Lidar Rate,10,182.92
0df20d742ebf81b18a726ad029d633c0,Input Validity,Odometry,Odometry Rate,50,182.92
0df20d742ebf81b18a726ad029d633c0,Input Validity,TF,TF Rate,10,182.92
0df20d742ebf81b18a726ad029d633c0,Input Validity,Lidar,Lidar Rate,10,183.02
0df20d742ebf81b18a726ad029d633c0,Input Validity,Odometry,Odometry Rate,50,183.02
0df20d742ebf81b18a726ad029d633c0,Input Validity,TF,TF Rate,10,183.02
0df20d742ebf81b18a726ad029d633c0,Localization Quality,AMCLPose,CovYawYaw,0.00317649,182.9
0df20d742ebf81b18a726ad029d633c0,Localization Quality,AMCLPose,CovYY,0.00169074,182.9
0df20d742ebf81b18a726ad029d633c0,Localization Quality,AMCLPose,CovXX,0.007456,182.9
0df20d742ebf81b18a726ad029d633c0,Localization Quality,AMCLPose,MeanYaw,0.0370868,182.9
0df20d742ebf81b18a726ad029d633c0,Localization Quality,AMCLPose,MeanY,1.08476,182.9
0df20d742ebf81b18a726ad029d633c0,Localization Quality,AMCLPose,MeanX,0.362885,182.9
0df20d742ebf81b18a726ad029d633c0,Localization Stability,TF,Jump Angular,0.00179005,183.9
0df20d742ebf81b18a726ad029d633c0,Localization Stability,TF,Jump Linear,0.00278457,183.9
0df20d742ebf81b18a726ad029d633c0,Localization Stability,TF,Jump Angular,0,184
0df20d742ebf81b18a726ad029d633c0,Localization Stability,TF,Jump Linear,0,184
0df20d742ebf81b18a726ad029d633c0,Input Validity,Lidar,Lidar Rate,10,183.11
0df20d742ebf81b18a726ad029d633c0,Input Validity,Odometry,Odometry Rate,50,183.11
0df20d742ebf81b18a726ad029d633c0,Input Validity,TF,TF Rate,10,183.11
0df20d742ebf81b18a726ad029d633c0,Localization Stability,TF,Jump Angular,0,184.1
0df20d742ebf81b18a726ad029d633c0,Localization Stability,TF,Jump Linear,0,184.1
0df20d742ebf81b18a726ad029d633c0,Input Validity,Lidar,Lidar Rate,10,183.21
0df20d742ebf81b18a726ad029d633c0,Input Validity,Odometry,Odometry Rate,50,183.21
0df20d742ebf81b18a726ad029d633c0,Input Validity,TF,TF Rate,10,183.21
0df20d742ebf81b18a726ad029d633c0,Input Validity,Lidar,Lidar Rate,10,183.31
0df20d742ebf81b18a726ad029d633c0,Input Validity,Odometry,Odometry Rate,50,183.31
0df20d742ebf81b18a726ad029d633c0,Input Validity,TF,TF Rate,10,183.31
0df20d742ebf81b18a726ad029d633c0,Localization Quality,AMCLPose,CovYawYaw,0.00327409,183.2
0df20d742ebf81b18a726ad029d633c0,Localization Quality,AMCLPose,CovYY,0.00155887,183.2
0df20d742ebf81b18a726ad029d633c0,Localization Quality,AMCLPose,CovXX,0.00708243,183.2
0df20d742ebf81b18a726ad029d633c0,Localization Quality,AMCLPose,MeanYaw,0.0374773,183.2
0df20d742ebf81b18a726ad029d633c0,Localization Quality,AMCLPose,MeanY,1.08957,183.2
0df20d742ebf81b18a726ad029d633c0,Localization Quality,AMCLPose,MeanX,0.498184,183.2
0df20d742ebf81b18a726ad029d633c0,Localization Stability,TF,Jump Angular,0.00219083,184.2
0df20d742ebf81b18a726ad029d633c0,Localization Stability,TF,Jump Linear,0.00261276,184.2
0df20d742ebf81b18a726ad029d633c0,Localization Stability,TF,Jump Angular,0,184.3
0df20d742ebf81b18a726ad029d633c0,Localization Stability,TF,Jump Linear,0,184.3
0df20d742ebf81b18a726ad029d633c0,Input Validity,Lidar,Lidar Rate,10,183.41
0df20d742ebf81b18a726ad029d633c0,Input Validity,Odometry,Odometry Rate,50,183.41
0df20d742ebf81b18a726ad029d633c0,Input Validity,TF,TF Rate,10,183.41
0df20d742ebf81b18a726ad029d633c0,Localization Stability,TF,Jump Angular,0,184.4
0df20d742ebf81b18a726ad029d633c0,Localization Stability,TF,Jump Linear,0,184.4
0df20d742ebf81b18a726ad029d633c0,Input Validity,Lidar,Lidar Rate,10,183.51
0df20d742ebf81b18a726ad029d633c0,Input Validity,Odometry,Odometry Rate,50,183.51
0df20d742ebf81b18a726ad029d633c0,Input Validity,TF,TF Rate,10,183.51
0df20d742ebf81b18a726ad029d633c0,Input Validity,Lidar,Lidar Rate,10,183.61
0df20d742ebf81b18a726ad029d633c0,Input Validity,Odometry,Odometry Rate,50,183.61
0df20d742ebf81b18a726ad029d633c0,Input Validity,TF,TF Rate,10,183.61
0df20d742ebf81b18a726ad029d633c0,Localization Quality,AMCLPose,CovYawYaw,0.00320506,183.5
0df20d742ebf81b18a726ad029d633c0,Localization Quality,AMCLPose,CovYY,0.00155741,183.5
0df20d742ebf81b18a726ad029d633c0,Localization Quality,AMCLPose,CovXX,0.0069059,183.5
0df20d742ebf81b18a726ad029d633c0,Localization Quality,AMCLPose,MeanYaw,0.0468361,183.5
0df20d742ebf81b18a726ad029d633c0,Localization Quality,AMCLPose,MeanY,1.09353,183.5
0df20d742ebf81b18a726ad029d633c0,Localization Quality,AMCLPose,MeanX,0.632929,183.5
0df20d742ebf81b18a726ad029d633c0,Localization Stability,TF,Jump Angular,-0.000523802,184.5
0df20d742ebf81b18a726ad029d633c0,Localization Stability,TF,Jump Linear,0.00147844,184.5
0df20d742ebf81b18a726ad029d633c0,Localization Stability,TF,Jump Angular,0,184.6
0df20d742ebf81b18a726ad029d633c0,Localization Stability,TF,Jump Linear,0,184.6
0df20d742ebf81b18a726ad029d633c0,Input Validity,Lidar,Lidar Rate,10,183.71
0df20d742ebf81b18a726ad029d633c0,Input Validity,Odometry,Odometry Rate,50,183.71
0df20d742ebf81b18a726ad029d633c0,Input Validity,TF,TF Rate,10,183.71
0df20d742ebf81b18a726ad029d633c0,Localization Stability,TF,Jump Angular,0,184.7
0df20d742ebf81b18a726ad029d633c0,Localization Stability,TF,Jump Linear,0,184.7
0df20d742ebf81b18a726ad029d633c0,Input Validity,Lidar,Lidar Rate,10,183.81
0df20d742ebf81b18a726ad029d633c0,Input Validity,Odometry,Odometry Rate,50,183.81
0df20d742ebf81b18a726ad029d633c0,Input Validity,TF,TF Rate,10,183.81
0df20d742ebf81b18a726ad029d633c0,Localization Quality,AMCLPose,CovYawYaw,0.0031764,183.8
0df20d742ebf81b18a726ad029d633c0,Localization Quality,AMCLPose,CovYY,0.00151962,183.8
0df20d742ebf81b18a726ad029d633c0,Localization Quality,AMCLPose,CovXX,0.00685812,183.8
0df20d742ebf81b18a726ad029d633c0,Localization Quality,AMCLPose,MeanYaw,0.03222,183.8
0df20d742ebf81b18a726ad029d633c0,Localization Quality,AMCLPose,MeanY,1.10071,183.8
0df20d742ebf81b18a726ad029d633c0,Localization Quality,AMCLPose,MeanX,0.770126,183.8
0df20d742ebf81b18a726ad029d633c0,Localization Stability,TF,Jump Angular,-0.000134324,184.8
0df20d742ebf81b18a726ad029d633c0,Localization Stability,TF,Jump Linear,0.00302069,184.8
0df20d742ebf81b18a726ad029d633c0,Input Validity,Lidar,Lidar Rate,10,183.91
0df20d742ebf81b18a726ad029d633c0,Input Validity,Odometry,Odometry Rate,50,183.91
0df20d742ebf81b18a726ad029d633c0,Input Validity,TF,TF Rate,10,183.91
0df20d742ebf81b18a726ad029d633c0,Localization Stability,TF,Jump Angular,0,184.9
0df20d742ebf81b18a726ad029d633c0,Localization Stability,TF,Jump Linear,0,184.9
0df20d742ebf81b18a726ad029d633c0,Input Validity,Lidar,Lidar Rate,10,184.01
0df20d742ebf81b18a726ad029d633c0,Input Validity,Odometry,Odometry Rate,50,184.01
0df20d742ebf81b18a726ad029d633c0,Input Validity,TF,TF Rate,10,184.01
0df20d742ebf81b18a726ad029d633c0,Localization Stability,TF,Jump Angular,0,185
0df20d742ebf81b18a726ad029d633c0,Localization Stability,TF,Jump Linear,0,185
0df20d742ebf81b18a726ad029d633c0,Input Validity,Lidar,Lidar Rate,10,184.11
0df20d742ebf81b18a726ad029d633c0,Input Validity,Odometry,Odometry Rate,50,184.11
0df20d742ebf81b18a726ad029d633c0,Input Validity,TF,TF Rate,10,184.11
0df20d742ebf81b18a726ad029d633c0,Localization Quality,AMCLPose,CovYawYaw,0.00324655,184.1
0df20d742ebf81b18a726ad029d633c0,Localization Quality,AMCLPose,CovYY,0.00150376,184.1
0df20d742ebf81b18a726ad029d633c0,Localization Quality,AMCLPose,CovXX,0.00676623,184.1
0df20d742ebf81b18a726ad029d633c0,Localization Quality,AMCLPose,MeanYaw,0.0326394,184.1
0df20d742ebf81b18a726ad029d633c0,Localization Quality,AMCLPose,MeanY,1.10453,184.1
0df20d742ebf81b18a726ad029d633c0,Localization Quality,AMCLPose,MeanX,0.904908,184.1
0df20d742ebf81b18a726ad029d633c0,Localization Stability,TF,Jump Angular,0.000570844,185.1
0df20d742ebf81b18a726ad029d633c0,Localization Stability,TF,Jump Linear,0.00100027,185.1
0df20d742ebf81b18a726ad029d633c0,Input Validity,Lidar,Lidar Rate,10,184.21
0df20d742ebf81b18a726ad029d633c0,Input Validity,Odometry,Odometry Rate,50,184.21
0df20d742ebf81b18a726ad029d633c0,Input Validity,TF,TF Rate,10,184.21
0df20d742ebf81b18a726ad029d633c0,Localization Stability,TF,Jump Angular,0,185.2
0df20d742ebf81b18a726ad029d633c0,Localization Stability,TF,Jump Linear,0,185.2
0df20d742ebf81b18a726ad029d633c0,Input Validity,Lidar,Lidar Rate,10,184.31
0df20d742ebf81b18a726ad029d633c0,Input Validity,Odometry,Odometry Rate,50,184.31
0df20d742ebf81b18a726ad029d633c0,Input Validity,TF,TF Rate,10,184.31
0df20d742ebf81b18a726ad029d633c0,Localization Stability,TF,Jump Angular,0,185.3
0df20d742ebf81b18a726ad029d633c0,Localization Stability,TF,Jump Linear,0,185.3
0df20d742ebf81b18a726ad029d633c0,Input Validity,Lidar,Lidar Rate,10,184.41
0df20d742ebf81b18a726ad029d633c0,Input Validity,Odometry,Odometry Rate,50,184.41
0df20d742ebf81b18a726ad029d633c0,Input Validity,TF,TF Rate,10,184.41
0df20d742ebf81b18a726ad029d633c0,Input Validity,Lidar,Lidar Rate,10,184.51
0df20d742ebf81b18a726ad029d633c0,Input Validity,Odometry,Odometry Rate,50,184.51
0df20d742ebf81b18a726ad029d633c0,Input Validity,TF,TF Rate,10,184.51
0df20d742ebf81b18a726ad029d633c0,Localization Quality,AMCLPose,CovYawYaw,0.00292741,184.4
0df20d742ebf81b18a726ad029d633c0,Localization Quality,AMCLPose,CovYY,0.00144778,184.4
0df20d742ebf81b18a726ad029d633c0,Localization Quality,AMCLPose,CovXX,0.00704533,184.4
0df20d742ebf81b18a726ad029d633c0,Localization Quality,AMCLPose,MeanYaw,0.0518946,184.4
0df20d742ebf81b18a726ad029d633c0,Localization Quality,AMCLPose,MeanY,1.10995,184.4
0df20d742ebf81b18a726ad029d633c0,Localization Quality,AMCLPose,MeanX,1.04354,184.4
0df20d742ebf81b18a726ad029d633c0,Localization Stability,TF,Jump Angular,-0.00155427,185.4
0df20d742ebf81b18a726ad029d633c0,Localization Stability,TF,Jump Linear,0.00305495,185.4
0df20d742ebf81b18a726ad029d633c0,Localization Stability,TF,Jump Angular,0,185.5
0df20d742ebf81b18a726ad029d633c0,Localization Stability,TF,Jump Linear,0,185.5
0df20d742ebf81b18a726ad029d633c0,Input Validity,Lidar,Lidar Rate,10,184.6
0df20d742ebf81b18a726ad029d633c0,Input Validity,Odometry,Odometry Rate,50,184.6
0df20d742ebf81b18a726ad029d633c0,Input Validity,TF,TF Rate,10,184.6
0df20d742ebf81b18a726ad029d633c0,Localization Stability,TF,Jump Angular,0,185.6
0df20d742ebf81b18a726ad029d633c0,Localization Stability,TF,Jump Linear,0,185.6
0df20d742ebf81b18a726ad029d633c0,Input Validity,Lidar,Lidar Rate,10,184.7
0df20d742ebf81b18a726ad029d633c0,Input Validity,Odometry,Odometry Rate,50,184.7
0df20d742ebf81b18a726ad029d633c0,Input Validity,TF,TF Rate,10,184.7
0df20d742ebf81b18a726ad029d633c0,Input Validity,Lidar,Lidar Rate,10,184.8
0df20d742ebf81b18a726ad029d633c0,Input Validity,Odometry,Odometry Rate,50,184.8
0df20d742ebf81b18a726ad029d633c0,Input Validity,TF,TF Rate,10,184.8
0df20d742ebf81b18a726ad029d633c0,Localization Quality,AMCLPose,CovYawYaw,0.00309678,184.7
0df20d742ebf81b18a726ad029d633c0,Localization Quality,AMCLPose,CovYY,0.00139399,184.7
0df20d742ebf81b18a726ad029d633c0,Localization Quality,AMCLPose,CovXX,0.00681961,184.7
0df20d742ebf81b18a726ad029d633c0,Localization Quality,AMCLPose,MeanYaw,0.0526377,184.7
0df20d742ebf81b18a726ad029d633c0,Localization Quality,AMCLPose,MeanY,1.11774,184.7
0df20d742ebf81b18a726ad029d633c0,Localization Quality,AMCLPose,MeanX,1.18138,184.7
0df20d742ebf81b18a726ad029d633c0,Localization Stability,TF,Jump Angular,0.00096101,185.7
0df20d742ebf81b18a726ad029d633c0,Localization Stability,TF,Jump Linear,0.00396017,185.7
0df20d742ebf81b18a726ad029d633c0,Localization Stability,TF,Jump Angular,0,185.8
0df20d742ebf81b18a726ad029d633c0,Localization Stability,TF,Jump Linear,0,185.8
0df20d742ebf81b18a726ad029d633c0,Input Validity,Lidar,Lidar Rate,10,184.9
0df20d742ebf81b18a726ad029d633c0,Input Validity,Odometry,Odometry Rate,50,184.9
0df20d742ebf81b18a726ad029d633c0,Input Validity,TF,TF Rate,10,184.9
0df20d742ebf81b18a726ad029d633c0,Localization Stability,TF,Jump Angular,0,185.9
0df20d742ebf81b18a726ad029d633c0,Localization Stability,TF,Jump Linear,0,185.9
0df20d742ebf81b18a726ad029d633c0,Input Validity,Lidar,Lidar Rate,10,185
0df20d742ebf81b18a726ad029d633c0,Input Validity,Odometry,Odometry Rate,50,185
0df20d742ebf81b18a726ad029d633c0,Input Validity,TF,TF Rate,10,185
0df20d742ebf81b18a726ad029d633c0,Input Validity,Lidar,Lidar Rate,10,185.1
0df20d742ebf81b18a726ad029d633c0,Input Validity,Odometry,Odometry Rate,50,185.1
0df20d742ebf81b18a726ad029d633c0,Input Validity,TF,TF Rate,10,185.1
0df20d742ebf81b18a726ad029d633c0,Localization Quality,AMCLPose,CovYawYaw,0.0032194,185
0df20d742ebf81b18a726ad029d633c0,Localization Quality,AMCLPose,CovYY,0.00145992,185
0df20d742ebf81b18a726ad029d633c0,Localization Quality,AMCLPose,CovXX,0.00686348,185
0df20d742ebf81b18a726ad029d633c0,Localization Quality,AMCLPose,MeanYaw,0.0513364,185
0df20d742ebf81b18a726ad029d633c0,Localization Quality,AMCLPose,MeanY,1.1247,185
0df20d742ebf81b18a726ad029d633c0,Localization Quality,AMCLPose,MeanX,1.31914,185
0df20d742ebf81b18a726ad029d633c0,Localization Stability,TF,Jump Angular,-0.00101197,186
0df20d742ebf81b18a726ad029d633c0,Localization Stability,TF,Jump Linear,0.00260915,186
0df20d742ebf81b18a726ad029d633c0,Localization Stability,TF,Jump Angular,0,186.1
0df20d742ebf81b18a726ad029d633c0,Localization Stability,TF,Jump Linear,0,186.1
0df20d742ebf81b18a726ad029d633c0,Input Validity,Lidar,Lidar Rate,10,185.2
0df20d742ebf81b18a726ad029d633c0,Input Validity,Odometry,Odometry Rate,50,185.2
0df20d742ebf81b18a726ad029d633c0,Input Validity,TF,TF Rate,10,185.2
0df20d742ebf81b18a726ad029d633c0,Localization Stability,TF,Jump Angular,0,186.2
0df20d742ebf81b18a726ad029d633c0,Localization Stability,TF,Jump Linear,0,186.2
0df20d742ebf81b18a726ad029d633c0,Input Validity,Lidar,Lidar Rate,10,185.3
0df20d742ebf81b18a726ad029d633c0,Input Validity,Odometry,Odometry Rate,50,185.3
0df20d742ebf81b18a726ad029d633c0,Input Validity,TF,TF Rate,10,185.3
0df20d742ebf81b18a726ad029d633c0,Input Validity,Lidar,Lidar Rate,10,185.4
0df20d742ebf81b18a726ad029d633c0,Input Validity,Odometry,Odometry Rate,50,185.4
0df20d742ebf81b18a726ad029d633c0,Input Validity,TF,TF Rate,10,185.4
0df20d742ebf81b18a726ad029d633c0,Localization Quality,AMCLPose,CovYawYaw,0.00330768,185.3
0df20d742ebf81b18a726ad029d633c0,Localization Quality,AMCLPose,CovYY,0.00144327,185.3
0df20d742ebf81b18a726ad029d633c0,Localization Quality,AMCLPose,CovXX,0.00685206,185.3
0df20d742ebf81b18a726ad029d633c0,Localization Quality,AMCLPose,MeanYaw,0.0667049,185.3
0df20d742ebf81b18a726ad029d633c0,Localization Quality,AMCLPose,MeanY,1.13142,185.3
0df20d742ebf81b18a726ad029d633c0,Localization Quality,AMCLPose,MeanX,1.45262,185.3
0df20d742ebf81b18a726ad029d633c0,Localization Stability,TF,Jump Angular,-0.00102286,186.3
0df20d742ebf81b18a726ad029d633c0,Localization Stability,TF,Jump Linear,0.00224177,186.3
0df20d742ebf81b18a726ad029d633c0,Localization Stability,TF,Jump Angular,0,186.4
0df20d742ebf81b18a726ad029d633c0,Localization Stability,TF,Jump Linear,0,186.4
0df20d742ebf81b18a726ad029d633c0,Input Validity,Lidar,Lidar Rate,10,185.49
0df20d742ebf81b18a726ad029d633c0,Input Validity,Odometry,Odometry Rate,50,185.49
0df20d742ebf81b18a726ad029d633c0,Input Validity,TF,TF Rate,10,185.49
0df20d742ebf81b18a726ad029d633c0,Localization Stability,TF,Jump Angular,0,186.5
0df20d742ebf81b18a726ad029d633c0,Localization Stability,TF,Jump Linear,0,186.5
0df20d742ebf81b18a726ad029d633c0,Input Validity,Lidar,Lidar Rate,10,185.59
0df20d742ebf81b18a726ad029d633c0,Input Validity,Odometry,Odometry Rate,50,185.59
0df20d742ebf81b18a726ad029d633c0,Input Validity,TF,TF Rate,10,185.59
0df20d742ebf81b18a726ad029d633c0,Input Validity,Lidar,Lidar Rate,10,185.69
0df20d742ebf81b18a726ad029d633c0,Input Validity,Odometry,Odometry Rate,50,185.69
0df20d742ebf81b18a726ad029d633c0,Input Validity,TF,TF Rate,10,185.69
0df20d742ebf81b18a726ad029d633c0,Localization Quality,AMCLPose,CovYawYaw,0.00344938,185.6
0df20d742ebf81b18a726ad029d633c0,Localization Quality,AMCLPose,CovYY,0.00148304,185.6
0df20d742ebf81b18a726ad029d633c0,Localization Quality,AMCLPose,CovXX,0.00689428,185.6
0df20d742ebf81b18a726ad029d633c0,Localization Quality,AMCLPose,MeanYaw,0.0804724,185.6
0df20d742ebf81b18a726ad029d633c0,Localization Quality,AMCLPose,MeanY,1.14195,185.6
0df20d742ebf81b18a726ad029d633c0,Localization Quality,AMCLPose,MeanX,1.58701,185.6
0df20d742ebf81b18a726ad029d633c0,Localization Stability,TF,Jump Angular,0.000155033,186.6
0df20d742ebf81b18a726ad029d633c0,Localization Stability,TF,Jump Linear,0.000531053,186.6
0df20d742ebf81b18a726ad029d633c0,Localization Stability,TF,Jump Angular,0,186.7
0df20d742ebf81b18a726ad029d633c0,Localization Stability,TF,Jump Linear,0,186.7
0df20d742ebf81b18a726ad029d633c0,Input Validity,Lidar,Lidar Rate,10,185.79
0df20d742ebf81b18a726ad029d633c0,Input Validity,Odometry,Odometry Rate,50,185.79
0df20d742ebf81b18a726ad029d633c0,Input Validity,TF,TF Rate,10,185.79
0df20d742ebf81b18a726ad029d633c0,Localization Stability,TF,Jump Angular,0,186.8
0df20d742ebf81b18a726ad029d633c0,Localization Stability,TF,Jump Linear,0,186.8
0df20d742ebf81b18a726ad029d633c0,Input Validity,Lidar,Lidar Rate,10,185.89
0df20d742ebf81b18a726ad029d633c0,Input Validity,Odometry,Odometry Rate,50,185.89
0df20d742ebf81b18a726ad029d633c0,Input Validity,TF,TF Rate,10,185.89
0df20d742ebf81b18a726ad029d633c0,Input Validity,Lidar,Lidar Rate,10,185.99
0df20d742ebf81b18a726ad029d633c0,Input Validity,Odometry,Odometry Rate,50,185.99
0df20d742ebf81b18a726ad029d633c0,Input Validity,TF,TF Rate,10,185.99
0df20d742ebf81b18a726ad029d633c0,Localization Quality,AMCLPose,CovYawYaw,0.0032998,185.9
0df20d742ebf81b18a726ad029d633c0,Localization Quality,AMCLPose,CovYY,0.00154676,185.9
0df20d742ebf81b18a726ad029d633c0,Localization Quality,AMCLPose,CovXX,0.00698396,185.9
0df20d742ebf81b18a726ad029d633c0,Localization Quality,AMCLPose,MeanYaw,0.0534445,185.9
0df20d742ebf81b18a726ad029d633c0,Localization Quality,AMCLPose,MeanY,1.15152,185.9
0df20d742ebf81b18a726ad029d633c0,Localization Quality,AMCLPose,MeanX,1.72394,185.9
0df20d742ebf81b18a726ad029d633c0,Localization Stability,TF,Jump Angular,-0.000815772,186.9
0df20d742ebf81b18a726ad029d633c0,Localization Stability,TF,Jump Linear,0.0026878,186.9
0df20d742ebf81b18a726ad029d633c0,Localization Stability,TF,Jump Angular,0,187
0df20d742ebf81b18a726ad029d633c0,Localization Stability,TF,Jump Linear,0,187
0df20d742ebf81b18a726ad029d633c0,Input Validity,Lidar,Lidar Rate,10,186.09
0df20d742ebf81b18a726ad029d633c0,Input Validity,Odometry,Odometry Rate,50,186.09
0df20d742ebf81b18a726ad029d633c0,Input Validity,TF,TF Rate,10,186.09
0df20d742ebf81b18a726ad029d633c0,Localization Stability,TF,Jump Angular,0,187.1
0df20d742ebf81b18a726ad029d633c0,Localization Stability,TF,Jump Linear,0,187.1
0df20d742ebf81b18a726ad029d633c0,Input Validity,Lidar,Lidar Rate,10,186.19
0df20d742ebf81b18a726ad029d633c0,Input Validity,Odometry,Odometry Rate,50,186.19
0df20d742ebf81b18a726ad029d633c0,Input Validity,TF,TF Rate,10,186.19
0df20d742ebf81b18a726ad029d633c0,Input Validity,Lidar,Lidar Rate,10,186.29
0df20d742ebf81b18a726ad029d633c0,Input Validity,Odometry,Odometry Rate,50,186.29
0df20d742ebf81b18a726ad029d633c0,Input Validity,TF,TF Rate,10,186.29
0df20d742ebf81b18a726ad029d633c0,Localization Quality,AMCLPose,CovYawYaw,0.00338464,186.2
0df20d742ebf81b18a726ad029d633c0,Localization Quality,AMCLPose,CovYY,0.0016307,186.2
0df20d742ebf81b18a726ad029d633c0,Localization Quality,AMCLPose,CovXX,0.00655813,186.2
0df20d742ebf81b18a726ad029d633c0,Localization Quality,AMCLPose,MeanYaw,0.0443571,186.2
0df20d742ebf81b18a726ad029d633c0,Localization Quality,AMCLPose,MeanY,1.15853,186.2
0df20d742ebf81b18a726ad029d633c0,Localization Quality,AMCLPose,MeanX,1.85934,186.2
0df20d742ebf81b18a726ad029d633c0,Localization Stability,TF,Jump Angular,-0.000789177,187.2
0df20d742ebf81b18a726ad029d633c0,Localization Stability,TF,Jump Linear,0.00224279,187.2
0df20d742ebf81b18a726ad029d633c0,Localization Stability,TF,Jump Angular,0,187.3
0df20d742ebf81b18a726ad029d633c0,Localization Stability,TF,Jump Linear,0,187.3
0df20d742ebf81b18a726ad029d633c0,Input Validity,Lidar,Lidar Rate,10,186.38
0df20d742ebf81b18a726ad029d633c0,Input Validity,Odometry,Odometry Rate,50,186.38
0df20d742ebf81b18a726ad029d633c0,Input Validity,TF,TF Rate,10,186.38
0df20d742ebf81b18a726ad029d633c0,Localization Stability,TF,Jump Angular,0,187.4
0df20d742ebf81b18a726ad029d633c0,Localization Stability,TF,Jump Linear,0,187.4
0df20d742ebf81b18a726ad029d633c0,Input Validity,Lidar,Lidar Rate,10,186.48
0df20d742ebf81b18a726ad029d633c0,Input Validity,Odometry,Odometry Rate,50,186.48
0df20d742ebf81b18a726ad029d633c0,Input Validity,TF,TF Rate,10,186.48
0df20d742ebf81b18a726ad029d633c0,Input Validity,Lidar,Lidar Rate,10,186.58
0df20d742ebf81b18a726ad029d633c0,Input Validity,Odometry,Odometry Rate,50,186.58
0df20d742ebf81b18a726ad029d633c0,Input Validity,TF,TF Rate,10,186.58
0df20d742ebf81b18a726ad029d633c0,Localization Quality,AMCLPose,CovYawYaw,0.00330043,186.5
0df20d742ebf81b18a726ad029d633c0,Localization Quality,AMCLPose,CovYY,0.00167994,186.5
0df20d742ebf81b18a726ad029d633c0,Localization Quality,AMCLPose,CovXX,0.00625075,186.5
0df20d742ebf81b18a726ad029d633c0,Localization Quality,AMCLPose,MeanYaw,0.0631803,186.5
0df20d742ebf81b18a726ad029d633c0,Localization Quality,AMCLPose,MeanY,1.16535,186.5
0df20d742ebf81b18a726ad029d633c0,Localization Quality,AMCLPose,MeanX,1.99477,186.5
0df20d742ebf81b18a726ad029d633c0,Localization Stability,TF,Jump Angular,0.00268111,187.5
0df20d742ebf81b18a726ad029d633c0,Localization Stability,TF,Jump Linear,0.00655321,187.5
0df20d742ebf81b18a726ad029d633c0,Localization Stability,TF,Jump Angular,0,187.6
0df20d742ebf81b18a726ad029d633c0,Localization Stability,TF,Jump Linear,0,187.6
0df20d742ebf81b18a726ad029d633c0,Input Validity,Lidar,Lidar Rate,10,186.68
0df20d742ebf81b18a726ad029d633c0,Input Validity,Odometry,Odometry Rate,50,186.68
0df20d742ebf81b18a726ad029d633c0,Input Validity,TF,TF Rate,10,186.68
0df20d742ebf81b18a726ad029d633c0,Localization Stability,TF,Jump Angular,0,187.7
0df20d742ebf81b18a726ad029d633c0,Localization Stability,TF,Jump Linear,0,187.7
0df20d742ebf81b18a726ad029d633c0,Input Validity,Lidar,Lidar Rate,10,186.78
0df20d742ebf81b18a726ad029d633c0,Input Validity,Odometry,Odometry Rate,50,186.78
0df20d742ebf81b18a726ad029d633c0,Input Validity,TF,TF Rate,10,186.78
0df20d742ebf81b18a726ad029d633c0,Input Validity,Lidar,Lidar Rate,10,186.88
0df20d742ebf81b18a726ad029d633c0,Input Validity,Odometry,Odometry Rate,50,186.88
0df20d742ebf81b18a726ad029d633c0,Input Validity,TF,TF Rate,10,186.88
0df20d742ebf81b18a726ad029d633c0,Localization Quality,AMCLPose,CovYawYaw,0.00344166,186.8
0df20d742ebf81b18a726ad029d633c0,Localization Quality,AMCLPose,CovYY,0.00177459,186.8
0df20d742ebf81b18a726ad029d633c0,Localization Quality,AMCLPose,CovXX,0.00610359,186.8
0df20d742ebf81b18a726ad029d633c0,Localization Quality,AMCLPose,MeanYaw,0.0728371,186.8
0df20d742ebf81b18a726ad029d633c0,Localization Quality,AMCLPose,MeanY,1.17394,186.8
0df20d742ebf81b18a726ad029d633c0,Localization Quality,AMCLPose,MeanX,2.12792,186.8
0df20d742ebf81b18a726ad029d633c0,Localization Stability,TF,Jump Angular,-0.000156152,187.8
0df20d742ebf81b18a726ad029d633c0,Localization Stability,TF,Jump Linear,0.00169918,187.8
0df20d742ebf81b18a726ad029d633c0,Localization Stability,TF,Jump Angular,0,187.9
0df20d742ebf81b18a726ad029d633c0,Localization Stability,TF,Jump Linear,0,187.9
0df20d742ebf81b18a726ad029d633c0,Input Validity,Lidar,Lidar Rate,10,186.98
0df20d742ebf81b18a726ad029d633c0,Input Validity,Odometry,Odometry Rate,50,186.98
0df20d742ebf81b18a726ad029d633c0,Input Validity,TF,TF Rate,10,186.98
0df20d742ebf81b18a726ad029d633c0,Localization Stability,TF,Jump Angular,0,188
0df20d742ebf81b18a726ad029d633c0,Localization Stability,TF,Jump Linear,0,188
0df20d742ebf81b18a726ad029d633c0,Input Validity,Lidar,Lidar Rate,10,187.08
0df20d742ebf81b18a726ad029d633c0,Input Validity,Odometry,Odometry Rate,50,187.08
0df20d742ebf81b18a726ad029d633c0,Input Validity,TF,TF Rate,10,187.08
0df20d742ebf81b18a726ad029d633c0,Input Validity,Lidar,Lidar Rate,10,187.18
0df20d742ebf81b18a726ad029d633c0,Input Validity,Odometry,Odometry Rate,50,187.18
0df20d742ebf81b18a726ad029d633c0,Input Validity,TF,TF Rate,10,187.18
0df20d742ebf81b18a726ad029d633c0,Localization Quality,AMCLPose,CovYawYaw,0.00327576,187.1
0df20d742ebf81b18a726ad029d633c0,Localization Quality,AMCLPose,CovYY,0.00188423,187.1
0df20d742ebf81b18a726ad029d633c0,Localization Quality,AMCLPose,CovXX,0.0056254,187.1
0df20d742ebf81b18a726ad029d633c0,Localization Quality,AMCLPose,MeanYaw,0.0924332,187.1
0df20d742ebf81b18a726ad029d633c0,Localization Quality,AMCLPose,MeanY,1.18512,187.1
0df20d742ebf81b18a726ad029d633c0,Localization Quality,AMCLPose,MeanX,2.26165,187.1
0df20d742ebf81b18a726ad029d633c0,Localization Stability,TF,Jump Angular,0.000610622,188.1
0df20d742ebf81b18a726ad029d633c0,Localization Stability,TF,Jump Linear,0.00131782,188.1
0df20d742ebf81b18a726ad029d633c0,Input Validity,Lidar,Lidar Rate,10,187.28
0df20d742ebf81b18a726ad029d633c0,Input Validity,Odometry,Odometry Rate,50,187.28
0df20d742ebf81b18a726ad029d633c0,Input Validity,TF,TF Rate,10,187.28
0df20d742ebf81b18a726ad029d633c0,Localization Stability,TF,Jump Angular,0,188.2
0df20d742ebf81b18a726ad029d633c0,Localization Stability,TF,Jump Linear,0,188.2
0df20d742ebf81b18a726ad029d633c0,Localization Stability,TF,Jump Angular,0,188.3
0df20d742ebf81b18a726ad029d633c0,Localization Stability,TF,Jump Linear,0,188.3
0df20d742ebf81b18a726ad029d633c0,Input Validity,Lidar,Lidar Rate,10,187.38
0df20d742ebf81b18a726ad029d633c0,Input Validity,Odometry,Odometry Rate,50,187.38
0df20d742ebf81b18a726ad029d633c0,Input Validity,TF,TF Rate,10,187.38
0df20d742ebf81b18a726ad029d633c0,Input Validity,Lidar,Lidar Rate,10,187.48
0df20d742ebf81b18a726ad029d633c0,Input Validity,Odometry,Odometry Rate,50,187.48
0df20d742ebf81b18a726ad029d633c0,Input Validity,TF,TF Rate,10,187.48
0df20d742ebf81b18a726ad029d633c0,Localization Quality,AMCLPose,CovYawYaw,0.00329163,187.4
0df20d742ebf81b18a726ad029d633c0,Localization Quality,AMCLPose,CovYY,0.00193028,187.4
0df20d742ebf81b18a726ad029d633c0,Localization Quality,AMCLPose,CovXX,0.00608593,187.4
0df20d742ebf81b18a726ad029d633c0,Localization Quality,AMCLPose,MeanYaw,0.120611,187.4
0df20d742ebf81b18a726ad029d633c0,Localization Quality,AMCLPose,MeanY,1.19709,187.4
0df20d742ebf81b18a726ad029d633c0,Localization Quality,AMCLPose,MeanX,2.39313,187.4
0df20d742ebf81b18a726ad029d633c0,Localization Stability,TF,Jump Angular,-0.00117279,188.4
0df20d742ebf81b18a726ad029d633c0,Localization Stability,TF,Jump Linear,0.00387823,188.4
0df20d742ebf81b18a726ad029d633c0,Localization Stability,TF,Jump Angular,0,188.5
0df20d742ebf81b18a726ad029d633c0,Localization Stability,TF,Jump Linear,0,188.5
0df20d742ebf81b18a726ad029d633c0,Input Validity,Lidar,Lidar Rate,10,187.58
0df20d742ebf81b18a726ad029d633c0,Input Validity,Odometry,Odometry Rate,50,187.58
0df20d742ebf81b18a726ad029d633c0,Input Validity,TF,TF Rate,10,187.58
0df20d742ebf81b18a726ad029d633c0,Localization Stability,TF,Jump Angular,0,188.6
0df20d742ebf81b18a726ad029d633c0,Localization Stability,TF,Jump Linear,0,188.6
0df20d742ebf81b18a726ad029d633c0,Input Validity,Lidar,Lidar Rate,10,187.68
0df20d742ebf81b18a726ad029d633c0,Input Validity,Odometry,Odometry Rate,50,187.68
0df20d742ebf81b18a726ad029d633c0,Input Validity,TF,TF Rate,10,187.68
0df20d742ebf81b18a726ad029d633c0,Input Validity,Lidar,Lidar Rate,10,187.78
0df20d742ebf81b18a726ad029d633c0,Input Validity,Odometry,Odometry Rate,50,187.78
0df20d742ebf81b18a726ad029d633c0,Input Validity,TF,TF Rate,10,187.78
0df20d742ebf81b18a726ad029d633c0,Localization Quality,AMCLPose,CovYawYaw,0.00322492,187.7
0df20d742ebf81b18a726ad029d633c0,Localization Quality,AMCLPose,CovYY,0.00204866,187.7
0df20d742ebf81b18a726ad029d633c0,Localization Quality,AMCLPose,CovXX,0.00563178,187.7
0df20d742ebf81b18a726ad029d633c0,Localization Quality,AMCLPose,MeanYaw,0.152603,187.7
0df20d742ebf81b18a726ad029d633c0,Localization Quality,AMCLPose,MeanY,1.21215,187.7
0df20d742ebf81b18a726ad029d633c0,Localization Quality,AMCLPose,MeanX,2.52311,187.7
0df20d742ebf81b18a726ad029d633c0,Localization Stability,TF,Jump Angular,-0.00296051,188.7
0df20d742ebf81b18a726ad029d633c0,Localization Stability,TF,Jump Linear,0.00794132,188.7
0df20d742ebf81b18a726ad029d633c0,Localization Stability,TF,Jump Angular,0,188.8
0df20d742ebf81b18a726ad029d633c0,Localization Stability,TF,Jump Linear,0,188.8
0df20d742ebf81b18a726ad029d633c0,Input Validity,Lidar,Lidar Rate,10,187.88
0df20d742ebf81b18a726ad029d633c0,Input Validity,Odometry,Odometry Rate,50,187.88
0df20d742ebf81b18a726ad029d633c0,Input Validity,TF,TF Rate,10,187.88
0df20d742ebf81b18a726ad029d633c0,Localization Stability,TF,Jump Angular,0,188.9
0df20d742ebf81b18a726ad029d633c0,Localization Stability,TF,Jump Linear,0,188.9
0df20d742ebf81b18a726ad029d633c0,Input Validity,Lidar,Lidar Rate,10,187.98
0df20d742ebf81b18a726ad029d633c0,Input Validity,Odometry,Odometry Rate,50,187.98
0df20d742ebf81b18a726ad029d633c0,Input Validity,TF,TF Rate,10,187.98
0df20d742ebf81b18a726ad029d633c0,Input Validity,Lidar,Lidar Rate,10,188.08
0df20d742ebf81b18a726ad029d633c0,Input Validity,Odometry,Odometry Rate,50,188.08
0df20d742ebf81b18a726ad029d633c0,Input Validity,TF,TF Rate,10,188.08
0df20d742ebf81b18a726ad029d633c0,Localization Quality,AMCLPose,CovYawYaw,0.00339744,188
0df20d742ebf81b18a726ad029d633c0,Localization Quality,AMCLPose,CovYY,0.00207223,188
0df20d742ebf81b18a726ad029d633c0,Localization Quality,AMCLPose,CovXX,0.00573756,188
0df20d742ebf81b18a726ad029d633c0,Localization Quality,AMCLPose,MeanYaw,0.191303,188
0df20d742ebf81b18a726ad029d633c0,Localization Quality,AMCLPose,MeanY,1.23299,188
0df20d742ebf81b18a726ad029d633c0,Localization Quality,AMCLPose,MeanX,2.65461,188
0df20d742ebf81b18a726ad029d633c0,Localization Stability,TF,Jump Angular,0.000724729,189
0df20d742ebf81b18a726ad029d633c0,Localization Stability,TF,Jump Linear,0.00434107,189
0df20d742ebf81b18a726ad029d633c0,Localization Stability,TF,Jump Angular,0,189.1
0df20d742ebf81b18a726ad029d633c0,Localization Stability,TF,Jump Linear,0,189.1
0df20d742ebf81b18a726ad029d633c0,Input Validity,Lidar,Lidar Rate,10,188.17
0df20d742ebf81b18a726ad029d633c0,Input Validity,Odometry,Odometry Rate,50,188.17
0df20d742ebf81b18a726ad029d633c0,Input Validity,TF,TF Rate,10,188.17
0df20d742ebf81b18a726ad029d633c0,Input Validity,Lidar,Lidar Rate,10,188.27
0df20d742ebf81b18a726ad029d633c0,Input Validity,Odometry,Odometry Rate,50,188.27
0df20d742ebf81b18a726ad029d633c0,Input Validity,TF,TF Rate,10,188.27
0df20d742ebf81b18a726ad029d633c0,Localization Stability,TF,Jump Angular,0,189.2
0df20d742ebf81b18a726ad029d633c0,Localization Stability,TF,Jump Linear,0,189.2
0df20d742ebf81b18a726ad029d633c0,Input Validity,Lidar,Lidar Rate,10,188.37
0df20d742ebf81b18a726ad029d633c0,Input Validity,Odometry,Odometry Rate,50,188.37
0df20d742ebf81b18a726ad029d633c0,Input Validity,TF,TF Rate,10,188.37
0df20d742ebf81b18a726ad029d633c0,Localization Quality,AMCLPose,CovYawYaw,0.00345017,188.3
0df20d742ebf81b18a726ad029d633c0,Localization Quality,AMCLPose,CovYY,0.00216421,188.3
0df20d742ebf81b18a726ad029d633c0,Localization Quality,AMCLPose,CovXX,0.00599169,188.3
0df20d742ebf81b18a726ad029d633c0,Localization Quality,AMCLPose,MeanYaw,0.231116,188.3
0df20d742ebf81b18a726ad029d633c0,Localization Quality,AMCLPose,MeanY,1.26244,188.3
0df20d742ebf81b18a726ad029d633c0,Localization Quality,AMCLPose,MeanX,2.78671,188.3
0df20d742ebf81b18a726ad029d633c0,Localization Stability,TF,Jump Angular,0.0013592,189.3
0df20d742ebf81b18a726ad029d633c0,Localization Stability,TF,Jump Linear,0.00318071,189.3
0df20d742ebf81b18a726ad029d633c0,Input Validity,Lidar,Lidar Rate,10,188.47
0df20d742ebf81b18a726ad029d633c0,Input Validity,Odometry,Odometry Rate,50,188.47
0df20d742ebf81b18a726ad029d633c0,Input Validity,TF,TF Rate,10,188.47
0df20d742ebf81b18a726ad029d633c0,Localization Stability,TF,Jump Angular,0,189.4
0df20d742ebf81b18a726ad029d633c0,Localization Stability,TF,Jump Linear,0,189.4
0df20d742ebf81b18a726ad029d633c0,Localization Stability,TF,Jump Angular,0,189.5
0df20d742ebf81b18a726ad029d633c0,Localization Stability,TF,Jump Linear,0,189.5
0df20d742ebf81b18a726ad029d633c0,Input Validity,Lidar,Lidar Rate,10,188.57
0df20d742ebf81b18a726ad029d633c0,Input Validity,Odometry,Odometry Rate,50,188.57
0df20d742ebf81b18a726ad029d633c0,Input Validity,TF,TF Rate,10,188.57
0df20d742ebf81b18a726ad029d633c0,Input Validity,Lidar,Lidar Rate,10,188.67
0df20d742ebf81b18a726ad029d633c0,Input Validity,Odometry,Odometry Rate,50,188.67
0df20d742ebf81b18a726ad029d633c0,Input Validity,TF,TF Rate,10,188.67
0df20d742ebf81b18a726ad029d633c0,Localization Quality,AMCLPose,CovYawYaw,0.00339127,188.6
0df20d742ebf81b18a726ad029d633c0,Localization Quality,AMCLPose,CovYY,0.00225006,188.6
0df20d742ebf81b18a726ad029d633c0,Localization Quality,AMCLPose,CovXX,0.00641825,188.6
0df20d742ebf81b18a726ad029d633c0,Localization Quality,AMCLPose,MeanYaw,0.268256,188.6
0df20d742ebf81b18a726ad029d633c0,Localization Quality,AMCLPose,MeanY,1.29514,188.6
0df20d742ebf81b18a726ad029d633c0,Localization Quality,AMCLPose,MeanX,2.91781,188.6
0df20d742ebf81b18a726ad029d633c0,Localization Stability,TF,Jump Angular,-2.7772e-05,189.6
0df20d742ebf81b18a726ad029d633c0,Localization Stability,TF,Jump Linear,0.00079375,189.6
0df20d742ebf81b18a726ad029d633c0,Localization Stability,TF,Jump Angular,0,189.7
0df20d742ebf81b18a726ad029d633c0,Localization Stability,TF,Jump Linear,0,189.7
0df20d742ebf81b18a726ad029d633c0,Input Validity,Lidar,Lidar Rate,10,188.77
0df20d742ebf81b18a726ad029d633c0,Input Validity,Odometry,Odometry Rate,50,188.77
0df20d742ebf81b18a726ad029d633c0,Input Validity,TF,TF Rate,10,188.77
0df20d742ebf81b18a726ad029d633c0,Localization Stability,TF,Jump Angular,0,189.8
0df20d742ebf81b18a726ad029d633c0,Localization Stability,TF,Jump Linear,0,189.8
0df20d742ebf81b18a726ad029d633c0,Input Validity,Lidar,Lidar Rate,10,188.87
0df20d742ebf81b18a726ad029d633c0,Input Validity,Odometry,Odometry Rate,50,188.87
0df20d742ebf81b18a726ad029d633c0,Input Validity,TF,TF Rate,10,188.87
0df20d742ebf81b18a726ad029d633c0,Input Validity,Lidar,Lidar Rate,10,188.97
0df20d742ebf81b18a726ad029d633c0,Input Validity,Odometry,Odometry Rate,50,188.97
0df20d742ebf81b18a726ad029d633c0,Input Validity,TF,TF Rate,10,188.97
0df20d742ebf81b18a726ad029d633c0,Localization Quality,AMCLPose,CovYawYaw,0.00335087,188.9
0df20d742ebf81b18a726ad029d633c0,Localization Quality,AMCLPose,CovYY,0.00219101,188.9
0df20d742ebf81b18a726ad029d633c0,Localization Quality,AMCLPose,CovXX,0.00657163,188.9
0df20d742ebf81b18a726ad029d633c0,Localization Quality,AMCLPose,MeanYaw,0.30128,188.9
0df20d742ebf81b18a726ad029d633c0,Localization Quality,AMCLPose,MeanY,1.32623,188.9
0df20d742ebf81b18a726ad029d633c0,Localization Quality,AMCLPose,MeanX,3.03263,188.9
0df20d742ebf81b18a726ad029d633c0,Localization Stability,TF,Jump Angular,-0.00114049,189.9
0df20d742ebf81b18a726ad029d633c0,Localization Stability,TF,Jump Linear,0.00216632,189.9
0df20d742ebf81b18a726ad029d633c0,Input Validity,Lidar,Lidar Rate,10,189.07
0df20d742ebf81b18a726ad029d633c0,Input Validity,Odometry,Odometry Rate,50,189.07
0df20d742ebf81b18a726ad029d633c0,Input Validity,TF,TF Rate,10,189.07
0df20d742ebf81b18a726ad029d633c0,Localization Stability,TF,Jump Angular,0,190
0df20d742ebf81b18a726ad029d633c0,Localization Stability,TF,Jump Linear,0,190
0df20d742ebf81b18a726ad029d633c0,Input Validity,Lidar,Lidar Rate,10,189.17
0df20d742ebf81b18a726ad029d633c0,Input Validity,Odometry,Odometry Rate,50,189.17
0df20d742ebf81b18a726ad029d633c0,Input Validity,TF,TF Rate,10,189.17
0df20d742ebf81b18a726ad029d633c0,Localization Stability,TF,Jump Angular,0,190.1
0df20d742ebf81b18a726ad029d633c0,Localization Stability,TF,Jump Linear,0,190.1
0df20d742ebf81b18a726ad029d633c0,Input Validity,Lidar,Lidar Rate,10,189.27
0df20d742ebf81b18a726ad029d633c0,Input Validity,Odometry,Odometry Rate,50,189.27
0df20d742ebf81b18a726ad029d633c0,Input Validity,TF,TF Rate,10,189.27
0df20d742ebf81b18a726ad029d633c0,Localization Stability,TF,Jump Angular,0,190.2
0df20d742ebf81b18a726ad029d633c0,Localization Stability,TF,Jump Linear,0,190.2
0df20d742ebf81b18a726ad029d633c0,Input Validity,Lidar,Lidar Rate,10,189.37
0df20d742ebf81b18a726ad029d633c0,Input Validity,Odometry,Odometry Rate,50,189.37
0df20d742ebf81b18a726ad029d633c0,Input Validity,TF,TF Rate,10,189.37
0df20d742ebf81b18a726ad029d633c0,Localization Quality,AMCLPose,CovYawYaw,0.00326042,189.3
0df20d742ebf81b18a726ad029d633c0,Localization Quality,AMCLPose,CovYY,0.0020687,189.3
0df20d742ebf81b18a726ad029d633c0,Localization Quality,AMCLPose,CovXX,0.00645512,189.3
0df20d742ebf81b18a726ad029d633c0,Localization Quality,AMCLPose,MeanYaw,0.339927,189.3
0df20d742ebf81b18a726ad029d633c0,Localization Quality,AMCLPose,MeanY,1.36599,189.3
0df20d742ebf81b18a726ad029d633c0,Localization Quality,AMCLPose,MeanX,3.15535,189.3
0df20d742ebf81b18a726ad029d633c0,Localization Stability,TF,Jump Angular,0.00018759,190.3
0df20d742ebf81b18a726ad029d633c0,Localization Stability,TF,Jump Linear,0.00347739,190.3
0df20d742ebf81b18a726ad029d633c0,Input Validity,Lidar,Lidar Rate,10,189.47
0df20d742ebf81b18a726ad029d633c0,Input Validity,Odometry,Odometry Rate,50,189.47
0df20d742ebf81b18a726ad029d633c0,Input Validity,TF,TF Rate,10,189.47
0df20d742ebf81b18a726ad029d633c0,Localization Stability,TF,Jump Angular,0,190.4
0df20d742ebf81b18a726ad029d633c0,Localization Stability,TF,Jump Linear,0,190.4
0df20d742ebf81b18a726ad029d633c0,Input Validity,Lidar,Lidar Rate,10,189.56
0df20d742ebf81b18a726ad029d633c0,Input Validity,Odometry,Odometry Rate,50,189.56
0df20d742ebf81b18a726ad029d633c0,Input Validity,TF,TF Rate,10,189.56
0df20d742ebf81b18a726ad029d633c0,Localization Stability,TF,Jump Angular,0,190.5
0df20d742ebf81b18a726ad029d633c0,Localization Stability,TF,Jump Linear,0,190.5
0df20d742ebf81b18a726ad029d633c0,Input Validity,Lidar,Lidar Rate,10,189.66
0df20d742ebf81b18a726ad029d633c0,Input Validity,Odometry,Odometry Rate,50,189.66
0df20d742ebf81b18a726ad029d633c0,Input Validity,TF,TF Rate,10,189.66
0df20d742ebf81b18a726ad029d633c0,Localization Stability,TF,Jump Angular,0,190.6
0df20d742ebf81b18a726ad029d633c0,Localization Stability,TF,Jump Linear,0,190.6
0df20d742ebf81b18a726ad029d633c0,Input Validity,Lidar,Lidar Rate,10,189.76
0df20d742ebf81b18a726ad029d633c0,Input Validity,Odometry,Odometry Rate,50,189.76
0df20d742ebf81b18a726ad029d633c0,Input Validity,TF,TF Rate,10,189.76
0df20d742ebf81b18a726ad029d633c0,Localization Quality,AMCLPose,CovYawYaw,0.00285233,189.7
0df20d742ebf81b18a726ad029d633c0,Localization Quality,AMCLPose,CovYY,0.00206679,189.7
0df20d742ebf81b18a726ad029d633c0,Localization Quality,AMCLPose,CovXX,0.00608844,189.7
0df20d742ebf81b18a726ad029d633c0,Localization Quality,AMCLPose,MeanYaw,0.369443,189.7
0df20d742ebf81b18a726ad029d633c0,Localization Quality,AMCLPose,MeanY,1.40077,189.7
0df20d742ebf81b18a726ad029d633c0,Localization Quality,AMCLPose,MeanX,3.2546,189.7
0df20d742ebf81b18a726ad029d633c0,Localization Stability,TF,Jump Angular,0.000350353,190.7
0df20d742ebf81b18a726ad029d633c0,Localization Stability,TF,Jump Linear,0.00311841,190.7
0df20d742ebf81b18a726ad029d633c0,Input Validity,Lidar,Lidar Rate,10,189.86
0df20d742ebf81b18a726ad029d633c0,Input Validity,Odometry,Odometry Rate,50,189.86
0df20d742ebf81b18a726ad029d633c0,Input Validity,TF,TF Rate,10,189.86
0df20d742ebf81b18a726ad029d633c0,Localization Stability,TF,Jump Angular,0,190.8
0df20d742ebf81b18a726ad029d633c0,Localization Stability,TF,Jump Linear,0,190.8
0df20d742ebf81b18a726ad029d633c0,Input Validity,Lidar,Lidar Rate,10,189.96
0df20d742ebf81b18a726ad029d633c0,Input Validity,Odometry,Odometry Rate,50,189.96
0df20d742ebf81b18a726ad029d633c0,Input Validity,TF,TF Rate,10,189.96
0df20d742ebf81b18a726ad029d633c0,Localization Stability,TF,Jump Angular,0,190.9
0df20d742ebf81b18a726ad029d633c0,Localization Stability,TF,Jump Linear,0,190.9
0df20d742ebf81b18a726ad029d633c0,Input Validity,Lidar,Lidar Rate,10,190.05
0df20d742ebf81b18a726ad029d633c0,Input Validity,Odometry,Odometry Rate,50,190.05
0df20d742ebf81b18a726ad029d633c0,Input Validity,TF,TF Rate,10,190.05
0df20d742ebf81b18a726ad029d633c0,Localization Stability,TF,Jump Angular,0,191
0df20d742ebf81b18a726ad029d633c0,Localization Stability,TF,Jump Linear,0,191
0df20d742ebf81b18a726ad029d633c0,Input Validity,Lidar,Lidar Rate,10,190.14
0df20d742ebf81b18a726ad029d633c0,Input Validity,Odometry,Odometry Rate,50,190.14
0df20d742ebf81b18a726ad029d633c0,Input Validity,TF,TF Rate,10,190.14
0df20d742ebf81b18a726ad029d633c0,Localization Stability,TF,Jump Angular,0,191.1
0df20d742ebf81b18a726ad029d633c0,Localization Stability,TF,Jump Linear,0,191.1
0df20d742ebf81b18a726ad029d633c0,Input Validity,Lidar,Lidar Rate,10,190.24
0df20d742ebf81b18a726ad029d633c0,Input Validity,Odometry,Odometry Rate,50,190.24
0df20d742ebf81b18a726ad029d633c0,Input Validity,TF,TF Rate,10,190.24
0df20d742ebf81b18a726ad029d633c0,Localization Stability,TF,Jump Angular,0,191.2
0df20d742ebf81b18a726ad029d633c0,Localization Stability,TF,Jump Linear,0,191.2
0df20d742ebf81b18a726ad029d633c0,Input Validity,Lidar,Lidar Rate,10,190.34
0df20d742ebf81b18a726ad029d633c0,Input Validity,Odometry,Odometry Rate,50,190.34
0df20d742ebf81b18a726ad029d633c0,Input Validity,TF,TF Rate,10,190.34
0df20d742ebf81b18a726ad029d633c0,Localization Quality,AMCLPose,CovYawYaw,0.00305447,190.3
0df20d742ebf81b18a726ad029d633c0,Localization Quality,AMCLPose,CovYY,0.00211621,190.3
0df20d742ebf81b18a726ad029d633c0,Localization Quality,AMCLPose,CovXX,0.00568729,190.3
0df20d742ebf81b18a726ad029d633c0,Localization Quality,AMCLPose,MeanYaw,0.406131,190.3
0df20d742ebf81b18a726ad029d633c0,Localization Quality,AMCLPose,MeanY,1.44331,190.3
0df20d742ebf81b18a726ad029d633c0,Localization Quality,AMCLPose,MeanX,3.36053,190.3
0df20d742ebf81b18a726ad029d633c0,Localization Stability,TF,Jump Angular,-0.000371464,191.3
0df20d742ebf81b18a726ad029d633c0,Localization Stability,TF,Jump Linear,0.00442002,191.3
0df20d742ebf81b18a726ad029d633c0,Input Validity,Lidar,Lidar Rate,10,190.43
0df20d742ebf81b18a726ad029d633c0,Input Validity,Odometry,Odometry Rate,50,190.43
0df20d742ebf81b18a726ad029d633c0,Input Validity,TF,TF Rate,10,190.43
0df20d742ebf81b18a726ad029d633c0,Localization Stability,TF,Jump Angular,0,191.4
0df20d742ebf81b18a726ad029d633c0,Localization Stability,TF,Jump Linear,0,191.4
0df20d742ebf81b18a726ad029d633c0,Input Validity,Lidar,Lidar Rate,10,190.53
0df20d742ebf81b18a726ad029d633c0,Input Validity,Odometry,Odometry Rate,50,190.53
0df20d742ebf81b18a726ad029d633c0,Input Validity,TF,TF Rate,10,190.53
0df20d742ebf81b18a726ad029d633c0,Localization Stability,TF,Jump Angular,0,191.5
0df20d742ebf81b18a726ad029d633c0,Localization Stability,TF,Jump Linear,0,191.5
0df20d742ebf81b18a726ad029d633c0,Input Validity,Lidar,Lidar Rate,10,190.63
0df20d742ebf81b18a726ad029d633c0,Input Validity,Odometry,Odometry Rate,50,190.63
0df20d742ebf81b18a726ad029d633c0,Input Validity,TF,TF Rate,10,190.63
0df20d742ebf81b18a726ad029d633c0,Localization Stability,TF,Jump Angular,0,191.6
0df20d742ebf81b18a726ad029d633c0,Localization Stability,TF,Jump Linear,0,191.6
0df20d742ebf81b18a726ad029d633c0,Input Validity,Lidar,Lidar Rate,10,190.73
0df20d742ebf81b18a726ad029d633c0,Input Validity,Odometry,Odometry Rate,50,190.73
0df20d742ebf81b18a726ad029d633c0,Input Validity,TF,TF Rate,10,190.73
0df20d742ebf81b18a726ad029d633c0,Localization Stability,TF,Jump Angular,0,191.7
0df20d742ebf81b18a726ad029d633c0,Localization Stability,TF,Jump Linear,0,191.7
0df20d742ebf81b18a726ad029d633c0,Input Validity,Lidar,Lidar Rate,10,190.83
0df20d742ebf81b18a726ad029d633c0,Input Validity,Odometry,Odometry Rate,50,190.83
0df20d742ebf81b18a726ad029d633c0,Input Validity,TF,TF Rate,10,190.83
0df20d742ebf81b18a726ad029d633c0,Localization Stability,TF,Jump Angular,0,191.8
0df20d742ebf81b18a726ad029d633c0,Localization Stability,TF,Jump Linear,0,191.8
0df20d742ebf81b18a726ad029d633c0,Input Validity,Lidar,Lidar Rate,10,190.93
0df20d742ebf81b18a726ad029d633c0,Input Validity,Odometry,Odometry Rate,50,190.93
0df20d742ebf81b18a726ad029d633c0,Input Validity,TF,TF Rate,10,190.93
0df20d742ebf81b18a726ad029d633c0,Localization Stability,TF,Jump Angular,0,191.9
0df20d742ebf81b18a726ad029d633c0,Localization Stability,TF,Jump Linear,0,191.9
0df20d742ebf81b18a726ad029d633c0,Input Validity,Lidar,Lidar Rate,10,191.03
0df20d742ebf81b18a726ad029d633c0,Input Validity,Odometry,Odometry Rate,50,191.03
0df20d742ebf81b18a726ad029d633c0,Input Validity,TF,TF Rate,10,191.03
0df20d742ebf81b18a726ad029d633c0,Localization Stability,TF,Jump Angular,0,192
0df20d742ebf81b18a726ad029d633c0,Localization Stability,TF,Jump Linear,0,192
0df20d742ebf81b18a726ad029d633c0,Input Validity,Lidar,Lidar Rate,10,191.13
0df20d742ebf81b18a726ad029d633c0,Input Validity,Odometry,Odometry Rate,50,191.13
0df20d742ebf81b18a726ad029d633c0,Input Validity,TF,TF Rate,10,191.13
0df20d742ebf81b18a726ad029d633c0,Localization Quality,AMCLPose,CovYawYaw,0.002945,191.1
0df20d742ebf81b18a726ad029d633c0,Localization Quality,AMCLPose,CovYY,0.00231837,191.1
0df20d742ebf81b18a726ad029d633c0,Localization Quality,AMCLPose,CovXX,0.00557472,191.1
0df20d742ebf81b18a726ad029d633c0,Localization Quality,AMCLPose,MeanYaw,0.446386,191.1
0df20d742ebf81b18a726ad029d633c0,Localization Quality,AMCLPose,MeanY,1.48617,191.1
0df20d742ebf81b18a726ad029d633c0,Localization Quality,AMCLPose,MeanX,3.45754,191.1
0df20d742ebf81b18a726ad029d633c0,Localization Stability,TF,Jump Angular,0.00128286,192.1
0df20d742ebf81b18a726ad029d633c0,Localization Stability,TF,Jump Linear,0.00617892,192.1
0df20d742ebf81b18a726ad029d633c0,Input Validity,Lidar,Lidar Rate,10,191.23
0df20d742ebf81b18a726ad029d633c0,Input Validity,Odometry,Odometry Rate,50,191.23
0df20d742ebf81b18a726ad029d633c0,Input Validity,TF,TF Rate,10,191.23
0df20d742ebf81b18a726ad029d633c0,Localization Stability,TF,Jump Angular,0,192.2
0df20d742ebf81b18a726ad029d633c0,Localization Stability,TF,Jump Linear,0,192.2
0df20d742ebf81b18a726ad029d633c0,Input Validity,Lidar,Lidar Rate,10,191.33
0df20d742ebf81b18a726ad029d633c0,Input Validity,Odometry,Odometry Rate,50,191.33
0df20d742ebf81b18a726ad029d633c0,Input Validity,TF,TF Rate,10,191.33
0df20d742ebf81b18a726ad029d633c0,Localization Stability,TF,Jump Angular,0,192.3
0df20d742ebf81b18a726ad029d633c0,Localization Stability,TF,Jump Linear,0,192.3
0df20d742ebf81b18a726ad029d633c0,Input Validity,Lidar,Lidar Rate,10,191.43
0df20d742ebf81b18a726ad029d633c0,Input Validity,Odometry,Odometry Rate,50,191.43
0df20d742ebf81b18a726ad029d633c0,Input Validity,TF,TF Rate,10,191.43
0df20d742ebf81b18a726ad029d633c0,Localization Stability,TF,Jump Angular,0,192.4
0df20d742ebf81b18a726ad029d633c0,Localization Stability,TF,Jump Linear,0,192.4
0df20d742ebf81b18a726ad029d633c0,Input Validity,Lidar,Lidar Rate,10,191.52
0df20d742ebf81b18a726ad029d633c0,Input Validity,Odometry,Odometry Rate,50,191.52
0df20d742ebf81b18a726ad029d633c0,Input Validity,TF,TF Rate,10,191.52
0df20d742ebf81b18a726ad029d633c0,Localization Stability,TF,Jump Angular,0,192.5
0df20d742ebf81b18a726ad029d633c0,Localization Stability,TF,Jump Linear,0,192.5
0df20d742ebf81b18a726ad029d633c0,Input Validity,Lidar,Lidar Rate,10,191.62
0df20d742ebf81b18a726ad029d633c0,Input Validity,Odometry,Odometry Rate,50,191.62
0df20d742ebf81b18a726ad029d633c0,Input Validity,TF,TF Rate,10,191.62
0df20d742ebf81b18a726ad029d633c0,Localization Stability,TF,Jump Angular,0,192.6
0df20d742ebf81b18a726ad029d633c0,Localization Stability,TF,Jump Linear,0,192.6
0df20d742ebf81b18a726ad029d633c0,Input Validity,Lidar,Lidar Rate,10,191.72
0df20d742ebf81b18a726ad029d633c0,Input Validity,Odometry,Odometry Rate,50,191.72
0df20d742ebf81b18a726ad029d633c0,Input Validity,TF,TF Rate,10,191.72
0df20d742ebf81b18a726ad029d633c0,Localization Stability,TF,Jump Angular,0,192.7
0df20d742ebf81b18a726ad029d633c0,Localization Stability,TF,Jump Linear,0,192.7
0df20d742ebf81b18a726ad029d633c0,Input Validity,Lidar,Lidar Rate,10,191.82
0df20d742ebf81b18a726ad029d633c0,Input Validity,Odometry,Odometry Rate,50,191.82
0df20d742ebf81b18a726ad029d633c0,Input Validity,TF,TF Rate,10,191.82
0df20d742ebf81b18a726ad029d633c0,Input Validity,Lidar,Lidar Rate,10,191.9
0df20d742ebf81b18a726ad029d633c0,Input Validity,Odometry,Odometry Rate,50,191.9
0df20d742ebf81b18a726ad029d633c0,Input Validity,TF,TF Rate,10,191.9
0df20d742ebf81b18a726ad029d633c0,Localization Stability,TF,Jump Angular,0,192.8
0df20d742ebf81b18a726ad029d633c0,Localization Stability,TF,Jump Linear,0,192.8
0df20d742ebf81b18a726ad029d633c0,Localization Stability,TF,Jump Angular,0,192.9
0df20d742ebf81b18a726ad029d633c0,Localization Stability,TF,Jump Linear,0,192.9
0df20d742ebf81b18a726ad029d633c0,Input Validity,Lidar,Lidar Rate,10,192
0df20d742ebf81b18a726ad029d633c0,Input Validity,Odometry,Odometry Rate,50,192
0df20d742ebf81b18a726ad029d633c0,Input Validity,TF,TF Rate,10,192
0df20d742ebf81b18a726ad029d633c0,Localization Stability,TF,Jump Angular,0,193
0df20d742ebf81b18a726ad029d633c0,Localization Stability,TF,Jump Linear,0,193
0df20d742ebf81b18a726ad029d633c0,Input Validity,Lidar,Lidar Rate,10,192.1
0df20d742ebf81b18a726ad029d633c0,Input Validity,Odometry,Odometry Rate,50,192.1
0df20d742ebf81b18a726ad029d633c0,Input Validity,TF,TF Rate,10,192.1
0df20d742ebf81b18a726ad029d633c0,Localization Stability,TF,Jump Angular,0,193.1
0df20d742ebf81b18a726ad029d633c0,Localization Stability,TF,Jump Linear,0,193.1
0df20d742ebf81b18a726ad029d633c0,Input Validity,Lidar,Lidar Rate,10,192.2
0df20d742ebf81b18a726ad029d633c0,Input Validity,Odometry,Odometry Rate,50,192.2
0df20d742ebf81b18a726ad029d633c0,Input Validity,TF,TF Rate,10,192.2
0df20d742ebf81b18a726ad029d633c0,Localization Stability,TF,Jump Angular,0,193.2
0df20d742ebf81b18a726ad029d633c0,Localization Stability,TF,Jump Linear,0,193.2
0df20d742ebf81b18a726ad029d633c0,Input Validity,Lidar,Lidar Rate,10,192.3
0df20d742ebf81b18a726ad029d633c0,Input Validity,Odometry,Odometry Rate,50,192.3
0df20d742ebf81b18a726ad029d633c0,Input Validity,TF,TF Rate,10,192.3
0df20d742ebf81b18a726ad029d633c0,Localization Stability,TF,Jump Angular,0,193.3
0df20d742ebf81b18a726ad029d633c0,Localization Stability,TF,Jump Linear,0,193.3
0df20d742ebf81b18a726ad029d633c0,Input Validity,Lidar,Lidar Rate,10,192.4
0df20d742ebf81b18a726ad029d633c0,Input Validity,Odometry,Odometry Rate,50,192.4
0df20d742ebf81b18a726ad029d633c0,Input Validity,TF,TF Rate,10,192.4
0df20d742ebf81b18a726ad029d633c0,Localization Quality,AMCLPose,CovYawYaw,0.00267471,192.4
0df20d742ebf81b18a726ad029d633c0,Localization Quality,AMCLPose,CovYY,0.00247455,192.4
0df20d742ebf81b18a726ad029d633c0,Localization Quality,AMCLPose,CovXX,0.00511227,192.4
0df20d742ebf81b18a726ad029d633c0,Localization Quality,AMCLPose,MeanYaw,0.49149,192.4
0df20d742ebf81b18a726ad029d633c0,Localization Quality,AMCLPose,MeanY,1.53423,192.4
0df20d742ebf81b18a726ad029d633c0,Localization Quality,AMCLPose,MeanX,3.55722,192.4
0df20d742ebf81b18a726ad029d633c0,Input Validity,Lidar,Lidar Rate,10,192.5
0df20d742ebf81b18a726ad029d633c0,Input Validity,Odometry,Odometry Rate,50,192.5
0df20d742ebf81b18a726ad029d633c0,Input Validity,TF,TF Rate,10,192.5
0df20d742ebf81b18a726ad029d633c0,Localization Stability,TF,Jump Angular,-0.00228728,193.4
0df20d742ebf81b18a726ad029d633c0,Localization Stability,TF,Jump Linear,0.00693561,193.4
0df20d742ebf81b18a726ad029d633c0,Localization Stability,TF,Jump Angular,0,193.5
0df20d742ebf81b18a726ad029d633c0,Localization Stability,TF,Jump Linear,0,193.5
0df20d742ebf81b18a726ad029d633c0,Input Validity,Lidar,Lidar Rate,10,192.6
0df20d742ebf81b18a726ad029d633c0,Input Validity,Odometry,Odometry Rate,50,192.6
0df20d742ebf81b18a726ad029d633c0,Input Validity,TF,TF Rate,10,192.6
0df20d742ebf81b18a726ad029d633c0,Localization Stability,TF,Jump Angular,0,193.6
0df20d742ebf81b18a726ad029d633c0,Localization Stability,TF,Jump Linear,0,193.6
0df20d742ebf81b18a726ad029d633c0,Input Validity,Lidar,Lidar Rate,10,192.7
0df20d742ebf81b18a726ad029d633c0,Input Validity,Odometry,Odometry Rate,50,192.7
0df20d742ebf81b18a726ad029d633c0,Input Validity,TF,TF Rate,10,192.7
0df20d742ebf81b18a726ad029d633c0,Input Validity,Lidar,Lidar Rate,10,192.8
0df20d742ebf81b18a726ad029d633c0,Input Validity,Odometry,Odometry Rate,50,192.8
0df20d742ebf81b18a726ad029d633c0,Input Validity,TF,TF Rate,10,192.8
0df20d742ebf81b18a726ad029d633c0,Localization Quality,AMCLPose,CovYawYaw,0.00167826,192.7
0df20d742ebf81b18a726ad029d633c0,Localization Quality,AMCLPose,CovYY,0.0021178,192.7
0df20d742ebf81b18a726ad029d633c0,Localization Quality,AMCLPose,CovXX,0.00440512,192.7
0df20d742ebf81b18a726ad029d633c0,Localization Quality,AMCLPose,MeanYaw,0.431905,192.7
0df20d742ebf81b18a726ad029d633c0,Localization Quality,AMCLPose,MeanY,1.53394,192.7
0df20d742ebf81b18a726ad029d633c0,Localization Quality,AMCLPose,MeanX,3.56483,192.7
0df20d742ebf81b18a726ad029d633c0,Localization Stability,TF,Jump Angular,-0.00390806,193.7
0df20d742ebf81b18a726ad029d633c0,Localization Stability,TF,Jump Linear,0.0115502,193.7
0df20d742ebf81b18a726ad029d633c0,Localization Quality,AMCLPose,CovYawYaw,0.00124594,192.8
0df20d742ebf81b18a726ad029d633c0,Localization Quality,AMCLPose,CovYY,0.00193797,192.8
0df20d742ebf81b18a726ad029d633c0,Localization Quality,AMCLPose,CovXX,0.0040183,192.8
0df20d742ebf81b18a726ad029d633c0,Localization Quality,AMCLPose,MeanYaw,0.380792,192.8
0df20d742ebf81b18a726ad029d633c0,Localization Quality,AMCLPose,MeanY,1.53375,192.8
0df20d742ebf81b18a726ad029d633c0,Localization Quality,AMCLPose,MeanX,3.56586,192.8
0df20d742ebf81b18a726ad029d633c0,Localization Stability,TF,Jump Angular,0.00076844,193.8
0df20d742ebf81b18a726ad029d633c0,Localization Stability,TF,Jump Linear,0.00368223,193.8
0df20d742ebf81b18a726ad029d633c0,Input Validity,Lidar,Lidar Rate,10,192.9
0df20d742ebf81b18a726ad029d633c0,Input Validity,Odometry,Odometry Rate,50,192.9
0df20d742ebf81b18a726ad029d633c0,Input Validity,TF,TF Rate,10,192.9
0df20d742ebf81b18a726ad029d633c0,Localization Quality,AMCLPose,CovYawYaw,0.000956408,192.9
0df20d742ebf81b18a726ad029d633c0,Localization Quality,AMCLPose,CovYY,0.00154985,192.9
0df20d742ebf81b18a726ad029d633c0,Localization Quality,AMCLPose,CovXX,0.00371144,192.9
0df20d742ebf81b18a726ad029d633c0,Localization Quality,AMCLPose,MeanYaw,0.310074,192.9
0df20d742ebf81b18a726ad029d633c0,Localization Quality,AMCLPose,MeanY,1.53309,192.9
0df20d742ebf81b18a726ad029d633c0,Localization Quality,AMCLPose,MeanX,3.5678,192.9
0df20d742ebf81b18a726ad029d633c0,Localization Stability,TF,Jump Angular,-0.00184155,193.9
0df20d742ebf81b18a726ad029d633c0,Localization Stability,TF,Jump Linear,0.0063287,193.9
0df20d742ebf81b18a726ad029d633c0,Input Validity,Lidar,Lidar Rate,10,193
0df20d742ebf81b18a726ad029d633c0,Input Validity,Odometry,Odometry Rate,50,193
0df20d742ebf81b18a726ad029d633c0,Input Validity,TF,TF Rate,10,193
0df20d742ebf81b18a726ad029d633c0,Input Validity,Lidar,Lidar Rate,10,193.1
0df20d742ebf81b18a726ad029d633c0,Input Validity,Odometry,Odometry Rate,50,193.1
0df20d742ebf81b18a726ad029d633c0,Input Validity,TF,TF Rate,10,193.1
0df20d742ebf81b18a726ad029d633c0,Localization Quality,AMCLPose,CovYawYaw,0.000811186,193
0df20d742ebf81b18a726ad029d633c0,Localization Quality,AMCLPose,CovYY,0.00133438,193
0df20d742ebf81b18a726ad029d633c0,Localization Quality,AMCLPose,CovXX,0.00329614,193
0df20d742ebf81b18a726ad029d633c0,Localization Quality,AMCLPose,MeanYaw,0.222521,193
0df20d742ebf81b18a726ad029d633c0,Localization Quality,AMCLPose,MeanY,1.5337,193
0df20d742ebf81b18a726ad029d633c0,Localization Quality,AMCLPose,MeanX,3.56993,193
0df20d742ebf81b18a726ad029d633c0,Localization Stability,TF,Jump Angular,-0.00169044,194
0df20d742ebf81b18a726ad029d633c0,Localization Stability,TF,Jump Linear,0.00701703,194
0df20d742ebf81b18a726ad029d633c0,Input Validity,Lidar,Lidar Rate,10,193.2
0df20d742ebf81b18a726ad029d633c0,Input Validity,Odometry,Odometry Rate,50,193.2
0df20d742ebf81b18a726ad029d633c0,Input Validity,TF,TF Rate,10,193.2
0df20d742ebf81b18a726ad029d633c0,Localization Quality,AMCLPose,CovYawYaw,0.000898888,193.1
0df20d742ebf81b18a726ad029d633c0,Localization Quality,AMCLPose,CovYY,0.00128184,193.1
0df20d742ebf81b18a726ad029d633c0,Localization Quality,AMCLPose,CovXX,0.00347504,193.1
0df20d742ebf81b18a726ad029d633c0,Localization Quality,AMCLPose,MeanYaw,0.121339,193.1
0df20d742ebf81b18a726ad029d633c0,Localization Quality,AMCLPose,MeanY,1.5348,193.1
0df20d742ebf81b18a726ad029d633c0,Localization Quality,AMCLPose,MeanX,3.57129,193.1
0df20d742ebf81b18a726ad029d633c0,Localization Stability,TF,Jump Angular,0.00166233,194.1
0df20d742ebf81b18a726ad029d633c0,Localization Stability,TF,Jump Linear,0.00621852,194.1
0df20d742ebf81b18a726ad029d633c0,Input Validity,Lidar,Lidar Rate,10,193.3
0df20d742ebf81b18a726ad029d633c0,Input Validity,Odometry,Odometry Rate,50,193.3
0df20d742ebf81b18a726ad029d633c0,Input Validity,TF,TF Rate,10,193.3
0df20d742ebf81b18a726ad029d633c0,Localization Quality,AMCLPose,CovYawYaw,0.00118576,193.2
0df20d742ebf81b18a726ad029d633c0,Localization Quality,AMCLPose,CovYY,0.00118445,193.2
0df20d742ebf81b18a726ad029d633c0,Localization Quality,AMCLPose,CovXX,0.00363661,193.2
0df20d742ebf81b18a726ad029d633c0,Localization Quality,AMCLPose,MeanYaw,0.00221534,193.2
0df20d742ebf81b18a726ad029d633c0,Localization Quality,AMCLPose,MeanY,1.53483,193.2
0df20d742ebf81b18a726ad029d633c0,Localization Quality,AMCLPose,MeanX,3.57289,193.2
0df20d742ebf81b18a726ad029d633c0,Localization Stability,TF,Jump Angular,0.000699881,194.2
0df20d742ebf81b18a726ad029d633c0,Localization Stability,TF,Jump Linear,0.00360773,194.2
0df20d742ebf81b18a726ad029d633c0,Input Validity,Lidar,Lidar Rate,10,193.4
0df20d742ebf81b18a726ad029d633c0,Input Validity,Odometry,Odometry Rate,50,193.4
0df20d742ebf81b18a726ad029d633c0,Input Validity,TF,TF Rate,10,193.4
0df20d742ebf81b18a726ad029d633c0,Localization Quality,AMCLPose,CovYawYaw,0.00151499,193.3
0df20d742ebf81b18a726ad029d633c0,Localization Quality,AMCLPose,CovYY,0.00112062,193.3
0df20d742ebf81b18a726ad029d633c0,Localization Quality,AMCLPose,CovXX,0.00425837,193.3
0df20d742ebf81b18a726ad029d633c0,Localization Quality,AMCLPose,MeanYaw,-0.134271,193.3
0df20d742ebf81b18a726ad029d633c0,Localization Quality,AMCLPose,MeanY,1.53439,193.3
0df20d742ebf81b18a726ad029d633c0,Localization Quality,AMCLPose,MeanX,3.57334,193.3
0df20d742ebf81b18a726ad029d633c0,Localization Stability,TF,Jump Angular,0.000319253,194.3
0df20d742ebf81b18a726ad029d633c0,Localization Stability,TF,Jump Linear,0.00185079,194.3
0df20d742ebf81b18a726ad029d633c0,Input Validity,Lidar,Lidar Rate,10,193.5
0df20d742ebf81b18a726ad029d633c0,Input Validity,Odometry,Odometry Rate,50,193.5
0df20d742ebf81b18a726ad029d633c0,Input Validity,TF,TF Rate,10,193.5
0df20d742ebf81b18a726ad029d633c0,Localization Quality,AMCLPose,CovYawYaw,0.00182796,193.4
0df20d742ebf81b18a726ad029d633c0,Localization Quality,AMCLPose,CovYY,0.00106538,193.4
0df20d742ebf81b18a726ad029d633c0,Localization Quality,AMCLPose,CovXX,0.00482125,193.4
0df20d742ebf81b18a726ad029d633c0,Localization Quality,AMCLPose,MeanYaw,-0.287172,193.4
0df20d742ebf81b18a726ad029d633c0,Localization Quality,AMCLPose,MeanY,1.53483,193.4
0df20d742ebf81b18a726ad029d633c0,Localization Quality,AMCLPose,MeanX,3.57613,193.4
0df20d742ebf81b18a726ad029d633c0,Localization Stability,TF,Jump Angular,0.000885074,194.4
0df20d742ebf81b18a726ad029d633c0,Localization Stability,TF,Jump Linear,0.00486026,194.4
0df20d742ebf81b18a726ad029d633c0,Input Validity,Lidar,Lidar Rate,10,193.59
0df20d742ebf81b18a726ad029d633c0,Input Validity,Odometry,Odometry Rate,50,193.59
0df20d742ebf81b18a726ad029d633c0,Input Validity,TF,TF Rate,10,193.59
0df20d742ebf81b18a726ad029d633c0,Localization Quality,AMCLPose,CovYawYaw,0.00227268,193.5
0df20d742ebf81b18a726ad029d633c0,Localization Quality,AMCLPose,CovYY,0.00113154,193.5
0df20d742ebf81b18a726ad029d633c0,Localization Quality,AMCLPose,CovXX,0.00489818,193.5
0df20d742ebf81b18a726ad029d633c0,Localization Quality,AMCLPose,MeanYaw,-0.45805,193.5
0df20d742ebf81b18a726ad029d633c0,Localization Quality,AMCLPose,MeanY,1.5365,193.5
0df20d742ebf81b18a726ad029d633c0,Localization Quality,AMCLPose,MeanX,3.57398,193.5
0df20d742ebf81b18a726ad029d633c0,Localization Stability,TF,Jump Angular,-0.000110855,194.5
0df20d742ebf81b18a726ad029d633c0,Localization Stability,TF,Jump Linear,0.00309628,194.5
0df20d742ebf81b18a726ad029d633c0,Localization Responsiveness,TTC,TTC Outcome,1,193.68
0df20d742ebf81b18a726ad029d633c0,Localization Responsiveness,TTC,TTC,2.76,193.68
0df20d742ebf81b18a726ad029d633c0,Mission Outcome,Episode Event,Recoveries,0,193.68
0df20d742ebf81b18a726ad029d633c0,Mission Outcome,Episode Event,Collisions,0,193.68
0df20d742ebf81b18a726ad029d633c0,Mission Outcome,Episode Event,Navigation Time,21.34,193.68
0df20d742ebf81b18a726ad029d633c0,Mission Outcome,Episode Event,Goal Result,1,193.68
0df20d742ebf81b18a726ad029d633c0,Input Validity,AMCLPose,Pose Monotonicity,0,193.68
0df20d742ebf81b18a726ad029d633c0,Input Validity,Lidar,Lidar Frame Mistmatch,0,193.68
0df20d742ebf81b18a726ad029d633c0,Input Validity,Lidar,Lidar Monotonicity,0,193.68
0df20d742ebf81b18a726ad029d633c0,Input Validity,Odometry,Odometry Frame Mismatch,0,193.68
0df20d742ebf81b18a726ad029d633c0,Input Validity,Odometry,Odometry Monotonicity,0,193.68
0df20d742ebf81b18a726ad029d633c0,Input Validity,TF,TF Gap Count,0,193.68
0df20d742ebf81b18a726ad029d633c0,Input Validity,TF,TF Frame Drop,1067,193.68
0df20d742ebf81b18a726ad029d633c0,Input Validity,TF,TF Monotonicity,0,193.68
0df20d742ebf81b18a726ad029d633c0,map,-2.93341,-0.640288,137.755,3.625,1.575,-41.2501,1,SUCCEEDED,5,21.34,172.34,193.68,0.0490337,0.158329,0.75576,0.0576037,0.0027053,0.061971,0.0349087,518.185,2170,7.23315,0.443668,0.0222309,0.827881,0,1067,0.957044
