GoalID,Metric Class,Metric Source,Metric Name,Metric Value,Timestamp
592945181ec9c75e6e5bb282fdc37036,Localization Stability,TF,Jump Angular,0,235.2
592945181ec9c75e6e5bb282fdc37036,Localization Stability,TF,Jump Linear,0,235.2
592945181ec9c75e6e5bb282fdc37036,Input Validity,Lidar,Lidar Rate,10,234.36
592945181ec9c75e6e5bb282fdc37036,Input Validity,Odometry,Odometry Rate,50,234.36
592945181ec9c75e6e5bb282fdc37036,Input Validity,TF,TF Rate,10,234.36
592945181ec9c75e6e5bb282fdc37036,Localization Quality,AMCLPose,CovYawYaw,0.000487883,234.3
592945181ec9c75e6e5bb282fdc37036,Localization Quality,AMCLPose,CovYY,0.000164179,234.3
592945181ec9c75e6e5bb282fdc37036,Localization Quality,AMCLPose,CovXX,0.000156336,234.3
592945181ec9c75e6e5bb282fdc37036,Localization Quality,AMCLPose,MeanYaw,-0.849652,234.3
592945181ec9c75e6e5bb282fdc37036,Localization Quality,AMCLPose,MeanY,1.53351,234.3
592945181ec9c75e6e5bb282fdc37036,Localization Quality,AMCLPose,MeanX,3.66474,234.3
592945181ec9c75e6e5bb282fdc37036,Localization Stability,TF,Jump Angular,0.000172566,235.3
592945181ec9c75e6e5bb282fdc37036,Localization Stability,TF,Jump Linear,0.0031653,235.3
592945181ec9c75e6e5bb282fdc37036,Input Validity,Lidar,Lidar Rate,10,234.46
592945181ec9c75e6e5bb282fdc37036,Input Validity,Odometry,Odometry Rate,50,234.46
592945181ec9c75e6e5bb282fdc37036,Input Validity,TF,TF Rate,10,234.46
592945181ec9c75e6e5bb282fdc37036,Localization Stability,TF,Jump Angular,0,235.4
592945181ec9c75e6e5bb282fdc37036,Localization Stability,TF,Jump Linear,0,235.4
592945181ec9c75e6e5bb282fdc37036,Input Validity,Lidar,Lidar Rate,10,234.56
592945181ec9c75e6e5bb282fdc37036,Input Validity,Odometry,Odometry Rate,50,234.56
592945181ec9c75e6e5bb282fdc37036,Input Validity,TF,TF Rate,10,234.56
592945181ec9c75e6e5bb282fdc37036,Localization Quality,AMCLPose,CovYawYaw,0.00109168,234.5
592945181ec9c75e6e5bb282fdc37036,Localization Quality,AMCLPose,CovYY,0.000341481,234.5
592945181ec9c75e6e5bb282fdc37036,Localization Quality,AMCLPose,CovXX,0.000277655,234.5
592945181ec9c75e6e5bb282fdc37036,Localization Quality,AMCLPose,MeanYaw,-0.90107,234.5
592945181ec9c75e6e5bb282fdc37036,Localization Quality,AMCLPose,MeanY,1.47859,234.5
592945181ec9c75e6e5bb282fdc37036,Localization Quality,AMCLPose,MeanX,3.71028,234.5
592945181ec9c75e6e5bb282fdc37036,Localization Stability,TF,Jump Angular,-0.00023709,235.5
592945181ec9c75e6e5bb282fdc37036,Localization Stability,TF,Jump Linear,0.00368311,235.5
592945181ec9c75e6e5bb282fdc37036,Input Validity,Lidar,Lidar Rate,10,234.66
592945181ec9c75e6e5bb282fdc37036,Input Validity,Odometry,Odometry Rate,50,234.66
592945181ec9c75e6e5bb282fdc37036,Input Validity,TF,TF Rate,10,234.66
592945181ec9c75e6e5bb282fdc37036,Localization Stability,TF,Jump Angular,0,235.6
592945181ec9c75e6e5bb282fdc37036,Localization Stability,TF,Jump Linear,0,235.6
592945181ec9c75e6e5bb282fdc37036,Localization Stability,TF,Jump Angular,0,235.7
592945181ec9c75e6e5bb282fdc37036,Localization Stability,TF,Jump Linear,0,235.7
592945181ec9c75e6e5bb282fdc37036,Input Validity,Lidar,Lidar Rate,10,234.76
592945181ec9c75e6e5bb282fdc37036,Input Validity,Odometry,Odometry Rate,50,234.76
592945181ec9c75e6e5bb282fdc37036,Input Validity,TF,TF Rate,10,234.76
592945181ec9c75e6e5bb282fdc37036,Localization Quality,AMCLPose,CovYawYaw,0.00315569,234.8
592945181ec9c75e6e5bb282fdc37036,Localization Quality,AMCLPose,CovYY,0.00100756,234.8
592945181ec9c75e6e5bb282fdc37036,Localization Quality,AMCLPose,CovXX,0.000672982,234.8
592945181ec9c75e6e5bb282fdc37036,Localization Quality,AMCLPose,MeanYaw,-0.955465,234.8
592945181ec9c75e6e5bb282fdc37036,Localization Quality,AMCLPose,MeanY,1.37144,234.8
592945181ec9c75e6e5bb282fdc37036,Localization Quality,AMCLPose,MeanX,3.79008,234.8
592945181ec9c75e6e5bb282fdc37036,Localization Stability,TF,Jump Angular,-0.000734788,235.8
592945181ec9c75e6e5bb282fdc37036,Localization Stability,TF,Jump Linear,0.0138613,235.8
592945181ec9c75e6e5bb282fdc37036,Input Validity,Lidar,Lidar Rate,10,234.86
592945181ec9c75e6e5bb282fdc37036,Input Validity,Odometry,Odometry Rate,50,234.86
592945181ec9c75e6e5bb282fdc37036,Input Validity,TF,TF Rate,10,234.86
592945181ec9c75e6e5bb282fdc37036,Localization Stability,TF,Jump Angular,0,235.9
592945181ec9c75e6e5bb282fdc37036,Localization Stability,TF,Jump Linear,0,235.9
592945181ec9c75e6e5bb282fdc37036,Input Validity,Lidar,Lidar Rate,10,234.96
592945181ec9c75e6e5bb282fdc37036,Input Validity,Odometry,Odometry Rate,50,234.96
592945181ec9c75e6e5bb282fdc37036,Input Validity,TF,TF Rate,10,234.96
592945181ec9c75e6e5bb282fdc37036,Localization Stability,TF,Jump Angular,0,236
592945181ec9c75e6e5bb282fdc37036,Localization Stability,TF,Jump Linear,0,236
592945181ec9c75e6e5bb282fdc37036,Input Validity,Lidar,Lidar Rate,10,235.06
592945181ec9c75e6e5bb282fdc37036,Input Validity,Odometry,Odometry Rate,50,235.06
592945181ec9c75e6e5bb282fdc37036,Input Validity,TF,TF Rate,10,235.06
592945181ec9c75e6e5bb282fdc37036,Input Validity,Lidar,Lidar Rate,10,235.14
592945181ec9c75e6e5bb282fdc37036,Input Validity,Odometry,Odometry Rate,50,235.14
592945181ec9c75e6e5bb282fdc37036,Input Validity,TF,TF Rate,10,235.14
592945181ec9c75e6e5bb282fdc37036,Input Validity,Lidar,Lidar Rate,10,235.16
592945181ec9c75e6e5bb282fdc37036,Input Validity,Odometry,Odometry Rate,50,235.16
592945181ec9c75e6e5bb282fdc37036,Input Validity,TF,TF Rate,10,235.16
592945181ec9c75e6e5bb282fdc37036,Localization Quality,AMCLPose,CovYawYaw,0.00318012,235.1
592945181ec9c75e6e5bb282fdc37036,Localization Quality,AMCLPose,CovYY,0.00169784,235.1
592945181ec9c75e6e5bb282fdc37036,Localization Quality,AMCLPose,CovXX,0.00100462,235.1
592945181ec9c75e6e5bb282fdc37036,Localization Quality,AMCLPose,MeanYaw,-1.00737,235.1
592945181ec9c75e6e5bb282fdc37036,Localization Quality,AMCLPose,MeanY,1.2602,235.1
592945181ec9c75e6e5bb282fdc37036,Localization Quality,AMCLPose,MeanX,3.86927,235.1
592945181ec9c75e6e5bb282fdc37036,Localization Stability,TF,Jump Angular,0.0225055,236.1
592945181ec9c75e6e5bb282fdc37036,Localization Stability,TF,Jump Linear,0.403822,236.1
592945181ec9c75e6e5bb282fdc37036,Localization Stability,TF,Jump Angular,0,236.2
592945181ec9c75e6e5bb282fdc37036,Localization Stability,TF,Jump Linear,0,236.2
592945181ec9c75e6e5bb282fdc37036,Input Validity,Lidar,Lidar Rate,10,235.26
592945181ec9c75e6e5bb282fdc37036,Input Validity,Odometry,Odometry Rate,50,235.26
592945181ec9c75e6e5bb282fdc37036,Input Validity,TF,TF Rate,10,235.26
592945181ec9c75e6e5bb282fdc37036,Input Validity,Lidar,Lidar Rate,10,235.36
592945181ec9c75e6e5bb282fdc37036,Input Validity,Odometry,Odometry Rate,50,235.36
592945181ec9c75e6e5bb282fdc37036,Input Validity,TF,TF Rate,10,235.36
592945181ec9c75e6e5bb282fdc37036,Input Validity,Lidar,Lidar Rate,10,235.46
592945181ec9c75e6e5bb282fdc37036,Input Validity,Odometry,Odometry Rate,50,235.46
592945181ec9c75e6e5bb282fdc37036,Input Validity,TF,TF Rate,10,235.46
592945181ec9c75e6e5bb282fdc37036,Input Validity,Lidar,Lidar Rate,10,235.56
592945181ec9c75e6e5bb282fdc37036,Input Validity,Odometry,Odometry Rate,50,235.56
592945181ec9c75e6e5bb282fdc37036,Input Validity,TF,TF Rate,10,235.56
592945181ec9c75e6e5bb282fdc37036,Input Validity,Lidar,Lidar Rate,10,235.65
592945181ec9c75e6e5bb282fdc37036,Input Validity,Odometry,Odometry Rate,50,235.65
592945181ec9c75e6e5bb282fdc37036,Input Validity,TF,TF Rate,10,235.65
592945181ec9c75e6e5bb282fdc37036,Input Validity,Lidar,Lidar Rate,10,235.75
592945181ec9c75e6e5bb282fdc37036,Input Validity,Odometry,Odometry Rate,50,235.75
592945181ec9c75e6e5bb282fdc37036,Input Validity,TF,TF Rate,10,235.75
592945181ec9c75e6e5bb282fdc37036,Input Validity,Lidar,Lidar Rate,10,235.85
592945181ec9c75e6e5bb282fdc37036,Input Validity,Odometry,Odometry Rate,50,235.85
592945181ec9c75e6e5bb282fdc37036,Input Validity,TF,TF Rate,10,235.85
592945181ec9c75e6e5bb282fdc37036,Localization Quality,AMCLPose,CovYawYaw,7.4135,235.3
592945181ec9c75e6e5bb282fdc37036,Localization Quality,AMCLPose,CovYY,7.15552,235.3
592945181ec9c75e6e5bb282fdc37036,Localization Quality,AMCLPose,CovXX,24.0553,235.3
592945181ec9c75e6e5bb282fdc37036,Localization Quality,AMCLPose,MeanYaw,-1.8592,235.3
592945181ec9c75e6e5bb282fdc37036,Localization Quality,AMCLPose,MeanY,-0.642354,235.3
592945181ec9c75e6e5bb282fdc37036,Localization Quality,AMCLPose,MeanX,0.320426,235.3
592945181ec9c75e6e5bb282fdc37036,Localization Stability,TF,Jump Angular,-0.786082,236.3
592945181ec9c75e6e5bb282fdc37036,Localization Stability,TF,Jump Linear,11.4773,236.3
592945181ec9c75e6e5bb282fdc37036,Localization Stability,TF,Jump Angular,0,236.4
592945181ec9c75e6e5bb282fdc37036,Localization Stability,TF,Jump Linear,0,236.4
592945181ec9c75e6e5bb282fdc37036,Localization Stability,TF,Jump Angular,0,236.5
592945181ec9c75e6e5bb282fdc37036,Localization Stability,TF,Jump Linear,0,236.5
592945181ec9c75e6e5bb282fdc37036,Input Validity,Lidar,Lidar Rate,10,235.95
592945181ec9c75e6e5bb282fdc37036,Input Validity,Odometry,Odometry Rate,50,235.95
592945181ec9c75e6e5bb282fdc37036,Input Validity,TF,TF Rate,10,235.95
592945181ec9c75e6e5bb282fdc37036,Input Validity,Lidar,Lidar Rate,10,236.05
592945181ec9c75e6e5bb282fdc37036,Input Validity,Odometry,Odometry Rate,50,236.05
592945181ec9c75e6e5bb282fdc37036,Input Validity,TF,TF Rate,10,236.05
592945181ec9c75e6e5bb282fdc37036,Input Validity,Lidar,Lidar Rate,10,236.15
592945181ec9c75e6e5bb282fdc37036,Input Validity,Odometry,Odometry Rate,50,236.15
592945181ec9c75e6e5bb282fdc37036,Input Validity,TF,TF Rate,10,236.15
592945181ec9c75e6e5bb282fdc37036,Input Validity,Lidar,Lidar Rate,10,236.25
592945181ec9c75e6e5bb282fdc37036,Input Validity,Odometry,Odometry Rate,50,236.25
592945181ec9c75e6e5bb282fdc37036,Input Validity,TF,TF Rate,10,236.25
592945181ec9c75e6e5bb282fdc37036,Input Validity,Lidar,Lidar Rate,10,236.35
592945181ec9c75e6e5bb282fdc37036,Input Validity,Odometry,Odometry Rate,50,236.35
592945181ec9c75e6e5bb282fdc37036,Input Validity,TF,TF Rate,10,236.35
592945181ec9c75e6e5bb282fdc37036,Input Validity,Lidar,Lidar Rate,10,236.45
592945181ec9c75e6e5bb282fdc37036,Input Validity,Odometry,Odometry Rate,50,236.45
592945181ec9c75e6e5bb282fdc37036,Input Validity,TF,TF Rate,10,236.45
592945181ec9c75e6e5bb282fdc37036,Localization Quality,AMCLPose,CovYawYaw,6.58176,235.6
592945181ec9c75e6e5bb282fdc37036,Localization Quality,AMCLPose,CovYY,6.4725,235.6
592945181ec9c75e6e5bb282fdc37036,Localization Quality,AMCLPose,CovXX,22.5685,235.6
592945181ec9c75e6e5bb282fdc37036,Localization Quality,AMCLPose,MeanYaw,-1.81262,235.6
592945181ec9c75e6e5bb282fdc37036,Localization Quality,AMCLPose,MeanY,-0.636262,235.6
592945181ec9c75e6e5bb282fdc37036,Localization Quality,AMCLPose,MeanX,0.49316,235.6
592945181ec9c75e6e5bb282fdc37036,Localization Stability,TF,Jump Angular,0.109038,236.6
592945181ec9c75e6e5bb282fdc37036,Localization Stability,TF,Jump Linear,1.73597,236.6
592945181ec9c75e6e5bb282fdc37036,Input Validity,Lidar,Lidar Rate,10,236.55
592945181ec9c75e6e5bb282fdc37036,Input Validity,Odometry,Odometry Rate,50,236.55
592945181ec9c75e6e5bb282fdc37036,Input Validity,TF,TF Rate,10,236.55
592945181ec9c75e6e5bb282fdc37036,Input Validity,Lidar,Lidar Rate,10,236.65
592945181ec9c75e6e5bb282fdc37036,Input Validity,Odometry,Odometry Rate,50,236.65
592945181ec9c75e6e5bb282fdc37036,Input Validity,TF,TF Rate,10,236.65
592945181ec9c75e6e5bb282fdc37036,Input Validity,Lidar,Lidar Rate,10,236.75
592945181ec9c75e6e5bb282fdc37036,Input Validity,Odometry,Odometry Rate,50,236.75
592945181ec9c75e6e5bb282fdc37036,Input Validity,TF,TF Rate,10,236.75
592945181ec9c75e6e5bb282fdc37036,Input Validity,Lidar,Lidar Rate,10,236.85
592945181ec9c75e6e5bb282fdc37036,Input Validity,Odometry,Odometry Rate,50,236.85
592945181ec9c75e6e5bb282fdc37036,Input Validity,TF,TF Rate,10,236.85
592945181ec9c75e6e5bb282fdc37036,Input Validity,Lidar,Lidar Rate,10,236.95
592945181ec9c75e6e5bb282fdc37036,Input Validity,Odometry,Odometry Rate,50,236.95
592945181ec9c75e6e5bb282fdc37036,Input Validity,TF,TF Rate,10,236.95
592945181ec9c75e6e5bb282fdc37036,Localization Quality,AMCLPose,CovYawYaw,6.585,236
592945181ec9c75e6e5bb282fdc37036,Localization Quality,AMCLPose,CovYY,5.80357,236
592945181ec9c75e6e5bb282fdc37036,Localization Quality,AMCLPose,CovXX,21.2858,236
592945181ec9c75e6e5bb282fdc37036,Localization Quality,AMCLPose,MeanYaw,-1.76076,236
592945181ec9c75e6e5bb282fdc37036,Localization Quality,AMCLPose,MeanY,-0.661066,236
592945181ec9c75e6e5bb282fdc37036,Localization Quality,AMCLPose,MeanX,0.577668,236
592945181ec9c75e6e5bb282fdc37036,Localization Stability,TF,Jump Angular,0.109478,237
592945181ec9c75e6e5bb282fdc37036,Localization Stability,TF,Jump Linear,1.78669,237
592945181ec9c75e6e5bb282fdc37036,Input Validity,Lidar,Lidar Rate,10,237.05
592945181ec9c75e6e5bb282fdc37036,Input Validity,Odometry,Odometry Rate,50,237.05
592945181ec9c75e6e5bb282fdc37036,Input Validity,TF,TF Rate,8.42105,237.05
592945181ec9c75e6e5bb282fdc37036,Input Validity,Lidar,Lidar Rate,10,237.15
592945181ec9c75e6e5bb282fdc37036,Input Validity,Odometry,Odometry Rate,50,237.15
592945181ec9c75e6e5bb282fdc37036,Input Validity,TF,TF Rate,8.42105,237.15
592945181ec9c75e6e5bb282fdc37036,Input Validity,Lidar,Lidar Rate,10,237.25
592945181ec9c75e6e5bb282fdc37036,Input Validity,Odometry,Odometry Rate,50,237.25
592945181ec9c75e6e5bb282fdc37036,Input Validity,TF,TF Rate,8.42105,237.25
592945181ec9c75e6e5bb282fdc37036,Input Validity,Lidar,Lidar Rate,10,237.35
592945181ec9c75e6e5bb282fdc37036,Input Validity,Odometry,Odometry Rate,50,237.35
592945181ec9c75e6e5bb282fdc37036,Input Validity,TF,TF Rate,8.42105,237.35
592945181ec9c75e6e5bb282fdc37036,Input Validity,Lidar,Lidar Rate,10,237.44
592945181ec9c75e6e5bb282fdc37036,Input Validity,Odometry,Odometry Rate,50,237.44
592945181ec9c75e6e5bb282fdc37036,Input Validity,TF,TF Rate,8.42105,237.44
592945181ec9c75e6e5bb282fdc37036,Input Validity,Lidar,Lidar Rate,10,237.54
592945181ec9c75e6e5bb282fdc37036,Input Validity,Odometry,Odometry Rate,50,237.54
592945181ec9c75e6e5bb282fdc37036,Input Validity,TF,TF Rate,8.42105,237.54
592945181ec9c75e6e5bb282fdc37036,Localization Quality,AMCLPose,CovYawYaw,6.40272,236.5
592945181ec9c75e6e5bb282fdc37036,Localization Quality,AMCLPose,CovYY,5.28238,236.5
592945181ec9c75e6e5bb282fdc37036,Localization Quality,AMCLPose,CovXX,20.0874,236.5
592945181ec9c75e6e5bb282fdc37036,Localization Quality,AMCLPose,MeanYaw,-2.31591,236.5
592945181ec9c75e6e5bb282fdc37036,Localization Quality,AMCLPose,MeanY,-0.683827,236.5
592945181ec9c75e6e5bb282fdc37036,Localization Quality,AMCLPose,MeanX,0.772925,236.5
592945181ec9c75e6e5bb282fdc37036,Localization Stability,TF,Jump Angular,-0.462027,237.5
592945181ec9c75e6e5bb282fdc37036,Localization Stability,TF,Jump Linear,8.60332,237.5
592945181ec9c75e6e5bb282fdc37036,Input Validity,Lidar,Lidar Rate,10,237.64
592945181ec9c75e6e5bb282fdc37036,Input Validity,Odometry,Odometry Rate,50,237.64
592945181ec9c75e6e5bb282fdc37036,Input Validity,TF,TF Rate,6.5,237.64
592945181ec9c75e6e5bb282fdc37036,Input Validity,Lidar,Lidar Rate,10,237.74
592945181ec9c75e6e5bb282fdc37036,Input Validity,Odometry,Odometry Rate,50,237.74
592945181ec9c75e6e5bb282fdc37036,Input Validity,TF,TF Rate,6.5,237.74
592945181ec9c75e6e5bb282fdc37036,Input Validity,Lidar,Lidar Rate,10,237.84
592945181ec9c75e6e5bb282fdc37036,Input Validity,Odometry,Odometry Rate,50,237.84
592945181ec9c75e6e5bb282fdc37036,Input Validity,TF,TF Rate,6.5,237.84
592945181ec9c75e6e5bb282fdc37036,Input Validity,Lidar,Lidar Rate,10,237.94
592945181ec9c75e6e5bb282fdc37036,Input Validity,Odometry,Odometry Rate,50,237.94
592945181ec9c75e6e5bb282fdc37036,Input Validity,TF,TF Rate,6.5,237.94
592945181ec9c75e6e5bb282fdc37036,Input Validity,Lidar,Lidar Rate,10,238.04
592945181ec9c75e6e5bb282fdc37036,Input Validity,Odometry,Odometry Rate,50,238.04
592945181ec9c75e6e5bb282fdc37036,Input Validity,TF,TF Rate,6.5,238.04
592945181ec9c75e6e5bb282fdc37036,Input Validity,Lidar,Lidar Rate,10,238.14
592945181ec9c75e6e5bb282fdc37036,Input Validity,Odometry,Odometry Rate,50,238.14
592945181ec9c75e6e5bb282fdc37036,Input Validity,TF,TF Rate,6.5,238.14
592945181ec9c75e6e5bb282fdc37036,Input Validity,Lidar,Lidar Rate,10,238.24
592945181ec9c75e6e5bb282fdc37036,Input Validity,Odometry,Odometry Rate,50,238.24
592945181ec9c75e6e5bb282fdc37036,Input Validity,TF,TF Rate,6.5,238.24
592945181ec9c75e6e5bb282fdc37036,Localization Quality,AMCLPose,CovYawYaw,7.40829,237.1
592945181ec9c75e6e5bb282fdc37036,Localization Quality,AMCLPose,CovYY,4.55598,237.1
592945181ec9c75e6e5bb282fdc37036,Localization Quality,AMCLPose,CovXX,18.6217,237.1
592945181ec9c75e6e5bb282fdc37036,Localization Quality,AMCLPose,MeanYaw,-1.9514,237.1
592945181ec9c75e6e5bb282fdc37036,Localization Quality,AMCLPose,MeanY,-0.673591,237.1
592945181ec9c75e6e5bb282fdc37036,Localization Quality,AMCLPose,MeanX,1.0543,237.1
592945181ec9c75e6e5bb282fdc37036,Localization Stability,TF,Jump Angular,-0.0904871,238.1
592945181ec9c75e6e5bb282fdc37036,Localization Stability,TF,Jump Linear,1.94474,238.1
592945181ec9c75e6e5bb282fdc37036,Input Validity,Lidar,Lidar Rate,10,238.34
592945181ec9c75e6e5bb282fdc37036,Input Validity,Odometry,Odometry Rate,50,238.34
592945181ec9c75e6e5bb282fdc37036,Input Validity,TF,TF Rate,4,238.34
592945181ec9c75e6e5bb282fdc37036,Localization Quality,AMCLPose,CovYawYaw,8.51917,237.8
592945181ec9c75e6e5bb282fdc37036,Localization Quality,AMCLPose,CovYY,4.63379,237.8
592945181ec9c75e6e5bb282fdc37036,Localization Quality,AMCLPose,CovXX,18.5598,237.8
592945181ec9c75e6e5bb282fdc37036,Localization Quality,AMCLPose,MeanYaw,-0.172186,237.8
592945181ec9c75e6e5bb282fdc37036,Localization Quality,AMCLPose,MeanY,-0.62729,237.8
592945181ec9c75e6e5bb282fdc37036,Localization Quality,AMCLPose,MeanX,1.02462,237.8
592945181ec9c75e6e5bb282fdc37036,Localization Stability,TF,Jump Angular,1.07921,238.8
592945181ec9c75e6e5bb282fdc37036,Localization Stability,TF,Jump Linear,18.6298,238.8
592945181ec9c75e6e5bb282fdc37036,Input Validity,Lidar,Lidar Rate,10,238.44
592945181ec9c75e6e5bb282fdc37036,Input Validity,Odometry,Odometry Rate,50,238.44
592945181ec9c75e6e5bb282fdc37036,Input Validity,TF,TF Rate,1.66667,238.44
592945181ec9c75e6e5bb282fdc37036,Localization Quality,AMCLPose,CovYawYaw,8.37633,237.9
592945181ec9c75e6e5bb282fdc37036,Localization Quality,AMCLPose,CovYY,4.58292,237.9
592945181ec9c75e6e5bb282fdc37036,Localization Quality,AMCLPose,CovXX,18.7192,237.9
592945181ec9c75e6e5bb282fdc37036,Localization Quality,AMCLPose,MeanYaw,-0.250832,237.9
592945181ec9c75e6e5bb282fdc37036,Localization Quality,AMCLPose,MeanY,-0.626999,237.9
592945181ec9c75e6e5bb282fdc37036,Localization Quality,AMCLPose,MeanX,1.02133,237.9
592945181ec9c75e6e5bb282fdc37036,Localization Stability,TF,Jump Angular,-0.178647,238.9
592945181ec9c75e6e5bb282fdc37036,Localization Stability,TF,Jump Linear,3.23934,238.9
592945181ec9c75e6e5bb282fdc37036,Input Validity,Lidar,Lidar Rate,10,238.54
592945181ec9c75e6e5bb282fdc37036,Input Validity,Odometry,Odometry Rate,50,238.54
592945181ec9c75e6e5bb282fdc37036,Input Validity,TF,TF Rate,2.10526,238.54
592945181ec9c75e6e5bb282fdc37036,Localization Quality,AMCLPose,CovYawYaw,8.0475,238
592945181ec9c75e6e5bb282fdc37036,Localization Quality,AMCLPose,CovYY,4.59843,238
592945181ec9c75e6e5bb282fdc37036,Localization Quality,AMCLPose,CovXX,18.7026,238
592945181ec9c75e6e5bb282fdc37036,Localization Quality,AMCLPose,MeanYaw,-0.717721,238
592945181ec9c75e6e5bb282fdc37036,Localization Quality,AMCLPose,MeanY,-0.594154,238
592945181ec9c75e6e5bb282fdc37036,Localization Quality,AMCLPose,MeanX,1.00806,238
592945181ec9c75e6e5bb282fdc37036,Localization Stability,TF,Jump Angular,-0.566888,239
592945181ec9c75e6e5bb282fdc37036,Localization Stability,TF,Jump Linear,10.18,239
592945181ec9c75e6e5bb282fdc37036,Input Validity,Lidar,Lidar Rate,10,238.64
592945181ec9c75e6e5bb282fdc37036,Input Validity,Odometry,Odometry Rate,50,238.64
592945181ec9c75e6e5bb282fdc37036,Input Validity,TF,TF Rate,2.5,238.64
592945181ec9c75e6e5bb282fdc37036,Input Validity,Lidar,Lidar Rate,10,238.74
592945181ec9c75e6e5bb282fdc37036,Input Validity,Odometry,Odometry Rate,50,238.74
592945181ec9c75e6e5bb282fdc37036,Input Validity,TF,TF Rate,2.5,238.74
592945181ec9c75e6e5bb282fdc37036,Input Validity,Lidar,Lidar Rate,10,238.84
592945181ec9c75e6e5bb282fdc37036,Input Validity,Odometry,Odometry Rate,50,238.84
592945181ec9c75e6e5bb282fdc37036,Input Validity,TF,TF Rate,2.5,238.84
592945181ec9c75e6e5bb282fdc37036,Localization Quality,AMCLPose,CovYawYaw,9.00238,238.1
592945181ec9c75e6e5bb282fdc37036,Localization Quality,AMCLPose,CovYY,4.50824,238.1
592945181ec9c75e6e5bb282fdc37036,Localization Quality,AMCLPose,CovXX,16.2304,238.1
592945181ec9c75e6e5bb282fdc37036,Localization Quality,AMCLPose,MeanYaw,1.7905,238.1
592945181ec9c75e6e5bb282fdc37036,Localization Quality,AMCLPose,MeanY,-0.510493,238.1
592945181ec9c75e6e5bb282fdc37036,Localization Quality,AMCLPose,MeanX,1.35588,238.1
592945181ec9c75e6e5bb282fdc37036,Localization Stability,TF,Jump Angular,2.40822,239.1
592945181ec9c75e6e5bb282fdc37036,Localization Stability,TF,Jump Linear,33.9973,239.1
592945181ec9c75e6e5bb282fdc37036,Input Validity,Lidar,Lidar Rate,10,238.94
592945181ec9c75e6e5bb282fdc37036,Input Validity,Odometry,Odometry Rate,50,238.94
592945181ec9c75e6e5bb282fdc37036,Input Validity,TF,TF Rate,3.125,238.94
592945181ec9c75e6e5bb282fdc37036,Input Validity,Lidar,Lidar Rate,10,239.04
592945181ec9c75e6e5bb282fdc37036,Input Validity,Odometry,Odometry Rate,50,239.04
592945181ec9c75e6e5bb282fdc37036,Input Validity,TF,TF Rate,3.125,239.04
592945181ec9c75e6e5bb282fdc37036,Input Validity,Lidar,Lidar Rate,10,239.13
592945181ec9c75e6e5bb282fdc37036,Input Validity,Odometry,Odometry Rate,50,239.13
592945181ec9c75e6e5bb282fdc37036,Input Validity,TF,TF Rate,3.125,239.13
592945181ec9c75e6e5bb282fdc37036,Input Validity,Lidar,Lidar Rate,10,239.23
592945181ec9c75e6e5bb282fdc37036,Input Validity,Odometry,Odometry Rate,50,239.23
592945181ec9c75e6e5bb282fdc37036,Input Validity,TF,TF Rate,3.125,239.23
592945181ec9c75e6e5bb282fdc37036,Input Validity,Lidar,Lidar Rate,10,239.33
592945181ec9c75e6e5bb282fdc37036,Input Validity,Odometry,Odometry Rate,50,239.33
592945181ec9c75e6e5bb282fdc37036,Input Validity,TF,TF Rate,3.125,239.33
592945181ec9c75e6e5bb282fdc37036,Localization Quality,AMCLPose,CovYawYaw,7.38672,238.4
592945181ec9c75e6e5bb282fdc37036,Localization Quality,AMCLPose,CovYY,4.01368,238.4
592945181ec9c75e6e5bb282fdc37036,Localization Quality,AMCLPose,CovXX,15.1349,238.4
592945181ec9c75e6e5bb282fdc37036,Localization Quality,AMCLPose,MeanYaw,-1.48076,238.4
592945181ec9c75e6e5bb282fdc37036,Localization Quality,AMCLPose,MeanY,-0.482715,238.4
592945181ec9c75e6e5bb282fdc37036,Localization Quality,AMCLPose,MeanX,1.55492,238.4
592945181ec9c75e6e5bb282fdc37036,Localization Stability,TF,Jump Angular,2.82954,239.4
592945181ec9c75e6e5bb282fdc37036,Localization Stability,TF,Jump Linear,35.9007,239.4
592945181ec9c75e6e5bb282fdc37036,Localization Stability,TF,Jump Angular,0,239.9
592945181ec9c75e6e5bb282fdc37036,Localization Stability,TF,Jump Linear,0,239.9
592945181ec9c75e6e5bb282fdc37036,Localization Stability,TF,Jump Angular,0,240
592945181ec9c75e6e5bb282fdc37036,Localization Stability,TF,Jump Linear,0,240
592945181ec9c75e6e5bb282fdc37036,Localization Stability,TF,Jump Angular,0,240.1
592945181ec9c75e6e5bb282fdc37036,Localization Stability,TF,Jump Linear,0,240.1
592945181ec9c75e6e5bb282fdc37036,Localization Stability,TF,Jump Angular,0,240.2
592945181ec9c75e6e5bb282fdc37036,Localization Stability,TF,Jump Linear,0,240.2
592945181ec9c75e6e5bb282fdc37036,Localization Stability,TF,Jump Angular,0,240.3
592945181ec9c75e6e5bb282fdc37036,Localization Stability,TF,Jump Linear,0,240.3
592945181ec9c75e6e5bb282fdc37036,Input Validity,Lidar,Lidar Rate,10,239.43
592945181ec9c75e6e5bb282fdc37036,Input Validity,Odometry,Odometry Rate,50,239.43
592945181ec9c75e6e5bb282fdc37036,Input Validity,TF,TF Rate,6,239.43
592945181ec9c75e6e5bb282fdc37036,Localization Stability,TF,Jump Angular,0,240.4
592945181ec9c75e6e5bb282fdc37036,Localization Stability,TF,Jump Linear,0,240.4
592945181ec9c75e6e5bb282fdc37036,Input Validity,Lidar,Lidar Rate,10,239.53
592945181ec9c75e6e5bb282fdc37036,Input Validity,Odometry,Odometry Rate,50,239.53
592945181ec9c75e6e5bb282fdc37036,Input Validity,TF,TF Rate,6.25,239.53
592945181ec9c75e6e5bb282fdc37036,Localization Stability,TF,Jump Angular,0,240.5
592945181ec9c75e6e5bb282fdc37036,Localization Stability,TF,Jump Linear,0,240.5
592945181ec9c75e6e5bb282fdc37036,Input Validity,Lidar,Lidar Rate,10,239.63
592945181ec9c75e6e5bb282fdc37036,Input Validity,Odometry,Odometry Rate,50,239.63
592945181ec9c75e6e5bb282fdc37036,Input Validity,TF,TF Rate,6.47059,239.63
592945181ec9c75e6e5bb282fdc37036,Localization Stability,TF,Jump Angular,0,240.6
592945181ec9c75e6e5bb282fdc37036,Localization Stability,TF,Jump Linear,0,240.6
592945181ec9c75e6e5bb282fdc37036,Input Validity,Lidar,Lidar Rate,10,239.73
592945181ec9c75e6e5bb282fdc37036,Input Validity,Odometry,Odometry Rate,50,239.73
592945181ec9c75e6e5bb282fdc37036,Input Validity,TF,TF Rate,6.66667,239.73
592945181ec9c75e6e5bb282fdc37036,Localization Stability,TF,Jump Angular,0,240.7
592945181ec9c75e6e5bb282fdc37036,Localization Stability,TF,Jump Linear,0,240.7
592945181ec9c75e6e5bb282fdc37036,Input Validity,Lidar,Lidar Rate,10,239.83
592945181ec9c75e6e5bb282fdc37036,Input Validity,Odometry,Odometry Rate,50,239.83
592945181ec9c75e6e5bb282fdc37036,Input Validity,TF,TF Rate,6.84211,239.83
592945181ec9c75e6e5bb282fdc37036,Localization Stability,TF,Jump Angular,0,240.8
592945181ec9c75e6e5bb282fdc37036,Localization Stability,TF,Jump Linear,0,240.8
592945181ec9c75e6e5bb282fdc37036,Input Validity,Lidar,Lidar Rate,10,239.93
592945181ec9c75e6e5bb282fdc37036,Input Validity,Odometry,Odometry Rate,50,239.93
592945181ec9c75e6e5bb282fdc37036,Input Validity,TF,TF Rate,7,239.93
592945181ec9c75e6e5bb282fdc37036,Localization Stability,TF,Jump Angular,0,240.9
592945181ec9c75e6e5bb282fdc37036,Localization Stability,TF,Jump Linear,0,240.9
592945181ec9c75e6e5bb282fdc37036,Input Validity,Lidar,Lidar Rate,10,240.03
592945181ec9c75e6e5bb282fdc37036,Input Validity,Odometry,Odometry Rate,50,240.03
592945181ec9c75e6e5bb282fdc37036,Input Validity,TF,TF Rate,7,240.03
592945181ec9c75e6e5bb282fdc37036,Localization Stability,TF,Jump Angular,0,241
592945181ec9c75e6e5bb282fdc37036,Localization Stability,TF,Jump Linear,0,241
592945181ec9c75e6e5bb282fdc37036,Input Validity,Lidar,Lidar Rate,10,240.13
592945181ec9c75e6e5bb282fdc37036,Input Validity,Odometry,Odometry Rate,50,240.13
592945181ec9c75e6e5bb282fdc37036,Input Validity,TF,TF Rate,7,240.13
592945181ec9c75e6e5bb282fdc37036,Localization Stability,TF,Jump Angular,0,241.1
592945181ec9c75e6e5bb282fdc37036,Localization Stability,TF,Jump Linear,0,241.1
592945181ec9c75e6e5bb282fdc37036,Input Validity,Lidar,Lidar Rate,10,240.23
592945181ec9c75e6e5bb282fdc37036,Input Validity,Odometry,Odometry Rate,50,240.23
592945181ec9c75e6e5bb282fdc37036,Input Validity,TF,TF Rate,7,240.23
592945181ec9c75e6e5bb282fdc37036,Localization Stability,TF,Jump Angular,0,241.2
592945181ec9c75e6e5bb282fdc37036,Localization Stability,TF,Jump Linear,0,241.2
592945181ec9c75e6e5bb282fdc37036,Localization Stability,TF,Jump Angular,0,241.3
592945181ec9c75e6e5bb282fdc37036,Localization Stability,TF,Jump Linear,0,241.3
592945181ec9c75e6e5bb282fdc37036,Input Validity,Lidar,Lidar Rate,10,240.33
592945181ec9c75e6e5bb282fdc37036,Input Validity,Odometry,Odometry Rate,50,240.33
592945181ec9c75e6e5bb282fdc37036,Input Validity,TF,TF Rate,7.89474,240.33
592945181ec9c75e6e5bb282fdc37036,Input Validity,Lidar,Lidar Rate,10,240.43
592945181ec9c75e6e5bb282fdc37036,Input Validity,Odometry,Odometry Rate,50,240.43
592945181ec9c75e6e5bb282fdc37036,Input Validity,TF,TF Rate,7.89474,240.43
592945181ec9c75e6e5bb282fdc37036,Localization Stability,TF,Jump Angular,0,241.4
592945181ec9c75e6e5bb282fdc37036,Localization Stability,TF,Jump Linear,0,241.4
592945181ec9c75e6e5bb282fdc37036,Input Validity,Lidar,Lidar Rate,10,240.53
592945181ec9c75e6e5bb282fdc37036,Input Validity,Odometry,Odometry Rate,50,240.53
592945181ec9c75e6e5bb282fdc37036,Input Validity,TF,TF Rate,8,240.53
592945181ec9c75e6e5bb282fdc37036,Localization Stability,TF,Jump Angular,0,241.5
592945181ec9c75e6e5bb282fdc37036,Localization Stability,TF,Jump Linear,0,241.5
592945181ec9c75e6e5bb282fdc37036,Input Validity,Lidar,Lidar Rate,10,240.63
592945181ec9c75e6e5bb282fdc37036,Input Validity,Odometry,Odometry Rate,50,240.63
592945181ec9c75e6e5bb282fdc37036,Input Validity,TF,TF Rate,10,240.63
592945181ec9c75e6e5bb282fdc37036,Localization Stability,TF,Jump Angular,0,241.6
592945181ec9c75e6e5bb282fdc37036,Localization Stability,TF,Jump Linear,0,241.6
592945181ec9c75e6e5bb282fdc37036,Input Validity,Lidar,Lidar Rate,10,240.72
592945181ec9c75e6e5bb282fdc37036,Input Validity,Odometry,Odometry Rate,50,240.72
592945181ec9c75e6e5bb282fdc37036,Input Validity,TF,TF Rate,10,240.72
592945181ec9c75e6e5bb282fdc37036,Localization Stability,TF,Jump Angular,0,241.7
592945181ec9c75e6e5bb282fdc37036,Localization Stability,TF,Jump Linear,0,241.7
592945181ec9c75e6e5bb282fdc37036,Input Validity,Lidar,Lidar Rate,10,240.82
592945181ec9c75e6e5bb282fdc37036,Input Validity,Odometry,Odometry Rate,50,240.82
592945181ec9c75e6e5bb282fdc37036,Input Validity,TF,TF Rate,10,240.82
592945181ec9c75e6e5bb282fdc37036,Localization Stability,TF,Jump Angular,0,241.8
592945181ec9c75e6e5bb282fdc37036,Localization Stability,TF,Jump Linear,0,241.8
592945181ec9c75e6e5bb282fdc37036,Input Validity,Lidar,Lidar Rate,10,240.92
592945181ec9c75e6e5bb282fdc37036,Input Validity,Odometry,Odometry Rate,50,240.92
592945181ec9c75e6e5bb282fdc37036,Input Validity,TF,TF Rate,10,240.92
592945181ec9c75e6e5bb282fdc37036,Localization Stability,TF,Jump Angular,0,241.9
592945181ec9c75e6e5bb282fdc37036,Localization Stability,TF,Jump Linear,0,241.9
592945181ec9c75e6e5bb282fdc37036,Input Validity,Lidar,Lidar Rate,10,241.02
592945181ec9c75e6e5bb282fdc37036,Input Validity,Odometry,Odometry Rate,50,241.02
592945181ec9c75e6e5bb282fdc37036,Input Validity,TF,TF Rate,10,241.02
592945181ec9c75e6e5bb282fdc37036,Localization Stability,TF,Jump Angular,0,242
592945181ec9c75e6e5bb282fdc37036,Localization Stability,TF,Jump Linear,0,242
592945181ec9c75e6e5bb282fdc37036,Input Validity,Lidar,Lidar Rate,10,241.12
592945181ec9c75e6e5bb282fdc37036,Input Validity,Odometry,Odometry Rate,50,241.12
592945181ec9c75e6e5bb282fdc37036,Input Validity,TF,TF Rate,10,241.12
592945181ec9c75e6e5bb282fdc37036,Localization Stability,TF,Jump Angular,0,242.1
592945181ec9c75e6e5bb282fdc37036,Localization Stability,TF,Jump Linear,0,242.1
592945181ec9c75e6e5bb282fdc37036,Input Validity,Lidar,Lidar Rate,10,241.22
592945181ec9c75e6e5bb282fdc37036,Input Validity,Odometry,Odometry Rate,50,241.22
592945181ec9c75e6e5bb282fdc37036,Input Validity,TF,TF Rate,10,241.22
592945181ec9c75e6e5bb282fdc37036,Localization Stability,TF,Jump Angular,0,242.2
592945181ec9c75e6e5bb282fdc37036,Localization Stability,TF,Jump Linear,0,242.2
592945181ec9c75e6e5bb282fdc37036,Input Validity,Lidar,Lidar Rate,10,241.32
592945181ec9c75e6e5bb282fdc37036,Input Validity,Odometry,Odometry Rate,50,241.32
592945181ec9c75e6e5bb282fdc37036,Input Validity,TF,TF Rate,10,241.32
592945181ec9c75e6e5bb282fdc37036,Localization Stability,TF,Jump Angular,0,242.3
592945181ec9c75e6e5bb282fdc37036,Localization Stability,TF,Jump Linear,0,242.3
592945181ec9c75e6e5bb282fdc37036,Input Validity,Lidar,Lidar Rate,10,241.41
592945181ec9c75e6e5bb282fdc37036,Input Validity,Odometry,Odometry Rate,50,241.41
592945181ec9c75e6e5bb282fdc37036,Input Validity,TF,TF Rate,10,241.41
592945181ec9c75e6e5bb282fdc37036,Localization Stability,TF,Jump Angular,0,242.4
592945181ec9c75e6e5bb282fdc37036,Localization Stability,TF,Jump Linear,0,242.4
592945181ec9c75e6e5bb282fdc37036,Input Validity,Lidar,Lidar Rate,10,241.51
592945181ec9c75e6e5bb282fdc37036,Input Validity,Odometry,Odometry Rate,50,241.51
592945181ec9c75e6e5bb282fdc37036,Input Validity,TF,TF Rate,10,241.51
592945181ec9c75e6e5bb282fdc37036,Localization Stability,TF,Jump Angular,0,242.5
592945181ec9c75e6e5bb282fdc37036,Localization Stability,TF,Jump Linear,0,242.5
592945181ec9c75e6e5bb282fdc37036,Input Validity,Lidar,Lidar Rate,10,241.61
592945181ec9c75e6e5bb282fdc37036,Input Validity,Odometry,Odometry Rate,50,241.61
592945181ec9c75e6e5bb282fdc37036,Input Validity,TF,TF Rate,10,241.61
592945181ec9c75e6e5bb282fdc37036,Localization Stability,TF,Jump Angular,0,242.6
592945181ec9c75e6e5bb282fdc37036,Localization Stability,TF,Jump Linear,0,242.6
592945181ec9c75e6e5bb282fdc37036,Input Validity,Lidar,Lidar Rate,10,241.71
592945181ec9c75e6e5bb282fdc37036,Input Validity,Odometry,Odometry Rate,50,241.71
592945181ec9c75e6e5bb282fdc37036,Input Validity,TF,TF Rate,10,241.71
592945181ec9c75e6e5bb282fdc37036,Localization Stability,TF,Jump Angular,0,242.7
592945181ec9c75e6e5bb282fdc37036,Localization Stability,TF,Jump Linear,0,242.7
592945181ec9c75e6e5bb282fdc37036,Input Validity,Lidar,Lidar Rate,10,241.81
592945181ec9c75e6e5bb282fdc37036,Input Validity,Odometry,Odometry Rate,50,241.81
592945181ec9c75e6e5bb282fdc37036,Input Validity,TF,TF Rate,10,241.81
592945181ec9c75e6e5bb282fdc37036,Localization Stability,TF,Jump Angular,0,242.8
592945181ec9c75e6e5bb282fdc37036,Localization Stability,TF,Jump Linear,0,242.8
592945181ec9c75e6e5bb282fdc37036,Input Validity,Lidar,Lidar Rate,10,241.91
592945181ec9c75e6e5bb282fdc37036,Input Validity,Odometry,Odometry Rate,50,241.91
592945181ec9c75e6e5bb282fdc37036,Input Validity,TF,TF Rate,10,241.91
592945181ec9c75e6e5bb282fdc37036,Localization Stability,TF,Jump Angular,0,242.9
592945181ec9c75e6e5bb282fdc37036,Localization Stability,TF,Jump Linear,0,242.9
592945181ec9c75e6e5bb282fdc37036,Input Validity,Lidar,Lidar Rate,10,242.01
592945181ec9c75e6e5bb282fdc37036,Input Validity,Odometry,Odometry Rate,50,242.01
592945181ec9c75e6e5bb282fdc37036,Input Validity,TF,TF Rate,10,242.01
592945181ec9c75e6e5bb282fdc37036,Localization Stability,TF,Jump Angular,0,243
592945181ec9c75e6e5bb282fdc37036,Localization Stability,TF,Jump Linear,0,243
592945181ec9c75e6e5bb282fdc37036,Input Validity,Lidar,Lidar Rate,10,242.11
592945181ec9c75e6e5bb282fdc37036,Input Validity,Odometry,Odometry Rate,50,242.11
592945181ec9c75e6e5bb282fdc37036,Input Validity,TF,TF Rate,10,242.11
592945181ec9c75e6e5bb282fdc37036,Localization Stability,TF,Jump Angular,0,243.1
592945181ec9c75e6e5bb282fdc37036,Localization Stability,TF,Jump Linear,0,243.1
592945181ec9c75e6e5bb282fdc37036,Input Validity,Lidar,Lidar Rate,10,242.21
592945181ec9c75e6e5bb282fdc37036,Input Validity,Odometry,Odometry Rate,50,242.21
592945181ec9c75e6e5bb282fdc37036,Input Validity,TF,TF Rate,10,242.21
592945181ec9c75e6e5bb282fdc37036,Localization Stability,TF,Jump Angular,0,243.2
592945181ec9c75e6e5bb282fdc37036,Localization Stability,TF,Jump Linear,0,243.2
592945181ec9c75e6e5bb282fdc37036,Input Validity,Lidar,Lidar Rate,10,242.31
592945181ec9c75e6e5bb282fdc37036,Input Validity,Odometry,Odometry Rate,50,242.31
592945181ec9c75e6e5bb282fdc37036,Input Validity,TF,TF Rate,10,242.31
592945181ec9c75e6e5bb282fdc37036,Localization Stability,TF,Jump Angular,0,243.3
592945181ec9c75e6e5bb282fdc37036,Localization Stability,TF,Jump Linear,0,243.3
592945181ec9c75e6e5bb282fdc37036,Input Validity,Lidar,Lidar Rate,10,242.41
592945181ec9c75e6e5bb282fdc37036,Input Validity,Odometry,Odometry Rate,50,242.41
592945181ec9c75e6e5bb282fdc37036,Input Validity,TF,TF Rate,10,242.41
592945181ec9c75e6e5bb282fdc37036,Localization Stability,TF,Jump Angular,0,243.4
592945181ec9c75e6e5bb282fdc37036,Localization Stability,TF,Jump Linear,0,243.4
592945181ec9c75e6e5bb282fdc37036,Input Validity,Lidar,Lidar Rate,10,242.51
592945181ec9c75e6e5bb282fdc37036,Input Validity,Odometry,Odometry Rate,50,242.51
592945181ec9c75e6e5bb282fdc37036,Input Validity,TF,TF Rate,10,242.51
592945181ec9c75e6e5bb282fdc37036,Localization Stability,TF,Jump Angular,0,243.5
592945181ec9c75e6e5bb282fdc37036,Localization Stability,TF,Jump Linear,0,243.5
592945181ec9c75e6e5bb282fdc37036,Input Validity,Lidar,Lidar Rate,10,242.61
592945181ec9c75e6e5bb282fdc37036,Input Validity,Odometry,Odometry Rate,50,242.61
592945181ec9c75e6e5bb282fdc37036,Input Validity,TF,TF Rate,10,242.61
592945181ec9c75e6e5bb282fdc37036,Localization Stability,TF,Jump Angular,0,243.6
592945181ec9c75e6e5bb282fdc37036,Localization Stability,TF,Jump Linear,0,243.6
592945181ec9c75e6e5bb282fdc37036,Input Validity,Lidar,Lidar Rate,10,242.7
592945181ec9c75e6e5bb282fdc37036,Input Validity,Odometry,Odometry Rate,50,242.7
592945181ec9c75e6e5bb282fdc37036,Input Validity,TF,TF Rate,10,242.7
592945181ec9c75e6e5bb282fdc37036,Localization Stability,TF,Jump Angular,0,243.7
592945181ec9c75e6e5bb282fdc37036,Localization Stability,TF,Jump Linear,0,243.7
592945181ec9c75e6e5bb282fdc37036,Input Validity,Lidar,Lidar Rate,10,242.81
592945181ec9c75e6e5bb282fdc37036,Input Validity,Odometry,Odometry Rate,50,242.81
592945181ec9c75e6e5bb282fdc37036,Input Validity,TF,TF Rate,10,242.81
592945181ec9c75e6e5bb282fdc37036,Localization Stability,TF,Jump Angular,0,243.8
592945181ec9c75e6e5bb282fdc37036,Localization Stability,TF,Jump Linear,0,243.8
592945181ec9c75e6e5bb282fdc37036,Input Validity,Lidar,Lidar Rate,10,242.91
592945181ec9c75e6e5bb282fdc37036,Input Validity,Odometry,Odometry Rate,50,242.91
592945181ec9c75e6e5bb282fdc37036,Input Validity,TF,TF Rate,10,242.91
592945181ec9c75e6e5bb282fdc37036,Localization Stability,TF,Jump Angular,0,243.9
592945181ec9c75e6e5bb282fdc37036,Localization Stability,TF,Jump Linear,0,243.9
592945181ec9c75e6e5bb282fdc37036,Input Validity,Lidar,Lidar Rate,10,243
592945181ec9c75e6e5bb282fdc37036,Input Validity,Odometry,Odometry Rate,50,243
592945181ec9c75e6e5bb282fdc37036,Input Validity,TF,TF Rate,10,243
592945181ec9c75e6e5bb282fdc37036,Localization Stability,TF,Jump Angular,0,244
592945181ec9c75e6e5bb282fdc37036,Localization Stability,TF,Jump Linear,0,244
592945181ec9c75e6e5bb282fdc37036,Input Validity,Lidar,Lidar Rate,10,243.1
592945181ec9c75e6e5bb282fdc37036,Input Validity,Odometry,Odometry Rate,50,243.1
592945181ec9c75e6e5bb282fdc37036,Input Validity,TF,TF Rate,10,243.1
592945181ec9c75e6e5bb282fdc37036,Localization Stability,TF,Jump Angular,0,244.1
592945181ec9c75e6e5bb282fdc37036,Localization Stability,TF,Jump Linear,0,244.1
592945181ec9c75e6e5bb282fdc37036,Input Validity,Lidar,Lidar Rate,10,243.2
592945181ec9c75e6e5bb282fdc37036,Input Validity,Odometry,Odometry Rate,50,243.2
592945181ec9c75e6e5bb282fdc37036,Input Validity,TF,TF Rate,10,243.2
592945181ec9c75e6e5bb282fdc37036,Localization Stability,TF,Jump Angular,0,244.2
592945181ec9c75e6e5bb282fdc37036,Localization Stability,TF,Jump Linear,0,244.2
592945181ec9c75e6e5bb282fdc37036,Input Validity,Lidar,Lidar Rate,10,243.3
592945181ec9c75e6e5bb282fdc37036,Input Validity,Odometry,Odometry Rate,50,243.3
592945181ec9c75e6e5bb282fdc37036,Input Validity,TF,TF Rate,10,243.3
592945181ec9c75e6e5bb282fdc37036,Localization Stability,TF,Jump Angular,0,244.3
592945181ec9c75e6e5bb282fdc37036,Localization Stability,TF,Jump Linear,0,244.3
592945181ec9c75e6e5bb282fdc37036,Input Validity,Lidar,Lidar Rate,10,243.4
592945181ec9c75e6e5bb282fdc37036,Input Validity,Odometry,Odometry Rate,50,243.4
592945181ec9c75e6e5bb282fdc37036,Input Validity,TF,TF Rate,10,243.4
592945181ec9c75e6e5bb282fdc37036,Localization Stability,TF,Jump Angular,0,244.4
592945181ec9c75e6e5bb282fdc37036,Localization Stability,TF,Jump Linear,0,244.4
592945181ec9c75e6e5bb282fdc37036,Input Validity,Lidar,Lidar Rate,10,243.5
592945181ec9c75e6e5bb282fdc37036,Input Validity,Odometry,Odometry Rate,50,243.5
592945181ec9c75e6e5bb282fdc37036,Input Validity,TF,TF Rate,10,243.5
592945181ec9c75e6e5bb282fdc37036,Localization Stability,TF,Jump Angular,0,244.5
592945181ec9c75e6e5bb282fdc37036,Localization Stability,TF,Jump Linear,0,244.5
592945181ec9c75e6e5bb282fdc37036,Input Validity,Lidar,Lidar Rate,10,243.6
592945181ec9c75e6e5bb282fdc37036,Input Validity,Odometry,Odometry Rate,50,243.6
592945181ec9c75e6e5bb282fdc37036,Input Validity,TF,TF Rate,10,243.6
592945181ec9c75e6e5bb282fdc37036,Localization Stability,TF,Jump Angular,0,244.6
592945181ec9c75e6e5bb282fdc37036,Localization Stability,TF,Jump Linear,0,244.6
592945181ec9c75e6e5bb282fdc37036,Input Validity,Lidar,Lidar Rate,10,243.7
592945181ec9c75e6e5bb282fdc37036,Input Validity,Odometry,Odometry Rate,50,243.7
592945181ec9c75e6e5bb282fdc37036,Input Validity,TF,TF Rate,10,243.7
592945181ec9c75e6e5bb282fdc37036,Localization Stability,TF,Jump Angular,0,244.7
592945181ec9c75e6e5bb282fdc37036,Localization Stability,TF,Jump Linear,0,244.7
592945181ec9c75e6e5bb282fdc37036,Input Validity,Lidar,Lidar Rate,10,243.8
592945181ec9c75e6e5bb282fdc37036,Input Validity,Odometry,Odometry Rate,50,243.8
592945181ec9c75e6e5bb282fdc37036,Input Validity,TF,TF Rate,10,243.8
592945181ec9c75e6e5bb282fdc37036,Localization Stability,TF,Jump Angular,0,244.8
592945181ec9c75e6e5bb282fdc37036,Localization Stability,TF,Jump Linear,0,244.8
592945181ec9c75e6e5bb282fdc37036,Input Validity,Lidar,Lidar Rate,10,243.9
592945181ec9c75e6e5bb282fdc37036,Input Validity,Odometry,Odometry Rate,50,243.9
592945181ec9c75e6e5bb282fdc37036,Input Validity,TF,TF Rate,10,243.9
592945181ec9c75e6e5bb282fdc37036,Localization Stability,TF,Jump Angular,0,244.9
592945181ec9c75e6e5bb282fdc37036,Localization Stability,TF,Jump Linear,0,244.9
592945181ec9c75e6e5bb282fdc37036,Input Validity,Lidar,Lidar Rate,10,244
592945181ec9c75e6e5bb282fdc37036,Input Validity,Odometry,Odometry Rate,50,244
592945181ec9c75e6e5bb282fdc37036,Input Validity,TF,TF Rate,10,244
592945181ec9c75e6e5bb282fdc37036,Localization Stability,TF,Jump Angular,0,245
592945181ec9c75e6e5bb282fdc37036,Localization Stability,TF,Jump Linear,0,245
592945181ec9c75e6e5bb282fdc37036,Input Validity,Lidar,Lidar Rate,10,244.1
592945181ec9c75e6e5bb282fdc37036,Input Validity,Odometry,Odometry Rate,50,244.1
592945181ec9c75e6e5bb282fdc37036,Input Validity,TF,TF Rate,10,244.1
592945181ec9c75e6e5bb282fdc37036,Localization Stability,TF,Jump Angular,0,245.1
592945181ec9c75e6e5bb282fdc37036,Localization Stability,TF,Jump Linear,0,245.1
592945181ec9c75e6e5bb282fdc37036,Input Validity,Lidar,Lidar Rate,10,244.2
592945181ec9c75e6e5bb282fdc37036,Input Validity,Odometry,Odometry Rate,50,244.2
592945181ec9c75e6e5bb282fdc37036,Input Validity,TF,TF Rate,10,244.2
592945181ec9c75e6e5bb282fdc37036,Localization Stability,TF,Jump Angular,0,245.2
592945181ec9c75e6e5bb282fdc37036,Localization Stability,TF,Jump Linear,0,245.2
592945181ec9c75e6e5bb282fdc37036,Input Validity,Lidar,Lidar Rate,10,244.3
592945181ec9c75e6e5bb282fdc37036,Input Validity,Odometry,Odometry Rate,50,244.3
592945181ec9c75e6e5bb282fdc37036,Input Validity,TF,TF Rate,10,244.3
592945181ec9c75e6e5bb282fdc37036,Localization Stability,TF,Jump Angular,0,245.3
592945181ec9c75e6e5bb282fdc37036,Localization Stability,TF,Jump Linear,0,245.3
592945181ec9c75e6e5bb282fdc37036,Input Validity,Lidar,Lidar Rate,10,244.4
592945181ec9c75e6e5bb282fdc37036,Input Validity,Odometry,Odometry Rate,50,244.4
592945181ec9c75e6e5bb282fdc37036,Input Validity,TF,TF Rate,10,244.4
592945181ec9c75e6e5bb282fdc37036,Input Validity,Lidar,Lidar Rate,10,244.5
592945181ec9c75e6e5bb282fdc37036,Input Validity,Odometry,Odometry Rate,50,244.5
592945181ec9c75e6e5bb282fdc37036,Input Validity,TF,TF Rate,10,244.5
592945181ec9c75e6e5bb282fdc37036,Input Validity,Lidar,Lidar Rate,10,244.6
592945181ec9c75e6e5bb282fdc37036,Input Validity,Odometry,Odometry Rate,50,244.6
592945181ec9c75e6e5bb282fdc37036,Input Validity,TF,TF Rate,10,244.6
592945181ec9c75e6e5bb282fdc37036,Input Validity,Lidar,Lidar Rate,10,244.69
592945181ec9c75e6e5bb282fdc37036,Input Validity,Odometry,Odometry Rate,50,244.69
592945181ec9c75e6e5bb282fdc37036,Input Validity,TF,TF Rate,10,244.69
592945181ec9c75e6e5bb282fdc37036,Input Validity,Lidar,Lidar Rate,10,244.79
592945181ec9c75e6e5bb282fdc37036,Input Validity,Odometry,Odometry Rate,50,244.79
592945181ec9c75e6e5bb282fdc37036,Input Validity,TF,TF Rate,10,244.79
592945181ec9c75e6e5bb282fdc37036,Input Validity,Lidar,Lidar Rate,10,244.89
592945181ec9c75e6e5bb282fdc37036,Input Validity,Odometry,Odometry Rate,50,244.89
592945181ec9c75e6e5bb282fdc37036,Input Validity,TF,TF Rate,10,244.89
592945181ec9c75e6e5bb282fdc37036,Localization Quality,AMCLPose,CovYawYaw,5.77072,244.4
592945181ec9c75e6e5bb282fdc37036,Localization Quality,AMCLPose,CovYY,3.4789,244.4
592945181ec9c75e6e5bb282fdc37036,Localization Quality,AMCLPose,CovXX,13.8204,244.4
592945181ec9c75e6e5bb282fdc37036,Localization Quality,AMCLPose,MeanYaw,-1.47006,244.4
592945181ec9c75e6e5bb282fdc37036,Localization Quality,AMCLPose,MeanY,-0.37832,244.4
592945181ec9c75e6e5bb282fdc37036,Localization Quality,AMCLPose,MeanX,2.47195,244.4
592945181ec9c75e6e5bb282fdc37036,Localization Stability,TF,Jump Angular,0.00995014,245.4
592945181ec9c75e6e5bb282fdc37036,Localization Stability,TF,Jump Linear,0.751243,245.4
592945181ec9c75e6e5bb282fdc37036,Localization Stability,TF,Jump Angular,0,245.5
592945181ec9c75e6e5bb282fdc37036,Localization Stability,TF,Jump Linear,0,245.5
592945181ec9c75e6e5bb282fdc37036,Localization Stability,TF,Jump Angular,0,245.6
592945181ec9c75e6e5bb282fdc37036,Localization Stability,TF,Jump Linear,0,245.6
592945181ec9c75e6e5bb282fdc37036,Localization Stability,TF,Jump Angular,0,245.7
592945181ec9c75e6e5bb282fdc37036,Localization Stability,TF,Jump Linear,0,245.7
592945181ec9c75e6e5bb282fdc37036,Localization Stability,TF,Jump Angular,0,245.8
592945181ec9c75e6e5bb282fdc37036,Localization Stability,TF,Jump Linear,0,245.8
592945181ec9c75e6e5bb282fdc37036,Localization Stability,TF,Jump Angular,0,245.9
592945181ec9c75e6e5bb282fdc37036,Localization Stability,TF,Jump Linear,0,245.9
592945181ec9c75e6e5bb282fdc37036,Input Validity,Lidar,Lidar Rate,10,244.99
592945181ec9c75e6e5bb282fdc37036,Input Validity,Odometry,Odometry Rate,50,244.99
592945181ec9c75e6e5bb282fdc37036,Input Validity,TF,TF Rate,10,244.99
592945181ec9c75e6e5bb282fdc37036,Localization Stability,TF,Jump Angular,0,246
592945181ec9c75e6e5bb282fdc37036,Localization Stability,TF,Jump Linear,0,246
592945181ec9c75e6e5bb282fdc37036,Input Validity,Lidar,Lidar Rate,10,245.09
592945181ec9c75e6e5bb282fdc37036,Input Validity,Odometry,Odometry Rate,50,245.09
592945181ec9c75e6e5bb282fdc37036,Input Validity,TF,TF Rate,10,245.09
592945181ec9c75e6e5bb282fdc37036,Localization Stability,TF,Jump Angular,0,246.1
592945181ec9c75e6e5bb282fdc37036,Localization Stability,TF,Jump Linear,0,246.1
592945181ec9c75e6e5bb282fdc37036,Input Validity,Lidar,Lidar Rate,10,245.19
592945181ec9c75e6e5bb282fdc37036,Input Validity,Odometry,Odometry Rate,50,245.19
592945181ec9c75e6e5bb282fdc37036,Input Validity,TF,TF Rate,10,245.19
592945181ec9c75e6e5bb282fdc37036,Input Validity,Lidar,Lidar Rate,10,245.29
592945181ec9c75e6e5bb282fdc37036,Input Validity,Odometry,Odometry Rate,50,245.29
592945181ec9c75e6e5bb282fdc37036,Input Validity,TF,TF Rate,10,245.29
592945181ec9c75e6e5bb282fdc37036,Input Validity,Lidar,Lidar Rate,10,245.39
592945181ec9c75e6e5bb282fdc37036,Input Validity,Odometry,Odometry Rate,50,245.39
592945181ec9c75e6e5bb282fdc37036,Input Validity,TF,TF Rate,10,245.39
592945181ec9c75e6e5bb282fdc37036,Input Validity,Lidar,Lidar Rate,10,245.49
592945181ec9c75e6e5bb282fdc37036,Input Validity,Odometry,Odometry Rate,50,245.49
592945181ec9c75e6e5bb282fdc37036,Input Validity,TF,TF Rate,10,245.49
592945181ec9c75e6e5bb282fdc37036,Input Validity,Lidar,Lidar Rate,10,245.59
592945181ec9c75e6e5bb282fdc37036,Input Validity,Odometry,Odometry Rate,50,245.59
592945181ec9c75e6e5bb282fdc37036,Input Validity,TF,TF Rate,10,245.59
592945181ec9c75e6e5bb282fdc37036,Input Validity,Lidar,Lidar Rate,10,245.69
592945181ec9c75e6e5bb282fdc37036,Input Validity,Odometry,Odometry Rate,50,245.69
592945181ec9c75e6e5bb282fdc37036,Input Validity,TF,TF Rate,10,245.69
592945181ec9c75e6e5bb282fdc37036,Localization Quality,AMCLPose,CovYawYaw,4.6948,245.2
592945181ec9c75e6e5bb282fdc37036,Localization Quality,AMCLPose,CovYY,2.93171,245.2
592945181ec9c75e6e5bb282fdc37036,Localization Quality,AMCLPose,CovXX,12.2659,245.2
592945181ec9c75e6e5bb282fdc37036,Localization Quality,AMCLPose,MeanYaw,-0.319327,245.2
592945181ec9c75e6e5bb282fdc37036,Localization Quality,AMCLPose,MeanY,0.0304653,245.2
592945181ec9c75e6e5bb282fdc37036,Localization Quality,AMCLPose,MeanX,3.27562,245.2
592945181ec9c75e6e5bb282fdc37036,Localization Stability,TF,Jump Angular,1.15073,246.2
592945181ec9c75e6e5bb282fdc37036,Localization Stability,TF,Jump Linear,18.6388,246.2
592945181ec9c75e6e5bb282fdc37036,Localization Stability,TF,Jump Angular,0,246.3
592945181ec9c75e6e5bb282fdc37036,Localization Stability,TF,Jump Linear,0,246.3
592945181ec9c75e6e5bb282fdc37036,Localization Stability,TF,Jump Angular,0,246.4
592945181ec9c75e6e5bb282fdc37036,Localization Stability,TF,Jump Linear,0,246.4
592945181ec9c75e6e5bb282fdc37036,Localization Stability,TF,Jump Angular,0,246.5
592945181ec9c75e6e5bb282fdc37036,Localization Stability,TF,Jump Linear,0,246.5
592945181ec9c75e6e5bb282fdc37036,Localization Stability,TF,Jump Angular,0,246.6
592945181ec9c75e6e5bb282fdc37036,Localization Stability,TF,Jump Linear,0,246.6
592945181ec9c75e6e5bb282fdc37036,Localization Stability,TF,Jump Angular,0,246.7
592945181ec9c75e6e5bb282fdc37036,Localization Stability,TF,Jump Linear,0,246.7
592945181ec9c75e6e5bb282fdc37036,Input Validity,Lidar,Lidar Rate,10,245.79
592945181ec9c75e6e5bb282fdc37036,Input Validity,Odometry,Odometry Rate,50,245.79
592945181ec9c75e6e5bb282fdc37036,Input Validity,TF,TF Rate,10,245.79
592945181ec9c75e6e5bb282fdc37036,Localization Stability,TF,Jump Angular,0,246.8
592945181ec9c75e6e5bb282fdc37036,Localization Stability,TF,Jump Linear,0,246.8
592945181ec9c75e6e5bb282fdc37036,Input Validity,Lidar,Lidar Rate,10,245.89
592945181ec9c75e6e5bb282fdc37036,Input Validity,Odometry,Odometry Rate,50,245.89
592945181ec9c75e6e5bb282fdc37036,Input Validity,TF,TF Rate,10,245.89
592945181ec9c75e6e5bb282fdc37036,Localization Stability,TF,Jump Angular,0,246.9
592945181ec9c75e6e5bb282fdc37036,Localization Stability,TF,Jump Linear,0,246.9
592945181ec9c75e6e5bb282fdc37036,Input Validity,Lidar,Lidar Rate,10,245.99
592945181ec9c75e6e5bb282fdc37036,Input Validity,Odometry,Odometry Rate,50,245.99
592945181ec9c75e6e5bb282fdc37036,Input Validity,TF,TF Rate,10,245.99
592945181ec9c75e6e5bb282fdc37036,Input Validity,Lidar,Lidar Rate,10,246.09
592945181ec9c75e6e5bb282fdc37036,Input Validity,Odometry,Odometry Rate,50,246.09
592945181ec9c75e6e5bb282fdc37036,Input Validity,TF,TF Rate,10,246.09
592945181ec9c75e6e5bb282fdc37036,Input Validity,Lidar,Lidar Rate,10,246.18
592945181ec9c75e6e5bb282fdc37036,Input Validity,Odometry,Odometry Rate,50,246.18
592945181ec9c75e6e5bb282fdc37036,Input Validity,TF,TF Rate,10,246.18
592945181ec9c75e6e5bb282fdc37036,Input Validity,Lidar,Lidar Rate,10,246.28
592945181ec9c75e6e5bb282fdc37036,Input Validity,Odometry,Odometry Rate,50,246.28
592945181ec9c75e6e5bb282fdc37036,Input Validity,TF,TF Rate,10,246.28
592945181ec9c75e6e5bb282fdc37036,Input Validity,Lidar,Lidar Rate,10,246.38
592945181ec9c75e6e5bb282fdc37036,Input Validity,Odometry,Odometry Rate,50,246.38
592945181ec9c75e6e5bb282fdc37036,Input Validity,TF,TF Rate,10,246.38
592945181ec9c75e6e5bb282fdc37036,Localization Recovery,TTR,Kidnap Angle,0.896251,246.47
592945181ec9c75e6e5bb282fdc37036,Localization Recovery,TTR,Kidnap Distance,0.835324,246.47
592945181ec9c75e6e5bb282fdc37036,Localization Recovery,TTR,TTR Outcome,2,246.47
592945181ec9c75e6e5bb282fdc37036,Localization Recovery,TTR,TTR,-1,246.47
592945181ec9c75e6e5bb282fdc37036,Mission Outcome,Episode Event,Recoveries,0,246.47
592945181ec9c75e6e5bb282fdc37036,Mission Outcome,Episode Event,Collisions,0,246.47
592945181ec9c75e6e5bb282fdc37036,Mission Outcome,Episode Event,Navigation Time,12.36,246.47
592945181ec9c75e6e5bb282fdc37036,Mission Outcome,Episode Event,Goal Result,2,246.47
592945181ec9c75e6e5bb282fdc37036,Input Validity,AMCLPose,Pose Monotonicity,0,246.47
592945181ec9c75e6e5bb282fdc37036,Input Validity,Lidar,Lidar Frame Mistmatch,0,246.47
592945181ec9c75e6e5bb282fdc37036,Input Validity,Lidar,Lidar Monotonicity,0,246.47
592945181ec9c75e6e5bb282fdc37036,Input Validity,Odometry,Odometry Frame Mismatch,0,246.47
592945181ec9c75e6e5bb282fdc37036,Input Validity,Odometry,Odometry Monotonicity,0,246.47
592945181ec9c75e6e5bb282fdc37036,Input Validity,TF,TF Gap Count,6,246.47
592945181ec9c75e6e5bb282fdc37036,Input Validity,TF,TF Frame Drop,619,246.47
592945181ec9c75e6e5bb282fdc37036,Input Validity,TF,TF Monotonicity,0,246.47
Goal_ID,Reference Frame,Start Pose_X (m),Start Pose_Y (m),Start Pose_Yaw (deg),Goal Pose_X (m),Goal Pose_Y (m),Goal Pose_Yaw (deg),Goal Result Code,Goal Result,Success Count,Nav Time (sec),Nav Time Start (sec),Nav Time End (sec),Tracking RMS_V (m/s),Tracking RMS_W (rad/s),Saturation Frac_V,Saturation Frac_W,Slip Mean,Slip Std Deviation,Slip 95_Percentile,Control Energy,Control Samples,Path Length (m),Absolute Path Error RMS (m),Relative Pose Error (Drift),Min Clearance (m),Collision Count,Trajectory Samples,SPL
592945181ec9c75e6e5bb282fdc37036,map,3.63669,1.56382,-45.1608,4.725,-2.875,163.616,2,FAILED,0,12.36,234.11,246.47,0.102581,0.178003,0.296875,0.208333,-0.0122269,0.125987,0.297872,146.689,768,1.35588,19.2188,0.363772,1.03882,0,618,0
5d651f0d62fdae3371fe2c7c591bf11e,Localization Stability,TF,Jump Angular,0,255.2
5d651f0d62fdae3371fe2c7c591bf11e,Localization Stability,TF,Jump Linear,0,255.2
5d651f0d62fdae3371fe2c7c591bf11e,Input Validity,Lidar,Lidar Rate,10,254.33
5d651f0d62fdae3371fe2c7c591bf11e,Input Validity,Odometry,Odometry Rate,50,254.33
5d651f0d62fdae3371fe2c7c591bf11e,Input Validity,TF,TF Rate,10,254.33
5d651f0d62fdae3371fe2c7c591bf11e,Input Validity,Lidar,Lidar Rate,10,254.43
5d651f0d62fdae3371fe2c7c591bf11e,Input Validity,Odometry,Odometry Rate,50,254.43
5d651f0d62fdae3371fe2c7c591bf11e,Input Validity,TF,TF Rate,10,254.43
5d651f0d62fdae3371fe2c7c591bf11e,Input Validity,Lidar,Lidar Rate,10,254.53
5d651f0d62fdae3371fe2c7c591bf11e,Input Validity,Odometry,Odometry Rate,50,254.53
5d651f0d62fdae3371fe2c7c591bf11e,Input Validity,TF,TF Rate,10,254.53
5d651f0d62fdae3371fe2c7c591bf11e,Localization Stability,TF,Jump Angular,0.000250477,255.3
5d651f0d62fdae3371fe2c7c591bf11e,Localization Stability,TF,Jump Linear,0.00398216,255.3
5d651f0d62fdae3371fe2c7c591bf11e,Localization Stability,TF,Jump Angular,0,255.4
5d651f0d62fdae3371fe2c7c591bf11e,Localization Stability,TF,Jump Linear,0,255.4
5d651f0d62fdae3371fe2c7c591bf11e,Localization Quality,AMCLPose,CovYawYaw,0.000530249,254.5
5d651f0d62fdae3371fe2c7c591bf11e,Localization Quality,AMCLPose,CovYY,0.0199617,254.5
5d651f0d62fdae3371fe2c7c591bf11e,Localization Quality,AMCLPose,CovXX,0.0107992,254.5
5d651f0d62fdae3371fe2c7c591bf11e,Localization Quality,AMCLPose,MeanYaw,2.70874,254.5
5d651f0d62fdae3371fe2c7c591bf11e,Localization Quality,AMCLPose,MeanY,-2.85775,254.5
5d651f0d62fdae3371fe2c7c591bf11e,Localization Quality,AMCLPose,MeanX,4.68089,254.5
5d651f0d62fdae3371fe2c7c591bf11e,Localization Stability,TF,Jump Angular,-0.000656034,255.5
5d651f0d62fdae3371fe2c7c591bf11e,Localization Stability,TF,Jump Linear,0.0132323,255.5
5d651f0d62fdae3371fe2c7c591bf11e,Input Validity,Lidar,Lidar Rate,10,254.63
5d651f0d62fdae3371fe2c7c591bf11e,Input Validity,Odometry,Odometry Rate,50,254.63
5d651f0d62fdae3371fe2c7c591bf11e,Input Validity,TF,TF Rate,10,254.63
5d651f0d62fdae3371fe2c7c591bf11e,Localization Stability,TF,Jump Angular,0,255.6
5d651f0d62fdae3371fe2c7c591bf11e,Localization Stability,TF,Jump Linear,0,255.6
5d651f0d62fdae3371fe2c7c591bf11e,Input Validity,Lidar,Lidar Rate,10,254.73
5d651f0d62fdae3371fe2c7c591bf11e,Input Validity,Odometry,Odometry Rate,50,254.73
5d651f0d62fdae3371fe2c7c591bf11e,Input Validity,TF,TF Rate,10,254.73
5d651f0d62fdae3371fe2c7c591bf11e,Localization Quality,AMCLPose,CovYawYaw,0.000865794,254.7
5d651f0d62fdae3371fe2c7c591bf11e,Localization Quality,AMCLPose,CovYY,0.000124694,254.7
5d651f0d62fdae3371fe2c7c591bf11e,Localization Quality,AMCLPose,CovXX,0.000603204,254.7
5d651f0d62fdae3371fe2c7c591bf11e,Localization Quality,AMCLPose,MeanYaw,2.62933,254.7
5d651f0d62fdae3371fe2c7c591bf11e,Localization Quality,AMCLPose,MeanY,-2.82745,254.7
5d651f0d62fdae3371fe2c7c591bf11e,Localization Quality,AMCLPose,MeanX,4.62195,254.7
5d651f0d62fdae3371fe2c7c591bf11e,Localization Stability,TF,Jump Angular,-0.000705975,255.7
5d651f0d62fdae3371fe2c7c591bf11e,Localization Stability,TF,Jump Linear,0.0139439,255.7
5d651f0d62fdae3371fe2c7c591bf11e,Input Validity,Lidar,Lidar Rate,10,254.83
5d651f0d62fdae3371fe2c7c591bf11e,Input Validity,Odometry,Odometry Rate,50,254.83
5d651f0d62fdae3371fe2c7c591bf11e,Input Validity,TF,TF Rate,10,254.83
5d651f0d62fdae3371fe2c7c591bf11e,Localization Stability,TF,Jump Angular,0,255.8
5d651f0d62fdae3371fe2c7c591bf11e,Localization Stability,TF,Jump Linear,0,255.8
5d651f0d62fdae3371fe2c7c591bf11e,Input Validity,Lidar,Lidar Rate,10,254.93
5d651f0d62fdae3371fe2c7c591bf11e,Input Validity,Odometry,Odometry Rate,50,254.93
5d651f0d62fdae3371fe2c7c591bf11e,Input Validity,TF,TF Rate,10,254.93
5d651f0d62fdae3371fe2c7c591bf11e,Localization Quality,AMCLPose,CovYawYaw,0.00175783,254.9
5d651f0d62fdae3371fe2c7c591bf11e,Localization Quality,AMCLPose,CovYY,0.00027424,254.9
5d651f0d62fdae3371fe2c7c591bf11e,Localization Quality,AMCLPose,CovXX,0.000955028,254.9
5d651f0d62fdae3371fe2c7c591bf11e,Localization Quality,AMCLPose,MeanYaw,2.56017,254.9
5d651f0d62fdae3371fe2c7c591bf11e,Localization Quality,AMCLPose,MeanY,-2.78195,254.9
5d651f0d62fdae3371fe2c7c591bf11e,Localization Quality,AMCLPose,MeanX,4.5479,254.9
5d651f0d62fdae3371fe2c7c591bf11e,Localization Stability,TF,Jump Angular,-0.00109194,255.9
5d651f0d62fdae3371fe2c7c591bf11e,Localization Stability,TF,Jump Linear,0.0193112,255.9
5d651f0d62fdae3371fe2c7c591bf11e,Input Validity,Lidar,Lidar Rate,10,255.03
5d651f0d62fdae3371fe2c7c591bf11e,Input Validity,Odometry,Odometry Rate,50,255.03
5d651f0d62fdae3371fe2c7c591bf11e,Input Validity,TF,TF Rate,10,255.03
5d651f0d62fdae3371fe2c7c591bf11e,Localization Stability,TF,Jump Angular,0,256
5d651f0d62fdae3371fe2c7c591bf11e,Localization Stability,TF,Jump Linear,0,256
5d651f0d62fdae3371fe2c7c591bf11e,Input Validity,Lidar,Lidar Rate,10,255.13
5d651f0d62fdae3371fe2c7c591bf11e,Input Validity,Odometry,Odometry Rate,50,255.13
5d651f0d62fdae3371fe2c7c591bf11e,Input Validity,TF,TF Rate,10,255.13
5d651f0d62fdae3371fe2c7c591bf11e,Localization Quality,AMCLPose,CovYawYaw,0.00261524,255.1
5d651f0d62fdae3371fe2c7c591bf11e,Localization Quality,AMCLPose,CovYY,0.000504136,255.1
5d651f0d62fdae3371fe2c7c591bf11e,Localization Quality,AMCLPose,CovXX,0.00135533,255.1
5d651f0d62fdae3371fe2c7c591bf11e,Localization Quality,AMCLPose,MeanYaw,2.50137,255.1
5d651f0d62fdae3371fe2c7c591bf11e,Localization Quality,AMCLPose,MeanY,-2.73067,255.1
5d651f0d62fdae3371fe2c7c591bf11e,Localization Quality,AMCLPose,MeanX,4.47512,255.1
5d651f0d62fdae3371fe2c7c591bf11e,Localization Stability,TF,Jump Angular,0.000372039,256.1
5d651f0d62fdae3371fe2c7c591bf11e,Localization Stability,TF,Jump Linear,0.00722039,256.1
5d651f0d62fdae3371fe2c7c591bf11e,Input Validity,Lidar,Lidar Rate,10,255.23
5d651f0d62fdae3371fe2c7c591bf11e,Input Validity,Odometry,Odometry Rate,50,255.23
5d651f0d62fdae3371fe2c7c591bf11e,Input Validity,TF,TF Rate,10,255.23
5d651f0d62fdae3371fe2c7c591bf11e,Localization Stability,TF,Jump Angular,0,256.2
5d651f0d62fdae3371fe2c7c591bf11e,Localization Stability,TF,Jump Linear,0,256.2
5d651f0d62fdae3371fe2c7c591bf11e,Input Validity,Lidar,Lidar Rate,10,255.33
5d651f0d62fdae3371fe2c7c591bf11e,Input Validity,Odometry,Odometry Rate,50,255.33
5d651f0d62fdae3371fe2c7c591bf11e,Input Validity,TF,TF Rate,10,255.33
5d651f0d62fdae3371fe2c7c591bf11e,Localization Quality,AMCLPose,CovYawYaw,0.00369059,255.3
5d651f0d62fdae3371fe2c7c591bf11e,Localization Quality,AMCLPose,CovYY,0.000756496,255.3
5d651f0d62fdae3371fe2c7c591bf11e,Localization Quality,AMCLPose,CovXX,0.00159763,255.3
5d651f0d62fdae3371fe2c7c591bf11e,Localization Quality,AMCLPose,MeanYaw,2.44576,255.3
5d651f0d62fdae3371fe2c7c591bf11e,Localization Quality,AMCLPose,MeanY,-2.67446,255.3
5d651f0d62fdae3371fe2c7c591bf11e,Localization Quality,AMCLPose,MeanX,4.40472,255.3
5d651f0d62fdae3371fe2c7c591bf11e,Localization Stability,TF,Jump Angular,-0.00490182,256.3
5d651f0d62fdae3371fe2c7c591bf11e,Localization Stability,TF,Jump Linear,0.0885499,256.3
5d651f0d62fdae3371fe2c7c591bf11e,Input Validity,Lidar,Lidar Rate,10,255.43
5d651f0d62fdae3371fe2c7c591bf11e,Input Validity,Odometry,Odometry Rate,50,255.43
5d651f0d62fdae3371fe2c7c591bf11e,Input Validity,TF,TF Rate,10,255.43
5d651f0d62fdae3371fe2c7c591bf11e,Localization Stability,TF,Jump Angular,0,256.4
5d651f0d62fdae3371fe2c7c591bf11e,Localization Stability,TF,Jump Linear,0,256.4
5d651f0d62fdae3371fe2c7c591bf11e,Input Validity,Lidar,Lidar Rate,10,255.53
5d651f0d62fdae3371fe2c7c591bf11e,Input Validity,Odometry,Odometry Rate,50,255.53
5d651f0d62fdae3371fe2c7c591bf11e,Input Validity,TF,TF Rate,10,255.53
5d651f0d62fdae3371fe2c7c591bf11e,Localization Stability,TF,Jump Angular,0,256.5
5d651f0d62fdae3371fe2c7c591bf11e,Localization Stability,TF,Jump Linear,0,256.5
5d651f0d62fdae3371fe2c7c591bf11e,Input Validity,Lidar,Lidar Rate,10,255.63
5d651f0d62fdae3371fe2c7c591bf11e,Input Validity,Odometry,Odometry Rate,50,255.63
5d651f0d62fdae3371fe2c7c591bf11e,Input Validity,TF,TF Rate,10,255.63
5d651f0d62fdae3371fe2c7c591bf11e,Localization Quality,AMCLPose,CovYawYaw,0.00557704,255.6
5d651f0d62fdae3371fe2c7c591bf11e,Localization Quality,AMCLPose,CovYY,0.00133294,255.6
5d651f0d62fdae3371fe2c7c591bf11e,Localization Quality,AMCLPose,CovXX,0.00219381,255.6
5d651f0d62fdae3371fe2c7c591bf11e,Localization Quality,AMCLPose,MeanYaw,2.37366,255.6
5d651f0d62fdae3371fe2c7c591bf11e,Localization Quality,AMCLPose,MeanY,-2.58175,255.6
5d651f0d62fdae3371fe2c7c591bf11e,Localization Quality,AMCLPose,MeanX,4.30435,255.6
5d651f0d62fdae3371fe2c7c591bf11e,Localization Stability,TF,Jump Angular,-0.0105527,256.6
5d651f0d62fdae3371fe2c7c591bf11e,Localization Stability,TF,Jump Linear,0.191275,256.6
5d651f0d62fdae3371fe2c7c591bf11e,Input Validity,Lidar,Lidar Rate,10,255.73
5d651f0d62fdae3371fe2c7c591bf11e,Input Validity,Odometry,Odometry Rate,50,255.73
5d651f0d62fdae3371fe2c7c591bf11e,Input Validity,TF,TF Rate,10,255.73
5d651f0d62fdae3371fe2c7c591bf11e,Localization Stability,TF,Jump Angular,0,256.7
5d651f0d62fdae3371fe2c7c591bf11e,Localization Stability,TF,Jump Linear,0,256.7
5d651f0d62fdae3371fe2c7c591bf11e,Input Validity,Lidar,Lidar Rate,10,255.83
5d651f0d62fdae3371fe2c7c591bf11e,Input Validity,Odometry,Odometry Rate,50,255.83
5d651f0d62fdae3371fe2c7c591bf11e,Input Validity,TF,TF Rate,10,255.83
5d651f0d62fdae3371fe2c7c591bf11e,Localization Stability,TF,Jump Angular,0,256.8
5d651f0d62fdae3371fe2c7c591bf11e,Localization Stability,TF,Jump Linear,0,256.8
5d651f0d62fdae3371fe2c7c591bf11e,Input Validity,Lidar,Lidar Rate,10,255.92
5d651f0d62fdae3371fe2c7c591bf11e,Input Validity,Odometry,Odometry Rate,50,255.92
5d651f0d62fdae3371fe2c7c591bf11e,Input Validity,TF,TF Rate,10,255.92
5d651f0d62fdae3371fe2c7c591bf11e,Localization Quality,AMCLPose,CovYawYaw,0.00775569,255.9
5d651f0d62fdae3371fe2c7c591bf11e,Localization Quality,AMCLPose,CovYY,0.00201747,255.9
5d651f0d62fdae3371fe2c7c591bf11e,Localization Quality,AMCLPose,CovXX,0.00257472,255.9
5d651f0d62fdae3371fe2c7c591bf11e,Localization Quality,AMCLPose,MeanYaw,2.31987,255.9
5d651f0d62fdae3371fe2c7c591bf11e,Localization Quality,AMCLPose,MeanY,-2.48685,255.9
5d651f0d62fdae3371fe2c7c591bf11e,Localization Quality,AMCLPose,MeanX,4.21575,255.9
5d651f0d62fdae3371fe2c7c591bf11e,Localization Stability,TF,Jump Angular,-0.00821615,256.9
5d651f0d62fdae3371fe2c7c591bf11e,Localization Stability,TF,Jump Linear,0.147703,256.9
5d651f0d62fdae3371fe2c7c591bf11e,Input Validity,Lidar,Lidar Rate,10,256.02
5d651f0d62fdae3371fe2c7c591bf11e,Input Validity,Odometry,Odometry Rate,50,256.02
5d651f0d62fdae3371fe2c7c591bf11e,Input Validity,TF,TF Rate,10,256.02
5d651f0d62fdae3371fe2c7c591bf11e,Localization Stability,TF,Jump Angular,0,257
5d651f0d62fdae3371fe2c7c591bf11e,Localization Stability,TF,Jump Linear,0,257
5d651f0d62fdae3371fe2c7c591bf11e,Input Validity,Lidar,Lidar Rate,10,256.12
5d651f0d62fdae3371fe2c7c591bf11e,Input Validity,Odometry,Odometry Rate,50,256.12
5d651f0d62fdae3371fe2c7c591bf11e,Input Validity,TF,TF Rate,10,256.12
5d651f0d62fdae3371fe2c7c591bf11e,Localization Stability,TF,Jump Angular,0,257.1
5d651f0d62fdae3371fe2c7c591bf11e,Localization Stability,TF,Jump Linear,0,257.1
5d651f0d62fdae3371fe2c7c591bf11e,Input Validity,Lidar,Lidar Rate,10,256.22
5d651f0d62fdae3371fe2c7c591bf11e,Input Validity,Odometry,Odometry Rate,50,256.22
5d651f0d62fdae3371fe2c7c591bf11e,Input Validity,TF,TF Rate,10,256.22
5d651f0d62fdae3371fe2c7c591bf11e,Localization Quality,AMCLPose,CovYawYaw,0.0108219,256.2
5d651f0d62fdae3371fe2c7c591bf11e,Localization Quality,AMCLPose,CovYY,0.00289723,256.2
5d651f0d62fdae3371fe2c7c591bf11e,Localization Quality,AMCLPose,CovXX,0.00310388,256.2
5d651f0d62fdae3371fe2c7c591bf11e,Localization Quality,AMCLPose,MeanYaw,2.27149,256.2
5d651f0d62fdae3371fe2c7c591bf11e,Localization Quality,AMCLPose,MeanY,-2.38675,256.2
5d651f0d62fdae3371fe2c7c591bf11e,Localization Quality,AMCLPose,MeanX,4.13336,256.2
5d651f0d62fdae3371fe2c7c591bf11e,Localization Stability,TF,Jump Angular,-0.0171429,257.2
5d651f0d62fdae3371fe2c7c591bf11e,Localization Stability,TF,Jump Linear,0.312893,257.2
5d651f0d62fdae3371fe2c7c591bf11e,Input Validity,Lidar,Lidar Rate,10,256.32
5d651f0d62fdae3371fe2c7c591bf11e,Input Validity,Odometry,Odometry Rate,50,256.32
5d651f0d62fdae3371fe2c7c591bf11e,Input Validity,TF,TF Rate,10,256.32
5d651f0d62fdae3371fe2c7c591bf11e,Localization Stability,TF,Jump Angular,0,257.3
5d651f0d62fdae3371fe2c7c591bf11e,Localization Stability,TF,Jump Linear,0,257.3
5d651f0d62fdae3371fe2c7c591bf11e,Input Validity,Lidar,Lidar Rate,10,256.42
5d651f0d62fdae3371fe2c7c591bf11e,Input Validity,Odometry,Odometry Rate,50,256.42
5d651f0d62fdae3371fe2c7c591bf11e,Input Validity,TF,TF Rate,10,256.42
5d651f0d62fdae3371fe2c7c591bf11e,Localization Stability,TF,Jump Angular,0,257.4
5d651f0d62fdae3371fe2c7c591bf11e,Localization Stability,TF,Jump Linear,0,257.4
5d651f0d62fdae3371fe2c7c591bf11e,Input Validity,Lidar,Lidar Rate,10,256.52
5d651f0d62fdae3371fe2c7c591bf11e,Input Validity,Odometry,Odometry Rate,50,256.52
5d651f0d62fdae3371fe2c7c591bf11e,Input Validity,TF,TF Rate,10,256.52
5d651f0d62fdae3371fe2c7c591bf11e,Localization Quality,AMCLPose,CovYawYaw,0.0116241,256.5
5d651f0d62fdae3371fe2c7c591bf11e,Localization Quality,AMCLPose,CovYY,0.00373466,256.5
5d651f0d62fdae3371fe2c7c591bf11e,Localization Quality,AMCLPose,CovXX,0.00396382,256.5
5d651f0d62fdae3371fe2c7c591bf11e,Localization Quality,AMCLPose,MeanYaw,2.27113,256.5
5d651f0d62fdae3371fe2c7c591bf11e,Localization Quality,AMCLPose,MeanY,-2.287,256.5
5d651f0d62fdae3371fe2c7c591bf11e,Localization Quality,AMCLPose,MeanX,4.05615,256.5
5d651f0d62fdae3371fe2c7c591bf11e,Localization Stability,TF,Jump Angular,-0.0153606,257.5
5d651f0d62fdae3371fe2c7c591bf11e,Localization Stability,TF,Jump Linear,0.281628,257.5
5d651f0d62fdae3371fe2c7c591bf11e,Input Validity,Lidar,Lidar Rate,10,256.62
5d651f0d62fdae3371fe2c7c591bf11e,Input Validity,Odometry,Odometry Rate,50,256.62
5d651f0d62fdae3371fe2c7c591bf11e,Input Validity,TF,TF Rate,10,256.62
5d651f0d62fdae3371fe2c7c591bf11e,Localization Stability,TF,Jump Angular,0,257.6
5d651f0d62fdae3371fe2c7c591bf11e,Localization Stability,TF,Jump Linear,0,257.6
5d651f0d62fdae3371fe2c7c591bf11e,Input Validity,Lidar,Lidar Rate,10,256.72
5d651f0d62fdae3371fe2c7c591bf11e,Input Validity,Odometry,Odometry Rate,50,256.72
5d651f0d62fdae3371fe2c7c591bf11e,Input Validity,TF,TF Rate,10,256.72
5d651f0d62fdae3371fe2c7c591bf11e,Localization Stability,TF,Jump Angular,0,257.7
5d651f0d62fdae3371fe2c7c591bf11e,Localization Stability,TF,Jump Linear,0,257.7
5d651f0d62fdae3371fe2c7c591bf11e,Input Validity,Lidar,Lidar Rate,10,256.82
5d651f0d62fdae3371fe2c7c591bf11e,Input Validity,Odometry,Odometry Rate,50,256.82
5d651f0d62fdae3371fe2c7c591bf11e,Input Validity,TF,TF Rate,10,256.82
5d651f0d62fdae3371fe2c7c591bf11e,Localization Quality,AMCLPose,CovYawYaw,0.0148635,256.8
5d651f0d62fdae3371fe2c7c591bf11e,Localization Quality,AMCLPose,CovYY,0.00554422,256.8
5d651f0d62fdae3371fe2c7c591bf11e,Localization Quality,AMCLPose,CovXX,0.00496863,256.8
5d651f0d62fdae3371fe2c7c591bf11e,Localization Quality,AMCLPose,MeanYaw,2.27972,256.8
5d651f0d62fdae3371fe2c7c591bf11e,Localization Quality,AMCLPose,MeanY,-2.18427,256.8
5d651f0d62fdae3371fe2c7c591bf11e,Localization Quality,AMCLPose,MeanX,3.97656,256.8
5d651f0d62fdae3371fe2c7c591bf11e,Localization Stability,TF,Jump Angular,-0.0139155,257.8
5d651f0d62fdae3371fe2c7c591bf11e,Localization Stability,TF,Jump Linear,0.25545,257.8
5d651f0d62fdae3371fe2c7c591bf11e,Input Validity,Lidar,Lidar Rate,10,256.92
5d651f0d62fdae3371fe2c7c591bf11e,Input Validity,Odometry,Odometry Rate,50,256.92
5d651f0d62fdae3371fe2c7c591bf11e,Input Validity,TF,TF Rate,10,256.92
5d651f0d62fdae3371fe2c7c591bf11e,Localization Stability,TF,Jump Angular,0,257.9
5d651f0d62fdae3371fe2c7c591bf11e,Localization Stability,TF,Jump Linear,0,257.9
5d651f0d62fdae3371fe2c7c591bf11e,Input Validity,Lidar,Lidar Rate,10,257.02
5d651f0d62fdae3371fe2c7c591bf11e,Input Validity,Odometry,Odometry Rate,50,257.02
5d651f0d62fdae3371fe2c7c591bf11e,Input Validity,TF,TF Rate,10,257.02
5d651f0d62fdae3371fe2c7c591bf11e,Localization Stability,TF,Jump Angular,0,258
5d651f0d62fdae3371fe2c7c591bf11e,Localization Stability,TF,Jump Linear,0,258
5d651f0d62fdae3371fe2c7c591bf11e,Input Validity,Lidar,Lidar Rate,10,257.12
5d651f0d62fdae3371fe2c7c591bf11e,Input Validity,Odometry,Odometry Rate,50,257.12
5d651f0d62fdae3371fe2c7c591bf11e,Input Validity,TF,TF Rate,10,257.12
5d651f0d62fdae3371fe2c7c591bf11e,Localization Quality,AMCLPose,CovYawYaw,0.0156217,257.1
5d651f0d62fdae3371fe2c7c591bf11e,Localization Quality,AMCLPose,CovYY,0.00707531,257.1
5d651f0d62fdae3371fe2c7c591bf11e,Localization Quality,AMCLPose,CovXX,0.00638895,257.1
5d651f0d62fdae3371fe2c7c591bf11e,Localization Quality,AMCLPose,MeanYaw,2.28007,257.1
5d651f0d62fdae3371fe2c7c591bf11e,Localization Quality,AMCLPose,MeanY,-2.07568,257.1
5d651f0d62fdae3371fe2c7c591bf11e,Localization Quality,AMCLPose,MeanX,3.89517,257.1
5d651f0d62fdae3371fe2c7c591bf11e,Localization Stability,TF,Jump Angular,-0.0201936,258.1
5d651f0d62fdae3371fe2c7c591bf11e,Localization Stability,TF,Jump Linear,0.373472,258.1
5d651f0d62fdae3371fe2c7c591bf11e,Input Validity,Lidar,Lidar Rate,10,257.22
5d651f0d62fdae3371fe2c7c591bf11e,Input Validity,Odometry,Odometry Rate,50,257.22
5d651f0d62fdae3371fe2c7c591bf11e,Input Validity,TF,TF Rate,10,257.22
5d651f0d62fdae3371fe2c7c591bf11e,Localization Stability,TF,Jump Angular,0,258.2
5d651f0d62fdae3371fe2c7c591bf11e,Localization Stability,TF,Jump Linear,0,258.2
5d651f0d62fdae3371fe2c7c591bf11e,Input Validity,Lidar,Lidar Rate,10,257.32
5d651f0d62fdae3371fe2c7c591bf11e,Input Validity,Odometry,Odometry Rate,50,257.32
5d651f0d62fdae3371fe2c7c591bf11e,Input Validity,TF,TF Rate,10,257.32
5d651f0d62fdae3371fe2c7c591bf11e,Localization Stability,TF,Jump Angular,0,258.3
5d651f0d62fdae3371fe2c7c591bf11e,Localization Stability,TF,Jump Linear,0,258.3
5d651f0d62fdae3371fe2c7c591bf11e,Input Validity,Lidar,Lidar Rate,10,257.41
5d651f0d62fdae3371fe2c7c591bf11e,Input Validity,Odometry,Odometry Rate,50,257.41
5d651f0d62fdae3371fe2c7c591bf11e,Input Validity,TF,TF Rate,10,257.41
5d651f0d62fdae3371fe2c7c591bf11e,Localization Quality,AMCLPose,CovYawYaw,0.0168705,257.4
5d651f0d62fdae3371fe2c7c591bf11e,Localization Quality,AMCLPose,CovYY,0.00776218,257.4
5d651f0d62fdae3371fe2c7c591bf11e,Localization Quality,AMCLPose,CovXX,0.00833387,257.4
5d651f0d62fdae3371fe2c7c591bf11e,Localization Quality,AMCLPose,MeanYaw,2.258,257.4
5d651f0d62fdae3371fe2c7c591bf11e,Localization Quality,AMCLPose,MeanY,-1.97619,257.4
5d651f0d62fdae3371fe2c7c591bf11e,Localization Quality,AMCLPose,MeanX,3.81372,257.4
5d651f0d62fdae3371fe2c7c591bf11e,Localization Stability,TF,Jump Angular,-0.00656041,258.4
5d651f0d62fdae3371fe2c7c591bf11e,Localization Stability,TF,Jump Linear,0.122048,258.4
5d651f0d62fdae3371fe2c7c591bf11e,Input Validity,Lidar,Lidar Rate,10,257.51
5d651f0d62fdae3371fe2c7c591bf11e,Input Validity,Odometry,Odometry Rate,50,257.51
5d651f0d62fdae3371fe2c7c591bf11e,Input Validity,TF,TF Rate,10,257.51
5d651f0d62fdae3371fe2c7c591bf11e,Localization Stability,TF,Jump Angular,0,258.5
5d651f0d62fdae3371fe2c7c591bf11e,Localization Stability,TF,Jump Linear,0,258.5
5d651f0d62fdae3371fe2c7c591bf11e,Input Validity,Lidar,Lidar Rate,10,257.61
5d651f0d62fdae3371fe2c7c591bf11e,Input Validity,Odometry,Odometry Rate,50,257.61
5d651f0d62fdae3371fe2c7c591bf11e,Input Validity,TF,TF Rate,10,257.61
5d651f0d62fdae3371fe2c7c591bf11e,Localization Stability,TF,Jump Angular,0,258.6
5d651f0d62fdae3371fe2c7c591bf11e,Localization Stability,TF,Jump Linear,0,258.6
5d651f0d62fdae3371fe2c7c591bf11e,Input Validity,Lidar,Lidar Rate,10,257.71
5d651f0d62fdae3371fe2c7c591bf11e,Input Validity,Odometry,Odometry Rate,50,257.71
5d651f0d62fdae3371fe2c7c591bf11e,Input Validity,TF,TF Rate,10,257.71
5d651f0d62fdae3371fe2c7c591bf11e,Localization Quality,AMCLPose,CovYawYaw,0.0187464,257.7
5d651f0d62fdae3371fe2c7c591bf11e,Localization Quality,AMCLPose,CovYY,0.00893991,257.7
5d651f0d62fdae3371fe2c7c591bf11e,Localization Quality,AMCLPose,CovXX,0.0105173,257.7
5d651f0d62fdae3371fe2c7c591bf11e,Localization Quality,AMCLPose,MeanYaw,2.21749,257.7
5d651f0d62fdae3371fe2c7c591bf11e,Localization Quality,AMCLPose,MeanY,-1.87552,257.7
5d651f0d62fdae3371fe2c7c591bf11e,Localization Quality,AMCLPose,MeanX,3.73626,257.7
5d651f0d62fdae3371fe2c7c591bf11e,Localization Stability,TF,Jump Angular,-0.00502547,258.7
5d651f0d62fdae3371fe2c7c591bf11e,Localization Stability,TF,Jump Linear,0.0951981,258.7
5d651f0d62fdae3371fe2c7c591bf11e,Input Validity,Lidar,Lidar Rate,10,257.81
5d651f0d62fdae3371fe2c7c591bf11e,Input Validity,Odometry,Odometry Rate,50,257.81
5d651f0d62fdae3371fe2c7c591bf11e,Input Validity,TF,TF Rate,10,257.81
5d651f0d62fdae3371fe2c7c591bf11e,Localization Stability,TF,Jump Angular,0,258.8
5d651f0d62fdae3371fe2c7c591bf11e,Localization Stability,TF,Jump Linear,0,258.8
5d651f0d62fdae3371fe2c7c591bf11e,Input Validity,Lidar,Lidar Rate,10,257.91
5d651f0d62fdae3371fe2c7c591bf11e,Input Validity,Odometry,Odometry Rate,50,257.91
5d651f0d62fdae3371fe2c7c591bf11e,Input Validity,TF,TF Rate,10,257.91
5d651f0d62fdae3371fe2c7c591bf11e,Localization Stability,TF,Jump Angular,0,258.9
5d651f0d62fdae3371fe2c7c591bf11e,Localization Stability,TF,Jump Linear,0,258.9
5d651f0d62fdae3371fe2c7c591bf11e,Input Validity,Lidar,Lidar Rate,10,258.01
5d651f0d62fdae3371fe2c7c591bf11e,Input Validity,Odometry,Odometry Rate,50,258.01
5d651f0d62fdae3371fe2c7c591bf11e,Input Validity,TF,TF Rate,10,258.01
5d651f0d62fdae3371fe2c7c591bf11e,Localization Quality,AMCLPose,CovYawYaw,0.021165,258
5d651f0d62fdae3371fe2c7c591bf11e,Localization Quality,AMCLPose,CovYY,0.0101753,258
5d651f0d62fdae3371fe2c7c591bf11e,Localization Quality,AMCLPose,CovXX,0.0140897,258
5d651f0d62fdae3371fe2c7c591bf11e,Localization Quality,AMCLPose,MeanYaw,2.18627,258
5d651f0d62fdae3371fe2c7c591bf11e,Localization Quality,AMCLPose,MeanY,-1.77192,258
5d651f0d62fdae3371fe2c7c591bf11e,Localization Quality,AMCLPose,MeanX,3.66405,258
5d651f0d62fdae3371fe2c7c591bf11e,Localization Stability,TF,Jump Angular,-0.0117326,259
5d651f0d62fdae3371fe2c7c591bf11e,Localization Stability,TF,Jump Linear,0.224133,259
5d651f0d62fdae3371fe2c7c591bf11e,Input Validity,Lidar,Lidar Rate,10,258.11
5d651f0d62fdae3371fe2c7c591bf11e,Input Validity,Odometry,Odometry Rate,50,258.11
5d651f0d62fdae3371fe2c7c591bf11e,Input Validity,TF,TF Rate,10,258.11
5d651f0d62fdae3371fe2c7c591bf11e,Localization Stability,TF,Jump Angular,0,259.1
5d651f0d62fdae3371fe2c7c591bf11e,Localization Stability,TF,Jump Linear,0,259.1
5d651f0d62fdae3371fe2c7c591bf11e,Input Validity,Lidar,Lidar Rate,10,258.21
5d651f0d62fdae3371fe2c7c591bf11e,Input Validity,Odometry,Odometry Rate,50,258.21
5d651f0d62fdae3371fe2c7c591bf11e,Input Validity,TF,TF Rate,10,258.21
5d651f0d62fdae3371fe2c7c591bf11e,Localization Stability,TF,Jump Angular,0,259.2
5d651f0d62fdae3371fe2c7c591bf11e,Localization Stability,TF,Jump Linear,0,259.2
5d651f0d62fdae3371fe2c7c591bf11e,Input Validity,Lidar,Lidar Rate,10,258.31
5d651f0d62fdae3371fe2c7c591bf11e,Input Validity,Odometry,Odometry Rate,50,258.31
5d651f0d62fdae3371fe2c7c591bf11e,Input Validity,TF,TF Rate,10,258.31
5d651f0d62fdae3371fe2c7c591bf11e,Localization Quality,AMCLPose,CovYawYaw,0.0221697,258.3
5d651f0d62fdae3371fe2c7c591bf11e,Localization Quality,AMCLPose,CovYY,0.0114823,258.3
5d651f0d62fdae3371fe2c7c591bf11e,Localization Quality,AMCLPose,CovXX,0.0170772,258.3
5d651f0d62fdae3371fe2c7c591bf11e,Localization Quality,AMCLPose,MeanYaw,2.17005,258.3
5d651f0d62fdae3371fe2c7c591bf11e,Localization Quality,AMCLPose,MeanY,-1.66996,258.3
5d651f0d62fdae3371fe2c7c591bf11e,Localization Quality,AMCLPose,MeanX,3.59268,258.3
5d651f0d62fdae3371fe2c7c591bf11e,Localization Stability,TF,Jump Angular,-0.00672837,259.3
5d651f0d62fdae3371fe2c7c591bf11e,Localization Stability,TF,Jump Linear,0.131755,259.3
5d651f0d62fdae3371fe2c7c591bf11e,Input Validity,Lidar,Lidar Rate,10,258.41
5d651f0d62fdae3371fe2c7c591bf11e,Input Validity,Odometry,Odometry Rate,50,258.41
5d651f0d62fdae3371fe2c7c591bf11e,Input Validity,TF,TF Rate,10,258.41
5d651f0d62fdae3371fe2c7c591bf11e,Localization Stability,TF,Jump Angular,0,259.4
5d651f0d62fdae3371fe2c7c591bf11e,Localization Stability,TF,Jump Linear,0,259.4
5d651f0d62fdae3371fe2c7c591bf11e,Input Validity,Lidar,Lidar Rate,10,258.51
5d651f0d62fdae3371fe2c7c591bf11e,Input Validity,Odometry,Odometry Rate,50,258.51
5d651f0d62fdae3371fe2c7c591bf11e,Input Validity,TF,TF Rate,10,258.51
5d651f0d62fdae3371fe2c7c591bf11e,Localization Stability,TF,Jump Angular,0,259.5
5d651f0d62fdae3371fe2c7c591bf11e,Localization Stability,TF,Jump Linear,0,259.5
5d651f0d62fdae3371fe2c7c591bf11e,Input Validity,Lidar,Lidar Rate,10,258.61
5d651f0d62fdae3371fe2c7c591bf11e,Input Validity,Odometry,Odometry Rate,50,258.61
5d651f0d62fdae3371fe2c7c591bf11e,Input Validity,TF,TF Rate,10,258.61
5d651f0d62fdae3371fe2c7c591bf11e,Localization Quality,AMCLPose,CovYawYaw,0.0235753,258.6
5d651f0d62fdae3371fe2c7c591bf11e,Localization Quality,AMCLPose,CovYY,0.0136925,258.6
5d651f0d62fdae3371fe2c7c591bf11e,Localization Quality,AMCLPose,CovXX,0.0210022,258.6
5d651f0d62fdae3371fe2c7c591bf11e,Localization Quality,AMCLPose,MeanYaw,2.14053,258.6
5d651f0d62fdae3371fe2c7c591bf11e,Localization Quality,AMCLPose,MeanY,-1.56755,258.6
5d651f0d62fdae3371fe2c7c591bf11e,Localization Quality,AMCLPose,MeanX,3.52414,258.6
5d651f0d62fdae3371fe2c7c591bf11e,Localization Stability,TF,Jump Angular,-0.00521925,259.6
5d651f0d62fdae3371fe2c7c591bf11e,Localization Stability,TF,Jump Linear,0.103681,259.6
5d651f0d62fdae3371fe2c7c591bf11e,Input Validity,Lidar,Lidar Rate,10,258.71
5d651f0d62fdae3371fe2c7c591bf11e,Input Validity,Odometry,Odometry Rate,50,258.71
5d651f0d62fdae3371fe2c7c591bf11e,Input Validity,TF,TF Rate,10,258.71
5d651f0d62fdae3371fe2c7c591bf11e,Localization Stability,TF,Jump Angular,0,259.7
5d651f0d62fdae3371fe2c7c591bf11e,Localization Stability,TF,Jump Linear,0,259.7
5d651f0d62fdae3371fe2c7c591bf11e,Input Validity,Lidar,Lidar Rate,10,258.81
5d651f0d62fdae3371fe2c7c591bf11e,Input Validity,Odometry,Odometry Rate,50,258.81
5d651f0d62fdae3371fe2c7c591bf11e,Input Validity,TF,TF Rate,10,258.81
5d651f0d62fdae3371fe2c7c591bf11e,Localization Stability,TF,Jump Angular,0,259.8
5d651f0d62fdae3371fe2c7c591bf11e,Localization Stability,TF,Jump Linear,0,259.8
5d651f0d62fdae3371fe2c7c591bf11e,Input Validity,Lidar,Lidar Rate,10,258.91
5d651f0d62fdae3371fe2c7c591bf11e,Input Validity,Odometry,Odometry Rate,50,258.91
5d651f0d62fdae3371fe2c7c591bf11e,Input Validity,TF,TF Rate,10,258.91
5d651f0d62fdae3371fe2c7c591bf11e,Localization Quality,AMCLPose,CovYawYaw,0.0259877,258.9
5d651f0d62fdae3371fe2c7c591bf11e,Localization Quality,AMCLPose,CovYY,0.0158401,258.9
5d651f0d62fdae3371fe2c7c591bf11e,Localization Quality,AMCLPose,CovXX,0.0271666,258.9
5d651f0d62fdae3371fe2c7c591bf11e,Localization Quality,AMCLPose,MeanYaw,2.11192,258.9
5d651f0d62fdae3371fe2c7c591bf11e,Localization Quality,AMCLPose,MeanY,-1.46793,258.9
5d651f0d62fdae3371fe2c7c591bf11e,Localization Quality,AMCLPose,MeanX,3.45551,258.9
5d651f0d62fdae3371fe2c7c591bf11e,Localization Stability,TF,Jump Angular,-0.00147942,259.9
5d651f0d62fdae3371fe2c7c591bf11e,Localization Stability,TF,Jump Linear,0.0380108,259.9
5d651f0d62fdae3371fe2c7c591bf11e,Input Validity,Lidar,Lidar Rate,10,259.01
5d651f0d62fdae3371fe2c7c591bf11e,Input Validity,Odometry,Odometry Rate,50,259.01
5d651f0d62fdae3371fe2c7c591bf11e,Input Validity,TF,TF Rate,10,259.01
5d651f0d62fdae3371fe2c7c591bf11e,Localization Stability,TF,Jump Angular,0,260
5d651f0d62fdae3371fe2c7c591bf11e,Localization Stability,TF,Jump Linear,0,260
5d651f0d62fdae3371fe2c7c591bf11e,Input Validity,Lidar,Lidar Rate,10,259.1
5d651f0d62fdae3371fe2c7c591bf11e,Input Validity,Odometry,Odometry Rate,50,259.1
5d651f0d62fdae3371fe2c7c591bf11e,Input Validity,TF,TF Rate,10,259.1
5d651f0d62fdae3371fe2c7c591bf11e,Localization Stability,TF,Jump Angular,0,260.1
5d651f0d62fdae3371fe2c7c591bf11e,Localization Stability,TF,Jump Linear,0,260.1
5d651f0d62fdae3371fe2c7c591bf11e,Input Validity,Lidar,Lidar Rate,10,259.2
5d651f0d62fdae3371fe2c7c591bf11e,Input Validity,Odometry,Odometry Rate,50,259.2
5d651f0d62fdae3371fe2c7c591bf11e,Input Validity,TF,TF Rate,10,259.2
5d651f0d62fdae3371fe2c7c591bf11e,Localization Quality,AMCLPose,CovYawYaw,0.028757,259.2
5d651f0d62fdae3371fe2c7c591bf11e,Localization Quality,AMCLPose,CovYY,0.0176343,259.2
5d651f0d62fdae3371fe2c7c591bf11e,Localization Quality,AMCLPose,CovXX,0.032349,259.2
5d651f0d62fdae3371fe2c7c591bf11e,Localization Quality,AMCLPose,MeanYaw,2.07638,259.2
5d651f0d62fdae3371fe2c7c591bf11e,Localization Quality,AMCLPose,MeanY,-1.37034,259.2
5d651f0d62fdae3371fe2c7c591bf11e,Localization Quality,AMCLPose,MeanX,3.39747,259.2
5d651f0d62fdae3371fe2c7c591bf11e,Localization Stability,TF,Jump Angular,-0.00827609,260.2
5d651f0d62fdae3371fe2c7c591bf11e,Localization Stability,TF,Jump Linear,0.168566,260.2
5d651f0d62fdae3371fe2c7c591bf11e,Input Validity,Lidar,Lidar Rate,10,259.3
5d651f0d62fdae3371fe2c7c591bf11e,Input Validity,Odometry,Odometry Rate,50,259.3
5d651f0d62fdae3371fe2c7c591bf11e,Input Validity,TF,TF Rate,10,259.3
5d651f0d62fdae3371fe2c7c591bf11e,Localization Stability,TF,Jump Angular,0,260.3
5d651f0d62fdae3371fe2c7c591bf11e,Localization Stability,TF,Jump Linear,0,260.3
5d651f0d62fdae3371fe2c7c591bf11e,Input Validity,Lidar,Lidar Rate,10,259.4
5d651f0d62fdae3371fe2c7c591bf11e,Input Validity,Odometry,Odometry Rate,50,259.4
5d651f0d62fdae3371fe2c7c591bf11e,Input Validity,TF,TF Rate,10,259.4
5d651f0d62fdae3371fe2c7c591bf11e,Localization Stability,TF,Jump Angular,0,260.4
5d651f0d62fdae3371fe2c7c591bf11e,Localization Stability,TF,Jump Linear,0,260.4
5d651f0d62fdae3371fe2c7c591bf11e,Input Validity,Lidar,Lidar Rate,10,259.5
5d651f0d62fdae3371fe2c7c591bf11e,Input Validity,Odometry,Odometry Rate,50,259.5
5d651f0d62fdae3371fe2c7c591bf11e,Input Validity,TF,TF Rate,10,259.5
5d651f0d62fdae3371fe2c7c591bf11e,Localization Quality,AMCLPose,CovYawYaw,0.0327333,259.5
5d651f0d62fdae3371fe2c7c591bf11e,Localization Quality,AMCLPose,CovYY,0.0213579,259.5
5d651f0d62fdae3371fe2c7c591bf11e,Localization Quality,AMCLPose,CovXX,0.0389399,259.5
5d651f0d62fdae3371fe2c7c591bf11e,Localization Quality,AMCLPose,MeanYaw,2.03135,259.5
5d651f0d62fdae3371fe2c7c591bf11e,Localization Quality,AMCLPose,MeanY,-1.26058,259.5
5d651f0d62fdae3371fe2c7c591bf11e,Localization Quality,AMCLPose,MeanX,3.35558,259.5
5d651f0d62fdae3371fe2c7c591bf11e,Localization Stability,TF,Jump Angular,-0.0141448,260.5
5d651f0d62fdae3371fe2c7c591bf11e,Localization Stability,TF,Jump Linear,0.271464,260.5
5d651f0d62fdae3371fe2c7c591bf11e,Input Validity,Lidar,Lidar Rate,10,259.6
5d651f0d62fdae3371fe2c7c591bf11e,Input Validity,Odometry,Odometry Rate,50,259.6
5d651f0d62fdae3371fe2c7c591bf11e,Input Validity,TF,TF Rate,10,259.6
5d651f0d62fdae3371fe2c7c591bf11e,Localization Stability,TF,Jump Angular,0,260.6
5d651f0d62fdae3371fe2c7c591bf11e,Localization Stability,TF,Jump Linear,0,260.6
5d651f0d62fdae3371fe2c7c591bf11e,Input Validity,Lidar,Lidar Rate,10,259.7
5d651f0d62fdae3371fe2c7c591bf11e,Input Validity,Odometry,Odometry Rate,50,259.7
5d651f0d62fdae3371fe2c7c591bf11e,Input Validity,TF,TF Rate,10,259.7
5d651f0d62fdae3371fe2c7c591bf11e,Localization Stability,TF,Jump Angular,0,260.7
5d651f0d62fdae3371fe2c7c591bf11e,Localization Stability,TF,Jump Linear,0,260.7
5d651f0d62fdae3371fe2c7c591bf11e,Input Validity,Lidar,Lidar Rate,10,259.8
5d651f0d62fdae3371fe2c7c591bf11e,Input Validity,Odometry,Odometry Rate,50,259.8
5d651f0d62fdae3371fe2c7c591bf11e,Input Validity,TF,TF Rate,10,259.8
5d651f0d62fdae3371fe2c7c591bf11e,Localization Quality,AMCLPose,CovYawYaw,0.0294812,259.8
5d651f0d62fdae3371fe2c7c591bf11e,Localization Quality,AMCLPose,CovYY,0.0215289,259.8
5d651f0d62fdae3371fe2c7c591bf11e,Localization Quality,AMCLPose,CovXX,0.0428793,259.8
5d651f0d62fdae3371fe2c7c591bf11e,Localization Quality,AMCLPose,MeanYaw,2.0034,259.8
5d651f0d62fdae3371fe2c7c591bf11e,Localization Quality,AMCLPose,MeanY,-1.15221,259.8
5d651f0d62fdae3371fe2c7c591bf11e,Localization Quality,AMCLPose,MeanX,3.3103,259.8
5d651f0d62fdae3371fe2c7c591bf11e,Localization Stability,TF,Jump Angular,-0.00858389,260.8
5d651f0d62fdae3371fe2c7c591bf11e,Localization Stability,TF,Jump Linear,0.170047,260.8
5d651f0d62fdae3371fe2c7c591bf11e,Input Validity,Lidar,Lidar Rate,10,259.9
5d651f0d62fdae3371fe2c7c591bf11e,Input Validity,Odometry,Odometry Rate,50,259.9
5d651f0d62fdae3371fe2c7c591bf11e,Input Validity,TF,TF Rate,10,259.9
5d651f0d62fdae3371fe2c7c591bf11e,Localization Stability,TF,Jump Angular,0,260.9
5d651f0d62fdae3371fe2c7c591bf11e,Localization Stability,TF,Jump Linear,0,260.9
5d651f0d62fdae3371fe2c7c591bf11e,Input Validity,Lidar,Lidar Rate,10,260
5d651f0d62fdae3371fe2c7c591bf11e,Input Validity,Odometry,Odometry Rate,50,260
5d651f0d62fdae3371fe2c7c591bf11e,Input Validity,TF,TF Rate,10,260
5d651f0d62fdae3371fe2c7c591bf11e,Localization Stability,TF,Jump Angular,0,261
5d651f0d62fdae3371fe2c7c591bf11e,Localization Stability,TF,Jump Linear,0,261
5d651f0d62fdae3371fe2c7c591bf11e,Input Validity,Lidar,Lidar Rate,10,260.1
5d651f0d62fdae3371fe2c7c591bf11e,Input Validity,Odometry,Odometry Rate,50,260.1
5d651f0d62fdae3371fe2c7c591bf11e,Input Validity,TF,TF Rate,10,260.1
5d651f0d62fdae3371fe2c7c591bf11e,Input Validity,Lidar,Lidar Rate,10,260.2
5d651f0d62fdae3371fe2c7c591bf11e,Input Validity,Odometry,Odometry Rate,50,260.2
5d651f0d62fdae3371fe2c7c591bf11e,Input Validity,TF,TF Rate,10,260.2
5d651f0d62fdae3371fe2c7c591bf11e,Localization Quality,AMCLPose,CovYawYaw,0.0271845,260.1
5d651f0d62fdae3371fe2c7c591bf11e,Localization Quality,AMCLPose,CovYY,0.0213246,260.1
5d651f0d62fdae3371fe2c7c591bf11e,Localization Quality,AMCLPose,CovXX,0.0438682,260.1
5d651f0d62fdae3371fe2c7c591bf11e,Localization Quality,AMCLPose,MeanYaw,1.98955,260.1
5d651f0d62fdae3371fe2c7c591bf11e,Localization Quality,AMCLPose,MeanY,-1.04696,260.1
5d651f0d62fdae3371fe2c7c591bf11e,Localization Quality,AMCLPose,MeanX,3.26431,260.1
5d651f0d62fdae3371fe2c7c591bf11e,Localization Stability,TF,Jump Angular,-0.00608462,261.1
5d651f0d62fdae3371fe2c7c591bf11e,Localization Stability,TF,Jump Linear,0.125994,261.1
5d651f0d62fdae3371fe2c7c591bf11e,Localization Stability,TF,Jump Angular,0,261.2
5d651f0d62fdae3371fe2c7c591bf11e,Localization Stability,TF,Jump Linear,0,261.2
5d651f0d62fdae3371fe2c7c591bf11e,Input Validity,Lidar,Lidar Rate,10,260.3
5d651f0d62fdae3371fe2c7c591bf11e,Input Validity,Odometry,Odometry Rate,50,260.3
5d651f0d62fdae3371fe2c7c591bf11e,Input Validity,TF,TF Rate,10,260.3
5d651f0d62fdae3371fe2c7c591bf11e,Localization Stability,TF,Jump Angular,0,261.3
5d651f0d62fdae3371fe2c7c591bf11e,Localization Stability,TF,Jump Linear,0,261.3
5d651f0d62fdae3371fe2c7c591bf11e,Input Validity,Lidar,Lidar Rate,10,260.4
5d651f0d62fdae3371fe2c7c591bf11e,Input Validity,Odometry,Odometry Rate,50,260.4
5d651f0d62fdae3371fe2c7c591bf11e,Input Validity,TF,TF Rate,10,260.4
5d651f0d62fdae3371fe2c7c591bf11e,Localization Quality,AMCLPose,CovYawYaw,0.0237156,260.4
5d651f0d62fdae3371fe2c7c591bf11e,Localization Quality,AMCLPose,CovYY,0.0192808,260.4
5d651f0d62fdae3371fe2c7c591bf11e,Localization Quality,AMCLPose,CovXX,0.0443794,260.4
5d651f0d62fdae3371fe2c7c591bf11e,Localization Quality,AMCLPose,MeanYaw,1.99293,260.4
5d651f0d62fdae3371fe2c7c591bf11e,Localization Quality,AMCLPose,MeanY,-0.943158,260.4
5d651f0d62fdae3371fe2c7c591bf11e,Localization Quality,AMCLPose,MeanX,3.22111,260.4
5d651f0d62fdae3371fe2c7c591bf11e,Localization Stability,TF,Jump Angular,-0.0024049,261.4
5d651f0d62fdae3371fe2c7c591bf11e,Localization Stability,TF,Jump Linear,0.0540559,261.4
5d651f0d62fdae3371fe2c7c591bf11e,Input Validity,Lidar,Lidar Rate,10,260.5
5d651f0d62fdae3371fe2c7c591bf11e,Input Validity,Odometry,Odometry Rate,50,260.5
5d651f0d62fdae3371fe2c7c591bf11e,Input Validity,TF,TF Rate,10,260.5
5d651f0d62fdae3371fe2c7c591bf11e,Localization Stability,TF,Jump Angular,0,261.5
5d651f0d62fdae3371fe2c7c591bf11e,Localization Stability,TF,Jump Linear,0,261.5
5d651f0d62fdae3371fe2c7c591bf11e,Input Validity,Lidar,Lidar Rate,10,260.6
5d651f0d62fdae3371fe2c7c591bf11e,Input Validity,Odometry,Odometry Rate,50,260.6
5d651f0d62fdae3371fe2c7c591bf11e,Input Validity,TF,TF Rate,10,260.6
5d651f0d62fdae3371fe2c7c591bf11e,Localization Stability,TF,Jump Angular,0,261.6
5d651f0d62fdae3371fe2c7c591bf11e,Localization Stability,TF,Jump Linear,0,261.6
5d651f0d62fdae3371fe2c7c591bf11e,Input Validity,Lidar,Lidar Rate,10,260.7
5d651f0d62fdae3371fe2c7c591bf11e,Input Validity,Odometry,Odometry Rate,50,260.7
5d651f0d62fdae3371fe2c7c591bf11e,Input Validity,TF,TF Rate,10,260.7
5d651f0d62fdae3371fe2c7c591bf11e,Localization Quality,AMCLPose,CovYawYaw,0.0211041,260.7
5d651f0d62fdae3371fe2c7c591bf11e,Localization Quality,AMCLPose,CovYY,0.0185536,260.7
5d651f0d62fdae3371fe2c7c591bf11e,Localization Quality,AMCLPose,CovXX,0.0433779,260.7
5d651f0d62fdae3371fe2c7c591bf11e,Localization Quality,AMCLPose,MeanYaw,1.99514,260.7
5d651f0d62fdae3371fe2c7c591bf11e,Localization Quality,AMCLPose,MeanY,-0.841755,260.7
5d651f0d62fdae3371fe2c7c591bf11e,Localization Quality,AMCLPose,MeanX,3.20003,260.7
5d651f0d62fdae3371fe2c7c591bf11e,Localization Stability,TF,Jump Angular,-0.0224291,261.7
5d651f0d62fdae3371fe2c7c591bf11e,Localization Stability,TF,Jump Linear,0.443857,261.7
5d651f0d62fdae3371fe2c7c591bf11e,Input Validity,Lidar,Lidar Rate,10,260.8
5d651f0d62fdae3371fe2c7c591bf11e,Input Validity,Odometry,Odometry Rate,50,260.8
5d651f0d62fdae3371fe2c7c591bf11e,Input Validity,TF,TF Rate,10,260.8
5d651f0d62fdae3371fe2c7c591bf11e,Localization Stability,TF,Jump Angular,0,261.8
5d651f0d62fdae3371fe2c7c591bf11e,Localization Stability,TF,Jump Linear,0,261.8
5d651f0d62fdae3371fe2c7c591bf11e,Input Validity,Lidar,Lidar Rate,10,260.89
5d651f0d62fdae3371fe2c7c591bf11e,Input Validity,Odometry,Odometry Rate,50,260.89
5d651f0d62fdae3371fe2c7c591bf11e,Input Validity,TF,TF Rate,10,260.89
5d651f0d62fdae3371fe2c7c591bf11e,Localization Stability,TF,Jump Angular,0,261.9
5d651f0d62fdae3371fe2c7c591bf11e,Localization Stability,TF,Jump Linear,0,261.9
5d651f0d62fdae3371fe2c7c591bf11e,Input Validity,Lidar,Lidar Rate,10,260.99
5d651f0d62fdae3371fe2c7c591bf11e,Input Validity,Odometry,Odometry Rate,50,260.99
5d651f0d62fdae3371fe2c7c591bf11e,Input Validity,TF,TF Rate,10,260.99
5d651f0d62fdae3371fe2c7c591bf11e,Localization Quality,AMCLPose,CovYawYaw,0.0180131,261
5d651f0d62fdae3371fe2c7c591bf11e,Localization Quality,AMCLPose,CovYY,0.0157574,261
5d651f0d62fdae3371fe2c7c591bf11e,Localization Quality,AMCLPose,CovXX,0.0413398,261
5d651f0d62fdae3371fe2c7c591bf11e,Localization Quality,AMCLPose,MeanYaw,2.01325,261
5d651f0d62fdae3371fe2c7c591bf11e,Localization Quality,AMCLPose,MeanY,-0.741442,261
5d651f0d62fdae3371fe2c7c591bf11e,Localization Quality,AMCLPose,MeanX,3.17377,261
5d651f0d62fdae3371fe2c7c591bf11e,Localization Stability,TF,Jump Angular,-0.0211208,262
5d651f0d62fdae3371fe2c7c591bf11e,Localization Stability,TF,Jump Linear,0.422455,262
5d651f0d62fdae3371fe2c7c591bf11e,Input Validity,Lidar,Lidar Rate,10,261.09
5d651f0d62fdae3371fe2c7c591bf11e,Input Validity,Odometry,Odometry Rate,50,261.09
5d651f0d62fdae3371fe2c7c591bf11e,Input Validity,TF,TF Rate,10,261.09
5d651f0d62fdae3371fe2c7c591bf11e,Localization Stability,TF,Jump Angular,0,262.1
5d651f0d62fdae3371fe2c7c591bf11e,Localization Stability,TF,Jump Linear,0,262.1
5d651f0d62fdae3371fe2c7c591bf11e,Input Validity,Lidar,Lidar Rate,10,261.19
5d651f0d62fdae3371fe2c7c591bf11e,Input Validity,Odometry,Odometry Rate,50,261.19
5d651f0d62fdae3371fe2c7c591bf11e,Input Validity,TF,TF Rate,10,261.19
5d651f0d62fdae3371fe2c7c591bf11e,Localization Stability,TF,Jump Angular,0,262.2
5d651f0d62fdae3371fe2c7c591bf11e,Localization Stability,TF,Jump Linear,0,262.2
5d651f0d62fdae3371fe2c7c591bf11e,Input Validity,Lidar,Lidar Rate,10,261.29
5d651f0d62fdae3371fe2c7c591bf11e,Input Validity,Odometry,Odometry Rate,50,261.29
5d651f0d62fdae3371fe2c7c591bf11e,Input Validity,TF,TF Rate,10,261.29
5d651f0d62fdae3371fe2c7c591bf11e,Localization Quality,AMCLPose,CovYawYaw,0.0162201,261.3
5d651f0d62fdae3371fe2c7c591bf11e,Localization Quality,AMCLPose,CovYY,0.0142375,261.3
5d651f0d62fdae3371fe2c7c591bf11e,Localization Quality,AMCLPose,CovXX,0.038371,261.3
5d651f0d62fdae3371fe2c7c591bf11e,Localization Quality,AMCLPose,MeanYaw,2.03991,261.3
5d651f0d62fdae3371fe2c7c591bf11e,Localization Quality,AMCLPose,MeanY,-0.637066,261.3
5d651f0d62fdae3371fe2c7c591bf11e,Localization Quality,AMCLPose,MeanX,3.13751,261.3
5d651f0d62fdae3371fe2c7c591bf11e,Localization Stability,TF,Jump Angular,-0.0171535,262.3
5d651f0d62fdae3371fe2c7c591bf11e,Localization Stability,TF,Jump Linear,0.345463,262.3
5d651f0d62fdae3371fe2c7c591bf11e,Input Validity,Lidar,Lidar Rate,10,261.39
5d651f0d62fdae3371fe2c7c591bf11e,Input Validity,Odometry,Odometry Rate,50,261.39
5d651f0d62fdae3371fe2c7c591bf11e,Input Validity,TF,TF Rate,10,261.39
5d651f0d62fdae3371fe2c7c591bf11e,Localization Stability,TF,Jump Angular,0,262.4
5d651f0d62fdae3371fe2c7c591bf11e,Localization Stability,TF,Jump Linear,0,262.4
5d651f0d62fdae3371fe2c7c591bf11e,Input Validity,Lidar,Lidar Rate,10,261.49
5d651f0d62fdae3371fe2c7c591bf11e,Input Validity,Odometry,Odometry Rate,50,261.49
5d651f0d62fdae3371fe2c7c591bf11e,Input Validity,TF,TF Rate,10,261.49
5d651f0d62fdae3371fe2c7c591bf11e,Localization Stability,TF,Jump Angular,0,262.5
5d651f0d62fdae3371fe2c7c591bf11e,Localization Stability,TF,Jump Linear,0,262.5
5d651f0d62fdae3371fe2c7c591bf11e,Input Validity,Lidar,Lidar Rate,10,261.59
5d651f0d62fdae3371fe2c7c591bf11e,Input Validity,Odometry,Odometry Rate,50,261.59
5d651f0d62fdae3371fe2c7c591bf11e,Input Validity,TF,TF Rate,10,261.59
5d651f0d62fdae3371fe2c7c591bf11e,Localization Quality,AMCLPose,CovYawYaw,0.0138173,261.6
5d651f0d62fdae3371fe2c7c591bf11e,Localization Quality,AMCLPose,CovYY,0.0138209,261.6
5d651f0d62fdae3371fe2c7c591bf11e,Localization Quality,AMCLPose,CovXX,0.0365877,261.6
5d651f0d62fdae3371fe2c7c591bf11e,Localization Quality,AMCLPose,MeanYaw,2.07217,261.6
5d651f0d62fdae3371fe2c7c591bf11e,Localization Quality,AMCLPose,MeanY,-0.532442,261.6
5d651f0d62fdae3371fe2c7c591bf11e,Localization Quality,AMCLPose,MeanX,3.09138,261.6
5d651f0d62fdae3371fe2c7c591bf11e,Localization Stability,TF,Jump Angular,-0.0110287,262.6
5d651f0d62fdae3371fe2c7c591bf11e,Localization Stability,TF,Jump Linear,0.223751,262.6
5d651f0d62fdae3371fe2c7c591bf11e,Input Validity,Lidar,Lidar Rate,10,261.69
5d651f0d62fdae3371fe2c7c591bf11e,Input Validity,Odometry,Odometry Rate,50,261.69
5d651f0d62fdae3371fe2c7c591bf11e,Input Validity,TF,TF Rate,10,261.69
5d651f0d62fdae3371fe2c7c591bf11e,Input Validity,Lidar,Lidar Rate,10,261.79
5d651f0d62fdae3371fe2c7c591bf11e,Input Validity,Odometry,Odometry Rate,50,261.79
5d651f0d62fdae3371fe2c7c591bf11e,Input Validity,TF,TF Rate,10,261.79
5d651f0d62fdae3371fe2c7c591bf11e,Localization Stability,TF,Jump Angular,0,262.7
5d651f0d62fdae3371fe2c7c591bf11e,Localization Stability,TF,Jump Linear,0,262.7
5d651f0d62fdae3371fe2c7c591bf11e,Localization Stability,TF,Jump Angular,0,262.8
5d651f0d62fdae3371fe2c7c591bf11e,Localization Stability,TF,Jump Linear,0,262.8
5d651f0d62fdae3371fe2c7c591bf11e,Input Validity,Lidar,Lidar Rate,10,261.89
5d651f0d62fdae3371fe2c7c591bf11e,Input Validity,Odometry,Odometry Rate,50,261.89
5d651f0d62fdae3371fe2c7c591bf11e,Input Validity,TF,TF Rate,10,261.89
5d651f0d62fdae3371fe2c7c591bf11e,Localization Quality,AMCLPose,CovYawYaw,0.0126601,261.9
5d651f0d62fdae3371fe2c7c591bf11e,Localization Quality,AMCLPose,CovYY,0.0135191,261.9
5d651f0d62fdae3371fe2c7c591bf11e,Localization Quality,AMCLPose,CovXX,0.0355722,261.9
5d651f0d62fdae3371fe2c7c591bf11e,Localization Quality,AMCLPose,MeanYaw,2.11767,261.9
5d651f0d62fdae3371fe2c7c591bf11e,Localization Quality,AMCLPose,MeanY,-0.428006,261.9
5d651f0d62fdae3371fe2c7c591bf11e,Localization Quality,AMCLPose,MeanX,3.03268,261.9
5d651f0d62fdae3371fe2c7c591bf11e,Localization Stability,TF,Jump Angular,-0.00579706,262.9
5d651f0d62fdae3371fe2c7c591bf11e,Localization Stability,TF,Jump Linear,0.120975,262.9
5d651f0d62fdae3371fe2c7c591bf11e,Input Validity,Lidar,Lidar Rate,10,261.99
5d651f0d62fdae3371fe2c7c591bf11e,Input Validity,Odometry,Odometry Rate,50,261.99
5d651f0d62fdae3371fe2c7c591bf11e,Input Validity,TF,TF Rate,10,261.99
5d651f0d62fdae3371fe2c7c591bf11e,Localization Stability,TF,Jump Angular,0,263
5d651f0d62fdae3371fe2c7c591bf11e,Localization Stability,TF,Jump Linear,0,263
5d651f0d62fdae3371fe2c7c591bf11e,Input Validity,Lidar,Lidar Rate,10,262.09
5d651f0d62fdae3371fe2c7c591bf11e,Input Validity,Odometry,Odometry Rate,50,262.09
5d651f0d62fdae3371fe2c7c591bf11e,Input Validity,TF,TF Rate,10,262.09
5d651f0d62fdae3371fe2c7c591bf11e,Localization Stability,TF,Jump Angular,0,263.1
5d651f0d62fdae3371fe2c7c591bf11e,Localization Stability,TF,Jump Linear,0,263.1
5d651f0d62fdae3371fe2c7c591bf11e,Input Validity,Lidar,Lidar Rate,10,262.19
5d651f0d62fdae3371fe2c7c591bf11e,Input Validity,Odometry,Odometry Rate,50,262.19
5d651f0d62fdae3371fe2c7c591bf11e,Input Validity,TF,TF Rate,10,262.19
5d651f0d62fdae3371fe2c7c591bf11e,Input Validity,Lidar,Lidar Rate,10,262.28
5d651f0d62fdae3371fe2c7c591bf11e,Input Validity,Odometry,Odometry Rate,50,262.28
5d651f0d62fdae3371fe2c7c591bf11e,Input Validity,TF,TF Rate,10,262.28
5d651f0d62fdae3371fe2c7c591bf11e,Localization Quality,AMCLPose,CovYawYaw,0.0143995,262.2
5d651f0d62fdae3371fe2c7c591bf11e,Localization Quality,AMCLPose,CovYY,0.0158009,262.2
5d651f0d62fdae3371fe2c7c591bf11e,Localization Quality,AMCLPose,CovXX,0.0377699,262.2
5d651f0d62fdae3371fe2c7c591bf11e,Localization Quality,AMCLPose,MeanYaw,2.17034,262.2
5d651f0d62fdae3371fe2c7c591bf11e,Localization Quality,AMCLPose,MeanY,-0.314591,262.2
5d651f0d62fdae3371fe2c7c591bf11e,Localization Quality,AMCLPose,MeanX,2.96162,262.2
5d651f0d62fdae3371fe2c7c591bf11e,Localization Stability,TF,Jump Angular,-0.00528443,263.2
5d651f0d62fdae3371fe2c7c591bf11e,Localization Stability,TF,Jump Linear,0.110321,263.2
5d651f0d62fdae3371fe2c7c591bf11e,Localization Stability,TF,Jump Angular,0,263.3
5d651f0d62fdae3371fe2c7c591bf11e,Localization Stability,TF,Jump Linear,0,263.3
5d651f0d62fdae3371fe2c7c591bf11e,Input Validity,Lidar,Lidar Rate,10,262.38
5d651f0d62fdae3371fe2c7c591bf11e,Input Validity,Odometry,Odometry Rate,50,262.38
5d651f0d62fdae3371fe2c7c591bf11e,Input Validity,TF,TF Rate,10,262.38
5d651f0d62fdae3371fe2c7c591bf11e,Localization Stability,TF,Jump Angular,0,263.4
5d651f0d62fdae3371fe2c7c591bf11e,Localization Stability,TF,Jump Linear,0,263.4
5d651f0d62fdae3371fe2c7c591bf11e,Input Validity,Lidar,Lidar Rate,10,262.48
5d651f0d62fdae3371fe2c7c591bf11e,Input Validity,Odometry,Odometry Rate,50,262.48
5d651f0d62fdae3371fe2c7c591bf11e,Input Validity,TF,TF Rate,10,262.48
5d651f0d62fdae3371fe2c7c591bf11e,Localization Quality,AMCLPose,CovYawYaw,0.0169146,262.5
5d651f0d62fdae3371fe2c7c591bf11e,Localization Quality,AMCLPose,CovYY,0.0177819,262.5
5d651f0d62fdae3371fe2c7c591bf11e,Localization Quality,AMCLPose,CovXX,0.0420276,262.5
5d651f0d62fdae3371fe2c7c591bf11e,Localization Quality,AMCLPose,MeanYaw,2.2273,262.5
5d651f0d62fdae3371fe2c7c591bf11e,Localization Quality,AMCLPose,MeanY,-0.208616,262.5
5d651f0d62fdae3371fe2c7c591bf11e,Localization Quality,AMCLPose,MeanX,2.88014,262.5
5d651f0d62fdae3371fe2c7c591bf11e,Localization Stability,TF,Jump Angular,0.00474312,263.5
5d651f0d62fdae3371fe2c7c591bf11e,Localization Stability,TF,Jump Linear,0.098144,263.5
5d651f0d62fdae3371fe2c7c591bf11e,Input Validity,Lidar,Lidar Rate,10,262.58
5d651f0d62fdae3371fe2c7c591bf11e,Input Validity,Odometry,Odometry Rate,50,262.58
5d651f0d62fdae3371fe2c7c591bf11e,Input Validity,TF,TF Rate,10,262.58
5d651f0d62fdae3371fe2c7c591bf11e,Localization Stability,TF,Jump Angular,0,263.6
5d651f0d62fdae3371fe2c7c591bf11e,Localization Stability,TF,Jump Linear,0,263.6
5d651f0d62fdae3371fe2c7c591bf11e,Input Validity,Lidar,Lidar Rate,10,262.68
5d651f0d62fdae3371fe2c7c591bf11e,Input Validity,Odometry,Odometry Rate,50,262.68
5d651f0d62fdae3371fe2c7c591bf11e,Input Validity,TF,TF Rate,10,262.68
5d651f0d62fdae3371fe2c7c591bf11e,Localization Stability,TF,Jump Angular,0,263.7
5d651f0d62fdae3371fe2c7c591bf11e,Localization Stability,TF,Jump Linear,0,263.7
5d651f0d62fdae3371fe2c7c591bf11e,Input Validity,Lidar,Lidar Rate,10,262.78
5d651f0d62fdae3371fe2c7c591bf11e,Input Validity,Odometry,Odometry Rate,50,262.78
5d651f0d62fdae3371fe2c7c591bf11e,Input Validity,TF,TF Rate,10,262.78
5d651f0d62fdae3371fe2c7c591bf11e,Localization Quality,AMCLPose,CovYawYaw,0.0188584,262.8
5d651f0d62fdae3371fe2c7c591bf11e,Localization Quality,AMCLPose,CovYY,0.0196553,262.8
5d651f0d62fdae3371fe2c7c591bf11e,Localization Quality,AMCLPose,CovXX,0.0474461,262.8
5d651f0d62fdae3371fe2c7c591bf11e,Localization Quality,AMCLPose,MeanYaw,2.27298,262.8
5d651f0d62fdae3371fe2c7c591bf11e,Localization Quality,AMCLPose,MeanY,-0.10234,262.8
5d651f0d62fdae3371fe2c7c591bf11e,Localization Quality,AMCLPose,MeanX,2.79491,262.8
5d651f0d62fdae3371fe2c7c591bf11e,Localization Stability,TF,Jump Angular,0.00212916,263.8
5d651f0d62fdae3371fe2c7c591bf11e,Localization Stability,TF,Jump Linear,0.0459754,263.8
5d651f0d62fdae3371fe2c7c591bf11e,Input Validity,Lidar,Lidar Rate,10,262.88
5d651f0d62fdae3371fe2c7c591bf11e,Input Validity,Odometry,Odometry Rate,50,262.88
5d651f0d62fdae3371fe2c7c591bf11e,Input Validity,TF,TF Rate,10,262.88
5d651f0d62fdae3371fe2c7c591bf11e,Localization Stability,TF,Jump Angular,0,263.9
5d651f0d62fdae3371fe2c7c591bf11e,Localization Stability,TF,Jump Linear,0,263.9
5d651f0d62fdae3371fe2c7c591bf11e,Input Validity,Lidar,Lidar Rate,10,262.98
5d651f0d62fdae3371fe2c7c591bf11e,Input Validity,Odometry,Odometry Rate,50,262.98
5d651f0d62fdae3371fe2c7c591bf11e,Input Validity,TF,TF Rate,10,262.98
5d651f0d62fdae3371fe2c7c591bf11e,Localization Stability,TF,Jump Angular,0,264
5d651f0d62fdae3371fe2c7c591bf11e,Localization Stability,TF,Jump Linear,0,264
5d651f0d62fdae3371fe2c7c591bf11e,Input Validity,Lidar,Lidar Rate,10,263.08
5d651f0d62fdae3371fe2c7c591bf11e,Input Validity,Odometry,Odometry Rate,50,263.08
5d651f0d62fdae3371fe2c7c591bf11e,Input Validity,TF,TF Rate,10,263.08
5d651f0d62fdae3371fe2c7c591bf11e,Input Validity,Lidar,Lidar Rate,10,263.18
5d651f0d62fdae3371fe2c7c591bf11e,Input Validity,Odometry,Odometry Rate,50,263.18
5d651f0d62fdae3371fe2c7c591bf11e,Input Validity,TF,TF Rate,10,263.18
5d651f0d62fdae3371fe2c7c591bf11e,Localization Quality,AMCLPose,CovYawYaw,0.022331,263.1
5d651f0d62fdae3371fe2c7c591bf11e,Localization Quality,AMCLPose,CovYY,0.022766,263.1
5d651f0d62fdae3371fe2c7c591bf11e,Localization Quality,AMCLPose,CovXX,0.0520591,263.1
5d651f0d62fdae3371fe2c7c591bf11e,Localization Quality,AMCLPose,MeanYaw,2.31106,263.1
5d651f0d62fdae3371fe2c7c591bf11e,Localization Quality,AMCLPose,MeanY,-0.000199229,263.1
5d651f0d62fdae3371fe2c7c591bf11e,Localization Quality,AMCLPose,MeanX,2.70326,263.1
5d651f0d62fdae3371fe2c7c591bf11e,Localization Stability,TF,Jump Angular,0.000271443,264.1
5d651f0d62fdae3371fe2c7c591bf11e,Localization Stability,TF,Jump Linear,0.00442576,264.1
5d651f0d62fdae3371fe2c7c591bf11e,Localization Stability,TF,Jump Angular,0,264.2
5d651f0d62fdae3371fe2c7c591bf11e,Localization Stability,TF,Jump Linear,0,264.2
5d651f0d62fdae3371fe2c7c591bf11e,Input Validity,Lidar,Lidar Rate,10,263.28
5d651f0d62fdae3371fe2c7c591bf11e,Input Validity,Odometry,Odometry Rate,50,263.28
5d651f0d62fdae3371fe2c7c591bf11e,Input Validity,TF,TF Rate,10,263.28
5d651f0d62fdae3371fe2c7c591bf11e,Localization Stability,TF,Jump Angular,0,264.3
5d651f0d62fdae3371fe2c7c591bf11e,Localization Stability,TF,Jump Linear,0,264.3
5d651f0d62fdae3371fe2c7c591bf11e,Input Validity,Lidar,Lidar Rate,10,263.38
5d651f0d62fdae3371fe2c7c591bf11e,Input Validity,Odometry,Odometry Rate,50,263.38
5d651f0d62fdae3371fe2c7c591bf11e,Input Validity,TF,TF Rate,10,263.38
5d651f0d62fdae3371fe2c7c591bf11e,Localization Quality,AMCLPose,CovYawYaw,0.0241592,263.4
5d651f0d62fdae3371fe2c7c591bf11e,Localization Quality,AMCLPose,CovYY,0.0246288,263.4
5d651f0d62fdae3371fe2c7c591bf11e,Localization Quality,AMCLPose,CovXX,0.0591641,263.4
5d651f0d62fdae3371fe2c7c591bf11e,Localization Quality,AMCLPose,MeanYaw,2.35069,263.4
5d651f0d62fdae3371fe2c7c591bf11e,Localization Quality,AMCLPose,MeanY,0.093664,263.4
5d651f0d62fdae3371fe2c7c591bf11e,Localization Quality,AMCLPose,MeanX,2.60382,263.4
5d651f0d62fdae3371fe2c7c591bf11e,Localization Stability,TF,Jump Angular,0.00777612,264.4
5d651f0d62fdae3371fe2c7c591bf11e,Localization Stability,TF,Jump Linear,0.161666,264.4
5d651f0d62fdae3371fe2c7c591bf11e,Input Validity,Lidar,Lidar Rate,10,263.48
5d651f0d62fdae3371fe2c7c591bf11e,Input Validity,Odometry,Odometry Rate,50,263.48
5d651f0d62fdae3371fe2c7c591bf11e,Input Validity,TF,TF Rate,10,263.48
5d651f0d62fdae3371fe2c7c591bf11e,Input Validity,Lidar,Lidar Rate,10,263.58
5d651f0d62fdae3371fe2c7c591bf11e,Input Validity,Odometry,Odometry Rate,50,263.58
5d651f0d62fdae3371fe2c7c591bf11e,Input Validity,TF,TF Rate,10,263.58
5d651f0d62fdae3371fe2c7c591bf11e,Localization Stability,TF,Jump Angular,0,264.5
5d651f0d62fdae3371fe2c7c591bf11e,Localization Stability,TF,Jump Linear,0,264.5
5d651f0d62fdae3371fe2c7c591bf11e,Localization Stability,TF,Jump Angular,0,264.6
5d651f0d62fdae3371fe2c7c591bf11e,Localization Stability,TF,Jump Linear,0,264.6
5d651f0d62fdae3371fe2c7c591bf11e,Input Validity,Lidar,Lidar Rate,10,263.68
5d651f0d62fdae3371fe2c7c591bf11e,Input Validity,Odometry,Odometry Rate,50,263.68
5d651f0d62fdae3371fe2c7c591bf11e,Input Validity,TF,TF Rate,10,263.68
5d651f0d62fdae3371fe2c7c591bf11e,Localization Quality,AMCLPose,CovYawYaw,0.0248743,263.7
5d651f0d62fdae3371fe2c7c591bf11e,Localization Quality,AMCLPose,CovYY,0.0263428,263.7
5d651f0d62fdae3371fe2c7c591bf11e,Localization Quality,AMCLPose,CovXX,0.0624235,263.7
5d651f0d62fdae3371fe2c7c591bf11e,Localization Quality,AMCLPose,MeanYaw,2.35929,263.7
5d651f0d62fdae3371fe2c7c591bf11e,Localization Quality,AMCLPose,MeanY,0.186279,263.7
5d651f0d62fdae3371fe2c7c591bf11e,Localization Quality,AMCLPose,MeanX,2.50876,263.7
5d651f0d62fdae3371fe2c7c591bf11e,Localization Stability,TF,Jump Angular,-0.000435052,264.7
5d651f0d62fdae3371fe2c7c591bf11e,Localization Stability,TF,Jump Linear,0.0108686,264.7
5d651f0d62fdae3371fe2c7c591bf11e,Input Validity,Lidar,Lidar Rate,10,263.77
5d651f0d62fdae3371fe2c7c591bf11e,Input Validity,Odometry,Odometry Rate,50,263.77
5d651f0d62fdae3371fe2c7c591bf11e,Input Validity,TF,TF Rate,10,263.77
5d651f0d62fdae3371fe2c7c591bf11e,Localization Stability,TF,Jump Angular,0,264.8
5d651f0d62fdae3371fe2c7c591bf11e,Localization Stability,TF,Jump Linear,0,264.8
5d651f0d62fdae3371fe2c7c591bf11e,Input Validity,Lidar,Lidar Rate,10,263.87
5d651f0d62fdae3371fe2c7c591bf11e,Input Validity,Odometry,Odometry Rate,50,263.87
5d651f0d62fdae3371fe2c7c591bf11e,Input Validity,TF,TF Rate,10,263.87
5d651f0d62fdae3371fe2c7c591bf11e,Localization Stability,TF,Jump Angular,0,264.9
5d651f0d62fdae3371fe2c7c591bf11e,Localization Stability,TF,Jump Linear,0,264.9
5d651f0d62fdae3371fe2c7c591bf11e,Input Validity,Lidar,Lidar Rate,10,263.97
5d651f0d62fdae3371fe2c7c591bf11e,Input Validity,Odometry,Odometry Rate,50,263.97
5d651f0d62fdae3371fe2c7c591bf11e,Input Validity,TF,TF Rate,10,263.97
5d651f0d62fdae3371fe2c7c591bf11e,Localization Quality,AMCLPose,CovYawYaw,0.0268859,264
5d651f0d62fdae3371fe2c7c591bf11e,Localization Quality,AMCLPose,CovYY,0.0303507,264
5d651f0d62fdae3371fe2c7c591bf11e,Localization Quality,AMCLPose,CovXX,0.0637155,264
5d651f0d62fdae3371fe2c7c591bf11e,Localization Quality,AMCLPose,MeanYaw,2.36037,264
5d651f0d62fdae3371fe2c7c591bf11e,Localization Quality,AMCLPose,MeanY,0.280823,264
5d651f0d62fdae3371fe2c7c591bf11e,Localization Quality,AMCLPose,MeanX,2.42022,264
5d651f0d62fdae3371fe2c7c591bf11e,Localization Stability,TF,Jump Angular,-0.00405243,265
5d651f0d62fdae3371fe2c7c591bf11e,Localization Stability,TF,Jump Linear,0.0830551,265
5d651f0d62fdae3371fe2c7c591bf11e,Input Validity,Lidar,Lidar Rate,10,264.07
5d651f0d62fdae3371fe2c7c591bf11e,Input Validity,Odometry,Odometry Rate,50,264.07
5d651f0d62fdae3371fe2c7c591bf11e,Input Validity,TF,TF Rate,10,264.07
5d651f0d62fdae3371fe2c7c591bf11e,Localization Stability,TF,Jump Angular,0,265.1
5d651f0d62fdae3371fe2c7c591bf11e,Localization Stability,TF,Jump Linear,0,265.1
5d651f0d62fdae3371fe2c7c591bf11e,Input Validity,Lidar,Lidar Rate,10,264.17
5d651f0d62fdae3371fe2c7c591bf11e,Input Validity,Odometry,Odometry Rate,50,264.17
5d651f0d62fdae3371fe2c7c591bf11e,Input Validity,TF,TF Rate,10,264.17
5d651f0d62fdae3371fe2c7c591bf11e,Localization Stability,TF,Jump Angular,0,265.2
5d651f0d62fdae3371fe2c7c591bf11e,Localization Stability,TF,Jump Linear,0,265.2
5d651f0d62fdae3371fe2c7c591bf11e,Input Validity,Lidar,Lidar Rate,10,264.27
5d651f0d62fdae3371fe2c7c591bf11e,Input Validity,Odometry,Odometry Rate,50,264.27
5d651f0d62fdae3371fe2c7c591bf11e,Input Validity,TF,TF Rate,10,264.27
5d651f0d62fdae3371fe2c7c591bf11e,Input Validity,Lidar,Lidar Rate,10,264.37
5d651f0d62fdae3371fe2c7c591bf11e,Input Validity,Odometry,Odometry Rate,50,264.37
5d651f0d62fdae3371fe2c7c591bf11e,Input Validity,TF,TF Rate,10,264.37
5d651f0d62fdae3371fe2c7c591bf11e,Localization Quality,AMCLPose,CovYawYaw,0.0273915,264.3
5d651f0d62fdae3371fe2c7c591bf11e,Localization Quality,AMCLPose,CovYY,0.0332375,264.3
5d651f0d62fdae3371fe2c7c591bf11e,Localization Quality,AMCLPose,CovXX,0.0679422,264.3
5d651f0d62fdae3371fe2c7c591bf11e,Localization Quality,AMCLPose,MeanYaw,2.35486,264.3
5d651f0d62fdae3371fe2c7c591bf11e,Localization Quality,AMCLPose,MeanY,0.38573,264.3
5d651f0d62fdae3371fe2c7c591bf11e,Localization Quality,AMCLPose,MeanX,2.33666,264.3
5d651f0d62fdae3371fe2c7c591bf11e,Localization Stability,TF,Jump Angular,-0.00919548,265.3
5d651f0d62fdae3371fe2c7c591bf11e,Localization Stability,TF,Jump Linear,0.188498,265.3
5d651f0d62fdae3371fe2c7c591bf11e,Input Validity,Lidar,Lidar Rate,10,264.47
5d651f0d62fdae3371fe2c7c591bf11e,Input Validity,Odometry,Odometry Rate,50,264.47
5d651f0d62fdae3371fe2c7c591bf11e,Input Validity,TF,TF Rate,10,264.47
5d651f0d62fdae3371fe2c7c591bf11e,Localization Stability,TF,Jump Angular,0,265.4
5d651f0d62fdae3371fe2c7c591bf11e,Localization Stability,TF,Jump Linear,0,265.4
5d651f0d62fdae3371fe2c7c591bf11e,Localization Stability,TF,Jump Angular,0,265.5
5d651f0d62fdae3371fe2c7c591bf11e,Localization Stability,TF,Jump Linear,0,265.5
5d651f0d62fdae3371fe2c7c591bf11e,Input Validity,Lidar,Lidar Rate,10,264.57
5d651f0d62fdae3371fe2c7c591bf11e,Input Validity,Odometry,Odometry Rate,50,264.57
5d651f0d62fdae3371fe2c7c591bf11e,Input Validity,TF,TF Rate,10,264.57
5d651f0d62fdae3371fe2c7c591bf11e,Input Validity,Lidar,Lidar Rate,10,264.67
5d651f0d62fdae3371fe2c7c591bf11e,Input Validity,Odometry,Odometry Rate,50,264.67
5d651f0d62fdae3371fe2c7c591bf11e,Input Validity,TF,TF Rate,10,264.67
5d651f0d62fdae3371fe2c7c591bf11e,Localization Quality,AMCLPose,CovYawYaw,0.0297076,264.6
5d651f0d62fdae3371fe2c7c591bf11e,Localization Quality,AMCLPose,CovYY,0.0360929,264.6
5d651f0d62fdae3371fe2c7c591bf11e,Localization Quality,AMCLPose,CovXX,0.0715331,264.6
5d651f0d62fdae3371fe2c7c591bf11e,Localization Quality,AMCLPose,MeanYaw,2.39551,264.6
5d651f0d62fdae3371fe2c7c591bf11e,Localization Quality,AMCLPose,MeanY,0.474252,264.6
5d651f0d62fdae3371fe2c7c591bf11e,Localization Quality,AMCLPose,MeanX,2.2374,264.6
5d651f0d62fdae3371fe2c7c591bf11e,Localization Stability,TF,Jump Angular,0.00297043,265.6
5d651f0d62fdae3371fe2c7c591bf11e,Localization Stability,TF,Jump Linear,0.0614134,265.6
5d651f0d62fdae3371fe2c7c591bf11e,Input Validity,Lidar,Lidar Rate,10,264.77
5d651f0d62fdae3371fe2c7c591bf11e,Input Validity,Odometry,Odometry Rate,50,264.77
5d651f0d62fdae3371fe2c7c591bf11e,Input Validity,TF,TF Rate,10,264.77
5d651f0d62fdae3371fe2c7c591bf11e,Localization Stability,TF,Jump Angular,0,265.7
5d651f0d62fdae3371fe2c7c591bf11e,Localization Stability,TF,Jump Linear,0,265.7
5d651f0d62fdae3371fe2c7c591bf11e,Localization Stability,TF,Jump Angular,0,265.8
5d651f0d62fdae3371fe2c7c591bf11e,Localization Stability,TF,Jump Linear,0,265.8
5d651f0d62fdae3371fe2c7c591bf11e,Input Validity,Lidar,Lidar Rate,10,264.87
5d651f0d62fdae3371fe2c7c591bf11e,Input Validity,Odometry,Odometry Rate,50,264.87
5d651f0d62fdae3371fe2c7c591bf11e,Input Validity,TF,TF Rate,10,264.87
5d651f0d62fdae3371fe2c7c591bf11e,Localization Quality,AMCLPose,CovYawYaw,0.0318155,264.9
5d651f0d62fdae3371fe2c7c591bf11e,Localization Quality,AMCLPose,CovYY,0.0412224,264.9
5d651f0d62fdae3371fe2c7c591bf11e,Localization Quality,AMCLPose,CovXX,0.078592,264.9
5d651f0d62fdae3371fe2c7c591bf11e,Localization Quality,AMCLPose,MeanYaw,2.4373,264.9
5d651f0d62fdae3371fe2c7c591bf11e,Localization Quality,AMCLPose,MeanY,0.566426,264.9
5d651f0d62fdae3371fe2c7c591bf11e,Localization Quality,AMCLPose,MeanX,2.14365,264.9
5d651f0d62fdae3371fe2c7c591bf11e,Localization Stability,TF,Jump Angular,-0.00204781,265.9
5d651f0d62fdae3371fe2c7c591bf11e,Localization Stability,TF,Jump Linear,0.038025,265.9
5d651f0d62fdae3371fe2c7c591bf11e,Input Validity,Lidar,Lidar Rate,10,264.97
5d651f0d62fdae3371fe2c7c591bf11e,Input Validity,Odometry,Odometry Rate,50,264.97
5d651f0d62fdae3371fe2c7c591bf11e,Input Validity,TF,TF Rate,10,264.97
5d651f0d62fdae3371fe2c7c591bf11e,Input Validity,Lidar,Lidar Rate,10,265.07
5d651f0d62fdae3371fe2c7c591bf11e,Input Validity,Odometry,Odometry Rate,50,265.07
5d651f0d62fdae3371fe2c7c591bf11e,Input Validity,TF,TF Rate,10,265.07
5d651f0d62fdae3371fe2c7c591bf11e,Localization Stability,TF,Jump Angular,0,266
5d651f0d62fdae3371fe2c7c591bf11e,Localization Stability,TF,Jump Linear,0,266
5d651f0d62fdae3371fe2c7c591bf11e,Localization Stability,TF,Jump Angular,0,266.1
5d651f0d62fdae3371fe2c7c591bf11e,Localization Stability,TF,Jump Linear,0,266.1
5d651f0d62fdae3371fe2c7c591bf11e,Input Validity,Lidar,Lidar Rate,10,265.17
5d651f0d62fdae3371fe2c7c591bf11e,Input Validity,Odometry,Odometry Rate,50,265.17
5d651f0d62fdae3371fe2c7c591bf11e,Input Validity,TF,TF Rate,10,265.17
5d651f0d62fdae3371fe2c7c591bf11e,Localization Stability,TF,Jump Angular,0,266.2
5d651f0d62fdae3371fe2c7c591bf11e,Localization Stability,TF,Jump Linear,0,266.2
5d651f0d62fdae3371fe2c7c591bf11e,Input Validity,Lidar,Lidar Rate,10,265.27
5d651f0d62fdae3371fe2c7c591bf11e,Input Validity,Odometry,Odometry Rate,50,265.27
5d651f0d62fdae3371fe2c7c591bf11e,Input Validity,TF,TF Rate,10,265.27
5d651f0d62fdae3371fe2c7c591bf11e,Input Validity,Lidar,Lidar Rate,10,265.36
5d651f0d62fdae3371fe2c7c591bf11e,Input Validity,Odometry,Odometry Rate,50,265.36
5d651f0d62fdae3371fe2c7c591bf11e,Input Validity,TF,TF Rate,10,265.36
5d651f0d62fdae3371fe2c7c591bf11e,Localization Quality,AMCLPose,CovYawYaw,0.0350279,265.3
5d651f0d62fdae3371fe2c7c591bf11e,Localization Quality,AMCLPose,CovYY,0.0500667,265.3
5d651f0d62fdae3371fe2c7c591bf11e,Localization Quality,AMCLPose,CovXX,0.0914667,265.3
5d651f0d62fdae3371fe2c7c591bf11e,Localization Quality,AMCLPose,MeanYaw,2.48038,265.3
5d651f0d62fdae3371fe2c7c591bf11e,Localization Quality,AMCLPose,MeanY,0.678086,265.3
5d651f0d62fdae3371fe2c7c591bf11e,Localization Quality,AMCLPose,MeanX,2.00529,265.3
5d651f0d62fdae3371fe2c7c591bf11e,Localization Stability,TF,Jump Angular,0.00187782,266.3
5d651f0d62fdae3371fe2c7c591bf11e,Localization Stability,TF,Jump Linear,0.0428515,266.3
5d651f0d62fdae3371fe2c7c591bf11e,Localization Stability,TF,Jump Angular,0,266.4
5d651f0d62fdae3371fe2c7c591bf11e,Localization Stability,TF,Jump Linear,0,266.4
5d651f0d62fdae3371fe2c7c591bf11e,Input Validity,Lidar,Lidar Rate,10,265.46
5d651f0d62fdae3371fe2c7c591bf11e,Input Validity,Odometry,Odometry Rate,50,265.46
5d651f0d62fdae3371fe2c7c591bf11e,Input Validity,TF,TF Rate,10,265.46
5d651f0d62fdae3371fe2c7c591bf11e,Localization Stability,TF,Jump Angular,0,266.5
5d651f0d62fdae3371fe2c7c591bf11e,Localization Stability,TF,Jump Linear,0,266.5
5d651f0d62fdae3371fe2c7c591bf11e,Input Validity,Lidar,Lidar Rate,10,265.56
5d651f0d62fdae3371fe2c7c591bf11e,Input Validity,Odometry,Odometry Rate,50,265.56
5d651f0d62fdae3371fe2c7c591bf11e,Input Validity,TF,TF Rate,10,265.56
5d651f0d62fdae3371fe2c7c591bf11e,Input Validity,Lidar,Lidar Rate,10,265.66
5d651f0d62fdae3371fe2c7c591bf11e,Input Validity,Odometry,Odometry Rate,50,265.66
5d651f0d62fdae3371fe2c7c591bf11e,Input Validity,TF,TF Rate,10,265.66
5d651f0d62fdae3371fe2c7c591bf11e,Localization Stability,TF,Jump Angular,0,266.6
5d651f0d62fdae3371fe2c7c591bf11e,Localization Stability,TF,Jump Linear,0,266.6
5d651f0d62fdae3371fe2c7c591bf11e,Input Validity,Lidar,Lidar Rate,10,265.76
5d651f0d62fdae3371fe2c7c591bf11e,Input Validity,Odometry,Odometry Rate,50,265.76
5d651f0d62fdae3371fe2c7c591bf11e,Input Validity,TF,TF Rate,10,265.76
5d651f0d62fdae3371fe2c7c591bf11e,Localization Quality,AMCLPose,CovYawYaw,0.0392684,265.7
5d651f0d62fdae3371fe2c7c591bf11e,Localization Quality,AMCLPose,CovYY,0.0603912,265.7
5d651f0d62fdae3371fe2c7c591bf11e,Localization Quality,AMCLPose,CovXX,0.104522,265.7
5d651f0d62fdae3371fe2c7c591bf11e,Localization Quality,AMCLPose,MeanYaw,2.51105,265.7
5d651f0d62fdae3371fe2c7c591bf11e,Localization Quality,AMCLPose,MeanY,0.785816,265.7
5d651f0d62fdae3371fe2c7c591bf11e,Localization Quality,AMCLPose,MeanX,1.86911,265.7
5d651f0d62fdae3371fe2c7c591bf11e,Localization Stability,TF,Jump Angular,-0.0034432,266.7
5d651f0d62fdae3371fe2c7c591bf11e,Localization Stability,TF,Jump Linear,0.0716251,266.7
5d651f0d62fdae3371fe2c7c591bf11e,Localization Stability,TF,Jump Angular,0,266.8
5d651f0d62fdae3371fe2c7c591bf11e,Localization Stability,TF,Jump Linear,0,266.8
5d651f0d62fdae3371fe2c7c591bf11e,Input Validity,Lidar,Lidar Rate,10,265.86
5d651f0d62fdae3371fe2c7c591bf11e,Input Validity,Odometry,Odometry Rate,50,265.86
5d651f0d62fdae3371fe2c7c591bf11e,Input Validity,TF,TF Rate,10,265.86
5d651f0d62fdae3371fe2c7c591bf11e,Input Validity,Lidar,Lidar Rate,10,265.96
5d651f0d62fdae3371fe2c7c591bf11e,Input Validity,Odometry,Odometry Rate,50,265.96
5d651f0d62fdae3371fe2c7c591bf11e,Input Validity,TF,TF Rate,10,265.96
5d651f0d62fdae3371fe2c7c591bf11e,Localization Stability,TF,Jump Angular,0,266.9
5d651f0d62fdae3371fe2c7c591bf11e,Localization Stability,TF,Jump Linear,0,266.9
5d651f0d62fdae3371fe2c7c591bf11e,Localization Stability,TF,Jump Angular,0,267
5d651f0d62fdae3371fe2c7c591bf11e,Localization Stability,TF,Jump Linear,0,267
5d651f0d62fdae3371fe2c7c591bf11e,Input Validity,Lidar,Lidar Rate,10,266.06
5d651f0d62fdae3371fe2c7c591bf11e,Input Validity,Odometry,Odometry Rate,50,266.06
5d651f0d62fdae3371fe2c7c591bf11e,Input Validity,TF,TF Rate,10,266.06
5d651f0d62fdae3371fe2c7c591bf11e,Input Validity,Lidar,Lidar Rate,10,266.16
5d651f0d62fdae3371fe2c7c591bf11e,Input Validity,Odometry,Odometry Rate,50,266.16
5d651f0d62fdae3371fe2c7c591bf11e,Input Validity,TF,TF Rate,10,266.16
5d651f0d62fdae3371fe2c7c591bf11e,Localization Quality,AMCLPose,CovYawYaw,0.0363386,266.1
5d651f0d62fdae3371fe2c7c591bf11e,Localization Quality,AMCLPose,CovYY,0.0694815,266.1
5d651f0d62fdae3371fe2c7c591bf11e,Localization Quality,AMCLPose,CovXX,0.102656,266.1
5d651f0d62fdae3371fe2c7c591bf11e,Localization Quality,AMCLPose,MeanYaw,2.52888,266.1
5d651f0d62fdae3371fe2c7c591bf11e,Localization Quality,AMCLPose,MeanY,0.90446,266.1
5d651f0d62fdae3371fe2c7c591bf11e,Localization Quality,AMCLPose,MeanX,1.75396,266.1
5d651f0d62fdae3371fe2c7c591bf11e,Localization Stability,TF,Jump Angular,-0.0151079,267.1
5d651f0d62fdae3371fe2c7c591bf11e,Localization Stability,TF,Jump Linear,0.311474,267.1
5d651f0d62fdae3371fe2c7c591bf11e,Localization Stability,TF,Jump Angular,0,267.2
5d651f0d62fdae3371fe2c7c591bf11e,Localization Stability,TF,Jump Linear,0,267.2
5d651f0d62fdae3371fe2c7c591bf11e,Input Validity,Lidar,Lidar Rate,10,266.26
5d651f0d62fdae3371fe2c7c591bf11e,Input Validity,Odometry,Odometry Rate,50,266.26
5d651f0d62fdae3371fe2c7c591bf11e,Input Validity,TF,TF Rate,10,266.26
5d651f0d62fdae3371fe2c7c591bf11e,Input Validity,Lidar,Lidar Rate,10,266.36
5d651f0d62fdae3371fe2c7c591bf11e,Input Validity,Odometry,Odometry Rate,50,266.36
5d651f0d62fdae3371fe2c7c591bf11e,Input Validity,TF,TF Rate,10,266.36
5d651f0d62fdae3371fe2c7c591bf11e,Localization Stability,TF,Jump Angular,0,267.3
5d651f0d62fdae3371fe2c7c591bf11e,Localization Stability,TF,Jump Linear,0,267.3
5d651f0d62fdae3371fe2c7c591bf11e,Input Validity,Lidar,Lidar Rate,10,266.46
5d651f0d62fdae3371fe2c7c591bf11e,Input Validity,Odometry,Odometry Rate,50,266.46
5d651f0d62fdae3371fe2c7c591bf11e,Input Validity,TF,TF Rate,10,266.46
5d651f0d62fdae3371fe2c7c591bf11e,Localization Quality,AMCLPose,CovYawYaw,0.0347856,266.4
5d651f0d62fdae3371fe2c7c591bf11e,Localization Quality,AMCLPose,CovYY,0.0775466,266.4
5d651f0d62fdae3371fe2c7c591bf11e,Localization Quality,AMCLPose,CovXX,0.103132,266.4
5d651f0d62fdae3371fe2c7c591bf11e,Localization Quality,AMCLPose,MeanYaw,2.54849,266.4
5d651f0d62fdae3371fe2c7c591bf11e,Localization Quality,AMCLPose,MeanY,0.99896,266.4
5d651f0d62fdae3371fe2c7c591bf11e,Localization Quality,AMCLPose,MeanX,1.67075,266.4
5d651f0d62fdae3371fe2c7c591bf11e,Localization Stability,TF,Jump Angular,-0.00680478,267.4
5d651f0d62fdae3371fe2c7c591bf11e,Localization Stability,TF,Jump Linear,0.123478,267.4
5d651f0d62fdae3371fe2c7c591bf11e,Localization Stability,TF,Jump Angular,0,267.5
5d651f0d62fdae3371fe2c7c591bf11e,Localization Stability,TF,Jump Linear,0,267.5
5d651f0d62fdae3371fe2c7c591bf11e,Input Validity,Lidar,Lidar Rate,10,266.56
5d651f0d62fdae3371fe2c7c591bf11e,Input Validity,Odometry,Odometry Rate,50,266.56
5d651f0d62fdae3371fe2c7c591bf11e,Input Validity,TF,TF Rate,10,266.56
5d651f0d62fdae3371fe2c7c591bf11e,Localization Stability,TF,Jump Angular,0,267.6
5d651f0d62fdae3371fe2c7c591bf11e,Localization Stability,TF,Jump Linear,0,267.6
5d651f0d62fdae3371fe2c7c591bf11e,Input Validity,Lidar,Lidar Rate,10,266.66
5d651f0d62fdae3371fe2c7c591bf11e,Input Validity,Odometry,Odometry Rate,50,266.66
5d651f0d62fdae3371fe2c7c591bf11e,Input Validity,TF,TF Rate,10,266.66
5d651f0d62fdae3371fe2c7c591bf11e,Input Validity,Lidar,Lidar Rate,10,266.76
5d651f0d62fdae3371fe2c7c591bf11e,Input Validity,Odometry,Odometry Rate,50,266.76
5d651f0d62fdae3371fe2c7c591bf11e,Input Validity,TF,TF Rate,10,266.76
5d651f0d62fdae3371fe2c7c591bf11e,Localization Quality,AMCLPose,CovYawYaw,0.0331599,266.7
5d651f0d62fdae3371fe2c7c591bf11e,Localization Quality,AMCLPose,CovYY,0.0887615,266.7
5d651f0d62fdae3371fe2c7c591bf11e,Localization Quality,AMCLPose,CovXX,0.107339,266.7
5d651f0d62fdae3371fe2c7c591bf11e,Localization Quality,AMCLPose,MeanYaw,2.56797,266.7
5d651f0d62fdae3371fe2c7c591bf11e,Localization Quality,AMCLPose,MeanY,1.08965,266.7
5d651f0d62fdae3371fe2c7c591bf11e,Localization Quality,AMCLPose,MeanX,1.58627,266.7
5d651f0d62fdae3371fe2c7c591bf11e,Localization Stability,TF,Jump Angular,-0.00718979,267.7
5d651f0d62fdae3371fe2c7c591bf11e,Localization Stability,TF,Jump Linear,0.13378,267.7
5d651f0d62fdae3371fe2c7c591bf11e,Input Validity,Lidar,Lidar Rate,10,266.86
5d651f0d62fdae3371fe2c7c591bf11e,Input Validity,Odometry,Odometry Rate,50,266.86
5d651f0d62fdae3371fe2c7c591bf11e,Input Validity,TF,TF Rate,10,266.86
5d651f0d62fdae3371fe2c7c591bf11e,Localization Stability,TF,Jump Angular,0,267.8
5d651f0d62fdae3371fe2c7c591bf11e,Localization Stability,TF,Jump Linear,0,267.8
5d651f0d62fdae3371fe2c7c591bf11e,Localization Stability,TF,Jump Angular,0,267.9
5d651f0d62fdae3371fe2c7c591bf11e,Localization Stability,TF,Jump Linear,0,267.9
5d651f0d62fdae3371fe2c7c591bf11e,Input Validity,Lidar,Lidar Rate,10,266.96
5d651f0d62fdae3371fe2c7c591bf11e,Input Validity,Odometry,Odometry Rate,50,266.96
5d651f0d62fdae3371fe2c7c591bf11e,Input Validity,TF,TF Rate,10,266.96
5d651f0d62fdae3371fe2c7c591bf11e,Input Validity,Lidar,Lidar Rate,10,267.05
5d651f0d62fdae3371fe2c7c591bf11e,Input Validity,Odometry,Odometry Rate,50,267.05
5d651f0d62fdae3371fe2c7c591bf11e,Input Validity,TF,TF Rate,10,267.05
5d651f0d62fdae3371fe2c7c591bf11e,Localization Stability,TF,Jump Angular,0,268
5d651f0d62fdae3371fe2c7c591bf11e,Localization Stability,TF,Jump Linear,0,268
5d651f0d62fdae3371fe2c7c591bf11e,Input Validity,Lidar,Lidar Rate,10,267.15
5d651f0d62fdae3371fe2c7c591bf11e,Input Validity,Odometry,Odometry Rate,50,267.15
5d651f0d62fdae3371fe2c7c591bf11e,Input Validity,TF,TF Rate,10,267.15
5d651f0d62fdae3371fe2c7c591bf11e,Localization Quality,AMCLPose,CovYawYaw,0.0322274,267.1
5d651f0d62fdae3371fe2c7c591bf11e,Localization Quality,AMCLPose,CovYY,0.100549,267.1
5d651f0d62fdae3371fe2c7c591bf11e,Localization Quality,AMCLPose,CovXX,0.11838,267.1
5d651f0d62fdae3371fe2c7c591bf11e,Localization Quality,AMCLPose,MeanYaw,2.58753,267.1
5d651f0d62fdae3371fe2c7c591bf11e,Localization Quality,AMCLPose,MeanY,1.19792,267.1
5d651f0d62fdae3371fe2c7c591bf11e,Localization Quality,AMCLPose,MeanX,1.49871,267.1
5d651f0d62fdae3371fe2c7c591bf11e,Localization Stability,TF,Jump Angular,-0.0129737,268.1
5d651f0d62fdae3371fe2c7c591bf11e,Localization Stability,TF,Jump Linear,0.251393,268.1
5d651f0d62fdae3371fe2c7c591bf11e,Localization Stability,TF,Jump Angular,0,268.2
5d651f0d62fdae3371fe2c7c591bf11e,Localization Stability,TF,Jump Linear,0,268.2
5d651f0d62fdae3371fe2c7c591bf11e,Input Validity,Lidar,Lidar Rate,10,267.25
5d651f0d62fdae3371fe2c7c591bf11e,Input Validity,Odometry,Odometry Rate,50,267.25
5d651f0d62fdae3371fe2c7c591bf11e,Input Validity,TF,TF Rate,10,267.25
5d651f0d62fdae3371fe2c7c591bf11e,Input Validity,Lidar,Lidar Rate,10,267.35
5d651f0d62fdae3371fe2c7c591bf11e,Input Validity,Odometry,Odometry Rate,50,267.35
5d651f0d62fdae3371fe2c7c591bf11e,Input Validity,TF,TF Rate,10,267.35
5d651f0d62fdae3371fe2c7c591bf11e,Localization Stability,TF,Jump Angular,0,268.3
5d651f0d62fdae3371fe2c7c591bf11e,Localization Stability,TF,Jump Linear,0,268.3
5d651f0d62fdae3371fe2c7c591bf11e,Input Validity,Lidar,Lidar Rate,10,267.45
5d651f0d62fdae3371fe2c7c591bf11e,Input Validity,Odometry,Odometry Rate,50,267.45
5d651f0d62fdae3371fe2c7c591bf11e,Input Validity,TF,TF Rate,10,267.45
5d651f0d62fdae3371fe2c7c591bf11e,Localization Stability,TF,Jump Angular,0,268.4
5d651f0d62fdae3371fe2c7c591bf11e,Localization Stability,TF,Jump Linear,0,268.4
5d651f0d62fdae3371fe2c7c591bf11e,Input Validity,Lidar,Lidar Rate,10,267.55
5d651f0d62fdae3371fe2c7c591bf11e,Input Validity,Odometry,Odometry Rate,50,267.55
5d651f0d62fdae3371fe2c7c591bf11e,Input Validity,TF,TF Rate,10,267.55
5d651f0d62fdae3371fe2c7c591bf11e,Localization Quality,AMCLPose,CovYawYaw,0.0313302,267.5
5d651f0d62fdae3371fe2c7c591bf11e,Localization Quality,AMCLPose,CovYY,0.112867,267.5
5d651f0d62fdae3371fe2c7c591bf11e,Localization Quality,AMCLPose,CovXX,0.137319,267.5
5d651f0d62fdae3371fe2c7c591bf11e,Localization Quality,AMCLPose,MeanYaw,2.63382,267.5
5d651f0d62fdae3371fe2c7c591bf11e,Localization Quality,AMCLPose,MeanY,1.2968,267.5
5d651f0d62fdae3371fe2c7c591bf11e,Localization Quality,AMCLPose,MeanX,1.44086,267.5
5d651f0d62fdae3371fe2c7c591bf11e,Localization Stability,TF,Jump Angular,-0.0131608,268.5
5d651f0d62fdae3371fe2c7c591bf11e,Localization Stability,TF,Jump Linear,0.245331,268.5
5d651f0d62fdae3371fe2c7c591bf11e,Localization Stability,TF,Jump Angular,0,268.6
5d651f0d62fdae3371fe2c7c591bf11e,Localization Stability,TF,Jump Linear,0,268.6
5d651f0d62fdae3371fe2c7c591bf11e,Input Validity,Lidar,Lidar Rate,10,267.65
5d651f0d62fdae3371fe2c7c591bf11e,Input Validity,Odometry,Odometry Rate,50,267.65
5d651f0d62fdae3371fe2c7c591bf11e,Input Validity,TF,TF Rate,10,267.65
5d651f0d62fdae3371fe2c7c591bf11e,Input Validity,Lidar,Lidar Rate,10,267.75
5d651f0d62fdae3371fe2c7c591bf11e,Input Validity,Odometry,Odometry Rate,50,267.75
5d651f0d62fdae3371fe2c7c591bf11e,Input Validity,TF,TF Rate,10,267.75
5d651f0d62fdae3371fe2c7c591bf11e,Localization Stability,TF,Jump Angular,0,268.7
5d651f0d62fdae3371fe2c7c591bf11e,Localization Stability,TF,Jump Linear,0,268.7
5d651f0d62fdae3371fe2c7c591bf11e,Input Validity,Lidar,Lidar Rate,10,267.85
5d651f0d62fdae3371fe2c7c591bf11e,Input Validity,Odometry,Odometry Rate,50,267.85
5d651f0d62fdae3371fe2c7c591bf11e,Input Validity,TF,TF Rate,10,267.85
5d651f0d62fdae3371fe2c7c591bf11e,Localization Quality,AMCLPose,CovYawYaw,0.0279075,267.8
5d651f0d62fdae3371fe2c7c591bf11e,Localization Quality,AMCLPose,CovYY,0.107635,267.8
5d651f0d62fdae3371fe2c7c591bf11e,Localization Quality,AMCLPose,CovXX,0.133014,267.8
5d651f0d62fdae3371fe2c7c591bf11e,Localization Quality,AMCLPose,MeanYaw,2.71645,267.8
5d651f0d62fdae3371fe2c7c591bf11e,Localization Quality,AMCLPose,MeanY,1.28586,267.8
5d651f0d62fdae3371fe2c7c591bf11e,Localization Quality,AMCLPose,MeanX,1.35121,267.8
5d651f0d62fdae3371fe2c7c591bf11e,Localization Stability,TF,Jump Angular,0.0243758,268.8
5d651f0d62fdae3371fe2c7c591bf11e,Localization Stability,TF,Jump Linear,0.537557,268.8
5d651f0d62fdae3371fe2c7c591bf11e,Localization Stability,TF,Jump Angular,0,268.9
5d651f0d62fdae3371fe2c7c591bf11e,Localization Stability,TF,Jump Linear,0,268.9
5d651f0d62fdae3371fe2c7c591bf11e,Input Validity,Lidar,Lidar Rate,10,267.95
5d651f0d62fdae3371fe2c7c591bf11e,Input Validity,Odometry,Odometry Rate,50,267.95
5d651f0d62fdae3371fe2c7c591bf11e,Input Validity,TF,TF Rate,10,267.95
5d651f0d62fdae3371fe2c7c591bf11e,Localization Stability,TF,Jump Angular,0,269
5d651f0d62fdae3371fe2c7c591bf11e,Localization Stability,TF,Jump Linear,0,269
5d651f0d62fdae3371fe2c7c591bf11e,Input Validity,Lidar,Lidar Rate,10,268.05
5d651f0d62fdae3371fe2c7c591bf11e,Input Validity,Odometry,Odometry Rate,50,268.05
5d651f0d62fdae3371fe2c7c591bf11e,Input Validity,TF,TF Rate,10,268.05
5d651f0d62fdae3371fe2c7c591bf11e,Input Validity,Lidar,Lidar Rate,10,268.15
5d651f0d62fdae3371fe2c7c591bf11e,Input Validity,Odometry,Odometry Rate,50,268.15
5d651f0d62fdae3371fe2c7c591bf11e,Input Validity,TF,TF Rate,10,268.15
5d651f0d62fdae3371fe2c7c591bf11e,Localization Quality,AMCLPose,CovYawYaw,0.0240641,268.1
5d651f0d62fdae3371fe2c7c591bf11e,Localization Quality,AMCLPose,CovYY,0.0933137,268.1
5d651f0d62fdae3371fe2c7c591bf11e,Localization Quality,AMCLPose,CovXX,0.120526,268.1
5d651f0d62fdae3371fe2c7c591bf11e,Localization Quality,AMCLPose,MeanYaw,2.80202,268.1
5d651f0d62fdae3371fe2c7c591bf11e,Localization Quality,AMCLPose,MeanY,1.26016,268.1
5d651f0d62fdae3371fe2c7c591bf11e,Localization Quality,AMCLPose,MeanX,1.27619,268.1
5d651f0d62fdae3371fe2c7c591bf11e,Localization Stability,TF,Jump Angular,0.0219864,269.1
5d651f0d62fdae3371fe2c7c591bf11e,Localization Stability,TF,Jump Linear,0.487728,269.1
5d651f0d62fdae3371fe2c7c591bf11e,Input Validity,Lidar,Lidar Rate,10,268.25
5d651f0d62fdae3371fe2c7c591bf11e,Input Validity,Odometry,Odometry Rate,50,268.25
5d651f0d62fdae3371fe2c7c591bf11e,Input Validity,TF,TF Rate,10,268.25
5d651f0d62fdae3371fe2c7c591bf11e,Localization Stability,TF,Jump Angular,0,269.2
5d651f0d62fdae3371fe2c7c591bf11e,Localization Stability,TF,Jump Linear,0,269.2
5d651f0d62fdae3371fe2c7c591bf11e,Input Validity,Lidar,Lidar Rate,10,268.35
5d651f0d62fdae3371fe2c7c591bf11e,Input Validity,Odometry,Odometry Rate,50,268.35
5d651f0d62fdae3371fe2c7c591bf11e,Input Validity,TF,TF Rate,10,268.35
5d651f0d62fdae3371fe2c7c591bf11e,Localization Quality,AMCLPose,CovYawYaw,0.0191118,268.3
5d651f0d62fdae3371fe2c7c591bf11e,Localization Quality,AMCLPose,CovYY,0.0708726,268.3
5d651f0d62fdae3371fe2c7c591bf11e,Localization Quality,AMCLPose,CovXX,0.111798,268.3
5d651f0d62fdae3371fe2c7c591bf11e,Localization Quality,AMCLPose,MeanYaw,2.86993,268.3
5d651f0d62fdae3371fe2c7c591bf11e,Localization Quality,AMCLPose,MeanY,1.23738,268.3
5d651f0d62fdae3371fe2c7c591bf11e,Localization Quality,AMCLPose,MeanX,1.24637,268.3
5d651f0d62fdae3371fe2c7c591bf11e,Localization Stability,TF,Jump Angular,0.0121314,269.3
5d651f0d62fdae3371fe2c7c591bf11e,Localization Stability,TF,Jump Linear,0.283271,269.3
5d651f0d62fdae3371fe2c7c591bf11e,Input Validity,Lidar,Lidar Rate,10,268.45
5d651f0d62fdae3371fe2c7c591bf11e,Input Validity,Odometry,Odometry Rate,50,268.45
5d651f0d62fdae3371fe2c7c591bf11e,Input Validity,TF,TF Rate,10,268.45
5d651f0d62fdae3371fe2c7c591bf11e,Localization Stability,TF,Jump Angular,0,269.4
5d651f0d62fdae3371fe2c7c591bf11e,Localization Stability,TF,Jump Linear,0,269.4
5d651f0d62fdae3371fe2c7c591bf11e,Input Validity,Lidar,Lidar Rate,10,268.55
5d651f0d62fdae3371fe2c7c591bf11e,Input Validity,Odometry,Odometry Rate,50,268.55
5d651f0d62fdae3371fe2c7c591bf11e,Input Validity,TF,TF Rate,10,268.55
5d651f0d62fdae3371fe2c7c591bf11e,Localization Quality,AMCLPose,CovYawYaw,0.0136849,268.5
5d651f0d62fdae3371fe2c7c591bf11e,Localization Quality,AMCLPose,CovYY,0.0491396,268.5
5d651f0d62fdae3371fe2c7c591bf11e,Localization Quality,AMCLPose,CovXX,0.106378,268.5
5d651f0d62fdae3371fe2c7c591bf11e,Localization Quality,AMCLPose,MeanYaw,2.93962,268.5
5d651f0d62fdae3371fe2c7c591bf11e,Localization Quality,AMCLPose,MeanY,1.21083,268.5
5d651f0d62fdae3371fe2c7c591bf11e,Localization Quality,AMCLPose,MeanX,1.22484,268.5
5d651f0d62fdae3371fe2c7c591bf11e,Localization Stability,TF,Jump Angular,0.016279,269.5
5d651f0d62fdae3371fe2c7c591bf11e,Localization Stability,TF,Jump Linear,0.384901,269.5
5d651f0d62fdae3371fe2c7c591bf11e,Input Validity,Lidar,Lidar Rate,10,268.65
5d651f0d62fdae3371fe2c7c591bf11e,Input Validity,Odometry,Odometry Rate,50,268.65
5d651f0d62fdae3371fe2c7c591bf11e,Input Validity,TF,TF Rate,10,268.65
5d651f0d62fdae3371fe2c7c591bf11e,Localization Stability,TF,Jump Angular,0,269.6
5d651f0d62fdae3371fe2c7c591bf11e,Localization Stability,TF,Jump Linear,0,269.6
5d651f0d62fdae3371fe2c7c591bf11e,Input Validity,Lidar,Lidar Rate,10,268.74
5d651f0d62fdae3371fe2c7c591bf11e,Input Validity,Odometry,Odometry Rate,50,268.74
5d651f0d62fdae3371fe2c7c591bf11e,Input Validity,TF,TF Rate,10,268.74
5d651f0d62fdae3371fe2c7c591bf11e,Localization Quality,AMCLPose,CovYawYaw,0.00824524,268.7
5d651f0d62fdae3371fe2c7c591bf11e,Localization Quality,AMCLPose,CovYY,0.0275469,268.7
5d651f0d62fdae3371fe2c7c591bf11e,Localization Quality,AMCLPose,CovXX,0.0971903,268.7
5d651f0d62fdae3371fe2c7c591bf11e,Localization Quality,AMCLPose,MeanYaw,3.01342,268.7
5d651f0d62fdae3371fe2c7c591bf11e,Localization Quality,AMCLPose,MeanY,1.19042,268.7
5d651f0d62fdae3371fe2c7c591bf11e,Localization Quality,AMCLPose,MeanX,1.2269,268.7
5d651f0d62fdae3371fe2c7c591bf11e,Localization Stability,TF,Jump Angular,0.0127919,269.7
5d651f0d62fdae3371fe2c7c591bf11e,Localization Stability,TF,Jump Linear,0.325692,269.7
5d651f0d62fdae3371fe2c7c591bf11e,Input Validity,Lidar,Lidar Rate,10,268.84
5d651f0d62fdae3371fe2c7c591bf11e,Input Validity,Odometry,Odometry Rate,50,268.84
5d651f0d62fdae3371fe2c7c591bf11e,Input Validity,TF,TF Rate,10,268.84
5d651f0d62fdae3371fe2c7c591bf11e,Localization Stability,TF,Jump Angular,0,269.8
5d651f0d62fdae3371fe2c7c591bf11e,Localization Stability,TF,Jump Linear,0,269.8
5d651f0d62fdae3371fe2c7c591bf11e,Input Validity,Lidar,Lidar Rate,10,268.94
5d651f0d62fdae3371fe2c7c591bf11e,Input Validity,Odometry,Odometry Rate,50,268.94
5d651f0d62fdae3371fe2c7c591bf11e,Input Validity,TF,TF Rate,10,268.94
5d651f0d62fdae3371fe2c7c591bf11e,Localization Stability,TF,Jump Angular,0,269.9
5d651f0d62fdae3371fe2c7c591bf11e,Localization Stability,TF,Jump Linear,0,269.9
5d651f0d62fdae3371fe2c7c591bf11e,Input Validity,Lidar,Lidar Rate,10,269.04
5d651f0d62fdae3371fe2c7c591bf11e,Input Validity,Odometry,Odometry Rate,50,269.04
5d651f0d62fdae3371fe2c7c591bf11e,Input Validity,TF,TF Rate,10,269.04
5d651f0d62fdae3371fe2c7c591bf11e,Localization Stability,TF,Jump Angular,0,270
5d651f0d62fdae3371fe2c7c591bf11e,Localization Stability,TF,Jump Linear,0,270
5d651f0d62fdae3371fe2c7c591bf11e,Input Validity,Lidar,Lidar Rate,10,269.14
5d651f0d62fdae3371fe2c7c591bf11e,Input Validity,Odometry,Odometry Rate,50,269.14
5d651f0d62fdae3371fe2c7c591bf11e,Input Validity,TF,TF Rate,10,269.14
5d651f0d62fdae3371fe2c7c591bf11e,Localization Quality,AMCLPose,CovYawYaw,0.00585471,269.1
5d651f0d62fdae3371fe2c7c591bf11e,Localization Quality,AMCLPose,CovYY,0.0187075,269.1
5d651f0d62fdae3371fe2c7c591bf11e,Localization Quality,AMCLPose,CovXX,0.0913453,269.1
5d651f0d62fdae3371fe2c7c591bf11e,Localization Quality,AMCLPose,MeanYaw,3.07266,269.1
5d651f0d62fdae3371fe2c7c591bf11e,Localization Quality,AMCLPose,MeanY,1.18246,269.1
5d651f0d62fdae3371fe2c7c591bf11e,Localization Quality,AMCLPose,MeanX,1.21141,269.1
5d651f0d62fdae3371fe2c7c591bf11e,Localization Stability,TF,Jump Angular,0.00506476,270.1
5d651f0d62fdae3371fe2c7c591bf11e,Localization Stability,TF,Jump Linear,0.163262,270.1
5d651f0d62fdae3371fe2c7c591bf11e,Input Validity,Lidar,Lidar Rate,10,269.24
5d651f0d62fdae3371fe2c7c591bf11e,Input Validity,Odometry,Odometry Rate,50,269.24
5d651f0d62fdae3371fe2c7c591bf11e,Input Validity,TF,TF Rate,10,269.24
5d651f0d62fdae3371fe2c7c591bf11e,Localization Stability,TF,Jump Angular,0,270.2
5d651f0d62fdae3371fe2c7c591bf11e,Localization Stability,TF,Jump Linear,0,270.2
5d651f0d62fdae3371fe2c7c591bf11e,Input Validity,Lidar,Lidar Rate,10,269.34
5d651f0d62fdae3371fe2c7c591bf11e,Input Validity,Odometry,Odometry Rate,50,269.34
5d651f0d62fdae3371fe2c7c591bf11e,Input Validity,TF,TF Rate,10,269.34
5d651f0d62fdae3371fe2c7c591bf11e,Localization Stability,TF,Jump Angular,0,270.3
5d651f0d62fdae3371fe2c7c591bf11e,Localization Stability,TF,Jump Linear,0,270.3
5d651f0d62fdae3371fe2c7c591bf11e,Input Validity,Lidar,Lidar Rate,10,269.44
5d651f0d62fdae3371fe2c7c591bf11e,Input Validity,Odometry,Odometry Rate,50,269.44
5d651f0d62fdae3371fe2c7c591bf11e,Input Validity,TF,TF Rate,10,269.44
5d651f0d62fdae3371fe2c7c591bf11e,Localization Quality,AMCLPose,CovYawYaw,0.00366449,269.4
5d651f0d62fdae3371fe2c7c591bf11e,Localization Quality,AMCLPose,CovYY,0.00912034,269.4
5d651f0d62fdae3371fe2c7c591bf11e,Localization Quality,AMCLPose,CovXX,0.0794407,269.4
5d651f0d62fdae3371fe2c7c591bf11e,Localization Quality,AMCLPose,MeanYaw,3.02128,269.4
5d651f0d62fdae3371fe2c7c591bf11e,Localization Quality,AMCLPose,MeanY,1.17679,269.4
5d651f0d62fdae3371fe2c7c591bf11e,Localization Quality,AMCLPose,MeanX,1.21618,269.4
5d651f0d62fdae3371fe2c7c591bf11e,Localization Stability,TF,Jump Angular,0.002859,270.4
5d651f0d62fdae3371fe2c7c591bf11e,Localization Stability,TF,Jump Linear,0.105729,270.4
5d651f0d62fdae3371fe2c7c591bf11e,Input Validity,Lidar,Lidar Rate,10,269.54
5d651f0d62fdae3371fe2c7c591bf11e,Input Validity,Odometry,Odometry Rate,50,269.54
5d651f0d62fdae3371fe2c7c591bf11e,Input Validity,TF,TF Rate,10,269.54
5d651f0d62fdae3371fe2c7c591bf11e,Localization Stability,TF,Jump Angular,0,270.5
5d651f0d62fdae3371fe2c7c591bf11e,Localization Stability,TF,Jump Linear,0,270.5
5d651f0d62fdae3371fe2c7c591bf11e,Input Validity,Lidar,Lidar Rate,10,269.64
5d651f0d62fdae3371fe2c7c591bf11e,Input Validity,Odometry,Odometry Rate,50,269.64
5d651f0d62fdae3371fe2c7c591bf11e,Input Validity,TF,TF Rate,10,269.64
5d651f0d62fdae3371fe2c7c591bf11e,Localization Stability,TF,Jump Angular,0,270.6
5d651f0d62fdae3371fe2c7c591bf11e,Localization Stability,TF,Jump Linear,0,270.6
5d651f0d62fdae3371fe2c7c591bf11e,Input Validity,Lidar,Lidar Rate,10,269.74
5d651f0d62fdae3371fe2c7c591bf11e,Input Validity,Odometry,Odometry Rate,50,269.74
5d651f0d62fdae3371fe2c7c591bf11e,Input Validity,TF,TF Rate,10,269.74
5d651f0d62fdae3371fe2c7c591bf11e,Input Validity,Lidar,Lidar Rate,10,269.84
5d651f0d62fdae3371fe2c7c591bf11e,Input Validity,Odometry,Odometry Rate,50,269.84
5d651f0d62fdae3371fe2c7c591bf11e,Input Validity,TF,TF Rate,10,269.84
5d651f0d62fdae3371fe2c7c591bf11e,Localization Quality,AMCLPose,CovYawYaw,0.00237595,269.7
5d651f0d62fdae3371fe2c7c591bf11e,Localization Quality,AMCLPose,CovYY,0.00454797,269.7
5d651f0d62fdae3371fe2c7c591bf11e,Localization Quality,AMCLPose,CovXX,0.0679277,269.7
5d651f0d62fdae3371fe2c7c591bf11e,Localization Quality,AMCLPose,MeanYaw,2.94576,269.7
5d651f0d62fdae3371fe2c7c591bf11e,Localization Quality,AMCLPose,MeanY,1.18098,269.7
5d651f0d62fdae3371fe2c7c591bf11e,Localization Quality,AMCLPose,MeanX,1.23228,269.7
5d651f0d62fdae3371fe2c7c591bf11e,Localization Stability,TF,Jump Angular,-0.000460032,270.7
5d651f0d62fdae3371fe2c7c591bf11e,Localization Stability,TF,Jump Linear,0.0380667,270.7
5d651f0d62fdae3371fe2c7c591bf11e,Localization Stability,TF,Jump Angular,0,270.8
5d651f0d62fdae3371fe2c7c591bf11e,Localization Stability,TF,Jump Linear,0,270.8
5d651f0d62fdae3371fe2c7c591bf11e,Input Validity,Lidar,Lidar Rate,10,269.94
5d651f0d62fdae3371fe2c7c591bf11e,Input Validity,Odometry,Odometry Rate,50,269.94
5d651f0d62fdae3371fe2c7c591bf11e,Input Validity,TF,TF Rate,10,269.94
5d651f0d62fdae3371fe2c7c591bf11e,Localization Quality,AMCLPose,CovYawYaw,0.00133905,269.9
5d651f0d62fdae3371fe2c7c591bf11e,Localization Quality,AMCLPose,CovYY,0.00177841,269.9
5d651f0d62fdae3371fe2c7c591bf11e,Localization Quality,AMCLPose,CovXX,0.0576125,269.9
5d651f0d62fdae3371fe2c7c591bf11e,Localization Quality,AMCLPose,MeanYaw,2.89348,269.9
5d651f0d62fdae3371fe2c7c591bf11e,Localization Quality,AMCLPose,MeanY,1.18346,269.9
5d651f0d62fdae3371fe2c7c591bf11e,Localization Quality,AMCLPose,MeanX,1.24663,269.9
5d651f0d62fdae3371fe2c7c591bf11e,Localization Stability,TF,Jump Angular,0.000582763,270.9
5d651f0d62fdae3371fe2c7c591bf11e,Localization Stability,TF,Jump Linear,0.0485546,270.9
5d651f0d62fdae3371fe2c7c591bf11e,Input Validity,Lidar,Lidar Rate,10,270.04
5d651f0d62fdae3371fe2c7c591bf11e,Input Validity,Odometry,Odometry Rate,50,270.04
5d651f0d62fdae3371fe2c7c591bf11e,Input Validity,TF,TF Rate,10,270.04
5d651f0d62fdae3371fe2c7c591bf11e,Localization Stability,TF,Jump Angular,0,271
5d651f0d62fdae3371fe2c7c591bf11e,Localization Stability,TF,Jump Linear,0,271
5d651f0d62fdae3371fe2c7c591bf11e,Input Validity,Lidar,Lidar Rate,10,270.14
5d651f0d62fdae3371fe2c7c591bf11e,Input Validity,Odometry,Odometry Rate,50,270.14
5d651f0d62fdae3371fe2c7c591bf11e,Input Validity,TF,TF Rate,10,270.14
5d651f0d62fdae3371fe2c7c591bf11e,Localization Stability,TF,Jump Angular,0,271.1
5d651f0d62fdae3371fe2c7c591bf11e,Localization Stability,TF,Jump Linear,0,271.1
5d651f0d62fdae3371fe2c7c591bf11e,Input Validity,Lidar,Lidar Rate,10,270.23
5d651f0d62fdae3371fe2c7c591bf11e,Input Validity,Odometry,Odometry Rate,50,270.23
5d651f0d62fdae3371fe2c7c591bf11e,Input Validity,TF,TF Rate,10,270.23
5d651f0d62fdae3371fe2c7c591bf11e,Localization Quality,AMCLPose,CovYawYaw,0.00118394,270.2
5d651f0d62fdae3371fe2c7c591bf11e,Localization Quality,AMCLPose,CovYY,0.000776462,270.2
5d651f0d62fdae3371fe2c7c591bf11e,Localization Quality,AMCLPose,CovXX,0.046773,270.2
5d651f0d62fdae3371fe2c7c591bf11e,Localization Quality,AMCLPose,MeanYaw,2.81816,270.2
5d651f0d62fdae3371fe2c7c591bf11e,Localization Quality,AMCLPose,MeanY,1.19262,270.2
5d651f0d62fdae3371fe2c7c591bf11e,Localization Quality,AMCLPose,MeanX,1.2483,270.2
5d651f0d62fdae3371fe2c7c591bf11e,Localization Stability,TF,Jump Angular,-0.000230026,271.2
5d651f0d62fdae3371fe2c7c591bf11e,Localization Stability,TF,Jump Linear,0.0328735,271.2
5d651f0d62fdae3371fe2c7c591bf11e,Input Validity,Lidar,Lidar Rate,10,270.33
5d651f0d62fdae3371fe2c7c591bf11e,Input Validity,Odometry,Odometry Rate,50,270.33
5d651f0d62fdae3371fe2c7c591bf11e,Input Validity,TF,TF Rate,10,270.33
5d651f0d62fdae3371fe2c7c591bf11e,Localization Stability,TF,Jump Angular,0,271.3
5d651f0d62fdae3371fe2c7c591bf11e,Localization Stability,TF,Jump Linear,0,271.3
5d651f0d62fdae3371fe2c7c591bf11e,Input Validity,Lidar,Lidar Rate,10,270.43
5d651f0d62fdae3371fe2c7c591bf11e,Input Validity,Odometry,Odometry Rate,50,270.43
5d651f0d62fdae3371fe2c7c591bf11e,Input Validity,TF,TF Rate,10,270.43
5d651f0d62fdae3371fe2c7c591bf11e,Localization Stability,TF,Jump Angular,0,271.4
5d651f0d62fdae3371fe2c7c591bf11e,Localization Stability,TF,Jump Linear,0,271.4
5d651f0d62fdae3371fe2c7c591bf11e,Input Validity,Lidar,Lidar Rate,10,270.53
5d651f0d62fdae3371fe2c7c591bf11e,Input Validity,Odometry,Odometry Rate,50,270.53
5d651f0d62fdae3371fe2c7c591bf11e,Input Validity,TF,TF Rate,10,270.53
5d651f0d62fdae3371fe2c7c591bf11e,Localization Quality,AMCLPose,CovYawYaw,0.000930734,270.5
5d651f0d62fdae3371fe2c7c591bf11e,Localization Quality,AMCLPose,CovYY,0.000523231,270.5
5d651f0d62fdae3371fe2c7c591bf11e,Localization Quality,AMCLPose,CovXX,0.0340692,270.5
5d651f0d62fdae3371fe2c7c591bf11e,Localization Quality,AMCLPose,MeanYaw,2.75499,270.5
5d651f0d62fdae3371fe2c7c591bf11e,Localization Quality,AMCLPose,MeanY,1.20722,270.5
5d651f0d62fdae3371fe2c7c591bf11e,Localization Quality,AMCLPose,MeanX,1.23743,270.5
5d651f0d62fdae3371fe2c7c591bf11e,Localization Stability,TF,Jump Angular,0.00534055,271.5
5d651f0d62fdae3371fe2c7c591bf11e,Localization Stability,TF,Jump Linear,0.156434,271.5
5d651f0d62fdae3371fe2c7c591bf11e,Input Validity,Lidar,Lidar Rate,10,270.63
5d651f0d62fdae3371fe2c7c591bf11e,Input Validity,Odometry,Odometry Rate,50,270.63
5d651f0d62fdae3371fe2c7c591bf11e,Input Validity,TF,TF Rate,10,270.63
5d651f0d62fdae3371fe2c7c591bf11e,Localization Stability,TF,Jump Angular,0,271.6
5d651f0d62fdae3371fe2c7c591bf11e,Localization Stability,TF,Jump Linear,0,271.6
5d651f0d62fdae3371fe2c7c591bf11e,Input Validity,Lidar,Lidar Rate,10,270.73
5d651f0d62fdae3371fe2c7c591bf11e,Input Validity,Odometry,Odometry Rate,50,270.73
5d651f0d62fdae3371fe2c7c591bf11e,Input Validity,TF,TF Rate,10,270.73
5d651f0d62fdae3371fe2c7c591bf11e,Localization Stability,TF,Jump Angular,0,271.7
5d651f0d62fdae3371fe2c7c591bf11e,Localization Stability,TF,Jump Linear,0,271.7
5d651f0d62fdae3371fe2c7c591bf11e,Input Validity,Lidar,Lidar Rate,10,270.83
5d651f0d62fdae3371fe2c7c591bf11e,Input Validity,Odometry,Odometry Rate,50,270.83
5d651f0d62fdae3371fe2c7c591bf11e,Input Validity,TF,TF Rate,10,270.83
5d651f0d62fdae3371fe2c7c591bf11e,Localization Stability,TF,Jump Angular,0,271.8
5d651f0d62fdae3371fe2c7c591bf11e,Localization Stability,TF,Jump Linear,0,271.8
5d651f0d62fdae3371fe2c7c591bf11e,Input Validity,Lidar,Lidar Rate,10,270.93
5d651f0d62fdae3371fe2c7c591bf11e,Input Validity,Odometry,Odometry Rate,50,270.93
5d651f0d62fdae3371fe2c7c591bf11e,Input Validity,TF,TF Rate,10,270.93
5d651f0d62fdae3371fe2c7c591bf11e,Localization Stability,TF,Jump Angular,0,271.9
5d651f0d62fdae3371fe2c7c591bf11e,Localization Stability,TF,Jump Linear,0,271.9
5d651f0d62fdae3371fe2c7c591bf11e,Input Validity,Lidar,Lidar Rate,10,271.03
5d651f0d62fdae3371fe2c7c591bf11e,Input Validity,Odometry,Odometry Rate,50,271.03
5d651f0d62fdae3371fe2c7c591bf11e,Input Validity,TF,TF Rate,10,271.03
5d651f0d62fdae3371fe2c7c591bf11e,Localization Quality,AMCLPose,CovYawYaw,0.00128747,271
5d651f0d62fdae3371fe2c7c591bf11e,Localization Quality,AMCLPose,CovYY,0.000591908,271
5d651f0d62fdae3371fe2c7c591bf11e,Localization Quality,AMCLPose,CovXX,0.0270109,271
5d651f0d62fdae3371fe2c7c591bf11e,Localization Quality,AMCLPose,MeanYaw,2.71076,271
5d651f0d62fdae3371fe2c7c591bf11e,Localization Quality,AMCLPose,MeanY,1.23868,271
5d651f0d62fdae3371fe2c7c591bf11e,Localization Quality,AMCLPose,MeanX,1.18558,271
5d651f0d62fdae3371fe2c7c591bf11e,Localization Stability,TF,Jump Angular,0.00672734,272
5d651f0d62fdae3371fe2c7c591bf11e,Localization Stability,TF,Jump Linear,0.181029,272
5d651f0d62fdae3371fe2c7c591bf11e,Input Validity,Lidar,Lidar Rate,10,271.13
5d651f0d62fdae3371fe2c7c591bf11e,Input Validity,Odometry,Odometry Rate,50,271.13
5d651f0d62fdae3371fe2c7c591bf11e,Input Validity,TF,TF Rate,10,271.13
5d651f0d62fdae3371fe2c7c591bf11e,Localization Stability,TF,Jump Angular,0,272.1
5d651f0d62fdae3371fe2c7c591bf11e,Localization Stability,TF,Jump Linear,0,272.1
5d651f0d62fdae3371fe2c7c591bf11e,Input Validity,Lidar,Lidar Rate,10,271.23
5d651f0d62fdae3371fe2c7c591bf11e,Input Validity,Odometry,Odometry Rate,50,271.23
5d651f0d62fdae3371fe2c7c591bf11e,Input Validity,TF,TF Rate,10,271.23
5d651f0d62fdae3371fe2c7c591bf11e,Localization Stability,TF,Jump Angular,0,272.2
5d651f0d62fdae3371fe2c7c591bf11e,Localization Stability,TF,Jump Linear,0,272.2
5d651f0d62fdae3371fe2c7c591bf11e,Input Validity,Lidar,Lidar Rate,10,271.33
5d651f0d62fdae3371fe2c7c591bf11e,Input Validity,Odometry,Odometry Rate,50,271.33
5d651f0d62fdae3371fe2c7c591bf11e,Input Validity,TF,TF Rate,10,271.33
5d651f0d62fdae3371fe2c7c591bf11e,Localization Stability,TF,Jump Angular,0,272.3
5d651f0d62fdae3371fe2c7c591bf11e,Localization Stability,TF,Jump Linear,0,272.3
5d651f0d62fdae3371fe2c7c591bf11e,Input Validity,Lidar,Lidar Rate,10,271.43
5d651f0d62fdae3371fe2c7c591bf11e,Input Validity,Odometry,Odometry Rate,50,271.43
5d651f0d62fdae3371fe2c7c591bf11e,Input Validity,TF,TF Rate,10,271.43
5d651f0d62fdae3371fe2c7c591bf11e,Localization Stability,TF,Jump Angular,0,272.4
5d651f0d62fdae3371fe2c7c591bf11e,Localization Stability,TF,Jump Linear,0,272.4
5d651f0d62fdae3371fe2c7c591bf11e,Input Validity,Lidar,Lidar Rate,10,271.53
5d651f0d62fdae3371fe2c7c591bf11e,Input Validity,Odometry,Odometry Rate,50,271.53
5d651f0d62fdae3371fe2c7c591bf11e,Input Validity,TF,TF Rate,10,271.53
5d651f0d62fdae3371fe2c7c591bf11e,Localization Stability,TF,Jump Angular,0,272.5
5d651f0d62fdae3371fe2c7c591bf11e,Localization Stability,TF,Jump Linear,0,272.5
5d651f0d62fdae3371fe2c7c591bf11e,Input Validity,Lidar,Lidar Rate,10,271.63
5d651f0d62fdae3371fe2c7c591bf11e,Input Validity,Odometry,Odometry Rate,50,271.63
5d651f0d62fdae3371fe2c7c591bf11e,Input Validity,TF,TF Rate,10,271.63
5d651f0d62fdae3371fe2c7c591bf11e,Localization Stability,TF,Jump Angular,0,272.6
5d651f0d62fdae3371fe2c7c591bf11e,Localization Stability,TF,Jump Linear,0,272.6
5d651f0d62fdae3371fe2c7c591bf11e,Input Validity,Lidar,Lidar Rate,10,271.73
5d651f0d62fdae3371fe2c7c591bf11e,Input Validity,Odometry,Odometry Rate,50,271.73
5d651f0d62fdae3371fe2c7c591bf11e,Input Validity,TF,TF Rate,10,271.73
5d651f0d62fdae3371fe2c7c591bf11e,Localization Stability,TF,Jump Angular,0,272.7
5d651f0d62fdae3371fe2c7c591bf11e,Localization Stability,TF,Jump Linear,0,272.7
5d651f0d62fdae3371fe2c7c591bf11e,Input Validity,Lidar,Lidar Rate,10,271.83
5d651f0d62fdae3371fe2c7c591bf11e,Input Validity,Odometry,Odometry Rate,50,271.83
5d651f0d62fdae3371fe2c7c591bf11e,Input Validity,TF,TF Rate,10,271.83
5d651f0d62fdae3371fe2c7c591bf11e,Localization Quality,AMCLPose,CovYawYaw,0.00202312,271.8
5d651f0d62fdae3371fe2c7c591bf11e,Localization Quality,AMCLPose,CovYY,0.000592209,271.8
5d651f0d62fdae3371fe2c7c591bf11e,Localization Quality,AMCLPose,CovXX,0.0214731,271.8
5d651f0d62fdae3371fe2c7c591bf11e,Localization Quality,AMCLPose,MeanYaw,2.75201,271.8
5d651f0d62fdae3371fe2c7c591bf11e,Localization Quality,AMCLPose,MeanY,1.28551,271.8
5d651f0d62fdae3371fe2c7c591bf11e,Localization Quality,AMCLPose,MeanX,1.09055,271.8
5d651f0d62fdae3371fe2c7c591bf11e,Localization Stability,TF,Jump Angular,0.00978008,272.8
5d651f0d62fdae3371fe2c7c591bf11e,Localization Stability,TF,Jump Linear,0.247707,272.8
5d651f0d62fdae3371fe2c7c591bf11e,Input Validity,Lidar,Lidar Rate,10,271.92
5d651f0d62fdae3371fe2c7c591bf11e,Input Validity,Odometry,Odometry Rate,50,271.92
5d651f0d62fdae3371fe2c7c591bf11e,Input Validity,TF,TF Rate,10,271.92
5d651f0d62fdae3371fe2c7c591bf11e,Localization Stability,TF,Jump Angular,0,272.9
5d651f0d62fdae3371fe2c7c591bf11e,Localization Stability,TF,Jump Linear,0,272.9
5d651f0d62fdae3371fe2c7c591bf11e,Input Validity,Lidar,Lidar Rate,10,272.02
5d651f0d62fdae3371fe2c7c591bf11e,Input Validity,Odometry,Odometry Rate,50,272.02
5d651f0d62fdae3371fe2c7c591bf11e,Input Validity,TF,TF Rate,10,272.02
5d651f0d62fdae3371fe2c7c591bf11e,Localization Stability,TF,Jump Angular,0,273
5d651f0d62fdae3371fe2c7c591bf11e,Localization Stability,TF,Jump Linear,0,273
5d651f0d62fdae3371fe2c7c591bf11e,Input Validity,Lidar,Lidar Rate,10,272.12
5d651f0d62fdae3371fe2c7c591bf11e,Input Validity,Odometry,Odometry Rate,50,272.12
5d651f0d62fdae3371fe2c7c591bf11e,Input Validity,TF,TF Rate,10,272.12
5d651f0d62fdae3371fe2c7c591bf11e,Localization Stability,TF,Jump Angular,0,273.1
5d651f0d62fdae3371fe2c7c591bf11e,Localization Stability,TF,Jump Linear,0,273.1
5d651f0d62fdae3371fe2c7c591bf11e,Input Validity,Lidar,Lidar Rate,10,272.22
5d651f0d62fdae3371fe2c7c591bf11e,Input Validity,Odometry,Odometry Rate,50,272.22
5d651f0d62fdae3371fe2c7c591bf11e,Input Validity,TF,TF Rate,10,272.22
5d651f0d62fdae3371fe2c7c591bf11e,Localization Stability,TF,Jump Angular,0,273.2
5d651f0d62fdae3371fe2c7c591bf11e,Localization Stability,TF,Jump Linear,0,273.2
5d651f0d62fdae3371fe2c7c591bf11e,Input Validity,Lidar,Lidar Rate,10,272.32
5d651f0d62fdae3371fe2c7c591bf11e,Input Validity,Odometry,Odometry Rate,50,272.32
5d651f0d62fdae3371fe2c7c591bf11e,Input Validity,TF,TF Rate,10,272.32
5d651f0d62fdae3371fe2c7c591bf11e,Localization Stability,TF,Jump Angular,0,273.3
5d651f0d62fdae3371fe2c7c591bf11e,Localization Stability,TF,Jump Linear,0,273.3
5d651f0d62fdae3371fe2c7c591bf11e,Input Validity,Lidar,Lidar Rate,10,272.42
5d651f0d62fdae3371fe2c7c591bf11e,Input Validity,Odometry,Odometry Rate,50,272.42
5d651f0d62fdae3371fe2c7c591bf11e,Input Validity,TF,TF Rate,10,272.42
5d651f0d62fdae3371fe2c7c591bf11e,Localization Stability,TF,Jump Angular,0,273.4
5d651f0d62fdae3371fe2c7c591bf11e,Localization Stability,TF,Jump Linear,0,273.4
5d651f0d62fdae3371fe2c7c591bf11e,Input Validity,Lidar,Lidar Rate,10,272.52
5d651f0d62fdae3371fe2c7c591bf11e,Input Validity,Odometry,Odometry Rate,50,272.52
5d651f0d62fdae3371fe2c7c591bf11e,Input Validity,TF,TF Rate,10,272.52
5d651f0d62fdae3371fe2c7c591bf11e,Localization Stability,TF,Jump Angular,0,273.5
5d651f0d62fdae3371fe2c7c591bf11e,Localization Stability,TF,Jump Linear,0,273.5
5d651f0d62fdae3371fe2c7c591bf11e,Input Validity,Lidar,Lidar Rate,10,272.62
5d651f0d62fdae3371fe2c7c591bf11e,Input Validity,Odometry,Odometry Rate,50,272.62
5d651f0d62fdae3371fe2c7c591bf11e,Input Validity,TF,TF Rate,10,272.62
5d651f0d62fdae3371fe2c7c591bf11e,Localization Stability,TF,Jump Angular,0,273.6
5d651f0d62fdae3371fe2c7c591bf11e,Localization Stability,TF,Jump Linear,0,273.6
5d651f0d62fdae3371fe2c7c591bf11e,Input Validity,Lidar,Lidar Rate,10,272.72
5d651f0d62fdae3371fe2c7c591bf11e,Input Validity,Odometry,Odometry Rate,50,272.72
5d651f0d62fdae3371fe2c7c591bf11e,Input Validity,TF,TF Rate,10,272.72
5d651f0d62fdae3371fe2c7c591bf11e,Localization Quality,AMCLPose,CovYawYaw,0.00216444,272.7
5d651f0d62fdae3371fe2c7c591bf11e,Localization Quality,AMCLPose,CovYY,0.000630004,272.7
5d651f0d62fdae3371fe2c7c591bf11e,Localization Quality,AMCLPose,CovXX,0.0154285,272.7
5d651f0d62fdae3371fe2c7c591bf11e,Localization Quality,AMCLPose,MeanYaw,2.80323,272.7
5d651f0d62fdae3371fe2c7c591bf11e,Localization Quality,AMCLPose,MeanY,1.32166,272.7
5d651f0d62fdae3371fe2c7c591bf11e,Localization Quality,AMCLPose,MeanX,1.00827,272.7
5d651f0d62fdae3371fe2c7c591bf11e,Localization Stability,TF,Jump Angular,-0.00126876,273.7
5d651f0d62fdae3371fe2c7c591bf11e,Localization Stability,TF,Jump Linear,0.0204753,273.7
5d651f0d62fdae3371fe2c7c591bf11e,Input Validity,Lidar,Lidar Rate,10,272.82
5d651f0d62fdae3371fe2c7c591bf11e,Input Validity,Odometry,Odometry Rate,50,272.82
5d651f0d62fdae3371fe2c7c591bf11e,Input Validity,TF,TF Rate,10,272.82
5d651f0d62fdae3371fe2c7c591bf11e,Localization Stability,TF,Jump Angular,0,273.8
5d651f0d62fdae3371fe2c7c591bf11e,Localization Stability,TF,Jump Linear,0,273.8
5d651f0d62fdae3371fe2c7c591bf11e,Input Validity,Lidar,Lidar Rate,10,272.92
5d651f0d62fdae3371fe2c7c591bf11e,Input Validity,Odometry,Odometry Rate,50,272.92
5d651f0d62fdae3371fe2c7c591bf11e,Input Validity,TF,TF Rate,10,272.92
5d651f0d62fdae3371fe2c7c591bf11e,Localization Stability,TF,Jump Angular,0,273.9
5d651f0d62fdae3371fe2c7c591bf11e,Localization Stability,TF,Jump Linear,0,273.9
5d651f0d62fdae3371fe2c7c591bf11e,Input Validity,Lidar,Lidar Rate,10,273.02
5d651f0d62fdae3371fe2c7c591bf11e,Input Validity,Odometry,Odometry Rate,50,273.02
5d651f0d62fdae3371fe2c7c591bf11e,Input Validity,TF,TF Rate,10,273.02
5d651f0d62fdae3371fe2c7c591bf11e,Localization Stability,TF,Jump Angular,0,274
5d651f0d62fdae3371fe2c7c591bf11e,Localization Stability,TF,Jump Linear,0,274
5d651f0d62fdae3371fe2c7c591bf11e,Input Validity,Lidar,Lidar Rate,10,273.12
5d651f0d62fdae3371fe2c7c591bf11e,Input Validity,Odometry,Odometry Rate,50,273.12
5d651f0d62fdae3371fe2c7c591bf11e,Input Validity,TF,TF Rate,10,273.12
5d651f0d62fdae3371fe2c7c591bf11e,Localization Stability,TF,Jump Angular,0,274.1
5d651f0d62fdae3371fe2c7c591bf11e,Localization Stability,TF,Jump Linear,0,274.1
5d651f0d62fdae3371fe2c7c591bf11e,Input Validity,Lidar,Lidar Rate,10,273.22
5d651f0d62fdae3371fe2c7c591bf11e,Input Validity,Odometry,Odometry Rate,50,273.22
5d651f0d62fdae3371fe2c7c591bf11e,Input Validity,TF,TF Rate,10,273.22
5d651f0d62fdae3371fe2c7c591bf11e,Localization Stability,TF,Jump Angular,0,274.2
5d651f0d62fdae3371fe2c7c591bf11e,Localization Stability,TF,Jump Linear,0,274.2
5d651f0d62fdae3371fe2c7c591bf11e,Input Validity,Lidar,Lidar Rate,10,273.32
5d651f0d62fdae3371fe2c7c591bf11e,Input Validity,Odometry,Odometry Rate,50,273.32
5d651f0d62fdae3371fe2c7c591bf11e,Input Validity,TF,TF Rate,10,273.32
5d651f0d62fdae3371fe2c7c591bf11e,Localization Stability,TF,Jump Angular,0,274.3
5d651f0d62fdae3371fe2c7c591bf11e,Localization Stability,TF,Jump Linear,0,274.3
5d651f0d62fdae3371fe2c7c591bf11e,Input Validity,Lidar,Lidar Rate,10,273.42
5d651f0d62fdae3371fe2c7c591bf11e,Input Validity,Odometry,Odometry Rate,50,273.42
5d651f0d62fdae3371fe2c7c591bf11e,Input Validity,TF,TF Rate,10,273.42
5d651f0d62fdae3371fe2c7c591bf11e,Localization Stability,TF,Jump Angular,0,274.4
5d651f0d62fdae3371fe2c7c591bf11e,Localization Stability,TF,Jump Linear,0,274.4
5d651f0d62fdae3371fe2c7c591bf11e,Input Validity,Lidar,Lidar Rate,10,273.52
5d651f0d62fdae3371fe2c7c591bf11e,Input Validity,Odometry,Odometry Rate,50,273.52
5d651f0d62fdae3371fe2c7c591bf11e,Input Validity,TF,TF Rate,10,273.52
5d651f0d62fdae3371fe2c7c591bf11e,Localization Stability,TF,Jump Angular,0,274.5
5d651f0d62fdae3371fe2c7c591bf11e,Localization Stability,TF,Jump Linear,0,274.5
5d651f0d62fdae3371fe2c7c591bf11e,Input Validity,Lidar,Lidar Rate,10,273.61
5d651f0d62fdae3371fe2c7c591bf11e,Input Validity,Odometry,Odometry Rate,50,273.61
5d651f0d62fdae3371fe2c7c591bf11e,Input Validity,TF,TF Rate,10,273.61
5d651f0d62fdae3371fe2c7c591bf11e,Localization Stability,TF,Jump Angular,0,274.6
5d651f0d62fdae3371fe2c7c591bf11e,Localization Stability,TF,Jump Linear,0,274.6
5d651f0d62fdae3371fe2c7c591bf11e,Input Validity,Lidar,Lidar Rate,10,273.71
5d651f0d62fdae3371fe2c7c591bf11e,Input Validity,Odometry,Odometry Rate,50,273.71
5d651f0d62fdae3371fe2c7c591bf11e,Input Validity,TF,TF Rate,10,273.71
5d651f0d62fdae3371fe2c7c591bf11e,Localization Stability,TF,Jump Angular,0,274.7
5d651f0d62fdae3371fe2c7c591bf11e,Localization Stability,TF,Jump Linear,0,274.7
5d651f0d62fdae3371fe2c7c591bf11e,Input Validity,Lidar,Lidar Rate,10,273.81
5d651f0d62fdae3371fe2c7c591bf11e,Input Validity,Odometry,Odometry Rate,50,273.81
5d651f0d62fdae3371fe2c7c591bf11e,Input Validity,TF,TF Rate,10,273.81
5d651f0d62fdae3371fe2c7c591bf11e,Localization Stability,TF,Jump Angular,0,274.8
5d651f0d62fdae3371fe2c7c591bf11e,Localization Stability,TF,Jump Linear,0,274.8
5d651f0d62fdae3371fe2c7c591bf11e,Input Validity,Lidar,Lidar Rate,10,273.91
5d651f0d62fdae3371fe2c7c591bf11e,Input Validity,Odometry,Odometry Rate,50,273.91
5d651f0d62fdae3371fe2c7c591bf11e,Input Validity,TF,TF Rate,10,273.91
5d651f0d62fdae3371fe2c7c591bf11e,Localization Stability,TF,Jump Angular,0,274.9
5d651f0d62fdae3371fe2c7c591bf11e,Localization Stability,TF,Jump Linear,0,274.9
5d651f0d62fdae3371fe2c7c591bf11e,Input Validity,Lidar,Lidar Rate,10,274.01
5d651f0d62fdae3371fe2c7c591bf11e,Input Validity,Odometry,Odometry Rate,50,274.01
5d651f0d62fdae3371fe2c7c591bf11e,Input Validity,TF,TF Rate,10,274.01
5d651f0d62fdae3371fe2c7c591bf11e,Localization Quality,AMCLPose,CovYawYaw,0.00257898,274
5d651f0d62fdae3371fe2c7c591bf11e,Localization Quality,AMCLPose,CovYY,0.000756491,274
5d651f0d62fdae3371fe2c7c591bf11e,Localization Quality,AMCLPose,CovXX,0.0128917,274
5d651f0d62fdae3371fe2c7c591bf11e,Localization Quality,AMCLPose,MeanYaw,2.86093,274
5d651f0d62fdae3371fe2c7c591bf11e,Localization Quality,AMCLPose,MeanY,1.35456,274
5d651f0d62fdae3371fe2c7c591bf11e,Localization Quality,AMCLPose,MeanX,0.914365,274
5d651f0d62fdae3371fe2c7c591bf11e,Localization Stability,TF,Jump Angular,0.00120089,275
5d651f0d62fdae3371fe2c7c591bf11e,Localization Stability,TF,Jump Linear,0.0359891,275
5d651f0d62fdae3371fe2c7c591bf11e,Input Validity,Lidar,Lidar Rate,10,274.11
5d651f0d62fdae3371fe2c7c591bf11e,Input Validity,Odometry,Odometry Rate,50,274.11
5d651f0d62fdae3371fe2c7c591bf11e,Input Validity,TF,TF Rate,10,274.11
5d651f0d62fdae3371fe2c7c591bf11e,Localization Stability,TF,Jump Angular,0,275.1
5d651f0d62fdae3371fe2c7c591bf11e,Localization Stability,TF,Jump Linear,0,275.1
5d651f0d62fdae3371fe2c7c591bf11e,Input Validity,Lidar,Lidar Rate,10,274.21
5d651f0d62fdae3371fe2c7c591bf11e,Input Validity,Odometry,Odometry Rate,50,274.21
5d651f0d62fdae3371fe2c7c591bf11e,Input Validity,TF,TF Rate,10,274.21
5d651f0d62fdae3371fe2c7c591bf11e,Localization Stability,TF,Jump Angular,0,275.2
5d651f0d62fdae3371fe2c7c591bf11e,Localization Stability,TF,Jump Linear,0,275.2
5d651f0d62fdae3371fe2c7c591bf11e,Input Validity,Lidar,Lidar Rate,10,274.31
5d651f0d62fdae3371fe2c7c591bf11e,Input Validity,Odometry,Odometry Rate,50,274.31
5d651f0d62fdae3371fe2c7c591bf11e,Input Validity,TF,TF Rate,10,274.31
5d651f0d62fdae3371fe2c7c591bf11e,Localization Quality,AMCLPose,CovYawYaw,0.00216175,274.3
5d651f0d62fdae3371fe2c7c591bf11e,Localization Quality,AMCLPose,CovYY,0.000726597,274.3
5d651f0d62fdae3371fe2c7c591bf11e,Localization Quality,AMCLPose,CovXX,0.0105178,274.3
5d651f0d62fdae3371fe2c7c591bf11e,Localization Quality,AMCLPose,MeanYaw,2.93807,274.3
5d651f0d62fdae3371fe2c7c591bf11e,Localization Quality,AMCLPose,MeanY,1.35771,274.3
5d651f0d62fdae3371fe2c7c591bf11e,Localization Quality,AMCLPose,MeanX,0.910334,274.3
5d651f0d62fdae3371fe2c7c591bf11e,Localization Stability,TF,Jump Angular,-0.0025763,275.3
5d651f0d62fdae3371fe2c7c591bf11e,Localization Stability,TF,Jump Linear,0.0569722,275.3
5d651f0d62fdae3371fe2c7c591bf11e,Input Validity,Lidar,Lidar Rate,10,274.41
5d651f0d62fdae3371fe2c7c591bf11e,Input Validity,Odometry,Odometry Rate,50,274.41
5d651f0d62fdae3371fe2c7c591bf11e,Input Validity,TF,TF Rate,10,274.41
5d651f0d62fdae3371fe2c7c591bf11e,Localization Quality,AMCLPose,CovYawYaw,0.00156746,274.4
5d651f0d62fdae3371fe2c7c591bf11e,Localization Quality,AMCLPose,CovYY,0.000677831,274.4
5d651f0d62fdae3371fe2c7c591bf11e,Localization Quality,AMCLPose,CovXX,0.00947219,274.4
5d651f0d62fdae3371fe2c7c591bf11e,Localization Quality,AMCLPose,MeanYaw,2.99552,274.4
5d651f0d62fdae3371fe2c7c591bf11e,Localization Quality,AMCLPose,MeanY,1.35992,274.4
5d651f0d62fdae3371fe2c7c591bf11e,Localization Quality,AMCLPose,MeanX,0.909281,274.4
5d651f0d62fdae3371fe2c7c591bf11e,Localization Stability,TF,Jump Angular,-0.00305136,275.4
5d651f0d62fdae3371fe2c7c591bf11e,Localization Stability,TF,Jump Linear,0.0733685,275.4
5d651f0d62fdae3371fe2c7c591bf11e,Input Validity,Lidar,Lidar Rate,10,274.51
5d651f0d62fdae3371fe2c7c591bf11e,Input Validity,Odometry,Odometry Rate,50,274.51
5d651f0d62fdae3371fe2c7c591bf11e,Input Validity,TF,TF Rate,10,274.51
5d651f0d62fdae3371fe2c7c591bf11e,Input Validity,Lidar,Lidar Rate,10,274.61
5d651f0d62fdae3371fe2c7c591bf11e,Input Validity,Odometry,Odometry Rate,50,274.61
5d651f0d62fdae3371fe2c7c591bf11e,Input Validity,TF,TF Rate,10,274.61
5d651f0d62fdae3371fe2c7c591bf11e,Localization Quality,AMCLPose,CovYawYaw,0.00144449,274.5
5d651f0d62fdae3371fe2c7c591bf11e,Localization Quality,AMCLPose,CovYY,0.000637344,274.5
5d651f0d62fdae3371fe2c7c591bf11e,Localization Quality,AMCLPose,CovXX,0.00833961,274.5
5d651f0d62fdae3371fe2c7c591bf11e,Localization Quality,AMCLPose,MeanYaw,3.07077,274.5
5d651f0d62fdae3371fe2c7c591bf11e,Localization Quality,AMCLPose,MeanY,1.35994,274.5
5d651f0d62fdae3371fe2c7c591bf11e,Localization Quality,AMCLPose,MeanX,0.915598,274.5
5d651f0d62fdae3371fe2c7c591bf11e,Localization Stability,TF,Jump Angular,-0.00225536,275.5
5d651f0d62fdae3371fe2c7c591bf11e,Localization Stability,TF,Jump Linear,0.0492477,275.5
5d651f0d62fdae3371fe2c7c591bf11e,Localization Quality,AMCLPose,CovYawYaw,0.00152506,274.6
5d651f0d62fdae3371fe2c7c591bf11e,Localization Quality,AMCLPose,CovYY,0.000626849,274.6
5d651f0d62fdae3371fe2c7c591bf11e,Localization Quality,AMCLPose,CovXX,0.00743312,274.6
5d651f0d62fdae3371fe2c7c591bf11e,Localization Quality,AMCLPose,MeanYaw,-3.11815,274.6
5d651f0d62fdae3371fe2c7c591bf11e,Localization Quality,AMCLPose,MeanY,1.35942,274.6
5d651f0d62fdae3371fe2c7c591bf11e,Localization Quality,AMCLPose,MeanX,0.923604,274.6
5d651f0d62fdae3371fe2c7c591bf11e,Localization Stability,TF,Jump Angular,-0.000227907,275.6
5d651f0d62fdae3371fe2c7c591bf11e,Localization Stability,TF,Jump Linear,0.0048776,275.6
5d651f0d62fdae3371fe2c7c591bf11e,Input Validity,Lidar,Lidar Rate,10,274.71
5d651f0d62fdae3371fe2c7c591bf11e,Input Validity,Odometry,Odometry Rate,50,274.71
5d651f0d62fdae3371fe2c7c591bf11e,Input Validity,TF,TF Rate,10,274.71
5d651f0d62fdae3371fe2c7c591bf11e,Localization Quality,AMCLPose,CovYawYaw,0.00165368,274.7
5d651f0d62fdae3371fe2c7c591bf11e,Localization Quality,AMCLPose,CovYY,0.000581115,274.7
5d651f0d62fdae3371fe2c7c591bf11e,Localization Quality,AMCLPose,CovXX,0.00753254,274.7
5d651f0d62fdae3371fe2c7c591bf11e,Localization Quality,AMCLPose,MeanYaw,-3.00781,274.7
5d651f0d62fdae3371fe2c7c591bf11e,Localization Quality,AMCLPose,MeanY,1.35966,274.7
5d651f0d62fdae3371fe2c7c591bf11e,Localization Quality,AMCLPose,MeanX,0.92799,274.7
5d651f0d62fdae3371fe2c7c591bf11e,Localization Stability,TF,Jump Angular,-0.00113454,275.7
5d651f0d62fdae3371fe2c7c591bf11e,Localization Stability,TF,Jump Linear,0.0236698,275.7
5d651f0d62fdae3371fe2c7c591bf11e,Input Validity,Lidar,Lidar Rate,10,274.81
5d651f0d62fdae3371fe2c7c591bf11e,Input Validity,Odometry,Odometry Rate,50,274.81
5d651f0d62fdae3371fe2c7c591bf11e,Input Validity,TF,TF Rate,10,274.81
5d651f0d62fdae3371fe2c7c591bf11e,Localization Quality,AMCLPose,CovYawYaw,0.00183256,274.8
5d651f0d62fdae3371fe2c7c591bf11e,Localization Quality,AMCLPose,CovYY,0.000572232,274.8
5d651f0d62fdae3371fe2c7c591bf11e,Localization Quality,AMCLPose,CovXX,0.00689902,274.8
5d651f0d62fdae3371fe2c7c591bf11e,Localization Quality,AMCLPose,MeanYaw,-2.87696,274.8
5d651f0d62fdae3371fe2c7c591bf11e,Localization Quality,AMCLPose,MeanY,1.35902,274.8
5d651f0d62fdae3371fe2c7c591bf11e,Localization Quality,AMCLPose,MeanX,0.935249,274.8
5d651f0d62fdae3371fe2c7c591bf11e,Localization Stability,TF,Jump Angular,0.00240588,275.8
5d651f0d62fdae3371fe2c7c591bf11e,Localization Stability,TF,Jump Linear,0.0639776,275.8
5d651f0d62fdae3371fe2c7c591bf11e,Input Validity,Lidar,Lidar Rate,10,274.91
5d651f0d62fdae3371fe2c7c591bf11e,Input Validity,Odometry,Odometry Rate,50,274.91
5d651f0d62fdae3371fe2c7c591bf11e,Input Validity,TF,TF Rate,10,274.91
5d651f0d62fdae3371fe2c7c591bf11e,Localization Quality,AMCLPose,CovYawYaw,0.00202113,274.9
5d651f0d62fdae3371fe2c7c591bf11e,Localization Quality,AMCLPose,CovYY,0.000636857,274.9
5d651f0d62fdae3371fe2c7c591bf11e,Localization Quality,AMCLPose,CovXX,0.00785708,274.9
5d651f0d62fdae3371fe2c7c591bf11e,Localization Quality,AMCLPose,MeanYaw,-2.72901,274.9
5d651f0d62fdae3371fe2c7c591bf11e,Localization Quality,AMCLPose,MeanY,1.35765,274.9
5d651f0d62fdae3371fe2c7c591bf11e,Localization Quality,AMCLPose,MeanX,0.95477,274.9
5d651f0d62fdae3371fe2c7c591bf11e,Localization Stability,TF,Jump Angular,0.00250973,275.9
5d651f0d62fdae3371fe2c7c591bf11e,Localization Stability,TF,Jump Linear,0.0771016,275.9
5d651f0d62fdae3371fe2c7c591bf11e,Input Validity,Lidar,Lidar Rate,10,275.01
5d651f0d62fdae3371fe2c7c591bf11e,Input Validity,Odometry,Odometry Rate,50,275.01
5d651f0d62fdae3371fe2c7c591bf11e,Input Validity,TF,TF Rate,10,275.01
5d651f0d62fdae3371fe2c7c591bf11e,Localization Quality,AMCLPose,CovYawYaw,0.00198024,275
5d651f0d62fdae3371fe2c7c591bf11e,Localization Quality,AMCLPose,CovYY,0.000808739,275
5d651f0d62fdae3371fe2c7c591bf11e,Localization Quality,AMCLPose,CovXX,0.00860706,275
5d651f0d62fdae3371fe2c7c591bf11e,Localization Quality,AMCLPose,MeanYaw,-2.56164,275
5d651f0d62fdae3371fe2c7c591bf11e,Localization Quality,AMCLPose,MeanY,1.35845,275
5d651f0d62fdae3371fe2c7c591bf11e,Localization Quality,AMCLPose,MeanX,0.975641,275
5d651f0d62fdae3371fe2c7c591bf11e,Localization Stability,TF,Jump Angular,0.00496348,276
5d651f0d62fdae3371fe2c7c591bf11e,Localization Stability,TF,Jump Linear,0.138115,276
5d651f0d62fdae3371fe2c7c591bf11e,Input Validity,Lidar,Lidar Rate,10,275.11
5d651f0d62fdae3371fe2c7c591bf11e,Input Validity,Odometry,Odometry Rate,50,275.11
5d651f0d62fdae3371fe2c7c591bf11e,Input Validity,TF,TF Rate,10,275.11
5d651f0d62fdae3371fe2c7c591bf11e,Localization Quality,AMCLPose,CovYawYaw,0.00344161,275.1
5d651f0d62fdae3371fe2c7c591bf11e,Localization Quality,AMCLPose,CovYY,0.00122006,275.1
5d651f0d62fdae3371fe2c7c591bf11e,Localization Quality,AMCLPose,CovXX,0.0097489,275.1
5d651f0d62fdae3371fe2c7c591bf11e,Localization Quality,AMCLPose,MeanYaw,-2.40108,275.1
5d651f0d62fdae3371fe2c7c591bf11e,Localization Quality,AMCLPose,MeanY,1.35838,275.1
5d651f0d62fdae3371fe2c7c591bf11e,Localization Quality,AMCLPose,MeanX,0.980314,275.1
5d651f0d62fdae3371fe2c7c591bf11e,Localization Stability,TF,Jump Angular,-0.000743285,276.1
5d651f0d62fdae3371fe2c7c591bf11e,Localization Stability,TF,Jump Linear,0.0143206,276.1
5d651f0d62fdae3371fe2c7c591bf11e,Input Validity,Lidar,Lidar Rate,10,275.21
5d651f0d62fdae3371fe2c7c591bf11e,Input Validity,Odometry,Odometry Rate,50,275.21
5d651f0d62fdae3371fe2c7c591bf11e,Input Validity,TF,TF Rate,10,275.21
5d651f0d62fdae3371fe2c7c591bf11e,Localization Quality,AMCLPose,CovYawYaw,0.00440733,275.2
5d651f0d62fdae3371fe2c7c591bf11e,Localization Quality,AMCLPose,CovYY,0.00169237,275.2
5d651f0d62fdae3371fe2c7c591bf11e,Localization Quality,AMCLPose,CovXX,0.010217,275.2
5d651f0d62fdae3371fe2c7c591bf11e,Localization Quality,AMCLPose,MeanYaw,-2.25657,275.2
5d651f0d62fdae3371fe2c7c591bf11e,Localization Quality,AMCLPose,MeanY,1.35758,275.2
5d651f0d62fdae3371fe2c7c591bf11e,Localization Quality,AMCLPose,MeanX,0.978055,275.2
5d651f0d62fdae3371fe2c7c591bf11e,Localization Stability,TF,Jump Angular,0.000436851,276.2
5d651f0d62fdae3371fe2c7c591bf11e,Localization Stability,TF,Jump Linear,0.00823798,276.2
5d651f0d62fdae3371fe2c7c591bf11e,Input Validity,Lidar,Lidar Rate,10,275.31
5d651f0d62fdae3371fe2c7c591bf11e,Input Validity,Odometry,Odometry Rate,50,275.31
5d651f0d62fdae3371fe2c7c591bf11e,Input Validity,TF,TF Rate,10,275.31
5d651f0d62fdae3371fe2c7c591bf11e,Localization Quality,AMCLPose,CovYawYaw,0.00494095,275.3
5d651f0d62fdae3371fe2c7c591bf11e,Localization Quality,AMCLPose,CovYY,0.00208291,275.3
5d651f0d62fdae3371fe2c7c591bf11e,Localization Quality,AMCLPose,CovXX,0.0102767,275.3
5d651f0d62fdae3371fe2c7c591bf11e,Localization Quality,AMCLPose,MeanYaw,-2.12829,275.3
5d651f0d62fdae3371fe2c7c591bf11e,Localization Quality,AMCLPose,MeanY,1.35602,275.3
5d651f0d62fdae3371fe2c7c591bf11e,Localization Quality,AMCLPose,MeanX,0.977617,275.3
5d651f0d62fdae3371fe2c7c591bf11e,Localization Stability,TF,Jump Angular,0.00183239,276.3
5d651f0d62fdae3371fe2c7c591bf11e,Localization Stability,TF,Jump Linear,0.0430206,276.3
5d651f0d62fdae3371fe2c7c591bf11e,Input Validity,Lidar,Lidar Rate,10,275.4
5d651f0d62fdae3371fe2c7c591bf11e,Input Validity,Odometry,Odometry Rate,50,275.4
5d651f0d62fdae3371fe2c7c591bf11e,Input Validity,TF,TF Rate,10,275.4
5d651f0d62fdae3371fe2c7c591bf11e,Localization Quality,AMCLPose,CovYawYaw,0.00372593,275.4
5d651f0d62fdae3371fe2c7c591bf11e,Localization Quality,AMCLPose,CovYY,0.00206631,275.4
5d651f0d62fdae3371fe2c7c591bf11e,Localization Quality,AMCLPose,CovXX,0.0101634,275.4
5d651f0d62fdae3371fe2c7c591bf11e,Localization Quality,AMCLPose,MeanYaw,-2.02121,275.4
5d651f0d62fdae3371fe2c7c591bf11e,Localization Quality,AMCLPose,MeanY,1.36482,275.4
5d651f0d62fdae3371fe2c7c591bf11e,Localization Quality,AMCLPose,MeanX,0.990383,275.4
5d651f0d62fdae3371fe2c7c591bf11e,Localization Stability,TF,Jump Angular,-0.00276071,276.4
5d651f0d62fdae3371fe2c7c591bf11e,Localization Stability,TF,Jump Linear,0.0511371,276.4
5d651f0d62fdae3371fe2c7c591bf11e,Input Validity,Lidar,Lidar Rate,10,275.5
5d651f0d62fdae3371fe2c7c591bf11e,Input Validity,Odometry,Odometry Rate,50,275.5
5d651f0d62fdae3371fe2c7c591bf11e,Input Validity,TF,TF Rate,10,275.5
5d651f0d62fdae3371fe2c7c591bf11e,Localization Quality,AMCLPose,CovYawYaw,0.00290135,275.5
5d651f0d62fdae3371fe2c7c591bf11e,Localization Quality,AMCLPose,CovYY,0.00191212,275.5
5d651f0d62fdae3371fe2c7c591bf11e,Localization Quality,AMCLPose,CovXX,0.00969415,275.5
5d651f0d62fdae3371fe2c7c591bf11e,Localization Quality,AMCLPose,MeanYaw,-1.93387,275.5
5d651f0d62fdae3371fe2c7c591bf11e,Localization Quality,AMCLPose,MeanY,1.3717,275.5
5d651f0d62fdae3371fe2c7c591bf11e,Localization Quality,AMCLPose,MeanX,1.00368,275.5
5d651f0d62fdae3371fe2c7c591bf11e,Localization Stability,TF,Jump Angular,-0.0057284,276.5
5d651f0d62fdae3371fe2c7c591bf11e,Localization Stability,TF,Jump Linear,0.123387,276.5
5d651f0d62fdae3371fe2c7c591bf11e,Input Validity,Lidar,Lidar Rate,10,275.6
5d651f0d62fdae3371fe2c7c591bf11e,Input Validity,Odometry,Odometry Rate,50,275.6
5d651f0d62fdae3371fe2c7c591bf11e,Input Validity,TF,TF Rate,10,275.6
5d651f0d62fdae3371fe2c7c591bf11e,Localization Quality,AMCLPose,CovYawYaw,0.00233611,275.6
5d651f0d62fdae3371fe2c7c591bf11e,Localization Quality,AMCLPose,CovYY,0.00193601,275.6
5d651f0d62fdae3371fe2c7c591bf11e,Localization Quality,AMCLPose,CovXX,0.0091007,275.6
5d651f0d62fdae3371fe2c7c591bf11e,Localization Quality,AMCLPose,MeanYaw,-1.86222,275.6
5d651f0d62fdae3371fe2c7c591bf11e,Localization Quality,AMCLPose,MeanY,1.37596,275.6
5d651f0d62fdae3371fe2c7c591bf11e,Localization Quality,AMCLPose,MeanX,1.02119,275.6
5d651f0d62fdae3371fe2c7c591bf11e,Localization Stability,TF,Jump Angular,-0.00464148,276.6
5d651f0d62fdae3371fe2c7c591bf11e,Localization Stability,TF,Jump Linear,0.0952072,276.6
5d651f0d62fdae3371fe2c7c591bf11e,Input Validity,Lidar,Lidar Rate,10,275.7
5d651f0d62fdae3371fe2c7c591bf11e,Input Validity,Odometry,Odometry Rate,50,275.7
5d651f0d62fdae3371fe2c7c591bf11e,Input Validity,TF,TF Rate,10,275.7
5d651f0d62fdae3371fe2c7c591bf11e,Input Validity,Lidar,Lidar Rate,10,275.8
5d651f0d62fdae3371fe2c7c591bf11e,Input Validity,Odometry,Odometry Rate,50,275.8
5d651f0d62fdae3371fe2c7c591bf11e,Input Validity,TF,TF Rate,10,275.8
5d651f0d62fdae3371fe2c7c591bf11e,Localization Quality,AMCLPose,CovYawYaw,0.0018313,275.7
5d651f0d62fdae3371fe2c7c591bf11e,Localization Quality,AMCLPose,CovYY,0.00175785,275.7
5d651f0d62fdae3371fe2c7c591bf11e,Localization Quality,AMCLPose,CovXX,0.00845283,275.7
5d651f0d62fdae3371fe2c7c591bf11e,Localization Quality,AMCLPose,MeanYaw,-1.80505,275.7
5d651f0d62fdae3371fe2c7c591bf11e,Localization Quality,AMCLPose,MeanY,1.37923,275.7
5d651f0d62fdae3371fe2c7c591bf11e,Localization Quality,AMCLPose,MeanX,1.04081,275.7
5d651f0d62fdae3371fe2c7c591bf11e,Localization Stability,TF,Jump Angular,-0.0028304,276.7
5d651f0d62fdae3371fe2c7c591bf11e,Localization Stability,TF,Jump Linear,0.0506436,276.7
5d651f0d62fdae3371fe2c7c591bf11e,Localization Stability,TF,Jump Angular,0,276.8
5d651f0d62fdae3371fe2c7c591bf11e,Localization Stability,TF,Jump Linear,0,276.8
5d651f0d62fdae3371fe2c7c591bf11e,Input Validity,Lidar,Lidar Rate,10,275.9
5d651f0d62fdae3371fe2c7c591bf11e,Input Validity,Odometry,Odometry Rate,50,275.9
5d651f0d62fdae3371fe2c7c591bf11e,Input Validity,TF,TF Rate,10,275.9
5d651f0d62fdae3371fe2c7c591bf11e,Localization Quality,AMCLPose,CovYawYaw,0.00149662,275.9
5d651f0d62fdae3371fe2c7c591bf11e,Localization Quality,AMCLPose,CovYY,0.00172875,275.9
5d651f0d62fdae3371fe2c7c591bf11e,Localization Quality,AMCLPose,CovXX,0.00815381,275.9
5d651f0d62fdae3371fe2c7c591bf11e,Localization Quality,AMCLPose,MeanYaw,-1.73871,275.9
5d651f0d62fdae3371fe2c7c591bf11e,Localization Quality,AMCLPose,MeanY,1.38294,275.9
5d651f0d62fdae3371fe2c7c591bf11e,Localization Quality,AMCLPose,MeanX,1.05677,275.9
5d651f0d62fdae3371fe2c7c591bf11e,Localization Stability,TF,Jump Angular,-0.00250032,276.9
5d651f0d62fdae3371fe2c7c591bf11e,Localization Stability,TF,Jump Linear,0.0452345,276.9
5d651f0d62fdae3371fe2c7c591bf11e,Input Validity,Lidar,Lidar Rate,10,276
5d651f0d62fdae3371fe2c7c591bf11e,Input Validity,Odometry,Odometry Rate,50,276
5d651f0d62fdae3371fe2c7c591bf11e,Input Validity,TF,TF Rate,10,276
5d651f0d62fdae3371fe2c7c591bf11e,Localization Stability,TF,Jump Angular,0,277
5d651f0d62fdae3371fe2c7c591bf11e,Localization Stability,TF,Jump Linear,0,277
5d651f0d62fdae3371fe2c7c591bf11e,Input Validity,Lidar,Lidar Rate,10,276.1
5d651f0d62fdae3371fe2c7c591bf11e,Input Validity,Odometry,Odometry Rate,50,276.1
5d651f0d62fdae3371fe2c7c591bf11e,Input Validity,TF,TF Rate,10,276.1
5d651f0d62fdae3371fe2c7c591bf11e,Localization Stability,TF,Jump Angular,0,277.1
5d651f0d62fdae3371fe2c7c591bf11e,Localization Stability,TF,Jump Linear,0,277.1
5d651f0d62fdae3371fe2c7c591bf11e,Input Validity,Lidar,Lidar Rate,10,276.2
5d651f0d62fdae3371fe2c7c591bf11e,Input Validity,Odometry,Odometry Rate,50,276.2
5d651f0d62fdae3371fe2c7c591bf11e,Input Validity,TF,TF Rate,10,276.2
5d651f0d62fdae3371fe2c7c591bf11e,Localization Stability,TF,Jump Angular,0,277.2
5d651f0d62fdae3371fe2c7c591bf11e,Localization Stability,TF,Jump Linear,0,277.2
5d651f0d62fdae3371fe2c7c591bf11e,Input Validity,Lidar,Lidar Rate,10,276.3
5d651f0d62fdae3371fe2c7c591bf11e,Input Validity,Odometry,Odometry Rate,50,276.3
5d651f0d62fdae3371fe2c7c591bf11e,Input Validity,TF,TF Rate,10,276.3
5d651f0d62fdae3371fe2c7c591bf11e,Localization Quality,AMCLPose,CovYawYaw,0.00116714,276.3
5d651f0d62fdae3371fe2c7c591bf11e,Localization Quality,AMCLPose,CovYY,0.00179934,276.3
5d651f0d62fdae3371fe2c7c591bf11e,Localization Quality,AMCLPose,CovXX,0.0077094,276.3
5d651f0d62fdae3371fe2c7c591bf11e,Localization Quality,AMCLPose,MeanYaw,-1.80726,276.3
5d651f0d62fdae3371fe2c7c591bf11e,Localization Quality,AMCLPose,MeanY,1.38736,276.3
5d651f0d62fdae3371fe2c7c591bf11e,Localization Quality,AMCLPose,MeanX,1.0741,276.3
5d651f0d62fdae3371fe2c7c591bf11e,Localization Stability,TF,Jump Angular,-0.00287037,277.3
5d651f0d62fdae3371fe2c7c591bf11e,Localization Stability,TF,Jump Linear,0.0525694,277.3
5d651f0d62fdae3371fe2c7c591bf11e,Input Validity,Lidar,Lidar Rate,10,276.4
5d651f0d62fdae3371fe2c7c591bf11e,Input Validity,Odometry,Odometry Rate,50,276.4
5d651f0d62fdae3371fe2c7c591bf11e,Input Validity,TF,TF Rate,10,276.4
5d651f0d62fdae3371fe2c7c591bf11e,Localization Quality,AMCLPose,CovYawYaw,0.000918876,276.4
5d651f0d62fdae3371fe2c7c591bf11e,Localization Quality,AMCLPose,CovYY,0.00189592,276.4
5d651f0d62fdae3371fe2c7c591bf11e,Localization Quality,AMCLPose,CovXX,0.00698942,276.4
5d651f0d62fdae3371fe2c7c591bf11e,Localization Quality,AMCLPose,MeanYaw,-1.86773,276.4
5d651f0d62fdae3371fe2c7c591bf11e,Localization Quality,AMCLPose,MeanY,1.38973,276.4
5d651f0d62fdae3371fe2c7c591bf11e,Localization Quality,AMCLPose,MeanX,1.0901,276.4
5d651f0d62fdae3371fe2c7c591bf11e,Localization Stability,TF,Jump Angular,-0.00160178,277.4
5d651f0d62fdae3371fe2c7c591bf11e,Localization Stability,TF,Jump Linear,0.0247443,277.4
5d651f0d62fdae3371fe2c7c591bf11e,Input Validity,Lidar,Lidar Rate,10,276.5
5d651f0d62fdae3371fe2c7c591bf11e,Input Validity,Odometry,Odometry Rate,50,276.5
5d651f0d62fdae3371fe2c7c591bf11e,Input Validity,TF,TF Rate,10,276.5
5d651f0d62fdae3371fe2c7c591bf11e,Localization Quality,AMCLPose,CovYawYaw,0.000954934,276.5
5d651f0d62fdae3371fe2c7c591bf11e,Localization Quality,AMCLPose,CovYY,0.00174573,276.5
5d651f0d62fdae3371fe2c7c591bf11e,Localization Quality,AMCLPose,CovXX,0.00623003,276.5
5d651f0d62fdae3371fe2c7c591bf11e,Localization Quality,AMCLPose,MeanYaw,-1.94368,276.5
5d651f0d62fdae3371fe2c7c591bf11e,Localization Quality,AMCLPose,MeanY,1.39155,276.5
5d651f0d62fdae3371fe2c7c591bf11e,Localization Quality,AMCLPose,MeanX,1.09752,276.5
5d651f0d62fdae3371fe2c7c591bf11e,Localization Stability,TF,Jump Angular,-9.37311e-05,277.5
5d651f0d62fdae3371fe2c7c591bf11e,Localization Stability,TF,Jump Linear,0.00554737,277.5
5d651f0d62fdae3371fe2c7c591bf11e,Input Validity,Lidar,Lidar Rate,10,276.6
5d651f0d62fdae3371fe2c7c591bf11e,Input Validity,Odometry,Odometry Rate,50,276.6
5d651f0d62fdae3371fe2c7c591bf11e,Input Validity,TF,TF Rate,10,276.6
5d651f0d62fdae3371fe2c7c591bf11e,Localization Quality,AMCLPose,CovYawYaw,0.00109647,276.6
5d651f0d62fdae3371fe2c7c591bf11e,Localization Quality,AMCLPose,CovYY,0.00170019,276.6
5d651f0d62fdae3371fe2c7c591bf11e,Localization Quality,AMCLPose,CovXX,0.00559708,276.6
5d651f0d62fdae3371fe2c7c591bf11e,Localization Quality,AMCLPose,MeanYaw,-2.0358,276.6
5d651f0d62fdae3371fe2c7c591bf11e,Localization Quality,AMCLPose,MeanY,1.3931,276.6
5d651f0d62fdae3371fe2c7c591bf11e,Localization Quality,AMCLPose,MeanX,1.10517,276.6
5d651f0d62fdae3371fe2c7c591bf11e,Localization Stability,TF,Jump Angular,0.000723574,277.6
5d651f0d62fdae3371fe2c7c591bf11e,Localization Stability,TF,Jump Linear,0.0249195,277.6
5d651f0d62fdae3371fe2c7c591bf11e,Input Validity,Lidar,Lidar Rate,10,276.7
5d651f0d62fdae3371fe2c7c591bf11e,Input Validity,Odometry,Odometry Rate,50,276.7
5d651f0d62fdae3371fe2c7c591bf11e,Input Validity,TF,TF Rate,10,276.7
5d651f0d62fdae3371fe2c7c591bf11e,Localization Quality,AMCLPose,CovYawYaw,0.00169645,276.7
5d651f0d62fdae3371fe2c7c591bf11e,Localization Quality,AMCLPose,CovYY,0.00230488,276.7
5d651f0d62fdae3371fe2c7c591bf11e,Localization Quality,AMCLPose,CovXX,0.00571976,276.7
5d651f0d62fdae3371fe2c7c591bf11e,Localization Quality,AMCLPose,MeanYaw,-2.14471,276.7
5d651f0d62fdae3371fe2c7c591bf11e,Localization Quality,AMCLPose,MeanY,1.3924,276.7
5d651f0d62fdae3371fe2c7c591bf11e,Localization Quality,AMCLPose,MeanX,1.10588,276.7
5d651f0d62fdae3371fe2c7c591bf11e,Localization Stability,TF,Jump Angular,0.000903075,277.7
5d651f0d62fdae3371fe2c7c591bf11e,Localization Stability,TF,Jump Linear,0.0220416,277.7
5d651f0d62fdae3371fe2c7c591bf11e,Input Validity,Lidar,Lidar Rate,10,276.8
5d651f0d62fdae3371fe2c7c591bf11e,Input Validity,Odometry,Odometry Rate,50,276.8
5d651f0d62fdae3371fe2c7c591bf11e,Input Validity,TF,TF Rate,10,276.8
5d651f0d62fdae3371fe2c7c591bf11e,Localization Quality,AMCLPose,CovYawYaw,0.00233913,276.8
5d651f0d62fdae3371fe2c7c591bf11e,Localization Quality,AMCLPose,CovYY,0.00291592,276.8
5d651f0d62fdae3371fe2c7c591bf11e,Localization Quality,AMCLPose,CovXX,0.00614177,276.8
5d651f0d62fdae3371fe2c7c591bf11e,Localization Quality,AMCLPose,MeanYaw,-2.27146,276.8
5d651f0d62fdae3371fe2c7c591bf11e,Localization Quality,AMCLPose,MeanY,1.39436,276.8
5d651f0d62fdae3371fe2c7c591bf11e,Localization Quality,AMCLPose,MeanX,1.10324,276.8
5d651f0d62fdae3371fe2c7c591bf11e,Localization Stability,TF,Jump Angular,5.36413e-05,277.8
5d651f0d62fdae3371fe2c7c591bf11e,Localization Stability,TF,Jump Linear,0.00307003,277.8
5d651f0d62fdae3371fe2c7c591bf11e,Input Validity,Lidar,Lidar Rate,10,276.9
5d651f0d62fdae3371fe2c7c591bf11e,Input Validity,Odometry,Odometry Rate,50,276.9
5d651f0d62fdae3371fe2c7c591bf11e,Input Validity,TF,TF Rate,10,276.9
5d651f0d62fdae3371fe2c7c591bf11e,Localization Quality,AMCLPose,CovYawYaw,0.00307784,276.9
5d651f0d62fdae3371fe2c7c591bf11e,Localization Quality,AMCLPose,CovYY,0.00361086,276.9
5d651f0d62fdae3371fe2c7c591bf11e,Localization Quality,AMCLPose,CovXX,0.0065931,276.9
5d651f0d62fdae3371fe2c7c591bf11e,Localization Quality,AMCLPose,MeanYaw,-2.40814,276.9
5d651f0d62fdae3371fe2c7c591bf11e,Localization Quality,AMCLPose,MeanY,1.39335,276.9
5d651f0d62fdae3371fe2c7c591bf11e,Localization Quality,AMCLPose,MeanX,1.10296,276.9
5d651f0d62fdae3371fe2c7c591bf11e,Localization Stability,TF,Jump Angular,0.001996,277.9
5d651f0d62fdae3371fe2c7c591bf11e,Localization Stability,TF,Jump Linear,0.0478598,277.9
5d651f0d62fdae3371fe2c7c591bf11e,Input Validity,Lidar,Lidar Rate,10,277
5d651f0d62fdae3371fe2c7c591bf11e,Input Validity,Odometry,Odometry Rate,50,277
5d651f0d62fdae3371fe2c7c591bf11e,Input Validity,TF,TF Rate,10,277
5d651f0d62fdae3371fe2c7c591bf11e,Localization Quality,AMCLPose,CovYawYaw,0.00344291,277
5d651f0d62fdae3371fe2c7c591bf11e,Localization Quality,AMCLPose,CovYY,0.00374665,277
5d651f0d62fdae3371fe2c7c591bf11e,Localization Quality,AMCLPose,CovXX,0.0070969,277
5d651f0d62fdae3371fe2c7c591bf11e,Localization Quality,AMCLPose,MeanYaw,-2.5117,277
5d651f0d62fdae3371fe2c7c591bf11e,Localization Quality,AMCLPose,MeanY,1.39322,277
5d651f0d62fdae3371fe2c7c591bf11e,Localization Quality,AMCLPose,MeanX,1.09814,277
5d651f0d62fdae3371fe2c7c591bf11e,Localization Stability,TF,Jump Angular,-0.00156763,278
5d651f0d62fdae3371fe2c7c591bf11e,Localization Stability,TF,Jump Linear,0.0362757,278
5d651f0d62fdae3371fe2c7c591bf11e,Input Validity,Lidar,Lidar Rate,10,277.09
5d651f0d62fdae3371fe2c7c591bf11e,Input Validity,Odometry,Odometry Rate,50,277.09
5d651f0d62fdae3371fe2c7c591bf11e,Input Validity,TF,TF Rate,10,277.09
5d651f0d62fdae3371fe2c7c591bf11e,Localization Quality,AMCLPose,CovYawYaw,0.00243546,277.1
5d651f0d62fdae3371fe2c7c591bf11e,Localization Quality,AMCLPose,CovYY,0.00353117,277.1
5d651f0d62fdae3371fe2c7c591bf11e,Localization Quality,AMCLPose,CovXX,0.0052775,277.1
5d651f0d62fdae3371fe2c7c591bf11e,Localization Quality,AMCLPose,MeanYaw,-2.56976,277.1
5d651f0d62fdae3371fe2c7c591bf11e,Localization Quality,AMCLPose,MeanY,1.3956,277.1
5d651f0d62fdae3371fe2c7c591bf11e,Localization Quality,AMCLPose,MeanX,1.11469,277.1
5d651f0d62fdae3371fe2c7c591bf11e,Localization Stability,TF,Jump Angular,-0.00358366,278.1
5d651f0d62fdae3371fe2c7c591bf11e,Localization Stability,TF,Jump Linear,0.0630957,278.1
5d651f0d62fdae3371fe2c7c591bf11e,Input Validity,Lidar,Lidar Rate,10,277.19
5d651f0d62fdae3371fe2c7c591bf11e,Input Validity,Odometry,Odometry Rate,50,277.19
5d651f0d62fdae3371fe2c7c591bf11e,Input Validity,TF,TF Rate,10,277.19
5d651f0d62fdae3371fe2c7c591bf11e,Localization Stability,TF,Jump Angular,0,278.2
5d651f0d62fdae3371fe2c7c591bf11e,Localization Stability,TF,Jump Linear,0,278.2
5d651f0d62fdae3371fe2c7c591bf11e,Input Validity,Lidar,Lidar Rate,10,277.29
5d651f0d62fdae3371fe2c7c591bf11e,Input Validity,Odometry,Odometry Rate,50,277.29
5d651f0d62fdae3371fe2c7c591bf11e,Input Validity,TF,TF Rate,10,277.29
5d651f0d62fdae3371fe2c7c591bf11e,Localization Quality,AMCLPose,CovYawYaw,0.00178261,277.3
5d651f0d62fdae3371fe2c7c591bf11e,Localization Quality,AMCLPose,CovYY,0.00336039,277.3
5d651f0d62fdae3371fe2c7c591bf11e,Localization Quality,AMCLPose,CovXX,0.00405983,277.3
5d651f0d62fdae3371fe2c7c591bf11e,Localization Quality,AMCLPose,MeanYaw,-2.64971,277.3
5d651f0d62fdae3371fe2c7c591bf11e,Localization Quality,AMCLPose,MeanY,1.38999,277.3
5d651f0d62fdae3371fe2c7c591bf11e,Localization Quality,AMCLPose,MeanX,1.1153,277.3
5d651f0d62fdae3371fe2c7c591bf11e,Localization Stability,TF,Jump Angular,0.000672765,278.3
5d651f0d62fdae3371fe2c7c591bf11e,Localization Stability,TF,Jump Linear,0.0305897,278.3
5d651f0d62fdae3371fe2c7c591bf11e,Input Validity,Lidar,Lidar Rate,10,277.39
5d651f0d62fdae3371fe2c7c591bf11e,Input Validity,Odometry,Odometry Rate,50,277.39
5d651f0d62fdae3371fe2c7c591bf11e,Input Validity,TF,TF Rate,10,277.39
5d651f0d62fdae3371fe2c7c591bf11e,Localization Stability,TF,Jump Angular,0,278.4
5d651f0d62fdae3371fe2c7c591bf11e,Localization Stability,TF,Jump Linear,0,278.4
5d651f0d62fdae3371fe2c7c591bf11e,Input Validity,Lidar,Lidar Rate,10,277.49
5d651f0d62fdae3371fe2c7c591bf11e,Input Validity,Odometry,Odometry Rate,50,277.49
5d651f0d62fdae3371fe2c7c591bf11e,Input Validity,TF,TF Rate,10,277.49
5d651f0d62fdae3371fe2c7c591bf11e,Localization Quality,AMCLPose,CovYawYaw,0.0012981,277.5
5d651f0d62fdae3371fe2c7c591bf11e,Localization Quality,AMCLPose,CovYY,0.00301755,277.5
5d651f0d62fdae3371fe2c7c591bf11e,Localization Quality,AMCLPose,CovXX,0.00295935,277.5
5d651f0d62fdae3371fe2c7c591bf11e,Localization Quality,AMCLPose,MeanYaw,-2.72248,277.5
5d651f0d62fdae3371fe2c7c591bf11e,Localization Quality,AMCLPose,MeanY,1.38595,277.5
5d651f0d62fdae3371fe2c7c591bf11e,Localization Quality,AMCLPose,MeanX,1.11005,277.5
5d651f0d62fdae3371fe2c7c591bf11e,Localization Stability,TF,Jump Angular,-0.0011949,278.5
5d651f0d62fdae3371fe2c7c591bf11e,Localization Stability,TF,Jump Linear,0.0186729,278.5
5d651f0d62fdae3371fe2c7c591bf11e,Input Validity,Lidar,Lidar Rate,10,277.59
5d651f0d62fdae3371fe2c7c591bf11e,Input Validity,Odometry,Odometry Rate,50,277.59
5d651f0d62fdae3371fe2c7c591bf11e,Input Validity,TF,TF Rate,10,277.59
5d651f0d62fdae3371fe2c7c591bf11e,Localization Stability,TF,Jump Angular,0,278.6
5d651f0d62fdae3371fe2c7c591bf11e,Localization Stability,TF,Jump Linear,0,278.6
5d651f0d62fdae3371fe2c7c591bf11e,Input Validity,Lidar,Lidar Rate,10,277.69
5d651f0d62fdae3371fe2c7c591bf11e,Input Validity,Odometry,Odometry Rate,50,277.69
5d651f0d62fdae3371fe2c7c591bf11e,Input Validity,TF,TF Rate,10,277.69
5d651f0d62fdae3371fe2c7c591bf11e,Input Validity,Lidar,Lidar Rate,10,277.79
5d651f0d62fdae3371fe2c7c591bf11e,Input Validity,Odometry,Odometry Rate,50,277.79
5d651f0d62fdae3371fe2c7c591bf11e,Input Validity,TF,TF Rate,10,277.79
5d651f0d62fdae3371fe2c7c591bf11e,Localization Quality,AMCLPose,CovYawYaw,0.000953857,277.7
5d651f0d62fdae3371fe2c7c591bf11e,Localization Quality,AMCLPose,CovYY,0.00247739,277.7
5d651f0d62fdae3371fe2c7c591bf11e,Localization Quality,AMCLPose,CovXX,0.00267891,277.7
5d651f0d62fdae3371fe2c7c591bf11e,Localization Quality,AMCLPose,MeanYaw,-2.78639,277.7
5d651f0d62fdae3371fe2c7c591bf11e,Localization Quality,AMCLPose,MeanY,1.37967,277.7
5d651f0d62fdae3371fe2c7c591bf11e,Localization Quality,AMCLPose,MeanX,1.098,277.7
5d651f0d62fdae3371fe2c7c591bf11e,Localization Stability,TF,Jump Angular,0.000292328,278.7
5d651f0d62fdae3371fe2c7c591bf11e,Localization Stability,TF,Jump Linear,0.0107128,278.7
5d651f0d62fdae3371fe2c7c591bf11e,Localization Stability,TF,Jump Angular,0,278.8
5d651f0d62fdae3371fe2c7c591bf11e,Localization Stability,TF,Jump Linear,0,278.8
5d651f0d62fdae3371fe2c7c591bf11e,Input Validity,Lidar,Lidar Rate,10,277.89
5d651f0d62fdae3371fe2c7c591bf11e,Input Validity,Odometry,Odometry Rate,50,277.89
5d651f0d62fdae3371fe2c7c591bf11e,Input Validity,TF,TF Rate,10,277.89
5d651f0d62fdae3371fe2c7c591bf11e,Localization Quality,AMCLPose,CovYawYaw,0.000758778,277.9
5d651f0d62fdae3371fe2c7c591bf11e,Localization Quality,AMCLPose,CovYY,0.00215035,277.9
5d651f0d62fdae3371fe2c7c591bf11e,Localization Quality,AMCLPose,CovXX,0.00243301,277.9
5d651f0d62fdae3371fe2c7c591bf11e,Localization Quality,AMCLPose,MeanYaw,-2.84415,277.9
5d651f0d62fdae3371fe2c7c591bf11e,Localization Quality,AMCLPose,MeanY,1.37053,277.9
5d651f0d62fdae3371fe2c7c591bf11e,Localization Quality,AMCLPose,MeanX,1.0828,277.9
5d651f0d62fdae3371fe2c7c591bf11e,Localization Stability,TF,Jump Angular,0.00174672,278.9
5d651f0d62fdae3371fe2c7c591bf11e,Localization Stability,TF,Jump Linear,0.0405209,278.9
5d651f0d62fdae3371fe2c7c591bf11e,Input Validity,Lidar,Lidar Rate,10,277.99
5d651f0d62fdae3371fe2c7c591bf11e,Input Validity,Odometry,Odometry Rate,50,277.99
5d651f0d62fdae3371fe2c7c591bf11e,Input Validity,TF,TF Rate,10,277.99
5d651f0d62fdae3371fe2c7c591bf11e,Localization Stability,TF,Jump Angular,0,279
5d651f0d62fdae3371fe2c7c591bf11e,Localization Stability,TF,Jump Linear,0,279
5d651f0d62fdae3371fe2c7c591bf11e,Input Validity,Lidar,Lidar Rate,10,278.09
5d651f0d62fdae3371fe2c7c591bf11e,Input Validity,Odometry,Odometry Rate,50,278.09
5d651f0d62fdae3371fe2c7c591bf11e,Input Validity,TF,TF Rate,10,278.09
5d651f0d62fdae3371fe2c7c591bf11e,Input Validity,Lidar,Lidar Rate,10,278.19
5d651f0d62fdae3371fe2c7c591bf11e,Input Validity,Odometry,Odometry Rate,50,278.19
5d651f0d62fdae3371fe2c7c591bf11e,Input Validity,TF,TF Rate,10,278.19
5d651f0d62fdae3371fe2c7c591bf11e,Localization Quality,AMCLPose,CovYawYaw,0.000631913,278.1
5d651f0d62fdae3371fe2c7c591bf11e,Localization Quality,AMCLPose,CovYY,0.00185306,278.1
5d651f0d62fdae3371fe2c7c591bf11e,Localization Quality,AMCLPose,CovXX,0.00226936,278.1
5d651f0d62fdae3371fe2c7c591bf11e,Localization Quality,AMCLPose,MeanYaw,-2.89881,278.1
5d651f0d62fdae3371fe2c7c591bf11e,Localization Quality,AMCLPose,MeanY,1.3624,278.1
5d651f0d62fdae3371fe2c7c591bf11e,Localization Quality,AMCLPose,MeanX,1.06779,278.1
5d651f0d62fdae3371fe2c7c591bf11e,Localization Stability,TF,Jump Angular,0.00110536,279.1
5d651f0d62fdae3371fe2c7c591bf11e,Localization Stability,TF,Jump Linear,0.025202,279.1
5d651f0d62fdae3371fe2c7c591bf11e,Localization Stability,TF,Jump Angular,0,279.2
5d651f0d62fdae3371fe2c7c591bf11e,Localization Stability,TF,Jump Linear,0,279.2
5d651f0d62fdae3371fe2c7c591bf11e,Input Validity,Lidar,Lidar Rate,10,278.29
5d651f0d62fdae3371fe2c7c591bf11e,Input Validity,Odometry,Odometry Rate,50,278.29
5d651f0d62fdae3371fe2c7c591bf11e,Input Validity,TF,TF Rate,10,278.29
5d651f0d62fdae3371fe2c7c591bf11e,Localization Stability,TF,Jump Angular,0,279.3
5d651f0d62fdae3371fe2c7c591bf11e,Localization Stability,TF,Jump Linear,0,279.3
5d651f0d62fdae3371fe2c7c591bf11e,Input Validity,Lidar,Lidar Rate,10,278.39
5d651f0d62fdae3371fe2c7c591bf11e,Input Validity,Odometry,Odometry Rate,50,278.39
5d651f0d62fdae3371fe2c7c591bf11e,Input Validity,TF,TF Rate,10,278.39
5d651f0d62fdae3371fe2c7c591bf11e,Input Validity,Lidar,Lidar Rate,10,278.49
5d651f0d62fdae3371fe2c7c591bf11e,Input Validity,Odometry,Odometry Rate,50,278.49
5d651f0d62fdae3371fe2c7c591bf11e,Input Validity,TF,TF Rate,10,278.49
5d651f0d62fdae3371fe2c7c591bf11e,Localization Quality,AMCLPose,CovYawYaw,0.000602555,278.4
5d651f0d62fdae3371fe2c7c591bf11e,Localization Quality,AMCLPose,CovYY,0.00165568,278.4
5d651f0d62fdae3371fe2c7c591bf11e,Localization Quality,AMCLPose,CovXX,0.00209605,278.4
5d651f0d62fdae3371fe2c7c591bf11e,Localization Quality,AMCLPose,MeanYaw,-2.96109,278.4
5d651f0d62fdae3371fe2c7c591bf11e,Localization Quality,AMCLPose,MeanY,1.35778,278.4
5d651f0d62fdae3371fe2c7c591bf11e,Localization Quality,AMCLPose,MeanX,1.04635,278.4
5d651f0d62fdae3371fe2c7c591bf11e,Localization Stability,TF,Jump Angular,1.51187e-05,279.4
5d651f0d62fdae3371fe2c7c591bf11e,Localization Stability,TF,Jump Linear,0.00240553,279.4
5d651f0d62fdae3371fe2c7c591bf11e,Localization Stability,TF,Jump Angular,0,279.5
5d651f0d62fdae3371fe2c7c591bf11e,Localization Stability,TF,Jump Linear,0,279.5
5d651f0d62fdae3371fe2c7c591bf11e,Input Validity,Lidar,Lidar Rate,10,278.59
5d651f0d62fdae3371fe2c7c591bf11e,Input Validity,Odometry,Odometry Rate,50,278.59
5d651f0d62fdae3371fe2c7c591bf11e,Input Validity,TF,TF Rate,10,278.59
5d651f0d62fdae3371fe2c7c591bf11e,Localization Stability,TF,Jump Angular,0,279.6
5d651f0d62fdae3371fe2c7c591bf11e,Localization Stability,TF,Jump Linear,0,279.6
5d651f0d62fdae3371fe2c7c591bf11e,Input Validity,Lidar,Lidar Rate,10,278.69
5d651f0d62fdae3371fe2c7c591bf11e,Input Validity,Odometry,Odometry Rate,50,278.69
5d651f0d62fdae3371fe2c7c591bf11e,Input Validity,TF,TF Rate,10,278.69
5d651f0d62fdae3371fe2c7c591bf11e,Localization Quality,AMCLPose,CovYawYaw,0.000537358,278.7
5d651f0d62fdae3371fe2c7c591bf11e,Localization Quality,AMCLPose,CovYY,0.00138209,278.7
5d651f0d62fdae3371fe2c7c591bf11e,Localization Quality,AMCLPose,CovXX,0.00196534,278.7
5d651f0d62fdae3371fe2c7c591bf11e,Localization Quality,AMCLPose,MeanYaw,-3.01057,278.7
5d651f0d62fdae3371fe2c7c591bf11e,Localization Quality,AMCLPose,MeanY,1.35156,278.7
5d651f0d62fdae3371fe2c7c591bf11e,Localization Quality,AMCLPose,MeanX,1.02357,278.7
5d651f0d62fdae3371fe2c7c591bf11e,Localization Stability,TF,Jump Angular,0.00178007,279.7
5d651f0d62fdae3371fe2c7c591bf11e,Localization Stability,TF,Jump Linear,0.0425252,279.7
5d651f0d62fdae3371fe2c7c591bf11e,Input Validity,Lidar,Lidar Rate,10,278.78
5d651f0d62fdae3371fe2c7c591bf11e,Input Validity,Odometry,Odometry Rate,50,278.78
5d651f0d62fdae3371fe2c7c591bf11e,Input Validity,TF,TF Rate,10,278.78
5d651f0d62fdae3371fe2c7c591bf11e,Localization Stability,TF,Jump Angular,0,279.8
5d651f0d62fdae3371fe2c7c591bf11e,Localization Stability,TF,Jump Linear,0,279.8
5d651f0d62fdae3371fe2c7c591bf11e,Input Validity,Lidar,Lidar Rate,10,278.88
5d651f0d62fdae3371fe2c7c591bf11e,Input Validity,Odometry,Odometry Rate,50,278.88
5d651f0d62fdae3371fe2c7c591bf11e,Input Validity,TF,TF Rate,10,278.88
5d651f0d62fdae3371fe2c7c591bf11e,Localization Stability,TF,Jump Angular,0,279.9
5d651f0d62fdae3371fe2c7c591bf11e,Localization Stability,TF,Jump Linear,0,279.9
5d651f0d62fdae3371fe2c7c591bf11e,Input Validity,Lidar,Lidar Rate,10,278.98
5d651f0d62fdae3371fe2c7c591bf11e,Input Validity,Odometry,Odometry Rate,50,278.98
5d651f0d62fdae3371fe2c7c591bf11e,Input Validity,TF,TF Rate,10,278.98
5d651f0d62fdae3371fe2c7c591bf11e,Localization Stability,TF,Jump Angular,0,280
5d651f0d62fdae3371fe2c7c591bf11e,Localization Stability,TF,Jump Linear,0,280
5d651f0d62fdae3371fe2c7c591bf11e,Input Validity,Lidar,Lidar Rate,10,279.08
5d651f0d62fdae3371fe2c7c591bf11e,Input Validity,Odometry,Odometry Rate,50,279.08
5d651f0d62fdae3371fe2c7c591bf11e,Input Validity,TF,TF Rate,10,279.08
5d651f0d62fdae3371fe2c7c591bf11e,Input Validity,Lidar,Lidar Rate,10,279.18
5d651f0d62fdae3371fe2c7c591bf11e,Input Validity,Odometry,Odometry Rate,50,279.18
5d651f0d62fdae3371fe2c7c591bf11e,Input Validity,TF,TF Rate,10,279.18
5d651f0d62fdae3371fe2c7c591bf11e,Localization Quality,AMCLPose,CovYawYaw,0.000587292,279.1
5d651f0d62fdae3371fe2c7c591bf11e,Localization Quality,AMCLPose,CovYY,0.00119617,279.1
5d651f0d62fdae3371fe2c7c591bf11e,Localization Quality,AMCLPose,CovXX,0.00179402,279.1
5d651f0d62fdae3371fe2c7c591bf11e,Localization Quality,AMCLPose,MeanYaw,-3.07748,279.1
5d651f0d62fdae3371fe2c7c591bf11e,Localization Quality,AMCLPose,MeanY,1.34601,279.1
5d651f0d62fdae3371fe2c7c591bf11e,Localization Quality,AMCLPose,MeanX,0.99269,279.1
5d651f0d62fdae3371fe2c7c591bf11e,Localization Stability,TF,Jump Angular,0.000973227,280.1
5d651f0d62fdae3371fe2c7c591bf11e,Localization Stability,TF,Jump Linear,0.0231771,280.1
5d651f0d62fdae3371fe2c7c591bf11e,Localization Stability,TF,Jump Angular,0,280.2
5d651f0d62fdae3371fe2c7c591bf11e,Localization Stability,TF,Jump Linear,0,280.2
5d651f0d62fdae3371fe2c7c591bf11e,Input Validity,Lidar,Lidar Rate,10,279.28
5d651f0d62fdae3371fe2c7c591bf11e,Input Validity,Odometry,Odometry Rate,50,279.28
5d651f0d62fdae3371fe2c7c591bf11e,Input Validity,TF,TF Rate,10,279.28
5d651f0d62fdae3371fe2c7c591bf11e,Localization Stability,TF,Jump Angular,0,280.3
5d651f0d62fdae3371fe2c7c591bf11e,Localization Stability,TF,Jump Linear,0,280.3
5d651f0d62fdae3371fe2c7c591bf11e,Input Validity,Lidar,Lidar Rate,10,279.38
5d651f0d62fdae3371fe2c7c591bf11e,Input Validity,Odometry,Odometry Rate,50,279.38
5d651f0d62fdae3371fe2c7c591bf11e,Input Validity,TF,TF Rate,10,279.38
5d651f0d62fdae3371fe2c7c591bf11e,Localization Quality,AMCLPose,CovYawYaw,0.000537574,279.4
5d651f0d62fdae3371fe2c7c591bf11e,Localization Quality,AMCLPose,CovYY,0.00111269,279.4
5d651f0d62fdae3371fe2c7c591bf11e,Localization Quality,AMCLPose,CovXX,0.00172078,279.4
5d651f0d62fdae3371fe2c7c591bf11e,Localization Quality,AMCLPose,MeanYaw,-3.13737,279.4
5d651f0d62fdae3371fe2c7c591bf11e,Localization Quality,AMCLPose,MeanY,1.34459,279.4
5d651f0d62fdae3371fe2c7c591bf11e,Localization Quality,AMCLPose,MeanX,0.969952,279.4
5d651f0d62fdae3371fe2c7c591bf11e,Localization Stability,TF,Jump Angular,1.1078e-05,280.4
5d651f0d62fdae3371fe2c7c591bf11e,Localization Stability,TF,Jump Linear,0.00153826,280.4
5d651f0d62fdae3371fe2c7c591bf11e,Input Validity,Lidar,Lidar Rate,10,279.48
5d651f0d62fdae3371fe2c7c591bf11e,Input Validity,Odometry,Odometry Rate,50,279.48
5d651f0d62fdae3371fe2c7c591bf11e,Input Validity,TF,TF Rate,10,279.48
5d651f0d62fdae3371fe2c7c591bf11e,Localization Stability,TF,Jump Angular,0,280.5
5d651f0d62fdae3371fe2c7c591bf11e,Localization Stability,TF,Jump Linear,0,280.5
5d651f0d62fdae3371fe2c7c591bf11e,Input Validity,Lidar,Lidar Rate,10,279.58
5d651f0d62fdae3371fe2c7c591bf11e,Input Validity,Odometry,Odometry Rate,50,279.58
5d651f0d62fdae3371fe2c7c591bf11e,Input Validity,TF,TF Rate,10,279.58
5d651f0d62fdae3371fe2c7c591bf11e,Localization Stability,TF,Jump Angular,0,280.6
5d651f0d62fdae3371fe2c7c591bf11e,Localization Stability,TF,Jump Linear,0,280.6
5d651f0d62fdae3371fe2c7c591bf11e,Input Validity,Lidar,Lidar Rate,10,279.68
5d651f0d62fdae3371fe2c7c591bf11e,Input Validity,Odometry,Odometry Rate,50,279.68
5d651f0d62fdae3371fe2c7c591bf11e,Input Validity,TF,TF Rate,10,279.68
5d651f0d62fdae3371fe2c7c591bf11e,Input Validity,Lidar,Lidar Rate,10,279.78
5d651f0d62fdae3371fe2c7c591bf11e,Input Validity,Odometry,Odometry Rate,50,279.78
5d651f0d62fdae3371fe2c7c591bf11e,Input Validity,TF,TF Rate,10,279.78
5d651f0d62fdae3371fe2c7c591bf11e,Localization Quality,AMCLPose,CovYawYaw,0.00053297,279.7
5d651f0d62fdae3371fe2c7c591bf11e,Localization Quality,AMCLPose,CovYY,0.00104928,279.7
5d651f0d62fdae3371fe2c7c591bf11e,Localization Quality,AMCLPose,CovXX,0.00174069,279.7
5d651f0d62fdae3371fe2c7c591bf11e,Localization Quality,AMCLPose,MeanYaw,3.08761,279.7
5d651f0d62fdae3371fe2c7c591bf11e,Localization Quality,AMCLPose,MeanY,1.34437,279.7
5d651f0d62fdae3371fe2c7c591bf11e,Localization Quality,AMCLPose,MeanX,0.945441,279.7
5d651f0d62fdae3371fe2c7c591bf11e,Localization Stability,TF,Jump Angular,7.16737e-05,280.7
5d651f0d62fdae3371fe2c7c591bf11e,Localization Stability,TF,Jump Linear,0.000943052,280.7
5d651f0d62fdae3371fe2c7c591bf11e,Localization Stability,TF,Jump Angular,0,280.8
5d651f0d62fdae3371fe2c7c591bf11e,Localization Stability,TF,Jump Linear,0,280.8
5d651f0d62fdae3371fe2c7c591bf11e,Input Validity,Lidar,Lidar Rate,10,279.88
5d651f0d62fdae3371fe2c7c591bf11e,Input Validity,Odometry,Odometry Rate,50,279.88
5d651f0d62fdae3371fe2c7c591bf11e,Input Validity,TF,TF Rate,10,279.88
5d651f0d62fdae3371fe2c7c591bf11e,Localization Stability,TF,Jump Angular,0,280.9
5d651f0d62fdae3371fe2c7c591bf11e,Localization Stability,TF,Jump Linear,0,280.9
5d651f0d62fdae3371fe2c7c591bf11e,Input Validity,Lidar,Lidar Rate,10,279.98
5d651f0d62fdae3371fe2c7c591bf11e,Input Validity,Odometry,Odometry Rate,50,279.98
5d651f0d62fdae3371fe2c7c591bf11e,Input Validity,TF,TF Rate,10,279.98
5d651f0d62fdae3371fe2c7c591bf11e,Localization Quality,AMCLPose,CovYawYaw,0.000499895,280
5d651f0d62fdae3371fe2c7c591bf11e,Localization Quality,AMCLPose,CovYY,0.000899775,280
5d651f0d62fdae3371fe2c7c591bf11e,Localization Quality,AMCLPose,CovXX,0.00176449,280
5d651f0d62fdae3371fe2c7c591bf11e,Localization Quality,AMCLPose,MeanYaw,3.02317,280
5d651f0d62fdae3371fe2c7c591bf11e,Localization Quality,AMCLPose,MeanY,1.34441,280
5d651f0d62fdae3371fe2c7c591bf11e,Localization Quality,AMCLPose,MeanX,0.921313,280
5d651f0d62fdae3371fe2c7c591bf11e,Localization Stability,TF,Jump Angular,0.000783045,281
5d651f0d62fdae3371fe2c7c591bf11e,Localization Stability,TF,Jump Linear,0.0177451,281
5d651f0d62fdae3371fe2c7c591bf11e,Input Validity,Lidar,Lidar Rate,10,280.08
5d651f0d62fdae3371fe2c7c591bf11e,Input Validity,Odometry,Odometry Rate,50,280.08
5d651f0d62fdae3371fe2c7c591bf11e,Input Validity,TF,TF Rate,10,280.08
5d651f0d62fdae3371fe2c7c591bf11e,Localization Stability,TF,Jump Angular,0,281.1
5d651f0d62fdae3371fe2c7c591bf11e,Localization Stability,TF,Jump Linear,0,281.1
5d651f0d62fdae3371fe2c7c591bf11e,Input Validity,Lidar,Lidar Rate,10,280.18
5d651f0d62fdae3371fe2c7c591bf11e,Input Validity,Odometry,Odometry Rate,50,280.18
5d651f0d62fdae3371fe2c7c591bf11e,Input Validity,TF,TF Rate,10,280.18
5d651f0d62fdae3371fe2c7c591bf11e,Localization Stability,TF,Jump Angular,0,281.2
5d651f0d62fdae3371fe2c7c591bf11e,Localization Stability,TF,Jump Linear,0,281.2
5d651f0d62fdae3371fe2c7c591bf11e,Input Validity,Lidar,Lidar Rate,10,280.28
5d651f0d62fdae3371fe2c7c591bf11e,Input Validity,Odometry,Odometry Rate,50,280.28
5d651f0d62fdae3371fe2c7c591bf11e,Input Validity,TF,TF Rate,10,280.28
5d651f0d62fdae3371fe2c7c591bf11e,Input Validity,Lidar,Lidar Rate,10,280.38
5d651f0d62fdae3371fe2c7c591bf11e,Input Validity,Odometry,Odometry Rate,50,280.38
5d651f0d62fdae3371fe2c7c591bf11e,Input Validity,TF,TF Rate,10,280.38
5d651f0d62fdae3371fe2c7c591bf11e,Localization Quality,AMCLPose,CovYawYaw,0.000533481,280.3
5d651f0d62fdae3371fe2c7c591bf11e,Localization Quality,AMCLPose,CovYY,0.000851995,280.3
5d651f0d62fdae3371fe2c7c591bf11e,Localization Quality,AMCLPose,CovXX,0.00178583,280.3
5d651f0d62fdae3371fe2c7c591bf11e,Localization Quality,AMCLPose,MeanYaw,2.95053,280.3
5d651f0d62fdae3371fe2c7c591bf11e,Localization Quality,AMCLPose,MeanY,1.34756,280.3
5d651f0d62fdae3371fe2c7c591bf11e,Localization Quality,AMCLPose,MeanX,0.897786,280.3
5d651f0d62fdae3371fe2c7c591bf11e,Localization Stability,TF,Jump Angular,0.000452461,281.3
5d651f0d62fdae3371fe2c7c591bf11e,Localization Stability,TF,Jump Linear,0.0108248,281.3
5d651f0d62fdae3371fe2c7c591bf11e,Localization Stability,TF,Jump Angular,0,281.4
5d651f0d62fdae3371fe2c7c591bf11e,Localization Stability,TF,Jump Linear,0,281.4
5d651f0d62fdae3371fe2c7c591bf11e,Input Validity,Lidar,Lidar Rate,10,280.48
5d651f0d62fdae3371fe2c7c591bf11e,Input Validity,Odometry,Odometry Rate,50,280.48
5d651f0d62fdae3371fe2c7c591bf11e,Input Validity,TF,TF Rate,10,280.48
5d651f0d62fdae3371fe2c7c591bf11e,Localization Stability,TF,Jump Angular,0,281.5
5d651f0d62fdae3371fe2c7c591bf11e,Localization Stability,TF,Jump Linear,0,281.5
5d651f0d62fdae3371fe2c7c591bf11e,Input Validity,Lidar,Lidar Rate,10,280.57
5d651f0d62fdae3371fe2c7c591bf11e,Input Validity,Odometry,Odometry Rate,50,280.57
5d651f0d62fdae3371fe2c7c591bf11e,Input Validity,TF,TF Rate,10,280.57
5d651f0d62fdae3371fe2c7c591bf11e,Localization Stability,TF,Jump Angular,0,281.6
5d651f0d62fdae3371fe2c7c591bf11e,Localization Stability,TF,Jump Linear,0,281.6
5d651f0d62fdae3371fe2c7c591bf11e,Input Validity,Lidar,Lidar Rate,10,280.67
5d651f0d62fdae3371fe2c7c591bf11e,Input Validity,Odometry,Odometry Rate,50,280.67
5d651f0d62fdae3371fe2c7c591bf11e,Input Validity,TF,TF Rate,10,280.67
5d651f0d62fdae3371fe2c7c591bf11e,Input Validity,Lidar,Lidar Rate,10,280.77
5d651f0d62fdae3371fe2c7c591bf11e,Input Validity,Odometry,Odometry Rate,50,280.77
5d651f0d62fdae3371fe2c7c591bf11e,Input Validity,TF,TF Rate,10,280.77
5d651f0d62fdae3371fe2c7c591bf11e,Localization Quality,AMCLPose,CovYawYaw,0.000541016,280.7
5d651f0d62fdae3371fe2c7c591bf11e,Localization Quality,AMCLPose,CovYY,0.000746128,280.7
5d651f0d62fdae3371fe2c7c591bf11e,Localization Quality,AMCLPose,CovXX,0.00177148,280.7
5d651f0d62fdae3371fe2c7c591bf11e,Localization Quality,AMCLPose,MeanYaw,3.01245,280.7
5d651f0d62fdae3371fe2c7c591bf11e,Localization Quality,AMCLPose,MeanY,1.34923,280.7
5d651f0d62fdae3371fe2c7c591bf11e,Localization Quality,AMCLPose,MeanX,0.894857,280.7
5d651f0d62fdae3371fe2c7c591bf11e,Localization Stability,TF,Jump Angular,4.26695e-05,281.7
5d651f0d62fdae3371fe2c7c591bf11e,Localization Stability,TF,Jump Linear,0.00250417,281.7
5d651f0d62fdae3371fe2c7c591bf11e,Input Validity,Lidar,Lidar Rate,10,280.87
5d651f0d62fdae3371fe2c7c591bf11e,Input Validity,Odometry,Odometry Rate,50,280.87
5d651f0d62fdae3371fe2c7c591bf11e,Input Validity,TF,TF Rate,10,280.87
5d651f0d62fdae3371fe2c7c591bf11e,Localization Quality,AMCLPose,CovYawYaw,0.000529776,280.8
5d651f0d62fdae3371fe2c7c591bf11e,Localization Quality,AMCLPose,CovYY,0.000651946,280.8
5d651f0d62fdae3371fe2c7c591bf11e,Localization Quality,AMCLPose,CovXX,0.00166376,280.8
5d651f0d62fdae3371fe2c7c591bf11e,Localization Quality,AMCLPose,MeanYaw,3.06882,280.8
5d651f0d62fdae3371fe2c7c591bf11e,Localization Quality,AMCLPose,MeanY,1.34871,280.8
5d651f0d62fdae3371fe2c7c591bf11e,Localization Quality,AMCLPose,MeanX,0.894745,280.8
5d651f0d62fdae3371fe2c7c591bf11e,Localization Stability,TF,Jump Angular,-0.000579904,281.8
5d651f0d62fdae3371fe2c7c591bf11e,Localization Stability,TF,Jump Linear,0.0144407,281.8
5d651f0d62fdae3371fe2c7c591bf11e,Input Validity,Lidar,Lidar Rate,10,280.97
5d651f0d62fdae3371fe2c7c591bf11e,Input Validity,Odometry,Odometry Rate,50,280.97
5d651f0d62fdae3371fe2c7c591bf11e,Input Validity,TF,TF Rate,10,280.97
5d651f0d62fdae3371fe2c7c591bf11e,Localization Quality,AMCLPose,CovYawYaw,0.000602016,280.9
5d651f0d62fdae3371fe2c7c591bf11e,Localization Quality,AMCLPose,CovYY,0.000618558,280.9
5d651f0d62fdae3371fe2c7c591bf11e,Localization Quality,AMCLPose,CovXX,0.00170407,280.9
5d651f0d62fdae3371fe2c7c591bf11e,Localization Quality,AMCLPose,MeanYaw,-3.14047,280.9
5d651f0d62fdae3371fe2c7c591bf11e,Localization Quality,AMCLPose,MeanY,1.34875,280.9
5d651f0d62fdae3371fe2c7c591bf11e,Localization Quality,AMCLPose,MeanX,0.894394,280.9
5d651f0d62fdae3371fe2c7c591bf11e,Localization Stability,TF,Jump Angular,0.000304132,281.9
5d651f0d62fdae3371fe2c7c591bf11e,Localization Stability,TF,Jump Linear,0.00710486,281.9
5d651f0d62fdae3371fe2c7c591bf11e,Input Validity,Lidar,Lidar Rate,10,281.07
5d651f0d62fdae3371fe2c7c591bf11e,Input Validity,Odometry,Odometry Rate,50,281.07
5d651f0d62fdae3371fe2c7c591bf11e,Input Validity,TF,TF Rate,10,281.07
5d651f0d62fdae3371fe2c7c591bf11e,Localization Quality,AMCLPose,CovYawYaw,0.000702087,281
5d651f0d62fdae3371fe2c7c591bf11e,Localization Quality,AMCLPose,CovYY,0.000559208,281
5d651f0d62fdae3371fe2c7c591bf11e,Localization Quality,AMCLPose,CovXX,0.00194102,281
5d651f0d62fdae3371fe2c7c591bf11e,Localization Quality,AMCLPose,MeanYaw,-3.05052,281
5d651f0d62fdae3371fe2c7c591bf11e,Localization Quality,AMCLPose,MeanY,1.34889,281
5d651f0d62fdae3371fe2c7c591bf11e,Localization Quality,AMCLPose,MeanX,0.894585,281
5d651f0d62fdae3371fe2c7c591bf11e,Localization Stability,TF,Jump Angular,-0.000588356,282
5d651f0d62fdae3371fe2c7c591bf11e,Localization Stability,TF,Jump Linear,0.0140276,282
5d651f0d62fdae3371fe2c7c591bf11e,Input Validity,Lidar,Lidar Rate,10,281.17
5d651f0d62fdae3371fe2c7c591bf11e,Input Validity,Odometry,Odometry Rate,50,281.17
5d651f0d62fdae3371fe2c7c591bf11e,Input Validity,TF,TF Rate,10,281.17
5d651f0d62fdae3371fe2c7c591bf11e,Localization Quality,AMCLPose,CovYawYaw,0.000930047,281.1
5d651f0d62fdae3371fe2c7c591bf11e,Localization Quality,AMCLPose,CovYY,0.000535243,281.1
5d651f0d62fdae3371fe2c7c591bf11e,Localization Quality,AMCLPose,CovXX,0.00240905,281.1
5d651f0d62fdae3371fe2c7c591bf11e,Localization Quality,AMCLPose,MeanYaw,-2.94171,281.1
5d651f0d62fdae3371fe2c7c591bf11e,Localization Quality,AMCLPose,MeanY,1.34775,281.1
5d651f0d62fdae3371fe2c7c591bf11e,Localization Quality,AMCLPose,MeanX,0.894587,281.1
5d651f0d62fdae3371fe2c7c591bf11e,Localization Stability,TF,Jump Angular,0.00127854,282.1
5d651f0d62fdae3371fe2c7c591bf11e,Localization Stability,TF,Jump Linear,0.0303932,282.1
5d651f0d62fdae3371fe2c7c591bf11e,Input Validity,Lidar,Lidar Rate,10,281.27
5d651f0d62fdae3371fe2c7c591bf11e,Input Validity,Odometry,Odometry Rate,50,281.27
5d651f0d62fdae3371fe2c7c591bf11e,Input Validity,TF,TF Rate,10,281.27
5d651f0d62fdae3371fe2c7c591bf11e,Localization Quality,AMCLPose,CovYawYaw,0.00117833,281.2
5d651f0d62fdae3371fe2c7c591bf11e,Localization Quality,AMCLPose,CovYY,0.000516464,281.2
5d651f0d62fdae3371fe2c7c591bf11e,Localization Quality,AMCLPose,CovXX,0.00285273,281.2
5d651f0d62fdae3371fe2c7c591bf11e,Localization Quality,AMCLPose,MeanYaw,-2.81784,281.2
5d651f0d62fdae3371fe2c7c591bf11e,Localization Quality,AMCLPose,MeanY,1.347,281.2
5d651f0d62fdae3371fe2c7c591bf11e,Localization Quality,AMCLPose,MeanX,0.894353,281.2
5d651f0d62fdae3371fe2c7c591bf11e,Localization Stability,TF,Jump Angular,-0.000659459,282.2
5d651f0d62fdae3371fe2c7c591bf11e,Localization Stability,TF,Jump Linear,0.0165999,282.2
5d651f0d62fdae3371fe2c7c591bf11e,Localization Quality,AMCLPose,CovYawYaw,0.00137573,281.3
5d651f0d62fdae3371fe2c7c591bf11e,Localization Quality,AMCLPose,CovYY,0.000581739,281.3
5d651f0d62fdae3371fe2c7c591bf11e,Localization Quality,AMCLPose,CovXX,0.00354828,281.3
5d651f0d62fdae3371fe2c7c591bf11e,Localization Quality,AMCLPose,MeanYaw,-2.67674,281.3
5d651f0d62fdae3371fe2c7c591bf11e,Localization Quality,AMCLPose,MeanY,1.3478,281.3
5d651f0d62fdae3371fe2c7c591bf11e,Localization Quality,AMCLPose,MeanX,0.898813,281.3
5d651f0d62fdae3371fe2c7c591bf11e,Localization Stability,TF,Jump Angular,-0.000415538,282.3
5d651f0d62fdae3371fe2c7c591bf11e,Localization Stability,TF,Jump Linear,0.00615465,282.3
5d651f0d62fdae3371fe2c7c591bf11e,Input Validity,Lidar,Lidar Rate,10,281.37
5d651f0d62fdae3371fe2c7c591bf11e,Input Validity,Odometry,Odometry Rate,50,281.37
5d651f0d62fdae3371fe2c7c591bf11e,Input Validity,TF,TF Rate,10,281.37
5d651f0d62fdae3371fe2c7c591bf11e,Input Validity,Lidar,Lidar Rate,10,281.47
5d651f0d62fdae3371fe2c7c591bf11e,Input Validity,Odometry,Odometry Rate,50,281.47
5d651f0d62fdae3371fe2c7c591bf11e,Input Validity,TF,TF Rate,10,281.47
5d651f0d62fdae3371fe2c7c591bf11e,Localization Quality,AMCLPose,CovYawYaw,0.0027535,281.4
5d651f0d62fdae3371fe2c7c591bf11e,Localization Quality,AMCLPose,CovYY,0.000846874,281.4
5d651f0d62fdae3371fe2c7c591bf11e,Localization Quality,AMCLPose,CovXX,0.00435307,281.4
5d651f0d62fdae3371fe2c7c591bf11e,Localization Quality,AMCLPose,MeanYaw,-2.51675,281.4
5d651f0d62fdae3371fe2c7c591bf11e,Localization Quality,AMCLPose,MeanY,1.34779,281.4
5d651f0d62fdae3371fe2c7c591bf11e,Localization Quality,AMCLPose,MeanX,0.898642,281.4
5d651f0d62fdae3371fe2c7c591bf11e,Localization Stability,TF,Jump Angular,0.00149571,282.4
5d651f0d62fdae3371fe2c7c591bf11e,Localization Stability,TF,Jump Linear,0.0361108,282.4
5d651f0d62fdae3371fe2c7c591bf11e,Localization Quality,AMCLPose,CovYawYaw,0.00408974,281.5
5d651f0d62fdae3371fe2c7c591bf11e,Localization Quality,AMCLPose,CovYY,0.00133522,281.5
5d651f0d62fdae3371fe2c7c591bf11e,Localization Quality,AMCLPose,CovXX,0.00504994,281.5
5d651f0d62fdae3371fe2c7c591bf11e,Localization Quality,AMCLPose,MeanYaw,-2.34148,281.5
5d651f0d62fdae3371fe2c7c591bf11e,Localization Quality,AMCLPose,MeanY,1.34887,281.5
5d651f0d62fdae3371fe2c7c591bf11e,Localization Quality,AMCLPose,MeanX,0.899391,281.5
5d651f0d62fdae3371fe2c7c591bf11e,Localization Stability,TF,Jump Angular,-0.000207996,282.5
5d651f0d62fdae3371fe2c7c591bf11e,Localization Stability,TF,Jump Linear,0.00385687,282.5
5d651f0d62fdae3371fe2c7c591bf11e,Input Validity,Lidar,Lidar Rate,10,281.57
5d651f0d62fdae3371fe2c7c591bf11e,Input Validity,Odometry,Odometry Rate,50,281.57
5d651f0d62fdae3371fe2c7c591bf11e,Input Validity,TF,TF Rate,10,281.57
5d651f0d62fdae3371fe2c7c591bf11e,Localization Quality,AMCLPose,CovYawYaw,0.00554069,281.6
5d651f0d62fdae3371fe2c7c591bf11e,Localization Quality,AMCLPose,CovYY,0.00219356,281.6
5d651f0d62fdae3371fe2c7c591bf11e,Localization Quality,AMCLPose,CovXX,0.00551673,281.6
5d651f0d62fdae3371fe2c7c591bf11e,Localization Quality,AMCLPose,MeanYaw,-2.15044,281.6
5d651f0d62fdae3371fe2c7c591bf11e,Localization Quality,AMCLPose,MeanY,1.35006,281.6
5d651f0d62fdae3371fe2c7c591bf11e,Localization Quality,AMCLPose,MeanX,0.901177,281.6
5d651f0d62fdae3371fe2c7c591bf11e,Localization Stability,TF,Jump Angular,-0.00141846,282.6
5d651f0d62fdae3371fe2c7c591bf11e,Localization Stability,TF,Jump Linear,0.0322458,282.6
5d651f0d62fdae3371fe2c7c591bf11e,Input Validity,Lidar,Lidar Rate,10,281.67
5d651f0d62fdae3371fe2c7c591bf11e,Input Validity,Odometry,Odometry Rate,50,281.67
5d651f0d62fdae3371fe2c7c591bf11e,Input Validity,TF,TF Rate,10,281.67
5d651f0d62fdae3371fe2c7c591bf11e,Input Validity,Lidar,Lidar Rate,10,281.77
5d651f0d62fdae3371fe2c7c591bf11e,Input Validity,Odometry,Odometry Rate,50,281.77
5d651f0d62fdae3371fe2c7c591bf11e,Input Validity,TF,TF Rate,10,281.77
5d651f0d62fdae3371fe2c7c591bf11e,Localization Quality,AMCLPose,CovYawYaw,0.00485732,281.7
5d651f0d62fdae3371fe2c7c591bf11e,Localization Quality,AMCLPose,CovYY,0.0032388,281.7
5d651f0d62fdae3371fe2c7c591bf11e,Localization Quality,AMCLPose,CovXX,0.0052568,281.7
5d651f0d62fdae3371fe2c7c591bf11e,Localization Quality,AMCLPose,MeanYaw,-1.93814,281.7
5d651f0d62fdae3371fe2c7c591bf11e,Localization Quality,AMCLPose,MeanY,1.34811,281.7
5d651f0d62fdae3371fe2c7c591bf11e,Localization Quality,AMCLPose,MeanX,0.899862,281.7
5d651f0d62fdae3371fe2c7c591bf11e,Localization Stability,TF,Jump Angular,0.00288082,282.7
5d651f0d62fdae3371fe2c7c591bf11e,Localization Stability,TF,Jump Linear,0.0676828,282.7
5d651f0d62fdae3371fe2c7c591bf11e,Input Validity,Lidar,Lidar Rate,10,281.87
5d651f0d62fdae3371fe2c7c591bf11e,Input Validity,Odometry,Odometry Rate,50,281.87
5d651f0d62fdae3371fe2c7c591bf11e,Input Validity,TF,TF Rate,10,281.87
5d651f0d62fdae3371fe2c7c591bf11e,Localization Quality,AMCLPose,CovYawYaw,0.00430272,281.8
5d651f0d62fdae3371fe2c7c591bf11e,Localization Quality,AMCLPose,CovYY,0.00431948,281.8
5d651f0d62fdae3371fe2c7c591bf11e,Localization Quality,AMCLPose,CovXX,0.00463288,281.8
5d651f0d62fdae3371fe2c7c591bf11e,Localization Quality,AMCLPose,MeanYaw,-1.71417,281.8
5d651f0d62fdae3371fe2c7c591bf11e,Localization Quality,AMCLPose,MeanY,1.34948,281.8
5d651f0d62fdae3371fe2c7c591bf11e,Localization Quality,AMCLPose,MeanX,0.900549,281.8
5d651f0d62fdae3371fe2c7c591bf11e,Localization Stability,TF,Jump Angular,0.00404276,282.8
5d651f0d62fdae3371fe2c7c591bf11e,Localization Stability,TF,Jump Linear,0.0993371,282.8
5d651f0d62fdae3371fe2c7c591bf11e,Input Validity,Lidar,Lidar Rate,10,281.97
5d651f0d62fdae3371fe2c7c591bf11e,Input Validity,Odometry,Odometry Rate,50,281.97
5d651f0d62fdae3371fe2c7c591bf11e,Input Validity,TF,TF Rate,10,281.97
5d651f0d62fdae3371fe2c7c591bf11e,Localization Quality,AMCLPose,CovYawYaw,0.00427794,281.9
5d651f0d62fdae3371fe2c7c591bf11e,Localization Quality,AMCLPose,CovYY,0.00481799,281.9
5d651f0d62fdae3371fe2c7c591bf11e,Localization Quality,AMCLPose,CovXX,0.00401951,281.9
5d651f0d62fdae3371fe2c7c591bf11e,Localization Quality,AMCLPose,MeanYaw,-1.49618,281.9
5d651f0d62fdae3371fe2c7c591bf11e,Localization Quality,AMCLPose,MeanY,1.35175,281.9
5d651f0d62fdae3371fe2c7c591bf11e,Localization Quality,AMCLPose,MeanX,0.902048,281.9
5d651f0d62fdae3371fe2c7c591bf11e,Localization Stability,TF,Jump Angular,-0.00201324,282.9
5d651f0d62fdae3371fe2c7c591bf11e,Localization Stability,TF,Jump Linear,0.0463179,282.9
5d651f0d62fdae3371fe2c7c591bf11e,Input Validity,Lidar,Lidar Rate,10,282.07
5d651f0d62fdae3371fe2c7c591bf11e,Input Validity,Odometry,Odometry Rate,50,282.07
5d651f0d62fdae3371fe2c7c591bf11e,Input Validity,TF,TF Rate,10,282.07
5d651f0d62fdae3371fe2c7c591bf11e,Localization Quality,AMCLPose,CovYawYaw,0.00424801,282
5d651f0d62fdae3371fe2c7c591bf11e,Localization Quality,AMCLPose,CovYY,0.00602032,282
5d651f0d62fdae3371fe2c7c591bf11e,Localization Quality,AMCLPose,CovXX,0.00356428,282
5d651f0d62fdae3371fe2c7c591bf11e,Localization Quality,AMCLPose,MeanYaw,-1.27359,282
5d651f0d62fdae3371fe2c7c591bf11e,Localization Quality,AMCLPose,MeanY,1.35256,282
5d651f0d62fdae3371fe2c7c591bf11e,Localization Quality,AMCLPose,MeanX,0.903712,282
5d651f0d62fdae3371fe2c7c591bf11e,Localization Stability,TF,Jump Angular,0.00259466,283
5d651f0d62fdae3371fe2c7c591bf11e,Localization Stability,TF,Jump Linear,0.0647387,283
5d651f0d62fdae3371fe2c7c591bf11e,Input Validity,Lidar,Lidar Rate,10,282.17
5d651f0d62fdae3371fe2c7c591bf11e,Input Validity,Odometry,Odometry Rate,50,282.17
5d651f0d62fdae3371fe2c7c591bf11e,Input Validity,TF,TF Rate,10,282.17
5d651f0d62fdae3371fe2c7c591bf11e,Localization Quality,AMCLPose,CovYawYaw,0.00457902,282.1
5d651f0d62fdae3371fe2c7c591bf11e,Localization Quality,AMCLPose,CovYY,0.00596473,282.1
5d651f0d62fdae3371fe2c7c591bf11e,Localization Quality,AMCLPose,CovXX,0.00358534,282.1
5d651f0d62fdae3371fe2c7c591bf11e,Localization Quality,AMCLPose,MeanYaw,-1.05478,282.1
5d651f0d62fdae3371fe2c7c591bf11e,Localization Quality,AMCLPose,MeanY,1.3506,282.1
5d651f0d62fdae3371fe2c7c591bf11e,Localization Quality,AMCLPose,MeanX,0.90353,282.1
5d651f0d62fdae3371fe2c7c591bf11e,Localization Stability,TF,Jump Angular,-0.00119908,283.1
5d651f0d62fdae3371fe2c7c591bf11e,Localization Stability,TF,Jump Linear,0.0303423,283.1
5d651f0d62fdae3371fe2c7c591bf11e,Input Validity,Lidar,Lidar Rate,10,282.26
5d651f0d62fdae3371fe2c7c591bf11e,Input Validity,Odometry,Odometry Rate,50,282.26
5d651f0d62fdae3371fe2c7c591bf11e,Input Validity,TF,TF Rate,10,282.26
5d651f0d62fdae3371fe2c7c591bf11e,Localization Quality,AMCLPose,CovYawYaw,0.00683952,282.2
5d651f0d62fdae3371fe2c7c591bf11e,Localization Quality,AMCLPose,CovYY,0.00748707,282.2
5d651f0d62fdae3371fe2c7c591bf11e,Localization Quality,AMCLPose,CovXX,0.00396583,282.2
5d651f0d62fdae3371fe2c7c591bf11e,Localization Quality,AMCLPose,MeanYaw,-0.837185,282.2
5d651f0d62fdae3371fe2c7c591bf11e,Localization Quality,AMCLPose,MeanY,1.34891,282.2
5d651f0d62fdae3371fe2c7c591bf11e,Localization Quality,AMCLPose,MeanX,0.905809,282.2
5d651f0d62fdae3371fe2c7c591bf11e,Localization Stability,TF,Jump Angular,-0.00240018,283.2
5d651f0d62fdae3371fe2c7c591bf11e,Localization Stability,TF,Jump Linear,0.0572742,283.2
5d651f0d62fdae3371fe2c7c591bf11e,Input Validity,Lidar,Lidar Rate,10,282.36
5d651f0d62fdae3371fe2c7c591bf11e,Input Validity,Odometry,Odometry Rate,50,282.36
5d651f0d62fdae3371fe2c7c591bf11e,Input Validity,TF,TF Rate,10,282.36
5d651f0d62fdae3371fe2c7c591bf11e,Localization Quality,AMCLPose,CovYawYaw,0.00960691,282.3
5d651f0d62fdae3371fe2c7c591bf11e,Localization Quality,AMCLPose,CovYY,0.0092988,282.3
5d651f0d62fdae3371fe2c7c591bf11e,Localization Quality,AMCLPose,CovXX,0.00515309,282.3
5d651f0d62fdae3371fe2c7c591bf11e,Localization Quality,AMCLPose,MeanYaw,-0.618233,282.3
5d651f0d62fdae3371fe2c7c591bf11e,Localization Quality,AMCLPose,MeanY,1.35112,282.3
5d651f0d62fdae3371fe2c7c591bf11e,Localization Quality,AMCLPose,MeanX,0.905582,282.3
5d651f0d62fdae3371fe2c7c591bf11e,Localization Stability,TF,Jump Angular,-0.00104762,283.3
5d651f0d62fdae3371fe2c7c591bf11e,Localization Stability,TF,Jump Linear,0.0244544,283.3
5d651f0d62fdae3371fe2c7c591bf11e,Localization Recovery,TTR,Kidnap Angle,0.771998,282.42
5d651f0d62fdae3371fe2c7c591bf11e,Localization Recovery,TTR,Kidnap Distance,0.46096,282.42
5d651f0d62fdae3371fe2c7c591bf11e,Localization Recovery,TTR,TTR Outcome,0,282.42
5d651f0d62fdae3371fe2c7c591bf11e,Localization Recovery,TTR,TTR,-1,282.42
5d651f0d62fdae3371fe2c7c591bf11e,Mission Outcome,Episode Event,Recoveries,0,282.42
5d651f0d62fdae3371fe2c7c591bf11e,Mission Outcome,Episode Event,Collisions,0,282.42
5d651f0d62fdae3371fe2c7c591bf11e,Mission Outcome,Episode Event,Navigation Time,28.3,282.42
5d651f0d62fdae3371fe2c7c591bf11e,Mission Outcome,Episode Event,Goal Result,1,282.42
5d651f0d62fdae3371fe2c7c591bf11e,Input Validity,AMCLPose,Pose Monotonicity,0,282.42
5d651f0d62fdae3371fe2c7c591bf11e,Input Validity,Lidar,Lidar Frame Mistmatch,0,282.42
5d651f0d62fdae3371fe2c7c591bf11e,Input Validity,Lidar,Lidar Monotonicity,0,282.42
5d651f0d62fdae3371fe2c7c591bf11e,Input Validity,Odometry,Odometry Frame Mismatch,0,282.42
5d651f0d62fdae3371fe2c7c591bf11e,Input Validity,Odometry,Odometry Monotonicity,0,282.42
5d651f0d62fdae3371fe2c7c591bf11e,Input Validity,TF,TF Gap Count,0,282.42
5d651f0d62fdae3371fe2c7c591bf11e,Input Validity,TF,TF Frame Drop,1414,282.42
5d651f0d62fdae3371fe2c7c591bf11e,Input Validity,TF,TF Monotonicity,0,282.42
5d651f0d62fdae3371fe2c7c591bf11e,map,4.72498,-2.87498,163.616,0.825,1.375,-25.592,1,SUCCEEDED,1,28.3,254.12,282.42,0.0457745,0.120623,0.48717,0.0896309,0.00399886,0.0730033,0.0285999,710.76,2845,6.60829,23.1546,0.137224,1.02315,0,1414,0.872873
b432d048fe72339b53581e3cdc5367db,Localization Stability,TF,Jump Angular,0,288.6
b432d048fe72339b53581e3cdc5367db,Localization Stability,TF,Jump Linear,0,288.6
b432d048fe72339b53581e3cdc5367db,Input Validity,Lidar,Lidar Rate,10,287.63
b432d048fe72339b53581e3cdc5367db,Input Validity,Odometry,Odometry Rate,50,287.63
b432d048fe72339b53581e3cdc5367db,Input Validity,TF,TF Rate,10,287.63
b432d048fe72339b53581e3cdc5367db,Input Validity,Lidar,Lidar Rate,10,287.73
b432d048fe72339b53581e3cdc5367db,Input Validity,Odometry,Odometry Rate,50,287.73
b432d048fe72339b53581e3cdc5367db,Input Validity,TF,TF Rate,10,287.73
b432d048fe72339b53581e3cdc5367db,Localization Stability,TF,Jump Angular,0,288.7
b432d048fe72339b53581e3cdc5367db,Localization Stability,TF,Jump Linear,0,288.7
b432d048fe72339b53581e3cdc5367db,Input Validity,Lidar,Lidar Rate,10,287.83
b432d048fe72339b53581e3cdc5367db,Input Validity,Odometry,Odometry Rate,50,287.83
b432d048fe72339b53581e3cdc5367db,Input Validity,TF,TF Rate,10,287.83
b432d048fe72339b53581e3cdc5367db,Localization Stability,TF,Jump Angular,0,288.8
b432d048fe72339b53581e3cdc5367db,Localization Stability,TF,Jump Linear,0,288.8
b432d048fe72339b53581e3cdc5367db,Input Validity,Lidar,Lidar Rate,10,287.93
b432d048fe72339b53581e3cdc5367db,Input Validity,Odometry,Odometry Rate,50,287.93
b432d048fe72339b53581e3cdc5367db,Input Validity,TF,TF Rate,10,287.93
b432d048fe72339b53581e3cdc5367db,Localization Stability,TF,Jump Angular,-0.00260111,288.9
b432d048fe72339b53581e3cdc5367db,Localization Stability,TF,Jump Linear,0.0631248,288.9
b432d048fe72339b53581e3cdc5367db,Input Validity,Lidar,Lidar Rate,10,288.03
b432d048fe72339b53581e3cdc5367db,Input Validity,Odometry,Odometry Rate,50,288.03
b432d048fe72339b53581e3cdc5367db,Input Validity,TF,TF Rate,10,288.03
b432d048fe72339b53581e3cdc5367db,Localization Quality,AMCLPose,CovYawYaw,0.00148308,288
b432d048fe72339b53581e3cdc5367db,Localization Quality,AMCLPose,CovYY,0.00208386,288
b432d048fe72339b53581e3cdc5367db,Localization Quality,AMCLPose,CovXX,0.00467597,288
b432d048fe72339b53581e3cdc5367db,Localization Quality,AMCLPose,MeanYaw,-0.153449,288
b432d048fe72339b53581e3cdc5367db,Localization Quality,AMCLPose,MeanY,1.34188,288
b432d048fe72339b53581e3cdc5367db,Localization Quality,AMCLPose,MeanX,0.901305,288
b432d048fe72339b53581e3cdc5367db,Localization Stability,TF,Jump Angular,-0.00308668,289
b432d048fe72339b53581e3cdc5367db,Localization Stability,TF,Jump Linear,0.0761678,289
b432d048fe72339b53581e3cdc5367db,Input Validity,Lidar,Lidar Rate,10,288.13
b432d048fe72339b53581e3cdc5367db,Input Validity,Odometry,Odometry Rate,50,288.13
b432d048fe72339b53581e3cdc5367db,Input Validity,TF,TF Rate,10,288.13
b432d048fe72339b53581e3cdc5367db,Localization Quality,AMCLPose,CovYawYaw,0.00122894,288.1
b432d048fe72339b53581e3cdc5367db,Localization Quality,AMCLPose,CovYY,0.00158148,288.1
b432d048fe72339b53581e3cdc5367db,Localization Quality,AMCLPose,CovXX,0.00456039,288.1
b432d048fe72339b53581e3cdc5367db,Localization Quality,AMCLPose,MeanYaw,-0.246753,288.1
b432d048fe72339b53581e3cdc5367db,Localization Quality,AMCLPose,MeanY,1.34179,288.1
b432d048fe72339b53581e3cdc5367db,Localization Quality,AMCLPose,MeanX,0.90011,288.1
b432d048fe72339b53581e3cdc5367db,Localization Stability,TF,Jump Angular,-0.00112588,289.1
b432d048fe72339b53581e3cdc5367db,Localization Stability,TF,Jump Linear,0.0283507,289.1
b432d048fe72339b53581e3cdc5367db,Input Validity,Lidar,Lidar Rate,10,288.23
b432d048fe72339b53581e3cdc5367db,Input Validity,Odometry,Odometry Rate,50,288.23
b432d048fe72339b53581e3cdc5367db,Input Validity,TF,TF Rate,10,288.23
b432d048fe72339b53581e3cdc5367db,Localization Quality,AMCLPose,CovYawYaw,0.00127141,288.2
b432d048fe72339b53581e3cdc5367db,Localization Quality,AMCLPose,CovYY,0.00141747,288.2
b432d048fe72339b53581e3cdc5367db,Localization Quality,AMCLPose,CovXX,0.00467951,288.2
b432d048fe72339b53581e3cdc5367db,Localization Quality,AMCLPose,MeanYaw,-0.356421,288.2
b432d048fe72339b53581e3cdc5367db,Localization Quality,AMCLPose,MeanY,1.34079,288.2
b432d048fe72339b53581e3cdc5367db,Localization Quality,AMCLPose,MeanX,0.900072,288.2
b432d048fe72339b53581e3cdc5367db,Localization Stability,TF,Jump Angular,-0.000510021,289.2
b432d048fe72339b53581e3cdc5367db,Localization Stability,TF,Jump Linear,0.0129715,289.2
b432d048fe72339b53581e3cdc5367db,Input Validity,Lidar,Lidar Rate,10,288.33
b432d048fe72339b53581e3cdc5367db,Input Validity,Odometry,Odometry Rate,50,288.33
b432d048fe72339b53581e3cdc5367db,Input Validity,TF,TF Rate,10,288.33
b432d048fe72339b53581e3cdc5367db,Localization Quality,AMCLPose,CovYawYaw,0.00141201,288.3
b432d048fe72339b53581e3cdc5367db,Localization Quality,AMCLPose,CovYY,0.00138605,288.3
b432d048fe72339b53581e3cdc5367db,Localization Quality,AMCLPose,CovXX,0.00425199,288.3
b432d048fe72339b53581e3cdc5367db,Localization Quality,AMCLPose,MeanYaw,-0.482925,288.3
b432d048fe72339b53581e3cdc5367db,Localization Quality,AMCLPose,MeanY,1.34146,288.3
b432d048fe72339b53581e3cdc5367db,Localization Quality,AMCLPose,MeanX,0.898372,288.3
b432d048fe72339b53581e3cdc5367db,Localization Stability,TF,Jump Angular,-0.00036531,289.3
b432d048fe72339b53581e3cdc5367db,Localization Stability,TF,Jump Linear,0.0100245,289.3
b432d048fe72339b53581e3cdc5367db,Input Validity,Lidar,Lidar Rate,10,288.43
b432d048fe72339b53581e3cdc5367db,Input Validity,Odometry,Odometry Rate,50,288.43
b432d048fe72339b53581e3cdc5367db,Input Validity,TF,TF Rate,10,288.43
b432d048fe72339b53581e3cdc5367db,Localization Quality,AMCLPose,CovYawYaw,0.00249151,288.4
b432d048fe72339b53581e3cdc5367db,Localization Quality,AMCLPose,CovYY,0.00161283,288.4
b432d048fe72339b53581e3cdc5367db,Localization Quality,AMCLPose,CovXX,0.00512868,288.4
b432d048fe72339b53581e3cdc5367db,Localization Quality,AMCLPose,MeanYaw,-0.627607,288.4
b432d048fe72339b53581e3cdc5367db,Localization Quality,AMCLPose,MeanY,1.34201,288.4
b432d048fe72339b53581e3cdc5367db,Localization Quality,AMCLPose,MeanX,0.897748,288.4
b432d048fe72339b53581e3cdc5367db,Localization Stability,TF,Jump Angular,-0.00156158,289.4
b432d048fe72339b53581e3cdc5367db,Localization Stability,TF,Jump Linear,0.0380912,289.4
b432d048fe72339b53581e3cdc5367db,Input Validity,Lidar,Lidar Rate,10,288.53
b432d048fe72339b53581e3cdc5367db,Input Validity,Odometry,Odometry Rate,50,288.53
b432d048fe72339b53581e3cdc5367db,Input Validity,TF,TF Rate,10,288.53
b432d048fe72339b53581e3cdc5367db,Localization Quality,AMCLPose,CovYawYaw,0.00420467,288.5
b432d048fe72339b53581e3cdc5367db,Localization Quality,AMCLPose,CovYY,0.00202287,288.5
b432d048fe72339b53581e3cdc5367db,Localization Quality,AMCLPose,CovXX,0.0061288,288.5
b432d048fe72339b53581e3cdc5367db,Localization Quality,AMCLPose,MeanYaw,-0.786907,288.5
b432d048fe72339b53581e3cdc5367db,Localization Quality,AMCLPose,MeanY,1.34224,288.5
b432d048fe72339b53581e3cdc5367db,Localization Quality,AMCLPose,MeanX,0.897325,288.5
b432d048fe72339b53581e3cdc5367db,Localization Stability,TF,Jump Angular,0.00114024,289.5
b432d048fe72339b53581e3cdc5367db,Localization Stability,TF,Jump Linear,0.0274147,289.5
b432d048fe72339b53581e3cdc5367db,Input Validity,Lidar,Lidar Rate,10,288.63
b432d048fe72339b53581e3cdc5367db,Input Validity,Odometry,Odometry Rate,50,288.63
b432d048fe72339b53581e3cdc5367db,Input Validity,TF,TF Rate,10,288.63
b432d048fe72339b53581e3cdc5367db,Localization Quality,AMCLPose,CovYawYaw,0.00567114,288.6
b432d048fe72339b53581e3cdc5367db,Localization Quality,AMCLPose,CovYY,0.0027933,288.6
b432d048fe72339b53581e3cdc5367db,Localization Quality,AMCLPose,CovXX,0.00682479,288.6
b432d048fe72339b53581e3cdc5367db,Localization Quality,AMCLPose,MeanYaw,-0.968305,288.6
b432d048fe72339b53581e3cdc5367db,Localization Quality,AMCLPose,MeanY,1.34386,288.6
b432d048fe72339b53581e3cdc5367db,Localization Quality,AMCLPose,MeanX,0.897281,288.6
b432d048fe72339b53581e3cdc5367db,Localization Stability,TF,Jump Angular,-0.00430874,289.6
b432d048fe72339b53581e3cdc5367db,Localization Stability,TF,Jump Linear,0.103621,289.6
b432d048fe72339b53581e3cdc5367db,Input Validity,Lidar,Lidar Rate,10,288.73
b432d048fe72339b53581e3cdc5367db,Input Validity,Odometry,Odometry Rate,50,288.73
b432d048fe72339b53581e3cdc5367db,Input Validity,TF,TF Rate,10,288.73
b432d048fe72339b53581e3cdc5367db,Localization Quality,AMCLPose,CovYawYaw,0.00480755,288.7
b432d048fe72339b53581e3cdc5367db,Localization Quality,AMCLPose,CovYY,0.00323982,288.7
b432d048fe72339b53581e3cdc5367db,Localization Quality,AMCLPose,CovXX,0.00667504,288.7
b432d048fe72339b53581e3cdc5367db,Localization Quality,AMCLPose,MeanYaw,-1.1561,288.7
b432d048fe72339b53581e3cdc5367db,Localization Quality,AMCLPose,MeanY,1.34434,288.7
b432d048fe72339b53581e3cdc5367db,Localization Quality,AMCLPose,MeanX,0.897472,288.7
b432d048fe72339b53581e3cdc5367db,Localization Stability,TF,Jump Angular,0.00627748,289.7
b432d048fe72339b53581e3cdc5367db,Localization Stability,TF,Jump Linear,0.152607,289.7
b432d048fe72339b53581e3cdc5367db,Input Validity,Lidar,Lidar Rate,10,288.83
b432d048fe72339b53581e3cdc5367db,Input Validity,Odometry,Odometry Rate,50,288.83
b432d048fe72339b53581e3cdc5367db,Input Validity,TF,TF Rate,10,288.83
b432d048fe72339b53581e3cdc5367db,Localization Quality,AMCLPose,CovYawYaw,0.00437842,288.8
b432d048fe72339b53581e3cdc5367db,Localization Quality,AMCLPose,CovYY,0.00420788,288.8
b432d048fe72339b53581e3cdc5367db,Localization Quality,AMCLPose,CovXX,0.00585322,288.8
b432d048fe72339b53581e3cdc5367db,Localization Quality,AMCLPose,MeanYaw,-1.36481,288.8
b432d048fe72339b53581e3cdc5367db,Localization Quality,AMCLPose,MeanY,1.34504,288.8
b432d048fe72339b53581e3cdc5367db,Localization Quality,AMCLPose,MeanX,0.900395,288.8
b432d048fe72339b53581e3cdc5367db,Localization Stability,TF,Jump Angular,0.00222989,289.8
b432d048fe72339b53581e3cdc5367db,Localization Stability,TF,Jump Linear,0.0568938,289.8
b432d048fe72339b53581e3cdc5367db,Input Validity,Lidar,Lidar Rate,10,288.93
b432d048fe72339b53581e3cdc5367db,Input Validity,Odometry,Odometry Rate,50,288.93
b432d048fe72339b53581e3cdc5367db,Input Validity,TF,TF Rate,10,288.93
b432d048fe72339b53581e3cdc5367db,Localization Quality,AMCLPose,CovYawYaw,0.0040627,288.9
b432d048fe72339b53581e3cdc5367db,Localization Quality,AMCLPose,CovYY,0.00529667,288.9
b432d048fe72339b53581e3cdc5367db,Localization Quality,AMCLPose,CovXX,0.00488914,288.9
b432d048fe72339b53581e3cdc5367db,Localization Quality,AMCLPose,MeanYaw,-1.58583,288.9
b432d048fe72339b53581e3cdc5367db,Localization Quality,AMCLPose,MeanY,1.34393,288.9
b432d048fe72339b53581e3cdc5367db,Localization Quality,AMCLPose,MeanX,0.903128,288.9
b432d048fe72339b53581e3cdc5367db,Localization Stability,TF,Jump Angular,-0.00101838,289.9
b432d048fe72339b53581e3cdc5367db,Localization Stability,TF,Jump Linear,0.0231341,289.9
b432d048fe72339b53581e3cdc5367db,Input Validity,Lidar,Lidar Rate,10,289.03
b432d048fe72339b53581e3cdc5367db,Input Validity,Odometry,Odometry Rate,50,289.03
b432d048fe72339b53581e3cdc5367db,Input Validity,TF,TF Rate,10,289.03
b432d048fe72339b53581e3cdc5367db,Localization Quality,AMCLPose,CovYawYaw,0.00382808,289
b432d048fe72339b53581e3cdc5367db,Localization Quality,AMCLPose,CovYY,0.00597036,289
b432d048fe72339b53581e3cdc5367db,Localization Quality,AMCLPose,CovXX,0.00404626,289
b432d048fe72339b53581e3cdc5367db,Localization Quality,AMCLPose,MeanYaw,-1.7938,289
b432d048fe72339b53581e3cdc5367db,Localization Quality,AMCLPose,MeanY,1.34024,289
b432d048fe72339b53581e3cdc5367db,Localization Quality,AMCLPose,MeanX,0.905026,289
b432d048fe72339b53581e3cdc5367db,Localization Stability,TF,Jump Angular,0.00127943,290
b432d048fe72339b53581e3cdc5367db,Localization Stability,TF,Jump Linear,0.0317687,290
b432d048fe72339b53581e3cdc5367db,Input Validity,Lidar,Lidar Rate,10,289.12
b432d048fe72339b53581e3cdc5367db,Input Validity,Odometry,Odometry Rate,50,289.12
b432d048fe72339b53581e3cdc5367db,Input Validity,TF,TF Rate,10,289.12
b432d048fe72339b53581e3cdc5367db,Localization Quality,AMCLPose,CovYawYaw,0.00295131,289.1
b432d048fe72339b53581e3cdc5367db,Localization Quality,AMCLPose,CovYY,0.004419,289.1
b432d048fe72339b53581e3cdc5367db,Localization Quality,AMCLPose,CovXX,0.00370003,289.1
b432d048fe72339b53581e3cdc5367db,Localization Quality,AMCLPose,MeanYaw,-1.95381,289.1
b432d048fe72339b53581e3cdc5367db,Localization Quality,AMCLPose,MeanY,1.33423,289.1
b432d048fe72339b53581e3cdc5367db,Localization Quality,AMCLPose,MeanX,0.906009,289.1
b432d048fe72339b53581e3cdc5367db,Localization Stability,TF,Jump Angular,0.0024901,290.1
b432d048fe72339b53581e3cdc5367db,Localization Stability,TF,Jump Linear,0.0641879,290.1
b432d048fe72339b53581e3cdc5367db,Input Validity,Lidar,Lidar Rate,10,289.22
b432d048fe72339b53581e3cdc5367db,Input Validity,Odometry,Odometry Rate,50,289.22
b432d048fe72339b53581e3cdc5367db,Input Validity,TF,TF Rate,10,289.22
b432d048fe72339b53581e3cdc5367db,Localization Quality,AMCLPose,CovYawYaw,0.00202885,289.2
b432d048fe72339b53581e3cdc5367db,Localization Quality,AMCLPose,CovYY,0.00358827,289.2
b432d048fe72339b53581e3cdc5367db,Localization Quality,AMCLPose,CovXX,0.00351128,289.2
b432d048fe72339b53581e3cdc5367db,Localization Quality,AMCLPose,MeanYaw,-2.06663,289.2
b432d048fe72339b53581e3cdc5367db,Localization Quality,AMCLPose,MeanY,1.32083,289.2
b432d048fe72339b53581e3cdc5367db,Localization Quality,AMCLPose,MeanX,0.899516,289.2
b432d048fe72339b53581e3cdc5367db,Localization Stability,TF,Jump Angular,-0.000321554,290.2
b432d048fe72339b53581e3cdc5367db,Localization Stability,TF,Jump Linear,0.00768412,290.2
b432d048fe72339b53581e3cdc5367db,Input Validity,Lidar,Lidar Rate,10,289.32
b432d048fe72339b53581e3cdc5367db,Input Validity,Odometry,Odometry Rate,50,289.32
b432d048fe72339b53581e3cdc5367db,Input Validity,TF,TF Rate,10,289.32
b432d048fe72339b53581e3cdc5367db,Localization Quality,AMCLPose,CovYawYaw,0.00141947,289.3
b432d048fe72339b53581e3cdc5367db,Localization Quality,AMCLPose,CovYY,0.0028874,289.3
b432d048fe72339b53581e3cdc5367db,Localization Quality,AMCLPose,CovXX,0.00327763,289.3
b432d048fe72339b53581e3cdc5367db,Localization Quality,AMCLPose,MeanYaw,-2.12802,289.3
b432d048fe72339b53581e3cdc5367db,Localization Quality,AMCLPose,MeanY,1.30154,289.3
b432d048fe72339b53581e3cdc5367db,Localization Quality,AMCLPose,MeanX,0.89017,289.3
b432d048fe72339b53581e3cdc5367db,Localization Stability,TF,Jump Angular,0.00111641,290.3
b432d048fe72339b53581e3cdc5367db,Localization Stability,TF,Jump Linear,0.0284468,290.3
b432d048fe72339b53581e3cdc5367db,Input Validity,Lidar,Lidar Rate,10,289.42
b432d048fe72339b53581e3cdc5367db,Input Validity,Odometry,Odometry Rate,50,289.42
b432d048fe72339b53581e3cdc5367db,Input Validity,TF,TF Rate,10,289.42
b432d048fe72339b53581e3cdc5367db,Localization Stability,TF,Jump Angular,0,290.4
b432d048fe72339b53581e3cdc5367db,Localization Stability,TF,Jump Linear,0,290.4
b432d048fe72339b53581e3cdc5367db,Input Validity,Lidar,Lidar Rate,10,289.52
b432d048fe72339b53581e3cdc5367db,Input Validity,Odometry,Odometry Rate,50,289.52
b432d048fe72339b53581e3cdc5367db,Input Validity,TF,TF Rate,10,289.52
b432d048fe72339b53581e3cdc5367db,Localization Stability,TF,Jump Angular,0,290.5
b432d048fe72339b53581e3cdc5367db,Localization Stability,TF,Jump Linear,0,290.5
b432d048fe72339b53581e3cdc5367db,Input Validity,Lidar,Lidar Rate,10,289.62
b432d048fe72339b53581e3cdc5367db,Input Validity,Odometry,Odometry Rate,50,289.62
b432d048fe72339b53581e3cdc5367db,Input Validity,TF,TF Rate,10,289.62
b432d048fe72339b53581e3cdc5367db,Localization Quality,AMCLPose,CovYawYaw,0.00280482,289.6
b432d048fe72339b53581e3cdc5367db,Localization Quality,AMCLPose,CovYY,0.00338112,289.6
b432d048fe72339b53581e3cdc5367db,Localization Quality,AMCLPose,CovXX,0.00354105,289.6
b432d048fe72339b53581e3cdc5367db,Localization Quality,AMCLPose,MeanYaw,-2.19617,289.6
b432d048fe72339b53581e3cdc5367db,Localization Quality,AMCLPose,MeanY,1.21434,289.6
b432d048fe72339b53581e3cdc5367db,Localization Quality,AMCLPose,MeanX,0.827924,289.6
b432d048fe72339b53581e3cdc5367db,Localization Stability,TF,Jump Angular,-0.00466914,290.6
b432d048fe72339b53581e3cdc5367db,Localization Stability,TF,Jump Linear,0.113205,290.6
b432d048fe72339b53581e3cdc5367db,Input Validity,Lidar,Lidar Rate,10,289.72
b432d048fe72339b53581e3cdc5367db,Input Validity,Odometry,Odometry Rate,50,289.72
b432d048fe72339b53581e3cdc5367db,Input Validity,TF,TF Rate,10,289.72
b432d048fe72339b53581e3cdc5367db,Input Validity,Lidar,Lidar Rate,10,289.82
b432d048fe72339b53581e3cdc5367db,Input Validity,Odometry,Odometry Rate,50,289.82
b432d048fe72339b53581e3cdc5367db,Input Validity,TF,TF Rate,10,289.82
b432d048fe72339b53581e3cdc5367db,Input Validity,Lidar,Lidar Rate,10,289.92
b432d048fe72339b53581e3cdc5367db,Input Validity,Odometry,Odometry Rate,50,289.92
b432d048fe72339b53581e3cdc5367db,Input Validity,TF,TF Rate,10,289.92
b432d048fe72339b53581e3cdc5367db,Input Validity,Lidar,Lidar Rate,10,290.02
b432d048fe72339b53581e3cdc5367db,Input Validity,Odometry,Odometry Rate,50,290.02
b432d048fe72339b53581e3cdc5367db,Input Validity,TF,TF Rate,10,290.02
b432d048fe72339b53581e3cdc5367db,Input Validity,Lidar,Lidar Rate,10,290.12
b432d048fe72339b53581e3cdc5367db,Input Validity,Odometry,Odometry Rate,50,290.12
b432d048fe72339b53581e3cdc5367db,Input Validity,TF,TF Rate,10,290.12
b432d048fe72339b53581e3cdc5367db,Input Validity,Lidar,Lidar Rate,10,290.22
b432d048fe72339b53581e3cdc5367db,Input Validity,Odometry,Odometry Rate,50,290.22
b432d048fe72339b53581e3cdc5367db,Input Validity,TF,TF Rate,10,290.22
b432d048fe72339b53581e3cdc5367db,Input Validity,Lidar,Lidar Rate,10,290.32
b432d048fe72339b53581e3cdc5367db,Input Validity,Odometry,Odometry Rate,50,290.32
b432d048fe72339b53581e3cdc5367db,Input Validity,TF,TF Rate,10,290.32
b432d048fe72339b53581e3cdc5367db,Localization Quality,AMCLPose,CovYawYaw,8.51409,289.7
b432d048fe72339b53581e3cdc5367db,Localization Quality,AMCLPose,CovYY,7.33577,289.7
b432d048fe72339b53581e3cdc5367db,Localization Quality,AMCLPose,CovXX,23.8629,289.7
b432d048fe72339b53581e3cdc5367db,Localization Quality,AMCLPose,MeanYaw,2.53183,289.7
b432d048fe72339b53581e3cdc5367db,Localization Quality,AMCLPose,MeanY,-0.63211,289.7
b432d048fe72339b53581e3cdc5367db,Localization Quality,AMCLPose,MeanX,0.432852,289.7
b432d048fe72339b53581e3cdc5367db,Localization Stability,TF,Jump Angular,-1.53783,290.7
b432d048fe72339b53581e3cdc5367db,Localization Stability,TF,Jump Linear,33.6887,290.7
b432d048fe72339b53581e3cdc5367db,Localization Stability,TF,Jump Angular,0,290.9
b432d048fe72339b53581e3cdc5367db,Localization Stability,TF,Jump Linear,0,290.9
b432d048fe72339b53581e3cdc5367db,Input Validity,Lidar,Lidar Rate,10,290.42
b432d048fe72339b53581e3cdc5367db,Input Validity,Odometry,Odometry Rate,50,290.42
b432d048fe72339b53581e3cdc5367db,Input Validity,TF,TF Rate,9.5,290.42
b432d048fe72339b53581e3cdc5367db,Input Validity,Lidar,Lidar Rate,10,290.52
b432d048fe72339b53581e3cdc5367db,Input Validity,Odometry,Odometry Rate,50,290.52
b432d048fe72339b53581e3cdc5367db,Input Validity,TF,TF Rate,9.5,290.52
b432d048fe72339b53581e3cdc5367db,Input Validity,Lidar,Lidar Rate,10,290.62
b432d048fe72339b53581e3cdc5367db,Input Validity,Odometry,Odometry Rate,50,290.62
b432d048fe72339b53581e3cdc5367db,Input Validity,TF,TF Rate,9.5,290.62
b432d048fe72339b53581e3cdc5367db,Input Validity,Lidar,Lidar Rate,10,290.72
b432d048fe72339b53581e3cdc5367db,Input Validity,Odometry,Odometry Rate,50,290.72
b432d048fe72339b53581e3cdc5367db,Input Validity,TF,TF Rate,9.5,290.72
b432d048fe72339b53581e3cdc5367db,Input Validity,Lidar,Lidar Rate,10,290.81
b432d048fe72339b53581e3cdc5367db,Input Validity,Odometry,Odometry Rate,50,290.81
b432d048fe72339b53581e3cdc5367db,Input Validity,TF,TF Rate,9.5,290.81
b432d048fe72339b53581e3cdc5367db,Input Validity,Lidar,Lidar Rate,10,290.91
b432d048fe72339b53581e3cdc5367db,Input Validity,Odometry,Odometry Rate,50,290.91
b432d048fe72339b53581e3cdc5367db,Input Validity,TF,TF Rate,9.5,290.91
b432d048fe72339b53581e3cdc5367db,Localization Quality,AMCLPose,CovYawYaw,8.76465,290
b432d048fe72339b53581e3cdc5367db,Localization Quality,AMCLPose,CovYY,6.81816,290
b432d048fe72339b53581e3cdc5367db,Localization Quality,AMCLPose,CovXX,22.2843,290
b432d048fe72339b53581e3cdc5367db,Localization Quality,AMCLPose,MeanYaw,2.66598,290
b432d048fe72339b53581e3cdc5367db,Localization Quality,AMCLPose,MeanY,-0.627844,290
b432d048fe72339b53581e3cdc5367db,Localization Quality,AMCLPose,MeanX,0.618049,290
b432d048fe72339b53581e3cdc5367db,Localization Stability,TF,Jump Angular,0.183104,291
b432d048fe72339b53581e3cdc5367db,Localization Stability,TF,Jump Linear,4.66388,291
b432d048fe72339b53581e3cdc5367db,Input Validity,Lidar,Lidar Rate,10,291.01
b432d048fe72339b53581e3cdc5367db,Input Validity,Odometry,Odometry Rate,50,291.01
b432d048fe72339b53581e3cdc5367db,Input Validity,TF,TF Rate,9.5,291.01
b432d048fe72339b53581e3cdc5367db,Input Validity,Lidar,Lidar Rate,10,291.11
b432d048fe72339b53581e3cdc5367db,Input Validity,Odometry,Odometry Rate,50,291.11
b432d048fe72339b53581e3cdc5367db,Input Validity,TF,TF Rate,9.5,291.11
b432d048fe72339b53581e3cdc5367db,Input Validity,Lidar,Lidar Rate,10,291.21
b432d048fe72339b53581e3cdc5367db,Input Validity,Odometry,Odometry Rate,50,291.21
b432d048fe72339b53581e3cdc5367db,Input Validity,TF,TF Rate,9.5,291.21
b432d048fe72339b53581e3cdc5367db,Input Validity,Lidar,Lidar Rate,10,291.31
b432d048fe72339b53581e3cdc5367db,Input Validity,Odometry,Odometry Rate,50,291.31
b432d048fe72339b53581e3cdc5367db,Input Validity,TF,TF Rate,9.5,291.31
b432d048fe72339b53581e3cdc5367db,Input Validity,Lidar,Lidar Rate,10,291.41
b432d048fe72339b53581e3cdc5367db,Input Validity,Odometry,Odometry Rate,50,291.41
b432d048fe72339b53581e3cdc5367db,Input Validity,TF,TF Rate,9.5,291.41
b432d048fe72339b53581e3cdc5367db,Input Validity,Lidar,Lidar Rate,10,291.51
b432d048fe72339b53581e3cdc5367db,Input Validity,Odometry,Odometry Rate,50,291.51
b432d048fe72339b53581e3cdc5367db,Input Validity,TF,TF Rate,9.5,291.51
b432d048fe72339b53581e3cdc5367db,Input Validity,Lidar,Lidar Rate,10,291.61
b432d048fe72339b53581e3cdc5367db,Input Validity,Odometry,Odometry Rate,50,291.61
b432d048fe72339b53581e3cdc5367db,Input Validity,TF,TF Rate,9.5,291.61
b432d048fe72339b53581e3cdc5367db,Localization Quality,AMCLPose,CovYawYaw,8.03388,290.4
b432d048fe72339b53581e3cdc5367db,Localization Quality,AMCLPose,CovYY,6.21209,290.4
b432d048fe72339b53581e3cdc5367db,Localization Quality,AMCLPose,CovXX,20.6096,290.4
b432d048fe72339b53581e3cdc5367db,Localization Quality,AMCLPose,MeanYaw,2.47728,290.4
b432d048fe72339b53581e3cdc5367db,Localization Quality,AMCLPose,MeanY,-0.601281,290.4
b432d048fe72339b53581e3cdc5367db,Localization Quality,AMCLPose,MeanX,0.850284,290.4
b432d048fe72339b53581e3cdc5367db,Localization Stability,TF,Jump Angular,-0.133165,291.4
b432d048fe72339b53581e3cdc5367db,Localization Stability,TF,Jump Linear,2.90445,291.4
b432d048fe72339b53581e3cdc5367db,Input Validity,Lidar,Lidar Rate,10,291.71
b432d048fe72339b53581e3cdc5367db,Input Validity,Odometry,Odometry Rate,50,291.71
b432d048fe72339b53581e3cdc5367db,Input Validity,TF,TF Rate,8,291.71
b432d048fe72339b53581e3cdc5367db,Input Validity,Lidar,Lidar Rate,10,291.81
b432d048fe72339b53581e3cdc5367db,Input Validity,Odometry,Odometry Rate,50,291.81
b432d048fe72339b53581e3cdc5367db,Input Validity,TF,TF Rate,8,291.81
b432d048fe72339b53581e3cdc5367db,Input Validity,Lidar,Lidar Rate,10,291.91
b432d048fe72339b53581e3cdc5367db,Input Validity,Odometry,Odometry Rate,50,291.91
b432d048fe72339b53581e3cdc5367db,Input Validity,TF,TF Rate,8,291.91
b432d048fe72339b53581e3cdc5367db,Input Validity,Lidar,Lidar Rate,10,292.01
b432d048fe72339b53581e3cdc5367db,Input Validity,Odometry,Odometry Rate,50,292.01
b432d048fe72339b53581e3cdc5367db,Input Validity,TF,TF Rate,8,292.01
b432d048fe72339b53581e3cdc5367db,Input Validity,Lidar,Lidar Rate,10,292.11
b432d048fe72339b53581e3cdc5367db,Input Validity,Odometry,Odometry Rate,50,292.11
b432d048fe72339b53581e3cdc5367db,Input Validity,TF,TF Rate,8,292.11
b432d048fe72339b53581e3cdc5367db,Localization Quality,AMCLPose,CovYawYaw,6.30715,291.1
b432d048fe72339b53581e3cdc5367db,Localization Quality,AMCLPose,CovYY,6.04971,291.1
b432d048fe72339b53581e3cdc5367db,Localization Quality,AMCLPose,CovXX,19.5458,291.1
b432d048fe72339b53581e3cdc5367db,Localization Quality,AMCLPose,MeanYaw,-3.13473,291.1
b432d048fe72339b53581e3cdc5367db,Localization Quality,AMCLPose,MeanY,-0.459429,291.1
b432d048fe72339b53581e3cdc5367db,Localization Quality,AMCLPose,MeanX,1.06492,291.1
b432d048fe72339b53581e3cdc5367db,Localization Stability,TF,Jump Angular,0.5304,292.1
b432d048fe72339b53581e3cdc5367db,Localization Stability,TF,Jump Linear,12.9861,292.1
b432d048fe72339b53581e3cdc5367db,Input Validity,Lidar,Lidar Rate,10,292.21
b432d048fe72339b53581e3cdc5367db,Input Validity,Odometry,Odometry Rate,50,292.21
b432d048fe72339b53581e3cdc5367db,Input Validity,TF,TF Rate,5,292.21
b432d048fe72339b53581e3cdc5367db,Localization Quality,AMCLPose,CovYawYaw,6.32397,291.7
b432d048fe72339b53581e3cdc5367db,Localization Quality,AMCLPose,CovYY,6.41166,291.7
b432d048fe72339b53581e3cdc5367db,Localization Quality,AMCLPose,CovXX,19.7229,291.7
b432d048fe72339b53581e3cdc5367db,Localization Quality,AMCLPose,MeanYaw,-2.54226,291.7
b432d048fe72339b53581e3cdc5367db,Localization Quality,AMCLPose,MeanY,-0.501323,291.7
b432d048fe72339b53581e3cdc5367db,Localization Quality,AMCLPose,MeanX,1.11181,291.7
b432d048fe72339b53581e3cdc5367db,Localization Stability,TF,Jump Angular,0.156836,292.7
b432d048fe72339b53581e3cdc5367db,Localization Stability,TF,Jump Linear,3.97894,292.7
b432d048fe72339b53581e3cdc5367db,Input Validity,Lidar,Lidar Rate,10,292.31
b432d048fe72339b53581e3cdc5367db,Input Validity,Odometry,Odometry Rate,50,292.31
b432d048fe72339b53581e3cdc5367db,Input Validity,TF,TF Rate,2.5,292.31
b432d048fe72339b53581e3cdc5367db,Input Validity,Lidar,Lidar Rate,10,292.41
b432d048fe72339b53581e3cdc5367db,Input Validity,Odometry,Odometry Rate,50,292.41
b432d048fe72339b53581e3cdc5367db,Input Validity,TF,TF Rate,2.5,292.41
b432d048fe72339b53581e3cdc5367db,Localization Quality,AMCLPose,CovYawYaw,6.22051,291.8
b432d048fe72339b53581e3cdc5367db,Localization Quality,AMCLPose,CovYY,6.34113,291.8
b432d048fe72339b53581e3cdc5367db,Localization Quality,AMCLPose,CovXX,20.0258,291.8
b432d048fe72339b53581e3cdc5367db,Localization Quality,AMCLPose,MeanYaw,-2.84725,291.8
b432d048fe72339b53581e3cdc5367db,Localization Quality,AMCLPose,MeanY,-0.507787,291.8
b432d048fe72339b53581e3cdc5367db,Localization Quality,AMCLPose,MeanX,1.11012,291.8
b432d048fe72339b53581e3cdc5367db,Localization Stability,TF,Jump Angular,-0.404993,292.8
b432d048fe72339b53581e3cdc5367db,Localization Stability,TF,Jump Linear,9.61245,292.8
b432d048fe72339b53581e3cdc5367db,Input Validity,Lidar,Lidar Rate,10,292.5
b432d048fe72339b53581e3cdc5367db,Input Validity,Odometry,Odometry Rate,50,292.5
b432d048fe72339b53581e3cdc5367db,Input Validity,TF,TF Rate,2.63158,292.5
b432d048fe72339b53581e3cdc5367db,Localization Quality,AMCLPose,CovYawYaw,6.02929,291.9
b432d048fe72339b53581e3cdc5367db,Localization Quality,AMCLPose,CovYY,6.35359,291.9
b432d048fe72339b53581e3cdc5367db,Localization Quality,AMCLPose,CovXX,19.9279,291.9
b432d048fe72339b53581e3cdc5367db,Localization Quality,AMCLPose,MeanYaw,-2.94461,291.9
b432d048fe72339b53581e3cdc5367db,Localization Quality,AMCLPose,MeanY,-0.486208,291.9
b432d048fe72339b53581e3cdc5367db,Localization Quality,AMCLPose,MeanX,1.1334,291.9
b432d048fe72339b53581e3cdc5367db,Localization Stability,TF,Jump Angular,-0.197362,292.9
b432d048fe72339b53581e3cdc5367db,Localization Stability,TF,Jump Linear,4.706,292.9
b432d048fe72339b53581e3cdc5367db,Input Validity,Lidar,Lidar Rate,10,292.6
b432d048fe72339b53581e3cdc5367db,Input Validity,Odometry,Odometry Rate,50,292.6
b432d048fe72339b53581e3cdc5367db,Input Validity,TF,TF Rate,3,292.6
b432d048fe72339b53581e3cdc5367db,Localization Quality,AMCLPose,CovYawYaw,6.22349,292
b432d048fe72339b53581e3cdc5367db,Localization Quality,AMCLPose,CovYY,6.28611,292
b432d048fe72339b53581e3cdc5367db,Localization Quality,AMCLPose,CovXX,19.8599,292
b432d048fe72339b53581e3cdc5367db,Localization Quality,AMCLPose,MeanYaw,-2.32924,292
b432d048fe72339b53581e3cdc5367db,Localization Quality,AMCLPose,MeanY,-0.48789,292
b432d048fe72339b53581e3cdc5367db,Localization Quality,AMCLPose,MeanX,1.3051,292
b432d048fe72339b53581e3cdc5367db,Localization Stability,TF,Jump Angular,0.515372,293
b432d048fe72339b53581e3cdc5367db,Localization Stability,TF,Jump Linear,12.3359,293
b432d048fe72339b53581e3cdc5367db,Input Validity,Lidar,Lidar Rate,10,292.7
b432d048fe72339b53581e3cdc5367db,Input Validity,Odometry,Odometry Rate,50,292.7
b432d048fe72339b53581e3cdc5367db,Input Validity,TF,TF Rate,3,292.7
b432d048fe72339b53581e3cdc5367db,Input Validity,Lidar,Lidar Rate,10,292.8
b432d048fe72339b53581e3cdc5367db,Input Validity,Odometry,Odometry Rate,50,292.8
b432d048fe72339b53581e3cdc5367db,Input Validity,TF,TF Rate,3,292.8
b432d048fe72339b53581e3cdc5367db,Localization Quality,AMCLPose,CovYawYaw,4.65091,292.1
b432d048fe72339b53581e3cdc5367db,Localization Quality,AMCLPose,CovYY,5.39877,292.1
b432d048fe72339b53581e3cdc5367db,Localization Quality,AMCLPose,CovXX,18.6442,292.1
b432d048fe72339b53581e3cdc5367db,Localization Quality,AMCLPose,MeanYaw,-2.44405,292.1
b432d048fe72339b53581e3cdc5367db,Localization Quality,AMCLPose,MeanY,-0.461536,292.1
b432d048fe72339b53581e3cdc5367db,Localization Quality,AMCLPose,MeanX,1.65963,292.1
b432d048fe72339b53581e3cdc5367db,Localization Stability,TF,Jump Angular,-0.214813,293.1
b432d048fe72339b53581e3cdc5367db,Localization Stability,TF,Jump Linear,4.80858,293.1
b432d048fe72339b53581e3cdc5367db,Input Validity,Lidar,Lidar Rate,10,292.9
b432d048fe72339b53581e3cdc5367db,Input Validity,Odometry,Odometry Rate,50,292.9
b432d048fe72339b53581e3cdc5367db,Input Validity,TF,TF Rate,3.52941,292.9
b432d048fe72339b53581e3cdc5367db,Input Validity,Lidar,Lidar Rate,10,293
b432d048fe72339b53581e3cdc5367db,Input Validity,Odometry,Odometry Rate,50,293
b432d048fe72339b53581e3cdc5367db,Input Validity,TF,TF Rate,3.52941,293
b432d048fe72339b53581e3cdc5367db,Input Validity,Lidar,Lidar Rate,10,293.1
b432d048fe72339b53581e3cdc5367db,Input Validity,Odometry,Odometry Rate,50,293.1
b432d048fe72339b53581e3cdc5367db,Input Validity,TF,TF Rate,3.52941,293.1
b432d048fe72339b53581e3cdc5367db,Input Validity,Lidar,Lidar Rate,10,293.2
b432d048fe72339b53581e3cdc5367db,Input Validity,Odometry,Odometry Rate,50,293.2
b432d048fe72339b53581e3cdc5367db,Input Validity,TF,TF Rate,3.52941,293.2
b432d048fe72339b53581e3cdc5367db,Input Validity,Lidar,Lidar Rate,10,293.3
b432d048fe72339b53581e3cdc5367db,Input Validity,Odometry,Odometry Rate,50,293.3
b432d048fe72339b53581e3cdc5367db,Input Validity,TF,TF Rate,3.52941,293.3
b432d048fe72339b53581e3cdc5367db,Localization Quality,AMCLPose,CovYawYaw,3.7815,292.4
b432d048fe72339b53581e3cdc5367db,Localization Quality,AMCLPose,CovYY,4.46422,292.4
b432d048fe72339b53581e3cdc5367db,Localization Quality,AMCLPose,CovXX,16.7665,292.4
b432d048fe72339b53581e3cdc5367db,Localization Quality,AMCLPose,MeanYaw,2.25563,292.4
b432d048fe72339b53581e3cdc5367db,Localization Quality,AMCLPose,MeanY,0.00310325,292.4
b432d048fe72339b53581e3cdc5367db,Localization Quality,AMCLPose,MeanX,3.44586,292.4
b432d048fe72339b53581e3cdc5367db,Localization Stability,TF,Jump Angular,-1.8835,293.4
b432d048fe72339b53581e3cdc5367db,Localization Stability,TF,Jump Linear,38.9096,293.4
b432d048fe72339b53581e3cdc5367db,Input Validity,Lidar,Lidar Rate,10,293.4
b432d048fe72339b53581e3cdc5367db,Input Validity,Odometry,Odometry Rate,50,293.4
b432d048fe72339b53581e3cdc5367db,Input Validity,TF,TF Rate,3.5,293.4
b432d048fe72339b53581e3cdc5367db,Input Validity,Lidar,Lidar Rate,10,293.5
b432d048fe72339b53581e3cdc5367db,Input Validity,Odometry,Odometry Rate,50,293.5
b432d048fe72339b53581e3cdc5367db,Input Validity,TF,TF Rate,3.5,293.5
b432d048fe72339b53581e3cdc5367db,Input Validity,Lidar,Lidar Rate,10,293.6
b432d048fe72339b53581e3cdc5367db,Input Validity,Odometry,Odometry Rate,50,293.6
b432d048fe72339b53581e3cdc5367db,Input Validity,TF,TF Rate,3.5,293.6
b432d048fe72339b53581e3cdc5367db,Input Validity,Lidar,Lidar Rate,10,293.7
b432d048fe72339b53581e3cdc5367db,Input Validity,Odometry,Odometry Rate,50,293.7
b432d048fe72339b53581e3cdc5367db,Input Validity,TF,TF Rate,3.5,293.7
b432d048fe72339b53581e3cdc5367db,Input Validity,Lidar,Lidar Rate,10,293.8
b432d048fe72339b53581e3cdc5367db,Input Validity,Odometry,Odometry Rate,50,293.8
b432d048fe72339b53581e3cdc5367db,Input Validity,TF,TF Rate,3.5,293.8
b432d048fe72339b53581e3cdc5367db,Input Validity,Lidar,Lidar Rate,10,293.9
b432d048fe72339b53581e3cdc5367db,Input Validity,Odometry,Odometry Rate,50,293.9
b432d048fe72339b53581e3cdc5367db,Input Validity,TF,TF Rate,3.5,293.9
b432d048fe72339b53581e3cdc5367db,Localization Quality,AMCLPose,CovYawYaw,2.9391,292.9
b432d048fe72339b53581e3cdc5367db,Localization Quality,AMCLPose,CovYY,3.58596,292.9
b432d048fe72339b53581e3cdc5367db,Localization Quality,AMCLPose,CovXX,14.0874,292.9
b432d048fe72339b53581e3cdc5367db,Localization Quality,AMCLPose,MeanYaw,-1.75377,292.9
b432d048fe72339b53581e3cdc5367db,Localization Quality,AMCLPose,MeanY,-0.0812945,292.9
b432d048fe72339b53581e3cdc5367db,Localization Quality,AMCLPose,MeanX,1.56595,292.9
b432d048fe72339b53581e3cdc5367db,Localization Stability,TF,Jump Angular,1.79078,293.9
b432d048fe72339b53581e3cdc5367db,Localization Stability,TF,Jump Linear,37.2654,293.9
b432d048fe72339b53581e3cdc5367db,Input Validity,Lidar,Lidar Rate,10,294
b432d048fe72339b53581e3cdc5367db,Input Validity,Odometry,Odometry Rate,50,294
b432d048fe72339b53581e3cdc5367db,Input Validity,TF,TF Rate,3.88889,294
b432d048fe72339b53581e3cdc5367db,Input Validity,Lidar,Lidar Rate,10,294.1
b432d048fe72339b53581e3cdc5367db,Input Validity,Odometry,Odometry Rate,50,294.1
b432d048fe72339b53581e3cdc5367db,Input Validity,TF,TF Rate,3.88889,294.1
b432d048fe72339b53581e3cdc5367db,Input Validity,Lidar,Lidar Rate,10,294.19
b432d048fe72339b53581e3cdc5367db,Input Validity,Odometry,Odometry Rate,50,294.19
b432d048fe72339b53581e3cdc5367db,Input Validity,TF,TF Rate,3.88889,294.19
b432d048fe72339b53581e3cdc5367db,Input Validity,Lidar,Lidar Rate,10,294.29
b432d048fe72339b53581e3cdc5367db,Input Validity,Odometry,Odometry Rate,50,294.29
b432d048fe72339b53581e3cdc5367db,Input Validity,TF,TF Rate,3.88889,294.29
b432d048fe72339b53581e3cdc5367db,Input Validity,Lidar,Lidar Rate,10,294.39
b432d048fe72339b53581e3cdc5367db,Input Validity,Odometry,Odometry Rate,50,294.39
b432d048fe72339b53581e3cdc5367db,Input Validity,TF,TF Rate,3.88889,294.39
b432d048fe72339b53581e3cdc5367db,Localization Quality,AMCLPose,CovYawYaw,2.12345,293.4
b432d048fe72339b53581e3cdc5367db,Localization Quality,AMCLPose,CovYY,2.86487,293.4
b432d048fe72339b53581e3cdc5367db,Localization Quality,AMCLPose,CovXX,11.3998,293.4
b432d048fe72339b53581e3cdc5367db,Localization Quality,AMCLPose,MeanYaw,2.83191,293.4
b432d048fe72339b53581e3cdc5367db,Localization Quality,AMCLPose,MeanY,-0.211663,293.4
b432d048fe72339b53581e3cdc5367db,Localization Quality,AMCLPose,MeanX,3.6119,293.4
b432d048fe72339b53581e3cdc5367db,Localization Stability,TF,Jump Angular,-1.74838,294.4
b432d048fe72339b53581e3cdc5367db,Localization Stability,TF,Jump Linear,36.3588,294.4
b432d048fe72339b53581e3cdc5367db,Localization Stability,TF,Jump Angular,0,294.9
b432d048fe72339b53581e3cdc5367db,Localization Stability,TF,Jump Linear,0,294.9
b432d048fe72339b53581e3cdc5367db,Localization Stability,TF,Jump Angular,0,295
b432d048fe72339b53581e3cdc5367db,Localization Stability,TF,Jump Linear,0,295
b432d048fe72339b53581e3cdc5367db,Localization Stability,TF,Jump Angular,0,295.1
b432d048fe72339b53581e3cdc5367db,Localization Stability,TF,Jump Linear,0,295.1
b432d048fe72339b53581e3cdc5367db,Localization Stability,TF,Jump Angular,0,295.2
b432d048fe72339b53581e3cdc5367db,Localization Stability,TF,Jump Linear,0,295.2
b432d048fe72339b53581e3cdc5367db,Localization Stability,TF,Jump Angular,0,295.3
b432d048fe72339b53581e3cdc5367db,Localization Stability,TF,Jump Linear,0,295.3
b432d048fe72339b53581e3cdc5367db,Localization Stability,TF,Jump Angular,0,295.4
b432d048fe72339b53581e3cdc5367db,Localization Stability,TF,Jump Linear,0,295.4
b432d048fe72339b53581e3cdc5367db,Input Validity,Lidar,Lidar Rate,10,294.49
b432d048fe72339b53581e3cdc5367db,Input Validity,Odometry,Odometry Rate,50,294.49
b432d048fe72339b53581e3cdc5367db,Input Validity,TF,TF Rate,4,294.49
b432d048fe72339b53581e3cdc5367db,Localization Stability,TF,Jump Angular,0,295.5
b432d048fe72339b53581e3cdc5367db,Localization Stability,TF,Jump Linear,0,295.5
b432d048fe72339b53581e3cdc5367db,Input Validity,Lidar,Lidar Rate,10,294.59
b432d048fe72339b53581e3cdc5367db,Input Validity,Odometry,Odometry Rate,50,294.59
b432d048fe72339b53581e3cdc5367db,Input Validity,TF,TF Rate,5,294.59
b432d048fe72339b53581e3cdc5367db,Localization Stability,TF,Jump Angular,0,295.6
b432d048fe72339b53581e3cdc5367db,Localization Stability,TF,Jump Linear,0,295.6
b432d048fe72339b53581e3cdc5367db,Input Validity,Lidar,Lidar Rate,10,294.69
b432d048fe72339b53581e3cdc5367db,Input Validity,Odometry,Odometry Rate,50,294.69
b432d048fe72339b53581e3cdc5367db,Input Validity,TF,TF Rate,5.29412,294.69
b432d048fe72339b53581e3cdc5367db,Localization Stability,TF,Jump Angular,0,295.7
b432d048fe72339b53581e3cdc5367db,Localization Stability,TF,Jump Linear,0,295.7
b432d048fe72339b53581e3cdc5367db,Input Validity,Lidar,Lidar Rate,10,294.79
b432d048fe72339b53581e3cdc5367db,Input Validity,Odometry,Odometry Rate,50,294.79
b432d048fe72339b53581e3cdc5367db,Input Validity,TF,TF Rate,5.55556,294.79
b432d048fe72339b53581e3cdc5367db,Localization Stability,TF,Jump Angular,0,295.8
b432d048fe72339b53581e3cdc5367db,Localization Stability,TF,Jump Linear,0,295.8
b432d048fe72339b53581e3cdc5367db,Input Validity,Lidar,Lidar Rate,10,294.89
b432d048fe72339b53581e3cdc5367db,Input Validity,Odometry,Odometry Rate,50,294.89
b432d048fe72339b53581e3cdc5367db,Input Validity,TF,TF Rate,5.78947,294.89
b432d048fe72339b53581e3cdc5367db,Localization Stability,TF,Jump Angular,0,295.9
b432d048fe72339b53581e3cdc5367db,Localization Stability,TF,Jump Linear,0,295.9
b432d048fe72339b53581e3cdc5367db,Input Validity,Lidar,Lidar Rate,10,294.99
b432d048fe72339b53581e3cdc5367db,Input Validity,Odometry,Odometry Rate,50,294.99
b432d048fe72339b53581e3cdc5367db,Input Validity,TF,TF Rate,6,294.99
b432d048fe72339b53581e3cdc5367db,Localization Stability,TF,Jump Angular,0,296
b432d048fe72339b53581e3cdc5367db,Localization Stability,TF,Jump Linear,0,296
b432d048fe72339b53581e3cdc5367db,Input Validity,Lidar,Lidar Rate,10,295.09
b432d048fe72339b53581e3cdc5367db,Input Validity,Odometry,Odometry Rate,50,295.09
b432d048fe72339b53581e3cdc5367db,Input Validity,TF,TF Rate,7.5,295.09
b432d048fe72339b53581e3cdc5367db,Localization Stability,TF,Jump Angular,0,296.1
b432d048fe72339b53581e3cdc5367db,Localization Stability,TF,Jump Linear,0,296.1
b432d048fe72339b53581e3cdc5367db,Input Validity,Lidar,Lidar Rate,10,295.19
b432d048fe72339b53581e3cdc5367db,Input Validity,Odometry,Odometry Rate,50,295.19
b432d048fe72339b53581e3cdc5367db,Input Validity,TF,TF Rate,7.64706,295.19
b432d048fe72339b53581e3cdc5367db,Localization Stability,TF,Jump Angular,0,296.2
b432d048fe72339b53581e3cdc5367db,Localization Stability,TF,Jump Linear,0,296.2
b432d048fe72339b53581e3cdc5367db,Input Validity,Lidar,Lidar Rate,10,295.29
b432d048fe72339b53581e3cdc5367db,Input Validity,Odometry,Odometry Rate,50,295.29
b432d048fe72339b53581e3cdc5367db,Input Validity,TF,TF Rate,7.77778,295.29
b432d048fe72339b53581e3cdc5367db,Localization Stability,TF,Jump Angular,0,296.3
b432d048fe72339b53581e3cdc5367db,Localization Stability,TF,Jump Linear,0,296.3
b432d048fe72339b53581e3cdc5367db,Input Validity,Lidar,Lidar Rate,10,295.39
b432d048fe72339b53581e3cdc5367db,Input Validity,Odometry,Odometry Rate,50,295.39
b432d048fe72339b53581e3cdc5367db,Input Validity,TF,TF Rate,7.89474,295.39
b432d048fe72339b53581e3cdc5367db,Localization Stability,TF,Jump Angular,0,296.4
b432d048fe72339b53581e3cdc5367db,Localization Stability,TF,Jump Linear,0,296.4
b432d048fe72339b53581e3cdc5367db,Input Validity,Lidar,Lidar Rate,10,295.49
b432d048fe72339b53581e3cdc5367db,Input Validity,Odometry,Odometry Rate,50,295.49
b432d048fe72339b53581e3cdc5367db,Input Validity,TF,TF Rate,8,295.49
b432d048fe72339b53581e3cdc5367db,Localization Stability,TF,Jump Angular,0,296.5
b432d048fe72339b53581e3cdc5367db,Localization Stability,TF,Jump Linear,0,296.5
b432d048fe72339b53581e3cdc5367db,Input Validity,Lidar,Lidar Rate,10,295.59
b432d048fe72339b53581e3cdc5367db,Input Validity,Odometry,Odometry Rate,50,295.59
b432d048fe72339b53581e3cdc5367db,Input Validity,TF,TF Rate,10,295.59
b432d048fe72339b53581e3cdc5367db,Localization Stability,TF,Jump Angular,0,296.6
b432d048fe72339b53581e3cdc5367db,Localization Stability,TF,Jump Linear,0,296.6
b432d048fe72339b53581e3cdc5367db,Input Validity,Lidar,Lidar Rate,10,295.69
b432d048fe72339b53581e3cdc5367db,Input Validity,Odometry,Odometry Rate,50,295.69
b432d048fe72339b53581e3cdc5367db,Input Validity,TF,TF Rate,10,295.69
b432d048fe72339b53581e3cdc5367db,Localization Stability,TF,Jump Angular,0,296.7
b432d048fe72339b53581e3cdc5367db,Localization Stability,TF,Jump Linear,0,296.7
b432d048fe72339b53581e3cdc5367db,Input Validity,Lidar,Lidar Rate,10,295.78
b432d048fe72339b53581e3cdc5367db,Input Validity,Odometry,Odometry Rate,50,295.78
b432d048fe72339b53581e3cdc5367db,Input Validity,TF,TF Rate,10,295.78
b432d048fe72339b53581e3cdc5367db,Localization Stability,TF,Jump Angular,0,296.8
b432d048fe72339b53581e3cdc5367db,Localization Stability,TF,Jump Linear,0,296.8
b432d048fe72339b53581e3cdc5367db,Input Validity,Lidar,Lidar Rate,10,295.88
b432d048fe72339b53581e3cdc5367db,Input Validity,Odometry,Odometry Rate,50,295.88
b432d048fe72339b53581e3cdc5367db,Input Validity,TF,TF Rate,10,295.88
b432d048fe72339b53581e3cdc5367db,Localization Stability,TF,Jump Angular,0,296.9
b432d048fe72339b53581e3cdc5367db,Localization Stability,TF,Jump Linear,0,296.9
b432d048fe72339b53581e3cdc5367db,Input Validity,Lidar,Lidar Rate,10,295.98
b432d048fe72339b53581e3cdc5367db,Input Validity,Odometry,Odometry Rate,50,295.98
b432d048fe72339b53581e3cdc5367db,Input Validity,TF,TF Rate,10,295.98
b432d048fe72339b53581e3cdc5367db,Localization Stability,TF,Jump Angular,0,297
b432d048fe72339b53581e3cdc5367db,Localization Stability,TF,Jump Linear,0,297
b432d048fe72339b53581e3cdc5367db,Input Validity,Lidar,Lidar Rate,10,296.08
b432d048fe72339b53581e3cdc5367db,Input Validity,Odometry,Odometry Rate,50,296.08
b432d048fe72339b53581e3cdc5367db,Input Validity,TF,TF Rate,10,296.08
b432d048fe72339b53581e3cdc5367db,Localization Stability,TF,Jump Angular,0,297.1
b432d048fe72339b53581e3cdc5367db,Localization Stability,TF,Jump Linear,0,297.1
b432d048fe72339b53581e3cdc5367db,Input Validity,Lidar,Lidar Rate,10,296.18
b432d048fe72339b53581e3cdc5367db,Input Validity,Odometry,Odometry Rate,50,296.18
b432d048fe72339b53581e3cdc5367db,Input Validity,TF,TF Rate,10,296.18
b432d048fe72339b53581e3cdc5367db,Localization Stability,TF,Jump Angular,0,297.2
b432d048fe72339b53581e3cdc5367db,Localization Stability,TF,Jump Linear,0,297.2
b432d048fe72339b53581e3cdc5367db,Input Validity,Lidar,Lidar Rate,10,296.28
b432d048fe72339b53581e3cdc5367db,Input Validity,Odometry,Odometry Rate,50,296.28
b432d048fe72339b53581e3cdc5367db,Input Validity,TF,TF Rate,10,296.28
b432d048fe72339b53581e3cdc5367db,Localization Stability,TF,Jump Angular,0,297.3
b432d048fe72339b53581e3cdc5367db,Localization Stability,TF,Jump Linear,0,297.3
b432d048fe72339b53581e3cdc5367db,Input Validity,Lidar,Lidar Rate,10,296.38
b432d048fe72339b53581e3cdc5367db,Input Validity,Odometry,Odometry Rate,50,296.38
b432d048fe72339b53581e3cdc5367db,Input Validity,TF,TF Rate,10,296.38
b432d048fe72339b53581e3cdc5367db,Localization Stability,TF,Jump Angular,0,297.4
b432d048fe72339b53581e3cdc5367db,Localization Stability,TF,Jump Linear,0,297.4
b432d048fe72339b53581e3cdc5367db,Input Validity,Lidar,Lidar Rate,10,296.48
b432d048fe72339b53581e3cdc5367db,Input Validity,Odometry,Odometry Rate,50,296.48
b432d048fe72339b53581e3cdc5367db,Input Validity,TF,TF Rate,10,296.48
b432d048fe72339b53581e3cdc5367db,Localization Stability,TF,Jump Angular,0,297.5
b432d048fe72339b53581e3cdc5367db,Localization Stability,TF,Jump Linear,0,297.5
b432d048fe72339b53581e3cdc5367db,Input Validity,Lidar,Lidar Rate,10,296.58
b432d048fe72339b53581e3cdc5367db,Input Validity,Odometry,Odometry Rate,50,296.58
b432d048fe72339b53581e3cdc5367db,Input Validity,TF,TF Rate,10,296.58
b432d048fe72339b53581e3cdc5367db,Localization Stability,TF,Jump Angular,0,297.6
b432d048fe72339b53581e3cdc5367db,Localization Stability,TF,Jump Linear,0,297.6
b432d048fe72339b53581e3cdc5367db,Input Validity,Lidar,Lidar Rate,10,296.68
b432d048fe72339b53581e3cdc5367db,Input Validity,Odometry,Odometry Rate,50,296.68
b432d048fe72339b53581e3cdc5367db,Input Validity,TF,TF Rate,10,296.68
b432d048fe72339b53581e3cdc5367db,Localization Stability,TF,Jump Angular,0,297.7
b432d048fe72339b53581e3cdc5367db,Localization Stability,TF,Jump Linear,0,297.7
b432d048fe72339b53581e3cdc5367db,Input Validity,Lidar,Lidar Rate,10,296.78
b432d048fe72339b53581e3cdc5367db,Input Validity,Odometry,Odometry Rate,50,296.78
b432d048fe72339b53581e3cdc5367db,Input Validity,TF,TF Rate,10,296.78
b432d048fe72339b53581e3cdc5367db,Localization Stability,TF,Jump Angular,0,297.8
b432d048fe72339b53581e3cdc5367db,Localization Stability,TF,Jump Linear,0,297.8
b432d048fe72339b53581e3cdc5367db,Input Validity,Lidar,Lidar Rate,10,296.88
b432d048fe72339b53581e3cdc5367db,Input Validity,Odometry,Odometry Rate,50,296.88
b432d048fe72339b53581e3cdc5367db,Input Validity,TF,TF Rate,10,296.88
b432d048fe72339b53581e3cdc5367db,Localization Stability,TF,Jump Angular,0,297.9
b432d048fe72339b53581e3cdc5367db,Localization Stability,TF,Jump Linear,0,297.9
b432d048fe72339b53581e3cdc5367db,Input Validity,Lidar,Lidar Rate,10,296.98
b432d048fe72339b53581e3cdc5367db,Input Validity,Odometry,Odometry Rate,50,296.98
b432d048fe72339b53581e3cdc5367db,Input Validity,TF,TF Rate,10,296.98
b432d048fe72339b53581e3cdc5367db,Localization Stability,TF,Jump Angular,0,298
b432d048fe72339b53581e3cdc5367db,Localization Stability,TF,Jump Linear,0,298
b432d048fe72339b53581e3cdc5367db,Input Validity,Lidar,Lidar Rate,10,297.08
b432d048fe72339b53581e3cdc5367db,Input Validity,Odometry,Odometry Rate,50,297.08
b432d048fe72339b53581e3cdc5367db,Input Validity,TF,TF Rate,10,297.08
b432d048fe72339b53581e3cdc5367db,Localization Stability,TF,Jump Angular,0,298.1
b432d048fe72339b53581e3cdc5367db,Localization Stability,TF,Jump Linear,0,298.1
b432d048fe72339b53581e3cdc5367db,Input Validity,Lidar,Lidar Rate,10,297.18
b432d048fe72339b53581e3cdc5367db,Input Validity,Odometry,Odometry Rate,50,297.18
b432d048fe72339b53581e3cdc5367db,Input Validity,TF,TF Rate,10,297.18
b432d048fe72339b53581e3cdc5367db,Input Validity,Lidar,Lidar Rate,10,297.28
b432d048fe72339b53581e3cdc5367db,Input Validity,Odometry,Odometry Rate,50,297.28
b432d048fe72339b53581e3cdc5367db,Input Validity,TF,TF Rate,10,297.28
b432d048fe72339b53581e3cdc5367db,Localization Stability,TF,Jump Angular,0,298.2
b432d048fe72339b53581e3cdc5367db,Localization Stability,TF,Jump Linear,0,298.2
b432d048fe72339b53581e3cdc5367db,Localization Stability,TF,Jump Angular,0,298.3
b432d048fe72339b53581e3cdc5367db,Localization Stability,TF,Jump Linear,0,298.3
b432d048fe72339b53581e3cdc5367db,Input Validity,Lidar,Lidar Rate,10,297.38
b432d048fe72339b53581e3cdc5367db,Input Validity,Odometry,Odometry Rate,50,297.38
b432d048fe72339b53581e3cdc5367db,Input Validity,TF,TF Rate,10,297.38
b432d048fe72339b53581e3cdc5367db,Localization Stability,TF,Jump Angular,0,298.4
b432d048fe72339b53581e3cdc5367db,Localization Stability,TF,Jump Linear,0,298.4
b432d048fe72339b53581e3cdc5367db,Input Validity,Lidar,Lidar Rate,10,297.47
b432d048fe72339b53581e3cdc5367db,Input Validity,Odometry,Odometry Rate,50,297.47
b432d048fe72339b53581e3cdc5367db,Input Validity,TF,TF Rate,10,297.47
b432d048fe72339b53581e3cdc5367db,Localization Stability,TF,Jump Angular,0,298.5
b432d048fe72339b53581e3cdc5367db,Localization Stability,TF,Jump Linear,0,298.5
b432d048fe72339b53581e3cdc5367db,Input Validity,Lidar,Lidar Rate,10,297.57
b432d048fe72339b53581e3cdc5367db,Input Validity,Odometry,Odometry Rate,50,297.57
b432d048fe72339b53581e3cdc5367db,Input Validity,TF,TF Rate,10,297.57
b432d048fe72339b53581e3cdc5367db,Localization Stability,TF,Jump Angular,0,298.6
b432d048fe72339b53581e3cdc5367db,Localization Stability,TF,Jump Linear,0,298.6
b432d048fe72339b53581e3cdc5367db,Input Validity,Lidar,Lidar Rate,10,297.67
b432d048fe72339b53581e3cdc5367db,Input Validity,Odometry,Odometry Rate,50,297.67
b432d048fe72339b53581e3cdc5367db,Input Validity,TF,TF Rate,10,297.67
b432d048fe72339b53581e3cdc5367db,Localization Stability,TF,Jump Angular,0,298.7
b432d048fe72339b53581e3cdc5367db,Localization Stability,TF,Jump Linear,0,298.7
b432d048fe72339b53581e3cdc5367db,Input Validity,Lidar,Lidar Rate,10,297.77
b432d048fe72339b53581e3cdc5367db,Input Validity,Odometry,Odometry Rate,50,297.77
b432d048fe72339b53581e3cdc5367db,Input Validity,TF,TF Rate,10,297.77
b432d048fe72339b53581e3cdc5367db,Localization Stability,TF,Jump Angular,0,298.8
b432d048fe72339b53581e3cdc5367db,Localization Stability,TF,Jump Linear,0,298.8
b432d048fe72339b53581e3cdc5367db,Input Validity,Lidar,Lidar Rate,10,297.87
b432d048fe72339b53581e3cdc5367db,Input Validity,Odometry,Odometry Rate,50,297.87
b432d048fe72339b53581e3cdc5367db,Input Validity,TF,TF Rate,10,297.87
b432d048fe72339b53581e3cdc5367db,Localization Stability,TF,Jump Angular,0,298.9
b432d048fe72339b53581e3cdc5367db,Localization Stability,TF,Jump Linear,0,298.9
b432d048fe72339b53581e3cdc5367db,Input Validity,Lidar,Lidar Rate,10,297.97
b432d048fe72339b53581e3cdc5367db,Input Validity,Odometry,Odometry Rate,50,297.97
b432d048fe72339b53581e3cdc5367db,Input Validity,TF,TF Rate,10,297.97
b432d048fe72339b53581e3cdc5367db,Localization Stability,TF,Jump Angular,0,299
b432d048fe72339b53581e3cdc5367db,Localization Stability,TF,Jump Linear,0,299
b432d048fe72339b53581e3cdc5367db,Input Validity,Lidar,Lidar Rate,10,298.07
b432d048fe72339b53581e3cdc5367db,Input Validity,Odometry,Odometry Rate,50,298.07
b432d048fe72339b53581e3cdc5367db,Input Validity,TF,TF Rate,10,298.07
b432d048fe72339b53581e3cdc5367db,Localization Stability,TF,Jump Angular,0,299.1
b432d048fe72339b53581e3cdc5367db,Localization Stability,TF,Jump Linear,0,299.1
b432d048fe72339b53581e3cdc5367db,Input Validity,Lidar,Lidar Rate,10,298.17
b432d048fe72339b53581e3cdc5367db,Input Validity,Odometry,Odometry Rate,50,298.17
b432d048fe72339b53581e3cdc5367db,Input Validity,TF,TF Rate,10,298.17
b432d048fe72339b53581e3cdc5367db,Localization Stability,TF,Jump Angular,0,299.2
b432d048fe72339b53581e3cdc5367db,Localization Stability,TF,Jump Linear,0,299.2
b432d048fe72339b53581e3cdc5367db,Input Validity,Lidar,Lidar Rate,10,298.27
b432d048fe72339b53581e3cdc5367db,Input Validity,Odometry,Odometry Rate,50,298.27
b432d048fe72339b53581e3cdc5367db,Input Validity,TF,TF Rate,10,298.27
b432d048fe72339b53581e3cdc5367db,Localization Stability,TF,Jump Angular,0,299.3
b432d048fe72339b53581e3cdc5367db,Localization Stability,TF,Jump Linear,0,299.3
b432d048fe72339b53581e3cdc5367db,Input Validity,Lidar,Lidar Rate,10,298.37
b432d048fe72339b53581e3cdc5367db,Input Validity,Odometry,Odometry Rate,50,298.37
b432d048fe72339b53581e3cdc5367db,Input Validity,TF,TF Rate,10,298.37
b432d048fe72339b53581e3cdc5367db,Input Validity,Lidar,Lidar Rate,10,298.47
b432d048fe72339b53581e3cdc5367db,Input Validity,Odometry,Odometry Rate,50,298.47
b432d048fe72339b53581e3cdc5367db,Input Validity,TF,TF Rate,10,298.47
b432d048fe72339b53581e3cdc5367db,Localization Stability,TF,Jump Angular,0,299.4
b432d048fe72339b53581e3cdc5367db,Localization Stability,TF,Jump Linear,0,299.4
b432d048fe72339b53581e3cdc5367db,Localization Stability,TF,Jump Angular,0,299.5
b432d048fe72339b53581e3cdc5367db,Localization Stability,TF,Jump Linear,0,299.5
b432d048fe72339b53581e3cdc5367db,Input Validity,Lidar,Lidar Rate,10,298.57
b432d048fe72339b53581e3cdc5367db,Input Validity,Odometry,Odometry Rate,50,298.57
b432d048fe72339b53581e3cdc5367db,Input Validity,TF,TF Rate,10,298.57
b432d048fe72339b53581e3cdc5367db,Localization Stability,TF,Jump Angular,0,299.6
b432d048fe72339b53581e3cdc5367db,Localization Stability,TF,Jump Linear,0,299.6
b432d048fe72339b53581e3cdc5367db,Input Validity,Lidar,Lidar Rate,10,298.67
b432d048fe72339b53581e3cdc5367db,Input Validity,Odometry,Odometry Rate,50,298.67
b432d048fe72339b53581e3cdc5367db,Input Validity,TF,TF Rate,10,298.67
b432d048fe72339b53581e3cdc5367db,Localization Stability,TF,Jump Angular,0,299.7
b432d048fe72339b53581e3cdc5367db,Localization Stability,TF,Jump Linear,0,299.7
b432d048fe72339b53581e3cdc5367db,Input Validity,Lidar,Lidar Rate,10,298.77
b432d048fe72339b53581e3cdc5367db,Input Validity,Odometry,Odometry Rate,50,298.77
b432d048fe72339b53581e3cdc5367db,Input Validity,TF,TF Rate,10,298.77
b432d048fe72339b53581e3cdc5367db,Localization Stability,TF,Jump Angular,0,299.8
b432d048fe72339b53581e3cdc5367db,Localization Stability,TF,Jump Linear,0,299.8
b432d048fe72339b53581e3cdc5367db,Input Validity,Lidar,Lidar Rate,10,298.87
b432d048fe72339b53581e3cdc5367db,Input Validity,Odometry,Odometry Rate,50,298.87
b432d048fe72339b53581e3cdc5367db,Input Validity,TF,TF Rate,10,298.87
b432d048fe72339b53581e3cdc5367db,Localization Stability,TF,Jump Angular,0,299.9
b432d048fe72339b53581e3cdc5367db,Localization Stability,TF,Jump Linear,0,299.9
b432d048fe72339b53581e3cdc5367db,Input Validity,Lidar,Lidar Rate,10,298.97
b432d048fe72339b53581e3cdc5367db,Input Validity,Odometry,Odometry Rate,50,298.97
b432d048fe72339b53581e3cdc5367db,Input Validity,TF,TF Rate,10,298.97
b432d048fe72339b53581e3cdc5367db,Localization Stability,TF,Jump Angular,0,300
b432d048fe72339b53581e3cdc5367db,Localization Stability,TF,Jump Linear,0,300
b432d048fe72339b53581e3cdc5367db,Input Validity,Lidar,Lidar Rate,10,299.07
b432d048fe72339b53581e3cdc5367db,Input Validity,Odometry,Odometry Rate,50,299.07
b432d048fe72339b53581e3cdc5367db,Input Validity,TF,TF Rate,10,299.07
b432d048fe72339b53581e3cdc5367db,Input Validity,Lidar,Lidar Rate,10,299.17
b432d048fe72339b53581e3cdc5367db,Input Validity,Odometry,Odometry Rate,50,299.17
b432d048fe72339b53581e3cdc5367db,Input Validity,TF,TF Rate,10,299.17
b432d048fe72339b53581e3cdc5367db,Input Validity,Lidar,Lidar Rate,10,299.26
b432d048fe72339b53581e3cdc5367db,Input Validity,Odometry,Odometry Rate,50,299.26
b432d048fe72339b53581e3cdc5367db,Input Validity,TF,TF Rate,10,299.26
b432d048fe72339b53581e3cdc5367db,Input Validity,Lidar,Lidar Rate,10,299.36
b432d048fe72339b53581e3cdc5367db,Input Validity,Odometry,Odometry Rate,50,299.36
b432d048fe72339b53581e3cdc5367db,Input Validity,TF,TF Rate,10,299.36
b432d048fe72339b53581e3cdc5367db,Input Validity,Lidar,Lidar Rate,10,299.46
b432d048fe72339b53581e3cdc5367db,Input Validity,Odometry,Odometry Rate,50,299.46
b432d048fe72339b53581e3cdc5367db,Input Validity,TF,TF Rate,10,299.46
b432d048fe72339b53581e3cdc5367db,Input Validity,Lidar,Lidar Rate,10,299.56
b432d048fe72339b53581e3cdc5367db,Input Validity,Odometry,Odometry Rate,50,299.56
b432d048fe72339b53581e3cdc5367db,Input Validity,TF,TF Rate,10,299.56
b432d048fe72339b53581e3cdc5367db,Localization Quality,AMCLPose,CovYawYaw,1.44224,299.1
b432d048fe72339b53581e3cdc5367db,Localization Quality,AMCLPose,CovYY,2.31781,299.1
b432d048fe72339b53581e3cdc5367db,Localization Quality,AMCLPose,CovXX,8.85405,299.1
b432d048fe72339b53581e3cdc5367db,Localization Quality,AMCLPose,MeanYaw,-1.30301,299.1
b432d048fe72339b53581e3cdc5367db,Localization Quality,AMCLPose,MeanY,1.33232,299.1
b432d048fe72339b53581e3cdc5367db,Localization Quality,AMCLPose,MeanX,0.151013,299.1
b432d048fe72339b53581e3cdc5367db,Localization Stability,TF,Jump Angular,2.14827,300.1
b432d048fe72339b53581e3cdc5367db,Localization Stability,TF,Jump Linear,39.7241,300.1
b432d048fe72339b53581e3cdc5367db,Localization Stability,TF,Jump Angular,0,300.2
b432d048fe72339b53581e3cdc5367db,Localization Stability,TF,Jump Linear,0,300.2
b432d048fe72339b53581e3cdc5367db,Localization Stability,TF,Jump Angular,0,300.3
b432d048fe72339b53581e3cdc5367db,Localization Stability,TF,Jump Linear,0,300.3
b432d048fe72339b53581e3cdc5367db,Localization Stability,TF,Jump Angular,0,300.4
b432d048fe72339b53581e3cdc5367db,Localization Stability,TF,Jump Linear,0,300.4
b432d048fe72339b53581e3cdc5367db,Localization Stability,TF,Jump Angular,0,300.5
b432d048fe72339b53581e3cdc5367db,Localization Stability,TF,Jump Linear,0,300.5
b432d048fe72339b53581e3cdc5367db,Localization Stability,TF,Jump Angular,0,300.6
b432d048fe72339b53581e3cdc5367db,Localization Stability,TF,Jump Linear,0,300.6
b432d048fe72339b53581e3cdc5367db,Input Validity,Lidar,Lidar Rate,10,299.66
b432d048fe72339b53581e3cdc5367db,Input Validity,Odometry,Odometry Rate,50,299.66
b432d048fe72339b53581e3cdc5367db,Input Validity,TF,TF Rate,10,299.66
b432d048fe72339b53581e3cdc5367db,Localization Stability,TF,Jump Angular,0,300.7
b432d048fe72339b53581e3cdc5367db,Localization Stability,TF,Jump Linear,0,300.7
b432d048fe72339b53581e3cdc5367db,Input Validity,Lidar,Lidar Rate,10,299.76
b432d048fe72339b53581e3cdc5367db,Input Validity,Odometry,Odometry Rate,50,299.76
b432d048fe72339b53581e3cdc5367db,Input Validity,TF,TF Rate,10,299.76
b432d048fe72339b53581e3cdc5367db,Localization Stability,TF,Jump Angular,0,300.8
b432d048fe72339b53581e3cdc5367db,Localization Stability,TF,Jump Linear,0,300.8
b432d048fe72339b53581e3cdc5367db,Input Validity,Lidar,Lidar Rate,10,299.86
b432d048fe72339b53581e3cdc5367db,Input Validity,Odometry,Odometry Rate,50,299.86
b432d048fe72339b53581e3cdc5367db,Input Validity,TF,TF Rate,10,299.86
b432d048fe72339b53581e3cdc5367db,Localization Stability,TF,Jump Angular,0,300.9
b432d048fe72339b53581e3cdc5367db,Localization Stability,TF,Jump Linear,0,300.9
b432d048fe72339b53581e3cdc5367db,Input Validity,Lidar,Lidar Rate,10,299.96
b432d048fe72339b53581e3cdc5367db,Input Validity,Odometry,Odometry Rate,50,299.96
b432d048fe72339b53581e3cdc5367db,Input Validity,TF,TF Rate,10,299.96
b432d048fe72339b53581e3cdc5367db,Input Validity,Lidar,Lidar Rate,10,300.06
b432d048fe72339b53581e3cdc5367db,Input Validity,Odometry,Odometry Rate,50,300.06
b432d048fe72339b53581e3cdc5367db,Input Validity,TF,TF Rate,10,300.06
b432d048fe72339b53581e3cdc5367db,Input Validity,Lidar,Lidar Rate,10,300.16
b432d048fe72339b53581e3cdc5367db,Input Validity,Odometry,Odometry Rate,50,300.16
b432d048fe72339b53581e3cdc5367db,Input Validity,TF,TF Rate,10,300.16
b432d048fe72339b53581e3cdc5367db,Input Validity,Lidar,Lidar Rate,10,300.26
b432d048fe72339b53581e3cdc5367db,Input Validity,Odometry,Odometry Rate,50,300.26
b432d048fe72339b53581e3cdc5367db,Input Validity,TF,TF Rate,10,300.26
b432d048fe72339b53581e3cdc5367db,Input Validity,Lidar,Lidar Rate,10,300.36
b432d048fe72339b53581e3cdc5367db,Input Validity,Odometry,Odometry Rate,50,300.36
b432d048fe72339b53581e3cdc5367db,Input Validity,TF,TF Rate,10,300.36
b432d048fe72339b53581e3cdc5367db,Input Validity,Lidar,Lidar Rate,10,300.46
b432d048fe72339b53581e3cdc5367db,Input Validity,Odometry,Odometry Rate,50,300.46
b432d048fe72339b53581e3cdc5367db,Input Validity,TF,TF Rate,10,300.46
b432d048fe72339b53581e3cdc5367db,Localization Quality,AMCLPose,CovYawYaw,0.903186,300
b432d048fe72339b53581e3cdc5367db,Localization Quality,AMCLPose,CovYY,1.83045,300
b432d048fe72339b53581e3cdc5367db,Localization Quality,AMCLPose,CovXX,6.56755,300
b432d048fe72339b53581e3cdc5367db,Localization Quality,AMCLPose,MeanYaw,-1.32568,300
b432d048fe72339b53581e3cdc5367db,Localization Quality,AMCLPose,MeanY,1.5809,300
b432d048fe72339b53581e3cdc5367db,Localization Quality,AMCLPose,MeanX,0.25479,300
b432d048fe72339b53581e3cdc5367db,Localization Stability,TF,Jump Angular,-0.0226778,301
b432d048fe72339b53581e3cdc5367db,Localization Stability,TF,Jump Linear,0.454834,301
b432d048fe72339b53581e3cdc5367db,Localization Stability,TF,Jump Angular,0,301.1
b432d048fe72339b53581e3cdc5367db,Localization Stability,TF,Jump Linear,0,301.1
b432d048fe72339b53581e3cdc5367db,Localization Stability,TF,Jump Angular,0,301.2
b432d048fe72339b53581e3cdc5367db,Localization Stability,TF,Jump Linear,0,301.2
b432d048fe72339b53581e3cdc5367db,Localization Stability,TF,Jump Angular,0,301.3
b432d048fe72339b53581e3cdc5367db,Localization Stability,TF,Jump Linear,0,301.3
b432d048fe72339b53581e3cdc5367db,Localization Stability,TF,Jump Angular,0,301.4
b432d048fe72339b53581e3cdc5367db,Localization Stability,TF,Jump Linear,0,301.4
b432d048fe72339b53581e3cdc5367db,Input Validity,Lidar,Lidar Rate,10,300.56
b432d048fe72339b53581e3cdc5367db,Input Validity,Odometry,Odometry Rate,50,300.56
b432d048fe72339b53581e3cdc5367db,Input Validity,TF,TF Rate,10,300.56
b432d048fe72339b53581e3cdc5367db,Localization Stability,TF,Jump Angular,0,301.5
b432d048fe72339b53581e3cdc5367db,Localization Stability,TF,Jump Linear,0,301.5
b432d048fe72339b53581e3cdc5367db,Input Validity,Lidar,Lidar Rate,10,300.66
b432d048fe72339b53581e3cdc5367db,Input Validity,Odometry,Odometry Rate,50,300.66
b432d048fe72339b53581e3cdc5367db,Input Validity,TF,TF Rate,10,300.66
b432d048fe72339b53581e3cdc5367db,Input Validity,Lidar,Lidar Rate,10,300.76
b432d048fe72339b53581e3cdc5367db,Input Validity,Odometry,Odometry Rate,50,300.76
b432d048fe72339b53581e3cdc5367db,Input Validity,TF,TF Rate,10,300.76
b432d048fe72339b53581e3cdc5367db,Input Validity,Lidar,Lidar Rate,10,300.86
b432d048fe72339b53581e3cdc5367db,Input Validity,Odometry,Odometry Rate,50,300.86
b432d048fe72339b53581e3cdc5367db,Input Validity,TF,TF Rate,10,300.86
b432d048fe72339b53581e3cdc5367db,Localization Quality,AMCLPose,CovYawYaw,0.536328,300.6
b432d048fe72339b53581e3cdc5367db,Localization Quality,AMCLPose,CovYY,1.27194,300.6
b432d048fe72339b53581e3cdc5367db,Localization Quality,AMCLPose,CovXX,4.32499,300.6
b432d048fe72339b53581e3cdc5367db,Localization Quality,AMCLPose,MeanYaw,-1.43406,300.6
b432d048fe72339b53581e3cdc5367db,Localization Quality,AMCLPose,MeanY,1.65169,300.6
b432d048fe72339b53581e3cdc5367db,Localization Quality,AMCLPose,MeanX,0.258364,300.6
b432d048fe72339b53581e3cdc5367db,Localization Stability,TF,Jump Angular,-0.015005,301.6
b432d048fe72339b53581e3cdc5367db,Localization Stability,TF,Jump Linear,0.351091,301.6
b432d048fe72339b53581e3cdc5367db,Input Validity,Lidar,Lidar Rate,10,300.95
b432d048fe72339b53581e3cdc5367db,Input Validity,Odometry,Odometry Rate,50,300.95
b432d048fe72339b53581e3cdc5367db,Input Validity,TF,TF Rate,10,300.95
b432d048fe72339b53581e3cdc5367db,Input Validity,Lidar,Lidar Rate,10,301.05
b432d048fe72339b53581e3cdc5367db,Input Validity,Odometry,Odometry Rate,50,301.05
b432d048fe72339b53581e3cdc5367db,Input Validity,TF,TF Rate,10,301.05
b432d048fe72339b53581e3cdc5367db,Localization Quality,AMCLPose,CovYawYaw,0.25422,300.7
b432d048fe72339b53581e3cdc5367db,Localization Quality,AMCLPose,CovYY,0.691056,300.7
b432d048fe72339b53581e3cdc5367db,Localization Quality,AMCLPose,CovXX,2.29392,300.7
b432d048fe72339b53581e3cdc5367db,Localization Quality,AMCLPose,MeanYaw,-1.49578,300.7
b432d048fe72339b53581e3cdc5367db,Localization Quality,AMCLPose,MeanY,1.6563,300.7
b432d048fe72339b53581e3cdc5367db,Localization Quality,AMCLPose,MeanX,0.289169,300.7
b432d048fe72339b53581e3cdc5367db,Localization Stability,TF,Jump Angular,0.00227885,301.7
b432d048fe72339b53581e3cdc5367db,Localization Stability,TF,Jump Linear,0.0850558,301.7
b432d048fe72339b53581e3cdc5367db,Localization Quality,AMCLPose,CovYawYaw,0.109028,300.8
b432d048fe72339b53581e3cdc5367db,Localization Quality,AMCLPose,CovYY,0.312079,300.8
b432d048fe72339b53581e3cdc5367db,Localization Quality,AMCLPose,CovXX,1.03434,300.8
b432d048fe72339b53581e3cdc5367db,Localization Quality,AMCLPose,MeanYaw,-1.57704,300.8
b432d048fe72339b53581e3cdc5367db,Localization Quality,AMCLPose,MeanY,1.65046,300.8
b432d048fe72339b53581e3cdc5367db,Localization Quality,AMCLPose,MeanX,0.305771,300.8
b432d048fe72339b53581e3cdc5367db,Localization Stability,TF,Jump Angular,-0.00101615,301.8
b432d048fe72339b53581e3cdc5367db,Localization Stability,TF,Jump Linear,0.00751517,301.8
b432d048fe72339b53581e3cdc5367db,Input Validity,Lidar,Lidar Rate,10,301.15
b432d048fe72339b53581e3cdc5367db,Input Validity,Odometry,Odometry Rate,50,301.15
b432d048fe72339b53581e3cdc5367db,Input Validity,TF,TF Rate,10,301.15
b432d048fe72339b53581e3cdc5367db,Localization Quality,AMCLPose,CovYawYaw,0.0555196,300.9
b432d048fe72339b53581e3cdc5367db,Localization Quality,AMCLPose,CovYY,0.153837,300.9
b432d048fe72339b53581e3cdc5367db,Localization Quality,AMCLPose,CovXX,0.53598,300.9
b432d048fe72339b53581e3cdc5367db,Localization Quality,AMCLPose,MeanYaw,-1.66083,300.9
b432d048fe72339b53581e3cdc5367db,Localization Quality,AMCLPose,MeanY,1.64698,300.9
b432d048fe72339b53581e3cdc5367db,Localization Quality,AMCLPose,MeanX,0.314847,300.9
b432d048fe72339b53581e3cdc5367db,Localization Stability,TF,Jump Angular,0.00214662,301.9
b432d048fe72339b53581e3cdc5367db,Localization Stability,TF,Jump Linear,0.0614222,301.9
b432d048fe72339b53581e3cdc5367db,Localization Quality,AMCLPose,CovYawYaw,0.0292796,301
b432d048fe72339b53581e3cdc5367db,Localization Quality,AMCLPose,CovYY,0.0788566,301
b432d048fe72339b53581e3cdc5367db,Localization Quality,AMCLPose,CovXX,0.274151,301
b432d048fe72339b53581e3cdc5367db,Localization Quality,AMCLPose,MeanYaw,-1.72658,301
b432d048fe72339b53581e3cdc5367db,Localization Quality,AMCLPose,MeanY,1.63714,301
b432d048fe72339b53581e3cdc5367db,Localization Quality,AMCLPose,MeanX,0.32214,301
b432d048fe72339b53581e3cdc5367db,Localization Stability,TF,Jump Angular,-0.00119617,302
b432d048fe72339b53581e3cdc5367db,Localization Stability,TF,Jump Linear,0.0203823,302
b432d048fe72339b53581e3cdc5367db,Input Validity,Lidar,Lidar Rate,10,301.25
b432d048fe72339b53581e3cdc5367db,Input Validity,Odometry,Odometry Rate,50,301.25
b432d048fe72339b53581e3cdc5367db,Input Validity,TF,TF Rate,10,301.25
b432d048fe72339b53581e3cdc5367db,Localization Quality,AMCLPose,CovYawYaw,0.0177185,301.1
b432d048fe72339b53581e3cdc5367db,Localization Quality,AMCLPose,CovYY,0.0464894,301.1
b432d048fe72339b53581e3cdc5367db,Localization Quality,AMCLPose,CovXX,0.167577,301.1
b432d048fe72339b53581e3cdc5367db,Localization Quality,AMCLPose,MeanYaw,-1.79239,301.1
b432d048fe72339b53581e3cdc5367db,Localization Quality,AMCLPose,MeanY,1.62537,301.1
b432d048fe72339b53581e3cdc5367db,Localization Quality,AMCLPose,MeanX,0.324883,301.1
b432d048fe72339b53581e3cdc5367db,Localization Stability,TF,Jump Angular,-0.00152568,302.1
b432d048fe72339b53581e3cdc5367db,Localization Stability,TF,Jump Linear,0.0322023,302.1
b432d048fe72339b53581e3cdc5367db,Localization Quality,AMCLPose,CovYawYaw,0.00789875,301.2
b432d048fe72339b53581e3cdc5367db,Localization Quality,AMCLPose,CovYY,0.0253057,301.2
b432d048fe72339b53581e3cdc5367db,Localization Quality,AMCLPose,CovXX,0.0835087,301.2
b432d048fe72339b53581e3cdc5367db,Localization Quality,AMCLPose,MeanYaw,-1.85569,301.2
b432d048fe72339b53581e3cdc5367db,Localization Quality,AMCLPose,MeanY,1.60688,301.2
b432d048fe72339b53581e3cdc5367db,Localization Quality,AMCLPose,MeanX,0.323999,301.2
b432d048fe72339b53581e3cdc5367db,Localization Stability,TF,Jump Angular,-0.000199787,302.2
b432d048fe72339b53581e3cdc5367db,Localization Stability,TF,Jump Linear,0.0031664,302.2
b432d048fe72339b53581e3cdc5367db,Input Validity,Lidar,Lidar Rate,10,301.35
b432d048fe72339b53581e3cdc5367db,Input Validity,Odometry,Odometry Rate,50,301.35
b432d048fe72339b53581e3cdc5367db,Input Validity,TF,TF Rate,10,301.35
b432d048fe72339b53581e3cdc5367db,Localization Quality,AMCLPose,CovYawYaw,0.00303635,301.3
b432d048fe72339b53581e3cdc5367db,Localization Quality,AMCLPose,CovYY,0.00952147,301.3
b432d048fe72339b53581e3cdc5367db,Localization Quality,AMCLPose,CovXX,0.0292871,301.3
b432d048fe72339b53581e3cdc5367db,Localization Quality,AMCLPose,MeanYaw,-1.91274,301.3
b432d048fe72339b53581e3cdc5367db,Localization Quality,AMCLPose,MeanY,1.57927,301.3
b432d048fe72339b53581e3cdc5367db,Localization Quality,AMCLPose,MeanX,0.316708,301.3
b432d048fe72339b53581e3cdc5367db,Localization Stability,TF,Jump Angular,0.00161423,302.3
b432d048fe72339b53581e3cdc5367db,Localization Stability,TF,Jump Linear,0.0405798,302.3
b432d048fe72339b53581e3cdc5367db,Input Validity,Lidar,Lidar Rate,10,301.45
b432d048fe72339b53581e3cdc5367db,Input Validity,Odometry,Odometry Rate,50,301.45
b432d048fe72339b53581e3cdc5367db,Input Validity,TF,TF Rate,10,301.45
b432d048fe72339b53581e3cdc5367db,Localization Quality,AMCLPose,CovYawYaw,0.0014092,301.4
b432d048fe72339b53581e3cdc5367db,Localization Quality,AMCLPose,CovYY,0.00485947,301.4
b432d048fe72339b53581e3cdc5367db,Localization Quality,AMCLPose,CovXX,0.0126466,301.4
b432d048fe72339b53581e3cdc5367db,Localization Quality,AMCLPose,MeanYaw,-1.96434,301.4
b432d048fe72339b53581e3cdc5367db,Localization Quality,AMCLPose,MeanY,1.54361,301.4
b432d048fe72339b53581e3cdc5367db,Localization Quality,AMCLPose,MeanX,0.304063,301.4
b432d048fe72339b53581e3cdc5367db,Localization Stability,TF,Jump Angular,0.000918421,302.4
b432d048fe72339b53581e3cdc5367db,Localization Stability,TF,Jump Linear,0.0229665,302.4
b432d048fe72339b53581e3cdc5367db,Input Validity,Lidar,Lidar Rate,10,301.55
b432d048fe72339b53581e3cdc5367db,Input Validity,Odometry,Odometry Rate,50,301.55
b432d048fe72339b53581e3cdc5367db,Input Validity,TF,TF Rate,10,301.55
b432d048fe72339b53581e3cdc5367db,Localization Stability,TF,Jump Angular,0,302.5
b432d048fe72339b53581e3cdc5367db,Localization Stability,TF,Jump Linear,0,302.5
b432d048fe72339b53581e3cdc5367db,Input Validity,Lidar,Lidar Rate,10,301.65
b432d048fe72339b53581e3cdc5367db,Input Validity,Odometry,Odometry Rate,50,301.65
b432d048fe72339b53581e3cdc5367db,Input Validity,TF,TF Rate,10,301.65
b432d048fe72339b53581e3cdc5367db,Localization Quality,AMCLPose,CovYawYaw,0.00271429,301.6
b432d048fe72339b53581e3cdc5367db,Localization Quality,AMCLPose,CovYY,0.00755873,301.6
b432d048fe72339b53581e3cdc5367db,Localization Quality,AMCLPose,CovXX,0.0232529,301.6
b432d048fe72339b53581e3cdc5367db,Localization Quality,AMCLPose,MeanYaw,-2.05212,301.6
b432d048fe72339b53581e3cdc5367db,Localization Quality,AMCLPose,MeanY,1.46249,301.6
b432d048fe72339b53581e3cdc5367db,Localization Quality,AMCLPose,MeanX,0.267372,301.6
b432d048fe72339b53581e3cdc5367db,Localization Stability,TF,Jump Angular,0.0027622,302.6
b432d048fe72339b53581e3cdc5367db,Localization Stability,TF,Jump Linear,0.0673394,302.6
b432d048fe72339b53581e3cdc5367db,Input Validity,Lidar,Lidar Rate,10,301.75
b432d048fe72339b53581e3cdc5367db,Input Validity,Odometry,Odometry Rate,50,301.75
b432d048fe72339b53581e3cdc5367db,Input Validity,TF,TF Rate,10,301.75
b432d048fe72339b53581e3cdc5367db,Localization Stability,TF,Jump Angular,0,302.7
b432d048fe72339b53581e3cdc5367db,Localization Stability,TF,Jump Linear,0,302.7
b432d048fe72339b53581e3cdc5367db,Input Validity,Lidar,Lidar Rate,10,301.85
b432d048fe72339b53581e3cdc5367db,Input Validity,Odometry,Odometry Rate,50,301.85
b432d048fe72339b53581e3cdc5367db,Input Validity,TF,TF Rate,10,301.85
b432d048fe72339b53581e3cdc5367db,Localization Quality,AMCLPose,CovYawYaw,0.00229284,301.8
b432d048fe72339b53581e3cdc5367db,Localization Quality,AMCLPose,CovYY,0.00456647,301.8
b432d048fe72339b53581e3cdc5367db,Localization Quality,AMCLPose,CovXX,0.0123143,301.8
b432d048fe72339b53581e3cdc5367db,Localization Quality,AMCLPose,MeanYaw,-2.13124,301.8
b432d048fe72339b53581e3cdc5367db,Localization Quality,AMCLPose,MeanY,1.3836,301.8
b432d048fe72339b53581e3cdc5367db,Localization Quality,AMCLPose,MeanX,0.225932,301.8
b432d048fe72339b53581e3cdc5367db,Localization Stability,TF,Jump Angular,0.000616726,302.8
b432d048fe72339b53581e3cdc5367db,Localization Stability,TF,Jump Linear,0.0182353,302.8
b432d048fe72339b53581e3cdc5367db,Input Validity,Lidar,Lidar Rate,10,301.95
b432d048fe72339b53581e3cdc5367db,Input Validity,Odometry,Odometry Rate,50,301.95
b432d048fe72339b53581e3cdc5367db,Input Validity,TF,TF Rate,10,301.95
b432d048fe72339b53581e3cdc5367db,Localization Stability,TF,Jump Angular,0,302.9
b432d048fe72339b53581e3cdc5367db,Localization Stability,TF,Jump Linear,0,302.9
b432d048fe72339b53581e3cdc5367db,Input Validity,Lidar,Lidar Rate,10,302.05
b432d048fe72339b53581e3cdc5367db,Input Validity,Odometry,Odometry Rate,50,302.05
b432d048fe72339b53581e3cdc5367db,Input Validity,TF,TF Rate,10,302.05
b432d048fe72339b53581e3cdc5367db,Localization Quality,AMCLPose,CovYawYaw,0.00247021,302
b432d048fe72339b53581e3cdc5367db,Localization Quality,AMCLPose,CovYY,0.00223933,302
b432d048fe72339b53581e3cdc5367db,Localization Quality,AMCLPose,CovXX,0.00196965,302
b432d048fe72339b53581e3cdc5367db,Localization Quality,AMCLPose,MeanYaw,-2.20503,302
b432d048fe72339b53581e3cdc5367db,Localization Quality,AMCLPose,MeanY,1.30986,302
b432d048fe72339b53581e3cdc5367db,Localization Quality,AMCLPose,MeanX,0.177596,302
b432d048fe72339b53581e3cdc5367db,Localization Stability,TF,Jump Angular,0.00231333,303
b432d048fe72339b53581e3cdc5367db,Localization Stability,TF,Jump Linear,0.057411,303
b432d048fe72339b53581e3cdc5367db,Localization Stability,TF,Jump Angular,0,303.1
b432d048fe72339b53581e3cdc5367db,Localization Stability,TF,Jump Linear,0,303.1
b432d048fe72339b53581e3cdc5367db,Input Validity,Lidar,Lidar Rate,10,302.15
b432d048fe72339b53581e3cdc5367db,Input Validity,Odometry,Odometry Rate,50,302.15
b432d048fe72339b53581e3cdc5367db,Input Validity,TF,TF Rate,10,302.15
b432d048fe72339b53581e3cdc5367db,Input Validity,Lidar,Lidar Rate,10,302.25
b432d048fe72339b53581e3cdc5367db,Input Validity,Odometry,Odometry Rate,50,302.25
b432d048fe72339b53581e3cdc5367db,Input Validity,TF,TF Rate,10,302.25
b432d048fe72339b53581e3cdc5367db,Localization Quality,AMCLPose,CovYawYaw,0.0035032,302.2
b432d048fe72339b53581e3cdc5367db,Localization Quality,AMCLPose,CovYY,0.00263998,302.2
b432d048fe72339b53581e3cdc5367db,Localization Quality,AMCLPose,CovXX,0.00218135,302.2
b432d048fe72339b53581e3cdc5367db,Localization Quality,AMCLPose,MeanYaw,-2.26949,302.2
b432d048fe72339b53581e3cdc5367db,Localization Quality,AMCLPose,MeanY,1.23914,302.2
b432d048fe72339b53581e3cdc5367db,Localization Quality,AMCLPose,MeanX,0.123704,302.2
b432d048fe72339b53581e3cdc5367db,Localization Stability,TF,Jump Angular,0.0027986,303.2
b432d048fe72339b53581e3cdc5367db,Localization Stability,TF,Jump Linear,0.0683998,303.2
b432d048fe72339b53581e3cdc5367db,Input Validity,Lidar,Lidar Rate,10,302.35
b432d048fe72339b53581e3cdc5367db,Input Validity,Odometry,Odometry Rate,50,302.35
b432d048fe72339b53581e3cdc5367db,Input Validity,TF,TF Rate,10,302.35
b432d048fe72339b53581e3cdc5367db,Localization Stability,TF,Jump Angular,0,303.3
b432d048fe72339b53581e3cdc5367db,Localization Stability,TF,Jump Linear,0,303.3
b432d048fe72339b53581e3cdc5367db,Input Validity,Lidar,Lidar Rate,10,302.45
b432d048fe72339b53581e3cdc5367db,Input Validity,Odometry,Odometry Rate,50,302.45
b432d048fe72339b53581e3cdc5367db,Input Validity,TF,TF Rate,10,302.45
b432d048fe72339b53581e3cdc5367db,Localization Quality,AMCLPose,CovYawYaw,0.00428177,302.4
b432d048fe72339b53581e3cdc5367db,Localization Quality,AMCLPose,CovYY,0.00293667,302.4
b432d048fe72339b53581e3cdc5367db,Localization Quality,AMCLPose,CovXX,0.00235175,302.4
b432d048fe72339b53581e3cdc5367db,Localization Quality,AMCLPose,MeanYaw,-2.32793,302.4
b432d048fe72339b53581e3cdc5367db,Localization Quality,AMCLPose,MeanY,1.17078,302.4
b432d048fe72339b53581e3cdc5367db,Localization Quality,AMCLPose,MeanX,0.0640229,302.4
b432d048fe72339b53581e3cdc5367db,Localization Stability,TF,Jump Angular,-0.00190166,303.4
b432d048fe72339b53581e3cdc5367db,Localization Stability,TF,Jump Linear,0.0446603,303.4
b432d048fe72339b53581e3cdc5367db,Input Validity,Lidar,Lidar Rate,10,302.55
b432d048fe72339b53581e3cdc5367db,Input Validity,Odometry,Odometry Rate,50,302.55
b432d048fe72339b53581e3cdc5367db,Input Validity,TF,TF Rate,10,302.55
b432d048fe72339b53581e3cdc5367db,Localization Stability,TF,Jump Angular,0,303.5
b432d048fe72339b53581e3cdc5367db,Localization Stability,TF,Jump Linear,0,303.5
b432d048fe72339b53581e3cdc5367db,Input Validity,Lidar,Lidar Rate,10,302.64
b432d048fe72339b53581e3cdc5367db,Input Validity,Odometry,Odometry Rate,50,302.64
b432d048fe72339b53581e3cdc5367db,Input Validity,TF,TF Rate,10,302.64
b432d048fe72339b53581e3cdc5367db,Localization Stability,TF,Jump Angular,0,303.6
b432d048fe72339b53581e3cdc5367db,Localization Stability,TF,Jump Linear,0,303.6
b432d048fe72339b53581e3cdc5367db,Input Validity,Lidar,Lidar Rate,10,302.74
b432d048fe72339b53581e3cdc5367db,Input Validity,Odometry,Odometry Rate,50,302.74
b432d048fe72339b53581e3cdc5367db,Input Validity,TF,TF Rate,10,302.74
b432d048fe72339b53581e3cdc5367db,Localization Quality,AMCLPose,CovYawYaw,0.00621591,302.7
b432d048fe72339b53581e3cdc5367db,Localization Quality,AMCLPose,CovYY,0.00375277,302.7
b432d048fe72339b53581e3cdc5367db,Localization Quality,AMCLPose,CovXX,0.00314531,302.7
b432d048fe72339b53581e3cdc5367db,Localization Quality,AMCLPose,MeanYaw,-2.34596,302.7
b432d048fe72339b53581e3cdc5367db,Localization Quality,AMCLPose,MeanY,1.07466,302.7
b432d048fe72339b53581e3cdc5367db,Localization Quality,AMCLPose,MeanX,-0.0281032,302.7
b432d048fe72339b53581e3cdc5367db,Localization Stability,TF,Jump Angular,-0.000111794,303.7
b432d048fe72339b53581e3cdc5367db,Localization Stability,TF,Jump Linear,0.00174615,303.7
b432d048fe72339b53581e3cdc5367db,Input Validity,Lidar,Lidar Rate,10,302.84
b432d048fe72339b53581e3cdc5367db,Input Validity,Odometry,Odometry Rate,50,302.84
b432d048fe72339b53581e3cdc5367db,Input Validity,TF,TF Rate,10,302.84
b432d048fe72339b53581e3cdc5367db,Localization Stability,TF,Jump Angular,0,303.8
b432d048fe72339b53581e3cdc5367db,Localization Stability,TF,Jump Linear,0,303.8
b432d048fe72339b53581e3cdc5367db,Input Validity,Lidar,Lidar Rate,10,302.94
b432d048fe72339b53581e3cdc5367db,Input Validity,Odometry,Odometry Rate,50,302.94
b432d048fe72339b53581e3cdc5367db,Input Validity,TF,TF Rate,10,302.94
b432d048fe72339b53581e3cdc5367db,Localization Stability,TF,Jump Angular,0,303.9
b432d048fe72339b53581e3cdc5367db,Localization Stability,TF,Jump Linear,0,303.9
b432d048fe72339b53581e3cdc5367db,Input Validity,Lidar,Lidar Rate,10,303.04
b432d048fe72339b53581e3cdc5367db,Input Validity,Odometry,Odometry Rate,50,303.04
b432d048fe72339b53581e3cdc5367db,Input Validity,TF,TF Rate,10,303.04
b432d048fe72339b53581e3cdc5367db,Localization Quality,AMCLPose,CovYawYaw,0.00812355,303
b432d048fe72339b53581e3cdc5367db,Localization Quality,AMCLPose,CovYY,0.00454716,303
b432d048fe72339b53581e3cdc5367db,Localization Quality,AMCLPose,CovXX,0.00397389,303
b432d048fe72339b53581e3cdc5367db,Localization Quality,AMCLPose,MeanYaw,-2.36436,303
b432d048fe72339b53581e3cdc5367db,Localization Quality,AMCLPose,MeanY,0.978441,303
b432d048fe72339b53581e3cdc5367db,Localization Quality,AMCLPose,MeanX,-0.125138,303
b432d048fe72339b53581e3cdc5367db,Localization Stability,TF,Jump Angular,-0.00596853,304
b432d048fe72339b53581e3cdc5367db,Localization Stability,TF,Jump Linear,0.141888,304
b432d048fe72339b53581e3cdc5367db,Localization Stability,TF,Jump Angular,0,304.1
b432d048fe72339b53581e3cdc5367db,Localization Stability,TF,Jump Linear,0,304.1
b432d048fe72339b53581e3cdc5367db,Input Validity,Lidar,Lidar Rate,10,303.14
b432d048fe72339b53581e3cdc5367db,Input Validity,Odometry,Odometry Rate,50,303.14
b432d048fe72339b53581e3cdc5367db,Input Validity,TF,TF Rate,10,303.14
b432d048fe72339b53581e3cdc5367db,Input Validity,Lidar,Lidar Rate,10,303.24
b432d048fe72339b53581e3cdc5367db,Input Validity,Odometry,Odometry Rate,50,303.24
b432d048fe72339b53581e3cdc5367db,Input Validity,TF,TF Rate,10,303.24
b432d048fe72339b53581e3cdc5367db,Localization Stability,TF,Jump Angular,0,304.2
b432d048fe72339b53581e3cdc5367db,Localization Stability,TF,Jump Linear,0,304.2
b432d048fe72339b53581e3cdc5367db,Input Validity,Lidar,Lidar Rate,10,303.34
b432d048fe72339b53581e3cdc5367db,Input Validity,Odometry,Odometry Rate,50,303.34
b432d048fe72339b53581e3cdc5367db,Input Validity,TF,TF Rate,10,303.34
b432d048fe72339b53581e3cdc5367db,Localization Quality,AMCLPose,CovYawYaw,0.00980153,303.3
b432d048fe72339b53581e3cdc5367db,Localization Quality,AMCLPose,CovYY,0.00552082,303.3
b432d048fe72339b53581e3cdc5367db,Localization Quality,AMCLPose,CovXX,0.00483678,303.3
b432d048fe72339b53581e3cdc5367db,Localization Quality,AMCLPose,MeanYaw,-2.38029,303.3
b432d048fe72339b53581e3cdc5367db,Localization Quality,AMCLPose,MeanY,0.889402,303.3
b432d048fe72339b53581e3cdc5367db,Localization Quality,AMCLPose,MeanX,-0.221602,303.3
b432d048fe72339b53581e3cdc5367db,Localization Stability,TF,Jump Angular,-0.00487507,304.3
b432d048fe72339b53581e3cdc5367db,Localization Stability,TF,Jump Linear,0.114626,304.3
b432d048fe72339b53581e3cdc5367db,Input Validity,Lidar,Lidar Rate,10,303.44
b432d048fe72339b53581e3cdc5367db,Input Validity,Odometry,Odometry Rate,50,303.44
b432d048fe72339b53581e3cdc5367db,Input Validity,TF,TF Rate,10,303.44
b432d048fe72339b53581e3cdc5367db,Localization Stability,TF,Jump Angular,0,304.4
b432d048fe72339b53581e3cdc5367db,Localization Stability,TF,Jump Linear,0,304.4
b432d048fe72339b53581e3cdc5367db,Input Validity,Lidar,Lidar Rate,10,303.54
b432d048fe72339b53581e3cdc5367db,Input Validity,Odometry,Odometry Rate,50,303.54
b432d048fe72339b53581e3cdc5367db,Input Validity,TF,TF Rate,10,303.54
b432d048fe72339b53581e3cdc5367db,Localization Stability,TF,Jump Angular,0,304.5
b432d048fe72339b53581e3cdc5367db,Localization Stability,TF,Jump Linear,0,304.5
b432d048fe72339b53581e3cdc5367db,Input Validity,Lidar,Lidar Rate,10,303.64
b432d048fe72339b53581e3cdc5367db,Input Validity,Odometry,Odometry Rate,50,303.64
b432d048fe72339b53581e3cdc5367db,Input Validity,TF,TF Rate,10,303.64
b432d048fe72339b53581e3cdc5367db,Localization Quality,AMCLPose,CovYawYaw,0.0110881,303.6
b432d048fe72339b53581e3cdc5367db,Localization Quality,AMCLPose,CovYY,0.00696232,303.6
b432d048fe72339b53581e3cdc5367db,Localization Quality,AMCLPose,CovXX,0.00587653,303.6
b432d048fe72339b53581e3cdc5367db,Localization Quality,AMCLPose,MeanYaw,-2.37923,303.6
b432d048fe72339b53581e3cdc5367db,Localization Quality,AMCLPose,MeanY,0.80222,303.6
b432d048fe72339b53581e3cdc5367db,Localization Quality,AMCLPose,MeanX,-0.317688,303.6
b432d048fe72339b53581e3cdc5367db,Localization Stability,TF,Jump Angular,-0.000551273,304.6
b432d048fe72339b53581e3cdc5367db,Localization Stability,TF,Jump Linear,0.0136504,304.6
b432d048fe72339b53581e3cdc5367db,Input Validity,Lidar,Lidar Rate,10,303.74
b432d048fe72339b53581e3cdc5367db,Input Validity,Odometry,Odometry Rate,50,303.74
b432d048fe72339b53581e3cdc5367db,Input Validity,TF,TF Rate,10,303.74
b432d048fe72339b53581e3cdc5367db,Localization Stability,TF,Jump Angular,0,304.7
b432d048fe72339b53581e3cdc5367db,Localization Stability,TF,Jump Linear,0,304.7
b432d048fe72339b53581e3cdc5367db,Input Validity,Lidar,Lidar Rate,10,303.84
b432d048fe72339b53581e3cdc5367db,Input Validity,Odometry,Odometry Rate,50,303.84
b432d048fe72339b53581e3cdc5367db,Input Validity,TF,TF Rate,10,303.84
b432d048fe72339b53581e3cdc5367db,Localization Stability,TF,Jump Angular,0,304.8
b432d048fe72339b53581e3cdc5367db,Localization Stability,TF,Jump Linear,0,304.8
b432d048fe72339b53581e3cdc5367db,Input Validity,Lidar,Lidar Rate,10,303.94
b432d048fe72339b53581e3cdc5367db,Input Validity,Odometry,Odometry Rate,50,303.94
b432d048fe72339b53581e3cdc5367db,Input Validity,TF,TF Rate,10,303.94
b432d048fe72339b53581e3cdc5367db,Localization Quality,AMCLPose,CovYawYaw,0.0130432,303.9
b432d048fe72339b53581e3cdc5367db,Localization Quality,AMCLPose,CovYY,0.00815791,303.9
b432d048fe72339b53581e3cdc5367db,Localization Quality,AMCLPose,CovXX,0.00691442,303.9
b432d048fe72339b53581e3cdc5367db,Localization Quality,AMCLPose,MeanYaw,-2.37946,303.9
b432d048fe72339b53581e3cdc5367db,Localization Quality,AMCLPose,MeanY,0.710683,303.9
b432d048fe72339b53581e3cdc5367db,Localization Quality,AMCLPose,MeanX,-0.419303,303.9
b432d048fe72339b53581e3cdc5367db,Localization Stability,TF,Jump Angular,-0.00556814,304.9
b432d048fe72339b53581e3cdc5367db,Localization Stability,TF,Jump Linear,0.133353,304.9
b432d048fe72339b53581e3cdc5367db,Input Validity,Lidar,Lidar Rate,10,304.04
b432d048fe72339b53581e3cdc5367db,Input Validity,Odometry,Odometry Rate,50,304.04
b432d048fe72339b53581e3cdc5367db,Input Validity,TF,TF Rate,10,304.04
b432d048fe72339b53581e3cdc5367db,Localization Stability,TF,Jump Angular,0,305
b432d048fe72339b53581e3cdc5367db,Localization Stability,TF,Jump Linear,0,305
b432d048fe72339b53581e3cdc5367db,Input Validity,Lidar,Lidar Rate,10,304.14
b432d048fe72339b53581e3cdc5367db,Input Validity,Odometry,Odometry Rate,50,304.14
b432d048fe72339b53581e3cdc5367db,Input Validity,TF,TF Rate,10,304.14
b432d048fe72339b53581e3cdc5367db,Localization Stability,TF,Jump Angular,0,305.1
b432d048fe72339b53581e3cdc5367db,Localization Stability,TF,Jump Linear,0,305.1
b432d048fe72339b53581e3cdc5367db,Input Validity,Lidar,Lidar Rate,10,304.24
b432d048fe72339b53581e3cdc5367db,Input Validity,Odometry,Odometry Rate,50,304.24
b432d048fe72339b53581e3cdc5367db,Input Validity,TF,TF Rate,10,304.24
b432d048fe72339b53581e3cdc5367db,Localization Quality,AMCLPose,CovYawYaw,0.0144953,304.2
b432d048fe72339b53581e3cdc5367db,Localization Quality,AMCLPose,CovYY,0.0094816,304.2
b432d048fe72339b53581e3cdc5367db,Localization Quality,AMCLPose,CovXX,0.00836587,304.2
b432d048fe72339b53581e3cdc5367db,Localization Quality,AMCLPose,MeanYaw,-2.37288,304.2
b432d048fe72339b53581e3cdc5367db,Localization Quality,AMCLPose,MeanY,0.615633,304.2
b432d048fe72339b53581e3cdc5367db,Localization Quality,AMCLPose,MeanX,-0.513173,304.2
b432d048fe72339b53581e3cdc5367db,Localization Stability,TF,Jump Angular,0.000138363,305.2
b432d048fe72339b53581e3cdc5367db,Localization Stability,TF,Jump Linear,0.0069704,305.2
b432d048fe72339b53581e3cdc5367db,Input Validity,Lidar,Lidar Rate,10,304.33
b432d048fe72339b53581e3cdc5367db,Input Validity,Odometry,Odometry Rate,50,304.33
b432d048fe72339b53581e3cdc5367db,Input Validity,TF,TF Rate,10,304.33
b432d048fe72339b53581e3cdc5367db,Localization Stability,TF,Jump Angular,0,305.3
b432d048fe72339b53581e3cdc5367db,Localization Stability,TF,Jump Linear,0,305.3
b432d048fe72339b53581e3cdc5367db,Input Validity,Lidar,Lidar Rate,10,304.43
b432d048fe72339b53581e3cdc5367db,Input Validity,Odometry,Odometry Rate,50,304.43
b432d048fe72339b53581e3cdc5367db,Input Validity,TF,TF Rate,10,304.43
b432d048fe72339b53581e3cdc5367db,Localization Stability,TF,Jump Angular,0,305.4
b432d048fe72339b53581e3cdc5367db,Localization Stability,TF,Jump Linear,0,305.4
b432d048fe72339b53581e3cdc5367db,Input Validity,Lidar,Lidar Rate,10,304.53
b432d048fe72339b53581e3cdc5367db,Input Validity,Odometry,Odometry Rate,50,304.53
b432d048fe72339b53581e3cdc5367db,Input Validity,TF,TF Rate,10,304.53
b432d048fe72339b53581e3cdc5367db,Localization Quality,AMCLPose,CovYawYaw,0.0166989,304.5
b432d048fe72339b53581e3cdc5367db,Localization Quality,AMCLPose,CovYY,0.0113556,304.5
b432d048fe72339b53581e3cdc5367db,Localization Quality,AMCLPose,CovXX,0.0102432,304.5
b432d048fe72339b53581e3cdc5367db,Localization Quality,AMCLPose,MeanYaw,-2.36948,304.5
b432d048fe72339b53581e3cdc5367db,Localization Quality,AMCLPose,MeanY,0.522034,304.5
b432d048fe72339b53581e3cdc5367db,Localization Quality,AMCLPose,MeanX,-0.611804,304.5
b432d048fe72339b53581e3cdc5367db,Localization Stability,TF,Jump Angular,-0.00193238,305.5
b432d048fe72339b53581e3cdc5367db,Localization Stability,TF,Jump Linear,0.0462913,305.5
b432d048fe72339b53581e3cdc5367db,Input Validity,Lidar,Lidar Rate,10,304.63
b432d048fe72339b53581e3cdc5367db,Input Validity,Odometry,Odometry Rate,50,304.63
b432d048fe72339b53581e3cdc5367db,Input Validity,TF,TF Rate,10,304.63
b432d048fe72339b53581e3cdc5367db,Localization Stability,TF,Jump Angular,0,305.6
b432d048fe72339b53581e3cdc5367db,Localization Stability,TF,Jump Linear,0,305.6
b432d048fe72339b53581e3cdc5367db,Input Validity,Lidar,Lidar Rate,10,304.73
b432d048fe72339b53581e3cdc5367db,Input Validity,Odometry,Odometry Rate,50,304.73
b432d048fe72339b53581e3cdc5367db,Input Validity,TF,TF Rate,10,304.73
b432d048fe72339b53581e3cdc5367db,Localization Stability,TF,Jump Angular,0,305.7
b432d048fe72339b53581e3cdc5367db,Localization Stability,TF,Jump Linear,0,305.7
b432d048fe72339b53581e3cdc5367db,Input Validity,Lidar,Lidar Rate,10,304.83
b432d048fe72339b53581e3cdc5367db,Input Validity,Odometry,Odometry Rate,50,304.83
b432d048fe72339b53581e3cdc5367db,Input Validity,TF,TF Rate,10,304.83
b432d048fe72339b53581e3cdc5367db,Localization Quality,AMCLPose,CovYawYaw,0.0192215,304.8
b432d048fe72339b53581e3cdc5367db,Localization Quality,AMCLPose,CovYY,0.0137662,304.8
b432d048fe72339b53581e3cdc5367db,Localization Quality,AMCLPose,CovXX,0.0124852,304.8
b432d048fe72339b53581e3cdc5367db,Localization Quality,AMCLPose,MeanYaw,-2.37619,304.8
b432d048fe72339b53581e3cdc5367db,Localization Quality,AMCLPose,MeanY,0.430248,304.8
b432d048fe72339b53581e3cdc5367db,Localization Quality,AMCLPose,MeanX,-0.706182,304.8
b432d048fe72339b53581e3cdc5367db,Localization Stability,TF,Jump Angular,-0.00247593,305.8
b432d048fe72339b53581e3cdc5367db,Localization Stability,TF,Jump Linear,0.0543901,305.8
b432d048fe72339b53581e3cdc5367db,Input Validity,Lidar,Lidar Rate,10,304.93
b432d048fe72339b53581e3cdc5367db,Input Validity,Odometry,Odometry Rate,50,304.93
b432d048fe72339b53581e3cdc5367db,Input Validity,TF,TF Rate,10,304.93
b432d048fe72339b53581e3cdc5367db,Localization Stability,TF,Jump Angular,0,305.9
b432d048fe72339b53581e3cdc5367db,Localization Stability,TF,Jump Linear,0,305.9
b432d048fe72339b53581e3cdc5367db,Input Validity,Lidar,Lidar Rate,10,305.03
b432d048fe72339b53581e3cdc5367db,Input Validity,Odometry,Odometry Rate,50,305.03
b432d048fe72339b53581e3cdc5367db,Input Validity,TF,TF Rate,10,305.03
b432d048fe72339b53581e3cdc5367db,Localization Stability,TF,Jump Angular,0,306
b432d048fe72339b53581e3cdc5367db,Localization Stability,TF,Jump Linear,0,306
b432d048fe72339b53581e3cdc5367db,Input Validity,Lidar,Lidar Rate,10,305.13
b432d048fe72339b53581e3cdc5367db,Input Validity,Odometry,Odometry Rate,50,305.13
b432d048fe72339b53581e3cdc5367db,Input Validity,TF,TF Rate,10,305.13
b432d048fe72339b53581e3cdc5367db,Localization Quality,AMCLPose,CovYawYaw,0.0204297,305.1
b432d048fe72339b53581e3cdc5367db,Localization Quality,AMCLPose,CovYY,0.0156953,305.1
b432d048fe72339b53581e3cdc5367db,Localization Quality,AMCLPose,CovXX,0.0149389,305.1
b432d048fe72339b53581e3cdc5367db,Localization Quality,AMCLPose,MeanYaw,-2.36496,305.1
b432d048fe72339b53581e3cdc5367db,Localization Quality,AMCLPose,MeanY,0.333448,305.1
b432d048fe72339b53581e3cdc5367db,Localization Quality,AMCLPose,MeanX,-0.797335,305.1
b432d048fe72339b53581e3cdc5367db,Localization Stability,TF,Jump Angular,0.0102222,306.1
b432d048fe72339b53581e3cdc5367db,Localization Stability,TF,Jump Linear,0.238656,306.1
b432d048fe72339b53581e3cdc5367db,Input Validity,Lidar,Lidar Rate,10,305.23
b432d048fe72339b53581e3cdc5367db,Input Validity,Odometry,Odometry Rate,50,305.23
b432d048fe72339b53581e3cdc5367db,Input Validity,TF,TF Rate,10,305.23
b432d048fe72339b53581e3cdc5367db,Localization Stability,TF,Jump Angular,0,306.2
b432d048fe72339b53581e3cdc5367db,Localization Stability,TF,Jump Linear,0,306.2
b432d048fe72339b53581e3cdc5367db,Localization Stability,TF,Jump Angular,0,306.3
b432d048fe72339b53581e3cdc5367db,Localization Stability,TF,Jump Linear,0,306.3
b432d048fe72339b53581e3cdc5367db,Input Validity,Lidar,Lidar Rate,10,305.33
b432d048fe72339b53581e3cdc5367db,Input Validity,Odometry,Odometry Rate,50,305.33
b432d048fe72339b53581e3cdc5367db,Input Validity,TF,TF Rate,10,305.33
b432d048fe72339b53581e3cdc5367db,Input Validity,Lidar,Lidar Rate,10,305.43
b432d048fe72339b53581e3cdc5367db,Input Validity,Odometry,Odometry Rate,50,305.43
b432d048fe72339b53581e3cdc5367db,Input Validity,TF,TF Rate,10,305.43
b432d048fe72339b53581e3cdc5367db,Localization Quality,AMCLPose,CovYawYaw,0.0236715,305.4
b432d048fe72339b53581e3cdc5367db,Localization Quality,AMCLPose,CovYY,0.0193582,305.4
b432d048fe72339b53581e3cdc5367db,Localization Quality,AMCLPose,CovXX,0.018471,305.4
b432d048fe72339b53581e3cdc5367db,Localization Quality,AMCLPose,MeanYaw,-2.36769,305.4
b432d048fe72339b53581e3cdc5367db,Localization Quality,AMCLPose,MeanY,0.239146,305.4
b432d048fe72339b53581e3cdc5367db,Localization Quality,AMCLPose,MeanX,-0.892642,305.4
b432d048fe72339b53581e3cdc5367db,Localization Stability,TF,Jump Angular,-0.0042772,306.4
b432d048fe72339b53581e3cdc5367db,Localization Stability,TF,Jump Linear,0.0957765,306.4
b432d048fe72339b53581e3cdc5367db,Input Validity,Lidar,Lidar Rate,10,305.53
b432d048fe72339b53581e3cdc5367db,Input Validity,Odometry,Odometry Rate,50,305.53
b432d048fe72339b53581e3cdc5367db,Input Validity,TF,TF Rate,10,305.53
b432d048fe72339b53581e3cdc5367db,Localization Stability,TF,Jump Angular,0,306.5
b432d048fe72339b53581e3cdc5367db,Localization Stability,TF,Jump Linear,0,306.5
b432d048fe72339b53581e3cdc5367db,Input Validity,Lidar,Lidar Rate,10,305.63
b432d048fe72339b53581e3cdc5367db,Input Validity,Odometry,Odometry Rate,50,305.63
b432d048fe72339b53581e3cdc5367db,Input Validity,TF,TF Rate,10,305.63
b432d048fe72339b53581e3cdc5367db,Localization Stability,TF,Jump Angular,0,306.6
b432d048fe72339b53581e3cdc5367db,Localization Stability,TF,Jump Linear,0,306.6
b432d048fe72339b53581e3cdc5367db,Input Validity,Lidar,Lidar Rate,10,305.73
b432d048fe72339b53581e3cdc5367db,Input Validity,Odometry,Odometry Rate,50,305.73
b432d048fe72339b53581e3cdc5367db,Input Validity,TF,TF Rate,10,305.73
b432d048fe72339b53581e3cdc5367db,Localization Quality,AMCLPose,CovYawYaw,0.0261522,305.7
b432d048fe72339b53581e3cdc5367db,Localization Quality,AMCLPose,CovYY,0.022678,305.7
b432d048fe72339b53581e3cdc5367db,Localization Quality,AMCLPose,CovXX,0.0218504,305.7
b432d048fe72339b53581e3cdc5367db,Localization Quality,AMCLPose,MeanYaw,-2.41271,305.7
b432d048fe72339b53581e3cdc5367db,Localization Quality,AMCLPose,MeanY,0.151405,305.7
b432d048fe72339b53581e3cdc5367db,Localization Quality,AMCLPose,MeanX,-0.990724,305.7
b432d048fe72339b53581e3cdc5367db,Localization Stability,TF,Jump Angular,-0.00305185,306.7
b432d048fe72339b53581e3cdc5367db,Localization Stability,TF,Jump Linear,0.069363,306.7
b432d048fe72339b53581e3cdc5367db,Input Validity,Lidar,Lidar Rate,10,305.83
b432d048fe72339b53581e3cdc5367db,Input Validity,Odometry,Odometry Rate,50,305.83
b432d048fe72339b53581e3cdc5367db,Input Validity,TF,TF Rate,10,305.83
b432d048fe72339b53581e3cdc5367db,Localization Stability,TF,Jump Angular,0,306.8
b432d048fe72339b53581e3cdc5367db,Localization Stability,TF,Jump Linear,0,306.8
b432d048fe72339b53581e3cdc5367db,Input Validity,Lidar,Lidar Rate,10,305.93
b432d048fe72339b53581e3cdc5367db,Input Validity,Odometry,Odometry Rate,50,305.93
b432d048fe72339b53581e3cdc5367db,Input Validity,TF,TF Rate,10,305.93
b432d048fe72339b53581e3cdc5367db,Localization Stability,TF,Jump Angular,0,306.9
b432d048fe72339b53581e3cdc5367db,Localization Stability,TF,Jump Linear,0,306.9
b432d048fe72339b53581e3cdc5367db,Input Validity,Lidar,Lidar Rate,10,306.03
b432d048fe72339b53581e3cdc5367db,Input Validity,Odometry,Odometry Rate,50,306.03
b432d048fe72339b53581e3cdc5367db,Input Validity,TF,TF Rate,10,306.03
b432d048fe72339b53581e3cdc5367db,Localization Quality,AMCLPose,CovYawYaw,0.026831,306
b432d048fe72339b53581e3cdc5367db,Localization Quality,AMCLPose,CovYY,0.0265921,306
b432d048fe72339b53581e3cdc5367db,Localization Quality,AMCLPose,CovXX,0.0254904,306
b432d048fe72339b53581e3cdc5367db,Localization Quality,AMCLPose,MeanYaw,-2.44705,306
b432d048fe72339b53581e3cdc5367db,Localization Quality,AMCLPose,MeanY,0.0618506,306
b432d048fe72339b53581e3cdc5367db,Localization Quality,AMCLPose,MeanX,-1.08933,306
b432d048fe72339b53581e3cdc5367db,Localization Stability,TF,Jump Angular,-0.000659087,307
b432d048fe72339b53581e3cdc5367db,Localization Stability,TF,Jump Linear,0.0108676,307
b432d048fe72339b53581e3cdc5367db,Input Validity,Lidar,Lidar Rate,10,306.12
b432d048fe72339b53581e3cdc5367db,Input Validity,Odometry,Odometry Rate,50,306.12
b432d048fe72339b53581e3cdc5367db,Input Validity,TF,TF Rate,10,306.12
b432d048fe72339b53581e3cdc5367db,Localization Stability,TF,Jump Angular,0,307.1
b432d048fe72339b53581e3cdc5367db,Localization Stability,TF,Jump Linear,0,307.1
b432d048fe72339b53581e3cdc5367db,Input Validity,Lidar,Lidar Rate,10,306.22
b432d048fe72339b53581e3cdc5367db,Input Validity,Odometry,Odometry Rate,50,306.22
b432d048fe72339b53581e3cdc5367db,Input Validity,TF,TF Rate,10,306.22
b432d048fe72339b53581e3cdc5367db,Localization Stability,TF,Jump Angular,0,307.2
b432d048fe72339b53581e3cdc5367db,Localization Stability,TF,Jump Linear,0,307.2
b432d048fe72339b53581e3cdc5367db,Input Validity,Lidar,Lidar Rate,10,306.32
b432d048fe72339b53581e3cdc5367db,Input Validity,Odometry,Odometry Rate,50,306.32
b432d048fe72339b53581e3cdc5367db,Input Validity,TF,TF Rate,10,306.32
b432d048fe72339b53581e3cdc5367db,Localization Quality,AMCLPose,CovYawYaw,0.0297958,306.3
b432d048fe72339b53581e3cdc5367db,Localization Quality,AMCLPose,CovYY,0.0312767,306.3
b432d048fe72339b53581e3cdc5367db,Localization Quality,AMCLPose,CovXX,0.0297371,306.3
b432d048fe72339b53581e3cdc5367db,Localization Quality,AMCLPose,MeanYaw,-2.48128,306.3
b432d048fe72339b53581e3cdc5367db,Localization Quality,AMCLPose,MeanY,-0.00931536,306.3
b432d048fe72339b53581e3cdc5367db,Localization Quality,AMCLPose,MeanX,-1.19077,306.3
b432d048fe72339b53581e3cdc5367db,Localization Stability,TF,Jump Angular,-0.00974373,307.3
b432d048fe72339b53581e3cdc5367db,Localization Stability,TF,Jump Linear,0.216502,307.3
b432d048fe72339b53581e3cdc5367db,Input Validity,Lidar,Lidar Rate,10,306.42
b432d048fe72339b53581e3cdc5367db,Input Validity,Odometry,Odometry Rate,50,306.42
b432d048fe72339b53581e3cdc5367db,Input Validity,TF,TF Rate,10,306.42
b432d048fe72339b53581e3cdc5367db,Localization Stability,TF,Jump Angular,0,307.4
b432d048fe72339b53581e3cdc5367db,Localization Stability,TF,Jump Linear,0,307.4
b432d048fe72339b53581e3cdc5367db,Input Validity,Lidar,Lidar Rate,10,306.52
b432d048fe72339b53581e3cdc5367db,Input Validity,Odometry,Odometry Rate,50,306.52
b432d048fe72339b53581e3cdc5367db,Input Validity,TF,TF Rate,10,306.52
b432d048fe72339b53581e3cdc5367db,Localization Stability,TF,Jump Angular,0,307.5
b432d048fe72339b53581e3cdc5367db,Localization Stability,TF,Jump Linear,0,307.5
b432d048fe72339b53581e3cdc5367db,Input Validity,Lidar,Lidar Rate,10,306.62
b432d048fe72339b53581e3cdc5367db,Input Validity,Odometry,Odometry Rate,50,306.62
b432d048fe72339b53581e3cdc5367db,Input Validity,TF,TF Rate,10,306.62
b432d048fe72339b53581e3cdc5367db,Localization Quality,AMCLPose,CovYawYaw,0.0329618,306.6
b432d048fe72339b53581e3cdc5367db,Localization Quality,AMCLPose,CovYY,0.0385997,306.6
b432d048fe72339b53581e3cdc5367db,Localization Quality,AMCLPose,CovXX,0.0344535,306.6
b432d048fe72339b53581e3cdc5367db,Localization Quality,AMCLPose,MeanYaw,-2.50054,306.6
b432d048fe72339b53581e3cdc5367db,Localization Quality,AMCLPose,MeanY,-0.0989551,306.6
b432d048fe72339b53581e3cdc5367db,Localization Quality,AMCLPose,MeanX,-1.29965,306.6
b432d048fe72339b53581e3cdc5367db,Localization Stability,TF,Jump Angular,-0.00146521,307.6
b432d048fe72339b53581e3cdc5367db,Localization Stability,TF,Jump Linear,0.0336268,307.6
b432d048fe72339b53581e3cdc5367db,Input Validity,Lidar,Lidar Rate,10,306.72
b432d048fe72339b53581e3cdc5367db,Input Validity,Odometry,Odometry Rate,50,306.72
b432d048fe72339b53581e3cdc5367db,Input Validity,TF,TF Rate,10,306.72
b432d048fe72339b53581e3cdc5367db,Localization Stability,TF,Jump Angular,0,307.7
b432d048fe72339b53581e3cdc5367db,Localization Stability,TF,Jump Linear,0,307.7
b432d048fe72339b53581e3cdc5367db,Input Validity,Lidar,Lidar Rate,10,306.82
b432d048fe72339b53581e3cdc5367db,Input Validity,Odometry,Odometry Rate,50,306.82
b432d048fe72339b53581e3cdc5367db,Input Validity,TF,TF Rate,10,306.82
b432d048fe72339b53581e3cdc5367db,Localization Stability,TF,Jump Angular,0,307.8
b432d048fe72339b53581e3cdc5367db,Localization Stability,TF,Jump Linear,0,307.8
b432d048fe72339b53581e3cdc5367db,Input Validity,Lidar,Lidar Rate,10,306.92
b432d048fe72339b53581e3cdc5367db,Input Validity,Odometry,Odometry Rate,50,306.92
b432d048fe72339b53581e3cdc5367db,Input Validity,TF,TF Rate,10,306.92
b432d048fe72339b53581e3cdc5367db,Localization Quality,AMCLPose,CovYawYaw,0.0354249,306.9
b432d048fe72339b53581e3cdc5367db,Localization Quality,AMCLPose,CovYY,0.0458456,306.9
b432d048fe72339b53581e3cdc5367db,Localization Quality,AMCLPose,CovXX,0.0391955,306.9
b432d048fe72339b53581e3cdc5367db,Localization Quality,AMCLPose,MeanYaw,-2.52145,306.9
b432d048fe72339b53581e3cdc5367db,Localization Quality,AMCLPose,MeanY,-0.167883,306.9
b432d048fe72339b53581e3cdc5367db,Localization Quality,AMCLPose,MeanX,-1.41665,306.9
b432d048fe72339b53581e3cdc5367db,Localization Stability,TF,Jump Angular,-0.00997202,307.9
b432d048fe72339b53581e3cdc5367db,Localization Stability,TF,Jump Linear,0.230365,307.9
b432d048fe72339b53581e3cdc5367db,Input Validity,Lidar,Lidar Rate,10,307.02
b432d048fe72339b53581e3cdc5367db,Input Validity,Odometry,Odometry Rate,50,307.02
b432d048fe72339b53581e3cdc5367db,Input Validity,TF,TF Rate,10,307.02
b432d048fe72339b53581e3cdc5367db,Localization Stability,TF,Jump Angular,0,308
b432d048fe72339b53581e3cdc5367db,Localization Stability,TF,Jump Linear,0,308
b432d048fe72339b53581e3cdc5367db,Input Validity,Lidar,Lidar Rate,10,307.12
b432d048fe72339b53581e3cdc5367db,Input Validity,Odometry,Odometry Rate,50,307.12
b432d048fe72339b53581e3cdc5367db,Input Validity,TF,TF Rate,10,307.12
b432d048fe72339b53581e3cdc5367db,Localization Stability,TF,Jump Angular,0,308.1
b432d048fe72339b53581e3cdc5367db,Localization Stability,TF,Jump Linear,0,308.1
b432d048fe72339b53581e3cdc5367db,Input Validity,Lidar,Lidar Rate,10,307.22
b432d048fe72339b53581e3cdc5367db,Input Validity,Odometry,Odometry Rate,50,307.22
b432d048fe72339b53581e3cdc5367db,Input Validity,TF,TF Rate,10,307.22
b432d048fe72339b53581e3cdc5367db,Localization Quality,AMCLPose,CovYawYaw,0.0366257,307.2
b432d048fe72339b53581e3cdc5367db,Localization Quality,AMCLPose,CovYY,0.0527748,307.2
b432d048fe72339b53581e3cdc5367db,Localization Quality,AMCLPose,CovXX,0.0440364,307.2
b432d048fe72339b53581e3cdc5367db,Localization Quality,AMCLPose,MeanYaw,-2.52124,307.2
b432d048fe72339b53581e3cdc5367db,Localization Quality,AMCLPose,MeanY,-0.246556,307.2
b432d048fe72339b53581e3cdc5367db,Localization Quality,AMCLPose,MeanX,-1.53078,307.2
b432d048fe72339b53581e3cdc5367db,Localization Stability,TF,Jump Angular,0.00131528,308.2
b432d048fe72339b53581e3cdc5367db,Localization Stability,TF,Jump Linear,0.0248731,308.2
b432d048fe72339b53581e3cdc5367db,Input Validity,Lidar,Lidar Rate,10,307.32
b432d048fe72339b53581e3cdc5367db,Input Validity,Odometry,Odometry Rate,50,307.32
b432d048fe72339b53581e3cdc5367db,Input Validity,TF,TF Rate,10,307.32
b432d048fe72339b53581e3cdc5367db,Localization Stability,TF,Jump Angular,0,308.3
b432d048fe72339b53581e3cdc5367db,Localization Stability,TF,Jump Linear,0,308.3
b432d048fe72339b53581e3cdc5367db,Input Validity,Lidar,Lidar Rate,10,307.42
b432d048fe72339b53581e3cdc5367db,Input Validity,Odometry,Odometry Rate,50,307.42
b432d048fe72339b53581e3cdc5367db,Input Validity,TF,TF Rate,10,307.42
b432d048fe72339b53581e3cdc5367db,Localization Stability,TF,Jump Angular,0,308.4
b432d048fe72339b53581e3cdc5367db,Localization Stability,TF,Jump Linear,0,308.4
b432d048fe72339b53581e3cdc5367db,Input Validity,Lidar,Lidar Rate,10,307.52
b432d048fe72339b53581e3cdc5367db,Input Validity,Odometry,Odometry Rate,50,307.52
b432d048fe72339b53581e3cdc5367db,Input Validity,TF,TF Rate,10,307.52
b432d048fe72339b53581e3cdc5367db,Localization Quality,AMCLPose,CovYawYaw,0.0401641,307.5
b432d048fe72339b53581e3cdc5367db,Localization Quality,AMCLPose,CovYY,0.061519,307.5
b432d048fe72339b53581e3cdc5367db,Localization Quality,AMCLPose,CovXX,0.0506832,307.5
b432d048fe72339b53581e3cdc5367db,Localization Quality,AMCLPose,MeanYaw,-2.50959,307.5
b432d048fe72339b53581e3cdc5367db,Localization Quality,AMCLPose,MeanY,-0.325032,307.5
b432d048fe72339b53581e3cdc5367db,Localization Quality,AMCLPose,MeanX,-1.643,307.5
b432d048fe72339b53581e3cdc5367db,Localization Stability,TF,Jump Angular,6.26093e-05,308.5
b432d048fe72339b53581e3cdc5367db,Localization Stability,TF,Jump Linear,0.00140907,308.5
b432d048fe72339b53581e3cdc5367db,Input Validity,Lidar,Lidar Rate,10,307.62
b432d048fe72339b53581e3cdc5367db,Input Validity,Odometry,Odometry Rate,50,307.62
b432d048fe72339b53581e3cdc5367db,Input Validity,TF,TF Rate,10,307.62
b432d048fe72339b53581e3cdc5367db,Localization Stability,TF,Jump Angular,0,308.6
b432d048fe72339b53581e3cdc5367db,Localization Stability,TF,Jump Linear,0,308.6
b432d048fe72339b53581e3cdc5367db,Input Validity,Lidar,Lidar Rate,10,307.71
b432d048fe72339b53581e3cdc5367db,Input Validity,Odometry,Odometry Rate,50,307.71
b432d048fe72339b53581e3cdc5367db,Input Validity,TF,TF Rate,10,307.71
b432d048fe72339b53581e3cdc5367db,Localization Stability,TF,Jump Angular,0,308.7
b432d048fe72339b53581e3cdc5367db,Localization Stability,TF,Jump Linear,0,308.7
b432d048fe72339b53581e3cdc5367db,Input Validity,Lidar,Lidar Rate,10,307.81
b432d048fe72339b53581e3cdc5367db,Input Validity,Odometry,Odometry Rate,50,307.81
b432d048fe72339b53581e3cdc5367db,Input Validity,TF,TF Rate,10,307.81
b432d048fe72339b53581e3cdc5367db,Localization Quality,AMCLPose,CovYawYaw,0.0411479,307.8
b432d048fe72339b53581e3cdc5367db,Localization Quality,AMCLPose,CovYY,0.0714029,307.8
b432d048fe72339b53581e3cdc5367db,Localization Quality,AMCLPose,CovXX,0.0538097,307.8
b432d048fe72339b53581e3cdc5367db,Localization Quality,AMCLPose,MeanYaw,-2.49895,307.8
b432d048fe72339b53581e3cdc5367db,Localization Quality,AMCLPose,MeanY,-0.406232,307.8
b432d048fe72339b53581e3cdc5367db,Localization Quality,AMCLPose,MeanX,-1.75693,307.8
b432d048fe72339b53581e3cdc5367db,Localization Stability,TF,Jump Angular,-0.00613175,308.8
b432d048fe72339b53581e3cdc5367db,Localization Stability,TF,Jump Linear,0.139078,308.8
b432d048fe72339b53581e3cdc5367db,Input Validity,Lidar,Lidar Rate,10,307.91
b432d048fe72339b53581e3cdc5367db,Input Validity,Odometry,Odometry Rate,50,307.91
b432d048fe72339b53581e3cdc5367db,Input Validity,TF,TF Rate,10,307.91
b432d048fe72339b53581e3cdc5367db,Input Validity,Lidar,Lidar Rate,10,308
b432d048fe72339b53581e3cdc5367db,Input Validity,Odometry,Odometry Rate,50,308
b432d048fe72339b53581e3cdc5367db,Input Validity,TF,TF Rate,10,308
b432d048fe72339b53581e3cdc5367db,Localization Stability,TF,Jump Angular,0,308.9
b432d048fe72339b53581e3cdc5367db,Localization Stability,TF,Jump Linear,0,308.9
b432d048fe72339b53581e3cdc5367db,Localization Stability,TF,Jump Angular,0,309
b432d048fe72339b53581e3cdc5367db,Localization Stability,TF,Jump Linear,0,309
b432d048fe72339b53581e3cdc5367db,Input Validity,Lidar,Lidar Rate,10,308.1
b432d048fe72339b53581e3cdc5367db,Input Validity,Odometry,Odometry Rate,50,308.1
b432d048fe72339b53581e3cdc5367db,Input Validity,TF,TF Rate,10,308.1
b432d048fe72339b53581e3cdc5367db,Localization Quality,AMCLPose,CovYawYaw,0.0428967,308.1
b432d048fe72339b53581e3cdc5367db,Localization Quality,AMCLPose,CovYY,0.0801627,308.1
b432d048fe72339b53581e3cdc5367db,Localization Quality,AMCLPose,CovXX,0.0606661,308.1
b432d048fe72339b53581e3cdc5367db,Localization Quality,AMCLPose,MeanYaw,-2.45939,308.1
b432d048fe72339b53581e3cdc5367db,Localization Quality,AMCLPose,MeanY,-0.50284,308.1
b432d048fe72339b53581e3cdc5367db,Localization Quality,AMCLPose,MeanX,-1.85085,308.1
b432d048fe72339b53581e3cdc5367db,Localization Stability,TF,Jump Angular,0.011211,309.1
b432d048fe72339b53581e3cdc5367db,Localization Stability,TF,Jump Linear,0.258622,309.1
b432d048fe72339b53581e3cdc5367db,Input Validity,Lidar,Lidar Rate,10,308.2
b432d048fe72339b53581e3cdc5367db,Input Validity,Odometry,Odometry Rate,50,308.2
b432d048fe72339b53581e3cdc5367db,Input Validity,TF,TF Rate,10,308.2
b432d048fe72339b53581e3cdc5367db,Localization Stability,TF,Jump Angular,0,309.2
b432d048fe72339b53581e3cdc5367db,Localization Stability,TF,Jump Linear,0,309.2
b432d048fe72339b53581e3cdc5367db,Input Validity,Lidar,Lidar Rate,10,308.3
b432d048fe72339b53581e3cdc5367db,Input Validity,Odometry,Odometry Rate,50,308.3
b432d048fe72339b53581e3cdc5367db,Input Validity,TF,TF Rate,10,308.3
b432d048fe72339b53581e3cdc5367db,Localization Stability,TF,Jump Angular,0,309.3
b432d048fe72339b53581e3cdc5367db,Localization Stability,TF,Jump Linear,0,309.3
b432d048fe72339b53581e3cdc5367db,Input Validity,Lidar,Lidar Rate,10,308.4
b432d048fe72339b53581e3cdc5367db,Input Validity,Odometry,Odometry Rate,50,308.4
b432d048fe72339b53581e3cdc5367db,Input Validity,TF,TF Rate,10,308.4
b432d048fe72339b53581e3cdc5367db,Localization Quality,AMCLPose,CovYawYaw,0.0445737,308.4
b432d048fe72339b53581e3cdc5367db,Localization Quality,AMCLPose,CovYY,0.091781,308.4
b432d048fe72339b53581e3cdc5367db,Localization Quality,AMCLPose,CovXX,0.0646371,308.4
b432d048fe72339b53581e3cdc5367db,Localization Quality,AMCLPose,MeanYaw,-2.41545,308.4
b432d048fe72339b53581e3cdc5367db,Localization Quality,AMCLPose,MeanY,-0.573595,308.4
b432d048fe72339b53581e3cdc5367db,Localization Quality,AMCLPose,MeanX,-1.96592,308.4
b432d048fe72339b53581e3cdc5367db,Localization Stability,TF,Jump Angular,-0.0113216,309.4
b432d048fe72339b53581e3cdc5367db,Localization Stability,TF,Jump Linear,0.259602,309.4
b432d048fe72339b53581e3cdc5367db,Input Validity,Lidar,Lidar Rate,10,308.5
b432d048fe72339b53581e3cdc5367db,Input Validity,Odometry,Odometry Rate,50,308.5
b432d048fe72339b53581e3cdc5367db,Input Validity,TF,TF Rate,10,308.5
b432d048fe72339b53581e3cdc5367db,Localization Stability,TF,Jump Angular,0,309.5
b432d048fe72339b53581e3cdc5367db,Localization Stability,TF,Jump Linear,0,309.5
b432d048fe72339b53581e3cdc5367db,Input Validity,Lidar,Lidar Rate,10,308.59
b432d048fe72339b53581e3cdc5367db,Input Validity,Odometry,Odometry Rate,50,308.59
b432d048fe72339b53581e3cdc5367db,Input Validity,TF,TF Rate,10,308.59
b432d048fe72339b53581e3cdc5367db,Localization Quality,AMCLPose,CovYawYaw,0.0475761,308.6
b432d048fe72339b53581e3cdc5367db,Localization Quality,AMCLPose,CovYY,0.104572,308.6
b432d048fe72339b53581e3cdc5367db,Localization Quality,AMCLPose,CovXX,0.0722533,308.6
b432d048fe72339b53581e3cdc5367db,Localization Quality,AMCLPose,MeanYaw,-2.33897,308.6
b432d048fe72339b53581e3cdc5367db,Localization Quality,AMCLPose,MeanY,-0.628373,308.6
b432d048fe72339b53581e3cdc5367db,Localization Quality,AMCLPose,MeanX,-2.02664,308.6
b432d048fe72339b53581e3cdc5367db,Localization Stability,TF,Jump Angular,-0.00150989,309.6
b432d048fe72339b53581e3cdc5367db,Localization Stability,TF,Jump Linear,0.0303281,309.6
b432d048fe72339b53581e3cdc5367db,Input Validity,Lidar,Lidar Rate,10,308.69
b432d048fe72339b53581e3cdc5367db,Input Validity,Odometry,Odometry Rate,50,308.69
b432d048fe72339b53581e3cdc5367db,Input Validity,TF,TF Rate,10,308.69
b432d048fe72339b53581e3cdc5367db,Localization Stability,TF,Jump Angular,0,309.7
b432d048fe72339b53581e3cdc5367db,Localization Stability,TF,Jump Linear,0,309.7
b432d048fe72339b53581e3cdc5367db,Input Validity,Lidar,Lidar Rate,10,308.79
b432d048fe72339b53581e3cdc5367db,Input Validity,Odometry,Odometry Rate,50,308.79
b432d048fe72339b53581e3cdc5367db,Input Validity,TF,TF Rate,10,308.79
b432d048fe72339b53581e3cdc5367db,Localization Quality,AMCLPose,CovYawYaw,0.0489627,308.8
b432d048fe72339b53581e3cdc5367db,Localization Quality,AMCLPose,CovYY,0.110962,308.8
b432d048fe72339b53581e3cdc5367db,Localization Quality,AMCLPose,CovXX,0.0814112,308.8
b432d048fe72339b53581e3cdc5367db,Localization Quality,AMCLPose,MeanYaw,-2.23537,308.8
b432d048fe72339b53581e3cdc5367db,Localization Quality,AMCLPose,MeanY,-0.704634,308.8
b432d048fe72339b53581e3cdc5367db,Localization Quality,AMCLPose,MeanX,-2.07708,308.8
b432d048fe72339b53581e3cdc5367db,Localization Stability,TF,Jump Angular,0.00584657,309.8
b432d048fe72339b53581e3cdc5367db,Localization Stability,TF,Jump Linear,0.135576,309.8
b432d048fe72339b53581e3cdc5367db,Input Validity,Lidar,Lidar Rate,10,308.89
b432d048fe72339b53581e3cdc5367db,Input Validity,Odometry,Odometry Rate,50,308.89
b432d048fe72339b53581e3cdc5367db,Input Validity,TF,TF Rate,10,308.89
b432d048fe72339b53581e3cdc5367db,Localization Quality,AMCLPose,CovYawYaw,0.0478285,308.9
b432d048fe72339b53581e3cdc5367db,Localization Quality,AMCLPose,CovYY,0.113709,308.9
b432d048fe72339b53581e3cdc5367db,Localization Quality,AMCLPose,CovXX,0.0876819,308.9
b432d048fe72339b53581e3cdc5367db,Localization Quality,AMCLPose,MeanYaw,-2.19079,308.9
b432d048fe72339b53581e3cdc5367db,Localization Quality,AMCLPose,MeanY,-0.733051,308.9
b432d048fe72339b53581e3cdc5367db,Localization Quality,AMCLPose,MeanX,-2.11437,308.9
b432d048fe72339b53581e3cdc5367db,Localization Stability,TF,Jump Angular,-0.00587845,309.9
b432d048fe72339b53581e3cdc5367db,Localization Stability,TF,Jump Linear,0.137395,309.9
b432d048fe72339b53581e3cdc5367db,Input Validity,Lidar,Lidar Rate,10,308.99
b432d048fe72339b53581e3cdc5367db,Input Validity,Odometry,Odometry Rate,50,308.99
b432d048fe72339b53581e3cdc5367db,Input Validity,TF,TF Rate,10,308.99
b432d048fe72339b53581e3cdc5367db,Localization Stability,TF,Jump Angular,0,310
b432d048fe72339b53581e3cdc5367db,Localization Stability,TF,Jump Linear,0,310
b432d048fe72339b53581e3cdc5367db,Input Validity,Lidar,Lidar Rate,10,309.09
b432d048fe72339b53581e3cdc5367db,Input Validity,Odometry,Odometry Rate,50,309.09
b432d048fe72339b53581e3cdc5367db,Input Validity,TF,TF Rate,10,309.09
b432d048fe72339b53581e3cdc5367db,Localization Quality,AMCLPose,CovYawYaw,0.0302245,309.1
b432d048fe72339b53581e3cdc5367db,Localization Quality,AMCLPose,CovYY,0.0880954,309.1
b432d048fe72339b53581e3cdc5367db,Localization Quality,AMCLPose,CovXX,0.0719538,309.1
b432d048fe72339b53581e3cdc5367db,Localization Quality,AMCLPose,MeanYaw,-2.10429,309.1
b432d048fe72339b53581e3cdc5367db,Localization Quality,AMCLPose,MeanY,-0.794053,309.1
b432d048fe72339b53581e3cdc5367db,Localization Quality,AMCLPose,MeanX,-2.17472,309.1
b432d048fe72339b53581e3cdc5367db,Localization Stability,TF,Jump Angular,-0.00156479,310.1
b432d048fe72339b53581e3cdc5367db,Localization Stability,TF,Jump Linear,0.0495714,310.1
b432d048fe72339b53581e3cdc5367db,Input Validity,Lidar,Lidar Rate,10,309.19
b432d048fe72339b53581e3cdc5367db,Input Validity,Odometry,Odometry Rate,50,309.19
b432d048fe72339b53581e3cdc5367db,Input Validity,TF,TF Rate,10,309.19
b432d048fe72339b53581e3cdc5367db,Localization Stability,TF,Jump Angular,0,310.2
b432d048fe72339b53581e3cdc5367db,Localization Stability,TF,Jump Linear,0,310.2
b432d048fe72339b53581e3cdc5367db,Input Validity,Lidar,Lidar Rate,10,309.29
b432d048fe72339b53581e3cdc5367db,Input Validity,Odometry,Odometry Rate,50,309.29
b432d048fe72339b53581e3cdc5367db,Input Validity,TF,TF Rate,10,309.29
b432d048fe72339b53581e3cdc5367db,Localization Quality,AMCLPose,CovYawYaw,0.0179809,309.3
b432d048fe72339b53581e3cdc5367db,Localization Quality,AMCLPose,CovYY,0.0590066,309.3
b432d048fe72339b53581e3cdc5367db,Localization Quality,AMCLPose,CovXX,0.0543001,309.3
b432d048fe72339b53581e3cdc5367db,Localization Quality,AMCLPose,MeanYaw,-2.03621,309.3
b432d048fe72339b53581e3cdc5367db,Localization Quality,AMCLPose,MeanY,-0.86001,309.3
b432d048fe72339b53581e3cdc5367db,Localization Quality,AMCLPose,MeanX,-2.19591,309.3
b432d048fe72339b53581e3cdc5367db,Localization Stability,TF,Jump Angular,0.00498212,310.3
b432d048fe72339b53581e3cdc5367db,Localization Stability,TF,Jump Linear,0.116961,310.3
b432d048fe72339b53581e3cdc5367db,Input Validity,Lidar,Lidar Rate,10,309.39
b432d048fe72339b53581e3cdc5367db,Input Validity,Odometry,Odometry Rate,50,309.39
b432d048fe72339b53581e3cdc5367db,Input Validity,TF,TF Rate,10,309.39
b432d048fe72339b53581e3cdc5367db,Localization Stability,TF,Jump Angular,0,310.4
b432d048fe72339b53581e3cdc5367db,Localization Stability,TF,Jump Linear,0,310.4
b432d048fe72339b53581e3cdc5367db,Input Validity,Lidar,Lidar Rate,10,309.49
b432d048fe72339b53581e3cdc5367db,Input Validity,Odometry,Odometry Rate,50,309.49
b432d048fe72339b53581e3cdc5367db,Input Validity,TF,TF Rate,10,309.49
b432d048fe72339b53581e3cdc5367db,Localization Quality,AMCLPose,CovYawYaw,0.00982595,309.5
b432d048fe72339b53581e3cdc5367db,Localization Quality,AMCLPose,CovYY,0.0354837,309.5
b432d048fe72339b53581e3cdc5367db,Localization Quality,AMCLPose,CovXX,0.036365,309.5
b432d048fe72339b53581e3cdc5367db,Localization Quality,AMCLPose,MeanYaw,-1.9671,309.5
b432d048fe72339b53581e3cdc5367db,Localization Quality,AMCLPose,MeanY,-0.919124,309.5
b432d048fe72339b53581e3cdc5367db,Localization Quality,AMCLPose,MeanX,-2.20928,309.5
b432d048fe72339b53581e3cdc5367db,Localization Stability,TF,Jump Angular,0.00720636,310.5
b432d048fe72339b53581e3cdc5367db,Localization Stability,TF,Jump Linear,0.164133,310.5
b432d048fe72339b53581e3cdc5367db,Input Validity,Lidar,Lidar Rate,10,309.59
b432d048fe72339b53581e3cdc5367db,Input Validity,Odometry,Odometry Rate,50,309.59
b432d048fe72339b53581e3cdc5367db,Input Validity,TF,TF Rate,10,309.59
b432d048fe72339b53581e3cdc5367db,Localization Stability,TF,Jump Angular,0,310.6
b432d048fe72339b53581e3cdc5367db,Localization Stability,TF,Jump Linear,0,310.6
b432d048fe72339b53581e3cdc5367db,Input Validity,Lidar,Lidar Rate,10,309.69
b432d048fe72339b53581e3cdc5367db,Input Validity,Odometry,Odometry Rate,50,309.69
b432d048fe72339b53581e3cdc5367db,Input Validity,TF,TF Rate,10,309.69
b432d048fe72339b53581e3cdc5367db,Input Validity,Lidar,Lidar Rate,10,309.79
b432d048fe72339b53581e3cdc5367db,Input Validity,Odometry,Odometry Rate,50,309.79
b432d048fe72339b53581e3cdc5367db,Input Validity,TF,TF Rate,10,309.79
b432d048fe72339b53581e3cdc5367db,Localization Quality,AMCLPose,CovYawYaw,0.00436533,309.7
b432d048fe72339b53581e3cdc5367db,Localization Quality,AMCLPose,CovYY,0.0181138,309.7
b432d048fe72339b53581e3cdc5367db,Localization Quality,AMCLPose,CovXX,0.0200581,309.7
b432d048fe72339b53581e3cdc5367db,Localization Quality,AMCLPose,MeanYaw,-1.8955,309.7
b432d048fe72339b53581e3cdc5367db,Localization Quality,AMCLPose,MeanY,-0.987425,309.7
b432d048fe72339b53581e3cdc5367db,Localization Quality,AMCLPose,MeanX,-2.20996,309.7
b432d048fe72339b53581e3cdc5367db,Localization Stability,TF,Jump Angular,0.0121088,310.7
b432d048fe72339b53581e3cdc5367db,Localization Stability,TF,Jump Linear,0.276954,310.7
b432d048fe72339b53581e3cdc5367db,Localization Stability,TF,Jump Angular,0,310.8
b432d048fe72339b53581e3cdc5367db,Localization Stability,TF,Jump Linear,0,310.8
b432d048fe72339b53581e3cdc5367db,Input Validity,Lidar,Lidar Rate,10,309.89
b432d048fe72339b53581e3cdc5367db,Input Validity,Odometry,Odometry Rate,50,309.89
b432d048fe72339b53581e3cdc5367db,Input Validity,TF,TF Rate,10,309.89
b432d048fe72339b53581e3cdc5367db,Localization Stability,TF,Jump Angular,0,310.9
b432d048fe72339b53581e3cdc5367db,Localization Stability,TF,Jump Linear,0,310.9
b432d048fe72339b53581e3cdc5367db,Input Validity,Lidar,Lidar Rate,10,309.99
b432d048fe72339b53581e3cdc5367db,Input Validity,Odometry,Odometry Rate,50,309.99
b432d048fe72339b53581e3cdc5367db,Input Validity,TF,TF Rate,10,309.99
b432d048fe72339b53581e3cdc5367db,Localization Quality,AMCLPose,CovYawYaw,0.00238339,310
b432d048fe72339b53581e3cdc5367db,Localization Quality,AMCLPose,CovYY,0.0107165,310
b432d048fe72339b53581e3cdc5367db,Localization Quality,AMCLPose,CovXX,0.0110165,310
b432d048fe72339b53581e3cdc5367db,Localization Quality,AMCLPose,MeanYaw,-1.81909,310
b432d048fe72339b53581e3cdc5367db,Localization Quality,AMCLPose,MeanY,-1.06357,310
b432d048fe72339b53581e3cdc5367db,Localization Quality,AMCLPose,MeanX,-2.22418,310
b432d048fe72339b53581e3cdc5367db,Localization Stability,TF,Jump Angular,0.00241572,311
b432d048fe72339b53581e3cdc5367db,Localization Stability,TF,Jump Linear,0.0583574,311
b432d048fe72339b53581e3cdc5367db,Input Validity,Lidar,Lidar Rate,10,310.09
b432d048fe72339b53581e3cdc5367db,Input Validity,Odometry,Odometry Rate,50,310.09
b432d048fe72339b53581e3cdc5367db,Input Validity,TF,TF Rate,10,310.09
b432d048fe72339b53581e3cdc5367db,Localization Stability,TF,Jump Angular,0,311.1
b432d048fe72339b53581e3cdc5367db,Localization Stability,TF,Jump Linear,0,311.1
b432d048fe72339b53581e3cdc5367db,Input Validity,Lidar,Lidar Rate,10,310.19
b432d048fe72339b53581e3cdc5367db,Input Validity,Odometry,Odometry Rate,50,310.19
b432d048fe72339b53581e3cdc5367db,Input Validity,TF,TF Rate,10,310.19
b432d048fe72339b53581e3cdc5367db,Input Validity,Lidar,Lidar Rate,10,310.28
b432d048fe72339b53581e3cdc5367db,Input Validity,Odometry,Odometry Rate,50,310.28
b432d048fe72339b53581e3cdc5367db,Input Validity,TF,TF Rate,10,310.28
b432d048fe72339b53581e3cdc5367db,Localization Quality,AMCLPose,CovYawYaw,0.00139774,310.2
b432d048fe72339b53581e3cdc5367db,Localization Quality,AMCLPose,CovYY,0.00672006,310.2
b432d048fe72339b53581e3cdc5367db,Localization Quality,AMCLPose,CovXX,0.00656807,310.2
b432d048fe72339b53581e3cdc5367db,Localization Quality,AMCLPose,MeanYaw,-1.76618,310.2
b432d048fe72339b53581e3cdc5367db,Localization Quality,AMCLPose,MeanY,-1.11033,310.2
b432d048fe72339b53581e3cdc5367db,Localization Quality,AMCLPose,MeanX,-2.23774,310.2
b432d048fe72339b53581e3cdc5367db,Localization Stability,TF,Jump Angular,0.00169824,311.2
b432d048fe72339b53581e3cdc5367db,Localization Stability,TF,Jump Linear,0.0332567,311.2
b432d048fe72339b53581e3cdc5367db,Localization Stability,TF,Jump Angular,0,311.3
b432d048fe72339b53581e3cdc5367db,Localization Stability,TF,Jump Linear,0,311.3
b432d048fe72339b53581e3cdc5367db,Input Validity,Lidar,Lidar Rate,10,310.38
b432d048fe72339b53581e3cdc5367db,Input Validity,Odometry,Odometry Rate,50,310.38
b432d048fe72339b53581e3cdc5367db,Input Validity,TF,TF Rate,10,310.38
b432d048fe72339b53581e3cdc5367db,Localization Stability,TF,Jump Angular,0,311.4
b432d048fe72339b53581e3cdc5367db,Localization Stability,TF,Jump Linear,0,311.4
b432d048fe72339b53581e3cdc5367db,Input Validity,Lidar,Lidar Rate,10,310.48
b432d048fe72339b53581e3cdc5367db,Input Validity,Odometry,Odometry Rate,50,310.48
b432d048fe72339b53581e3cdc5367db,Input Validity,TF,TF Rate,10,310.48
b432d048fe72339b53581e3cdc5367db,Localization Recovery,TTR,Kidnap Angle,3.01052,310.53
b432d048fe72339b53581e3cdc5367db,Localization Recovery,TTR,Kidnap Distance,0.348958,310.53
b432d048fe72339b53581e3cdc5367db,Localization Recovery,TTR,TTR Outcome,1,310.53
b432d048fe72339b53581e3cdc5367db,Localization Recovery,TTR,TTR,12.49,310.53
b432d048fe72339b53581e3cdc5367db,Mission Outcome,Episode Event,Recoveries,0,310.53
b432d048fe72339b53581e3cdc5367db,Mission Outcome,Episode Event,Collisions,0,310.53
b432d048fe72339b53581e3cdc5367db,Mission Outcome,Episode Event,Navigation Time,23.01,310.53
b432d048fe72339b53581e3cdc5367db,Mission Outcome,Episode Event,Goal Result,2,310.53
b432d048fe72339b53581e3cdc5367db,Input Validity,AMCLPose,Pose Monotonicity,0,310.53
b432d048fe72339b53581e3cdc5367db,Input Validity,Lidar,Lidar Frame Mistmatch,0,310.53
b432d048fe72339b53581e3cdc5367db,Input Validity,Lidar,Lidar Monotonicity,0,310.53
b432d048fe72339b53581e3cdc5367db,Input Validity,Odometry,Odometry Frame Mismatch,0,310.53
b432d048fe72339b53581e3cdc5367db,Input Validity,Odometry,Odometry Monotonicity,0,310.53
b432d048fe72339b53581e3cdc5367db,Input Validity,TF,TF Gap Count,8,310.53
b432d048fe72339b53581e3cdc5367db,Input Validity,TF,TF Frame Drop,1150,310.53
b432d048fe72339b53581e3cdc5367db,Input Validity,TF,TF Monotonicity,0,310.53
b432d048fe72339b53581e3cdc5367db,map,0.901634,1.34383,3.3002,-2.225,-1.375,116.916,2,FAILED,1,23.01,287.52,310.53,0.100477,0.202183,0.607104,0.128415,0.00691858,0.117328,0.10989,512.182,1830,5.2129,22.5316,0.211256,1.3201,0,1150,0
fbba6ee856a06266661a27c787945e6f,Localization Stability,TF,Jump Angular,0,319
fbba6ee856a06266661a27c787945e6f,Localization Stability,TF,Jump Linear,0,319
fbba6ee856a06266661a27c787945e6f,Input Validity,Lidar,Lidar Rate,10,318.14
fbba6ee856a06266661a27c787945e6f,Input Validity,Odometry,Odometry Rate,50,318.14
fbba6ee856a06266661a27c787945e6f,Input Validity,TF,TF Rate,10,318.14
fbba6ee856a06266661a27c787945e6f,Localization Stability,TF,Jump Angular,0,319.1
fbba6ee856a06266661a27c787945e6f,Localization Stability,TF,Jump Linear,0,319.1
fbba6ee856a06266661a27c787945e6f,Input Validity,Lidar,Lidar Rate,10,318.24
fbba6ee856a06266661a27c787945e6f,Input Validity,Odometry,Odometry Rate,50,318.24
fbba6ee856a06266661a27c787945e6f,Input Validity,TF,TF Rate,10,318.24
fbba6ee856a06266661a27c787945e6f,Localization Stability,TF,Jump Angular,-0.000591074,319.2
fbba6ee856a06266661a27c787945e6f,Localization Stability,TF,Jump Linear,0.0123819,319.2
fbba6ee856a06266661a27c787945e6f,Input Validity,Lidar,Lidar Rate,10,318.34
fbba6ee856a06266661a27c787945e6f,Input Validity,Odometry,Odometry Rate,50,318.34
fbba6ee856a06266661a27c787945e6f,Input Validity,TF,TF Rate,10,318.34
fbba6ee856a06266661a27c787945e6f,Localization Quality,AMCLPose,CovYawYaw,0.000352035,318.3
fbba6ee856a06266661a27c787945e6f,Localization Quality,AMCLPose,CovYY,0.000325456,318.3
fbba6ee856a06266661a27c787945e6f,Localization Quality,AMCLPose,CovXX,7.39791e-05,318.3
fbba6ee856a06266661a27c787945e6f,Localization Quality,AMCLPose,MeanYaw,1.9196,318.3
fbba6ee856a06266661a27c787945e6f,Localization Quality,AMCLPose,MeanY,-1.37524,318.3
fbba6ee856a06266661a27c787945e6f,Localization Quality,AMCLPose,MeanX,-2.22494,318.3
fbba6ee856a06266661a27c787945e6f,Localization Stability,TF,Jump Angular,0.00159042,319.3
fbba6ee856a06266661a27c787945e6f,Localization Stability,TF,Jump Linear,0.0334017,319.3
fbba6ee856a06266661a27c787945e6f,Input Validity,Lidar,Lidar Rate,10,318.44
fbba6ee856a06266661a27c787945e6f,Input Validity,Odometry,Odometry Rate,50,318.44
fbba6ee856a06266661a27c787945e6f,Input Validity,TF,TF Rate,10,318.44
fbba6ee856a06266661a27c787945e6f,Localization Quality,AMCLPose,CovYawYaw,0.000486148,318.4
fbba6ee856a06266661a27c787945e6f,Localization Quality,AMCLPose,CovYY,0.000555471,318.4
fbba6ee856a06266661a27c787945e6f,Localization Quality,AMCLPose,CovXX,0.000104765,318.4
fbba6ee856a06266661a27c787945e6f,Localization Quality,AMCLPose,MeanYaw,1.85024,318.4
fbba6ee856a06266661a27c787945e6f,Localization Quality,AMCLPose,MeanY,-1.37416,318.4
fbba6ee856a06266661a27c787945e6f,Localization Quality,AMCLPose,MeanX,-2.22542,318.4
fbba6ee856a06266661a27c787945e6f,Localization Stability,TF,Jump Angular,0.00172845,319.4
fbba6ee856a06266661a27c787945e6f,Localization Stability,TF,Jump Linear,0.0362194,319.4
fbba6ee856a06266661a27c787945e6f,Input Validity,Lidar,Lidar Rate,10,318.54
fbba6ee856a06266661a27c787945e6f,Input Validity,Odometry,Odometry Rate,50,318.54
fbba6ee856a06266661a27c787945e6f,Input Validity,TF,TF Rate,10,318.54
fbba6ee856a06266661a27c787945e6f,Localization Quality,AMCLPose,CovYawYaw,0.000657145,318.5
fbba6ee856a06266661a27c787945e6f,Localization Quality,AMCLPose,CovYY,0.000867785,318.5
fbba6ee856a06266661a27c787945e6f,Localization Quality,AMCLPose,CovXX,0.000129477,318.5
fbba6ee856a06266661a27c787945e6f,Localization Quality,AMCLPose,MeanYaw,1.76224,318.5
fbba6ee856a06266661a27c787945e6f,Localization Quality,AMCLPose,MeanY,-1.37299,318.5
fbba6ee856a06266661a27c787945e6f,Localization Quality,AMCLPose,MeanX,-2.22589,318.5
fbba6ee856a06266661a27c787945e6f,Localization Stability,TF,Jump Angular,0.000185276,319.5
fbba6ee856a06266661a27c787945e6f,Localization Stability,TF,Jump Linear,0.0039732,319.5
fbba6ee856a06266661a27c787945e6f,Input Validity,Lidar,Lidar Rate,10,318.64
fbba6ee856a06266661a27c787945e6f,Input Validity,Odometry,Odometry Rate,50,318.64
fbba6ee856a06266661a27c787945e6f,Input Validity,TF,TF Rate,10,318.64
fbba6ee856a06266661a27c787945e6f,Localization Quality,AMCLPose,CovYawYaw,0.000891052,318.6
fbba6ee856a06266661a27c787945e6f,Localization Quality,AMCLPose,CovYY,0.00129639,318.6
fbba6ee856a06266661a27c787945e6f,Localization Quality,AMCLPose,CovXX,0.000136358,318.6
fbba6ee856a06266661a27c787945e6f,Localization Quality,AMCLPose,MeanYaw,1.65778,318.6
fbba6ee856a06266661a27c787945e6f,Localization Quality,AMCLPose,MeanY,-1.3738,318.6
fbba6ee856a06266661a27c787945e6f,Localization Quality,AMCLPose,MeanX,-2.22564,318.6
fbba6ee856a06266661a27c787945e6f,Localization Stability,TF,Jump Angular,0.000731352,319.6
fbba6ee856a06266661a27c787945e6f,Localization Stability,TF,Jump Linear,0.0155193,319.6
fbba6ee856a06266661a27c787945e6f,Input Validity,Lidar,Lidar Rate,10,318.74
fbba6ee856a06266661a27c787945e6f,Input Validity,Odometry,Odometry Rate,50,318.74
fbba6ee856a06266661a27c787945e6f,Input Validity,TF,TF Rate,10,318.74
fbba6ee856a06266661a27c787945e6f,Localization Quality,AMCLPose,CovYawYaw,0.00107506,318.7
fbba6ee856a06266661a27c787945e6f,Localization Quality,AMCLPose,CovYY,0.00185052,318.7
fbba6ee856a06266661a27c787945e6f,Localization Quality,AMCLPose,CovXX,0.00013231,318.7
fbba6ee856a06266661a27c787945e6f,Localization Quality,AMCLPose,MeanYaw,1.53646,318.7
fbba6ee856a06266661a27c787945e6f,Localization Quality,AMCLPose,MeanY,-1.37378,318.7
fbba6ee856a06266661a27c787945e6f,Localization Quality,AMCLPose,MeanX,-2.22528,318.7
fbba6ee856a06266661a27c787945e6f,Localization Stability,TF,Jump Angular,0.000845197,319.7
fbba6ee856a06266661a27c787945e6f,Localization Stability,TF,Jump Linear,0.0174016,319.7
fbba6ee856a06266661a27c787945e6f,Input Validity,Lidar,Lidar Rate,10,318.84
fbba6ee856a06266661a27c787945e6f,Input Validity,Odometry,Odometry Rate,50,318.84
fbba6ee856a06266661a27c787945e6f,Input Validity,TF,TF Rate,10,318.84
fbba6ee856a06266661a27c787945e6f,Localization Quality,AMCLPose,CovYawYaw,0.00136209,318.8
fbba6ee856a06266661a27c787945e6f,Localization Quality,AMCLPose,CovYY,0.00263781,318.8
fbba6ee856a06266661a27c787945e6f,Localization Quality,AMCLPose,CovXX,0.000132878,318.8
fbba6ee856a06266661a27c787945e6f,Localization Quality,AMCLPose,MeanYaw,1.39653,318.8
fbba6ee856a06266661a27c787945e6f,Localization Quality,AMCLPose,MeanY,-1.37397,318.8
fbba6ee856a06266661a27c787945e6f,Localization Quality,AMCLPose,MeanX,-2.22591,318.8
fbba6ee856a06266661a27c787945e6f,Localization Stability,TF,Jump Angular,-0.00128283,319.8
fbba6ee856a06266661a27c787945e6f,Localization Stability,TF,Jump Linear,0.0262469,319.8
fbba6ee856a06266661a27c787945e6f,Input Validity,Lidar,Lidar Rate,10,318.94
fbba6ee856a06266661a27c787945e6f,Input Validity,Odometry,Odometry Rate,50,318.94
fbba6ee856a06266661a27c787945e6f,Input Validity,TF,TF Rate,10,318.94
fbba6ee856a06266661a27c787945e6f,Localization Quality,AMCLPose,CovYawYaw,0.00137262,318.9
fbba6ee856a06266661a27c787945e6f,Localization Quality,AMCLPose,CovYY,0.00313982,318.9
fbba6ee856a06266661a27c787945e6f,Localization Quality,AMCLPose,CovXX,0.000151985,318.9
fbba6ee856a06266661a27c787945e6f,Localization Quality,AMCLPose,MeanYaw,1.27847,318.9
fbba6ee856a06266661a27c787945e6f,Localization Quality,AMCLPose,MeanY,-1.37116,318.9
fbba6ee856a06266661a27c787945e6f,Localization Quality,AMCLPose,MeanX,-2.22558,318.9
fbba6ee856a06266661a27c787945e6f,Localization Stability,TF,Jump Angular,-0.0023061,319.9
fbba6ee856a06266661a27c787945e6f,Localization Stability,TF,Jump Linear,0.047386,319.9
fbba6ee856a06266661a27c787945e6f,Input Validity,Lidar,Lidar Rate,10,319.03
fbba6ee856a06266661a27c787945e6f,Input Validity,Odometry,Odometry Rate,50,319.03
fbba6ee856a06266661a27c787945e6f,Input Validity,TF,TF Rate,10,319.03
fbba6ee856a06266661a27c787945e6f,Localization Quality,AMCLPose,CovYawYaw,0.00110778,319
fbba6ee856a06266661a27c787945e6f,Localization Quality,AMCLPose,CovYY,0.00284184,319
fbba6ee856a06266661a27c787945e6f,Localization Quality,AMCLPose,CovXX,0.000167498,319
fbba6ee856a06266661a27c787945e6f,Localization Quality,AMCLPose,MeanYaw,1.20954,319
fbba6ee856a06266661a27c787945e6f,Localization Quality,AMCLPose,MeanY,-1.36145,319
fbba6ee856a06266661a27c787945e6f,Localization Quality,AMCLPose,MeanX,-2.22215,319
fbba6ee856a06266661a27c787945e6f,Localization Stability,TF,Jump Angular,0.002432,320
fbba6ee856a06266661a27c787945e6f,Localization Stability,TF,Jump Linear,0.0513542,320
fbba6ee856a06266661a27c787945e6f,Input Validity,Lidar,Lidar Rate,10,319.13
fbba6ee856a06266661a27c787945e6f,Input Validity,Odometry,Odometry Rate,50,319.13
fbba6ee856a06266661a27c787945e6f,Input Validity,TF,TF Rate,10,319.13
fbba6ee856a06266661a27c787945e6f,Localization Quality,AMCLPose,CovYawYaw,0.000858955,319.1
fbba6ee856a06266661a27c787945e6f,Localization Quality,AMCLPose,CovYY,0.0024713,319.1
fbba6ee856a06266661a27c787945e6f,Localization Quality,AMCLPose,CovXX,0.000180268,319.1
fbba6ee856a06266661a27c787945e6f,Localization Quality,AMCLPose,MeanYaw,1.14989,319.1
fbba6ee856a06266661a27c787945e6f,Localization Quality,AMCLPose,MeanY,-1.35148,319.1
fbba6ee856a06266661a27c787945e6f,Localization Quality,AMCLPose,MeanX,-2.21481,319.1
fbba6ee856a06266661a27c787945e6f,Localization Stability,TF,Jump Angular,0.000354348,320.1
fbba6ee856a06266661a27c787945e6f,Localization Stability,TF,Jump Linear,0.0116412,320.1
fbba6ee856a06266661a27c787945e6f,Input Validity,Lidar,Lidar Rate,10,319.23
fbba6ee856a06266661a27c787945e6f,Input Validity,Odometry,Odometry Rate,50,319.23
fbba6ee856a06266661a27c787945e6f,Input Validity,TF,TF Rate,10,319.23
fbba6ee856a06266661a27c787945e6f,Localization Quality,AMCLPose,CovYawYaw,0.000684219,319.2
fbba6ee856a06266661a27c787945e6f,Localization Quality,AMCLPose,CovYY,0.00211328,319.2
fbba6ee856a06266661a27c787945e6f,Localization Quality,AMCLPose,CovXX,0.000198197,319.2
fbba6ee856a06266661a27c787945e6f,Localization Quality,AMCLPose,MeanYaw,1.0973,319.2
fbba6ee856a06266661a27c787945e6f,Localization Quality,AMCLPose,MeanY,-1.33268,319.2
fbba6ee856a06266661a27c787945e6f,Localization Quality,AMCLPose,MeanX,-2.20365,319.2
fbba6ee856a06266661a27c787945e6f,Localization Stability,TF,Jump Angular,0.00261855,320.2
fbba6ee856a06266661a27c787945e6f,Localization Stability,TF,Jump Linear,0.0562726,320.2
fbba6ee856a06266661a27c787945e6f,Input Validity,Lidar,Lidar Rate,10,319.33
fbba6ee856a06266661a27c787945e6f,Input Validity,Odometry,Odometry Rate,50,319.33
fbba6ee856a06266661a27c787945e6f,Input Validity,TF,TF Rate,10,319.33
fbba6ee856a06266661a27c787945e6f,Localization Quality,AMCLPose,CovYawYaw,0.000563336,319.3
fbba6ee856a06266661a27c787945e6f,Localization Quality,AMCLPose,CovYY,0.00203904,319.3
fbba6ee856a06266661a27c787945e6f,Localization Quality,AMCLPose,CovXX,0.000211173,319.3
fbba6ee856a06266661a27c787945e6f,Localization Quality,AMCLPose,MeanYaw,1.04755,319.3
fbba6ee856a06266661a27c787945e6f,Localization Quality,AMCLPose,MeanY,-1.3092,319.3
fbba6ee856a06266661a27c787945e6f,Localization Quality,AMCLPose,MeanX,-2.18837,319.3
fbba6ee856a06266661a27c787945e6f,Localization Stability,TF,Jump Angular,0.00119292,320.3
fbba6ee856a06266661a27c787945e6f,Localization Stability,TF,Jump Linear,0.0273043,320.3
fbba6ee856a06266661a27c787945e6f,Input Validity,Lidar,Lidar Rate,10,319.43
fbba6ee856a06266661a27c787945e6f,Input Validity,Odometry,Odometry Rate,50,319.43
fbba6ee856a06266661a27c787945e6f,Input Validity,TF,TF Rate,10,319.43
fbba6ee856a06266661a27c787945e6f,Localization Stability,TF,Jump Angular,0,320.4
fbba6ee856a06266661a27c787945e6f,Localization Stability,TF,Jump Linear,0,320.4
fbba6ee856a06266661a27c787945e6f,Input Validity,Lidar,Lidar Rate,10,319.53
fbba6ee856a06266661a27c787945e6f,Input Validity,Odometry,Odometry Rate,50,319.53
fbba6ee856a06266661a27c787945e6f,Input Validity,TF,TF Rate,10,319.53
fbba6ee856a06266661a27c787945e6f,Localization Quality,AMCLPose,CovYawYaw,0.00154179,319.5
fbba6ee856a06266661a27c787945e6f,Localization Quality,AMCLPose,CovYY,0.00237387,319.5
fbba6ee856a06266661a27c787945e6f,Localization Quality,AMCLPose,CovXX,0.000386433,319.5
fbba6ee856a06266661a27c787945e6f,Localization Quality,AMCLPose,MeanYaw,0.956228,319.5
fbba6ee856a06266661a27c787945e6f,Localization Quality,AMCLPose,MeanY,-1.23856,319.5
fbba6ee856a06266661a27c787945e6f,Localization Quality,AMCLPose,MeanX,-2.14269,319.5
fbba6ee856a06266661a27c787945e6f,Localization Stability,TF,Jump Angular,0.000430506,320.5
fbba6ee856a06266661a27c787945e6f,Localization Stability,TF,Jump Linear,0.00818725,320.5
fbba6ee856a06266661a27c787945e6f,Input Validity,Lidar,Lidar Rate,10,319.63
fbba6ee856a06266661a27c787945e6f,Input Validity,Odometry,Odometry Rate,50,319.63
fbba6ee856a06266661a27c787945e6f,Input Validity,TF,TF Rate,10,319.63
fbba6ee856a06266661a27c787945e6f,Localization Stability,TF,Jump Angular,0,320.6
fbba6ee856a06266661a27c787945e6f,Localization Stability,TF,Jump Linear,0,320.6
fbba6ee856a06266661a27c787945e6f,Input Validity,Lidar,Lidar Rate,10,319.73
fbba6ee856a06266661a27c787945e6f,Input Validity,Odometry,Odometry Rate,50,319.73
fbba6ee856a06266661a27c787945e6f,Input Validity,TF,TF Rate,10,319.73
fbba6ee856a06266661a27c787945e6f,Localization Quality,AMCLPose,CovYawYaw,0.00252975,319.7
fbba6ee856a06266661a27c787945e6f,Localization Quality,AMCLPose,CovYY,0.0026645,319.7
fbba6ee856a06266661a27c787945e6f,Localization Quality,AMCLPose,CovXX,0.000630794,319.7
fbba6ee856a06266661a27c787945e6f,Localization Quality,AMCLPose,MeanYaw,0.875579,319.7
fbba6ee856a06266661a27c787945e6f,Localization Quality,AMCLPose,MeanY,-1.16917,319.7
fbba6ee856a06266661a27c787945e6f,Localization Quality,AMCLPose,MeanX,-2.08858,319.7
fbba6ee856a06266661a27c787945e6f,Localization Stability,TF,Jump Angular,-0.000479741,320.7
fbba6ee856a06266661a27c787945e6f,Localization Stability,TF,Jump Linear,0.00855352,320.7
fbba6ee856a06266661a27c787945e6f,Input Validity,Lidar,Lidar Rate,10,319.83
fbba6ee856a06266661a27c787945e6f,Input Validity,Odometry,Odometry Rate,50,319.83
fbba6ee856a06266661a27c787945e6f,Input Validity,TF,TF Rate,10,319.83
fbba6ee856a06266661a27c787945e6f,Localization Stability,TF,Jump Angular,0,320.8
fbba6ee856a06266661a27c787945e6f,Localization Stability,TF,Jump Linear,0,320.8
fbba6ee856a06266661a27c787945e6f,Input Validity,Lidar,Lidar Rate,10,319.93
fbba6ee856a06266661a27c787945e6f,Input Validity,Odometry,Odometry Rate,50,319.93
fbba6ee856a06266661a27c787945e6f,Input Validity,TF,TF Rate,10,319.93
fbba6ee856a06266661a27c787945e6f,Localization Quality,AMCLPose,CovYawYaw,0.00361119,319.9
fbba6ee856a06266661a27c787945e6f,Localization Quality,AMCLPose,CovYY,0.0030925,319.9
fbba6ee856a06266661a27c787945e6f,Localization Quality,AMCLPose,CovXX,0.000883434,319.9
fbba6ee856a06266661a27c787945e6f,Localization Quality,AMCLPose,MeanYaw,0.80788,319.9
fbba6ee856a06266661a27c787945e6f,Localization Quality,AMCLPose,MeanY,-1.10131,319.9
fbba6ee856a06266661a27c787945e6f,Localization Quality,AMCLPose,MeanX,-2.02814,319.9
fbba6ee856a06266661a27c787945e6f,Localization Stability,TF,Jump Angular,0.00153488,320.9
fbba6ee856a06266661a27c787945e6f,Localization Stability,TF,Jump Linear,0.0312125,320.9
fbba6ee856a06266661a27c787945e6f,Input Validity,Lidar,Lidar Rate,10,320.03
fbba6ee856a06266661a27c787945e6f,Input Validity,Odometry,Odometry Rate,50,320.03
fbba6ee856a06266661a27c787945e6f,Input Validity,TF,TF Rate,10,320.03
fbba6ee856a06266661a27c787945e6f,Localization Stability,TF,Jump Angular,0,321
fbba6ee856a06266661a27c787945e6f,Localization Stability,TF,Jump Linear,0,321
fbba6ee856a06266661a27c787945e6f,Input Validity,Lidar,Lidar Rate,10,320.13
fbba6ee856a06266661a27c787945e6f,Input Validity,Odometry,Odometry Rate,50,320.13
fbba6ee856a06266661a27c787945e6f,Input Validity,TF,TF Rate,10,320.13
fbba6ee856a06266661a27c787945e6f,Localization Quality,AMCLPose,CovYawYaw,0.00460929,320.1
fbba6ee856a06266661a27c787945e6f,Localization Quality,AMCLPose,CovYY,0.00342499,320.1
fbba6ee856a06266661a27c787945e6f,Localization Quality,AMCLPose,CovXX,0.00124777,320.1
fbba6ee856a06266661a27c787945e6f,Localization Quality,AMCLPose,MeanYaw,0.749607,320.1
fbba6ee856a06266661a27c787945e6f,Localization Quality,AMCLPose,MeanY,-1.03816,320.1
fbba6ee856a06266661a27c787945e6f,Localization Quality,AMCLPose,MeanX,-1.96351,320.1
fbba6ee856a06266661a27c787945e6f,Localization Stability,TF,Jump Angular,0.000428222,321.1
fbba6ee856a06266661a27c787945e6f,Localization Stability,TF,Jump Linear,0.00844481,321.1
fbba6ee856a06266661a27c787945e6f,Input Validity,Lidar,Lidar Rate,10,320.23
fbba6ee856a06266661a27c787945e6f,Input Validity,Odometry,Odometry Rate,50,320.23
fbba6ee856a06266661a27c787945e6f,Input Validity,TF,TF Rate,10,320.23
fbba6ee856a06266661a27c787945e6f,Localization Stability,TF,Jump Angular,0,321.2
fbba6ee856a06266661a27c787945e6f,Localization Stability,TF,Jump Linear,0,321.2
fbba6ee856a06266661a27c787945e6f,Input Validity,Lidar,Lidar Rate,10,320.33
fbba6ee856a06266661a27c787945e6f,Input Validity,Odometry,Odometry Rate,50,320.33
fbba6ee856a06266661a27c787945e6f,Input Validity,TF,TF Rate,10,320.33
fbba6ee856a06266661a27c787945e6f,Localization Stability,TF,Jump Angular,0,321.3
fbba6ee856a06266661a27c787945e6f,Localization Stability,TF,Jump Linear,0,321.3
fbba6ee856a06266661a27c787945e6f,Input Validity,Lidar,Lidar Rate,10,320.43
fbba6ee856a06266661a27c787945e6f,Input Validity,Odometry,Odometry Rate,50,320.43
fbba6ee856a06266661a27c787945e6f,Input Validity,TF,TF Rate,10,320.43
fbba6ee856a06266661a27c787945e6f,Localization Quality,AMCLPose,CovYawYaw,0.00702752,320.4
fbba6ee856a06266661a27c787945e6f,Localization Quality,AMCLPose,CovYY,0.00430651,320.4
fbba6ee856a06266661a27c787945e6f,Localization Quality,AMCLPose,CovXX,0.0020023,320.4
fbba6ee856a06266661a27c787945e6f,Localization Quality,AMCLPose,MeanYaw,0.680213,320.4
fbba6ee856a06266661a27c787945e6f,Localization Quality,AMCLPose,MeanY,-0.951389,320.4
fbba6ee856a06266661a27c787945e6f,Localization Quality,AMCLPose,MeanX,-1.86244,320.4
fbba6ee856a06266661a27c787945e6f,Localization Stability,TF,Jump Angular,0.00166364,321.4
fbba6ee856a06266661a27c787945e6f,Localization Stability,TF,Jump Linear,0.0361896,321.4
fbba6ee856a06266661a27c787945e6f,Input Validity,Lidar,Lidar Rate,10,320.53
fbba6ee856a06266661a27c787945e6f,Input Validity,Odometry,Odometry Rate,50,320.53
fbba6ee856a06266661a27c787945e6f,Input Validity,TF,TF Rate,10,320.53
fbba6ee856a06266661a27c787945e6f,Localization Stability,TF,Jump Angular,0,321.5
fbba6ee856a06266661a27c787945e6f,Localization Stability,TF,Jump Linear,0,321.5
fbba6ee856a06266661a27c787945e6f,Input Validity,Lidar,Lidar Rate,10,320.62
fbba6ee856a06266661a27c787945e6f,Input Validity,Odometry,Odometry Rate,50,320.62
fbba6ee856a06266661a27c787945e6f,Input Validity,TF,TF Rate,10,320.62
fbba6ee856a06266661a27c787945e6f,Localization Stability,TF,Jump Angular,0,321.6
fbba6ee856a06266661a27c787945e6f,Localization Stability,TF,Jump Linear,0,321.6
fbba6ee856a06266661a27c787945e6f,Input Validity,Lidar,Lidar Rate,10,320.72
fbba6ee856a06266661a27c787945e6f,Input Validity,Odometry,Odometry Rate,50,320.72
fbba6ee856a06266661a27c787945e6f,Input Validity,TF,TF Rate,10,320.72
fbba6ee856a06266661a27c787945e6f,Localization Quality,AMCLPose,CovYawYaw,0.00914698,320.7
fbba6ee856a06266661a27c787945e6f,Localization Quality,AMCLPose,CovYY,0.00514946,320.7
fbba6ee856a06266661a27c787945e6f,Localization Quality,AMCLPose,CovXX,0.00280571,320.7
fbba6ee856a06266661a27c787945e6f,Localization Quality,AMCLPose,MeanYaw,0.619855,320.7
fbba6ee856a06266661a27c787945e6f,Localization Quality,AMCLPose,MeanY,-0.870993,320.7
fbba6ee856a06266661a27c787945e6f,Localization Quality,AMCLPose,MeanX,-1.75575,320.7
fbba6ee856a06266661a27c787945e6f,Localization Stability,TF,Jump Angular,-0.00349209,321.7
fbba6ee856a06266661a27c787945e6f,Localization Stability,TF,Jump Linear,0.071154,321.7
fbba6ee856a06266661a27c787945e6f,Input Validity,Lidar,Lidar Rate,10,320.82
fbba6ee856a06266661a27c787945e6f,Input Validity,Odometry,Odometry Rate,50,320.82
fbba6ee856a06266661a27c787945e6f,Input Validity,TF,TF Rate,10,320.82
fbba6ee856a06266661a27c787945e6f,Localization Stability,TF,Jump Angular,0,321.8
fbba6ee856a06266661a27c787945e6f,Localization Stability,TF,Jump Linear,0,321.8
fbba6ee856a06266661a27c787945e6f,Input Validity,Lidar,Lidar Rate,10,320.92
fbba6ee856a06266661a27c787945e6f,Input Validity,Odometry,Odometry Rate,50,320.92
fbba6ee856a06266661a27c787945e6f,Input Validity,TF,TF Rate,10,320.92
fbba6ee856a06266661a27c787945e6f,Localization Stability,TF,Jump Angular,0,321.9
fbba6ee856a06266661a27c787945e6f,Localization Stability,TF,Jump Linear,0,321.9
fbba6ee856a06266661a27c787945e6f,Input Validity,Lidar,Lidar Rate,10,321.02
fbba6ee856a06266661a27c787945e6f,Input Validity,Odometry,Odometry Rate,50,321.02
fbba6ee856a06266661a27c787945e6f,Input Validity,TF,TF Rate,10,321.02
fbba6ee856a06266661a27c787945e6f,Localization Quality,AMCLPose,CovYawYaw,0.0108527,321
fbba6ee856a06266661a27c787945e6f,Localization Quality,AMCLPose,CovYY,0.00622909,321
fbba6ee856a06266661a27c787945e6f,Localization Quality,AMCLPose,CovXX,0.00363081,321
fbba6ee856a06266661a27c787945e6f,Localization Quality,AMCLPose,MeanYaw,0.574537,321
fbba6ee856a06266661a27c787945e6f,Localization Quality,AMCLPose,MeanY,-0.796732,321
fbba6ee856a06266661a27c787945e6f,Localization Quality,AMCLPose,MeanX,-1.64275,321
fbba6ee856a06266661a27c787945e6f,Localization Stability,TF,Jump Angular,-0.00210665,322
fbba6ee856a06266661a27c787945e6f,Localization Stability,TF,Jump Linear,0.0441102,322
fbba6ee856a06266661a27c787945e6f,Input Validity,Lidar,Lidar Rate,10,321.12
fbba6ee856a06266661a27c787945e6f,Input Validity,Odometry,Odometry Rate,50,321.12
fbba6ee856a06266661a27c787945e6f,Input Validity,TF,TF Rate,10,321.12
fbba6ee856a06266661a27c787945e6f,Localization Stability,TF,Jump Angular,0,322.1
fbba6ee856a06266661a27c787945e6f,Localization Stability,TF,Jump Linear,0,322.1
fbba6ee856a06266661a27c787945e6f,Input Validity,Lidar,Lidar Rate,10,321.22
fbba6ee856a06266661a27c787945e6f,Input Validity,Odometry,Odometry Rate,50,321.22
fbba6ee856a06266661a27c787945e6f,Input Validity,TF,TF Rate,10,321.22
fbba6ee856a06266661a27c787945e6f,Localization Stability,TF,Jump Angular,0,322.2
fbba6ee856a06266661a27c787945e6f,Localization Stability,TF,Jump Linear,0,322.2
fbba6ee856a06266661a27c787945e6f,Input Validity,Lidar,Lidar Rate,10,321.32
fbba6ee856a06266661a27c787945e6f,Input Validity,Odometry,Odometry Rate,50,321.32
fbba6ee856a06266661a27c787945e6f,Input Validity,TF,TF Rate,10,321.32
fbba6ee856a06266661a27c787945e6f,Localization Quality,AMCLPose,CovYawYaw,0.00685404,321.3
fbba6ee856a06266661a27c787945e6f,Localization Quality,AMCLPose,CovYY,0.00705262,321.3
fbba6ee856a06266661a27c787945e6f,Localization Quality,AMCLPose,CovXX,0.00443005,321.3
fbba6ee856a06266661a27c787945e6f,Localization Quality,AMCLPose,MeanYaw,0.528893,321.3
fbba6ee856a06266661a27c787945e6f,Localization Quality,AMCLPose,MeanY,-0.7247,321.3
fbba6ee856a06266661a27c787945e6f,Localization Quality,AMCLPose,MeanX,-1.52559,321.3
fbba6ee856a06266661a27c787945e6f,Localization Stability,TF,Jump Angular,-0.0135686,322.3
fbba6ee856a06266661a27c787945e6f,Localization Stability,TF,Jump Linear,0.283791,322.3
fbba6ee856a06266661a27c787945e6f,Input Validity,Lidar,Lidar Rate,10,321.42
fbba6ee856a06266661a27c787945e6f,Input Validity,Odometry,Odometry Rate,50,321.42
fbba6ee856a06266661a27c787945e6f,Input Validity,TF,TF Rate,10,321.42
fbba6ee856a06266661a27c787945e6f,Localization Stability,TF,Jump Angular,0,322.4
fbba6ee856a06266661a27c787945e6f,Localization Stability,TF,Jump Linear,0,322.4
fbba6ee856a06266661a27c787945e6f,Input Validity,Lidar,Lidar Rate,10,321.52
fbba6ee856a06266661a27c787945e6f,Input Validity,Odometry,Odometry Rate,50,321.52
fbba6ee856a06266661a27c787945e6f,Input Validity,TF,TF Rate,10,321.52
fbba6ee856a06266661a27c787945e6f,Localization Stability,TF,Jump Angular,0,322.5
fbba6ee856a06266661a27c787945e6f,Localization Stability,TF,Jump Linear,0,322.5
fbba6ee856a06266661a27c787945e6f,Input Validity,Lidar,Lidar Rate,10,321.62
fbba6ee856a06266661a27c787945e6f,Input Validity,Odometry,Odometry Rate,50,321.62
fbba6ee856a06266661a27c787945e6f,Input Validity,TF,TF Rate,10,321.62
fbba6ee856a06266661a27c787945e6f,Localization Quality,AMCLPose,CovYawYaw,0.00445335,321.6
fbba6ee856a06266661a27c787945e6f,Localization Quality,AMCLPose,CovYY,0.00761188,321.6
fbba6ee856a06266661a27c787945e6f,Localization Quality,AMCLPose,CovXX,0.00494743,321.6
fbba6ee856a06266661a27c787945e6f,Localization Quality,AMCLPose,MeanYaw,0.50104,321.6
fbba6ee856a06266661a27c787945e6f,Localization Quality,AMCLPose,MeanY,-0.654452,321.6
fbba6ee856a06266661a27c787945e6f,Localization Quality,AMCLPose,MeanX,-1.40822,321.6
fbba6ee856a06266661a27c787945e6f,Localization Stability,TF,Jump Angular,-0.00417183,322.6
fbba6ee856a06266661a27c787945e6f,Localization Stability,TF,Jump Linear,0.0882487,322.6
fbba6ee856a06266661a27c787945e6f,Input Validity,Lidar,Lidar Rate,10,321.72
fbba6ee856a06266661a27c787945e6f,Input Validity,Odometry,Odometry Rate,50,321.72
fbba6ee856a06266661a27c787945e6f,Input Validity,TF,TF Rate,10,321.72
fbba6ee856a06266661a27c787945e6f,Localization Stability,TF,Jump Angular,0,322.7
fbba6ee856a06266661a27c787945e6f,Localization Stability,TF,Jump Linear,0,322.7
fbba6ee856a06266661a27c787945e6f,Input Validity,Lidar,Lidar Rate,10,321.82
fbba6ee856a06266661a27c787945e6f,Input Validity,Odometry,Odometry Rate,50,321.82
fbba6ee856a06266661a27c787945e6f,Input Validity,TF,TF Rate,10,321.82
fbba6ee856a06266661a27c787945e6f,Localization Stability,TF,Jump Angular,0,322.8
fbba6ee856a06266661a27c787945e6f,Localization Stability,TF,Jump Linear,0,322.8
fbba6ee856a06266661a27c787945e6f,Input Validity,Lidar,Lidar Rate,10,321.92
fbba6ee856a06266661a27c787945e6f,Input Validity,Odometry,Odometry Rate,50,321.92
fbba6ee856a06266661a27c787945e6f,Input Validity,TF,TF Rate,10,321.92
fbba6ee856a06266661a27c787945e6f,Localization Quality,AMCLPose,CovYawYaw,0.0034021,321.9
fbba6ee856a06266661a27c787945e6f,Localization Quality,AMCLPose,CovYY,0.00816148,321.9
fbba6ee856a06266661a27c787945e6f,Localization Quality,AMCLPose,CovXX,0.00550837,321.9
fbba6ee856a06266661a27c787945e6f,Localization Quality,AMCLPose,MeanYaw,0.480418,321.9
fbba6ee856a06266661a27c787945e6f,Localization Quality,AMCLPose,MeanY,-0.589931,321.9
fbba6ee856a06266661a27c787945e6f,Localization Quality,AMCLPose,MeanX,-1.29299,321.9
fbba6ee856a06266661a27c787945e6f,Localization Stability,TF,Jump Angular,-0.0013605,322.9
fbba6ee856a06266661a27c787945e6f,Localization Stability,TF,Jump Linear,0.0254287,322.9
fbba6ee856a06266661a27c787945e6f,Input Validity,Lidar,Lidar Rate,10,322.02
fbba6ee856a06266661a27c787945e6f,Input Validity,Odometry,Odometry Rate,50,322.02
fbba6ee856a06266661a27c787945e6f,Input Validity,TF,TF Rate,10,322.02
fbba6ee856a06266661a27c787945e6f,Localization Stability,TF,Jump Angular,0,323
fbba6ee856a06266661a27c787945e6f,Localization Stability,TF,Jump Linear,0,323
fbba6ee856a06266661a27c787945e6f,Input Validity,Lidar,Lidar Rate,10,322.12
fbba6ee856a06266661a27c787945e6f,Input Validity,Odometry,Odometry Rate,50,322.12
fbba6ee856a06266661a27c787945e6f,Input Validity,TF,TF Rate,10,322.12
fbba6ee856a06266661a27c787945e6f,Localization Stability,TF,Jump Angular,0,323.1
fbba6ee856a06266661a27c787945e6f,Localization Stability,TF,Jump Linear,0,323.1
fbba6ee856a06266661a27c787945e6f,Input Validity,Lidar,Lidar Rate,10,322.22
fbba6ee856a06266661a27c787945e6f,Input Validity,Odometry,Odometry Rate,50,322.22
fbba6ee856a06266661a27c787945e6f,Input Validity,TF,TF Rate,10,322.22
fbba6ee856a06266661a27c787945e6f,Localization Quality,AMCLPose,CovYawYaw,0.00275293,322.2
fbba6ee856a06266661a27c787945e6f,Localization Quality,AMCLPose,CovYY,0.00851597,322.2
fbba6ee856a06266661a27c787945e6f,Localization Quality,AMCLPose,CovXX,0.00586524,322.2
fbba6ee856a06266661a27c787945e6f,Localization Quality,AMCLPose,MeanYaw,0.468295,322.2
fbba6ee856a06266661a27c787945e6f,Localization Quality,AMCLPose,MeanY,-0.520486,322.2
fbba6ee856a06266661a27c787945e6f,Localization Quality,AMCLPose,MeanX,-1.17225,322.2
fbba6ee856a06266661a27c787945e6f,Localization Stability,TF,Jump Angular,0.000547278,323.2
fbba6ee856a06266661a27c787945e6f,Localization Stability,TF,Jump Linear,0.00966909,323.2
fbba6ee856a06266661a27c787945e6f,Input Validity,Lidar,Lidar Rate,10,322.31
fbba6ee856a06266661a27c787945e6f,Input Validity,Odometry,Odometry Rate,50,322.31
fbba6ee856a06266661a27c787945e6f,Input Validity,TF,TF Rate,10,322.31
fbba6ee856a06266661a27c787945e6f,Localization Stability,TF,Jump Angular,0,323.3
fbba6ee856a06266661a27c787945e6f,Localization Stability,TF,Jump Linear,0,323.3
fbba6ee856a06266661a27c787945e6f,Input Validity,Lidar,Lidar Rate,10,322.41
fbba6ee856a06266661a27c787945e6f,Input Validity,Odometry,Odometry Rate,50,322.41
fbba6ee856a06266661a27c787945e6f,Input Validity,TF,TF Rate,10,322.41
fbba6ee856a06266661a27c787945e6f,Localization Stability,TF,Jump Angular,0,323.4
fbba6ee856a06266661a27c787945e6f,Localization Stability,TF,Jump Linear,0,323.4
fbba6ee856a06266661a27c787945e6f,Input Validity,Lidar,Lidar Rate,10,322.51
fbba6ee856a06266661a27c787945e6f,Input Validity,Odometry,Odometry Rate,50,322.51
fbba6ee856a06266661a27c787945e6f,Input Validity,TF,TF Rate,10,322.51
fbba6ee856a06266661a27c787945e6f,Localization Quality,AMCLPose,CovYawYaw,0.00235444,322.5
fbba6ee856a06266661a27c787945e6f,Localization Quality,AMCLPose,CovYY,0.00870713,322.5
fbba6ee856a06266661a27c787945e6f,Localization Quality,AMCLPose,CovXX,0.00636019,322.5
fbba6ee856a06266661a27c787945e6f,Localization Quality,AMCLPose,MeanYaw,0.471586,322.5
fbba6ee856a06266661a27c787945e6f,Localization Quality,AMCLPose,MeanY,-0.450958,322.5
fbba6ee856a06266661a27c787945e6f,Localization Quality,AMCLPose,MeanX,-1.05279,322.5
fbba6ee856a06266661a27c787945e6f,Localization Stability,TF,Jump Angular,-0.000495918,323.5
fbba6ee856a06266661a27c787945e6f,Localization Stability,TF,Jump Linear,0.0157682,323.5
fbba6ee856a06266661a27c787945e6f,Input Validity,Lidar,Lidar Rate,10,322.61
fbba6ee856a06266661a27c787945e6f,Input Validity,Odometry,Odometry Rate,50,322.61
fbba6ee856a06266661a27c787945e6f,Input Validity,TF,TF Rate,10,322.61
fbba6ee856a06266661a27c787945e6f,Localization Stability,TF,Jump Angular,0,323.6
fbba6ee856a06266661a27c787945e6f,Localization Stability,TF,Jump Linear,0,323.6
fbba6ee856a06266661a27c787945e6f,Input Validity,Lidar,Lidar Rate,10,322.71
fbba6ee856a06266661a27c787945e6f,Input Validity,Odometry,Odometry Rate,50,322.71
fbba6ee856a06266661a27c787945e6f,Input Validity,TF,TF Rate,10,322.71
fbba6ee856a06266661a27c787945e6f,Localization Stability,TF,Jump Angular,0,323.7
fbba6ee856a06266661a27c787945e6f,Localization Stability,TF,Jump Linear,0,323.7
fbba6ee856a06266661a27c787945e6f,Input Validity,Lidar,Lidar Rate,10,322.81
fbba6ee856a06266661a27c787945e6f,Input Validity,Odometry,Odometry Rate,50,322.81
fbba6ee856a06266661a27c787945e6f,Input Validity,TF,TF Rate,10,322.81
fbba6ee856a06266661a27c787945e6f,Localization Quality,AMCLPose,CovYawYaw,0.00246345,322.8
fbba6ee856a06266661a27c787945e6f,Localization Quality,AMCLPose,CovYY,0.00848917,322.8
fbba6ee856a06266661a27c787945e6f,Localization Quality,AMCLPose,CovXX,0.00658696,322.8
fbba6ee856a06266661a27c787945e6f,Localization Quality,AMCLPose,MeanYaw,0.473262,322.8
fbba6ee856a06266661a27c787945e6f,Localization Quality,AMCLPose,MeanY,-0.381537,322.8
fbba6ee856a06266661a27c787945e6f,Localization Quality,AMCLPose,MeanX,-0.933789,322.8
fbba6ee856a06266661a27c787945e6f,Localization Stability,TF,Jump Angular,0.000609458,323.8
fbba6ee856a06266661a27c787945e6f,Localization Stability,TF,Jump Linear,0.0121781,323.8
fbba6ee856a06266661a27c787945e6f,Input Validity,Lidar,Lidar Rate,10,322.91
fbba6ee856a06266661a27c787945e6f,Input Validity,Odometry,Odometry Rate,50,322.91
fbba6ee856a06266661a27c787945e6f,Input Validity,TF,TF Rate,10,322.91
fbba6ee856a06266661a27c787945e6f,Localization Stability,TF,Jump Angular,0,323.9
fbba6ee856a06266661a27c787945e6f,Localization Stability,TF,Jump Linear,0,323.9
fbba6ee856a06266661a27c787945e6f,Input Validity,Lidar,Lidar Rate,10,323.01
fbba6ee856a06266661a27c787945e6f,Input Validity,Odometry,Odometry Rate,50,323.01
fbba6ee856a06266661a27c787945e6f,Input Validity,TF,TF Rate,10,323.01
fbba6ee856a06266661a27c787945e6f,Localization Stability,TF,Jump Angular,0,324
fbba6ee856a06266661a27c787945e6f,Localization Stability,TF,Jump Linear,0,324
fbba6ee856a06266661a27c787945e6f,Input Validity,Lidar,Lidar Rate,10,323.11
fbba6ee856a06266661a27c787945e6f,Input Validity,Odometry,Odometry Rate,50,323.11
fbba6ee856a06266661a27c787945e6f,Input Validity,TF,TF Rate,10,323.11
fbba6ee856a06266661a27c787945e6f,Localization Quality,AMCLPose,CovYawYaw,0.00232534,323.1
fbba6ee856a06266661a27c787945e6f,Localization Quality,AMCLPose,CovYY,0.00869037,323.1
fbba6ee856a06266661a27c787945e6f,Localization Quality,AMCLPose,CovXX,0.0070727,323.1
fbba6ee856a06266661a27c787945e6f,Localization Quality,AMCLPose,MeanYaw,0.463704,323.1
fbba6ee856a06266661a27c787945e6f,Localization Quality,AMCLPose,MeanY,-0.317877,323.1
fbba6ee856a06266661a27c787945e6f,Localization Quality,AMCLPose,MeanX,-0.818259,323.1
fbba6ee856a06266661a27c787945e6f,Localization Stability,TF,Jump Angular,0.00177967,324.1
fbba6ee856a06266661a27c787945e6f,Localization Stability,TF,Jump Linear,0.0400608,324.1
fbba6ee856a06266661a27c787945e6f,Input Validity,Lidar,Lidar Rate,10,323.21
fbba6ee856a06266661a27c787945e6f,Input Validity,Odometry,Odometry Rate,50,323.21
fbba6ee856a06266661a27c787945e6f,Input Validity,TF,TF Rate,10,323.21
fbba6ee856a06266661a27c787945e6f,Localization Stability,TF,Jump Angular,0,324.2
fbba6ee856a06266661a27c787945e6f,Localization Stability,TF,Jump Linear,0,324.2
fbba6ee856a06266661a27c787945e6f,Input Validity,Lidar,Lidar Rate,10,323.31
fbba6ee856a06266661a27c787945e6f,Input Validity,Odometry,Odometry Rate,50,323.31
fbba6ee856a06266661a27c787945e6f,Input Validity,TF,TF Rate,10,323.31
fbba6ee856a06266661a27c787945e6f,Localization Stability,TF,Jump Angular,0,324.3
fbba6ee856a06266661a27c787945e6f,Localization Stability,TF,Jump Linear,0,324.3
fbba6ee856a06266661a27c787945e6f,Input Validity,Lidar,Lidar Rate,10,323.41
fbba6ee856a06266661a27c787945e6f,Input Validity,Odometry,Odometry Rate,50,323.41
fbba6ee856a06266661a27c787945e6f,Input Validity,TF,TF Rate,10,323.41
fbba6ee856a06266661a27c787945e6f,Localization Quality,AMCLPose,CovYawYaw,0.00242818,323.4
fbba6ee856a06266661a27c787945e6f,Localization Quality,AMCLPose,CovYY,0.00866038,323.4
fbba6ee856a06266661a27c787945e6f,Localization Quality,AMCLPose,CovXX,0.00754422,323.4
fbba6ee856a06266661a27c787945e6f,Localization Quality,AMCLPose,MeanYaw,0.444125,323.4
fbba6ee856a06266661a27c787945e6f,Localization Quality,AMCLPose,MeanY,-0.254044,323.4
fbba6ee856a06266661a27c787945e6f,Localization Quality,AMCLPose,MeanX,-0.703082,323.4
fbba6ee856a06266661a27c787945e6f,Localization Stability,TF,Jump Angular,-0.00104706,324.4
fbba6ee856a06266661a27c787945e6f,Localization Stability,TF,Jump Linear,0.0202722,324.4
fbba6ee856a06266661a27c787945e6f,Input Validity,Lidar,Lidar Rate,10,323.51
fbba6ee856a06266661a27c787945e6f,Input Validity,Odometry,Odometry Rate,50,323.51
fbba6ee856a06266661a27c787945e6f,Input Validity,TF,TF Rate,10,323.51
fbba6ee856a06266661a27c787945e6f,Localization Stability,TF,Jump Angular,0,324.5
fbba6ee856a06266661a27c787945e6f,Localization Stability,TF,Jump Linear,0,324.5
fbba6ee856a06266661a27c787945e6f,Input Validity,Lidar,Lidar Rate,10,323.61
fbba6ee856a06266661a27c787945e6f,Input Validity,Odometry,Odometry Rate,50,323.61
fbba6ee856a06266661a27c787945e6f,Input Validity,TF,TF Rate,10,323.61
fbba6ee856a06266661a27c787945e6f,Localization Stability,TF,Jump Angular,0,324.6
fbba6ee856a06266661a27c787945e6f,Localization Stability,TF,Jump Linear,0,324.6
fbba6ee856a06266661a27c787945e6f,Input Validity,Lidar,Lidar Rate,10,323.71
fbba6ee856a06266661a27c787945e6f,Input Validity,Odometry,Odometry Rate,50,323.71
fbba6ee856a06266661a27c787945e6f,Input Validity,TF,TF Rate,10,323.71
fbba6ee856a06266661a27c787945e6f,Localization Quality,AMCLPose,CovYawYaw,0.00233773,323.7
fbba6ee856a06266661a27c787945e6f,Localization Quality,AMCLPose,CovYY,0.00879462,323.7
fbba6ee856a06266661a27c787945e6f,Localization Quality,AMCLPose,CovXX,0.00756201,323.7
fbba6ee856a06266661a27c787945e6f,Localization Quality,AMCLPose,MeanYaw,0.440938,323.7
fbba6ee856a06266661a27c787945e6f,Localization Quality,AMCLPose,MeanY,-0.189744,323.7
fbba6ee856a06266661a27c787945e6f,Localization Quality,AMCLPose,MeanX,-0.585371,323.7
fbba6ee856a06266661a27c787945e6f,Localization Stability,TF,Jump Angular,-0.000689361,324.7
fbba6ee856a06266661a27c787945e6f,Localization Stability,TF,Jump Linear,0.0161606,324.7
fbba6ee856a06266661a27c787945e6f,Input Validity,Lidar,Lidar Rate,10,323.81
fbba6ee856a06266661a27c787945e6f,Input Validity,Odometry,Odometry Rate,50,323.81
fbba6ee856a06266661a27c787945e6f,Input Validity,TF,TF Rate,10,323.81
fbba6ee856a06266661a27c787945e6f,Localization Stability,TF,Jump Angular,0,324.8
fbba6ee856a06266661a27c787945e6f,Localization Stability,TF,Jump Linear,0,324.8
fbba6ee856a06266661a27c787945e6f,Input Validity,Lidar,Lidar Rate,10,323.91
fbba6ee856a06266661a27c787945e6f,Input Validity,Odometry,Odometry Rate,50,323.91
fbba6ee856a06266661a27c787945e6f,Input Validity,TF,TF Rate,10,323.91
fbba6ee856a06266661a27c787945e6f,Localization Stability,TF,Jump Angular,0,324.9
fbba6ee856a06266661a27c787945e6f,Localization Stability,TF,Jump Linear,0,324.9
fbba6ee856a06266661a27c787945e6f,Input Validity,Lidar,Lidar Rate,10,324
fbba6ee856a06266661a27c787945e6f,Input Validity,Odometry,Odometry Rate,50,324
fbba6ee856a06266661a27c787945e6f,Input Validity,TF,TF Rate,10,324
fbba6ee856a06266661a27c787945e6f,Localization Quality,AMCLPose,CovYawYaw,0.00242557,324
fbba6ee856a06266661a27c787945e6f,Localization Quality,AMCLPose,CovYY,0.00945187,324
fbba6ee856a06266661a27c787945e6f,Localization Quality,AMCLPose,CovXX,0.007399,324
fbba6ee856a06266661a27c787945e6f,Localization Quality,AMCLPose,MeanYaw,0.455806,324
fbba6ee856a06266661a27c787945e6f,Localization Quality,AMCLPose,MeanY,-0.125646,324
fbba6ee856a06266661a27c787945e6f,Localization Quality,AMCLPose,MeanX,-0.468679,324
fbba6ee856a06266661a27c787945e6f,Localization Stability,TF,Jump Angular,0.00494822,325
fbba6ee856a06266661a27c787945e6f,Localization Stability,TF,Jump Linear,0.104391,325
fbba6ee856a06266661a27c787945e6f,Input Validity,Lidar,Lidar Rate,10,324.1
fbba6ee856a06266661a27c787945e6f,Input Validity,Odometry,Odometry Rate,50,324.1
fbba6ee856a06266661a27c787945e6f,Input Validity,TF,TF Rate,10,324.1
fbba6ee856a06266661a27c787945e6f,Localization Stability,TF,Jump Angular,0,325.1
fbba6ee856a06266661a27c787945e6f,Localization Stability,TF,Jump Linear,0,325.1
fbba6ee856a06266661a27c787945e6f,Input Validity,Lidar,Lidar Rate,10,324.2
fbba6ee856a06266661a27c787945e6f,Input Validity,Odometry,Odometry Rate,50,324.2
fbba6ee856a06266661a27c787945e6f,Input Validity,TF,TF Rate,10,324.2
fbba6ee856a06266661a27c787945e6f,Localization Stability,TF,Jump Angular,0,325.2
fbba6ee856a06266661a27c787945e6f,Localization Stability,TF,Jump Linear,0,325.2
fbba6ee856a06266661a27c787945e6f,Input Validity,Lidar,Lidar Rate,10,324.3
fbba6ee856a06266661a27c787945e6f,Input Validity,Odometry,Odometry Rate,50,324.3
fbba6ee856a06266661a27c787945e6f,Input Validity,TF,TF Rate,10,324.3
fbba6ee856a06266661a27c787945e6f,Localization Quality,AMCLPose,CovYawYaw,0.00246268,324.3
fbba6ee856a06266661a27c787945e6f,Localization Quality,AMCLPose,CovYY,0.00977661,324.3
fbba6ee856a06266661a27c787945e6f,Localization Quality,AMCLPose,CovXX,0.0076497,324.3
fbba6ee856a06266661a27c787945e6f,Localization Quality,AMCLPose,MeanYaw,0.42902,324.3
fbba6ee856a06266661a27c787945e6f,Localization Quality,AMCLPose,MeanY,-0.0596346,324.3
fbba6ee856a06266661a27c787945e6f,Localization Quality,AMCLPose,MeanX,-0.354421,324.3
fbba6ee856a06266661a27c787945e6f,Localization Stability,TF,Jump Angular,0.00393159,325.3
fbba6ee856a06266661a27c787945e6f,Localization Stability,TF,Jump Linear,0.0846161,325.3
fbba6ee856a06266661a27c787945e6f,Input Validity,Lidar,Lidar Rate,10,324.4
fbba6ee856a06266661a27c787945e6f,Input Validity,Odometry,Odometry Rate,50,324.4
fbba6ee856a06266661a27c787945e6f,Input Validity,TF,TF Rate,10,324.4
fbba6ee856a06266661a27c787945e6f,Localization Stability,TF,Jump Angular,0,325.4
fbba6ee856a06266661a27c787945e6f,Localization Stability,TF,Jump Linear,0,325.4
fbba6ee856a06266661a27c787945e6f,Input Validity,Lidar,Lidar Rate,10,324.5
fbba6ee856a06266661a27c787945e6f,Input Validity,Odometry,Odometry Rate,50,324.5
fbba6ee856a06266661a27c787945e6f,Input Validity,TF,TF Rate,10,324.5
fbba6ee856a06266661a27c787945e6f,Localization Stability,TF,Jump Angular,0,325.5
fbba6ee856a06266661a27c787945e6f,Localization Stability,TF,Jump Linear,0,325.5
fbba6ee856a06266661a27c787945e6f,Input Validity,Lidar,Lidar Rate,10,324.6
fbba6ee856a06266661a27c787945e6f,Input Validity,Odometry,Odometry Rate,50,324.6
fbba6ee856a06266661a27c787945e6f,Input Validity,TF,TF Rate,10,324.6
fbba6ee856a06266661a27c787945e6f,Localization Quality,AMCLPose,CovYawYaw,0.00253558,324.6
fbba6ee856a06266661a27c787945e6f,Localization Quality,AMCLPose,CovYY,0.0104757,324.6
fbba6ee856a06266661a27c787945e6f,Localization Quality,AMCLPose,CovXX,0.00800751,324.6
fbba6ee856a06266661a27c787945e6f,Localization Quality,AMCLPose,MeanYaw,0.382591,324.6
fbba6ee856a06266661a27c787945e6f,Localization Quality,AMCLPose,MeanY,-7.10891e-06,324.6
fbba6ee856a06266661a27c787945e6f,Localization Quality,AMCLPose,MeanX,-0.239409,324.6
fbba6ee856a06266661a27c787945e6f,Localization Stability,TF,Jump Angular,0.00205796,325.6
fbba6ee856a06266661a27c787945e6f,Localization Stability,TF,Jump Linear,0.0480553,325.6
fbba6ee856a06266661a27c787945e6f,Input Validity,Lidar,Lidar Rate,10,324.7
fbba6ee856a06266661a27c787945e6f,Input Validity,Odometry,Odometry Rate,50,324.7
fbba6ee856a06266661a27c787945e6f,Input Validity,TF,TF Rate,10,324.7
fbba6ee856a06266661a27c787945e6f,Localization Stability,TF,Jump Angular,0,325.7
fbba6ee856a06266661a27c787945e6f,Localization Stability,TF,Jump Linear,0,325.7
fbba6ee856a06266661a27c787945e6f,Input Validity,Lidar,Lidar Rate,10,324.8
fbba6ee856a06266661a27c787945e6f,Input Validity,Odometry,Odometry Rate,50,324.8
fbba6ee856a06266661a27c787945e6f,Input Validity,TF,TF Rate,10,324.8
fbba6ee856a06266661a27c787945e6f,Localization Stability,TF,Jump Angular,0,325.8
fbba6ee856a06266661a27c787945e6f,Localization Stability,TF,Jump Linear,0,325.8
fbba6ee856a06266661a27c787945e6f,Input Validity,Lidar,Lidar Rate,10,324.9
fbba6ee856a06266661a27c787945e6f,Input Validity,Odometry,Odometry Rate,50,324.9
fbba6ee856a06266661a27c787945e6f,Input Validity,TF,TF Rate,10,324.9
fbba6ee856a06266661a27c787945e6f,Localization Quality,AMCLPose,CovYawYaw,0.00276839,324.9
fbba6ee856a06266661a27c787945e6f,Localization Quality,AMCLPose,CovYY,0.0105432,324.9
fbba6ee856a06266661a27c787945e6f,Localization Quality,AMCLPose,CovXX,0.00822829,324.9
fbba6ee856a06266661a27c787945e6f,Localization Quality,AMCLPose,MeanYaw,0.368156,324.9
fbba6ee856a06266661a27c787945e6f,Localization Quality,AMCLPose,MeanY,0.0524297,324.9
fbba6ee856a06266661a27c787945e6f,Localization Quality,AMCLPose,MeanX,-0.126326,324.9
fbba6ee856a06266661a27c787945e6f,Localization Stability,TF,Jump Angular,0.00270021,325.9
fbba6ee856a06266661a27c787945e6f,Localization Stability,TF,Jump Linear,0.0657433,325.9
fbba6ee856a06266661a27c787945e6f,Input Validity,Lidar,Lidar Rate,10,325
fbba6ee856a06266661a27c787945e6f,Input Validity,Odometry,Odometry Rate,50,325
fbba6ee856a06266661a27c787945e6f,Input Validity,TF,TF Rate,10,325
fbba6ee856a06266661a27c787945e6f,Localization Stability,TF,Jump Angular,0,326
fbba6ee856a06266661a27c787945e6f,Localization Stability,TF,Jump Linear,0,326
fbba6ee856a06266661a27c787945e6f,Input Validity,Lidar,Lidar Rate,10,325.1
fbba6ee856a06266661a27c787945e6f,Input Validity,Odometry,Odometry Rate,50,325.1
fbba6ee856a06266661a27c787945e6f,Input Validity,TF,TF Rate,10,325.1
fbba6ee856a06266661a27c787945e6f,Localization Stability,TF,Jump Angular,0,326.1
fbba6ee856a06266661a27c787945e6f,Localization Stability,TF,Jump Linear,0,326.1
fbba6ee856a06266661a27c787945e6f,Input Validity,Lidar,Lidar Rate,10,325.2
fbba6ee856a06266661a27c787945e6f,Input Validity,Odometry,Odometry Rate,50,325.2
fbba6ee856a06266661a27c787945e6f,Input Validity,TF,TF Rate,10,325.2
fbba6ee856a06266661a27c787945e6f,Localization Quality,AMCLPose,CovYawYaw,0.00280137,325.2
fbba6ee856a06266661a27c787945e6f,Localization Quality,AMCLPose,CovYY,0.00998789,325.2
fbba6ee856a06266661a27c787945e6f,Localization Quality,AMCLPose,CovXX,0.00784392,325.2
fbba6ee856a06266661a27c787945e6f,Localization Quality,AMCLPose,MeanYaw,0.366727,325.2
fbba6ee856a06266661a27c787945e6f,Localization Quality,AMCLPose,MeanY,0.103488,325.2
fbba6ee856a06266661a27c787945e6f,Localization Quality,AMCLPose,MeanX,-0.0182691,325.2
fbba6ee856a06266661a27c787945e6f,Localization Stability,TF,Jump Angular,-0.0011956,326.2
fbba6ee856a06266661a27c787945e6f,Localization Stability,TF,Jump Linear,0.0167304,326.2
fbba6ee856a06266661a27c787945e6f,Input Validity,Lidar,Lidar Rate,10,325.3
fbba6ee856a06266661a27c787945e6f,Input Validity,Odometry,Odometry Rate,50,325.3
fbba6ee856a06266661a27c787945e6f,Input Validity,TF,TF Rate,10,325.3
fbba6ee856a06266661a27c787945e6f,Localization Stability,TF,Jump Angular,0,326.3
fbba6ee856a06266661a27c787945e6f,Localization Stability,TF,Jump Linear,0,326.3
fbba6ee856a06266661a27c787945e6f,Input Validity,Lidar,Lidar Rate,10,325.4
fbba6ee856a06266661a27c787945e6f,Input Validity,Odometry,Odometry Rate,50,325.4
fbba6ee856a06266661a27c787945e6f,Input Validity,TF,TF Rate,10,325.4
fbba6ee856a06266661a27c787945e6f,Localization Stability,TF,Jump Angular,0,326.4
fbba6ee856a06266661a27c787945e6f,Localization Stability,TF,Jump Linear,0,326.4
fbba6ee856a06266661a27c787945e6f,Input Validity,Lidar,Lidar Rate,10,325.5
fbba6ee856a06266661a27c787945e6f,Input Validity,Odometry,Odometry Rate,50,325.5
fbba6ee856a06266661a27c787945e6f,Input Validity,TF,TF Rate,10,325.5
fbba6ee856a06266661a27c787945e6f,Localization Quality,AMCLPose,CovYawYaw,0.0042042,325.5
fbba6ee856a06266661a27c787945e6f,Localization Quality,AMCLPose,CovYY,0.011023,325.5
fbba6ee856a06266661a27c787945e6f,Localization Quality,AMCLPose,CovXX,0.00776158,325.5
fbba6ee856a06266661a27c787945e6f,Localization Quality,AMCLPose,MeanYaw,0.310736,325.5
fbba6ee856a06266661a27c787945e6f,Localization Quality,AMCLPose,MeanY,0.155201,325.5
fbba6ee856a06266661a27c787945e6f,Localization Quality,AMCLPose,MeanX,0.0956092,325.5
fbba6ee856a06266661a27c787945e6f,Localization Stability,TF,Jump Angular,0.0127488,326.5
fbba6ee856a06266661a27c787945e6f,Localization Stability,TF,Jump Linear,0.27403,326.5
fbba6ee856a06266661a27c787945e6f,Input Validity,Lidar,Lidar Rate,10,325.6
fbba6ee856a06266661a27c787945e6f,Input Validity,Odometry,Odometry Rate,50,325.6
fbba6ee856a06266661a27c787945e6f,Input Validity,TF,TF Rate,10,325.6
fbba6ee856a06266661a27c787945e6f,Localization Stability,TF,Jump Angular,0,326.6
fbba6ee856a06266661a27c787945e6f,Localization Stability,TF,Jump Linear,0,326.6
fbba6ee856a06266661a27c787945e6f,Input Validity,Lidar,Lidar Rate,10,325.7
fbba6ee856a06266661a27c787945e6f,Input Validity,Odometry,Odometry Rate,50,325.7
fbba6ee856a06266661a27c787945e6f,Input Validity,TF,TF Rate,10,325.7
fbba6ee856a06266661a27c787945e6f,Localization Stability,TF,Jump Angular,0,326.7
fbba6ee856a06266661a27c787945e6f,Localization Stability,TF,Jump Linear,0,326.7
fbba6ee856a06266661a27c787945e6f,Input Validity,Lidar,Lidar Rate,10,325.79
fbba6ee856a06266661a27c787945e6f,Input Validity,Odometry,Odometry Rate,50,325.79
fbba6ee856a06266661a27c787945e6f,Input Validity,TF,TF Rate,10,325.79
fbba6ee856a06266661a27c787945e6f,Localization Quality,AMCLPose,CovYawYaw,0.00542787,325.8
fbba6ee856a06266661a27c787945e6f,Localization Quality,AMCLPose,CovYY,0.0125682,325.8
fbba6ee856a06266661a27c787945e6f,Localization Quality,AMCLPose,CovXX,0.00733007,325.8
fbba6ee856a06266661a27c787945e6f,Localization Quality,AMCLPose,MeanYaw,0.283817,325.8
fbba6ee856a06266661a27c787945e6f,Localization Quality,AMCLPose,MeanY,0.200902,325.8
fbba6ee856a06266661a27c787945e6f,Localization Quality,AMCLPose,MeanX,0.209546,325.8
fbba6ee856a06266661a27c787945e6f,Localization Stability,TF,Jump Angular,0.00925007,326.8
fbba6ee856a06266661a27c787945e6f,Localization Stability,TF,Jump Linear,0.202903,326.8
fbba6ee856a06266661a27c787945e6f,Input Validity,Lidar,Lidar Rate,10,325.89
fbba6ee856a06266661a27c787945e6f,Input Validity,Odometry,Odometry Rate,50,325.89
fbba6ee856a06266661a27c787945e6f,Input Validity,TF,TF Rate,10,325.89
fbba6ee856a06266661a27c787945e6f,Localization Stability,TF,Jump Angular,0,326.9
fbba6ee856a06266661a27c787945e6f,Localization Stability,TF,Jump Linear,0,326.9
fbba6ee856a06266661a27c787945e6f,Input Validity,Lidar,Lidar Rate,10,325.99
fbba6ee856a06266661a27c787945e6f,Input Validity,Odometry,Odometry Rate,50,325.99
fbba6ee856a06266661a27c787945e6f,Input Validity,TF,TF Rate,10,325.99
fbba6ee856a06266661a27c787945e6f,Localization Stability,TF,Jump Angular,0,327
fbba6ee856a06266661a27c787945e6f,Localization Stability,TF,Jump Linear,0,327
fbba6ee856a06266661a27c787945e6f,Input Validity,Lidar,Lidar Rate,10,326.09
fbba6ee856a06266661a27c787945e6f,Input Validity,Odometry,Odometry Rate,50,326.09
fbba6ee856a06266661a27c787945e6f,Input Validity,TF,TF Rate,10,326.09
fbba6ee856a06266661a27c787945e6f,Localization Quality,AMCLPose,CovYawYaw,0.00630276,326.1
fbba6ee856a06266661a27c787945e6f,Localization Quality,AMCLPose,CovYY,0.0143842,326.1
fbba6ee856a06266661a27c787945e6f,Localization Quality,AMCLPose,CovXX,0.0071045,326.1
fbba6ee856a06266661a27c787945e6f,Localization Quality,AMCLPose,MeanYaw,0.289661,326.1
fbba6ee856a06266661a27c787945e6f,Localization Quality,AMCLPose,MeanY,0.249308,326.1
fbba6ee856a06266661a27c787945e6f,Localization Quality,AMCLPose,MeanX,0.326265,326.1
fbba6ee856a06266661a27c787945e6f,Localization Stability,TF,Jump Angular,0.0130973,327.1
fbba6ee856a06266661a27c787945e6f,Localization Stability,TF,Jump Linear,0.279539,327.1
fbba6ee856a06266661a27c787945e6f,Input Validity,Lidar,Lidar Rate,10,326.19
fbba6ee856a06266661a27c787945e6f,Input Validity,Odometry,Odometry Rate,50,326.19
fbba6ee856a06266661a27c787945e6f,Input Validity,TF,TF Rate,10,326.19
fbba6ee856a06266661a27c787945e6f,Localization Stability,TF,Jump Angular,0,327.2
fbba6ee856a06266661a27c787945e6f,Localization Stability,TF,Jump Linear,0,327.2
fbba6ee856a06266661a27c787945e6f,Input Validity,Lidar,Lidar Rate,10,326.29
fbba6ee856a06266661a27c787945e6f,Input Validity,Odometry,Odometry Rate,50,326.29
fbba6ee856a06266661a27c787945e6f,Input Validity,TF,TF Rate,10,326.29
fbba6ee856a06266661a27c787945e6f,Localization Stability,TF,Jump Angular,0,327.3
fbba6ee856a06266661a27c787945e6f,Localization Stability,TF,Jump Linear,0,327.3
fbba6ee856a06266661a27c787945e6f,Input Validity,Lidar,Lidar Rate,10,326.39
fbba6ee856a06266661a27c787945e6f,Input Validity,Odometry,Odometry Rate,50,326.39
fbba6ee856a06266661a27c787945e6f,Input Validity,TF,TF Rate,10,326.39
fbba6ee856a06266661a27c787945e6f,Localization Quality,AMCLPose,CovYawYaw,0.00614912,326.4
fbba6ee856a06266661a27c787945e6f,Localization Quality,AMCLPose,CovYY,0.0158927,326.4
fbba6ee856a06266661a27c787945e6f,Localization Quality,AMCLPose,CovXX,0.00668225,326.4
fbba6ee856a06266661a27c787945e6f,Localization Quality,AMCLPose,MeanYaw,0.243777,326.4
fbba6ee856a06266661a27c787945e6f,Localization Quality,AMCLPose,MeanY,0.293098,326.4
fbba6ee856a06266661a27c787945e6f,Localization Quality,AMCLPose,MeanX,0.44851,326.4
fbba6ee856a06266661a27c787945e6f,Localization Stability,TF,Jump Angular,0.00859383,327.4
fbba6ee856a06266661a27c787945e6f,Localization Stability,TF,Jump Linear,0.182877,327.4
fbba6ee856a06266661a27c787945e6f,Input Validity,Lidar,Lidar Rate,10,326.49
fbba6ee856a06266661a27c787945e6f,Input Validity,Odometry,Odometry Rate,50,326.49
fbba6ee856a06266661a27c787945e6f,Input Validity,TF,TF Rate,10,326.49
fbba6ee856a06266661a27c787945e6f,Localization Stability,TF,Jump Angular,0,327.5
fbba6ee856a06266661a27c787945e6f,Localization Stability,TF,Jump Linear,0,327.5
fbba6ee856a06266661a27c787945e6f,Input Validity,Lidar,Lidar Rate,10,326.59
fbba6ee856a06266661a27c787945e6f,Input Validity,Odometry,Odometry Rate,50,326.59
fbba6ee856a06266661a27c787945e6f,Input Validity,TF,TF Rate,10,326.59
fbba6ee856a06266661a27c787945e6f,Localization Stability,TF,Jump Angular,0,327.6
fbba6ee856a06266661a27c787945e6f,Localization Stability,TF,Jump Linear,0,327.6
fbba6ee856a06266661a27c787945e6f,Input Validity,Lidar,Lidar Rate,10,326.69
fbba6ee856a06266661a27c787945e6f,Input Validity,Odometry,Odometry Rate,50,326.69
fbba6ee856a06266661a27c787945e6f,Input Validity,TF,TF Rate,10,326.69
fbba6ee856a06266661a27c787945e6f,Input Validity,Lidar,Lidar Rate,10,326.79
fbba6ee856a06266661a27c787945e6f,Input Validity,Odometry,Odometry Rate,50,326.79
fbba6ee856a06266661a27c787945e6f,Input Validity,TF,TF Rate,10,326.79
fbba6ee856a06266661a27c787945e6f,Localization Quality,AMCLPose,CovYawYaw,0.00661257,326.7
fbba6ee856a06266661a27c787945e6f,Localization Quality,AMCLPose,CovYY,0.0162891,326.7
fbba6ee856a06266661a27c787945e6f,Localization Quality,AMCLPose,CovXX,0.00624343,326.7
fbba6ee856a06266661a27c787945e6f,Localization Quality,AMCLPose,MeanYaw,0.184333,326.7
fbba6ee856a06266661a27c787945e6f,Localization Quality,AMCLPose,MeanY,0.335272,326.7
fbba6ee856a06266661a27c787945e6f,Localization Quality,AMCLPose,MeanX,0.570776,326.7
fbba6ee856a06266661a27c787945e6f,Localization Stability,TF,Jump Angular,0.00880393,327.7
fbba6ee856a06266661a27c787945e6f,Localization Stability,TF,Jump Linear,0.185612,327.7
fbba6ee856a06266661a27c787945e6f,Localization Stability,TF,Jump Angular,0,327.8
fbba6ee856a06266661a27c787945e6f,Localization Stability,TF,Jump Linear,0,327.8
fbba6ee856a06266661a27c787945e6f,Input Validity,Lidar,Lidar Rate,10,326.89
fbba6ee856a06266661a27c787945e6f,Input Validity,Odometry,Odometry Rate,50,326.89
fbba6ee856a06266661a27c787945e6f,Input Validity,TF,TF Rate,10,326.89
fbba6ee856a06266661a27c787945e6f,Localization Stability,TF,Jump Angular,0,327.9
fbba6ee856a06266661a27c787945e6f,Localization Stability,TF,Jump Linear,0,327.9
fbba6ee856a06266661a27c787945e6f,Input Validity,Lidar,Lidar Rate,10,326.99
fbba6ee856a06266661a27c787945e6f,Input Validity,Odometry,Odometry Rate,50,326.99
fbba6ee856a06266661a27c787945e6f,Input Validity,TF,TF Rate,10,326.99
fbba6ee856a06266661a27c787945e6f,Input Validity,Lidar,Lidar Rate,10,327.09
fbba6ee856a06266661a27c787945e6f,Input Validity,Odometry,Odometry Rate,50,327.09
fbba6ee856a06266661a27c787945e6f,Input Validity,TF,TF Rate,10,327.09
fbba6ee856a06266661a27c787945e6f,Localization Quality,AMCLPose,CovYawYaw,0.00721931,327
fbba6ee856a06266661a27c787945e6f,Localization Quality,AMCLPose,CovYY,0.0180724,327
fbba6ee856a06266661a27c787945e6f,Localization Quality,AMCLPose,CovXX,0.00632239,327
fbba6ee856a06266661a27c787945e6f,Localization Quality,AMCLPose,MeanYaw,0.136225,327
fbba6ee856a06266661a27c787945e6f,Localization Quality,AMCLPose,MeanY,0.367599,327
fbba6ee856a06266661a27c787945e6f,Localization Quality,AMCLPose,MeanX,0.696194,327
fbba6ee856a06266661a27c787945e6f,Localization Stability,TF,Jump Angular,0.000963347,328
fbba6ee856a06266661a27c787945e6f,Localization Stability,TF,Jump Linear,0.0237647,328
fbba6ee856a06266661a27c787945e6f,Localization Stability,TF,Jump Angular,0,328.1
fbba6ee856a06266661a27c787945e6f,Localization Stability,TF,Jump Linear,0,328.1
fbba6ee856a06266661a27c787945e6f,Input Validity,Lidar,Lidar Rate,10,327.19
fbba6ee856a06266661a27c787945e6f,Input Validity,Odometry,Odometry Rate,50,327.19
fbba6ee856a06266661a27c787945e6f,Input Validity,TF,TF Rate,10,327.19
fbba6ee856a06266661a27c787945e6f,Localization Stability,TF,Jump Angular,0,328.2
fbba6ee856a06266661a27c787945e6f,Localization Stability,TF,Jump Linear,0,328.2
fbba6ee856a06266661a27c787945e6f,Input Validity,Lidar,Lidar Rate,10,327.29
fbba6ee856a06266661a27c787945e6f,Input Validity,Odometry,Odometry Rate,50,327.29
fbba6ee856a06266661a27c787945e6f,Input Validity,TF,TF Rate,10,327.29
fbba6ee856a06266661a27c787945e6f,Localization Quality,AMCLPose,CovYawYaw,0.00763792,327.3
fbba6ee856a06266661a27c787945e6f,Localization Quality,AMCLPose,CovYY,0.0194876,327.3
fbba6ee856a06266661a27c787945e6f,Localization Quality,AMCLPose,CovXX,0.00596586,327.3
fbba6ee856a06266661a27c787945e6f,Localization Quality,AMCLPose,MeanYaw,0.108324,327.3
fbba6ee856a06266661a27c787945e6f,Localization Quality,AMCLPose,MeanY,0.394753,327.3
fbba6ee856a06266661a27c787945e6f,Localization Quality,AMCLPose,MeanX,0.825431,327.3
fbba6ee856a06266661a27c787945e6f,Localization Stability,TF,Jump Angular,0.00495266,328.3
fbba6ee856a06266661a27c787945e6f,Localization Stability,TF,Jump Linear,0.10269,328.3
fbba6ee856a06266661a27c787945e6f,Input Validity,Lidar,Lidar Rate,10,327.39
fbba6ee856a06266661a27c787945e6f,Input Validity,Odometry,Odometry Rate,50,327.39
fbba6ee856a06266661a27c787945e6f,Input Validity,TF,TF Rate,10,327.39
fbba6ee856a06266661a27c787945e6f,Localization Stability,TF,Jump Angular,0,328.4
fbba6ee856a06266661a27c787945e6f,Localization Stability,TF,Jump Linear,0,328.4
fbba6ee856a06266661a27c787945e6f,Input Validity,Lidar,Lidar Rate,10,327.48
fbba6ee856a06266661a27c787945e6f,Input Validity,Odometry,Odometry Rate,50,327.48
fbba6ee856a06266661a27c787945e6f,Input Validity,TF,TF Rate,10,327.48
fbba6ee856a06266661a27c787945e6f,Localization Stability,TF,Jump Angular,0,328.5
fbba6ee856a06266661a27c787945e6f,Localization Stability,TF,Jump Linear,0,328.5
fbba6ee856a06266661a27c787945e6f,Input Validity,Lidar,Lidar Rate,10,327.58
fbba6ee856a06266661a27c787945e6f,Input Validity,Odometry,Odometry Rate,50,327.58
fbba6ee856a06266661a27c787945e6f,Input Validity,TF,TF Rate,10,327.58
fbba6ee856a06266661a27c787945e6f,Input Validity,Lidar,Lidar Rate,10,327.68
fbba6ee856a06266661a27c787945e6f,Input Validity,Odometry,Odometry Rate,50,327.68
fbba6ee856a06266661a27c787945e6f,Input Validity,TF,TF Rate,10,327.68
fbba6ee856a06266661a27c787945e6f,Localization Quality,AMCLPose,CovYawYaw,0.00775617,327.6
fbba6ee856a06266661a27c787945e6f,Localization Quality,AMCLPose,CovYY,0.0196708,327.6
fbba6ee856a06266661a27c787945e6f,Localization Quality,AMCLPose,CovXX,0.00592025,327.6
fbba6ee856a06266661a27c787945e6f,Localization Quality,AMCLPose,MeanYaw,0.0743507,327.6
fbba6ee856a06266661a27c787945e6f,Localization Quality,AMCLPose,MeanY,0.419353,327.6
fbba6ee856a06266661a27c787945e6f,Localization Quality,AMCLPose,MeanX,0.960877,327.6
fbba6ee856a06266661a27c787945e6f,Localization Stability,TF,Jump Angular,0.00228902,328.6
fbba6ee856a06266661a27c787945e6f,Localization Stability,TF,Jump Linear,0.0410212,328.6
fbba6ee856a06266661a27c787945e6f,Localization Stability,TF,Jump Angular,0,328.7
fbba6ee856a06266661a27c787945e6f,Localization Stability,TF,Jump Linear,0,328.7
fbba6ee856a06266661a27c787945e6f,Input Validity,Lidar,Lidar Rate,10,327.78
fbba6ee856a06266661a27c787945e6f,Input Validity,Odometry,Odometry Rate,50,327.78
fbba6ee856a06266661a27c787945e6f,Input Validity,TF,TF Rate,10,327.78
fbba6ee856a06266661a27c787945e6f,Localization Stability,TF,Jump Angular,0,328.8
fbba6ee856a06266661a27c787945e6f,Localization Stability,TF,Jump Linear,0,328.8
fbba6ee856a06266661a27c787945e6f,Input Validity,Lidar,Lidar Rate,10,327.88
fbba6ee856a06266661a27c787945e6f,Input Validity,Odometry,Odometry Rate,50,327.88
fbba6ee856a06266661a27c787945e6f,Input Validity,TF,TF Rate,10,327.88
fbba6ee856a06266661a27c787945e6f,Input Validity,Lidar,Lidar Rate,10,327.98
fbba6ee856a06266661a27c787945e6f,Input Validity,Odometry,Odometry Rate,50,327.98
fbba6ee856a06266661a27c787945e6f,Input Validity,TF,TF Rate,10,327.98
fbba6ee856a06266661a27c787945e6f,Localization Quality,AMCLPose,CovYawYaw,0.00724793,327.9
fbba6ee856a06266661a27c787945e6f,Localization Quality,AMCLPose,CovYY,0.0184495,327.9
fbba6ee856a06266661a27c787945e6f,Localization Quality,AMCLPose,CovXX,0.00619485,327.9
fbba6ee856a06266661a27c787945e6f,Localization Quality,AMCLPose,MeanYaw,0.0452285,327.9
fbba6ee856a06266661a27c787945e6f,Localization Quality,AMCLPose,MeanY,0.446546,327.9
fbba6ee856a06266661a27c787945e6f,Localization Quality,AMCLPose,MeanX,1.09994,327.9
fbba6ee856a06266661a27c787945e6f,Localization Stability,TF,Jump Angular,0.00221089,328.9
fbba6ee856a06266661a27c787945e6f,Localization Stability,TF,Jump Linear,0.0336767,328.9
fbba6ee856a06266661a27c787945e6f,Localization Stability,TF,Jump Angular,0,329
fbba6ee856a06266661a27c787945e6f,Localization Stability,TF,Jump Linear,0,329
fbba6ee856a06266661a27c787945e6f,Input Validity,Lidar,Lidar Rate,10,328.08
fbba6ee856a06266661a27c787945e6f,Input Validity,Odometry,Odometry Rate,50,328.08
fbba6ee856a06266661a27c787945e6f,Input Validity,TF,TF Rate,10,328.08
fbba6ee856a06266661a27c787945e6f,Localization Stability,TF,Jump Angular,0,329.1
fbba6ee856a06266661a27c787945e6f,Localization Stability,TF,Jump Linear,0,329.1
fbba6ee856a06266661a27c787945e6f,Input Validity,Lidar,Lidar Rate,10,328.18
fbba6ee856a06266661a27c787945e6f,Input Validity,Odometry,Odometry Rate,50,328.18
fbba6ee856a06266661a27c787945e6f,Input Validity,TF,TF Rate,10,328.18
fbba6ee856a06266661a27c787945e6f,Input Validity,Lidar,Lidar Rate,10,328.28
fbba6ee856a06266661a27c787945e6f,Input Validity,Odometry,Odometry Rate,50,328.28
fbba6ee856a06266661a27c787945e6f,Input Validity,TF,TF Rate,10,328.28
fbba6ee856a06266661a27c787945e6f,Localization Quality,AMCLPose,CovYawYaw,0.00707746,328.2
fbba6ee856a06266661a27c787945e6f,Localization Quality,AMCLPose,CovYY,0.0176758,328.2
fbba6ee856a06266661a27c787945e6f,Localization Quality,AMCLPose,CovXX,0.00687498,328.2
fbba6ee856a06266661a27c787945e6f,Localization Quality,AMCLPose,MeanYaw,0.0344081,328.2
fbba6ee856a06266661a27c787945e6f,Localization Quality,AMCLPose,MeanY,0.463597,328.2
fbba6ee856a06266661a27c787945e6f,Localization Quality,AMCLPose,MeanX,1.2381,328.2
fbba6ee856a06266661a27c787945e6f,Localization Stability,TF,Jump Angular,0.00489349,329.2
fbba6ee856a06266661a27c787945e6f,Localization Stability,TF,Jump Linear,0.0950699,329.2
fbba6ee856a06266661a27c787945e6f,Localization Stability,TF,Jump Angular,0,329.3
fbba6ee856a06266661a27c787945e6f,Localization Stability,TF,Jump Linear,0,329.3
fbba6ee856a06266661a27c787945e6f,Input Validity,Lidar,Lidar Rate,10,328.38
fbba6ee856a06266661a27c787945e6f,Input Validity,Odometry,Odometry Rate,50,328.38
fbba6ee856a06266661a27c787945e6f,Input Validity,TF,TF Rate,10,328.38
fbba6ee856a06266661a27c787945e6f,Localization Stability,TF,Jump Angular,0,329.4
fbba6ee856a06266661a27c787945e6f,Localization Stability,TF,Jump Linear,0,329.4
fbba6ee856a06266661a27c787945e6f,Input Validity,Lidar,Lidar Rate,10,328.48
fbba6ee856a06266661a27c787945e6f,Input Validity,Odometry,Odometry Rate,50,328.48
fbba6ee856a06266661a27c787945e6f,Input Validity,TF,TF Rate,10,328.48
fbba6ee856a06266661a27c787945e6f,Localization Quality,AMCLPose,CovYawYaw,0.00676352,328.5
fbba6ee856a06266661a27c787945e6f,Localization Quality,AMCLPose,CovYY,0.0159672,328.5
fbba6ee856a06266661a27c787945e6f,Localization Quality,AMCLPose,CovXX,0.00682345,328.5
fbba6ee856a06266661a27c787945e6f,Localization Quality,AMCLPose,MeanYaw,0.0300149,328.5
fbba6ee856a06266661a27c787945e6f,Localization Quality,AMCLPose,MeanY,0.481772,328.5
fbba6ee856a06266661a27c787945e6f,Localization Quality,AMCLPose,MeanX,1.37283,328.5
fbba6ee856a06266661a27c787945e6f,Localization Stability,TF,Jump Angular,-0.00066467,329.5
fbba6ee856a06266661a27c787945e6f,Localization Stability,TF,Jump Linear,0.0255082,329.5
fbba6ee856a06266661a27c787945e6f,Input Validity,Lidar,Lidar Rate,10,328.58
fbba6ee856a06266661a27c787945e6f,Input Validity,Odometry,Odometry Rate,50,328.58
fbba6ee856a06266661a27c787945e6f,Input Validity,TF,TF Rate,10,328.58
fbba6ee856a06266661a27c787945e6f,Localization Stability,TF,Jump Angular,0,329.6
fbba6ee856a06266661a27c787945e6f,Localization Stability,TF,Jump Linear,0,329.6
fbba6ee856a06266661a27c787945e6f,Input Validity,Lidar,Lidar Rate,10,328.68
fbba6ee856a06266661a27c787945e6f,Input Validity,Odometry,Odometry Rate,50,328.68
fbba6ee856a06266661a27c787945e6f,Input Validity,TF,TF Rate,10,328.68
fbba6ee856a06266661a27c787945e6f,Localization Stability,TF,Jump Angular,0,329.7
fbba6ee856a06266661a27c787945e6f,Localization Stability,TF,Jump Linear,0,329.7
fbba6ee856a06266661a27c787945e6f,Input Validity,Lidar,Lidar Rate,10,328.78
fbba6ee856a06266661a27c787945e6f,Input Validity,Odometry,Odometry Rate,50,328.78
fbba6ee856a06266661a27c787945e6f,Input Validity,TF,TF Rate,10,328.78
fbba6ee856a06266661a27c787945e6f,Localization Quality,AMCLPose,CovYawYaw,0.0056739,328.8
fbba6ee856a06266661a27c787945e6f,Localization Quality,AMCLPose,CovYY,0.0143659,328.8
fbba6ee856a06266661a27c787945e6f,Localization Quality,AMCLPose,CovXX,0.00649785,328.8
fbba6ee856a06266661a27c787945e6f,Localization Quality,AMCLPose,MeanYaw,0.0242186,328.8
fbba6ee856a06266661a27c787945e6f,Localization Quality,AMCLPose,MeanY,0.496699,328.8
fbba6ee856a06266661a27c787945e6f,Localization Quality,AMCLPose,MeanX,1.51165,328.8
fbba6ee856a06266661a27c787945e6f,Localization Stability,TF,Jump Angular,0.00288326,329.8
fbba6ee856a06266661a27c787945e6f,Localization Stability,TF,Jump Linear,0.0523768,329.8
fbba6ee856a06266661a27c787945e6f,Input Validity,Lidar,Lidar Rate,10,328.88
fbba6ee856a06266661a27c787945e6f,Input Validity,Odometry,Odometry Rate,50,328.88
fbba6ee856a06266661a27c787945e6f,Input Validity,TF,TF Rate,10,328.88
fbba6ee856a06266661a27c787945e6f,Localization Stability,TF,Jump Angular,0,329.9
fbba6ee856a06266661a27c787945e6f,Localization Stability,TF,Jump Linear,0,329.9
fbba6ee856a06266661a27c787945e6f,Input Validity,Lidar,Lidar Rate,10,328.98
fbba6ee856a06266661a27c787945e6f,Input Validity,Odometry,Odometry Rate,50,328.98
fbba6ee856a06266661a27c787945e6f,Input Validity,TF,TF Rate,10,328.98
fbba6ee856a06266661a27c787945e6f,Localization Stability,TF,Jump Angular,0,330
fbba6ee856a06266661a27c787945e6f,Localization Stability,TF,Jump Linear,0,330
fbba6ee856a06266661a27c787945e6f,Input Validity,Lidar,Lidar Rate,10,329.08
fbba6ee856a06266661a27c787945e6f,Input Validity,Odometry,Odometry Rate,50,329.08
fbba6ee856a06266661a27c787945e6f,Input Validity,TF,TF Rate,10,329.08
fbba6ee856a06266661a27c787945e6f,Input Validity,Lidar,Lidar Rate,10,329.18
fbba6ee856a06266661a27c787945e6f,Input Validity,Odometry,Odometry Rate,50,329.18
fbba6ee856a06266661a27c787945e6f,Input Validity,TF,TF Rate,10,329.18
fbba6ee856a06266661a27c787945e6f,Localization Quality,AMCLPose,CovYawYaw,0.00611037,329.1
fbba6ee856a06266661a27c787945e6f,Localization Quality,AMCLPose,CovYY,0.0139381,329.1
fbba6ee856a06266661a27c787945e6f,Localization Quality,AMCLPose,CovXX,0.00644227,329.1
fbba6ee856a06266661a27c787945e6f,Localization Quality,AMCLPose,MeanYaw,0.0118579,329.1
fbba6ee856a06266661a27c787945e6f,Localization Quality,AMCLPose,MeanY,0.506315,329.1
fbba6ee856a06266661a27c787945e6f,Localization Quality,AMCLPose,MeanX,1.64655,329.1
fbba6ee856a06266661a27c787945e6f,Localization Stability,TF,Jump Angular,-0.000996709,330.1
fbba6ee856a06266661a27c787945e6f,Localization Stability,TF,Jump Linear,0.0269366,330.1
fbba6ee856a06266661a27c787945e6f,Localization Stability,TF,Jump Angular,0,330.2
fbba6ee856a06266661a27c787945e6f,Localization Stability,TF,Jump Linear,0,330.2
fbba6ee856a06266661a27c787945e6f,Input Validity,Lidar,Lidar Rate,10,329.27
fbba6ee856a06266661a27c787945e6f,Input Validity,Odometry,Odometry Rate,50,329.27
fbba6ee856a06266661a27c787945e6f,Input Validity,TF,TF Rate,10,329.27
fbba6ee856a06266661a27c787945e6f,Localization Stability,TF,Jump Angular,0,330.3
fbba6ee856a06266661a27c787945e6f,Localization Stability,TF,Jump Linear,0,330.3
fbba6ee856a06266661a27c787945e6f,Input Validity,Lidar,Lidar Rate,10,329.37
fbba6ee856a06266661a27c787945e6f,Input Validity,Odometry,Odometry Rate,50,329.37
fbba6ee856a06266661a27c787945e6f,Input Validity,TF,TF Rate,10,329.37
fbba6ee856a06266661a27c787945e6f,Localization Quality,AMCLPose,CovYawYaw,0.00586025,329.4
fbba6ee856a06266661a27c787945e6f,Localization Quality,AMCLPose,CovYY,0.0126386,329.4
fbba6ee856a06266661a27c787945e6f,Localization Quality,AMCLPose,CovXX,0.00659507,329.4
fbba6ee856a06266661a27c787945e6f,Localization Quality,AMCLPose,MeanYaw,0.0113393,329.4
fbba6ee856a06266661a27c787945e6f,Localization Quality,AMCLPose,MeanY,0.516374,329.4
fbba6ee856a06266661a27c787945e6f,Localization Quality,AMCLPose,MeanX,1.78002,329.4
fbba6ee856a06266661a27c787945e6f,Localization Stability,TF,Jump Angular,0.00443623,330.4
fbba6ee856a06266661a27c787945e6f,Localization Stability,TF,Jump Linear,0.0924108,330.4
fbba6ee856a06266661a27c787945e6f,Input Validity,Lidar,Lidar Rate,10,329.47
fbba6ee856a06266661a27c787945e6f,Input Validity,Odometry,Odometry Rate,50,329.47
fbba6ee856a06266661a27c787945e6f,Input Validity,TF,TF Rate,10,329.47
fbba6ee856a06266661a27c787945e6f,Localization Stability,TF,Jump Angular,0,330.5
fbba6ee856a06266661a27c787945e6f,Localization Stability,TF,Jump Linear,0,330.5
fbba6ee856a06266661a27c787945e6f,Input Validity,Lidar,Lidar Rate,10,329.57
fbba6ee856a06266661a27c787945e6f,Input Validity,Odometry,Odometry Rate,50,329.57
fbba6ee856a06266661a27c787945e6f,Input Validity,TF,TF Rate,10,329.57
fbba6ee856a06266661a27c787945e6f,Localization Stability,TF,Jump Angular,0,330.6
fbba6ee856a06266661a27c787945e6f,Localization Stability,TF,Jump Linear,0,330.6
fbba6ee856a06266661a27c787945e6f,Input Validity,Lidar,Lidar Rate,10,329.67
fbba6ee856a06266661a27c787945e6f,Input Validity,Odometry,Odometry Rate,50,329.67
fbba6ee856a06266661a27c787945e6f,Input Validity,TF,TF Rate,10,329.67
fbba6ee856a06266661a27c787945e6f,Localization Quality,AMCLPose,CovYawYaw,0.00580488,329.7
fbba6ee856a06266661a27c787945e6f,Localization Quality,AMCLPose,CovYY,0.0117512,329.7
fbba6ee856a06266661a27c787945e6f,Localization Quality,AMCLPose,CovXX,0.0067804,329.7
fbba6ee856a06266661a27c787945e6f,Localization Quality,AMCLPose,MeanYaw,0.00976271,329.7
fbba6ee856a06266661a27c787945e6f,Localization Quality,AMCLPose,MeanY,0.524872,329.7
fbba6ee856a06266661a27c787945e6f,Localization Quality,AMCLPose,MeanX,1.91659,329.7
fbba6ee856a06266661a27c787945e6f,Localization Stability,TF,Jump Angular,0.00123185,330.7
fbba6ee856a06266661a27c787945e6f,Localization Stability,TF,Jump Linear,0.0214362,330.7
fbba6ee856a06266661a27c787945e6f,Input Validity,Lidar,Lidar Rate,10,329.77
fbba6ee856a06266661a27c787945e6f,Input Validity,Odometry,Odometry Rate,50,329.77
fbba6ee856a06266661a27c787945e6f,Input Validity,TF,TF Rate,10,329.77
fbba6ee856a06266661a27c787945e6f,Localization Stability,TF,Jump Angular,0,330.8
fbba6ee856a06266661a27c787945e6f,Localization Stability,TF,Jump Linear,0,330.8
fbba6ee856a06266661a27c787945e6f,Input Validity,Lidar,Lidar Rate,10,329.87
fbba6ee856a06266661a27c787945e6f,Input Validity,Odometry,Odometry Rate,50,329.87
fbba6ee856a06266661a27c787945e6f,Input Validity,TF,TF Rate,10,329.87
fbba6ee856a06266661a27c787945e6f,Localization Stability,TF,Jump Angular,0,330.9
fbba6ee856a06266661a27c787945e6f,Localization Stability,TF,Jump Linear,0,330.9
fbba6ee856a06266661a27c787945e6f,Input Validity,Lidar,Lidar Rate,10,329.97
fbba6ee856a06266661a27c787945e6f,Input Validity,Odometry,Odometry Rate,50,329.97
fbba6ee856a06266661a27c787945e6f,Input Validity,TF,TF Rate,10,329.97
fbba6ee856a06266661a27c787945e6f,Input Validity,Lidar,Lidar Rate,10,330.07
fbba6ee856a06266661a27c787945e6f,Input Validity,Odometry,Odometry Rate,50,330.07
fbba6ee856a06266661a27c787945e6f,Input Validity,TF,TF Rate,10,330.07
fbba6ee856a06266661a27c787945e6f,Localization Quality,AMCLPose,CovYawYaw,0.00552651,330
fbba6ee856a06266661a27c787945e6f,Localization Quality,AMCLPose,CovYY,0.0114247,330
fbba6ee856a06266661a27c787945e6f,Localization Quality,AMCLPose,CovXX,0.00653123,330
fbba6ee856a06266661a27c787945e6f,Localization Quality,AMCLPose,MeanYaw,0.0114999,330
fbba6ee856a06266661a27c787945e6f,Localization Quality,AMCLPose,MeanY,0.536916,330
fbba6ee856a06266661a27c787945e6f,Localization Quality,AMCLPose,MeanX,2.05526,330
fbba6ee856a06266661a27c787945e6f,Localization Stability,TF,Jump Angular,0.00393312,331
fbba6ee856a06266661a27c787945e6f,Localization Stability,TF,Jump Linear,0.0767634,331
fbba6ee856a06266661a27c787945e6f,Localization Stability,TF,Jump Angular,0,331.1
fbba6ee856a06266661a27c787945e6f,Localization Stability,TF,Jump Linear,0,331.1
fbba6ee856a06266661a27c787945e6f,Input Validity,Lidar,Lidar Rate,10,330.17
fbba6ee856a06266661a27c787945e6f,Input Validity,Odometry,Odometry Rate,50,330.17
fbba6ee856a06266661a27c787945e6f,Input Validity,TF,TF Rate,10,330.17
fbba6ee856a06266661a27c787945e6f,Localization Stability,TF,Jump Angular,0,331.2
fbba6ee856a06266661a27c787945e6f,Localization Stability,TF,Jump Linear,0,331.2
fbba6ee856a06266661a27c787945e6f,Input Validity,Lidar,Lidar Rate,10,330.27
fbba6ee856a06266661a27c787945e6f,Input Validity,Odometry,Odometry Rate,50,330.27
fbba6ee856a06266661a27c787945e6f,Input Validity,TF,TF Rate,10,330.27
fbba6ee856a06266661a27c787945e6f,Input Validity,Lidar,Lidar Rate,10,330.37
fbba6ee856a06266661a27c787945e6f,Input Validity,Odometry,Odometry Rate,50,330.37
fbba6ee856a06266661a27c787945e6f,Input Validity,TF,TF Rate,10,330.37
fbba6ee856a06266661a27c787945e6f,Localization Quality,AMCLPose,CovYawYaw,0.00575555,330.3
fbba6ee856a06266661a27c787945e6f,Localization Quality,AMCLPose,CovYY,0.0106634,330.3
fbba6ee856a06266661a27c787945e6f,Localization Quality,AMCLPose,CovXX,0.00648506,330.3
fbba6ee856a06266661a27c787945e6f,Localization Quality,AMCLPose,MeanYaw,0.0199865,330.3
fbba6ee856a06266661a27c787945e6f,Localization Quality,AMCLPose,MeanY,0.550962,330.3
fbba6ee856a06266661a27c787945e6f,Localization Quality,AMCLPose,MeanX,2.19247,330.3
fbba6ee856a06266661a27c787945e6f,Localization Stability,TF,Jump Angular,0.00174204,331.3
fbba6ee856a06266661a27c787945e6f,Localization Stability,TF,Jump Linear,0.0294455,331.3
fbba6ee856a06266661a27c787945e6f,Localization Stability,TF,Jump Angular,0,331.4
fbba6ee856a06266661a27c787945e6f,Localization Stability,TF,Jump Linear,0,331.4
fbba6ee856a06266661a27c787945e6f,Input Validity,Lidar,Lidar Rate,10,330.47
fbba6ee856a06266661a27c787945e6f,Input Validity,Odometry,Odometry Rate,50,330.47
fbba6ee856a06266661a27c787945e6f,Input Validity,TF,TF Rate,10,330.47
fbba6ee856a06266661a27c787945e6f,Localization Stability,TF,Jump Angular,0,331.5
fbba6ee856a06266661a27c787945e6f,Localization Stability,TF,Jump Linear,0,331.5
fbba6ee856a06266661a27c787945e6f,Input Validity,Lidar,Lidar Rate,10,330.57
fbba6ee856a06266661a27c787945e6f,Input Validity,Odometry,Odometry Rate,50,330.57
fbba6ee856a06266661a27c787945e6f,Input Validity,TF,TF Rate,10,330.57
fbba6ee856a06266661a27c787945e6f,Input Validity,Lidar,Lidar Rate,10,330.67
fbba6ee856a06266661a27c787945e6f,Input Validity,Odometry,Odometry Rate,50,330.67
fbba6ee856a06266661a27c787945e6f,Input Validity,TF,TF Rate,10,330.67
fbba6ee856a06266661a27c787945e6f,Localization Quality,AMCLPose,CovYawYaw,0.00573916,330.6
fbba6ee856a06266661a27c787945e6f,Localization Quality,AMCLPose,CovYY,0.0106693,330.6
fbba6ee856a06266661a27c787945e6f,Localization Quality,AMCLPose,CovXX,0.00676281,330.6
fbba6ee856a06266661a27c787945e6f,Localization Quality,AMCLPose,MeanYaw,0.0415003,330.6
fbba6ee856a06266661a27c787945e6f,Localization Quality,AMCLPose,MeanY,0.565412,330.6
fbba6ee856a06266661a27c787945e6f,Localization Quality,AMCLPose,MeanX,2.33073,330.6
fbba6ee856a06266661a27c787945e6f,Localization Stability,TF,Jump Angular,0.00146536,331.6
fbba6ee856a06266661a27c787945e6f,Localization Stability,TF,Jump Linear,0.023514,331.6
fbba6ee856a06266661a27c787945e6f,Localization Stability,TF,Jump Angular,0,331.7
fbba6ee856a06266661a27c787945e6f,Localization Stability,TF,Jump Linear,0,331.7
fbba6ee856a06266661a27c787945e6f,Input Validity,Lidar,Lidar Rate,10,330.77
fbba6ee856a06266661a27c787945e6f,Input Validity,Odometry,Odometry Rate,50,330.77
fbba6ee856a06266661a27c787945e6f,Input Validity,TF,TF Rate,10,330.77
fbba6ee856a06266661a27c787945e6f,Localization Stability,TF,Jump Angular,0,331.8
fbba6ee856a06266661a27c787945e6f,Localization Stability,TF,Jump Linear,0,331.8
fbba6ee856a06266661a27c787945e6f,Input Validity,Lidar,Lidar Rate,10,330.87
fbba6ee856a06266661a27c787945e6f,Input Validity,Odometry,Odometry Rate,50,330.87
fbba6ee856a06266661a27c787945e6f,Input Validity,TF,TF Rate,10,330.87
fbba6ee856a06266661a27c787945e6f,Input Validity,Lidar,Lidar Rate,10,330.97
fbba6ee856a06266661a27c787945e6f,Input Validity,Odometry,Odometry Rate,50,330.97
fbba6ee856a06266661a27c787945e6f,Input Validity,TF,TF Rate,10,330.97
fbba6ee856a06266661a27c787945e6f,Localization Quality,AMCLPose,CovYawYaw,0.00598078,330.9
fbba6ee856a06266661a27c787945e6f,Localization Quality,AMCLPose,CovYY,0.0112317,330.9
fbba6ee856a06266661a27c787945e6f,Localization Quality,AMCLPose,CovXX,0.00697848,330.9
fbba6ee856a06266661a27c787945e6f,Localization Quality,AMCLPose,MeanYaw,0.0664875,330.9
fbba6ee856a06266661a27c787945e6f,Localization Quality,AMCLPose,MeanY,0.58401,330.9
fbba6ee856a06266661a27c787945e6f,Localization Quality,AMCLPose,MeanX,2.46612,330.9
fbba6ee856a06266661a27c787945e6f,Localization Stability,TF,Jump Angular,0.00176885,331.9
fbba6ee856a06266661a27c787945e6f,Localization Stability,TF,Jump Linear,0.0307396,331.9
fbba6ee856a06266661a27c787945e6f,Input Validity,Lidar,Lidar Rate,10,331.06
fbba6ee856a06266661a27c787945e6f,Input Validity,Odometry,Odometry Rate,50,331.06
fbba6ee856a06266661a27c787945e6f,Input Validity,TF,TF Rate,10,331.06
fbba6ee856a06266661a27c787945e6f,Localization Stability,TF,Jump Angular,0,332
fbba6ee856a06266661a27c787945e6f,Localization Stability,TF,Jump Linear,0,332
fbba6ee856a06266661a27c787945e6f,Localization Stability,TF,Jump Angular,0,332.1
fbba6ee856a06266661a27c787945e6f,Localization Stability,TF,Jump Linear,0,332.1
fbba6ee856a06266661a27c787945e6f,Input Validity,Lidar,Lidar Rate,10,331.16
fbba6ee856a06266661a27c787945e6f,Input Validity,Odometry,Odometry Rate,50,331.16
fbba6ee856a06266661a27c787945e6f,Input Validity,TF,TF Rate,10,331.16
fbba6ee856a06266661a27c787945e6f,Input Validity,Lidar,Lidar Rate,10,331.26
fbba6ee856a06266661a27c787945e6f,Input Validity,Odometry,Odometry Rate,50,331.26
fbba6ee856a06266661a27c787945e6f,Input Validity,TF,TF Rate,10,331.26
fbba6ee856a06266661a27c787945e6f,Localization Quality,AMCLPose,CovYawYaw,0.0058278,331.2
fbba6ee856a06266661a27c787945e6f,Localization Quality,AMCLPose,CovYY,0.0119565,331.2
fbba6ee856a06266661a27c787945e6f,Localization Quality,AMCLPose,CovXX,0.0066665,331.2
fbba6ee856a06266661a27c787945e6f,Localization Quality,AMCLPose,MeanYaw,0.0852058,331.2
fbba6ee856a06266661a27c787945e6f,Localization Quality,AMCLPose,MeanY,0.605931,331.2
fbba6ee856a06266661a27c787945e6f,Localization Quality,AMCLPose,MeanX,2.58291,331.2
fbba6ee856a06266661a27c787945e6f,Localization Stability,TF,Jump Angular,0.00317715,332.2
fbba6ee856a06266661a27c787945e6f,Localization Stability,TF,Jump Linear,0.0605829,332.2
fbba6ee856a06266661a27c787945e6f,Localization Stability,TF,Jump Angular,0,332.3
fbba6ee856a06266661a27c787945e6f,Localization Stability,TF,Jump Linear,0,332.3
fbba6ee856a06266661a27c787945e6f,Input Validity,Lidar,Lidar Rate,10,331.36
fbba6ee856a06266661a27c787945e6f,Input Validity,Odometry,Odometry Rate,50,331.36
fbba6ee856a06266661a27c787945e6f,Input Validity,TF,TF Rate,10,331.36
fbba6ee856a06266661a27c787945e6f,Localization Stability,TF,Jump Angular,0,332.4
fbba6ee856a06266661a27c787945e6f,Localization Stability,TF,Jump Linear,0,332.4
fbba6ee856a06266661a27c787945e6f,Input Validity,Lidar,Lidar Rate,10,331.46
fbba6ee856a06266661a27c787945e6f,Input Validity,Odometry,Odometry Rate,50,331.46
fbba6ee856a06266661a27c787945e6f,Input Validity,TF,TF Rate,10,331.46
fbba6ee856a06266661a27c787945e6f,Localization Stability,TF,Jump Angular,0,332.5
fbba6ee856a06266661a27c787945e6f,Localization Stability,TF,Jump Linear,0,332.5
fbba6ee856a06266661a27c787945e6f,Input Validity,Lidar,Lidar Rate,10,331.56
fbba6ee856a06266661a27c787945e6f,Input Validity,Odometry,Odometry Rate,50,331.56
fbba6ee856a06266661a27c787945e6f,Input Validity,TF,TF Rate,10,331.56
fbba6ee856a06266661a27c787945e6f,Input Validity,Lidar,Lidar Rate,10,331.66
fbba6ee856a06266661a27c787945e6f,Input Validity,Odometry,Odometry Rate,50,331.66
fbba6ee856a06266661a27c787945e6f,Input Validity,TF,TF Rate,10,331.66
fbba6ee856a06266661a27c787945e6f,Localization Quality,AMCLPose,CovYawYaw,0.00580785,331.6
fbba6ee856a06266661a27c787945e6f,Localization Quality,AMCLPose,CovYY,0.0127806,331.6
fbba6ee856a06266661a27c787945e6f,Localization Quality,AMCLPose,CovXX,0.00658362,331.6
fbba6ee856a06266661a27c787945e6f,Localization Quality,AMCLPose,MeanYaw,0.092419,331.6
fbba6ee856a06266661a27c787945e6f,Localization Quality,AMCLPose,MeanY,0.629669,331.6
fbba6ee856a06266661a27c787945e6f,Localization Quality,AMCLPose,MeanX,2.7082,331.6
fbba6ee856a06266661a27c787945e6f,Localization Stability,TF,Jump Angular,0.00102365,332.6
fbba6ee856a06266661a27c787945e6f,Localization Stability,TF,Jump Linear,0.0150064,332.6
fbba6ee856a06266661a27c787945e6f,Localization Stability,TF,Jump Angular,0,332.7
fbba6ee856a06266661a27c787945e6f,Localization Stability,TF,Jump Linear,0,332.7
fbba6ee856a06266661a27c787945e6f,Input Validity,Lidar,Lidar Rate,10,331.76
fbba6ee856a06266661a27c787945e6f,Input Validity,Odometry,Odometry Rate,50,331.76
fbba6ee856a06266661a27c787945e6f,Input Validity,TF,TF Rate,10,331.76
fbba6ee856a06266661a27c787945e6f,Input Validity,Lidar,Lidar Rate,10,331.86
fbba6ee856a06266661a27c787945e6f,Input Validity,Odometry,Odometry Rate,50,331.86
fbba6ee856a06266661a27c787945e6f,Input Validity,TF,TF Rate,10,331.86
fbba6ee856a06266661a27c787945e6f,Localization Stability,TF,Jump Angular,0,332.8
fbba6ee856a06266661a27c787945e6f,Localization Stability,TF,Jump Linear,0,332.8
fbba6ee856a06266661a27c787945e6f,Input Validity,Lidar,Lidar Rate,10,331.96
fbba6ee856a06266661a27c787945e6f,Input Validity,Odometry,Odometry Rate,50,331.96
fbba6ee856a06266661a27c787945e6f,Input Validity,TF,TF Rate,10,331.96
fbba6ee856a06266661a27c787945e6f,Localization Stability,TF,Jump Angular,0,332.9
fbba6ee856a06266661a27c787945e6f,Localization Stability,TF,Jump Linear,0,332.9
fbba6ee856a06266661a27c787945e6f,Input Validity,Lidar,Lidar Rate,10,332.06
fbba6ee856a06266661a27c787945e6f,Input Validity,Odometry,Odometry Rate,50,332.06
fbba6ee856a06266661a27c787945e6f,Input Validity,TF,TF Rate,10,332.06
fbba6ee856a06266661a27c787945e6f,Localization Stability,TF,Jump Angular,0,333
fbba6ee856a06266661a27c787945e6f,Localization Stability,TF,Jump Linear,0,333
fbba6ee856a06266661a27c787945e6f,Input Validity,Lidar,Lidar Rate,10,332.16
fbba6ee856a06266661a27c787945e6f,Input Validity,Odometry,Odometry Rate,50,332.16
fbba6ee856a06266661a27c787945e6f,Input Validity,TF,TF Rate,10,332.16
fbba6ee856a06266661a27c787945e6f,Localization Quality,AMCLPose,CovYawYaw,0.00560957,332.1
fbba6ee856a06266661a27c787945e6f,Localization Quality,AMCLPose,CovYY,0.0139807,332.1
fbba6ee856a06266661a27c787945e6f,Localization Quality,AMCLPose,CovXX,0.00645452,332.1
fbba6ee856a06266661a27c787945e6f,Localization Quality,AMCLPose,MeanYaw,0.0786928,332.1
fbba6ee856a06266661a27c787945e6f,Localization Quality,AMCLPose,MeanY,0.657958,332.1
fbba6ee856a06266661a27c787945e6f,Localization Quality,AMCLPose,MeanX,2.83124,332.1
fbba6ee856a06266661a27c787945e6f,Localization Stability,TF,Jump Angular,0.000998915,333.1
fbba6ee856a06266661a27c787945e6f,Localization Stability,TF,Jump Linear,0.0107584,333.1
fbba6ee856a06266661a27c787945e6f,Localization Stability,TF,Jump Angular,0,333.2
fbba6ee856a06266661a27c787945e6f,Localization Stability,TF,Jump Linear,0,333.2
fbba6ee856a06266661a27c787945e6f,Input Validity,Lidar,Lidar Rate,10,332.26
fbba6ee856a06266661a27c787945e6f,Input Validity,Odometry,Odometry Rate,50,332.26
fbba6ee856a06266661a27c787945e6f,Input Validity,TF,TF Rate,10,332.26
fbba6ee856a06266661a27c787945e6f,Input Validity,Lidar,Lidar Rate,10,332.36
fbba6ee856a06266661a27c787945e6f,Input Validity,Odometry,Odometry Rate,50,332.36
fbba6ee856a06266661a27c787945e6f,Input Validity,TF,TF Rate,10,332.36
fbba6ee856a06266661a27c787945e6f,Localization Stability,TF,Jump Angular,0,333.3
fbba6ee856a06266661a27c787945e6f,Localization Stability,TF,Jump Linear,0,333.3
fbba6ee856a06266661a27c787945e6f,Input Validity,Lidar,Lidar Rate,10,332.46
fbba6ee856a06266661a27c787945e6f,Input Validity,Odometry,Odometry Rate,50,332.46
fbba6ee856a06266661a27c787945e6f,Input Validity,TF,TF Rate,10,332.46
fbba6ee856a06266661a27c787945e6f,Localization Stability,TF,Jump Angular,0,333.4
fbba6ee856a06266661a27c787945e6f,Localization Stability,TF,Jump Linear,0,333.4
fbba6ee856a06266661a27c787945e6f,Localization Stability,TF,Jump Angular,0,333.5
fbba6ee856a06266661a27c787945e6f,Localization Stability,TF,Jump Linear,0,333.5
fbba6ee856a06266661a27c787945e6f,Input Validity,Lidar,Lidar Rate,10,332.56
fbba6ee856a06266661a27c787945e6f,Input Validity,Odometry,Odometry Rate,50,332.56
fbba6ee856a06266661a27c787945e6f,Input Validity,TF,TF Rate,10,332.56
fbba6ee856a06266661a27c787945e6f,Localization Stability,TF,Jump Angular,0,333.6
fbba6ee856a06266661a27c787945e6f,Localization Stability,TF,Jump Linear,0,333.6
fbba6ee856a06266661a27c787945e6f,Input Validity,Lidar,Lidar Rate,10,332.65
fbba6ee856a06266661a27c787945e6f,Input Validity,Odometry,Odometry Rate,50,332.65
fbba6ee856a06266661a27c787945e6f,Input Validity,TF,TF Rate,10,332.65
fbba6ee856a06266661a27c787945e6f,Input Validity,Lidar,Lidar Rate,10,332.75
fbba6ee856a06266661a27c787945e6f,Input Validity,Odometry,Odometry Rate,50,332.75
fbba6ee856a06266661a27c787945e6f,Input Validity,TF,TF Rate,10,332.75
fbba6ee856a06266661a27c787945e6f,Localization Quality,AMCLPose,CovYawYaw,0.00509052,332.7
fbba6ee856a06266661a27c787945e6f,Localization Quality,AMCLPose,CovYY,0.014979,332.7
fbba6ee856a06266661a27c787945e6f,Localization Quality,AMCLPose,CovXX,0.00619698,332.7
fbba6ee856a06266661a27c787945e6f,Localization Quality,AMCLPose,MeanYaw,0.0255732,332.7
fbba6ee856a06266661a27c787945e6f,Localization Quality,AMCLPose,MeanY,0.686975,332.7
fbba6ee856a06266661a27c787945e6f,Localization Quality,AMCLPose,MeanX,2.93765,332.7
fbba6ee856a06266661a27c787945e6f,Localization Stability,TF,Jump Angular,-0.000744216,333.7
fbba6ee856a06266661a27c787945e6f,Localization Stability,TF,Jump Linear,0.0386091,333.7
fbba6ee856a06266661a27c787945e6f,Localization Stability,TF,Jump Angular,0,333.8
fbba6ee856a06266661a27c787945e6f,Localization Stability,TF,Jump Linear,0,333.8
fbba6ee856a06266661a27c787945e6f,Input Validity,Lidar,Lidar Rate,10,332.85
fbba6ee856a06266661a27c787945e6f,Input Validity,Odometry,Odometry Rate,50,332.85
fbba6ee856a06266661a27c787945e6f,Input Validity,TF,TF Rate,10,332.85
fbba6ee856a06266661a27c787945e6f,Localization Stability,TF,Jump Angular,0,333.9
fbba6ee856a06266661a27c787945e6f,Localization Stability,TF,Jump Linear,0,333.9
fbba6ee856a06266661a27c787945e6f,Input Validity,Lidar,Lidar Rate,10,332.95
fbba6ee856a06266661a27c787945e6f,Input Validity,Odometry,Odometry Rate,50,332.95
fbba6ee856a06266661a27c787945e6f,Input Validity,TF,TF Rate,10,332.95
fbba6ee856a06266661a27c787945e6f,Localization Stability,TF,Jump Angular,0,334
fbba6ee856a06266661a27c787945e6f,Localization Stability,TF,Jump Linear,0,334
fbba6ee856a06266661a27c787945e6f,Input Validity,Lidar,Lidar Rate,10,333.05
fbba6ee856a06266661a27c787945e6f,Input Validity,Odometry,Odometry Rate,50,333.05
fbba6ee856a06266661a27c787945e6f,Input Validity,TF,TF Rate,10,333.05
fbba6ee856a06266661a27c787945e6f,Input Validity,Lidar,Lidar Rate,10,333.15
fbba6ee856a06266661a27c787945e6f,Input Validity,Odometry,Odometry Rate,50,333.15
fbba6ee856a06266661a27c787945e6f,Input Validity,TF,TF Rate,10,333.15
fbba6ee856a06266661a27c787945e6f,Localization Stability,TF,Jump Angular,0,334.1
fbba6ee856a06266661a27c787945e6f,Localization Stability,TF,Jump Linear,0,334.1
fbba6ee856a06266661a27c787945e6f,Input Validity,Lidar,Lidar Rate,10,333.25
fbba6ee856a06266661a27c787945e6f,Input Validity,Odometry,Odometry Rate,50,333.25
fbba6ee856a06266661a27c787945e6f,Input Validity,TF,TF Rate,10,333.25
fbba6ee856a06266661a27c787945e6f,Localization Quality,AMCLPose,CovYawYaw,0.00407109,333.2
fbba6ee856a06266661a27c787945e6f,Localization Quality,AMCLPose,CovYY,0.0160247,333.2
fbba6ee856a06266661a27c787945e6f,Localization Quality,AMCLPose,CovXX,0.00521996,333.2
fbba6ee856a06266661a27c787945e6f,Localization Quality,AMCLPose,MeanYaw,-0.0386373,333.2
fbba6ee856a06266661a27c787945e6f,Localization Quality,AMCLPose,MeanY,0.714139,333.2
fbba6ee856a06266661a27c787945e6f,Localization Quality,AMCLPose,MeanX,3.00136,333.2
fbba6ee856a06266661a27c787945e6f,Localization Stability,TF,Jump Angular,-0.00191963,334.2
fbba6ee856a06266661a27c787945e6f,Localization Stability,TF,Jump Linear,0.0675482,334.2
fbba6ee856a06266661a27c787945e6f,Localization Stability,TF,Jump Angular,0,334.3
fbba6ee856a06266661a27c787945e6f,Localization Stability,TF,Jump Linear,0,334.3
fbba6ee856a06266661a27c787945e6f,Input Validity,Lidar,Lidar Rate,10,333.35
fbba6ee856a06266661a27c787945e6f,Input Validity,Odometry,Odometry Rate,50,333.35
fbba6ee856a06266661a27c787945e6f,Input Validity,TF,TF Rate,10,333.35
fbba6ee856a06266661a27c787945e6f,Localization Stability,TF,Jump Angular,0,334.4
fbba6ee856a06266661a27c787945e6f,Localization Stability,TF,Jump Linear,0,334.4
fbba6ee856a06266661a27c787945e6f,Input Validity,Lidar,Lidar Rate,10,333.45
fbba6ee856a06266661a27c787945e6f,Input Validity,Odometry,Odometry Rate,50,333.45
fbba6ee856a06266661a27c787945e6f,Input Validity,TF,TF Rate,10,333.45
fbba6ee856a06266661a27c787945e6f,Localization Stability,TF,Jump Angular,0,334.5
fbba6ee856a06266661a27c787945e6f,Localization Stability,TF,Jump Linear,0,334.5
fbba6ee856a06266661a27c787945e6f,Input Validity,Lidar,Lidar Rate,10,333.55
fbba6ee856a06266661a27c787945e6f,Input Validity,Odometry,Odometry Rate,50,333.55
fbba6ee856a06266661a27c787945e6f,Input Validity,TF,TF Rate,10,333.55
fbba6ee856a06266661a27c787945e6f,Input Validity,Lidar,Lidar Rate,10,333.65
fbba6ee856a06266661a27c787945e6f,Input Validity,Odometry,Odometry Rate,50,333.65
fbba6ee856a06266661a27c787945e6f,Input Validity,TF,TF Rate,10,333.65
fbba6ee856a06266661a27c787945e6f,Localization Quality,AMCLPose,CovYawYaw,0.00290981,333.6
fbba6ee856a06266661a27c787945e6f,Localization Quality,AMCLPose,CovYY,0.0157531,333.6
fbba6ee856a06266661a27c787945e6f,Localization Quality,AMCLPose,CovXX,0.00513086,333.6
fbba6ee856a06266661a27c787945e6f,Localization Quality,AMCLPose,MeanYaw,-0.100915,333.6
fbba6ee856a06266661a27c787945e6f,Localization Quality,AMCLPose,MeanY,0.755432,333.6
fbba6ee856a06266661a27c787945e6f,Localization Quality,AMCLPose,MeanX,3.03584,333.6
fbba6ee856a06266661a27c787945e6f,Localization Stability,TF,Jump Angular,-0.00220003,334.6
fbba6ee856a06266661a27c787945e6f,Localization Stability,TF,Jump Linear,0.087616,334.6
fbba6ee856a06266661a27c787945e6f,Input Validity,Lidar,Lidar Rate,10,333.75
fbba6ee856a06266661a27c787945e6f,Input Validity,Odometry,Odometry Rate,50,333.75
fbba6ee856a06266661a27c787945e6f,Input Validity,TF,TF Rate,10,333.75
fbba6ee856a06266661a27c787945e6f,Localization Stability,TF,Jump Angular,0,334.7
fbba6ee856a06266661a27c787945e6f,Localization Stability,TF,Jump Linear,0,334.7
fbba6ee856a06266661a27c787945e6f,Input Validity,Lidar,Lidar Rate,10,333.85
fbba6ee856a06266661a27c787945e6f,Input Validity,Odometry,Odometry Rate,50,333.85
fbba6ee856a06266661a27c787945e6f,Input Validity,TF,TF Rate,10,333.85
fbba6ee856a06266661a27c787945e6f,Localization Stability,TF,Jump Angular,0,334.8
fbba6ee856a06266661a27c787945e6f,Localization Stability,TF,Jump Linear,0,334.8
fbba6ee856a06266661a27c787945e6f,Input Validity,Lidar,Lidar Rate,10,333.95
fbba6ee856a06266661a27c787945e6f,Input Validity,Odometry,Odometry Rate,50,333.95
fbba6ee856a06266661a27c787945e6f,Input Validity,TF,TF Rate,10,333.95
fbba6ee856a06266661a27c787945e6f,Localization Quality,AMCLPose,CovYawYaw,0.00202114,333.9
fbba6ee856a06266661a27c787945e6f,Localization Quality,AMCLPose,CovYY,0.0128416,333.9
fbba6ee856a06266661a27c787945e6f,Localization Quality,AMCLPose,CovXX,0.00439656,333.9
fbba6ee856a06266661a27c787945e6f,Localization Quality,AMCLPose,MeanYaw,-0.180269,333.9
fbba6ee856a06266661a27c787945e6f,Localization Quality,AMCLPose,MeanY,0.792286,333.9
fbba6ee856a06266661a27c787945e6f,Localization Quality,AMCLPose,MeanX,3.05999,333.9
fbba6ee856a06266661a27c787945e6f,Localization Stability,TF,Jump Angular,-0.00150121,334.9
fbba6ee856a06266661a27c787945e6f,Localization Stability,TF,Jump Linear,0.0688637,334.9
fbba6ee856a06266661a27c787945e6f,Input Validity,Lidar,Lidar Rate,10,334.05
fbba6ee856a06266661a27c787945e6f,Input Validity,Odometry,Odometry Rate,50,334.05
fbba6ee856a06266661a27c787945e6f,Input Validity,TF,TF Rate,10,334.05
fbba6ee856a06266661a27c787945e6f,Localization Stability,TF,Jump Angular,0,335
fbba6ee856a06266661a27c787945e6f,Localization Stability,TF,Jump Linear,0,335
fbba6ee856a06266661a27c787945e6f,Input Validity,Lidar,Lidar Rate,10,334.15
fbba6ee856a06266661a27c787945e6f,Input Validity,Odometry,Odometry Rate,50,334.15
fbba6ee856a06266661a27c787945e6f,Input Validity,TF,TF Rate,10,334.15
fbba6ee856a06266661a27c787945e6f,Localization Quality,AMCLPose,CovYawYaw,0.00134502,334.1
fbba6ee856a06266661a27c787945e6f,Localization Quality,AMCLPose,CovYY,0.00876836,334.1
fbba6ee856a06266661a27c787945e6f,Localization Quality,AMCLPose,CovXX,0.00376876,334.1
fbba6ee856a06266661a27c787945e6f,Localization Quality,AMCLPose,MeanYaw,-0.244778,334.1
fbba6ee856a06266661a27c787945e6f,Localization Quality,AMCLPose,MeanY,0.820758,334.1
fbba6ee856a06266661a27c787945e6f,Localization Quality,AMCLPose,MeanX,3.07479,334.1
fbba6ee856a06266661a27c787945e6f,Localization Stability,TF,Jump Angular,-0.00271888,335.1
fbba6ee856a06266661a27c787945e6f,Localization Stability,TF,Jump Linear,0.0869831,335.1
fbba6ee856a06266661a27c787945e6f,Input Validity,Lidar,Lidar Rate,10,334.25
fbba6ee856a06266661a27c787945e6f,Input Validity,Odometry,Odometry Rate,50,334.25
fbba6ee856a06266661a27c787945e6f,Input Validity,TF,TF Rate,10,334.25
fbba6ee856a06266661a27c787945e6f,Localization Stability,TF,Jump Angular,0,335.2
fbba6ee856a06266661a27c787945e6f,Localization Stability,TF,Jump Linear,0,335.2
fbba6ee856a06266661a27c787945e6f,Input Validity,Lidar,Lidar Rate,10,334.34
fbba6ee856a06266661a27c787945e6f,Input Validity,Odometry,Odometry Rate,50,334.34
fbba6ee856a06266661a27c787945e6f,Input Validity,TF,TF Rate,10,334.34
fbba6ee856a06266661a27c787945e6f,Localization Quality,AMCLPose,CovYawYaw,0.00102084,334.3
fbba6ee856a06266661a27c787945e6f,Localization Quality,AMCLPose,CovYY,0.00489933,334.3
fbba6ee856a06266661a27c787945e6f,Localization Quality,AMCLPose,CovXX,0.0032814,334.3
fbba6ee856a06266661a27c787945e6f,Localization Quality,AMCLPose,MeanYaw,-0.332823,334.3
fbba6ee856a06266661a27c787945e6f,Localization Quality,AMCLPose,MeanY,0.838126,334.3
fbba6ee856a06266661a27c787945e6f,Localization Quality,AMCLPose,MeanX,3.08873,334.3
fbba6ee856a06266661a27c787945e6f,Localization Stability,TF,Jump Angular,-0.00252154,335.3
fbba6ee856a06266661a27c787945e6f,Localization Stability,TF,Jump Linear,0.0737221,335.3
fbba6ee856a06266661a27c787945e6f,Input Validity,Lidar,Lidar Rate,10,334.44
fbba6ee856a06266661a27c787945e6f,Input Validity,Odometry,Odometry Rate,50,334.44
fbba6ee856a06266661a27c787945e6f,Input Validity,TF,TF Rate,10,334.44
fbba6ee856a06266661a27c787945e6f,Localization Quality,AMCLPose,CovYawYaw,0.000704288,334.4
fbba6ee856a06266661a27c787945e6f,Localization Quality,AMCLPose,CovYY,0.00323787,334.4
fbba6ee856a06266661a27c787945e6f,Localization Quality,AMCLPose,CovXX,0.00272613,334.4
fbba6ee856a06266661a27c787945e6f,Localization Quality,AMCLPose,MeanYaw,-0.387429,334.4
fbba6ee856a06266661a27c787945e6f,Localization Quality,AMCLPose,MeanY,0.844332,334.4
fbba6ee856a06266661a27c787945e6f,Localization Quality,AMCLPose,MeanX,3.09448,334.4
fbba6ee856a06266661a27c787945e6f,Localization Stability,TF,Jump Angular,-0.00123138,335.4
fbba6ee856a06266661a27c787945e6f,Localization Stability,TF,Jump Linear,0.034059,335.4
fbba6ee856a06266661a27c787945e6f,Input Validity,Lidar,Lidar Rate,10,334.54
fbba6ee856a06266661a27c787945e6f,Input Validity,Odometry,Odometry Rate,50,334.54
fbba6ee856a06266661a27c787945e6f,Input Validity,TF,TF Rate,10,334.54
fbba6ee856a06266661a27c787945e6f,Localization Quality,AMCLPose,CovYawYaw,0.000581596,334.5
fbba6ee856a06266661a27c787945e6f,Localization Quality,AMCLPose,CovYY,0.00217373,334.5
fbba6ee856a06266661a27c787945e6f,Localization Quality,AMCLPose,CovXX,0.00247163,334.5
fbba6ee856a06266661a27c787945e6f,Localization Quality,AMCLPose,MeanYaw,-0.441769,334.5
fbba6ee856a06266661a27c787945e6f,Localization Quality,AMCLPose,MeanY,0.846226,334.5
fbba6ee856a06266661a27c787945e6f,Localization Quality,AMCLPose,MeanX,3.10001,334.5
fbba6ee856a06266661a27c787945e6f,Localization Stability,TF,Jump Angular,-0.000962016,335.5
fbba6ee856a06266661a27c787945e6f,Localization Stability,TF,Jump Linear,0.0247435,335.5
fbba6ee856a06266661a27c787945e6f,Input Validity,Lidar,Lidar Rate,10,334.64
fbba6ee856a06266661a27c787945e6f,Input Validity,Odometry,Odometry Rate,50,334.64
fbba6ee856a06266661a27c787945e6f,Input Validity,TF,TF Rate,10,334.64
fbba6ee856a06266661a27c787945e6f,Localization Quality,AMCLPose,CovYawYaw,0.000543098,334.6
fbba6ee856a06266661a27c787945e6f,Localization Quality,AMCLPose,CovYY,0.00177126,334.6
fbba6ee856a06266661a27c787945e6f,Localization Quality,AMCLPose,CovXX,0.00211729,334.6
fbba6ee856a06266661a27c787945e6f,Localization Quality,AMCLPose,MeanYaw,-0.499544,334.6
fbba6ee856a06266661a27c787945e6f,Localization Quality,AMCLPose,MeanY,0.84497,334.6
fbba6ee856a06266661a27c787945e6f,Localization Quality,AMCLPose,MeanX,3.10722,334.6
fbba6ee856a06266661a27c787945e6f,Localization Stability,TF,Jump Angular,-0.000621605,335.6
fbba6ee856a06266661a27c787945e6f,Localization Stability,TF,Jump Linear,0.0159623,335.6
fbba6ee856a06266661a27c787945e6f,Input Validity,Lidar,Lidar Rate,10,334.74
fbba6ee856a06266661a27c787945e6f,Input Validity,Odometry,Odometry Rate,50,334.74
fbba6ee856a06266661a27c787945e6f,Input Validity,TF,TF Rate,10,334.74
fbba6ee856a06266661a27c787945e6f,Localization Quality,AMCLPose,CovYawYaw,0.000582859,334.7
fbba6ee856a06266661a27c787945e6f,Localization Quality,AMCLPose,CovYY,0.00138091,334.7
fbba6ee856a06266661a27c787945e6f,Localization Quality,AMCLPose,CovXX,0.00196018,334.7
fbba6ee856a06266661a27c787945e6f,Localization Quality,AMCLPose,MeanYaw,-0.568693,334.7
fbba6ee856a06266661a27c787945e6f,Localization Quality,AMCLPose,MeanY,0.842693,334.7
fbba6ee856a06266661a27c787945e6f,Localization Quality,AMCLPose,MeanX,3.11321,334.7
fbba6ee856a06266661a27c787945e6f,Localization Stability,TF,Jump Angular,-0.00171705,335.7
fbba6ee856a06266661a27c787945e6f,Localization Stability,TF,Jump Linear,0.0397729,335.7
fbba6ee856a06266661a27c787945e6f,Input Validity,Lidar,Lidar Rate,10,334.84
fbba6ee856a06266661a27c787945e6f,Input Validity,Odometry,Odometry Rate,50,334.84
fbba6ee856a06266661a27c787945e6f,Input Validity,TF,TF Rate,10,334.84
fbba6ee856a06266661a27c787945e6f,Localization Quality,AMCLPose,CovYawYaw,0.000860515,334.8
fbba6ee856a06266661a27c787945e6f,Localization Quality,AMCLPose,CovYY,0.00132583,334.8
fbba6ee856a06266661a27c787945e6f,Localization Quality,AMCLPose,CovXX,0.00214903,334.8
fbba6ee856a06266661a27c787945e6f,Localization Quality,AMCLPose,MeanYaw,-0.635895,334.8
fbba6ee856a06266661a27c787945e6f,Localization Quality,AMCLPose,MeanY,0.838124,334.8
fbba6ee856a06266661a27c787945e6f,Localization Quality,AMCLPose,MeanX,3.12111,334.8
fbba6ee856a06266661a27c787945e6f,Localization Stability,TF,Jump Angular,0.000621985,335.8
fbba6ee856a06266661a27c787945e6f,Localization Stability,TF,Jump Linear,0.0133025,335.8
fbba6ee856a06266661a27c787945e6f,Input Validity,Lidar,Lidar Rate,10,334.94
fbba6ee856a06266661a27c787945e6f,Input Validity,Odometry,Odometry Rate,50,334.94
fbba6ee856a06266661a27c787945e6f,Input Validity,TF,TF Rate,10,334.94
fbba6ee856a06266661a27c787945e6f,Localization Quality,AMCLPose,CovYawYaw,0.00106683,334.9
fbba6ee856a06266661a27c787945e6f,Localization Quality,AMCLPose,CovYY,0.00150224,334.9
fbba6ee856a06266661a27c787945e6f,Localization Quality,AMCLPose,CovXX,0.00241714,334.9
fbba6ee856a06266661a27c787945e6f,Localization Quality,AMCLPose,MeanYaw,-0.701572,334.9
fbba6ee856a06266661a27c787945e6f,Localization Quality,AMCLPose,MeanY,0.832666,334.9
fbba6ee856a06266661a27c787945e6f,Localization Quality,AMCLPose,MeanX,3.12844,334.9
fbba6ee856a06266661a27c787945e6f,Localization Stability,TF,Jump Angular,0.00112088,335.9
fbba6ee856a06266661a27c787945e6f,Localization Stability,TF,Jump Linear,0.0251705,335.9
fbba6ee856a06266661a27c787945e6f,Input Validity,Lidar,Lidar Rate,10,335.04
fbba6ee856a06266661a27c787945e6f,Input Validity,Odometry,Odometry Rate,50,335.04
fbba6ee856a06266661a27c787945e6f,Input Validity,TF,TF Rate,10,335.04
fbba6ee856a06266661a27c787945e6f,Localization Quality,AMCLPose,CovYawYaw,0.00131785,335
fbba6ee856a06266661a27c787945e6f,Localization Quality,AMCLPose,CovYY,0.00163057,335
fbba6ee856a06266661a27c787945e6f,Localization Quality,AMCLPose,CovXX,0.00260871,335
fbba6ee856a06266661a27c787945e6f,Localization Quality,AMCLPose,MeanYaw,-0.765303,335
fbba6ee856a06266661a27c787945e6f,Localization Quality,AMCLPose,MeanY,0.827909,335
fbba6ee856a06266661a27c787945e6f,Localization Quality,AMCLPose,MeanX,3.13218,335
fbba6ee856a06266661a27c787945e6f,Localization Stability,TF,Jump Angular,-0.00174346,336
fbba6ee856a06266661a27c787945e6f,Localization Stability,TF,Jump Linear,0.0386616,336
fbba6ee856a06266661a27c787945e6f,Input Validity,Lidar,Lidar Rate,10,335.14
fbba6ee856a06266661a27c787945e6f,Input Validity,Odometry,Odometry Rate,50,335.14
fbba6ee856a06266661a27c787945e6f,Input Validity,TF,TF Rate,10,335.14
fbba6ee856a06266661a27c787945e6f,Localization Quality,AMCLPose,CovYawYaw,0.0015198,335.1
fbba6ee856a06266661a27c787945e6f,Localization Quality,AMCLPose,CovYY,0.00177666,335.1
fbba6ee856a06266661a27c787945e6f,Localization Quality,AMCLPose,CovXX,0.00274348,335.1
fbba6ee856a06266661a27c787945e6f,Localization Quality,AMCLPose,MeanYaw,-0.823952,335.1
fbba6ee856a06266661a27c787945e6f,Localization Quality,AMCLPose,MeanY,0.823091,335.1
fbba6ee856a06266661a27c787945e6f,Localization Quality,AMCLPose,MeanX,3.13915,335.1
fbba6ee856a06266661a27c787945e6f,Localization Stability,TF,Jump Angular,0.000715105,336.1
fbba6ee856a06266661a27c787945e6f,Localization Stability,TF,Jump Linear,0.0147123,336.1
fbba6ee856a06266661a27c787945e6f,Input Validity,Lidar,Lidar Rate,10,335.24
fbba6ee856a06266661a27c787945e6f,Input Validity,Odometry,Odometry Rate,50,335.24
fbba6ee856a06266661a27c787945e6f,Input Validity,TF,TF Rate,10,335.24
fbba6ee856a06266661a27c787945e6f,Localization Quality,AMCLPose,CovYawYaw,0.00169333,335.2
fbba6ee856a06266661a27c787945e6f,Localization Quality,AMCLPose,CovYY,0.0020291,335.2
fbba6ee856a06266661a27c787945e6f,Localization Quality,AMCLPose,CovXX,0.00291433,335.2
fbba6ee856a06266661a27c787945e6f,Localization Quality,AMCLPose,MeanYaw,-0.876807,335.2
fbba6ee856a06266661a27c787945e6f,Localization Quality,AMCLPose,MeanY,0.817695,335.2
fbba6ee856a06266661a27c787945e6f,Localization Quality,AMCLPose,MeanX,3.14266,335.2
fbba6ee856a06266661a27c787945e6f,Localization Stability,TF,Jump Angular,0.000588299,336.2
fbba6ee856a06266661a27c787945e6f,Localization Stability,TF,Jump Linear,0.0143169,336.2
fbba6ee856a06266661a27c787945e6f,Input Validity,Lidar,Lidar Rate,10,335.34
fbba6ee856a06266661a27c787945e6f,Input Validity,Odometry,Odometry Rate,50,335.34
fbba6ee856a06266661a27c787945e6f,Input Validity,TF,TF Rate,10,335.34
fbba6ee856a06266661a27c787945e6f,Localization Quality,AMCLPose,CovYawYaw,0.00185636,335.3
fbba6ee856a06266661a27c787945e6f,Localization Quality,AMCLPose,CovYY,0.00225857,335.3
fbba6ee856a06266661a27c787945e6f,Localization Quality,AMCLPose,CovXX,0.00280083,335.3
fbba6ee856a06266661a27c787945e6f,Localization Quality,AMCLPose,MeanYaw,-0.929164,335.3
fbba6ee856a06266661a27c787945e6f,Localization Quality,AMCLPose,MeanY,0.810969,335.3
fbba6ee856a06266661a27c787945e6f,Localization Quality,AMCLPose,MeanX,3.14852,335.3
fbba6ee856a06266661a27c787945e6f,Localization Stability,TF,Jump Angular,-0.00103199,336.3
fbba6ee856a06266661a27c787945e6f,Localization Stability,TF,Jump Linear,0.0238852,336.3
fbba6ee856a06266661a27c787945e6f,Localization Stability,TF,Jump Angular,0,336.4
fbba6ee856a06266661a27c787945e6f,Localization Stability,TF,Jump Linear,0,336.4
fbba6ee856a06266661a27c787945e6f,Input Validity,Lidar,Lidar Rate,10,335.44
fbba6ee856a06266661a27c787945e6f,Input Validity,Odometry,Odometry Rate,50,335.44
fbba6ee856a06266661a27c787945e6f,Input Validity,TF,TF Rate,10,335.44
fbba6ee856a06266661a27c787945e6f,Input Validity,Lidar,Lidar Rate,10,335.54
fbba6ee856a06266661a27c787945e6f,Input Validity,Odometry,Odometry Rate,50,335.54
fbba6ee856a06266661a27c787945e6f,Input Validity,TF,TF Rate,10,335.54
fbba6ee856a06266661a27c787945e6f,Localization Quality,AMCLPose,CovYawYaw,0.00152102,335.5
fbba6ee856a06266661a27c787945e6f,Localization Quality,AMCLPose,CovYY,0.0014412,335.5
fbba6ee856a06266661a27c787945e6f,Localization Quality,AMCLPose,CovXX,0.00274467,335.5
fbba6ee856a06266661a27c787945e6f,Localization Quality,AMCLPose,MeanYaw,-1.01755,335.5
fbba6ee856a06266661a27c787945e6f,Localization Quality,AMCLPose,MeanY,0.804088,335.5
fbba6ee856a06266661a27c787945e6f,Localization Quality,AMCLPose,MeanX,3.15626,335.5
fbba6ee856a06266661a27c787945e6f,Localization Stability,TF,Jump Angular,0.00147133,336.5
fbba6ee856a06266661a27c787945e6f,Localization Stability,TF,Jump Linear,0.0304309,336.5
fbba6ee856a06266661a27c787945e6f,Input Validity,Lidar,Lidar Rate,10,335.64
fbba6ee856a06266661a27c787945e6f,Input Validity,Odometry,Odometry Rate,50,335.64
fbba6ee856a06266661a27c787945e6f,Input Validity,TF,TF Rate,10,335.64
fbba6ee856a06266661a27c787945e6f,Localization Stability,TF,Jump Angular,0,336.6
fbba6ee856a06266661a27c787945e6f,Localization Stability,TF,Jump Linear,0,336.6
fbba6ee856a06266661a27c787945e6f,Input Validity,Lidar,Lidar Rate,10,335.74
fbba6ee856a06266661a27c787945e6f,Input Validity,Odometry,Odometry Rate,50,335.74
fbba6ee856a06266661a27c787945e6f,Input Validity,TF,TF Rate,10,335.74
fbba6ee856a06266661a27c787945e6f,Localization Quality,AMCLPose,CovYawYaw,0.00119922,335.7
fbba6ee856a06266661a27c787945e6f,Localization Quality,AMCLPose,CovYY,0.00126751,335.7
fbba6ee856a06266661a27c787945e6f,Localization Quality,AMCLPose,CovXX,0.00250227,335.7
fbba6ee856a06266661a27c787945e6f,Localization Quality,AMCLPose,MeanYaw,-1.09935,335.7
fbba6ee856a06266661a27c787945e6f,Localization Quality,AMCLPose,MeanY,0.791414,335.7
fbba6ee856a06266661a27c787945e6f,Localization Quality,AMCLPose,MeanX,3.16299,335.7
fbba6ee856a06266661a27c787945e6f,Localization Stability,TF,Jump Angular,0.000448609,336.7
fbba6ee856a06266661a27c787945e6f,Localization Stability,TF,Jump Linear,0.0102606,336.7
fbba6ee856a06266661a27c787945e6f,Input Validity,Lidar,Lidar Rate,10,335.84
fbba6ee856a06266661a27c787945e6f,Input Validity,Odometry,Odometry Rate,50,335.84
fbba6ee856a06266661a27c787945e6f,Input Validity,TF,TF Rate,10,335.84
fbba6ee856a06266661a27c787945e6f,Localization Stability,TF,Jump Angular,0,336.8
fbba6ee856a06266661a27c787945e6f,Localization Stability,TF,Jump Linear,0,336.8
fbba6ee856a06266661a27c787945e6f,Input Validity,Lidar,Lidar Rate,10,335.94
fbba6ee856a06266661a27c787945e6f,Input Validity,Odometry,Odometry Rate,50,335.94
fbba6ee856a06266661a27c787945e6f,Input Validity,TF,TF Rate,10,335.94
fbba6ee856a06266661a27c787945e6f,Localization Quality,AMCLPose,CovYawYaw,0.000968475,335.9
fbba6ee856a06266661a27c787945e6f,Localization Quality,AMCLPose,CovYY,0.00120842,335.9
fbba6ee856a06266661a27c787945e6f,Localization Quality,AMCLPose,CovXX,0.00234901,335.9
fbba6ee856a06266661a27c787945e6f,Localization Quality,AMCLPose,MeanYaw,-1.18176,335.9
fbba6ee856a06266661a27c787945e6f,Localization Quality,AMCLPose,MeanY,0.778614,335.9
fbba6ee856a06266661a27c787945e6f,Localization Quality,AMCLPose,MeanX,3.16896,335.9
fbba6ee856a06266661a27c787945e6f,Localization Stability,TF,Jump Angular,-0.00153484,336.9
fbba6ee856a06266661a27c787945e6f,Localization Stability,TF,Jump Linear,0.0358549,336.9
fbba6ee856a06266661a27c787945e6f,Input Validity,Lidar,Lidar Rate,10,336.03
fbba6ee856a06266661a27c787945e6f,Input Validity,Odometry,Odometry Rate,50,336.03
fbba6ee856a06266661a27c787945e6f,Input Validity,TF,TF Rate,10,336.03
fbba6ee856a06266661a27c787945e6f,Localization Stability,TF,Jump Angular,0,337
fbba6ee856a06266661a27c787945e6f,Localization Stability,TF,Jump Linear,0,337
fbba6ee856a06266661a27c787945e6f,Input Validity,Lidar,Lidar Rate,10,336.13
fbba6ee856a06266661a27c787945e6f,Input Validity,Odometry,Odometry Rate,50,336.13
fbba6ee856a06266661a27c787945e6f,Input Validity,TF,TF Rate,10,336.13
fbba6ee856a06266661a27c787945e6f,Localization Quality,AMCLPose,CovYawYaw,0.000818065,336.1
fbba6ee856a06266661a27c787945e6f,Localization Quality,AMCLPose,CovYY,0.00133505,336.1
fbba6ee856a06266661a27c787945e6f,Localization Quality,AMCLPose,CovXX,0.0020777,336.1
fbba6ee856a06266661a27c787945e6f,Localization Quality,AMCLPose,MeanYaw,-1.26338,336.1
fbba6ee856a06266661a27c787945e6f,Localization Quality,AMCLPose,MeanY,0.762673,336.1
fbba6ee856a06266661a27c787945e6f,Localization Quality,AMCLPose,MeanX,3.17416,336.1
fbba6ee856a06266661a27c787945e6f,Localization Stability,TF,Jump Angular,-0.000424428,337.1
fbba6ee856a06266661a27c787945e6f,Localization Stability,TF,Jump Linear,0.00889999,337.1
fbba6ee856a06266661a27c787945e6f,Input Validity,Lidar,Lidar Rate,10,336.23
fbba6ee856a06266661a27c787945e6f,Input Validity,Odometry,Odometry Rate,50,336.23
fbba6ee856a06266661a27c787945e6f,Input Validity,TF,TF Rate,10,336.23
fbba6ee856a06266661a27c787945e6f,Localization Stability,TF,Jump Angular,0,337.2
fbba6ee856a06266661a27c787945e6f,Localization Stability,TF,Jump Linear,0,337.2
fbba6ee856a06266661a27c787945e6f,Input Validity,Lidar,Lidar Rate,10,336.33
fbba6ee856a06266661a27c787945e6f,Input Validity,Odometry,Odometry Rate,50,336.33
fbba6ee856a06266661a27c787945e6f,Input Validity,TF,TF Rate,10,336.33
fbba6ee856a06266661a27c787945e6f,Localization Quality,AMCLPose,CovYawYaw,0.00073209,336.3
fbba6ee856a06266661a27c787945e6f,Localization Quality,AMCLPose,CovYY,0.00137828,336.3
fbba6ee856a06266661a27c787945e6f,Localization Quality,AMCLPose,CovXX,0.00196586,336.3
fbba6ee856a06266661a27c787945e6f,Localization Quality,AMCLPose,MeanYaw,-1.34118,336.3
fbba6ee856a06266661a27c787945e6f,Localization Quality,AMCLPose,MeanY,0.748319,336.3
fbba6ee856a06266661a27c787945e6f,Localization Quality,AMCLPose,MeanX,3.17775,336.3
fbba6ee856a06266661a27c787945e6f,Localization Stability,TF,Jump Angular,0.00140896,337.3
fbba6ee856a06266661a27c787945e6f,Localization Stability,TF,Jump Linear,0.0319637,337.3
fbba6ee856a06266661a27c787945e6f,Input Validity,Lidar,Lidar Rate,10,336.43
fbba6ee856a06266661a27c787945e6f,Input Validity,Odometry,Odometry Rate,50,336.43
fbba6ee856a06266661a27c787945e6f,Input Validity,TF,TF Rate,10,336.43
fbba6ee856a06266661a27c787945e6f,Localization Stability,TF,Jump Angular,0,337.4
fbba6ee856a06266661a27c787945e6f,Localization Stability,TF,Jump Linear,0,337.4
fbba6ee856a06266661a27c787945e6f,Input Validity,Lidar,Lidar Rate,10,336.53
fbba6ee856a06266661a27c787945e6f,Input Validity,Odometry,Odometry Rate,50,336.53
fbba6ee856a06266661a27c787945e6f,Input Validity,TF,TF Rate,10,336.53
fbba6ee856a06266661a27c787945e6f,Localization Quality,AMCLPose,CovYawYaw,0.000669968,336.5
fbba6ee856a06266661a27c787945e6f,Localization Quality,AMCLPose,CovYY,0.00142113,336.5
fbba6ee856a06266661a27c787945e6f,Localization Quality,AMCLPose,CovXX,0.00180947,336.5
fbba6ee856a06266661a27c787945e6f,Localization Quality,AMCLPose,MeanYaw,-1.41998,336.5
fbba6ee856a06266661a27c787945e6f,Localization Quality,AMCLPose,MeanY,0.733791,336.5
fbba6ee856a06266661a27c787945e6f,Localization Quality,AMCLPose,MeanX,3.17947,336.5
fbba6ee856a06266661a27c787945e6f,Localization Stability,TF,Jump Angular,-0.000286249,337.5
fbba6ee856a06266661a27c787945e6f,Localization Stability,TF,Jump Linear,0.00670668,337.5
fbba6ee856a06266661a27c787945e6f,Input Validity,Lidar,Lidar Rate,10,336.63
fbba6ee856a06266661a27c787945e6f,Input Validity,Odometry,Odometry Rate,50,336.63
fbba6ee856a06266661a27c787945e6f,Input Validity,TF,TF Rate,10,336.63
fbba6ee856a06266661a27c787945e6f,Localization Stability,TF,Jump Angular,0,337.6
fbba6ee856a06266661a27c787945e6f,Localization Stability,TF,Jump Linear,0,337.6
fbba6ee856a06266661a27c787945e6f,Input Validity,Lidar,Lidar Rate,10,336.73
fbba6ee856a06266661a27c787945e6f,Input Validity,Odometry,Odometry Rate,50,336.73
fbba6ee856a06266661a27c787945e6f,Input Validity,TF,TF Rate,10,336.73
fbba6ee856a06266661a27c787945e6f,Localization Quality,AMCLPose,CovYawYaw,0.000633875,336.7
fbba6ee856a06266661a27c787945e6f,Localization Quality,AMCLPose,CovYY,0.00140615,336.7
fbba6ee856a06266661a27c787945e6f,Localization Quality,AMCLPose,CovXX,0.00164632,336.7
fbba6ee856a06266661a27c787945e6f,Localization Quality,AMCLPose,MeanYaw,-1.49098,336.7
fbba6ee856a06266661a27c787945e6f,Localization Quality,AMCLPose,MeanY,0.718133,336.7
fbba6ee856a06266661a27c787945e6f,Localization Quality,AMCLPose,MeanX,3.1799,336.7
fbba6ee856a06266661a27c787945e6f,Localization Stability,TF,Jump Angular,-0.000772328,337.7
fbba6ee856a06266661a27c787945e6f,Localization Stability,TF,Jump Linear,0.0169053,337.7
fbba6ee856a06266661a27c787945e6f,Input Validity,Lidar,Lidar Rate,10,336.83
fbba6ee856a06266661a27c787945e6f,Input Validity,Odometry,Odometry Rate,50,336.83
fbba6ee856a06266661a27c787945e6f,Input Validity,TF,TF Rate,10,336.83
fbba6ee856a06266661a27c787945e6f,Localization Stability,TF,Jump Angular,0,337.8
fbba6ee856a06266661a27c787945e6f,Localization Stability,TF,Jump Linear,0,337.8
fbba6ee856a06266661a27c787945e6f,Input Validity,Lidar,Lidar Rate,10,336.93
fbba6ee856a06266661a27c787945e6f,Input Validity,Odometry,Odometry Rate,50,336.93
fbba6ee856a06266661a27c787945e6f,Input Validity,TF,TF Rate,10,336.93
fbba6ee856a06266661a27c787945e6f,Localization Quality,AMCLPose,CovYawYaw,0.000600753,336.9
fbba6ee856a06266661a27c787945e6f,Localization Quality,AMCLPose,CovYY,0.00142974,336.9
fbba6ee856a06266661a27c787945e6f,Localization Quality,AMCLPose,CovXX,0.00160363,336.9
fbba6ee856a06266661a27c787945e6f,Localization Quality,AMCLPose,MeanYaw,-1.55576,336.9
fbba6ee856a06266661a27c787945e6f,Localization Quality,AMCLPose,MeanY,0.70223,336.9
fbba6ee856a06266661a27c787945e6f,Localization Quality,AMCLPose,MeanX,3.17955,336.9
fbba6ee856a06266661a27c787945e6f,Localization Stability,TF,Jump Angular,0.000148114,337.9
fbba6ee856a06266661a27c787945e6f,Localization Stability,TF,Jump Linear,0.00422786,337.9
fbba6ee856a06266661a27c787945e6f,Input Validity,Lidar,Lidar Rate,10,337.03
fbba6ee856a06266661a27c787945e6f,Input Validity,Odometry,Odometry Rate,50,337.03
fbba6ee856a06266661a27c787945e6f,Input Validity,TF,TF Rate,10,337.03
fbba6ee856a06266661a27c787945e6f,Localization Stability,TF,Jump Angular,0,338
fbba6ee856a06266661a27c787945e6f,Localization Stability,TF,Jump Linear,0,338
fbba6ee856a06266661a27c787945e6f,Input Validity,Lidar,Lidar Rate,10,337.13
fbba6ee856a06266661a27c787945e6f,Input Validity,Odometry,Odometry Rate,50,337.13
fbba6ee856a06266661a27c787945e6f,Input Validity,TF,TF Rate,10,337.13
fbba6ee856a06266661a27c787945e6f,Localization Quality,AMCLPose,CovYawYaw,0.000858047,337.1
fbba6ee856a06266661a27c787945e6f,Localization Quality,AMCLPose,CovYY,0.0019156,337.1
fbba6ee856a06266661a27c787945e6f,Localization Quality,AMCLPose,CovXX,0.00154497,337.1
fbba6ee856a06266661a27c787945e6f,Localization Quality,AMCLPose,MeanYaw,-1.66739,337.1
fbba6ee856a06266661a27c787945e6f,Localization Quality,AMCLPose,MeanY,0.698784,337.1
fbba6ee856a06266661a27c787945e6f,Localization Quality,AMCLPose,MeanX,3.17822,337.1
fbba6ee856a06266661a27c787945e6f,Localization Stability,TF,Jump Angular,-5.96081e-05,338.1
fbba6ee856a06266661a27c787945e6f,Localization Stability,TF,Jump Linear,0.00177208,338.1
fbba6ee856a06266661a27c787945e6f,Input Validity,Lidar,Lidar Rate,10,337.23
fbba6ee856a06266661a27c787945e6f,Input Validity,Odometry,Odometry Rate,50,337.23
fbba6ee856a06266661a27c787945e6f,Input Validity,TF,TF Rate,10,337.23
fbba6ee856a06266661a27c787945e6f,Localization Quality,AMCLPose,CovYawYaw,0.00083785,337.2
fbba6ee856a06266661a27c787945e6f,Localization Quality,AMCLPose,CovYY,0.00204741,337.2
fbba6ee856a06266661a27c787945e6f,Localization Quality,AMCLPose,CovXX,0.00137215,337.2
fbba6ee856a06266661a27c787945e6f,Localization Quality,AMCLPose,MeanYaw,-1.74919,337.2
fbba6ee856a06266661a27c787945e6f,Localization Quality,AMCLPose,MeanY,0.700268,337.2
fbba6ee856a06266661a27c787945e6f,Localization Quality,AMCLPose,MeanX,3.17704,337.2
fbba6ee856a06266661a27c787945e6f,Localization Stability,TF,Jump Angular,-0.000550766,338.2
fbba6ee856a06266661a27c787945e6f,Localization Stability,TF,Jump Linear,0.0129846,338.2
fbba6ee856a06266661a27c787945e6f,Input Validity,Lidar,Lidar Rate,10,337.33
fbba6ee856a06266661a27c787945e6f,Input Validity,Odometry,Odometry Rate,50,337.33
fbba6ee856a06266661a27c787945e6f,Input Validity,TF,TF Rate,10,337.33
fbba6ee856a06266661a27c787945e6f,Localization Quality,AMCLPose,CovYawYaw,0.000927795,337.3
fbba6ee856a06266661a27c787945e6f,Localization Quality,AMCLPose,CovYY,0.00254612,337.3
fbba6ee856a06266661a27c787945e6f,Localization Quality,AMCLPose,CovXX,0.00132615,337.3
fbba6ee856a06266661a27c787945e6f,Localization Quality,AMCLPose,MeanYaw,-1.8484,337.3
fbba6ee856a06266661a27c787945e6f,Localization Quality,AMCLPose,MeanY,0.702088,337.3
fbba6ee856a06266661a27c787945e6f,Localization Quality,AMCLPose,MeanX,3.17519,337.3
fbba6ee856a06266661a27c787945e6f,Localization Stability,TF,Jump Angular,-0.000934903,338.3
fbba6ee856a06266661a27c787945e6f,Localization Stability,TF,Jump Linear,0.0215688,338.3
fbba6ee856a06266661a27c787945e6f,Input Validity,Lidar,Lidar Rate,10,337.43
fbba6ee856a06266661a27c787945e6f,Input Validity,Odometry,Odometry Rate,50,337.43
fbba6ee856a06266661a27c787945e6f,Input Validity,TF,TF Rate,10,337.43
fbba6ee856a06266661a27c787945e6f,Localization Quality,AMCLPose,CovYawYaw,0.00110589,337.4
fbba6ee856a06266661a27c787945e6f,Localization Quality,AMCLPose,CovYY,0.00269723,337.4
fbba6ee856a06266661a27c787945e6f,Localization Quality,AMCLPose,CovXX,0.00139495,337.4
fbba6ee856a06266661a27c787945e6f,Localization Quality,AMCLPose,MeanYaw,-1.96172,337.4
fbba6ee856a06266661a27c787945e6f,Localization Quality,AMCLPose,MeanY,0.706517,337.4
fbba6ee856a06266661a27c787945e6f,Localization Quality,AMCLPose,MeanX,3.17598,337.4
fbba6ee856a06266661a27c787945e6f,Localization Stability,TF,Jump Angular,0.00191754,338.4
fbba6ee856a06266661a27c787945e6f,Localization Stability,TF,Jump Linear,0.0403679,338.4
fbba6ee856a06266661a27c787945e6f,Input Validity,Lidar,Lidar Rate,10,337.53
fbba6ee856a06266661a27c787945e6f,Input Validity,Odometry,Odometry Rate,50,337.53
fbba6ee856a06266661a27c787945e6f,Input Validity,TF,TF Rate,10,337.53
fbba6ee856a06266661a27c787945e6f,Localization Quality,AMCLPose,CovYawYaw,0.00133352,337.5
fbba6ee856a06266661a27c787945e6f,Localization Quality,AMCLPose,CovYY,0.00297401,337.5
fbba6ee856a06266661a27c787945e6f,Localization Quality,AMCLPose,CovXX,0.00147674,337.5
fbba6ee856a06266661a27c787945e6f,Localization Quality,AMCLPose,MeanYaw,-2.09043,337.5
fbba6ee856a06266661a27c787945e6f,Localization Quality,AMCLPose,MeanY,0.709089,337.5
fbba6ee856a06266661a27c787945e6f,Localization Quality,AMCLPose,MeanX,3.1771,337.5
fbba6ee856a06266661a27c787945e6f,Localization Stability,TF,Jump Angular,0.00351266,338.5
fbba6ee856a06266661a27c787945e6f,Localization Stability,TF,Jump Linear,0.0779385,338.5
fbba6ee856a06266661a27c787945e6f,Input Validity,Lidar,Lidar Rate,10,337.63
fbba6ee856a06266661a27c787945e6f,Input Validity,Odometry,Odometry Rate,50,337.63
fbba6ee856a06266661a27c787945e6f,Input Validity,TF,TF Rate,10,337.63
fbba6ee856a06266661a27c787945e6f,Localization Quality,AMCLPose,CovYawYaw,0.0024859,337.6
fbba6ee856a06266661a27c787945e6f,Localization Quality,AMCLPose,CovYY,0.00398855,337.6
fbba6ee856a06266661a27c787945e6f,Localization Quality,AMCLPose,CovXX,0.00180307,337.6
fbba6ee856a06266661a27c787945e6f,Localization Quality,AMCLPose,MeanYaw,-2.24078,337.6
fbba6ee856a06266661a27c787945e6f,Localization Quality,AMCLPose,MeanY,0.711759,337.6
fbba6ee856a06266661a27c787945e6f,Localization Quality,AMCLPose,MeanX,3.17851,337.6
fbba6ee856a06266661a27c787945e6f,Localization Stability,TF,Jump Angular,-0.00115023,338.6
fbba6ee856a06266661a27c787945e6f,Localization Stability,TF,Jump Linear,0.0292783,338.6
fbba6ee856a06266661a27c787945e6f,Input Validity,Lidar,Lidar Rate,10,337.73
fbba6ee856a06266661a27c787945e6f,Input Validity,Odometry,Odometry Rate,50,337.73
fbba6ee856a06266661a27c787945e6f,Input Validity,TF,TF Rate,10,337.73
fbba6ee856a06266661a27c787945e6f,Localization Quality,AMCLPose,CovYawYaw,0.00390298,337.7
fbba6ee856a06266661a27c787945e6f,Localization Quality,AMCLPose,CovYY,0.00464972,337.7
fbba6ee856a06266661a27c787945e6f,Localization Quality,AMCLPose,CovXX,0.00222072,337.7
fbba6ee856a06266661a27c787945e6f,Localization Quality,AMCLPose,MeanYaw,-2.40492,337.7
fbba6ee856a06266661a27c787945e6f,Localization Quality,AMCLPose,MeanY,0.711687,337.7
fbba6ee856a06266661a27c787945e6f,Localization Quality,AMCLPose,MeanX,3.17718,337.7
fbba6ee856a06266661a27c787945e6f,Localization Stability,TF,Jump Angular,0.000106546,338.7
fbba6ee856a06266661a27c787945e6f,Localization Stability,TF,Jump Linear,0.00354625,338.7
fbba6ee856a06266661a27c787945e6f,Localization Recovery,TTR,Kidnap Angle,1.1578,337.77
fbba6ee856a06266661a27c787945e6f,Localization Recovery,TTR,Kidnap Distance,0.728025,337.77
fbba6ee856a06266661a27c787945e6f,Localization Recovery,TTR,TTR Outcome,0,337.77
fbba6ee856a06266661a27c787945e6f,Localization Recovery,TTR,TTR,-1,337.77
fbba6ee856a06266661a27c787945e6f,Mission Outcome,Episode Event,Recoveries,0,337.77
fbba6ee856a06266661a27c787945e6f,Mission Outcome,Episode Event,Collisions,0,337.77
fbba6ee856a06266661a27c787945e6f,Mission Outcome,Episode Event,Navigation Time,19.84,337.77
fbba6ee856a06266661a27c787945e6f,Mission Outcome,Episode Event,Goal Result,1,337.77
fbba6ee856a06266661a27c787945e6f,Input Validity,AMCLPose,Pose Monotonicity,0,337.77
fbba6ee856a06266661a27c787945e6f,Input Validity,Lidar,Lidar Frame Mistmatch,0,337.77
fbba6ee856a06266661a27c787945e6f,Input Validity,Lidar,Lidar Monotonicity,0,337.77
fbba6ee856a06266661a27c787945e6f,Input Validity,Odometry,Odometry Frame Mismatch,0,337.77
fbba6ee856a06266661a27c787945e6f,Input Validity,Odometry,Odometry Monotonicity,0,337.77
fbba6ee856a06266661a27c787945e6f,Input Validity,TF,TF Gap Count,0,337.77
fbba6ee856a06266661a27c787945e6f,Input Validity,TF,TF Frame Drop,992,337.77
fbba6ee856a06266661a27c787945e6f,Input Validity,TF,TF Monotonicity,0,337.77
fbba6ee856a06266661a27c787945e6f,map,-2.22499,-1.37502,116.907,3.175,0.625,-142.553,1,SUCCEEDED,2,19.84,317.93,337.77,0.050996,0.109976,0.654637,0.0401003,0.00288838,0.0659345,0.0381465,402.444,1995,5.80876,22.2454,0.751047,1.18161,0,992,0.991343
56de627a7992efb6d44a5865f1f14fb0,Localization Stability,TF,Jump Angular,0,343.9
56de627a7992efb6d44a5865f1f14fb0,Localization Stability,TF,Jump Linear,0,343.9
56de627a7992efb6d44a5865f1f14fb0,Input Validity,Lidar,Lidar Rate,10,342.99
56de627a7992efb6d44a5865f1f14fb0,Input Validity,Odometry,Odometry Rate,50,342.99
56de627a7992efb6d44a5865f1f14fb0,Input Validity,TF,TF Rate,10,342.99
56de627a7992efb6d44a5865f1f14fb0,Input Validity,Lidar,Lidar Rate,10,343.09
56de627a7992efb6d44a5865f1f14fb0,Input Validity,Odometry,Odometry Rate,50,343.09
56de627a7992efb6d44a5865f1f14fb0,Input Validity,TF,TF Rate,10,343.09
56de627a7992efb6d44a5865f1f14fb0,Localization Stability,TF,Jump Angular,-0.000386125,344
56de627a7992efb6d44a5865f1f14fb0,Localization Stability,TF,Jump Linear,0.00907825,344
56de627a7992efb6d44a5865f1f14fb0,Localization Stability,TF,Jump Angular,0,344.1
56de627a7992efb6d44a5865f1f14fb0,Localization Stability,TF,Jump Linear,0,344.1
56de627a7992efb6d44a5865f1f14fb0,Input Validity,Lidar,Lidar Rate,10,343.19
56de627a7992efb6d44a5865f1f14fb0,Input Validity,Odometry,Odometry Rate,50,343.19
56de627a7992efb6d44a5865f1f14fb0,Input Validity,TF,TF Rate,10,343.19
56de627a7992efb6d44a5865f1f14fb0,Localization Stability,TF,Jump Angular,0,344.2
56de627a7992efb6d44a5865f1f14fb0,Localization Stability,TF,Jump Linear,0,344.2
56de627a7992efb6d44a5865f1f14fb0,Input Validity,Lidar,Lidar Rate,10,343.29
56de627a7992efb6d44a5865f1f14fb0,Input Validity,Odometry,Odometry Rate,50,343.29
56de627a7992efb6d44a5865f1f14fb0,Input Validity,TF,TF Rate,10,343.29
56de627a7992efb6d44a5865f1f14fb0,Localization Stability,TF,Jump Angular,0,344.3
56de627a7992efb6d44a5865f1f14fb0,Localization Stability,TF,Jump Linear,0,344.3
56de627a7992efb6d44a5865f1f14fb0,Input Validity,Lidar,Lidar Rate,10,343.39
56de627a7992efb6d44a5865f1f14fb0,Input Validity,Odometry,Odometry Rate,50,343.39
56de627a7992efb6d44a5865f1f14fb0,Input Validity,TF,TF Rate,10,343.39
56de627a7992efb6d44a5865f1f14fb0,Localization Quality,AMCLPose,CovYawYaw,0.00160261,343.4
56de627a7992efb6d44a5865f1f14fb0,Localization Quality,AMCLPose,CovYY,0.00308379,343.4
56de627a7992efb6d44a5865f1f14fb0,Localization Quality,AMCLPose,CovXX,0.00298841,343.4
56de627a7992efb6d44a5865f1f14fb0,Localization Quality,AMCLPose,MeanYaw,-2.84917,343.4
56de627a7992efb6d44a5865f1f14fb0,Localization Quality,AMCLPose,MeanY,0.679747,343.4
56de627a7992efb6d44a5865f1f14fb0,Localization Quality,AMCLPose,MeanX,3.06821,343.4
56de627a7992efb6d44a5865f1f14fb0,Localization Stability,TF,Jump Angular,0.00222998,344.4
56de627a7992efb6d44a5865f1f14fb0,Localization Stability,TF,Jump Linear,0.0522107,344.4
56de627a7992efb6d44a5865f1f14fb0,Input Validity,Lidar,Lidar Rate,10,343.49
56de627a7992efb6d44a5865f1f14fb0,Input Validity,Odometry,Odometry Rate,50,343.49
56de627a7992efb6d44a5865f1f14fb0,Input Validity,TF,TF Rate,10,343.49
56de627a7992efb6d44a5865f1f14fb0,Localization Stability,TF,Jump Angular,0,344.5
56de627a7992efb6d44a5865f1f14fb0,Localization Stability,TF,Jump Linear,0,344.5
56de627a7992efb6d44a5865f1f14fb0,Input Validity,Lidar,Lidar Rate,10,343.59
56de627a7992efb6d44a5865f1f14fb0,Input Validity,Odometry,Odometry Rate,50,343.59
56de627a7992efb6d44a5865f1f14fb0,Input Validity,TF,TF Rate,10,343.59
56de627a7992efb6d44a5865f1f14fb0,Localization Stability,TF,Jump Angular,0,344.6
56de627a7992efb6d44a5865f1f14fb0,Localization Stability,TF,Jump Linear,0,344.6
56de627a7992efb6d44a5865f1f14fb0,Input Validity,Lidar,Lidar Rate,10,343.69
56de627a7992efb6d44a5865f1f14fb0,Input Validity,Odometry,Odometry Rate,50,343.69
56de627a7992efb6d44a5865f1f14fb0,Input Validity,TF,TF Rate,10,343.69
56de627a7992efb6d44a5865f1f14fb0,Input Validity,Lidar,Lidar Rate,10,343.79
56de627a7992efb6d44a5865f1f14fb0,Input Validity,Odometry,Odometry Rate,50,343.79
56de627a7992efb6d44a5865f1f14fb0,Input Validity,TF,TF Rate,10,343.79
56de627a7992efb6d44a5865f1f14fb0,Localization Quality,AMCLPose,CovYawYaw,0.002216,343.7
56de627a7992efb6d44a5865f1f14fb0,Localization Quality,AMCLPose,CovYY,0.00289524,343.7
56de627a7992efb6d44a5865f1f14fb0,Localization Quality,AMCLPose,CovXX,0.00346882,343.7
56de627a7992efb6d44a5865f1f14fb0,Localization Quality,AMCLPose,MeanYaw,-2.84939,343.7
56de627a7992efb6d44a5865f1f14fb0,Localization Quality,AMCLPose,MeanY,0.639532,343.7
56de627a7992efb6d44a5865f1f14fb0,Localization Quality,AMCLPose,MeanX,2.93787,343.7
56de627a7992efb6d44a5865f1f14fb0,Localization Stability,TF,Jump Angular,0.0021917,344.7
56de627a7992efb6d44a5865f1f14fb0,Localization Stability,TF,Jump Linear,0.0526367,344.7
56de627a7992efb6d44a5865f1f14fb0,Localization Stability,TF,Jump Angular,0,344.8
56de627a7992efb6d44a5865f1f14fb0,Localization Stability,TF,Jump Linear,0,344.8
56de627a7992efb6d44a5865f1f14fb0,Input Validity,Lidar,Lidar Rate,10,343.89
56de627a7992efb6d44a5865f1f14fb0,Input Validity,Odometry,Odometry Rate,50,343.89
56de627a7992efb6d44a5865f1f14fb0,Input Validity,TF,TF Rate,10,343.89
56de627a7992efb6d44a5865f1f14fb0,Localization Stability,TF,Jump Angular,0,344.9
56de627a7992efb6d44a5865f1f14fb0,Localization Stability,TF,Jump Linear,0,344.9
56de627a7992efb6d44a5865f1f14fb0,Input Validity,Lidar,Lidar Rate,10,343.99
56de627a7992efb6d44a5865f1f14fb0,Input Validity,Odometry,Odometry Rate,50,343.99
56de627a7992efb6d44a5865f1f14fb0,Input Validity,TF,TF Rate,10,343.99
56de627a7992efb6d44a5865f1f14fb0,Input Validity,Lidar,Lidar Rate,10,344.09
56de627a7992efb6d44a5865f1f14fb0,Input Validity,Odometry,Odometry Rate,50,344.09
56de627a7992efb6d44a5865f1f14fb0,Input Validity,TF,TF Rate,10,344.09
56de627a7992efb6d44a5865f1f14fb0,Input Validity,Lidar,Lidar Rate,10,344.19
56de627a7992efb6d44a5865f1f14fb0,Input Validity,Odometry,Odometry Rate,50,344.19
56de627a7992efb6d44a5865f1f14fb0,Input Validity,TF,TF Rate,10,344.19
56de627a7992efb6d44a5865f1f14fb0,Input Validity,Lidar,Lidar Rate,10,344.29
56de627a7992efb6d44a5865f1f14fb0,Input Validity,Odometry,Odometry Rate,50,344.29
56de627a7992efb6d44a5865f1f14fb0,Input Validity,TF,TF Rate,10,344.29
56de627a7992efb6d44a5865f1f14fb0,Localization Quality,AMCLPose,CovYawYaw,8.71671,344
56de627a7992efb6d44a5865f1f14fb0,Localization Quality,AMCLPose,CovYY,7.88479,344
56de627a7992efb6d44a5865f1f14fb0,Localization Quality,AMCLPose,CovXX,23.4197,344
56de627a7992efb6d44a5865f1f14fb0,Localization Quality,AMCLPose,MeanYaw,-2.2649,344
56de627a7992efb6d44a5865f1f14fb0,Localization Quality,AMCLPose,MeanY,-0.608173,344
56de627a7992efb6d44a5865f1f14fb0,Localization Quality,AMCLPose,MeanX,0.407168,344
56de627a7992efb6d44a5865f1f14fb0,Localization Stability,TF,Jump Angular,0.580496,345
56de627a7992efb6d44a5865f1f14fb0,Localization Stability,TF,Jump Linear,15.3077,345
56de627a7992efb6d44a5865f1f14fb0,Localization Stability,TF,Jump Angular,0,345.1
56de627a7992efb6d44a5865f1f14fb0,Localization Stability,TF,Jump Linear,0,345.1
56de627a7992efb6d44a5865f1f14fb0,Localization Stability,TF,Jump Angular,0,345.2
56de627a7992efb6d44a5865f1f14fb0,Localization Stability,TF,Jump Linear,0,345.2
56de627a7992efb6d44a5865f1f14fb0,Input Validity,Lidar,Lidar Rate,10,344.39
56de627a7992efb6d44a5865f1f14fb0,Input Validity,Odometry,Odometry Rate,50,344.39
56de627a7992efb6d44a5865f1f14fb0,Input Validity,TF,TF Rate,10,344.39
56de627a7992efb6d44a5865f1f14fb0,Input Validity,Lidar,Lidar Rate,10,344.48
56de627a7992efb6d44a5865f1f14fb0,Input Validity,Odometry,Odometry Rate,50,344.48
56de627a7992efb6d44a5865f1f14fb0,Input Validity,TF,TF Rate,10,344.48
56de627a7992efb6d44a5865f1f14fb0,Input Validity,Lidar,Lidar Rate,10,344.58
56de627a7992efb6d44a5865f1f14fb0,Input Validity,Odometry,Odometry Rate,50,344.58
56de627a7992efb6d44a5865f1f14fb0,Input Validity,TF,TF Rate,10,344.58
56de627a7992efb6d44a5865f1f14fb0,Localization Quality,AMCLPose,CovYawYaw,7.58719,344.3
56de627a7992efb6d44a5865f1f14fb0,Localization Quality,AMCLPose,CovYY,8.17287,344.3
56de627a7992efb6d44a5865f1f14fb0,Localization Quality,AMCLPose,CovXX,21.9963,344.3
56de627a7992efb6d44a5865f1f14fb0,Localization Quality,AMCLPose,MeanYaw,-2.42303,344.3
56de627a7992efb6d44a5865f1f14fb0,Localization Quality,AMCLPose,MeanY,-0.609329,344.3
56de627a7992efb6d44a5865f1f14fb0,Localization Quality,AMCLPose,MeanX,0.586642,344.3
56de627a7992efb6d44a5865f1f14fb0,Localization Stability,TF,Jump Angular,-0.164426,345.3
56de627a7992efb6d44a5865f1f14fb0,Localization Stability,TF,Jump Linear,3.90815,345.3
56de627a7992efb6d44a5865f1f14fb0,Localization Stability,TF,Jump Angular,0,345.4
56de627a7992efb6d44a5865f1f14fb0,Localization Stability,TF,Jump Linear,0,345.4
56de627a7992efb6d44a5865f1f14fb0,Localization Stability,TF,Jump Angular,0,345.5
56de627a7992efb6d44a5865f1f14fb0,Localization Stability,TF,Jump Linear,0,345.5
56de627a7992efb6d44a5865f1f14fb0,Input Validity,Lidar,Lidar Rate,10,344.68
56de627a7992efb6d44a5865f1f14fb0,Input Validity,Odometry,Odometry Rate,50,344.68
56de627a7992efb6d44a5865f1f14fb0,Input Validity,TF,TF Rate,10,344.68
56de627a7992efb6d44a5865f1f14fb0,Input Validity,Lidar,Lidar Rate,10,344.78
56de627a7992efb6d44a5865f1f14fb0,Input Validity,Odometry,Odometry Rate,50,344.78
56de627a7992efb6d44a5865f1f14fb0,Input Validity,TF,TF Rate,10,344.78
56de627a7992efb6d44a5865f1f14fb0,Input Validity,Lidar,Lidar Rate,10,344.88
56de627a7992efb6d44a5865f1f14fb0,Input Validity,Odometry,Odometry Rate,50,344.88
56de627a7992efb6d44a5865f1f14fb0,Input Validity,TF,TF Rate,10,344.88
56de627a7992efb6d44a5865f1f14fb0,Localization Quality,AMCLPose,CovYawYaw,5.8067,344.6
56de627a7992efb6d44a5865f1f14fb0,Localization Quality,AMCLPose,CovYY,8.71536,344.6
56de627a7992efb6d44a5865f1f14fb0,Localization Quality,AMCLPose,CovXX,21.5187,344.6
56de627a7992efb6d44a5865f1f14fb0,Localization Quality,AMCLPose,MeanYaw,-2.74787,344.6
56de627a7992efb6d44a5865f1f14fb0,Localization Quality,AMCLPose,MeanY,-0.671983,344.6
56de627a7992efb6d44a5865f1f14fb0,Localization Quality,AMCLPose,MeanX,0.678066,344.6
56de627a7992efb6d44a5865f1f14fb0,Localization Stability,TF,Jump Angular,-0.351671,345.6
56de627a7992efb6d44a5865f1f14fb0,Localization Stability,TF,Jump Linear,8.0423,345.6
56de627a7992efb6d44a5865f1f14fb0,Localization Stability,TF,Jump Angular,0,345.7
56de627a7992efb6d44a5865f1f14fb0,Localization Stability,TF,Jump Linear,0,345.7
56de627a7992efb6d44a5865f1f14fb0,Localization Stability,TF,Jump Angular,0,345.8
56de627a7992efb6d44a5865f1f14fb0,Localization Stability,TF,Jump Linear,0,345.8
56de627a7992efb6d44a5865f1f14fb0,Input Validity,Lidar,Lidar Rate,10,344.98
56de627a7992efb6d44a5865f1f14fb0,Input Validity,Odometry,Odometry Rate,50,344.98
56de627a7992efb6d44a5865f1f14fb0,Input Validity,TF,TF Rate,10,344.98
56de627a7992efb6d44a5865f1f14fb0,Input Validity,Lidar,Lidar Rate,10,345.08
56de627a7992efb6d44a5865f1f14fb0,Input Validity,Odometry,Odometry Rate,50,345.08
56de627a7992efb6d44a5865f1f14fb0,Input Validity,TF,TF Rate,10,345.08
56de627a7992efb6d44a5865f1f14fb0,Input Validity,Lidar,Lidar Rate,10,345.18
56de627a7992efb6d44a5865f1f14fb0,Input Validity,Odometry,Odometry Rate,50,345.18
56de627a7992efb6d44a5865f1f14fb0,Input Validity,TF,TF Rate,10,345.18
56de627a7992efb6d44a5865f1f14fb0,Localization Quality,AMCLPose,CovYawYaw,4.44707,344.9
56de627a7992efb6d44a5865f1f14fb0,Localization Quality,AMCLPose,CovYY,9.21075,344.9
56de627a7992efb6d44a5865f1f14fb0,Localization Quality,AMCLPose,CovXX,20.0054,344.9
56de627a7992efb6d44a5865f1f14fb0,Localization Quality,AMCLPose,MeanYaw,-2.71121,344.9
56de627a7992efb6d44a5865f1f14fb0,Localization Quality,AMCLPose,MeanY,-0.764398,344.9
56de627a7992efb6d44a5865f1f14fb0,Localization Quality,AMCLPose,MeanX,0.963247,344.9
56de627a7992efb6d44a5865f1f14fb0,Localization Stability,TF,Jump Angular,-0.00150483,345.9
56de627a7992efb6d44a5865f1f14fb0,Localization Stability,TF,Jump Linear,0.43202,345.9
56de627a7992efb6d44a5865f1f14fb0,Localization Stability,TF,Jump Angular,0,346
56de627a7992efb6d44a5865f1f14fb0,Localization Stability,TF,Jump Linear,0,346
56de627a7992efb6d44a5865f1f14fb0,Localization Stability,TF,Jump Angular,0,346.1
56de627a7992efb6d44a5865f1f14fb0,Localization Stability,TF,Jump Linear,0,346.1
56de627a7992efb6d44a5865f1f14fb0,Input Validity,Lidar,Lidar Rate,10,345.28
56de627a7992efb6d44a5865f1f14fb0,Input Validity,Odometry,Odometry Rate,50,345.28
56de627a7992efb6d44a5865f1f14fb0,Input Validity,TF,TF Rate,10,345.28
56de627a7992efb6d44a5865f1f14fb0,Input Validity,Lidar,Lidar Rate,10,345.38
56de627a7992efb6d44a5865f1f14fb0,Input Validity,Odometry,Odometry Rate,50,345.38
56de627a7992efb6d44a5865f1f14fb0,Input Validity,TF,TF Rate,10,345.38
56de627a7992efb6d44a5865f1f14fb0,Localization Quality,AMCLPose,CovYawYaw,3.58225,345.2
56de627a7992efb6d44a5865f1f14fb0,Localization Quality,AMCLPose,CovYY,9.73073,345.2
56de627a7992efb6d44a5865f1f14fb0,Localization Quality,AMCLPose,CovXX,18.3258,345.2
56de627a7992efb6d44a5865f1f14fb0,Localization Quality,AMCLPose,MeanYaw,-2.85503,345.2
56de627a7992efb6d44a5865f1f14fb0,Localization Quality,AMCLPose,MeanY,-0.918779,345.2
56de627a7992efb6d44a5865f1f14fb0,Localization Quality,AMCLPose,MeanX,1.21652,345.2
56de627a7992efb6d44a5865f1f14fb0,Localization Stability,TF,Jump Angular,-0.0832684,346.2
56de627a7992efb6d44a5865f1f14fb0,Localization Stability,TF,Jump Linear,2.07699,346.2
56de627a7992efb6d44a5865f1f14fb0,Input Validity,Lidar,Lidar Rate,10,345.48
56de627a7992efb6d44a5865f1f14fb0,Input Validity,Odometry,Odometry Rate,50,345.48
56de627a7992efb6d44a5865f1f14fb0,Input Validity,TF,TF Rate,10,345.48
56de627a7992efb6d44a5865f1f14fb0,Input Validity,Lidar,Lidar Rate,10,345.58
56de627a7992efb6d44a5865f1f14fb0,Input Validity,Odometry,Odometry Rate,50,345.58
56de627a7992efb6d44a5865f1f14fb0,Input Validity,TF,TF Rate,10,345.58
56de627a7992efb6d44a5865f1f14fb0,Input Validity,Lidar,Lidar Rate,10,345.68
56de627a7992efb6d44a5865f1f14fb0,Input Validity,Odometry,Odometry Rate,50,345.68
56de627a7992efb6d44a5865f1f14fb0,Input Validity,TF,TF Rate,10,345.68
56de627a7992efb6d44a5865f1f14fb0,Localization Quality,AMCLPose,CovYawYaw,2.89004,345.3
56de627a7992efb6d44a5865f1f14fb0,Localization Quality,AMCLPose,CovYY,9.7904,345.3
56de627a7992efb6d44a5865f1f14fb0,Localization Quality,AMCLPose,CovXX,16.2723,345.3
56de627a7992efb6d44a5865f1f14fb0,Localization Quality,AMCLPose,MeanYaw,-2.68677,345.3
56de627a7992efb6d44a5865f1f14fb0,Localization Quality,AMCLPose,MeanY,-1.24062,345.3
56de627a7992efb6d44a5865f1f14fb0,Localization Quality,AMCLPose,MeanX,1.97603,345.3
56de627a7992efb6d44a5865f1f14fb0,Localization Stability,TF,Jump Angular,0.222435,346.3
56de627a7992efb6d44a5865f1f14fb0,Localization Stability,TF,Jump Linear,4.78547,346.3
56de627a7992efb6d44a5865f1f14fb0,Input Validity,Lidar,Lidar Rate,10,345.78
56de627a7992efb6d44a5865f1f14fb0,Input Validity,Odometry,Odometry Rate,50,345.78
56de627a7992efb6d44a5865f1f14fb0,Input Validity,TF,TF Rate,10,345.78
56de627a7992efb6d44a5865f1f14fb0,Input Validity,Lidar,Lidar Rate,10,345.88
56de627a7992efb6d44a5865f1f14fb0,Input Validity,Odometry,Odometry Rate,50,345.88
56de627a7992efb6d44a5865f1f14fb0,Input Validity,TF,TF Rate,10,345.88
56de627a7992efb6d44a5865f1f14fb0,Localization Quality,AMCLPose,CovYawYaw,2.33819,345.4
56de627a7992efb6d44a5865f1f14fb0,Localization Quality,AMCLPose,CovYY,9.67711,345.4
56de627a7992efb6d44a5865f1f14fb0,Localization Quality,AMCLPose,CovXX,13.7322,345.4
56de627a7992efb6d44a5865f1f14fb0,Localization Quality,AMCLPose,MeanYaw,-2.63082,345.4
56de627a7992efb6d44a5865f1f14fb0,Localization Quality,AMCLPose,MeanY,-3.4959,345.4
56de627a7992efb6d44a5865f1f14fb0,Localization Quality,AMCLPose,MeanX,3.15749,345.4
56de627a7992efb6d44a5865f1f14fb0,Localization Stability,TF,Jump Angular,0.127091,346.4
56de627a7992efb6d44a5865f1f14fb0,Localization Stability,TF,Jump Linear,4.69949,346.4
56de627a7992efb6d44a5865f1f14fb0,Input Validity,Lidar,Lidar Rate,10,345.98
56de627a7992efb6d44a5865f1f14fb0,Input Validity,Odometry,Odometry Rate,50,345.98
56de627a7992efb6d44a5865f1f14fb0,Input Validity,TF,TF Rate,10,345.98
56de627a7992efb6d44a5865f1f14fb0,Input Validity,Lidar,Lidar Rate,10,346.08
56de627a7992efb6d44a5865f1f14fb0,Input Validity,Odometry,Odometry Rate,50,346.08
56de627a7992efb6d44a5865f1f14fb0,Input Validity,TF,TF Rate,10,346.08
56de627a7992efb6d44a5865f1f14fb0,Input Validity,Lidar,Lidar Rate,10,346.17
56de627a7992efb6d44a5865f1f14fb0,Input Validity,Odometry,Odometry Rate,50,346.17
56de627a7992efb6d44a5865f1f14fb0,Input Validity,TF,TF Rate,10,346.17
56de627a7992efb6d44a5865f1f14fb0,Input Validity,Lidar,Lidar Rate,10,346.27
56de627a7992efb6d44a5865f1f14fb0,Input Validity,Odometry,Odometry Rate,50,346.27
56de627a7992efb6d44a5865f1f14fb0,Input Validity,TF,TF Rate,10,346.27
56de627a7992efb6d44a5865f1f14fb0,Localization Quality,AMCLPose,CovYawYaw,2.00314,345.5
56de627a7992efb6d44a5865f1f14fb0,Localization Quality,AMCLPose,CovYY,8.96115,345.5
56de627a7992efb6d44a5865f1f14fb0,Localization Quality,AMCLPose,CovXX,11.8677,345.5
56de627a7992efb6d44a5865f1f14fb0,Localization Quality,AMCLPose,MeanYaw,-2.91788,345.5
56de627a7992efb6d44a5865f1f14fb0,Localization Quality,AMCLPose,MeanY,-3.36772,345.5
56de627a7992efb6d44a5865f1f14fb0,Localization Quality,AMCLPose,MeanX,2.0818,345.5
56de627a7992efb6d44a5865f1f14fb0,Localization Stability,TF,Jump Angular,-0.198944,346.5
56de627a7992efb6d44a5865f1f14fb0,Localization Stability,TF,Jump Linear,4.10717,346.5
56de627a7992efb6d44a5865f1f14fb0,Input Validity,Lidar,Lidar Rate,10,346.37
56de627a7992efb6d44a5865f1f14fb0,Input Validity,Odometry,Odometry Rate,50,346.37
56de627a7992efb6d44a5865f1f14fb0,Input Validity,TF,TF Rate,10,346.37
56de627a7992efb6d44a5865f1f14fb0,Input Validity,Lidar,Lidar Rate,10,346.47
56de627a7992efb6d44a5865f1f14fb0,Input Validity,Odometry,Odometry Rate,50,346.47
56de627a7992efb6d44a5865f1f14fb0,Input Validity,TF,TF Rate,10,346.47
56de627a7992efb6d44a5865f1f14fb0,Input Validity,Lidar,Lidar Rate,10,346.57
56de627a7992efb6d44a5865f1f14fb0,Input Validity,Odometry,Odometry Rate,50,346.57
56de627a7992efb6d44a5865f1f14fb0,Input Validity,TF,TF Rate,10,346.57
56de627a7992efb6d44a5865f1f14fb0,Input Validity,Lidar,Lidar Rate,10,346.67
56de627a7992efb6d44a5865f1f14fb0,Input Validity,Odometry,Odometry Rate,50,346.67
56de627a7992efb6d44a5865f1f14fb0,Input Validity,TF,TF Rate,10,346.67
56de627a7992efb6d44a5865f1f14fb0,Input Validity,Lidar,Lidar Rate,10,346.77
56de627a7992efb6d44a5865f1f14fb0,Input Validity,Odometry,Odometry Rate,50,346.77
56de627a7992efb6d44a5865f1f14fb0,Input Validity,TF,TF Rate,10,346.77
56de627a7992efb6d44a5865f1f14fb0,Localization Quality,AMCLPose,CovYawYaw,1.70903,345.8
56de627a7992efb6d44a5865f1f14fb0,Localization Quality,AMCLPose,CovYY,8.00773,345.8
56de627a7992efb6d44a5865f1f14fb0,Localization Quality,AMCLPose,CovXX,9.82649,345.8
56de627a7992efb6d44a5865f1f14fb0,Localization Quality,AMCLPose,MeanYaw,3.13814,345.8
56de627a7992efb6d44a5865f1f14fb0,Localization Quality,AMCLPose,MeanY,-3.54668,345.8
56de627a7992efb6d44a5865f1f14fb0,Localization Quality,AMCLPose,MeanX,1.37181,345.8
56de627a7992efb6d44a5865f1f14fb0,Localization Stability,TF,Jump Angular,0.132759,346.8
56de627a7992efb6d44a5865f1f14fb0,Localization Stability,TF,Jump Linear,3.5706,346.8
56de627a7992efb6d44a5865f1f14fb0,Input Validity,Lidar,Lidar Rate,10,346.87
56de627a7992efb6d44a5865f1f14fb0,Input Validity,Odometry,Odometry Rate,50,346.87
56de627a7992efb6d44a5865f1f14fb0,Input Validity,TF,TF Rate,9,346.87
56de627a7992efb6d44a5865f1f14fb0,Input Validity,Lidar,Lidar Rate,10,346.97
56de627a7992efb6d44a5865f1f14fb0,Input Validity,Odometry,Odometry Rate,50,346.97
56de627a7992efb6d44a5865f1f14fb0,Input Validity,TF,TF Rate,9,346.97
56de627a7992efb6d44a5865f1f14fb0,Input Validity,Lidar,Lidar Rate,10,347.07
56de627a7992efb6d44a5865f1f14fb0,Input Validity,Odometry,Odometry Rate,50,347.07
56de627a7992efb6d44a5865f1f14fb0,Input Validity,TF,TF Rate,9,347.07
56de627a7992efb6d44a5865f1f14fb0,Localization Quality,AMCLPose,CovYawYaw,1.32868,346.3
56de627a7992efb6d44a5865f1f14fb0,Localization Quality,AMCLPose,CovYY,6.89493,346.3
56de627a7992efb6d44a5865f1f14fb0,Localization Quality,AMCLPose,CovXX,7.10318,346.3
56de627a7992efb6d44a5865f1f14fb0,Localization Quality,AMCLPose,MeanYaw,1.30267,346.3
56de627a7992efb6d44a5865f1f14fb0,Localization Quality,AMCLPose,MeanY,1.18605,346.3
56de627a7992efb6d44a5865f1f14fb0,Localization Quality,AMCLPose,MeanX,2.12834,346.3
56de627a7992efb6d44a5865f1f14fb0,Localization Stability,TF,Jump Angular,-1.4637,347.3
56de627a7992efb6d44a5865f1f14fb0,Localization Stability,TF,Jump Linear,32.3968,347.3
56de627a7992efb6d44a5865f1f14fb0,Localization Stability,TF,Jump Angular,0,347.6
56de627a7992efb6d44a5865f1f14fb0,Localization Stability,TF,Jump Linear,0,347.6
56de627a7992efb6d44a5865f1f14fb0,Input Validity,Lidar,Lidar Rate,10,347.17
56de627a7992efb6d44a5865f1f14fb0,Input Validity,Odometry,Odometry Rate,50,347.17
56de627a7992efb6d44a5865f1f14fb0,Input Validity,TF,TF Rate,6,347.17
56de627a7992efb6d44a5865f1f14fb0,Input Validity,Lidar,Lidar Rate,10,347.27
56de627a7992efb6d44a5865f1f14fb0,Input Validity,Odometry,Odometry Rate,50,347.27
56de627a7992efb6d44a5865f1f14fb0,Input Validity,TF,TF Rate,6,347.27
56de627a7992efb6d44a5865f1f14fb0,Input Validity,Lidar,Lidar Rate,10,347.37
56de627a7992efb6d44a5865f1f14fb0,Input Validity,Odometry,Odometry Rate,50,347.37
56de627a7992efb6d44a5865f1f14fb0,Input Validity,TF,TF Rate,6,347.37
56de627a7992efb6d44a5865f1f14fb0,Localization Quality,AMCLPose,CovYawYaw,0.957693,346.7
56de627a7992efb6d44a5865f1f14fb0,Localization Quality,AMCLPose,CovYY,5.66248,346.7
56de627a7992efb6d44a5865f1f14fb0,Localization Quality,AMCLPose,CovXX,4.85822,346.7
56de627a7992efb6d44a5865f1f14fb0,Localization Quality,AMCLPose,MeanYaw,1.40192,346.7
56de627a7992efb6d44a5865f1f14fb0,Localization Quality,AMCLPose,MeanY,1.24536,346.7
56de627a7992efb6d44a5865f1f14fb0,Localization Quality,AMCLPose,MeanX,2.14207,346.7
56de627a7992efb6d44a5865f1f14fb0,Localization Stability,TF,Jump Angular,0.000961127,347.7
56de627a7992efb6d44a5865f1f14fb0,Localization Stability,TF,Jump Linear,0.0265754,347.7
56de627a7992efb6d44a5865f1f14fb0,Input Validity,Lidar,Lidar Rate,10,347.47
56de627a7992efb6d44a5865f1f14fb0,Input Validity,Odometry,Odometry Rate,50,347.47
56de627a7992efb6d44a5865f1f14fb0,Input Validity,TF,TF Rate,6,347.47
56de627a7992efb6d44a5865f1f14fb0,Input Validity,Lidar,Lidar Rate,10,347.57
56de627a7992efb6d44a5865f1f14fb0,Input Validity,Odometry,Odometry Rate,50,347.57
56de627a7992efb6d44a5865f1f14fb0,Input Validity,TF,TF Rate,6,347.57
56de627a7992efb6d44a5865f1f14fb0,Localization Quality,AMCLPose,CovYawYaw,0.667403,346.9
56de627a7992efb6d44a5865f1f14fb0,Localization Quality,AMCLPose,CovYY,4.45243,346.9
56de627a7992efb6d44a5865f1f14fb0,Localization Quality,AMCLPose,CovXX,3.2841,346.9
56de627a7992efb6d44a5865f1f14fb0,Localization Quality,AMCLPose,MeanYaw,1.57747,346.9
56de627a7992efb6d44a5865f1f14fb0,Localization Quality,AMCLPose,MeanY,1.30561,346.9
56de627a7992efb6d44a5865f1f14fb0,Localization Quality,AMCLPose,MeanX,2.186,346.9
56de627a7992efb6d44a5865f1f14fb0,Localization Stability,TF,Jump Angular,-0.0241992,347.9
56de627a7992efb6d44a5865f1f14fb0,Localization Stability,TF,Jump Linear,0.55964,347.9
56de627a7992efb6d44a5865f1f14fb0,Localization Quality,AMCLPose,CovYawYaw,0.389887,347.1
56de627a7992efb6d44a5865f1f14fb0,Localization Quality,AMCLPose,CovYY,2.76688,347.1
56de627a7992efb6d44a5865f1f14fb0,Localization Quality,AMCLPose,CovXX,1.63117,347.1
56de627a7992efb6d44a5865f1f14fb0,Localization Quality,AMCLPose,MeanYaw,1.77382,347.1
56de627a7992efb6d44a5865f1f14fb0,Localization Quality,AMCLPose,MeanY,1.30499,347.1
56de627a7992efb6d44a5865f1f14fb0,Localization Quality,AMCLPose,MeanX,2.21413,347.1
56de627a7992efb6d44a5865f1f14fb0,Localization Stability,TF,Jump Angular,-0.00365487,348.1
56de627a7992efb6d44a5865f1f14fb0,Localization Stability,TF,Jump Linear,0.107891,348.1
56de627a7992efb6d44a5865f1f14fb0,Input Validity,Lidar,Lidar Rate,10,347.67
56de627a7992efb6d44a5865f1f14fb0,Input Validity,Odometry,Odometry Rate,50,347.67
56de627a7992efb6d44a5865f1f14fb0,Input Validity,TF,TF Rate,5,347.67
56de627a7992efb6d44a5865f1f14fb0,Localization Quality,AMCLPose,CovYawYaw,0.222443,347.2
56de627a7992efb6d44a5865f1f14fb0,Localization Quality,AMCLPose,CovYY,1.66593,347.2
56de627a7992efb6d44a5865f1f14fb0,Localization Quality,AMCLPose,CovXX,0.852349,347.2
56de627a7992efb6d44a5865f1f14fb0,Localization Quality,AMCLPose,MeanYaw,1.86809,347.2
56de627a7992efb6d44a5865f1f14fb0,Localization Quality,AMCLPose,MeanY,1.30492,347.2
56de627a7992efb6d44a5865f1f14fb0,Localization Quality,AMCLPose,MeanX,2.22508,347.2
56de627a7992efb6d44a5865f1f14fb0,Localization Stability,TF,Jump Angular,-0.00573214,348.2
56de627a7992efb6d44a5865f1f14fb0,Localization Stability,TF,Jump Linear,0.138202,348.2
56de627a7992efb6d44a5865f1f14fb0,Localization Quality,AMCLPose,CovYawYaw,0.0966239,347.3
56de627a7992efb6d44a5865f1f14fb0,Localization Quality,AMCLPose,CovYY,0.77013,347.3
56de627a7992efb6d44a5865f1f14fb0,Localization Quality,AMCLPose,CovXX,0.321716,347.3
56de627a7992efb6d44a5865f1f14fb0,Localization Quality,AMCLPose,MeanYaw,1.9591,347.3
56de627a7992efb6d44a5865f1f14fb0,Localization Quality,AMCLPose,MeanY,1.31449,347.3
56de627a7992efb6d44a5865f1f14fb0,Localization Quality,AMCLPose,MeanX,2.24111,347.3
56de627a7992efb6d44a5865f1f14fb0,Localization Stability,TF,Jump Angular,-0.00898302,348.3
56de627a7992efb6d44a5865f1f14fb0,Localization Stability,TF,Jump Linear,0.211506,348.3
56de627a7992efb6d44a5865f1f14fb0,Localization Quality,AMCLPose,CovYawYaw,0.0666288,347.4
56de627a7992efb6d44a5865f1f14fb0,Localization Quality,AMCLPose,CovYY,0.57186,347.4
56de627a7992efb6d44a5865f1f14fb0,Localization Quality,AMCLPose,CovXX,0.359336,347.4
56de627a7992efb6d44a5865f1f14fb0,Localization Quality,AMCLPose,MeanYaw,2.06023,347.4
56de627a7992efb6d44a5865f1f14fb0,Localization Quality,AMCLPose,MeanY,1.34072,347.4
56de627a7992efb6d44a5865f1f14fb0,Localization Quality,AMCLPose,MeanX,2.23627,347.4
56de627a7992efb6d44a5865f1f14fb0,Localization Stability,TF,Jump Angular,0.00112378,348.4
56de627a7992efb6d44a5865f1f14fb0,Localization Stability,TF,Jump Linear,0.0466289,348.4
56de627a7992efb6d44a5865f1f14fb0,Input Validity,Lidar,Lidar Rate,10,347.77
56de627a7992efb6d44a5865f1f14fb0,Input Validity,Odometry,Odometry Rate,50,347.77
56de627a7992efb6d44a5865f1f14fb0,Input Validity,TF,TF Rate,5,347.77
56de627a7992efb6d44a5865f1f14fb0,Localization Quality,AMCLPose,CovYawYaw,0.0619011,347.5
56de627a7992efb6d44a5865f1f14fb0,Localization Quality,AMCLPose,CovYY,0.57563,347.5
56de627a7992efb6d44a5865f1f14fb0,Localization Quality,AMCLPose,CovXX,0.304818,347.5
56de627a7992efb6d44a5865f1f14fb0,Localization Quality,AMCLPose,MeanYaw,2.15888,347.5
56de627a7992efb6d44a5865f1f14fb0,Localization Quality,AMCLPose,MeanY,1.35936,347.5
56de627a7992efb6d44a5865f1f14fb0,Localization Quality,AMCLPose,MeanX,2.23684,347.5
56de627a7992efb6d44a5865f1f14fb0,Localization Stability,TF,Jump Angular,-0.00134661,348.5
56de627a7992efb6d44a5865f1f14fb0,Localization Stability,TF,Jump Linear,0.027638,348.5
56de627a7992efb6d44a5865f1f14fb0,Localization Quality,AMCLPose,CovYawYaw,0.0731157,347.6
56de627a7992efb6d44a5865f1f14fb0,Localization Quality,AMCLPose,CovYY,0.67216,347.6
56de627a7992efb6d44a5865f1f14fb0,Localization Quality,AMCLPose,CovXX,0.384265,347.6
56de627a7992efb6d44a5865f1f14fb0,Localization Quality,AMCLPose,MeanYaw,2.25974,347.6
56de627a7992efb6d44a5865f1f14fb0,Localization Quality,AMCLPose,MeanY,1.36392,347.6
56de627a7992efb6d44a5865f1f14fb0,Localization Quality,AMCLPose,MeanX,2.23587,347.6
56de627a7992efb6d44a5865f1f14fb0,Localization Stability,TF,Jump Angular,0.000859363,348.6
56de627a7992efb6d44a5865f1f14fb0,Localization Stability,TF,Jump Linear,0.0225142,348.6
56de627a7992efb6d44a5865f1f14fb0,Localization Quality,AMCLPose,CovYawYaw,0.063675,347.7
56de627a7992efb6d44a5865f1f14fb0,Localization Quality,AMCLPose,CovYY,0.627638,347.7
56de627a7992efb6d44a5865f1f14fb0,Localization Quality,AMCLPose,CovXX,0.286367,347.7
56de627a7992efb6d44a5865f1f14fb0,Localization Quality,AMCLPose,MeanYaw,2.36157,347.7
56de627a7992efb6d44a5865f1f14fb0,Localization Quality,AMCLPose,MeanY,1.36076,347.7
56de627a7992efb6d44a5865f1f14fb0,Localization Quality,AMCLPose,MeanX,2.23509,347.7
56de627a7992efb6d44a5865f1f14fb0,Localization Stability,TF,Jump Angular,0.00183501,348.7
56de627a7992efb6d44a5865f1f14fb0,Localization Stability,TF,Jump Linear,0.0404265,348.7
56de627a7992efb6d44a5865f1f14fb0,Localization Quality,AMCLPose,CovYawYaw,0.0528912,347.8
56de627a7992efb6d44a5865f1f14fb0,Localization Quality,AMCLPose,CovYY,0.504513,347.8
56de627a7992efb6d44a5865f1f14fb0,Localization Quality,AMCLPose,CovXX,0.311998,347.8
56de627a7992efb6d44a5865f1f14fb0,Localization Quality,AMCLPose,MeanYaw,2.46434,347.8
56de627a7992efb6d44a5865f1f14fb0,Localization Quality,AMCLPose,MeanY,1.36118,347.8
56de627a7992efb6d44a5865f1f14fb0,Localization Quality,AMCLPose,MeanX,2.23486,347.8
56de627a7992efb6d44a5865f1f14fb0,Localization Stability,TF,Jump Angular,0.00276801,348.8
56de627a7992efb6d44a5865f1f14fb0,Localization Stability,TF,Jump Linear,0.0623774,348.8
56de627a7992efb6d44a5865f1f14fb0,Input Validity,Lidar,Lidar Rate,10,347.86
56de627a7992efb6d44a5865f1f14fb0,Input Validity,Odometry,Odometry Rate,50,347.86
56de627a7992efb6d44a5865f1f14fb0,Input Validity,TF,TF Rate,6,347.86
56de627a7992efb6d44a5865f1f14fb0,Localization Quality,AMCLPose,CovYawYaw,0.0628554,347.9
56de627a7992efb6d44a5865f1f14fb0,Localization Quality,AMCLPose,CovYY,0.658051,347.9
56de627a7992efb6d44a5865f1f14fb0,Localization Quality,AMCLPose,CovXX,0.368701,347.9
56de627a7992efb6d44a5865f1f14fb0,Localization Quality,AMCLPose,MeanYaw,2.56174,347.9
56de627a7992efb6d44a5865f1f14fb0,Localization Quality,AMCLPose,MeanY,1.36487,347.9
56de627a7992efb6d44a5865f1f14fb0,Localization Quality,AMCLPose,MeanX,2.23454,347.9
56de627a7992efb6d44a5865f1f14fb0,Localization Stability,TF,Jump Angular,-0.00260692,348.9
56de627a7992efb6d44a5865f1f14fb0,Localization Stability,TF,Jump Linear,0.0564702,348.9
56de627a7992efb6d44a5865f1f14fb0,Input Validity,Lidar,Lidar Rate,10,347.96
56de627a7992efb6d44a5865f1f14fb0,Input Validity,Odometry,Odometry Rate,50,347.96
56de627a7992efb6d44a5865f1f14fb0,Input Validity,TF,TF Rate,7.5,347.96
56de627a7992efb6d44a5865f1f14fb0,Input Validity,Lidar,Lidar Rate,10,348.06
56de627a7992efb6d44a5865f1f14fb0,Input Validity,Odometry,Odometry Rate,50,348.06
56de627a7992efb6d44a5865f1f14fb0,Input Validity,TF,TF Rate,7.5,348.06
56de627a7992efb6d44a5865f1f14fb0,Localization Quality,AMCLPose,CovYawYaw,0.0467725,348
56de627a7992efb6d44a5865f1f14fb0,Localization Quality,AMCLPose,CovYY,0.584758,348
56de627a7992efb6d44a5865f1f14fb0,Localization Quality,AMCLPose,CovXX,0.177737,348
56de627a7992efb6d44a5865f1f14fb0,Localization Quality,AMCLPose,MeanYaw,2.66255,348
56de627a7992efb6d44a5865f1f14fb0,Localization Quality,AMCLPose,MeanY,1.35569,348
56de627a7992efb6d44a5865f1f14fb0,Localization Quality,AMCLPose,MeanX,2.25813,348
56de627a7992efb6d44a5865f1f14fb0,Localization Stability,TF,Jump Angular,0.000813903,349
56de627a7992efb6d44a5865f1f14fb0,Localization Stability,TF,Jump Linear,0.00747622,349
56de627a7992efb6d44a5865f1f14fb0,Input Validity,Lidar,Lidar Rate,10,348.16
56de627a7992efb6d44a5865f1f14fb0,Input Validity,Odometry,Odometry Rate,50,348.16
56de627a7992efb6d44a5865f1f14fb0,Input Validity,TF,TF Rate,7.64706,348.16
56de627a7992efb6d44a5865f1f14fb0,Localization Quality,AMCLPose,CovYawYaw,0.0302999,348.1
56de627a7992efb6d44a5865f1f14fb0,Localization Quality,AMCLPose,CovYY,0.378701,348.1
56de627a7992efb6d44a5865f1f14fb0,Localization Quality,AMCLPose,CovXX,0.049357,348.1
56de627a7992efb6d44a5865f1f14fb0,Localization Quality,AMCLPose,MeanYaw,2.75674,348.1
56de627a7992efb6d44a5865f1f14fb0,Localization Quality,AMCLPose,MeanY,1.35373,348.1
56de627a7992efb6d44a5865f1f14fb0,Localization Quality,AMCLPose,MeanX,2.2753,348.1
56de627a7992efb6d44a5865f1f14fb0,Localization Stability,TF,Jump Angular,-0.00556172,349.1
56de627a7992efb6d44a5865f1f14fb0,Localization Stability,TF,Jump Linear,0.140762,349.1
56de627a7992efb6d44a5865f1f14fb0,Localization Quality,AMCLPose,CovYawYaw,0.0164853,348.2
56de627a7992efb6d44a5865f1f14fb0,Localization Quality,AMCLPose,CovYY,0.21036,348.2
56de627a7992efb6d44a5865f1f14fb0,Localization Quality,AMCLPose,CovXX,0.011722,348.2
56de627a7992efb6d44a5865f1f14fb0,Localization Quality,AMCLPose,MeanYaw,2.8252,348.2
56de627a7992efb6d44a5865f1f14fb0,Localization Quality,AMCLPose,MeanY,1.39081,348.2
56de627a7992efb6d44a5865f1f14fb0,Localization Quality,AMCLPose,MeanX,2.2844,348.2
56de627a7992efb6d44a5865f1f14fb0,Localization Stability,TF,Jump Angular,-0.0109196,349.2
56de627a7992efb6d44a5865f1f14fb0,Localization Stability,TF,Jump Linear,0.237863,349.2
56de627a7992efb6d44a5865f1f14fb0,Input Validity,Lidar,Lidar Rate,10,348.26
56de627a7992efb6d44a5865f1f14fb0,Input Validity,Odometry,Odometry Rate,50,348.26
56de627a7992efb6d44a5865f1f14fb0,Input Validity,TF,TF Rate,7.89474,348.26
56de627a7992efb6d44a5865f1f14fb0,Localization Stability,TF,Jump Angular,0,349.3
56de627a7992efb6d44a5865f1f14fb0,Localization Stability,TF,Jump Linear,0,349.3
56de627a7992efb6d44a5865f1f14fb0,Input Validity,Lidar,Lidar Rate,10,348.36
56de627a7992efb6d44a5865f1f14fb0,Input Validity,Odometry,Odometry Rate,50,348.36
56de627a7992efb6d44a5865f1f14fb0,Input Validity,TF,TF Rate,8,348.36
56de627a7992efb6d44a5865f1f14fb0,Input Validity,Lidar,Lidar Rate,10,348.46
56de627a7992efb6d44a5865f1f14fb0,Input Validity,Odometry,Odometry Rate,50,348.46
56de627a7992efb6d44a5865f1f14fb0,Input Validity,TF,TF Rate,8,348.46
56de627a7992efb6d44a5865f1f14fb0,Localization Quality,AMCLPose,CovYawYaw,0.00965448,348.4
56de627a7992efb6d44a5865f1f14fb0,Localization Quality,AMCLPose,CovYY,0.115343,348.4
56de627a7992efb6d44a5865f1f14fb0,Localization Quality,AMCLPose,CovXX,0.00763617,348.4
56de627a7992efb6d44a5865f1f14fb0,Localization Quality,AMCLPose,MeanYaw,2.87768,348.4
56de627a7992efb6d44a5865f1f14fb0,Localization Quality,AMCLPose,MeanY,1.43551,348.4
56de627a7992efb6d44a5865f1f14fb0,Localization Quality,AMCLPose,MeanX,2.28521,348.4
56de627a7992efb6d44a5865f1f14fb0,Localization Stability,TF,Jump Angular,-0.0115169,349.4
56de627a7992efb6d44a5865f1f14fb0,Localization Stability,TF,Jump Linear,0.24025,349.4
56de627a7992efb6d44a5865f1f14fb0,Localization Stability,TF,Jump Angular,0,349.5
56de627a7992efb6d44a5865f1f14fb0,Localization Stability,TF,Jump Linear,0,349.5
56de627a7992efb6d44a5865f1f14fb0,Input Validity,Lidar,Lidar Rate,10,348.56
56de627a7992efb6d44a5865f1f14fb0,Input Validity,Odometry,Odometry Rate,50,348.56
56de627a7992efb6d44a5865f1f14fb0,Input Validity,TF,TF Rate,8.94737,348.56
56de627a7992efb6d44a5865f1f14fb0,Localization Stability,TF,Jump Angular,0,349.6
56de627a7992efb6d44a5865f1f14fb0,Localization Stability,TF,Jump Linear,0,349.6
56de627a7992efb6d44a5865f1f14fb0,Input Validity,Lidar,Lidar Rate,10,348.66
56de627a7992efb6d44a5865f1f14fb0,Input Validity,Odometry,Odometry Rate,50,348.66
56de627a7992efb6d44a5865f1f14fb0,Input Validity,TF,TF Rate,9,348.66
56de627a7992efb6d44a5865f1f14fb0,Localization Stability,TF,Jump Angular,0,349.7
56de627a7992efb6d44a5865f1f14fb0,Localization Stability,TF,Jump Linear,0,349.7
56de627a7992efb6d44a5865f1f14fb0,Input Validity,Lidar,Lidar Rate,10,348.76
56de627a7992efb6d44a5865f1f14fb0,Input Validity,Odometry,Odometry Rate,50,348.76
56de627a7992efb6d44a5865f1f14fb0,Input Validity,TF,TF Rate,9,348.76
56de627a7992efb6d44a5865f1f14fb0,Input Validity,Lidar,Lidar Rate,10,348.86
56de627a7992efb6d44a5865f1f14fb0,Input Validity,Odometry,Odometry Rate,50,348.86
56de627a7992efb6d44a5865f1f14fb0,Input Validity,TF,TF Rate,9,348.86
56de627a7992efb6d44a5865f1f14fb0,Localization Stability,TF,Jump Angular,0,349.8
56de627a7992efb6d44a5865f1f14fb0,Localization Stability,TF,Jump Linear,0,349.8
56de627a7992efb6d44a5865f1f14fb0,Input Validity,Lidar,Lidar Rate,10,348.96
56de627a7992efb6d44a5865f1f14fb0,Input Validity,Odometry,Odometry Rate,50,348.96
56de627a7992efb6d44a5865f1f14fb0,Input Validity,TF,TF Rate,9.47368,348.96
56de627a7992efb6d44a5865f1f14fb0,Localization Stability,TF,Jump Angular,0,349.9
56de627a7992efb6d44a5865f1f14fb0,Localization Stability,TF,Jump Linear,0,349.9
56de627a7992efb6d44a5865f1f14fb0,Localization Stability,TF,Jump Angular,0,350
56de627a7992efb6d44a5865f1f14fb0,Localization Stability,TF,Jump Linear,0,350
56de627a7992efb6d44a5865f1f14fb0,Input Validity,Lidar,Lidar Rate,10,349.06
56de627a7992efb6d44a5865f1f14fb0,Input Validity,Odometry,Odometry Rate,50,349.06
56de627a7992efb6d44a5865f1f14fb0,Input Validity,TF,TF Rate,10,349.06
56de627a7992efb6d44a5865f1f14fb0,Localization Stability,TF,Jump Angular,0,350.1
56de627a7992efb6d44a5865f1f14fb0,Localization Stability,TF,Jump Linear,0,350.1
56de627a7992efb6d44a5865f1f14fb0,Input Validity,Lidar,Lidar Rate,10,349.16
56de627a7992efb6d44a5865f1f14fb0,Input Validity,Odometry,Odometry Rate,50,349.16
56de627a7992efb6d44a5865f1f14fb0,Input Validity,TF,TF Rate,10,349.16
56de627a7992efb6d44a5865f1f14fb0,Input Validity,Lidar,Lidar Rate,10,349.26
56de627a7992efb6d44a5865f1f14fb0,Input Validity,Odometry,Odometry Rate,50,349.26
56de627a7992efb6d44a5865f1f14fb0,Input Validity,TF,TF Rate,10,349.26
56de627a7992efb6d44a5865f1f14fb0,Localization Stability,TF,Jump Angular,0,350.2
56de627a7992efb6d44a5865f1f14fb0,Localization Stability,TF,Jump Linear,0,350.2
56de627a7992efb6d44a5865f1f14fb0,Localization Stability,TF,Jump Angular,0,350.3
56de627a7992efb6d44a5865f1f14fb0,Localization Stability,TF,Jump Linear,0,350.3
56de627a7992efb6d44a5865f1f14fb0,Input Validity,Lidar,Lidar Rate,10,349.36
56de627a7992efb6d44a5865f1f14fb0,Input Validity,Odometry,Odometry Rate,50,349.36
56de627a7992efb6d44a5865f1f14fb0,Input Validity,TF,TF Rate,10,349.36
56de627a7992efb6d44a5865f1f14fb0,Localization Stability,TF,Jump Angular,0,350.4
56de627a7992efb6d44a5865f1f14fb0,Localization Stability,TF,Jump Linear,0,350.4
56de627a7992efb6d44a5865f1f14fb0,Input Validity,Lidar,Lidar Rate,10,349.46
56de627a7992efb6d44a5865f1f14fb0,Input Validity,Odometry,Odometry Rate,50,349.46
56de627a7992efb6d44a5865f1f14fb0,Input Validity,TF,TF Rate,10,349.46
56de627a7992efb6d44a5865f1f14fb0,Localization Stability,TF,Jump Angular,0,350.5
56de627a7992efb6d44a5865f1f14fb0,Localization Stability,TF,Jump Linear,0,350.5
56de627a7992efb6d44a5865f1f14fb0,Input Validity,Lidar,Lidar Rate,10,349.55
56de627a7992efb6d44a5865f1f14fb0,Input Validity,Odometry,Odometry Rate,50,349.55
56de627a7992efb6d44a5865f1f14fb0,Input Validity,TF,TF Rate,10,349.55
56de627a7992efb6d44a5865f1f14fb0,Localization Stability,TF,Jump Angular,0,350.6
56de627a7992efb6d44a5865f1f14fb0,Localization Stability,TF,Jump Linear,0,350.6
56de627a7992efb6d44a5865f1f14fb0,Input Validity,Lidar,Lidar Rate,10,349.65
56de627a7992efb6d44a5865f1f14fb0,Input Validity,Odometry,Odometry Rate,50,349.65
56de627a7992efb6d44a5865f1f14fb0,Input Validity,TF,TF Rate,10,349.65
56de627a7992efb6d44a5865f1f14fb0,Localization Stability,TF,Jump Angular,0,350.7
56de627a7992efb6d44a5865f1f14fb0,Localization Stability,TF,Jump Linear,0,350.7
56de627a7992efb6d44a5865f1f14fb0,Input Validity,Lidar,Lidar Rate,10,349.75
56de627a7992efb6d44a5865f1f14fb0,Input Validity,Odometry,Odometry Rate,50,349.75
56de627a7992efb6d44a5865f1f14fb0,Input Validity,TF,TF Rate,10,349.75
56de627a7992efb6d44a5865f1f14fb0,Localization Stability,TF,Jump Angular,0,350.8
56de627a7992efb6d44a5865f1f14fb0,Localization Stability,TF,Jump Linear,0,350.8
56de627a7992efb6d44a5865f1f14fb0,Input Validity,Lidar,Lidar Rate,10,349.85
56de627a7992efb6d44a5865f1f14fb0,Input Validity,Odometry,Odometry Rate,50,349.85
56de627a7992efb6d44a5865f1f14fb0,Input Validity,TF,TF Rate,10,349.85
56de627a7992efb6d44a5865f1f14fb0,Localization Stability,TF,Jump Angular,0,350.9
56de627a7992efb6d44a5865f1f14fb0,Localization Stability,TF,Jump Linear,0,350.9
56de627a7992efb6d44a5865f1f14fb0,Input Validity,Lidar,Lidar Rate,10,349.95
56de627a7992efb6d44a5865f1f14fb0,Input Validity,Odometry,Odometry Rate,50,349.95
56de627a7992efb6d44a5865f1f14fb0,Input Validity,TF,TF Rate,10,349.95
56de627a7992efb6d44a5865f1f14fb0,Localization Stability,TF,Jump Angular,0,351
56de627a7992efb6d44a5865f1f14fb0,Localization Stability,TF,Jump Linear,0,351
56de627a7992efb6d44a5865f1f14fb0,Input Validity,Lidar,Lidar Rate,10,350.05
56de627a7992efb6d44a5865f1f14fb0,Input Validity,Odometry,Odometry Rate,50,350.05
56de627a7992efb6d44a5865f1f14fb0,Input Validity,TF,TF Rate,10,350.05
56de627a7992efb6d44a5865f1f14fb0,Localization Stability,TF,Jump Angular,0,351.1
56de627a7992efb6d44a5865f1f14fb0,Localization Stability,TF,Jump Linear,0,351.1
56de627a7992efb6d44a5865f1f14fb0,Input Validity,Lidar,Lidar Rate,10,350.15
56de627a7992efb6d44a5865f1f14fb0,Input Validity,Odometry,Odometry Rate,50,350.15
56de627a7992efb6d44a5865f1f14fb0,Input Validity,TF,TF Rate,10,350.15
56de627a7992efb6d44a5865f1f14fb0,Input Validity,Lidar,Lidar Rate,10,350.25
56de627a7992efb6d44a5865f1f14fb0,Input Validity,Odometry,Odometry Rate,50,350.25
56de627a7992efb6d44a5865f1f14fb0,Input Validity,TF,TF Rate,10,350.25
56de627a7992efb6d44a5865f1f14fb0,Localization Stability,TF,Jump Angular,0,351.2
56de627a7992efb6d44a5865f1f14fb0,Localization Stability,TF,Jump Linear,0,351.2
56de627a7992efb6d44a5865f1f14fb0,Input Validity,Lidar,Lidar Rate,10,350.35
56de627a7992efb6d44a5865f1f14fb0,Input Validity,Odometry,Odometry Rate,50,350.35
56de627a7992efb6d44a5865f1f14fb0,Input Validity,TF,TF Rate,10,350.35
56de627a7992efb6d44a5865f1f14fb0,Localization Stability,TF,Jump Angular,0,351.3
56de627a7992efb6d44a5865f1f14fb0,Localization Stability,TF,Jump Linear,0,351.3
56de627a7992efb6d44a5865f1f14fb0,Localization Stability,TF,Jump Angular,0,351.4
56de627a7992efb6d44a5865f1f14fb0,Localization Stability,TF,Jump Linear,0,351.4
56de627a7992efb6d44a5865f1f14fb0,Input Validity,Lidar,Lidar Rate,10,350.45
56de627a7992efb6d44a5865f1f14fb0,Input Validity,Odometry,Odometry Rate,50,350.45
56de627a7992efb6d44a5865f1f14fb0,Input Validity,TF,TF Rate,10,350.45
56de627a7992efb6d44a5865f1f14fb0,Input Validity,Lidar,Lidar Rate,10,350.55
56de627a7992efb6d44a5865f1f14fb0,Input Validity,Odometry,Odometry Rate,50,350.55
56de627a7992efb6d44a5865f1f14fb0,Input Validity,TF,TF Rate,10,350.55
56de627a7992efb6d44a5865f1f14fb0,Localization Stability,TF,Jump Angular,0,351.5
56de627a7992efb6d44a5865f1f14fb0,Localization Stability,TF,Jump Linear,0,351.5
56de627a7992efb6d44a5865f1f14fb0,Input Validity,Lidar,Lidar Rate,10,350.65
56de627a7992efb6d44a5865f1f14fb0,Input Validity,Odometry,Odometry Rate,50,350.65
56de627a7992efb6d44a5865f1f14fb0,Input Validity,TF,TF Rate,10,350.65
56de627a7992efb6d44a5865f1f14fb0,Localization Stability,TF,Jump Angular,0,351.6
56de627a7992efb6d44a5865f1f14fb0,Localization Stability,TF,Jump Linear,0,351.6
56de627a7992efb6d44a5865f1f14fb0,Input Validity,Lidar,Lidar Rate,10,350.75
56de627a7992efb6d44a5865f1f14fb0,Input Validity,Odometry,Odometry Rate,50,350.75
56de627a7992efb6d44a5865f1f14fb0,Input Validity,TF,TF Rate,10,350.75
56de627a7992efb6d44a5865f1f14fb0,Localization Stability,TF,Jump Angular,0,351.7
56de627a7992efb6d44a5865f1f14fb0,Localization Stability,TF,Jump Linear,0,351.7
56de627a7992efb6d44a5865f1f14fb0,Input Validity,Lidar,Lidar Rate,10,350.85
56de627a7992efb6d44a5865f1f14fb0,Input Validity,Odometry,Odometry Rate,50,350.85
56de627a7992efb6d44a5865f1f14fb0,Input Validity,TF,TF Rate,10,350.85
56de627a7992efb6d44a5865f1f14fb0,Localization Stability,TF,Jump Angular,0,351.8
56de627a7992efb6d44a5865f1f14fb0,Localization Stability,TF,Jump Linear,0,351.8
56de627a7992efb6d44a5865f1f14fb0,Input Validity,Lidar,Lidar Rate,10,350.95
56de627a7992efb6d44a5865f1f14fb0,Input Validity,Odometry,Odometry Rate,50,350.95
56de627a7992efb6d44a5865f1f14fb0,Input Validity,TF,TF Rate,10,350.95
56de627a7992efb6d44a5865f1f14fb0,Localization Stability,TF,Jump Angular,0,351.9
56de627a7992efb6d44a5865f1f14fb0,Localization Stability,TF,Jump Linear,0,351.9
56de627a7992efb6d44a5865f1f14fb0,Localization Stability,TF,Jump Angular,0,352
56de627a7992efb6d44a5865f1f14fb0,Localization Stability,TF,Jump Linear,0,352
56de627a7992efb6d44a5865f1f14fb0,Input Validity,Lidar,Lidar Rate,10,351.05
56de627a7992efb6d44a5865f1f14fb0,Input Validity,Odometry,Odometry Rate,50,351.05
56de627a7992efb6d44a5865f1f14fb0,Input Validity,TF,TF Rate,10,351.05
56de627a7992efb6d44a5865f1f14fb0,Localization Stability,TF,Jump Angular,0,352.1
56de627a7992efb6d44a5865f1f14fb0,Localization Stability,TF,Jump Linear,0,352.1
56de627a7992efb6d44a5865f1f14fb0,Input Validity,Lidar,Lidar Rate,10,351.15
56de627a7992efb6d44a5865f1f14fb0,Input Validity,Odometry,Odometry Rate,50,351.15
56de627a7992efb6d44a5865f1f14fb0,Input Validity,TF,TF Rate,10,351.15
56de627a7992efb6d44a5865f1f14fb0,Localization Stability,TF,Jump Angular,0,352.2
56de627a7992efb6d44a5865f1f14fb0,Localization Stability,TF,Jump Linear,0,352.2
56de627a7992efb6d44a5865f1f14fb0,Input Validity,Lidar,Lidar Rate,10,351.24
56de627a7992efb6d44a5865f1f14fb0,Input Validity,Odometry,Odometry Rate,50,351.24
56de627a7992efb6d44a5865f1f14fb0,Input Validity,TF,TF Rate,10,351.24
56de627a7992efb6d44a5865f1f14fb0,Input Validity,Lidar,Lidar Rate,10,351.34
56de627a7992efb6d44a5865f1f14fb0,Input Validity,Odometry,Odometry Rate,50,351.34
56de627a7992efb6d44a5865f1f14fb0,Input Validity,TF,TF Rate,10,351.34
56de627a7992efb6d44a5865f1f14fb0,Localization Stability,TF,Jump Angular,0,352.3
56de627a7992efb6d44a5865f1f14fb0,Localization Stability,TF,Jump Linear,0,352.3
56de627a7992efb6d44a5865f1f14fb0,Input Validity,Lidar,Lidar Rate,10,351.44
56de627a7992efb6d44a5865f1f14fb0,Input Validity,Odometry,Odometry Rate,50,351.44
56de627a7992efb6d44a5865f1f14fb0,Input Validity,TF,TF Rate,10,351.44
56de627a7992efb6d44a5865f1f14fb0,Localization Stability,TF,Jump Angular,0,352.4
56de627a7992efb6d44a5865f1f14fb0,Localization Stability,TF,Jump Linear,0,352.4
56de627a7992efb6d44a5865f1f14fb0,Input Validity,Lidar,Lidar Rate,10,351.54
56de627a7992efb6d44a5865f1f14fb0,Input Validity,Odometry,Odometry Rate,50,351.54
56de627a7992efb6d44a5865f1f14fb0,Input Validity,TF,TF Rate,10,351.54
56de627a7992efb6d44a5865f1f14fb0,Localization Stability,TF,Jump Angular,0,352.5
56de627a7992efb6d44a5865f1f14fb0,Localization Stability,TF,Jump Linear,0,352.5
56de627a7992efb6d44a5865f1f14fb0,Input Validity,Lidar,Lidar Rate,10,351.64
56de627a7992efb6d44a5865f1f14fb0,Input Validity,Odometry,Odometry Rate,50,351.64
56de627a7992efb6d44a5865f1f14fb0,Input Validity,TF,TF Rate,10,351.64
56de627a7992efb6d44a5865f1f14fb0,Localization Stability,TF,Jump Angular,0,352.6
56de627a7992efb6d44a5865f1f14fb0,Localization Stability,TF,Jump Linear,0,352.6
56de627a7992efb6d44a5865f1f14fb0,Input Validity,Lidar,Lidar Rate,10,351.74
56de627a7992efb6d44a5865f1f14fb0,Input Validity,Odometry,Odometry Rate,50,351.74
56de627a7992efb6d44a5865f1f14fb0,Input Validity,TF,TF Rate,10,351.74
56de627a7992efb6d44a5865f1f14fb0,Localization Stability,TF,Jump Angular,0,352.7
56de627a7992efb6d44a5865f1f14fb0,Localization Stability,TF,Jump Linear,0,352.7
56de627a7992efb6d44a5865f1f14fb0,Input Validity,Lidar,Lidar Rate,10,351.84
56de627a7992efb6d44a5865f1f14fb0,Input Validity,Odometry,Odometry Rate,50,351.84
56de627a7992efb6d44a5865f1f14fb0,Input Validity,TF,TF Rate,10,351.84
56de627a7992efb6d44a5865f1f14fb0,Localization Stability,TF,Jump Angular,0,352.8
56de627a7992efb6d44a5865f1f14fb0,Localization Stability,TF,Jump Linear,0,352.8
56de627a7992efb6d44a5865f1f14fb0,Localization Stability,TF,Jump Angular,0,352.9
56de627a7992efb6d44a5865f1f14fb0,Localization Stability,TF,Jump Linear,0,352.9
56de627a7992efb6d44a5865f1f14fb0,Input Validity,Lidar,Lidar Rate,10,351.94
56de627a7992efb6d44a5865f1f14fb0,Input Validity,Odometry,Odometry Rate,50,351.94
56de627a7992efb6d44a5865f1f14fb0,Input Validity,TF,TF Rate,10,351.94
56de627a7992efb6d44a5865f1f14fb0,Input Validity,Lidar,Lidar Rate,10,352.04
56de627a7992efb6d44a5865f1f14fb0,Input Validity,Odometry,Odometry Rate,50,352.04
56de627a7992efb6d44a5865f1f14fb0,Input Validity,TF,TF Rate,10,352.04
56de627a7992efb6d44a5865f1f14fb0,Localization Stability,TF,Jump Angular,0,353
56de627a7992efb6d44a5865f1f14fb0,Localization Stability,TF,Jump Linear,0,353
56de627a7992efb6d44a5865f1f14fb0,Input Validity,Lidar,Lidar Rate,10,352.14
56de627a7992efb6d44a5865f1f14fb0,Input Validity,Odometry,Odometry Rate,50,352.14
56de627a7992efb6d44a5865f1f14fb0,Input Validity,TF,TF Rate,10,352.14
56de627a7992efb6d44a5865f1f14fb0,Localization Stability,TF,Jump Angular,0,353.1
56de627a7992efb6d44a5865f1f14fb0,Localization Stability,TF,Jump Linear,0,353.1
56de627a7992efb6d44a5865f1f14fb0,Input Validity,Lidar,Lidar Rate,10,352.24
56de627a7992efb6d44a5865f1f14fb0,Input Validity,Odometry,Odometry Rate,50,352.24
56de627a7992efb6d44a5865f1f14fb0,Input Validity,TF,TF Rate,10,352.24
56de627a7992efb6d44a5865f1f14fb0,Localization Stability,TF,Jump Angular,0,353.2
56de627a7992efb6d44a5865f1f14fb0,Localization Stability,TF,Jump Linear,0,353.2
56de627a7992efb6d44a5865f1f14fb0,Input Validity,Lidar,Lidar Rate,10,352.34
56de627a7992efb6d44a5865f1f14fb0,Input Validity,Odometry,Odometry Rate,50,352.34
56de627a7992efb6d44a5865f1f14fb0,Input Validity,TF,TF Rate,10,352.34
56de627a7992efb6d44a5865f1f14fb0,Localization Stability,TF,Jump Angular,0,353.3
56de627a7992efb6d44a5865f1f14fb0,Localization Stability,TF,Jump Linear,0,353.3
56de627a7992efb6d44a5865f1f14fb0,Input Validity,Lidar,Lidar Rate,10,352.44
56de627a7992efb6d44a5865f1f14fb0,Input Validity,Odometry,Odometry Rate,50,352.44
56de627a7992efb6d44a5865f1f14fb0,Input Validity,TF,TF Rate,10,352.44
56de627a7992efb6d44a5865f1f14fb0,Localization Stability,TF,Jump Angular,0,353.4
56de627a7992efb6d44a5865f1f14fb0,Localization Stability,TF,Jump Linear,0,353.4
56de627a7992efb6d44a5865f1f14fb0,Localization Stability,TF,Jump Angular,0,353.5
56de627a7992efb6d44a5865f1f14fb0,Localization Stability,TF,Jump Linear,0,353.5
56de627a7992efb6d44a5865f1f14fb0,Input Validity,Lidar,Lidar Rate,10,352.54
56de627a7992efb6d44a5865f1f14fb0,Input Validity,Odometry,Odometry Rate,50,352.54
56de627a7992efb6d44a5865f1f14fb0,Input Validity,TF,TF Rate,10,352.54
56de627a7992efb6d44a5865f1f14fb0,Input Validity,Lidar,Lidar Rate,10,352.64
56de627a7992efb6d44a5865f1f14fb0,Input Validity,Odometry,Odometry Rate,50,352.64
56de627a7992efb6d44a5865f1f14fb0,Input Validity,TF,TF Rate,10,352.64
56de627a7992efb6d44a5865f1f14fb0,Localization Stability,TF,Jump Angular,0,353.6
56de627a7992efb6d44a5865f1f14fb0,Localization Stability,TF,Jump Linear,0,353.6
56de627a7992efb6d44a5865f1f14fb0,Input Validity,Lidar,Lidar Rate,10,352.74
56de627a7992efb6d44a5865f1f14fb0,Input Validity,Odometry,Odometry Rate,50,352.74
56de627a7992efb6d44a5865f1f14fb0,Input Validity,TF,TF Rate,10,352.74
56de627a7992efb6d44a5865f1f14fb0,Localization Stability,TF,Jump Angular,0,353.7
56de627a7992efb6d44a5865f1f14fb0,Localization Stability,TF,Jump Linear,0,353.7
56de627a7992efb6d44a5865f1f14fb0,Input Validity,Lidar,Lidar Rate,10,352.84
56de627a7992efb6d44a5865f1f14fb0,Input Validity,Odometry,Odometry Rate,50,352.84
56de627a7992efb6d44a5865f1f14fb0,Input Validity,TF,TF Rate,10,352.84
56de627a7992efb6d44a5865f1f14fb0,Localization Stability,TF,Jump Angular,0,353.8
56de627a7992efb6d44a5865f1f14fb0,Localization Stability,TF,Jump Linear,0,353.8
56de627a7992efb6d44a5865f1f14fb0,Input Validity,Lidar,Lidar Rate,10,352.93
56de627a7992efb6d44a5865f1f14fb0,Input Validity,Odometry,Odometry Rate,50,352.93
56de627a7992efb6d44a5865f1f14fb0,Input Validity,TF,TF Rate,10,352.93
56de627a7992efb6d44a5865f1f14fb0,Localization Stability,TF,Jump Angular,0,353.9
56de627a7992efb6d44a5865f1f14fb0,Localization Stability,TF,Jump Linear,0,353.9
56de627a7992efb6d44a5865f1f14fb0,Input Validity,Lidar,Lidar Rate,10,353.03
56de627a7992efb6d44a5865f1f14fb0,Input Validity,Odometry,Odometry Rate,50,353.03
56de627a7992efb6d44a5865f1f14fb0,Input Validity,TF,TF Rate,10,353.03
56de627a7992efb6d44a5865f1f14fb0,Localization Stability,TF,Jump Angular,0,354
56de627a7992efb6d44a5865f1f14fb0,Localization Stability,TF,Jump Linear,0,354
56de627a7992efb6d44a5865f1f14fb0,Input Validity,Lidar,Lidar Rate,10,353.13
56de627a7992efb6d44a5865f1f14fb0,Input Validity,Odometry,Odometry Rate,50,353.13
56de627a7992efb6d44a5865f1f14fb0,Input Validity,TF,TF Rate,10,353.13
56de627a7992efb6d44a5865f1f14fb0,Localization Stability,TF,Jump Angular,0,354.1
56de627a7992efb6d44a5865f1f14fb0,Localization Stability,TF,Jump Linear,0,354.1
56de627a7992efb6d44a5865f1f14fb0,Input Validity,Lidar,Lidar Rate,10,353.23
56de627a7992efb6d44a5865f1f14fb0,Input Validity,Odometry,Odometry Rate,50,353.23
56de627a7992efb6d44a5865f1f14fb0,Input Validity,TF,TF Rate,10,353.23
56de627a7992efb6d44a5865f1f14fb0,Localization Stability,TF,Jump Angular,0,354.2
56de627a7992efb6d44a5865f1f14fb0,Localization Stability,TF,Jump Linear,0,354.2
56de627a7992efb6d44a5865f1f14fb0,Localization Stability,TF,Jump Angular,0,354.3
56de627a7992efb6d44a5865f1f14fb0,Localization Stability,TF,Jump Linear,0,354.3
56de627a7992efb6d44a5865f1f14fb0,Input Validity,Lidar,Lidar Rate,10,353.33
56de627a7992efb6d44a5865f1f14fb0,Input Validity,Odometry,Odometry Rate,50,353.33
56de627a7992efb6d44a5865f1f14fb0,Input Validity,TF,TF Rate,10,353.33
56de627a7992efb6d44a5865f1f14fb0,Input Validity,Lidar,Lidar Rate,10,353.43
56de627a7992efb6d44a5865f1f14fb0,Input Validity,Odometry,Odometry Rate,50,353.43
56de627a7992efb6d44a5865f1f14fb0,Input Validity,TF,TF Rate,10,353.43
56de627a7992efb6d44a5865f1f14fb0,Localization Stability,TF,Jump Angular,0,354.4
56de627a7992efb6d44a5865f1f14fb0,Localization Stability,TF,Jump Linear,0,354.4
56de627a7992efb6d44a5865f1f14fb0,Input Validity,Lidar,Lidar Rate,10,353.53
56de627a7992efb6d44a5865f1f14fb0,Input Validity,Odometry,Odometry Rate,50,353.53
56de627a7992efb6d44a5865f1f14fb0,Input Validity,TF,TF Rate,10,353.53
56de627a7992efb6d44a5865f1f14fb0,Localization Stability,TF,Jump Angular,0,354.5
56de627a7992efb6d44a5865f1f14fb0,Localization Stability,TF,Jump Linear,0,354.5
56de627a7992efb6d44a5865f1f14fb0,Input Validity,Lidar,Lidar Rate,10,353.63
56de627a7992efb6d44a5865f1f14fb0,Input Validity,Odometry,Odometry Rate,50,353.63
56de627a7992efb6d44a5865f1f14fb0,Input Validity,TF,TF Rate,10,353.63
56de627a7992efb6d44a5865f1f14fb0,Localization Stability,TF,Jump Angular,0,354.6
56de627a7992efb6d44a5865f1f14fb0,Localization Stability,TF,Jump Linear,0,354.6
56de627a7992efb6d44a5865f1f14fb0,Input Validity,Lidar,Lidar Rate,10,353.73
56de627a7992efb6d44a5865f1f14fb0,Input Validity,Odometry,Odometry Rate,50,353.73
56de627a7992efb6d44a5865f1f14fb0,Input Validity,TF,TF Rate,10,353.73
56de627a7992efb6d44a5865f1f14fb0,Localization Stability,TF,Jump Angular,0,354.7
56de627a7992efb6d44a5865f1f14fb0,Localization Stability,TF,Jump Linear,0,354.7
56de627a7992efb6d44a5865f1f14fb0,Input Validity,Lidar,Lidar Rate,10,353.83
56de627a7992efb6d44a5865f1f14fb0,Input Validity,Odometry,Odometry Rate,50,353.83
56de627a7992efb6d44a5865f1f14fb0,Input Validity,TF,TF Rate,10,353.83
56de627a7992efb6d44a5865f1f14fb0,Localization Stability,TF,Jump Angular,0,354.8
56de627a7992efb6d44a5865f1f14fb0,Localization Stability,TF,Jump Linear,0,354.8
56de627a7992efb6d44a5865f1f14fb0,Input Validity,Lidar,Lidar Rate,10,353.93
56de627a7992efb6d44a5865f1f14fb0,Input Validity,Odometry,Odometry Rate,50,353.93
56de627a7992efb6d44a5865f1f14fb0,Input Validity,TF,TF Rate,10,353.93
56de627a7992efb6d44a5865f1f14fb0,Localization Stability,TF,Jump Angular,0,354.9
56de627a7992efb6d44a5865f1f14fb0,Localization Stability,TF,Jump Linear,0,354.9
56de627a7992efb6d44a5865f1f14fb0,Input Validity,Lidar,Lidar Rate,10,354.03
56de627a7992efb6d44a5865f1f14fb0,Input Validity,Odometry,Odometry Rate,50,354.03
56de627a7992efb6d44a5865f1f14fb0,Input Validity,TF,TF Rate,10,354.03
56de627a7992efb6d44a5865f1f14fb0,Localization Stability,TF,Jump Angular,0,355
56de627a7992efb6d44a5865f1f14fb0,Localization Stability,TF,Jump Linear,0,355
56de627a7992efb6d44a5865f1f14fb0,Input Validity,Lidar,Lidar Rate,10,354.13
56de627a7992efb6d44a5865f1f14fb0,Input Validity,Odometry,Odometry Rate,50,354.13
56de627a7992efb6d44a5865f1f14fb0,Input Validity,TF,TF Rate,10,354.13
56de627a7992efb6d44a5865f1f14fb0,Localization Stability,TF,Jump Angular,0,355.1
56de627a7992efb6d44a5865f1f14fb0,Localization Stability,TF,Jump Linear,0,355.1
56de627a7992efb6d44a5865f1f14fb0,Input Validity,Lidar,Lidar Rate,10,354.23
56de627a7992efb6d44a5865f1f14fb0,Input Validity,Odometry,Odometry Rate,50,354.23
56de627a7992efb6d44a5865f1f14fb0,Input Validity,TF,TF Rate,10,354.23
56de627a7992efb6d44a5865f1f14fb0,Localization Stability,TF,Jump Angular,0,355.2
56de627a7992efb6d44a5865f1f14fb0,Localization Stability,TF,Jump Linear,0,355.2
56de627a7992efb6d44a5865f1f14fb0,Input Validity,Lidar,Lidar Rate,10,354.33
56de627a7992efb6d44a5865f1f14fb0,Input Validity,Odometry,Odometry Rate,50,354.33
56de627a7992efb6d44a5865f1f14fb0,Input Validity,TF,TF Rate,10,354.33
56de627a7992efb6d44a5865f1f14fb0,Localization Stability,TF,Jump Angular,0,355.3
56de627a7992efb6d44a5865f1f14fb0,Localization Stability,TF,Jump Linear,0,355.3
56de627a7992efb6d44a5865f1f14fb0,Input Validity,Lidar,Lidar Rate,10,354.43
56de627a7992efb6d44a5865f1f14fb0,Input Validity,Odometry,Odometry Rate,50,354.43
56de627a7992efb6d44a5865f1f14fb0,Input Validity,TF,TF Rate,10,354.43
56de627a7992efb6d44a5865f1f14fb0,Localization Quality,AMCLPose,CovYawYaw,0.00866108,354.4
56de627a7992efb6d44a5865f1f14fb0,Localization Quality,AMCLPose,CovYY,0.0918249,354.4
56de627a7992efb6d44a5865f1f14fb0,Localization Quality,AMCLPose,CovXX,0.00757378,354.4
56de627a7992efb6d44a5865f1f14fb0,Localization Quality,AMCLPose,MeanYaw,2.86615,354.4
56de627a7992efb6d44a5865f1f14fb0,Localization Quality,AMCLPose,MeanY,1.44026,354.4
56de627a7992efb6d44a5865f1f14fb0,Localization Quality,AMCLPose,MeanX,2.41635,354.4
56de627a7992efb6d44a5865f1f14fb0,Localization Stability,TF,Jump Angular,-0.011537,355.4
56de627a7992efb6d44a5865f1f14fb0,Localization Stability,TF,Jump Linear,0.246547,355.4
56de627a7992efb6d44a5865f1f14fb0,Input Validity,Lidar,Lidar Rate,10,354.53
56de627a7992efb6d44a5865f1f14fb0,Input Validity,Odometry,Odometry Rate,50,354.53
56de627a7992efb6d44a5865f1f14fb0,Input Validity,TF,TF Rate,10,354.53
56de627a7992efb6d44a5865f1f14fb0,Localization Stability,TF,Jump Angular,0,355.5
56de627a7992efb6d44a5865f1f14fb0,Localization Stability,TF,Jump Linear,0,355.5
56de627a7992efb6d44a5865f1f14fb0,Input Validity,Lidar,Lidar Rate,10,354.63
56de627a7992efb6d44a5865f1f14fb0,Input Validity,Odometry,Odometry Rate,50,354.63
56de627a7992efb6d44a5865f1f14fb0,Input Validity,TF,TF Rate,10,354.63
56de627a7992efb6d44a5865f1f14fb0,Localization Stability,TF,Jump Angular,0,355.6
56de627a7992efb6d44a5865f1f14fb0,Localization Stability,TF,Jump Linear,0,355.6
56de627a7992efb6d44a5865f1f14fb0,Input Validity,Lidar,Lidar Rate,10,354.72
56de627a7992efb6d44a5865f1f14fb0,Input Validity,Odometry,Odometry Rate,50,354.72
56de627a7992efb6d44a5865f1f14fb0,Input Validity,TF,TF Rate,10,354.72
56de627a7992efb6d44a5865f1f14fb0,Localization Stability,TF,Jump Angular,0,355.7
56de627a7992efb6d44a5865f1f14fb0,Localization Stability,TF,Jump Linear,0,355.7
56de627a7992efb6d44a5865f1f14fb0,Input Validity,Lidar,Lidar Rate,10,354.82
56de627a7992efb6d44a5865f1f14fb0,Input Validity,Odometry,Odometry Rate,50,354.82
56de627a7992efb6d44a5865f1f14fb0,Input Validity,TF,TF Rate,10,354.82
56de627a7992efb6d44a5865f1f14fb0,Localization Stability,TF,Jump Angular,0,355.8
56de627a7992efb6d44a5865f1f14fb0,Localization Stability,TF,Jump Linear,0,355.8
56de627a7992efb6d44a5865f1f14fb0,Input Validity,Lidar,Lidar Rate,10,354.92
56de627a7992efb6d44a5865f1f14fb0,Input Validity,Odometry,Odometry Rate,50,354.92
56de627a7992efb6d44a5865f1f14fb0,Input Validity,TF,TF Rate,10,354.92
56de627a7992efb6d44a5865f1f14fb0,Localization Stability,TF,Jump Angular,0,355.9
56de627a7992efb6d44a5865f1f14fb0,Localization Stability,TF,Jump Linear,0,355.9
56de627a7992efb6d44a5865f1f14fb0,Input Validity,Lidar,Lidar Rate,10,355.02
56de627a7992efb6d44a5865f1f14fb0,Input Validity,Odometry,Odometry Rate,50,355.02
56de627a7992efb6d44a5865f1f14fb0,Input Validity,TF,TF Rate,10,355.02
56de627a7992efb6d44a5865f1f14fb0,Localization Stability,TF,Jump Angular,0,356
56de627a7992efb6d44a5865f1f14fb0,Localization Stability,TF,Jump Linear,0,356
56de627a7992efb6d44a5865f1f14fb0,Input Validity,Lidar,Lidar Rate,10,355.12
56de627a7992efb6d44a5865f1f14fb0,Input Validity,Odometry,Odometry Rate,50,355.12
56de627a7992efb6d44a5865f1f14fb0,Input Validity,TF,TF Rate,10,355.12
56de627a7992efb6d44a5865f1f14fb0,Localization Stability,TF,Jump Angular,0,356.1
56de627a7992efb6d44a5865f1f14fb0,Localization Stability,TF,Jump Linear,0,356.1
56de627a7992efb6d44a5865f1f14fb0,Input Validity,Lidar,Lidar Rate,10,355.22
56de627a7992efb6d44a5865f1f14fb0,Input Validity,Odometry,Odometry Rate,50,355.22
56de627a7992efb6d44a5865f1f14fb0,Input Validity,TF,TF Rate,10,355.22
56de627a7992efb6d44a5865f1f14fb0,Localization Stability,TF,Jump Angular,0,356.2
56de627a7992efb6d44a5865f1f14fb0,Localization Stability,TF,Jump Linear,0,356.2
56de627a7992efb6d44a5865f1f14fb0,Input Validity,Lidar,Lidar Rate,10,355.32
56de627a7992efb6d44a5865f1f14fb0,Input Validity,Odometry,Odometry Rate,50,355.32
56de627a7992efb6d44a5865f1f14fb0,Input Validity,TF,TF Rate,10,355.32
56de627a7992efb6d44a5865f1f14fb0,Localization Quality,AMCLPose,CovYawYaw,0.00861035,355.3
56de627a7992efb6d44a5865f1f14fb0,Localization Quality,AMCLPose,CovYY,0.0578313,355.3
56de627a7992efb6d44a5865f1f14fb0,Localization Quality,AMCLPose,CovXX,0.00558678,355.3
56de627a7992efb6d44a5865f1f14fb0,Localization Quality,AMCLPose,MeanYaw,2.86019,355.3
56de627a7992efb6d44a5865f1f14fb0,Localization Quality,AMCLPose,MeanY,1.43778,355.3
56de627a7992efb6d44a5865f1f14fb0,Localization Quality,AMCLPose,MeanX,2.54431,355.3
56de627a7992efb6d44a5865f1f14fb0,Localization Stability,TF,Jump Angular,-0.00595656,356.3
56de627a7992efb6d44a5865f1f14fb0,Localization Stability,TF,Jump Linear,0.118082,356.3
56de627a7992efb6d44a5865f1f14fb0,Input Validity,Lidar,Lidar Rate,10,355.42
56de627a7992efb6d44a5865f1f14fb0,Input Validity,Odometry,Odometry Rate,50,355.42
56de627a7992efb6d44a5865f1f14fb0,Input Validity,TF,TF Rate,10,355.42
56de627a7992efb6d44a5865f1f14fb0,Localization Stability,TF,Jump Angular,0,356.4
56de627a7992efb6d44a5865f1f14fb0,Localization Stability,TF,Jump Linear,0,356.4
56de627a7992efb6d44a5865f1f14fb0,Input Validity,Lidar,Lidar Rate,10,355.52
56de627a7992efb6d44a5865f1f14fb0,Input Validity,Odometry,Odometry Rate,50,355.52
56de627a7992efb6d44a5865f1f14fb0,Input Validity,TF,TF Rate,10,355.52
56de627a7992efb6d44a5865f1f14fb0,Localization Stability,TF,Jump Angular,0,356.5
56de627a7992efb6d44a5865f1f14fb0,Localization Stability,TF,Jump Linear,0,356.5
56de627a7992efb6d44a5865f1f14fb0,Input Validity,Lidar,Lidar Rate,10,355.62
56de627a7992efb6d44a5865f1f14fb0,Input Validity,Odometry,Odometry Rate,50,355.62
56de627a7992efb6d44a5865f1f14fb0,Input Validity,TF,TF Rate,10,355.62
56de627a7992efb6d44a5865f1f14fb0,Localization Stability,TF,Jump Angular,0,356.6
56de627a7992efb6d44a5865f1f14fb0,Localization Stability,TF,Jump Linear,0,356.6
56de627a7992efb6d44a5865f1f14fb0,Input Validity,Lidar,Lidar Rate,10,355.72
56de627a7992efb6d44a5865f1f14fb0,Input Validity,Odometry,Odometry Rate,50,355.72
56de627a7992efb6d44a5865f1f14fb0,Input Validity,TF,TF Rate,10,355.72
56de627a7992efb6d44a5865f1f14fb0,Localization Stability,TF,Jump Angular,0,356.7
56de627a7992efb6d44a5865f1f14fb0,Localization Stability,TF,Jump Linear,0,356.7
56de627a7992efb6d44a5865f1f14fb0,Input Validity,Lidar,Lidar Rate,10,355.82
56de627a7992efb6d44a5865f1f14fb0,Input Validity,Odometry,Odometry Rate,50,355.82
56de627a7992efb6d44a5865f1f14fb0,Input Validity,TF,TF Rate,10,355.82
56de627a7992efb6d44a5865f1f14fb0,Localization Stability,TF,Jump Angular,0,356.8
56de627a7992efb6d44a5865f1f14fb0,Localization Stability,TF,Jump Linear,0,356.8
56de627a7992efb6d44a5865f1f14fb0,Input Validity,Lidar,Lidar Rate,10,355.92
56de627a7992efb6d44a5865f1f14fb0,Input Validity,Odometry,Odometry Rate,50,355.92
56de627a7992efb6d44a5865f1f14fb0,Input Validity,TF,TF Rate,10,355.92
56de627a7992efb6d44a5865f1f14fb0,Localization Quality,AMCLPose,CovYawYaw,0.0052529,355.9
56de627a7992efb6d44a5865f1f14fb0,Localization Quality,AMCLPose,CovYY,0.0325129,355.9
56de627a7992efb6d44a5865f1f14fb0,Localization Quality,AMCLPose,CovXX,0.0052428,355.9
56de627a7992efb6d44a5865f1f14fb0,Localization Quality,AMCLPose,MeanYaw,2.92708,355.9
56de627a7992efb6d44a5865f1f14fb0,Localization Quality,AMCLPose,MeanY,1.44108,355.9
56de627a7992efb6d44a5865f1f14fb0,Localization Quality,AMCLPose,MeanX,2.60668,355.9
56de627a7992efb6d44a5865f1f14fb0,Localization Stability,TF,Jump Angular,0.00419637,356.9
56de627a7992efb6d44a5865f1f14fb0,Localization Stability,TF,Jump Linear,0.104206,356.9
56de627a7992efb6d44a5865f1f14fb0,Input Validity,Lidar,Lidar Rate,10,356.02
56de627a7992efb6d44a5865f1f14fb0,Input Validity,Odometry,Odometry Rate,50,356.02
56de627a7992efb6d44a5865f1f14fb0,Input Validity,TF,TF Rate,10,356.02
56de627a7992efb6d44a5865f1f14fb0,Localization Quality,AMCLPose,CovYawYaw,0.00295523,356
56de627a7992efb6d44a5865f1f14fb0,Localization Quality,AMCLPose,CovYY,0.0152007,356
56de627a7992efb6d44a5865f1f14fb0,Localization Quality,AMCLPose,CovXX,0.00458704,356
56de627a7992efb6d44a5865f1f14fb0,Localization Quality,AMCLPose,MeanYaw,2.97354,356
56de627a7992efb6d44a5865f1f14fb0,Localization Quality,AMCLPose,MeanY,1.46431,356
56de627a7992efb6d44a5865f1f14fb0,Localization Quality,AMCLPose,MeanX,2.60326,356
56de627a7992efb6d44a5865f1f14fb0,Localization Stability,TF,Jump Angular,-0.00830715,357
56de627a7992efb6d44a5865f1f14fb0,Localization Stability,TF,Jump Linear,0.171974,357
56de627a7992efb6d44a5865f1f14fb0,Input Validity,Lidar,Lidar Rate,10,356.12
56de627a7992efb6d44a5865f1f14fb0,Input Validity,Odometry,Odometry Rate,50,356.12
56de627a7992efb6d44a5865f1f14fb0,Input Validity,TF,TF Rate,10,356.12
56de627a7992efb6d44a5865f1f14fb0,Localization Quality,AMCLPose,CovYawYaw,0.00242417,356.1
56de627a7992efb6d44a5865f1f14fb0,Localization Quality,AMCLPose,CovYY,0.0123111,356.1
56de627a7992efb6d44a5865f1f14fb0,Localization Quality,AMCLPose,CovXX,0.00430288,356.1
56de627a7992efb6d44a5865f1f14fb0,Localization Quality,AMCLPose,MeanYaw,3.03571,356.1
56de627a7992efb6d44a5865f1f14fb0,Localization Quality,AMCLPose,MeanY,1.47666,356.1
56de627a7992efb6d44a5865f1f14fb0,Localization Quality,AMCLPose,MeanX,2.60457,356.1
56de627a7992efb6d44a5865f1f14fb0,Localization Stability,TF,Jump Angular,-0.00560439,357.1
56de627a7992efb6d44a5865f1f14fb0,Localization Stability,TF,Jump Linear,0.121013,357.1
56de627a7992efb6d44a5865f1f14fb0,Input Validity,Lidar,Lidar Rate,10,356.21
56de627a7992efb6d44a5865f1f14fb0,Input Validity,Odometry,Odometry Rate,50,356.21
56de627a7992efb6d44a5865f1f14fb0,Input Validity,TF,TF Rate,10,356.21
56de627a7992efb6d44a5865f1f14fb0,Localization Quality,AMCLPose,CovYawYaw,0.00137364,356.2
56de627a7992efb6d44a5865f1f14fb0,Localization Quality,AMCLPose,CovYY,0.00358414,356.2
56de627a7992efb6d44a5865f1f14fb0,Localization Quality,AMCLPose,CovXX,0.00385998,356.2
56de627a7992efb6d44a5865f1f14fb0,Localization Quality,AMCLPose,MeanYaw,3.09639,356.2
56de627a7992efb6d44a5865f1f14fb0,Localization Quality,AMCLPose,MeanY,1.48497,356.2
56de627a7992efb6d44a5865f1f14fb0,Localization Quality,AMCLPose,MeanX,2.6008,356.2
56de627a7992efb6d44a5865f1f14fb0,Localization Stability,TF,Jump Angular,-0.00360815,357.2
56de627a7992efb6d44a5865f1f14fb0,Localization Stability,TF,Jump Linear,0.0788256,357.2
56de627a7992efb6d44a5865f1f14fb0,Input Validity,Lidar,Lidar Rate,10,356.31
56de627a7992efb6d44a5865f1f14fb0,Input Validity,Odometry,Odometry Rate,50,356.31
56de627a7992efb6d44a5865f1f14fb0,Input Validity,TF,TF Rate,10,356.31
56de627a7992efb6d44a5865f1f14fb0,Localization Quality,AMCLPose,CovYawYaw,0.00108092,356.3
56de627a7992efb6d44a5865f1f14fb0,Localization Quality,AMCLPose,CovYY,0.00256483,356.3
56de627a7992efb6d44a5865f1f14fb0,Localization Quality,AMCLPose,CovXX,0.00358778,356.3
56de627a7992efb6d44a5865f1f14fb0,Localization Quality,AMCLPose,MeanYaw,-3.13053,356.3
56de627a7992efb6d44a5865f1f14fb0,Localization Quality,AMCLPose,MeanY,1.48918,356.3
56de627a7992efb6d44a5865f1f14fb0,Localization Quality,AMCLPose,MeanX,2.58878,356.3
56de627a7992efb6d44a5865f1f14fb0,Localization Stability,TF,Jump Angular,-0.00801805,357.3
56de627a7992efb6d44a5865f1f14fb0,Localization Stability,TF,Jump Linear,0.177737,357.3
56de627a7992efb6d44a5865f1f14fb0,Input Validity,Lidar,Lidar Rate,10,356.41
56de627a7992efb6d44a5865f1f14fb0,Input Validity,Odometry,Odometry Rate,50,356.41
56de627a7992efb6d44a5865f1f14fb0,Input Validity,TF,TF Rate,10,356.41
56de627a7992efb6d44a5865f1f14fb0,Localization Quality,AMCLPose,CovYawYaw,0.000815592,356.4
56de627a7992efb6d44a5865f1f14fb0,Localization Quality,AMCLPose,CovYY,0.00178201,356.4
56de627a7992efb6d44a5865f1f14fb0,Localization Quality,AMCLPose,CovXX,0.0030627,356.4
56de627a7992efb6d44a5865f1f14fb0,Localization Quality,AMCLPose,MeanYaw,-3.06871,356.4
56de627a7992efb6d44a5865f1f14fb0,Localization Quality,AMCLPose,MeanY,1.48913,356.4
56de627a7992efb6d44a5865f1f14fb0,Localization Quality,AMCLPose,MeanX,2.57553,356.4
56de627a7992efb6d44a5865f1f14fb0,Localization Stability,TF,Jump Angular,-0.0024655,357.4
56de627a7992efb6d44a5865f1f14fb0,Localization Stability,TF,Jump Linear,0.0605071,357.4
56de627a7992efb6d44a5865f1f14fb0,Input Validity,Lidar,Lidar Rate,10,356.51
56de627a7992efb6d44a5865f1f14fb0,Input Validity,Odometry,Odometry Rate,50,356.51
56de627a7992efb6d44a5865f1f14fb0,Input Validity,TF,TF Rate,10,356.51
56de627a7992efb6d44a5865f1f14fb0,Input Validity,Lidar,Lidar Rate,10,356.61
56de627a7992efb6d44a5865f1f14fb0,Input Validity,Odometry,Odometry Rate,50,356.61
56de627a7992efb6d44a5865f1f14fb0,Input Validity,TF,TF Rate,10,356.61
56de627a7992efb6d44a5865f1f14fb0,Localization Quality,AMCLPose,CovYawYaw,0.000791275,356.5
56de627a7992efb6d44a5865f1f14fb0,Localization Quality,AMCLPose,CovYY,0.00133635,356.5
56de627a7992efb6d44a5865f1f14fb0,Localization Quality,AMCLPose,CovXX,0.00294635,356.5
56de627a7992efb6d44a5865f1f14fb0,Localization Quality,AMCLPose,MeanYaw,-3.00509,356.5
56de627a7992efb6d44a5865f1f14fb0,Localization Quality,AMCLPose,MeanY,1.48889,356.5
56de627a7992efb6d44a5865f1f14fb0,Localization Quality,AMCLPose,MeanX,2.55116,356.5
56de627a7992efb6d44a5865f1f14fb0,Localization Stability,TF,Jump Angular,-0.000341406,357.5
56de627a7992efb6d44a5865f1f14fb0,Localization Stability,TF,Jump Linear,0.0090597,357.5
56de627a7992efb6d44a5865f1f14fb0,Localization Quality,AMCLPose,CovYawYaw,0.000804087,356.6
56de627a7992efb6d44a5865f1f14fb0,Localization Quality,AMCLPose,CovYY,0.00112146,356.6
56de627a7992efb6d44a5865f1f14fb0,Localization Quality,AMCLPose,CovXX,0.00281772,356.6
56de627a7992efb6d44a5865f1f14fb0,Localization Quality,AMCLPose,MeanYaw,-2.94514,356.6
56de627a7992efb6d44a5865f1f14fb0,Localization Quality,AMCLPose,MeanY,1.48309,356.6
56de627a7992efb6d44a5865f1f14fb0,Localization Quality,AMCLPose,MeanX,2.5191,356.6
56de627a7992efb6d44a5865f1f14fb0,Localization Stability,TF,Jump Angular,-0.0010773,357.6
56de627a7992efb6d44a5865f1f14fb0,Localization Stability,TF,Jump Linear,0.0253655,357.6
56de627a7992efb6d44a5865f1f14fb0,Input Validity,Lidar,Lidar Rate,10,356.71
56de627a7992efb6d44a5865f1f14fb0,Input Validity,Odometry,Odometry Rate,50,356.71
56de627a7992efb6d44a5865f1f14fb0,Input Validity,TF,TF Rate,10,356.71
56de627a7992efb6d44a5865f1f14fb0,Localization Quality,AMCLPose,CovYawYaw,0.000819366,356.7
56de627a7992efb6d44a5865f1f14fb0,Localization Quality,AMCLPose,CovYY,0.000941274,356.7
56de627a7992efb6d44a5865f1f14fb0,Localization Quality,AMCLPose,CovXX,0.0026922,356.7
56de627a7992efb6d44a5865f1f14fb0,Localization Quality,AMCLPose,MeanYaw,-2.88708,356.7
56de627a7992efb6d44a5865f1f14fb0,Localization Quality,AMCLPose,MeanY,1.47624,356.7
56de627a7992efb6d44a5865f1f14fb0,Localization Quality,AMCLPose,MeanX,2.4851,356.7
56de627a7992efb6d44a5865f1f14fb0,Localization Stability,TF,Jump Angular,0.000770009,357.7
56de627a7992efb6d44a5865f1f14fb0,Localization Stability,TF,Jump Linear,0.0143219,357.7
56de627a7992efb6d44a5865f1f14fb0,Input Validity,Lidar,Lidar Rate,10,356.81
56de627a7992efb6d44a5865f1f14fb0,Input Validity,Odometry,Odometry Rate,50,356.81
56de627a7992efb6d44a5865f1f14fb0,Input Validity,TF,TF Rate,10,356.81
56de627a7992efb6d44a5865f1f14fb0,Localization Quality,AMCLPose,CovYawYaw,0.000857905,356.8
56de627a7992efb6d44a5865f1f14fb0,Localization Quality,AMCLPose,CovYY,0.000884813,356.8
56de627a7992efb6d44a5865f1f14fb0,Localization Quality,AMCLPose,CovXX,0.00236558,356.8
56de627a7992efb6d44a5865f1f14fb0,Localization Quality,AMCLPose,MeanYaw,-2.83548,356.8
56de627a7992efb6d44a5865f1f14fb0,Localization Quality,AMCLPose,MeanY,1.46643,356.8
56de627a7992efb6d44a5865f1f14fb0,Localization Quality,AMCLPose,MeanX,2.44818,356.8
56de627a7992efb6d44a5865f1f14fb0,Localization Stability,TF,Jump Angular,-0.00130894,357.8
56de627a7992efb6d44a5865f1f14fb0,Localization Stability,TF,Jump Linear,0.0337846,357.8
56de627a7992efb6d44a5865f1f14fb0,Input Validity,Lidar,Lidar Rate,10,356.91
56de627a7992efb6d44a5865f1f14fb0,Input Validity,Odometry,Odometry Rate,50,356.91
56de627a7992efb6d44a5865f1f14fb0,Input Validity,TF,TF Rate,10,356.91
56de627a7992efb6d44a5865f1f14fb0,Localization Quality,AMCLPose,CovYawYaw,0.000806879,356.9
56de627a7992efb6d44a5865f1f14fb0,Localization Quality,AMCLPose,CovYY,0.00084479,356.9
56de627a7992efb6d44a5865f1f14fb0,Localization Quality,AMCLPose,CovXX,0.00228856,356.9
56de627a7992efb6d44a5865f1f14fb0,Localization Quality,AMCLPose,MeanYaw,-2.78386,356.9
56de627a7992efb6d44a5865f1f14fb0,Localization Quality,AMCLPose,MeanY,1.45173,356.9
56de627a7992efb6d44a5865f1f14fb0,Localization Quality,AMCLPose,MeanX,2.4067,356.9
56de627a7992efb6d44a5865f1f14fb0,Localization Stability,TF,Jump Angular,0.00134918,357.9
56de627a7992efb6d44a5865f1f14fb0,Localization Stability,TF,Jump Linear,0.0293774,357.9
56de627a7992efb6d44a5865f1f14fb0,Input Validity,Lidar,Lidar Rate,10,357.01
56de627a7992efb6d44a5865f1f14fb0,Input Validity,Odometry,Odometry Rate,50,357.01
56de627a7992efb6d44a5865f1f14fb0,Input Validity,TF,TF Rate,10,357.01
56de627a7992efb6d44a5865f1f14fb0,Localization Stability,TF,Jump Angular,0,358
56de627a7992efb6d44a5865f1f14fb0,Localization Stability,TF,Jump Linear,0,358
56de627a7992efb6d44a5865f1f14fb0,Input Validity,Lidar,Lidar Rate,10,357.11
56de627a7992efb6d44a5865f1f14fb0,Input Validity,Odometry,Odometry Rate,50,357.11
56de627a7992efb6d44a5865f1f14fb0,Input Validity,TF,TF Rate,10,357.11
56de627a7992efb6d44a5865f1f14fb0,Localization Quality,AMCLPose,CovYawYaw,0.00148967,357.1
56de627a7992efb6d44a5865f1f14fb0,Localization Quality,AMCLPose,CovYY,0.000924039,357.1
56de627a7992efb6d44a5865f1f14fb0,Localization Quality,AMCLPose,CovXX,0.00242198,357.1
56de627a7992efb6d44a5865f1f14fb0,Localization Quality,AMCLPose,MeanYaw,-2.67992,357.1
56de627a7992efb6d44a5865f1f14fb0,Localization Quality,AMCLPose,MeanY,1.41715,357.1
56de627a7992efb6d44a5865f1f14fb0,Localization Quality,AMCLPose,MeanX,2.32974,357.1
56de627a7992efb6d44a5865f1f14fb0,Localization Stability,TF,Jump Angular,0.00586402,358.1
56de627a7992efb6d44a5865f1f14fb0,Localization Stability,TF,Jump Linear,0.127904,358.1
56de627a7992efb6d44a5865f1f14fb0,Input Validity,Lidar,Lidar Rate,10,357.21
56de627a7992efb6d44a5865f1f14fb0,Input Validity,Odometry,Odometry Rate,50,357.21
56de627a7992efb6d44a5865f1f14fb0,Input Validity,TF,TF Rate,10,357.21
56de627a7992efb6d44a5865f1f14fb0,Localization Stability,TF,Jump Angular,0,358.2
56de627a7992efb6d44a5865f1f14fb0,Localization Stability,TF,Jump Linear,0,358.2
56de627a7992efb6d44a5865f1f14fb0,Input Validity,Lidar,Lidar Rate,10,357.31
56de627a7992efb6d44a5865f1f14fb0,Input Validity,Odometry,Odometry Rate,50,357.31
56de627a7992efb6d44a5865f1f14fb0,Input Validity,TF,TF Rate,10,357.31
56de627a7992efb6d44a5865f1f14fb0,Localization Quality,AMCLPose,CovYawYaw,0.00196149,357.3
56de627a7992efb6d44a5865f1f14fb0,Localization Quality,AMCLPose,CovYY,0.00107989,357.3
56de627a7992efb6d44a5865f1f14fb0,Localization Quality,AMCLPose,CovXX,0.00266956,357.3
56de627a7992efb6d44a5865f1f14fb0,Localization Quality,AMCLPose,MeanYaw,-2.58591,357.3
56de627a7992efb6d44a5865f1f14fb0,Localization Quality,AMCLPose,MeanY,1.37472,357.3
56de627a7992efb6d44a5865f1f14fb0,Localization Quality,AMCLPose,MeanX,2.2571,357.3
56de627a7992efb6d44a5865f1f14fb0,Localization Stability,TF,Jump Angular,0.000750459,358.3
56de627a7992efb6d44a5865f1f14fb0,Localization Stability,TF,Jump Linear,0.013334,358.3
56de627a7992efb6d44a5865f1f14fb0,Input Validity,Lidar,Lidar Rate,10,357.41
56de627a7992efb6d44a5865f1f14fb0,Input Validity,Odometry,Odometry Rate,50,357.41
56de627a7992efb6d44a5865f1f14fb0,Input Validity,TF,TF Rate,10,357.41
56de627a7992efb6d44a5865f1f14fb0,Localization Stability,TF,Jump Angular,0,358.4
56de627a7992efb6d44a5865f1f14fb0,Localization Stability,TF,Jump Linear,0,358.4
56de627a7992efb6d44a5865f1f14fb0,Input Validity,Lidar,Lidar Rate,10,357.51
56de627a7992efb6d44a5865f1f14fb0,Input Validity,Odometry,Odometry Rate,50,357.51
56de627a7992efb6d44a5865f1f14fb0,Input Validity,TF,TF Rate,10,357.51
56de627a7992efb6d44a5865f1f14fb0,Localization Quality,AMCLPose,CovYawYaw,0.00295038,357.5
56de627a7992efb6d44a5865f1f14fb0,Localization Quality,AMCLPose,CovYY,0.00131384,357.5
56de627a7992efb6d44a5865f1f14fb0,Localization Quality,AMCLPose,CovXX,0.00311409,357.5
56de627a7992efb6d44a5865f1f14fb0,Localization Quality,AMCLPose,MeanYaw,-2.50725,357.5
56de627a7992efb6d44a5865f1f14fb0,Localization Quality,AMCLPose,MeanY,1.32414,357.5
56de627a7992efb6d44a5865f1f14fb0,Localization Quality,AMCLPose,MeanX,2.18207,357.5
56de627a7992efb6d44a5865f1f14fb0,Localization Stability,TF,Jump Angular,-0.00482017,358.5
56de627a7992efb6d44a5865f1f14fb0,Localization Stability,TF,Jump Linear,0.108766,358.5
56de627a7992efb6d44a5865f1f14fb0,Input Validity,Lidar,Lidar Rate,10,357.61
56de627a7992efb6d44a5865f1f14fb0,Input Validity,Odometry,Odometry Rate,50,357.61
56de627a7992efb6d44a5865f1f14fb0,Input Validity,TF,TF Rate,10,357.61
56de627a7992efb6d44a5865f1f14fb0,Localization Stability,TF,Jump Angular,0,358.6
56de627a7992efb6d44a5865f1f14fb0,Localization Stability,TF,Jump Linear,0,358.6
56de627a7992efb6d44a5865f1f14fb0,Input Validity,Lidar,Lidar Rate,10,357.71
56de627a7992efb6d44a5865f1f14fb0,Input Validity,Odometry,Odometry Rate,50,357.71
56de627a7992efb6d44a5865f1f14fb0,Input Validity,TF,TF Rate,10,357.71
56de627a7992efb6d44a5865f1f14fb0,Localization Quality,AMCLPose,CovYawYaw,0.00369749,357.7
56de627a7992efb6d44a5865f1f14fb0,Localization Quality,AMCLPose,CovYY,0.00154979,357.7
56de627a7992efb6d44a5865f1f14fb0,Localization Quality,AMCLPose,CovXX,0.00349616,357.7
56de627a7992efb6d44a5865f1f14fb0,Localization Quality,AMCLPose,MeanYaw,-2.43849,357.7
56de627a7992efb6d44a5865f1f14fb0,Localization Quality,AMCLPose,MeanY,1.26697,357.7
56de627a7992efb6d44a5865f1f14fb0,Localization Quality,AMCLPose,MeanX,2.11009,357.7
56de627a7992efb6d44a5865f1f14fb0,Localization Stability,TF,Jump Angular,-0.0015774,358.7
56de627a7992efb6d44a5865f1f14fb0,Localization Stability,TF,Jump Linear,0.0353736,358.7
56de627a7992efb6d44a5865f1f14fb0,Input Validity,Lidar,Lidar Rate,10,357.81
56de627a7992efb6d44a5865f1f14fb0,Input Validity,Odometry,Odometry Rate,50,357.81
56de627a7992efb6d44a5865f1f14fb0,Input Validity,TF,TF Rate,10,357.81
56de627a7992efb6d44a5865f1f14fb0,Localization Stability,TF,Jump Angular,0,358.8
56de627a7992efb6d44a5865f1f14fb0,Localization Stability,TF,Jump Linear,0,358.8
56de627a7992efb6d44a5865f1f14fb0,Input Validity,Lidar,Lidar Rate,10,357.91
56de627a7992efb6d44a5865f1f14fb0,Input Validity,Odometry,Odometry Rate,50,357.91
56de627a7992efb6d44a5865f1f14fb0,Input Validity,TF,TF Rate,10,357.91
56de627a7992efb6d44a5865f1f14fb0,Localization Stability,TF,Jump Angular,0,358.9
56de627a7992efb6d44a5865f1f14fb0,Localization Stability,TF,Jump Linear,0,358.9
56de627a7992efb6d44a5865f1f14fb0,Input Validity,Lidar,Lidar Rate,10,358
56de627a7992efb6d44a5865f1f14fb0,Input Validity,Odometry,Odometry Rate,50,358
56de627a7992efb6d44a5865f1f14fb0,Input Validity,TF,TF Rate,10,358
56de627a7992efb6d44a5865f1f14fb0,Localization Quality,AMCLPose,CovYawYaw,0.00546523,358
56de627a7992efb6d44a5865f1f14fb0,Localization Quality,AMCLPose,CovYY,0.00221331,358
56de627a7992efb6d44a5865f1f14fb0,Localization Quality,AMCLPose,CovXX,0.00408877,358
56de627a7992efb6d44a5865f1f14fb0,Localization Quality,AMCLPose,MeanYaw,-2.43177,358
56de627a7992efb6d44a5865f1f14fb0,Localization Quality,AMCLPose,MeanY,1.17838,358
56de627a7992efb6d44a5865f1f14fb0,Localization Quality,AMCLPose,MeanX,2.0084,358
56de627a7992efb6d44a5865f1f14fb0,Localization Stability,TF,Jump Angular,0.00423155,359
56de627a7992efb6d44a5865f1f14fb0,Localization Stability,TF,Jump Linear,0.0971644,359
56de627a7992efb6d44a5865f1f14fb0,Input Validity,Lidar,Lidar Rate,10,358.1
56de627a7992efb6d44a5865f1f14fb0,Input Validity,Odometry,Odometry Rate,50,358.1
56de627a7992efb6d44a5865f1f14fb0,Input Validity,TF,TF Rate,10,358.1
56de627a7992efb6d44a5865f1f14fb0,Localization Stability,TF,Jump Angular,0,359.1
56de627a7992efb6d44a5865f1f14fb0,Localization Stability,TF,Jump Linear,0,359.1
56de627a7992efb6d44a5865f1f14fb0,Input Validity,Lidar,Lidar Rate,10,358.2
56de627a7992efb6d44a5865f1f14fb0,Input Validity,Odometry,Odometry Rate,50,358.2
56de627a7992efb6d44a5865f1f14fb0,Input Validity,TF,TF Rate,10,358.2
56de627a7992efb6d44a5865f1f14fb0,Localization Stability,TF,Jump Angular,0,359.2
56de627a7992efb6d44a5865f1f14fb0,Localization Stability,TF,Jump Linear,0,359.2
56de627a7992efb6d44a5865f1f14fb0,Input Validity,Lidar,Lidar Rate,10,358.3
56de627a7992efb6d44a5865f1f14fb0,Input Validity,Odometry,Odometry Rate,50,358.3
56de627a7992efb6d44a5865f1f14fb0,Input Validity,TF,TF Rate,10,358.3
56de627a7992efb6d44a5865f1f14fb0,Localization Quality,AMCLPose,CovYawYaw,0.0070186,358.3
56de627a7992efb6d44a5865f1f14fb0,Localization Quality,AMCLPose,CovYY,0.0030823,358.3
56de627a7992efb6d44a5865f1f14fb0,Localization Quality,AMCLPose,CovXX,0.00480228,358.3
56de627a7992efb6d44a5865f1f14fb0,Localization Quality,AMCLPose,MeanYaw,-2.46914,358.3
56de627a7992efb6d44a5865f1f14fb0,Localization Quality,AMCLPose,MeanY,1.09456,358.3
56de627a7992efb6d44a5865f1f14fb0,Localization Quality,AMCLPose,MeanX,1.90505,358.3
56de627a7992efb6d44a5865f1f14fb0,Localization Stability,TF,Jump Angular,-0.00280268,359.3
56de627a7992efb6d44a5865f1f14fb0,Localization Stability,TF,Jump Linear,0.063924,359.3
56de627a7992efb6d44a5865f1f14fb0,Input Validity,Lidar,Lidar Rate,10,358.4
56de627a7992efb6d44a5865f1f14fb0,Input Validity,Odometry,Odometry Rate,50,358.4
56de627a7992efb6d44a5865f1f14fb0,Input Validity,TF,TF Rate,10,358.4
56de627a7992efb6d44a5865f1f14fb0,Localization Stability,TF,Jump Angular,0,359.4
56de627a7992efb6d44a5865f1f14fb0,Localization Stability,TF,Jump Linear,0,359.4
56de627a7992efb6d44a5865f1f14fb0,Input Validity,Lidar,Lidar Rate,10,358.5
56de627a7992efb6d44a5865f1f14fb0,Input Validity,Odometry,Odometry Rate,50,358.5
56de627a7992efb6d44a5865f1f14fb0,Input Validity,TF,TF Rate,10,358.5
56de627a7992efb6d44a5865f1f14fb0,Localization Stability,TF,Jump Angular,0,359.5
56de627a7992efb6d44a5865f1f14fb0,Localization Stability,TF,Jump Linear,0,359.5
56de627a7992efb6d44a5865f1f14fb0,Input Validity,Lidar,Lidar Rate,10,358.6
56de627a7992efb6d44a5865f1f14fb0,Input Validity,Odometry,Odometry Rate,50,358.6
56de627a7992efb6d44a5865f1f14fb0,Input Validity,TF,TF Rate,10,358.6
56de627a7992efb6d44a5865f1f14fb0,Localization Quality,AMCLPose,CovYawYaw,0.00850387,358.6
56de627a7992efb6d44a5865f1f14fb0,Localization Quality,AMCLPose,CovYY,0.00383841,358.6
56de627a7992efb6d44a5865f1f14fb0,Localization Quality,AMCLPose,CovXX,0.0059162,358.6
56de627a7992efb6d44a5865f1f14fb0,Localization Quality,AMCLPose,MeanYaw,-2.48708,358.6
56de627a7992efb6d44a5865f1f14fb0,Localization Quality,AMCLPose,MeanY,1.00945,358.6
56de627a7992efb6d44a5865f1f14fb0,Localization Quality,AMCLPose,MeanX,1.79901,358.6
56de627a7992efb6d44a5865f1f14fb0,Localization Stability,TF,Jump Angular,0.00485189,359.6
56de627a7992efb6d44a5865f1f14fb0,Localization Stability,TF,Jump Linear,0.110643,359.6
56de627a7992efb6d44a5865f1f14fb0,Input Validity,Lidar,Lidar Rate,10,358.7
56de627a7992efb6d44a5865f1f14fb0,Input Validity,Odometry,Odometry Rate,50,358.7
56de627a7992efb6d44a5865f1f14fb0,Input Validity,TF,TF Rate,10,358.7
56de627a7992efb6d44a5865f1f14fb0,Localization Stability,TF,Jump Angular,0,359.7
56de627a7992efb6d44a5865f1f14fb0,Localization Stability,TF,Jump Linear,0,359.7
56de627a7992efb6d44a5865f1f14fb0,Input Validity,Lidar,Lidar Rate,10,358.8
56de627a7992efb6d44a5865f1f14fb0,Input Validity,Odometry,Odometry Rate,50,358.8
56de627a7992efb6d44a5865f1f14fb0,Input Validity,TF,TF Rate,10,358.8
56de627a7992efb6d44a5865f1f14fb0,Localization Stability,TF,Jump Angular,0,359.8
56de627a7992efb6d44a5865f1f14fb0,Localization Stability,TF,Jump Linear,0,359.8
56de627a7992efb6d44a5865f1f14fb0,Input Validity,Lidar,Lidar Rate,10,358.9
56de627a7992efb6d44a5865f1f14fb0,Input Validity,Odometry,Odometry Rate,50,358.9
56de627a7992efb6d44a5865f1f14fb0,Input Validity,TF,TF Rate,10,358.9
56de627a7992efb6d44a5865f1f14fb0,Localization Quality,AMCLPose,CovYawYaw,0.0101532,358.9
56de627a7992efb6d44a5865f1f14fb0,Localization Quality,AMCLPose,CovYY,0.00496001,358.9
56de627a7992efb6d44a5865f1f14fb0,Localization Quality,AMCLPose,CovXX,0.00674216,358.9
56de627a7992efb6d44a5865f1f14fb0,Localization Quality,AMCLPose,MeanYaw,-2.54836,358.9
56de627a7992efb6d44a5865f1f14fb0,Localization Quality,AMCLPose,MeanY,0.932665,358.9
56de627a7992efb6d44a5865f1f14fb0,Localization Quality,AMCLPose,MeanX,1.69701,358.9
56de627a7992efb6d44a5865f1f14fb0,Localization Stability,TF,Jump Angular,-0.00337068,359.9
56de627a7992efb6d44a5865f1f14fb0,Localization Stability,TF,Jump Linear,0.0822125,359.9
56de627a7992efb6d44a5865f1f14fb0,Input Validity,Lidar,Lidar Rate,10,359
56de627a7992efb6d44a5865f1f14fb0,Input Validity,Odometry,Odometry Rate,50,359
56de627a7992efb6d44a5865f1f14fb0,Input Validity,TF,TF Rate,10,359
56de627a7992efb6d44a5865f1f14fb0,Localization Stability,TF,Jump Angular,0,360
56de627a7992efb6d44a5865f1f14fb0,Localization Stability,TF,Jump Linear,0,360
56de627a7992efb6d44a5865f1f14fb0,Input Validity,Lidar,Lidar Rate,10,359.1
56de627a7992efb6d44a5865f1f14fb0,Input Validity,Odometry,Odometry Rate,50,359.1
56de627a7992efb6d44a5865f1f14fb0,Input Validity,TF,TF Rate,10,359.1
56de627a7992efb6d44a5865f1f14fb0,Localization Quality,AMCLPose,CovYawYaw,0.00704446,359.1
56de627a7992efb6d44a5865f1f14fb0,Localization Quality,AMCLPose,CovYY,0.00498667,359.1
56de627a7992efb6d44a5865f1f14fb0,Localization Quality,AMCLPose,CovXX,0.00624989,359.1
56de627a7992efb6d44a5865f1f14fb0,Localization Quality,AMCLPose,MeanYaw,-2.62252,359.1
56de627a7992efb6d44a5865f1f14fb0,Localization Quality,AMCLPose,MeanY,0.892505,359.1
56de627a7992efb6d44a5865f1f14fb0,Localization Quality,AMCLPose,MeanX,1.63172,359.1
56de627a7992efb6d44a5865f1f14fb0,Localization Stability,TF,Jump Angular,-0.000394244,360.1
56de627a7992efb6d44a5865f1f14fb0,Localization Stability,TF,Jump Linear,0.01916,360.1
56de627a7992efb6d44a5865f1f14fb0,Input Validity,Lidar,Lidar Rate,10,359.2
56de627a7992efb6d44a5865f1f14fb0,Input Validity,Odometry,Odometry Rate,50,359.2
56de627a7992efb6d44a5865f1f14fb0,Input Validity,TF,TF Rate,10,359.2
56de627a7992efb6d44a5865f1f14fb0,Localization Stability,TF,Jump Angular,0,360.2
56de627a7992efb6d44a5865f1f14fb0,Localization Stability,TF,Jump Linear,0,360.2
56de627a7992efb6d44a5865f1f14fb0,Input Validity,Lidar,Lidar Rate,10,359.3
56de627a7992efb6d44a5865f1f14fb0,Input Validity,Odometry,Odometry Rate,50,359.3
56de627a7992efb6d44a5865f1f14fb0,Input Validity,TF,TF Rate,10,359.3
56de627a7992efb6d44a5865f1f14fb0,Localization Quality,AMCLPose,CovYawYaw,0.00475307,359.3
56de627a7992efb6d44a5865f1f14fb0,Localization Quality,AMCLPose,CovYY,0.00457355,359.3
56de627a7992efb6d44a5865f1f14fb0,Localization Quality,AMCLPose,CovXX,0.00531186,359.3
56de627a7992efb6d44a5865f1f14fb0,Localization Quality,AMCLPose,MeanYaw,-2.6727,359.3
56de627a7992efb6d44a5865f1f14fb0,Localization Quality,AMCLPose,MeanY,0.85115,359.3
56de627a7992efb6d44a5865f1f14fb0,Localization Quality,AMCLPose,MeanX,1.56029,359.3
56de627a7992efb6d44a5865f1f14fb0,Localization Stability,TF,Jump Angular,0.00398771,360.3
56de627a7992efb6d44a5865f1f14fb0,Localization Stability,TF,Jump Linear,0.0874658,360.3
56de627a7992efb6d44a5865f1f14fb0,Input Validity,Lidar,Lidar Rate,10,359.4
56de627a7992efb6d44a5865f1f14fb0,Input Validity,Odometry,Odometry Rate,50,359.4
56de627a7992efb6d44a5865f1f14fb0,Input Validity,TF,TF Rate,10,359.4
56de627a7992efb6d44a5865f1f14fb0,Localization Stability,TF,Jump Angular,0,360.4
56de627a7992efb6d44a5865f1f14fb0,Localization Stability,TF,Jump Linear,0,360.4
56de627a7992efb6d44a5865f1f14fb0,Input Validity,Lidar,Lidar Rate,10,359.5
56de627a7992efb6d44a5865f1f14fb0,Input Validity,Odometry,Odometry Rate,50,359.5
56de627a7992efb6d44a5865f1f14fb0,Input Validity,TF,TF Rate,10,359.5
56de627a7992efb6d44a5865f1f14fb0,Localization Stability,TF,Jump Angular,0,360.5
56de627a7992efb6d44a5865f1f14fb0,Localization Stability,TF,Jump Linear,0,360.5
56de627a7992efb6d44a5865f1f14fb0,Input Validity,Lidar,Lidar Rate,10,359.6
56de627a7992efb6d44a5865f1f14fb0,Input Validity,Odometry,Odometry Rate,50,359.6
56de627a7992efb6d44a5865f1f14fb0,Input Validity,TF,TF Rate,10,359.6
56de627a7992efb6d44a5865f1f14fb0,Localization Quality,AMCLPose,CovYawYaw,0.00452851,359.6
56de627a7992efb6d44a5865f1f14fb0,Localization Quality,AMCLPose,CovYY,0.00504994,359.6
56de627a7992efb6d44a5865f1f14fb0,Localization Quality,AMCLPose,CovXX,0.00561447,359.6
56de627a7992efb6d44a5865f1f14fb0,Localization Quality,AMCLPose,MeanYaw,-2.72034,359.6
56de627a7992efb6d44a5865f1f14fb0,Localization Quality,AMCLPose,MeanY,0.795425,359.6
56de627a7992efb6d44a5865f1f14fb0,Localization Quality,AMCLPose,MeanX,1.44214,359.6
56de627a7992efb6d44a5865f1f14fb0,Localization Stability,TF,Jump Angular,-0.000472368,360.6
56de627a7992efb6d44a5865f1f14fb0,Localization Stability,TF,Jump Linear,0.0138162,360.6
56de627a7992efb6d44a5865f1f14fb0,Input Validity,Lidar,Lidar Rate,10,359.69
56de627a7992efb6d44a5865f1f14fb0,Input Validity,Odometry,Odometry Rate,50,359.69
56de627a7992efb6d44a5865f1f14fb0,Input Validity,TF,TF Rate,10,359.69
56de627a7992efb6d44a5865f1f14fb0,Localization Stability,TF,Jump Angular,0,360.7
56de627a7992efb6d44a5865f1f14fb0,Localization Stability,TF,Jump Linear,0,360.7
56de627a7992efb6d44a5865f1f14fb0,Input Validity,Lidar,Lidar Rate,10,359.79
56de627a7992efb6d44a5865f1f14fb0,Input Validity,Odometry,Odometry Rate,50,359.79
56de627a7992efb6d44a5865f1f14fb0,Input Validity,TF,TF Rate,10,359.79
56de627a7992efb6d44a5865f1f14fb0,Localization Stability,TF,Jump Angular,0,360.8
56de627a7992efb6d44a5865f1f14fb0,Localization Stability,TF,Jump Linear,0,360.8
56de627a7992efb6d44a5865f1f14fb0,Input Validity,Lidar,Lidar Rate,10,359.89
56de627a7992efb6d44a5865f1f14fb0,Input Validity,Odometry,Odometry Rate,50,359.89
56de627a7992efb6d44a5865f1f14fb0,Input Validity,TF,TF Rate,10,359.89
56de627a7992efb6d44a5865f1f14fb0,Input Validity,Lidar,Lidar Rate,10,359.99
56de627a7992efb6d44a5865f1f14fb0,Input Validity,Odometry,Odometry Rate,50,359.99
56de627a7992efb6d44a5865f1f14fb0,Input Validity,TF,TF Rate,10,359.99
56de627a7992efb6d44a5865f1f14fb0,Localization Quality,AMCLPose,CovYawYaw,0.00433569,359.9
56de627a7992efb6d44a5865f1f14fb0,Localization Quality,AMCLPose,CovYY,0.0044597,359.9
56de627a7992efb6d44a5865f1f14fb0,Localization Quality,AMCLPose,CovXX,0.00600787,359.9
56de627a7992efb6d44a5865f1f14fb0,Localization Quality,AMCLPose,MeanYaw,-2.76294,359.9
56de627a7992efb6d44a5865f1f14fb0,Localization Quality,AMCLPose,MeanY,0.742714,359.9
56de627a7992efb6d44a5865f1f14fb0,Localization Quality,AMCLPose,MeanX,1.31874,359.9
56de627a7992efb6d44a5865f1f14fb0,Localization Stability,TF,Jump Angular,0.00806847,360.9
56de627a7992efb6d44a5865f1f14fb0,Localization Stability,TF,Jump Linear,0.190704,360.9
56de627a7992efb6d44a5865f1f14fb0,Localization Stability,TF,Jump Angular,0,361
56de627a7992efb6d44a5865f1f14fb0,Localization Stability,TF,Jump Linear,0,361
56de627a7992efb6d44a5865f1f14fb0,Input Validity,Lidar,Lidar Rate,10,360.09
56de627a7992efb6d44a5865f1f14fb0,Input Validity,Odometry,Odometry Rate,50,360.09
56de627a7992efb6d44a5865f1f14fb0,Input Validity,TF,TF Rate,10,360.09
56de627a7992efb6d44a5865f1f14fb0,Localization Quality,AMCLPose,CovYawYaw,0.00341476,360.1
56de627a7992efb6d44a5865f1f14fb0,Localization Quality,AMCLPose,CovYY,0.00375624,360.1
56de627a7992efb6d44a5865f1f14fb0,Localization Quality,AMCLPose,CovXX,0.00545663,360.1
56de627a7992efb6d44a5865f1f14fb0,Localization Quality,AMCLPose,MeanYaw,-2.83836,360.1
56de627a7992efb6d44a5865f1f14fb0,Localization Quality,AMCLPose,MeanY,0.714316,360.1
56de627a7992efb6d44a5865f1f14fb0,Localization Quality,AMCLPose,MeanX,1.23645,360.1
56de627a7992efb6d44a5865f1f14fb0,Localization Stability,TF,Jump Angular,-0.000645797,361.1
56de627a7992efb6d44a5865f1f14fb0,Localization Stability,TF,Jump Linear,0.0168724,361.1
56de627a7992efb6d44a5865f1f14fb0,Input Validity,Lidar,Lidar Rate,10,360.19
56de627a7992efb6d44a5865f1f14fb0,Input Validity,Odometry,Odometry Rate,50,360.19
56de627a7992efb6d44a5865f1f14fb0,Input Validity,TF,TF Rate,10,360.19
56de627a7992efb6d44a5865f1f14fb0,Localization Stability,TF,Jump Angular,0,361.2
56de627a7992efb6d44a5865f1f14fb0,Localization Stability,TF,Jump Linear,0,361.2
56de627a7992efb6d44a5865f1f14fb0,Input Validity,Lidar,Lidar Rate,10,360.29
56de627a7992efb6d44a5865f1f14fb0,Input Validity,Odometry,Odometry Rate,50,360.29
56de627a7992efb6d44a5865f1f14fb0,Input Validity,TF,TF Rate,10,360.29
56de627a7992efb6d44a5865f1f14fb0,Localization Quality,AMCLPose,CovYawYaw,0.00285641,360.3
56de627a7992efb6d44a5865f1f14fb0,Localization Quality,AMCLPose,CovYY,0.00300509,360.3
56de627a7992efb6d44a5865f1f14fb0,Localization Quality,AMCLPose,CovXX,0.00535261,360.3
56de627a7992efb6d44a5865f1f14fb0,Localization Quality,AMCLPose,MeanYaw,-2.89481,360.3
56de627a7992efb6d44a5865f1f14fb0,Localization Quality,AMCLPose,MeanY,0.694375,360.3
56de627a7992efb6d44a5865f1f14fb0,Localization Quality,AMCLPose,MeanX,1.15219,360.3
56de627a7992efb6d44a5865f1f14fb0,Localization Stability,TF,Jump Angular,-0.00053836,361.3
56de627a7992efb6d44a5865f1f14fb0,Localization Stability,TF,Jump Linear,0.0134603,361.3
56de627a7992efb6d44a5865f1f14fb0,Input Validity,Lidar,Lidar Rate,10,360.39
56de627a7992efb6d44a5865f1f14fb0,Input Validity,Odometry,Odometry Rate,50,360.39
56de627a7992efb6d44a5865f1f14fb0,Input Validity,TF,TF Rate,10,360.39
56de627a7992efb6d44a5865f1f14fb0,Localization Stability,TF,Jump Angular,0,361.4
56de627a7992efb6d44a5865f1f14fb0,Localization Stability,TF,Jump Linear,0,361.4
56de627a7992efb6d44a5865f1f14fb0,Input Validity,Lidar,Lidar Rate,10,360.49
56de627a7992efb6d44a5865f1f14fb0,Input Validity,Odometry,Odometry Rate,50,360.49
56de627a7992efb6d44a5865f1f14fb0,Input Validity,TF,TF Rate,10,360.49
56de627a7992efb6d44a5865f1f14fb0,Localization Stability,TF,Jump Angular,0,361.5
56de627a7992efb6d44a5865f1f14fb0,Localization Stability,TF,Jump Linear,0,361.5
56de627a7992efb6d44a5865f1f14fb0,Input Validity,Lidar,Lidar Rate,10,360.59
56de627a7992efb6d44a5865f1f14fb0,Input Validity,Odometry,Odometry Rate,50,360.59
56de627a7992efb6d44a5865f1f14fb0,Input Validity,TF,TF Rate,10,360.59
56de627a7992efb6d44a5865f1f14fb0,Input Validity,Lidar,Lidar Rate,10,360.69
56de627a7992efb6d44a5865f1f14fb0,Input Validity,Odometry,Odometry Rate,50,360.69
56de627a7992efb6d44a5865f1f14fb0,Input Validity,TF,TF Rate,10,360.69
56de627a7992efb6d44a5865f1f14fb0,Localization Quality,AMCLPose,CovYawYaw,0.00307468,360.6
56de627a7992efb6d44a5865f1f14fb0,Localization Quality,AMCLPose,CovYY,0.00277428,360.6
56de627a7992efb6d44a5865f1f14fb0,Localization Quality,AMCLPose,CovXX,0.00585132,360.6
56de627a7992efb6d44a5865f1f14fb0,Localization Quality,AMCLPose,MeanYaw,-2.94754,360.6
56de627a7992efb6d44a5865f1f14fb0,Localization Quality,AMCLPose,MeanY,0.664959,360.6
56de627a7992efb6d44a5865f1f14fb0,Localization Quality,AMCLPose,MeanX,1.0031,360.6
56de627a7992efb6d44a5865f1f14fb0,Localization Stability,TF,Jump Angular,-0.00309171,361.6
56de627a7992efb6d44a5865f1f14fb0,Localization Stability,TF,Jump Linear,0.0601576,361.6
56de627a7992efb6d44a5865f1f14fb0,Localization Stability,TF,Jump Angular,0,361.7
56de627a7992efb6d44a5865f1f14fb0,Localization Stability,TF,Jump Linear,0,361.7
56de627a7992efb6d44a5865f1f14fb0,Input Validity,Lidar,Lidar Rate,10,360.79
56de627a7992efb6d44a5865f1f14fb0,Input Validity,Odometry,Odometry Rate,50,360.79
56de627a7992efb6d44a5865f1f14fb0,Input Validity,TF,TF Rate,10,360.79
56de627a7992efb6d44a5865f1f14fb0,Localization Stability,TF,Jump Angular,0,361.8
56de627a7992efb6d44a5865f1f14fb0,Localization Stability,TF,Jump Linear,0,361.8
56de627a7992efb6d44a5865f1f14fb0,Input Validity,Lidar,Lidar Rate,10,360.89
56de627a7992efb6d44a5865f1f14fb0,Input Validity,Odometry,Odometry Rate,50,360.89
56de627a7992efb6d44a5865f1f14fb0,Input Validity,TF,TF Rate,10,360.89
56de627a7992efb6d44a5865f1f14fb0,Input Validity,Lidar,Lidar Rate,10,360.99
56de627a7992efb6d44a5865f1f14fb0,Input Validity,Odometry,Odometry Rate,50,360.99
56de627a7992efb6d44a5865f1f14fb0,Input Validity,TF,TF Rate,10,360.99
56de627a7992efb6d44a5865f1f14fb0,Localization Quality,AMCLPose,CovYawYaw,0.00327779,360.9
56de627a7992efb6d44a5865f1f14fb0,Localization Quality,AMCLPose,CovYY,0.00265838,360.9
56de627a7992efb6d44a5865f1f14fb0,Localization Quality,AMCLPose,CovXX,0.00606389,360.9
56de627a7992efb6d44a5865f1f14fb0,Localization Quality,AMCLPose,MeanYaw,-2.95049,360.9
56de627a7992efb6d44a5865f1f14fb0,Localization Quality,AMCLPose,MeanY,0.641234,360.9
56de627a7992efb6d44a5865f1f14fb0,Localization Quality,AMCLPose,MeanX,0.866493,360.9
56de627a7992efb6d44a5865f1f14fb0,Localization Stability,TF,Jump Angular,0.0033727,361.9
56de627a7992efb6d44a5865f1f14fb0,Localization Stability,TF,Jump Linear,0.0850403,361.9
56de627a7992efb6d44a5865f1f14fb0,Localization Stability,TF,Jump Angular,0,362
56de627a7992efb6d44a5865f1f14fb0,Localization Stability,TF,Jump Linear,0,362
56de627a7992efb6d44a5865f1f14fb0,Input Validity,Lidar,Lidar Rate,10,361.09
56de627a7992efb6d44a5865f1f14fb0,Input Validity,Odometry,Odometry Rate,50,361.09
56de627a7992efb6d44a5865f1f14fb0,Input Validity,TF,TF Rate,10,361.09
56de627a7992efb6d44a5865f1f14fb0,Localization Stability,TF,Jump Angular,0,362.1
56de627a7992efb6d44a5865f1f14fb0,Localization Stability,TF,Jump Linear,0,362.1
56de627a7992efb6d44a5865f1f14fb0,Input Validity,Lidar,Lidar Rate,10,361.19
56de627a7992efb6d44a5865f1f14fb0,Input Validity,Odometry,Odometry Rate,50,361.19
56de627a7992efb6d44a5865f1f14fb0,Input Validity,TF,TF Rate,10,361.19
56de627a7992efb6d44a5865f1f14fb0,Input Validity,Lidar,Lidar Rate,10,361.29
56de627a7992efb6d44a5865f1f14fb0,Input Validity,Odometry,Odometry Rate,50,361.29
56de627a7992efb6d44a5865f1f14fb0,Input Validity,TF,TF Rate,10,361.29
56de627a7992efb6d44a5865f1f14fb0,Localization Quality,AMCLPose,CovYawYaw,0.00325619,361.2
56de627a7992efb6d44a5865f1f14fb0,Localization Quality,AMCLPose,CovYY,0.00248714,361.2
56de627a7992efb6d44a5865f1f14fb0,Localization Quality,AMCLPose,CovXX,0.00626529,361.2
56de627a7992efb6d44a5865f1f14fb0,Localization Quality,AMCLPose,MeanYaw,-2.93102,361.2
56de627a7992efb6d44a5865f1f14fb0,Localization Quality,AMCLPose,MeanY,0.615173,361.2
56de627a7992efb6d44a5865f1f14fb0,Localization Quality,AMCLPose,MeanX,0.730839,361.2
56de627a7992efb6d44a5865f1f14fb0,Localization Stability,TF,Jump Angular,0.000571423,362.2
56de627a7992efb6d44a5865f1f14fb0,Localization Stability,TF,Jump Linear,0.0169635,362.2
56de627a7992efb6d44a5865f1f14fb0,Localization Stability,TF,Jump Angular,0,362.3
56de627a7992efb6d44a5865f1f14fb0,Localization Stability,TF,Jump Linear,0,362.3
56de627a7992efb6d44a5865f1f14fb0,Input Validity,Lidar,Lidar Rate,10,361.39
56de627a7992efb6d44a5865f1f14fb0,Input Validity,Odometry,Odometry Rate,50,361.39
56de627a7992efb6d44a5865f1f14fb0,Input Validity,TF,TF Rate,10,361.39
56de627a7992efb6d44a5865f1f14fb0,Localization Stability,TF,Jump Angular,0,362.4
56de627a7992efb6d44a5865f1f14fb0,Localization Stability,TF,Jump Linear,0,362.4
56de627a7992efb6d44a5865f1f14fb0,Input Validity,Lidar,Lidar Rate,10,361.48
56de627a7992efb6d44a5865f1f14fb0,Input Validity,Odometry,Odometry Rate,50,361.48
56de627a7992efb6d44a5865f1f14fb0,Input Validity,TF,TF Rate,10,361.48
56de627a7992efb6d44a5865f1f14fb0,Input Validity,Lidar,Lidar Rate,10,361.58
56de627a7992efb6d44a5865f1f14fb0,Input Validity,Odometry,Odometry Rate,50,361.58
56de627a7992efb6d44a5865f1f14fb0,Input Validity,TF,TF Rate,10,361.58
56de627a7992efb6d44a5865f1f14fb0,Localization Quality,AMCLPose,CovYawYaw,0.00326025,361.5
56de627a7992efb6d44a5865f1f14fb0,Localization Quality,AMCLPose,CovYY,0.00214457,361.5
56de627a7992efb6d44a5865f1f14fb0,Localization Quality,AMCLPose,CovXX,0.00610543,361.5
56de627a7992efb6d44a5865f1f14fb0,Localization Quality,AMCLPose,MeanYaw,-2.89662,361.5
56de627a7992efb6d44a5865f1f14fb0,Localization Quality,AMCLPose,MeanY,0.582426,361.5
56de627a7992efb6d44a5865f1f14fb0,Localization Quality,AMCLPose,MeanX,0.598865,361.5
56de627a7992efb6d44a5865f1f14fb0,Localization Stability,TF,Jump Angular,0.00369863,362.5
56de627a7992efb6d44a5865f1f14fb0,Localization Stability,TF,Jump Linear,0.0884365,362.5
56de627a7992efb6d44a5865f1f14fb0,Localization Stability,TF,Jump Angular,0,362.6
56de627a7992efb6d44a5865f1f14fb0,Localization Stability,TF,Jump Linear,0,362.6
56de627a7992efb6d44a5865f1f14fb0,Input Validity,Lidar,Lidar Rate,10,361.68
56de627a7992efb6d44a5865f1f14fb0,Input Validity,Odometry,Odometry Rate,50,361.68
56de627a7992efb6d44a5865f1f14fb0,Input Validity,TF,TF Rate,10,361.68
56de627a7992efb6d44a5865f1f14fb0,Localization Stability,TF,Jump Angular,0,362.7
56de627a7992efb6d44a5865f1f14fb0,Localization Stability,TF,Jump Linear,0,362.7
56de627a7992efb6d44a5865f1f14fb0,Input Validity,Lidar,Lidar Rate,10,361.78
56de627a7992efb6d44a5865f1f14fb0,Input Validity,Odometry,Odometry Rate,50,361.78
56de627a7992efb6d44a5865f1f14fb0,Input Validity,TF,TF Rate,10,361.78
56de627a7992efb6d44a5865f1f14fb0,Input Validity,Lidar,Lidar Rate,10,361.88
56de627a7992efb6d44a5865f1f14fb0,Input Validity,Odometry,Odometry Rate,50,361.88
56de627a7992efb6d44a5865f1f14fb0,Input Validity,TF,TF Rate,10,361.88
56de627a7992efb6d44a5865f1f14fb0,Localization Quality,AMCLPose,CovYawYaw,0.00355287,361.8
56de627a7992efb6d44a5865f1f14fb0,Localization Quality,AMCLPose,CovYY,0.00208836,361.8
56de627a7992efb6d44a5865f1f14fb0,Localization Quality,AMCLPose,CovXX,0.00636232,361.8
56de627a7992efb6d44a5865f1f14fb0,Localization Quality,AMCLPose,MeanYaw,-2.86334,361.8
56de627a7992efb6d44a5865f1f14fb0,Localization Quality,AMCLPose,MeanY,0.547016,361.8
56de627a7992efb6d44a5865f1f14fb0,Localization Quality,AMCLPose,MeanX,0.472825,361.8
56de627a7992efb6d44a5865f1f14fb0,Localization Stability,TF,Jump Angular,0.00133032,362.8
56de627a7992efb6d44a5865f1f14fb0,Localization Stability,TF,Jump Linear,0.02842,362.8
56de627a7992efb6d44a5865f1f14fb0,Localization Stability,TF,Jump Angular,0,362.9
56de627a7992efb6d44a5865f1f14fb0,Localization Stability,TF,Jump Linear,0,362.9
56de627a7992efb6d44a5865f1f14fb0,Input Validity,Lidar,Lidar Rate,10,361.98
56de627a7992efb6d44a5865f1f14fb0,Input Validity,Odometry,Odometry Rate,50,361.98
56de627a7992efb6d44a5865f1f14fb0,Input Validity,TF,TF Rate,10,361.98
56de627a7992efb6d44a5865f1f14fb0,Localization Stability,TF,Jump Angular,0,363
56de627a7992efb6d44a5865f1f14fb0,Localization Stability,TF,Jump Linear,0,363
56de627a7992efb6d44a5865f1f14fb0,Input Validity,Lidar,Lidar Rate,10,362.08
56de627a7992efb6d44a5865f1f14fb0,Input Validity,Odometry,Odometry Rate,50,362.08
56de627a7992efb6d44a5865f1f14fb0,Input Validity,TF,TF Rate,10,362.08
56de627a7992efb6d44a5865f1f14fb0,Localization Quality,AMCLPose,CovYawYaw,0.00339273,362.1
56de627a7992efb6d44a5865f1f14fb0,Localization Quality,AMCLPose,CovYY,0.0020771,362.1
56de627a7992efb6d44a5865f1f14fb0,Localization Quality,AMCLPose,CovXX,0.00672194,362.1
56de627a7992efb6d44a5865f1f14fb0,Localization Quality,AMCLPose,MeanYaw,-2.84505,362.1
56de627a7992efb6d44a5865f1f14fb0,Localization Quality,AMCLPose,MeanY,0.511528,362.1
56de627a7992efb6d44a5865f1f14fb0,Localization Quality,AMCLPose,MeanX,0.357387,362.1
56de627a7992efb6d44a5865f1f14fb0,Localization Stability,TF,Jump Angular,-0.0028622,363.1
56de627a7992efb6d44a5865f1f14fb0,Localization Stability,TF,Jump Linear,0.080409,363.1
56de627a7992efb6d44a5865f1f14fb0,Input Validity,Lidar,Lidar Rate,10,362.18
56de627a7992efb6d44a5865f1f14fb0,Input Validity,Odometry,Odometry Rate,50,362.18
56de627a7992efb6d44a5865f1f14fb0,Input Validity,TF,TF Rate,10,362.18
56de627a7992efb6d44a5865f1f14fb0,Localization Stability,TF,Jump Angular,0,363.2
56de627a7992efb6d44a5865f1f14fb0,Localization Stability,TF,Jump Linear,0,363.2
56de627a7992efb6d44a5865f1f14fb0,Input Validity,Lidar,Lidar Rate,10,362.28
56de627a7992efb6d44a5865f1f14fb0,Input Validity,Odometry,Odometry Rate,50,362.28
56de627a7992efb6d44a5865f1f14fb0,Input Validity,TF,TF Rate,10,362.28
56de627a7992efb6d44a5865f1f14fb0,Localization Stability,TF,Jump Angular,0,363.3
56de627a7992efb6d44a5865f1f14fb0,Localization Stability,TF,Jump Linear,0,363.3
56de627a7992efb6d44a5865f1f14fb0,Input Validity,Lidar,Lidar Rate,10,362.38
56de627a7992efb6d44a5865f1f14fb0,Input Validity,Odometry,Odometry Rate,50,362.38
56de627a7992efb6d44a5865f1f14fb0,Input Validity,TF,TF Rate,10,362.38
56de627a7992efb6d44a5865f1f14fb0,Input Validity,Lidar,Lidar Rate,10,362.48
56de627a7992efb6d44a5865f1f14fb0,Input Validity,Odometry,Odometry Rate,50,362.48
56de627a7992efb6d44a5865f1f14fb0,Input Validity,TF,TF Rate,10,362.48
56de627a7992efb6d44a5865f1f14fb0,Localization Quality,AMCLPose,CovYawYaw,0.00354071,362.4
56de627a7992efb6d44a5865f1f14fb0,Localization Quality,AMCLPose,CovYY,0.00210699,362.4
56de627a7992efb6d44a5865f1f14fb0,Localization Quality,AMCLPose,CovXX,0.00682654,362.4
56de627a7992efb6d44a5865f1f14fb0,Localization Quality,AMCLPose,MeanYaw,-2.83604,362.4
56de627a7992efb6d44a5865f1f14fb0,Localization Quality,AMCLPose,MeanY,0.470736,362.4
56de627a7992efb6d44a5865f1f14fb0,Localization Quality,AMCLPose,MeanX,0.222659,362.4
56de627a7992efb6d44a5865f1f14fb0,Localization Stability,TF,Jump Angular,0.00116819,363.4
56de627a7992efb6d44a5865f1f14fb0,Localization Stability,TF,Jump Linear,0.033304,363.4
56de627a7992efb6d44a5865f1f14fb0,Localization Stability,TF,Jump Angular,0,363.5
56de627a7992efb6d44a5865f1f14fb0,Localization Stability,TF,Jump Linear,0,363.5
56de627a7992efb6d44a5865f1f14fb0,Input Validity,Lidar,Lidar Rate,10,362.58
56de627a7992efb6d44a5865f1f14fb0,Input Validity,Odometry,Odometry Rate,50,362.58
56de627a7992efb6d44a5865f1f14fb0,Input Validity,TF,TF Rate,10,362.58
56de627a7992efb6d44a5865f1f14fb0,Localization Stability,TF,Jump Angular,0,363.6
56de627a7992efb6d44a5865f1f14fb0,Localization Stability,TF,Jump Linear,0,363.6
56de627a7992efb6d44a5865f1f14fb0,Input Validity,Lidar,Lidar Rate,10,362.68
56de627a7992efb6d44a5865f1f14fb0,Input Validity,Odometry,Odometry Rate,50,362.68
56de627a7992efb6d44a5865f1f14fb0,Input Validity,TF,TF Rate,10,362.68
56de627a7992efb6d44a5865f1f14fb0,Input Validity,Lidar,Lidar Rate,10,362.78
56de627a7992efb6d44a5865f1f14fb0,Input Validity,Odometry,Odometry Rate,50,362.78
56de627a7992efb6d44a5865f1f14fb0,Input Validity,TF,TF Rate,10,362.78
56de627a7992efb6d44a5865f1f14fb0,Localization Quality,AMCLPose,CovYawYaw,0.00360554,362.7
56de627a7992efb6d44a5865f1f14fb0,Localization Quality,AMCLPose,CovYY,0.00209326,362.7
56de627a7992efb6d44a5865f1f14fb0,Localization Quality,AMCLPose,CovXX,0.00671306,362.7
56de627a7992efb6d44a5865f1f14fb0,Localization Quality,AMCLPose,MeanYaw,-2.84244,362.7
56de627a7992efb6d44a5865f1f14fb0,Localization Quality,AMCLPose,MeanY,0.430142,362.7
56de627a7992efb6d44a5865f1f14fb0,Localization Quality,AMCLPose,MeanX,0.0930675,362.7
56de627a7992efb6d44a5865f1f14fb0,Localization Stability,TF,Jump Angular,0.000789459,363.7
56de627a7992efb6d44a5865f1f14fb0,Localization Stability,TF,Jump Linear,0.0199079,363.7
56de627a7992efb6d44a5865f1f14fb0,Localization Stability,TF,Jump Angular,0,363.8
56de627a7992efb6d44a5865f1f14fb0,Localization Stability,TF,Jump Linear,0,363.8
56de627a7992efb6d44a5865f1f14fb0,Input Validity,Lidar,Lidar Rate,10,362.88
56de627a7992efb6d44a5865f1f14fb0,Input Validity,Odometry,Odometry Rate,50,362.88
56de627a7992efb6d44a5865f1f14fb0,Input Validity,TF,TF Rate,10,362.88
56de627a7992efb6d44a5865f1f14fb0,Localization Stability,TF,Jump Angular,0,363.9
56de627a7992efb6d44a5865f1f14fb0,Localization Stability,TF,Jump Linear,0,363.9
56de627a7992efb6d44a5865f1f14fb0,Input Validity,Lidar,Lidar Rate,10,362.98
56de627a7992efb6d44a5865f1f14fb0,Input Validity,Odometry,Odometry Rate,50,362.98
56de627a7992efb6d44a5865f1f14fb0,Input Validity,TF,TF Rate,10,362.98
56de627a7992efb6d44a5865f1f14fb0,Localization Quality,AMCLPose,CovYawYaw,0.00364839,363
56de627a7992efb6d44a5865f1f14fb0,Localization Quality,AMCLPose,CovYY,0.00202866,363
56de627a7992efb6d44a5865f1f14fb0,Localization Quality,AMCLPose,CovXX,0.00737719,363
56de627a7992efb6d44a5865f1f14fb0,Localization Quality,AMCLPose,MeanYaw,-2.8899,363
56de627a7992efb6d44a5865f1f14fb0,Localization Quality,AMCLPose,MeanY,0.392798,363
56de627a7992efb6d44a5865f1f14fb0,Localization Quality,AMCLPose,MeanX,-0.0297712,363
56de627a7992efb6d44a5865f1f14fb0,Localization Stability,TF,Jump Angular,-0.00212736,364
56de627a7992efb6d44a5865f1f14fb0,Localization Stability,TF,Jump Linear,0.0578596,364
56de627a7992efb6d44a5865f1f14fb0,Input Validity,Lidar,Lidar Rate,10,363.08
56de627a7992efb6d44a5865f1f14fb0,Input Validity,Odometry,Odometry Rate,50,363.08
56de627a7992efb6d44a5865f1f14fb0,Input Validity,TF,TF Rate,10,363.08
56de627a7992efb6d44a5865f1f14fb0,Localization Stability,TF,Jump Angular,0,364.1
56de627a7992efb6d44a5865f1f14fb0,Localization Stability,TF,Jump Linear,0,364.1
56de627a7992efb6d44a5865f1f14fb0,Input Validity,Lidar,Lidar Rate,10,363.17
56de627a7992efb6d44a5865f1f14fb0,Input Validity,Odometry,Odometry Rate,50,363.17
56de627a7992efb6d44a5865f1f14fb0,Input Validity,TF,TF Rate,10,363.17
56de627a7992efb6d44a5865f1f14fb0,Input Validity,Lidar,Lidar Rate,10,363.27
56de627a7992efb6d44a5865f1f14fb0,Input Validity,Odometry,Odometry Rate,50,363.27
56de627a7992efb6d44a5865f1f14fb0,Input Validity,TF,TF Rate,10,363.27
56de627a7992efb6d44a5865f1f14fb0,Localization Quality,AMCLPose,CovYawYaw,0.00292744,363.2
56de627a7992efb6d44a5865f1f14fb0,Localization Quality,AMCLPose,CovYY,0.00173279,363.2
56de627a7992efb6d44a5865f1f14fb0,Localization Quality,AMCLPose,CovXX,0.00698786,363.2
56de627a7992efb6d44a5865f1f14fb0,Localization Quality,AMCLPose,MeanYaw,-2.95042,363.2
56de627a7992efb6d44a5865f1f14fb0,Localization Quality,AMCLPose,MeanY,0.374067,363.2
56de627a7992efb6d44a5865f1f14fb0,Localization Quality,AMCLPose,MeanX,-0.116468,363.2
56de627a7992efb6d44a5865f1f14fb0,Localization Stability,TF,Jump Angular,0.00124847,364.2
56de627a7992efb6d44a5865f1f14fb0,Localization Stability,TF,Jump Linear,0.0305308,364.2
56de627a7992efb6d44a5865f1f14fb0,Localization Stability,TF,Jump Angular,0,364.3
56de627a7992efb6d44a5865f1f14fb0,Localization Stability,TF,Jump Linear,0,364.3
56de627a7992efb6d44a5865f1f14fb0,Input Validity,Lidar,Lidar Rate,10,363.37
56de627a7992efb6d44a5865f1f14fb0,Input Validity,Odometry,Odometry Rate,50,363.37
56de627a7992efb6d44a5865f1f14fb0,Input Validity,TF,TF Rate,10,363.37
56de627a7992efb6d44a5865f1f14fb0,Localization Quality,AMCLPose,CovYawYaw,0.00253711,363.4
56de627a7992efb6d44a5865f1f14fb0,Localization Quality,AMCLPose,CovYY,0.00159626,363.4
56de627a7992efb6d44a5865f1f14fb0,Localization Quality,AMCLPose,CovXX,0.00642821,363.4
56de627a7992efb6d44a5865f1f14fb0,Localization Quality,AMCLPose,MeanYaw,-3.0043,363.4
56de627a7992efb6d44a5865f1f14fb0,Localization Quality,AMCLPose,MeanY,0.362506,363.4
56de627a7992efb6d44a5865f1f14fb0,Localization Quality,AMCLPose,MeanX,-0.204108,363.4
56de627a7992efb6d44a5865f1f14fb0,Localization Stability,TF,Jump Angular,-0.00263913,364.4
56de627a7992efb6d44a5865f1f14fb0,Localization Stability,TF,Jump Linear,0.0647609,364.4
56de627a7992efb6d44a5865f1f14fb0,Input Validity,Lidar,Lidar Rate,10,363.47
56de627a7992efb6d44a5865f1f14fb0,Input Validity,Odometry,Odometry Rate,50,363.47
56de627a7992efb6d44a5865f1f14fb0,Input Validity,TF,TF Rate,10,363.47
56de627a7992efb6d44a5865f1f14fb0,Localization Stability,TF,Jump Angular,0,364.5
56de627a7992efb6d44a5865f1f14fb0,Localization Stability,TF,Jump Linear,0,364.5
56de627a7992efb6d44a5865f1f14fb0,Input Validity,Lidar,Lidar Rate,10,363.57
56de627a7992efb6d44a5865f1f14fb0,Input Validity,Odometry,Odometry Rate,50,363.57
56de627a7992efb6d44a5865f1f14fb0,Input Validity,TF,TF Rate,10,363.57
56de627a7992efb6d44a5865f1f14fb0,Localization Stability,TF,Jump Angular,0,364.6
56de627a7992efb6d44a5865f1f14fb0,Localization Stability,TF,Jump Linear,0,364.6
56de627a7992efb6d44a5865f1f14fb0,Input Validity,Lidar,Lidar Rate,10,363.67
56de627a7992efb6d44a5865f1f14fb0,Input Validity,Odometry,Odometry Rate,50,363.67
56de627a7992efb6d44a5865f1f14fb0,Input Validity,TF,TF Rate,10,363.67
56de627a7992efb6d44a5865f1f14fb0,Input Validity,Lidar,Lidar Rate,10,363.77
56de627a7992efb6d44a5865f1f14fb0,Input Validity,Odometry,Odometry Rate,50,363.77
56de627a7992efb6d44a5865f1f14fb0,Input Validity,TF,TF Rate,10,363.77
56de627a7992efb6d44a5865f1f14fb0,Localization Quality,AMCLPose,CovYawYaw,0.0030567,363.7
56de627a7992efb6d44a5865f1f14fb0,Localization Quality,AMCLPose,CovYY,0.00164483,363.7
56de627a7992efb6d44a5865f1f14fb0,Localization Quality,AMCLPose,CovXX,0.00635504,363.7
56de627a7992efb6d44a5865f1f14fb0,Localization Quality,AMCLPose,MeanYaw,-3.06148,363.7
56de627a7992efb6d44a5865f1f14fb0,Localization Quality,AMCLPose,MeanY,0.347933,363.7
56de627a7992efb6d44a5865f1f14fb0,Localization Quality,AMCLPose,MeanX,-0.340183,363.7
56de627a7992efb6d44a5865f1f14fb0,Localization Stability,TF,Jump Angular,-0.000786966,364.7
56de627a7992efb6d44a5865f1f14fb0,Localization Stability,TF,Jump Linear,0.0182253,364.7
56de627a7992efb6d44a5865f1f14fb0,Localization Stability,TF,Jump Angular,0,364.8
56de627a7992efb6d44a5865f1f14fb0,Localization Stability,TF,Jump Linear,0,364.8
56de627a7992efb6d44a5865f1f14fb0,Input Validity,Lidar,Lidar Rate,10,363.87
56de627a7992efb6d44a5865f1f14fb0,Input Validity,Odometry,Odometry Rate,50,363.87
56de627a7992efb6d44a5865f1f14fb0,Input Validity,TF,TF Rate,10,363.87
56de627a7992efb6d44a5865f1f14fb0,Localization Stability,TF,Jump Angular,0,364.9
56de627a7992efb6d44a5865f1f14fb0,Localization Stability,TF,Jump Linear,0,364.9
56de627a7992efb6d44a5865f1f14fb0,Input Validity,Lidar,Lidar Rate,10,363.97
56de627a7992efb6d44a5865f1f14fb0,Input Validity,Odometry,Odometry Rate,50,363.97
56de627a7992efb6d44a5865f1f14fb0,Input Validity,TF,TF Rate,10,363.97
56de627a7992efb6d44a5865f1f14fb0,Input Validity,Lidar,Lidar Rate,10,364.07
56de627a7992efb6d44a5865f1f14fb0,Input Validity,Odometry,Odometry Rate,50,364.07
56de627a7992efb6d44a5865f1f14fb0,Input Validity,TF,TF Rate,10,364.07
56de627a7992efb6d44a5865f1f14fb0,Localization Quality,AMCLPose,CovYawYaw,0.00295363,364
56de627a7992efb6d44a5865f1f14fb0,Localization Quality,AMCLPose,CovYY,0.00152795,364
56de627a7992efb6d44a5865f1f14fb0,Localization Quality,AMCLPose,CovXX,0.00635575,364
56de627a7992efb6d44a5865f1f14fb0,Localization Quality,AMCLPose,MeanYaw,-3.0442,364
56de627a7992efb6d44a5865f1f14fb0,Localization Quality,AMCLPose,MeanY,0.339148,364
56de627a7992efb6d44a5865f1f14fb0,Localization Quality,AMCLPose,MeanX,-0.474369,364
56de627a7992efb6d44a5865f1f14fb0,Localization Stability,TF,Jump Angular,0.000920803,365
56de627a7992efb6d44a5865f1f14fb0,Localization Stability,TF,Jump Linear,0.0278313,365
56de627a7992efb6d44a5865f1f14fb0,Input Validity,Lidar,Lidar Rate,10,364.17
56de627a7992efb6d44a5865f1f14fb0,Input Validity,Odometry,Odometry Rate,50,364.17
56de627a7992efb6d44a5865f1f14fb0,Input Validity,TF,TF Rate,10,364.17
56de627a7992efb6d44a5865f1f14fb0,Localization Quality,AMCLPose,CovYawYaw,0.00197722,364.1
56de627a7992efb6d44a5865f1f14fb0,Localization Quality,AMCLPose,CovYY,0.00137742,364.1
56de627a7992efb6d44a5865f1f14fb0,Localization Quality,AMCLPose,CovXX,0.00573806,364.1
56de627a7992efb6d44a5865f1f14fb0,Localization Quality,AMCLPose,MeanYaw,-2.97968,364.1
56de627a7992efb6d44a5865f1f14fb0,Localization Quality,AMCLPose,MeanY,0.331903,364.1
56de627a7992efb6d44a5865f1f14fb0,Localization Quality,AMCLPose,MeanX,-0.510511,364.1
56de627a7992efb6d44a5865f1f14fb0,Localization Stability,TF,Jump Angular,0.000750164,365.1
56de627a7992efb6d44a5865f1f14fb0,Localization Stability,TF,Jump Linear,0.0157535,365.1
56de627a7992efb6d44a5865f1f14fb0,Input Validity,Lidar,Lidar Rate,10,364.27
56de627a7992efb6d44a5865f1f14fb0,Input Validity,Odometry,Odometry Rate,50,364.27
56de627a7992efb6d44a5865f1f14fb0,Input Validity,TF,TF Rate,10,364.27
56de627a7992efb6d44a5865f1f14fb0,Localization Quality,AMCLPose,CovYawYaw,0.00152039,364.2
56de627a7992efb6d44a5865f1f14fb0,Localization Quality,AMCLPose,CovYY,0.00117408,364.2
56de627a7992efb6d44a5865f1f14fb0,Localization Quality,AMCLPose,CovXX,0.00483901,364.2
56de627a7992efb6d44a5865f1f14fb0,Localization Quality,AMCLPose,MeanYaw,-2.91931,364.2
56de627a7992efb6d44a5865f1f14fb0,Localization Quality,AMCLPose,MeanY,0.328026,364.2
56de627a7992efb6d44a5865f1f14fb0,Localization Quality,AMCLPose,MeanX,-0.556596,364.2
56de627a7992efb6d44a5865f1f14fb0,Localization Stability,TF,Jump Angular,-0.00391765,365.2
56de627a7992efb6d44a5865f1f14fb0,Localization Stability,TF,Jump Linear,0.0904282,365.2
56de627a7992efb6d44a5865f1f14fb0,Input Validity,Lidar,Lidar Rate,10,364.37
56de627a7992efb6d44a5865f1f14fb0,Input Validity,Odometry,Odometry Rate,50,364.37
56de627a7992efb6d44a5865f1f14fb0,Input Validity,TF,TF Rate,10,364.37
56de627a7992efb6d44a5865f1f14fb0,Localization Quality,AMCLPose,CovYawYaw,0.00125274,364.3
56de627a7992efb6d44a5865f1f14fb0,Localization Quality,AMCLPose,CovYY,0.00110208,364.3
56de627a7992efb6d44a5865f1f14fb0,Localization Quality,AMCLPose,CovXX,0.00424716,364.3
56de627a7992efb6d44a5865f1f14fb0,Localization Quality,AMCLPose,MeanYaw,-2.85622,364.3
56de627a7992efb6d44a5865f1f14fb0,Localization Quality,AMCLPose,MeanY,0.31908,364.3
56de627a7992efb6d44a5865f1f14fb0,Localization Quality,AMCLPose,MeanX,-0.598421,364.3
56de627a7992efb6d44a5865f1f14fb0,Localization Stability,TF,Jump Angular,-0.00119228,365.3
56de627a7992efb6d44a5865f1f14fb0,Localization Stability,TF,Jump Linear,0.0280193,365.3
56de627a7992efb6d44a5865f1f14fb0,Input Validity,Lidar,Lidar Rate,10,364.47
56de627a7992efb6d44a5865f1f14fb0,Input Validity,Odometry,Odometry Rate,50,364.47
56de627a7992efb6d44a5865f1f14fb0,Input Validity,TF,TF Rate,10,364.47
56de627a7992efb6d44a5865f1f14fb0,Localization Quality,AMCLPose,CovYawYaw,0.00113433,364.4
56de627a7992efb6d44a5865f1f14fb0,Localization Quality,AMCLPose,CovYY,0.00100283,364.4
56de627a7992efb6d44a5865f1f14fb0,Localization Quality,AMCLPose,CovXX,0.00411607,364.4
56de627a7992efb6d44a5865f1f14fb0,Localization Quality,AMCLPose,MeanYaw,-2.7923,364.4
56de627a7992efb6d44a5865f1f14fb0,Localization Quality,AMCLPose,MeanY,0.306728,364.4
56de627a7992efb6d44a5865f1f14fb0,Localization Quality,AMCLPose,MeanX,-0.64066,364.4
56de627a7992efb6d44a5865f1f14fb0,Localization Stability,TF,Jump Angular,-0.00032328,365.4
56de627a7992efb6d44a5865f1f14fb0,Localization Stability,TF,Jump Linear,0.00710093,365.4
56de627a7992efb6d44a5865f1f14fb0,Input Validity,Lidar,Lidar Rate,10,364.57
56de627a7992efb6d44a5865f1f14fb0,Input Validity,Odometry,Odometry Rate,50,364.57
56de627a7992efb6d44a5865f1f14fb0,Input Validity,TF,TF Rate,10,364.57
56de627a7992efb6d44a5865f1f14fb0,Localization Quality,AMCLPose,CovYawYaw,0.000894632,364.5
56de627a7992efb6d44a5865f1f14fb0,Localization Quality,AMCLPose,CovYY,0.00100562,364.5
56de627a7992efb6d44a5865f1f14fb0,Localization Quality,AMCLPose,CovXX,0.00366876,364.5
56de627a7992efb6d44a5865f1f14fb0,Localization Quality,AMCLPose,MeanYaw,-2.73325,364.5
56de627a7992efb6d44a5865f1f14fb0,Localization Quality,AMCLPose,MeanY,0.291533,364.5
56de627a7992efb6d44a5865f1f14fb0,Localization Quality,AMCLPose,MeanX,-0.677921,364.5
56de627a7992efb6d44a5865f1f14fb0,Localization Stability,TF,Jump Angular,-0.00303701,365.5
56de627a7992efb6d44a5865f1f14fb0,Localization Stability,TF,Jump Linear,0.0793075,365.5
56de627a7992efb6d44a5865f1f14fb0,Input Validity,Lidar,Lidar Rate,10,364.67
56de627a7992efb6d44a5865f1f14fb0,Input Validity,Odometry,Odometry Rate,50,364.67
56de627a7992efb6d44a5865f1f14fb0,Input Validity,TF,TF Rate,10,364.67
56de627a7992efb6d44a5865f1f14fb0,Localization Quality,AMCLPose,CovYawYaw,0.000750507,364.6
56de627a7992efb6d44a5865f1f14fb0,Localization Quality,AMCLPose,CovYY,0.00101868,364.6
56de627a7992efb6d44a5865f1f14fb0,Localization Quality,AMCLPose,CovXX,0.00318431,364.6
56de627a7992efb6d44a5865f1f14fb0,Localization Quality,AMCLPose,MeanYaw,-2.67551,364.6
56de627a7992efb6d44a5865f1f14fb0,Localization Quality,AMCLPose,MeanY,0.271219,364.6
56de627a7992efb6d44a5865f1f14fb0,Localization Quality,AMCLPose,MeanX,-0.717003,364.6
56de627a7992efb6d44a5865f1f14fb0,Localization Stability,TF,Jump Angular,-0.00060387,365.6
56de627a7992efb6d44a5865f1f14fb0,Localization Stability,TF,Jump Linear,0.0172943,365.6
56de627a7992efb6d44a5865f1f14fb0,Localization Quality,AMCLPose,CovYawYaw,0.000665472,364.7
56de627a7992efb6d44a5865f1f14fb0,Localization Quality,AMCLPose,CovYY,0.00102359,364.7
56de627a7992efb6d44a5865f1f14fb0,Localization Quality,AMCLPose,CovXX,0.00285102,364.7
56de627a7992efb6d44a5865f1f14fb0,Localization Quality,AMCLPose,MeanYaw,-2.62024,364.7
56de627a7992efb6d44a5865f1f14fb0,Localization Quality,AMCLPose,MeanY,0.248932,364.7
56de627a7992efb6d44a5865f1f14fb0,Localization Quality,AMCLPose,MeanX,-0.753768,364.7
56de627a7992efb6d44a5865f1f14fb0,Localization Stability,TF,Jump Angular,0.000726834,365.7
56de627a7992efb6d44a5865f1f14fb0,Localization Stability,TF,Jump Linear,0.0154876,365.7
56de627a7992efb6d44a5865f1f14fb0,Input Validity,Lidar,Lidar Rate,10,364.77
56de627a7992efb6d44a5865f1f14fb0,Input Validity,Odometry,Odometry Rate,50,364.77
56de627a7992efb6d44a5865f1f14fb0,Input Validity,TF,TF Rate,10,364.77
56de627a7992efb6d44a5865f1f14fb0,Localization Quality,AMCLPose,CovYawYaw,0.000642444,364.8
56de627a7992efb6d44a5865f1f14fb0,Localization Quality,AMCLPose,CovYY,0.00105406,364.8
56de627a7992efb6d44a5865f1f14fb0,Localization Quality,AMCLPose,CovXX,0.00279255,364.8
56de627a7992efb6d44a5865f1f14fb0,Localization Quality,AMCLPose,MeanYaw,-2.5728,364.8
56de627a7992efb6d44a5865f1f14fb0,Localization Quality,AMCLPose,MeanY,0.225691,364.8
56de627a7992efb6d44a5865f1f14fb0,Localization Quality,AMCLPose,MeanX,-0.786791,364.8
56de627a7992efb6d44a5865f1f14fb0,Localization Stability,TF,Jump Angular,-0.00379138,365.8
56de627a7992efb6d44a5865f1f14fb0,Localization Stability,TF,Jump Linear,0.100195,365.8
56de627a7992efb6d44a5865f1f14fb0,Input Validity,Lidar,Lidar Rate,10,364.86
56de627a7992efb6d44a5865f1f14fb0,Input Validity,Odometry,Odometry Rate,50,364.86
56de627a7992efb6d44a5865f1f14fb0,Input Validity,TF,TF Rate,10,364.86
56de627a7992efb6d44a5865f1f14fb0,Localization Stability,TF,Jump Angular,0,365.9
56de627a7992efb6d44a5865f1f14fb0,Localization Stability,TF,Jump Linear,0,365.9
56de627a7992efb6d44a5865f1f14fb0,Input Validity,Lidar,Lidar Rate,10,364.96
56de627a7992efb6d44a5865f1f14fb0,Input Validity,Odometry,Odometry Rate,50,364.96
56de627a7992efb6d44a5865f1f14fb0,Input Validity,TF,TF Rate,10,364.96
56de627a7992efb6d44a5865f1f14fb0,Input Validity,Lidar,Lidar Rate,10,365.06
56de627a7992efb6d44a5865f1f14fb0,Input Validity,Odometry,Odometry Rate,50,365.06
56de627a7992efb6d44a5865f1f14fb0,Input Validity,TF,TF Rate,10,365.06
56de627a7992efb6d44a5865f1f14fb0,Localization Quality,AMCLPose,CovYawYaw,0.00160801,365
56de627a7992efb6d44a5865f1f14fb0,Localization Quality,AMCLPose,CovYY,0.00121645,365
56de627a7992efb6d44a5865f1f14fb0,Localization Quality,AMCLPose,CovXX,0.00334644,365
56de627a7992efb6d44a5865f1f14fb0,Localization Quality,AMCLPose,MeanYaw,-2.49842,365
56de627a7992efb6d44a5865f1f14fb0,Localization Quality,AMCLPose,MeanY,0.174784,365
56de627a7992efb6d44a5865f1f14fb0,Localization Quality,AMCLPose,MeanX,-0.858652,365
56de627a7992efb6d44a5865f1f14fb0,Localization Stability,TF,Jump Angular,0.00189486,366
56de627a7992efb6d44a5865f1f14fb0,Localization Stability,TF,Jump Linear,0.0471294,366
56de627a7992efb6d44a5865f1f14fb0,Localization Stability,TF,Jump Angular,0,366.1
56de627a7992efb6d44a5865f1f14fb0,Localization Stability,TF,Jump Linear,0,366.1
56de627a7992efb6d44a5865f1f14fb0,Input Validity,Lidar,Lidar Rate,10,365.16
56de627a7992efb6d44a5865f1f14fb0,Input Validity,Odometry,Odometry Rate,50,365.16
56de627a7992efb6d44a5865f1f14fb0,Input Validity,TF,TF Rate,10,365.16
56de627a7992efb6d44a5865f1f14fb0,Localization Stability,TF,Jump Angular,0,366.2
56de627a7992efb6d44a5865f1f14fb0,Localization Stability,TF,Jump Linear,0,366.2
56de627a7992efb6d44a5865f1f14fb0,Input Validity,Lidar,Lidar Rate,10,365.26
56de627a7992efb6d44a5865f1f14fb0,Input Validity,Odometry,Odometry Rate,50,365.26
56de627a7992efb6d44a5865f1f14fb0,Input Validity,TF,TF Rate,10,365.26
56de627a7992efb6d44a5865f1f14fb0,Input Validity,Lidar,Lidar Rate,10,365.36
56de627a7992efb6d44a5865f1f14fb0,Input Validity,Odometry,Odometry Rate,50,365.36
56de627a7992efb6d44a5865f1f14fb0,Input Validity,TF,TF Rate,10,365.36
56de627a7992efb6d44a5865f1f14fb0,Localization Quality,AMCLPose,CovYawYaw,0.0034303,365.3
56de627a7992efb6d44a5865f1f14fb0,Localization Quality,AMCLPose,CovYY,0.00155807,365.3
56de627a7992efb6d44a5865f1f14fb0,Localization Quality,AMCLPose,CovXX,0.00401044,365.3
56de627a7992efb6d44a5865f1f14fb0,Localization Quality,AMCLPose,MeanYaw,-2.46389,365.3
56de627a7992efb6d44a5865f1f14fb0,Localization Quality,AMCLPose,MeanY,0.0921775,365.3
56de627a7992efb6d44a5865f1f14fb0,Localization Quality,AMCLPose,MeanX,-0.964635,365.3
56de627a7992efb6d44a5865f1f14fb0,Localization Stability,TF,Jump Angular,-0.00400678,366.3
56de627a7992efb6d44a5865f1f14fb0,Localization Stability,TF,Jump Linear,0.102283,366.3
56de627a7992efb6d44a5865f1f14fb0,Localization Stability,TF,Jump Angular,0,366.4
56de627a7992efb6d44a5865f1f14fb0,Localization Stability,TF,Jump Linear,0,366.4
56de627a7992efb6d44a5865f1f14fb0,Input Validity,Lidar,Lidar Rate,10,365.46
56de627a7992efb6d44a5865f1f14fb0,Input Validity,Odometry,Odometry Rate,50,365.46
56de627a7992efb6d44a5865f1f14fb0,Input Validity,TF,TF Rate,10,365.46
56de627a7992efb6d44a5865f1f14fb0,Input Validity,Lidar,Lidar Rate,10,365.56
56de627a7992efb6d44a5865f1f14fb0,Input Validity,Odometry,Odometry Rate,50,365.56
56de627a7992efb6d44a5865f1f14fb0,Input Validity,TF,TF Rate,10,365.56
56de627a7992efb6d44a5865f1f14fb0,Localization Stability,TF,Jump Angular,0,366.5
56de627a7992efb6d44a5865f1f14fb0,Localization Stability,TF,Jump Linear,0,366.5
56de627a7992efb6d44a5865f1f14fb0,Input Validity,Lidar,Lidar Rate,10,365.66
56de627a7992efb6d44a5865f1f14fb0,Input Validity,Odometry,Odometry Rate,50,365.66
56de627a7992efb6d44a5865f1f14fb0,Input Validity,TF,TF Rate,10,365.66
56de627a7992efb6d44a5865f1f14fb0,Localization Quality,AMCLPose,CovYawYaw,0.00552578,365.6
56de627a7992efb6d44a5865f1f14fb0,Localization Quality,AMCLPose,CovYY,0.00204575,365.6
56de627a7992efb6d44a5865f1f14fb0,Localization Quality,AMCLPose,CovXX,0.00454794,365.6
56de627a7992efb6d44a5865f1f14fb0,Localization Quality,AMCLPose,MeanYaw,-2.42891,365.6
56de627a7992efb6d44a5865f1f14fb0,Localization Quality,AMCLPose,MeanY,0.00701123,365.6
56de627a7992efb6d44a5865f1f14fb0,Localization Quality,AMCLPose,MeanX,-1.06616,365.6
56de627a7992efb6d44a5865f1f14fb0,Localization Stability,TF,Jump Angular,-0.000979365,366.6
56de627a7992efb6d44a5865f1f14fb0,Localization Stability,TF,Jump Linear,0.0260314,366.6
56de627a7992efb6d44a5865f1f14fb0,Input Validity,Lidar,Lidar Rate,10,365.76
56de627a7992efb6d44a5865f1f14fb0,Input Validity,Odometry,Odometry Rate,50,365.76
56de627a7992efb6d44a5865f1f14fb0,Input Validity,TF,TF Rate,10,365.76
56de627a7992efb6d44a5865f1f14fb0,Localization Stability,TF,Jump Angular,0,366.7
56de627a7992efb6d44a5865f1f14fb0,Localization Stability,TF,Jump Linear,0,366.7
56de627a7992efb6d44a5865f1f14fb0,Input Validity,Lidar,Lidar Rate,10,365.86
56de627a7992efb6d44a5865f1f14fb0,Input Validity,Odometry,Odometry Rate,50,365.86
56de627a7992efb6d44a5865f1f14fb0,Input Validity,TF,TF Rate,10,365.86
56de627a7992efb6d44a5865f1f14fb0,Localization Stability,TF,Jump Angular,0,366.8
56de627a7992efb6d44a5865f1f14fb0,Localization Stability,TF,Jump Linear,0,366.8
56de627a7992efb6d44a5865f1f14fb0,Input Validity,Lidar,Lidar Rate,10,365.96
56de627a7992efb6d44a5865f1f14fb0,Input Validity,Odometry,Odometry Rate,50,365.96
56de627a7992efb6d44a5865f1f14fb0,Input Validity,TF,TF Rate,10,365.96
56de627a7992efb6d44a5865f1f14fb0,Localization Quality,AMCLPose,CovYawYaw,0.0075425,365.9
56de627a7992efb6d44a5865f1f14fb0,Localization Quality,AMCLPose,CovYY,0.00267531,365.9
56de627a7992efb6d44a5865f1f14fb0,Localization Quality,AMCLPose,CovXX,0.00522621,365.9
56de627a7992efb6d44a5865f1f14fb0,Localization Quality,AMCLPose,MeanYaw,-2.41009,365.9
56de627a7992efb6d44a5865f1f14fb0,Localization Quality,AMCLPose,MeanY,-0.0828517,365.9
56de627a7992efb6d44a5865f1f14fb0,Localization Quality,AMCLPose,MeanX,-1.16996,365.9
56de627a7992efb6d44a5865f1f14fb0,Localization Stability,TF,Jump Angular,-0.00836399,366.9
56de627a7992efb6d44a5865f1f14fb0,Localization Stability,TF,Jump Linear,0.213201,366.9
56de627a7992efb6d44a5865f1f14fb0,Input Validity,Lidar,Lidar Rate,10,366.06
56de627a7992efb6d44a5865f1f14fb0,Input Validity,Odometry,Odometry Rate,50,366.06
56de627a7992efb6d44a5865f1f14fb0,Input Validity,TF,TF Rate,10,366.06
56de627a7992efb6d44a5865f1f14fb0,Localization Stability,TF,Jump Angular,0,367
56de627a7992efb6d44a5865f1f14fb0,Localization Stability,TF,Jump Linear,0,367
56de627a7992efb6d44a5865f1f14fb0,Localization Stability,TF,Jump Angular,0,367.1
56de627a7992efb6d44a5865f1f14fb0,Localization Stability,TF,Jump Linear,0,367.1
56de627a7992efb6d44a5865f1f14fb0,Input Validity,Lidar,Lidar Rate,10,366.16
56de627a7992efb6d44a5865f1f14fb0,Input Validity,Odometry,Odometry Rate,50,366.16
56de627a7992efb6d44a5865f1f14fb0,Input Validity,TF,TF Rate,10,366.16
56de627a7992efb6d44a5865f1f14fb0,Localization Quality,AMCLPose,CovYawYaw,0.00894366,366.2
56de627a7992efb6d44a5865f1f14fb0,Localization Quality,AMCLPose,CovYY,0.00344738,366.2
56de627a7992efb6d44a5865f1f14fb0,Localization Quality,AMCLPose,CovXX,0.006391,366.2
56de627a7992efb6d44a5865f1f14fb0,Localization Quality,AMCLPose,MeanYaw,-2.40137,366.2
56de627a7992efb6d44a5865f1f14fb0,Localization Quality,AMCLPose,MeanY,-0.171451,366.2
56de627a7992efb6d44a5865f1f14fb0,Localization Quality,AMCLPose,MeanX,-1.26536,366.2
56de627a7992efb6d44a5865f1f14fb0,Localization Stability,TF,Jump Angular,-0.000227494,367.2
56de627a7992efb6d44a5865f1f14fb0,Localization Stability,TF,Jump Linear,0.00944523,367.2
56de627a7992efb6d44a5865f1f14fb0,Input Validity,Lidar,Lidar Rate,10,366.26
56de627a7992efb6d44a5865f1f14fb0,Input Validity,Odometry,Odometry Rate,50,366.26
56de627a7992efb6d44a5865f1f14fb0,Input Validity,TF,TF Rate,10,366.26
56de627a7992efb6d44a5865f1f14fb0,Input Validity,Lidar,Lidar Rate,10,366.36
56de627a7992efb6d44a5865f1f14fb0,Input Validity,Odometry,Odometry Rate,50,366.36
56de627a7992efb6d44a5865f1f14fb0,Input Validity,TF,TF Rate,10,366.36
56de627a7992efb6d44a5865f1f14fb0,Localization Stability,TF,Jump Angular,0,367.3
56de627a7992efb6d44a5865f1f14fb0,Localization Stability,TF,Jump Linear,0,367.3
56de627a7992efb6d44a5865f1f14fb0,Input Validity,Lidar,Lidar Rate,10,366.45
56de627a7992efb6d44a5865f1f14fb0,Input Validity,Odometry,Odometry Rate,50,366.45
56de627a7992efb6d44a5865f1f14fb0,Input Validity,TF,TF Rate,10,366.45
56de627a7992efb6d44a5865f1f14fb0,Localization Stability,TF,Jump Angular,0,367.4
56de627a7992efb6d44a5865f1f14fb0,Localization Stability,TF,Jump Linear,0,367.4
56de627a7992efb6d44a5865f1f14fb0,Input Validity,Lidar,Lidar Rate,10,366.55
56de627a7992efb6d44a5865f1f14fb0,Input Validity,Odometry,Odometry Rate,50,366.55
56de627a7992efb6d44a5865f1f14fb0,Input Validity,TF,TF Rate,10,366.55
56de627a7992efb6d44a5865f1f14fb0,Localization Quality,AMCLPose,CovYawYaw,0.00993219,366.5
56de627a7992efb6d44a5865f1f14fb0,Localization Quality,AMCLPose,CovYY,0.00417157,366.5
56de627a7992efb6d44a5865f1f14fb0,Localization Quality,AMCLPose,CovXX,0.00716811,366.5
56de627a7992efb6d44a5865f1f14fb0,Localization Quality,AMCLPose,MeanYaw,-2.39135,366.5
56de627a7992efb6d44a5865f1f14fb0,Localization Quality,AMCLPose,MeanY,-0.26211,366.5
56de627a7992efb6d44a5865f1f14fb0,Localization Quality,AMCLPose,MeanX,-1.36386,366.5
56de627a7992efb6d44a5865f1f14fb0,Localization Stability,TF,Jump Angular,0.00163079,367.5
56de627a7992efb6d44a5865f1f14fb0,Localization Stability,TF,Jump Linear,0.0422971,367.5
56de627a7992efb6d44a5865f1f14fb0,Input Validity,Lidar,Lidar Rate,10,366.65
56de627a7992efb6d44a5865f1f14fb0,Input Validity,Odometry,Odometry Rate,50,366.65
56de627a7992efb6d44a5865f1f14fb0,Input Validity,TF,TF Rate,10,366.65
56de627a7992efb6d44a5865f1f14fb0,Localization Stability,TF,Jump Angular,0,367.6
56de627a7992efb6d44a5865f1f14fb0,Localization Stability,TF,Jump Linear,0,367.6
56de627a7992efb6d44a5865f1f14fb0,Input Validity,Lidar,Lidar Rate,10,366.75
56de627a7992efb6d44a5865f1f14fb0,Input Validity,Odometry,Odometry Rate,50,366.75
56de627a7992efb6d44a5865f1f14fb0,Input Validity,TF,TF Rate,10,366.75
56de627a7992efb6d44a5865f1f14fb0,Localization Stability,TF,Jump Angular,0,367.7
56de627a7992efb6d44a5865f1f14fb0,Localization Stability,TF,Jump Linear,0,367.7
56de627a7992efb6d44a5865f1f14fb0,Localization Quality,AMCLPose,CovYawYaw,0.0116779,366.8
56de627a7992efb6d44a5865f1f14fb0,Localization Quality,AMCLPose,CovYY,0.00539181,366.8
56de627a7992efb6d44a5865f1f14fb0,Localization Quality,AMCLPose,CovXX,0.00825866,366.8
56de627a7992efb6d44a5865f1f14fb0,Localization Quality,AMCLPose,MeanYaw,-2.38984,366.8
56de627a7992efb6d44a5865f1f14fb0,Localization Quality,AMCLPose,MeanY,-0.35278,366.8
56de627a7992efb6d44a5865f1f14fb0,Localization Quality,AMCLPose,MeanX,-1.46604,366.8
56de627a7992efb6d44a5865f1f14fb0,Localization Stability,TF,Jump Angular,-0.00595951,367.8
56de627a7992efb6d44a5865f1f14fb0,Localization Stability,TF,Jump Linear,0.151825,367.8
56de627a7992efb6d44a5865f1f14fb0,Input Validity,Lidar,Lidar Rate,10,366.85
56de627a7992efb6d44a5865f1f14fb0,Input Validity,Odometry,Odometry Rate,50,366.85
56de627a7992efb6d44a5865f1f14fb0,Input Validity,TF,TF Rate,10,366.85
56de627a7992efb6d44a5865f1f14fb0,Localization Stability,TF,Jump Angular,0,367.9
56de627a7992efb6d44a5865f1f14fb0,Localization Stability,TF,Jump Linear,0,367.9
56de627a7992efb6d44a5865f1f14fb0,Input Validity,Lidar,Lidar Rate,10,366.95
56de627a7992efb6d44a5865f1f14fb0,Input Validity,Odometry,Odometry Rate,50,366.95
56de627a7992efb6d44a5865f1f14fb0,Input Validity,TF,TF Rate,10,366.95
56de627a7992efb6d44a5865f1f14fb0,Localization Stability,TF,Jump Angular,0,368
56de627a7992efb6d44a5865f1f14fb0,Localization Stability,TF,Jump Linear,0,368
56de627a7992efb6d44a5865f1f14fb0,Input Validity,Lidar,Lidar Rate,10,367.05
56de627a7992efb6d44a5865f1f14fb0,Input Validity,Odometry,Odometry Rate,50,367.05
56de627a7992efb6d44a5865f1f14fb0,Input Validity,TF,TF Rate,10,367.05
56de627a7992efb6d44a5865f1f14fb0,Input Validity,Lidar,Lidar Rate,10,367.15
56de627a7992efb6d44a5865f1f14fb0,Input Validity,Odometry,Odometry Rate,50,367.15
56de627a7992efb6d44a5865f1f14fb0,Input Validity,TF,TF Rate,10,367.15
56de627a7992efb6d44a5865f1f14fb0,Localization Quality,AMCLPose,CovYawYaw,0.0135091,367.1
56de627a7992efb6d44a5865f1f14fb0,Localization Quality,AMCLPose,CovYY,0.00711797,367.1
56de627a7992efb6d44a5865f1f14fb0,Localization Quality,AMCLPose,CovXX,0.00977394,367.1
56de627a7992efb6d44a5865f1f14fb0,Localization Quality,AMCLPose,MeanYaw,-2.38371,367.1
56de627a7992efb6d44a5865f1f14fb0,Localization Quality,AMCLPose,MeanY,-0.444495,367.1
56de627a7992efb6d44a5865f1f14fb0,Localization Quality,AMCLPose,MeanX,-1.56564,367.1
56de627a7992efb6d44a5865f1f14fb0,Localization Stability,TF,Jump Angular,-0.00370871,368.1
56de627a7992efb6d44a5865f1f14fb0,Localization Stability,TF,Jump Linear,0.0958679,368.1
56de627a7992efb6d44a5865f1f14fb0,Localization Stability,TF,Jump Angular,0,368.2
56de627a7992efb6d44a5865f1f14fb0,Localization Stability,TF,Jump Linear,0,368.2
56de627a7992efb6d44a5865f1f14fb0,Input Validity,Lidar,Lidar Rate,10,367.25
56de627a7992efb6d44a5865f1f14fb0,Input Validity,Odometry,Odometry Rate,50,367.25
56de627a7992efb6d44a5865f1f14fb0,Input Validity,TF,TF Rate,10,367.25
56de627a7992efb6d44a5865f1f14fb0,Input Validity,Lidar,Lidar Rate,10,367.35
56de627a7992efb6d44a5865f1f14fb0,Input Validity,Odometry,Odometry Rate,50,367.35
56de627a7992efb6d44a5865f1f14fb0,Input Validity,TF,TF Rate,10,367.35
56de627a7992efb6d44a5865f1f14fb0,Localization Stability,TF,Jump Angular,0,368.3
56de627a7992efb6d44a5865f1f14fb0,Localization Stability,TF,Jump Linear,0,368.3
56de627a7992efb6d44a5865f1f14fb0,Input Validity,Lidar,Lidar Rate,10,367.45
56de627a7992efb6d44a5865f1f14fb0,Input Validity,Odometry,Odometry Rate,50,367.45
56de627a7992efb6d44a5865f1f14fb0,Input Validity,TF,TF Rate,10,367.45
56de627a7992efb6d44a5865f1f14fb0,Localization Quality,AMCLPose,CovYawYaw,0.0154964,367.4
56de627a7992efb6d44a5865f1f14fb0,Localization Quality,AMCLPose,CovYY,0.00880337,367.4
56de627a7992efb6d44a5865f1f14fb0,Localization Quality,AMCLPose,CovXX,0.0118866,367.4
56de627a7992efb6d44a5865f1f14fb0,Localization Quality,AMCLPose,MeanYaw,-2.36907,367.4
56de627a7992efb6d44a5865f1f14fb0,Localization Quality,AMCLPose,MeanY,-0.535775,367.4
56de627a7992efb6d44a5865f1f14fb0,Localization Quality,AMCLPose,MeanX,-1.65919,367.4
56de627a7992efb6d44a5865f1f14fb0,Localization Stability,TF,Jump Angular,0.00526822,368.4
56de627a7992efb6d44a5865f1f14fb0,Localization Stability,TF,Jump Linear,0.137297,368.4
56de627a7992efb6d44a5865f1f14fb0,Localization Stability,TF,Jump Angular,0,368.5
56de627a7992efb6d44a5865f1f14fb0,Localization Stability,TF,Jump Linear,0,368.5
56de627a7992efb6d44a5865f1f14fb0,Input Validity,Lidar,Lidar Rate,10,367.55
56de627a7992efb6d44a5865f1f14fb0,Input Validity,Odometry,Odometry Rate,50,367.55
56de627a7992efb6d44a5865f1f14fb0,Input Validity,TF,TF Rate,10,367.55
56de627a7992efb6d44a5865f1f14fb0,Input Validity,Lidar,Lidar Rate,10,367.65
56de627a7992efb6d44a5865f1f14fb0,Input Validity,Odometry,Odometry Rate,50,367.65
56de627a7992efb6d44a5865f1f14fb0,Input Validity,TF,TF Rate,10,367.65
56de627a7992efb6d44a5865f1f14fb0,Localization Stability,TF,Jump Angular,0,368.6
56de627a7992efb6d44a5865f1f14fb0,Localization Stability,TF,Jump Linear,0,368.6
56de627a7992efb6d44a5865f1f14fb0,Input Validity,Lidar,Lidar Rate,10,367.75
56de627a7992efb6d44a5865f1f14fb0,Input Validity,Odometry,Odometry Rate,50,367.75
56de627a7992efb6d44a5865f1f14fb0,Input Validity,TF,TF Rate,10,367.75
56de627a7992efb6d44a5865f1f14fb0,Localization Quality,AMCLPose,CovYawYaw,0.0160354,367.7
56de627a7992efb6d44a5865f1f14fb0,Localization Quality,AMCLPose,CovYY,0.0103967,367.7
56de627a7992efb6d44a5865f1f14fb0,Localization Quality,AMCLPose,CovXX,0.0132643,367.7
56de627a7992efb6d44a5865f1f14fb0,Localization Quality,AMCLPose,MeanYaw,-2.36156,367.7
56de627a7992efb6d44a5865f1f14fb0,Localization Quality,AMCLPose,MeanY,-0.628926,367.7
56de627a7992efb6d44a5865f1f14fb0,Localization Quality,AMCLPose,MeanX,-1.75179,367.7
56de627a7992efb6d44a5865f1f14fb0,Localization Stability,TF,Jump Angular,0.00157401,368.7
56de627a7992efb6d44a5865f1f14fb0,Localization Stability,TF,Jump Linear,0.0397832,368.7
56de627a7992efb6d44a5865f1f14fb0,Input Validity,Lidar,Lidar Rate,10,367.85
56de627a7992efb6d44a5865f1f14fb0,Input Validity,Odometry,Odometry Rate,50,367.85
56de627a7992efb6d44a5865f1f14fb0,Input Validity,TF,TF Rate,10,367.85
56de627a7992efb6d44a5865f1f14fb0,Localization Stability,TF,Jump Angular,0,368.8
56de627a7992efb6d44a5865f1f14fb0,Localization Stability,TF,Jump Linear,0,368.8
56de627a7992efb6d44a5865f1f14fb0,Input Validity,Lidar,Lidar Rate,10,367.95
56de627a7992efb6d44a5865f1f14fb0,Input Validity,Odometry,Odometry Rate,50,367.95
56de627a7992efb6d44a5865f1f14fb0,Input Validity,TF,TF Rate,10,367.95
56de627a7992efb6d44a5865f1f14fb0,Localization Stability,TF,Jump Angular,0,368.9
56de627a7992efb6d44a5865f1f14fb0,Localization Stability,TF,Jump Linear,0,368.9
56de627a7992efb6d44a5865f1f14fb0,Input Validity,Lidar,Lidar Rate,10,368.05
56de627a7992efb6d44a5865f1f14fb0,Input Validity,Odometry,Odometry Rate,50,368.05
56de627a7992efb6d44a5865f1f14fb0,Input Validity,TF,TF Rate,10,368.05
56de627a7992efb6d44a5865f1f14fb0,Localization Quality,AMCLPose,CovYawYaw,0.0187126,368
56de627a7992efb6d44a5865f1f14fb0,Localization Quality,AMCLPose,CovYY,0.0130745,368
56de627a7992efb6d44a5865f1f14fb0,Localization Quality,AMCLPose,CovXX,0.0151841,368
56de627a7992efb6d44a5865f1f14fb0,Localization Quality,AMCLPose,MeanYaw,-2.3505,368
56de627a7992efb6d44a5865f1f14fb0,Localization Quality,AMCLPose,MeanY,-0.726862,368
56de627a7992efb6d44a5865f1f14fb0,Localization Quality,AMCLPose,MeanX,-1.84478,368
56de627a7992efb6d44a5865f1f14fb0,Localization Stability,TF,Jump Angular,0.00505083,369
56de627a7992efb6d44a5865f1f14fb0,Localization Stability,TF,Jump Linear,0.13103,369
56de627a7992efb6d44a5865f1f14fb0,Input Validity,Lidar,Lidar Rate,10,368.15
56de627a7992efb6d44a5865f1f14fb0,Input Validity,Odometry,Odometry Rate,50,368.15
56de627a7992efb6d44a5865f1f14fb0,Input Validity,TF,TF Rate,10,368.15
56de627a7992efb6d44a5865f1f14fb0,Localization Stability,TF,Jump Angular,0,369.1
56de627a7992efb6d44a5865f1f14fb0,Localization Stability,TF,Jump Linear,0,369.1
56de627a7992efb6d44a5865f1f14fb0,Localization Stability,TF,Jump Angular,0,369.2
56de627a7992efb6d44a5865f1f14fb0,Localization Stability,TF,Jump Linear,0,369.2
56de627a7992efb6d44a5865f1f14fb0,Input Validity,Lidar,Lidar Rate,10,368.25
56de627a7992efb6d44a5865f1f14fb0,Input Validity,Odometry,Odometry Rate,50,368.25
56de627a7992efb6d44a5865f1f14fb0,Input Validity,TF,TF Rate,10,368.25
56de627a7992efb6d44a5865f1f14fb0,Input Validity,Lidar,Lidar Rate,10,368.34
56de627a7992efb6d44a5865f1f14fb0,Input Validity,Odometry,Odometry Rate,50,368.34
56de627a7992efb6d44a5865f1f14fb0,Input Validity,TF,TF Rate,10,368.34
56de627a7992efb6d44a5865f1f14fb0,Localization Quality,AMCLPose,CovYawYaw,0.019282,368.3
56de627a7992efb6d44a5865f1f14fb0,Localization Quality,AMCLPose,CovYY,0.0150427,368.3
56de627a7992efb6d44a5865f1f14fb0,Localization Quality,AMCLPose,CovXX,0.0174881,368.3
56de627a7992efb6d44a5865f1f14fb0,Localization Quality,AMCLPose,MeanYaw,-2.34276,368.3
56de627a7992efb6d44a5865f1f14fb0,Localization Quality,AMCLPose,MeanY,-0.821266,368.3
56de627a7992efb6d44a5865f1f14fb0,Localization Quality,AMCLPose,MeanX,-1.94001,368.3
56de627a7992efb6d44a5865f1f14fb0,Localization Stability,TF,Jump Angular,-0.00130384,369.3
56de627a7992efb6d44a5865f1f14fb0,Localization Stability,TF,Jump Linear,0.0331875,369.3
56de627a7992efb6d44a5865f1f14fb0,Input Validity,Lidar,Lidar Rate,10,368.44
56de627a7992efb6d44a5865f1f14fb0,Input Validity,Odometry,Odometry Rate,50,368.44
56de627a7992efb6d44a5865f1f14fb0,Input Validity,TF,TF Rate,10,368.44
56de627a7992efb6d44a5865f1f14fb0,Localization Stability,TF,Jump Angular,0,369.4
56de627a7992efb6d44a5865f1f14fb0,Localization Stability,TF,Jump Linear,0,369.4
56de627a7992efb6d44a5865f1f14fb0,Localization Stability,TF,Jump Angular,0,369.5
56de627a7992efb6d44a5865f1f14fb0,Localization Stability,TF,Jump Linear,0,369.5
56de627a7992efb6d44a5865f1f14fb0,Input Validity,Lidar,Lidar Rate,10,368.54
56de627a7992efb6d44a5865f1f14fb0,Input Validity,Odometry,Odometry Rate,50,368.54
56de627a7992efb6d44a5865f1f14fb0,Input Validity,TF,TF Rate,10,368.54
56de627a7992efb6d44a5865f1f14fb0,Input Validity,Lidar,Lidar Rate,10,368.64
56de627a7992efb6d44a5865f1f14fb0,Input Validity,Odometry,Odometry Rate,50,368.64
56de627a7992efb6d44a5865f1f14fb0,Input Validity,TF,TF Rate,10,368.64
56de627a7992efb6d44a5865f1f14fb0,Localization Quality,AMCLPose,CovYawYaw,0.0200114,368.6
56de627a7992efb6d44a5865f1f14fb0,Localization Quality,AMCLPose,CovYY,0.0171478,368.6
56de627a7992efb6d44a5865f1f14fb0,Localization Quality,AMCLPose,CovXX,0.019467,368.6
56de627a7992efb6d44a5865f1f14fb0,Localization Quality,AMCLPose,MeanYaw,-2.33046,368.6
56de627a7992efb6d44a5865f1f14fb0,Localization Quality,AMCLPose,MeanY,-0.921678,368.6
56de627a7992efb6d44a5865f1f14fb0,Localization Quality,AMCLPose,MeanX,-2.02555,368.6
56de627a7992efb6d44a5865f1f14fb0,Localization Stability,TF,Jump Angular,0.00776664,369.6
56de627a7992efb6d44a5865f1f14fb0,Localization Stability,TF,Jump Linear,0.200693,369.6
56de627a7992efb6d44a5865f1f14fb0,Input Validity,Lidar,Lidar Rate,10,368.74
56de627a7992efb6d44a5865f1f14fb0,Input Validity,Odometry,Odometry Rate,50,368.74
56de627a7992efb6d44a5865f1f14fb0,Input Validity,TF,TF Rate,10,368.74
56de627a7992efb6d44a5865f1f14fb0,Localization Stability,TF,Jump Angular,0,369.7
56de627a7992efb6d44a5865f1f14fb0,Localization Stability,TF,Jump Linear,0,369.7
56de627a7992efb6d44a5865f1f14fb0,Input Validity,Lidar,Lidar Rate,10,368.84
56de627a7992efb6d44a5865f1f14fb0,Input Validity,Odometry,Odometry Rate,50,368.84
56de627a7992efb6d44a5865f1f14fb0,Input Validity,TF,TF Rate,10,368.84
56de627a7992efb6d44a5865f1f14fb0,Localization Stability,TF,Jump Angular,0,369.8
56de627a7992efb6d44a5865f1f14fb0,Localization Stability,TF,Jump Linear,0,369.8
56de627a7992efb6d44a5865f1f14fb0,Input Validity,Lidar,Lidar Rate,10,368.94
56de627a7992efb6d44a5865f1f14fb0,Input Validity,Odometry,Odometry Rate,50,368.94
56de627a7992efb6d44a5865f1f14fb0,Input Validity,TF,TF Rate,10,368.94
56de627a7992efb6d44a5865f1f14fb0,Localization Quality,AMCLPose,CovYawYaw,0.0219897,368.9
56de627a7992efb6d44a5865f1f14fb0,Localization Quality,AMCLPose,CovYY,0.0206222,368.9
56de627a7992efb6d44a5865f1f14fb0,Localization Quality,AMCLPose,CovXX,0.0222957,368.9
56de627a7992efb6d44a5865f1f14fb0,Localization Quality,AMCLPose,MeanYaw,-2.32903,368.9
56de627a7992efb6d44a5865f1f14fb0,Localization Quality,AMCLPose,MeanY,-1.01722,368.9
56de627a7992efb6d44a5865f1f14fb0,Localization Quality,AMCLPose,MeanX,-2.11046,368.9
56de627a7992efb6d44a5865f1f14fb0,Localization Stability,TF,Jump Angular,0.00136547,369.9
56de627a7992efb6d44a5865f1f14fb0,Localization Stability,TF,Jump Linear,0.0326632,369.9
56de627a7992efb6d44a5865f1f14fb0,Input Validity,Lidar,Lidar Rate,10,369.04
56de627a7992efb6d44a5865f1f14fb0,Input Validity,Odometry,Odometry Rate,50,369.04
56de627a7992efb6d44a5865f1f14fb0,Input Validity,TF,TF Rate,10,369.04
56de627a7992efb6d44a5865f1f14fb0,Localization Stability,TF,Jump Angular,0,370
56de627a7992efb6d44a5865f1f14fb0,Localization Stability,TF,Jump Linear,0,370
56de627a7992efb6d44a5865f1f14fb0,Input Validity,Lidar,Lidar Rate,10,369.14
56de627a7992efb6d44a5865f1f14fb0,Input Validity,Odometry,Odometry Rate,50,369.14
56de627a7992efb6d44a5865f1f14fb0,Input Validity,TF,TF Rate,10,369.14
56de627a7992efb6d44a5865f1f14fb0,Localization Stability,TF,Jump Angular,0,370.1
56de627a7992efb6d44a5865f1f14fb0,Localization Stability,TF,Jump Linear,0,370.1
56de627a7992efb6d44a5865f1f14fb0,Input Validity,Lidar,Lidar Rate,10,369.24
56de627a7992efb6d44a5865f1f14fb0,Input Validity,Odometry,Odometry Rate,50,369.24
56de627a7992efb6d44a5865f1f14fb0,Input Validity,TF,TF Rate,10,369.24
56de627a7992efb6d44a5865f1f14fb0,Localization Quality,AMCLPose,CovYawYaw,0.0242167,369.2
56de627a7992efb6d44a5865f1f14fb0,Localization Quality,AMCLPose,CovYY,0.0228515,369.2
56de627a7992efb6d44a5865f1f14fb0,Localization Quality,AMCLPose,CovXX,0.0252567,369.2
56de627a7992efb6d44a5865f1f14fb0,Localization Quality,AMCLPose,MeanYaw,-2.33321,369.2
56de627a7992efb6d44a5865f1f14fb0,Localization Quality,AMCLPose,MeanY,-1.11133,369.2
56de627a7992efb6d44a5865f1f14fb0,Localization Quality,AMCLPose,MeanX,-2.20169,369.2
56de627a7992efb6d44a5865f1f14fb0,Localization Stability,TF,Jump Angular,-0.000807032,370.2
56de627a7992efb6d44a5865f1f14fb0,Localization Stability,TF,Jump Linear,0.0215117,370.2
56de627a7992efb6d44a5865f1f14fb0,Input Validity,Lidar,Lidar Rate,10,369.34
56de627a7992efb6d44a5865f1f14fb0,Input Validity,Odometry,Odometry Rate,50,369.34
56de627a7992efb6d44a5865f1f14fb0,Input Validity,TF,TF Rate,10,369.34
56de627a7992efb6d44a5865f1f14fb0,Localization Stability,TF,Jump Angular,0,370.3
56de627a7992efb6d44a5865f1f14fb0,Localization Stability,TF,Jump Linear,0,370.3
56de627a7992efb6d44a5865f1f14fb0,Input Validity,Lidar,Lidar Rate,10,369.44
56de627a7992efb6d44a5865f1f14fb0,Input Validity,Odometry,Odometry Rate,50,369.44
56de627a7992efb6d44a5865f1f14fb0,Input Validity,TF,TF Rate,10,369.44
56de627a7992efb6d44a5865f1f14fb0,Localization Stability,TF,Jump Angular,0,370.4
56de627a7992efb6d44a5865f1f14fb0,Localization Stability,TF,Jump Linear,0,370.4
56de627a7992efb6d44a5865f1f14fb0,Input Validity,Lidar,Lidar Rate,10,369.54
56de627a7992efb6d44a5865f1f14fb0,Input Validity,Odometry,Odometry Rate,50,369.54
56de627a7992efb6d44a5865f1f14fb0,Input Validity,TF,TF Rate,10,369.54
56de627a7992efb6d44a5865f1f14fb0,Localization Quality,AMCLPose,CovYawYaw,0.0263166,369.5
56de627a7992efb6d44a5865f1f14fb0,Localization Quality,AMCLPose,CovYY,0.0266938,369.5
56de627a7992efb6d44a5865f1f14fb0,Localization Quality,AMCLPose,CovXX,0.0295761,369.5
56de627a7992efb6d44a5865f1f14fb0,Localization Quality,AMCLPose,MeanYaw,-2.34302,369.5
56de627a7992efb6d44a5865f1f14fb0,Localization Quality,AMCLPose,MeanY,-1.19916,369.5
56de627a7992efb6d44a5865f1f14fb0,Localization Quality,AMCLPose,MeanX,-2.30088,369.5
56de627a7992efb6d44a5865f1f14fb0,Localization Stability,TF,Jump Angular,-0.00685848,370.5
56de627a7992efb6d44a5865f1f14fb0,Localization Stability,TF,Jump Linear,0.177303,370.5
56de627a7992efb6d44a5865f1f14fb0,Input Validity,Lidar,Lidar Rate,10,369.64
56de627a7992efb6d44a5865f1f14fb0,Input Validity,Odometry,Odometry Rate,50,369.64
56de627a7992efb6d44a5865f1f14fb0,Input Validity,TF,TF Rate,10,369.64
56de627a7992efb6d44a5865f1f14fb0,Localization Stability,TF,Jump Angular,0,370.6
56de627a7992efb6d44a5865f1f14fb0,Localization Stability,TF,Jump Linear,0,370.6
56de627a7992efb6d44a5865f1f14fb0,Input Validity,Lidar,Lidar Rate,10,369.74
56de627a7992efb6d44a5865f1f14fb0,Input Validity,Odometry,Odometry Rate,50,369.74
56de627a7992efb6d44a5865f1f14fb0,Input Validity,TF,TF Rate,10,369.74
56de627a7992efb6d44a5865f1f14fb0,Localization Stability,TF,Jump Angular,0,370.7
56de627a7992efb6d44a5865f1f14fb0,Localization Stability,TF,Jump Linear,0,370.7
56de627a7992efb6d44a5865f1f14fb0,Input Validity,Lidar,Lidar Rate,10,369.84
56de627a7992efb6d44a5865f1f14fb0,Input Validity,Odometry,Odometry Rate,50,369.84
56de627a7992efb6d44a5865f1f14fb0,Input Validity,TF,TF Rate,10,369.84
56de627a7992efb6d44a5865f1f14fb0,Localization Quality,AMCLPose,CovYawYaw,0.0298877,369.8
56de627a7992efb6d44a5865f1f14fb0,Localization Quality,AMCLPose,CovYY,0.0314725,369.8
56de627a7992efb6d44a5865f1f14fb0,Localization Quality,AMCLPose,CovXX,0.0357117,369.8
56de627a7992efb6d44a5865f1f14fb0,Localization Quality,AMCLPose,MeanYaw,-2.35008,369.8
56de627a7992efb6d44a5865f1f14fb0,Localization Quality,AMCLPose,MeanY,-1.28996,369.8
56de627a7992efb6d44a5865f1f14fb0,Localization Quality,AMCLPose,MeanX,-2.39031,369.8
56de627a7992efb6d44a5865f1f14fb0,Localization Stability,TF,Jump Angular,0.000750834,370.8
56de627a7992efb6d44a5865f1f14fb0,Localization Stability,TF,Jump Linear,0.0213601,370.8
56de627a7992efb6d44a5865f1f14fb0,Input Validity,Lidar,Lidar Rate,10,369.94
56de627a7992efb6d44a5865f1f14fb0,Input Validity,Odometry,Odometry Rate,50,369.94
56de627a7992efb6d44a5865f1f14fb0,Input Validity,TF,TF Rate,10,369.94
56de627a7992efb6d44a5865f1f14fb0,Localization Stability,TF,Jump Angular,0,370.9
56de627a7992efb6d44a5865f1f14fb0,Localization Stability,TF,Jump Linear,0,370.9
56de627a7992efb6d44a5865f1f14fb0,Input Validity,Lidar,Lidar Rate,10,370.03
56de627a7992efb6d44a5865f1f14fb0,Input Validity,Odometry,Odometry Rate,50,370.03
56de627a7992efb6d44a5865f1f14fb0,Input Validity,TF,TF Rate,10,370.03
56de627a7992efb6d44a5865f1f14fb0,Localization Stability,TF,Jump Angular,0,371
56de627a7992efb6d44a5865f1f14fb0,Localization Stability,TF,Jump Linear,0,371
56de627a7992efb6d44a5865f1f14fb0,Input Validity,Lidar,Lidar Rate,10,370.13
56de627a7992efb6d44a5865f1f14fb0,Input Validity,Odometry,Odometry Rate,50,370.13
56de627a7992efb6d44a5865f1f14fb0,Input Validity,TF,TF Rate,10,370.13
56de627a7992efb6d44a5865f1f14fb0,Localization Quality,AMCLPose,CovYawYaw,0.0318398,370.1
56de627a7992efb6d44a5865f1f14fb0,Localization Quality,AMCLPose,CovYY,0.0355224,370.1
56de627a7992efb6d44a5865f1f14fb0,Localization Quality,AMCLPose,CovXX,0.041869,370.1
56de627a7992efb6d44a5865f1f14fb0,Localization Quality,AMCLPose,MeanYaw,-2.36523,370.1
56de627a7992efb6d44a5865f1f14fb0,Localization Quality,AMCLPose,MeanY,-1.39057,370.1
56de627a7992efb6d44a5865f1f14fb0,Localization Quality,AMCLPose,MeanX,-2.48069,370.1
56de627a7992efb6d44a5865f1f14fb0,Localization Stability,TF,Jump Angular,0.00597636,371.1
56de627a7992efb6d44a5865f1f14fb0,Localization Stability,TF,Jump Linear,0.157997,371.1
56de627a7992efb6d44a5865f1f14fb0,Input Validity,Lidar,Lidar Rate,10,370.23
56de627a7992efb6d44a5865f1f14fb0,Input Validity,Odometry,Odometry Rate,50,370.23
56de627a7992efb6d44a5865f1f14fb0,Input Validity,TF,TF Rate,10,370.23
56de627a7992efb6d44a5865f1f14fb0,Localization Stability,TF,Jump Angular,0,371.2
56de627a7992efb6d44a5865f1f14fb0,Localization Stability,TF,Jump Linear,0,371.2
56de627a7992efb6d44a5865f1f14fb0,Input Validity,Lidar,Lidar Rate,10,370.33
56de627a7992efb6d44a5865f1f14fb0,Input Validity,Odometry,Odometry Rate,50,370.33
56de627a7992efb6d44a5865f1f14fb0,Input Validity,TF,TF Rate,10,370.33
56de627a7992efb6d44a5865f1f14fb0,Localization Quality,AMCLPose,CovYawYaw,0.0339018,370.3
56de627a7992efb6d44a5865f1f14fb0,Localization Quality,AMCLPose,CovYY,0.0399057,370.3
56de627a7992efb6d44a5865f1f14fb0,Localization Quality,AMCLPose,CovXX,0.0458725,370.3
56de627a7992efb6d44a5865f1f14fb0,Localization Quality,AMCLPose,MeanYaw,-2.43764,370.3
56de627a7992efb6d44a5865f1f14fb0,Localization Quality,AMCLPose,MeanY,-1.43918,370.3
56de627a7992efb6d44a5865f1f14fb0,Localization Quality,AMCLPose,MeanX,-2.55577,370.3
56de627a7992efb6d44a5865f1f14fb0,Localization Stability,TF,Jump Angular,-0.0150505,371.3
56de627a7992efb6d44a5865f1f14fb0,Localization Stability,TF,Jump Linear,0.402481,371.3
56de627a7992efb6d44a5865f1f14fb0,Input Validity,Lidar,Lidar Rate,10,370.43
56de627a7992efb6d44a5865f1f14fb0,Input Validity,Odometry,Odometry Rate,50,370.43
56de627a7992efb6d44a5865f1f14fb0,Input Validity,TF,TF Rate,10,370.43
56de627a7992efb6d44a5865f1f14fb0,Localization Stability,TF,Jump Angular,0,371.4
56de627a7992efb6d44a5865f1f14fb0,Localization Stability,TF,Jump Linear,0,371.4
56de627a7992efb6d44a5865f1f14fb0,Input Validity,Lidar,Lidar Rate,10,370.53
56de627a7992efb6d44a5865f1f14fb0,Input Validity,Odometry,Odometry Rate,50,370.53
56de627a7992efb6d44a5865f1f14fb0,Input Validity,TF,TF Rate,10,370.53
56de627a7992efb6d44a5865f1f14fb0,Localization Stability,TF,Jump Angular,0,371.5
56de627a7992efb6d44a5865f1f14fb0,Localization Stability,TF,Jump Linear,0,371.5
56de627a7992efb6d44a5865f1f14fb0,Input Validity,Lidar,Lidar Rate,10,370.63
56de627a7992efb6d44a5865f1f14fb0,Input Validity,Odometry,Odometry Rate,50,370.63
56de627a7992efb6d44a5865f1f14fb0,Input Validity,TF,TF Rate,10,370.63
56de627a7992efb6d44a5865f1f14fb0,Localization Quality,AMCLPose,CovYawYaw,0.0354598,370.6
56de627a7992efb6d44a5865f1f14fb0,Localization Quality,AMCLPose,CovYY,0.0453813,370.6
56de627a7992efb6d44a5865f1f14fb0,Localization Quality,AMCLPose,CovXX,0.0503014,370.6
56de627a7992efb6d44a5865f1f14fb0,Localization Quality,AMCLPose,MeanYaw,-2.49731,370.6
56de627a7992efb6d44a5865f1f14fb0,Localization Quality,AMCLPose,MeanY,-1.51757,370.6
56de627a7992efb6d44a5865f1f14fb0,Localization Quality,AMCLPose,MeanX,-2.66199,370.6
56de627a7992efb6d44a5865f1f14fb0,Localization Stability,TF,Jump Angular,-0.000285738,371.6
56de627a7992efb6d44a5865f1f14fb0,Localization Stability,TF,Jump Linear,0.00580697,371.6
56de627a7992efb6d44a5865f1f14fb0,Input Validity,Lidar,Lidar Rate,10,370.73
56de627a7992efb6d44a5865f1f14fb0,Input Validity,Odometry,Odometry Rate,50,370.73
56de627a7992efb6d44a5865f1f14fb0,Input Validity,TF,TF Rate,10,370.73
56de627a7992efb6d44a5865f1f14fb0,Localization Stability,TF,Jump Angular,0,371.7
56de627a7992efb6d44a5865f1f14fb0,Localization Stability,TF,Jump Linear,0,371.7
56de627a7992efb6d44a5865f1f14fb0,Input Validity,Lidar,Lidar Rate,10,370.83
56de627a7992efb6d44a5865f1f14fb0,Input Validity,Odometry,Odometry Rate,50,370.83
56de627a7992efb6d44a5865f1f14fb0,Input Validity,TF,TF Rate,10,370.83
56de627a7992efb6d44a5865f1f14fb0,Localization Stability,TF,Jump Angular,0,371.8
56de627a7992efb6d44a5865f1f14fb0,Localization Stability,TF,Jump Linear,0,371.8
56de627a7992efb6d44a5865f1f14fb0,Input Validity,Lidar,Lidar Rate,10,370.93
56de627a7992efb6d44a5865f1f14fb0,Input Validity,Odometry,Odometry Rate,50,370.93
56de627a7992efb6d44a5865f1f14fb0,Input Validity,TF,TF Rate,10,370.93
56de627a7992efb6d44a5865f1f14fb0,Localization Quality,AMCLPose,CovYawYaw,0.0368437,370.9
56de627a7992efb6d44a5865f1f14fb0,Localization Quality,AMCLPose,CovYY,0.0522824,370.9
56de627a7992efb6d44a5865f1f14fb0,Localization Quality,AMCLPose,CovXX,0.0560286,370.9
56de627a7992efb6d44a5865f1f14fb0,Localization Quality,AMCLPose,MeanYaw,-2.5254,370.9
56de627a7992efb6d44a5865f1f14fb0,Localization Quality,AMCLPose,MeanY,-1.59358,370.9
56de627a7992efb6d44a5865f1f14fb0,Localization Quality,AMCLPose,MeanX,-2.76922,370.9
56de627a7992efb6d44a5865f1f14fb0,Localization Stability,TF,Jump Angular,0.00427031,371.9
56de627a7992efb6d44a5865f1f14fb0,Localization Stability,TF,Jump Linear,0.1198,371.9
56de627a7992efb6d44a5865f1f14fb0,Input Validity,Lidar,Lidar Rate,10,371.03
56de627a7992efb6d44a5865f1f14fb0,Input Validity,Odometry,Odometry Rate,50,371.03
56de627a7992efb6d44a5865f1f14fb0,Input Validity,TF,TF Rate,10,371.03
56de627a7992efb6d44a5865f1f14fb0,Localization Stability,TF,Jump Angular,0,372
56de627a7992efb6d44a5865f1f14fb0,Localization Stability,TF,Jump Linear,0,372
56de627a7992efb6d44a5865f1f14fb0,Input Validity,Lidar,Lidar Rate,10,371.13
56de627a7992efb6d44a5865f1f14fb0,Input Validity,Odometry,Odometry Rate,50,371.13
56de627a7992efb6d44a5865f1f14fb0,Input Validity,TF,TF Rate,10,371.13
56de627a7992efb6d44a5865f1f14fb0,Localization Stability,TF,Jump Angular,0,372.1
56de627a7992efb6d44a5865f1f14fb0,Localization Stability,TF,Jump Linear,0,372.1
56de627a7992efb6d44a5865f1f14fb0,Input Validity,Lidar,Lidar Rate,10,371.23
56de627a7992efb6d44a5865f1f14fb0,Input Validity,Odometry,Odometry Rate,50,371.23
56de627a7992efb6d44a5865f1f14fb0,Input Validity,TF,TF Rate,10,371.23
56de627a7992efb6d44a5865f1f14fb0,Localization Quality,AMCLPose,CovYawYaw,0.0260661,371.2
56de627a7992efb6d44a5865f1f14fb0,Localization Quality,AMCLPose,CovYY,0.0501588,371.2
56de627a7992efb6d44a5865f1f14fb0,Localization Quality,AMCLPose,CovXX,0.0388585,371.2
56de627a7992efb6d44a5865f1f14fb0,Localization Quality,AMCLPose,MeanYaw,-2.58431,371.2
56de627a7992efb6d44a5865f1f14fb0,Localization Quality,AMCLPose,MeanY,-1.65501,371.2
56de627a7992efb6d44a5865f1f14fb0,Localization Quality,AMCLPose,MeanX,-2.92025,371.2
56de627a7992efb6d44a5865f1f14fb0,Localization Stability,TF,Jump Angular,-0.0197132,372.2
56de627a7992efb6d44a5865f1f14fb0,Localization Stability,TF,Jump Linear,0.513936,372.2
56de627a7992efb6d44a5865f1f14fb0,Input Validity,Lidar,Lidar Rate,10,371.33
56de627a7992efb6d44a5865f1f14fb0,Input Validity,Odometry,Odometry Rate,50,371.33
56de627a7992efb6d44a5865f1f14fb0,Input Validity,TF,TF Rate,10,371.33
56de627a7992efb6d44a5865f1f14fb0,Localization Stability,TF,Jump Angular,0,372.3
56de627a7992efb6d44a5865f1f14fb0,Localization Stability,TF,Jump Linear,0,372.3
56de627a7992efb6d44a5865f1f14fb0,Input Validity,Lidar,Lidar Rate,10,371.43
56de627a7992efb6d44a5865f1f14fb0,Input Validity,Odometry,Odometry Rate,50,371.43
56de627a7992efb6d44a5865f1f14fb0,Input Validity,TF,TF Rate,10,371.43
56de627a7992efb6d44a5865f1f14fb0,Localization Stability,TF,Jump Angular,0,372.4
56de627a7992efb6d44a5865f1f14fb0,Localization Stability,TF,Jump Linear,0,372.4
56de627a7992efb6d44a5865f1f14fb0,Input Validity,Lidar,Lidar Rate,10,371.52
56de627a7992efb6d44a5865f1f14fb0,Input Validity,Odometry,Odometry Rate,50,371.52
56de627a7992efb6d44a5865f1f14fb0,Input Validity,TF,TF Rate,10,371.52
56de627a7992efb6d44a5865f1f14fb0,Localization Quality,AMCLPose,CovYawYaw,0.0167946,371.5
56de627a7992efb6d44a5865f1f14fb0,Localization Quality,AMCLPose,CovYY,0.0453436,371.5
56de627a7992efb6d44a5865f1f14fb0,Localization Quality,AMCLPose,CovXX,0.0241442,371.5
56de627a7992efb6d44a5865f1f14fb0,Localization Quality,AMCLPose,MeanYaw,-2.6392,371.5
56de627a7992efb6d44a5865f1f14fb0,Localization Quality,AMCLPose,MeanY,-1.70413,371.5
56de627a7992efb6d44a5865f1f14fb0,Localization Quality,AMCLPose,MeanX,-3.07193,371.5
56de627a7992efb6d44a5865f1f14fb0,Localization Stability,TF,Jump Angular,-0.0185494,372.5
56de627a7992efb6d44a5865f1f14fb0,Localization Stability,TF,Jump Linear,0.483597,372.5
56de627a7992efb6d44a5865f1f14fb0,Input Validity,Lidar,Lidar Rate,10,371.62
56de627a7992efb6d44a5865f1f14fb0,Input Validity,Odometry,Odometry Rate,50,371.62
56de627a7992efb6d44a5865f1f14fb0,Input Validity,TF,TF Rate,10,371.62
56de627a7992efb6d44a5865f1f14fb0,Localization Stability,TF,Jump Angular,0,372.6
56de627a7992efb6d44a5865f1f14fb0,Localization Stability,TF,Jump Linear,0,372.6
56de627a7992efb6d44a5865f1f14fb0,Input Validity,Lidar,Lidar Rate,10,371.72
56de627a7992efb6d44a5865f1f14fb0,Input Validity,Odometry,Odometry Rate,50,371.72
56de627a7992efb6d44a5865f1f14fb0,Input Validity,TF,TF Rate,10,371.72
56de627a7992efb6d44a5865f1f14fb0,Localization Stability,TF,Jump Angular,0,372.7
56de627a7992efb6d44a5865f1f14fb0,Localization Stability,TF,Jump Linear,0,372.7
56de627a7992efb6d44a5865f1f14fb0,Input Validity,Lidar,Lidar Rate,10,371.82
56de627a7992efb6d44a5865f1f14fb0,Input Validity,Odometry,Odometry Rate,50,371.82
56de627a7992efb6d44a5865f1f14fb0,Input Validity,TF,TF Rate,10,371.82
56de627a7992efb6d44a5865f1f14fb0,Localization Quality,AMCLPose,CovYawYaw,0.0118038,371.8
56de627a7992efb6d44a5865f1f14fb0,Localization Quality,AMCLPose,CovYY,0.0415134,371.8
56de627a7992efb6d44a5865f1f14fb0,Localization Quality,AMCLPose,CovXX,0.0132685,371.8
56de627a7992efb6d44a5865f1f14fb0,Localization Quality,AMCLPose,MeanYaw,-2.66642,371.8
56de627a7992efb6d44a5865f1f14fb0,Localization Quality,AMCLPose,MeanY,-1.76639,371.8
56de627a7992efb6d44a5865f1f14fb0,Localization Quality,AMCLPose,MeanX,-3.20569,371.8
56de627a7992efb6d44a5865f1f14fb0,Localization Stability,TF,Jump Angular,-0.00199354,372.8
56de627a7992efb6d44a5865f1f14fb0,Localization Stability,TF,Jump Linear,0.0454049,372.8
56de627a7992efb6d44a5865f1f14fb0,Input Validity,Lidar,Lidar Rate,10,371.92
56de627a7992efb6d44a5865f1f14fb0,Input Validity,Odometry,Odometry Rate,50,371.92
56de627a7992efb6d44a5865f1f14fb0,Input Validity,TF,TF Rate,10,371.92
56de627a7992efb6d44a5865f1f14fb0,Localization Stability,TF,Jump Angular,0,372.9
56de627a7992efb6d44a5865f1f14fb0,Localization Stability,TF,Jump Linear,0,372.9
56de627a7992efb6d44a5865f1f14fb0,Input Validity,Lidar,Lidar Rate,10,372.02
56de627a7992efb6d44a5865f1f14fb0,Input Validity,Odometry,Odometry Rate,50,372.02
56de627a7992efb6d44a5865f1f14fb0,Input Validity,TF,TF Rate,10,372.02
56de627a7992efb6d44a5865f1f14fb0,Localization Stability,TF,Jump Angular,0,373
56de627a7992efb6d44a5865f1f14fb0,Localization Stability,TF,Jump Linear,0,373
56de627a7992efb6d44a5865f1f14fb0,Input Validity,Lidar,Lidar Rate,10,372.12
56de627a7992efb6d44a5865f1f14fb0,Input Validity,Odometry,Odometry Rate,50,372.12
56de627a7992efb6d44a5865f1f14fb0,Input Validity,TF,TF Rate,10,372.12
56de627a7992efb6d44a5865f1f14fb0,Localization Quality,AMCLPose,CovYawYaw,0.00879351,372.1
56de627a7992efb6d44a5865f1f14fb0,Localization Quality,AMCLPose,CovYY,0.0376242,372.1
56de627a7992efb6d44a5865f1f14fb0,Localization Quality,AMCLPose,CovXX,0.00832794,372.1
56de627a7992efb6d44a5865f1f14fb0,Localization Quality,AMCLPose,MeanYaw,-2.68677,372.1
56de627a7992efb6d44a5865f1f14fb0,Localization Quality,AMCLPose,MeanY,-1.82898,372.1
56de627a7992efb6d44a5865f1f14fb0,Localization Quality,AMCLPose,MeanX,-3.33173,372.1
56de627a7992efb6d44a5865f1f14fb0,Localization Stability,TF,Jump Angular,0.00512052,373.1
56de627a7992efb6d44a5865f1f14fb0,Localization Stability,TF,Jump Linear,0.1485,373.1
56de627a7992efb6d44a5865f1f14fb0,Input Validity,Lidar,Lidar Rate,10,372.22
56de627a7992efb6d44a5865f1f14fb0,Input Validity,Odometry,Odometry Rate,50,372.22
56de627a7992efb6d44a5865f1f14fb0,Input Validity,TF,TF Rate,10,372.22
56de627a7992efb6d44a5865f1f14fb0,Localization Stability,TF,Jump Angular,0,373.2
56de627a7992efb6d44a5865f1f14fb0,Localization Stability,TF,Jump Linear,0,373.2
56de627a7992efb6d44a5865f1f14fb0,Input Validity,Lidar,Lidar Rate,10,372.32
56de627a7992efb6d44a5865f1f14fb0,Input Validity,Odometry,Odometry Rate,50,372.32
56de627a7992efb6d44a5865f1f14fb0,Input Validity,TF,TF Rate,10,372.32
56de627a7992efb6d44a5865f1f14fb0,Localization Stability,TF,Jump Angular,0,373.3
56de627a7992efb6d44a5865f1f14fb0,Localization Stability,TF,Jump Linear,0,373.3
56de627a7992efb6d44a5865f1f14fb0,Input Validity,Lidar,Lidar Rate,10,372.42
56de627a7992efb6d44a5865f1f14fb0,Input Validity,Odometry,Odometry Rate,50,372.42
56de627a7992efb6d44a5865f1f14fb0,Input Validity,TF,TF Rate,10,372.42
56de627a7992efb6d44a5865f1f14fb0,Localization Quality,AMCLPose,CovYawYaw,0.00664712,372.4
56de627a7992efb6d44a5865f1f14fb0,Localization Quality,AMCLPose,CovYY,0.036046,372.4
56de627a7992efb6d44a5865f1f14fb0,Localization Quality,AMCLPose,CovXX,0.00556492,372.4
56de627a7992efb6d44a5865f1f14fb0,Localization Quality,AMCLPose,MeanYaw,-2.71528,372.4
56de627a7992efb6d44a5865f1f14fb0,Localization Quality,AMCLPose,MeanY,-1.88749,372.4
56de627a7992efb6d44a5865f1f14fb0,Localization Quality,AMCLPose,MeanX,-3.45921,372.4
56de627a7992efb6d44a5865f1f14fb0,Localization Stability,TF,Jump Angular,0.00406696,373.4
56de627a7992efb6d44a5865f1f14fb0,Localization Stability,TF,Jump Linear,0.119592,373.4
56de627a7992efb6d44a5865f1f14fb0,Input Validity,Lidar,Lidar Rate,10,372.52
56de627a7992efb6d44a5865f1f14fb0,Input Validity,Odometry,Odometry Rate,50,372.52
56de627a7992efb6d44a5865f1f14fb0,Input Validity,TF,TF Rate,10,372.52
56de627a7992efb6d44a5865f1f14fb0,Localization Stability,TF,Jump Angular,0,373.5
56de627a7992efb6d44a5865f1f14fb0,Localization Stability,TF,Jump Linear,0,373.5
56de627a7992efb6d44a5865f1f14fb0,Input Validity,Lidar,Lidar Rate,10,372.62
56de627a7992efb6d44a5865f1f14fb0,Input Validity,Odometry,Odometry Rate,50,372.62
56de627a7992efb6d44a5865f1f14fb0,Input Validity,TF,TF Rate,10,372.62
56de627a7992efb6d44a5865f1f14fb0,Localization Stability,TF,Jump Angular,0,373.6
56de627a7992efb6d44a5865f1f14fb0,Localization Stability,TF,Jump Linear,0,373.6
56de627a7992efb6d44a5865f1f14fb0,Input Validity,Lidar,Lidar Rate,10,372.72
56de627a7992efb6d44a5865f1f14fb0,Input Validity,Odometry,Odometry Rate,50,372.72
56de627a7992efb6d44a5865f1f14fb0,Input Validity,TF,TF Rate,10,372.72
56de627a7992efb6d44a5865f1f14fb0,Localization Quality,AMCLPose,CovYawYaw,0.00542767,372.7
56de627a7992efb6d44a5865f1f14fb0,Localization Quality,AMCLPose,CovYY,0.035849,372.7
56de627a7992efb6d44a5865f1f14fb0,Localization Quality,AMCLPose,CovXX,0.00442236,372.7
56de627a7992efb6d44a5865f1f14fb0,Localization Quality,AMCLPose,MeanYaw,-2.74275,372.7
56de627a7992efb6d44a5865f1f14fb0,Localization Quality,AMCLPose,MeanY,-1.93806,372.7
56de627a7992efb6d44a5865f1f14fb0,Localization Quality,AMCLPose,MeanX,-3.58513,372.7
56de627a7992efb6d44a5865f1f14fb0,Localization Stability,TF,Jump Angular,-0.000498212,373.7
56de627a7992efb6d44a5865f1f14fb0,Localization Stability,TF,Jump Linear,0.010435,373.7
56de627a7992efb6d44a5865f1f14fb0,Input Validity,Lidar,Lidar Rate,10,372.82
56de627a7992efb6d44a5865f1f14fb0,Input Validity,Odometry,Odometry Rate,50,372.82
56de627a7992efb6d44a5865f1f14fb0,Input Validity,TF,TF Rate,10,372.82
56de627a7992efb6d44a5865f1f14fb0,Localization Stability,TF,Jump Angular,0,373.8
56de627a7992efb6d44a5865f1f14fb0,Localization Stability,TF,Jump Linear,0,373.8
56de627a7992efb6d44a5865f1f14fb0,Input Validity,Lidar,Lidar Rate,10,372.92
56de627a7992efb6d44a5865f1f14fb0,Input Validity,Odometry,Odometry Rate,50,372.92
56de627a7992efb6d44a5865f1f14fb0,Input Validity,TF,TF Rate,10,372.92
56de627a7992efb6d44a5865f1f14fb0,Localization Stability,TF,Jump Angular,0,373.9
56de627a7992efb6d44a5865f1f14fb0,Localization Stability,TF,Jump Linear,0,373.9
56de627a7992efb6d44a5865f1f14fb0,Input Validity,Lidar,Lidar Rate,10,373.02
56de627a7992efb6d44a5865f1f14fb0,Input Validity,Odometry,Odometry Rate,50,373.02
56de627a7992efb6d44a5865f1f14fb0,Input Validity,TF,TF Rate,10,373.02
56de627a7992efb6d44a5865f1f14fb0,Localization Quality,AMCLPose,CovYawYaw,0.00447277,373
56de627a7992efb6d44a5865f1f14fb0,Localization Quality,AMCLPose,CovYY,0.0241611,373
56de627a7992efb6d44a5865f1f14fb0,Localization Quality,AMCLPose,CovXX,0.00409799,373
56de627a7992efb6d44a5865f1f14fb0,Localization Quality,AMCLPose,MeanYaw,-2.7774,373
56de627a7992efb6d44a5865f1f14fb0,Localization Quality,AMCLPose,MeanY,-1.97952,373
56de627a7992efb6d44a5865f1f14fb0,Localization Quality,AMCLPose,MeanX,-3.71131,373
56de627a7992efb6d44a5865f1f14fb0,Localization Stability,TF,Jump Angular,-0.00320608,374
56de627a7992efb6d44a5865f1f14fb0,Localization Stability,TF,Jump Linear,0.0860911,374
56de627a7992efb6d44a5865f1f14fb0,Input Validity,Lidar,Lidar Rate,10,373.12
56de627a7992efb6d44a5865f1f14fb0,Input Validity,Odometry,Odometry Rate,50,373.12
56de627a7992efb6d44a5865f1f14fb0,Input Validity,TF,TF Rate,10,373.12
56de627a7992efb6d44a5865f1f14fb0,Localization Stability,TF,Jump Angular,0,374.1
56de627a7992efb6d44a5865f1f14fb0,Localization Stability,TF,Jump Linear,0,374.1
56de627a7992efb6d44a5865f1f14fb0,Input Validity,Lidar,Lidar Rate,10,373.22
56de627a7992efb6d44a5865f1f14fb0,Input Validity,Odometry,Odometry Rate,50,373.22
56de627a7992efb6d44a5865f1f14fb0,Input Validity,TF,TF Rate,10,373.22
56de627a7992efb6d44a5865f1f14fb0,Localization Stability,TF,Jump Angular,0,374.2
56de627a7992efb6d44a5865f1f14fb0,Localization Stability,TF,Jump Linear,0,374.2
56de627a7992efb6d44a5865f1f14fb0,Input Validity,Lidar,Lidar Rate,10,373.32
56de627a7992efb6d44a5865f1f14fb0,Input Validity,Odometry,Odometry Rate,50,373.32
56de627a7992efb6d44a5865f1f14fb0,Input Validity,TF,TF Rate,10,373.32
56de627a7992efb6d44a5865f1f14fb0,Localization Quality,AMCLPose,CovYawYaw,0.00424058,373.3
56de627a7992efb6d44a5865f1f14fb0,Localization Quality,AMCLPose,CovYY,0.0143969,373.3
56de627a7992efb6d44a5865f1f14fb0,Localization Quality,AMCLPose,CovXX,0.00422194,373.3
56de627a7992efb6d44a5865f1f14fb0,Localization Quality,AMCLPose,MeanYaw,-2.81261,373.3
56de627a7992efb6d44a5865f1f14fb0,Localization Quality,AMCLPose,MeanY,-2.03492,373.3
56de627a7992efb6d44a5865f1f14fb0,Localization Quality,AMCLPose,MeanX,-3.83604,373.3
56de627a7992efb6d44a5865f1f14fb0,Localization Stability,TF,Jump Angular,0.0077062,374.3
56de627a7992efb6d44a5865f1f14fb0,Localization Stability,TF,Jump Linear,0.215133,374.3
56de627a7992efb6d44a5865f1f14fb0,Input Validity,Lidar,Lidar Rate,10,373.41
56de627a7992efb6d44a5865f1f14fb0,Input Validity,Odometry,Odometry Rate,50,373.41
56de627a7992efb6d44a5865f1f14fb0,Input Validity,TF,TF Rate,10,373.41
56de627a7992efb6d44a5865f1f14fb0,Localization Stability,TF,Jump Angular,0,374.4
56de627a7992efb6d44a5865f1f14fb0,Localization Stability,TF,Jump Linear,0,374.4
56de627a7992efb6d44a5865f1f14fb0,Input Validity,Lidar,Lidar Rate,10,373.51
56de627a7992efb6d44a5865f1f14fb0,Input Validity,Odometry,Odometry Rate,50,373.51
56de627a7992efb6d44a5865f1f14fb0,Input Validity,TF,TF Rate,10,373.51
56de627a7992efb6d44a5865f1f14fb0,Localization Stability,TF,Jump Angular,0,374.5
56de627a7992efb6d44a5865f1f14fb0,Localization Stability,TF,Jump Linear,0,374.5
56de627a7992efb6d44a5865f1f14fb0,Input Validity,Lidar,Lidar Rate,10,373.61
56de627a7992efb6d44a5865f1f14fb0,Input Validity,Odometry,Odometry Rate,50,373.61
56de627a7992efb6d44a5865f1f14fb0,Input Validity,TF,TF Rate,10,373.61
56de627a7992efb6d44a5865f1f14fb0,Localization Quality,AMCLPose,CovYawYaw,0.0041953,373.6
56de627a7992efb6d44a5865f1f14fb0,Localization Quality,AMCLPose,CovYY,0.00977616,373.6
56de627a7992efb6d44a5865f1f14fb0,Localization Quality,AMCLPose,CovXX,0.00426652,373.6
56de627a7992efb6d44a5865f1f14fb0,Localization Quality,AMCLPose,MeanYaw,-2.8553,373.6
56de627a7992efb6d44a5865f1f14fb0,Localization Quality,AMCLPose,MeanY,-2.08061,373.6
56de627a7992efb6d44a5865f1f14fb0,Localization Quality,AMCLPose,MeanX,-3.95681,373.6
56de627a7992efb6d44a5865f1f14fb0,Localization Stability,TF,Jump Angular,0.00732656,374.6
56de627a7992efb6d44a5865f1f14fb0,Localization Stability,TF,Jump Linear,0.203526,374.6
56de627a7992efb6d44a5865f1f14fb0,Input Validity,Lidar,Lidar Rate,10,373.71
56de627a7992efb6d44a5865f1f14fb0,Input Validity,Odometry,Odometry Rate,50,373.71
56de627a7992efb6d44a5865f1f14fb0,Input Validity,TF,TF Rate,10,373.71
56de627a7992efb6d44a5865f1f14fb0,Localization Stability,TF,Jump Angular,0,374.7
56de627a7992efb6d44a5865f1f14fb0,Localization Stability,TF,Jump Linear,0,374.7
56de627a7992efb6d44a5865f1f14fb0,Input Validity,Lidar,Lidar Rate,10,373.81
56de627a7992efb6d44a5865f1f14fb0,Input Validity,Odometry,Odometry Rate,50,373.81
56de627a7992efb6d44a5865f1f14fb0,Input Validity,TF,TF Rate,10,373.81
56de627a7992efb6d44a5865f1f14fb0,Localization Stability,TF,Jump Angular,0,374.8
56de627a7992efb6d44a5865f1f14fb0,Localization Stability,TF,Jump Linear,0,374.8
56de627a7992efb6d44a5865f1f14fb0,Input Validity,Lidar,Lidar Rate,10,373.91
56de627a7992efb6d44a5865f1f14fb0,Input Validity,Odometry,Odometry Rate,50,373.91
56de627a7992efb6d44a5865f1f14fb0,Input Validity,TF,TF Rate,10,373.91
56de627a7992efb6d44a5865f1f14fb0,Localization Quality,AMCLPose,CovYawYaw,0.0047402,373.9
56de627a7992efb6d44a5865f1f14fb0,Localization Quality,AMCLPose,CovYY,0.006928,373.9
56de627a7992efb6d44a5865f1f14fb0,Localization Quality,AMCLPose,CovXX,0.00445987,373.9
56de627a7992efb6d44a5865f1f14fb0,Localization Quality,AMCLPose,MeanYaw,-2.8988,373.9
56de627a7992efb6d44a5865f1f14fb0,Localization Quality,AMCLPose,MeanY,-2.11884,373.9
56de627a7992efb6d44a5865f1f14fb0,Localization Quality,AMCLPose,MeanX,-4.08578,373.9
56de627a7992efb6d44a5865f1f14fb0,Localization Stability,TF,Jump Angular,0.00284975,374.9
56de627a7992efb6d44a5865f1f14fb0,Localization Stability,TF,Jump Linear,0.0800768,374.9
56de627a7992efb6d44a5865f1f14fb0,Input Validity,Lidar,Lidar Rate,10,374.01
56de627a7992efb6d44a5865f1f14fb0,Input Validity,Odometry,Odometry Rate,50,374.01
56de627a7992efb6d44a5865f1f14fb0,Input Validity,TF,TF Rate,10,374.01
56de627a7992efb6d44a5865f1f14fb0,Localization Stability,TF,Jump Angular,0,375
56de627a7992efb6d44a5865f1f14fb0,Localization Stability,TF,Jump Linear,0,375
56de627a7992efb6d44a5865f1f14fb0,Input Validity,Lidar,Lidar Rate,10,374.11
56de627a7992efb6d44a5865f1f14fb0,Input Validity,Odometry,Odometry Rate,50,374.11
56de627a7992efb6d44a5865f1f14fb0,Input Validity,TF,TF Rate,10,374.11
56de627a7992efb6d44a5865f1f14fb0,Localization Stability,TF,Jump Angular,0,375.1
56de627a7992efb6d44a5865f1f14fb0,Localization Stability,TF,Jump Linear,0,375.1
56de627a7992efb6d44a5865f1f14fb0,Input Validity,Lidar,Lidar Rate,10,374.21
56de627a7992efb6d44a5865f1f14fb0,Input Validity,Odometry,Odometry Rate,50,374.21
56de627a7992efb6d44a5865f1f14fb0,Input Validity,TF,TF Rate,10,374.21
56de627a7992efb6d44a5865f1f14fb0,Localization Quality,AMCLPose,CovYawYaw,0.00496885,374.2
56de627a7992efb6d44a5865f1f14fb0,Localization Quality,AMCLPose,CovYY,0.00537424,374.2
56de627a7992efb6d44a5865f1f14fb0,Localization Quality,AMCLPose,CovXX,0.00487902,374.2
56de627a7992efb6d44a5865f1f14fb0,Localization Quality,AMCLPose,MeanYaw,-2.93464,374.2
56de627a7992efb6d44a5865f1f14fb0,Localization Quality,AMCLPose,MeanY,-2.15492,374.2
56de627a7992efb6d44a5865f1f14fb0,Localization Quality,AMCLPose,MeanX,-4.22067,374.2
56de627a7992efb6d44a5865f1f14fb0,Localization Stability,TF,Jump Angular,0.00251497,375.2
56de627a7992efb6d44a5865f1f14fb0,Localization Stability,TF,Jump Linear,0.0725723,375.2
56de627a7992efb6d44a5865f1f14fb0,Input Validity,Lidar,Lidar Rate,10,374.31
56de627a7992efb6d44a5865f1f14fb0,Input Validity,Odometry,Odometry Rate,50,374.31
56de627a7992efb6d44a5865f1f14fb0,Input Validity,TF,TF Rate,10,374.31
56de627a7992efb6d44a5865f1f14fb0,Localization Stability,TF,Jump Angular,0,375.3
56de627a7992efb6d44a5865f1f14fb0,Localization Stability,TF,Jump Linear,0,375.3
56de627a7992efb6d44a5865f1f14fb0,Input Validity,Lidar,Lidar Rate,10,374.41
56de627a7992efb6d44a5865f1f14fb0,Input Validity,Odometry,Odometry Rate,50,374.41
56de627a7992efb6d44a5865f1f14fb0,Input Validity,TF,TF Rate,10,374.41
56de627a7992efb6d44a5865f1f14fb0,Localization Stability,TF,Jump Angular,0,375.4
56de627a7992efb6d44a5865f1f14fb0,Localization Stability,TF,Jump Linear,0,375.4
56de627a7992efb6d44a5865f1f14fb0,Input Validity,Lidar,Lidar Rate,10,374.51
56de627a7992efb6d44a5865f1f14fb0,Input Validity,Odometry,Odometry Rate,50,374.51
56de627a7992efb6d44a5865f1f14fb0,Input Validity,TF,TF Rate,10,374.51
56de627a7992efb6d44a5865f1f14fb0,Localization Quality,AMCLPose,CovYawYaw,0.00536937,374.5
56de627a7992efb6d44a5865f1f14fb0,Localization Quality,AMCLPose,CovYY,0.00458375,374.5
56de627a7992efb6d44a5865f1f14fb0,Localization Quality,AMCLPose,CovXX,0.00574968,374.5
56de627a7992efb6d44a5865f1f14fb0,Localization Quality,AMCLPose,MeanYaw,-2.98035,374.5
56de627a7992efb6d44a5865f1f14fb0,Localization Quality,AMCLPose,MeanY,-2.18354,374.5
56de627a7992efb6d44a5865f1f14fb0,Localization Quality,AMCLPose,MeanX,-4.35165,374.5
56de627a7992efb6d44a5865f1f14fb0,Localization Stability,TF,Jump Angular,-0.000273147,375.5
56de627a7992efb6d44a5865f1f14fb0,Localization Stability,TF,Jump Linear,0.011964,375.5
56de627a7992efb6d44a5865f1f14fb0,Input Validity,Lidar,Lidar Rate,10,374.61
56de627a7992efb6d44a5865f1f14fb0,Input Validity,Odometry,Odometry Rate,50,374.61
56de627a7992efb6d44a5865f1f14fb0,Input Validity,TF,TF Rate,10,374.61
56de627a7992efb6d44a5865f1f14fb0,Localization Stability,TF,Jump Angular,0,375.6
56de627a7992efb6d44a5865f1f14fb0,Localization Stability,TF,Jump Linear,0,375.6
56de627a7992efb6d44a5865f1f14fb0,Input Validity,Lidar,Lidar Rate,10,374.71
56de627a7992efb6d44a5865f1f14fb0,Input Validity,Odometry,Odometry Rate,50,374.71
56de627a7992efb6d44a5865f1f14fb0,Input Validity,TF,TF Rate,10,374.71
56de627a7992efb6d44a5865f1f14fb0,Localization Stability,TF,Jump Angular,0,375.7
56de627a7992efb6d44a5865f1f14fb0,Localization Stability,TF,Jump Linear,0,375.7
56de627a7992efb6d44a5865f1f14fb0,Input Validity,Lidar,Lidar Rate,10,374.81
56de627a7992efb6d44a5865f1f14fb0,Input Validity,Odometry,Odometry Rate,50,374.81
56de627a7992efb6d44a5865f1f14fb0,Input Validity,TF,TF Rate,10,374.81
56de627a7992efb6d44a5865f1f14fb0,Localization Quality,AMCLPose,CovYawYaw,0.00578079,374.8
56de627a7992efb6d44a5865f1f14fb0,Localization Quality,AMCLPose,CovYY,0.00410086,374.8
56de627a7992efb6d44a5865f1f14fb0,Localization Quality,AMCLPose,CovXX,0.00589317,374.8
56de627a7992efb6d44a5865f1f14fb0,Localization Quality,AMCLPose,MeanYaw,-3.02317,374.8
56de627a7992efb6d44a5865f1f14fb0,Localization Quality,AMCLPose,MeanY,-2.20432,374.8
56de627a7992efb6d44a5865f1f14fb0,Localization Quality,AMCLPose,MeanX,-4.48556,374.8
56de627a7992efb6d44a5865f1f14fb0,Localization Stability,TF,Jump Angular,0.00210249,375.8
56de627a7992efb6d44a5865f1f14fb0,Localization Stability,TF,Jump Linear,0.0608531,375.8
56de627a7992efb6d44a5865f1f14fb0,Input Validity,Lidar,Lidar Rate,10,374.91
56de627a7992efb6d44a5865f1f14fb0,Input Validity,Odometry,Odometry Rate,50,374.91
56de627a7992efb6d44a5865f1f14fb0,Input Validity,TF,TF Rate,10,374.91
56de627a7992efb6d44a5865f1f14fb0,Localization Stability,TF,Jump Angular,0,375.9
56de627a7992efb6d44a5865f1f14fb0,Localization Stability,TF,Jump Linear,0,375.9
56de627a7992efb6d44a5865f1f14fb0,Input Validity,Lidar,Lidar Rate,10,375.01
56de627a7992efb6d44a5865f1f14fb0,Input Validity,Odometry,Odometry Rate,50,375.01
56de627a7992efb6d44a5865f1f14fb0,Input Validity,TF,TF Rate,10,375.01
56de627a7992efb6d44a5865f1f14fb0,Localization Stability,TF,Jump Angular,0,376
56de627a7992efb6d44a5865f1f14fb0,Localization Stability,TF,Jump Linear,0,376
56de627a7992efb6d44a5865f1f14fb0,Input Validity,Lidar,Lidar Rate,10,375.1
56de627a7992efb6d44a5865f1f14fb0,Input Validity,Odometry,Odometry Rate,50,375.1
56de627a7992efb6d44a5865f1f14fb0,Input Validity,TF,TF Rate,10,375.1
56de627a7992efb6d44a5865f1f14fb0,Localization Quality,AMCLPose,CovYawYaw,0.00545126,375.1
56de627a7992efb6d44a5865f1f14fb0,Localization Quality,AMCLPose,CovYY,0.00366725,375.1
56de627a7992efb6d44a5865f1f14fb0,Localization Quality,AMCLPose,CovXX,0.00594586,375.1
56de627a7992efb6d44a5865f1f14fb0,Localization Quality,AMCLPose,MeanYaw,-3.06632,375.1
56de627a7992efb6d44a5865f1f14fb0,Localization Quality,AMCLPose,MeanY,-2.22077,375.1
56de627a7992efb6d44a5865f1f14fb0,Localization Quality,AMCLPose,MeanX,-4.62211,375.1
56de627a7992efb6d44a5865f1f14fb0,Localization Stability,TF,Jump Angular,-0.00436115,376.1
56de627a7992efb6d44a5865f1f14fb0,Localization Stability,TF,Jump Linear,0.12952,376.1
56de627a7992efb6d44a5865f1f14fb0,Input Validity,Lidar,Lidar Rate,10,375.2
56de627a7992efb6d44a5865f1f14fb0,Input Validity,Odometry,Odometry Rate,50,375.2
56de627a7992efb6d44a5865f1f14fb0,Input Validity,TF,TF Rate,10,375.2
56de627a7992efb6d44a5865f1f14fb0,Localization Stability,TF,Jump Angular,0,376.2
56de627a7992efb6d44a5865f1f14fb0,Localization Stability,TF,Jump Linear,0,376.2
56de627a7992efb6d44a5865f1f14fb0,Input Validity,Lidar,Lidar Rate,10,375.3
56de627a7992efb6d44a5865f1f14fb0,Input Validity,Odometry,Odometry Rate,50,375.3
56de627a7992efb6d44a5865f1f14fb0,Input Validity,TF,TF Rate,10,375.3
56de627a7992efb6d44a5865f1f14fb0,Localization Stability,TF,Jump Angular,0,376.3
56de627a7992efb6d44a5865f1f14fb0,Localization Stability,TF,Jump Linear,0,376.3
56de627a7992efb6d44a5865f1f14fb0,Input Validity,Lidar,Lidar Rate,10,375.4
56de627a7992efb6d44a5865f1f14fb0,Input Validity,Odometry,Odometry Rate,50,375.4
56de627a7992efb6d44a5865f1f14fb0,Input Validity,TF,TF Rate,10,375.4
56de627a7992efb6d44a5865f1f14fb0,Input Validity,Lidar,Lidar Rate,10,375.5
56de627a7992efb6d44a5865f1f14fb0,Input Validity,Odometry,Odometry Rate,50,375.5
56de627a7992efb6d44a5865f1f14fb0,Input Validity,TF,TF Rate,10,375.5
56de627a7992efb6d44a5865f1f14fb0,Localization Quality,AMCLPose,CovYawYaw,0.00562119,375.4
56de627a7992efb6d44a5865f1f14fb0,Localization Quality,AMCLPose,CovYY,0.00346659,375.4
56de627a7992efb6d44a5865f1f14fb0,Localization Quality,AMCLPose,CovXX,0.00611396,375.4
56de627a7992efb6d44a5865f1f14fb0,Localization Quality,AMCLPose,MeanYaw,-3.08579,375.4
56de627a7992efb6d44a5865f1f14fb0,Localization Quality,AMCLPose,MeanY,-2.23173,375.4
56de627a7992efb6d44a5865f1f14fb0,Localization Quality,AMCLPose,MeanX,-4.75707,375.4
56de627a7992efb6d44a5865f1f14fb0,Localization Stability,TF,Jump Angular,0.00136368,376.4
56de627a7992efb6d44a5865f1f14fb0,Localization Stability,TF,Jump Linear,0.0391768,376.4
56de627a7992efb6d44a5865f1f14fb0,Localization Stability,TF,Jump Angular,0,376.5
56de627a7992efb6d44a5865f1f14fb0,Localization Stability,TF,Jump Linear,0,376.5
56de627a7992efb6d44a5865f1f14fb0,Input Validity,Lidar,Lidar Rate,10,375.6
56de627a7992efb6d44a5865f1f14fb0,Input Validity,Odometry,Odometry Rate,50,375.6
56de627a7992efb6d44a5865f1f14fb0,Input Validity,TF,TF Rate,10,375.6
56de627a7992efb6d44a5865f1f14fb0,Localization Stability,TF,Jump Angular,0,376.6
56de627a7992efb6d44a5865f1f14fb0,Localization Stability,TF,Jump Linear,0,376.6
56de627a7992efb6d44a5865f1f14fb0,Input Validity,Lidar,Lidar Rate,10,375.7
56de627a7992efb6d44a5865f1f14fb0,Input Validity,Odometry,Odometry Rate,50,375.7
56de627a7992efb6d44a5865f1f14fb0,Input Validity,TF,TF Rate,10,375.7
56de627a7992efb6d44a5865f1f14fb0,Input Validity,Lidar,Lidar Rate,10,375.8
56de627a7992efb6d44a5865f1f14fb0,Input Validity,Odometry,Odometry Rate,50,375.8
56de627a7992efb6d44a5865f1f14fb0,Input Validity,TF,TF Rate,10,375.8
56de627a7992efb6d44a5865f1f14fb0,Localization Quality,AMCLPose,CovYawYaw,0.00537589,375.7
56de627a7992efb6d44a5865f1f14fb0,Localization Quality,AMCLPose,CovYY,0.00301003,375.7
56de627a7992efb6d44a5865f1f14fb0,Localization Quality,AMCLPose,CovXX,0.00584198,375.7
56de627a7992efb6d44a5865f1f14fb0,Localization Quality,AMCLPose,MeanYaw,-3.09991,375.7
56de627a7992efb6d44a5865f1f14fb0,Localization Quality,AMCLPose,MeanY,-2.24221,375.7
56de627a7992efb6d44a5865f1f14fb0,Localization Quality,AMCLPose,MeanX,-4.89623,375.7
56de627a7992efb6d44a5865f1f14fb0,Localization Stability,TF,Jump Angular,0.00213707,376.7
56de627a7992efb6d44a5865f1f14fb0,Localization Stability,TF,Jump Linear,0.0645403,376.7
56de627a7992efb6d44a5865f1f14fb0,Localization Stability,TF,Jump Angular,0,376.8
56de627a7992efb6d44a5865f1f14fb0,Localization Stability,TF,Jump Linear,0,376.8
56de627a7992efb6d44a5865f1f14fb0,Input Validity,Lidar,Lidar Rate,10,375.9
56de627a7992efb6d44a5865f1f14fb0,Input Validity,Odometry,Odometry Rate,50,375.9
56de627a7992efb6d44a5865f1f14fb0,Input Validity,TF,TF Rate,10,375.9
56de627a7992efb6d44a5865f1f14fb0,Localization Stability,TF,Jump Angular,0,376.9
56de627a7992efb6d44a5865f1f14fb0,Localization Stability,TF,Jump Linear,0,376.9
56de627a7992efb6d44a5865f1f14fb0,Input Validity,Lidar,Lidar Rate,10,376
56de627a7992efb6d44a5865f1f14fb0,Input Validity,Odometry,Odometry Rate,50,376
56de627a7992efb6d44a5865f1f14fb0,Input Validity,TF,TF Rate,10,376
56de627a7992efb6d44a5865f1f14fb0,Input Validity,Lidar,Lidar Rate,10,376.1
56de627a7992efb6d44a5865f1f14fb0,Input Validity,Odometry,Odometry Rate,50,376.1
56de627a7992efb6d44a5865f1f14fb0,Input Validity,TF,TF Rate,10,376.1
56de627a7992efb6d44a5865f1f14fb0,Localization Quality,AMCLPose,CovYawYaw,0.00550554,376
56de627a7992efb6d44a5865f1f14fb0,Localization Quality,AMCLPose,CovYY,0.00287598,376
56de627a7992efb6d44a5865f1f14fb0,Localization Quality,AMCLPose,CovXX,0.00623856,376
56de627a7992efb6d44a5865f1f14fb0,Localization Quality,AMCLPose,MeanYaw,-3.11838,376
56de627a7992efb6d44a5865f1f14fb0,Localization Quality,AMCLPose,MeanY,-2.24828,376
56de627a7992efb6d44a5865f1f14fb0,Localization Quality,AMCLPose,MeanX,-5.03028,376
56de627a7992efb6d44a5865f1f14fb0,Localization Stability,TF,Jump Angular,-0.00576367,377
56de627a7992efb6d44a5865f1f14fb0,Localization Stability,TF,Jump Linear,0.173741,377
56de627a7992efb6d44a5865f1f14fb0,Localization Stability,TF,Jump Angular,0,377.1
56de627a7992efb6d44a5865f1f14fb0,Localization Stability,TF,Jump Linear,0,377.1
56de627a7992efb6d44a5865f1f14fb0,Input Validity,Lidar,Lidar Rate,10,376.2
56de627a7992efb6d44a5865f1f14fb0,Input Validity,Odometry,Odometry Rate,50,376.2
56de627a7992efb6d44a5865f1f14fb0,Input Validity,TF,TF Rate,10,376.2
56de627a7992efb6d44a5865f1f14fb0,Localization Stability,TF,Jump Angular,0,377.2
56de627a7992efb6d44a5865f1f14fb0,Localization Stability,TF,Jump Linear,0,377.2
56de627a7992efb6d44a5865f1f14fb0,Input Validity,Lidar,Lidar Rate,10,376.3
56de627a7992efb6d44a5865f1f14fb0,Input Validity,Odometry,Odometry Rate,50,376.3
56de627a7992efb6d44a5865f1f14fb0,Input Validity,TF,TF Rate,10,376.3
56de627a7992efb6d44a5865f1f14fb0,Input Validity,Lidar,Lidar Rate,10,376.4
56de627a7992efb6d44a5865f1f14fb0,Input Validity,Odometry,Odometry Rate,50,376.4
56de627a7992efb6d44a5865f1f14fb0,Input Validity,TF,TF Rate,10,376.4
56de627a7992efb6d44a5865f1f14fb0,Localization Quality,AMCLPose,CovYawYaw,0.00539579,376.3
56de627a7992efb6d44a5865f1f14fb0,Localization Quality,AMCLPose,CovYY,0.00273388,376.3
56de627a7992efb6d44a5865f1f14fb0,Localization Quality,AMCLPose,CovXX,0.00693128,376.3
56de627a7992efb6d44a5865f1f14fb0,Localization Quality,AMCLPose,MeanYaw,-3.13272,376.3
56de627a7992efb6d44a5865f1f14fb0,Localization Quality,AMCLPose,MeanY,-2.24919,376.3
56de627a7992efb6d44a5865f1f14fb0,Localization Quality,AMCLPose,MeanX,-5.15815,376.3
56de627a7992efb6d44a5865f1f14fb0,Localization Stability,TF,Jump Angular,-0.00420783,377.3
56de627a7992efb6d44a5865f1f14fb0,Localization Stability,TF,Jump Linear,0.130476,377.3
56de627a7992efb6d44a5865f1f14fb0,Localization Stability,TF,Jump Angular,0,377.4
56de627a7992efb6d44a5865f1f14fb0,Localization Stability,TF,Jump Linear,0,377.4
56de627a7992efb6d44a5865f1f14fb0,Input Validity,Lidar,Lidar Rate,10,376.5
56de627a7992efb6d44a5865f1f14fb0,Input Validity,Odometry,Odometry Rate,50,376.5
56de627a7992efb6d44a5865f1f14fb0,Input Validity,TF,TF Rate,10,376.5
56de627a7992efb6d44a5865f1f14fb0,Localization Stability,TF,Jump Angular,0,377.5
56de627a7992efb6d44a5865f1f14fb0,Localization Stability,TF,Jump Linear,0,377.5
56de627a7992efb6d44a5865f1f14fb0,Input Validity,Lidar,Lidar Rate,10,376.6
56de627a7992efb6d44a5865f1f14fb0,Input Validity,Odometry,Odometry Rate,50,376.6
56de627a7992efb6d44a5865f1f14fb0,Input Validity,TF,TF Rate,10,376.6
56de627a7992efb6d44a5865f1f14fb0,Localization Quality,AMCLPose,CovYawYaw,0.00551224,376.6
56de627a7992efb6d44a5865f1f14fb0,Localization Quality,AMCLPose,CovYY,0.00278529,376.6
56de627a7992efb6d44a5865f1f14fb0,Localization Quality,AMCLPose,CovXX,0.00749546,376.6
56de627a7992efb6d44a5865f1f14fb0,Localization Quality,AMCLPose,MeanYaw,3.14144,376.6
56de627a7992efb6d44a5865f1f14fb0,Localization Quality,AMCLPose,MeanY,-2.25103,376.6
56de627a7992efb6d44a5865f1f14fb0,Localization Quality,AMCLPose,MeanX,-5.29528,376.6
56de627a7992efb6d44a5865f1f14fb0,Localization Stability,TF,Jump Angular,0.00287322,377.6
56de627a7992efb6d44a5865f1f14fb0,Localization Stability,TF,Jump Linear,0.0870092,377.6
56de627a7992efb6d44a5865f1f14fb0,Input Validity,Lidar,Lidar Rate,10,376.7
56de627a7992efb6d44a5865f1f14fb0,Input Validity,Odometry,Odometry Rate,50,376.7
56de627a7992efb6d44a5865f1f14fb0,Input Validity,TF,TF Rate,10,376.7
56de627a7992efb6d44a5865f1f14fb0,Localization Stability,TF,Jump Angular,0,377.7
56de627a7992efb6d44a5865f1f14fb0,Localization Stability,TF,Jump Linear,0,377.7
56de627a7992efb6d44a5865f1f14fb0,Input Validity,Lidar,Lidar Rate,10,376.79
56de627a7992efb6d44a5865f1f14fb0,Input Validity,Odometry,Odometry Rate,50,376.79
56de627a7992efb6d44a5865f1f14fb0,Input Validity,TF,TF Rate,10,376.79
56de627a7992efb6d44a5865f1f14fb0,Localization Stability,TF,Jump Angular,0,377.8
56de627a7992efb6d44a5865f1f14fb0,Localization Stability,TF,Jump Linear,0,377.8
56de627a7992efb6d44a5865f1f14fb0,Input Validity,Lidar,Lidar Rate,10,376.89
56de627a7992efb6d44a5865f1f14fb0,Input Validity,Odometry,Odometry Rate,50,376.89
56de627a7992efb6d44a5865f1f14fb0,Input Validity,TF,TF Rate,10,376.89
56de627a7992efb6d44a5865f1f14fb0,Localization Quality,AMCLPose,CovYawYaw,0.00554229,376.9
56de627a7992efb6d44a5865f1f14fb0,Localization Quality,AMCLPose,CovYY,0.00292884,376.9
56de627a7992efb6d44a5865f1f14fb0,Localization Quality,AMCLPose,CovXX,0.00736848,376.9
56de627a7992efb6d44a5865f1f14fb0,Localization Quality,AMCLPose,MeanYaw,3.12963,376.9
56de627a7992efb6d44a5865f1f14fb0,Localization Quality,AMCLPose,MeanY,-2.25067,376.9
56de627a7992efb6d44a5865f1f14fb0,Localization Quality,AMCLPose,MeanX,-5.43039,376.9
56de627a7992efb6d44a5865f1f14fb0,Localization Stability,TF,Jump Angular,-0.00270528,377.9
56de627a7992efb6d44a5865f1f14fb0,Localization Stability,TF,Jump Linear,0.081673,377.9
56de627a7992efb6d44a5865f1f14fb0,Input Validity,Lidar,Lidar Rate,10,376.99
56de627a7992efb6d44a5865f1f14fb0,Input Validity,Odometry,Odometry Rate,50,376.99
56de627a7992efb6d44a5865f1f14fb0,Input Validity,TF,TF Rate,10,376.99
56de627a7992efb6d44a5865f1f14fb0,Localization Stability,TF,Jump Angular,0,378
56de627a7992efb6d44a5865f1f14fb0,Localization Stability,TF,Jump Linear,0,378
56de627a7992efb6d44a5865f1f14fb0,Input Validity,Lidar,Lidar Rate,10,377.09
56de627a7992efb6d44a5865f1f14fb0,Input Validity,Odometry,Odometry Rate,50,377.09
56de627a7992efb6d44a5865f1f14fb0,Input Validity,TF,TF Rate,10,377.09
56de627a7992efb6d44a5865f1f14fb0,Localization Stability,TF,Jump Angular,0,378.1
56de627a7992efb6d44a5865f1f14fb0,Localization Stability,TF,Jump Linear,0,378.1
56de627a7992efb6d44a5865f1f14fb0,Input Validity,Lidar,Lidar Rate,10,377.19
56de627a7992efb6d44a5865f1f14fb0,Input Validity,Odometry,Odometry Rate,50,377.19
56de627a7992efb6d44a5865f1f14fb0,Input Validity,TF,TF Rate,10,377.19
56de627a7992efb6d44a5865f1f14fb0,Localization Quality,AMCLPose,CovYawYaw,0.00545715,377.2
56de627a7992efb6d44a5865f1f14fb0,Localization Quality,AMCLPose,CovYY,0.00303676,377.2
56de627a7992efb6d44a5865f1f14fb0,Localization Quality,AMCLPose,CovXX,0.00707876,377.2
56de627a7992efb6d44a5865f1f14fb0,Localization Quality,AMCLPose,MeanYaw,3.12954,377.2
56de627a7992efb6d44a5865f1f14fb0,Localization Quality,AMCLPose,MeanY,-2.24847,377.2
56de627a7992efb6d44a5865f1f14fb0,Localization Quality,AMCLPose,MeanX,-5.57541,377.2
56de627a7992efb6d44a5865f1f14fb0,Localization Stability,TF,Jump Angular,0.000236608,378.2
56de627a7992efb6d44a5865f1f14fb0,Localization Stability,TF,Jump Linear,0.0161954,378.2
56de627a7992efb6d44a5865f1f14fb0,Input Validity,Lidar,Lidar Rate,10,377.29
56de627a7992efb6d44a5865f1f14fb0,Input Validity,Odometry,Odometry Rate,50,377.29
56de627a7992efb6d44a5865f1f14fb0,Input Validity,TF,TF Rate,10,377.29
56de627a7992efb6d44a5865f1f14fb0,Localization Stability,TF,Jump Angular,0,378.3
56de627a7992efb6d44a5865f1f14fb0,Localization Stability,TF,Jump Linear,0,378.3
56de627a7992efb6d44a5865f1f14fb0,Input Validity,Lidar,Lidar Rate,10,377.39
56de627a7992efb6d44a5865f1f14fb0,Input Validity,Odometry,Odometry Rate,50,377.39
56de627a7992efb6d44a5865f1f14fb0,Input Validity,TF,TF Rate,10,377.39
56de627a7992efb6d44a5865f1f14fb0,Localization Stability,TF,Jump Angular,0,378.4
56de627a7992efb6d44a5865f1f14fb0,Localization Stability,TF,Jump Linear,0,378.4
56de627a7992efb6d44a5865f1f14fb0,Input Validity,Lidar,Lidar Rate,10,377.49
56de627a7992efb6d44a5865f1f14fb0,Input Validity,Odometry,Odometry Rate,50,377.49
56de627a7992efb6d44a5865f1f14fb0,Input Validity,TF,TF Rate,10,377.49
56de627a7992efb6d44a5865f1f14fb0,Localization Quality,AMCLPose,CovYawYaw,0.00578408,377.5
56de627a7992efb6d44a5865f1f14fb0,Localization Quality,AMCLPose,CovYY,0.00308059,377.5
56de627a7992efb6d44a5865f1f14fb0,Localization Quality,AMCLPose,CovXX,0.00696359,377.5
56de627a7992efb6d44a5865f1f14fb0,Localization Quality,AMCLPose,MeanYaw,3.1374,377.5
56de627a7992efb6d44a5865f1f14fb0,Localization Quality,AMCLPose,MeanY,-2.24836,377.5
56de627a7992efb6d44a5865f1f14fb0,Localization Quality,AMCLPose,MeanX,-5.71084,377.5
56de627a7992efb6d44a5865f1f14fb0,Localization Stability,TF,Jump Angular,-0.00579999,378.5
56de627a7992efb6d44a5865f1f14fb0,Localization Stability,TF,Jump Linear,0.175967,378.5
56de627a7992efb6d44a5865f1f14fb0,Input Validity,Lidar,Lidar Rate,10,377.59
56de627a7992efb6d44a5865f1f14fb0,Input Validity,Odometry,Odometry Rate,50,377.59
56de627a7992efb6d44a5865f1f14fb0,Input Validity,TF,TF Rate,10,377.59
56de627a7992efb6d44a5865f1f14fb0,Localization Stability,TF,Jump Angular,0,378.6
56de627a7992efb6d44a5865f1f14fb0,Localization Stability,TF,Jump Linear,0,378.6
56de627a7992efb6d44a5865f1f14fb0,Input Validity,Lidar,Lidar Rate,10,377.69
56de627a7992efb6d44a5865f1f14fb0,Input Validity,Odometry,Odometry Rate,50,377.69
56de627a7992efb6d44a5865f1f14fb0,Input Validity,TF,TF Rate,10,377.69
56de627a7992efb6d44a5865f1f14fb0,Localization Stability,TF,Jump Angular,0,378.7
56de627a7992efb6d44a5865f1f14fb0,Localization Stability,TF,Jump Linear,0,378.7
56de627a7992efb6d44a5865f1f14fb0,Input Validity,Lidar,Lidar Rate,10,377.79
56de627a7992efb6d44a5865f1f14fb0,Input Validity,Odometry,Odometry Rate,50,377.79
56de627a7992efb6d44a5865f1f14fb0,Input Validity,TF,TF Rate,10,377.79
56de627a7992efb6d44a5865f1f14fb0,Localization Quality,AMCLPose,CovYawYaw,0.00556159,377.8
56de627a7992efb6d44a5865f1f14fb0,Localization Quality,AMCLPose,CovYY,0.00336578,377.8
56de627a7992efb6d44a5865f1f14fb0,Localization Quality,AMCLPose,CovXX,0.00742329,377.8
56de627a7992efb6d44a5865f1f14fb0,Localization Quality,AMCLPose,MeanYaw,-3.13707,377.8
56de627a7992efb6d44a5865f1f14fb0,Localization Quality,AMCLPose,MeanY,-2.24956,377.8
56de627a7992efb6d44a5865f1f14fb0,Localization Quality,AMCLPose,MeanX,-5.84321,377.8
56de627a7992efb6d44a5865f1f14fb0,Localization Stability,TF,Jump Angular,-0.000531784,378.8
56de627a7992efb6d44a5865f1f14fb0,Localization Stability,TF,Jump Linear,0.0188673,378.8
56de627a7992efb6d44a5865f1f14fb0,Input Validity,Lidar,Lidar Rate,10,377.89
56de627a7992efb6d44a5865f1f14fb0,Input Validity,Odometry,Odometry Rate,50,377.89
56de627a7992efb6d44a5865f1f14fb0,Input Validity,TF,TF Rate,10,377.89
56de627a7992efb6d44a5865f1f14fb0,Localization Stability,TF,Jump Angular,0,378.9
56de627a7992efb6d44a5865f1f14fb0,Localization Stability,TF,Jump Linear,0,378.9
56de627a7992efb6d44a5865f1f14fb0,Input Validity,Lidar,Lidar Rate,10,377.99
56de627a7992efb6d44a5865f1f14fb0,Input Validity,Odometry,Odometry Rate,50,377.99
56de627a7992efb6d44a5865f1f14fb0,Input Validity,TF,TF Rate,10,377.99
56de627a7992efb6d44a5865f1f14fb0,Localization Stability,TF,Jump Angular,0,379
56de627a7992efb6d44a5865f1f14fb0,Localization Stability,TF,Jump Linear,0,379
56de627a7992efb6d44a5865f1f14fb0,Input Validity,Lidar,Lidar Rate,10,378.09
56de627a7992efb6d44a5865f1f14fb0,Input Validity,Odometry,Odometry Rate,50,378.09
56de627a7992efb6d44a5865f1f14fb0,Input Validity,TF,TF Rate,10,378.09
56de627a7992efb6d44a5865f1f14fb0,Localization Quality,AMCLPose,CovYawYaw,0.00565949,378.1
56de627a7992efb6d44a5865f1f14fb0,Localization Quality,AMCLPose,CovYY,0.00333786,378.1
56de627a7992efb6d44a5865f1f14fb0,Localization Quality,AMCLPose,CovXX,0.00713139,378.1
56de627a7992efb6d44a5865f1f14fb0,Localization Quality,AMCLPose,MeanYaw,-3.12872,378.1
56de627a7992efb6d44a5865f1f14fb0,Localization Quality,AMCLPose,MeanY,-2.25428,378.1
56de627a7992efb6d44a5865f1f14fb0,Localization Quality,AMCLPose,MeanX,-5.97952,378.1
56de627a7992efb6d44a5865f1f14fb0,Localization Stability,TF,Jump Angular,0.00132447,379.1
56de627a7992efb6d44a5865f1f14fb0,Localization Stability,TF,Jump Linear,0.0390543,379.1
56de627a7992efb6d44a5865f1f14fb0,Input Validity,Lidar,Lidar Rate,10,378.19
56de627a7992efb6d44a5865f1f14fb0,Input Validity,Odometry,Odometry Rate,50,378.19
56de627a7992efb6d44a5865f1f14fb0,Input Validity,TF,TF Rate,10,378.19
56de627a7992efb6d44a5865f1f14fb0,Localization Stability,TF,Jump Angular,0,379.2
56de627a7992efb6d44a5865f1f14fb0,Localization Stability,TF,Jump Linear,0,379.2
56de627a7992efb6d44a5865f1f14fb0,Input Validity,Lidar,Lidar Rate,10,378.29
56de627a7992efb6d44a5865f1f14fb0,Input Validity,Odometry,Odometry Rate,50,378.29
56de627a7992efb6d44a5865f1f14fb0,Input Validity,TF,TF Rate,10,378.29
56de627a7992efb6d44a5865f1f14fb0,Localization Stability,TF,Jump Angular,0,379.3
56de627a7992efb6d44a5865f1f14fb0,Localization Stability,TF,Jump Linear,0,379.3
56de627a7992efb6d44a5865f1f14fb0,Input Validity,Lidar,Lidar Rate,10,378.39
56de627a7992efb6d44a5865f1f14fb0,Input Validity,Odometry,Odometry Rate,50,378.39
56de627a7992efb6d44a5865f1f14fb0,Input Validity,TF,TF Rate,10,378.39
56de627a7992efb6d44a5865f1f14fb0,Localization Quality,AMCLPose,CovYawYaw,0.00581449,378.4
56de627a7992efb6d44a5865f1f14fb0,Localization Quality,AMCLPose,CovYY,0.00328967,378.4
56de627a7992efb6d44a5865f1f14fb0,Localization Quality,AMCLPose,CovXX,0.0074312,378.4
56de627a7992efb6d44a5865f1f14fb0,Localization Quality,AMCLPose,MeanYaw,-3.11725,378.4
56de627a7992efb6d44a5865f1f14fb0,Localization Quality,AMCLPose,MeanY,-2.26045,378.4
56de627a7992efb6d44a5865f1f14fb0,Localization Quality,AMCLPose,MeanX,-6.11494,378.4
56de627a7992efb6d44a5865f1f14fb0,Localization Stability,TF,Jump Angular,0.0066579,379.4
56de627a7992efb6d44a5865f1f14fb0,Localization Stability,TF,Jump Linear,0.201349,379.4
56de627a7992efb6d44a5865f1f14fb0,Input Validity,Lidar,Lidar Rate,10,378.48
56de627a7992efb6d44a5865f1f14fb0,Input Validity,Odometry,Odometry Rate,50,378.48
56de627a7992efb6d44a5865f1f14fb0,Input Validity,TF,TF Rate,10,378.48
56de627a7992efb6d44a5865f1f14fb0,Localization Stability,TF,Jump Angular,0,379.5
56de627a7992efb6d44a5865f1f14fb0,Localization Stability,TF,Jump Linear,0,379.5
56de627a7992efb6d44a5865f1f14fb0,Input Validity,Lidar,Lidar Rate,10,378.58
56de627a7992efb6d44a5865f1f14fb0,Input Validity,Odometry,Odometry Rate,50,378.58
56de627a7992efb6d44a5865f1f14fb0,Input Validity,TF,TF Rate,10,378.58
56de627a7992efb6d44a5865f1f14fb0,Localization Stability,TF,Jump Angular,0,379.6
56de627a7992efb6d44a5865f1f14fb0,Localization Stability,TF,Jump Linear,0,379.6
56de627a7992efb6d44a5865f1f14fb0,Input Validity,Lidar,Lidar Rate,10,378.68
56de627a7992efb6d44a5865f1f14fb0,Input Validity,Odometry,Odometry Rate,50,378.68
56de627a7992efb6d44a5865f1f14fb0,Input Validity,TF,TF Rate,10,378.68
56de627a7992efb6d44a5865f1f14fb0,Localization Quality,AMCLPose,CovYawYaw,0.00574749,378.7
56de627a7992efb6d44a5865f1f14fb0,Localization Quality,AMCLPose,CovYY,0.00315516,378.7
56de627a7992efb6d44a5865f1f14fb0,Localization Quality,AMCLPose,CovXX,0.0069178,378.7
56de627a7992efb6d44a5865f1f14fb0,Localization Quality,AMCLPose,MeanYaw,-3.11174,378.7
56de627a7992efb6d44a5865f1f14fb0,Localization Quality,AMCLPose,MeanY,-2.26491,378.7
56de627a7992efb6d44a5865f1f14fb0,Localization Quality,AMCLPose,MeanX,-6.25381,378.7
56de627a7992efb6d44a5865f1f14fb0,Localization Stability,TF,Jump Angular,0.000927643,379.7
56de627a7992efb6d44a5865f1f14fb0,Localization Stability,TF,Jump Linear,0.0309127,379.7
56de627a7992efb6d44a5865f1f14fb0,Input Validity,Lidar,Lidar Rate,10,378.78
56de627a7992efb6d44a5865f1f14fb0,Input Validity,Odometry,Odometry Rate,50,378.78
56de627a7992efb6d44a5865f1f14fb0,Input Validity,TF,TF Rate,10,378.78
56de627a7992efb6d44a5865f1f14fb0,Localization Stability,TF,Jump Angular,0,379.8
56de627a7992efb6d44a5865f1f14fb0,Localization Stability,TF,Jump Linear,0,379.8
56de627a7992efb6d44a5865f1f14fb0,Input Validity,Lidar,Lidar Rate,10,378.88
56de627a7992efb6d44a5865f1f14fb0,Input Validity,Odometry,Odometry Rate,50,378.88
56de627a7992efb6d44a5865f1f14fb0,Input Validity,TF,TF Rate,10,378.88
56de627a7992efb6d44a5865f1f14fb0,Localization Stability,TF,Jump Angular,0,379.9
56de627a7992efb6d44a5865f1f14fb0,Localization Stability,TF,Jump Linear,0,379.9
56de627a7992efb6d44a5865f1f14fb0,Input Validity,Lidar,Lidar Rate,10,378.98
56de627a7992efb6d44a5865f1f14fb0,Input Validity,Odometry,Odometry Rate,50,378.98
56de627a7992efb6d44a5865f1f14fb0,Input Validity,TF,TF Rate,10,378.98
56de627a7992efb6d44a5865f1f14fb0,Input Validity,Lidar,Lidar Rate,10,379.08
56de627a7992efb6d44a5865f1f14fb0,Input Validity,Odometry,Odometry Rate,50,379.08
56de627a7992efb6d44a5865f1f14fb0,Input Validity,TF,TF Rate,10,379.08
56de627a7992efb6d44a5865f1f14fb0,Localization Quality,AMCLPose,CovYawYaw,0.00550963,379
56de627a7992efb6d44a5865f1f14fb0,Localization Quality,AMCLPose,CovYY,0.00330798,379
56de627a7992efb6d44a5865f1f14fb0,Localization Quality,AMCLPose,CovXX,0.00672208,379
56de627a7992efb6d44a5865f1f14fb0,Localization Quality,AMCLPose,MeanYaw,-3.10716,379
56de627a7992efb6d44a5865f1f14fb0,Localization Quality,AMCLPose,MeanY,-2.26962,379
56de627a7992efb6d44a5865f1f14fb0,Localization Quality,AMCLPose,MeanX,-6.38926,379
56de627a7992efb6d44a5865f1f14fb0,Localization Stability,TF,Jump Angular,-0.00221725,380
56de627a7992efb6d44a5865f1f14fb0,Localization Stability,TF,Jump Linear,0.0680688,380
56de627a7992efb6d44a5865f1f14fb0,Localization Stability,TF,Jump Angular,0,380.1
56de627a7992efb6d44a5865f1f14fb0,Localization Stability,TF,Jump Linear,0,380.1
56de627a7992efb6d44a5865f1f14fb0,Input Validity,Lidar,Lidar Rate,10,379.18
56de627a7992efb6d44a5865f1f14fb0,Input Validity,Odometry,Odometry Rate,50,379.18
56de627a7992efb6d44a5865f1f14fb0,Input Validity,TF,TF Rate,10,379.18
56de627a7992efb6d44a5865f1f14fb0,Localization Stability,TF,Jump Angular,0,380.2
56de627a7992efb6d44a5865f1f14fb0,Localization Stability,TF,Jump Linear,0,380.2
56de627a7992efb6d44a5865f1f14fb0,Input Validity,Lidar,Lidar Rate,10,379.28
56de627a7992efb6d44a5865f1f14fb0,Input Validity,Odometry,Odometry Rate,50,379.28
56de627a7992efb6d44a5865f1f14fb0,Input Validity,TF,TF Rate,10,379.28
56de627a7992efb6d44a5865f1f14fb0,Input Validity,Lidar,Lidar Rate,10,379.38
56de627a7992efb6d44a5865f1f14fb0,Input Validity,Odometry,Odometry Rate,50,379.38
56de627a7992efb6d44a5865f1f14fb0,Input Validity,TF,TF Rate,10,379.38
56de627a7992efb6d44a5865f1f14fb0,Localization Quality,AMCLPose,CovYawYaw,0.00553381,379.3
56de627a7992efb6d44a5865f1f14fb0,Localization Quality,AMCLPose,CovYY,0.00325244,379.3
56de627a7992efb6d44a5865f1f14fb0,Localization Quality,AMCLPose,CovXX,0.00685591,379.3
56de627a7992efb6d44a5865f1f14fb0,Localization Quality,AMCLPose,MeanYaw,-3.0914,379.3
56de627a7992efb6d44a5865f1f14fb0,Localization Quality,AMCLPose,MeanY,-2.28097,379.3
56de627a7992efb6d44a5865f1f14fb0,Localization Quality,AMCLPose,MeanX,-6.52549,379.3
56de627a7992efb6d44a5865f1f14fb0,Localization Stability,TF,Jump Angular,0.00438846,380.3
56de627a7992efb6d44a5865f1f14fb0,Localization Stability,TF,Jump Linear,0.132513,380.3
56de627a7992efb6d44a5865f1f14fb0,Localization Stability,TF,Jump Angular,0,380.4
56de627a7992efb6d44a5865f1f14fb0,Localization Stability,TF,Jump Linear,0,380.4
56de627a7992efb6d44a5865f1f14fb0,Input Validity,Lidar,Lidar Rate,10,379.48
56de627a7992efb6d44a5865f1f14fb0,Input Validity,Odometry,Odometry Rate,50,379.48
56de627a7992efb6d44a5865f1f14fb0,Input Validity,TF,TF Rate,10,379.48
56de627a7992efb6d44a5865f1f14fb0,Localization Stability,TF,Jump Angular,0,380.5
56de627a7992efb6d44a5865f1f14fb0,Localization Stability,TF,Jump Linear,0,380.5
56de627a7992efb6d44a5865f1f14fb0,Input Validity,Lidar,Lidar Rate,10,379.58
56de627a7992efb6d44a5865f1f14fb0,Input Validity,Odometry,Odometry Rate,50,379.58
56de627a7992efb6d44a5865f1f14fb0,Input Validity,TF,TF Rate,10,379.58
56de627a7992efb6d44a5865f1f14fb0,Input Validity,Lidar,Lidar Rate,10,379.68
56de627a7992efb6d44a5865f1f14fb0,Input Validity,Odometry,Odometry Rate,50,379.68
56de627a7992efb6d44a5865f1f14fb0,Input Validity,TF,TF Rate,10,379.68
56de627a7992efb6d44a5865f1f14fb0,Localization Quality,AMCLPose,CovYawYaw,0.0055038,379.6
56de627a7992efb6d44a5865f1f14fb0,Localization Quality,AMCLPose,CovYY,0.00357118,379.6
56de627a7992efb6d44a5865f1f14fb0,Localization Quality,AMCLPose,CovXX,0.00662943,379.6
56de627a7992efb6d44a5865f1f14fb0,Localization Quality,AMCLPose,MeanYaw,-3.07422,379.6
56de627a7992efb6d44a5865f1f14fb0,Localization Quality,AMCLPose,MeanY,-2.28844,379.6
56de627a7992efb6d44a5865f1f14fb0,Localization Quality,AMCLPose,MeanX,-6.66165,379.6
56de627a7992efb6d44a5865f1f14fb0,Localization Stability,TF,Jump Angular,0.000228053,380.6
56de627a7992efb6d44a5865f1f14fb0,Localization Stability,TF,Jump Linear,0.00838193,380.6
56de627a7992efb6d44a5865f1f14fb0,Localization Stability,TF,Jump Angular,0,380.7
56de627a7992efb6d44a5865f1f14fb0,Localization Stability,TF,Jump Linear,0,380.7
56de627a7992efb6d44a5865f1f14fb0,Input Validity,Lidar,Lidar Rate,10,379.78
56de627a7992efb6d44a5865f1f14fb0,Input Validity,Odometry,Odometry Rate,50,379.78
56de627a7992efb6d44a5865f1f14fb0,Input Validity,TF,TF Rate,10,379.78
56de627a7992efb6d44a5865f1f14fb0,Localization Stability,TF,Jump Angular,0,380.8
56de627a7992efb6d44a5865f1f14fb0,Localization Stability,TF,Jump Linear,0,380.8
56de627a7992efb6d44a5865f1f14fb0,Input Validity,Lidar,Lidar Rate,10,379.88
56de627a7992efb6d44a5865f1f14fb0,Input Validity,Odometry,Odometry Rate,50,379.88
56de627a7992efb6d44a5865f1f14fb0,Input Validity,TF,TF Rate,10,379.88
56de627a7992efb6d44a5865f1f14fb0,Localization Quality,AMCLPose,CovYawYaw,0.00535578,379.9
56de627a7992efb6d44a5865f1f14fb0,Localization Quality,AMCLPose,CovYY,0.00345511,379.9
56de627a7992efb6d44a5865f1f14fb0,Localization Quality,AMCLPose,CovXX,0.00609951,379.9
56de627a7992efb6d44a5865f1f14fb0,Localization Quality,AMCLPose,MeanYaw,-3.05553,379.9
56de627a7992efb6d44a5865f1f14fb0,Localization Quality,AMCLPose,MeanY,-2.29588,379.9
56de627a7992efb6d44a5865f1f14fb0,Localization Quality,AMCLPose,MeanX,-6.78046,379.9
56de627a7992efb6d44a5865f1f14fb0,Localization Stability,TF,Jump Angular,0.00107125,380.9
56de627a7992efb6d44a5865f1f14fb0,Localization Stability,TF,Jump Linear,0.0319873,380.9
56de627a7992efb6d44a5865f1f14fb0,Input Validity,Lidar,Lidar Rate,10,379.98
56de627a7992efb6d44a5865f1f14fb0,Input Validity,Odometry,Odometry Rate,50,379.98
56de627a7992efb6d44a5865f1f14fb0,Input Validity,TF,TF Rate,10,379.98
56de627a7992efb6d44a5865f1f14fb0,Localization Stability,TF,Jump Angular,0,381
56de627a7992efb6d44a5865f1f14fb0,Localization Stability,TF,Jump Linear,0,381
56de627a7992efb6d44a5865f1f14fb0,Input Validity,Lidar,Lidar Rate,10,380.08
56de627a7992efb6d44a5865f1f14fb0,Input Validity,Odometry,Odometry Rate,50,380.08
56de627a7992efb6d44a5865f1f14fb0,Input Validity,TF,TF Rate,10,380.08
56de627a7992efb6d44a5865f1f14fb0,Localization Stability,TF,Jump Angular,0,381.1
56de627a7992efb6d44a5865f1f14fb0,Localization Stability,TF,Jump Linear,0,381.1
56de627a7992efb6d44a5865f1f14fb0,Input Validity,Lidar,Lidar Rate,10,380.17
56de627a7992efb6d44a5865f1f14fb0,Input Validity,Odometry,Odometry Rate,50,380.17
56de627a7992efb6d44a5865f1f14fb0,Input Validity,TF,TF Rate,10,380.17
56de627a7992efb6d44a5865f1f14fb0,Input Validity,Lidar,Lidar Rate,10,380.27
56de627a7992efb6d44a5865f1f14fb0,Input Validity,Odometry,Odometry Rate,50,380.27
56de627a7992efb6d44a5865f1f14fb0,Input Validity,TF,TF Rate,10,380.27
56de627a7992efb6d44a5865f1f14fb0,Localization Quality,AMCLPose,CovYawYaw,0.00489472,380.2
56de627a7992efb6d44a5865f1f14fb0,Localization Quality,AMCLPose,CovYY,0.00332262,380.2
56de627a7992efb6d44a5865f1f14fb0,Localization Quality,AMCLPose,CovXX,0.00567878,380.2
56de627a7992efb6d44a5865f1f14fb0,Localization Quality,AMCLPose,MeanYaw,-3.04449,380.2
56de627a7992efb6d44a5865f1f14fb0,Localization Quality,AMCLPose,MeanY,-2.30371,380.2
56de627a7992efb6d44a5865f1f14fb0,Localization Quality,AMCLPose,MeanX,-6.88177,380.2
56de627a7992efb6d44a5865f1f14fb0,Localization Stability,TF,Jump Angular,-0.00436688,381.2
56de627a7992efb6d44a5865f1f14fb0,Localization Stability,TF,Jump Linear,0.135774,381.2
56de627a7992efb6d44a5865f1f14fb0,Localization Stability,TF,Jump Angular,0,381.3
56de627a7992efb6d44a5865f1f14fb0,Localization Stability,TF,Jump Linear,0,381.3
56de627a7992efb6d44a5865f1f14fb0,Input Validity,Lidar,Lidar Rate,10,380.37
56de627a7992efb6d44a5865f1f14fb0,Input Validity,Odometry,Odometry Rate,50,380.37
56de627a7992efb6d44a5865f1f14fb0,Input Validity,TF,TF Rate,10,380.37
56de627a7992efb6d44a5865f1f14fb0,Localization Stability,TF,Jump Angular,0,381.4
56de627a7992efb6d44a5865f1f14fb0,Localization Stability,TF,Jump Linear,0,381.4
56de627a7992efb6d44a5865f1f14fb0,Input Validity,Lidar,Lidar Rate,10,380.47
56de627a7992efb6d44a5865f1f14fb0,Input Validity,Odometry,Odometry Rate,50,380.47
56de627a7992efb6d44a5865f1f14fb0,Input Validity,TF,TF Rate,10,380.47
56de627a7992efb6d44a5865f1f14fb0,Localization Stability,TF,Jump Angular,0,381.5
56de627a7992efb6d44a5865f1f14fb0,Localization Stability,TF,Jump Linear,0,381.5
56de627a7992efb6d44a5865f1f14fb0,Input Validity,Lidar,Lidar Rate,10,380.57
56de627a7992efb6d44a5865f1f14fb0,Input Validity,Odometry,Odometry Rate,50,380.57
56de627a7992efb6d44a5865f1f14fb0,Input Validity,TF,TF Rate,10,380.57
56de627a7992efb6d44a5865f1f14fb0,Localization Quality,AMCLPose,CovYawYaw,0.0042634,380.6
56de627a7992efb6d44a5865f1f14fb0,Localization Quality,AMCLPose,CovYY,0.00311138,380.6
56de627a7992efb6d44a5865f1f14fb0,Localization Quality,AMCLPose,CovXX,0.00601168,380.6
56de627a7992efb6d44a5865f1f14fb0,Localization Quality,AMCLPose,MeanYaw,-3.03455,380.6
56de627a7992efb6d44a5865f1f14fb0,Localization Quality,AMCLPose,MeanY,-2.31625,380.6
56de627a7992efb6d44a5865f1f14fb0,Localization Quality,AMCLPose,MeanX,-6.99055,380.6
56de627a7992efb6d44a5865f1f14fb0,Localization Stability,TF,Jump Angular,-0.00116526,381.6
56de627a7992efb6d44a5865f1f14fb0,Localization Stability,TF,Jump Linear,0.0389894,381.6
56de627a7992efb6d44a5865f1f14fb0,Input Validity,Lidar,Lidar Rate,10,380.67
56de627a7992efb6d44a5865f1f14fb0,Input Validity,Odometry,Odometry Rate,50,380.67
56de627a7992efb6d44a5865f1f14fb0,Input Validity,TF,TF Rate,10,380.67
56de627a7992efb6d44a5865f1f14fb0,Localization Stability,TF,Jump Angular,0,381.7
56de627a7992efb6d44a5865f1f14fb0,Localization Stability,TF,Jump Linear,0,381.7
56de627a7992efb6d44a5865f1f14fb0,Input Validity,Lidar,Lidar Rate,10,380.77
56de627a7992efb6d44a5865f1f14fb0,Input Validity,Odometry,Odometry Rate,50,380.77
56de627a7992efb6d44a5865f1f14fb0,Input Validity,TF,TF Rate,10,380.77
56de627a7992efb6d44a5865f1f14fb0,Localization Stability,TF,Jump Angular,0,381.8
56de627a7992efb6d44a5865f1f14fb0,Localization Stability,TF,Jump Linear,0,381.8
56de627a7992efb6d44a5865f1f14fb0,Input Validity,Lidar,Lidar Rate,10,380.87
56de627a7992efb6d44a5865f1f14fb0,Input Validity,Odometry,Odometry Rate,50,380.87
56de627a7992efb6d44a5865f1f14fb0,Input Validity,TF,TF Rate,10,380.87
56de627a7992efb6d44a5865f1f14fb0,Localization Stability,TF,Jump Angular,0,381.9
56de627a7992efb6d44a5865f1f14fb0,Localization Stability,TF,Jump Linear,0,381.9
56de627a7992efb6d44a5865f1f14fb0,Input Validity,Lidar,Lidar Rate,10,380.97
56de627a7992efb6d44a5865f1f14fb0,Input Validity,Odometry,Odometry Rate,50,380.97
56de627a7992efb6d44a5865f1f14fb0,Input Validity,TF,TF Rate,10,380.97
56de627a7992efb6d44a5865f1f14fb0,Localization Stability,TF,Jump Angular,0,382
56de627a7992efb6d44a5865f1f14fb0,Localization Stability,TF,Jump Linear,0,382
56de627a7992efb6d44a5865f1f14fb0,Input Validity,Lidar,Lidar Rate,10,381.07
56de627a7992efb6d44a5865f1f14fb0,Input Validity,Odometry,Odometry Rate,50,381.07
56de627a7992efb6d44a5865f1f14fb0,Input Validity,TF,TF Rate,10,381.07
56de627a7992efb6d44a5865f1f14fb0,Localization Quality,AMCLPose,CovYawYaw,0.0041505,381.1
56de627a7992efb6d44a5865f1f14fb0,Localization Quality,AMCLPose,CovYY,0.00317888,381.1
56de627a7992efb6d44a5865f1f14fb0,Localization Quality,AMCLPose,CovXX,0.00647439,381.1
56de627a7992efb6d44a5865f1f14fb0,Localization Quality,AMCLPose,MeanYaw,-3.02301,381.1
56de627a7992efb6d44a5865f1f14fb0,Localization Quality,AMCLPose,MeanY,-2.32734,381.1
56de627a7992efb6d44a5865f1f14fb0,Localization Quality,AMCLPose,MeanX,-7.09334,381.1
56de627a7992efb6d44a5865f1f14fb0,Localization Stability,TF,Jump Angular,0.00189852,382.1
56de627a7992efb6d44a5865f1f14fb0,Localization Stability,TF,Jump Linear,0.0568693,382.1
56de627a7992efb6d44a5865f1f14fb0,Input Validity,Lidar,Lidar Rate,10,381.17
56de627a7992efb6d44a5865f1f14fb0,Input Validity,Odometry,Odometry Rate,50,381.17
56de627a7992efb6d44a5865f1f14fb0,Input Validity,TF,TF Rate,10,381.17
56de627a7992efb6d44a5865f1f14fb0,Localization Stability,TF,Jump Angular,0,382.2
56de627a7992efb6d44a5865f1f14fb0,Localization Stability,TF,Jump Linear,0,382.2
56de627a7992efb6d44a5865f1f14fb0,Input Validity,Lidar,Lidar Rate,10,381.27
56de627a7992efb6d44a5865f1f14fb0,Input Validity,Odometry,Odometry Rate,50,381.27
56de627a7992efb6d44a5865f1f14fb0,Input Validity,TF,TF Rate,10,381.27
56de627a7992efb6d44a5865f1f14fb0,Localization Stability,TF,Jump Angular,0,382.3
56de627a7992efb6d44a5865f1f14fb0,Localization Stability,TF,Jump Linear,0,382.3
56de627a7992efb6d44a5865f1f14fb0,Input Validity,Lidar,Lidar Rate,10,381.37
56de627a7992efb6d44a5865f1f14fb0,Input Validity,Odometry,Odometry Rate,50,381.37
56de627a7992efb6d44a5865f1f14fb0,Input Validity,TF,TF Rate,10,381.37
56de627a7992efb6d44a5865f1f14fb0,Localization Stability,TF,Jump Angular,0,382.4
56de627a7992efb6d44a5865f1f14fb0,Localization Stability,TF,Jump Linear,0,382.4
56de627a7992efb6d44a5865f1f14fb0,Input Validity,Lidar,Lidar Rate,10,381.47
56de627a7992efb6d44a5865f1f14fb0,Input Validity,Odometry,Odometry Rate,50,381.47
56de627a7992efb6d44a5865f1f14fb0,Input Validity,TF,TF Rate,10,381.47
56de627a7992efb6d44a5865f1f14fb0,Localization Stability,TF,Jump Angular,0,382.5
56de627a7992efb6d44a5865f1f14fb0,Localization Stability,TF,Jump Linear,0,382.5
56de627a7992efb6d44a5865f1f14fb0,Input Validity,Lidar,Lidar Rate,10,381.57
56de627a7992efb6d44a5865f1f14fb0,Input Validity,Odometry,Odometry Rate,50,381.57
56de627a7992efb6d44a5865f1f14fb0,Input Validity,TF,TF Rate,10,381.57
56de627a7992efb6d44a5865f1f14fb0,Localization Stability,TF,Jump Angular,0,382.6
56de627a7992efb6d44a5865f1f14fb0,Localization Stability,TF,Jump Linear,0,382.6
56de627a7992efb6d44a5865f1f14fb0,Input Validity,Lidar,Lidar Rate,10,381.67
56de627a7992efb6d44a5865f1f14fb0,Input Validity,Odometry,Odometry Rate,50,381.67
56de627a7992efb6d44a5865f1f14fb0,Input Validity,TF,TF Rate,10,381.67
56de627a7992efb6d44a5865f1f14fb0,Localization Stability,TF,Jump Angular,0,382.7
56de627a7992efb6d44a5865f1f14fb0,Localization Stability,TF,Jump Linear,0,382.7
56de627a7992efb6d44a5865f1f14fb0,Input Validity,Lidar,Lidar Rate,10,381.77
56de627a7992efb6d44a5865f1f14fb0,Input Validity,Odometry,Odometry Rate,50,381.77
56de627a7992efb6d44a5865f1f14fb0,Input Validity,TF,TF Rate,10,381.77
56de627a7992efb6d44a5865f1f14fb0,Localization Quality,AMCLPose,CovYawYaw,0.00399502,381.8
56de627a7992efb6d44a5865f1f14fb0,Localization Quality,AMCLPose,CovYY,0.00293185,381.8
56de627a7992efb6d44a5865f1f14fb0,Localization Quality,AMCLPose,CovXX,0.00676254,381.8
56de627a7992efb6d44a5865f1f14fb0,Localization Quality,AMCLPose,MeanYaw,-3.00539,381.8
56de627a7992efb6d44a5865f1f14fb0,Localization Quality,AMCLPose,MeanY,-2.34228,381.8
56de627a7992efb6d44a5865f1f14fb0,Localization Quality,AMCLPose,MeanX,-7.19711,381.8
56de627a7992efb6d44a5865f1f14fb0,Localization Stability,TF,Jump Angular,0.000535231,382.8
56de627a7992efb6d44a5865f1f14fb0,Localization Stability,TF,Jump Linear,0.0131103,382.8
56de627a7992efb6d44a5865f1f14fb0,Input Validity,Lidar,Lidar Rate,10,381.87
56de627a7992efb6d44a5865f1f14fb0,Input Validity,Odometry,Odometry Rate,50,381.87
56de627a7992efb6d44a5865f1f14fb0,Input Validity,TF,TF Rate,10,381.87
56de627a7992efb6d44a5865f1f14fb0,Localization Stability,TF,Jump Angular,0,382.9
56de627a7992efb6d44a5865f1f14fb0,Localization Stability,TF,Jump Linear,0,382.9
56de627a7992efb6d44a5865f1f14fb0,Input Validity,Lidar,Lidar Rate,10,381.96
56de627a7992efb6d44a5865f1f14fb0,Input Validity,Odometry,Odometry Rate,50,381.96
56de627a7992efb6d44a5865f1f14fb0,Input Validity,TF,TF Rate,10,381.96
56de627a7992efb6d44a5865f1f14fb0,Localization Stability,TF,Jump Angular,0,383
56de627a7992efb6d44a5865f1f14fb0,Localization Stability,TF,Jump Linear,0,383
56de627a7992efb6d44a5865f1f14fb0,Input Validity,Lidar,Lidar Rate,10,382.06
56de627a7992efb6d44a5865f1f14fb0,Input Validity,Odometry,Odometry Rate,50,382.06
56de627a7992efb6d44a5865f1f14fb0,Input Validity,TF,TF Rate,10,382.06
56de627a7992efb6d44a5865f1f14fb0,Localization Stability,TF,Jump Angular,0,383.1
56de627a7992efb6d44a5865f1f14fb0,Localization Stability,TF,Jump Linear,0,383.1
56de627a7992efb6d44a5865f1f14fb0,Input Validity,Lidar,Lidar Rate,10,382.16
56de627a7992efb6d44a5865f1f14fb0,Input Validity,Odometry,Odometry Rate,50,382.16
56de627a7992efb6d44a5865f1f14fb0,Input Validity,TF,TF Rate,10,382.16
56de627a7992efb6d44a5865f1f14fb0,Localization Stability,TF,Jump Angular,0,383.2
56de627a7992efb6d44a5865f1f14fb0,Localization Stability,TF,Jump Linear,0,383.2
56de627a7992efb6d44a5865f1f14fb0,Input Validity,Lidar,Lidar Rate,10,382.26
56de627a7992efb6d44a5865f1f14fb0,Input Validity,Odometry,Odometry Rate,50,382.26
56de627a7992efb6d44a5865f1f14fb0,Input Validity,TF,TF Rate,10,382.26
56de627a7992efb6d44a5865f1f14fb0,Localization Stability,TF,Jump Angular,0,383.3
56de627a7992efb6d44a5865f1f14fb0,Localization Stability,TF,Jump Linear,0,383.3
56de627a7992efb6d44a5865f1f14fb0,Input Validity,Lidar,Lidar Rate,10,382.36
56de627a7992efb6d44a5865f1f14fb0,Input Validity,Odometry,Odometry Rate,50,382.36
56de627a7992efb6d44a5865f1f14fb0,Input Validity,TF,TF Rate,10,382.36
56de627a7992efb6d44a5865f1f14fb0,Localization Stability,TF,Jump Angular,0,383.4
56de627a7992efb6d44a5865f1f14fb0,Localization Stability,TF,Jump Linear,0,383.4
56de627a7992efb6d44a5865f1f14fb0,Input Validity,Lidar,Lidar Rate,10,382.46
56de627a7992efb6d44a5865f1f14fb0,Input Validity,Odometry,Odometry Rate,50,382.46
56de627a7992efb6d44a5865f1f14fb0,Input Validity,TF,TF Rate,10,382.46
56de627a7992efb6d44a5865f1f14fb0,Localization Stability,TF,Jump Angular,0,383.5
56de627a7992efb6d44a5865f1f14fb0,Localization Stability,TF,Jump Linear,0,383.5
56de627a7992efb6d44a5865f1f14fb0,Input Validity,Lidar,Lidar Rate,10,382.56
56de627a7992efb6d44a5865f1f14fb0,Input Validity,Odometry,Odometry Rate,50,382.56
56de627a7992efb6d44a5865f1f14fb0,Input Validity,TF,TF Rate,10,382.56
56de627a7992efb6d44a5865f1f14fb0,Localization Stability,TF,Jump Angular,0,383.6
56de627a7992efb6d44a5865f1f14fb0,Localization Stability,TF,Jump Linear,0,383.6
56de627a7992efb6d44a5865f1f14fb0,Input Validity,Lidar,Lidar Rate,10,382.66
56de627a7992efb6d44a5865f1f14fb0,Input Validity,Odometry,Odometry Rate,50,382.66
56de627a7992efb6d44a5865f1f14fb0,Input Validity,TF,TF Rate,10,382.66
56de627a7992efb6d44a5865f1f14fb0,Localization Stability,TF,Jump Angular,0,383.7
56de627a7992efb6d44a5865f1f14fb0,Localization Stability,TF,Jump Linear,0,383.7
56de627a7992efb6d44a5865f1f14fb0,Input Validity,Lidar,Lidar Rate,10,382.76
56de627a7992efb6d44a5865f1f14fb0,Input Validity,Odometry,Odometry Rate,50,382.76
56de627a7992efb6d44a5865f1f14fb0,Input Validity,TF,TF Rate,10,382.76
56de627a7992efb6d44a5865f1f14fb0,Localization Stability,TF,Jump Angular,0,383.8
56de627a7992efb6d44a5865f1f14fb0,Localization Stability,TF,Jump Linear,0,383.8
56de627a7992efb6d44a5865f1f14fb0,Input Validity,Lidar,Lidar Rate,10,382.86
56de627a7992efb6d44a5865f1f14fb0,Input Validity,Odometry,Odometry Rate,50,382.86
56de627a7992efb6d44a5865f1f14fb0,Input Validity,TF,TF Rate,10,382.86
56de627a7992efb6d44a5865f1f14fb0,Input Validity,Lidar,Lidar Rate,10,382.96
56de627a7992efb6d44a5865f1f14fb0,Input Validity,Odometry,Odometry Rate,50,382.96
56de627a7992efb6d44a5865f1f14fb0,Input Validity,TF,TF Rate,10,382.96
56de627a7992efb6d44a5865f1f14fb0,Localization Quality,AMCLPose,CovYawYaw,0.00385891,382.9
56de627a7992efb6d44a5865f1f14fb0,Localization Quality,AMCLPose,CovYY,0.00260244,382.9
56de627a7992efb6d44a5865f1f14fb0,Localization Quality,AMCLPose,CovXX,0.0066423,382.9
56de627a7992efb6d44a5865f1f14fb0,Localization Quality,AMCLPose,MeanYaw,-2.99559,382.9
56de627a7992efb6d44a5865f1f14fb0,Localization Quality,AMCLPose,MeanY,-2.35831,382.9
56de627a7992efb6d44a5865f1f14fb0,Localization Quality,AMCLPose,MeanX,-7.30349,382.9
56de627a7992efb6d44a5865f1f14fb0,Localization Stability,TF,Jump Angular,-0.0022438,383.9
56de627a7992efb6d44a5865f1f14fb0,Localization Stability,TF,Jump Linear,0.0708257,383.9
56de627a7992efb6d44a5865f1f14fb0,Localization Stability,TF,Jump Angular,0,384
56de627a7992efb6d44a5865f1f14fb0,Localization Stability,TF,Jump Linear,0,384
56de627a7992efb6d44a5865f1f14fb0,Input Validity,Lidar,Lidar Rate,10,383.06
56de627a7992efb6d44a5865f1f14fb0,Input Validity,Odometry,Odometry Rate,50,383.06
56de627a7992efb6d44a5865f1f14fb0,Input Validity,TF,TF Rate,10,383.06
56de627a7992efb6d44a5865f1f14fb0,Localization Stability,TF,Jump Angular,0,384.1
56de627a7992efb6d44a5865f1f14fb0,Localization Stability,TF,Jump Linear,0,384.1
56de627a7992efb6d44a5865f1f14fb0,Input Validity,Lidar,Lidar Rate,10,383.16
56de627a7992efb6d44a5865f1f14fb0,Input Validity,Odometry,Odometry Rate,50,383.16
56de627a7992efb6d44a5865f1f14fb0,Input Validity,TF,TF Rate,10,383.16
56de627a7992efb6d44a5865f1f14fb0,Localization Stability,TF,Jump Angular,0,384.2
56de627a7992efb6d44a5865f1f14fb0,Localization Stability,TF,Jump Linear,0,384.2
56de627a7992efb6d44a5865f1f14fb0,Input Validity,Lidar,Lidar Rate,10,383.26
56de627a7992efb6d44a5865f1f14fb0,Input Validity,Odometry,Odometry Rate,50,383.26
56de627a7992efb6d44a5865f1f14fb0,Input Validity,TF,TF Rate,10,383.26
56de627a7992efb6d44a5865f1f14fb0,Localization Stability,TF,Jump Angular,0,384.3
56de627a7992efb6d44a5865f1f14fb0,Localization Stability,TF,Jump Linear,0,384.3
56de627a7992efb6d44a5865f1f14fb0,Input Validity,Lidar,Lidar Rate,10,383.36
56de627a7992efb6d44a5865f1f14fb0,Input Validity,Odometry,Odometry Rate,50,383.36
56de627a7992efb6d44a5865f1f14fb0,Input Validity,TF,TF Rate,10,383.36
56de627a7992efb6d44a5865f1f14fb0,Localization Stability,TF,Jump Angular,0,384.4
56de627a7992efb6d44a5865f1f14fb0,Localization Stability,TF,Jump Linear,0,384.4
56de627a7992efb6d44a5865f1f14fb0,Input Validity,Lidar,Lidar Rate,10,383.46
56de627a7992efb6d44a5865f1f14fb0,Input Validity,Odometry,Odometry Rate,50,383.46
56de627a7992efb6d44a5865f1f14fb0,Input Validity,TF,TF Rate,10,383.46
56de627a7992efb6d44a5865f1f14fb0,Localization Stability,TF,Jump Angular,0,384.5
56de627a7992efb6d44a5865f1f14fb0,Localization Stability,TF,Jump Linear,0,384.5
56de627a7992efb6d44a5865f1f14fb0,Input Validity,Lidar,Lidar Rate,10,383.55
56de627a7992efb6d44a5865f1f14fb0,Input Validity,Odometry,Odometry Rate,50,383.55
56de627a7992efb6d44a5865f1f14fb0,Input Validity,TF,TF Rate,10,383.55
56de627a7992efb6d44a5865f1f14fb0,Input Validity,Lidar,Lidar Rate,10,383.65
56de627a7992efb6d44a5865f1f14fb0,Input Validity,Odometry,Odometry Rate,50,383.65
56de627a7992efb6d44a5865f1f14fb0,Input Validity,TF,TF Rate,10,383.65
56de627a7992efb6d44a5865f1f14fb0,Localization Stability,TF,Jump Angular,0,384.6
56de627a7992efb6d44a5865f1f14fb0,Localization Stability,TF,Jump Linear,0,384.6
56de627a7992efb6d44a5865f1f14fb0,Input Validity,Lidar,Lidar Rate,10,383.75
56de627a7992efb6d44a5865f1f14fb0,Input Validity,Odometry,Odometry Rate,50,383.75
56de627a7992efb6d44a5865f1f14fb0,Input Validity,TF,TF Rate,10,383.75
56de627a7992efb6d44a5865f1f14fb0,Localization Quality,AMCLPose,CovYawYaw,0.00338301,383.7
56de627a7992efb6d44a5865f1f14fb0,Localization Quality,AMCLPose,CovYY,0.00239877,383.7
56de627a7992efb6d44a5865f1f14fb0,Localization Quality,AMCLPose,CovXX,0.00540669,383.7
56de627a7992efb6d44a5865f1f14fb0,Localization Quality,AMCLPose,MeanYaw,-3.06561,383.7
56de627a7992efb6d44a5865f1f14fb0,Localization Quality,AMCLPose,MeanY,-2.36859,383.7
56de627a7992efb6d44a5865f1f14fb0,Localization Quality,AMCLPose,MeanX,-7.35847,383.7
56de627a7992efb6d44a5865f1f14fb0,Localization Stability,TF,Jump Angular,0.00297595,384.7
56de627a7992efb6d44a5865f1f14fb0,Localization Stability,TF,Jump Linear,0.0964414,384.7
56de627a7992efb6d44a5865f1f14fb0,Localization Recovery,TTR,Kidnap Angle,1.41292,383.79
56de627a7992efb6d44a5865f1f14fb0,Localization Recovery,TTR,Kidnap Distance,0.638903,383.79
56de627a7992efb6d44a5865f1f14fb0,Localization Recovery,TTR,TTR Outcome,1,383.79
56de627a7992efb6d44a5865f1f14fb0,Localization Recovery,TTR,TTR,12.63,383.79
56de627a7992efb6d44a5865f1f14fb0,Mission Outcome,Episode Event,Recoveries,0,383.79
56de627a7992efb6d44a5865f1f14fb0,Mission Outcome,Episode Event,Collisions,0,383.79
56de627a7992efb6d44a5865f1f14fb0,Mission Outcome,Episode Event,Navigation Time,41.01,383.79
56de627a7992efb6d44a5865f1f14fb0,Mission Outcome,Episode Event,Goal Result,1,383.79
56de627a7992efb6d44a5865f1f14fb0,Input Validity,AMCLPose,Pose Monotonicity,0,383.79
56de627a7992efb6d44a5865f1f14fb0,Input Validity,Lidar,Lidar Frame Mistmatch,0,383.79
56de627a7992efb6d44a5865f1f14fb0,Input Validity,Lidar,Lidar Monotonicity,0,383.79
56de627a7992efb6d44a5865f1f14fb0,Input Validity,Odometry,Odometry Frame Mismatch,0,383.79
56de627a7992efb6d44a5865f1f14fb0,Input Validity,Odometry,Odometry Monotonicity,0,383.79
56de627a7992efb6d44a5865f1f14fb0,Input Validity,TF,TF Gap Count,5,383.79
56de627a7992efb6d44a5865f1f14fb0,Input Validity,TF,TF Frame Drop,2049,383.79
56de627a7992efb6d44a5865f1f14fb0,Input Validity,TF,TF Monotonicity,0,383.79
56de627a7992efb6d44a5865f1f14fb0,map,3.18598,0.719225,-158.702,-7.425,-2.375,177.686,1,SUCCEEDED,3,41.01,342.78,383.79,0.0801497,0.12669,0.749313,0.0549753,0.00329241,0.0995574,0.0355169,727.571,3638,12.3876,25.9454,0.58602,0.429946,0,2050,0.892255
